ts,hour,census,l1,l2,l3,l4,l5,arrivals,waitBed,waitICU,D_board,vent,maxLOS_h,awt_curr_min,Na,cap_sum,OCCUPANCY,EDWIN,NEDOCS,READI,READI_BR,READI_PR,READI_AR
2021-04-01 00:00:00,0,31,2,6,20,3,0,11,14,2,16,2,15.683333333333334,164.0,3.0,6.66,77.5,1.3888888888888888,351.08561360347323,7.827908553715004,0.775,1.6516516516516515,3.225806451612903
2021-04-01 01:00:00,1,31,2,6,20,3,0,6,14,2,16,2,16.683333333333334,214.5,3.0,6.66,77.5,1.3888888888888888,356.7256136034732,5.406131938390002,0.775,0.9009009009009008,3.225806451612903
2021-04-01 02:00:00,2,30,2,7,16,4,1,4,15,1,16,1,17.683333333333334,274.5,3.0,6.66,75.0,1.3194444444444444,359.3523068017366,4.276901901901902,0.75,0.6006006006006006,3.1666666666666665
2021-04-01 03:00:00,3,32,3,7,16,6,0,3,15,2,17,2,18.683333333333334,319.0,3.0,6.66,80.0,1.4927536231884058,383.55061360347327,4.024887387387388,0.8,0.4504504504504504,3.21875
2021-04-01 04:00:00,4,29,3,5,18,3,0,2,15,2,17,2,19.683333333333334,379.0,3.0,6.66,72.5,1.3768115942028984,382.7556136034733,3.358742363052708,0.725,0.3003003003003003,3.2758620689655173
2021-04-01 05:00:00,5,28,3,3,19,3,0,4,15,1,16,1,20.683333333333334,454.5,3.0,6.66,70.0,1.25,371.9823068017366,4.18050193050193,0.7,0.6006006006006006,3.2142857142857144
2021-04-01 06:00:00,6,24,2,3,18,1,0,0,15,0,15,0,21.683333333333334,530.0,3.0,6.66,60.0,1.04,354.774,1.95,0.6,0.0,3.25
2021-04-01 07:00:00,7,24,2,3,18,1,0,2,15,0,15,0,22.683333333333334,590.0,3.0,6.66,60.0,1.04,360.414,2.925975975975976,0.6,0.3003003003003003,3.25
2021-04-01 08:00:00,8,27,3,3,19,2,0,4,16,1,17,1,23.683333333333334,619.0,3.0,6.77,67.5,1.2753623188405796,400.1573068017366,4.125707095574156,0.675,0.5908419497784343,3.259259259259259
2021-04-01 09:00:00,9,31,3,4,21,3,0,8,14,2,16,2,24.683333333333334,665.5,3.0,6.77,77.5,1.3888888888888888,401.8456136034732,6.31188354695764,0.775,1.1816838995568686,3.225806451612903
2021-04-01 10:00:00,10,33,2,6,23,2,0,7,13,3,16,3,25.683333333333334,693.0,4.0,10.02,82.5,1.1145833333333333,412.6439204052098,4.940166636424121,0.825,0.6986027944111777,3.242424242424242
2021-04-01 11:00:00,11,31,1,7,22,1,0,5,14,2,16,2,26.683333333333334,753.0,4.0,10.02,77.5,1.0520833333333333,413.1256136034732,4.150780696671174,0.775,0.499001996007984,3.2580645161290325
2021-04-01 12:00:00,12,31,1,10,19,1,0,9,15,2,17,2,27.683333333333334,754.0,4.0,10.02,77.5,1.1304347826086956,432.1656136034733,5.613328182344988,0.775,0.8982035928143713,3.3548387096774195
2021-04-01 13:00:00,13,33,1,11,20,1,0,6,17,2,19,2,28.683333333333334,226.0,4.0,10.02,82.5,1.3214285714285714,468.8956136034733,4.789153511159499,0.825,0.5988023952095809,3.363636363636364
2021-04-01 14:00:00,14,30,2,8,19,1,0,7,15,1,16,1,29.683333333333334,173.5,4.0,10.02,75.0,1.0520833333333333,427.0323068017366,4.876962741184299,0.75,0.6986027944111777,3.3666666666666667
2021-04-01 15:00:00,15,34,2,12,19,1,0,10,18,2,20,2,24.433333333333334,145.5,4.0,10.02,85.0,1.4625,460.4706136034732,6.359307854878479,0.85,0.998003992015968,3.4411764705882355
2021-04-01 16:00:00,16,33,1,13,18,1,0,3,16,3,19,3,20.066666666666663,184.0,4.0,10.02,82.5,1.3452380952380951,421.1659204052098,3.850222282707313,0.825,0.2994011976047904,3.4242424242424243
2021-04-01 17:00:00,17,35,0,10,24,1,0,8,15,2,17,2,21.066666666666663,192.0,4.0,10.02,87.5,1.2391304347826086,403.4276136034732,5.450513259195894,0.875,0.7984031936127745,3.257142857142857
2021-04-01 18:00:00,18,35,0,9,24,2,0,7,17,1,18,1,20.316666666666663,241.5,4.0,10.02,87.5,1.2727272727272727,411.72930680173664,5.035528942115769,0.875,0.6986027944111777,3.2
2021-04-01 19:00:00,19,33,0,8,25,0,0,12,12,1,13,1,21.316666666666663,278.0,4.0,10.02,82.5,0.9907407407407408,346.0793068017366,6.558142805298493,0.825,1.1976047904191618,3.242424242424242
2021-04-01 20:00:00,20,32,0,11,21,0,0,14,9,2,11,2,12.2,272.0,4.0,9.63,80.0,0.9224137931034484,266.58461360347326,7.536111111111111,0.8,1.453790238836968,3.34375
2021-04-01 21:00:00,21,25,0,9,16,0,0,7,6,1,7,1,9.266666666666667,211.0,4.0,9.63,62.5,0.6363636363636364,180.55730680173664,4.542367601246106,0.625,0.726895119418484,3.36
2021-04-01 22:00:00,22,18,1,8,9,0,0,6,4,2,6,2,8.983333333333333,127.0,3.0,6.38,45.0,0.6274509803921569,151.41261360347323,4.943782654127482,0.45,0.9404388714733544,3.555555555555556
2021-04-01 23:00:00,23,19,1,7,11,0,0,12,6,3,9,3,9.983333333333333,89.0,3.0,6.38,47.5,0.7096774193548387,200.26592040520984,8.183575317604356,0.475,1.8808777429467085,3.473684210526316
2021-04-02 00:00:00,0,18,0,10,7,1,0,5,6,2,8,2,10.983333333333333,116.5,3.0,6.38,45.0,0.65625,189.49261360347325,4.31794670846395,0.45,0.7836990595611285,3.5
2021-04-02 01:00:00,1,16,0,6,7,3,0,3,6,2,8,2,11.983333333333333,176.5,3.0,6.38,40.0,0.53125,190.84261360347324,2.7738244514106585,0.4,0.4702194357366771,3.1875
2021-04-02 02:00:00,2,14,0,5,9,0,0,4,6,1,7,1,12.983333333333333,191.0,3.0,6.38,35.0,0.4747474747474747,177.92430680173658,3.2797917599641737,0.35,0.6269592476489029,3.357142857142857
2021-04-02 03:00:00,3,10,0,5,5,0,0,0,5,1,6,1,13.983333333333333,296.5,3.0,6.38,25.0,0.3431372549019608,161.5843068017366,0.875,0.25,0.0,3.5
2021-04-02 04:00:00,4,13,0,5,8,0,0,3,6,1,7,1,14.983333333333333,311.0,3.0,6.38,32.5,0.4444444444444444,187.0593068017366,2.6915119363395226,0.325,0.4702194357366771,3.3846153846153846
2021-04-02 05:00:00,5,13,0,5,8,0,0,3,7,1,8,1,15.983333333333333,357.5,3.0,6.38,32.5,0.4583333333333333,206.09930680173665,2.6915119363395226,0.325,0.4702194357366771,3.3846153846153846
2021-04-02 06:00:00,6,16,0,5,11,0,0,3,9,1,10,1,16.983333333333334,278.0,3.0,6.38,40.0,0.5888888888888889,244.9743068017366,2.882601880877743,0.4,0.4702194357366771,3.3125
2021-04-02 07:00:00,7,12,0,5,7,0,0,0,9,0,9,0,17.983333333333334,201.0,3.0,6.38,30.0,0.4408602150537634,227.766,1.025,0.3,0.0,3.4166666666666665
2021-04-02 08:00:00,8,14,0,4,9,1,0,4,9,0,9,0,18.98333333333333,261.0,3.0,6.65,35.0,0.4838709677419355,237.69600000000003,3.058404940923738,0.35,0.6015037593984962,3.2142857142857144
2021-04-02 09:00:00,9,14,0,5,9,0,0,5,7,0,7,0,19.98333333333333,216.0,3.0,6.65,35.0,0.4747474747474747,216.536,3.699167561761546,0.35,0.7518796992481203,3.357142857142857
2021-04-02 10:00:00,10,20,0,8,12,0,0,10,9,1,10,1,20.98333333333333,72.5,4.0,10.35,50.0,0.5666666666666667,276.11430680173663,4.985024154589372,0.5,0.9661835748792268,3.4
2021-04-02 11:00:00,11,25,0,10,15,0,0,9,8,1,9,1,21.98333333333333,100.0,4.0,10.35,62.5,0.6854838709677419,279.0793068017366,5.081521739130435,0.625,0.8695652173913042,3.4
2021-04-02 12:00:00,12,27,1,13,13,0,0,9,11,1,12,1,7.083333333333333,132.5,4.0,10.35,67.5,0.8571428571428571,239.5333068017366,5.491787439613526,0.675,0.8695652173913042,3.555555555555556
2021-04-02 13:00:00,13,32,3,14,15,0,0,10,10,2,12,2,8.083333333333334,144.5,4.0,10.35,80.0,1.0357142857142858,256.7666136034733,6.402415458937198,0.8,0.9661835748792268,3.625
2021-04-02 14:00:00,14,26,3,12,11,0,0,4,8,2,10,2,5.733333333333333,161.5,4.0,10.35,65.0,0.8,203.84261360347324,3.8269788182831657,0.65,0.3864734299516907,3.692307692307693
2021-04-02 15:00:00,15,23,1,12,10,0,0,6,4,1,5,1,6.733333333333333,168.0,4.0,10.35,57.49999999999999,0.5928571428571429,135.1793068017366,4.166997479521108,0.575,0.5797101449275361,3.608695652173913
2021-04-02 16:00:00,16,27,1,14,12,0,0,9,4,3,7,3,7.733333333333333,59.0,4.0,10.35,67.5,0.7348484848484849,177.93592040520986,5.548993558776167,0.675,0.8695652173913042,3.592592592592593
2021-04-02 17:00:00,17,24,0,10,13,1,0,7,3,1,4,1,8.733333333333333,112.5,4.0,10.35,60.0,0.5625,135.2043068017366,4.307608695652174,0.6,0.6763285024154588,3.375
2021-04-02 18:00:00,18,20,0,7,11,2,0,5,4,1,5,1,9.733333333333333,148.0,4.0,10.35,50.0,0.4642857142857143,145.6643068017366,3.195048309178744,0.5,0.4830917874396134,3.25
2021-04-02 19:00:00,19,20,0,5,14,1,0,8,8,1,9,1,10.733333333333333,44.0,4.0,10.35,50.0,0.5161290322580645,204.90430680173665,4.073429951690821,0.5,0.7729468599033815,3.2
2021-04-02 20:00:00,20,20,0,5,13,2,0,6,8,1,9,1,11.733333333333333,91.0,4.0,10.38,50.0,0.5080645161290323,210.5443068017366,3.395809248554913,0.5,0.5780346820809249,3.15
2021-04-02 21:00:00,21,20,0,3,14,2,1,9,7,0,7,0,12.733333333333333,102.0,4.0,10.38,50.0,0.4469696969696969,188.516,4.032803468208093,0.5,0.8670520231213874,2.95
2021-04-02 22:00:00,22,19,0,2,14,2,1,7,6,1,7,1,13.733333333333333,84.0,3.0,6.68,47.5,0.5555555555555556,192.8793068017366,4.408406870469587,0.475,1.0479041916167666,2.8947368421052637
2021-04-02 23:00:00,23,22,0,3,13,5,1,10,7,1,8,1,14.733333333333333,110.0,3.0,6.68,55.00000000000001,0.6458333333333334,218.35430680173664,5.768835057158411,0.55,1.497005988023952,2.8181818181818183
2021-04-03 00:00:00,0,19,0,2,14,2,1,5,8,0,8,0,15.733333333333333,153.5,3.0,6.68,47.5,0.5729166666666666,216.691,3.541719193192563,0.475,0.7485029940119761,2.8947368421052637
2021-04-03 01:00:00,1,18,0,3,12,2,1,4,7,0,7,0,16.733333333333334,244.0,3.0,6.68,45.0,0.5353535353535354,206.786,3.088140385894877,0.45,0.5988023952095809,2.9444444444444446
2021-04-03 02:00:00,2,17,0,3,12,1,1,3,8,0,8,0,17.733333333333334,273.5,3.0,6.68,42.5,0.53125,223.681,2.622305389221557,0.425,0.4491017964071856,3.0
2021-04-03 03:00:00,3,15,0,2,12,0,1,3,8,0,8,0,18.73333333333333,333.5,3.0,6.68,37.5,0.46875,225.031,2.472305389221557,0.375,0.4491017964071856,3.0
2021-04-03 04:00:00,4,18,0,3,14,0,1,3,9,0,9,0,19.73333333333333,363.0,3.0,6.68,45.0,0.5913978494623656,250.506,2.7472554890219563,0.45,0.4491017964071856,3.055555555555556
2021-04-03 05:00:00,5,18,0,3,13,1,1,1,9,0,9,0,20.73333333333333,423.0,3.0,6.68,45.0,0.5806451612903226,256.146,1.7991017964071858,0.45,0.1497005988023952,3.0
2021-04-03 06:00:00,6,20,0,4,14,1,1,4,9,0,9,0,21.73333333333333,483.0,3.0,6.68,50.0,0.6559139784946236,266.076,3.351347305389221,0.5,0.5988023952095809,3.05
2021-04-03 07:00:00,7,20,1,4,13,1,1,2,11,0,11,0,22.73333333333333,525.0,3.0,6.68,50.0,0.7241379310344828,298.516,2.5181137724550897,0.5,0.2994011976047904,3.15
2021-04-03 08:00:00,8,28,1,6,18,2,1,10,14,1,15,1,23.73333333333333,400.0,3.0,6.6,70.0,1.1733333333333331,375.7843068017366,6.961904761904761,0.7,1.5151515151515151,3.142857142857143
2021-04-03 09:00:00,9,31,1,5,21,3,1,8,10,1,11,1,24.73333333333333,165.0,3.0,6.6,77.5,1.091954022988506,334.25930680173667,6.089565004887586,0.775,1.2121212121212122,3.064516129032258
2021-04-03 10:00:00,10,27,1,3,18,4,1,8,9,0,9,0,25.73333333333333,225.0,4.0,9.92,67.5,0.6451612903225806,303.651,4.389486260454002,0.675,0.8064516129032259,2.962962962962963
2021-04-03 11:00:00,11,24,0,6,13,5,0,10,9,0,9,0,15.7,97.0,4.0,9.92,60.0,0.5887096774193549,240.628,4.891196236559139,0.6,1.0080645161290325,3.0416666666666665
2021-04-03 12:00:00,12,20,0,5,12,3,0,7,8,0,8,0,5.216666666666667,92.5,4.0,9.92,50.0,0.484375,159.522,3.7375,0.5,0.7056451612903226,3.1
2021-04-03 13:00:00,13,26,0,5,18,3,0,12,7,0,7,0,6.216666666666667,135.0,4.0,9.92,65.0,0.6060606060606061,164.632,5.7220843672456585,0.65,1.2096774193548387,3.076923076923077
2021-04-03 14:00:00,14,24,0,4,16,4,0,9,5,0,5,0,7.216666666666667,195.0,4.0,9.92,60.0,0.5142857142857142,139.182,4.521774193548387,0.6,0.907258064516129,3.0
2021-04-03 15:00:00,15,28,1,8,16,3,0,12,9,0,9,0,8.216666666666667,57.0,4.0,9.92,70.0,0.7338709677419355,207.002,6.2064516129032254,0.7,1.2096774193548387,3.25
2021-04-03 16:00:00,16,26,1,9,15,1,0,6,10,0,10,0,9.216666666666669,105.0,4.0,9.92,65.0,0.7333333333333333,221.752,4.247146401985112,0.65,0.6048387096774194,3.3846153846153846
2021-04-03 17:00:00,17,25,1,8,12,4,0,10,11,1,12,1,9.033333333333331,63.5,4.0,9.92,62.5,0.7232142857142857,246.24130680173664,5.291129032258064,0.625,1.0080645161290325,3.24
2021-04-03 18:00:00,18,23,1,4,15,3,0,7,11,0,11,0,10.033333333333331,113.0,4.0,9.92,57.49999999999999,0.6206896551724138,233.323,4.008976157082749,0.575,0.7056451612903226,3.130434782608696
2021-04-03 19:00:00,19,19,1,5,12,1,0,4,7,1,8,1,11.033333333333331,197.0,4.0,9.92,47.5,0.4921875,191.0513068017366,2.912011884550085,0.475,0.4032258064516129,3.3157894736842106
2021-04-03 20:00:00,20,21,1,4,15,1,0,10,8,1,9,1,12.033333333333331,209.0,4.0,11.38,52.5,0.5483870967741935,214.38130680173663,4.54542639551427,0.525,0.8787346221441126,3.238095238095238
2021-04-03 21:00:00,21,21,1,5,13,2,0,6,8,1,9,1,13.033333333333331,151.0,4.0,11.38,52.5,0.5483870967741935,220.0213068017366,3.4072558373085617,0.525,0.5272407732864676,3.238095238095238
2021-04-03 22:00:00,22,19,1,3,12,3,0,4,6,1,7,1,14.033333333333331,160.0,3.0,8.059999999999999,47.5,0.5959595959595959,194.5713068017366,3.016073527491185,0.475,0.4962779156327544,3.1052631578947367
2021-04-03 23:00:00,23,14,1,1,11,1,0,4,3,2,5,2,15.033333333333331,114.0,3.0,8.059999999999999,35.0,0.419047619047619,163.55461360347323,2.659730591988657,0.35,0.4962779156327544,3.142857142857143
2021-04-04 00:00:00,0,15,1,2,10,2,0,6,3,3,6,3,16.033333333333335,71.0,3.0,8.059999999999999,37.5,0.4607843137254901,185.60792040520985,3.507506203473946,0.375,0.7444168734491317,3.1333333333333333
2021-04-04 01:00:00,1,15,0,1,12,2,0,6,3,1,4,1,17.033333333333335,84.0,3.0,8.059999999999999,37.5,0.4074074074074074,162.7113068017366,3.28362282878412,0.375,0.7444168734491317,2.933333333333333
2021-04-04 02:00:00,2,14,1,1,10,2,0,5,3,1,4,1,18.03333333333333,144.0,3.0,8.059999999999999,35.0,0.3981481481481481,166.20630680173662,2.980352711804325,0.35,0.620347394540943,3.071428571428572
2021-04-04 03:00:00,3,16,2,1,12,1,0,6,5,0,5,0,19.03333333333333,155.0,3.0,8.059999999999999,40.0,0.4952380952380952,188.668,3.719354838709678,0.4,0.7444168734491317,3.25
2021-04-04 04:00:00,4,18,2,2,13,1,0,6,6,0,6,0,20.03333333333333,162.0,3.0,8.059999999999999,45.0,0.5784313725490197,211.998,3.915033085194376,0.45,0.7444168734491317,3.2777777777777777
2021-04-04 05:00:00,5,20,2,3,14,1,0,7,6,1,7,1,21.03333333333333,169.0,3.0,8.059999999999999,50.0,0.6666666666666666,236.19630680173665,4.516004962779156,0.5,0.8684863523573202,3.3
2021-04-04 06:00:00,6,19,3,2,13,1,0,4,6,1,7,1,8.9,229.0,3.0,8.059999999999999,47.5,0.6464646464646465,165.6193068017366,3.2716729789734886,0.475,0.4962779156327544,3.3684210526315788
2021-04-04 07:00:00,7,21,1,3,16,1,0,8,7,1,8,1,9.9,230.0,3.0,8.059999999999999,52.5,0.6979166666666666,188.9493068017366,4.841725747370909,0.525,0.9925558312655088,3.1904761904761907
2021-04-04 08:00:00,8,19,1,4,14,0,0,5,7,1,8,1,10.9,290.0,3.0,7.76,47.5,0.65625,190.2993068017366,3.711462289744981,0.475,0.6443298969072165,3.3157894736842106
2021-04-04 09:00:00,9,15,1,3,10,1,0,6,4,1,5,1,8.583333333333334,291.0,3.0,7.76,37.5,0.4666666666666667,128.4533068017366,3.750773195876288,0.375,0.7731958762886598,3.2666666666666666
2021-04-04 10:00:00,10,19,1,3,14,0,1,13,4,1,5,1,9.583333333333334,335.0,4.0,11.01,47.5,0.4285714285714285,142.6733068017366,5.2286677183421775,0.475,1.1807447774750228,3.1578947368421053
2021-04-04 11:00:00,11,18,1,2,14,0,1,8,4,1,5,1,10.583333333333334,395.0,4.0,11.01,45.0,0.4,146.1683068017366,3.6605711979008975,0.45,0.7266121707538601,3.111111111111111
2021-04-04 12:00:00,12,15,1,2,12,0,0,4,4,1,5,1,11.583333333333334,429.0,4.0,11.01,37.5,0.35,145.3733068017366,2.4117998788979715,0.375,0.36330608537693,3.2666666666666666
2021-04-04 13:00:00,13,15,1,3,11,0,0,6,4,1,5,1,11.383333333333333,82.0,4.0,11.01,37.5,0.3571428571428571,144.2453068017366,3.0665304268846505,0.375,0.5449591280653951,3.333333333333333
2021-04-04 14:00:00,14,17,1,3,11,2,0,9,3,2,5,2,12.383333333333333,98.0,4.0,11.01,42.5,0.3857142857142857,155.0436136034732,3.946569963135117,0.425,0.8174386920980926,3.176470588235294
2021-04-04 15:00:00,15,21,1,2,16,2,0,12,4,1,5,1,13.383333333333333,65.0,4.0,11.01,52.5,0.4642857142857143,168.3953068017366,4.998556507071494,0.525,1.0899182561307903,3.095238095238096
2021-04-04 16:00:00,16,17,1,0,15,1,0,9,6,0,6,0,14.383333333333333,63.0,4.0,11.01,42.5,0.3823529411764705,177.987,3.800400705241224,0.425,0.8174386920980926,3.0588235294117645
2021-04-04 17:00:00,17,16,2,1,13,0,0,6,6,0,6,0,15.383333333333333,65.0,4.0,11.01,40.0,0.3897058823529412,181.482,3.130177111716621,0.4,0.5449591280653951,3.3125
2021-04-04 18:00:00,18,14,1,2,11,0,0,5,6,0,6,0,4.4,119.5,4.0,11.01,35.0,0.3382352941176471,115.246,2.642149993512391,0.35,0.4541326067211625,3.2857142857142856
2021-04-04 19:00:00,19,19,1,2,15,1,0,9,10,0,10,0,5.4,115.5,4.0,11.01,47.5,0.5,185.211,4.081385343467661,0.475,0.8174386920980926,3.1578947368421053
2021-04-04 20:00:00,20,16,1,2,13,0,0,4,8,0,8,0,6.4,95.0,4.0,11.31,40.0,0.40625,157.616,2.449425287356322,0.4,0.3536693191865606,3.25
2021-04-04 21:00:00,21,21,1,2,18,0,0,9,6,1,7,1,7.4,154.0,4.0,11.31,52.5,0.5075757575757576,161.4493068017366,4.213840469874953,0.525,0.7957559681697614,3.1904761904761907
2021-04-04 22:00:00,22,23,1,3,18,1,0,11,4,1,5,1,6.866666666666666,196.0,3.0,8.059999999999999,57.49999999999999,0.6952380952380952,135.93130680173658,6.156643111446758,0.575,1.3647642679900749,3.1739130434782608
2021-04-04 23:00:00,23,27,1,3,22,1,0,12,6,1,7,1,6.95,240.0,3.0,8.059999999999999,67.5,0.8585858585858586,171.78130680173663,6.812069203198238,0.675,1.4888337468982633,3.1481481481481484
2021-04-05 00:00:00,0,24,2,3,19,0,0,7,6,2,8,2,7.95,259.0,3.0,8.059999999999999,60.0,0.8229166666666666,185.2546136034732,4.833767576509512,0.6,0.8684863523573202,3.2916666666666665
2021-04-05 01:00:00,1,18,2,2,14,0,0,2,6,1,7,1,8.95,360.0,3.0,8.059999999999999,45.0,0.6060606060606061,163.75630680173663,2.327129859387924,0.45,0.2481389578163772,3.333333333333333
2021-04-05 02:00:00,2,15,1,3,11,0,0,3,6,1,7,1,9.95,420.0,3.0,8.059999999999999,37.5,0.5050505050505051,162.9613068017366,2.490694789081886,0.375,0.3722084367245658,3.333333333333333
2021-04-05 03:00:00,3,15,1,2,12,0,0,4,7,1,8,1,10.95,388.5,3.0,8.059999999999999,37.5,0.5104166666666666,182.00130680173663,2.8461745244003307,0.375,0.4962779156327544,3.2666666666666666
2021-04-05 04:00:00,4,16,1,2,12,1,0,2,8,1,9,1,11.95,357.0,3.0,8.059999999999999,40.0,0.5483870967741935,203.1863068017366,2.065942928039702,0.4,0.2481389578163772,3.1875
2021-04-05 05:00:00,5,16,1,2,13,0,0,3,9,0,9,0,12.95,417.0,3.0,8.059999999999999,40.0,0.5591397849462365,207.95800000000003,2.509677419354839,0.4,0.3722084367245658,3.25
2021-04-05 06:00:00,6,17,2,4,11,0,0,3,9,1,10,1,13.95,459.5,3.0,8.059999999999999,42.5,0.6555555555555556,230.01130680173665,2.766782221573493,0.425,0.3722084367245658,3.4705882352941178
2021-04-05 07:00:00,7,17,1,2,12,2,0,7,10,1,11,1,14.95,502.0,3.0,8.059999999999999,42.5,0.6091954022988506,249.0513068017366,4.032633922055174,0.425,0.8684863523573202,3.117647058823529
2021-04-05 08:00:00,8,21,1,1,17,2,0,7,13,1,14,1,15.95,313.5,3.0,6.74,52.5,0.8205128205128205,303.4713068017366,4.765182987141444,0.525,1.0385756676557862,3.0476190476190474
2021-04-05 09:00:00,9,18,1,0,15,2,0,4,12,1,13,1,16.95,162.0,3.0,6.74,45.0,0.6666666666666666,289.2763068017366,3.130415430267062,0.45,0.5934718100890207,3.0
2021-04-05 10:00:00,10,20,1,1,16,2,0,7,11,1,12,1,17.95,183.0,4.0,10.2,50.0,0.5446428571428571,285.80630680173664,3.618137254901961,0.5,0.6862745098039216,3.05
2021-04-05 11:00:00,11,19,1,1,14,3,0,9,7,1,8,1,18.95,240.5,4.0,10.2,47.5,0.4453125,235.7013068017366,4.072058823529412,0.475,0.8823529411764707,3.0
2021-04-05 12:00:00,12,21,1,3,15,2,0,9,9,1,10,1,19.95,204.0,4.0,10.2,52.5,0.55,272.4313068017366,4.423109243697479,0.525,0.8823529411764707,3.142857142857143
2021-04-05 13:00:00,13,18,1,3,13,1,0,4,8,0,8,0,20.95,179.0,4.0,10.2,45.0,0.453125,243.968,2.713616557734205,0.45,0.3921568627450981,3.2222222222222223
2021-04-05 14:00:00,14,24,1,5,16,2,0,10,8,2,10,2,21.95,178.5,4.0,10.2,60.0,0.6416666666666667,291.0146136034732,5.070424836601308,0.6,0.9803921568627452,3.208333333333333
2021-04-05 15:00:00,15,29,2,4,22,1,0,12,7,3,10,3,22.95,84.0,4.0,10.2,72.5,0.7833333333333333,308.2479204052098,6.163387423935091,0.725,1.1764705882352942,3.2413793103448274
2021-04-05 16:00:00,16,31,1,5,21,4,0,11,8,3,11,3,9.7,88.0,4.0,10.2,77.5,0.8275862068965517,251.20792040520985,5.73965844402277,0.775,1.0784313725490198,3.096774193548387
2021-04-05 17:00:00,17,20,1,2,16,1,0,6,7,2,9,2,10.7,126.0,4.0,10.2,50.0,0.5080645161290323,205.58461360347323,3.4279411764705885,0.5,0.5882352941176471,3.15
2021-04-05 18:00:00,18,20,0,3,15,2,0,6,8,2,10,2,11.7,153.5,4.0,10.2,50.0,0.5083333333333333,224.6246136034732,3.319117647058824,0.5,0.5882352941176471,3.05
2021-04-05 19:00:00,19,21,0,2,17,2,0,6,7,1,8,1,9.2,192.5,4.0,10.2,52.5,0.4921875,185.00130680173663,3.3397058823529413,0.525,0.5882352941176471,3.0
2021-04-05 20:00:00,20,18,1,1,15,1,0,7,4,0,4,0,10.2,167.0,4.0,11.22,45.0,0.3888888888888889,129.738,3.340978411566647,0.45,0.6238859180035651,3.111111111111111
2021-04-05 21:00:00,21,22,1,3,15,3,0,11,4,0,4,0,6.4,149.0,4.0,11.22,55.00000000000001,0.4722222222222222,116.886,4.730303030303031,0.55,0.9803921568627452,3.090909090909091
2021-04-05 22:00:00,22,21,1,2,16,2,0,9,4,0,4,0,6.883333333333334,105.5,3.0,7.76,52.5,0.6018518518518519,117.467,5.2148379970544925,0.525,1.1597938144329898,3.095238095238096
2021-04-05 23:00:00,23,18,1,1,14,2,0,9,3,1,4,1,7.883333333333334,165.5,3.0,7.76,45.0,0.5092592592592593,117.54030680173662,4.918814432989691,0.45,1.1597938144329898,3.055555555555556
2021-04-06 00:00:00,0,17,1,2,11,3,0,5,3,3,6,3,8.883333333333333,129.0,3.0,7.76,42.5,0.5098039215686274,149.57192040520985,3.27089144936325,0.425,0.6443298969072165,3.0588235294117645
2021-04-06 01:00:00,1,16,1,2,10,3,0,6,4,3,7,3,9.883333333333333,149.0,3.0,7.76,40.0,0.494949494949495,166.46692040520983,3.592912371134021,0.4,0.7731958762886598,3.0625
2021-04-06 02:00:00,2,18,1,2,12,3,0,8,5,2,7,2,10.883333333333333,163.0,3.0,7.76,45.0,0.5555555555555556,175.52861360347322,4.525057273768614,0.45,1.0309278350515465,3.055555555555556
2021-04-06 03:00:00,3,20,2,3,12,3,0,5,6,2,8,2,11.883333333333333,114.5,3.0,7.76,50.0,0.6666666666666666,198.8586136034732,3.6618556701030927,0.5,0.6443298969072165,3.2
2021-04-06 04:00:00,4,20,2,3,13,2,0,2,7,2,9,2,12.883333333333333,168.0,3.0,7.76,50.0,0.6989247311827957,217.8986136034732,2.462628865979381,0.5,0.2577319587628866,3.25
2021-04-06 05:00:00,5,18,1,3,12,2,0,0,7,1,8,1,13.883333333333333,234.5,3.0,7.76,45.0,0.59375,204.98030680173665,1.425,0.45,0.0,3.1666666666666665
2021-04-06 06:00:00,6,16,1,3,9,3,0,2,7,1,8,1,14.883333333333333,294.5,3.0,7.76,40.0,0.5208333333333334,206.33030680173664,2.055412371134021,0.4,0.2577319587628866,3.125
2021-04-06 07:00:00,7,15,1,2,9,3,0,1,7,1,8,1,15.883333333333333,354.5,3.0,7.76,37.5,0.4791666666666667,209.82530680173664,1.5451890034364262,0.375,0.1288659793814433,3.066666666666667
2021-04-06 08:00:00,8,19,1,3,12,3,0,6,8,1,9,1,16.883333333333333,408.0,3.0,6.66,47.5,0.6344086021505376,237.4453068017366,4.272534376481745,0.475,0.9009009009009008,3.1052631578947367
2021-04-06 09:00:00,9,17,1,2,11,3,0,1,6,0,6,0,17.883333333333333,424.5,3.0,6.66,42.5,0.5098039215686274,197.727,1.7592828122239883,0.425,0.1501501501501501,3.0588235294117645
2021-04-06 10:00:00,10,23,1,4,17,1,0,13,8,0,8,0,18.883333333333333,42.0,4.0,9.91,57.49999999999999,0.578125,243.037,6.070594042030447,0.575,1.3118062563067607,3.217391304347826
2021-04-06 11:00:00,11,22,1,4,16,1,0,4,7,0,7,0,19.883333333333333,92.0,4.0,9.91,55.00000000000001,0.5378787878787878,233.132,3.0776327859829373,0.55,0.4036326942482341,3.227272727272727
2021-04-06 12:00:00,12,24,1,4,18,1,0,7,9,0,9,0,20.883333333333333,147.0,4.0,9.91,60.0,0.6209677419354839,269.862,4.191229397914564,0.6,0.7063572149344097,3.208333333333333
2021-04-06 13:00:00,13,28,1,6,19,2,0,7,9,1,10,1,21.883333333333333,194.5,4.0,9.91,70.0,0.75,298.35030680173656,4.520433905146317,0.7,0.7063572149344097,3.2142857142857144
2021-04-06 14:00:00,14,24,1,7,15,1,0,5,10,1,11,1,22.883333333333333,166.0,4.0,9.91,60.0,0.6896551724137931,308.8103068017366,3.681802892700976,0.6,0.5045408678102926,3.333333333333333
2021-04-06 15:00:00,15,24,1,5,17,1,0,7,10,1,11,1,23.883333333333333,77.0,4.0,9.91,60.0,0.6724137931034483,314.4503068017366,4.245660948536831,0.6,0.7063572149344097,3.25
2021-04-06 16:00:00,16,26,1,5,20,0,0,9,10,1,11,1,6.45,134.0,4.0,9.91,65.0,0.7327586206896551,220.4163068017366,5.0940289528836455,0.65,0.9081735620585268,3.269230769230769
2021-04-06 17:00:00,17,24,1,5,18,0,0,6,9,3,12,3,7.45,174.0,4.0,9.91,60.0,0.7053571428571429,236.90292040520984,3.967936427850656,0.6,0.6054490413723511,3.2916666666666665
2021-04-06 18:00:00,18,25,2,5,18,0,0,5,8,4,12,4,8.45,213.5,4.0,9.91,62.5,0.75,245.5562272069465,3.795257315842583,0.625,0.5045408678102926,3.36
2021-04-06 19:00:00,19,28,2,7,18,0,1,9,11,3,14,3,9.45,240.0,4.0,9.91,70.0,0.8942307692307693,283.5629204052098,5.34143361683725,0.7,0.9081735620585268,3.321428571428572
2021-04-06 20:00:00,20,23,1,8,14,0,0,4,8,2,10,2,9.966666666666669,178.5,4.0,9.82,57.49999999999999,0.6583333333333333,221.2836136034732,3.37409678561941,0.575,0.4073319755600814,3.4347826086956523
2021-04-06 21:00:00,21,25,2,8,13,2,0,7,8,3,11,3,10.966666666666669,175.0,4.0,9.82,62.5,0.7327586206896551,245.48192040520985,4.548625254582484,0.625,0.7128309572301426,3.4
2021-04-06 22:00:00,22,26,2,7,15,2,0,8,7,3,10,3,8.0,172.5,3.0,6.57,65.0,0.9666666666666668,217.49492040520985,6.249464348436951,0.65,1.21765601217656,3.3461538461538463
2021-04-06 23:00:00,23,23,0,7,14,2,0,7,6,1,7,1,9.0,222.0,3.0,6.57,57.49999999999999,0.7474747474747475,174.7633068017366,5.277966382105751,0.575,1.06544901065449,3.217391304347826
2021-04-07 00:00:00,0,23,0,5,16,2,0,7,7,0,7,0,10.0,282.0,3.0,6.57,57.49999999999999,0.7272727272727273,179.535,5.135318642048839,0.575,1.06544901065449,3.130434782608696
2021-04-07 01:00:00,1,23,0,5,16,2,0,4,7,0,7,0,11.0,342.0,3.0,6.57,57.49999999999999,0.7272727272727273,185.175,3.7058963668850495,0.575,0.60882800608828,3.130434782608696
2021-04-07 02:00:00,2,22,0,5,15,2,0,3,8,0,8,0,12.0,358.5,3.0,6.57,55.00000000000001,0.71875,202.07,3.157129514321295,0.55,0.45662100456621,3.136363636363636
2021-04-07 03:00:00,3,22,0,6,14,2,0,2,8,1,9,1,13.0,375.0,3.0,6.57,55.00000000000001,0.7526881720430108,221.9783068017366,2.7185900096859,0.55,0.30441400304414,3.1818181818181817
2021-04-07 04:00:00,4,22,0,7,13,2,0,2,8,1,9,1,14.0,435.0,3.0,6.57,55.00000000000001,0.7634408602150538,227.6183068017366,2.75742700982427,0.55,0.30441400304414,3.227272727272727
2021-04-07 05:00:00,5,23,0,8,13,2,0,2,8,0,8,0,15.0,538.5,3.0,6.57,57.49999999999999,0.78125,221.135,2.86765435775263,0.575,0.30441400304414,3.260869565217391
2021-04-07 06:00:00,6,23,0,8,13,2,0,1,8,0,8,0,16.0,598.5,3.0,6.57,57.49999999999999,0.78125,226.775,2.371327178876315,0.575,0.15220700152207,3.260869565217391
2021-04-07 07:00:00,7,24,1,8,13,2,0,3,8,1,9,1,17.0,615.0,3.0,6.57,60.0,0.8602150537634409,248.82830680173663,3.5220700152207,0.6,0.45662100456621,3.333333333333333
2021-04-07 08:00:00,8,24,1,8,13,2,0,4,8,1,9,1,18.0,675.0,3.0,8.059999999999999,60.0,0.8602150537634409,254.46830680173665,3.654259718775848,0.6,0.4962779156327544,3.333333333333333
2021-04-07 09:00:00,9,23,1,9,11,2,0,8,8,2,10,2,18.933333333333334,499.0,3.0,8.059999999999999,57.49999999999999,0.8666666666666667,271.8556136034732,5.3160589060308565,0.575,0.9925558312655088,3.391304347826087
2021-04-07 10:00:00,10,24,0,12,11,1,0,6,10,1,11,1,19.933333333333334,505.0,4.0,11.31,60.0,0.7155172413793104,292.1723068017366,3.9096595932802822,0.6,0.5305039787798409,3.458333333333333
2021-04-07 11:00:00,11,25,2,10,13,0,0,6,12,3,15,3,20.933333333333334,156.0,4.0,11.31,62.5,0.89,355.29392040520986,4.1135941644562335,0.625,0.5305039787798409,3.56
2021-04-07 12:00:00,12,28,2,10,16,0,0,6,11,3,14,3,21.933333333333334,173.5,4.0,11.31,70.0,0.9423076923076924,353.9689204052098,4.306763925729443,0.7,0.5305039787798409,3.5
2021-04-07 13:00:00,13,31,2,14,14,1,0,8,13,4,17,4,22.933333333333334,163.0,4.0,11.31,77.5,1.1956521739130437,407.1122272069464,5.25991129745301,0.775,0.7073386383731212,3.548387096774193
2021-04-07 14:00:00,14,34,1,15,18,0,0,9,15,3,18,3,19.05,206.5,4.0,11.31,85.0,1.3522727272727273,404.1769204052098,5.760145888594165,0.85,0.7957559681697614,3.5
2021-04-07 15:00:00,15,35,1,15,19,0,0,8,16,4,20,4,19.766666666666666,188.5,4.0,11.31,87.5,1.525,438.0322272069464,5.51558039661488,0.875,0.7073386383731212,3.4857142857142858
2021-04-07 16:00:00,16,31,2,12,17,0,0,5,14,4,18,4,20.766666666666666,181.5,4.0,11.31,77.5,1.2386363636363635,408.2922272069465,4.279433701263513,0.775,0.4420866489832007,3.5161290322580645
2021-04-07 17:00:00,17,31,1,12,18,0,0,7,17,4,21,4,21.766666666666666,164.0,4.0,11.31,77.5,1.4078947368421053,454.1322272069465,4.811276774763983,0.775,0.6189213085764811,3.4516129032258065
2021-04-07 18:00:00,18,27,1,11,15,0,0,3,15,4,19,4,22.766666666666666,197.0,4.0,11.31,67.5,1.119047619047619,424.3922272069465,3.2734698889871305,0.675,0.2652519893899204,3.4814814814814814
2021-04-07 19:00:00,19,30,1,12,17,0,0,11,15,4,19,4,23.766666666666666,209.0,4.0,11.31,75.0,1.238095238095238,436.4672272069464,5.971647509578545,0.75,0.9725906277630416,3.466666666666667
2021-04-07 20:00:00,20,36,1,10,25,0,0,13,15,4,19,4,11.3,193.0,4.0,10.93,90.0,1.4285714285714286,379.0252272069464,6.964623360780726,0.9,1.1893870082342175,3.333333333333333
2021-04-07 21:00:00,21,35,1,7,27,0,0,10,8,5,13,5,12.3,253.0,4.0,10.93,87.5,1.0555555555555556,302.9885340086831,5.830002614037381,0.875,0.9149130832570906,3.257142857142857
2021-04-07 22:00:00,22,21,0,4,17,0,0,4,4,3,7,3,10.183333333333334,302.0,3.0,7.68,52.5,0.6767676767676768,178.88392040520984,3.3367063492063496,0.525,0.5208333333333334,3.1904761904761907
2021-04-07 23:00:00,23,18,0,4,14,0,0,4,4,3,7,3,11.183333333333334,362.0,3.0,7.68,45.0,0.5858585858585859,178.08892040520982,3.128240740740741,0.45,0.5208333333333334,3.2222222222222223
2021-04-08 00:00:00,0,14,0,3,11,0,0,3,5,2,7,2,12.183333333333334,422.0,3.0,7.68,35.0,0.4545454545454545,174.28061360347323,2.380580357142857,0.35,0.390625,3.2142857142857144
2021-04-08 01:00:00,1,19,0,5,12,2,0,8,6,3,9,3,13.183333333333334,453.0,3.0,7.68,47.5,0.6451612903225806,218.31392040520984,4.789473684210527,0.475,1.0416666666666667,3.1578947368421053
2021-04-08 02:00:00,2,22,0,6,15,1,0,6,7,3,10,3,14.183333333333334,298.5,3.0,7.68,55.00000000000001,0.7888888888888889,243.78892040520984,4.296306818181818,0.55,0.78125,3.227272727272727
2021-04-08 03:00:00,3,22,1,6,14,1,0,5,7,4,11,4,15.183333333333334,185.0,3.0,7.68,55.00000000000001,0.8390804597701149,263.6972272069465,3.9852746212121217,0.55,0.6510416666666667,3.3181818181818183
2021-04-08 04:00:00,4,25,1,5,16,3,0,6,8,4,12,4,16.183333333333334,225.0,3.0,7.68,62.5,0.9404761904761904,289.17222720694645,4.4437500000000005,0.625,0.78125,3.16
2021-04-08 05:00:00,5,24,1,5,17,1,0,2,9,4,13,4,17.183333333333334,265.0,3.0,7.68,60.0,0.9629629629629628,306.0672272069465,2.7963541666666663,0.6,0.2604166666666667,3.25
2021-04-08 06:00:00,6,23,1,5,16,1,0,2,9,4,13,4,18.183333333333334,325.0,3.0,7.68,57.49999999999999,0.925925925925926,309.56222720694643,2.724184782608696,0.575,0.2604166666666667,3.260869565217391
2021-04-08 07:00:00,7,27,1,3,22,1,0,7,11,3,14,3,19.183333333333334,380.0,3.0,7.68,67.5,1.0897435897435896,336.31392040520984,4.994405864197531,0.675,0.9114583333333334,3.1481481481481484
2021-04-08 08:00:00,8,30,1,3,24,2,0,4,11,3,14,3,20.183333333333334,440.0,3.0,8.059999999999999,75.0,1.1923076923076923,348.38892040520983,3.8634615384615385,0.75,0.4962779156327544,3.1
2021-04-08 09:00:00,9,29,1,3,23,2,0,2,11,3,14,3,21.183333333333334,500.0,3.0,8.059999999999999,72.5,1.1538461538461535,351.88392040520984,3.0200864208094464,0.725,0.2481389578163772,3.103448275862069
2021-04-08 10:00:00,10,32,1,4,25,2,0,7,11,3,14,3,22.183333333333334,521.0,4.0,11.38,80.0,0.9615384615384616,363.9589204052098,4.422231985940246,0.8,0.6151142355008787,3.125
2021-04-08 11:00:00,11,31,1,6,22,2,0,5,12,3,15,3,20.73333333333333,547.0,4.0,11.38,77.5,0.99,367.0359204052098,3.878140767617212,0.775,0.4393673110720563,3.193548387096774
2021-04-08 12:00:00,12,35,1,6,25,3,0,9,15,4,19,4,21.73333333333333,457.0,4.0,11.38,87.5,1.3095238095238095,435.72422720694647,5.235563645493347,0.875,0.7908611599297013,3.142857142857143
2021-04-08 13:00:00,13,39,2,8,28,1,0,9,16,5,21,5,22.73333333333333,276.0,4.0,11.38,97.5,1.6842105263157894,477.6125340086831,5.795646883871839,0.975,0.7908611599297013,3.282051282051282
2021-04-08 14:00:00,14,30,1,8,19,2,0,9,13,4,17,4,21.216666666666665,158.0,4.0,11.38,75.0,1.065217391304348,395.2852272069464,5.033479789103691,0.75,0.7908611599297013,3.2666666666666666
2021-04-08 15:00:00,15,22,1,3,16,2,0,3,11,2,13,2,22.216666666666665,216.0,4.0,11.38,55.00000000000001,0.6388888888888888,328.4286136034732,2.551809394471961,0.55,0.2636203866432338,3.136363636363636
2021-04-08 16:00:00,16,20,1,2,16,1,0,3,10,2,12,2,12.633333333333333,184.5,4.0,11.38,50.0,0.5625,256.68861360347324,2.4054042179261863,0.5,0.2636203866432338,3.15
2021-04-08 17:00:00,17,20,1,2,16,1,0,4,11,2,13,2,12.616666666666667,243.0,4.0,11.38,50.0,0.5833333333333334,269.9946136034732,2.6822056239015817,0.5,0.351493848857645,3.15
2021-04-08 18:00:00,18,25,1,4,19,1,0,8,9,2,11,2,13.616666666666667,306.0,4.0,11.38,62.5,0.6896551724137931,259.5596136034732,4.249560632688929,0.625,0.70298769771529,3.2
2021-04-08 19:00:00,19,25,1,6,17,1,0,9,10,2,12,2,14.616666666666667,338.0,4.0,11.38,62.5,0.7321428571428571,278.59961360347324,4.64402460456942,0.625,0.7908611599297013,3.28
2021-04-08 20:00:00,20,27,0,5,21,1,0,10,9,1,10,1,15.616666666666667,329.5,4.0,10.12,67.5,0.7083333333333334,260.86130680173665,5.235818328209633,0.675,0.9881422924901186,3.1481481481481484
2021-04-08 21:00:00,21,30,0,6,23,1,0,11,10,0,10,0,16.616666666666667,330.0,4.0,10.12,75.0,0.7916666666666666,272.068,5.817028985507247,0.75,1.0869565217391306,3.1666666666666665
2021-04-08 22:00:00,22,22,0,4,18,0,0,6,11,0,11,0,17.616666666666667,371.0,3.0,6.8,55.00000000000001,0.8045977011494253,273.948,4.557486631016043,0.55,0.8823529411764706,3.1818181818181817
2021-04-08 23:00:00,23,16,0,2,14,0,0,4,9,0,9,0,18.616666666666667,361.0,3.0,6.8,40.0,0.5376344086021505,239.918,3.088235294117647,0.4,0.5882352941176471,3.125
2021-04-09 00:00:00,0,18,0,1,17,0,0,9,10,0,10,0,19.616666666666667,324.0,3.0,6.8,45.0,0.6111111111111112,263.248,5.419117647058823,0.45,1.3235294117647058,3.055555555555556
2021-04-09 01:00:00,1,16,0,1,15,0,0,5,11,0,11,0,20.616666666666667,287.0,3.0,6.8,40.0,0.5632183908045977,277.998,3.4768382352941174,0.4,0.7352941176470589,3.0625
2021-04-09 02:00:00,2,19,0,1,17,1,0,6,12,0,12,0,21.616666666666667,319.5,3.0,6.8,47.5,0.6785714285714286,303.473,4.072058823529412,0.475,0.8823529411764706,3.0
2021-04-09 03:00:00,3,17,0,0,16,1,0,1,13,0,13,0,22.616666666666667,352.0,3.0,6.8,42.5,0.6172839506172839,318.223,1.6825259515570934,0.425,0.1470588235294117,2.9411764705882355
2021-04-09 04:00:00,4,19,0,1,17,0,1,4,13,1,14,1,23.616666666666667,407.5,3.0,6.8,47.5,0.717948717948718,342.4213068017366,3.13374613003096,0.475,0.5882352941176471,2.9473684210526314
2021-04-09 05:00:00,5,21,0,0,20,0,1,4,12,1,13,1,24.616666666666667,463.0,3.0,6.8,52.5,0.7530864197530864,338.9513068017366,3.233683473389356,0.525,0.5882352941176471,2.9047619047619047
2021-04-09 06:00:00,6,19,0,0,18,0,1,1,13,1,14,1,25.616666666666667,468.0,3.0,6.8,47.5,0.7051282051282052,353.7013068017366,1.8006965944272446,0.475,0.1470588235294117,2.8947368421052637
2021-04-09 07:00:00,7,19,0,0,18,0,1,2,13,1,14,1,26.616666666666667,528.0,3.0,6.8,47.5,0.7051282051282052,359.3413068017366,2.226393188854489,0.475,0.2941176470588235,2.8947368421052637
2021-04-09 08:00:00,8,17,0,1,15,1,0,2,13,1,14,1,27.616666666666667,588.0,3.0,6.38,42.5,0.6538461538461539,360.6913068017366,2.215438871473354,0.425,0.3134796238244514,3.0
2021-04-09 09:00:00,9,16,0,1,12,3,0,7,10,1,11,1,28.616666666666667,566.0,3.0,6.38,40.0,0.5287356321839081,323.98630680173665,4.304388714733543,0.4,1.09717868338558,2.875
2021-04-09 10:00:00,10,14,0,1,12,1,0,3,9,1,10,1,29.616666666666667,605.0,4.0,11.1,35.0,0.35,311.9363068017366,1.8608108108108108,0.35,0.2702702702702703,3.0
2021-04-09 11:00:00,11,18,0,0,17,1,0,8,10,0,10,0,30.616666666666667,665.0,4.0,11.1,45.0,0.4416666666666666,325.288,3.447122122122123,0.45,0.7207207207207208,2.9444444444444446
2021-04-09 12:00:00,12,22,0,3,18,0,1,11,11,0,11,0,31.616666666666667,658.0,4.0,11.1,55.00000000000001,0.5775862068965517,352.908,4.693018018018018,0.55,0.990990990990991,3.0454545454545454
2021-04-09 13:00:00,13,26,1,3,21,1,0,10,10,1,11,1,32.61666666666667,137.0,4.0,11.1,65.0,0.7068965517241379,367.99630680173664,4.891302841302841,0.65,0.9009009009009008,3.1538461538461537
2021-04-09 14:00:00,14,25,1,2,22,0,0,5,9,1,10,1,33.61666666666667,147.0,4.0,11.1,62.5,0.6583333333333333,358.0913068017366,3.398423423423424,0.625,0.4504504504504504,3.16
2021-04-09 15:00:00,15,22,1,2,18,1,0,6,10,1,11,1,34.61666666666667,170.0,4.0,11.1,55.00000000000001,0.5948275862068966,370.6963068017366,3.420331695331696,0.55,0.5405405405405406,3.136363636363636
2021-04-09 16:00:00,16,27,1,4,21,1,0,12,10,1,11,1,35.61666666666667,115.0,4.0,11.1,67.5,0.7413793103448276,387.0613068017366,5.593443443443444,0.675,1.0810810810810811,3.185185185185185
2021-04-09 17:00:00,17,25,1,8,15,1,0,7,9,3,12,3,36.61666666666667,98.5,4.0,11.1,62.5,0.75,403.5479204052099,4.218918918918919,0.625,0.6306306306306306,3.36
2021-04-09 18:00:00,18,26,0,6,19,1,0,10,9,2,11,2,37.61666666666667,134.0,4.0,11.1,65.0,0.7155172413793104,397.0646136034732,4.9509528759528765,0.65,0.9009009009009008,3.1923076923076925
2021-04-09 19:00:00,19,23,0,5,17,1,0,6,9,2,11,2,38.61666666666667,158.0,4.0,11.1,57.49999999999999,0.6293103448275862,396.2696136034732,3.540628672150411,0.575,0.5405405405405406,3.1739130434782608
2021-04-09 20:00:00,20,26,0,5,20,1,0,9,9,1,10,1,39.61666666666667,174.0,4.0,12.45,65.0,0.6833333333333333,394.0763068017366,4.329888785912882,0.65,0.7228915662650602,3.1538461538461537
2021-04-09 21:00:00,21,21,0,4,17,0,0,9,5,2,7,2,40.61666666666667,165.0,4.0,12.45,52.5,0.5075757575757576,349.6596136034732,3.981368330464716,0.525,0.7228915662650602,3.1904761904761907
2021-04-09 22:00:00,22,16,0,4,12,0,0,3,4,2,6,2,41.61666666666667,100.0,3.0,7.73,40.0,0.5098039215686274,331.17461360347323,2.561319534282018,0.4,0.3880983182406209,3.25
2021-04-09 23:00:00,23,15,1,4,10,0,0,4,4,2,6,2,42.61666666666667,140.5,3.0,7.73,37.5,0.5,334.6696136034732,3.034379042690815,0.375,0.517464424320828,3.4
2021-04-10 00:00:00,0,15,1,3,10,1,0,8,3,1,4,1,43.61666666666667,122.0,3.0,7.73,37.5,0.4537037037037037,312.6413068017366,4.605767572229409,0.375,1.034928848641656,3.2666666666666666
2021-04-10 01:00:00,1,10,0,2,8,0,0,2,3,0,3,0,44.61666666666667,193.0,3.0,7.73,25.0,0.2882882882882883,293.288,1.627943078913325,0.25,0.258732212160414,3.2
2021-04-10 02:00:00,2,10,0,3,7,0,0,4,3,0,3,0,45.61666666666667,253.0,3.0,7.73,25.0,0.2972972972972973,298.928,2.532632600258732,0.25,0.517464424320828,3.3
2021-04-10 03:00:00,3,9,0,3,6,0,0,1,3,0,3,0,46.61666666666667,313.0,3.0,7.73,22.5,0.2702702702702703,302.423,1.1812203536006902,0.225,0.129366106080207,3.333333333333333
2021-04-10 04:00:00,4,10,1,3,6,0,0,1,3,1,4,1,47.61666666666667,308.0,3.0,7.73,25.0,0.324074074074074,324.4763068017366,1.3277813712807245,0.25,0.129366106080207,3.5
2021-04-10 05:00:00,5,14,1,4,9,0,0,5,4,2,6,2,48.61666666666667,187.5,3.0,7.73,35.0,0.4705882352941176,366.3646136034732,3.4177046756606906,0.35,0.6468305304010349,3.4285714285714284
2021-04-10 06:00:00,6,11,0,4,7,0,0,0,3,1,4,1,49.61666666666667,428.0,3.0,7.73,27.500000000000004,0.3425925925925926,337.9013068017366,0.9250000000000002,0.275,0.0,3.363636363636364
2021-04-10 07:00:00,7,12,0,4,7,1,0,2,4,1,5,1,50.61666666666667,423.0,3.0,7.73,30.0,0.3714285714285714,359.0863068017366,1.8158796895213447,0.3,0.258732212160414,3.25
2021-04-10 08:00:00,8,10,0,3,6,1,0,2,4,1,5,1,51.61666666666667,483.0,3.0,6.66,25.0,0.3047619047619048,360.4363068017366,1.760960960960961,0.25,0.3003003003003003,3.2
2021-04-10 09:00:00,9,9,0,2,7,0,0,2,2,1,3,1,52.61666666666667,264.0,3.0,6.66,22.5,0.2612612612612612,337.1313068017366,1.6926343009676343,0.225,0.3003003003003003,3.2222222222222223
2021-04-10 10:00:00,10,15,0,3,11,1,0,10,6,1,7,1,53.61666666666667,54.0,4.0,10.36,37.5,0.3560606060606061,409.2413068017366,4.199453024453025,0.375,0.9652509652509652,3.1333333333333333
2021-04-10 11:00:00,11,15,0,4,10,1,0,8,6,0,6,0,54.61666666666667,103.0,4.0,10.36,37.5,0.3529411764705882,400.613,3.671042471042471,0.375,0.7722007722007722,3.2
2021-04-10 12:00:00,12,19,0,7,11,1,0,10,6,1,7,1,55.61666666666667,141.0,4.0,10.36,47.5,0.4772727272727273,429.1013068017366,4.775568990042674,0.475,0.9652509652509652,3.3157894736842106
2021-04-10 13:00:00,13,19,0,7,11,1,0,2,5,1,6,1,56.61666666666667,182.5,4.0,10.36,47.5,0.4632352941176471,421.3413068017366,2.2151137980085345,0.475,0.193050193050193,3.3157894736842106
2021-04-10 14:00:00,14,30,0,5,25,0,0,17,8,1,9,1,57.61666666666667,144.0,4.0,10.36,75.0,0.7661290322580645,490.7763068017366,7.571267696267696,0.75,1.640926640926641,3.1666666666666665
2021-04-10 15:00:00,15,26,0,5,21,0,0,7,7,1,8,1,58.61666666666667,148.5,4.0,10.36,65.0,0.6484375,474.4363068017366,4.231964656964657,0.65,0.6756756756756757,3.1923076923076925
2021-04-10 16:00:00,16,22,0,6,16,0,0,8,9,1,10,1,6.9,148.0,4.0,10.36,55.00000000000001,0.6,200.97430680173665,4.327202527202528,0.55,0.7722007722007722,3.272727272727273
2021-04-10 17:00:00,17,20,0,6,14,0,0,6,12,0,12,0,7.9,146.0,4.0,10.36,50.0,0.5892857142857143,228.25600000000003,3.5611969111969115,0.5,0.5791505791505792,3.3
2021-04-10 18:00:00,18,20,0,5,14,1,0,6,10,1,11,1,8.15,164.0,4.0,10.36,50.0,0.5517241379310345,217.1343068017366,3.453281853281854,0.5,0.5791505791505792,3.2
2021-04-10 19:00:00,19,17,0,4,12,1,0,3,6,1,7,1,9.15,175.0,4.0,10.36,42.5,0.4090909090909091,162.7393068017366,2.269827390415625,0.425,0.2895752895752896,3.176470588235294
2021-04-10 20:00:00,20,21,1,3,16,1,0,10,6,1,7,1,10.15,231.0,4.0,11.43,52.5,0.5075757575757576,176.95930680173663,4.466317751947673,0.525,0.8748906386701663,3.1904761904761907
2021-04-10 21:00:00,21,18,1,2,13,2,0,6,3,2,5,2,11.15,68.0,4.0,11.43,45.0,0.4,150.23261360347323,3.0331291921843104,0.45,0.5249343832020997,3.111111111111111
2021-04-10 22:00:00,22,18,0,2,14,2,0,10,4,1,5,1,12.15,43.0,3.0,7.73,45.0,0.5142857142857142,155.00430680173662,5.230983182406209,0.45,1.2936610608020698,3.0
2021-04-10 23:00:00,23,20,0,3,16,1,0,9,6,1,7,1,13.15,80.0,3.0,7.73,50.0,0.6262626262626263,191.7343068017366,5.159314359637775,0.5,1.1642949547218628,3.1
2021-04-11 00:00:00,0,26,0,3,22,1,0,8,7,1,8,1,14.15,135.5,3.0,7.73,65.0,0.8333333333333334,223.6443068017366,5.184396457358941,0.65,1.034928848641656,3.076923076923077
2021-04-11 01:00:00,1,22,0,3,17,2,0,4,7,1,8,1,15.15,195.5,3.0,7.73,55.00000000000001,0.6979166666666666,220.70430680173664,3.2509143831588854,0.55,0.517464424320828,3.0454545454545454
2021-04-11 02:00:00,2,23,0,3,19,1,0,3,8,1,9,1,8.116666666666667,251.0,3.0,7.73,57.49999999999999,0.7634408602150538,196.58130680173664,2.973042634568873,0.575,0.3880983182406209,3.0869565217391304
2021-04-11 03:00:00,3,27,0,3,22,2,0,5,8,1,9,1,9.116666666666667,311.0,3.0,7.73,67.5,0.8817204301075269,210.80130680173664,4.014448277514254,0.675,0.6468305304010349,3.037037037037037
2021-04-11 04:00:00,4,27,0,4,20,3,0,6,9,1,10,1,10.116666666666667,355.5,3.0,7.73,67.5,0.9111111111111112,229.8413068017366,4.407337933017105,0.675,0.7761966364812418,3.037037037037037
2021-04-11 05:00:00,5,26,0,4,20,2,0,4,11,1,12,1,11.116666666666667,386.0,3.0,7.73,65.0,0.9523809523809524,260.1363068017366,3.592198228679471,0.65,0.517464424320828,3.076923076923077
2021-04-11 06:00:00,6,23,0,4,17,2,0,2,11,0,11,0,12.116666666666667,432.0,3.0,7.73,57.49999999999999,0.8160919540229885,245.073,2.573695089712582,0.575,0.258732212160414,3.0869565217391304
2021-04-11 07:00:00,7,27,1,4,20,2,0,4,11,1,12,1,13.116666666666667,476.5,3.0,7.73,67.5,1.011904761904762,273.56130680173663,3.754054669158162,0.675,0.517464424320828,3.1481481481481484
2021-04-11 08:00:00,8,25,1,4,18,2,0,4,11,1,12,1,14.116666666666667,536.5,3.0,6.38,62.5,0.9404761904761904,274.9113068017366,3.9561912225705336,0.625,0.6269592476489029,3.16
2021-04-11 09:00:00,9,22,2,2,15,3,0,6,7,1,8,1,15.116666666666667,245.5,3.0,6.38,55.00000000000001,0.71875,220.51630680173665,4.674558278711884,0.55,0.9404388714733544,3.136363636363636
2021-04-11 10:00:00,10,17,1,1,13,2,0,9,10,0,10,0,12.766666666666667,45.5,4.0,9.7,42.5,0.4333333333333333,222.469,4.138083687083081,0.425,0.9278350515463918,3.0588235294117645
2021-04-11 11:00:00,11,24,0,5,17,2,0,15,9,1,10,1,12.666666666666666,76.5,4.0,9.7,60.0,0.625,237.7883068017366,6.707474226804123,0.6,1.5463917525773196,3.125
2021-04-11 12:00:00,12,25,0,6,19,0,0,14,10,1,11,1,13.666666666666666,99.0,4.0,9.7,62.5,0.6982758620689655,258.9733068017366,6.701288659793816,0.625,1.4432989690721651,3.24
2021-04-11 13:00:00,13,22,0,5,17,0,0,5,12,0,12,0,14.666666666666666,97.5,4.0,9.7,55.00000000000001,0.6339285714285714,270.71000000000004,3.438542642924087,0.55,0.5154639175257733,3.227272727272727
2021-04-11 14:00:00,14,25,0,4,19,1,1,13,12,1,13,1,15.666666666666666,86.0,4.0,9.7,62.5,0.7037037037037037,297.05330680173665,5.974226804123711,0.625,1.3402061855670104,3.04
2021-04-11 15:00:00,15,40,1,4,31,2,2,18,14,1,15,1,16.666666666666668,118.0,4.0,9.7,100.0,1.2,361.6683068017366,8.56701030927835,1.0,1.855670103092784,3.0
2021-04-11 16:00:00,16,34,1,5,23,2,3,7,14,1,15,1,17.666666666666668,175.0,4.0,9.7,85.0,1.01,354.4383068017366,4.668723468768952,0.85,0.7216494845360826,2.9705882352941178
2021-04-11 17:00:00,17,32,0,4,22,5,1,11,13,0,13,0,18.666666666666668,219.0,4.0,9.7,80.0,0.8611111111111112,328.12,5.620747422680413,0.8,1.1340206185567012,2.90625
2021-04-11 18:00:00,18,26,0,3,19,4,0,11,10,0,10,0,19.666666666666668,219.5,4.0,9.7,65.0,0.6416666666666667,280.69,5.283445678033308,0.65,1.1340206185567012,2.9615384615384617
2021-04-11 19:00:00,19,21,0,2,18,1,0,9,7,0,7,0,20.666666666666668,281.0,4.0,9.7,52.5,0.4848484848484848,235.405,4.427687776141385,0.525,0.9278350515463918,3.0476190476190474
2021-04-11 20:00:00,20,14,0,2,10,2,0,8,6,0,6,0,21.666666666666668,63.0,4.0,10.12,35.0,0.3088235294117647,212.63,3.4215415019762845,0.35,0.790513833992095,3.0
2021-04-11 21:00:00,21,24,3,3,15,3,0,12,6,2,8,2,22.666666666666668,77.5,4.0,10.12,60.0,0.609375,268.2566136034732,5.803754940711462,0.6,1.1857707509881423,3.25
2021-04-11 22:00:00,22,35,5,3,25,2,0,17,5,4,9,4,23.666666666666668,111.0,3.0,6.8,87.5,1.2473118279569892,312.62822720694646,11.185714285714289,0.875,2.5,3.3142857142857145
2021-04-11 23:00:00,23,27,4,1,21,1,0,4,5,3,8,3,24.666666666666668,177.5,3.0,6.8,67.5,0.9270833333333334,286.83992040520985,4.163997821350763,0.675,0.5882352941176471,3.2962962962962963
2021-04-12 00:00:00,0,25,4,0,20,1,0,10,7,2,9,2,25.666666666666668,163.0,3.0,6.8,62.5,0.8817204301075269,300.7216136034732,6.873529411764705,0.625,1.4705882352941178,3.28
2021-04-12 01:00:00,1,26,2,0,19,5,0,7,9,1,10,1,26.666666666666668,170.5,3.0,6.8,65.0,0.8555555555555555,321.03830680173667,4.973642533936652,0.65,1.0294117647058825,2.9615384615384617
2021-04-12 02:00:00,2,21,1,0,16,4,0,3,9,0,9,0,27.666666666666668,179.0,3.0,6.8,52.5,0.6559139784946236,301.685,2.8065126050420166,0.525,0.4411764705882353,2.9047619047619047
2021-04-12 03:00:00,3,21,1,0,17,3,0,2,9,0,9,0,28.666666666666668,239.0,3.0,6.8,52.5,0.6666666666666666,307.32500000000005,2.4183473389355745,0.525,0.2941176470588235,2.952380952380953
2021-04-12 04:00:00,4,20,1,1,16,2,0,2,9,0,9,0,29.666666666666668,299.0,3.0,6.8,50.0,0.6559139784946236,310.82,2.422058823529412,0.5,0.2941176470588235,3.05
2021-04-12 05:00:00,5,21,1,1,17,2,0,1,10,0,10,0,30.666666666666668,337.5,3.0,6.8,52.5,0.7111111111111111,332.005,2.048179271708684,0.525,0.1470588235294117,3.0476190476190474
2021-04-12 06:00:00,6,23,1,1,19,2,0,4,10,0,10,0,31.666666666666668,397.5,3.0,6.8,57.49999999999999,0.7777777777777778,341.93499999999995,3.5402813299232734,0.575,0.5882352941176471,3.0434782608695654
2021-04-12 07:00:00,7,22,1,1,18,2,0,3,11,0,11,0,32.666666666666664,436.0,3.0,6.8,55.00000000000001,0.7701149425287356,358.83,3.0185828877005347,0.55,0.4411764705882353,3.0454545454545454
2021-04-12 08:00:00,8,22,2,2,16,2,0,5,13,1,14,1,33.666666666666664,464.5,3.0,6.74,55.00000000000001,0.8974358974358975,405.53830680173655,4.110399244672241,0.55,0.7418397626112759,3.1818181818181817
2021-04-12 09:00:00,9,21,2,2,15,2,0,5,10,1,11,1,14.416666666666666,122.0,3.0,6.74,52.5,0.7701149425287356,254.6233068017366,4.041822099759785,0.525,0.7418397626112759,3.1904761904761907
2021-04-12 10:00:00,10,28,1,2,23,2,0,11,11,0,11,0,15.416666666666666,154.0,4.0,9.99,70.0,0.7413793103448276,274.41,5.531953381953382,0.7,1.1011011011011012,3.071428571428572
2021-04-12 11:00:00,11,32,1,3,25,3,0,9,12,1,13,1,15.516666666666667,206.0,4.0,9.99,80.0,0.9074074074074074,311.22230680173664,5.209009009009009,0.8,0.9009009009009008,3.0625
2021-04-12 12:00:00,12,39,1,6,29,3,0,12,15,1,16,1,16.516666666666666,179.0,4.0,9.99,97.5,1.2708333333333333,372.0773068017366,6.807603757603758,0.975,1.2012012012012012,3.128205128205128
2021-04-12 13:00:00,13,37,1,7,27,2,0,3,14,1,15,1,17.066666666666666,230.0,4.0,9.99,92.5,1.18,357.4893068017366,3.907714471227985,0.925,0.3003003003003003,3.189189189189189
2021-04-12 14:00:00,14,40,1,8,29,2,0,12,12,2,14,2,18.066666666666663,191.5,4.0,9.99,100.0,1.2307692307692308,357.03261360347324,7.043843843843844,1.0,1.2012012012012012,3.2
2021-04-12 15:00:00,15,35,0,6,28,1,0,8,12,1,13,1,19.066666666666663,193.0,4.0,9.99,87.5,1.0185185185185186,337.67930680173663,5.2668025168025165,0.875,0.8008008008008007,3.142857142857143
2021-04-12 16:00:00,16,33,0,5,26,2,0,10,10,1,11,1,20.066666666666663,176.0,4.0,9.99,82.5,0.8793103448275862,312.2293068017366,5.644003094003094,0.825,1.001001001001001,3.090909090909091
2021-04-12 17:00:00,17,28,0,4,22,2,0,4,10,1,11,1,21.066666666666663,202.0,4.0,9.99,70.0,0.7413793103448276,307.1443068017366,3.37980122980123,0.7,0.4004004004004003,3.071428571428572
2021-04-12 18:00:00,18,33,0,7,25,1,0,9,12,1,13,1,22.066666666666663,204.0,4.0,9.99,82.5,0.9722222222222222,350.3093068017366,5.491502866502866,0.825,0.9009009009009008,3.1818181818181817
2021-04-12 19:00:00,19,26,0,6,19,1,0,3,8,1,9,1,23.066666666666663,264.0,4.0,9.99,65.0,0.6693548387096774,287.3343068017366,3.033650958650959,0.65,0.3003003003003003,3.1923076923076925
2021-04-12 20:00:00,20,24,0,6,17,1,0,10,5,1,6,1,10.333333333333334,231.5,4.0,11.13,60.0,0.5661764705882353,171.02830680173662,4.807599580712789,0.6,0.8984725965858043,3.208333333333333
2021-04-12 21:00:00,21,25,0,4,20,1,0,9,5,2,7,2,11.333333333333334,90.0,4.0,11.13,62.5,0.5909090909090909,193.0816136034732,4.472911051212939,0.625,0.8086253369272238,3.12
2021-04-12 22:00:00,22,25,0,4,20,1,0,10,5,1,6,1,12.333333333333334,82.5,3.0,7.88,62.5,0.7647058823529411,184.45330680173663,5.9093908629441625,0.625,1.269035532994924,3.12
2021-04-12 23:00:00,23,25,0,5,19,1,0,7,6,1,7,1,13.333333333333334,124.0,3.0,7.88,62.5,0.797979797979798,203.4933068017366,4.782106598984772,0.625,0.8883248730964467,3.16
2021-04-13 00:00:00,0,24,0,3,20,1,0,6,4,0,4,0,14.333333333333334,287.5,3.0,7.88,60.0,0.6851851851851852,165.92000000000002,4.197715736040609,0.6,0.7614213197969544,3.083333333333333
2021-04-13 01:00:00,1,16,0,3,12,1,0,3,5,0,5,0,15.333333333333334,233.0,3.0,7.88,40.0,0.4761904761904761,167.8,2.4397208121827414,0.4,0.3807106598984772,3.125
2021-04-13 02:00:00,2,16,0,2,13,1,0,4,5,0,5,0,16.333333333333332,293.0,3.0,7.88,40.0,0.4666666666666667,173.44,2.779568527918782,0.4,0.5076142131979695,3.0625
2021-04-13 03:00:00,3,13,0,2,10,1,0,0,5,0,5,0,17.333333333333332,353.0,3.0,7.88,32.5,0.3809523809523809,172.64499999999998,1.0,0.325,0.0,3.076923076923077
2021-04-13 04:00:00,4,13,0,2,10,1,0,0,5,0,5,0,18.33333333333333,413.0,3.0,7.88,32.5,0.3809523809523809,178.285,1.0,0.325,0.0,3.076923076923077
2021-04-13 05:00:00,5,17,0,4,11,2,0,4,6,0,6,0,19.33333333333333,388.5,3.0,7.88,42.5,0.5196078431372549,205.905,2.9075619587936696,0.425,0.5076142131979695,3.117647058823529
2021-04-13 06:00:00,6,18,0,6,11,1,0,2,6,1,7,1,20.33333333333333,364.0,3.0,7.88,45.0,0.5959595959595959,227.95830680173663,2.306923293852228,0.45,0.2538071065989847,3.2777777777777777
2021-04-13 07:00:00,7,20,0,6,14,0,0,7,7,2,9,2,21.33333333333333,402.0,3.0,7.88,50.0,0.7096774193548387,265.55661360347324,4.581472081218274,0.5,0.8883248730964467,3.3
2021-04-13 08:00:00,8,22,0,5,17,0,0,6,8,1,9,1,22.33333333333333,462.0,3.0,6.96,55.00000000000001,0.7634408602150538,274.6183068017366,4.557131661442006,0.55,0.8620689655172414,3.227272727272727
2021-04-13 09:00:00,9,22,0,5,16,1,0,5,8,0,8,0,23.33333333333333,413.5,3.0,6.96,55.00000000000001,0.7291666666666666,265.99,4.035788923719958,0.55,0.7183908045977011,3.1818181818181817
2021-04-13 10:00:00,10,23,0,6,16,1,0,4,7,1,8,1,24.1,275.5,4.0,10.3,57.49999999999999,0.578125,273.32730680173665,3.0994723512030395,0.575,0.3883495145631068,3.217391304347826
2021-04-13 11:00:00,11,26,0,6,19,1,0,8,8,1,9,1,25.1,207.0,4.0,10.3,65.0,0.6693548387096774,298.8023068017366,4.554462285287529,0.65,0.7766990291262136,3.1923076923076925
2021-04-13 12:00:00,12,26,0,8,16,2,0,6,9,1,10,1,21.933333333333334,245.5,4.0,10.3,65.0,0.7,294.34230680173664,3.98200149365198,0.65,0.5825242718446602,3.230769230769231
2021-04-13 13:00:00,13,23,0,6,16,1,0,5,11,1,12,1,19.7,258.0,4.0,10.3,57.49999999999999,0.6607142857142857,302.1113068017366,3.411840439003799,0.575,0.4854368932038834,3.217391304347826
2021-04-13 14:00:00,14,25,0,7,17,1,0,8,10,2,12,2,20.7,184.0,4.0,10.3,62.5,0.7232142857142857,312.90961360347325,4.541504854368933,0.625,0.7766990291262136,3.24
2021-04-13 15:00:00,15,29,0,10,18,1,0,8,11,2,13,2,21.7,136.0,4.0,10.3,72.5,0.8888888888888888,340.52961360347325,4.9711416136591895,0.725,0.7766990291262136,3.310344827586207
2021-04-13 16:00:00,16,22,0,11,10,1,0,4,8,1,9,1,22.7,182.0,4.0,10.3,55.00000000000001,0.6129032258064516,276.6863068017366,3.241571050308915,0.55,0.3883495145631068,3.4545454545454546
2021-04-13 17:00:00,17,22,0,12,8,2,0,2,8,1,9,1,23.7,242.0,4.0,10.3,55.00000000000001,0.6129032258064516,282.32630680173656,2.5707855251544576,0.55,0.1941747572815534,3.4545454545454546
2021-04-13 18:00:00,18,21,0,10,9,2,0,4,9,1,10,1,24.7,277.0,4.0,10.3,52.5,0.5916666666666667,299.2213068017366,3.087991215903837,0.525,0.3883495145631068,3.380952380952381
2021-04-13 19:00:00,19,21,0,7,13,1,0,9,8,0,8,0,25.7,208.5,4.0,10.3,52.5,0.5390625,277.193,4.596012482662968,0.525,0.8737864077669902,3.2857142857142856
2021-04-13 20:00:00,20,18,0,3,14,1,0,4,6,1,7,1,26.7,107.0,4.0,12.48,45.0,0.4242424242424242,263.86630680173664,2.3971509971509968,0.45,0.3205128205128205,3.111111111111111
2021-04-13 21:00:00,21,20,0,3,15,2,0,5,7,1,8,1,27.7,103.0,4.0,12.48,50.0,0.4765625,287.19630680173657,2.746955128205128,0.5,0.4006410256410256,3.05
2021-04-13 22:00:00,22,18,0,4,13,1,0,5,4,1,5,1,14.266666666666667,124.0,3.0,9.14,45.0,0.5428571428571428,166.9423068017366,3.157312180889861,0.45,0.5470459518599562,3.1666666666666665
2021-04-13 23:00:00,23,21,0,3,17,1,0,6,5,0,5,0,8.733333333333333,173.0,3.0,9.14,52.5,0.6190476190476191,141.301,3.656884964051266,0.525,0.6564551422319475,3.095238095238096
2021-04-14 00:00:00,0,23,1,4,16,2,0,8,5,1,6,1,9.733333333333333,156.5,3.0,9.14,57.49999999999999,0.7156862745098039,165.4993068017366,4.603042051184473,0.575,0.87527352297593,3.1739130434782608
2021-04-14 01:00:00,1,20,1,4,14,1,0,5,5,1,6,1,10.733333333333333,216.5,3.0,9.14,50.0,0.6372549019607843,164.7043068017366,3.4028993435448576,0.5,0.5470459518599562,3.25
2021-04-14 02:00:00,2,16,1,4,10,1,0,3,6,1,7,1,11.733333333333333,228.0,3.0,9.14,40.0,0.5353535353535354,175.1643068017366,2.412253829321663,0.4,0.3282275711159737,3.3125
2021-04-14 03:00:00,3,17,1,2,13,1,0,5,6,0,6,0,12.733333333333333,336.5,3.0,9.14,42.5,0.5294117647058824,168.68099999999998,3.0876753764963314,0.425,0.5470459518599562,3.176470588235294
2021-04-14 04:00:00,4,16,1,2,12,1,0,1,7,0,7,0,13.733333333333333,348.0,3.0,9.14,40.0,0.5151515151515151,185.576,1.6237417943107222,0.4,0.1094091903719912,3.1875
2021-04-14 05:00:00,5,18,1,2,14,1,0,3,7,0,7,0,14.733333333333333,408.0,3.0,9.14,45.0,0.5757575757575758,195.506,2.4643873085339165,0.45,0.3282275711159737,3.1666666666666665
2021-04-14 06:00:00,6,16,1,2,11,2,0,2,8,0,8,0,15.733333333333333,443.5,3.0,9.14,40.0,0.5208333333333334,210.256,1.9338074398249452,0.4,0.2188183807439825,3.125
2021-04-14 07:00:00,7,17,1,2,12,2,0,2,9,0,9,0,16.733333333333334,479.0,3.0,9.14,42.5,0.5698924731182796,231.441,2.007198481143004,0.425,0.2188183807439825,3.117647058823529
2021-04-14 08:00:00,8,18,2,2,12,2,0,4,10,0,10,0,14.333333333333334,453.0,3.0,6.5,45.0,0.6444444444444445,233.45,3.432905982905983,0.45,0.6153846153846154,3.2222222222222223
2021-04-14 09:00:00,9,16,1,2,11,2,0,4,8,0,8,0,15.333333333333334,244.0,3.0,6.5,40.0,0.5208333333333334,208.0,3.173076923076923,0.4,0.6153846153846154,3.125
2021-04-14 10:00:00,10,21,1,3,16,1,0,8,8,0,8,0,16.333333333333332,119.5,4.0,9.75,52.5,0.5234375,224.365,4.292826617826618,0.525,0.8205128205128205,3.1904761904761907
2021-04-14 11:00:00,11,22,1,4,16,1,0,8,8,0,8,0,17.333333333333332,78.0,4.0,9.75,55.00000000000001,0.5546875,232.15,4.423018648018648,0.55,0.8205128205128205,3.227272727272727
2021-04-14 12:00:00,12,21,2,4,14,1,0,7,10,1,11,1,18.33333333333333,112.0,4.0,9.75,52.5,0.603448275862069,276.7133068017366,4.1431623931623935,0.525,0.717948717948718,3.333333333333333
2021-04-14 13:00:00,13,21,2,6,12,1,0,4,10,1,11,1,9.866666666666667,172.0,4.0,9.75,52.5,0.6206896551724138,228.9613068017366,3.2065934065934063,0.525,0.4102564102564102,3.4285714285714284
2021-04-14 14:00:00,14,25,2,7,14,2,0,13,10,1,11,1,10.866666666666667,208.0,4.0,9.75,62.5,0.7241379310344828,243.18130680173664,6.579999999999999,0.625,1.3333333333333333,3.36
2021-04-14 15:00:00,15,22,1,6,14,1,0,6,11,0,11,0,7.633333333333334,84.0,4.0,9.75,55.00000000000001,0.6293103448275862,217.642,3.8669580419580414,0.55,0.6153846153846154,3.3181818181818183
2021-04-14 16:00:00,16,25,1,5,18,1,0,8,11,0,11,0,8.633333333333333,95.0,4.0,9.75,62.5,0.6982758620689655,229.717,4.683461538461539,0.625,0.8205128205128205,3.24
2021-04-14 17:00:00,17,21,2,4,15,0,0,4,11,0,11,0,9.633333333333333,151.0,4.0,9.75,52.5,0.6120689655172413,226.777,3.162057387057387,0.525,0.4102564102564102,3.380952380952381
2021-04-14 18:00:00,18,15,1,3,11,0,0,2,10,0,10,0,10.633333333333333,190.5,4.0,9.75,37.5,0.4166666666666667,206.147,1.933760683760684,0.375,0.2051282051282051,3.333333333333333
2021-04-14 19:00:00,19,19,1,2,15,1,0,5,11,0,11,0,11.633333333333333,199.0,4.0,9.75,47.5,0.5172413793103449,233.767,3.1194331983805665,0.475,0.5128205128205128,3.1578947368421053
2021-04-14 20:00:00,20,10,0,2,8,0,0,3,5,0,5,0,6.066666666666666,172.0,4.0,9.93,25.0,0.2285714285714285,102.666,1.7667673716012082,0.25,0.3021148036253776,3.2
2021-04-14 21:00:00,21,10,0,2,8,0,0,4,5,0,5,0,7.066666666666666,232.0,4.0,9.93,25.0,0.2285714285714285,108.30599999999998,2.0890231621349447,0.25,0.4028197381671702,3.2
2021-04-14 22:00:00,22,20,0,3,15,2,0,13,8,1,9,1,8.066666666666666,40.0,3.0,6.68,50.0,0.6559139784946236,189.86430680173663,7.46062874251497,0.5,1.9461077844311376,3.05
2021-04-14 23:00:00,23,20,0,4,15,1,0,9,8,2,10,2,9.066666666666666,97.5,3.0,6.68,50.0,0.7,209.7726136034732,5.819011976047904,0.5,1.347305389221557,3.15
2021-04-15 00:00:00,0,17,0,4,13,0,0,2,8,2,10,2,10.066666666666666,157.5,3.0,6.68,42.5,0.6111111111111112,208.97761360347323,2.343650933427263,0.425,0.2994011976047904,3.235294117647059
2021-04-15 01:00:00,1,19,0,4,15,0,0,8,8,1,9,1,11.066666666666666,220.0,3.0,6.68,47.5,0.6559139784946236,204.6393068017366,5.369941695556257,0.475,1.1976047904191618,3.210526315789474
2021-04-15 02:00:00,2,18,0,2,16,0,0,3,7,0,7,0,12.066666666666666,280.0,3.0,6.68,45.0,0.5656565656565656,180.466,2.797205588822356,0.45,0.4491017964071856,3.111111111111111
2021-04-15 03:00:00,3,15,1,2,12,0,0,2,8,1,9,1,13.066666666666666,335.0,3.0,6.68,37.5,0.5268817204301075,207.33930680173663,2.203043912175649,0.375,0.2994011976047904,3.2666666666666666
2021-04-15 04:00:00,4,14,1,2,11,0,0,2,9,1,10,1,14.066666666666666,392.5,3.0,6.68,35.0,0.5111111111111111,224.23430680173664,2.133746792130025,0.35,0.2994011976047904,3.2857142857142856
2021-04-15 05:00:00,5,15,0,3,12,0,0,6,9,0,9,0,15.066666666666666,455.0,3.0,6.68,37.5,0.5161290322580645,217.751,4.074251497005989,0.375,0.8982035928143713,3.2
2021-04-15 06:00:00,6,17,0,3,14,0,0,4,10,0,10,0,16.066666666666666,512.5,3.0,6.68,42.5,0.6,241.081,3.2520781965480805,0.425,0.5988023952095809,3.176470588235294
2021-04-15 07:00:00,7,14,0,3,11,0,0,1,9,0,9,0,17.066666666666666,575.0,3.0,6.68,35.0,0.4838709677419355,226.886,1.606180496150556,0.35,0.1497005988023952,3.2142857142857144
2021-04-15 08:00:00,8,16,0,5,11,0,0,4,10,1,11,1,18.066666666666663,630.0,3.0,6.38,40.0,0.6091954022988506,264.4843068017366,3.4018025078369907,0.4,0.6269592476489029,3.3125
2021-04-15 09:00:00,9,22,0,3,19,0,0,13,7,1,8,1,19.066666666666663,441.5,3.0,6.38,55.00000000000001,0.71875,242.79430680173664,8.115709603875748,0.55,2.0376175548589344,3.136363636363636
2021-04-15 10:00:00,10,28,0,5,23,0,0,9,10,2,12,2,20.066666666666663,82.0,4.0,9.63,70.0,0.7946428571428571,315.77261360347325,5.195627503337784,0.7,0.9345794392523366,3.1785714285714284
2021-04-15 11:00:00,11,28,0,7,21,0,0,7,14,2,16,2,21.066666666666663,94.0,4.0,9.63,70.0,0.9479166666666666,375.0126136034732,4.637409138110073,0.7,0.726895119418484,3.25
2021-04-15 12:00:00,12,29,0,5,24,0,0,7,13,2,15,2,22.066666666666663,161.0,4.0,9.63,72.5,0.92,369.3976136034733,4.606012102982777,0.725,0.726895119418484,3.1724137931034484
2021-04-15 13:00:00,13,32,1,5,26,0,0,7,14,3,17,3,23.066666666666663,203.0,4.0,9.63,80.0,1.1195652173913044,409.1409204052098,4.914693665628246,0.8,0.726895119418484,3.21875
2021-04-15 14:00:00,14,31,1,4,26,0,0,5,15,2,17,2,24.066666666666663,211.0,4.0,9.63,77.5,1.076086956521739,411.7676136034733,4.133124811576726,0.775,0.5192107995846315,3.193548387096774
2021-04-15 15:00:00,15,32,0,4,28,0,0,7,11,2,13,2,25.066666666666663,271.0,4.0,9.63,80.0,0.925925925925926,365.95261360347325,4.771547248182763,0.8,0.726895119418484,3.125
2021-04-15 16:00:00,16,32,1,7,24,0,0,8,11,3,14,3,22.116666666666667,177.5,4.0,9.63,80.0,1.0096153846153846,363.58292040520985,5.350856697819315,0.8,0.8307372793354103,3.28125
2021-04-15 17:00:00,17,29,1,8,19,1,0,5,10,3,13,3,23.116666666666667,117.0,4.0,9.63,72.5,0.8888888888888888,349.38792040520985,4.118766784831883,0.725,0.5192107995846315,3.310344827586207
2021-04-15 18:00:00,18,24,1,9,14,0,0,3,9,3,12,3,9.216666666666669,166.0,4.0,9.63,60.0,0.7410714285714286,246.86692040520984,3.15236240913811,0.6,0.3115264797507788,3.458333333333333
2021-04-15 19:00:00,19,20,1,6,13,0,0,7,8,2,10,2,10.216666666666669,209.5,4.0,9.63,50.0,0.5666666666666667,216.25861360347324,4.171443406022845,0.5,0.726895119418484,3.4
2021-04-15 20:00:00,20,19,0,7,11,0,1,6,8,1,9,1,11.216666666666669,89.0,4.0,9.82,47.5,0.5,205.4853068017366,3.543782827741452,0.475,0.6109979633401221,3.263157894736842
2021-04-15 21:00:00,21,20,1,7,10,1,1,6,7,1,8,1,12.216666666666669,111.0,4.0,9.82,50.0,0.515625,199.8703068017366,3.666293279022403,0.5,0.6109979633401221,3.3
2021-04-15 22:00:00,22,22,1,6,13,1,1,8,7,1,8,1,13.216666666666669,144.0,3.0,6.57,55.00000000000001,0.7395833333333334,209.80030680173664,5.70470803929708,0.55,1.21765601217656,3.227272727272727
2021-04-15 23:00:00,23,25,1,5,17,1,1,8,7,0,7,0,13.45,200.0,3.0,6.57,62.5,0.797979797979798,203.283,5.82279299847793,0.625,1.21765601217656,3.16
2021-04-16 00:00:00,0,24,0,5,15,3,1,5,7,0,7,0,14.45,260.0,3.0,6.57,60.0,0.7272727272727273,206.778,4.08310502283105,0.6,0.76103500761035,3.0
2021-04-16 01:00:00,1,22,0,4,15,2,1,2,7,0,7,0,15.45,320.0,3.0,6.57,55.00000000000001,0.6666666666666666,208.128,2.56324200913242,0.55,0.30441400304414,3.0
2021-04-16 02:00:00,2,22,0,4,16,1,1,4,7,1,8,1,16.45,356.5,3.0,6.57,55.00000000000001,0.6979166666666666,228.03630680173663,3.52915801854158,0.55,0.60882800608828,3.0454545454545454
2021-04-16 03:00:00,3,25,0,5,18,1,1,5,10,1,11,1,17.45,343.0,3.0,6.57,62.5,0.8850574712643678,280.31130680173663,4.268987823439878,0.625,0.76103500761035,3.08
2021-04-16 04:00:00,4,25,0,5,18,1,1,1,11,1,12,1,18.45,394.0,3.0,6.57,62.5,0.9166666666666666,299.35130680173665,2.393797564687976,0.625,0.15220700152207,3.08
2021-04-16 05:00:00,5,29,0,5,22,1,1,4,11,1,12,1,19.45,454.0,3.0,6.57,72.5,1.0595238095238095,313.5713068017366,4.093472156615756,0.725,0.60882800608828,3.0689655172413794
2021-04-16 06:00:00,6,29,0,5,22,1,1,3,12,1,13,1,20.45,505.0,3.0,6.57,72.5,1.0987654320987654,332.61130680173665,3.626354117461817,0.725,0.45662100456621,3.0689655172413794
2021-04-16 07:00:00,7,32,0,5,25,1,1,6,15,1,16,1,21.45,308.5,3.0,6.57,80.0,1.3611111111111112,384.8863068017366,5.246803652968037,0.8,0.91324200913242,3.0625
2021-04-16 08:00:00,8,32,0,5,26,0,1,5,16,1,17,1,22.45,336.0,3.0,7.88,80.0,1.434782608695652,403.92630680173664,4.438039340101523,0.8,0.6345177664974619,3.09375
2021-04-16 09:00:00,9,17,0,1,15,0,1,4,7,0,7,0,23.45,127.0,3.0,7.88,42.5,0.5050505050505051,242.523,2.742982979994028,0.425,0.5076142131979695,2.9411764705882355
2021-04-16 10:00:00,10,18,1,3,13,1,0,6,8,1,9,1,24.45,122.0,4.0,11.2,45.0,0.4677419354838709,277.97630680173665,3.1761904761904765,0.45,0.5357142857142857,3.2222222222222223
2021-04-16 11:00:00,11,17,1,3,13,0,0,2,8,1,9,1,25.45,150.0,4.0,11.2,42.5,0.4516129032258064,281.4713068017366,1.9882352941176469,0.425,0.1785714285714285,3.294117647058824
2021-04-16 12:00:00,12,14,1,1,12,0,0,1,7,1,8,1,26.45,247.5,4.0,11.2,35.0,0.3515625,267.2763068017366,1.4119897959183674,0.35,0.0892857142857142,3.2142857142857144
2021-04-16 13:00:00,13,18,1,3,14,0,0,8,12,1,13,1,27.45,203.0,4.0,11.2,45.0,0.5462962962962963,348.49630680173664,3.8162698412698415,0.45,0.7142857142857143,3.2777777777777777
2021-04-16 14:00:00,14,18,1,4,13,0,0,5,10,2,12,2,28.45,191.0,4.0,11.2,45.0,0.5357142857142857,341.60461360347324,2.988095238095238,0.45,0.4464285714285714,3.333333333333333
2021-04-16 15:00:00,15,19,1,6,12,0,0,7,10,2,12,2,29.45,163.0,4.0,11.2,47.5,0.5803571428571429,349.3896136034732,3.7631578947368425,0.475,0.625,3.421052631578948
2021-04-16 16:00:00,16,21,0,5,16,0,0,8,7,2,9,2,30.45,134.0,4.0,11.2,52.5,0.5483870967741935,319.1196136034732,4.012925170068027,0.525,0.7142857142857143,3.238095238095238
2021-04-16 17:00:00,17,23,0,7,16,0,0,7,8,2,10,2,31.45,92.5,4.0,11.2,57.49999999999999,0.6333333333333333,342.4496136034732,3.965217391304348,0.575,0.625,3.3043478260869565
2021-04-16 18:00:00,18,19,0,7,12,0,0,3,9,2,11,2,32.45,110.0,4.0,11.2,47.5,0.5517241379310345,352.9096136034732,2.5022556390977444,0.475,0.2678571428571428,3.3684210526315788
2021-04-16 19:00:00,19,17,0,4,13,0,0,7,8,1,9,1,33.45,121.0,4.0,11.2,42.5,0.4435483870967742,326.59130680173666,3.397058823529412,0.425,0.625,3.235294117647059
2021-04-16 20:00:00,20,18,0,5,12,1,0,7,8,2,10,2,34.45,174.0,4.0,9.89,45.0,0.4833333333333333,348.6446136034732,3.730642624424222,0.45,0.7077856420626896,3.2222222222222223
2021-04-16 21:00:00,21,18,0,6,12,0,0,8,8,2,10,2,35.45,183.5,4.0,9.89,45.0,0.5,354.28461360347325,4.196326255476913,0.45,0.8088978766430738,3.333333333333333
2021-04-16 22:00:00,22,17,0,4,13,0,0,5,8,1,9,1,36.45,61.0,3.0,6.57,42.5,0.5913978494623656,343.5113068017366,3.8371720834452505,0.425,0.76103500761035,3.235294117647059
2021-04-16 23:00:00,23,18,0,3,15,0,0,5,7,1,8,1,37.45,92.5,3.0,6.57,45.0,0.59375,337.8963068017366,3.834944190766108,0.45,0.76103500761035,3.1666666666666665
2021-04-17 00:00:00,0,14,0,4,10,0,0,3,7,0,7,0,38.45,150.0,3.0,6.57,35.0,0.4646464646464646,320.688,2.650326157860404,0.35,0.45662100456621,3.2857142857142856
2021-04-17 01:00:00,1,17,0,4,13,0,0,3,7,0,7,0,39.45,210.0,3.0,6.57,42.5,0.5555555555555556,332.763,2.85230325006715,0.425,0.45662100456621,3.235294117647059
2021-04-17 02:00:00,2,21,0,4,17,0,0,5,8,0,8,0,40.45,267.5,3.0,6.57,52.5,0.6979166666666666,360.383,4.103064071899689,0.525,0.76103500761035,3.1904761904761907
2021-04-17 03:00:00,3,19,0,3,16,0,0,4,7,0,7,0,41.45,325.0,3.0,6.57,47.5,0.6060606060606061,348.333,3.422614756068253,0.475,0.60882800608828,3.1578947368421053
2021-04-17 04:00:00,4,22,0,3,19,0,0,3,8,0,8,0,42.45,381.0,3.0,6.57,55.00000000000001,0.71875,373.808,3.157129514321295,0.55,0.45662100456621,3.136363636363636
2021-04-17 05:00:00,5,22,1,3,18,0,0,3,8,1,9,1,43.45,437.0,3.0,6.57,55.00000000000001,0.7634408602150538,393.7163068017366,3.248640514736405,0.55,0.45662100456621,3.227272727272727
2021-04-17 06:00:00,6,21,1,4,16,0,0,2,9,1,10,1,44.45,471.0,3.0,6.57,52.5,0.7666666666666667,410.6113068017367,2.725217438573603,0.525,0.30441400304414,3.2857142857142856
2021-04-17 07:00:00,7,20,1,4,15,0,0,2,9,1,10,1,45.45,531.0,3.0,6.57,50.0,0.7333333333333333,414.1063068017367,2.6545662100456617,0.5,0.30441400304414,3.3
2021-04-17 08:00:00,8,21,0,4,17,0,0,4,10,0,10,0,46.45,591.0,3.0,7.88,52.5,0.7444444444444445,421.023,3.294531061155427,0.525,0.5076142131979695,3.1904761904761907
2021-04-17 09:00:00,9,21,0,6,15,0,0,5,7,1,8,1,47.45,553.5,3.0,7.88,52.5,0.71875,400.7313068017367,3.8098440899202326,0.525,0.6345177664974619,3.2857142857142856
2021-04-17 10:00:00,10,23,0,4,18,1,0,6,9,1,10,1,48.45,128.0,4.0,11.2,57.49999999999999,0.6,437.46130680173655,3.4770186335403728,0.575,0.5357142857142857,3.130434782608696
2021-04-17 11:00:00,11,26,0,4,22,0,0,12,9,2,11,2,49.45,135.0,4.0,11.2,65.0,0.7068965517241379,463.8046136034733,5.429120879120879,0.65,1.0714285714285714,3.1538461538461537
2021-04-17 12:00:00,12,25,1,6,18,0,0,8,7,3,10,3,50.45,65.5,4.0,11.2,62.5,0.6916666666666667,454.76792040520985,4.446428571428572,0.625,0.7142857142857143,3.32
2021-04-17 13:00:00,13,27,2,6,19,0,0,5,7,4,11,4,51.45,120.0,4.0,11.2,67.5,0.7844827586206896,478.9662272069464,3.7796296296296297,0.675,0.4464285714285714,3.3703703703703702
2021-04-17 14:00:00,14,25,2,4,19,0,0,6,6,4,10,4,52.45,168.0,4.0,11.2,62.5,0.6916666666666667,466.9162272069465,3.853571428571428,0.625,0.5357142857142857,3.32
2021-04-17 15:00:00,15,23,2,2,19,0,0,9,8,3,11,3,53.45,177.0,4.0,11.2,57.49999999999999,0.646551724137931,480.7979204052099,4.495341614906832,0.575,0.8035714285714286,3.260869565217391
2021-04-17 16:00:00,16,22,2,4,16,0,0,4,7,3,10,3,54.45,238.0,4.0,11.2,55.00000000000001,0.6166666666666667,470.89292040520985,3.051298701298702,0.55,0.3571428571428571,3.363636363636364
2021-04-17 17:00:00,17,18,2,3,13,0,0,4,9,3,12,3,55.45,227.0,4.0,11.2,45.0,0.5446428571428571,494.7529204052098,2.7353174603174604,0.45,0.3571428571428571,3.388888888888889
2021-04-17 18:00:00,18,19,0,5,14,0,0,8,9,1,10,1,56.45,202.5,4.0,11.2,47.5,0.5166666666666667,474.00130680173663,3.880827067669173,0.475,0.7142857142857143,3.263157894736842
2021-04-17 19:00:00,19,16,0,4,12,0,0,6,6,1,7,1,57.45,130.0,4.0,11.2,40.0,0.3939393939393939,433.00630680173657,3.0410714285714286,0.4,0.5357142857142857,3.25
2021-04-17 20:00:00,20,15,0,5,10,0,0,7,6,0,6,0,58.45,175.0,4.0,10.0,37.5,0.3676470588235294,422.233,3.583333333333333,0.375,0.7,3.333333333333333
2021-04-17 21:00:00,21,12,0,3,9,0,0,6,4,0,4,0,59.45,211.5,4.0,10.0,30.0,0.2708333333333333,394.638,2.925,0.3,0.6,3.25
2021-04-17 22:00:00,22,13,1,1,10,1,0,9,4,0,4,0,60.45,220.0,3.0,6.68,32.5,0.3796296296296296,402.423,5.274193919852602,0.325,1.347305389221557,3.1538461538461537
2021-04-17 23:00:00,23,18,1,5,11,1,0,13,6,0,6,0,61.45,70.5,3.0,6.68,45.0,0.5882352941176471,445.588,7.987025948103794,0.45,1.9461077844311376,3.333333333333333
2021-04-18 00:00:00,0,18,2,4,11,1,0,5,7,1,8,1,62.45,79.5,3.0,6.68,45.0,0.6354166666666666,478.8963068017366,4.061593479707252,0.45,0.7485029940119761,3.388888888888889
2021-04-18 01:00:00,1,24,2,6,13,3,0,12,9,1,10,1,63.45,96.5,3.0,6.68,60.0,0.8777777777777778,524.2063068017367,7.88817365269461,0.6,1.796407185628743,3.2916666666666665
2021-04-18 02:00:00,2,28,1,7,14,6,0,7,10,0,10,0,64.45,148.5,3.0,6.68,70.0,0.9666666666666668,537.558,5.4309880239520965,0.7,1.0479041916167666,3.107142857142857
2021-04-18 03:00:00,3,26,1,6,16,3,0,3,11,0,11,0,65.45,181.0,3.0,6.68,65.0,0.9540229885057472,552.308,3.508671119299862,0.65,0.4491017964071856,3.1923076923076925
2021-04-18 04:00:00,4,24,1,7,14,2,0,3,12,0,12,0,66.45,233.0,3.0,6.68,60.0,0.9404761904761904,567.058,3.453293413173653,0.6,0.4491017964071856,3.2916666666666665
2021-04-18 05:00:00,5,22,1,9,9,3,0,3,13,1,14,1,67.45,282.0,3.0,6.68,55.00000000000001,0.9487179487179488,596.0763068017366,3.360615133369625,0.55,0.4491017964071856,3.363636363636364
2021-04-18 06:00:00,6,23,1,8,11,3,0,3,14,1,15,1,68.45,339.0,3.0,6.68,57.49999999999999,1.0133333333333334,617.2613068017366,3.383988544649831,0.575,0.4491017964071856,3.3043478260869565
2021-04-18 07:00:00,7,23,1,8,12,2,0,2,15,1,16,1,69.45,394.5,3.0,6.68,57.49999999999999,1.0694444444444444,636.3013068017366,2.927343139807342,0.575,0.2994011976047904,3.347826086956522
2021-04-18 08:00:00,8,22,1,8,11,2,0,4,15,0,15,0,70.45,459.0,3.0,6.71,55.00000000000001,0.9866666666666668,625.528,3.855148353881588,0.55,0.5961251862891207,3.363636363636364
2021-04-18 09:00:00,9,16,0,3,11,2,0,4,5,1,6,1,71.45,492.0,3.0,6.71,40.0,0.4803921568627451,498.5663068017366,3.050633383010432,0.4,0.5961251862891207,3.0625
2021-04-18 10:00:00,10,21,0,4,17,0,0,8,6,1,7,1,72.45,427.0,4.0,10.41,52.5,0.5075757575757576,528.3313068017367,4.126854901422624,0.525,0.7684918347742555,3.1904761904761907
2021-04-18 11:00:00,11,21,0,5,15,1,0,8,6,1,7,1,73.45,80.0,4.0,10.41,52.5,0.5075757575757576,533.9713068017365,4.126854901422624,0.525,0.7684918347742555,3.1904761904761907
2021-04-18 12:00:00,12,21,0,6,14,1,0,8,6,1,7,1,74.45,106.0,4.0,10.41,52.5,0.5151515151515151,539.6113068017366,4.188449750697589,0.525,0.7684918347742555,3.238095238095238
2021-04-18 13:00:00,13,19,0,5,14,0,0,7,4,1,5,1,75.45,166.0,4.0,10.41,47.5,0.4428571428571428,514.1613068017366,3.744246422973861,0.475,0.6724303554274735,3.263157894736842
2021-04-18 14:00:00,14,32,0,3,28,1,0,19,6,1,7,1,76.45,131.0,4.0,10.41,80.0,0.7424242424242424,574.4863068017366,8.039577329490875,0.8,1.8251681075888568,3.0625
2021-04-18 15:00:00,15,34,0,5,28,1,0,14,6,1,7,1,77.45,111.0,4.0,10.41,85.0,0.803030303030303,584.4163068017366,6.842801039724247,0.85,1.344860710854947,3.117647058823529
2021-04-18 16:00:00,16,21,0,5,16,0,0,7,3,0,3,0,78.45,118.0,4.0,10.41,52.5,0.4594594594594595,507.703,3.87739353186039,0.525,0.6724303554274735,3.238095238095238
2021-04-18 17:00:00,17,18,1,4,12,1,0,6,3,1,4,1,79.45,160.0,4.0,10.41,45.0,0.4097222222222222,521.1763068017366,3.364209093820045,0.45,0.5763688760806917,3.2777777777777777
2021-04-18 18:00:00,18,21,0,4,15,2,0,9,5,0,5,0,80.45,202.0,4.0,10.41,52.5,0.4642857142857143,545.783,4.300998353231782,0.525,0.8645533141210374,3.095238095238096
2021-04-18 19:00:00,19,27,0,3,23,1,0,13,4,0,4,0,81.45,193.5,4.0,10.41,67.5,0.5763888888888888,550.893,5.913901341302879,0.675,1.2487992315081653,3.074074074074074
2021-04-18 20:00:00,20,28,0,3,25,0,0,9,4,0,4,0,82.45,241.0,4.0,10.38,70.0,0.6041666666666666,558.678,4.869054500412882,0.7,0.8670520231213874,3.107142857142857
2021-04-18 21:00:00,21,27,0,3,23,1,0,7,5,0,5,0,83.45,184.0,4.0,10.38,67.5,0.5928571428571429,575.573,4.148075001784058,0.675,0.674373795761079,3.074074074074074
2021-04-18 22:00:00,22,27,0,3,23,1,0,8,5,1,6,1,84.45,108.0,3.0,6.68,67.5,0.8137254901960784,595.4813068017367,5.75652583721446,0.675,1.1976047904191618,3.074074074074074
2021-04-18 23:00:00,23,23,0,2,21,0,0,9,7,1,8,1,85.45,59.0,3.0,6.68,57.49999999999999,0.7395833333333334,619.3413068017367,5.9340731580317625,0.575,1.347305389221557,3.0869565217391304
2021-04-19 00:00:00,0,18,0,2,16,0,0,5,7,1,8,1,86.45,119.0,3.0,6.68,45.0,0.5833333333333334,614.2563068017366,3.728675981370592,0.45,0.7485029940119761,3.111111111111111
2021-04-19 01:00:00,1,17,1,1,15,0,0,5,8,0,8,0,87.45,175.0,3.0,6.68,42.5,0.5625,616.8829999999999,3.7275977456851,0.425,0.7485029940119761,3.176470588235294
2021-04-19 02:00:00,2,18,1,2,15,0,0,4,9,0,9,0,88.45,214.0,3.0,6.68,45.0,0.6236559139784946,638.068,3.379474384564205,0.45,0.5988023952095809,3.2222222222222223
2021-04-19 03:00:00,3,17,1,2,14,0,0,0,9,0,9,0,89.45,274.0,3.0,6.68,42.5,0.5913978494623656,641.563,1.375,0.425,0.0,3.235294117647059
2021-04-19 04:00:00,4,15,1,2,12,0,0,0,9,0,9,0,90.45,334.0,3.0,6.68,37.5,0.5268817204301075,642.913,1.225,0.375,0.0,3.2666666666666666
2021-04-19 05:00:00,5,16,1,2,13,0,0,1,9,0,9,0,91.45,394.0,3.0,6.68,40.0,0.5591397849462365,650.6980000000001,1.7865269461077848,0.4,0.1497005988023952,3.25
2021-04-19 06:00:00,6,20,2,5,12,1,0,6,14,0,14,0,92.45,332.0,3.0,6.68,50.0,0.8717948717948718,731.918,4.753892215568863,0.5,0.8982035928143713,3.4
2021-04-19 07:00:00,7,22,2,6,12,2,0,3,15,1,16,1,93.45,348.0,3.0,6.68,55.00000000000001,1.0277777777777777,769.5163068017366,3.360615133369625,0.55,0.4491017964071856,3.363636363636364
2021-04-19 08:00:00,8,21,2,7,12,0,0,3,15,1,16,1,94.45,408.0,3.0,6.65,52.5,1.0277777777777777,773.0113068017366,3.43968850698174,0.525,0.4511278195488721,3.523809523809524
2021-04-19 09:00:00,9,17,2,7,8,0,0,4,10,1,11,1,95.45,213.0,3.0,6.65,42.5,0.7126436781609196,703.0713068017366,3.743719593100398,0.425,0.6015037593984962,3.647058823529412
2021-04-19 10:00:00,10,19,4,5,10,0,0,6,11,1,12,1,96.45,221.0,4.0,9.9,47.5,0.625,726.4013068017366,3.982854864433812,0.475,0.6060606060606061,3.684210526315789
2021-04-19 11:00:00,11,25,4,6,15,0,0,12,12,1,13,1,97.45,99.0,4.0,9.9,62.5,0.8240740740740741,758.3113068017366,6.540151515151515,0.625,1.2121212121212122,3.56
2021-04-19 12:00:00,12,31,5,6,20,0,0,11,13,4,17,4,98.45,112.0,4.0,9.9,77.5,1.184782608695652,833.0262272069465,6.631810035842293,0.775,1.1111111111111112,3.5161290322580645
2021-04-19 13:00:00,13,36,5,8,23,0,0,12,14,4,18,4,99.45,165.5,4.0,9.9,90.0,1.431818181818182,862.7912272069465,7.392424242424243,0.9,1.2121212121212122,3.5
2021-04-19 14:00:00,14,30,4,7,19,0,0,5,12,4,16,4,100.45,160.5,4.0,9.9,75.0,1.09375,828.7612272069465,4.392676767676768,0.75,0.5050505050505051,3.5
2021-04-19 15:00:00,15,25,1,7,17,0,0,7,10,4,14,4,101.45,165.5,4.0,9.9,62.5,0.8076923076923077,796.8762272069464,4.475757575757576,0.625,0.7070707070707071,3.36
2021-04-19 16:00:00,16,29,1,8,20,0,0,10,10,3,13,3,102.45,181.0,4.0,9.9,72.5,0.8981481481481481,796.8279204052099,5.803613723441309,0.725,1.0101010101010102,3.3448275862068964
2021-04-19 17:00:00,17,28,0,10,18,0,0,7,11,2,13,2,103.45,191.0,4.0,9.9,70.0,0.8703703703703703,799.4546136034733,4.723737373737373,0.7,0.7070707070707071,3.357142857142857
2021-04-19 18:00:00,18,29,0,11,17,1,0,5,10,2,12,2,104.45,261.0,4.0,9.9,72.5,0.8660714285714286,793.8396136034733,4.114306861720655,0.725,0.5050505050505051,3.3448275862068964
2021-04-19 19:00:00,19,26,0,12,14,0,0,6,7,3,10,3,105.45,234.5,4.0,9.9,65.0,0.75,767.1129204052098,4.347902097902098,0.65,0.6060606060606061,3.4615384615384617
2021-04-19 20:00:00,20,21,0,8,13,0,0,5,6,2,8,2,106.45,248.5,4.0,9.55,52.5,0.5546875,734.3596136034732,3.545132136624283,0.525,0.5235602094240838,3.380952380952381
2021-04-19 21:00:00,21,26,0,8,17,1,0,9,7,3,10,3,107.45,200.0,4.0,9.55,65.0,0.7083333333333334,778.3929204052099,5.205950463149415,0.65,0.9424083769633508,3.269230769230769
2021-04-19 22:00:00,22,27,0,6,20,1,0,9,9,2,11,2,108.45,197.0,3.0,6.3,67.5,0.9885057471264368,798.7096136034733,6.70026455026455,0.675,1.4285714285714286,3.185185185185185
2021-04-19 23:00:00,23,27,0,7,19,1,0,9,9,2,11,2,109.45,168.0,3.0,6.3,67.5,1.0,804.3496136034732,6.778174603174604,0.675,1.4285714285714286,3.2222222222222223
2021-04-20 00:00:00,0,29,0,7,21,1,0,7,10,2,12,2,110.45,205.5,3.0,6.3,72.5,1.1071428571428572,827.6796136034732,5.888218390804598,0.725,1.1111111111111112,3.206896551724138
2021-04-20 01:00:00,1,29,0,7,20,2,0,6,11,2,13,2,111.45,243.0,3.0,6.3,72.5,1.1358024691358024,846.7196136034732,5.321346469622332,0.725,0.9523809523809524,3.1724137931034484
2021-04-20 02:00:00,2,27,0,6,20,1,0,6,11,2,13,2,112.45,303.0,3.0,6.3,67.5,1.0617283950617284,848.0696136034733,5.183509700176367,0.675,0.9523809523809524,3.185185185185185
2021-04-20 03:00:00,3,23,0,6,16,1,0,0,10,2,12,2,113.45,385.5,3.0,6.3,57.49999999999999,0.8809523809523809,831.7296136034731,1.85,0.575,0.0,3.217391304347826
2021-04-20 04:00:00,4,24,0,5,18,1,0,2,11,3,14,3,114.45,418.0,3.0,6.3,60.0,0.9743589743589745,867.1829204052098,2.905291005291005,0.6,0.3174603174603174,3.1666666666666665
2021-04-20 05:00:00,5,28,0,7,20,1,0,5,11,4,15,4,115.45,473.0,3.0,6.3,70.0,1.2,895.6712272069465,4.801020408163265,0.7,0.7936507936507937,3.2142857142857144
2021-04-20 06:00:00,6,31,0,8,22,1,0,3,12,4,16,4,116.45,524.0,3.0,6.3,77.5,1.3888888888888888,921.1462272069464,4.036098310291859,0.775,0.4761904761904762,3.225806451612903
2021-04-20 07:00:00,7,31,0,8,22,1,0,1,12,5,17,5,117.45,575.0,3.0,6.3,77.5,1.4492753623188406,941.054534008683,3.012032770097286,0.775,0.1587301587301587,3.225806451612903
2021-04-20 08:00:00,8,25,0,6,18,1,0,2,12,4,16,4,118.45,644.0,3.0,7.76,62.5,1.1111111111111112,919.5562272069463,2.8247422680412373,0.625,0.2577319587628866,3.2
2021-04-20 09:00:00,9,26,1,5,19,1,0,5,11,5,16,5,119.45,704.0,3.0,7.76,65.0,1.1666666666666667,928.209534008683,4.181681205392546,0.65,0.6443298969072165,3.230769230769231
2021-04-20 10:00:00,10,31,1,5,24,0,1,10,11,6,17,6,120.45,403.0,4.0,12.48,77.5,1.065217391304348,958.8428408104196,4.983085194375517,0.775,0.8012820512820512,3.161290322580645
2021-04-20 11:00:00,11,35,1,8,25,0,1,8,14,7,21,7,22.066666666666663,154.0,4.0,12.48,87.5,1.486842105263158,467.0091476121563,4.8945970695970695,0.875,0.641025641025641,3.2285714285714286
2021-04-20 12:00:00,12,30,1,8,21,0,0,3,14,7,21,7,23.066666666666663,171.0,4.0,12.48,75.0,1.3157894736842106,461.92414761215633,3.3012820512820515,0.75,0.2403846153846153,3.333333333333333
2021-04-20 13:00:00,13,30,1,7,22,0,0,6,14,7,21,7,18.28333333333333,214.0,4.0,12.48,75.0,1.3026315789473684,434.9461476121563,4.061538461538461,0.75,0.4807692307692307,3.3
2021-04-20 14:00:00,14,33,1,6,26,0,0,5,14,6,20,6,19.28333333333333,271.5,4.0,12.48,82.5,1.3375,432.7528408104197,3.9740481740481735,0.825,0.4006410256410256,3.242424242424242
2021-04-20 15:00:00,15,33,1,5,27,0,0,7,11,5,16,5,15.066666666666666,276.0,4.0,12.48,82.5,1.1041666666666667,354.5025340086831,4.451670551670551,0.825,0.5608974358974359,3.212121212121212
2021-04-20 16:00:00,16,29,1,3,25,0,0,9,11,4,15,4,12.716666666666669,314.0,4.0,12.48,72.5,0.92,318.4002272069464,4.587798408488064,0.725,0.7211538461538461,3.1724137931034484
2021-04-20 17:00:00,17,25,1,3,21,0,0,4,9,4,13,4,13.716666666666669,374.0,4.0,12.48,62.5,0.7407407407407407,288.6602272069465,3.025641025641025,0.625,0.3205128205128205,3.2
2021-04-20 18:00:00,18,20,0,4,16,0,0,4,9,2,11,2,14.716666666666669,164.0,4.0,12.48,50.0,0.5517241379310345,255.0386136034732,2.6256410256410256,0.5,0.3205128205128205,3.2
2021-04-20 19:00:00,19,18,0,3,14,1,0,2,8,2,10,2,15.716666666666669,349.5,4.0,12.48,45.0,0.4666666666666667,242.98861360347323,1.8985754985754988,0.45,0.1602564102564102,3.111111111111111
2021-04-20 20:00:00,20,28,0,5,22,1,0,14,8,5,13,5,16.716666666666665,149.0,4.0,11.3,70.0,0.8148148148148148,312.88353400868306,6.093805309734512,0.7,1.238938053097345,3.142857142857143
2021-04-20 21:00:00,21,26,0,4,22,0,0,4,8,4,12,4,17.716666666666665,144.5,4.0,11.3,65.0,0.7321428571428571,299.96522720694645,3.1664057181756298,0.65,0.3539823008849557,3.1538461538461537
2021-04-20 22:00:00,22,28,0,4,23,1,0,5,10,4,14,4,18.716666666666665,133.0,3.0,6.58,70.0,1.1153846153846154,336.69522720694647,4.536050803300043,0.7,0.7598784194528875,3.107142857142857
2021-04-20 23:00:00,23,27,0,4,21,2,0,7,10,2,12,2,12.733333333333333,186.5,3.0,6.58,67.5,0.988095238095238,272.2676136034732,5.345291568163908,0.675,1.0638297872340423,3.074074074074074
2021-04-21 00:00:00,0,21,0,3,17,1,0,4,10,2,12,2,13.733333333333333,246.5,3.0,6.58,52.5,0.7738095238095238,265.03761360347323,3.506603705311912,0.525,0.60790273556231,3.095238095238096
2021-04-21 01:00:00,1,21,0,5,16,0,0,2,11,3,14,3,14.733333333333333,275.0,3.0,6.58,52.5,0.8717948717948718,298.3459204052098,2.684223476624693,0.525,0.303951367781155,3.238095238095238
2021-04-21 02:00:00,2,23,0,5,18,0,0,2,11,3,14,3,15.733333333333333,335.0,3.0,6.58,57.49999999999999,0.9487179487179488,308.27592040520983,2.827930487643716,0.575,0.303951367781155,3.217391304347826
2021-04-21 03:00:00,3,21,0,5,15,0,1,1,11,3,14,3,16.733333333333334,395.0,3.0,6.58,52.5,0.8461538461538461,309.62592040520985,2.127637863656101,0.525,0.1519756838905775,3.142857142857143
2021-04-21 04:00:00,4,21,0,5,15,0,1,1,11,2,13,2,17.733333333333334,483.0,3.0,6.58,52.5,0.8148148148148148,300.99761360347327,2.127637863656101,0.525,0.1519756838905775,3.142857142857143
2021-04-21 05:00:00,5,21,0,5,15,0,1,0,11,2,13,2,18.73333333333333,543.0,3.0,6.58,52.5,0.8148148148148148,306.63761360347326,1.65,0.525,0.0,3.142857142857143
2021-04-21 06:00:00,6,24,0,8,15,0,1,4,11,2,13,2,19.73333333333333,603.0,3.0,6.58,60.0,0.9629629629629628,318.71261360347324,3.925683890577508,0.6,0.60790273556231,3.25
2021-04-21 07:00:00,7,28,0,9,17,1,1,4,11,3,14,3,20.73333333333333,635.0,3.0,6.58,70.0,1.1538461538461535,347.20092040520984,4.20397307859314,0.7,0.60790273556231,3.2142857142857144
2021-04-21 08:00:00,8,26,0,9,15,1,1,1,10,3,13,3,21.73333333333333,667.0,3.0,7.01,65.0,1.037037037037037,335.15092040520983,2.560880061450675,0.65,0.1426533523537803,3.230769230769231
2021-04-21 09:00:00,9,34,1,9,21,2,1,10,9,4,13,4,22.73333333333333,706.0,3.0,7.01,85.0,1.345679012345679,358.8192272069465,7.298298648988839,0.85,1.4265335235378032,3.2058823529411766
2021-04-21 10:00:00,10,38,2,10,24,2,0,11,11,4,15,4,23.73333333333333,762.0,4.0,10.47,95.0,1.26,399.8392272069465,6.633637460413212,0.95,1.0506208213944606,3.3157894736842106
2021-04-21 11:00:00,11,29,2,9,18,0,0,6,12,4,16,4,24.466666666666665,457.0,4.0,10.47,72.5,1.0416666666666667,398.07022720694647,4.4760893192372295,0.725,0.5730659025787966,3.4482758620689653
2021-04-21 12:00:00,12,32,2,11,18,1,0,11,11,5,16,5,25.466666666666665,273.0,4.0,10.47,80.0,1.1458333333333333,411.013534008683,6.361509073543458,0.8,1.0506208213944606,3.4375
2021-04-21 13:00:00,13,33,2,11,18,2,0,6,11,5,16,5,26.466666666666665,167.5,4.0,10.47,82.5,1.1666666666666667,418.7985340086831,4.744950942085612,0.825,0.5730659025787966,3.393939393939394
2021-04-21 14:00:00,14,35,2,12,19,2,0,9,11,5,16,5,27.466666666666665,195.5,4.0,10.47,87.5,1.2395833333333333,428.7285340086831,5.897636103151863,0.875,0.8595988538681949,3.4
2021-04-21 15:00:00,15,32,1,9,20,2,0,9,12,3,15,3,28.466666666666665,247.0,4.0,10.47,80.0,1.05,412.7969204052098,5.445558739255015,0.8,0.8595988538681949,3.28125
2021-04-21 16:00:00,16,30,0,9,21,0,0,6,14,2,16,2,29.466666666666665,258.5,4.0,10.47,75.0,1.03125,426.6786136034732,4.366117478510029,0.75,0.5730659025787966,3.3
2021-04-21 17:00:00,17,30,1,8,21,0,0,6,14,2,16,2,30.466666666666665,209.5,4.0,10.47,75.0,1.0416666666666667,432.3186136034733,4.410219675262656,0.75,0.5730659025787966,3.333333333333333
2021-04-21 18:00:00,18,31,1,7,23,0,0,7,14,1,15,1,21.416666666666668,214.0,4.0,10.47,77.5,1.02,369.1533068017366,4.749833626028284,0.775,0.6685768863419294,3.290322580645161
2021-04-21 19:00:00,19,26,1,9,16,0,0,7,11,1,12,1,22.416666666666668,226.5,4.0,10.47,65.0,0.7946428571428571,323.86830680173665,4.513590110939681,0.65,0.6685768863419294,3.423076923076923
2021-04-21 20:00:00,20,25,1,10,14,0,0,8,11,3,14,3,23.416666666666668,153.5,4.0,9.84,62.5,0.8365384615384616,355.89992040520985,5.004268292682927,0.625,0.8130081300813008,3.48
2021-04-21 21:00:00,21,29,1,8,20,0,0,10,10,3,13,3,24.416666666666668,177.0,4.0,9.84,72.5,0.8981481481481481,356.7199204052099,5.824215026633024,0.725,1.016260162601626,3.3448275862068964
2021-04-21 22:00:00,22,22,0,6,16,0,0,5,7,2,9,2,8.883333333333333,169.0,3.0,6.38,55.00000000000001,0.7741935483870968,199.62861360347324,4.364833285836421,0.55,0.7836990595611285,3.272727272727273
2021-04-21 23:00:00,23,23,0,10,13,0,0,7,8,1,9,1,9.883333333333333,185.0,3.0,6.38,57.49999999999999,0.8494623655913979,206.5453068017366,5.743570260324384,0.575,1.09717868338558,3.4347826086956523
2021-04-22 00:00:00,0,26,0,11,15,0,0,8,10,1,11,1,10.883333333333333,240.0,3.0,6.38,65.0,1.0229885057471264,245.4203068017366,6.517259464673258,0.65,1.2539184952978055,3.423076923076923
2021-04-22 01:00:00,1,28,0,10,18,0,0,7,11,1,12,1,11.883333333333333,272.5,3.0,6.38,70.0,1.119047619047619,268.7503068017366,6.033385579937304,0.7,1.09717868338558,3.357142857142857
2021-04-22 02:00:00,2,23,0,8,14,1,0,6,11,0,11,0,12.883333333333333,305.0,3.0,6.38,57.49999999999999,0.8735632183908046,249.397,5.007537140520649,0.575,0.9404388714733544,3.3043478260869565
2021-04-22 03:00:00,3,21,0,9,11,1,0,3,11,0,11,0,13.883333333333333,365.0,3.0,6.38,52.5,0.8160919540229885,250.747,3.3647895208240035,0.525,0.4702194357366771,3.380952380952381
2021-04-22 04:00:00,4,24,0,9,15,0,0,5,13,0,13,0,14.883333333333333,384.0,3.0,6.38,60.0,1.0,289.622,4.669984326018809,0.6,0.7836990595611285,3.375
2021-04-22 05:00:00,5,22,0,8,13,1,0,1,13,0,13,0,15.883333333333333,444.0,3.0,6.38,55.00000000000001,0.9012345679012346,290.972,2.3450911940723858,0.55,0.1567398119122257,3.3181818181818183
2021-04-22 06:00:00,6,22,0,8,13,1,0,1,13,0,13,0,16.883333333333333,504.0,3.0,6.38,55.00000000000001,0.9012345679012346,296.612,2.3450911940723858,0.55,0.1567398119122257,3.3181818181818183
2021-04-22 07:00:00,7,21,0,8,12,1,0,1,14,0,14,0,17.883333333333333,534.5,3.0,6.38,52.5,0.8974358974358975,313.50699999999995,2.2724660397074192,0.525,0.1567398119122257,3.333333333333333
2021-04-22 08:00:00,8,22,0,7,15,0,0,6,14,0,14,0,18.883333333333333,594.5,3.0,6.65,55.00000000000001,0.935897435897436,321.292,4.818848257006152,0.55,0.9022556390977444,3.3181818181818183
2021-04-22 09:00:00,9,15,0,6,9,0,0,2,8,0,8,0,19.883333333333333,533.5,3.0,6.65,37.5,0.53125,231.517,2.2975563909774435,0.375,0.3007518796992481,3.4
2021-04-22 10:00:00,10,14,0,5,9,0,0,3,9,0,9,0,20.883333333333333,365.0,4.0,9.9,35.0,0.3790322580645161,248.412,2.192316017316017,0.35,0.303030303030303,3.357142857142857
2021-04-22 11:00:00,11,26,0,5,20,1,0,16,12,1,13,1,21.883333333333333,91.0,4.0,9.9,65.0,0.7592592592592593,334.26030680173665,7.147125097125097,0.65,1.616161616161616,3.1538461538461537
2021-04-22 12:00:00,12,26,0,7,18,1,0,5,12,1,13,1,22.883333333333333,117.0,4.0,9.9,65.0,0.7777777777777778,339.90030680173663,3.731701631701632,0.65,0.5050505050505051,3.230769230769231
2021-04-22 13:00:00,13,21,1,6,14,0,0,4,12,2,14,2,22.883333333333333,157.0,4.0,9.9,52.5,0.6826923076923077,343.4436136034732,3.141041366041366,0.525,0.404040404040404,3.380952380952381
2021-04-22 14:00:00,14,23,3,5,15,0,0,8,13,2,15,2,19.95,104.0,4.0,9.9,57.49999999999999,0.8,344.5896136034732,4.810715854194116,0.575,0.8080808080808081,3.4782608695652173
2021-04-22 15:00:00,15,18,3,5,10,0,0,2,9,3,12,3,20.95,117.5,4.0,9.9,45.0,0.5803571428571429,300.1729204052099,2.354517396184063,0.45,0.202020202020202,3.611111111111111
2021-04-22 16:00:00,16,21,2,6,13,0,0,6,9,3,12,3,21.95,174.0,4.0,9.9,52.5,0.6517857142857143,312.24792040520987,3.931782106782107,0.525,0.6060606060606061,3.4761904761904763
2021-04-22 17:00:00,17,24,2,5,16,1,0,10,11,2,13,2,22.95,221.0,4.0,9.9,60.0,0.7407407407407407,336.85461360347324,5.367003367003367,0.6,1.0101010101010102,3.333333333333333
2021-04-22 18:00:00,18,21,2,4,14,1,0,3,11,1,12,1,23.95,283.5,4.0,9.9,52.5,0.625,321.7913068017366,2.7601010101010104,0.525,0.303030303030303,3.333333333333333
2021-04-22 19:00:00,19,17,0,1,14,2,0,5,9,0,9,0,24.95,150.0,4.0,9.9,42.5,0.4032258064516129,277.783,2.7354426619132504,0.425,0.5050505050505051,2.9411764705882355
2021-04-22 20:00:00,20,23,0,1,20,2,0,12,8,0,8,0,25.95,106.5,4.0,9.55,57.49999999999999,0.53125,282.893,5.415001138174368,0.575,1.256544502617801,2.9565217391304346
2021-04-22 21:00:00,21,27,1,2,22,2,0,11,9,0,9,0,26.95,67.0,4.0,9.55,67.5,0.6693548387096774,310.51300000000003,5.6158183052162105,0.675,1.1518324607329842,3.074074074074074
2021-04-22 22:00:00,22,21,0,2,19,0,0,5,6,0,6,0,6.6,114.0,3.0,6.3,52.5,0.6372549019607843,142.669,4.081538170823886,0.525,0.7936507936507937,3.095238095238096
2021-04-22 23:00:00,23,20,0,2,15,2,1,9,5,0,5,0,7.6,182.0,3.0,6.3,50.0,0.5523809523809524,132.764,5.592857142857143,0.5,1.4285714285714286,2.9
2021-04-23 00:00:00,0,18,0,1,16,1,0,5,5,0,5,0,8.6,242.0,3.0,6.3,45.0,0.5142857142857142,134.114,3.730952380952381,0.45,0.7936507936507937,3.0
2021-04-23 01:00:00,1,14,0,0,13,1,0,3,5,0,5,0,9.6,302.0,3.0,6.3,35.0,0.3904761904761905,131.174,2.419557823129252,0.35,0.4761904761904762,2.9285714285714284
2021-04-23 02:00:00,2,13,0,0,12,1,0,1,5,0,5,0,10.6,362.0,3.0,6.3,32.5,0.3619047619047619,134.66899999999998,1.4139804639804638,0.325,0.1587301587301587,2.923076923076923
2021-04-23 03:00:00,3,13,0,1,11,1,0,1,6,0,6,0,11.6,401.5,3.0,6.3,32.5,0.3823529411764705,153.709,1.451190476190476,0.325,0.1587301587301587,3.0
2021-04-23 04:00:00,4,12,0,2,9,1,0,1,6,1,7,1,12.6,441.0,3.0,6.3,30.0,0.3737373737373737,171.4723068017366,1.4144179894179894,0.3,0.1587301587301587,3.083333333333333
2021-04-23 05:00:00,5,12,0,1,10,1,0,1,6,0,6,0,13.6,521.5,3.0,6.3,30.0,0.3529411764705882,162.844,1.3761904761904762,0.3,0.1587301587301587,3.0
2021-04-23 06:00:00,6,13,0,1,11,1,0,1,6,0,6,0,14.6,581.5,3.0,6.3,32.5,0.3823529411764705,170.62900000000002,1.451190476190476,0.325,0.1587301587301587,3.0
2021-04-23 07:00:00,7,16,1,1,13,1,0,5,8,0,8,0,11.25,612.5,3.0,6.3,40.0,0.5208333333333334,184.97,3.7301587301587302,0.4,0.7936507936507937,3.125
2021-04-23 08:00:00,8,19,1,2,15,1,0,4,9,2,11,2,12.25,338.0,3.0,6.68,47.5,0.6896551724137931,238.9816136034732,3.3909549322407813,0.475,0.5988023952095809,3.1578947368421053
2021-04-23 09:00:00,9,23,2,2,17,2,0,7,9,2,11,2,13.033333333333331,100.0,3.0,6.68,57.49999999999999,0.8390804597701149,251.97961360347324,5.150956782087998,0.575,1.0479041916167666,3.1739130434782608
2021-04-23 10:00:00,10,27,3,2,20,2,0,6,11,2,13,2,14.033333333333331,133.0,4.0,11.4,67.5,0.8055555555555556,292.9996136034732,3.8709064327485385,0.675,0.5263157894736843,3.2222222222222223
2021-04-23 11:00:00,11,31,3,2,26,0,0,10,15,2,17,2,15.033333333333331,139.0,4.0,11.4,77.5,1.0978260869565215,360.8196136034733,5.382951329937748,0.775,0.8771929824561404,3.2580645161290325
2021-04-23 12:00:00,12,28,1,3,24,0,0,6,15,1,16,1,16.033333333333335,130.0,4.0,11.4,70.0,0.9270833333333334,345.7563068017366,3.897932330827068,0.7,0.5263157894736843,3.1785714285714284
2021-04-23 13:00:00,13,30,0,3,27,0,0,7,15,1,16,1,17.033333333333335,169.0,4.0,11.4,75.0,0.96875,355.6863068017366,4.228508771929825,0.75,0.6140350877192983,3.1
2021-04-23 14:00:00,14,26,0,4,22,0,0,7,15,0,15,0,11.633333333333333,205.0,4.0,11.4,65.0,0.82,302.38199999999995,3.9865721997300954,0.65,0.6140350877192983,3.1538461538461537
2021-04-23 15:00:00,15,24,0,5,19,0,0,6,12,1,13,1,12.633333333333333,204.0,4.0,11.4,60.0,0.7129629629629629,277.8003068017366,3.61359649122807,0.6,0.5263157894736843,3.208333333333333
2021-04-23 16:00:00,16,20,1,7,12,0,0,6,6,2,8,2,13.633333333333333,273.0,4.0,11.4,50.0,0.5390625,208.7286136034732,3.540789473684211,0.5,0.5263157894736843,3.45
2021-04-23 17:00:00,17,27,1,7,19,0,0,12,9,3,12,3,14.633333333333333,158.5,4.0,11.4,67.5,0.8035714285714286,283.85192040520985,5.7587719298245625,0.675,1.0526315789473686,3.333333333333333
2021-04-23 18:00:00,18,29,1,6,22,0,0,8,10,3,13,3,15.633333333333333,192.0,4.0,11.4,72.5,0.8796296296296297,307.1819204052099,4.673850574712644,0.725,0.7017543859649124,3.2758620689655173
2021-04-23 19:00:00,19,29,1,6,21,1,0,8,11,3,14,3,16.633333333333333,147.0,4.0,11.4,72.5,0.903846153846154,326.22192040520986,4.624652147610405,0.725,0.7017543859649124,3.2413793103448274
2021-04-23 20:00:00,20,29,1,4,24,0,0,8,7,4,11,4,17.633333333333333,167.0,4.0,11.5,72.5,0.8017241379310345,292.53022720694645,4.555884557721139,0.725,0.6956521739130435,3.206896551724138
2021-04-23 21:00:00,21,27,0,4,22,1,0,9,8,2,10,2,18.633333333333333,108.0,4.0,11.5,67.5,0.7,278.7436136034732,4.534782608695653,0.675,0.782608695652174,3.111111111111111
2021-04-23 22:00:00,22,26,0,3,21,2,0,9,8,1,9,1,19.633333333333333,129.0,3.0,6.779999999999999,65.0,0.8494623655913979,267.9703068017366,6.008356024506467,0.65,1.327433628318584,3.0384615384615383
2021-04-23 23:00:00,23,21,1,4,14,2,0,7,9,2,11,2,20.633333333333333,151.0,3.0,6.779999999999999,52.5,0.7701149425287356,290.5536136034732,4.969001966568339,0.525,1.032448377581121,3.1904761904761907
2021-04-24 00:00:00,0,22,1,5,14,2,0,9,10,2,12,2,21.633333333333333,189.0,3.0,6.779999999999999,55.00000000000001,0.8452380952380952,311.73861360347325,6.058990345937248,0.55,1.327433628318584,3.227272727272727
2021-04-24 01:00:00,1,22,1,7,13,1,0,4,11,2,13,2,22.633333333333333,238.0,3.0,6.779999999999999,55.00000000000001,0.9135802469135802,330.7786136034732,3.834446232233844,0.55,0.5899705014749264,3.363636363636364
2021-04-24 02:00:00,2,19,1,7,10,1,0,1,11,2,13,2,23.633333333333333,298.0,3.0,6.779999999999999,47.5,0.8024691358024691,329.98361360347326,2.1295800341561866,0.475,0.1474926253687316,3.421052631578948
2021-04-24 03:00:00,3,18,0,7,10,1,0,2,12,1,13,1,24.633333333333333,358.0,3.0,6.779999999999999,45.0,0.7407407407407407,332.6103068017366,2.483284169124877,0.45,0.2949852507374632,3.333333333333333
2021-04-24 04:00:00,4,17,0,7,9,1,0,1,12,1,13,1,25.633333333333333,418.0,3.0,6.779999999999999,42.5,0.7037037037037037,336.1053068017366,1.9195340968245709,0.425,0.1474926253687316,3.3529411764705883
2021-04-24 05:00:00,5,17,0,7,8,2,0,3,12,1,13,1,26.633333333333333,478.0,3.0,6.779999999999999,42.5,0.691358024691358,341.7453068017366,2.857574180114524,0.425,0.4424778761061947,3.294117647058824
2021-04-24 06:00:00,6,16,0,7,7,2,0,1,12,0,12,0,27.633333333333333,549.0,3.0,6.779999999999999,40.0,0.6309523809523809,330.972,1.8135693215339237,0.4,0.1474926253687316,3.3125
2021-04-24 07:00:00,7,15,0,7,6,2,0,0,12,0,12,0,28.633333333333333,609.0,3.0,6.779999999999999,37.5,0.5952380952380952,334.467,1.25,0.375,0.0,3.333333333333333
2021-04-24 08:00:00,8,17,0,6,8,3,0,4,11,0,11,0,29.633333333333333,680.0,3.0,6.65,42.5,0.6206896551724138,330.997,3.260659000442282,0.425,0.6015037593984962,3.176470588235294
2021-04-24 09:00:00,9,17,0,4,10,3,0,6,6,0,6,0,15.016666666666667,753.0,3.0,6.65,42.5,0.5098039215686274,181.55900000000003,4.059840778416629,0.425,0.9022556390977444,3.0588235294117645
2021-04-24 10:00:00,10,19,0,5,12,2,0,8,8,0,8,0,16.016666666666666,348.0,4.0,10.35,47.5,0.46875,218.289,3.940884820747521,0.475,0.7729468599033815,3.1578947368421053
2021-04-24 11:00:00,11,24,0,6,16,2,0,10,9,1,10,1,17.016666666666666,116.0,4.0,10.35,60.0,0.6333333333333333,262.3223068017366,4.959581320450885,0.6,0.9661835748792268,3.1666666666666665
2021-04-24 12:00:00,12,21,0,5,14,2,0,4,5,1,6,1,15.766666666666667,124.5,4.0,10.35,52.5,0.4852941176470588,195.23730680173665,2.864630779848171,0.525,0.3864734299516907,3.142857142857143
2021-04-24 13:00:00,13,24,0,7,15,2,0,9,5,1,6,1,16.766666666666666,125.5,4.0,10.35,60.0,0.5661764705882353,207.3123068017366,4.714855072463768,0.6,0.8695652173913042,3.208333333333333
2021-04-24 14:00:00,14,23,0,5,15,2,1,8,4,2,6,2,6.266666666666667,90.5,4.0,10.35,57.49999999999999,0.5147058823529411,146.81561360347322,4.102446964923336,0.575,0.7729468599033815,3.0434782608695654
2021-04-24 15:00:00,15,25,0,9,15,1,0,11,7,2,9,2,7.266666666666667,54.0,4.0,10.35,62.5,0.6693548387096774,196.94561360347325,5.603502415458936,0.625,1.0628019323671496,3.32
2021-04-24 16:00:00,16,24,0,6,17,1,0,7,6,0,6,0,8.266666666666667,108.5,4.0,10.35,60.0,0.5661764705882353,158.504,4.094887278582931,0.6,0.6763285024154588,3.208333333333333
2021-04-24 17:00:00,17,23,0,5,17,1,0,6,5,0,5,0,9.266666666666667,152.0,4.0,10.35,57.49999999999999,0.5214285714285715,148.599,3.66494959042218,0.575,0.5797101449275361,3.1739130434782608
2021-04-24 18:00:00,18,18,1,5,12,0,0,5,5,1,6,1,7.25,141.5,4.0,10.35,45.0,0.4485294117647059,140.76830680173663,3.162144390767579,0.45,0.4830917874396134,3.388888888888889
2021-04-24 19:00:00,19,15,1,3,11,0,0,7,3,2,5,2,6.766666666666667,64.0,4.0,10.35,37.5,0.3571428571428571,119.07561360347322,3.504428341384863,0.375,0.6763285024154588,3.333333333333333
2021-04-24 20:00:00,20,14,1,3,10,0,0,5,4,2,6,2,7.766666666666667,119.0,4.0,10.06,35.0,0.3455882352941176,135.97061360347325,2.843560068162454,0.35,0.4970178926441352,3.357142857142857
2021-04-24 21:00:00,21,16,1,3,11,1,0,9,4,2,6,2,7.133333333333334,150.0,4.0,10.06,40.0,0.3823529411764705,136.68861360347324,4.207554671968191,0.4,0.8946322067594434,3.25
2021-04-24 22:00:00,22,21,2,3,15,1,0,10,5,4,9,4,8.133333333333333,139.0,3.0,6.359999999999999,52.5,0.7419354838709677,194.99022720694649,6.891217430368373,0.525,1.572327044025157,3.2857142857142856
2021-04-24 23:00:00,23,19,1,1,16,1,0,6,2,2,4,2,3.65,129.0,3.0,6.359999999999999,47.5,0.5462962962962963,96.67761360347323,4.404493545183714,0.475,0.9433962264150944,3.1052631578947367
2021-04-25 00:00:00,0,16,0,1,14,1,0,12,3,1,4,1,4.65,140.0,3.0,6.359999999999999,40.0,0.4444444444444444,95.0143068017366,6.860377358490567,0.4,1.886792452830189,3.0
2021-04-25 01:00:00,1,14,0,0,12,2,0,6,4,1,5,1,5.65,189.0,3.0,6.359999999999999,35.0,0.3809523809523809,109.7643068017366,3.6954177897574128,0.35,0.9433962264150944,2.857142857142857
2021-04-25 02:00:00,2,14,0,0,12,2,0,3,3,1,4,1,6.65,260.0,3.0,6.359999999999999,35.0,0.3703703703703703,102.00430680173662,2.347708894878706,0.35,0.4716981132075472,2.857142857142857
2021-04-25 03:00:00,3,13,0,0,11,2,0,4,4,1,5,1,7.316666666666666,309.0,3.0,6.359999999999999,32.5,0.3523809523809524,117.0193068017366,2.715033865505564,0.325,0.628930817610063,2.8461538461538463
2021-04-25 04:00:00,4,10,0,1,8,1,0,4,4,1,5,1,8.316666666666666,369.0,3.0,6.359999999999999,25.0,0.2857142857142857,116.22430680173662,2.636792452830189,0.25,0.628930817610063,3.0
2021-04-25 05:00:00,5,9,0,1,7,1,0,3,5,0,5,0,9.316666666666666,313.0,3.0,6.359999999999999,22.5,0.2571428571428571,118.851,2.0900943396226417,0.225,0.4716981132075472,3.0
2021-04-25 06:00:00,6,11,0,2,8,1,0,2,5,0,5,0,10.316666666666666,373.0,3.0,6.359999999999999,27.500000000000004,0.3238095238095238,128.781,1.8219839908519155,0.275,0.3144654088050315,3.090909090909091
2021-04-25 07:00:00,7,12,0,4,7,1,0,3,7,0,7,0,11.316666666666666,297.0,3.0,6.359999999999999,30.0,0.3939393939393939,163.366,2.5080188679245285,0.3,0.4716981132075472,3.25
2021-04-25 08:00:00,8,17,0,5,12,0,0,9,11,0,11,0,12.316666666666666,98.0,3.0,7.73,42.5,0.6436781609195402,233.331,5.235324556730842,0.425,1.1642949547218628,3.294117647058824
2021-04-25 09:00:00,9,15,0,5,10,0,0,3,8,0,8,0,13.316666666666666,119.5,3.0,7.73,37.5,0.5208333333333334,194.481,2.5436610608020698,0.375,0.3880983182406209,3.333333333333333
2021-04-25 10:00:00,10,22,0,5,14,3,0,11,8,0,8,0,4.1,127.5,4.0,10.98,55.00000000000001,0.53125,157.514,4.796539162112932,0.55,1.0018214936247722,3.090909090909091
2021-04-25 11:00:00,11,27,0,4,22,1,0,14,11,0,11,0,5.1,61.0,4.0,10.98,67.5,0.7241379310344828,214.079,6.066808338393038,0.675,1.275045537340619,3.111111111111111
2021-04-25 12:00:00,12,20,0,4,14,2,0,5,8,0,8,0,6.1,130.5,4.0,10.98,50.0,0.484375,164.504,2.961657559198543,0.5,0.4553734061930783,3.1
2021-04-25 13:00:00,13,21,0,4,17,0,0,7,7,0,7,0,7.1,152.0,4.0,10.98,52.5,0.5075757575757576,158.889,3.709001214329084,0.525,0.6375227686703097,3.1904761904761907
2021-04-25 14:00:00,14,16,0,2,14,0,0,4,5,0,5,0,7.633333333333334,121.0,4.0,10.98,40.0,0.3571428571428571,124.372,2.388433515482696,0.4,0.3642987249544626,3.125
2021-04-25 15:00:00,15,20,1,3,15,1,0,9,5,0,5,0,8.633333333333333,123.0,4.0,10.98,50.0,0.4571428571428571,138.59199999999998,4.222950819672131,0.5,0.819672131147541,3.2
2021-04-25 16:00:00,16,19,1,3,13,2,0,7,5,0,5,0,9.633333333333333,183.0,4.0,10.98,47.5,0.4285714285714285,142.087,3.513229795800978,0.475,0.6375227686703097,3.1578947368421053
2021-04-25 17:00:00,17,22,1,3,18,0,0,14,6,0,6,0,10.633333333333333,82.0,4.0,10.98,55.00000000000001,0.5220588235294118,167.562,5.88991968869018,0.55,1.275045537340619,3.227272727272727
2021-04-25 18:00:00,18,26,0,3,23,0,0,12,6,0,6,0,11.633333333333333,73.0,4.0,10.98,65.0,0.5955882352941176,181.782,5.429791929382093,0.65,1.092896174863388,3.1153846153846154
2021-04-25 19:00:00,19,25,0,6,19,0,0,12,7,0,7,0,12.633333333333333,113.0,4.0,10.98,62.5,0.6136363636363636,198.677,5.565983606557377,0.625,1.092896174863388,3.24
2021-04-25 20:00:00,20,28,0,6,22,0,0,11,9,0,9,0,13.633333333333333,130.0,4.0,9.63,70.0,0.7258064516129032,237.552,5.9215620827770366,0.7,1.142263759086189,3.2142857142857144
2021-04-25 21:00:00,21,25,0,4,21,0,0,8,9,0,9,0,14.633333333333333,160.0,4.0,9.63,62.5,0.6370967741935484,236.757,4.600129802699897,0.625,0.8307372793354103,3.16
2021-04-25 22:00:00,22,16,0,1,15,0,0,5,6,0,6,0,15.633333333333333,177.0,3.0,6.38,40.0,0.4803921568627451,182.892,3.625078369905956,0.4,0.7836990595611285,3.0625
2021-04-25 23:00:00,23,19,0,1,16,2,0,8,7,0,7,0,16.633333333333333,235.0,3.0,6.38,47.5,0.5656565656565656,208.367,5.095759775614584,0.475,1.2539184952978055,2.9473684210526314
2021-04-26 00:00:00,0,23,0,2,19,2,0,8,8,0,8,0,17.633333333333333,191.5,3.0,6.38,57.49999999999999,0.71875,235.987,5.486755485893417,0.575,1.2539184952978055,3.0
2021-04-26 01:00:00,1,21,0,2,17,2,0,5,8,0,8,0,18.633333333333333,251.5,3.0,6.38,52.5,0.65625,237.337,3.926097178683386,0.525,0.7836990595611285,3.0
2021-04-26 02:00:00,2,20,0,2,16,2,0,4,8,0,8,0,19.633333333333333,311.5,3.0,6.38,50.0,0.625,240.832,3.380877742946709,0.5,0.6269592476489029,3.0
2021-04-26 03:00:00,3,18,0,3,12,3,0,2,9,0,9,0,20.633333333333333,360.0,3.0,6.38,45.0,0.5806451612903226,255.582,2.2904388714733543,0.45,0.3134796238244514,3.0
2021-04-26 04:00:00,4,17,0,3,12,2,0,3,9,0,9,0,21.633333333333333,420.0,3.0,6.38,42.5,0.5591397849462365,259.077,2.738318274018072,0.425,0.4702194357366771,3.0588235294117645
2021-04-26 05:00:00,5,16,0,3,11,2,0,0,9,0,9,0,22.633333333333333,480.0,3.0,6.38,40.0,0.5268817204301075,262.572,1.225,0.4,0.0,3.0625
2021-04-26 06:00:00,6,18,0,3,13,2,0,3,9,0,9,0,23.633333333333333,540.0,3.0,6.38,45.0,0.5913978494623656,272.502,2.811781609195402,0.45,0.4702194357366771,3.055555555555556
2021-04-26 07:00:00,7,19,0,3,14,2,0,1,10,0,10,0,24.633333333333333,540.0,3.0,6.38,47.5,0.6444444444444445,293.687,1.9284688995215316,0.475,0.1567398119122257,3.0526315789473686
2021-04-26 08:00:00,8,20,0,3,14,3,0,3,10,0,10,0,25.633333333333333,600.0,3.0,7.76,50.0,0.6666666666666666,301.472,2.6597938144329896,0.5,0.3865979381443299,3.0
2021-04-26 09:00:00,9,18,0,2,14,2,0,6,6,0,6,0,26.633333333333333,593.5,3.0,7.76,45.0,0.5294117647058824,249.222,3.66958762886598,0.45,0.7731958762886598,3.0
2021-04-26 10:00:00,10,21,0,5,15,1,0,9,6,1,7,1,27.633333333333333,57.0,4.0,11.08,52.5,0.5075757575757576,275.5653068017366,4.266542031975245,0.525,0.8122743682310469,3.1904761904761907
2021-04-26 11:00:00,11,29,0,7,21,1,0,14,9,1,10,1,28.633333333333333,87.0,4.0,11.08,72.5,0.775,338.5653068017366,6.3770353541640725,0.725,1.263537906137184,3.206896551724138
2021-04-26 12:00:00,12,28,0,8,20,0,0,5,9,1,10,1,29.633333333333333,112.0,4.0,11.08,70.0,0.7666666666666667,342.0603068017366,3.782723053120165,0.7,0.4512635379061371,3.2857142857142856
2021-04-26 13:00:00,13,29,0,7,22,0,0,6,9,1,10,1,30.633333333333333,172.0,4.0,11.08,72.5,0.7833333333333333,349.84530680173657,4.105259554338354,0.725,0.5415162454873647,3.2413793103448274
2021-04-26 14:00:00,14,28,0,8,20,0,0,6,9,2,11,2,31.633333333333333,221.0,4.0,11.08,70.0,0.7931034482758621,367.6086136034732,4.079267663744197,0.7,0.5415162454873647,3.2857142857142856
2021-04-26 15:00:00,15,29,0,7,22,0,0,11,8,2,10,2,14.733333333333333,120.0,4.0,11.08,72.5,0.7833333333333333,261.03761360347323,5.567975849620316,0.725,0.9927797833935018,3.2413793103448274
2021-04-26 16:00:00,16,28,0,5,22,1,0,6,9,0,9,0,15.733333333333333,143.0,4.0,11.08,70.0,0.7096774193548387,249.396,3.901908200103145,0.7,0.5415162454873647,3.142857142857143
2021-04-26 17:00:00,17,34,0,9,24,1,0,13,12,0,12,0,16.733333333333334,139.0,4.0,11.08,85.0,0.9821428571428572,308.106,6.545922701210448,0.85,1.1732851985559567,3.235294117647059
2021-04-26 18:00:00,18,31,0,10,21,0,0,6,15,0,15,0,8.916666666666666,162.0,4.0,11.08,77.5,1.03,297.785,4.374231396296728,0.775,0.5415162454873647,3.3225806451612905
2021-04-26 19:00:00,19,31,0,9,22,0,0,5,13,1,14,1,9.916666666666666,239.5,4.0,11.08,77.5,0.9807692307692308,290.8933068017366,4.034802608594387,0.775,0.4512635379061371,3.290322580645161
2021-04-26 20:00:00,20,21,0,6,15,0,0,7,9,1,10,1,9.25,128.5,4.0,11.38,52.5,0.575,212.0833068017366,3.746089630931459,0.525,0.6151142355008787,3.2857142857142856
2021-04-26 21:00:00,21,24,0,7,17,0,0,11,10,0,10,0,9.516666666666667,81.0,4.0,11.38,60.0,0.6583333333333333,219.154,5.1567516110134735,0.6,0.966608084358524,3.2916666666666665
2021-04-26 22:00:00,22,21,0,7,14,0,0,6,8,0,8,0,7.35,128.0,3.0,8.059999999999999,52.5,0.7291666666666666,173.699,4.231389578163773,0.525,0.7444168734491317,3.333333333333333
2021-04-26 23:00:00,23,28,0,9,19,0,0,8,10,0,10,0,8.35,177.0,3.0,8.059999999999999,70.0,1.0333333333333334,221.154,5.621703296703298,0.7,0.9925558312655088,3.321428571428572
2021-04-27 00:00:00,0,23,0,7,16,0,0,3,11,0,11,0,9.35,223.0,3.0,8.059999999999999,57.49999999999999,0.8735632183908046,229.469,3.1299061387420437,0.575,0.3722084367245658,3.3043478260869565
2021-04-27 01:00:00,1,17,0,6,11,0,0,1,10,0,10,0,10.35,288.0,3.0,8.059999999999999,42.5,0.6333333333333333,208.839,1.8409976645745147,0.425,0.1240694789081886,3.3529411764705883
2021-04-27 02:00:00,2,18,1,5,12,0,0,3,11,0,11,0,11.35,343.0,3.0,8.059999999999999,45.0,0.7011494252873564,230.024,2.786373035566585,0.45,0.3722084367245658,3.388888888888889
2021-04-27 03:00:00,3,18,1,5,12,0,0,2,11,0,11,0,12.35,403.0,3.0,8.059999999999999,45.0,0.7011494252873564,235.664,2.3659153570443894,0.45,0.2481389578163772,3.388888888888889
2021-04-27 04:00:00,4,18,1,5,12,0,0,2,11,0,11,0,13.35,463.0,3.0,8.059999999999999,45.0,0.7011494252873564,241.304,2.3659153570443894,0.45,0.2481389578163772,3.388888888888889
2021-04-27 05:00:00,5,22,1,5,14,2,0,5,12,0,12,0,14.35,479.5,3.0,8.059999999999999,55.00000000000001,0.8452380952380952,268.924,3.77703022783668,0.55,0.620347394540943,3.227272727272727
2021-04-27 06:00:00,6,22,1,5,14,2,0,1,12,0,12,0,15.35,539.5,3.0,8.059999999999999,55.00000000000001,0.8452380952380952,274.564,2.1754060455673363,0.55,0.1240694789081886,3.227272727272727
2021-04-27 07:00:00,7,26,2,5,17,2,0,7,13,0,13,0,16.35,556.0,3.0,8.059999999999999,65.0,1.0493827160493827,302.184,4.964282305783547,0.65,0.8684863523573202,3.269230769230769
2021-04-27 08:00:00,8,25,1,5,17,2,0,2,13,0,13,0,17.35,616.0,3.0,6.51,62.5,0.9876543209876544,305.67900000000003,2.98310291858679,0.625,0.3072196620583717,3.2
2021-04-27 09:00:00,9,22,1,3,17,1,0,4,9,0,9,0,18.35,596.0,3.0,6.51,55.00000000000001,0.7526881720430108,251.284,3.705034213098729,0.55,0.6144393241167435,3.1818181818181817
2021-04-27 10:00:00,10,21,4,2,14,1,0,4,9,1,10,1,19.35,176.5,4.0,9.85,52.5,0.6,269.0473068017366,3.192313270485859,0.525,0.4060913705583756,3.4285714285714284
2021-04-27 11:00:00,11,26,4,2,20,0,0,7,14,1,15,1,20.35,93.0,4.0,9.85,65.0,0.88,352.41230680173663,4.605310425614994,0.65,0.7106598984771574,3.3846153846153846
2021-04-27 12:00:00,12,31,3,1,27,0,0,8,16,0,16,0,21.35,122.5,4.0,9.85,77.5,1.0416666666666667,381.309,5.119944326183068,0.775,0.8121827411167513,3.225806451612903
2021-04-27 13:00:00,13,33,3,3,27,0,0,6,19,0,19,0,22.35,147.0,4.0,9.85,82.5,1.2857142857142858,431.439,4.69353945546839,0.825,0.6091370558375635,3.272727272727273
2021-04-27 14:00:00,14,26,2,3,21,0,0,2,17,0,17,0,23.35,194.0,4.0,9.85,65.0,0.9239130434782608,395.264,2.788803201874268,0.65,0.2030456852791878,3.269230769230769
2021-04-27 15:00:00,15,19,2,1,16,0,0,1,12,0,12,0,24.35,230.5,4.0,9.85,47.5,0.5535714285714286,318.889,1.8812850654555169,0.475,0.1015228426395939,3.263157894736842
2021-04-27 16:00:00,16,15,1,2,12,0,0,2,8,0,8,0,23.883333333333333,253.5,4.0,9.85,37.5,0.3828125,254.077,1.888282571912013,0.375,0.2030456852791878,3.2666666666666666
2021-04-27 17:00:00,17,18,1,2,15,0,0,6,8,0,8,0,14.716666666666669,313.5,4.0,9.85,45.0,0.453125,208.812,3.412774957698816,0.45,0.6091370558375635,3.2222222222222223
2021-04-27 18:00:00,18,21,1,2,18,0,0,10,6,0,6,0,8.483333333333333,255.5,4.0,9.85,52.5,0.4926470588235294,153.291,4.914062122310853,0.525,1.015228426395939,3.1904761904761907
2021-04-27 19:00:00,19,22,1,2,18,1,0,11,8,0,8,0,9.483333333333333,56.0,4.0,9.85,55.00000000000001,0.5390625,187.876,5.2275380710659896,0.55,1.116751269035533,3.136363636363636
2021-04-27 20:00:00,20,23,1,0,19,3,0,7,10,0,10,0,10.483333333333333,104.5,4.0,11.38,57.49999999999999,0.5666666666666667,222.461,3.5185986093069457,0.575,0.6151142355008787,2.9565217391304346
2021-04-27 21:00:00,21,29,2,0,24,3,0,12,12,0,12,0,11.483333333333333,127.0,4.0,11.38,72.5,0.7857142857142857,267.771,5.399806072359251,0.725,1.0544815465729351,3.034482758620689
2021-04-27 22:00:00,22,26,2,2,18,4,0,8,8,2,10,2,12.483333333333333,73.5,3.0,8.04,65.0,0.8888888888888888,241.91261360347323,5.061615001913511,0.65,0.9950248756218908,3.076923076923077
2021-04-27 23:00:00,23,28,2,3,19,4,0,6,8,2,10,2,13.483333333333333,129.0,3.0,8.04,70.0,0.9666666666666668,251.8426136034732,4.493763326226013,0.7,0.746268656716418,3.107142857142857
2021-04-28 00:00:00,0,22,2,2,15,3,0,3,8,1,9,1,14.483333333333333,190.0,3.0,8.04,55.00000000000001,0.7419354838709677,230.3443068017366,2.8952849389416557,0.55,0.373134328358209,3.136363636363636
2021-04-28 01:00:00,1,25,2,3,16,3,1,5,8,0,8,0,15.483333333333333,253.5,3.0,8.04,62.5,0.8020833333333334,228.151,3.8404228855721394,0.625,0.6218905472636816,3.08
2021-04-28 02:00:00,2,24,2,3,16,3,0,3,8,0,8,0,16.483333333333334,313.5,3.0,8.04,60.0,0.7916666666666666,231.646,3.081592039800995,0.6,0.373134328358209,3.1666666666666665
2021-04-28 03:00:00,3,24,2,3,15,4,0,2,8,0,8,0,17.483333333333334,373.5,3.0,8.04,60.0,0.78125,237.286,2.652363184079602,0.6,0.2487562189054726,3.125
2021-04-28 04:00:00,4,22,2,3,14,3,0,1,8,0,8,0,18.48333333333333,433.5,3.0,8.04,55.00000000000001,0.7291666666666666,238.636,2.1457485300768884,0.55,0.1243781094527363,3.1818181818181817
2021-04-28 05:00:00,5,22,2,3,14,3,0,1,8,0,8,0,19.48333333333333,493.5,3.0,8.04,55.00000000000001,0.7291666666666666,244.276,2.1457485300768884,0.55,0.1243781094527363,3.1818181818181817
2021-04-28 06:00:00,6,24,2,3,16,3,0,2,9,0,9,0,20.48333333333333,550.0,3.0,8.04,60.0,0.8172043010752689,267.606,2.6877280265339967,0.6,0.2487562189054726,3.1666666666666665
2021-04-28 07:00:00,7,21,2,3,13,3,0,1,9,0,9,0,21.48333333333333,610.0,3.0,8.04,52.5,0.7204301075268817,266.81100000000004,2.071825396825397,0.525,0.1243781094527363,3.1904761904761907
2021-04-28 08:00:00,8,20,2,2,14,2,0,3,11,0,11,0,22.48333333333333,668.0,3.0,7.76,50.0,0.735632183908046,297.106,2.837113402061856,0.5,0.3865979381443299,3.2
2021-04-28 09:00:00,9,24,2,4,16,2,0,6,12,1,13,1,23.48333333333333,705.0,3.0,7.76,60.0,0.9629629629629628,338.9943068017366,4.4628865979381445,0.6,0.7731958762886598,3.25
2021-04-28 10:00:00,10,18,2,3,12,1,0,2,11,1,12,1,24.48333333333333,431.0,4.0,11.46,45.0,0.5357142857142857,318.3643068017366,2.08173356602676,0.45,0.1745200698080279,3.333333333333333
2021-04-28 11:00:00,11,22,2,6,13,1,0,6,15,1,16,1,25.48333333333333,186.0,4.0,11.46,55.00000000000001,0.78125,386.1843068017366,3.659864350309377,0.55,0.5235602094240838,3.409090909090909
2021-04-28 12:00:00,12,22,1,8,12,1,0,7,13,1,14,1,26.48333333333333,229.0,4.0,11.46,55.00000000000001,0.7211538461538461,365.0243068017366,3.957341742027606,0.55,0.6108202443280977,3.409090909090909
2021-04-28 13:00:00,13,21,1,9,11,0,0,3,12,1,13,1,27.48333333333333,287.0,4.0,11.46,52.5,0.6851851851851852,355.1193068017366,2.772463226128148,0.525,0.2617801047120419,3.523809523809524
2021-04-28 14:00:00,14,21,0,8,13,0,0,8,8,1,9,1,5.85,194.0,4.0,11.46,52.5,0.5725806451612904,179.50730680173663,4.135176182165711,0.525,0.6980802792321117,3.380952380952381
2021-04-28 15:00:00,15,26,0,9,17,0,0,9,10,1,11,1,6.85,245.0,4.0,11.46,65.0,0.75,222.6723068017366,4.802869512686267,0.65,0.7853403141361256,3.3461538461538463
2021-04-28 16:00:00,16,20,0,6,14,0,0,4,8,0,8,0,7.166666666666667,124.0,4.0,11.46,50.0,0.515625,170.51999999999998,2.8018324607329843,0.5,0.3490401396160558,3.3
2021-04-28 17:00:00,17,23,0,6,15,2,0,7,7,0,7,0,8.166666666666666,198.0,4.0,11.46,57.49999999999999,0.553030303030303,169.195,3.763690340693527,0.575,0.6108202443280977,3.1739130434782608
2021-04-28 18:00:00,18,27,0,4,22,1,0,8,7,0,7,0,9.166666666666666,203.0,4.0,11.46,67.5,0.6363636363636364,183.415,4.27180531316657,0.675,0.6980802792321117,3.111111111111111
2021-04-28 19:00:00,19,19,0,2,15,2,0,5,5,0,5,0,10.166666666666666,106.0,4.0,11.46,47.5,0.4071428571428571,145.095,2.733900523560209,0.475,0.4363001745200697,3.0
2021-04-28 20:00:00,20,22,1,3,16,2,0,6,8,1,9,1,11.166666666666666,100.0,4.0,10.2,55.00000000000001,0.5564516129032258,211.6383068017366,3.5699197860962566,0.55,0.5882352941176471,3.136363636363636
2021-04-28 21:00:00,21,27,1,6,18,2,0,11,9,1,10,1,12.166666666666666,111.5,4.0,10.2,67.5,0.725,241.40330680173665,5.649945533769064,0.675,1.0784313725490198,3.2222222222222223
2021-04-28 22:00:00,22,25,2,5,18,0,0,12,9,2,11,2,13.166666666666666,164.0,3.0,6.5,62.5,0.9655172413793104,257.0216136034732,8.303076923076922,0.625,1.8461538461538465,3.36
2021-04-28 23:00:00,23,14,0,2,12,0,0,5,6,0,6,0,14.166666666666666,209.5,3.0,6.5,35.0,0.4313725490196078,170.32999999999998,3.517582417582417,0.35,0.7692307692307693,3.142857142857143
2021-04-29 00:00:00,0,17,0,2,15,0,0,6,6,0,6,0,15.166666666666666,269.5,3.0,6.5,42.5,0.5196078431372549,182.405,4.202828054298643,0.425,0.9230769230769232,3.117647058823529
2021-04-29 01:00:00,1,21,0,2,19,0,0,6,7,0,7,0,16.166666666666668,315.0,3.0,6.5,52.5,0.6565656565656566,210.025,4.482142857142858,0.525,0.9230769230769232,3.095238095238096
2021-04-29 02:00:00,2,16,0,3,13,0,0,2,7,0,7,0,17.166666666666668,358.0,3.0,6.5,40.0,0.5151515151515151,204.94,2.2557692307692307,0.4,0.3076923076923077,3.1875
2021-04-29 03:00:00,3,21,1,3,16,1,0,6,7,1,8,1,18.166666666666668,375.5,3.0,6.5,52.5,0.6979166666666666,235.57330680173663,4.620054945054946,0.525,0.9230769230769232,3.1904761904761907
2021-04-29 04:00:00,4,16,0,3,12,1,0,2,7,0,7,0,19.166666666666668,478.0,3.0,6.5,40.0,0.5050505050505051,216.22,2.2115384615384617,0.4,0.3076923076923077,3.125
2021-04-29 05:00:00,5,16,0,3,12,1,0,1,8,0,8,0,20.166666666666668,495.5,3.0,6.5,40.0,0.5208333333333334,235.26,1.7307692307692308,0.4,0.1538461538461538,3.125
2021-04-29 06:00:00,6,17,0,3,13,1,0,2,8,0,8,0,21.166666666666668,555.5,3.0,6.5,42.5,0.5520833333333334,243.045,2.284276018099548,0.425,0.3076923076923077,3.117647058823529
2021-04-29 07:00:00,7,18,0,3,14,1,0,2,8,0,8,0,22.166666666666668,615.5,3.0,6.5,45.0,0.5833333333333334,250.83,2.3572649572649573,0.45,0.3076923076923077,3.111111111111111
2021-04-29 08:00:00,8,18,0,3,14,1,0,4,10,0,10,0,23.166666666666668,554.0,3.0,6.66,45.0,0.6222222222222222,283.27,3.268535201868535,0.45,0.6006006006006006,3.111111111111111
2021-04-29 09:00:00,9,20,0,4,15,1,0,4,10,0,10,0,24.166666666666668,405.5,3.0,6.66,50.0,0.7,293.20000000000005,3.466891891891892,0.5,0.6006006006006006,3.15
2021-04-29 10:00:00,10,21,0,4,15,2,0,7,12,0,12,0,18.116666666666667,90.0,4.0,11.38,52.5,0.5803571428571429,288.023,3.5289250146455777,0.525,0.6151142355008787,3.095238095238096
2021-04-29 11:00:00,11,19,0,4,13,2,0,4,12,0,12,0,19.116666666666667,118.5,4.0,11.38,47.5,0.5267857142857143,289.373,2.566480899084266,0.475,0.351493848857645,3.1052631578947367
2021-04-29 12:00:00,12,24,0,6,16,2,0,8,11,1,12,1,20.116666666666667,155.5,4.0,11.38,60.0,0.6785714285714286,306.60630680173665,4.126127709431751,0.6,0.70298769771529,3.1666666666666665
2021-04-29 13:00:00,13,24,0,6,16,2,0,5,11,1,12,1,21.116666666666667,207.0,4.0,11.38,60.0,0.6785714285714286,312.24630680173664,3.2913298183948445,0.6,0.4393673110720563,3.1666666666666665
2021-04-29 14:00:00,14,23,1,5,15,2,0,5,12,0,12,0,22.116666666666667,248.0,4.0,11.38,57.49999999999999,0.6607142857142857,314.873,3.26361656605792,0.575,0.4393673110720563,3.217391304347826
2021-04-29 15:00:00,15,25,1,8,16,0,0,10,10,0,10,0,10.6,293.5,4.0,11.38,62.5,0.7083333333333334,227.409,5.112697715289983,0.625,0.8787346221441126,3.4
2021-04-29 16:00:00,16,20,1,7,12,0,0,2,9,0,9,0,7.233333333333333,344.0,4.0,11.38,50.0,0.5564516129032258,184.296,2.331326889279438,0.5,0.1757469244288225,3.45
2021-04-29 17:00:00,17,17,1,4,12,0,0,2,8,0,8,0,8.233333333333333,413.5,4.0,11.38,42.5,0.4453125,170.101,2.0142690995554635,0.425,0.1757469244288225,3.3529411764705883
2021-04-29 18:00:00,18,18,1,5,12,0,0,5,7,0,7,0,9.233333333333333,279.0,4.0,11.38,45.0,0.4621212121212121,164.486,3.01396699863308,0.45,0.4393673110720563,3.388888888888889
2021-04-29 19:00:00,19,15,1,4,10,0,0,4,6,0,6,0,10.233333333333333,212.0,4.0,11.38,37.5,0.375,150.291,2.470079086115993,0.375,0.351493848857645,3.4
2021-04-29 20:00:00,20,16,1,5,10,0,0,8,6,1,7,1,11.233333333333333,116.0,4.0,11.22,40.0,0.4166666666666667,172.3443068017366,3.825980392156864,0.4,0.7130124777183602,3.4375
2021-04-29 21:00:00,21,15,0,5,10,0,0,4,6,0,6,0,12.233333333333333,138.5,4.0,11.22,37.5,0.3676470588235294,161.571,2.4383541295306004,0.375,0.3565062388591801,3.333333333333333
2021-04-29 22:00:00,22,20,1,8,10,1,0,8,9,2,11,2,13.233333333333333,86.0,3.0,6.5,50.0,0.7931034482758621,246.6726136034732,5.971153846153847,0.5,1.2307692307692308,3.45
2021-04-29 23:00:00,23,18,1,7,9,1,0,5,9,2,11,2,14.233333333333333,146.0,3.0,6.5,45.0,0.7126436781609196,248.02261360347325,4.19957264957265,0.45,0.7692307692307693,3.4444444444444446
2021-04-30 00:00:00,0,19,2,8,8,1,0,5,10,3,13,3,15.233333333333333,176.0,3.0,6.5,47.5,0.8395061728395061,283.4759204052099,4.453036437246964,0.475,0.7692307692307693,3.5789473684210527
2021-04-30 01:00:00,1,22,2,9,10,1,0,5,10,3,13,3,16.233333333333334,236.0,3.0,6.5,55.00000000000001,0.9629629629629628,295.55092040520987,4.677272727272728,0.55,0.7692307692307693,3.5454545454545454
2021-04-30 02:00:00,2,21,2,9,9,1,0,4,11,2,13,2,17.233333333333334,296.0,3.0,6.5,52.5,0.925925925925926,298.1776136034732,4.072802197802198,0.525,0.6153846153846154,3.571428571428572
2021-04-30 03:00:00,3,19,0,8,10,1,0,4,11,0,11,0,18.23333333333333,386.0,3.0,6.5,47.5,0.735632183908046,270.991,3.6728744939271256,0.475,0.6153846153846154,3.3684210526315788
2021-04-30 04:00:00,4,18,0,8,9,1,0,0,11,0,11,0,19.23333333333333,446.0,3.0,6.5,45.0,0.7011494252873564,274.486,1.525,0.45,0.0,3.388888888888889
2021-04-30 05:00:00,5,18,0,9,8,1,0,1,12,0,12,0,20.23333333333333,491.0,3.0,6.5,45.0,0.7380952380952381,293.526,2.07991452991453,0.45,0.1538461538461538,3.4444444444444446
2021-04-30 06:00:00,6,22,0,10,9,3,0,4,12,1,13,1,21.23333333333333,536.0,3.0,6.5,55.00000000000001,0.9012345679012346,322.01430680173667,3.8669580419580414,0.55,0.6153846153846154,3.3181818181818183
2021-04-30 07:00:00,7,20,0,9,9,2,0,4,13,1,14,1,22.23333333333333,582.5,3.0,6.5,50.0,0.8589743589743589,336.7643068017366,3.7365384615384616,0.5,0.6153846153846154,3.35
2021-04-30 08:00:00,8,20,0,9,10,1,0,3,14,1,15,1,23.23333333333333,629.0,3.0,6.59,50.0,0.9066666666666666,355.80430680173663,3.247799696509863,0.5,0.4552352048558422,3.4
2021-04-30 09:00:00,9,20,0,4,15,1,0,8,8,0,8,0,24.23333333333333,651.5,3.0,6.59,50.0,0.65625,266.77599999999995,5.398975720789074,0.5,1.2139605462822458,3.15
2021-04-30 10:00:00,10,21,1,4,16,0,0,9,6,0,6,0,25.23333333333333,497.0,4.0,10.29,52.5,0.5073529411764706,247.761,4.598802582257393,0.525,0.8746355685131196,3.2857142857142856
2021-04-30 11:00:00,11,20,1,2,17,0,0,7,6,1,7,1,26.23333333333333,208.0,4.0,10.29,50.0,0.4848484848484848,265.5243068017366,3.77687074829932,0.5,0.6802721088435375,3.2
2021-04-30 12:00:00,12,29,0,6,23,0,0,13,9,1,10,1,27.23333333333333,80.0,4.0,10.29,72.5,0.775,330.66930680173664,6.376472805871117,0.725,1.2633624878522838,3.206896551724138
2021-04-30 13:00:00,13,34,0,8,26,0,0,13,11,2,13,2,28.23333333333333,90.0,4.0,10.29,85.0,1.0185185185185186,388.1026136034732,6.837349225404448,0.85,1.2633624878522838,3.235294117647059
2021-04-30 14:00:00,14,30,0,7,22,1,0,9,15,2,17,2,6.233333333333333,72.0,4.0,10.29,75.0,1.0434782608695652,309.0426136034732,5.198833819241983,0.75,0.8746355685131196,3.2
2021-04-30 15:00:00,15,28,0,7,20,1,0,10,13,1,14,1,6.083333333333333,110.5,4.0,10.29,70.0,0.8653846153846154,262.8383068017366,5.373698458975428,0.7,0.9718172983479106,3.2142857142857144
2021-04-30 16:00:00,16,30,0,10,19,1,0,6,12,2,14,2,7.083333333333333,156.0,4.0,10.29,75.0,0.9519230769230768,273.6366136034732,4.399198250728864,0.75,0.5830903790087464,3.3
2021-04-30 17:00:00,17,23,0,8,13,2,0,8,12,1,13,1,8.083333333333334,200.0,4.0,10.29,57.49999999999999,0.6944444444444444,249.9933068017366,4.410175560907593,0.575,0.7774538386783285,3.260869565217391
2021-04-30 18:00:00,18,26,0,8,16,2,0,6,11,0,11,0,9.083333333333334,201.0,4.0,10.29,65.0,0.7241379310344828,234.40000000000003,3.983830455259027,0.65,0.5830903790087464,3.230769230769231
2021-04-30 19:00:00,19,19,0,3,14,2,0,3,9,0,9,0,10.083333333333334,161.0,4.0,10.29,47.5,0.4677419354838709,198.225,2.3399800521712444,0.475,0.2915451895043732,3.0526315789473686
2021-04-30 20:00:00,20,14,0,2,10,2,0,4,8,0,8,0,11.083333333333334,189.5,4.0,10.08,35.0,0.328125,179.73999999999998,2.2404761904761905,0.35,0.3968253968253968,3.0
2021-04-30 21:00:00,21,13,0,2,9,2,0,3,8,0,8,0,9.55,249.5,4.0,10.08,32.5,0.3046875,168.947,1.8678571428571429,0.325,0.2976190476190476,3.0
2021-04-30 22:00:00,22,9,0,2,5,2,0,4,4,0,4,0,7.35,213.0,3.0,6.38,22.5,0.25,94.359,2.5558777429467083,0.225,0.6269592476489029,3.0
2021-04-30 23:00:00,23,17,0,2,13,2,0,8,5,0,5,0,8.35,145.0,3.0,6.38,42.5,0.4857142857142857,130.559,5.036755485893417,0.425,1.2539184952978055,3.0
