ts,hour,census,l1,l2,l3,l4,l5,arrivals,waitBed,waitICU,D_board,vent,maxLOS_h,awt_curr_min,Na,cap_sum,OCCUPANCY,EDWIN,NEDOCS,READI,READI_BR,READI_PR,READI_AR
2021-06-01 00:00:00,0,19,2,4,11,2,0,4,10,2,12,2,14.55,173.5,3.0,6.68,47.5,0.75,265.35361360347326,3.5605026788528207,0.475,0.5988023952095809,3.3157894736842106
2021-06-01 01:00:00,1,20,2,4,11,1,2,2,9,2,11,2,15.55,280.0,3.0,6.68,50.0,0.7241379310344828,259.73861360347325,2.5181137724550897,0.5,0.2994011976047904,3.15
2021-06-01 02:00:00,2,22,2,4,13,2,1,4,10,2,12,2,16.55,293.5,3.0,6.68,55.00000000000001,0.8333333333333334,283.06861360347324,3.655280348394121,0.55,0.5988023952095809,3.1818181818181817
2021-06-01 03:00:00,3,21,2,4,12,2,1,1,9,2,11,2,17.55,400.0,3.0,6.68,52.5,0.7701149425287356,273.1636136034732,2.152616196179071,0.525,0.1497005988023952,3.1904761904761907
2021-06-01 04:00:00,4,21,2,5,10,2,2,4,10,2,12,2,18.55,383.5,3.0,6.68,52.5,0.7857142857142857,292.20361360347323,3.5319503849443974,0.525,0.5988023952095809,3.142857142857143
2021-06-01 05:00:00,5,18,2,4,8,2,2,0,9,2,11,2,19.55,520.0,3.0,6.68,45.0,0.6436781609195402,278.00861360347324,1.4,0.45,0.0,3.111111111111111
2021-06-01 06:00:00,6,17,2,5,8,2,0,2,8,2,10,2,20.55,582.0,3.0,6.68,42.5,0.6444444444444445,268.1036136034732,2.471486438886932,0.425,0.2994011976047904,3.411764705882353
2021-06-01 07:00:00,7,22,2,6,12,2,0,5,9,2,11,2,21.55,640.0,3.0,6.68,55.00000000000001,0.8505747126436781,297.86861360347325,4.367691888949374,0.55,0.7485029940119761,3.363636363636364
2021-06-01 08:00:00,8,22,2,6,11,3,0,3,9,2,11,2,22.3,700.0,3.0,6.68,55.00000000000001,0.8390804597701149,302.0986136034732,3.3152014153511167,0.55,0.4491017964071856,3.3181818181818183
2021-06-01 09:00:00,9,20,3,6,9,1,1,7,7,3,10,3,23.3,762.0,3.0,6.68,50.0,0.7666666666666667,290.91692040520985,5.340269461077845,0.5,1.0479041916167666,3.45
2021-06-01 10:00:00,10,18,2,4,10,1,1,7,7,3,10,3,24.3,602.0,4.0,10.38,45.0,0.4916666666666666,292.2669204052098,3.6854474416613145,0.45,0.674373795761079,3.2777777777777777
2021-06-01 11:00:00,11,16,2,5,8,0,1,4,8,4,12,4,25.3,365.0,4.0,10.38,40.0,0.4910714285714285,321.2852272069465,2.69966281310212,0.4,0.3853564547206166,3.4375
2021-06-01 12:00:00,12,20,5,5,6,3,1,11,9,4,13,4,26.3,191.0,4.0,10.38,50.0,0.6481481481481481,348.90522720694645,5.459055876685935,0.5,1.0597302504816957,3.5
2021-06-01 13:00:00,13,17,5,4,5,3,0,5,8,4,12,4,27.3,95.5,4.0,10.38,42.5,0.5535714285714286,334.71022720694646,3.306772072991046,0.425,0.4816955684007707,3.647058823529412
2021-06-01 14:00:00,14,15,4,5,5,1,0,3,7,3,10,3,19.116666666666667,150.5,4.0,10.38,37.5,0.475,256.59792040520983,2.523265895953757,0.375,0.2890173410404624,3.8
2021-06-01 15:00:00,15,22,4,6,12,0,0,10,10,3,13,3,8.766666666666667,153.0,4.0,10.38,55.00000000000001,0.7407407407407407,253.43892040520984,5.503240497460151,0.55,0.9633911368015416,3.636363636363636
2021-06-01 16:00:00,16,24,4,5,14,0,1,7,13,3,16,3,6.2,108.0,4.0,10.38,60.0,0.8645833333333334,283.45292040520985,4.4072093770070655,0.6,0.674373795761079,3.458333333333333
2021-06-01 17:00:00,17,21,4,3,13,0,1,5,15,2,17,2,5.633333333333334,162.0,4.0,10.38,52.5,0.782608695652174,286.3536136034732,3.4515276630883567,0.525,0.4816955684007707,3.4285714285714284
2021-06-01 18:00:00,18,21,3,3,14,0,1,3,13,2,15,2,6.633333333333334,222.0,4.0,10.38,52.5,0.7,265.19361360347324,2.7133911368015418,0.525,0.2890173410404624,3.333333333333333
2021-06-01 19:00:00,19,20,3,2,14,0,1,4,13,2,15,2,7.633333333333334,230.0,4.0,10.38,50.0,0.66,268.68861360347324,2.921676300578034,0.5,0.3853564547206166,3.3
2021-06-01 20:00:00,20,23,3,3,15,2,0,9,13,2,15,2,8.633333333333333,290.0,4.0,10.27,57.49999999999999,0.76,280.76361360347323,4.795728377291394,0.575,0.8763388510223954,3.3043478260869565
2021-06-01 21:00:00,21,25,3,3,17,2,0,6,11,3,14,3,9.633333333333333,218.0,4.0,10.27,62.5,0.7884615384615384,278.1619204052098,3.966260954235637,0.625,0.5842259006815969,3.28
2021-06-01 22:00:00,22,18,2,1,15,0,0,1,7,4,11,4,10.633333333333333,193.0,3.0,6.57,45.0,0.6781609195402298,229.4552272069465,1.9739007272112288,0.45,0.15220700152207,3.2777777777777777
2021-06-01 23:00:00,23,27,2,2,17,0,6,14,7,4,11,4,11.633333333333333,188.0,3.0,6.57,67.5,0.8620689655172413,254.40022720694645,7.794161170302723,0.675,2.13089802130898,2.7777777777777777
2021-06-02 00:00:00,0,19,2,2,15,0,0,4,6,3,9,3,12.633333333333333,313.0,3.0,6.57,47.5,0.6774193548387096,215.21192040520987,3.593745493871665,0.475,0.60882800608828,3.3157894736842106
2021-06-02 01:00:00,1,17,2,3,12,0,0,2,6,3,9,3,13.633333333333333,373.0,3.0,6.57,42.5,0.6236559139784946,216.56192040520983,2.48858895156236,0.425,0.30441400304414,3.411764705882353
2021-06-02 02:00:00,2,17,2,3,12,0,0,3,6,3,9,3,14.633333333333333,433.0,3.0,6.57,42.5,0.6236559139784946,222.20192040520985,3.00788342734354,0.425,0.45662100456621,3.411764705882353
2021-06-02 03:00:00,3,14,2,2,10,0,0,1,5,3,8,3,15.633333333333333,558.0,3.0,6.57,35.0,0.5,208.00692040520985,1.721852576647097,0.35,0.15220700152207,3.4285714285714284
2021-06-02 04:00:00,4,18,2,2,14,0,0,4,5,3,8,3,16.633333333333333,618.0,3.0,6.57,45.0,0.625,222.22692040520985,3.529426686960933,0.45,0.60882800608828,3.333333333333333
2021-06-02 05:00:00,5,17,2,2,13,0,0,0,5,3,8,3,17.633333333333333,678.0,3.0,6.57,42.5,0.59375,225.72192040520983,1.425,0.425,0.0,3.3529411764705883
2021-06-02 06:00:00,6,13,2,1,10,0,0,1,5,3,8,3,18.633333333333333,738.0,3.0,6.57,32.5,0.4583333333333333,222.78192040520983,1.6151621589977754,0.325,0.15220700152207,3.3846153846153846
2021-06-02 07:00:00,7,16,2,1,13,0,0,3,6,3,9,3,19.633333333333333,733.0,3.0,6.57,40.0,0.5698924731182796,248.25692040520985,2.8375570776255707,0.4,0.45662100456621,3.3125
2021-06-02 08:00:00,8,14,2,3,9,0,0,3,7,3,10,3,20.633333333333333,758.5,3.0,6.59,35.0,0.5444444444444444,263.0069204052098,2.818323216995448,0.35,0.4552352048558422,3.5
2021-06-02 09:00:00,9,14,2,4,7,1,0,3,4,3,7,3,21.633333333333333,703.0,3.0,6.59,35.0,0.494949494949495,228.44692040520985,2.818323216995448,0.35,0.4552352048558422,3.5
2021-06-02 10:00:00,10,17,2,4,9,1,1,7,6,3,9,3,22.633333333333333,216.0,4.0,10.29,42.5,0.4516129032258064,267.3219204052098,3.6408963585434178,0.425,0.6802721088435375,3.294117647058824
2021-06-02 11:00:00,11,19,2,4,12,1,0,10,8,2,10,2,23.633333333333333,79.5,4.0,10.29,47.5,0.5333333333333333,289.7836136034732,4.873489847066646,0.475,0.9718172983479106,3.3684210526315788
2021-06-02 12:00:00,12,20,1,4,14,0,1,8,8,1,9,1,24.633333333333333,88.0,4.0,10.29,50.0,0.5161290322580645,283.3003068017366,4.087852283770651,0.5,0.7774538386783285,3.2
2021-06-02 13:00:00,13,22,2,5,14,0,1,7,10,1,11,1,25.633333333333333,135.0,4.0,10.29,55.00000000000001,0.6293103448275862,320.03030680173663,4.082266542980829,0.55,0.6802721088435375,3.3181818181818183
2021-06-02 14:00:00,14,24,2,6,15,0,1,5,10,1,11,1,26.633333333333333,195.0,4.0,10.29,60.0,0.6896551724137931,329.9603068017366,3.619695497246518,0.6,0.4859086491739553,3.333333333333333
2021-06-02 15:00:00,15,24,2,6,15,1,0,7,13,2,15,2,27.633333333333333,195.0,4.0,10.29,60.0,0.81,390.0686136034732,4.3209183673469385,0.6,0.6802721088435375,3.375
2021-06-02 16:00:00,16,27,1,5,17,4,0,11,14,2,16,2,28.633333333333333,95.0,4.0,10.29,67.5,0.875,415.5436136034732,5.425774754346183,0.675,1.0689990281827018,3.111111111111111
2021-06-02 17:00:00,17,31,1,6,20,4,0,6,13,2,15,2,29.633333333333333,149.0,4.0,10.29,77.5,0.97,416.36361360347325,4.249508605285432,0.775,0.5830903790087464,3.129032258064516
2021-06-02 18:00:00,18,26,1,4,20,1,0,4,14,2,16,2,30.633333333333333,198.0,4.0,10.29,65.0,0.8645833333333334,424.67861360347325,3.3159359348134867,0.65,0.3887269193391642,3.1923076923076925
2021-06-02 19:00:00,19,26,1,4,20,0,1,7,15,3,18,3,31.633333333333333,220.5,4.0,10.29,65.0,0.9318181818181818,457.9869204052098,4.195473574045003,0.65,0.6802721088435375,3.1538461538461537
2021-06-02 20:00:00,20,22,2,4,16,0,0,3,15,3,18,3,32.63333333333333,258.5,4.0,10.42,55.00000000000001,0.8409090909090909,455.0469204052099,2.81841737916594,0.55,0.2879078694817658,3.363636363636364
2021-06-02 21:00:00,21,23,1,4,18,0,0,8,13,2,15,2,11.45,313.0,4.0,10.42,57.49999999999999,0.75,296.6496136034732,4.3785466911457895,0.575,0.7677543186180422,3.260869565217391
2021-06-02 22:00:00,22,25,1,3,21,0,0,7,15,1,16,1,12.2,251.5,3.0,6.72,62.5,1.1111111111111112,317.7013068017366,5.333333333333334,0.625,1.0416666666666667,3.2
2021-06-02 23:00:00,23,20,2,0,18,0,0,4,12,1,13,1,13.2,338.0,3.0,6.72,50.0,0.7901234567901234,272.4163068017366,3.504761904761905,0.5,0.5952380952380952,3.2
2021-06-03 00:00:00,0,18,2,0,16,0,0,2,13,1,14,1,14.2,202.0,3.0,6.72,45.0,0.7435897435897436,287.1663068017366,2.408994708994709,0.45,0.2976190476190476,3.2222222222222223
2021-06-03 01:00:00,1,18,3,0,15,0,0,2,12,1,13,1,15.2,312.0,3.0,6.72,45.0,0.7407407407407407,279.4063068017366,2.492063492063492,0.45,0.2976190476190476,3.333333333333333
2021-06-03 02:00:00,2,20,3,0,16,1,0,3,11,1,12,1,16.2,322.0,3.0,6.72,50.0,0.7738095238095238,275.93630680173663,3.075892857142857,0.5,0.4464285714285714,3.25
2021-06-03 03:00:00,3,17,3,0,13,1,0,2,10,1,11,1,17.2,332.0,3.0,6.72,42.5,0.6436781609195402,261.7413068017366,2.380392156862745,0.425,0.2976190476190476,3.294117647058824
2021-06-03 04:00:00,4,13,2,0,10,1,0,1,10,1,11,1,18.2,392.0,3.0,6.72,32.5,0.4827586206896552,258.8013068017366,1.5307692307692309,0.325,0.1488095238095238,3.230769230769231
2021-06-03 05:00:00,5,15,2,2,10,1,0,2,10,1,11,1,19.2,452.0,3.0,6.72,37.5,0.5747126436781609,268.7313068017366,2.2420634920634925,0.375,0.2976190476190476,3.333333333333333
2021-06-03 06:00:00,6,17,2,3,11,1,0,2,10,1,11,1,20.2,512.0,3.0,6.72,42.5,0.6551724137931034,278.6613068017366,2.4228991596638654,0.425,0.2976190476190476,3.3529411764705883
2021-06-03 07:00:00,7,16,2,2,10,2,0,3,9,1,10,1,21.2,622.0,3.0,6.72,40.0,0.5777777777777777,268.7563068017366,2.750892857142857,0.4,0.4464285714285714,3.25
2021-06-03 08:00:00,8,17,2,1,12,2,0,4,9,1,10,1,22.2,682.0,3.0,6.38,42.5,0.6,276.5413068017366,3.3415176101788675,0.425,0.6269592476489029,3.176470588235294
2021-06-03 09:00:00,9,17,3,2,11,1,0,3,9,1,10,1,23.2,742.0,3.0,6.38,42.5,0.6444444444444445,282.1813068017366,3.05427807486631,0.425,0.4702194357366771,3.411764705882353
2021-06-03 10:00:00,10,18,3,4,8,2,1,8,8,2,10,2,24.2,371.5,4.0,11.1,45.0,0.5,290.83461360347326,3.902402402402403,0.45,0.7207207207207208,3.333333333333333
2021-06-03 11:00:00,11,24,3,6,11,3,1,9,10,2,12,2,25.2,116.5,4.0,11.1,60.0,0.7053571428571429,336.1446136034732,4.643918918918919,0.6,0.8108108108108109,3.2916666666666665
2021-06-03 12:00:00,12,22,2,6,11,3,0,5,8,2,10,2,26.2,153.5,4.0,11.1,55.00000000000001,0.6083333333333333,310.6946136034733,3.319676494676495,0.55,0.4504504504504504,3.3181818181818183
2021-06-03 13:00:00,13,20,2,6,8,4,0,3,7,2,9,2,22.166666666666668,210.0,4.0,11.1,50.0,0.532258064516129,270.2566136034732,2.541891891891892,0.5,0.2702702702702703,3.3
2021-06-03 14:00:00,14,23,3,5,10,2,3,8,8,2,10,2,23.166666666666668,268.0,4.0,11.1,57.49999999999999,0.6,295.7316136034732,4.056169212690952,0.575,0.7207207207207208,3.130434782608696
2021-06-03 15:00:00,15,22,3,2,13,3,1,6,8,1,9,1,24.166666666666668,252.0,4.0,11.1,55.00000000000001,0.5564516129032258,284.9583068017366,3.420331695331696,0.55,0.5405405405405406,3.136363636363636
2021-06-03 16:00:00,16,21,3,1,12,3,2,5,8,1,9,1,25.166666666666668,296.0,4.0,11.1,52.5,0.5080645161290323,288.45330680173663,2.926351351351351,0.525,0.4504504504504504,3.0
2021-06-03 17:00:00,17,15,2,1,11,1,0,4,9,1,10,1,26.166666666666668,164.5,4.0,11.1,37.5,0.4083333333333333,294.6233068017366,2.4021771771771774,0.375,0.3603603603603604,3.2666666666666666
2021-06-03 18:00:00,18,14,3,0,10,1,0,3,9,1,10,1,27.166666666666668,224.5,4.0,11.1,35.0,0.3916666666666666,298.1183068017366,2.082335907335908,0.35,0.2702702702702703,3.357142857142857
2021-06-03 19:00:00,19,10,2,0,6,1,1,4,5,2,7,2,28.166666666666668,492.0,4.0,11.1,25.0,0.2348484848484848,255.8466136034732,1.8921171171171172,0.25,0.3603603603603604,3.1
2021-06-03 20:00:00,20,11,3,1,6,1,0,5,5,3,8,3,29.166666666666668,395.0,4.0,11.37,27.500000000000004,0.3046875,277.89992040520985,2.5341268889421924,0.275,0.4397537379067722,3.5454545454545454
2021-06-03 21:00:00,21,16,4,2,8,0,2,6,6,3,9,3,30.166666666666668,142.0,4.0,11.37,40.0,0.4354838709677419,307.66492040520984,3.1310026385224274,0.4,0.5277044854881267,3.375
2021-06-03 22:00:00,22,16,5,1,8,0,2,2,5,3,8,3,28.65,162.5,3.0,6.65,40.0,0.5729166666666666,285.71092040520983,2.4088345864661656,0.4,0.3007518796992481,3.4375
2021-06-03 23:00:00,23,17,4,2,11,0,0,5,5,3,8,3,29.65,169.5,3.0,6.65,42.5,0.6354166666666666,293.4959204052098,4.222921273772667,0.425,0.7518796992481203,3.588235294117647
2021-06-04 00:00:00,0,15,4,1,10,0,0,2,4,2,6,2,30.65,269.0,3.0,6.65,37.5,0.5294117647058824,267.1776136034732,2.4327067669172933,0.375,0.3007518796992481,3.6
2021-06-04 01:00:00,1,13,4,0,9,0,0,1,4,2,6,2,31.65,329.0,3.0,6.65,32.5,0.4607843137254901,268.52761360347324,1.7186668594563332,0.325,0.150375939849624,3.615384615384616
2021-06-04 02:00:00,2,12,4,0,7,1,0,3,4,2,6,2,32.65,389.0,3.0,6.65,30.0,0.4215686274509804,272.02261360347325,2.691541353383459,0.3,0.4511278195488721,3.583333333333333
2021-06-04 03:00:00,3,9,4,0,5,0,0,0,4,2,6,2,33.65,449.0,3.0,6.65,22.5,0.3431372549019608,271.2276136034732,0.875,0.225,0.0,3.888888888888889
2021-06-04 04:00:00,4,10,4,0,6,0,0,2,4,2,6,2,34.65,509.0,3.0,6.65,25.0,0.3725490196078431,279.01261360347326,2.0928571428571425,0.25,0.3007518796992481,3.8
2021-06-04 05:00:00,5,9,4,0,5,0,0,0,4,2,6,2,35.65,569.0,3.0,6.65,22.5,0.3431372549019608,282.5076136034732,0.875,0.225,0.0,3.888888888888889
2021-06-04 06:00:00,6,9,4,0,5,0,0,1,4,2,6,2,36.65,629.0,3.0,6.65,22.5,0.3431372549019608,288.14761360347325,1.4597953216374269,0.225,0.150375939849624,3.888888888888889
2021-06-04 07:00:00,7,10,4,0,6,0,0,3,5,2,7,2,37.65,636.0,3.0,6.65,25.0,0.3838383838383838,309.3326136034732,2.664285714285714,0.25,0.4511278195488721,3.8
2021-06-04 08:00:00,8,11,4,0,7,0,0,1,6,2,8,2,38.65,687.0,3.0,6.58,27.500000000000004,0.4270833333333333,330.51761360347325,1.5914548217739706,0.275,0.1519756838905775,3.727272727272727
2021-06-04 09:00:00,9,14,5,0,8,1,0,5,7,2,9,2,39.65,669.0,3.0,6.58,35.0,0.5483870967741935,355.9926136034732,4.043128528006947,0.35,0.7598784194528875,3.642857142857143
2021-06-04 10:00:00,10,18,5,0,7,5,1,8,6,2,8,2,40.65,763.5,4.0,9.83,45.0,0.4453125,356.8126136034732,4.002144794845711,0.45,0.8138351983723296,3.1666666666666665
2021-06-04 11:00:00,11,22,3,2,10,5,2,11,7,3,10,3,41.65,155.0,4.0,9.83,55.00000000000001,0.5416666666666666,398.7009204052098,4.93120549338759,0.55,1.1190233977619533,2.9545454545454546
2021-06-04 12:00:00,12,26,2,3,15,5,1,10,10,2,12,2,42.65,77.0,4.0,9.83,65.0,0.6964285714285714,438.8526136034732,5.001881993896236,0.65,1.017293997965412,3.0
2021-06-04 13:00:00,13,24,2,3,15,4,0,5,9,2,11,2,18.366666666666667,130.0,4.0,9.83,60.0,0.646551724137931,284.20461360347326,3.4645218718209567,0.6,0.508646998982706,3.125
2021-06-04 14:00:00,14,18,1,1,15,1,0,5,9,1,10,1,7.916666666666667,186.0,4.0,9.83,45.0,0.4666666666666667,198.1283068017366,2.9824573301684185,0.45,0.508646998982706,3.111111111111111
2021-06-04 15:00:00,15,16,1,2,10,2,1,4,9,1,10,1,6.8,246.0,4.0,9.83,40.0,0.4,187.54030680173665,2.420752797558494,0.4,0.4069175991861648,3.0
2021-06-04 16:00:00,16,16,1,3,9,3,0,7,9,2,11,2,7.8,132.0,4.0,9.83,40.0,0.4310344827586206,207.4486136034732,3.4753306205493386,0.4,0.7121057985757884,3.125
2021-06-04 17:00:00,17,23,1,3,15,4,0,9,11,2,13,2,8.8,128.0,4.0,9.83,57.49999999999999,0.6481481481481481,254.9036136034732,4.536500950948738,0.575,0.9155645981688708,3.0434782608695654
2021-06-04 18:00:00,18,17,0,2,10,4,1,3,8,1,9,1,7.166666666666667,171.0,4.0,9.83,42.5,0.3790322580645161,178.3533068017366,2.0187556100771946,0.425,0.3051881993896236,2.764705882352941
2021-06-04 19:00:00,19,20,0,2,11,5,2,6,7,1,8,1,8.166666666666666,207.5,4.0,9.83,50.0,0.4140625,177.02830680173662,2.942497456765005,0.5,0.6103763987792472,2.65
2021-06-04 20:00:00,20,21,0,4,11,2,4,9,7,0,7,0,5.766666666666667,252.0,4.0,11.01,52.5,0.4318181818181818,151.369,3.643762164266251,0.525,0.8174386920980926,2.7142857142857144
2021-06-04 21:00:00,21,24,0,5,14,2,3,10,8,0,8,0,6.766666666666667,240.0,4.0,11.01,60.0,0.5390625,176.844,4.3362624886466845,0.6,0.9082652134423252,2.875
2021-06-04 22:00:00,22,20,0,3,14,2,1,10,7,0,7,0,6.483333333333333,133.0,3.0,7.76,50.0,0.5959595959595959,153.266,5.276546391752578,0.5,1.288659793814433,2.95
2021-06-04 23:00:00,23,17,0,3,13,0,1,2,6,0,6,0,6.6,179.5,3.0,7.76,42.5,0.5098039215686274,134.089,2.0883565797453003,0.425,0.2577319587628866,3.0588235294117645
2021-06-05 00:00:00,0,18,0,3,13,1,1,5,5,0,5,0,7.6,253.0,3.0,7.76,45.0,0.5142857142857142,128.474,3.28298969072165,0.45,0.6443298969072165,3.0
2021-06-05 01:00:00,1,18,1,3,12,1,1,5,6,1,7,1,8.6,286.0,3.0,7.76,45.0,0.5656565656565656,161.7823068017366,3.4045819014891183,0.45,0.6443298969072165,3.111111111111111
2021-06-05 02:00:00,2,16,2,2,10,1,1,2,7,1,8,1,9.6,300.0,3.0,7.76,40.0,0.53125,176.53230680173664,2.0965206185567014,0.4,0.2577319587628866,3.1875
2021-06-05 03:00:00,3,17,2,1,12,1,1,2,6,1,7,1,10.6,406.0,3.0,7.76,42.5,0.5353535353535354,170.9173068017366,2.128517283201941,0.425,0.2577319587628866,3.117647058823529
2021-06-05 04:00:00,4,16,2,1,11,1,1,0,6,1,7,1,11.6,466.0,3.0,7.76,40.0,0.5050505050505051,174.41230680173658,1.25,0.4,0.0,3.125
2021-06-05 05:00:00,5,18,2,1,13,1,1,2,7,1,8,1,12.6,480.0,3.0,7.76,45.0,0.5833333333333334,197.74230680173665,2.201832760595648,0.45,0.2577319587628866,3.111111111111111
2021-06-05 06:00:00,6,17,2,1,13,0,1,2,7,0,7,0,13.6,586.0,3.0,7.76,42.5,0.5454545454545454,186.969,2.168677986658581,0.425,0.2577319587628866,3.176470588235294
2021-06-05 07:00:00,7,17,1,2,12,1,1,3,8,0,8,0,14.6,600.0,3.0,7.76,42.5,0.5416666666666666,206.009,2.4825348696179503,0.425,0.3865979381443299,3.0588235294117645
2021-06-05 08:00:00,8,16,1,2,11,1,1,1,8,0,8,0,13.8,660.0,3.0,6.359999999999999,40.0,0.5104166666666666,199.352,1.7065251572327047,0.4,0.1572327044025157,3.0625
2021-06-05 09:00:00,9,17,1,1,10,4,1,7,5,0,5,0,13.533333333333331,766.0,3.0,6.359999999999999,42.5,0.4571428571428571,159.793,4.307658157602664,0.425,1.1006289308176105,2.823529411764706
2021-06-05 10:00:00,10,15,1,0,11,2,1,6,6,0,6,0,14.216666666666669,281.0,4.0,11.079999999999998,37.5,0.3161764705882353,172.757,2.627346570397112,0.375,0.5415162454873647,2.8666666666666667
2021-06-05 11:00:00,11,17,3,0,14,0,0,5,7,2,9,2,15.216666666666669,84.0,4.0,11.079999999999998,42.5,0.4596774193548387,224.62361360347325,2.9380600976852835,0.425,0.4512635379061372,3.3529411764705883
2021-06-05 12:00:00,12,15,1,0,14,0,0,3,4,3,7,3,15.766666666666667,144.0,4.0,11.079999999999998,37.5,0.3560606060606061,197.50392040520984,2.0233754512635382,0.375,0.2707581227436823,3.1333333333333333
2021-06-05 13:00:00,13,16,2,0,12,2,0,5,4,2,6,2,16.583333333333332,191.0,4.0,11.079999999999998,40.0,0.3676470588235294,189.9866136034732,2.660198555956679,0.4,0.4512635379061372,3.125
2021-06-05 14:00:00,14,20,0,1,14,3,2,9,5,2,7,2,9.966666666666669,126.0,4.0,11.079999999999998,50.0,0.4090909090909091,174.64861360347322,3.543140794223827,0.5,0.812274368231047,2.7
2021-06-05 15:00:00,15,18,0,1,14,1,2,5,5,2,7,2,8.233333333333333,71.0,4.0,11.079999999999998,45.0,0.3787878787878788,160.5826136034732,2.503509827517048,0.45,0.4512635379061372,2.7777777777777777
2021-06-05 16:00:00,16,14,0,2,11,1,0,4,6,2,8,2,9.233333333333333,100.0,4.0,11.079999999999998,35.0,0.3359375,171.04261360347323,2.1838189788550806,0.35,0.3610108303249098,3.071428571428572
2021-06-05 17:00:00,17,19,0,2,16,1,0,8,11,2,13,2,7.716666666666667,80.0,4.0,11.079999999999998,47.5,0.5370370370370371,240.2136136034732,3.65406612198366,0.475,0.7220216606498197,3.0526315789473686
2021-06-05 18:00:00,18,17,0,2,14,1,0,6,12,1,13,1,5.333333333333333,109.0,4.0,11.079999999999998,42.5,0.4814814814814814,221.6133068017366,2.956402633255468,0.425,0.5415162454873647,3.0588235294117645
2021-06-05 19:00:00,19,16,1,2,13,0,0,4,12,1,13,1,5.083333333333333,152.0,4.0,11.079999999999998,40.0,0.4814814814814814,218.05830680173665,2.473285198555957,0.4,0.3610108303249098,3.25
2021-06-05 20:00:00,20,14,1,2,11,0,0,2,9,2,11,2,6.083333333333333,204.0,4.0,11.37,35.0,0.396551724137931,193.47661360347325,1.7279620555346145,0.35,0.1759014951627088,3.2857142857142856
2021-06-05 21:00:00,21,16,1,1,11,1,2,5,8,1,9,1,7.083333333333333,215.0,4.0,11.37,40.0,0.3709677419354839,175.7383068017366,2.4142919964819702,0.4,0.4397537379067722,2.875
2021-06-05 22:00:00,22,15,1,1,9,2,2,6,5,2,7,2,8.083333333333334,201.0,3.0,6.65,37.5,0.4242424242424242,153.30161360347324,3.576315789473684,0.375,0.9022556390977444,2.8
2021-06-05 23:00:00,23,15,2,2,10,0,1,8,5,1,6,1,8.8,184.0,3.0,6.65,37.5,0.4803921568627451,143.07530680173662,5.154824561403508,0.375,1.2030075187969924,3.2666666666666666
2021-06-06 00:00:00,0,12,2,1,7,1,1,1,5,1,6,1,9.8,244.0,3.0,6.65,30.0,0.3725490196078431,142.2803068017366,1.426190476190476,0.3,0.150375939849624,3.1666666666666665
2021-06-06 01:00:00,1,13,2,0,9,2,0,7,5,0,5,0,10.8,381.0,3.0,6.65,32.5,0.3904761904761905,135.797,4.344838056680161,0.325,1.0526315789473684,3.1538461538461537
2021-06-06 02:00:00,2,12,2,0,10,0,0,4,4,0,4,0,8.583333333333334,339.5,3.0,6.65,30.0,0.3703703703703703,107.75,3.005012531328321,0.3,0.6015037593984962,3.333333333333333
2021-06-06 03:00:00,3,12,2,0,10,0,0,3,5,0,5,0,9.583333333333334,298.0,3.0,6.65,30.0,0.3809523809523809,126.79,2.503759398496241,0.3,0.4511278195488721,3.333333333333333
2021-06-06 04:00:00,4,8,2,0,6,0,0,2,5,0,5,0,10.583333333333334,358.0,3.0,6.65,20.0,0.2666666666666666,123.85,1.7526315789473683,0.2,0.3007518796992481,3.5
2021-06-06 05:00:00,5,9,2,0,6,1,0,2,5,0,5,0,11.583333333333334,418.0,3.0,6.65,22.5,0.2857142857142857,131.635,1.7525062656641603,0.225,0.3007518796992481,3.333333333333333
2021-06-06 06:00:00,6,8,2,0,6,0,0,2,5,0,5,0,12.583333333333334,478.0,3.0,6.65,20.0,0.2666666666666666,135.13,1.7526315789473683,0.2,0.3007518796992481,3.5
2021-06-06 07:00:00,7,10,2,0,7,1,0,2,6,0,6,0,13.583333333333334,428.5,3.0,6.65,25.0,0.3235294117647059,158.46,1.8174812030075187,0.25,0.3007518796992481,3.3
2021-06-06 08:00:00,8,12,2,1,8,1,0,5,7,0,7,0,14.583333333333334,379.0,3.0,6.68,30.0,0.404040404040404,181.79,3.4950099800399204,0.3,0.7485029940119761,3.333333333333333
2021-06-06 09:00:00,9,18,2,3,12,1,0,9,11,0,11,0,15.583333333333334,170.0,3.0,6.68,45.0,0.6896551724137931,253.9,5.991017964071856,0.45,1.347305389221557,3.333333333333333
2021-06-06 10:00:00,10,16,1,3,10,1,1,6,8,0,8,0,15.35,98.0,4.0,9.72,40.0,0.390625,208.094,3.1790123456790123,0.4,0.617283950617284,3.125
2021-06-06 11:00:00,11,14,1,4,7,2,0,5,9,0,9,0,16.35,148.0,4.0,9.72,35.0,0.3709677419354839,222.844,2.8401822457378016,0.35,0.5144032921810701,3.2857142857142856
2021-06-06 12:00:00,12,14,1,4,8,1,0,4,9,0,9,0,17.35,183.0,4.0,9.72,35.0,0.3790322580645161,228.484,2.5565402704291595,0.35,0.411522633744856,3.357142857142857
2021-06-06 13:00:00,13,14,1,4,9,0,0,5,8,0,8,0,18.35,139.0,4.0,9.72,35.0,0.375,220.724,2.963668430335097,0.35,0.5144032921810701,3.4285714285714284
2021-06-06 14:00:00,14,21,1,4,11,4,1,12,10,0,10,0,19.35,94.5,4.0,9.72,52.5,0.525,268.17900000000003,5.278703703703704,0.525,1.234567901234568,3.0
2021-06-06 15:00:00,15,25,2,2,12,4,5,12,9,1,10,1,20.35,100.5,4.0,9.72,62.5,0.5583333333333333,283.2673068017366,4.983641975308642,0.625,1.234567901234568,2.68
2021-06-06 16:00:00,16,32,3,3,14,2,10,12,8,1,9,1,21.35,141.0,4.0,9.72,80.0,0.6693548387096774,290.5223068017366,5.277160493827161,0.8,1.234567901234568,2.59375
2021-06-06 17:00:00,17,27,3,3,14,2,5,5,10,1,11,1,22.35,180.0,4.0,9.72,67.5,0.6724137931034483,312.2373068017366,3.4360539551897578,0.675,0.5144032921810701,2.888888888888889
2021-06-06 18:00:00,18,19,3,2,13,1,0,4,10,1,11,1,23.35,240.0,4.0,9.72,47.5,0.5517241379310345,300.71730680173664,2.986181503140567,0.475,0.411522633744856,3.3684210526315788
2021-06-06 19:00:00,19,22,3,3,14,1,1,9,10,1,11,1,24.35,268.0,4.0,9.72,55.00000000000001,0.6206896551724138,312.79230680173663,4.830303030303031,0.55,0.925925925925926,3.272727272727273
2021-06-06 20:00:00,20,24,3,1,10,5,5,13,10,1,11,1,25.35,213.0,4.0,11.099999999999998,60.0,0.5517241379310345,322.72230680173664,4.723123123123123,0.6,1.1711711711711714,2.6666666666666665
2021-06-06 21:00:00,21,24,3,1,16,3,1,9,13,1,14,1,26.35,148.5,4.0,11.099999999999998,60.0,0.7115384615384616,368.5623068017366,4.3500000000000005,0.6,0.810810810810811,3.083333333333333
2021-06-06 22:00:00,22,26,3,3,17,2,1,13,17,1,18,1,27.35,90.0,3.0,8.059999999999999,65.0,1.2575757575757576,432.09230680173664,7.223883374689827,0.65,1.612903225806452,3.1923076923076925
2021-06-06 23:00:00,23,26,3,3,18,1,1,6,14,1,15,1,28.35,160.0,3.0,8.059999999999999,65.0,1.12,397.53230680173664,4.505039129604888,0.65,0.7444168734491317,3.230769230769231
2021-06-07 00:00:00,0,24,3,3,14,2,2,4,13,1,14,1,29.35,225.5,3.0,8.059999999999999,60.0,0.9615384615384616,385.4823068017366,3.425868486352358,0.6,0.4962779156327544,3.125
2021-06-07 01:00:00,1,18,3,3,9,2,1,1,12,1,13,1,30.35,291.0,3.0,8.059999999999999,45.0,0.7283950617283951,364.85230680173663,1.8816721808657293,0.45,0.1240694789081886,3.2777777777777777
2021-06-07 02:00:00,2,15,3,3,8,0,1,1,11,1,12,1,31.35,389.5,3.0,8.059999999999999,37.5,0.6190476190476191,350.6573068017366,1.7301075268817203,0.375,0.1240694789081886,3.466666666666667
2021-06-07 03:00:00,3,15,3,2,9,0,1,1,11,2,13,2,32.35,411.0,3.0,8.059999999999999,37.5,0.6296296296296297,370.56561360347325,1.696836228287841,0.375,0.1240694789081886,3.4
2021-06-07 04:00:00,4,16,4,2,9,0,1,2,12,2,14,2,33.35,465.5,3.0,8.059999999999999,40.0,0.717948717948718,391.7506136034732,2.2684863523573204,0.4,0.2481389578163772,3.5
2021-06-07 05:00:00,5,17,4,2,10,0,1,1,12,2,14,2,34.35,525.5,3.0,8.059999999999999,42.5,0.7564102564102564,399.5356136034732,1.905594073857831,0.425,0.1240694789081886,3.4705882352941178
2021-06-07 06:00:00,6,20,3,3,12,1,1,4,13,2,15,2,35.35,580.0,3.0,8.059999999999999,50.0,0.88,425.0106136034732,3.287717121588089,0.5,0.4962779156327544,3.3
2021-06-07 07:00:00,7,21,3,3,13,1,1,3,14,3,17,3,36.35,620.0,3.0,8.059999999999999,52.5,1.0,460.4639204052099,2.947970577809288,0.525,0.3722084367245658,3.2857142857142856
2021-06-07 08:00:00,8,22,3,6,11,1,1,3,15,3,18,3,37.35,671.5,3.0,7.16,55.00000000000001,1.1363636363636365,481.6489204052099,3.3033900457084817,0.55,0.4189944134078212,3.409090909090909
2021-06-07 09:00:00,9,24,4,4,13,2,1,5,12,3,15,3,38.35,760.0,3.0,7.16,60.0,1.0666666666666669,451.3789204052098,4.327746741154563,0.6,0.6983240223463687,3.333333333333333
2021-06-07 10:00:00,10,33,4,5,23,0,1,11,16,4,20,4,39.35,369.0,4.0,10.41,82.5,1.375,544.1922272069464,6.272254242715338,0.825,1.0566762728146013,3.333333333333333
2021-06-07 11:00:00,11,38,4,5,26,2,1,11,16,4,20,4,40.35,414.0,4.0,10.41,95.0,1.5375,560.5572272069464,6.495294251478841,0.95,1.0566762728146013,3.236842105263158
2021-06-07 12:00:00,12,39,4,7,26,1,1,10,17,4,21,4,41.35,349.0,4.0,10.41,97.5,1.6973684210526316,581.7422272069465,6.4024181630089405,0.975,0.9606147934678194,3.3076923076923075
2021-06-07 13:00:00,13,41,3,7,28,1,2,7,17,5,22,5,42.35,343.5,4.0,10.41,102.5,1.8194444444444444,605.940534008683,5.423496989292659,1.025,0.6724303554274735,3.1951219512195124
2021-06-07 14:00:00,14,37,4,5,22,0,6,8,14,5,19,5,43.35,295.0,4.0,10.41,92.5,1.3333333333333333,562.800534008683,5.126245553911261,0.925,0.7684918347742555,3.027027027027027
2021-06-07 15:00:00,15,35,3,6,19,0,7,12,14,4,18,4,23.78333333333333,254.0,4.0,10.41,87.5,1.1704545454545454,433.8862272069465,5.967342527789214,0.875,1.1527377521613833,2.942857142857143
2021-06-07 16:00:00,16,32,2,4,23,1,2,11,13,4,17,4,13.633333333333333,270.0,4.0,10.41,80.0,1.076086956521739,356.8052272069464,5.744092219020173,0.8,1.0566762728146013,3.09375
2021-06-07 17:00:00,17,31,2,4,24,1,0,7,15,2,17,2,14.633333333333333,264.0,4.0,10.41,77.5,1.0869565217391304,358.56361360347324,4.6691301787983015,0.775,0.6724303554274735,3.225806451612903
2021-06-07 18:00:00,18,31,1,6,23,1,0,7,16,4,20,4,15.633333333333333,231.5,4.0,10.41,77.5,1.25,406.1402272069465,4.6691301787983015,0.775,0.6724303554274735,3.225806451612903
2021-06-07 19:00:00,19,20,2,3,15,0,0,4,14,2,16,2,16.633333333333333,183.0,4.0,10.41,50.0,0.6979166666666666,332.84861360347327,2.962223823246878,0.5,0.3842459173871277,3.35
2021-06-07 20:00:00,20,25,3,3,18,1,0,7,18,1,19,1,17.633333333333333,224.0,4.0,9.9,62.5,0.988095238095238,388.5453068017366,4.422474747474747,0.625,0.7070707070707071,3.32
2021-06-07 21:00:00,21,32,3,2,20,2,5,11,17,0,17,0,11.95,249.0,4.0,9.9,80.0,1.0,343.838,5.4944444444444445,0.8,1.1111111111111112,2.875
2021-06-07 22:00:00,22,21,3,3,13,0,2,10,10,1,11,1,8.216666666666667,309.0,3.0,6.65,52.5,0.7816091954022989,219.65530680173663,6.569316147511636,0.525,1.5037593984962403,3.238095238095238
2021-06-07 23:00:00,23,20,3,2,12,0,2,6,11,1,12,1,9.216666666666669,235.5,3.0,6.65,50.0,0.7261904761904762,236.5503068017366,4.27687969924812,0.5,0.9022556390977444,3.05
2021-06-08 00:00:00,0,21,3,2,14,1,1,6,9,1,10,1,10.216666666666669,401.0,3.0,6.65,52.5,0.7555555555555555,217.53530680173665,4.621589688506981,0.525,0.9022556390977444,3.238095238095238
2021-06-08 01:00:00,1,19,3,2,13,1,0,2,10,1,11,1,11.216666666666669,398.0,3.0,6.65,47.5,0.735632183908046,232.28530680173665,2.613058963197467,0.475,0.3007518796992481,3.3684210526315788
2021-06-08 02:00:00,2,18,3,2,12,1,0,2,10,1,11,1,12.216666666666669,458.0,3.0,6.65,45.0,0.7011494252873564,235.78030680173663,2.5442147034252294,0.45,0.3007518796992481,3.388888888888889
2021-06-08 03:00:00,3,13,3,2,8,0,0,0,10,1,11,1,13.216666666666669,518.0,3.0,6.65,32.5,0.5402298850574713,230.69530680173665,1.175,0.325,0.0,3.615384615384616
2021-06-08 04:00:00,4,12,3,2,7,0,0,0,10,1,11,1,14.216666666666669,578.0,3.0,6.65,30.0,0.5057471264367817,234.1903068017366,1.1,0.3,0.0,3.6666666666666665
2021-06-08 05:00:00,5,12,3,2,7,0,0,0,10,1,11,1,15.216666666666669,638.0,3.0,6.65,30.0,0.5057471264367817,239.83030680173655,1.1,0.3,0.0,3.6666666666666665
2021-06-08 06:00:00,6,12,3,2,7,0,0,0,10,1,11,1,16.216666666666665,698.0,3.0,6.65,30.0,0.5057471264367817,245.47030680173657,1.1,0.3,0.0,3.6666666666666665
2021-06-08 07:00:00,7,13,3,2,8,0,0,1,10,1,11,1,17.216666666666665,758.0,3.0,6.65,32.5,0.5402298850574713,253.2553068017366,1.7186668594563332,0.325,0.150375939849624,3.615384615384616
2021-06-08 08:00:00,8,15,3,2,9,0,1,4,10,1,11,1,18.216666666666665,818.0,3.0,7.88,37.5,0.5862068965517241,263.1853068017366,3.000888324873096,0.375,0.5076142131979695,3.4
2021-06-08 09:00:00,9,16,2,3,9,1,1,5,9,1,10,1,19.216666666666665,789.5,3.0,7.88,40.0,0.5777777777777777,257.5703068017366,3.362182741116752,0.4,0.6345177664974619,3.25
2021-06-08 10:00:00,10,19,1,3,10,4,1,7,11,1,12,1,20.216666666666665,713.5,4.0,11.2,47.5,0.5,296.4453068017366,3.2421052631578946,0.475,0.625,2.9473684210526314
2021-06-08 11:00:00,11,21,2,3,10,5,1,3,11,2,13,2,21.216666666666665,749.0,4.0,11.2,52.5,0.5833333333333334,320.6436136034732,2.378571428571429,0.525,0.2678571428571428,3.0
2021-06-08 12:00:00,12,21,2,5,9,4,1,2,10,3,13,3,22.216666666666665,809.0,4.0,11.2,52.5,0.6111111111111112,327.1519204052098,2.2112244897959186,0.525,0.1785714285714285,3.142857142857143
2021-06-08 13:00:00,13,21,2,6,8,4,1,4,10,3,13,3,23.216666666666665,747.0,4.0,11.2,52.5,0.6203703703703703,332.7919204052098,2.8144557823129253,0.525,0.3571428571428571,3.1904761904761907
2021-06-08 14:00:00,14,22,2,7,9,3,1,5,9,4,13,4,24.216666666666665,195.0,4.0,11.2,55.00000000000001,0.6666666666666666,341.44522720694647,3.2610389610389614,0.55,0.4464285714285714,3.272727272727273
2021-06-08 15:00:00,15,18,2,5,8,2,1,6,7,2,9,2,20.633333333333333,143.0,4.0,11.2,45.0,0.4758064516129032,257.3186136034732,3.230952380952381,0.45,0.5357142857142857,3.2777777777777777
2021-06-08 16:00:00,16,18,2,5,8,2,1,5,8,2,10,2,21.633333333333333,201.5,4.0,11.2,45.0,0.4916666666666666,276.3586136034732,2.938293650793651,0.45,0.4464285714285714,3.2777777777777777
2021-06-08 17:00:00,17,26,1,7,9,8,1,11,13,1,14,1,22.633333333333333,159.5,4.0,11.2,65.0,0.7403846153846154,351.8903068017366,4.833653846153847,0.65,0.9821428571428572,2.9615384615384617
2021-06-08 18:00:00,18,25,0,9,8,7,1,3,12,1,13,1,10.333333333333334,145.0,4.0,11.2,62.5,0.6944444444444444,266.9733068017366,2.6785714285714284,0.625,0.2678571428571428,3.0
2021-06-08 19:00:00,19,25,1,7,9,5,3,7,13,0,13,0,11.333333333333334,144.0,4.0,11.2,62.5,0.6759259259259259,271.745,3.65,0.625,0.625,2.92
2021-06-08 20:00:00,20,24,1,4,9,5,5,7,11,0,11,0,12.333333333333334,198.0,4.0,11.38,60.0,0.5431034482758621,248.44,3.1896748681898064,0.6,0.6151142355008787,2.625
2021-06-08 21:00:00,21,17,1,4,8,3,1,2,11,0,11,0,13.333333333333334,258.0,4.0,11.38,42.5,0.4482758620689655,239.065,1.8375788276646332,0.425,0.1757469244288225,3.0588235294117645
2021-06-08 22:00:00,22,15,1,2,8,3,1,3,8,0,8,0,14.333333333333334,312.5,3.0,8.059999999999999,37.5,0.4583333333333333,200.215,2.19181141439206,0.375,0.3722084367245658,2.933333333333333
2021-06-08 23:00:00,23,12,2,1,6,3,0,3,7,0,7,0,6.4,263.0,3.0,8.059999999999999,30.0,0.3838383838383838,135.636,2.128660049627792,0.3,0.3722084367245658,3.1666666666666665
2021-06-09 00:00:00,0,13,2,0,8,3,0,4,5,0,5,0,7.4,323.0,3.0,8.059999999999999,32.5,0.3809523809523809,116.621,2.527008971177706,0.325,0.4962779156327544,3.076923076923077
2021-06-09 01:00:00,1,14,2,0,9,3,0,2,5,0,5,0,8.4,383.0,3.0,8.059999999999999,35.0,0.4095238095238095,124.406,1.83714108472173,0.35,0.2481389578163772,3.071428571428572
2021-06-09 02:00:00,2,11,2,0,6,3,0,0,5,0,5,0,9.4,443.0,3.0,8.059999999999999,27.500000000000004,0.3238095238095238,123.611,0.8500000000000001,0.275,0.0,3.090909090909091
2021-06-09 03:00:00,3,12,2,0,7,3,0,2,6,0,6,0,10.4,427.0,3.0,8.059999999999999,30.0,0.3627450980392157,144.796,1.69009511993383,0.3,0.2481389578163772,3.083333333333333
2021-06-09 04:00:00,4,14,2,1,9,2,0,4,8,0,8,0,11.4,372.0,3.0,8.059999999999999,35.0,0.46875,181.526,2.7201790145338536,0.35,0.4962779156327544,3.2142857142857144
2021-06-09 05:00:00,5,16,3,1,9,3,0,4,9,1,10,1,12.4,284.0,3.0,8.059999999999999,40.0,0.5777777777777777,219.12430680173665,2.912903225806452,0.4,0.4962779156327544,3.25
2021-06-09 06:00:00,6,17,3,1,10,3,0,1,9,2,11,2,13.4,235.0,3.0,8.059999999999999,42.5,0.632183908045977,241.1776136034732,1.7764012552911983,0.425,0.1240694789081886,3.235294117647059
2021-06-09 07:00:00,7,17,3,1,11,2,0,1,9,2,11,2,14.4,295.0,3.0,8.059999999999999,42.5,0.6436781609195402,246.8176136034732,1.8086994599328563,0.425,0.1240694789081886,3.294117647058824
2021-06-09 08:00:00,8,19,3,1,12,3,0,3,10,2,12,2,15.4,312.5,3.0,6.6,47.5,0.7261904761904762,270.14761360347325,2.98433014354067,0.475,0.4545454545454546,3.210526315789474
2021-06-09 09:00:00,9,22,3,2,12,5,0,4,11,2,13,2,16.4,330.0,3.0,6.6,55.00000000000001,0.8518518518518519,295.6226136034732,3.625826446280992,0.55,0.6060606060606061,3.136363636363636
2021-06-09 10:00:00,10,17,2,4,7,4,0,2,10,1,11,1,17.4,385.0,4.0,9.85,42.5,0.4741379310344827,262.86930680173657,2.031912511197372,0.425,0.2030456852791878,3.235294117647059
2021-06-09 11:00:00,11,23,3,4,6,5,5,10,15,1,16,1,18.4,291.5,4.0,9.85,57.49999999999999,0.6666666666666666,348.37930680173656,4.424983447362613,0.575,1.015228426395939,2.782608695652174
2021-06-09 12:00:00,12,22,3,5,5,5,4,6,13,2,15,2,19.4,209.0,4.0,9.85,55.00000000000001,0.64,339.34261360347324,3.3720350715274576,0.55,0.6091370558375635,2.909090909090909
2021-06-09 13:00:00,13,28,3,7,9,5,4,11,12,5,17,5,20.4,154.0,4.0,9.85,70.0,0.9130434782608696,387.2575340086831,5.450253807106599,0.7,1.116751269035533,3.0
2021-06-09 14:00:00,14,30,3,7,11,2,7,7,11,5,16,5,21.4,199.5,4.0,9.85,75.0,0.90625,383.7875340086831,4.235913705583756,0.75,0.7106598984771574,2.9
2021-06-09 15:00:00,15,26,4,6,10,1,5,3,9,6,15,6,22.4,192.0,4.0,9.85,65.0,0.81,368.3158408104197,2.9738481062085125,0.65,0.3045685279187817,3.1153846153846154
2021-06-09 16:00:00,16,16,2,5,8,1,0,2,7,3,10,3,5.866666666666666,243.0,4.0,9.85,40.0,0.4666666666666667,184.01292040520983,2.1106598984771576,0.4,0.2030456852791878,3.5
2021-06-09 17:00:00,17,18,1,3,9,2,3,8,4,3,7,3,5.2,291.0,4.0,9.85,45.0,0.3863636363636363,144.34292040520984,3.5761844331641286,0.45,0.8121827411167513,2.833333333333333
2021-06-09 18:00:00,18,32,2,4,10,6,10,17,6,4,10,4,6.2,264.5,4.0,9.85,80.0,0.65,221.08122720694644,6.156852791878173,0.8,1.7258883248730963,2.4375
2021-06-09 19:00:00,19,34,2,5,15,5,7,15,8,3,11,3,6.983333333333333,83.0,4.0,9.85,85.0,0.7931034482758621,242.3209204052098,6.420633024783519,0.85,1.5228426395939088,2.7058823529411766
2021-06-09 20:00:00,20,35,2,5,18,7,3,8,10,2,12,2,7.983333333333333,121.0,4.0,9.63,87.5,0.9017857142857144,262.63761360347326,4.922270434653613,0.875,0.8307372793354103,2.8857142857142857
2021-06-09 21:00:00,21,35,1,5,19,6,4,7,8,2,10,2,8.983333333333333,165.0,4.0,9.63,87.5,0.8166666666666667,241.47761360347323,4.485306334371755,0.875,0.726895119418484,2.8
2021-06-09 22:00:00,22,22,1,2,13,3,3,5,3,2,5,2,9.983333333333333,235.0,3.0,6.38,55.00000000000001,0.580952380952381,152.23261360347323,3.697983756055857,0.55,0.7836990595611285,2.772727272727273
2021-06-09 23:00:00,23,11,1,2,7,1,0,1,2,2,4,2,10.983333333333333,317.5,3.0,6.38,27.500000000000004,0.3333333333333333,120.87761360347324,1.4129666571672843,0.275,0.1567398119122257,3.272727272727273
2021-06-10 00:00:00,0,12,1,2,6,1,2,3,2,2,4,2,11.983333333333333,377.5,3.0,6.38,30.0,0.324074074074074,128.66261360347323,2.246473354231975,0.3,0.4702194357366771,2.9166666666666665
2021-06-10 01:00:00,1,12,1,2,4,4,1,4,1,2,3,2,12.983333333333333,460.0,3.0,6.38,30.0,0.3063063063063063,120.9026136034732,2.626384535005225,0.3,0.6269592476489029,2.833333333333333
2021-06-10 02:00:00,2,11,1,2,5,2,1,4,1,1,2,1,13.166666666666666,497.5,3.0,6.38,27.500000000000004,0.2894736842105263,105.5233068017366,2.7058777429467087,0.275,0.6269592476489029,3.0
2021-06-10 03:00:00,3,8,1,1,6,0,0,2,1,1,2,1,14.166666666666666,557.5,3.0,6.38,20.0,0.2368421052631578,104.7283068017366,1.7329937304075236,0.2,0.3134796238244514,3.375
2021-06-10 04:00:00,4,8,1,1,6,0,0,1,1,1,2,1,15.166666666666666,617.5,3.0,6.38,20.0,0.2368421052631578,110.3683068017366,1.2039968652037618,0.2,0.1567398119122257,3.375
2021-06-10 05:00:00,5,9,1,1,6,1,0,1,1,1,2,1,16.166666666666668,677.5,3.0,6.38,22.5,0.2543859649122807,118.15330680173662,1.230050505050505,0.225,0.1567398119122257,3.2222222222222223
2021-06-10 06:00:00,6,5,1,1,3,0,0,1,1,1,2,1,17.166666666666668,737.5,3.0,6.38,12.5,0.1578947368421052,115.21330680173662,1.0142633228840128,0.125,0.1567398119122257,3.6
2021-06-10 07:00:00,7,6,1,1,4,0,0,3,1,1,2,1,18.166666666666668,797.5,3.0,6.38,15.0,0.1842105263157894,122.99830680173662,2.17076802507837,0.15,0.4702194357366771,3.5
2021-06-10 08:00:00,8,11,2,1,7,0,1,6,3,1,4,1,19.166666666666668,440.0,3.0,6.8,27.500000000000004,0.3333333333333333,166.1633068017366,3.787700534759358,0.275,0.8823529411764706,3.272727272727273
2021-06-10 09:00:00,9,17,2,0,12,2,1,9,3,1,4,1,20.166666666666668,90.5,3.0,6.8,42.5,0.4722222222222222,184.6733068017366,5.245588235294118,0.425,1.3235294117647058,3.0
2021-06-10 10:00:00,10,15,1,0,11,2,1,6,5,1,6,1,21.166666666666668,70.5,4.0,10.12,37.5,0.3161764705882353,212.8233068017366,2.774604743083004,0.375,0.5928853754940712,2.8666666666666667
2021-06-10 11:00:00,11,16,1,0,11,4,0,7,6,1,7,1,22.166666666666668,96.0,4.0,10.12,40.0,0.3484848484848485,234.00830680173655,3.1386363636363632,0.4,0.691699604743083,2.875
2021-06-10 12:00:00,12,21,1,1,14,4,1,6,9,1,10,1,23.166666666666668,111.0,4.0,10.12,52.5,0.5,290.57330680173663,3.1939582156973465,0.525,0.5928853754940712,2.857142857142857
2021-06-10 13:00:00,13,20,3,2,13,2,0,3,10,2,12,2,24.166666666666668,124.5,4.0,10.12,50.0,0.5892857142857143,321.73661360347324,2.6282608695652177,0.5,0.2964426877470356,3.3
2021-06-10 14:00:00,14,24,3,2,17,2,0,8,10,2,12,2,25.166666666666668,184.5,4.0,10.12,60.0,0.6964285714285714,335.9566136034732,4.519169960474308,0.6,0.790513833992095,3.25
2021-06-10 15:00:00,15,29,2,2,21,3,1,10,8,2,10,2,26.166666666666668,224.5,4.0,10.12,72.5,0.7333333333333333,325.52161360347327,5.198500749625188,0.725,0.9881422924901186,3.034482758620689
2021-06-10 16:00:00,16,26,1,3,16,4,2,6,7,3,10,3,7.966666666666667,253.0,4.0,10.12,65.0,0.625,217.30692040520984,3.5852462754636667,0.65,0.5928853754940712,2.8846153846153846
2021-06-10 17:00:00,17,29,1,4,13,3,8,12,9,4,13,4,8.75,252.0,4.0,10.12,72.5,0.6851851851851852,269.2282272069465,4.875759847349053,0.725,1.1857707509881423,2.5517241379310347
2021-06-10 18:00:00,18,37,1,5,18,3,10,11,11,4,15,4,9.75,125.0,4.0,10.12,92.5,0.95,318.82822720694645,5.165834312573444,0.925,1.0869565217391306,2.5675675675675675
2021-06-10 19:00:00,19,31,2,5,20,1,3,11,13,4,17,4,10.75,136.0,4.0,10.12,77.5,1.0326086956521738,338.39822720694644,5.705995792426369,0.775,1.0869565217391306,3.064516129032258
2021-06-10 20:00:00,20,26,2,5,14,1,4,8,7,4,11,4,7.666666666666667,135.0,4.0,9.97,65.0,0.6724137931034483,229.8832272069465,4.357221664994984,0.65,0.8024072216649949,3.0
2021-06-10 21:00:00,21,20,1,5,12,1,1,7,8,3,11,3,8.666666666666666,157.0,4.0,9.97,50.0,0.5517241379310345,221.78492040520985,3.846740220661986,0.5,0.7021063189568706,3.2
2021-06-10 22:00:00,22,20,1,5,12,2,0,6,7,3,10,3,9.666666666666666,225.5,3.0,6.65,50.0,0.7222222222222222,214.02492040520983,4.557330827067669,0.5,0.9022556390977444,3.25
2021-06-10 23:00:00,23,17,1,5,10,1,0,0,7,3,10,3,10.666666666666666,285.5,3.0,6.65,42.5,0.6333333333333333,213.22992040520984,1.425,0.425,0.0,3.3529411764705883
2021-06-11 00:00:00,0,21,1,7,12,1,0,6,9,4,13,4,11.666666666666666,288.0,3.0,6.65,52.5,0.8765432098765432,268.51822720694645,4.82548335123523,0.525,0.9022556390977444,3.380952380952381
2021-06-11 01:00:00,1,24,1,7,13,3,0,3,9,4,13,4,12.666666666666666,348.0,3.0,6.65,60.0,0.9629629629629628,280.5932272069465,3.416165413533834,0.6,0.4511278195488721,3.25
2021-06-11 02:00:00,2,30,1,8,17,4,0,7,11,4,15,4,13.666666666666666,350.0,3.0,6.65,75.0,1.28,325.90322720694644,5.768421052631579,0.75,1.0526315789473684,3.2
2021-06-11 03:00:00,3,25,1,8,13,3,0,0,11,4,15,4,14.666666666666666,410.0,3.0,6.65,62.5,1.0933333333333333,320.8182272069464,2.05,0.625,0.0,3.28
2021-06-11 04:00:00,4,20,1,6,12,1,0,1,11,3,14,3,15.666666666666666,499.0,3.0,6.65,50.0,0.8589743589743589,301.4649204052098,2.178759398496241,0.5,0.150375939849624,3.35
2021-06-11 05:00:00,5,20,1,7,11,1,0,1,11,4,15,4,16.666666666666668,530.0,3.0,6.65,50.0,0.9066666666666666,321.37322720694647,2.2112781954887217,0.5,0.150375939849624,3.4
2021-06-11 06:00:00,6,22,1,8,12,1,0,2,11,4,15,4,17.666666666666668,590.0,3.0,6.65,55.00000000000001,1.0,331.3032272069465,2.9002904989747096,0.55,0.3007518796992481,3.409090909090909
2021-06-11 07:00:00,7,23,1,7,14,1,0,3,11,3,14,3,18.666666666666668,679.0,3.0,6.65,57.49999999999999,0.9871794871794872,324.8199204052098,3.4352974828375284,0.575,0.4511278195488721,3.347826086956522
2021-06-11 08:00:00,8,25,1,7,15,2,0,4,11,3,14,3,19.666666666666668,739.0,3.0,8.059999999999999,62.5,1.051282051282051,334.7499204052098,3.677791563275434,0.625,0.4962779156327544,3.28
2021-06-11 09:00:00,9,27,1,6,18,2,0,6,8,3,11,3,20.666666666666668,856.0,3.0,8.059999999999999,67.5,1.0,304.47992040520984,4.57367659222498,0.675,0.7444168734491317,3.2222222222222223
2021-06-11 10:00:00,10,33,1,5,26,1,0,10,12,2,14,2,21.666666666666668,755.5,4.0,11.38,82.5,1.0096153846153846,362.3216136034732,5.420973797731267,0.825,0.8787346221441126,3.1818181818181817
2021-06-11 11:00:00,11,29,2,5,15,2,5,8,12,1,13,1,22.666666666666668,691.0,4.0,11.38,72.5,0.7777777777777778,345.1133068017366,4.1362402278649775,0.725,0.70298769771529,2.896551724137931
2021-06-11 12:00:00,12,31,2,5,17,2,5,5,12,1,13,1,23.666666666666668,498.0,4.0,11.38,77.5,0.8333333333333334,355.04330680173666,3.5255825160156475,0.775,0.4393673110720563,2.903225806451613
2021-06-11 13:00:00,13,34,2,6,23,1,2,10,16,1,17,1,24.666666666666668,229.0,4.0,11.38,85.0,1.1630434782608696,420.7183068017366,5.440429546159413,0.85,0.8787346221441126,3.147058823529412
2021-06-11 14:00:00,14,24,2,3,17,1,1,3,15,1,16,1,25.666666666666668,201.0,4.0,11.38,60.0,0.7916666666666666,391.5083068017366,2.7347978910369064,0.6,0.2636203866432338,3.1666666666666665
2021-06-11 15:00:00,15,23,1,3,14,5,0,9,10,1,11,1,26.666666666666668,162.0,4.0,11.38,57.49999999999999,0.5948275862068966,328.0033068017366,4.097583479789104,0.575,0.7908611599297013,3.0
2021-06-11 16:00:00,16,27,2,3,17,5,0,9,9,1,10,1,27.666666666666668,246.0,4.0,11.38,67.5,0.6916666666666667,328.82330680173663,4.506165787932044,0.675,0.7908611599297013,3.074074074074074
2021-06-11 17:00:00,17,24,2,3,14,2,3,4,10,1,11,1,28.666666666666668,282.0,4.0,11.38,60.0,0.6120689655172413,341.42830680173665,2.8148359695372,0.6,0.351493848857645,2.958333333333333
2021-06-11 18:00:00,18,21,1,3,14,2,1,6,11,0,11,0,29.666666666666668,329.0,4.0,11.38,52.5,0.5517241379310345,339.765,3.2068290233492345,0.525,0.5272407732864676,3.0476190476190474
2021-06-11 19:00:00,19,25,1,4,16,3,1,13,9,0,9,0,30.666666666666668,389.0,4.0,11.38,62.5,0.6129032258064516,327.18500000000006,5.372759226713534,0.625,1.1423550087873464,3.04
2021-06-11 20:00:00,20,29,2,4,18,4,1,6,8,0,8,0,31.666666666666668,433.0,4.0,10.12,72.5,0.6953125,328.005,4.044544773068012,0.725,0.5928853754940712,3.0689655172413794
2021-06-11 21:00:00,21,21,2,5,10,3,1,4,6,0,6,0,32.666666666666664,289.5,4.0,10.12,52.5,0.4926470588235294,289.685,2.936057782796914,0.525,0.3952569169960475,3.1904761904761907
2021-06-11 22:00:00,22,19,2,3,11,2,1,10,8,0,8,0,33.666666666666664,158.5,3.0,6.8,47.5,0.625,317.8349999999999,6.143962848297214,0.475,1.4705882352941178,3.1578947368421053
2021-06-11 23:00:00,23,17,2,3,11,1,0,3,8,0,8,0,34.666666666666664,110.0,3.0,6.8,42.5,0.59375,319.18499999999995,2.90423875432526,0.425,0.4411764705882353,3.3529411764705883
2021-06-12 00:00:00,0,15,1,2,11,0,1,5,7,0,7,0,35.666666666666664,161.0,3.0,6.8,37.5,0.4747474747474747,307.135,3.478921568627451,0.375,0.7352941176470589,3.1333333333333333
2021-06-12 01:00:00,1,18,2,3,12,1,0,5,7,0,7,0,36.66666666666666,221.0,3.0,6.8,45.0,0.6060606060606061,319.21,3.950980392156863,0.45,0.7352941176470589,3.333333333333333
2021-06-12 02:00:00,2,19,3,4,9,2,1,5,7,2,9,2,37.66666666666666,251.0,3.0,6.8,47.5,0.6774193548387096,355.5316136034732,4.0130804953560375,0.475,0.7352941176470589,3.3157894736842106
2021-06-12 03:00:00,3,23,3,4,13,2,1,6,9,2,11,2,38.66666666666666,133.0,3.0,6.8,57.49999999999999,0.8620689655172413,396.5516136034733,4.752237851662404,0.575,0.8823529411764706,3.260869565217391
2021-06-12 04:00:00,4,22,3,3,13,1,2,4,10,1,11,1,39.66666666666666,193.0,3.0,6.8,55.00000000000001,0.8045977011494253,399.1783068017366,3.621657754010695,0.55,0.5882352941176471,3.1818181818181817
2021-06-12 05:00:00,5,17,3,3,10,1,0,1,10,0,10,0,40.66666666666666,342.0,3.0,6.8,42.5,0.6555555555555556,379.825,1.9853806228373705,0.425,0.1470588235294117,3.4705882352941178
2021-06-12 06:00:00,6,19,4,3,11,1,0,2,10,1,11,1,41.66666666666666,313.0,3.0,6.8,47.5,0.7701149425287356,404.02330680173657,2.712151702786377,0.475,0.2941176470588235,3.526315789473684
2021-06-12 07:00:00,7,16,4,3,8,1,0,0,9,1,10,1,42.66666666666666,462.0,3.0,6.8,40.0,0.6444444444444445,389.82830680173663,1.4500000000000002,0.4,0.0,3.625
2021-06-12 08:00:00,8,15,3,4,7,1,0,3,10,2,12,2,43.66666666666666,401.0,3.0,6.6,37.5,0.6428571428571429,420.9916136034732,2.9863636363636368,0.375,0.4545454545454546,3.6
2021-06-12 09:00:00,9,23,4,6,9,4,0,10,10,2,12,2,44.66666666666666,369.5,3.0,6.6,57.49999999999999,0.9404761904761904,443.7916136034732,7.179216073781291,0.575,1.5151515151515151,3.4347826086956523
2021-06-12 10:00:00,10,30,3,9,12,5,1,12,7,2,9,2,45.66666666666666,241.0,4.0,11.32,75.0,0.7903225806451613,424.2466136034732,5.912897526501767,0.75,1.060070671378092,3.2666666666666666
2021-06-12 11:00:00,11,31,3,9,14,5,0,9,9,2,11,2,46.66666666666666,176.0,4.0,11.32,77.5,0.8879310344827587,458.8316136034732,5.216627721417988,0.775,0.7950530035335689,3.3225806451612905
2021-06-12 12:00:00,12,34,3,11,15,3,2,10,11,2,13,2,47.66666666666666,85.0,4.0,11.32,85.0,1.037037037037037,497.7066136034732,5.709997921430055,0.85,0.8833922261484098,3.294117647058824
2021-06-12 13:00:00,13,32,3,10,13,4,2,8,10,2,12,2,48.66666666666666,126.5,4.0,11.32,80.0,0.9285714285714286,485.6566136034732,4.896819787985866,0.8,0.7067137809187279,3.25
2021-06-12 14:00:00,14,28,3,8,14,3,0,7,11,1,12,1,49.66666666666666,178.0,4.0,11.32,70.0,0.8482142857142857,481.84830680173656,4.473056537102473,0.7,0.6183745583038869,3.392857142857143
2021-06-12 15:00:00,15,29,4,7,15,2,1,12,9,1,10,1,50.66666666666666,120.0,4.0,11.32,72.5,0.8166666666666667,462.8333068017366,6.032307786036311,0.725,1.060070671378092,3.3793103448275863
2021-06-12 16:00:00,16,24,4,4,11,1,4,4,7,1,8,1,51.66666666666666,153.5,4.0,11.32,60.0,0.5859375,430.9483068017366,2.979240282685512,0.6,0.3533568904593639,3.125
2021-06-12 17:00:00,17,23,4,4,12,3,0,5,7,1,8,1,52.66666666666666,213.5,4.0,11.32,57.49999999999999,0.609375,434.4433068017366,3.447925948686434,0.575,0.4416961130742049,3.391304347826087
2021-06-12 18:00:00,18,26,4,6,13,3,0,11,8,0,8,0,53.66666666666666,245.5,4.0,11.32,65.0,0.6953125,445.65,5.55131149768959,0.65,0.9717314487632508,3.423076923076923
2021-06-12 19:00:00,19,26,2,8,13,3,0,8,7,0,7,0,54.66666666666666,299.0,4.0,11.32,65.0,0.6590909090909091,437.89,4.539773036151129,0.65,0.7067137809187279,3.3461538461538463
2021-06-12 20:00:00,20,24,1,7,15,0,1,8,7,0,7,0,55.66666666666666,149.0,4.0,12.48,60.0,0.5984848484848485,439.24,4.085042735042735,0.6,0.641025641025641,3.2916666666666665
2021-06-12 21:00:00,21,23,2,7,11,2,1,5,6,0,6,0,56.66666666666666,125.5,4.0,12.48,57.49999999999999,0.5588235294117647,429.335,3.223857302118171,0.575,0.4006410256410256,3.3043478260869565
2021-06-12 22:00:00,22,20,2,5,11,1,1,4,4,1,5,1,57.66666666666666,171.0,3.0,7.76,50.0,0.6285714285714286,416.0083068017366,3.351030927835051,0.5,0.5154639175257733,3.3
2021-06-12 23:00:00,23,14,2,3,7,0,2,4,5,1,6,1,58.66666666666666,195.0,3.0,7.76,35.0,0.4411764705882353,422.1783068017366,2.7818483063328427,0.35,0.5154639175257733,3.2142857142857144
2021-06-13 00:00:00,0,16,3,4,7,0,2,4,4,2,6,2,59.66666666666666,255.0,3.0,7.76,40.0,0.5294117647058824,432.9766136034732,3.0896907216494847,0.4,0.5154639175257733,3.375
2021-06-13 01:00:00,1,18,3,4,9,0,2,3,4,2,6,2,60.66666666666666,315.0,3.0,7.76,45.0,0.5882352941176471,442.9066136034732,2.7886597938144333,0.45,0.3865979381443299,3.333333333333333
2021-06-13 02:00:00,2,15,2,3,9,0,1,2,4,1,5,1,61.66666666666666,411.0,3.0,7.76,37.5,0.4761904761904761,427.84330680173656,2.109106529209622,0.375,0.2577319587628866,3.333333333333333
2021-06-13 03:00:00,3,15,2,4,7,1,1,3,5,1,6,1,62.66666666666666,435.0,3.0,7.76,37.5,0.4901960784313725,446.8833068017366,2.538659793814433,0.375,0.3865979381443299,3.333333333333333
2021-06-13 04:00:00,4,19,2,6,9,1,1,6,5,2,7,2,63.66666666666666,459.0,3.0,7.76,47.5,0.6464646464646465,475.3716136034732,4.204449267498643,0.475,0.7731958762886598,3.3684210526315788
2021-06-13 05:00:00,5,20,2,7,9,1,1,2,6,3,9,3,64.66666666666667,431.0,3.0,7.76,50.0,0.7311827956989247,510.8249204052099,2.576288659793814,0.5,0.2577319587628866,3.4
2021-06-13 06:00:00,6,20,2,6,10,1,1,2,6,3,9,3,65.66666666666667,491.0,3.0,7.76,50.0,0.7204301075268817,516.4649204052098,2.53840206185567,0.5,0.2577319587628866,3.35
2021-06-13 07:00:00,7,19,2,5,10,1,1,2,5,2,7,2,66.66666666666667,639.0,3.0,7.76,47.5,0.6363636363636364,492.29161360347325,2.4295849158979927,0.475,0.2577319587628866,3.3157894736842106
2021-06-13 08:00:00,8,15,0,4,6,4,1,3,5,2,7,2,67.66666666666667,699.0,3.0,6.66,37.5,0.4343434343434343,489.3516136034732,2.3662912912912915,0.375,0.4504504504504504,2.8666666666666667
2021-06-13 09:00:00,9,19,0,4,11,3,1,9,6,2,8,2,68.66666666666667,254.5,3.0,6.66,47.5,0.5833333333333334,516.9716136034733,5.3829302987197725,0.475,1.351351351351351,2.9473684210526314
2021-06-13 10:00:00,10,20,0,3,14,2,1,5,4,3,7,3,69.66666666666667,307.0,4.0,9.91,50.0,0.4469696969696969,512.2249204052098,2.963395560040363,0.5,0.5045408678102926,2.95
2021-06-13 11:00:00,11,24,0,3,16,5,0,12,5,3,8,3,70.66666666666667,128.5,4.0,9.91,60.0,0.546875,539.8449204052099,5.281786074672048,0.6,1.2108980827447022,2.9166666666666665
2021-06-13 12:00:00,12,24,0,3,13,8,0,5,4,3,7,3,71.66666666666667,192.0,4.0,9.91,60.0,0.5075757575757576,532.0849204052098,3.0835099226370666,0.6,0.5045408678102926,2.7916666666666665
2021-06-13 13:00:00,13,24,0,3,16,3,2,6,5,3,8,3,72.66666666666667,248.5,4.0,9.91,60.0,0.53125,551.1249204052099,3.415438950554995,0.6,0.6054490413723511,2.833333333333333
2021-06-13 14:00:00,14,27,0,3,17,5,2,12,7,3,10,3,73.66666666666667,257.0,4.0,9.91,67.5,0.625,589.9999204052099,5.23860578540195,0.675,1.2108980827447022,2.7777777777777777
2021-06-13 15:00:00,15,34,1,4,23,5,1,14,9,2,11,2,74.66666666666667,102.0,4.0,9.91,85.0,0.8706896551724138,623.1866136034732,6.721592865198552,0.85,1.4127144298688197,2.9705882352941178
2021-06-13 16:00:00,16,36,2,4,24,4,2,7,10,2,12,2,75.66666666666667,135.0,4.0,9.91,90.0,0.9642857142857144,646.5166136034732,4.81907164480323,0.9,0.7063572149344097,3.0
2021-06-13 17:00:00,17,35,2,4,25,2,2,6,12,2,14,2,76.66666666666667,184.5,4.0,9.91,87.5,1.0288461538461535,676.8116136034732,4.525944212195473,0.875,0.6054490413723511,3.057142857142857
2021-06-13 18:00:00,18,29,1,5,20,3,0,5,13,2,15,2,77.66666666666667,219.0,4.0,9.91,72.5,0.91,682.9816136034733,3.85821444726678,0.725,0.5045408678102926,3.1379310344827585
2021-06-13 19:00:00,19,29,1,5,21,2,0,6,13,2,15,2,78.66666666666667,199.0,4.0,9.91,72.5,0.92,688.6216136034732,4.220734889870907,0.725,0.6054490413723511,3.1724137931034484
2021-06-13 20:00:00,20,26,3,5,15,2,1,5,12,4,16,4,79.66666666666667,231.5,4.0,9.93,65.0,0.8854166666666666,702.9632272069464,3.7711383530869935,0.65,0.5035246727089627,3.269230769230769
2021-06-13 21:00:00,21,28,3,7,13,5,0,10,10,4,14,4,80.66666666666667,227.5,4.0,9.93,70.0,0.8846153846153846,686.0932272069465,5.6088764206588975,0.7,1.0070493454179257,3.2857142857142856
2021-06-13 22:00:00,22,27,2,7,11,7,0,5,9,3,12,3,81.66666666666667,263.0,3.0,6.68,67.5,1.011904761904762,661.9199204052098,4.481398314482147,0.675,0.7485029940119761,3.1481481481481484
2021-06-13 23:00:00,23,27,2,7,10,8,0,6,8,2,10,2,82.66666666666667,258.0,3.0,6.68,67.5,0.9333333333333332,639.8916136034732,4.89441117764471,0.675,0.8982035928143713,3.111111111111111
2021-06-14 00:00:00,0,31,2,6,10,12,1,10,7,2,9,2,83.66666666666667,262.0,3.0,6.68,77.5,0.956989247311828,640.7116136034732,6.522855901101024,0.775,1.497005988023952,2.870967741935484
2021-06-14 01:00:00,1,28,2,6,10,9,1,1,7,2,9,2,84.66666666666667,322.0,3.0,6.68,70.0,0.8924731182795699,639.9166136034733,2.518755346449957,0.7,0.1497005988023952,2.9642857142857144
2021-06-14 02:00:00,2,23,2,6,6,8,1,1,7,2,9,2,85.66666666666667,382.0,3.0,6.68,57.49999999999999,0.7419354838709677,634.8316136034732,2.1741017964071854,0.575,0.1497005988023952,3.0
2021-06-14 03:00:00,3,20,3,5,8,4,0,5,6,2,8,2,86.66666666666667,498.0,3.0,6.68,50.0,0.6979166666666666,620.6366136034733,4.18248502994012,0.5,0.7485029940119761,3.35
2021-06-14 04:00:00,4,21,3,5,8,5,0,3,6,2,8,2,87.66666666666667,558.0,3.0,6.68,52.5,0.71875,628.4216136034732,3.2006201881950385,0.525,0.4491017964071856,3.2857142857142856
2021-06-14 05:00:00,5,19,3,5,7,4,0,1,6,2,8,2,88.66666666666667,618.0,3.0,6.68,47.5,0.6666666666666666,629.7716136034733,2.104254648597542,0.475,0.1497005988023952,3.3684210526315788
2021-06-14 06:00:00,6,22,3,6,9,4,0,4,6,2,8,2,89.66666666666667,678.0,3.0,6.68,55.00000000000001,0.7708333333333334,641.8466136034732,3.8641535111595,0.55,0.5988023952095809,3.363636363636364
2021-06-14 07:00:00,7,21,3,6,8,4,0,4,7,2,9,2,90.66666666666669,682.0,3.0,6.68,52.5,0.7634408602150538,658.7416136034733,3.7995223838038217,0.525,0.5988023952095809,3.380952380952381
2021-06-14 08:00:00,8,21,3,8,8,2,0,4,8,2,10,2,91.66666666666669,732.0,3.0,6.77,52.5,0.8333333333333334,677.7816136034733,3.985149820637265,0.525,0.5908419497784343,3.571428571428572
2021-06-14 09:00:00,9,25,3,7,12,2,1,6,9,2,11,2,92.66666666666669,782.0,3.0,6.77,62.5,0.9655172413793104,705.4016136034732,5.077843426883309,0.625,0.8862629246676514,3.36
2021-06-14 10:00:00,10,34,3,6,19,4,2,12,11,2,13,2,93.66666666666669,222.0,4.0,10.47,85.0,0.9814814814814816,757.1466136034733,6.223234451373672,0.85,1.1461318051575933,3.117647058823529
2021-06-14 11:00:00,11,31,2,6,18,2,3,4,11,2,13,2,94.66666666666669,282.0,4.0,10.47,77.5,0.8796296296296297,756.3516136034732,3.545779800967434,0.775,0.3820439350525311,3.064516129032258
2021-06-14 12:00:00,12,32,2,5,21,3,1,7,13,2,15,2,95.66666666666669,222.0,4.0,10.47,80.0,1.0,790.9366136034732,4.589302769818529,0.8,0.6685768863419294,3.125
2021-06-14 13:00:00,13,31,2,6,21,1,1,7,12,3,15,3,96.66666666666669,210.0,4.0,10.47,77.5,1.0,795.2999204052098,4.656699633361062,0.775,0.6685768863419294,3.225806451612903
2021-06-14 14:00:00,14,32,2,7,18,2,3,8,9,3,12,3,97.66666666666669,220.5,4.0,10.47,80.0,0.8839285714285714,762.8849204052099,4.838896848137536,0.8,0.7640878701050622,3.09375
2021-06-14 15:00:00,15,28,2,5,18,2,1,10,8,3,11,3,98.66666666666669,208.0,4.0,10.47,70.0,0.7672413793103449,746.5449204052098,5.260884841042435,0.7,0.9551098376313276,3.1785714285714284
2021-06-14 16:00:00,16,32,1,4,18,2,7,11,11,3,14,3,99.66666666666669,135.0,4.0,10.47,80.0,0.8269230769230769,800.9649204052098,4.9735434574976125,0.8,1.0506208213944606,2.6875
2021-06-14 17:00:00,17,36,1,5,21,3,6,8,12,3,15,3,100.66666666666669,113.0,4.0,10.47,90.0,1.0,828.5849204052098,4.622466305847395,0.9,0.7640878701050622,2.7777777777777777
2021-06-14 18:00:00,18,40,2,5,26,3,4,12,13,3,16,3,101.66666666666669,162.0,4.0,10.47,100.0,1.2291666666666667,856.2049204052098,6.331088825214901,1.0,1.1461318051575933,2.95
2021-06-14 19:00:00,19,46,2,5,26,6,7,14,15,3,18,3,102.66666666666669,195.5,4.0,10.47,115.0,1.443181818181818,901.5149204052098,6.866707155018478,1.15,1.3371537726838587,2.760869565217391
2021-06-14 20:00:00,20,38,2,4,23,5,4,12,11,3,14,3,103.66666666666669,255.5,4.0,10.08,95.0,1.0480769230769231,836.3949204052097,6.139786967418546,0.95,1.1904761904761905,2.8684210526315788
2021-06-14 21:00:00,21,32,3,5,15,5,4,6,11,4,15,4,104.66666666666669,304.0,4.0,10.08,80.0,0.94,843.4332272069465,4.098511904761905,0.8,0.5952380952380952,2.9375
2021-06-14 22:00:00,22,28,4,6,14,3,1,7,12,4,16,4,105.66666666666669,208.5,3.0,6.38,70.0,1.2916666666666667,853.8932272069464,5.969200626959248,0.7,1.09717868338558,3.321428571428572
2021-06-14 23:00:00,23,24,2,7,12,2,1,2,11,4,15,4,106.66666666666669,280.0,3.0,6.38,60.0,1.0533333333333332,837.5532272069465,3.006870428422152,0.6,0.3134796238244514,3.2916666666666665
2021-06-15 00:00:00,0,28,2,7,17,1,1,9,11,5,16,5,107.66666666666669,275.5,3.0,6.38,70.0,1.2777777777777777,866.0415340086831,6.935020152261532,0.7,1.4106583072100314,3.2857142857142856
2021-06-15 01:00:00,1,24,2,7,12,1,2,2,11,5,16,5,108.66666666666669,335.5,3.0,6.38,60.0,1.0833333333333333,863.1015340086831,2.9688087774294667,0.6,0.3134796238244514,3.25
2021-06-15 02:00:00,2,23,2,8,10,2,1,2,12,4,16,4,109.66666666666669,395.5,3.0,6.38,57.49999999999999,1.0694444444444444,865.7282272069465,2.974475262368816,0.575,0.3134796238244514,3.347826086956522
2021-06-15 03:00:00,3,23,2,8,10,1,2,2,12,4,16,4,110.66666666666669,455.5,3.0,6.38,57.49999999999999,1.0555555555555556,871.3682272069464,2.935845713506883,0.575,0.3134796238244514,3.3043478260869565
2021-06-15 04:00:00,4,23,2,7,12,1,1,2,11,4,15,4,111.66666666666669,580.0,3.0,6.38,57.49999999999999,1.0266666666666666,863.6082272069464,2.974475262368816,0.575,0.3134796238244514,3.347826086956522
2021-06-15 05:00:00,5,22,2,8,10,1,1,1,11,4,15,4,112.66666666666669,640.0,3.0,6.38,55.00000000000001,1.0,867.1032272069464,2.409340267882588,0.55,0.1567398119122257,3.409090909090909
2021-06-15 06:00:00,6,21,2,7,10,1,1,1,11,5,16,5,113.66666666666669,635.5,3.0,6.38,52.5,0.9861111111111112,884.8665340086832,2.304929840274668,0.525,0.1567398119122257,3.380952380952381
2021-06-15 07:00:00,7,22,4,7,9,1,1,3,12,4,16,4,114.66666666666669,695.5,3.0,6.38,55.00000000000001,1.0833333333333333,891.7832272069465,3.6171416357936734,0.55,0.4702194357366771,3.5454545454545454
2021-06-15 08:00:00,8,25,4,7,11,2,1,4,13,4,17,4,115.66666666666669,691.0,3.0,7.73,62.5,1.2463768115942029,917.2582272069463,3.930077619663648,0.625,0.517464424320828,3.44
2021-06-15 09:00:00,9,27,5,6,12,3,1,6,12,4,16,4,116.66666666666669,815.5,3.0,7.73,67.5,1.2777777777777777,913.7882272069464,4.944818168750898,0.675,0.7761966364812418,3.4074074074074074
2021-06-15 10:00:00,10,34,6,6,18,3,1,10,14,5,19,5,117.66666666666669,659.0,4.0,10.98,85.0,1.369047619047619,975.511534008683,5.955467159541413,0.85,0.9107468123861566,3.3823529411764706
2021-06-15 11:00:00,11,35,6,6,22,1,0,8,13,5,18,5,118.66666666666669,652.5,4.0,10.98,87.5,1.3863636363636365,969.896534008683,5.58968253968254,0.875,0.7285974499089253,3.4857142857142858
2021-06-15 12:00:00,12,35,7,6,20,2,0,8,14,5,19,5,119.66666666666669,307.0,4.0,10.98,87.5,1.4642857142857142,988.936534008683,5.635499609679938,0.875,0.7285974499089253,3.5142857142857142
2021-06-15 13:00:00,13,34,6,7,19,2,0,5,16,4,20,4,120.66666666666669,336.5,4.0,10.98,85.0,1.4875,1004.9632272069464,4.568806921675773,0.85,0.4553734061930783,3.5
2021-06-15 14:00:00,14,34,6,8,18,2,0,3,16,4,20,4,121.66666666666669,347.5,4.0,10.98,85.0,1.5,1010.6032272069464,3.964320154291225,0.85,0.2732240437158469,3.5294117647058822
2021-06-15 15:00:00,15,44,5,9,24,2,4,17,16,5,21,5,122.66666666666669,324.0,4.0,10.98,110.0,1.855263157894737,1051.9615340086832,8.486500248385493,1.1,1.5482695810564662,3.2045454545454546
2021-06-15 16:00:00,16,44,4,9,24,2,5,8,16,4,20,4,123.66666666666669,348.5,4.0,10.98,110.0,1.7125,1043.3332272069465,5.693587514489154,1.1,0.7285974499089253,3.113636363636364
2021-06-15 17:00:00,17,38,3,9,19,2,5,4,14,4,18,4,124.66666666666669,408.5,4.0,10.98,95.0,1.3295454545454546,1009.3032272069464,4.046656600517688,0.95,0.3642987249544626,3.0789473684210527
2021-06-15 18:00:00,18,33,2,10,19,1,1,8,16,3,19,3,125.66666666666669,422.0,4.0,10.98,82.5,1.3095238095238095,1016.74992040521,5.178658166363084,0.825,0.7285974499089253,3.333333333333333
2021-06-15 19:00:00,19,30,2,10,15,1,2,9,14,3,17,3,126.66666666666669,290.0,4.0,10.98,75.0,1.076086956521739,989.15492040521,5.179918032786885,0.75,0.819672131147541,3.3
2021-06-15 20:00:00,20,31,1,8,17,1,4,11,15,2,17,2,127.66666666666669,175.0,4.0,11.31,77.5,1.0217391304347827,996.0716136034732,5.299145774507288,0.775,0.9725906277630416,3.032258064516129
2021-06-15 21:00:00,21,24,1,6,16,1,0,6,13,2,15,2,128.66666666666666,351.0,4.0,11.31,60.0,0.79,959.8966136034732,3.721242263483642,0.6,0.5305039787798409,3.2916666666666665
2021-06-15 22:00:00,22,25,0,7,16,1,1,3,13,1,14,1,129.66666666666666,328.5,3.0,8.059999999999999,62.5,1.0128205128205128,953.4133068017366,3.151178660049628,0.625,0.3722084367245658,3.16
2021-06-15 23:00:00,23,28,0,7,20,1,0,5,15,1,16,1,130.66666666666666,303.5,3.0,8.059999999999999,70.0,1.25,992.2883068017366,4.243973768167317,0.7,0.620347394540943,3.2142857142857144
2021-06-16 00:00:00,0,21,0,7,13,1,0,0,13,0,13,0,131.66666666666666,366.0,3.0,8.059999999999999,52.5,0.8518518518518519,941.845,1.725,0.525,0.0,3.2857142857142856
2021-06-16 01:00:00,1,20,0,7,12,1,0,3,14,0,14,0,132.66666666666666,423.5,3.0,8.059999999999999,50.0,0.8461538461538461,958.74,2.8782878411910677,0.5,0.3722084367245658,3.3
2021-06-16 02:00:00,2,22,0,7,14,1,0,3,13,0,13,0,133.66666666666666,486.0,3.0,8.059999999999999,55.00000000000001,0.8888888888888888,955.27,3.0181367020076704,0.55,0.3722084367245658,3.272727272727273
2021-06-16 03:00:00,3,23,0,8,14,1,0,3,13,0,13,0,134.66666666666666,546.0,3.0,8.059999999999999,57.49999999999999,0.9382716049382716,963.0549999999998,3.1299061387420437,0.575,0.3722084367245658,3.3043478260869565
2021-06-16 04:00:00,4,21,0,7,13,1,0,1,14,0,14,0,135.66666666666666,603.5,3.0,8.059999999999999,52.5,0.8846153846153846,977.8049999999998,2.132656859269763,0.525,0.1240694789081886,3.2857142857142856
2021-06-16 05:00:00,5,23,0,7,14,2,0,4,14,0,14,0,136.66666666666666,663.5,3.0,8.059999999999999,57.49999999999999,0.9487179487179488,987.735,3.446720250296688,0.575,0.4962779156327544,3.217391304347826
2021-06-16 06:00:00,6,19,0,6,11,2,0,1,14,0,14,0,137.66666666666666,723.5,3.0,8.059999999999999,47.5,0.782051282051282,984.795,1.9233283270210269,0.475,0.1240694789081886,3.210526315789474
2021-06-16 07:00:00,7,20,0,6,12,2,0,1,14,0,14,0,138.66666666666666,783.5,3.0,8.059999999999999,50.0,0.8205128205128205,992.58,1.997022332506204,0.5,0.1240694789081886,3.2
2021-06-16 08:00:00,8,22,0,8,14,0,0,4,16,0,16,0,139.66666666666666,839.0,3.0,7.76,55.00000000000001,1.0277777777777777,1029.31,3.583833177132147,0.55,0.5154639175257733,3.363636363636364
2021-06-16 09:00:00,9,22,0,9,11,1,1,5,13,0,13,0,140.66666666666666,901.0,3.0,7.76,55.00000000000001,0.8888888888888888,994.75,3.9087160262418,0.55,0.6443298969072165,3.272727272727273
2021-06-16 10:00:00,10,27,0,11,12,4,0,12,11,0,11,0,141.66666666666666,937.0,4.0,11.46,67.5,0.7586206896551724,984.3149999999998,5.612836920690324,0.675,1.0471204188481675,3.259259259259259
2021-06-16 11:00:00,11,29,0,12,16,1,0,9,15,0,15,0,142.66666666666666,438.0,4.0,11.46,72.5,0.98,1047.8449999999998,5.103908647770355,0.725,0.7853403141361256,3.3793103448275863
2021-06-16 12:00:00,12,32,0,12,18,2,0,5,16,0,16,0,143.66666666666666,385.5,4.0,11.46,80.0,1.1041666666666667,1073.32,4.095244328097731,0.8,0.4363001745200697,3.3125
2021-06-16 13:00:00,13,30,0,11,17,2,0,3,17,0,17,0,144.66666666666666,333.0,4.0,11.46,75.0,1.076086956521739,1088.0699999999997,3.338874345549738,0.75,0.2617801047120419,3.3
2021-06-16 14:00:00,14,28,0,9,17,1,1,6,17,0,17,0,145.66666666666666,376.0,4.0,11.46,70.0,0.9782608695652174,1089.42,3.9328721017202697,0.7,0.5235602094240838,3.2142857142857144
2021-06-16 15:00:00,15,34,0,9,19,2,4,12,19,0,19,0,146.66666666666666,299.0,4.0,11.46,85.0,1.2023809523809523,1134.73,5.635563597166615,0.85,1.0471204188481675,2.9705882352941178
2021-06-16 16:00:00,16,37,0,7,25,1,4,9,19,0,19,0,147.66666666666666,357.0,4.0,11.46,92.5,1.2976190476190477,1146.8049999999998,5.038570114617235,0.925,0.7853403141361256,2.945945945945946
2021-06-16 17:00:00,17,34,1,9,22,0,2,6,22,0,22,0,148.66666666666666,373.0,4.0,11.46,85.0,1.5138888888888888,1186.21,4.403472436094857,0.85,0.5235602094240838,3.2058823529411766
2021-06-16 18:00:00,18,32,2,9,21,0,0,5,20,1,21,1,149.66666666666666,416.0,4.0,11.46,80.0,1.4342105263157894,1175.0283068017366,4.2111474694589885,0.8,0.4363001745200697,3.40625
2021-06-16 19:00:00,19,43,1,9,26,6,1,14,21,1,22,1,150.66666666666666,417.0,4.0,11.46,107.5,1.8333333333333333,1217.6633068017366,7.050152197735298,1.075,1.2216404886561951,3.069767441860465
2021-06-16 20:00:00,20,46,1,8,30,6,1,17,22,2,24,2,151.66666666666666,319.5,4.0,10.06,115.0,2.1875,1257.406613603473,8.643054715187139,1.15,1.68986083499006,3.0434782608695654
2021-06-16 21:00:00,21,42,1,5,31,4,1,8,21,2,23,2,27.016666666666666,317.0,4.0,10.06,105.0,1.8676470588235292,532.4006136034732,5.579619899649721,1.05,0.7952286282306164,3.023809523809524
2021-06-16 22:00:00,22,35,0,4,28,3,0,8,17,2,19,2,28.016666666666666,442.0,3.0,6.359999999999999,87.5,1.6825396825396826,469.42561360347327,6.45952380952381,0.875,1.257861635220126,3.0285714285714285
2021-06-16 23:00:00,23,34,0,4,27,3,0,7,17,2,19,2,29.016666666666666,502.0,3.0,6.359999999999999,85.0,1.6349206349206349,472.9206136034732,5.909258231594524,0.85,1.1006289308176105,3.0294117647058822
2021-06-17 00:00:00,0,27,0,3,23,1,0,3,15,2,17,2,30.016666666666666,562.0,3.0,6.359999999999999,67.5,1.2028985507246377,436.7456136034732,3.5250349406009787,0.675,0.4716981132075472,3.074074074074074
2021-06-17 01:00:00,1,23,0,3,19,1,0,1,16,2,18,2,31.016666666666666,619.5,3.0,6.359999999999999,57.49999999999999,1.0757575757575757,447.2056136034733,2.2603705222860264,0.575,0.1572327044025157,3.0869565217391304
2021-06-17 02:00:00,2,20,0,3,16,1,0,1,15,1,16,1,32.016666666666666,721.5,3.0,6.359999999999999,50.0,0.8611111111111112,418.7423068017366,2.0374213836477986,0.5,0.1572327044025157,3.1
2021-06-17 03:00:00,3,22,0,3,18,1,0,4,16,1,17,1,33.016666666666666,742.0,3.0,6.359999999999999,55.00000000000001,0.9855072463768116,442.0723068017365,3.643967981703831,0.55,0.628930817610063,3.090909090909091
2021-06-17 04:00:00,4,21,0,3,17,1,0,2,17,1,18,1,34.016666666666666,799.5,3.0,6.359999999999999,52.5,0.9848484848484848,458.96730680173664,2.598345312967955,0.525,0.3144654088050315,3.095238095238096
2021-06-17 05:00:00,5,19,0,3,15,1,0,0,16,1,17,1,35.016666666666666,862.0,3.0,6.359999999999999,47.5,0.855072463768116,446.9173068017366,1.475,0.475,0.0,3.1052631578947367
2021-06-17 06:00:00,6,20,0,3,15,2,0,1,16,1,17,1,36.016666666666666,922.0,3.0,6.359999999999999,50.0,0.8840579710144928,454.7023068017367,2.0045597484276727,0.5,0.1572327044025157,3.05
2021-06-17 07:00:00,7,24,0,4,18,2,0,5,18,1,19,1,37.016666666666666,977.0,3.0,6.359999999999999,60.0,1.1746031746031746,495.72230680173664,4.274004192872118,0.6,0.7861635220125787,3.083333333333333
2021-06-17 08:00:00,8,25,0,6,18,1,0,3,19,1,20,1,38.016666666666666,1007.0,3.0,6.68,62.5,1.3333333333333333,516.9073068017366,3.4371257485029947,0.625,0.4491017964071856,3.2
2021-06-17 09:00:00,9,29,2,6,20,1,0,6,19,1,20,1,39.016666666666666,1013.5,3.0,6.68,72.5,1.6,531.1273068017366,5.3733636175924016,0.725,0.8982035928143713,3.310344827586207
2021-06-17 10:00:00,10,31,2,6,20,3,0,7,15,1,16,1,40.016666666666666,958.5,4.0,9.93,77.5,1.0416666666666667,487.4573068017367,4.773982392879186,0.775,0.7049345417925479,3.225806451612903
2021-06-17 11:00:00,11,34,1,7,23,3,0,5,17,1,18,1,41.016666666666666,887.0,4.0,9.93,85.0,1.2272727272727273,526.3323068017365,4.299431313310823,0.85,0.5035246727089627,3.176470588235294
2021-06-17 12:00:00,12,32,1,7,22,2,0,6,17,1,18,1,42.016666666666666,889.5,4.0,9.93,80.0,1.1704545454545454,527.6823068017366,4.519864048338369,0.8,0.6042296072507553,3.21875
2021-06-17 13:00:00,13,35,0,8,23,1,3,7,18,1,19,1,43.016666666666666,565.0,4.0,9.93,87.5,1.261904761904762,553.1573068017366,4.784944612286002,0.875,0.7049345417925479,3.0285714285714285
2021-06-17 14:00:00,14,35,1,9,20,0,5,6,18,2,20,2,44.016666666666666,389.0,4.0,9.93,87.5,1.325,573.0656136034733,4.479952524816572,0.875,0.6042296072507553,3.0285714285714285
2021-06-17 15:00:00,15,28,3,9,14,2,0,8,17,2,19,2,45.016666666666666,190.0,4.0,9.93,70.0,1.1547619047619049,550.2906136034732,5.21596532872968,0.7,0.8056394763343404,3.4642857142857144
2021-06-17 16:00:00,16,35,3,8,18,2,4,13,18,1,19,1,46.016666666666666,155.0,4.0,9.93,87.5,1.2976190476190477,570.0773068017365,6.802111207020572,0.875,1.3091641490433032,3.1142857142857143
2021-06-17 17:00:00,17,41,2,8,22,3,6,10,17,1,18,1,47.016666666666666,199.5,4.0,9.93,102.5,1.3636363636363635,575.1873068017367,5.947461498784171,1.025,1.0070493454179257,2.926829268292683
2021-06-17 18:00:00,18,34,2,8,19,2,3,3,16,1,17,1,48.016666666666666,243.0,4.0,9.93,85.0,1.1521739130434785,552.4123068017366,3.591887328949707,0.85,0.3021148036253776,3.117647058823529
2021-06-17 19:00:00,19,29,2,6,18,2,1,7,15,1,16,1,35.266666666666666,276.5,4.0,9.93,72.5,0.96875,456.3773068017366,4.585652151265757,0.725,0.7049345417925479,3.206896551724138
2021-06-17 20:00:00,20,28,1,6,18,3,0,10,15,1,16,1,9.933333333333334,278.0,4.0,11.23,70.0,0.9270833333333334,311.35230680173663,5.055428698638849,0.7,0.8904719501335707,3.1785714285714284
2021-06-17 21:00:00,21,31,0,8,17,5,1,11,12,1,13,1,10.933333333333334,304.0,4.0,11.23,77.5,0.8703703703703703,283.22730680173663,5.320154827219717,0.775,0.9795191451469278,3.032258064516129
2021-06-17 22:00:00,22,25,0,7,15,2,1,5,10,1,11,1,11.933333333333334,364.0,3.0,7.979999999999999,62.5,0.896551724137931,249.19730680173663,3.904887218045113,0.625,0.6265664160401003,3.12
2021-06-17 23:00:00,23,21,0,8,13,0,0,4,10,1,11,1,12.933333333333334,382.0,3.0,7.979999999999999,52.5,0.8160919540229885,246.2573068017366,3.469712972908462,0.525,0.5012531328320803,3.380952380952381
2021-06-18 00:00:00,0,20,0,7,13,0,0,3,10,1,11,1,13.933333333333334,442.0,3.0,7.979999999999999,50.0,0.7701149425287356,249.7523068017366,2.934398496240602,0.5,0.3759398496240602,3.35
2021-06-18 01:00:00,1,19,0,7,11,1,0,3,10,1,11,1,14.933333333333334,502.0,3.0,7.979999999999999,47.5,0.7241379310344828,253.2473068017366,2.8215373961218835,0.475,0.3759398496240602,3.3157894736842106
2021-06-18 02:00:00,2,17,0,6,10,1,0,3,10,1,11,1,15.933333333333334,562.0,3.0,7.979999999999999,42.5,0.6436781609195402,254.59730680173655,2.638390092879257,0.425,0.3759398496240602,3.294117647058824
2021-06-18 03:00:00,3,14,0,6,8,0,0,0,9,1,10,1,16.933333333333334,643.0,3.0,7.979999999999999,35.0,0.5333333333333333,240.4023068017366,1.2,0.35,0.0,3.4285714285714284
2021-06-18 04:00:00,4,15,0,6,8,1,0,1,9,1,10,1,17.933333333333334,703.0,3.0,7.979999999999999,37.5,0.5555555555555556,248.1873068017366,1.6677109440267337,0.375,0.12531328320802,3.333333333333333
2021-06-18 05:00:00,5,18,0,7,10,1,0,3,10,1,11,1,18.933333333333334,742.0,3.0,7.979999999999999,45.0,0.6896551724137931,273.6623068017366,2.7531328320802007,0.45,0.3759398496240602,3.333333333333333
2021-06-18 06:00:00,6,15,0,7,8,0,0,0,10,1,11,1,19.933333333333334,802.0,3.0,7.979999999999999,37.5,0.5977011494252874,272.8673068017366,1.3,0.375,0.0,3.466666666666667
2021-06-18 07:00:00,7,18,0,8,10,0,0,3,11,1,12,1,20.933333333333334,808.5,3.0,7.979999999999999,45.0,0.7380952380952381,298.34230680173664,2.8449039264828744,0.45,0.3759398496240602,3.4444444444444446
2021-06-18 08:00:00,8,19,0,8,10,1,0,3,11,1,12,1,21.933333333333334,868.5,3.0,7.73,47.5,0.7619047619047619,306.1273068017366,2.9072785456526176,0.475,0.3880983182406209,3.3684210526315788
2021-06-18 09:00:00,9,19,0,8,10,1,0,2,12,1,13,1,22.933333333333334,875.0,3.0,7.73,47.5,0.7901234567901234,325.16730680173663,2.4715190304350783,0.475,0.258732212160414,3.3684210526315788
2021-06-18 10:00:00,10,18,1,7,10,0,0,1,12,1,13,1,21.83333333333333,847.0,4.0,11.43,45.0,0.5833333333333334,316.81830680173664,1.8812117235345585,0.45,0.0874890638670166,3.5
2021-06-18 11:00:00,11,27,4,5,16,1,1,11,15,2,17,2,22.83333333333333,685.0,4.0,11.43,67.5,0.9891304347826086,396.2316136034732,5.518576034477172,0.675,0.9623797025371827,3.3703703703703702
2021-06-18 12:00:00,12,36,3,7,22,1,3,10,16,1,17,1,23.83333333333333,745.0,4.0,11.43,90.0,1.2391304347826086,420.3083068017367,5.620487022455526,0.9,0.8748906386701663,3.1666666666666665
2021-06-18 13:00:00,13,34,4,8,19,1,2,7,15,2,17,2,24.83333333333333,497.0,4.0,11.43,85.0,1.2282608695652173,422.5266136034732,4.860407338788534,0.85,0.6124234470691163,3.323529411764706
2021-06-18 14:00:00,14,30,4,6,18,2,0,8,14,1,15,1,25.83333333333333,235.0,4.0,11.43,75.0,1.02,391.9183068017366,4.929702537182853,0.75,0.699912510936133,3.4
2021-06-18 15:00:00,15,33,5,5,17,2,4,8,14,1,15,1,26.83333333333333,242.0,4.0,11.43,82.5,1.04,403.9933068017366,4.805784882950237,0.825,0.699912510936133,3.1515151515151514
2021-06-18 16:00:00,16,39,6,5,17,2,9,11,15,2,17,2,17.9,154.0,4.0,11.43,97.5,1.2391304347826086,394.1476136034733,5.6631098997240725,0.975,0.9623797025371827,2.923076923076923
2021-06-18 17:00:00,17,49,7,6,22,2,12,12,17,2,19,2,18.9,202.0,4.0,11.43,122.5,1.6785714285714286,448.0376136034732,6.546050940061063,1.225,1.0498687664041997,2.877551020408163
2021-06-18 18:00:00,18,40,7,6,24,2,1,11,18,3,21,3,19.9,242.0,4.0,11.43,100.0,1.7894736842105263,462.0409204052099,6.672090988626422,1.0,0.9623797025371827,3.4
2021-06-18 19:00:00,19,38,8,5,22,2,1,7,19,4,23,4,20.9,228.0,4.0,11.43,95.0,1.9264705882352944,491.0592272069464,5.386249251738269,0.95,0.6124234470691163,3.4473684210526314
2021-06-18 20:00:00,20,42,8,6,22,4,2,10,22,4,26,4,21.9,212.0,4.0,10.06,105.0,2.5,545.4792272069465,6.8134526176275685,1.05,0.9940357852882704,3.333333333333333
2021-06-18 21:00:00,21,38,5,6,20,4,3,8,18,4,22,4,9.866666666666667,202.5,4.0,10.06,95.0,1.6666666666666667,415.43122720694646,5.511248299675631,0.95,0.7952286282306164,3.1578947368421053
2021-06-18 22:00:00,22,26,3,7,11,4,1,4,13,2,15,2,10.866666666666667,261.0,3.0,6.359999999999999,65.0,1.1333333333333333,299.79461360347324,4.181119980648283,0.65,0.628930817610063,3.269230769230769
2021-06-18 23:00:00,23,26,2,7,14,2,1,7,14,1,15,1,11.866666666666667,210.0,3.0,6.359999999999999,65.0,1.1333333333333333,304.56630680173663,5.723209966134496,0.65,1.1006289308176105,3.269230769230769
2021-06-19 00:00:00,0,30,2,6,17,4,1,7,13,1,14,1,12.866666666666667,289.0,3.0,6.359999999999999,75.0,1.205128205128205,305.38630680173657,5.798637316561845,0.75,1.1006289308176105,3.1333333333333333
2021-06-19 01:00:00,1,26,2,6,15,2,1,4,11,1,12,1,13.866666666666667,427.5,3.0,6.359999999999999,65.0,1.0,275.6463068017366,4.131930333817127,0.65,0.628930817610063,3.230769230769231
2021-06-19 02:00:00,2,27,2,6,16,2,1,4,10,1,11,1,14.866666666666667,544.0,3.0,6.359999999999999,67.5,1.0,270.0313068017366,4.201554856743536,0.675,0.628930817610063,3.2222222222222223
2021-06-19 03:00:00,3,23,2,5,14,1,1,1,10,1,11,1,15.866666666666667,604.0,3.0,6.359999999999999,57.49999999999999,0.8620689655172413,267.0913068017366,2.387715340442986,0.575,0.1572327044025157,3.260869565217391
2021-06-19 04:00:00,4,25,2,5,17,0,1,4,11,1,12,1,16.866666666666667,607.5,3.0,6.359999999999999,62.5,0.9761904761904762,290.42130680173665,4.112893081761007,0.625,0.628930817610063,3.28
2021-06-19 05:00:00,5,26,2,5,18,0,1,2,12,1,13,1,17.866666666666667,611.0,3.0,6.359999999999999,65.0,1.0493827160493827,311.60630680173665,3.153059990324141,0.65,0.3144654088050315,3.269230769230769
2021-06-19 06:00:00,6,25,2,6,16,0,1,1,11,1,12,1,18.866666666666667,727.5,3.0,6.359999999999999,62.5,0.988095238095238,301.7013068017366,2.597012578616352,0.625,0.1572327044025157,3.32
2021-06-19 07:00:00,7,25,2,6,16,0,1,1,12,1,13,1,19.866666666666667,731.0,3.0,6.359999999999999,62.5,1.0246913580246917,320.74130680173664,2.597012578616352,0.625,0.1572327044025157,3.32
2021-06-19 08:00:00,8,20,1,4,14,0,1,3,12,1,13,1,17.8,791.0,3.0,7.76,50.0,0.7901234567901234,298.3603068017366,2.837113402061856,0.5,0.3865979381443299,3.2
2021-06-19 09:00:00,9,20,1,5,12,0,2,4,13,1,14,1,18.8,788.5,3.0,7.76,50.0,0.8076923076923077,317.4003068017366,3.1987113402061853,0.5,0.5154639175257733,3.15
2021-06-19 10:00:00,10,23,1,5,15,1,1,8,11,2,13,2,19.8,527.0,4.0,11.1,57.49999999999999,0.6759259259259259,316.94361360347324,4.112504896200548,0.575,0.7207207207207208,3.1739130434782608
2021-06-19 11:00:00,11,32,2,5,20,4,1,12,17,2,19,2,20.8,127.0,4.0,11.1,80.0,1.1785714285714286,422.2886136034732,5.819594594594595,0.8,1.0810810810810811,3.09375
2021-06-19 12:00:00,12,36,2,7,21,4,2,8,17,3,20,3,21.8,140.5,4.0,11.1,90.0,1.3875,450.7769204052098,4.997222222222223,0.9,0.7207207207207208,3.083333333333333
2021-06-19 13:00:00,13,33,2,6,22,2,1,7,15,3,18,3,22.8,226.0,4.0,11.1,82.5,1.193181818181818,423.1819204052098,4.631552006552006,0.825,0.6306306306306306,3.1818181818181817
2021-06-19 14:00:00,14,34,3,7,22,2,0,6,15,3,18,3,23.8,226.5,4.0,11.1,85.0,1.2840909090909092,430.96692040520986,4.621502384737679,0.85,0.5405405405405406,3.323529411764706
2021-06-19 15:00:00,15,39,3,9,24,3,0,9,15,2,17,2,23.55,261.0,4.0,11.1,97.5,1.4021739130434785,426.0136136034732,5.906912681912682,0.975,0.8108108108108109,3.3076923076923075
2021-06-19 16:00:00,16,47,4,9,23,3,8,14,14,2,16,2,24.55,312.0,4.0,11.1,117.5,1.4479166666666667,435.4136136034732,7.205113091815221,1.175,1.2612612612612613,2.9574468085106385
2021-06-19 17:00:00,17,53,4,9,24,2,14,16,14,2,16,2,25.55,359.5,4.0,11.1,132.5,1.5208333333333333,453.9236136034732,7.620763216046234,1.325,1.4414414414414416,2.7547169811320757
2021-06-19 18:00:00,18,49,3,8,27,2,9,14,14,2,16,2,26.55,253.5,4.0,11.1,122.5,1.46875,450.98361360347326,7.1543436293436296,1.225,1.2612612612612613,2.877551020408163
2021-06-19 19:00:00,19,40,4,7,21,1,7,5,12,2,14,2,27.55,297.5,4.0,11.1,100.0,1.1538461538461535,410.5186136034732,4.351351351351352,1.0,0.4504504504504504,3.0
2021-06-19 20:00:00,20,32,4,6,22,0,0,6,14,2,16,2,28.55,294.5,4.0,9.84,80.0,1.1458333333333333,425.79861360347326,4.846036585365853,0.8,0.6097560975609756,3.4375
2021-06-19 21:00:00,21,39,3,6,28,2,0,12,13,2,15,2,29.55,408.0,4.0,9.84,97.5,1.27,433.0536136034732,7.146232020012508,0.975,1.2195121951219512,3.2564102564102564
2021-06-19 22:00:00,22,38,3,6,26,2,0,9,11,2,13,2,30.55,468.0,3.0,6.5,95.0,1.4938271604938271,409.7486136034733,7.433906882591092,0.95,1.3846153846153846,3.1842105263157894
2021-06-19 23:00:00,23,25,1,6,17,0,0,2,10,1,11,1,12.233333333333333,528.0,3.0,6.5,62.5,0.9195402298850576,250.8893068017366,2.9846153846153847,0.625,0.3076923076923077,3.2
2021-06-20 00:00:00,0,23,1,6,15,0,0,2,10,1,11,1,13.233333333333333,588.0,3.0,6.5,57.49999999999999,0.8505747126436781,252.23930680173655,2.8399665551839464,0.575,0.3076923076923077,3.217391304347826
2021-06-20 01:00:00,1,18,1,5,12,0,0,0,10,1,11,1,14.233333333333333,648.0,3.0,6.5,45.0,0.7011494252873564,247.1543068017366,1.525,0.45,0.0,3.388888888888889
2021-06-20 02:00:00,2,18,1,4,11,1,1,2,9,1,10,1,15.233333333333333,717.5,3.0,6.5,45.0,0.6333333333333333,239.3943068017366,2.3993589743589743,0.45,0.3076923076923077,3.1666666666666665
2021-06-20 03:00:00,3,18,1,4,12,0,1,2,9,1,10,1,16.233333333333334,777.5,3.0,6.5,45.0,0.6444444444444445,245.0343068017366,2.441452991452992,0.45,0.3076923076923077,3.2222222222222223
2021-06-20 04:00:00,4,18,1,4,12,1,0,4,9,1,10,1,17.233333333333334,837.5,3.0,6.5,45.0,0.6555555555555556,250.67430680173663,3.492094017094017,0.45,0.6153846153846154,3.2777777777777777
2021-06-20 05:00:00,5,15,1,4,10,0,0,0,9,1,10,1,18.23333333333333,897.5,3.0,6.5,37.5,0.5666666666666667,249.87930680173665,1.275,0.375,0.0,3.4
2021-06-20 06:00:00,6,16,2,4,10,0,0,2,9,1,10,1,19.23333333333333,957.5,3.0,6.5,40.0,0.6222222222222222,257.66430680173664,2.476923076923077,0.4,0.3076923076923077,3.5
2021-06-20 07:00:00,7,18,1,5,12,0,0,4,11,1,12,1,20.23333333333333,922.0,3.0,6.5,45.0,0.7261904761904762,294.3943068017366,3.6104700854700855,0.45,0.6153846153846154,3.388888888888889
2021-06-20 08:00:00,8,24,1,5,16,1,1,8,12,1,13,1,21.23333333333333,896.0,3.0,6.63,60.0,0.9382716049382716,326.30430680173663,5.721015585721467,0.6,1.2066365007541475,3.1666666666666665
2021-06-20 09:00:00,9,27,1,4,14,2,6,11,11,2,13,2,22.23333333333333,796.0,3.0,6.63,67.5,0.9012345679012346,339.24761360347327,6.310782917155467,0.675,1.6591251885369531,2.703703703703704
2021-06-20 10:00:00,10,33,1,4,17,5,6,7,12,2,14,2,23.23333333333333,824.0,4.0,10.33,82.5,0.8461538461538461,371.1576136034733,4.00703452726686,0.825,0.6776379477250726,2.6666666666666665
2021-06-20 11:00:00,11,24,1,4,16,3,0,6,11,1,12,1,24.23333333333333,957.5,4.0,10.33,60.0,0.6696428571428571,329.8243068017366,3.690101645692159,0.6,0.5808325266214908,3.125
2021-06-20 12:00:00,12,28,2,4,13,3,6,10,8,2,10,2,25.166666666666668,1017.5,4.0,10.33,70.0,0.6416666666666667,317.7366136034732,4.5871490803485,0.7,0.968054211035818,2.75
2021-06-20 13:00:00,13,30,3,5,18,3,1,13,11,2,13,2,26.166666666666668,265.0,4.0,10.33,75.0,0.8888888888888888,367.8666136034733,6.427105517909003,0.75,1.2584704743465631,3.2
2021-06-20 14:00:00,14,39,3,5,22,3,6,15,14,2,16,2,27.166666666666668,287.5,4.0,10.33,97.5,1.1770833333333333,433.0116136034733,7.032312532578747,0.975,1.452081316553727,2.8974358974358974
2021-06-20 15:00:00,15,41,3,5,28,2,3,10,14,2,16,2,27.816666666666663,187.5,4.0,10.33,102.5,1.3125,440.9676136034732,6.124995868061294,1.025,0.968054211035818,3.073170731707317
2021-06-20 16:00:00,16,39,3,7,26,2,1,9,16,2,18,2,28.816666666666663,199.5,4.0,10.33,97.5,1.431818181818182,469.1176136034733,5.964803782857994,0.975,0.8712487899322362,3.230769230769231
2021-06-20 17:00:00,17,40,3,5,23,3,6,10,13,2,15,2,29.816666666666663,265.0,4.0,10.33,100.0,1.16,436.70261360347325,5.707357212003872,1.0,0.968054211035818,2.9
2021-06-20 18:00:00,18,34,3,5,20,3,3,3,14,2,16,2,30.816666666666663,319.5,4.0,10.33,85.0,1.0833333333333333,442.8726136034732,3.48833209953875,0.85,0.2904162633107454,3.0588235294117645
2021-06-20 19:00:00,19,30,2,5,21,1,1,6,13,2,15,2,31.816666666666663,374.0,4.0,10.33,75.0,0.96,426.5326136034733,4.258664085188771,0.75,0.5808325266214908,3.2
2021-06-20 20:00:00,20,33,1,4,25,1,2,12,11,3,14,3,32.81666666666667,340.0,4.0,10.42,82.5,0.9615384615384616,426.0759204052098,5.989792357354737,0.825,1.151631477927063,3.0303030303030303
2021-06-20 21:00:00,21,34,1,3,23,4,3,10,11,2,13,2,31.33333333333333,393.0,4.0,10.42,85.0,0.8981481481481481,405.5866136034732,5.162947386248166,0.85,0.9596928982725528,2.8529411764705883
2021-06-20 22:00:00,22,32,1,3,20,5,3,6,11,2,13,2,32.333333333333336,453.0,3.0,6.72,80.0,1.1111111111111112,406.9366136034732,4.761160714285715,0.8,0.8928571428571429,2.8125
2021-06-20 23:00:00,23,32,2,3,21,4,2,4,11,3,14,3,33.333333333333336,511.0,3.0,6.72,80.0,1.2179487179487178,426.84492040520985,4.142113095238095,0.8,0.5952380952380952,2.96875
2021-06-21 00:00:00,0,27,2,3,20,2,0,6,10,4,14,4,34.333333333333336,571.0,3.0,6.72,67.5,1.1025641025641026,422.62822720694646,4.9939153439153445,0.675,0.8928571428571429,3.185185185185185
2021-06-21 01:00:00,1,22,2,3,15,2,0,0,10,4,14,4,35.333333333333336,631.0,3.0,6.72,55.00000000000001,0.9102564102564102,417.5432272069464,1.775,0.55,0.0,3.227272727272727
2021-06-21 02:00:00,2,23,2,3,16,2,0,2,10,4,14,4,36.333333333333336,691.0,3.0,6.72,57.49999999999999,0.9487179487179488,425.3282272069465,2.8075569358178054,0.575,0.2976190476190476,3.217391304347826
2021-06-21 03:00:00,3,24,2,3,17,2,0,1,10,4,14,4,37.333333333333336,751.0,3.0,6.72,60.0,0.9871794871794872,433.1132272069465,2.402430555555556,0.6,0.1488095238095238,3.208333333333333
2021-06-21 04:00:00,4,27,2,4,18,3,0,3,10,4,14,4,38.333333333333336,811.0,3.0,6.72,67.5,1.1025641025641026,445.1882272069464,3.571957671957672,0.675,0.4464285714285714,3.185185185185185
2021-06-21 05:00:00,5,26,2,4,17,3,0,3,11,5,16,5,39.333333333333336,735.5,3.0,6.72,65.0,1.1527777777777777,476.3515340086831,3.5001373626373637,0.65,0.4464285714285714,3.1923076923076925
2021-06-21 06:00:00,6,26,2,4,17,3,0,1,11,5,16,5,40.333333333333336,795.5,3.0,6.72,65.0,1.1527777777777777,481.9915340086831,2.550045787545788,0.65,0.1488095238095238,3.1923076923076925
2021-06-21 07:00:00,7,25,1,4,17,3,0,2,12,4,16,4,41.333333333333336,855.5,3.0,6.72,62.5,1.0833333333333333,484.6182272069465,2.878571428571429,0.625,0.2976190476190476,3.12
2021-06-21 08:00:00,8,25,3,4,15,3,0,2,13,5,18,5,42.333333333333336,765.5,3.0,6.59,62.5,1.2424242424242424,517.9265340086831,3.045447647951441,0.625,0.3034901365705614,3.28
2021-06-21 09:00:00,9,31,3,5,17,4,2,8,14,6,20,6,43.333333333333336,773.0,3.0,6.59,77.5,1.6,564.1048408104197,6.1593616917127605,0.775,1.2139605462822458,3.096774193548387
2021-06-21 10:00:00,10,35,3,7,18,6,1,8,17,6,23,6,44.333333333333336,769.0,4.0,9.91,87.5,1.6176470588235294,618.5248408104196,5.287119792417472,0.875,0.8072653884964682,3.142857142857143
2021-06-21 11:00:00,11,38,3,8,21,6,0,7,19,6,25,6,45.333333333333336,374.0,4.0,9.91,95.0,2.033333333333333,657.3998408104196,5.317778426894684,0.95,0.7063572149344097,3.210526315789474
2021-06-21 12:00:00,12,41,2,9,22,8,0,7,17,6,23,6,46.333333333333336,428.0,4.0,9.91,102.5,1.8823529411764703,642.6748408104197,5.405212768575718,1.025,0.7063572149344097,3.1219512195121952
2021-06-21 13:00:00,13,46,2,12,24,3,5,12,18,7,25,7,47.333333333333336,321.0,4.0,9.91,115.0,2.35,686.7081476121563,7.236665862326152,1.15,1.2108980827447022,3.065217391304348
2021-06-21 14:00:00,14,48,3,13,24,3,5,7,18,8,26,8,48.333333333333336,338.0,4.0,9.91,120.0,2.6785714285714284,710.906454413893,5.95736629667003,1.2,0.7063572149344097,3.125
2021-06-21 15:00:00,15,45,1,13,27,3,1,8,17,6,23,6,49.333333333333336,340.0,4.0,9.91,112.5,2.1323529411764706,668.1748408104197,6.226188474044176,1.125,0.8072653884964682,3.2222222222222223
2021-06-21 16:00:00,16,45,0,11,28,4,2,9,15,5,20,5,50.333333333333336,355.0,4.0,9.91,112.5,1.725,632.746534008683,6.235065590312815,1.125,0.9081735620585268,3.066666666666667
2021-06-21 17:00:00,17,48,0,10,29,3,6,9,16,5,21,5,51.333333333333336,412.0,4.0,9.91,120.0,1.8289473684210529,658.2215340086831,6.10491927346115,1.2,0.9081735620585268,2.895833333333333
2021-06-21 18:00:00,18,49,0,11,30,2,6,11,18,5,23,5,52.333333333333336,409.0,4.0,9.91,122.5,2.117647058823529,692.806534008683,6.862011161679607,1.225,1.1099899091826435,2.938775510204082
2021-06-21 19:00:00,19,43,0,10,28,3,2,5,20,4,24,4,53.333333333333336,426.0,4.0,9.91,107.5,2.0625,698.1082272069465,4.848823129092062,1.075,0.5045408678102926,3.069767441860465
2021-06-21 20:00:00,20,40,1,9,23,4,3,9,18,4,22,4,54.333333333333336,376.5,4.0,9.62,100.0,1.6805555555555556,670.5132272069465,5.85504158004158,1.0,0.9355509355509356,3.025
2021-06-21 21:00:00,21,47,1,10,24,7,5,11,20,5,25,5,55.333333333333336,355.0,4.0,9.62,117.5,2.2666666666666666,732.2365340086831,6.708709691688417,1.175,1.1434511434511436,2.893617021276596
2021-06-21 22:00:00,22,33,1,8,21,1,2,6,15,4,19,4,56.333333333333336,415.0,3.0,6.3,82.5,1.6507936507936507,626.5782272069464,5.601443001443001,0.825,0.9523809523809524,3.1515151515151514
2021-06-21 23:00:00,23,37,1,8,20,1,7,12,12,3,15,3,57.333333333333336,394.0,3.0,6.3,92.5,1.413333333333333,586.3299204052098,8.106885456885458,0.925,1.9047619047619049,2.864864864864865
2021-06-22 00:00:00,0,27,1,6,16,0,4,10,8,3,11,3,58.333333333333336,454.0,3.0,6.3,67.5,0.9310344827586208,516.9199204052098,6.786904761904763,0.675,1.5873015873015874,3.0
2021-06-22 01:00:00,1,24,1,7,15,0,1,4,9,3,12,3,59.333333333333336,497.5,3.0,6.3,60.0,0.9404761904761904,529.5249204052099,4.06494708994709,0.6,0.6349206349206349,3.2916666666666665
2021-06-22 02:00:00,2,26,1,8,16,0,1,2,10,3,13,3,60.333333333333336,541.0,3.0,6.3,65.0,1.0617283950617284,552.8549204052099,3.20006105006105,0.65,0.3174603174603174,3.3076923076923075
2021-06-22 03:00:00,3,25,1,9,14,0,1,1,11,3,14,3,61.333333333333336,537.5,3.0,6.3,62.5,1.0769230769230769,569.7499204052099,2.6333333333333333,0.625,0.1587301587301587,3.36
2021-06-22 04:00:00,4,25,1,8,15,0,1,4,12,3,15,3,62.333333333333336,534.0,3.0,6.3,62.5,1.106666666666667,588.7899204052098,4.182936507936508,0.625,0.6349206349206349,3.32
2021-06-22 05:00:00,5,23,1,7,14,0,1,2,10,3,13,3,63.333333333333336,721.0,3.0,6.3,57.49999999999999,0.9382716049382716,563.3399204052098,2.9489993098688747,0.575,0.3174603174603174,3.3043478260869565
2021-06-22 06:00:00,6,24,1,7,15,0,1,1,10,3,13,3,64.33333333333333,781.0,3.0,6.3,60.0,0.9753086419753086,571.1249204052099,2.497486772486772,0.6,0.1587301587301587,3.2916666666666665
2021-06-22 07:00:00,7,25,1,7,16,0,1,2,9,3,12,3,65.33333333333333,857.5,3.0,6.3,62.5,0.9761904761904762,565.5099204052099,3.091269841269841,0.625,0.3174603174603174,3.28
2021-06-22 08:00:00,8,26,1,7,17,0,1,2,9,3,12,3,66.33333333333333,917.5,3.0,6.68,65.0,1.011904761904762,573.2949204052098,3.1038116075541224,0.65,0.2994011976047904,3.269230769230769
2021-06-22 09:00:00,9,25,1,7,16,0,1,4,7,3,10,3,67.33333333333333,1018.0,3.0,6.68,62.5,0.9111111111111112,549.9899204052098,4.014071856287425,0.625,0.5988023952095809,3.28
2021-06-22 10:00:00,10,31,0,8,21,2,0,14,9,3,12,3,68.33333333333333,827.5,4.0,9.93,77.5,0.8839285714285714,595.2999204052098,6.977485137900789,0.775,1.4098690835850958,3.193548387096774
2021-06-22 11:00:00,11,32,0,11,18,2,1,11,12,3,15,3,69.33333333333333,110.0,4.0,9.93,80.0,1.03,643.2849204052097,6.140584088620343,0.8,1.107754279959718,3.21875
2021-06-22 12:00:00,12,33,1,12,15,2,3,9,13,3,16,3,70.33333333333333,147.5,4.0,9.93,82.5,1.09375,664.4699204052098,5.508823125514968,0.825,0.9063444108761328,3.1818181818181817
2021-06-22 13:00:00,13,34,2,12,14,2,4,9,16,3,19,3,71.33333333333333,178.0,4.0,9.93,85.0,1.2857142857142858,712.4549204052098,5.578976363959481,0.85,0.9063444108761328,3.176470588235294
2021-06-22 14:00:00,14,33,2,12,14,2,3,7,14,4,18,4,72.33333333333333,230.0,4.0,9.93,82.5,1.2159090909090908,703.4182272069464,4.960696847630382,0.825,0.7049345417925479,3.242424242424242
2021-06-22 15:00:00,15,33,2,8,17,3,3,10,13,3,16,3,73.33333333333333,191.5,4.0,9.93,82.5,1.0625,681.3899204052098,5.662697976746315,0.825,1.0070493454179257,3.090909090909091
2021-06-22 16:00:00,16,35,2,5,19,2,7,13,12,2,14,2,6.483333333333333,232.5,4.0,9.93,87.5,0.9423076923076924,280.97761360347323,6.115659617321248,0.875,1.3091641490433032,2.8
2021-06-22 17:00:00,17,28,1,4,22,1,0,11,10,4,14,4,7.483333333333333,259.0,4.0,9.93,70.0,0.8557692307692307,273.3392272069465,5.746076104157675,0.7,1.107754279959718,3.1785714285714284
2021-06-22 18:00:00,18,29,1,4,22,1,1,8,12,2,14,2,8.483333333333333,285.5,4.0,9.93,72.5,0.8653846153846154,279.3876136034732,4.750260443796228,0.725,0.8056394763343404,3.103448275862069
2021-06-22 19:00:00,19,35,1,5,23,2,4,13,11,2,13,2,9.483333333333333,271.0,4.0,9.93,87.5,0.9444444444444444,284.49761360347327,6.365278377211912,0.875,1.3091641490433032,2.914285714285714
2021-06-22 20:00:00,20,30,1,4,21,1,3,7,10,2,12,2,10.483333333333333,163.5,4.0,10.02,75.0,0.7946428571428571,266.0126136034732,4.297521623419828,0.75,0.6986027944111777,2.966666666666667
2021-06-22 21:00:00,21,29,1,4,20,1,2,8,13,2,15,2,11.483333333333333,152.0,4.0,10.02,72.5,0.85,309.7076136034732,4.465147291623649,0.725,0.7984031936127745,2.931034482758621
2021-06-22 22:00:00,22,30,2,4,16,3,5,9,14,1,15,1,9.65,167.0,3.0,6.77,75.0,1.1333333333333333,300.6443068017366,5.89161742983752,0.75,1.3293943870014773,2.833333333333333
2021-06-22 23:00:00,23,21,2,3,14,2,0,4,6,0,6,0,10.266666666666667,297.5,3.0,6.77,52.5,0.6666666666666666,163.34900000000002,3.6132025040444535,0.525,0.5908419497784343,3.238095238095238
2021-06-23 00:00:00,0,25,2,3,16,1,3,7,7,0,7,0,11.266666666666667,332.0,3.0,6.77,62.5,0.7575757575757576,190.969,4.97692023633678,0.625,1.03397341211226,3.0
2021-06-23 01:00:00,1,28,1,3,18,2,4,6,7,0,7,0,12.266666666666667,392.0,3.0,6.77,70.0,0.797979797979798,203.044,4.47552753745516,0.7,0.8862629246676514,2.821428571428572
2021-06-23 02:00:00,2,31,1,3,20,3,4,3,8,0,8,0,13.266666666666667,405.5,3.0,6.77,77.5,0.90625,228.519,3.4186270071949307,0.775,0.4431314623338257,2.806451612903226
2021-06-23 03:00:00,3,23,1,4,16,2,0,3,9,0,9,0,14.266666666666667,419.0,3.0,6.77,57.49999999999999,0.7849462365591398,230.399,3.231460728276925,0.575,0.4431314623338257,3.1739130434782608
2021-06-23 04:00:00,4,20,1,4,13,2,0,1,9,0,9,0,15.266666666666667,479.0,3.0,6.77,50.0,0.6881720430107527,229.604,2.072673559822748,0.5,0.1477104874446085,3.2
2021-06-23 05:00:00,5,17,1,3,12,1,0,0,8,0,8,0,16.266666666666666,585.5,3.0,6.77,42.5,0.5729166666666666,215.409,1.375,0.425,0.0,3.235294117647059
2021-06-23 06:00:00,6,14,1,3,9,1,0,1,7,0,7,0,17.266666666666666,692.0,3.0,6.77,35.0,0.4646464646464646,201.214,1.6353344587465708,0.35,0.1477104874446085,3.2857142857142856
2021-06-23 07:00:00,7,16,1,3,10,1,1,3,8,0,8,0,18.266666666666666,705.5,3.0,6.77,40.0,0.5208333333333334,224.544,2.6347858197932053,0.4,0.4431314623338257,3.125
2021-06-23 08:00:00,8,17,1,2,13,1,0,4,10,0,10,0,19.266666666666666,705.0,3.0,7.74,42.5,0.6,259.129,2.9915868673050614,0.425,0.5167958656330749,3.176470588235294
2021-06-23 09:00:00,9,18,1,2,14,1,0,5,10,0,10,0,20.266666666666666,453.0,3.0,7.74,45.0,0.6333333333333333,266.914,3.470650301464255,0.45,0.6459948320413437,3.1666666666666665
2021-06-23 10:00:00,10,24,2,4,18,0,0,8,12,1,13,1,21.266666666666666,175.0,4.0,11.44,60.0,0.7407407407407407,326.4923068017366,4.331002331002331,0.6,0.6993006993006993,3.333333333333333
2021-06-23 11:00:00,11,34,2,5,22,2,3,13,12,1,13,1,22.266666666666666,235.0,4.0,11.44,85.0,0.9537037037037036,353.5823068017366,6.017513368983957,0.85,1.1363636363636362,3.0294117647058822
2021-06-23 12:00:00,12,44,2,8,25,3,6,13,16,1,17,1,23.266666666666666,211.0,4.0,11.44,110.0,1.4021739130434785,434.2723068017367,6.5566115702479335,1.1,1.1363636363636362,2.9318181818181817
2021-06-23 13:00:00,13,48,2,11,27,2,6,13,14,1,15,1,24.266666666666666,247.0,4.0,11.44,120.0,1.45,421.6923068017366,7.057765151515151,1.2,1.1363636363636362,3.020833333333333
2021-06-23 14:00:00,14,42,3,10,22,1,6,8,15,1,16,1,25.266666666666666,299.5,4.0,11.44,105.0,1.34375,427.8623068017366,5.372852147852148,1.05,0.6993006993006993,3.071428571428572
2021-06-23 15:00:00,15,44,3,9,26,2,4,12,15,1,16,1,26.266666666666666,359.5,4.0,11.44,110.0,1.4270833333333333,437.7923068017366,6.691052129688493,1.1,1.0489510489510487,3.113636363636364
2021-06-23 16:00:00,16,45,2,7,28,3,5,11,18,1,19,1,21.75,295.0,4.0,11.44,112.5,1.5833333333333333,454.66330680173655,6.166880341880343,1.125,0.9615384615384616,2.955555555555556
2021-06-23 17:00:00,17,41,2,7,24,2,6,8,19,1,20,1,22.53333333333333,339.0,4.0,11.44,102.5,1.5,463.9013068017366,5.046733754050827,1.025,0.6993006993006993,2.926829268292683
2021-06-23 18:00:00,18,40,2,8,20,2,8,10,15,1,16,1,23.53333333333333,377.0,4.0,11.44,100.0,1.1875,413.7963068017367,5.341258741258741,1.0,0.8741258741258741,2.85
2021-06-23 19:00:00,19,38,2,8,19,2,7,9,16,1,17,1,24.53333333333333,431.0,4.0,11.44,95.0,1.1956521739130437,428.5463068017366,5.027327935222672,0.95,0.7867132867132867,2.8947368421052637
2021-06-23 20:00:00,20,33,3,10,16,2,2,9,17,2,19,2,25.53333333333333,278.0,4.0,10.2,82.5,1.2976190476190477,451.1296136034732,5.639438502673798,0.825,0.8823529411764707,3.303030303030303
2021-06-23 21:00:00,21,26,2,9,10,3,2,4,15,1,16,1,26.53333333333333,343.0,4.0,10.2,65.0,0.875,400.6863068017366,3.366968325791856,0.65,0.3921568627450981,3.230769230769231
2021-06-23 22:00:00,22,31,1,7,11,3,9,13,9,1,10,1,27.53333333333333,510.5,3.0,6.5,77.5,0.9,336.6513068017366,7.2508064516129025,0.775,2.0,2.6129032258064515
2021-06-23 23:00:00,23,21,1,7,11,2,0,6,11,1,12,1,28.53333333333333,237.0,3.0,6.5,52.5,0.8333333333333334,347.6413068017366,4.8269230769230775,0.525,0.9230769230769232,3.333333333333333
2021-06-24 00:00:00,0,18,1,5,9,2,1,3,12,1,13,1,29.53333333333333,211.0,3.0,6.5,45.0,0.7037037037037037,360.24630680173664,2.886538461538461,0.45,0.4615384615384615,3.1666666666666665
2021-06-24 01:00:00,1,16,1,3,10,2,0,4,11,0,11,0,30.53333333333333,271.0,3.0,6.5,40.0,0.5862068965517241,333.928,3.236538461538461,0.4,0.6153846153846154,3.1875
2021-06-24 02:00:00,2,13,1,3,7,2,0,0,10,0,10,0,31.53333333333333,397.5,3.0,6.5,32.5,0.4666666666666667,319.733,1.05,0.325,0.0,3.230769230769231
2021-06-24 03:00:00,3,12,1,3,7,1,0,1,11,0,11,0,32.53333333333333,391.0,3.0,6.5,30.0,0.4597701149425287,336.628,1.5128205128205128,0.3,0.1538461538461538,3.333333333333333
2021-06-24 04:00:00,4,14,1,3,9,1,0,2,12,0,12,0,33.53333333333333,405.0,3.0,6.5,35.0,0.5476190476190477,359.958,2.160989010989011,0.35,0.3076923076923077,3.2857142857142856
2021-06-24 05:00:00,5,15,1,3,9,2,0,1,12,0,12,0,34.53333333333333,465.0,3.0,6.5,37.5,0.5714285714285714,367.743,1.6923076923076923,0.375,0.1538461538461538,3.2
2021-06-24 06:00:00,6,15,1,4,8,2,0,1,12,0,12,0,35.53333333333333,525.0,3.0,6.5,37.5,0.5833333333333334,373.383,1.7275641025641026,0.375,0.1538461538461538,3.2666666666666666
2021-06-24 07:00:00,7,13,1,4,7,1,0,1,11,0,11,0,36.53333333333333,631.0,3.0,6.5,32.5,0.5057471264367817,361.333,1.6207100591715975,0.325,0.1538461538461538,3.3846153846153846
2021-06-24 08:00:00,8,17,2,5,9,1,0,4,12,1,13,1,37.53333333333333,568.0,3.0,7.68,42.5,0.7283950617283951,403.2213068017366,3.2825980392156864,0.425,0.5208333333333334,3.4705882352941178
2021-06-24 09:00:00,9,19,2,5,10,2,0,2,13,1,14,1,38.53333333333333,600.5,3.0,7.68,47.5,0.8205128205128205,426.5513068017366,2.47719298245614,0.475,0.2604166666666667,3.3684210526315788
2021-06-24 10:00:00,10,21,2,5,12,2,0,4,16,1,17,1,39.53333333333333,584.0,4.0,10.93,52.5,0.7608695652173914,476.6813068017366,2.9698841110094545,0.525,0.3659652333028362,3.333333333333333
2021-06-24 11:00:00,11,26,3,4,16,3,0,6,19,1,20,1,40.53333333333333,274.0,4.0,10.93,65.0,1.0625,533.2463068017366,3.919637201773525,0.65,0.5489478499542544,3.269230769230769
2021-06-24 12:00:00,12,31,4,5,18,2,2,9,21,1,22,1,41.53333333333333,235.0,4.0,10.93,77.5,1.3888888888888888,576.4113068017366,5.156199273972199,0.775,0.8234217749313816,3.225806451612903
2021-06-24 13:00:00,13,33,4,5,21,1,2,3,22,1,23,1,42.53333333333333,246.0,4.0,10.93,82.5,1.5735294117647058,599.7413068017365,3.5649609082591693,0.825,0.2744739249771272,3.242424242424242
2021-06-24 14:00:00,14,27,3,5,18,1,0,4,17,1,18,1,43.53333333333333,345.0,4.0,10.93,67.5,1.0340909090909092,525.5113068017365,3.5084383789095592,0.675,0.3659652333028362,3.3703703703703702
2021-06-24 15:00:00,15,21,3,1,16,1,0,6,14,1,15,1,44.53333333333333,321.0,4.0,10.93,52.5,0.69,478.08130680173656,3.528685792706836,0.525,0.5489478499542544,3.2857142857142856
2021-06-24 16:00:00,16,25,4,2,19,0,0,11,11,3,14,3,45.53333333333333,307.5,4.0,10.93,62.5,0.8173076923076923,480.6379204052098,5.546774931381519,0.625,1.0064043915827996,3.4
2021-06-24 17:00:00,17,30,4,3,20,0,3,10,11,3,14,3,46.53333333333333,367.5,4.0,10.93,75.0,0.9134615384615384,497.0029204052098,5.272224763647453,0.75,0.9149130832570906,3.1666666666666665
2021-06-24 18:00:00,18,36,4,3,21,0,8,17,11,3,14,3,47.53333333333333,416.0,4.0,10.93,90.0,0.9903846153846154,515.5129204052098,7.025035579953237,0.9,1.555352241537054,2.861111111111111
2021-06-24 19:00:00,19,25,3,3,17,1,1,4,13,2,15,2,48.53333333333333,361.0,4.0,10.93,62.5,0.81,510.08961360347325,3.2107273559011897,0.625,0.3659652333028362,3.24
2021-06-24 20:00:00,20,19,2,4,12,1,0,2,12,1,13,1,49.53333333333333,421.0,4.0,9.63,47.5,0.5925925925925926,475.19130680173663,2.299568235229819,0.475,0.2076843198338525,3.3684210526315788
2021-06-24 21:00:00,21,22,2,4,13,1,2,10,10,1,11,1,50.53333333333333,659.0,4.0,9.63,55.00000000000001,0.5948275862068966,460.4663068017366,4.981867742849052,0.55,1.038421599169263,3.136363636363636
2021-06-24 22:00:00,22,24,2,7,14,1,0,11,10,1,11,1,51.53333333333333,719.0,3.0,6.38,60.0,0.942528735632184,470.3963068017366,7.940804597701149,0.6,1.7241379310344829,3.4166666666666665
2021-06-24 23:00:00,23,26,2,10,13,1,0,9,10,1,11,1,52.53333333333333,328.0,3.0,6.38,65.0,1.0459770114942528,480.32630680173656,7.212304075235109,0.65,1.4106583072100314,3.5
2021-06-25 00:00:00,0,23,4,8,10,1,0,4,9,2,11,2,53.53333333333333,388.0,3.0,6.38,57.49999999999999,0.9655172413793104,480.3996136034732,4.389764208804688,0.575,0.6269592476489029,3.652173913043478
2021-06-25 01:00:00,1,23,4,9,10,0,0,2,10,2,12,2,54.53333333333333,315.0,3.0,6.38,57.49999999999999,1.0238095238095235,499.4396136034732,3.32214120212621,0.575,0.3134796238244514,3.739130434782609
2021-06-25 02:00:00,2,21,4,8,9,0,0,1,10,2,12,2,55.53333333333333,375.0,3.0,6.38,52.5,0.9404761904761904,500.7896136034732,2.564640244812659,0.525,0.1567398119122257,3.761904761904762
2021-06-25 03:00:00,3,21,5,6,9,1,0,4,9,2,11,2,56.53333333333333,539.0,3.0,6.38,52.5,0.896551724137931,493.0296136034732,4.27870577698164,0.525,0.6269592476489029,3.7142857142857135
2021-06-25 04:00:00,4,19,3,6,10,0,0,2,9,2,11,2,57.53333333333333,599.0,3.0,6.38,47.5,0.7931034482758621,494.3796136034732,2.8634260023098497,0.475,0.3134796238244514,3.631578947368421
2021-06-25 05:00:00,5,21,3,7,11,0,0,3,10,2,12,2,58.53333333333333,555.0,3.0,6.38,52.5,0.9047619047619048,517.7096136034733,3.601746529332736,0.525,0.4702194357366771,3.619047619047619
2021-06-25 06:00:00,6,19,3,7,8,0,1,2,10,2,12,2,59.53333333333333,615.0,3.0,6.38,47.5,0.8095238095238095,519.0596136034733,2.8219270747401417,0.475,0.3134796238244514,3.5789473684210527
2021-06-25 07:00:00,7,18,3,8,7,0,0,1,10,2,12,2,60.53333333333333,675.0,3.0,6.38,45.0,0.8095238095238095,522.5546136034732,2.2921281783350747,0.45,0.1567398119122257,3.7777777777777777
2021-06-25 08:00:00,8,22,3,7,11,1,0,5,11,2,13,2,61.53333333333333,631.0,3.0,6.65,55.00000000000001,0.9629629629629628,550.1746136034732,4.615755297334244,0.55,0.7518796992481203,3.5454545454545454
2021-06-25 09:00:00,9,22,3,7,11,1,0,4,11,2,13,2,62.53333333333333,691.0,3.0,6.65,55.00000000000001,0.9629629629629628,555.8146136034732,4.082604237867396,0.55,0.6015037593984962,3.5454545454545454
2021-06-25 10:00:00,10,30,3,6,15,2,4,13,12,2,14,2,63.53333333333333,727.5,4.0,10.11,75.0,0.8846153846153846,592.0146136034732,6.243290471480383,0.75,1.2858555885262115,3.066666666666667
2021-06-25 11:00:00,11,21,3,4,13,1,0,6,10,2,12,2,64.53333333333333,787.5,4.0,10.11,52.5,0.6428571428571429,551.5496136034732,3.8347604917337854,0.525,0.5934718100890208,3.4285714285714284
2021-06-25 12:00:00,12,19,3,4,10,0,2,12,10,2,12,2,65.53333333333333,788.0,4.0,10.11,47.5,0.5625,552.8996136034732,5.510655161642981,0.475,1.1869436201780417,3.3157894736842106
2021-06-25 13:00:00,13,22,4,3,11,0,4,11,10,2,12,2,51.13333333333333,520.0,4.0,10.11,55.00000000000001,0.6160714285714286,478.1186136034733,5.137462908011869,0.55,1.0880316518298714,3.136363636363636
2021-06-25 14:00:00,14,25,4,2,12,0,7,12,12,1,13,1,52.13333333333333,287.0,4.0,10.11,62.5,0.6574074074074074,502.7253068017367,5.145919881305638,0.625,1.1869436201780417,2.84
2021-06-25 15:00:00,15,18,2,5,11,0,0,8,11,1,12,1,31.73333333333333,98.5,4.0,10.11,45.0,0.5625,359.2543068017366,4.344535113748764,0.45,0.7912957467853611,3.5
2021-06-25 16:00:00,16,20,2,5,12,1,0,9,9,1,10,1,32.733333333333334,123.0,4.0,10.11,50.0,0.5666666666666667,342.3843068017366,4.726706231454006,0.5,0.8902077151335313,3.4
2021-06-25 17:00:00,17,19,3,3,10,3,0,9,9,2,11,2,33.733333333333334,139.0,4.0,10.11,47.5,0.5431034482758621,360.14761360347325,4.526741371232236,0.475,0.8902077151335313,3.3157894736842106
2021-06-25 18:00:00,18,25,4,4,12,3,2,8,11,2,13,2,34.733333333333334,195.0,4.0,10.11,62.5,0.7407407407407407,405.4576136034732,4.532146389713155,0.625,0.7912957467853611,3.2
2021-06-25 19:00:00,19,22,3,5,11,2,1,7,10,4,14,4,35.733333333333334,139.5,4.0,10.11,55.00000000000001,0.7019230769230769,419.79922720694645,4.122455264814316,0.55,0.6923837784371909,3.3181818181818183
2021-06-25 20:00:00,20,21,1,3,12,3,2,7,9,2,11,2,36.73333333333333,173.0,4.0,10.12,52.5,0.5258620689655172,381.3576136034732,3.534222661396574,0.525,0.6916996047430829,2.9047619047619047
2021-06-25 21:00:00,21,23,1,3,14,5,0,8,8,3,11,3,37.73333333333333,233.0,4.0,10.12,57.49999999999999,0.5948275862068966,392.1559204052098,4.096541501976284,0.575,0.7905138339920947,3.0
2021-06-25 22:00:00,22,17,1,3,10,3,0,7,3,3,6,3,38.73333333333333,223.5,3.0,6.66,42.5,0.5196078431372549,317.9259204052098,4.601806217982689,0.425,1.0510510510510511,3.117647058823529
2021-06-25 23:00:00,23,14,1,2,9,2,0,5,4,3,7,3,39.73333333333333,130.0,3.0,6.66,35.0,0.4444444444444444,330.5309204052098,3.459502359502359,0.35,0.7507507507507507,3.142857142857143
2021-06-26 00:00:00,0,16,1,3,9,3,0,4,5,3,8,3,40.73333333333333,174.5,3.0,6.66,40.0,0.5208333333333334,353.86092040520987,3.126876876876877,0.4,0.6006006006006006,3.125
2021-06-26 01:00:00,1,15,1,3,8,3,0,2,5,2,7,2,41.73333333333333,219.0,3.0,6.66,37.5,0.4747474747474747,343.08761360347324,2.115940940940941,0.375,0.3003003003003003,3.1333333333333333
2021-06-26 02:00:00,2,17,1,3,10,3,0,3,6,2,8,2,42.73333333333333,257.5,3.0,6.66,42.5,0.5520833333333334,366.4176136034732,2.7293455219925806,0.425,0.4504504504504504,3.117647058823529
2021-06-26 03:00:00,3,20,1,3,13,3,0,4,7,2,9,2,43.73333333333333,296.0,3.0,6.66,50.0,0.6666666666666666,391.8926136034733,3.411861861861862,0.5,0.6006006006006006,3.1
2021-06-26 04:00:00,4,19,1,3,12,3,0,2,7,2,9,2,44.73333333333333,356.0,3.0,6.66,47.5,0.6344086021505376,395.38761360347326,2.407511458827248,0.475,0.3003003003003003,3.1052631578947367
2021-06-26 05:00:00,5,16,1,2,10,3,0,1,7,2,9,2,45.73333333333333,416.0,3.0,6.66,40.0,0.5268817204301075,394.5926136034732,1.684834834834835,0.4,0.1501501501501501,3.0625
2021-06-26 06:00:00,6,21,0,3,15,3,0,7,8,1,9,1,16.95,463.0,3.0,6.66,52.5,0.6774193548387096,242.11130680173665,4.728153153153153,0.525,1.0510510510510511,3.0
2021-06-26 07:00:00,7,20,0,3,14,3,0,1,8,1,9,1,17.95,523.0,3.0,6.66,50.0,0.6451612903225806,245.6063068017366,1.9504504504504503,0.5,0.1501501501501501,3.0
2021-06-26 08:00:00,8,20,0,4,14,2,0,4,10,1,11,1,18.95,503.0,3.0,7.01,50.0,0.7126436781609196,278.0463068017366,3.318901569186876,0.5,0.5706134094151213,3.1
2021-06-26 09:00:00,9,20,0,4,14,2,0,2,10,1,11,1,19.95,563.0,3.0,7.01,50.0,0.7126436781609196,283.6863068017366,2.4344507845934378,0.5,0.2853067047075606,3.1
2021-06-26 10:00:00,10,27,0,5,18,3,1,9,12,1,13,1,20.95,297.0,4.0,10.26,67.5,0.75,331.1413068017366,4.656578947368422,0.675,0.8771929824561404,3.0
2021-06-26 11:00:00,11,33,1,3,20,3,6,11,12,1,13,1,21.95,185.0,4.0,10.26,82.5,0.8240740740740741,349.6513068017366,5.116487979207277,0.825,1.0721247563352827,2.696969696969697
2021-06-26 12:00:00,12,32,1,4,20,2,5,6,15,1,16,1,22.95,181.0,4.0,10.26,80.0,0.9375,393.3463068017366,3.8947368421052633,0.8,0.5847953216374269,2.8125
2021-06-26 13:00:00,13,35,1,6,22,2,4,10,21,1,22,1,23.95,183.0,4.0,10.26,87.5,1.4305555555555556,485.82130680173657,5.443281815650238,0.875,0.9746588693957116,2.942857142857143
2021-06-26 14:00:00,14,34,1,6,21,1,5,10,24,0,24,0,21.4,157.0,4.0,10.26,85.0,1.546875,495.226,5.31297729618163,0.85,0.9746588693957116,2.911764705882353
2021-06-26 15:00:00,15,47,2,7,24,3,11,22,24,0,24,0,22.4,166.0,4.0,10.26,117.5,1.984375,528.751,8.969035917216209,1.175,2.1442495126705654,2.702127659574468
2021-06-26 16:00:00,16,45,2,6,27,0,10,11,26,0,26,0,10.95,186.0,4.0,10.26,112.5,2.232142857142857,486.683,6.103124323153564,1.125,1.0721247563352827,2.7777777777777777
2021-06-26 17:00:00,17,36,2,6,26,0,2,3,26,0,26,0,11.95,231.5,4.0,10.26,90.0,2.0357142857142856,473.018,3.7759259259259257,0.9,0.2923976608187134,3.1666666666666665
2021-06-26 18:00:00,18,36,2,7,22,1,4,8,23,0,23,0,12.95,301.0,4.0,10.26,90.0,1.6176470588235294,438.458,5.13249945852285,0.9,0.7797270955165693,3.055555555555556
2021-06-26 19:00:00,19,38,2,6,24,1,5,5,21,0,21,0,13.95,361.0,4.0,10.26,95.0,1.486842105263158,421.588,4.274163845285729,0.95,0.4873294346978558,2.973684210526316
2021-06-26 20:00:00,20,34,1,7,24,1,1,5,22,0,22,0,14.95,411.5,4.0,11.01,85.0,1.5,432.048,4.142538868408399,0.85,0.4541326067211625,3.176470588235294
2021-06-26 21:00:00,21,32,1,6,22,2,1,5,19,0,19,0,15.95,462.0,4.0,11.01,80.0,1.1904761904761905,393.198,3.919164396003633,0.8,0.4541326067211625,3.125
2021-06-26 22:00:00,22,22,0,5,15,1,1,3,12,0,12,0,10.316666666666666,434.0,3.0,7.76,55.00000000000001,0.8095238095238095,246.176,2.89493908153702,0.55,0.3865979381443299,3.090909090909091
2021-06-26 23:00:00,23,18,0,2,16,0,0,4,6,0,6,0,11.316666666666666,490.0,3.0,7.76,45.0,0.5490196078431373,162.836,3.003665521191295,0.45,0.5154639175257733,3.111111111111111
2021-06-27 00:00:00,0,10,0,1,9,0,0,1,5,0,5,0,12.316666666666666,565.0,3.0,7.76,25.0,0.2952380952380952,137.916,1.1744845360824745,0.25,0.1288659793814433,3.1
2021-06-27 01:00:00,1,11,0,2,9,0,0,3,5,0,5,0,13.316666666666666,595.0,3.0,7.76,27.500000000000004,0.3333333333333333,145.701,2.10508434864105,0.275,0.3865979381443299,3.1818181818181817
2021-06-27 02:00:00,2,9,0,3,6,0,0,1,4,0,4,0,14.316666666666666,485.0,3.0,7.76,22.5,0.2777777777777778,133.651,1.179553264604811,0.225,0.1288659793814433,3.333333333333333
2021-06-27 03:00:00,3,9,0,3,6,0,0,0,4,0,4,0,15.316666666666666,545.0,3.0,7.76,22.5,0.2777777777777778,139.291,0.75,0.225,0.0,3.333333333333333
2021-06-27 04:00:00,4,15,0,5,10,0,0,6,5,0,5,0,16.316666666666666,405.0,3.0,7.76,37.5,0.4761904761904761,171.201,3.8273195876288657,0.375,0.7731958762886598,3.333333333333333
2021-06-27 05:00:00,5,12,0,4,8,0,0,2,4,0,4,0,17.316666666666666,665.0,3.0,7.76,30.0,0.3703703703703703,157.006,1.859106529209622,0.3,0.2577319587628866,3.333333333333333
2021-06-27 06:00:00,6,12,0,4,8,0,0,1,4,0,4,0,18.316666666666663,725.0,3.0,7.76,30.0,0.3703703703703703,162.64600000000002,1.4295532646048112,0.3,0.1288659793814433,3.333333333333333
2021-06-27 07:00:00,7,14,0,3,10,0,1,5,6,0,6,0,19.316666666666663,486.0,3.0,7.76,35.0,0.4215686274509804,199.376,3.054013254786451,0.35,0.6443298969072165,3.071428571428572
2021-06-27 08:00:00,8,19,0,4,14,0,1,6,10,0,10,0,20.316666666666663,85.5,3.0,6.38,47.5,0.6555555555555556,269.341,4.395310179838311,0.475,0.9404388714733544,3.1052631578947367
2021-06-27 09:00:00,9,19,0,3,13,1,2,7,6,0,6,0,15.116666666666667,101.5,3.0,6.38,47.5,0.5392156862745098,186.413,4.551043557168784,0.475,1.09717868338558,2.8947368421052637
2021-06-27 10:00:00,10,12,0,1,9,2,0,4,2,0,2,0,16.116666666666667,464.5,4.0,9.63,30.0,0.2302631578947368,123.438,2.0864918656974734,0.3,0.4153686396677051,2.9166666666666665
2021-06-27 11:00:00,11,13,0,2,9,1,1,7,4,0,4,0,17.116666666666667,137.5,4.0,9.63,32.5,0.2638888888888889,158.023,3.0747703490694147,0.325,0.726895119418484,2.923076923076923
2021-06-27 12:00:00,12,15,0,2,11,2,0,8,3,0,3,0,18.116666666666667,111.0,4.0,9.63,37.5,0.304054054054054,154.553,3.6172118380062313,0.375,0.8307372793354103,3.0
2021-06-27 13:00:00,13,18,0,1,14,1,2,7,5,0,5,0,19.116666666666667,91.0,4.0,9.63,45.0,0.3571428571428571,193.428,3.2691531094957886,0.45,0.726895119418484,2.7777777777777777
2021-06-27 14:00:00,14,26,0,1,20,0,5,12,6,0,6,0,20.116666666666667,130.5,4.0,9.63,65.0,0.5073529411764706,229.628,5.031973400431344,0.65,1.2461059190031154,2.6538461538461537
2021-06-27 15:00:00,15,31,0,1,26,1,3,15,10,0,10,0,21.116666666666667,71.5,4.0,9.63,77.5,0.725,299.593,6.546419957793187,0.775,1.5576323987538945,2.806451612903226
2021-06-27 16:00:00,16,16,0,2,14,0,0,4,4,0,4,0,22.116666666666667,126.0,4.0,9.63,40.0,0.3472222222222222,192.658,2.5480269989615785,0.4,0.4153686396677051,3.125
2021-06-27 17:00:00,17,22,1,3,15,2,1,7,5,0,5,0,23.116666666666667,82.0,4.0,9.63,55.00000000000001,0.4785714285714286,224.568,3.888726045501747,0.55,0.726895119418484,3.0454545454545454
2021-06-27 18:00:00,18,30,2,5,19,4,0,14,11,1,12,1,7.1,54.0,4.0,9.63,75.0,0.8482142857142857,246.0623068017366,6.978669089650397,0.75,1.453790238836968,3.1666666666666665
2021-06-27 19:00:00,19,32,2,5,19,5,1,8,9,2,11,2,8.1,96.0,4.0,9.63,80.0,0.8448275862068966,243.46061360347323,4.994132917964694,0.8,0.8307372793354103,3.0625
2021-06-27 20:00:00,20,25,1,5,15,4,0,3,8,2,10,2,8.316666666666666,153.0,4.0,10.93,62.5,0.65,216.26761360347325,2.806358645928637,0.625,0.2744739249771272,3.12
2021-06-27 21:00:00,21,20,1,6,13,0,0,7,10,2,12,2,6.6,183.0,4.0,10.93,50.0,0.6071428571428571,222.6606136034732,3.877493138151876,0.5,0.6404391582799634,3.4
2021-06-27 22:00:00,22,22,1,5,16,0,0,4,9,2,11,2,7.6,243.0,3.0,7.68,55.00000000000001,0.8390804597701149,219.1906136034732,3.553219696969697,0.55,0.5208333333333334,3.3181818181818183
2021-06-27 23:00:00,23,23,1,4,18,0,0,4,10,2,12,2,6.8,299.5,3.0,7.68,57.49999999999999,0.8928571428571429,230.22361360347324,3.5733695652173907,0.575,0.5208333333333334,3.260869565217391
2021-06-28 00:00:00,0,23,1,3,18,1,0,2,9,2,11,2,7.8,356.0,3.0,7.68,57.49999999999999,0.8390804597701149,222.4636136034732,2.651539855072464,0.575,0.2604166666666667,3.1739130434782608
2021-06-28 01:00:00,1,22,1,3,17,1,0,1,9,2,11,2,8.8,416.0,3.0,7.68,55.00000000000001,0.8045977011494253,225.9586136034732,2.1642992424242427,0.55,0.1302083333333333,3.1818181818181817
2021-06-28 02:00:00,2,20,1,2,14,3,0,2,9,1,10,1,8.85,479.5,3.0,7.68,50.0,0.6777777777777778,207.68230680173664,2.3192708333333334,0.5,0.2604166666666667,3.05
2021-06-28 03:00:00,3,21,1,2,17,1,0,3,10,1,11,1,9.85,536.0,3.0,7.68,52.5,0.7586206896551724,228.86730680173665,2.8776785714285715,0.525,0.390625,3.142857142857143
2021-06-28 04:00:00,4,23,1,3,17,2,0,4,9,1,10,1,10.85,599.5,3.0,7.68,57.49999999999999,0.8,225.3973068017366,3.430434782608696,0.575,0.5208333333333334,3.130434782608696
2021-06-28 05:00:00,5,17,1,3,13,0,0,1,8,1,9,1,11.85,663.0,3.0,7.68,42.5,0.6021505376344086,204.7673068017366,1.8289215686274507,0.425,0.1302083333333333,3.294117647058824
2021-06-28 06:00:00,6,17,1,2,14,0,0,1,8,1,9,1,12.85,723.0,3.0,7.68,42.5,0.5913978494623656,210.4073068017366,1.796262254901961,0.425,0.1302083333333333,3.235294117647059
2021-06-28 07:00:00,7,14,1,2,10,1,0,2,7,1,8,1,13.85,783.0,3.0,7.68,35.0,0.46875,196.2123068017366,1.9620535714285716,0.35,0.2604166666666667,3.2142857142857144
2021-06-28 08:00:00,8,14,2,4,8,0,0,4,9,1,10,1,14.85,839.5,3.0,6.38,35.0,0.5555555555555556,228.6523068017366,3.4891401701746534,0.35,0.6269592476489029,3.571428571428572
2021-06-28 09:00:00,9,15,1,4,9,1,0,7,6,2,8,2,15.85,507.0,3.0,6.38,37.5,0.5208333333333334,210.50561360347325,4.907262277951933,0.375,1.09717868338558,3.333333333333333
2021-06-28 10:00:00,10,20,1,4,13,2,0,7,7,2,9,2,16.85,178.0,4.0,9.7,50.0,0.5161290322580645,240.27061360347324,3.909278350515464,0.5,0.7216494845360826,3.2
2021-06-28 11:00:00,11,16,1,4,10,0,1,5,7,2,9,2,17.85,185.0,4.0,9.7,40.0,0.4193548387096774,237.33061360347324,2.975257731958763,0.4,0.5154639175257733,3.25
2021-06-28 12:00:00,12,22,2,5,11,0,4,7,11,2,13,2,18.85,122.0,4.0,9.7,55.00000000000001,0.6203703703703703,309.44061360347325,3.8727507029053423,0.55,0.7216494845360826,3.0454545454545454
2021-06-28 13:00:00,13,27,2,5,15,0,5,11,9,2,11,2,19.85,182.0,4.0,9.7,67.5,0.6896551724137931,299.00561360347325,5.360061092019856,0.675,1.1340206185567012,2.962962962962963
2021-06-28 14:00:00,14,29,2,5,20,0,2,13,13,2,15,2,20.85,157.0,4.0,9.7,72.5,0.92,362.5356136034732,6.551688588695344,0.725,1.3402061855670104,3.1724137931034484
2021-06-28 15:00:00,15,28,3,6,19,0,0,9,11,3,14,3,21.85,251.5,4.0,9.7,70.0,0.9230769230769232,353.49892040520984,5.581148748159057,0.7,0.9278350515463918,3.4285714285714284
2021-06-28 16:00:00,16,24,3,5,16,0,0,3,9,3,12,3,22.05,262.0,4.0,9.7,60.0,0.7410714285714286,319.24692040520983,3.1445876288659798,0.6,0.3092783505154639,3.458333333333333
2021-06-28 17:00:00,17,23,3,5,15,0,0,5,9,3,12,3,23.05,322.0,4.0,9.7,57.49999999999999,0.7142857142857143,322.74192040520984,3.7929179740026897,0.575,0.5154639175257733,3.4782608695652173
2021-06-28 18:00:00,18,22,2,6,12,1,1,9,9,2,11,2,22.7,342.0,4.0,9.7,55.00000000000001,0.6293103448275862,304.35461360347324,4.903725398313028,0.55,0.9278350515463918,3.3181818181818183
2021-06-28 19:00:00,19,17,1,7,9,0,0,4,7,2,9,2,23.7,251.0,4.0,9.7,42.5,0.4838709677419355,272.46961360347325,2.9554275318374774,0.425,0.4123711340206186,3.5294117647058822
2021-06-28 20:00:00,20,15,1,4,9,1,0,4,5,1,6,1,24.7,206.5,4.0,10.0,37.5,0.3676470588235294,232.7513068017366,2.583333333333333,0.375,0.4,3.333333333333333
2021-06-28 21:00:00,21,16,1,4,9,2,0,9,8,1,9,1,25.7,87.0,4.0,10.0,40.0,0.4193548387096774,280.7363068017366,4.2250000000000005,0.4,0.9,3.25
2021-06-28 22:00:00,22,16,1,3,10,2,0,4,7,1,8,1,26.7,97.5,3.0,6.68,40.0,0.53125,272.97630680173665,3.18368263473054,0.4,0.5988023952095809,3.1875
2021-06-28 23:00:00,23,16,0,3,12,1,0,6,6,0,6,0,27.7,137.5,3.0,6.68,40.0,0.4901960784313725,250.948,4.056886227544911,0.4,0.8982035928143713,3.125
2021-06-29 00:00:00,0,15,0,3,12,0,0,2,6,0,6,0,28.7,197.5,3.0,6.68,37.5,0.4705882352941176,254.443,2.158083832335329,0.375,0.2994011976047904,3.2
2021-06-29 01:00:00,1,8,0,1,7,0,0,1,5,0,5,0,29.7,271.0,3.0,6.68,20.0,0.238095238095238,231.668,1.0928143712574852,0.2,0.1497005988023952,3.125
2021-06-29 02:00:00,2,10,0,1,9,0,0,2,5,0,5,0,30.7,331.0,3.0,6.68,25.0,0.2952380952380952,241.598,1.7031437125748503,0.25,0.2994011976047904,3.1
2021-06-29 03:00:00,3,11,0,0,11,0,0,3,5,1,6,1,31.7,352.0,3.0,6.68,27.500000000000004,0.3235294117647059,263.6513068017366,2.172305389221557,0.275,0.4491017964071856,3.0
2021-06-29 04:00:00,4,12,0,1,11,0,0,4,5,0,5,0,32.7,451.0,3.0,6.68,30.0,0.3523809523809524,257.168,2.7713073852295413,0.3,0.5988023952095809,3.083333333333333
2021-06-29 05:00:00,5,14,0,2,12,0,0,4,5,1,6,1,33.7,472.0,3.0,6.68,35.0,0.4313725490196078,281.36630680173664,2.981950384944397,0.35,0.5988023952095809,3.142857142857143
2021-06-29 06:00:00,6,12,0,1,11,0,0,1,5,0,5,0,34.7,571.0,3.0,6.68,30.0,0.3523809523809524,268.448,1.386576846307385,0.3,0.1497005988023952,3.083333333333333
2021-06-29 07:00:00,7,15,1,1,13,0,0,3,6,1,7,1,35.7,553.0,3.0,6.68,37.5,0.4848484848484848,308.19130680173663,2.6371257485029944,0.375,0.4491017964071856,3.2
2021-06-29 08:00:00,8,16,1,1,14,0,0,2,6,1,7,1,36.7,613.0,3.0,6.71,40.0,0.5151515151515151,315.9763068017366,2.225074515648286,0.4,0.2980625931445603,3.1875
2021-06-29 09:00:00,9,20,1,2,17,0,0,6,4,1,5,1,37.7,638.0,3.0,6.71,50.0,0.6095238095238096,303.3963068017366,4.46140089418778,0.5,0.8941877794336811,3.2
2021-06-29 10:00:00,10,20,0,2,18,0,0,6,7,1,8,1,38.7,120.0,4.0,10.41,50.0,0.484375,349.23630680173665,3.336743515850144,0.5,0.5763688760806917,3.1
2021-06-29 11:00:00,11,17,0,2,15,0,0,3,7,1,8,1,39.7,180.0,4.0,10.41,42.5,0.4140625,348.44130680173663,2.223457365655196,0.425,0.2881844380403458,3.117647058823529
2021-06-29 12:00:00,12,15,0,1,14,0,0,4,8,1,9,1,40.7,178.0,4.0,10.41,37.5,0.3709677419354839,363.19130680173663,2.3283541466538584,0.375,0.3842459173871277,3.066666666666667
2021-06-29 13:00:00,13,21,0,4,16,1,0,7,10,2,12,2,41.7,206.0,4.0,10.41,52.5,0.5892857142857143,422.76961360347326,3.763352545629202,0.525,0.6724303554274735,3.142857142857143
2021-06-29 14:00:00,14,30,1,4,24,1,0,13,14,2,16,2,42.7,111.0,4.0,10.41,75.0,0.9895833333333334,501.3146136034733,6.329530899775857,0.75,1.2487992315081653,3.1666666666666665
2021-06-29 15:00:00,15,29,1,2,25,1,0,6,13,1,14,1,43.7,147.0,4.0,10.41,72.5,0.8653846153846154,477.1413068017366,4.038730994733181,0.725,0.5763688760806917,3.103448275862069
2021-06-29 16:00:00,16,28,1,2,23,2,0,2,12,1,13,1,44.7,173.0,4.0,10.41,70.0,0.7962962962962963,467.2363068017367,2.7400919445588032,0.7,0.1921229586935638,3.071428571428572
2021-06-29 17:00:00,17,29,1,2,25,1,0,6,11,1,12,1,45.7,232.0,4.0,10.41,72.5,0.8035714285714286,461.62130680173664,4.038730994733181,0.725,0.5763688760806917,3.103448275862069
2021-06-29 18:00:00,18,23,0,3,20,0,0,4,8,1,9,1,46.7,291.0,4.0,10.41,57.49999999999999,0.5806451612903226,414.1913068017366,3.002856784864052,0.575,0.3842459173871277,3.130434782608696
2021-06-29 19:00:00,19,19,0,2,15,1,1,3,6,1,7,1,47.7,351.0,4.0,10.41,47.5,0.4242424242424242,384.4513068017366,2.249385712118914,0.475,0.2881844380403458,2.9473684210526314
2021-06-29 20:00:00,20,22,0,2,16,1,3,9,3,1,4,1,48.7,502.0,4.0,12.84,55.00000000000001,0.4236111111111111,356.3263068017366,3.468500424808836,0.55,0.7009345794392523,2.772727272727273
2021-06-29 21:00:00,21,15,0,3,10,1,1,8,2,2,4,2,49.7,562.0,4.0,12.84,37.5,0.3125,347.8196136034732,2.9941588785046727,0.375,0.6230529595015576,3.0
2021-06-29 22:00:00,22,20,1,5,12,1,1,7,3,2,5,2,50.7,485.0,3.0,9.14,50.0,0.6095238095238096,377.5846136034732,4.050765864332604,0.5,0.7658643326039387,3.2
2021-06-29 23:00:00,23,24,2,7,14,0,1,8,4,3,7,3,51.7,170.0,3.0,9.14,60.0,0.8181818181818182,419.4729204052098,4.979048140043764,0.6,0.87527352297593,3.375
2021-06-30 00:00:00,0,27,2,8,16,0,1,6,6,3,9,3,52.7,168.0,3.0,9.14,67.5,0.978494623655914,458.3479204052098,4.487496960855824,0.675,0.6564551422319475,3.3703703703703702
2021-06-30 01:00:00,1,29,2,6,19,1,1,5,8,2,10,2,53.7,146.0,3.0,9.14,72.5,1.0444444444444445,480.8096136034732,4.123183430166754,0.725,0.5470459518599562,3.2413793103448274
2021-06-30 02:00:00,2,26,1,5,19,0,1,2,7,1,8,1,54.7,240.0,3.0,9.14,65.0,0.8645833333333334,452.3463068017366,2.773535600067329,0.65,0.2188183807439825,3.1923076923076925
2021-06-30 03:00:00,3,26,1,6,18,0,1,4,8,1,9,1,55.7,252.0,3.0,9.14,65.0,0.9032258064516128,471.3863068017366,3.51390338326881,0.65,0.437636761487965,3.230769230769231
2021-06-30 04:00:00,4,22,1,5,14,1,1,1,8,1,9,1,56.7,312.0,3.0,9.14,55.00000000000001,0.7526881720430108,468.4463068017366,2.0981201511836085,0.55,0.1094091903719912,3.1818181818181817
2021-06-30 05:00:00,5,21,1,5,13,1,1,0,8,1,9,1,57.7,372.0,3.0,9.14,52.5,0.7204301075268817,471.94130680173663,1.6750000000000005,0.525,0.0,3.1904761904761907
2021-06-30 06:00:00,6,24,2,6,14,1,1,4,7,1,8,1,58.7,480.0,3.0,9.14,60.0,0.8229166666666666,470.6163068017366,3.4155543398978843,0.6,0.437636761487965,3.2916666666666665
2021-06-30 07:00:00,7,23,1,7,13,1,1,3,7,1,8,1,59.7,540.0,3.0,9.14,57.49999999999999,0.78125,474.1113068017366,2.945307297117305,0.575,0.3282275711159737,3.260869565217391
2021-06-30 08:00:00,8,22,1,6,14,0,1,2,8,1,9,1,60.7,552.0,3.0,6.3,55.00000000000001,0.7741935483870968,491.0063068017366,2.838961038961039,0.55,0.3174603174603174,3.272727272727273
2021-06-30 09:00:00,9,28,1,5,20,1,1,9,10,1,11,1,61.7,598.0,3.0,6.3,70.0,1.011494252873563,536.3163068017366,6.689795918367347,0.7,1.4285714285714286,3.142857142857143
2021-06-30 10:00:00,10,25,1,4,18,2,0,8,9,1,10,1,27.03333333333333,627.0,4.0,9.64,62.5,0.6583333333333333,320.9613068017366,4.5974066390041495,0.625,0.8298755186721991,3.16
2021-06-30 11:00:00,11,24,1,4,17,2,0,3,9,1,10,1,28.03333333333333,687.0,4.0,9.64,60.0,0.6333333333333333,324.4563068017366,2.8854771784232365,0.6,0.3112033195020747,3.1666666666666665
2021-06-30 12:00:00,12,34,2,4,24,4,0,12,13,2,15,2,29.03333333333333,192.0,4.0,9.64,85.0,1.06,419.4146136034733,6.53088845496705,0.85,1.2448132780082988,3.117647058823529
2021-06-30 13:00:00,13,33,2,4,23,4,0,5,16,2,18,2,27.65,179.5,4.0,9.64,82.5,1.1704545454545454,449.6676136034732,4.193885954985539,0.825,0.5186721991701244,3.121212121212121
2021-06-30 14:00:00,14,36,2,3,18,4,9,14,15,1,16,1,24.08333333333333,168.0,4.0,9.64,90.0,0.96875,408.3183068017366,6.076728907330567,0.9,1.4522821576763485,2.583333333333333
2021-06-30 15:00:00,15,33,2,3,19,2,7,7,14,1,15,1,21.5,206.0,4.0,9.64,82.5,0.9,373.9133068017366,4.230384760467747,0.825,0.7261410788381742,2.727272727272727
2021-06-30 16:00:00,16,31,4,3,21,3,0,9,13,2,15,2,18.98333333333333,264.0,4.0,9.64,77.5,1.01,356.2976136034732,5.566761477713827,0.775,0.933609958506224,3.2580645161290325
2021-06-30 17:00:00,17,27,3,3,18,3,0,3,12,2,14,2,19.98333333333333,307.5,4.0,9.64,67.5,0.8365384615384616,339.95761360347325,3.177766251728908,0.675,0.3112033195020747,3.2222222222222223
2021-06-30 18:00:00,18,31,4,3,22,2,0,6,12,2,14,2,20.98333333333333,330.0,4.0,9.64,77.5,0.9807692307692308,354.1776136034732,4.597918618658814,0.775,0.6224066390041494,3.290322580645161
2021-06-30 19:00:00,19,25,3,4,16,2,0,3,11,3,14,3,10.116666666666667,301.5,4.0,9.64,62.5,0.7980769230769231,280.88792040520985,3.108195020746888,0.625,0.3112033195020747,3.32
2021-06-30 20:00:00,20,26,2,3,16,4,1,9,12,2,14,2,11.116666666666667,314.0,4.0,12.48,65.0,0.7596153846153846,287.80461360347323,4.166198224852071,0.65,0.7211538461538461,3.0384615384615383
2021-06-30 21:00:00,21,25,1,3,17,4,0,4,11,2,13,2,12.116666666666667,354.0,4.0,12.48,62.5,0.7037037037037037,277.8996136034732,2.8743589743589744,0.625,0.3205128205128205,3.04
2021-06-30 22:00:00,22,20,0,2,16,2,0,6,8,1,9,1,12.416666666666666,414.0,3.0,9.14,50.0,0.6451612903225806,214.39830680173665,3.469365426695842,0.5,0.6564551422319475,3.0
2021-06-30 23:00:00,23,19,1,1,15,2,0,4,8,1,9,1,13.416666666666666,474.0,3.0,9.14,47.5,0.6236559139784946,217.8933068017366,2.7859437982264192,0.475,0.437636761487965,3.0526315789473686
