ts,hour,census,l1,l2,l3,l4,l5,arrivals,waitBed,waitICU,D_board,vent,maxLOS_h,awt_curr_min,Na,cap_sum,OCCUPANCY,EDWIN,NEDOCS,READI,READI_BR,READI_PR,READI_AR
2024-07-01 00:00:00,0,47,1,9,33,4,0,7,27,0,27,0,37.1,1547.0,3.0,6.91,117.5,3.7948717948717943,651.859,6.889949810635218,1.175,1.0130246020260492,3.148936170212766
2024-07-01 01:00:00,1,43,1,8,31,3,0,7,27,0,27,0,38.1,1607.0,3.0,6.91,107.5,3.4871794871794872,648.919,6.603984787803318,1.075,1.0130246020260492,3.1627906976744184
2024-07-01 02:00:00,2,44,1,9,31,3,0,6,27,1,28,1,39.1,1627.0,3.0,6.91,110.0,3.888888888888889,670.9723068017366,6.262794369161952,1.1,0.8683068017366136,3.1818181818181817
2024-07-01 03:00:00,3,41,1,11,26,3,0,6,30,1,31,1,40.1,1286.0,3.0,6.91,102.5,4.925925925925926,710.3773068017366,6.141702551974869,1.025,0.8683068017366136,3.2439024390243905
2024-07-01 04:00:00,4,41,2,11,26,2,0,3,31,1,32,1,41.1,1292.5,3.0,6.91,102.5,5.666666666666667,729.4173068017366,4.840118598002188,1.025,0.4341534008683068,3.317073170731707
2024-07-01 05:00:00,5,41,2,11,26,2,0,1,31,1,32,1,42.1,1352.5,3.0,6.91,102.5,5.666666666666667,735.0573068017366,3.880039532667396,1.025,0.1447178002894356,3.317073170731707
2024-07-01 06:00:00,6,44,2,10,29,3,0,5,32,0,32,0,43.1,1412.5,3.0,6.91,110.0,5.958333333333333,746.2640000000001,5.926664254703328,1.1,0.723589001447178,3.25
2024-07-01 07:00:00,7,44,2,9,31,2,0,7,33,0,33,0,44.1,1419.0,3.0,6.91,110.0,6.809523809523809,765.3040000000001,6.86732995658466,1.1,1.0130246020260492,3.25
2024-07-01 08:00:00,8,53,3,12,36,2,0,11,36,1,37,1,45.1,1274.0,3.0,6.699999999999999,132.5,19.444444444444443,844.7173068017366,9.796008166713602,1.325,1.6417910447761197,3.30188679245283
2024-07-01 09:00:00,9,54,3,13,36,2,0,8,37,2,39,2,46.1,1276.0,3.0,6.699999999999999,135.0,59.66666666666666,880.1706136034733,8.432987838584856,1.35,1.1940298507462688,3.314814814814815
2024-07-01 10:00:00,10,58,3,15,37,3,0,9,39,2,41,2,47.1,1316.0,4.0,9.95,145.0,48.0,921.1906136034733,7.794281753595564,1.45,0.9045226130653268,3.310344827586207
2024-07-01 11:00:00,11,56,3,15,35,3,0,10,39,3,42,3,48.1,928.5,4.0,9.95,140.0,46.5,936.8089204052098,7.988119167264897,1.4,1.0050251256281408,3.321428571428572
2024-07-01 12:00:00,12,55,2,13,38,2,0,10,37,4,41,4,49.1,369.0,4.0,9.95,137.5,45.0,927.7722272069464,7.78917313841937,1.375,1.0050251256281408,3.272727272727273
2024-07-01 13:00:00,13,57,2,14,39,2,0,6,37,4,41,4,50.1,429.0,4.0,9.95,142.5,46.75,937.7022272069464,6.6533126157101306,1.425,0.6030150753768845,3.280701754385965
2024-07-01 14:00:00,14,64,3,15,44,2,0,16,37,5,42,5,48.3,390.5,4.0,9.95,160.0,52.75,956.833534008683,10.576507537688444,1.6,1.6080402010050252,3.296875
2024-07-01 15:00:00,15,52,2,9,39,2,0,6,33,3,36,3,47.2,400.0,4.0,9.95,130.0,10.4375,842.7529204052098,6.111606107460379,1.3,0.6030150753768845,3.2115384615384617
2024-07-01 16:00:00,16,53,2,11,39,1,0,9,32,4,36,4,42.9,395.0,4.0,9.95,132.5,10.8125,821.5142272069464,7.277498340760406,1.325,0.9045226130653268,3.2641509433962264
2024-07-01 17:00:00,17,55,2,11,39,3,0,7,31,4,35,4,43.9,456.0,4.0,9.95,137.5,8.85,818.0442272069465,6.689047510278666,1.375,0.7035175879396985,3.2181818181818183
2024-07-01 18:00:00,18,54,4,10,39,1,0,9,33,5,38,5,44.9,509.5,4.0,9.95,135.0,22.375,862.607534008683,7.473324958123953,1.35,0.9045226130653268,3.314814814814815
2024-07-01 19:00:00,19,53,4,10,35,4,0,8,32,6,38,6,45.9,563.5,4.0,9.95,132.5,21.625,866.9708408104196,6.949442969564806,1.325,0.8040201005025126,3.2641509433962264
2024-07-01 20:00:00,20,60,4,13,35,8,0,14,34,6,40,6,46.9,534.0,4.0,10.02,150.0,48.25,914.4258408104196,9.319344644045245,1.5,1.3972055888223551,3.216666666666667
2024-07-01 21:00:00,21,65,3,14,42,6,0,13,36,4,40,4,47.9,576.5,4.0,10.02,162.5,52.25,929.0542272069464,9.396656686626748,1.625,1.2974051896207586,3.2153846153846155
2024-07-01 22:00:00,22,61,3,14,38,6,0,7,35,3,38,3,48.083333333333336,636.5,3.0,6.77,152.5,32.833333333333336,893.8399204052098,8.264225609608445,1.525,1.03397341211226,3.2295081967213117
2024-07-01 23:00:00,23,63,3,14,33,11,2,16,35,2,37,2,47.45,680.0,3.0,6.77,157.5,21.55555555555556,880.2896136034733,12.127672270286748,1.575,2.363367799113737,3.0793650793650795
2024-07-02 00:00:00,0,69,3,16,36,11,3,13,36,2,38,2,48.45,695.0,3.0,6.77,172.5,35.333333333333336,912.1996136034732,11.19985657097596,1.725,1.920236336779912,3.072463768115942
2024-07-02 01:00:00,1,68,3,14,39,8,4,10,36,2,38,2,49.45,755.0,3.0,6.77,170.0,34.666666666666664,915.6946136034732,9.718203145364496,1.7,1.4771048744460855,3.0588235294117645
2024-07-02 02:00:00,2,56,2,15,35,4,0,2,35,1,36,1,50.45,876.5,3.0,6.77,140.0,15.25,867.9263068017367,5.5403935429415485,1.4,0.2954209748892171,3.267857142857143
2024-07-02 03:00:00,3,48,2,14,30,2,0,2,35,0,35,0,51.45,953.0,3.0,6.77,120.0,10.666666666666666,842.138,4.984736582964057,1.2,0.2954209748892171,3.333333333333333
2024-07-02 04:00:00,4,48,2,13,32,1,0,4,38,0,38,0,52.45,935.0,3.0,6.77,120.0,26.666666666666668,887.978,5.969473165928115,1.2,0.5908419497784343,3.333333333333333
2024-07-02 05:00:00,5,48,2,13,32,1,0,3,36,0,36,0,53.45,1056.5,3.0,6.77,120.0,13.333333333333334,866.818,5.477104874446086,1.2,0.4431314623338257,3.333333333333333
2024-07-02 06:00:00,6,50,2,13,33,2,0,6,36,0,36,0,54.45,1116.5,3.0,6.77,125.0,13.75,876.748,7.049667651403249,1.25,0.8862629246676514,3.3
2024-07-02 07:00:00,7,57,2,14,36,5,0,10,38,0,38,0,55.45,1115.0,3.0,6.77,142.5,30.666666666666668,924.203,9.36819819119438,1.425,1.4771048744460855,3.2280701754385963
2024-07-02 08:00:00,8,52,2,15,33,2,0,3,38,0,38,0,56.45,1175.0,3.0,6.6,130.0,28.83333333333333,919.118,5.837237762237763,1.3,0.4545454545454546,3.326923076923077
2024-07-02 09:00:00,9,60,2,17,40,1,0,10,42,1,43,1,57.45,1107.0,3.0,6.6,150.0,66.66666666666667,1009.7863068017366,10.05050505050505,1.5,1.5151515151515151,3.333333333333333
2024-07-02 10:00:00,10,62,2,19,40,1,0,8,45,1,46,1,58.45,1121.5,4.0,9.94,155.0,52.0,1059.9163068017365,7.900071396118649,1.55,0.8048289738430584,3.3548387096774195
2024-07-02 11:00:00,11,63,2,20,38,2,1,11,43,1,44,1,59.45,983.5,4.0,9.94,157.5,52.25,1040.9013068017366,8.89623375171665,1.575,1.1066398390342054,3.3174603174603177
2024-07-02 12:00:00,12,62,2,22,36,1,1,10,42,1,43,1,48.266666666666666,947.0,4.0,9.94,155.0,52.25,962.2823068017368,8.616315635749984,1.55,1.006036217303823,3.370967741935484
2024-07-02 13:00:00,13,66,1,23,39,2,1,11,44,1,45,1,49.266666666666666,868.0,4.0,9.94,165.0,54.75,1003.3023068017368,9.147032193158957,1.65,1.1066398390342054,3.3181818181818183
2024-07-02 14:00:00,14,62,2,24,36,0,0,6,44,1,45,1,50.266666666666666,900.0,4.0,9.94,155.0,53.5,1000.3623068017366,7.433468553255015,1.55,0.6036217303822938,3.4516129032258065
2024-07-02 15:00:00,15,61,2,22,37,0,0,3,44,0,44,0,51.266666666666666,974.0,4.0,9.94,152.5,52.25,989.589,6.25907329221229,1.525,0.3018108651911469,3.4262295081967213
2024-07-02 16:00:00,16,58,2,23,33,0,0,8,43,1,44,1,52.266666666666666,1034.0,4.0,9.94,145.0,50.25,989.6623068017366,7.814148685214738,1.45,0.8048289738430584,3.4655172413793105
2024-07-02 17:00:00,17,64,2,24,36,2,0,10,48,1,49,1,53.266666666666666,813.0,4.0,9.94,160.0,54.5,1075.1723068017366,8.876810865191148,1.6,1.006036217303823,3.40625
2024-07-02 18:00:00,18,68,2,23,41,2,0,9,48,1,49,1,54.266666666666666,873.0,4.0,9.94,170.0,57.25,1089.3923068017366,8.774177417445852,1.7,0.9054325955734408,3.367647058823529
2024-07-02 19:00:00,19,70,2,23,44,1,0,6,47,1,48,1,55.266666666666666,1037.5,4.0,9.94,175.0,59.0,1085.9223068017366,7.935067548146018,1.75,0.6036217303822938,3.3714285714285714
2024-07-02 20:00:00,20,68,2,21,44,1,0,10,50,0,50,0,56.266666666666666,901.0,4.0,9.97,170.0,57.0,1113.204,9.063030267272406,1.7,1.003009027081244,3.3529411764705883
2024-07-02 21:00:00,21,63,2,18,42,1,0,6,51,0,51,0,50.13333333333333,841.0,4.0,9.97,157.5,52.5,1081.287,7.256018054162489,1.575,0.6018054162487463,3.333333333333333
2024-07-02 22:00:00,22,73,2,20,49,2,0,11,54,0,54,0,51.13333333333333,823.5,3.0,6.63,182.5,80.33333333333333,1148.577,11.502385896402815,1.825,1.6591251885369531,3.3013698630136985
2024-07-02 23:00:00,23,77,2,21,52,1,1,10,54,0,54,0,52.13333333333333,883.5,3.0,6.63,192.5,84.33333333333333,1162.797,11.28082848524025,1.925,1.5082956259426847,3.2857142857142856
2024-07-03 00:00:00,0,76,2,20,52,1,1,7,55,0,55,0,53.13333333333333,938.0,3.0,6.63,190.0,83.0,1179.692,9.68415694212908,1.9,1.0558069381598794,3.276315789473684
2024-07-03 01:00:00,1,76,2,21,52,0,1,3,55,1,56,1,54.13333333333333,987.0,3.0,6.63,190.0,83.66666666666667,1199.6003068017365,7.769403429387951,1.9,0.4524886877828054,3.3026315789473686
2024-07-03 02:00:00,2,70,2,19,47,1,1,3,54,1,55,1,55.13333333333333,1058.0,3.0,6.63,175.0,76.66666666666667,1178.9703068017366,7.236748545572075,1.75,0.4524886877828054,3.2857142857142856
2024-07-03 03:00:00,3,66,2,19,44,1,0,4,54,1,55,1,56.13333333333333,1118.0,3.0,6.63,165.0,73.33333333333333,1176.0303068017363,7.511060834590246,1.65,0.6033182503770739,3.333333333333333
2024-07-03 04:00:00,4,65,2,19,44,0,0,3,54,1,55,1,57.13333333333333,1178.0,3.0,6.63,162.5,72.66666666666667,1179.5253068017366,6.967577445179256,1.625,0.4524886877828054,3.353846153846154
2024-07-03 05:00:00,5,64,2,19,43,0,0,3,54,1,55,1,58.13333333333333,1238.0,3.0,6.63,160.0,71.66666666666667,1183.0203068017368,6.895079185520363,1.6,0.4524886877828054,3.359375
2024-07-03 06:00:00,6,63,2,20,41,0,0,1,54,1,55,1,59.13333333333333,1298.0,3.0,6.63,157.5,71.0,1186.5153068017366,5.834947568771097,1.575,0.1508295625942684,3.380952380952381
2024-07-03 07:00:00,7,67,2,22,43,0,0,6,57,1,58,1,60.13333333333333,1333.5,3.0,6.63,167.5,75.66666666666667,1240.9353068017367,8.741117376916323,1.675,0.9049773755656108,3.388059701492537
2024-07-03 08:00:00,8,69,2,20,47,0,0,5,57,2,59,2,61.13333333333333,1391.0,3.0,6.37,172.5,77.0,1265.1336136034731,8.402806975633062,1.725,0.7849293563579278,3.347826086956522
2024-07-03 09:00:00,9,73,2,20,51,0,0,7,59,2,61,2,62.13333333333333,1431.0,3.0,6.37,182.5,81.0,1306.153613603473,9.73298584976667,1.825,1.0989010989010988,3.328767123287671
2024-07-03 10:00:00,10,77,2,22,51,2,0,8,61,2,63,2,63.13333333333333,1483.0,4.0,10.07,192.5,63.75,1347.1736136034733,9.005934110576614,1.925,0.7944389275074478,3.311688311688312
2024-07-03 11:00:00,11,71,2,19,45,5,0,7,51,1,52,1,64.13333333333334,1479.0,4.0,10.07,177.5,57.75,1191.6753068017367,8.036633355245675,1.775,0.6951340615690169,3.2535211267605635
2024-07-03 12:00:00,12,60,2,16,38,4,0,6,47,1,48,1,50.56666666666667,1385.0,4.0,10.07,150.0,49.0,1037.9643068017367,6.846375372393246,1.5,0.5958291956305859,3.2666666666666666
2024-07-03 13:00:00,13,60,1,16,40,3,0,7,46,0,46,0,51.56666666666667,1324.0,4.0,10.07,150.0,48.75,1015.936,7.134185700099305,1.5,0.6951340615690169,3.25
2024-07-03 14:00:00,14,64,1,16,44,3,0,9,48,1,49,1,52.56666666666667,1244.0,4.0,10.07,160.0,51.75,1071.2243068017365,8.065702581926516,1.6,0.8937437934458788,3.234375
2024-07-03 15:00:00,15,58,1,14,41,2,0,9,41,1,42,1,53.56666666666667,1069.0,4.0,10.07,145.0,47.0,970.1943068017366,7.596962640824572,1.45,0.8937437934458788,3.2413793103448274
2024-07-03 16:00:00,16,57,1,14,41,1,0,7,40,1,41,1,41.46666666666667,1031.0,4.0,10.07,142.5,46.5,886.4053068017365,6.918332200909423,1.425,0.6951340615690169,3.263157894736842
2024-07-03 17:00:00,17,62,1,17,43,1,0,10,43,1,44,1,42.46666666666667,837.5,4.0,10.07,155.0,51.0,942.9703068017366,8.3674504276516,1.55,0.9930486593843098,3.290322580645161
2024-07-03 18:00:00,18,68,1,17,49,1,0,13,45,1,46,1,43.46666666666667,690.5,4.0,10.07,170.0,55.5,988.2803068017364,9.764615339681056,1.7,1.2909632571996028,3.264705882352941
2024-07-03 19:00:00,19,64,2,19,41,2,0,6,44,2,46,2,44.46666666666667,750.5,4.0,10.07,160.0,53.25,986.2086136034732,7.307994041708045,1.6,0.5958291956305859,3.328125
2024-07-03 20:00:00,20,72,2,18,50,2,0,14,43,3,46,3,45.46666666666667,749.5,4.0,11.48,180.0,59.0,1009.8769204052098,9.89728997289973,1.8,1.2195121951219512,3.2777777777777777
2024-07-03 21:00:00,21,67,2,17,46,2,0,7,42,3,45,3,46.46666666666667,773.0,4.0,11.48,167.5,55.0,991.3919204052098,7.502184200946487,1.675,0.6097560975609756,3.283582089552239
2024-07-03 22:00:00,22,61,1,16,42,2,0,6,41,1,42,1,42.55,779.0,3.0,7.779999999999999,152.5,66.33333333333333,914.4953068017368,7.490908803573686,1.525,0.7712082262210798,3.262295081967213
2024-07-03 23:00:00,23,54,2,16,35,1,0,3,42,1,43,1,43.55,746.0,3.0,7.779999999999999,135.0,60.333333333333336,918.5203068017366,5.817487860611254,1.35,0.3856041131105399,3.351851851851852
2024-07-04 00:00:00,0,58,3,16,37,2,0,7,42,2,44,2,44.55,782.5,3.0,7.779999999999999,145.0,64.66666666666667,947.0086136034732,7.859484974736282,1.45,0.8997429305912598,3.3448275862068964
2024-07-04 01:00:00,1,57,3,16,36,2,0,2,42,2,44,2,45.55,842.5,3.0,7.779999999999999,142.5,63.66666666666666,950.5036136034732,5.636408018761558,1.425,0.2570694087403599,3.3508771929824563
2024-07-04 02:00:00,2,55,3,15,34,3,0,4,41,1,42,1,46.55,902.5,3.0,7.779999999999999,137.5,61.0,924.1853068017368,6.28568006543585,1.375,0.5141388174807199,3.327272727272727
2024-07-04 03:00:00,3,55,3,15,36,1,0,5,42,1,43,1,47.55,939.0,3.0,7.779999999999999,137.5,61.66666666666666,943.2253068017368,6.786720028043935,1.375,0.6426735218508998,3.363636363636364
2024-07-04 04:00:00,4,53,2,15,34,2,0,2,41,0,41,0,48.55,1046.0,3.0,7.779999999999999,132.5,58.66666666666666,916.907,5.2536644516661015,1.325,0.2570694087403599,3.320754716981132
2024-07-04 05:00:00,5,51,2,15,33,1,0,2,41,0,41,0,49.55,1106.0,3.0,7.779999999999999,127.5,57.0,918.257,5.136938605776501,1.275,0.2570694087403599,3.3529411764705883
2024-07-04 06:00:00,6,50,2,15,32,1,0,1,41,0,41,0,50.55,1166.0,3.0,7.779999999999999,125.0,56.0,921.752,4.631876606683805,1.25,0.1285347043701799,3.36
2024-07-04 07:00:00,7,52,2,14,35,1,0,5,44,0,44,0,51.55,1172.5,3.0,7.779999999999999,130.0,57.66666666666666,971.882,6.463125370773186,1.3,0.6426735218508998,3.326923076923077
2024-07-04 08:00:00,8,57,2,14,39,2,0,6,43,0,43,0,52.55,1239.0,3.0,6.59,142.5,62.333333333333336,974.847,7.661981870457631,1.425,0.9104704097116844,3.280701754385965
2024-07-04 09:00:00,9,57,3,16,37,1,0,7,43,1,44,1,48.266666666666666,1207.5,3.0,6.59,142.5,64.0,964.9573068017366,8.377988978516093,1.425,1.062215477996965,3.3684210526315788
2024-07-04 10:00:00,10,67,5,16,44,2,0,16,40,2,42,2,49.266666666666666,1259.5,4.0,9.63,167.5,56.25,966.1156136034732,11.204578741804996,1.675,1.6614745586708206,3.3582089552238807
2024-07-04 11:00:00,11,64,4,18,41,0,1,11,41,1,42,1,50.266666666666666,1215.0,4.0,9.63,160.0,54.0,964.4523068017364,9.255140186915888,1.6,1.142263759086189,3.375
2024-07-04 12:00:00,12,60,5,14,40,0,1,8,41,1,42,1,51.266666666666666,1191.0,4.0,9.63,150.0,50.5,961.5123068017368,7.846815507095882,1.5,0.8307372793354103,3.3666666666666667
2024-07-04 13:00:00,13,59,5,12,41,1,0,8,38,1,39,1,52.266666666666666,1250.0,4.0,9.63,147.5,49.5,924.8073068017368,7.737897988278157,1.475,0.8307372793354103,3.3559322033898304
2024-07-04 14:00:00,14,63,4,13,46,0,0,8,39,1,40,1,53.266666666666666,1299.0,4.0,9.63,157.5,52.5,952.4273068017366,8.019124264451367,1.575,0.8307372793354103,3.333333333333333
2024-07-04 15:00:00,15,62,4,14,44,0,0,6,39,2,41,2,54.266666666666666,1260.0,4.0,9.63,155.0,52.0,970.1906136034733,7.290242186714903,1.55,0.6230529595015577,3.3548387096774195
2024-07-04 16:00:00,16,57,4,14,39,0,0,6,39,2,41,2,55.266666666666666,1320.0,4.0,9.63,142.5,48.25,965.1056136034732,6.934635459364922,1.425,0.6230529595015577,3.3859649122807016
2024-07-04 17:00:00,17,57,4,15,37,1,0,5,40,2,42,2,56.266666666666666,1288.5,4.0,9.63,142.5,48.25,984.1456136034732,6.583029549470769,1.425,0.5192107995846315,3.3859649122807016
2024-07-04 18:00:00,18,58,4,15,38,1,0,12,40,5,45,5,57.266666666666666,1192.0,4.0,9.63,145.0,49.0,1034.735534008683,9.110978622838116,1.45,1.2461059190031154,3.3793103448275863
2024-07-04 19:00:00,19,61,5,14,40,2,0,5,41,4,45,4,58.266666666666666,1252.0,4.0,9.63,152.5,51.25,1045.9422272069464,6.86988875270245,1.525,0.5192107995846315,3.360655737704918
2024-07-04 20:00:00,20,57,5,12,39,1,0,6,40,2,42,2,59.266666666666666,1468.5,4.0,9.68,142.5,48.0,1001.0656136034733,6.887864288821227,1.425,0.6198347107438017,3.3684210526315788
2024-07-04 21:00:00,21,52,5,11,36,0,0,6,39,2,41,2,60.266666666666666,1620.0,4.0,9.68,130.0,44.25,982.5806136034732,6.534821996185633,1.3,0.6198347107438017,3.4038461538461537
2024-07-04 22:00:00,22,54,4,10,40,0,0,9,40,1,41,1,61.266666666666666,1680.0,3.0,6.64,135.0,60.0,991.6423068017366,9.018072289156628,1.35,1.355421686746988,3.333333333333333
2024-07-04 23:00:00,23,65,4,12,48,0,1,13,41,2,43,2,62.266666666666666,1557.0,3.0,6.64,162.5,71.0,1048.5456136034732,11.74066265060241,1.625,1.957831325301205,3.276923076923077
2024-07-05 00:00:00,0,67,4,13,49,0,1,8,42,2,44,2,63.266666666666666,1584.5,3.0,6.64,167.5,73.33333333333333,1071.875613603473,9.45612299946053,1.675,1.2048192771084338,3.283582089552239
2024-07-05 01:00:00,1,66,4,15,47,0,0,6,43,3,46,3,64.26666666666667,1470.5,3.0,6.64,165.0,73.66666666666667,1103.03892040521,8.550739320920044,1.65,0.9036144578313252,3.3484848484848486
2024-07-05 02:00:00,2,65,4,15,46,0,0,5,44,3,47,3,65.26666666666667,1389.0,3.0,6.64,162.5,72.66666666666667,1119.9339204052098,7.97548656163114,1.625,0.7530120481927711,3.353846153846154
2024-07-05 03:00:00,3,61,4,15,42,0,0,2,44,2,46,2,66.26666666666667,1590.5,3.0,6.64,152.5,68.66666666666667,1102.7256136034732,6.167183488050563,1.525,0.3012048192771084,3.377049180327869
2024-07-05 04:00:00,4,59,4,14,41,0,0,3,44,1,45,1,67.26666666666667,1792.0,3.0,6.64,147.5,66.33333333333333,1089.8073068017366,6.498892178885032,1.475,0.4518072289156626,3.3728813559322037
2024-07-05 05:00:00,5,61,4,14,43,0,0,3,44,1,45,1,68.26666666666667,1852.0,3.0,6.64,152.5,68.33333333333333,1099.7373068017366,6.643368556191981,1.525,0.4518072289156626,3.360655737704918
2024-07-05 06:00:00,6,61,4,14,43,0,0,4,45,1,46,1,69.26666666666667,1770.5,3.0,6.64,152.5,68.33333333333333,1118.7773068017366,7.149491408255974,1.525,0.6024096385542169,3.360655737704918
2024-07-05 07:00:00,7,60,4,15,41,0,0,2,46,1,47,1,70.26666666666667,1689.0,3.0,6.64,150.0,67.66666666666667,1135.6723068017368,6.094076305220884,1.5,0.3012048192771084,3.3833333333333333
2024-07-05 08:00:00,8,66,4,16,46,0,0,7,48,1,49,1,71.26666666666667,1541.0,3.0,6.6,165.0,74.0,1180.9823068017367,9.117493112947658,1.65,1.0606060606060606,3.363636363636364
2024-07-05 09:00:00,9,68,4,18,44,2,0,6,47,1,48,1,71.71666666666667,1450.0,3.0,6.6,170.0,76.0,1174.4103068017366,8.748128342245991,1.7,0.9090909090909092,3.3529411764705883
2024-07-05 10:00:00,10,71,4,18,45,3,1,10,49,0,49,0,72.71666666666667,1466.0,4.0,9.93,177.5,58.5,1199.017,9.169007701799922,1.775,1.0070493454179257,3.295774647887324
2024-07-05 11:00:00,11,67,5,16,42,4,0,9,46,0,46,0,73.71666666666667,1505.5,4.0,9.93,167.5,55.75,1155.877,8.591638860080263,1.675,0.9063444108761328,3.328358208955224
2024-07-05 12:00:00,12,61,6,14,38,2,1,7,44,0,44,0,72.65,1391.0,4.0,9.93,152.5,51.25,1110.191,7.494042312581513,1.525,0.7049345417925479,3.360655737704918
2024-07-05 13:00:00,13,62,6,11,40,5,0,9,41,1,42,1,73.65,1368.5,4.0,9.93,155.0,51.0,1092.0443068017366,8.082165480947276,1.55,0.9063444108761328,3.290322580645161
2024-07-05 14:00:00,14,57,4,7,39,7,0,7,34,1,35,1,73.26666666666667,1228.0,4.0,9.93,142.5,8.95,985.3573068017364,6.688741806681862,1.425,0.7049345417925479,3.1403508771929824
2024-07-05 15:00:00,15,55,4,6,41,4,0,10,30,1,31,1,65.83333333333333,958.0,4.0,9.93,137.5,4.861111111111111,885.5433068017365,7.579247917238854,1.375,1.0070493454179257,3.1818181818181817
2024-07-05 16:00:00,16,43,3,5,35,0,0,4,25,1,26,1,66.83333333333333,898.5,4.0,9.93,107.5,2.5,798.4433068017365,4.811506124265206,1.075,0.4028197381671702,3.255813953488372
2024-07-05 17:00:00,17,48,3,6,38,1,0,8,28,1,29,1,67.83333333333333,695.0,4.0,9.93,120.0,3.522727272727273,855.0083068017366,6.47654414232964,1.2,0.8056394763343404,3.2291666666666665
2024-07-05 18:00:00,18,44,3,6,34,1,0,4,28,0,28,0,68.83333333333333,879.5,4.0,9.93,110.0,2.9791666666666665,837.8,4.884164149043303,1.1,0.4028197381671702,3.25
2024-07-05 19:00:00,19,45,3,8,31,3,0,6,31,0,31,0,69.83333333333333,758.0,4.0,9.93,112.5,4.055555555555555,885.785,5.610389392413561,1.125,0.6042296072507553,3.2444444444444445
2024-07-05 20:00:00,20,42,3,7,28,4,0,6,31,0,31,0,70.83333333333333,754.0,4.0,11.11,105.0,3.75,884.99,5.110887874501736,1.05,0.54005400540054,3.2142857142857144
2024-07-05 21:00:00,21,44,3,7,31,2,1,7,32,0,32,0,71.83333333333333,787.0,4.0,11.11,110.0,4.40625,908.32,5.544065542917928,1.1,0.6300630063006301,3.2045454545454546
2024-07-05 22:00:00,22,44,3,7,32,2,0,9,33,1,34,1,72.83333333333333,797.5,3.0,7.779999999999999,110.0,7.944444444444445,941.6283068017366,7.334640102827764,1.1,1.1568123393316196,3.25
2024-07-05 23:00:00,23,44,3,7,32,2,0,7,33,1,34,1,73.83333333333333,857.5,3.0,7.779999999999999,110.0,7.944444444444445,947.2683068017366,6.4991645244215945,1.1,0.8997429305912598,3.25
2024-07-06 00:00:00,0,45,4,7,30,3,1,6,34,1,35,1,74.83333333333333,895.0,3.0,7.779999999999999,112.5,9.666666666666666,968.4533068017364,6.110004284490146,1.125,0.7712082262210798,3.2222222222222223
2024-07-06 01:00:00,1,45,4,8,29,4,0,6,34,2,36,2,75.83333333333333,928.0,3.0,7.779999999999999,112.5,12.25,988.3616136034732,6.194280205655527,1.125,0.7712082262210798,3.2666666666666666
2024-07-06 02:00:00,2,42,4,8,27,3,0,1,34,1,35,1,76.83333333333333,1015.0,3.0,7.779999999999999,105.0,9.266666666666667,973.2983068017364,3.900388664463214,1.05,0.1285347043701799,3.3095238095238093
2024-07-06 03:00:00,3,41,4,8,27,2,0,1,34,1,35,1,77.83333333333333,1075.0,3.0,7.779999999999999,102.5,9.133333333333333,976.7933068017368,3.854494012163771,1.025,0.1285347043701799,3.341463414634146
2024-07-06 04:00:00,4,45,4,8,31,2,0,4,35,1,36,1,78.83333333333333,1108.0,3.0,7.779999999999999,112.5,12.416666666666666,1004.4133068017366,5.427370751213939,1.125,0.5141388174807199,3.311111111111111
2024-07-06 05:00:00,5,45,4,8,31,2,0,2,36,1,37,1,79.83333333333333,1141.0,3.0,7.779999999999999,112.5,16.555555555555557,1023.4533068017364,4.576185375606969,1.125,0.2570694087403599,3.311111111111111
2024-07-06 06:00:00,6,43,4,8,29,2,0,0,36,1,37,1,80.83333333333333,1201.0,3.0,7.779999999999999,107.5,15.88888888888889,1024.8033068017364,3.575,1.075,0.0,3.3255813953488373
2024-07-06 07:00:00,7,46,4,8,30,4,0,7,36,0,36,0,81.83333333333333,1288.0,3.0,7.779999999999999,115.0,12.5,1022.61,6.683944338884542,1.15,0.8997429305912598,3.260869565217391
2024-07-06 08:00:00,8,47,4,9,30,4,0,4,36,0,36,0,82.83333333333333,1348.0,3.0,6.4,117.5,12.833333333333334,1030.395,5.897872340425532,1.175,0.625,3.276595744680851
2024-07-06 09:00:00,9,48,3,7,35,3,0,8,33,0,33,0,83.83333333333333,1381.0,3.0,6.4,120.0,7.333333333333333,997.98,7.8604166666666675,1.2,1.25,3.208333333333333
2024-07-06 10:00:00,10,48,3,8,34,3,0,8,34,1,35,1,84.83333333333333,1370.0,4.0,10.1,120.0,7.75,1031.2883068017366,6.432755775577557,1.2,0.792079207920792,3.2291666666666665
2024-07-06 11:00:00,11,46,3,7,33,3,0,8,28,2,30,2,85.83333333333333,1326.5,4.0,10.1,115.0,3.7,966.5066136034732,6.248428755919069,1.15,0.792079207920792,3.217391304347826
2024-07-06 12:00:00,12,38,3,7,25,3,0,12,22,2,24,2,86.83333333333333,1047.0,4.0,10.1,95.0,1.9375,874.5866136034732,6.977019280875454,0.95,1.1881188118811878,3.263157894736842
2024-07-06 13:00:00,13,33,3,5,23,2,0,4,19,2,21,2,35.733333333333334,992.0,4.0,10.1,82.5,1.4210526315789471,535.4576136034732,3.996129612961296,0.825,0.396039603960396,3.272727272727273
2024-07-06 14:00:00,14,26,1,4,19,2,0,6,16,1,17,1,28.016666666666666,270.0,4.0,10.1,65.0,0.8913043478260869,422.4523068017367,3.9235719725818736,0.65,0.5940594059405939,3.1538461538461537
2024-07-06 15:00:00,15,30,1,4,24,1,0,14,16,1,17,1,27.83333333333333,203.0,4.0,10.1,75.0,1.0326086956521738,429.9983068017366,6.764438943894389,0.75,1.386138613861386,3.1666666666666665
2024-07-06 16:00:00,16,33,1,4,27,1,0,13,18,1,19,1,28.83333333333333,141.0,4.0,10.1,82.5,1.238095238095238,468.8733068017366,6.656405640564055,0.825,1.287128712871287,3.1515151515151514
2024-07-06 17:00:00,17,32,2,3,25,2,0,6,20,2,22,2,29.83333333333333,156.0,4.0,10.1,80.0,1.4027777777777777,513.4366136034732,4.4,0.8,0.5940594059405939,3.15625
2024-07-06 18:00:00,18,35,2,3,23,7,0,11,20,2,22,2,30.83333333333333,216.0,4.0,10.1,87.5,1.4583333333333333,525.5116136034733,5.892326732673267,0.875,1.089108910891089,3.0
2024-07-06 19:00:00,19,36,2,4,28,2,0,13,21,2,23,2,31.83333333333333,248.0,4.0,10.1,90.0,1.6764705882352942,546.6966136034732,6.925907590759075,0.9,1.287128712871287,3.1666666666666665
2024-07-06 20:00:00,20,39,2,4,30,3,0,7,22,3,25,3,32.833333333333336,289.0,4.0,11.48,97.5,2.033333333333333,586.4399204052099,4.957442151344591,0.975,0.6097560975609756,3.128205128205128
2024-07-06 21:00:00,21,39,2,3,28,6,0,8,22,2,24,2,33.833333333333336,358.5,4.0,11.48,97.5,1.84375,577.8116136034732,5.058460645046011,0.975,0.6968641114982578,3.025641025641025
2024-07-06 22:00:00,22,40,2,3,31,4,0,9,22,2,24,2,34.833333333333336,418.5,3.0,7.78,100.0,2.5625,585.5966136034733,6.632197943444729,1.0,1.1568123393316194,3.075
2024-07-06 23:00:00,23,40,2,3,33,2,0,9,21,2,23,2,35.833333333333336,488.0,3.0,7.78,100.0,2.450980392156863,577.8366136034732,6.74003856041131,1.0,1.1568123393316194,3.125
2024-07-07 00:00:00,0,36,1,4,28,2,1,7,21,2,23,2,36.833333333333336,548.0,3.0,7.78,90.0,2.156862745098039,574.8966136034733,5.49921451013996,0.9,0.8997429305912596,3.055555555555556
2024-07-07 01:00:00,1,37,1,5,29,1,1,8,21,2,23,2,37.833333333333336,608.0,3.0,7.78,92.5,2.2549019607843137,582.6816136034732,6.07099805460988,0.925,1.0282776349614395,3.108108108108108
2024-07-07 02:00:00,2,37,2,6,29,0,0,4,22,3,25,3,38.833333333333336,649.0,3.0,7.78,92.5,2.688888888888889,615.9899204052099,4.706372889599111,0.925,0.5141388174807198,3.27027027027027
2024-07-07 03:00:00,3,33,1,5,27,0,0,5,21,2,23,2,39.833333333333336,728.0,3.0,7.78,82.5,2.07843137254902,585.3816136034732,4.714345252005921,0.825,0.6426735218508998,3.212121212121212
2024-07-07 04:00:00,4,34,1,4,28,1,0,7,22,1,23,1,40.833333333333336,788.0,3.0,7.78,85.0,2.0980392156862746,592.2983068017365,5.506543928625434,0.85,0.8997429305912596,3.147058823529412
2024-07-07 05:00:00,5,30,1,4,25,0,0,4,21,0,21,0,41.833333333333336,867.0,3.0,7.78,75.0,1.6842105263157894,561.69,4.045244215938303,0.75,0.5141388174807198,3.2
2024-07-07 06:00:00,6,26,1,4,21,0,0,1,21,0,21,0,42.833333333333336,927.0,3.0,7.78,65.0,1.4736842105263157,558.75,2.515265967965197,0.65,0.1285347043701799,3.230769230769231
2024-07-07 07:00:00,7,32,1,3,27,1,0,9,21,0,21,0,43.833333333333336,987.0,3.0,7.78,80.0,1.7543859649122806,577.26,6.11503856041131,0.8,1.1568123393316194,3.125
2024-07-07 08:00:00,8,37,1,3,33,0,0,8,21,1,22,1,44.833333333333336,1037.5,3.0,7.73,92.5,2.1481481481481484,607.8933068017366,6.144641795741408,0.925,1.034928848641656,3.135135135135135
2024-07-07 09:00:00,9,43,1,3,38,1,0,11,23,1,24,1,45.833333333333336,1078.5,3.0,7.73,107.5,2.770833333333333,653.2033068017366,7.726456120821926,1.075,1.4230271668822767,3.0930232558139537
2024-07-07 10:00:00,10,42,1,4,37,0,0,8,24,2,26,2,46.833333333333336,1123.5,4.0,10.98,105.0,2.357142857142857,684.3666136034733,5.589877699713765,1.05,0.7285974499089253,3.142857142857143
2024-07-07 11:00:00,11,48,1,9,37,1,0,17,27,2,29,2,47.833333333333336,1113.0,4.0,10.98,120.0,3.5,743.0766136034732,8.817364905889496,1.2,1.5482695810564662,3.208333333333333
2024-07-07 12:00:00,12,51,1,11,37,2,0,12,27,2,29,2,48.833333333333336,1065.0,4.0,10.98,127.5,3.727272727272727,755.1516136034733,7.614411228972463,1.275,1.092896174863388,3.215686274509804
2024-07-07 13:00:00,13,56,1,11,39,5,0,15,26,3,29,3,49.833333333333336,1085.0,4.0,10.98,140.0,4.0,772.3849204052099,8.693520686963309,1.4,1.366120218579235,3.142857142857143
2024-07-07 14:00:00,14,59,1,13,42,2,1,18,30,3,33,3,50.833333333333336,362.0,4.0,10.98,147.5,6.714285714285714,838.0599204052098,9.92367324256738,1.475,1.639344262295082,3.1864406779661016
2024-07-07 15:00:00,15,64,1,14,46,3,0,12,33,3,36,3,51.833333333333336,366.5,4.0,10.98,160.0,12.8125,894.6249204052099,8.625683060109289,1.6,1.092896174863388,3.203125
2024-07-07 16:00:00,16,61,1,13,43,3,1,12,33,3,36,3,52.833333333333336,392.0,4.0,10.98,152.5,12.0625,893.8299204052099,8.282851831944818,1.525,1.092896174863388,3.1639344262295084
2024-07-07 17:00:00,17,59,2,11,40,6,0,10,34,3,37,3,53.833333333333336,416.0,4.0,10.98,147.5,15.5,908.57992040521,7.521167917013986,1.475,0.9107468123861566,3.152542372881356
2024-07-07 18:00:00,18,61,2,10,43,5,1,12,35,3,38,3,54.833333333333336,467.0,4.0,10.98,152.5,23.75,931.9099204052098,8.154102839738421,1.525,1.092896174863388,3.114754098360656
2024-07-07 19:00:00,19,65,3,10,44,7,1,15,37,4,41,4,55.833333333333336,501.0,4.0,10.98,162.5,50.5,987.1982272069464,9.295481294661624,1.625,1.366120218579235,3.107692307692308
2024-07-07 20:00:00,20,71,3,10,48,9,1,15,38,4,42,4,56.833333333333336,553.5,4.0,11.13,177.5,54.5,1019.1082272069466,9.588035761740253,1.775,1.3477088948787062,3.0704225352112675
2024-07-07 21:00:00,21,73,2,10,46,14,1,12,37,3,40,3,57.833333333333336,613.5,4.0,11.13,182.5,54.25,1001.3699204052098,8.629962522615662,1.825,1.0781671159029649,2.9726027397260277
2024-07-07 22:00:00,22,67,2,9,47,9,0,12,37,2,39,2,58.833333333333336,666.0,3.0,7.880000000000001,167.5,68.33333333333333,979.8716136034732,9.784443897264945,1.675,1.5228426395939083,3.0597014925373136
2024-07-07 23:00:00,23,63,2,9,46,6,0,7,37,2,39,2,59.833333333333336,726.0,3.0,7.880000000000001,157.5,65.33333333333333,976.9316136034732,7.663677382966723,1.575,0.8883248730964466,3.111111111111111
2024-07-08 00:00:00,0,57,2,10,42,3,0,7,37,2,39,2,60.833333333333336,786.0,3.0,7.880000000000001,142.5,60.66666666666666,969.7016136034732,7.386405735150057,1.425,0.8883248730964466,3.192982456140351
2024-07-08 01:00:00,1,51,2,10,37,2,0,3,37,2,39,2,61.833333333333336,846.0,3.0,7.880000000000001,127.5,55.0,962.4716136034732,5.356710958495072,1.275,0.3807106598984771,3.235294117647059
2024-07-08 02:00:00,2,51,2,9,37,3,0,3,37,2,39,2,62.833333333333336,906.0,3.0,7.880000000000001,127.5,54.333333333333336,968.1116136034732,5.291781128695133,1.275,0.3807106598984771,3.196078431372549
2024-07-08 03:00:00,3,50,2,9,37,2,0,5,37,0,37,0,63.833333333333336,981.0,3.0,7.880000000000001,125.0,17.88888888888889,943.07,6.068147208121827,1.25,0.6345177664974618,3.22
2024-07-08 04:00:00,4,50,2,9,37,2,0,2,37,0,37,0,64.83333333333333,1041.0,3.0,7.880000000000001,125.0,17.88888888888889,948.71,4.842258883248731,1.25,0.2538071065989847,3.22
2024-07-08 05:00:00,5,50,2,10,36,2,0,4,38,0,38,0,65.83333333333333,1093.5,3.0,7.880000000000001,125.0,27.0,967.75,5.694670050761421,1.25,0.5076142131979695,3.24
2024-07-08 06:00:00,6,53,2,11,37,2,1,4,38,0,38,0,66.83333333333333,1153.5,3.0,7.880000000000001,132.5,28.33333333333333,979.825,5.878196532899148,1.325,0.5076142131979695,3.207547169811321
2024-07-08 07:00:00,7,53,2,12,36,3,0,3,38,0,38,0,67.83333333333333,1213.5,3.0,7.880000000000001,132.5,28.666666666666668,985.465,5.5355138396705295,1.325,0.3807106598984771,3.2452830188679247
2024-07-08 08:00:00,8,53,2,13,34,4,0,5,38,0,38,0,68.83333333333333,1273.5,3.0,7.68,132.5,28.666666666666668,991.105,6.412814465408806,1.325,0.6510416666666667,3.2452830188679247
2024-07-08 09:00:00,9,57,2,13,38,4,0,9,37,0,37,0,47.5,1269.0,3.0,7.68,142.5,20.444444444444443,865.965,8.382894736842104,1.425,1.171875,3.2280701754385963
2024-07-08 10:00:00,10,67,2,12,50,3,0,15,38,0,38,0,48.5,1311.0,4.0,10.93,167.5,26.75,906.455,9.73338954814218,1.675,1.372369624885636,3.194029850746269
2024-07-08 11:00:00,11,72,3,11,55,3,0,16,42,3,45,3,49.5,1302.0,4.0,10.93,180.0,57.5,1019.2249204052098,10.426222425536242,1.8,1.463860933211345,3.1944444444444446
2024-07-08 12:00:00,12,68,3,10,52,3,0,7,42,3,45,3,49.333333333333336,1324.0,4.0,10.93,170.0,54.25,1009.7049204052098,7.468754372746354,1.7,0.6404391582799634,3.1911764705882355
2024-07-08 13:00:00,13,66,3,9,50,4,0,8,39,4,43,4,50.333333333333336,1342.0,4.0,10.93,165.0,52.25,985.1232272069464,7.542779810917962,1.65,0.7319304666056725,3.1666666666666665
2024-07-08 14:00:00,14,63,2,9,48,4,0,9,37,2,39,2,51.333333333333336,1376.0,4.0,10.93,157.5,49.5,928.9916136034732,7.537897006927199,1.575,0.8234217749313816,3.142857142857143
2024-07-08 15:00:00,15,59,1,10,45,3,0,6,35,2,37,2,49.35,1340.0,4.0,10.93,147.5,15.5,882.4256136034733,6.380581357482903,1.475,0.5489478499542544,3.152542372881356
2024-07-08 16:00:00,16,60,1,11,46,2,0,8,36,3,39,3,50.35,1235.0,4.0,10.93,150.0,47.75,917.8789204052098,7.104978652028057,1.5,0.7319304666056725,3.183333333333333
2024-07-08 17:00:00,17,59,1,10,45,3,0,7,37,3,40,3,51.35,1246.5,4.0,10.93,147.5,46.5,934.7739204052098,6.669011583730055,1.475,0.6404391582799634,3.152542372881356
2024-07-08 18:00:00,18,62,1,11,46,4,0,9,37,4,41,4,52.35,656.0,4.0,10.93,155.0,48.75,961.1172272069464,7.464794292122894,1.55,0.8234217749313816,3.1451612903225805
2024-07-08 19:00:00,19,61,1,12,46,2,0,4,38,4,42,4,50.55,624.5,4.0,10.93,152.5,48.75,962.2202272069466,6.044888860558247,1.525,0.3659652333028362,3.19672131147541
2024-07-08 20:00:00,20,63,1,13,46,3,0,5,38,4,42,4,51.55,684.5,4.0,10.53,157.5,50.25,972.1502272069464,6.539945959390403,1.575,0.4748338081671414,3.1904761904761907
2024-07-08 21:00:00,21,69,1,15,51,2,0,10,40,4,44,4,52.55,709.0,4.0,10.53,172.5,55.5,1017.4602272069465,8.60545233081465,1.725,0.9496676163342828,3.217391304347826
2024-07-08 22:00:00,22,67,0,14,51,2,0,6,40,4,44,4,53.55,743.5,3.0,7.28,167.5,71.0,1018.8102272069464,7.945141052976874,1.675,0.8241758241758241,3.1791044776119404
2024-07-08 23:00:00,23,73,1,14,55,3,0,14,41,2,43,2,54.55,813.0,3.0,7.28,182.5,77.33333333333333,1022.1836136034732,11.911696522655424,1.825,1.923076923076923,3.1780821917808217
2024-07-09 00:00:00,0,69,1,14,52,2,0,5,41,2,43,2,55.55,873.0,3.0,7.28,172.5,73.66666666666667,1019.2436136034732,7.724792960662525,1.725,0.6868131868131868,3.2028985507246377
2024-07-09 01:00:00,1,67,1,14,48,4,0,7,42,2,44,2,56.55,923.5,3.0,7.28,167.5,71.0,1033.9936136034732,8.38183122847302,1.675,0.9615384615384616,3.1791044776119404
2024-07-09 02:00:00,2,65,1,16,46,2,0,5,43,2,45,2,57.55,974.0,3.0,7.28,162.5,70.33333333333333,1048.743613603473,7.504501267962807,1.625,0.6868131868131868,3.246153846153846
2024-07-09 03:00:00,3,67,2,15,49,1,0,5,43,2,45,2,58.55,1034.0,3.0,7.28,167.5,73.0,1058.6736136034733,7.719956536001312,1.675,0.6868131868131868,3.2686567164179103
2024-07-09 04:00:00,4,64,2,14,47,1,0,2,43,2,45,2,59.55,1094.0,3.0,7.28,160.0,69.66666666666667,1057.8786136034732,6.122149725274725,1.6,0.2747252747252747,3.265625
2024-07-09 05:00:00,5,66,2,14,49,1,0,3,44,2,46,2,60.55,1137.0,3.0,7.28,165.0,71.66666666666667,1081.2086136034732,6.717407592407592,1.65,0.412087912087912,3.257575757575758
2024-07-09 06:00:00,6,69,2,16,48,3,0,5,44,1,45,1,61.55,1214.0,3.0,7.28,172.5,74.66666666666667,1079.0153068017366,7.829654403567447,1.725,0.6868131868131868,3.246376811594203
2024-07-09 07:00:00,7,64,2,15,45,2,0,2,44,1,45,1,62.55,1274.0,3.0,7.28,160.0,69.66666666666667,1073.9303068017366,6.122149725274725,1.6,0.2747252747252747,3.265625
2024-07-09 08:00:00,8,61,2,14,44,1,0,1,44,1,45,1,63.55,1334.0,3.0,6.72,152.5,66.66666666666667,1073.1353068017363,5.487900078064012,1.525,0.1488095238095238,3.278688524590164
2024-07-09 09:00:00,9,68,1,13,51,3,0,9,43,1,44,1,64.55,1403.5,3.0,6.72,170.0,72.0,1080.3903068017366,9.65420168067227,1.7,1.3392857142857144,3.176470588235294
2024-07-09 10:00:00,10,68,1,13,51,3,0,6,42,1,43,1,65.55,1454.0,4.0,9.76,170.0,54.0,1072.6303068017369,7.35274831243973,1.7,0.6147540983606558,3.176470588235294
2024-07-09 11:00:00,11,64,1,14,46,3,0,5,41,1,42,1,66.55,1478.5,4.0,9.76,160.0,51.25,1056.2903068017367,6.765945184426229,1.6,0.5122950819672131,3.203125
2024-07-09 12:00:00,12,65,1,14,47,3,0,8,40,1,41,1,67.55,1531.0,4.0,9.76,162.5,52.0,1050.6753068017365,7.822950819672132,1.625,0.819672131147541,3.2
2024-07-09 13:00:00,13,60,1,13,43,3,0,6,39,1,40,1,52.18333333333333,1289.0,4.0,9.76,150.0,48.0,939.8823068017366,6.767213114754099,1.5,0.6147540983606558,3.2
2024-07-09 14:00:00,14,59,1,12,44,2,0,6,38,1,39,1,51.1,1323.0,4.0,9.76,147.5,47.25,918.2273068017366,6.694297026951931,1.475,0.6147540983606558,3.2033898305084745
2024-07-09 15:00:00,15,54,1,11,40,2,0,4,36,1,37,1,50.61666666666667,1357.0,4.0,9.76,135.0,14.416666666666666,877.9763068017367,5.637993321190043,1.35,0.4098360655737705,3.203703703703704
2024-07-09 16:00:00,16,54,1,11,40,2,0,6,37,2,39,2,51.61666666666667,1332.0,4.0,9.76,135.0,43.25,911.2846136034732,6.294489981785064,1.35,0.6147540983606558,3.203703703703704
2024-07-09 17:00:00,17,58,1,11,42,4,0,10,37,3,40,3,52.61666666666667,1366.0,4.0,9.76,145.0,45.75,939.7729204052098,7.807758620689655,1.45,1.024590163934426,3.155172413793104
2024-07-09 18:00:00,18,49,1,12,34,2,0,2,37,2,39,2,53.61666666666667,1452.0,4.0,9.76,122.5,39.75,911.8396136034733,4.6399381063900975,1.225,0.2049180327868852,3.2448979591836733
2024-07-09 19:00:00,19,50,1,11,36,2,0,8,35,2,37,2,54.61666666666667,1460.0,4.0,9.76,125.0,13.416666666666666,892.8246136034733,6.664344262295082,1.25,0.819672131147541,3.22
2024-07-09 20:00:00,20,56,2,12,39,3,0,8,37,2,39,2,55.61666666666667,1428.0,4.0,10.920000000000002,140.0,45.25,938.1346136034732,6.89287022501308,1.4,0.7326007326007324,3.232142857142857
2024-07-09 21:00:00,21,65,2,12,45,6,0,11,38,3,41,3,56.61666666666667,1409.0,4.0,10.920000000000002,162.5,51.25,990.7479204052098,8.30195125387433,1.625,1.007326007326007,3.1538461538461537
2024-07-09 22:00:00,22,61,1,12,46,2,0,9,37,4,41,4,57.61666666666667,1469.0,3.0,7.880000000000001,152.5,65.0,988.6762272069464,8.526077640009985,1.525,1.1421319796954317,3.19672131147541
2024-07-09 23:00:00,23,66,2,12,47,4,1,10,37,4,41,4,58.61666666666667,1529.0,3.0,7.880000000000001,165.0,69.33333333333333,1005.0412272069464,9.199384710044608,1.65,1.2690355329949237,3.1515151515151514
2024-07-10 00:00:00,0,60,2,12,43,3,0,12,38,4,42,4,59.61666666666667,1565.5,3.0,7.880000000000001,150.0,64.33333333333333,1011.2112272069464,9.723477157360405,1.5,1.5228426395939083,3.216666666666667
2024-07-10 01:00:00,1,62,2,12,44,4,0,8,39,4,43,4,60.61666666666667,1602.0,3.0,7.880000000000001,155.0,66.0,1034.5412272069466,8.192181103651548,1.55,1.015228426395939,3.193548387096774
2024-07-10 02:00:00,2,56,2,12,41,1,0,1,40,3,43,3,61.61666666666667,1662.0,3.0,7.880000000000001,140.0,61.0,1026.44292040521,4.989702683103698,1.4,0.1269035532994923,3.267857142857143
2024-07-10 03:00:00,3,54,2,12,39,1,0,3,40,3,43,3,62.61666666666667,1722.0,3.0,7.880000000000001,135.0,59.0,1027.7929204052098,5.672884940778341,1.35,0.3807106598984771,3.2777777777777777
2024-07-10 04:00:00,4,59,2,14,42,1,0,6,42,3,45,3,63.61666666666667,1776.0,3.0,7.880000000000001,147.5,64.66666666666667,1070.9579204052095,7.353656543061172,1.475,0.7614213197969543,3.288135593220339
2024-07-10 05:00:00,5,61,2,14,44,1,0,3,42,3,45,3,64.61666666666666,1836.0,3.0,7.880000000000001,152.5,66.66666666666667,1080.8879204052098,6.248231671798285,1.525,0.3807106598984771,3.278688524590164
2024-07-10 06:00:00,6,60,2,14,42,2,0,2,42,3,45,3,65.61666666666666,1896.0,3.0,7.880000000000001,150.0,65.33333333333333,1084.3829204052097,5.729103214890017,1.5,0.2538071065989847,3.2666666666666666
2024-07-10 07:00:00,7,56,2,13,39,2,0,1,42,3,45,3,66.61666666666666,1956.0,3.0,7.880000000000001,140.0,61.0,1081.44292040521,4.989702683103698,1.4,0.1269035532994923,3.267857142857143
2024-07-10 08:00:00,8,57,2,13,40,2,0,3,42,3,45,3,67.61666666666666,2016.0,3.0,6.69,142.5,62.0,1089.2279204052095,6.113299504366297,1.425,0.4484304932735426,3.263157894736842
2024-07-10 09:00:00,9,64,3,14,45,2,0,9,43,3,46,3,68.61666666666666,2026.5,3.0,6.69,160.0,70.0,1123.2829204052098,9.664237668161435,1.6,1.345291479820628,3.28125
2024-07-10 10:00:00,10,66,3,16,46,1,0,9,41,3,44,3,68.7,2086.5,4.0,10.39,165.0,54.75,1101.2429204052098,8.349267214979438,1.65,0.8662175168431183,3.3181818181818183
2024-07-10 11:00:00,11,66,4,20,41,1,0,9,39,3,42,3,69.7,2063.5,4.0,10.39,165.0,56.25,1080.08292040521,8.578014261965176,1.65,0.8662175168431183,3.409090909090909
2024-07-10 12:00:00,12,68,3,20,44,1,0,10,39,4,43,4,70.7,1554.0,4.0,10.39,170.0,57.25,1104.2812272069466,8.966238747664608,1.7,0.9624639076034648,3.367647058823529
2024-07-10 13:00:00,13,64,2,18,42,1,1,8,38,4,42,4,71.7,1502.5,4.0,10.39,160.0,52.75,1087.9412272069465,7.813498556304139,1.6,0.7699711260827719,3.296875
2024-07-10 14:00:00,14,58,2,13,39,3,1,7,34,4,38,4,72.7,1562.5,4.0,10.39,145.0,23.25,1027.1112272069463,6.810565530516743,1.45,0.6737247353224254,3.206896551724138
2024-07-10 15:00:00,15,48,2,12,33,1,0,6,30,4,34,4,53.55,1688.0,4.0,10.39,120.0,6.625,844.0552272069465,5.887897016361886,1.2,0.5774783445620789,3.3125
2024-07-10 16:00:00,16,51,2,11,37,1,0,9,32,4,36,4,54.55,1645.5,4.0,10.39,127.5,10.4375,882.9302272069465,7.011437751231387,1.275,0.8662175168431183,3.2745098039215685
2024-07-10 17:00:00,17,60,3,11,43,3,0,11,34,4,38,4,55.55,1674.0,4.0,10.39,150.0,24.25,934.6752272069464,8.273163298042991,1.5,1.0587102983638113,3.2333333333333334
2024-07-10 18:00:00,18,59,3,11,40,5,0,9,36,4,40,4,56.55,1662.0,4.0,10.39,147.5,47.25,964.9702272069464,7.499832384463549,1.475,0.8662175168431183,3.2033898305084745
2024-07-10 19:00:00,19,55,3,11,38,3,0,3,36,3,39,3,57.55,1664.0,4.0,10.39,137.5,44.75,947.7619204052098,5.414714760696474,1.375,0.2887391722810394,3.2545454545454544
2024-07-10 20:00:00,20,57,3,9,43,2,0,11,38,3,41,3,58.55,1655.0,4.0,10.48,142.5,46.0,984.4919204052098,7.988241596357304,1.425,1.049618320610687,3.2280701754385963
2024-07-10 21:00:00,21,56,2,8,44,2,0,6,38,2,40,2,59.55,1621.5,4.0,10.48,140.0,44.5,973.7186136034732,6.269792802617229,1.4,0.5725190839694656,3.1785714285714284
2024-07-10 22:00:00,22,58,2,9,45,2,0,9,39,1,40,1,60.55,1681.5,3.0,6.779999999999999,145.0,61.66666666666666,982.7803068017364,8.85905553860238,1.45,1.327433628318584,3.189655172413793
2024-07-10 23:00:00,23,65,2,10,47,6,0,13,40,1,41,1,61.55,1648.0,3.0,6.779999999999999,162.5,67.66666666666667,1016.8353068017364,11.063200589970505,1.625,1.9174041297935105,3.123076923076923
2024-07-11 00:00:00,0,58,2,10,42,4,0,5,42,1,43,1,62.55,1688.0,3.0,6.779999999999999,145.0,61.333333333333336,1034.2603068017363,6.939538195504019,1.45,0.7374631268436579,3.1724137931034484
2024-07-11 01:00:00,1,59,2,11,44,2,0,5,42,1,43,1,63.55,1748.0,3.0,6.779999999999999,147.5,63.333333333333336,1042.0453068017366,7.124881255937203,1.475,0.7374631268436579,3.2203389830508478
2024-07-11 02:00:00,2,58,2,11,43,2,0,5,42,1,43,1,64.55,1808.0,3.0,6.779999999999999,145.0,62.333333333333336,1045.5403068017365,7.052682839995931,1.45,0.7374631268436579,3.2241379310344827
2024-07-11 03:00:00,3,55,2,10,41,2,0,2,42,1,43,1,65.55,1868.0,3.0,6.779999999999999,137.5,59.0,1044.745306801737,5.374316170555109,1.375,0.2949852507374632,3.2181818181818183
2024-07-11 04:00:00,4,54,2,11,39,2,0,4,42,2,44,2,66.55,1827.0,3.0,6.779999999999999,135.0,58.333333333333336,1062.5086136034731,6.28694143996504,1.35,0.5899705014749264,3.240740740740741
2024-07-11 05:00:00,5,56,2,11,41,2,0,4,42,2,44,2,67.55,1887.0,3.0,6.779999999999999,140.0,60.333333333333336,1072.4386136034732,6.431868942267172,1.4,0.5899705014749264,3.232142857142857
2024-07-11 06:00:00,6,59,2,11,43,3,0,4,42,2,44,2,68.55,1947.0,3.0,6.779999999999999,147.5,63.0,1084.5136136034732,6.614905504724764,1.475,0.5899705014749264,3.2033898305084745
2024-07-11 07:00:00,7,52,2,11,37,2,0,3,42,1,43,1,69.55,2108.0,3.0,6.779999999999999,130.0,56.333333333333336,1060.870306801737,5.6630530973451325,1.3,0.4424778761061947,3.25
2024-07-11 08:00:00,8,55,2,11,40,2,0,3,42,1,43,1,70.55,2168.0,3.0,7.75,137.5,59.333333333333336,1072.9453068017367,5.702785923753666,1.375,0.3870967741935484,3.2363636363636363
2024-07-11 09:00:00,9,59,2,11,39,5,2,9,40,1,41,1,70.61666666666666,2026.0,3.0,7.75,147.5,61.0,1055.1013068017369,8.176968288682342,1.475,1.1612903225806452,3.101694915254237
2024-07-11 10:00:00,10,63,2,12,43,6,0,12,39,1,40,1,67.93333333333334,1770.5,4.0,11.11,157.5,49.75,1035.1473068017367,8.386769748403411,1.575,1.08010801080108,3.1587301587301586
2024-07-11 11:00:00,11,59,2,9,41,7,0,7,39,1,40,1,68.93333333333334,1451.5,4.0,11.11,147.5,45.75,1032.2073068017366,6.529263222932463,1.475,0.6300630063006301,3.101694915254237
2024-07-11 12:00:00,12,62,1,10,44,7,0,11,38,2,40,2,68.33333333333333,1240.0,4.0,11.11,155.0,47.75,1036.1266136034733,7.825143724049825,1.55,0.9900990099009902,3.0806451612903225
2024-07-11 13:00:00,13,58,1,9,42,5,1,7,39,1,40,1,69.33333333333333,1217.5,4.0,11.11,145.0,44.5,1032.3183068017363,6.383641640026072,1.45,0.6300630063006301,3.0689655172413794
2024-07-11 14:00:00,14,60,1,10,45,3,1,9,38,1,39,1,70.05,1071.0,4.0,11.11,150.0,46.75,1027.2503068017363,7.199752475247525,1.5,0.8100810081008101,3.1166666666666667
2024-07-11 15:00:00,15,60,1,10,46,2,1,6,39,1,40,1,71.05,1099.0,4.0,11.11,150.0,47.0,1046.2903068017367,6.392169216921692,1.5,0.54005400540054,3.1333333333333333
2024-07-11 16:00:00,16,53,2,9,40,2,0,2,38,0,38,0,72.05,1260.5,4.0,11.11,132.5,21.25,1009.2469999999998,4.827416232189257,1.325,0.18001800180018,3.207547169811321
2024-07-11 17:00:00,17,53,2,8,40,3,0,10,42,0,42,0,73.05,1101.0,4.0,11.11,132.5,42.0,1068.487,7.05311550022927,1.325,0.9000900090009001,3.169811320754717
2024-07-11 18:00:00,18,60,2,9,45,4,0,9,43,1,44,1,74.05,1136.0,4.0,11.11,150.0,47.25,1116.8103068017367,7.276755175517551,1.5,0.8100810081008101,3.15
2024-07-11 19:00:00,19,64,2,9,44,9,0,10,46,1,47,1,75.05,1160.0,4.0,11.11,160.0,49.0,1171.2303068017366,7.656525652565257,1.6,0.9000900090009001,3.0625
2024-07-11 20:00:00,20,72,3,11,49,9,0,11,47,2,49,2,76.05,1213.0,4.0,10.64,180.0,56.0,1221.6986136034732,8.816374269005848,1.8,1.033834586466165,3.111111111111111
2024-07-11 21:00:00,21,67,3,11,47,6,0,6,47,3,50,3,71.48333333333333,911.0,4.0,10.64,167.5,53.0,1199.4859204052098,7.08431152508136,1.675,0.5639097744360902,3.164179104477612
2024-07-11 22:00:00,22,67,2,12,49,4,0,8,46,2,48,2,72.48333333333333,971.0,3.0,7.28,167.5,71.0,1177.4576136034732,8.818521403969164,1.675,1.0989010989010988,3.1791044776119404
2024-07-11 23:00:00,23,73,2,13,53,5,0,11,47,2,49,2,73.48333333333333,837.0,3.0,7.28,182.5,77.0,1209.3676136034733,10.556348788198104,1.825,1.510989010989011,3.164383561643836
2024-07-12 00:00:00,0,78,2,12,55,8,1,11,47,2,49,2,74.48333333333333,897.0,3.0,7.28,195.0,80.0,1225.7326136034733,10.649196956889266,1.95,1.510989010989011,3.076923076923077
2024-07-12 01:00:00,1,71,2,13,49,6,1,3,47,2,49,2,75.48333333333333,957.0,3.0,7.28,177.5,74.0,1216.357613603473,6.838500232162203,1.775,0.412087912087912,3.126760563380281
2024-07-12 02:00:00,2,69,2,12,51,4,0,6,47,1,48,1,76.48333333333333,1211.0,3.0,7.28,172.5,73.0,1203.4393068017366,8.090862398471094,1.725,0.8241758241758241,3.1739130434782608
2024-07-12 03:00:00,3,64,2,12,49,1,0,4,47,1,48,1,77.48333333333333,1271.0,3.0,7.28,160.0,69.0,1198.3543068017366,6.95212912087912,1.6,0.5494505494505494,3.234375
2024-07-12 04:00:00,4,62,2,12,47,1,0,1,47,1,48,1,78.48333333333333,1331.0,3.0,7.28,155.0,67.0,1199.7043068017365,5.4703208082240335,1.55,0.1373626373626373,3.2419354838709675
2024-07-12 05:00:00,5,56,2,10,43,1,0,4,47,1,48,1,79.48333333333333,1391.0,3.0,7.28,140.0,60.333333333333336,1192.4743068017367,6.300902668759811,1.4,0.5494505494505494,3.232142857142857
2024-07-12 06:00:00,6,57,2,11,42,2,0,3,48,1,49,1,80.48333333333333,1257.0,3.0,7.28,142.5,61.333333333333336,1213.6593068017366,5.930248698669751,1.425,0.412087912087912,3.2280701754385963
2024-07-12 07:00:00,7,54,2,11,40,1,0,2,49,1,50,1,81.48333333333333,1315.5,3.0,7.28,135.0,58.66666666666666,1226.264306801737,5.295400895400896,1.35,0.2747252747252747,3.259259259259259
2024-07-12 08:00:00,8,59,2,11,44,2,0,6,49,1,50,1,82.48333333333333,1375.5,3.0,6.13,147.5,63.333333333333336,1242.629306801737,7.902044681615838,1.475,0.9787928221859706,3.2203389830508478
2024-07-12 09:00:00,9,59,2,11,45,1,0,5,47,1,48,1,83.48333333333333,1409.5,3.0,6.13,147.5,63.66666666666666,1221.4693068017368,7.41552865872204,1.475,0.8156606851549756,3.23728813559322
2024-07-12 10:00:00,10,61,2,9,47,3,0,11,43,1,44,1,84.48333333333333,1429.0,4.0,9.38,152.5,48.25,1177.7993068017367,8.535370862316055,1.525,1.1727078891257996,3.1639344262295084
2024-07-12 11:00:00,11,65,3,11,47,4,0,16,42,3,45,3,85.48333333333333,1322.0,4.0,9.38,162.5,52.0,1207.1559204052098,10.658422174840087,1.625,1.7057569296375268,3.2
2024-07-12 12:00:00,12,63,3,12,42,6,0,9,40,4,44,4,51.71666666666667,1159.5,4.0,9.38,157.5,50.25,999.8902272069464,8.086224489795919,1.575,0.9594882729211088,3.1904761904761907
2024-07-12 13:00:00,13,61,3,15,37,6,0,6,35,4,39,4,52.71666666666667,1206.0,4.0,9.38,152.5,49.5,934.2402272069464,7.026269705337482,1.525,0.6396588486140725,3.2459016393442623
2024-07-12 14:00:00,14,64,3,14,42,5,0,9,32,4,36,4,53.71666666666667,1243.5,4.0,9.38,160.0,12.9375,906.1152272069464,8.278344882729211,1.6,0.9594882729211088,3.234375
2024-07-12 15:00:00,15,65,2,14,44,5,0,10,31,4,35,4,47.86666666666667,1227.0,4.0,9.38,162.5,10.4,861.8662272069464,8.611513859275055,1.625,1.0660980810234544,3.2
2024-07-12 16:00:00,16,53,2,13,34,4,0,4,26,2,28,2,41.4,487.0,4.0,9.38,132.5,3.583333333333333,704.1176136034732,5.68391599951724,1.325,0.4264392324093817,3.2452830188679247
2024-07-12 17:00:00,17,47,2,10,32,3,0,7,28,2,30,2,42.4,413.5,4.0,9.38,117.5,3.8,723.6876136034732,6.213464591933947,1.175,0.746268656716418,3.234042553191489
2024-07-12 18:00:00,18,41,2,8,28,3,0,3,27,2,29,2,43.4,469.0,4.0,9.38,102.5,3.0,703.0576136034732,4.329694731915336,1.025,0.3198294243070362,3.2195121951219514
2024-07-12 19:00:00,19,38,1,7,27,3,0,4,26,1,27,1,44.4,538.0,4.0,9.38,95.0,2.3076923076923075,674.5943068017366,4.346650207608574,0.95,0.4264392324093817,3.1578947368421053
2024-07-12 20:00:00,20,40,1,6,27,6,0,8,27,0,27,0,45.4,598.0,4.0,10.58,100.0,2.3461538461538463,683.656,5.356238185255198,1.0,0.7561436672967864,3.05
2024-07-12 21:00:00,21,36,1,6,25,4,0,4,26,0,26,0,46.4,642.0,4.0,10.58,90.0,2.0,667.316,3.976223482461668,0.9,0.3780718336483932,3.111111111111111
2024-07-12 22:00:00,22,41,1,7,26,5,2,12,27,1,28,1,47.4,670.0,3.0,7.33,102.5,3.4166666666666665,711.3493068017365,7.9863233287858115,1.025,1.6371077762619373,3.0
2024-07-12 23:00:00,23,30,1,7,18,4,0,2,24,1,25,1,48.4,746.0,3.0,7.33,75.0,2.111111111111111,653.1943068017366,3.2390291041382446,0.75,0.2728512960436562,3.1666666666666665
2024-07-13 00:00:00,0,35,1,8,23,3,0,8,25,0,25,0,49.4,806.0,3.0,7.33,87.5,2.488888888888889,668.691,6.2924965893588,0.875,1.0914051841746248,3.2
2024-07-13 01:00:00,1,40,1,8,28,3,0,11,25,0,25,0,50.4,866.0,3.0,7.33,100.0,2.8222222222222224,685.056,7.939665757162346,1.0,1.500682128240109,3.175
2024-07-13 02:00:00,2,40,2,8,27,3,0,4,25,1,26,1,51.4,910.0,3.0,7.33,100.0,3.071428571428572,704.9643068017366,4.984890859481583,1.0,0.5457025920873124,3.225
2024-07-13 03:00:00,3,34,1,8,22,3,0,2,25,0,25,0,52.4,986.0,3.0,7.33,85.0,2.422222222222222,683.466,3.599729154963486,0.85,0.2728512960436562,3.2058823529411766
2024-07-13 04:00:00,4,34,1,8,21,4,0,1,25,0,25,0,53.4,1046.0,3.0,7.33,85.0,2.4,689.106,3.133352058422277,0.85,0.1364256480218281,3.176470588235294
2024-07-13 05:00:00,5,34,1,8,21,4,0,2,26,0,26,0,54.4,1090.0,3.0,7.33,85.0,2.571428571428572,708.146,3.5667041168445546,0.85,0.2728512960436562,3.176470588235294
2024-07-13 06:00:00,6,35,1,8,23,3,0,5,25,0,25,0,55.4,1166.0,3.0,7.33,87.5,2.488888888888889,702.531,4.98281036834925,0.875,0.6821282401091405,3.2
2024-07-13 07:00:00,7,38,1,9,25,3,0,8,25,0,25,0,56.4,1226.0,3.0,7.33,95.0,2.7111111111111112,714.606,6.553985064981691,0.95,1.0914051841746248,3.210526315789474
2024-07-13 08:00:00,8,40,1,11,25,3,0,4,25,0,25,0,57.4,1286.0,3.0,6.35,100.0,2.888888888888889,724.5360000000001,5.297244094488189,1.0,0.6299212598425197,3.25
2024-07-13 09:00:00,9,39,1,10,25,3,0,7,21,1,22,1,47.9,1311.0,3.0,6.35,97.5,2.333333333333333,629.4793068017366,6.711477892186553,0.975,1.1023622047244095,3.230769230769231
2024-07-13 10:00:00,10,38,2,9,23,4,0,8,20,2,22,2,48.9,1361.0,4.0,9.67,95.0,1.7083333333333333,633.8426136034732,5.752842486257007,0.95,0.827300930713547,3.236842105263158
2024-07-13 11:00:00,11,37,3,8,24,2,0,11,21,2,23,2,49.083333333333336,1216.0,4.0,9.67,92.5,1.8088235294117647,646.1316136034732,6.856547835322395,0.925,1.1375387797311272,3.324324324324324
2024-07-13 12:00:00,12,32,2,8,20,2,0,8,18,2,20,2,50.083333333333336,872.5,4.0,9.67,80.0,1.325,600.8466136034732,5.390434332988625,0.8,0.827300930713547,3.3125
2024-07-13 13:00:00,13,34,2,8,20,4,0,7,17,3,20,3,44.66666666666666,236.0,4.0,9.67,85.0,1.375,575.4549204052098,5.091991605328791,0.85,0.7238883143743536,3.235294117647059
2024-07-13 14:00:00,14,33,2,7,20,4,0,8,15,3,18,3,26.9,216.0,4.0,9.67,82.5,1.2045454545454546,446.3059204052098,5.307390868352605,0.825,0.827300930713547,3.212121212121212
2024-07-13 15:00:00,15,35,2,9,20,4,0,7,14,3,17,3,27.9,259.0,4.0,9.67,87.5,1.2391304347826086,442.8359204052098,5.207807652533609,0.875,0.7238883143743536,3.257142857142857
2024-07-13 16:00:00,16,30,2,5,19,4,0,12,14,1,15,1,28.566666666666663,251.0,4.0,9.67,75.0,0.95,407.3343068017366,6.304679420889348,0.75,1.240951396070321,3.1666666666666665
2024-07-13 17:00:00,17,25,1,4,17,3,0,9,15,1,16,1,29.566666666666663,301.0,4.0,9.67,62.5,0.8125,415.6493068017367,4.85382626680455,0.625,0.9307135470527405,3.12
2024-07-13 18:00:00,18,24,1,4,18,1,0,8,14,1,15,1,30.566666666666663,371.0,4.0,9.67,60.0,0.77,405.74430680173657,4.579257152705964,0.6,0.827300930713547,3.208333333333333
2024-07-13 19:00:00,19,25,1,4,20,0,0,8,14,1,15,1,31.566666666666663,431.0,4.0,9.67,62.5,0.81,413.5293068017367,4.705455015511893,0.625,0.827300930713547,3.24
2024-07-13 20:00:00,20,28,1,4,21,0,2,12,15,1,16,1,32.56666666666667,397.0,4.0,10.55,70.0,0.8958333333333334,439.0043068017367,5.643568043331077,0.7,1.1374407582938388,3.071428571428572
2024-07-13 21:00:00,21,31,2,4,23,0,2,11,15,2,17,2,33.56666666666667,424.0,4.0,10.55,77.5,1.0543478260869563,465.3476136034733,5.687498088977221,0.775,1.0426540284360188,3.129032258064516
2024-07-13 22:00:00,22,25,2,3,17,1,2,4,15,2,17,2,34.56666666666667,484.0,3.0,7.23,62.5,1.115942028985507,458.1176136034733,3.629011065006915,0.625,0.553250345781466,3.08
2024-07-13 23:00:00,23,27,2,3,18,1,3,7,15,2,17,2,35.56666666666667,544.0,3.0,7.23,67.5,1.173913043478261,468.0476136034732,4.929564315352697,0.675,0.9681881051175656,3.0
2024-07-14 00:00:00,0,29,1,3,25,0,0,8,15,1,16,1,36.56666666666667,637.0,3.0,7.23,72.5,1.2777777777777777,463.7093068017366,5.810278055992749,0.725,1.106500691562932,3.1724137931034484
2024-07-14 01:00:00,1,27,1,3,23,0,0,6,15,1,16,1,37.56666666666667,697.0,3.0,7.23,67.5,1.1944444444444444,465.0593068017366,4.7933072076225605,0.675,0.8298755186721991,3.185185185185185
2024-07-14 02:00:00,2,29,1,3,23,2,0,6,16,1,17,1,38.56666666666667,724.0,3.0,7.23,72.5,1.3043478260869563,488.3893068017367,4.8254757476033765,0.725,0.8298755186721991,3.103448275862069
2024-07-14 03:00:00,3,25,1,3,20,1,0,2,16,1,17,1,39.56666666666667,784.0,3.0,7.23,62.5,1.144927536231884,485.4493068017366,2.849135546334716,0.625,0.276625172890733,3.16
2024-07-14 04:00:00,4,28,1,3,24,0,0,8,17,1,18,1,40.56666666666667,774.5,3.0,7.23,70.0,1.3484848484848484,510.92430680173663,5.742091483896462,0.7,1.106500691562932,3.1785714285714284
2024-07-14 05:00:00,5,26,1,3,22,0,0,2,17,1,18,1,41.56666666666667,834.5,3.0,7.23,65.0,1.2575757575757576,512.2743068017367,2.9580726673050326,0.65,0.276625172890733,3.1923076923076925
2024-07-14 06:00:00,6,25,1,4,20,0,0,2,19,1,20,1,42.56666666666667,823.5,3.0,7.23,62.5,1.35,542.5693068017366,2.921265560165975,0.625,0.276625172890733,3.24
2024-07-14 07:00:00,7,27,2,5,20,0,0,4,21,1,22,1,43.56666666666667,821.0,3.0,7.23,67.5,1.6666666666666667,579.2993068017366,4.094167819271554,0.675,0.553250345781466,3.333333333333333
2024-07-14 08:00:00,8,29,2,5,22,0,0,4,21,1,22,1,44.56666666666667,881.0,3.0,7.73,72.5,1.7777777777777777,589.2293068017366,4.112985680510326,0.725,0.517464424320828,3.310344827586207
2024-07-14 09:00:00,9,37,0,5,28,4,0,10,20,1,21,1,45.56666666666667,880.0,3.0,7.73,92.5,1.9649122807017545,598.6293068017367,6.71594699486032,0.925,1.2936610608020698,3.027027027027027
2024-07-14 10:00:00,10,39,0,5,32,2,0,10,21,1,22,1,46.56666666666667,893.0,4.0,11.19,97.5,1.6666666666666667,621.9593068017366,5.749707843541624,0.975,0.8936550491510276,3.076923076923077
2024-07-14 11:00:00,11,40,1,4,34,1,0,11,23,0,23,0,47.56666666666667,851.0,4.0,11.19,100.0,1.838235294117647,642.2760000000001,6.196939231456657,1.0,0.9830205540661304,3.125
2024-07-14 12:00:00,12,34,1,4,28,1,0,8,21,1,22,1,48.56666666666667,936.0,4.0,11.19,85.0,1.4861111111111112,622.5143068017367,4.924908006097882,0.85,0.714924039320822,3.147058823529412
2024-07-14 13:00:00,13,31,1,4,25,1,0,8,20,1,21,1,49.56666666666667,581.0,4.0,11.19,77.5,1.2894736842105263,608.3193068017366,4.7100824468851785,0.775,0.714924039320822,3.161290322580645
2024-07-14 14:00:00,14,35,1,4,28,1,1,9,20,1,21,1,50.56666666666667,641.0,4.0,11.19,87.5,1.4210526315789471,622.5393068017366,5.181807736499425,0.875,0.8042895442359248,3.085714285714286
2024-07-14 15:00:00,15,31,1,3,26,0,1,10,18,0,18,0,51.56666666666667,626.0,4.0,11.19,77.5,1.0909090909090908,578.5310000000001,5.167447894145117,0.775,0.8936550491510276,3.096774193548387
2024-07-14 16:00:00,16,34,1,5,26,1,1,11,18,0,18,0,52.56666666666667,686.0,4.0,11.19,85.0,1.2045454545454546,590.606,5.714711139147347,0.85,0.9830205540661304,3.117647058823529
2024-07-14 17:00:00,17,36,2,5,28,0,1,15,18,1,19,1,53.56666666666667,671.0,4.0,11.19,90.0,1.369047619047619,614.8043068017366,7.157097110515341,0.9,1.3404825737265411,3.1944444444444446
2024-07-14 18:00:00,18,47,2,7,37,0,1,15,19,1,20,1,54.56666666666667,727.5,4.0,11.19,117.5,1.875,657.4393068017366,8.028135873595344,1.175,1.3404825737265411,3.191489361702128
2024-07-14 19:00:00,19,45,1,5,35,3,1,18,21,0,21,0,55.56666666666667,784.0,4.0,11.19,112.5,1.8026315789473684,671.321,8.32222966934763,1.125,1.6085790884718496,3.0444444444444443
2024-07-14 20:00:00,20,44,2,6,33,3,0,13,22,0,22,0,56.56666666666667,824.5,4.0,10.79,110.0,1.930555555555556,688.216,7.281133625410735,1.1,1.2048192771084338,3.159090909090909
2024-07-14 21:00:00,21,45,3,7,32,3,0,11,23,1,24,1,57.56666666666667,747.5,4.0,10.79,112.5,2.265625,723.6693068017366,6.909934610235816,1.125,1.019462465245598,3.2222222222222223
2024-07-14 22:00:00,22,42,3,7,28,4,0,10,22,1,23,1,58.56666666666667,690.0,3.0,7.33,105.0,2.647058823529412,709.4743068017366,7.760110114987333,1.05,1.364256480218281,3.2142857142857144
2024-07-14 23:00:00,23,47,3,6,33,5,0,14,23,1,24,1,59.56666666666667,725.0,3.0,7.33,117.5,3.083333333333333,739.2393068017366,9.714339206409104,1.175,1.9099590723055933,3.148936170212766
2024-07-15 00:00:00,0,47,3,5,35,4,0,12,24,1,25,1,60.56666666666667,760.0,3.0,7.33,117.5,3.2888888888888888,758.2793068017365,8.855147891207803,1.175,1.6371077762619373,3.148936170212766
2024-07-15 01:00:00,1,45,4,5,34,2,0,10,24,1,25,1,61.56666666666667,820.0,3.0,7.33,112.5,3.2444444444444445,759.6293068017366,8.076254358041535,1.125,1.364256480218281,3.2444444444444445
2024-07-15 02:00:00,2,38,3,5,30,0,0,5,25,0,25,0,62.56666666666667,880.0,3.0,7.33,95.0,2.7777777777777777,749.386,5.368842895095856,0.95,0.6821282401091405,3.289473684210526
2024-07-15 03:00:00,3,33,3,4,26,0,0,1,25,0,25,0,63.56666666666667,940.0,3.0,7.33,82.5,2.422222222222222,744.3009999999999,3.175618049526644,0.825,0.1364256480218281,3.303030303030303
2024-07-15 04:00:00,4,34,2,4,28,0,0,3,25,1,26,1,64.56666666666666,957.5,3.0,7.33,85.0,2.619047619047619,766.3543068017366,4.074131289623626,0.85,0.4092769440654843,3.235294117647059
2024-07-15 05:00:00,5,37,2,4,30,1,0,6,26,1,27,1,65.56666666666666,975.0,3.0,7.33,92.5,3.025641025641025,791.8293068017365,5.560523210796062,0.925,0.8185538881309686,3.189189189189189
2024-07-15 06:00:00,6,37,2,5,30,0,0,4,26,1,27,1,66.56666666666666,1035.0,3.0,7.33,92.5,3.076923076923077,797.4693068017366,4.7698462446075,0.925,0.5457025920873124,3.2432432432432434
2024-07-15 07:00:00,7,39,2,5,32,0,0,4,27,1,28,1,67.56666666666666,1093.5,3.0,7.33,97.5,3.5,820.7993068017365,4.913039143666702,0.975,0.5457025920873124,3.230769230769231
2024-07-15 08:00:00,8,46,2,7,34,3,0,11,28,0,28,0,68.56666666666666,1153.5,3.0,7.73,115.0,4.055555555555555,840.586,8.166564486191573,1.15,1.4230271668822767,3.1739130434782608
2024-07-15 09:00:00,9,45,2,6,34,3,0,5,28,0,28,0,45.25,1136.5,3.0,7.73,112.5,3.9444444444444446,706.935,5.591109673709932,1.125,0.6468305304010349,3.1555555555555554
2024-07-15 10:00:00,10,54,2,8,40,4,0,13,30,0,30,0,46.25,961.5,4.0,11.43,135.0,4.25,758.6800000000001,7.830570947150126,1.35,1.1373578302712162,3.1481481481481484
2024-07-15 11:00:00,11,62,2,12,44,4,0,13,32,1,33,1,47.25,979.0,4.0,11.43,155.0,7.071428571428571,822.5483068017367,8.582207264414528,1.55,1.1373578302712162,3.193548387096774
2024-07-15 12:00:00,12,63,2,10,47,4,0,13,31,2,33,2,48.25,767.0,4.0,11.43,157.5,7.107142857142857,831.2016136034732,8.567606479745587,1.575,1.1373578302712162,3.1587301587301586
2024-07-15 13:00:00,13,63,2,10,46,5,0,9,32,2,34,2,49.25,531.0,4.0,11.43,157.5,8.25,850.2416136034732,7.424690663667042,1.575,0.7874015748031497,3.142857142857143
2024-07-15 14:00:00,14,57,1,10,41,5,0,6,29,3,32,3,50.18333333333333,344.5,4.0,11.43,142.5,5.5625,816.7039204052098,6.089268775613574,1.425,0.5249343832020997,3.12280701754386
2024-07-15 15:00:00,15,50,1,10,35,4,0,5,26,2,28,2,35.68333333333333,371.5,4.0,11.43,125.0,3.2916666666666665,665.4406136034731,5.332327209098863,1.25,0.4374453193350831,3.16
2024-07-15 16:00:00,16,45,0,8,35,2,0,8,26,1,27,1,36.68333333333333,368.0,4.0,11.43,112.5,2.7115384615384617,646.0873068017366,5.718059200933217,1.125,0.699912510936133,3.1333333333333333
2024-07-15 17:00:00,17,42,0,9,28,5,0,8,24,1,25,1,37.68333333333333,356.0,4.0,11.43,105.0,2.1666666666666665,618.4923068017366,5.41639586718327,1.05,0.699912510936133,3.095238095238096
2024-07-15 18:00:00,18,41,0,9,27,5,0,8,23,1,24,1,38.68333333333333,407.5,4.0,11.43,102.5,1.984375,608.5873068017365,5.343021680216802,1.025,0.699912510936133,3.097560975609756
2024-07-15 19:00:00,19,38,0,7,28,3,0,8,23,0,23,0,39.68333333333333,459.0,4.0,11.43,95.0,1.7352941176470589,593.5239999999999,5.123412533959571,0.95,0.699912510936133,3.1052631578947367
2024-07-15 20:00:00,20,33,0,6,25,2,0,8,22,0,22,0,40.68333333333333,478.5,4.0,11.13,82.5,1.4305555555555556,575.039,4.818458847232432,0.825,0.7187780772686434,3.121212121212121
2024-07-15 21:00:00,21,33,1,5,25,2,0,7,24,0,24,0,41.68333333333333,460.5,4.0,11.13,82.5,1.625,607.4789999999999,4.582085000952925,0.825,0.628930817610063,3.1515151515151514
2024-07-15 22:00:00,22,39,1,6,28,4,0,10,27,0,27,0,42.68333333333333,418.0,3.0,7.43,97.5,3.102564102564102,666.1890000000001,7.200725575456397,0.975,1.3458950201884254,3.102564102564102
2024-07-15 23:00:00,23,46,2,6,34,4,0,14,27,0,27,0,43.68333333333333,478.0,3.0,7.43,115.0,3.692307692307693,686.844,9.49853121891275,1.15,1.8842530282637957,3.130434782608696
2024-07-16 00:00:00,0,38,1,6,28,3,0,2,27,1,28,1,44.68333333333333,529.5,3.0,7.43,95.0,3.305555555555556,689.5923068017365,3.817955302118014,0.95,0.2691790040376851,3.131578947368421
2024-07-16 01:00:00,1,41,1,5,29,6,0,10,27,0,27,0,45.68333333333333,598.0,3.0,7.43,102.5,3.1794871794871797,687.3989999999999,7.170511768374749,1.025,1.3458950201884254,3.024390243902439
2024-07-16 02:00:00,2,37,1,5,27,4,0,4,27,0,27,0,46.68333333333333,658.0,3.0,7.43,92.5,2.923076923076923,684.4590000000001,4.508724673529518,0.925,0.5383580080753702,3.081081081081081
2024-07-16 03:00:00,3,37,1,5,28,3,0,2,27,0,27,0,47.68333333333333,718.0,3.0,7.43,92.5,2.948717948717949,690.0989999999999,3.711637444981994,0.925,0.2691790040376851,3.108108108108108
2024-07-16 04:00:00,4,40,1,5,30,4,0,6,30,0,30,0,48.68333333333333,755.5,3.0,7.43,100.0,4.1,742.374,5.558176312247645,1.0,0.8075370121130552,3.075
2024-07-16 05:00:00,5,42,1,5,32,4,0,3,30,0,30,0,49.68333333333333,815.5,3.0,7.43,105.0,4.3,752.304,4.465146125745049,1.05,0.4037685060565276,3.071428571428572
2024-07-16 06:00:00,6,43,1,5,35,2,0,4,32,0,32,0,50.68333333333333,850.0,3.0,7.43,107.5,5.583333333333333,786.8889999999999,5.027673792606968,1.075,0.5383580080753702,3.116279069767442
2024-07-16 07:00:00,7,42,1,5,34,2,0,2,31,0,31,0,51.68333333333333,930.0,3.0,7.43,105.0,4.851851851851852,776.9839999999999,4.114582131641352,1.05,0.2691790040376851,3.119047619047619
2024-07-16 08:00:00,8,45,1,6,36,2,0,6,32,0,32,0,52.68333333333333,970.0,3.0,6.91,112.5,5.875,802.4590000000001,6.2456946454413895,1.125,0.8683068017366136,3.1333333333333333
2024-07-16 09:00:00,9,42,1,5,34,2,0,2,28,0,28,0,53.68333333333333,1001.5,3.0,6.91,105.0,3.638888888888889,748.0639999999999,4.177763420853146,1.05,0.2894356005788712,3.119047619047619
2024-07-16 10:00:00,10,43,1,6,33,3,0,6,29,0,29,0,54.68333333333333,1053.0,4.0,10.23,107.5,3.0454545454545454,769.249,5.177729659687649,1.075,0.5865102639296187,3.116279069767442
2024-07-16 11:00:00,11,46,1,7,35,3,0,12,31,0,31,0,55.68333333333333,917.0,4.0,10.23,115.0,4.0,808.124,7.272064261124569,1.15,1.1730205278592374,3.130434782608696
2024-07-16 12:00:00,12,50,1,8,38,3,0,8,32,1,33,1,56.68333333333333,975.0,4.0,10.23,125.0,5.607142857142857,850.0123068017366,6.380522971652005,1.25,0.7820136852394917,3.14
2024-07-16 13:00:00,13,52,1,8,41,2,0,10,32,1,33,1,55.06666666666667,1002.0,4.0,10.23,130.0,5.857142857142857,845.1843068017366,7.182938566809534,1.3,0.9775171065493644,3.1538461538461537
2024-07-16 14:00:00,14,55,1,8,45,1,0,8,33,1,34,1,56.06666666666667,1048.0,4.0,10.23,137.5,7.25,870.6593068017366,6.824006931484938,1.375,0.7820136852394917,3.163636363636364
2024-07-16 15:00:00,15,56,1,6,48,1,0,10,32,1,33,1,39.78333333333333,962.0,4.0,10.23,140.0,6.25,767.5663068017366,7.429740957966764,1.4,0.9775171065493644,3.125
2024-07-16 16:00:00,16,46,1,5,39,1,0,6,31,1,32,1,33.2,715.5,4.0,10.23,115.0,4.5,695.5863068017367,5.4360321305622845,1.15,0.5865102639296187,3.130434782608696
2024-07-16 17:00:00,17,53,1,8,43,1,0,11,35,1,36,1,34.2,516.5,4.0,10.23,132.5,10.5,769.8413068017367,7.608399269628729,1.325,1.075268817204301,3.169811320754717
2024-07-16 18:00:00,18,52,1,7,43,1,0,7,36,1,37,1,35.2,505.0,4.0,10.23,130.0,13.666666666666666,786.7363068017366,6.258056996766674,1.3,0.6842619745845552,3.1538461538461537
2024-07-16 19:00:00,19,55,1,7,45,2,0,7,36,1,37,1,36.2,526.0,4.0,10.23,137.5,14.333333333333334,798.8113068017366,6.439873811428064,1.375,0.6842619745845552,3.1272727272727274
2024-07-16 20:00:00,20,55,1,8,44,2,0,10,38,1,39,1,37.2,534.0,4.0,10.56,137.5,43.25,831.2513068017366,7.303650137741046,1.375,0.9469696969696968,3.145454545454545
2024-07-16 21:00:00,21,61,1,9,49,2,0,14,40,1,41,1,38.2,544.0,4.0,10.56,152.5,48.0,876.5613068017366,8.972876304023844,1.525,1.3257575757575757,3.1475409836065573
2024-07-16 22:00:00,22,58,1,8,48,1,0,9,41,1,42,1,39.2,600.5,3.0,7.24,145.0,61.0,889.1663068017366,8.49717565250524,1.45,1.2430939226519335,3.155172413793104
2024-07-16 23:00:00,23,55,2,9,43,1,0,4,41,2,43,2,40.2,657.0,3.0,7.24,137.5,59.0,902.6396136034732,6.203001004520342,1.375,0.5524861878453039,3.2181818181818183
2024-07-17 00:00:00,0,57,1,10,44,2,0,9,42,1,43,1,41.2,717.0,3.0,7.24,142.5,60.333333333333336,911.7013068017366,8.472368421052632,1.425,1.2430939226519335,3.175438596491228
2024-07-17 01:00:00,1,54,1,10,42,1,0,3,41,1,42,1,42.2,780.5,3.0,7.24,135.0,57.66666666666666,897.5063068017367,5.652501534683855,1.35,0.4143646408839779,3.203703703703704
2024-07-17 02:00:00,2,52,1,12,36,3,0,5,41,1,42,1,43.2,840.5,3.0,7.24,130.0,55.66666666666666,898.8563068017367,6.392913302167447,1.3,0.6906077348066298,3.2115384615384617
2024-07-17 03:00:00,3,51,1,12,35,3,0,3,41,1,42,1,44.2,900.5,3.0,7.24,127.5,54.66666666666666,902.3513068017368,5.432466688332792,1.275,0.4143646408839779,3.215686274509804
2024-07-17 04:00:00,4,46,1,11,32,2,0,1,41,1,42,1,45.2,960.5,3.0,7.24,115.0,49.66666666666666,897.2663068017366,4.172393706461686,1.15,0.1381215469613259,3.239130434782609
2024-07-17 05:00:00,5,45,1,11,32,1,0,1,41,1,42,1,46.2,1020.5,3.0,7.24,112.5,49.0,900.7613068017366,4.126197053406998,1.125,0.1381215469613259,3.2666666666666666
2024-07-17 06:00:00,6,50,1,11,37,1,0,6,42,1,43,1,47.2,1077.0,3.0,7.24,125.0,54.0,930.5263068017366,6.735082872928177,1.25,0.8287292817679558,3.24
2024-07-17 07:00:00,7,50,1,12,35,2,0,5,42,1,43,1,48.2,1137.0,3.0,7.24,125.0,54.0,936.1663068017368,6.287569060773481,1.25,0.6906077348066298,3.24
2024-07-17 08:00:00,8,55,1,12,39,3,0,5,42,1,43,1,49.2,1197.0,3.0,6.359999999999999,137.5,58.66666666666666,952.5313068017368,6.915723270440252,1.375,0.7861635220125787,3.2
2024-07-17 09:00:00,9,56,1,13,41,1,0,5,41,1,42,1,50.2,1205.5,3.0,6.359999999999999,140.0,60.66666666666666,946.9163068017368,7.10503144654088,1.4,0.7861635220125787,3.25
2024-07-17 10:00:00,10,60,1,13,45,1,0,9,43,1,44,1,51.2,1157.0,4.0,9.61,150.0,48.5,987.9363068017368,7.878095733610823,1.5,0.9365244536940688,3.2333333333333334
2024-07-17 11:00:00,11,63,2,13,46,2,0,11,44,3,47,3,52.2,1139.0,4.0,9.61,157.5,51.0,1041.94792040521,8.806456568059065,1.575,1.1446409989594173,3.238095238095238
2024-07-17 12:00:00,12,65,2,13,47,3,0,6,45,3,48,3,53.2,1191.0,4.0,9.61,162.5,52.25,1065.27792040521,7.232524213559593,1.625,0.6243496357960459,3.2153846153846155
2024-07-17 13:00:00,13,66,2,11,51,2,0,6,44,2,46,2,54.2,1251.0,4.0,9.61,165.0,52.75,1045.394613603473,7.271026865954026,1.65,0.6243496357960459,3.196969696969697
2024-07-17 14:00:00,14,60,2,9,47,2,0,7,40,2,42,2,55.2,1275.0,4.0,9.61,150.0,47.75,984.5646136034732,7.093765175164759,1.5,0.7284079084287202,3.183333333333333
2024-07-17 15:00:00,15,55,1,9,42,3,0,5,36,2,38,2,56.2,1154.0,4.0,9.61,137.5,21.625,925.8796136034732,5.961552833222969,1.375,0.5202913631633715,3.145454545454545
2024-07-17 16:00:00,16,53,1,9,41,2,0,7,36,1,37,1,57.2,1202.0,4.0,9.61,132.5,14.0,912.9613068017366,6.508915634264623,1.325,0.7284079084287202,3.169811320754717
2024-07-17 17:00:00,17,55,1,11,42,1,0,11,39,1,40,1,58.2,1202.5,4.0,9.61,137.5,44.25,963.0913068017368,8.108662851196671,1.375,1.1446409989594173,3.2181818181818183
2024-07-17 18:00:00,18,60,1,12,46,1,0,10,41,2,43,2,59.2,1143.0,4.0,9.61,150.0,48.25,1020.5246136034732,8.172207769684357,1.5,1.040582726326743,3.216666666666667
2024-07-17 19:00:00,19,60,1,13,44,2,0,6,41,3,44,3,50.55,568.5,4.0,9.61,150.0,48.25,986.0069204052098,6.833324661810614,1.5,0.6243496357960459,3.216666666666667
2024-07-17 20:00:00,20,60,2,12,44,2,0,8,41,3,44,3,51.55,604.0,4.0,10.04,150.0,48.5,991.6469204052098,7.426361221779549,1.5,0.7968127490039841,3.2333333333333334
2024-07-17 21:00:00,21,64,2,12,48,2,0,8,40,3,43,3,52.55,672.0,4.0,10.04,160.0,51.5,992.46692040521,7.714741035856575,1.6,0.7968127490039841,3.21875
2024-07-17 22:00:00,22,70,2,12,54,2,0,13,38,3,41,3,53.55,716.0,3.0,6.79,175.0,74.66666666666667,984.1769204052098,11.726656848306334,1.75,1.914580265095729,3.2
2024-07-17 23:00:00,23,59,1,12,44,2,0,6,37,2,39,2,54.55,776.0,3.0,6.79,147.5,63.0,938.5536136034732,7.555683208107636,1.475,0.8836524300441826,3.2033898305084745
2024-07-18 00:00:00,0,54,1,14,36,3,0,4,38,1,39,1,55.55,836.0,3.0,6.79,135.0,58.333333333333336,932.6003068017368,6.284125620465828,1.35,0.5891016200294551,3.240740740740741
2024-07-18 01:00:00,1,51,1,15,34,1,0,4,37,1,38,1,56.55,905.5,3.0,6.79,127.5,28.166666666666668,918.4053068017364,6.177121054607411,1.275,0.5891016200294551,3.313725490196078
2024-07-18 02:00:00,2,59,1,13,38,6,1,13,38,0,38,0,57.55,965.5,3.0,6.79,147.5,30.666666666666668,940.337,10.570894386061257,1.475,1.914580265095729,3.1186440677966103
2024-07-18 03:00:00,3,55,1,13,37,4,0,1,38,0,38,0,58.55,1025.5,3.0,6.79,137.5,29.33333333333333,937.397,4.8712812960235645,1.375,0.1472754050073637,3.2
2024-07-18 04:00:00,4,50,1,13,33,3,0,2,38,0,38,0,59.55,1085.5,3.0,6.79,125.0,27.0,932.312,5.004344624447718,1.25,0.2945508100147275,3.24
2024-07-18 05:00:00,5,49,1,13,34,1,0,1,38,0,38,0,60.55,1145.5,3.0,6.79,122.5,26.83333333333333,935.807,4.508904902167052,1.225,0.1472754050073637,3.2857142857142856
2024-07-18 06:00:00,6,52,1,14,35,2,0,3,38,0,38,0,61.55,1205.5,3.0,6.79,130.0,28.33333333333333,947.882,5.694431856802991,1.3,0.4418262150220913,3.269230769230769
2024-07-18 07:00:00,7,50,1,14,34,1,0,2,38,0,38,0,62.55,1265.5,3.0,6.79,125.0,27.5,949.232,5.097017673048601,1.25,0.2945508100147275,3.3
2024-07-18 08:00:00,8,50,1,14,35,0,0,3,38,0,38,0,63.55,1325.5,3.0,7.68,125.0,27.666666666666668,954.872,5.446875,1.25,0.390625,3.32
2024-07-18 09:00:00,9,55,1,13,41,0,0,7,40,0,40,0,64.55,1325.5,3.0,7.68,137.5,60.0,998.037,7.482954545454547,1.375,0.9114583333333334,3.272727272727273
2024-07-18 10:00:00,10,59,1,12,46,0,0,10,37,0,37,0,65.55,1432.0,4.0,11.04,147.5,15.916666666666666,972.057,7.707326209776467,1.475,0.9057971014492754,3.23728813559322
2024-07-18 11:00:00,11,60,1,15,42,2,0,10,35,0,35,0,66.55,1492.0,4.0,11.04,150.0,9.75,953.042,7.818840579710145,1.5,0.9057971014492754,3.25
2024-07-18 12:00:00,12,52,1,17,34,0,0,8,34,1,35,1,67.55,1442.0,4.0,11.04,130.0,8.75,942.3903068017366,6.8136845039018965,1.3,0.7246376811594204,3.3653846153846154
2024-07-18 13:00:00,13,53,1,15,37,0,0,4,34,1,35,1,68.55,1342.0,4.0,11.04,132.5,8.8,950.1753068017366,5.603171998906207,1.325,0.3623188405797102,3.320754716981132
2024-07-18 14:00:00,14,53,2,13,38,0,0,8,33,1,34,1,45.98333333333333,1307.5,4.0,11.04,132.5,7.333333333333333,809.4993068017366,6.806343997812414,1.325,0.7246376811594204,3.320754716981132
2024-07-18 15:00:00,15,55,2,14,38,1,0,6,31,1,32,1,46.98333333333333,1367.5,4.0,11.04,137.5,5.6875,792.6293068017366,6.348418972332016,1.375,0.5434782608695653,3.309090909090909
2024-07-18 16:00:00,16,52,2,13,36,1,0,8,29,1,30,1,47.98333333333333,1364.0,4.0,11.04,130.0,4.3,765.0343068017366,6.696878483835007,1.3,0.7246376811594204,3.3076923076923075
2024-07-18 17:00:00,17,54,2,14,36,1,1,8,31,1,32,1,48.98333333333333,1302.0,4.0,11.04,135.0,5.53125,801.7643068017366,6.800201288244767,1.35,0.7246376811594204,3.2777777777777777
2024-07-18 18:00:00,18,49,3,12,33,1,0,4,31,1,32,1,49.98333333333333,1362.0,4.0,11.04,122.5,5.125,796.6793068017366,5.312658976634133,1.225,0.3623188405797102,3.346938775510204
2024-07-18 19:00:00,19,46,2,13,31,0,0,8,31,1,32,1,50.98333333333333,1422.0,4.0,11.04,115.0,4.84375,795.8843068017366,6.316713925645873,1.15,0.7246376811594204,3.369565217391304
2024-07-18 20:00:00,20,53,2,12,37,2,0,11,32,1,33,1,51.98333333333333,1114.0,4.0,10.37,132.5,6.178571428571429,829.9393068017366,7.7874551955022655,1.325,1.0607521697203472,3.2641509433962264
2024-07-18 21:00:00,21,52,2,13,36,1,0,7,31,1,32,1,52.98333333333333,1300.5,4.0,10.37,130.0,5.375,820.0343068017366,6.53277204955122,1.3,0.6750241080038574,3.3076923076923075
2024-07-18 22:00:00,22,49,3,13,33,0,0,11,34,0,34,0,53.98333333333333,1156.5,3.0,7.01,122.5,9.22222222222222,845.171,9.4660208448572,1.225,1.5691868758915837,3.3877551020408165
2024-07-18 23:00:00,23,53,3,14,35,1,0,10,35,0,35,0,54.98333333333333,1139.0,3.0,7.01,132.5,11.866666666666667,872.7909999999999,9.240999380938282,1.325,1.4265335235378032,3.358490566037736
2024-07-19 00:00:00,0,49,3,14,30,2,0,3,35,0,35,0,55.98333333333333,1199.0,3.0,7.01,122.5,11.0,869.851,5.566089988063699,1.225,0.4279600570613409,3.36734693877551
2024-07-19 01:00:00,1,47,3,14,30,0,0,4,35,0,35,0,56.98333333333333,1259.0,3.0,7.01,117.5,10.733333333333333,871.201,5.979654445017757,1.175,0.5706134094151213,3.425531914893617
2024-07-19 02:00:00,2,50,3,13,30,4,0,6,35,0,35,0,57.98333333333333,1319.0,3.0,7.01,125.0,11.0,883.2760000000001,6.94953637660485,1.25,0.8559201141226819,3.3
2024-07-19 03:00:00,3,43,3,12,27,1,0,1,35,0,35,0,58.98333333333333,1379.0,3.0,7.01,107.5,9.733333333333333,873.9010000000001,4.134357894038416,1.075,0.1426533523537803,3.395348837209302
2024-07-19 04:00:00,4,44,3,12,28,1,0,1,35,0,35,0,59.98333333333333,1439.0,3.0,7.01,110.0,9.933333333333334,881.6859999999999,4.208076125016211,1.1,0.1426533523537803,3.386363636363636
2024-07-19 05:00:00,5,43,3,12,27,1,0,3,36,0,36,0,60.98333333333333,1365.5,3.0,7.01,107.5,12.166666666666666,898.5809999999999,5.10307368211525,1.075,0.4279600570613409,3.395348837209302
2024-07-19 06:00:00,6,46,4,13,28,1,0,4,37,0,37,0,61.98333333333333,1292.0,3.0,7.01,115.0,17.555555555555557,924.056,5.90993301494759,1.15,0.5706134094151213,3.4347826086956523
2024-07-19 07:00:00,7,52,4,13,34,1,0,7,38,0,38,0,62.98333333333333,1290.5,3.0,7.01,130.0,29.33333333333333,955.966,7.779787117304949,1.3,0.9985734664764624,3.3846153846153846
2024-07-19 08:00:00,8,55,4,14,36,1,0,12,38,1,39,1,63.98333333333333,1289.0,3.0,6.41,137.5,62.0,982.3093068017366,10.98101687703872,1.375,1.87207488299532,3.381818181818182
2024-07-19 09:00:00,9,59,4,13,40,2,0,7,38,1,39,1,64.86666666666666,1177.0,3.0,6.41,147.5,65.33333333333333,995.8713068017366,8.527806129194321,1.475,1.0920436817472698,3.3220338983050848
2024-07-19 10:00:00,10,55,5,15,31,4,0,6,38,2,40,2,65.86666666666666,1168.5,4.0,9.77,137.5,46.5,1007.1996136034732,6.726858658230204,1.375,0.6141248720573184,3.381818181818182
2024-07-19 11:00:00,11,55,3,17,32,3,0,9,37,2,39,2,66.86666666666666,943.0,4.0,9.77,137.5,46.25,999.4396136034732,7.723539127198288,1.375,0.9211873080859776,3.363636363636364
2024-07-19 12:00:00,12,56,4,15,34,3,0,11,36,4,40,4,67.86666666666666,934.5,4.0,9.77,140.0,47.0,1022.3612272069464,8.479792367305162,1.4,1.1258955987717505,3.357142857142857
2024-07-19 13:00:00,13,59,5,16,33,5,0,8,37,4,41,4,68.86666666666666,910.0,4.0,9.77,147.5,49.5,1047.8362272069464,7.697948580053086,1.475,0.8188331627430911,3.3559322033898304
2024-07-19 14:00:00,14,50,4,15,30,1,0,7,33,3,36,3,50.31666666666667,511.5,4.0,9.77,125.0,10.75,856.0409204052098,6.764687819856704,1.25,0.7164790174002047,3.44
2024-07-19 15:00:00,15,53,3,16,33,1,0,8,35,2,37,2,51.31666666666667,535.0,4.0,9.77,132.5,15.0,880.6476136034732,7.280942816863328,1.325,0.8188331627430911,3.39622641509434
2024-07-19 16:00:00,16,52,3,14,34,1,0,7,33,2,35,2,49.36666666666667,417.0,4.0,9.77,130.0,8.75,840.7046136034733,6.786227462404535,1.3,0.7164790174002047,3.3653846153846154
2024-07-19 17:00:00,17,55,4,13,37,1,0,8,36,0,36,0,50.36666666666667,455.0,4.0,9.77,137.5,11.5625,864.443,7.379257001954034,1.375,0.8188331627430911,3.363636363636364
2024-07-19 18:00:00,18,60,5,15,39,1,0,12,39,2,41,2,51.36666666666667,465.0,4.0,9.77,150.0,51.0,949.5446136034732,9.276049129989763,1.5,1.2282497441146367,3.4
2024-07-19 19:00:00,19,63,5,15,41,2,0,8,39,2,41,2,34.53333333333333,510.0,4.0,9.77,157.5,53.0,861.0396136034731,8.055438579389449,1.575,0.8188331627430911,3.365079365079365
2024-07-19 20:00:00,20,57,4,16,36,1,0,5,39,1,40,1,35.53333333333333,568.0,4.0,10.58,142.5,48.5,839.5413068017366,6.458463502802375,1.425,0.4725897920604915,3.4035087719298245
2024-07-19 21:00:00,21,61,5,15,38,3,0,11,39,1,40,1,36.53333333333333,589.0,4.0,10.58,152.5,51.25,853.7613068017366,8.619065511791502,1.525,1.0396975425330812,3.360655737704918
2024-07-19 22:00:00,22,61,4,14,40,2,1,9,41,1,42,1,37.53333333333333,606.5,3.0,7.220000000000001,152.5,67.0,886.2013068017367,9.132442895418007,1.525,1.2465373961218835,3.295081967213114
2024-07-19 23:00:00,23,59,4,15,37,3,0,7,41,1,42,1,38.53333333333333,666.5,3.0,7.220000000000001,147.5,65.66666666666667,887.5513068017367,8.162241185032162,1.475,0.969529085872576,3.3389830508474576
2024-07-20 00:00:00,0,54,4,13,36,1,0,7,40,0,40,0,39.53333333333333,726.5,3.0,7.220000000000001,135.0,60.66666666666666,854.798,7.817672104237201,1.35,0.969529085872576,3.3703703703703702
2024-07-20 01:00:00,1,53,4,14,34,1,0,5,40,0,40,0,40.53333333333333,786.5,3.0,7.220000000000001,132.5,60.0,858.2929999999999,6.851957351173365,1.325,0.6925207756232686,3.39622641509434
2024-07-20 02:00:00,2,51,4,15,32,0,0,4,40,0,40,0,41.53333333333333,846.5,3.0,7.220000000000001,127.5,58.66666666666666,859.6429999999999,6.3119004942697305,1.275,0.5540166204986149,3.450980392156863
2024-07-20 03:00:00,3,48,4,15,29,0,0,5,41,0,41,0,42.53333333333333,901.0,3.0,7.220000000000001,120.0,55.66666666666666,872.248,6.584395198522621,1.2,0.6925207756232686,3.4791666666666665
2024-07-20 04:00:00,4,48,4,15,29,0,0,3,42,0,42,0,43.53333333333333,945.5,3.0,7.220000000000001,120.0,55.66666666666666,891.288,5.6206371191135736,1.2,0.4155124653739612,3.4791666666666665
2024-07-20 05:00:00,5,48,4,15,29,0,0,1,42,0,42,0,44.53333333333333,1005.5,3.0,7.220000000000001,120.0,55.66666666666666,896.9280000000001,4.656879039704524,1.2,0.1385041551246537,3.4791666666666665
2024-07-20 06:00:00,6,50,4,16,30,0,0,4,42,0,42,0,45.53333333333333,1065.5,3.0,7.220000000000001,125.0,58.0,906.858,6.27797783933518,1.25,0.5540166204986149,3.48
2024-07-20 07:00:00,7,54,5,16,33,0,0,5,43,1,44,1,46.53333333333333,1080.0,3.0,7.220000000000001,135.0,62.66666666666666,948.7463068017366,7.110998255873603,1.35,0.6925207756232686,3.4814814814814814
2024-07-20 08:00:00,8,53,5,15,33,0,0,3,43,1,44,1,47.53333333333333,1140.0,3.0,6.6,132.5,61.333333333333336,952.2413068017364,6.178044596912522,1.325,0.4545454545454546,3.4716981132075477
2024-07-20 09:00:00,9,55,3,16,36,0,0,6,43,0,43,0,48.53333333333333,1134.0,3.0,6.6,137.5,62.333333333333336,947.903,7.765909090909091,1.375,0.9090909090909092,3.4
2024-07-20 10:00:00,10,65,3,17,43,2,0,17,41,1,42,1,49.53333333333333,1086.5,4.0,9.69,162.5,54.0,962.4613068017366,11.22995951417004,1.625,1.7543859649122808,3.3230769230769237
2024-07-20 11:00:00,11,60,4,14,40,2,0,10,37,2,39,2,50.53333333333333,1074.0,4.0,9.69,150.0,50.0,918.0446136034732,8.43997248022016,1.5,1.0319917440660475,3.333333333333333
2024-07-20 12:00:00,12,53,3,13,33,4,0,11,31,2,33,2,46.333333333333336,1049.0,4.0,9.69,132.5,6.214285714285714,798.9416136034731,8.076853204042294,1.325,1.1351909184726523,3.2830188679245285
2024-07-20 13:00:00,13,49,3,14,30,2,0,5,31,2,33,2,47.333333333333336,1039.0,4.0,9.69,122.5,5.892857142857143,796.0016136034733,5.862537120111202,1.225,0.5159958720330238,3.36734693877551
2024-07-20 14:00:00,14,45,2,11,29,3,0,10,30,1,31,1,46.35,1072.0,4.0,9.69,112.5,4.083333333333333,754.2073068017366,7.046173030615755,1.125,1.0319917440660475,3.2666666666666666
2024-07-20 15:00:00,15,48,2,10,33,3,0,11,30,1,31,1,47.35,713.0,4.0,9.69,120.0,4.305555555555555,766.2823068017366,7.540720674234606,1.2,1.1351909184726523,3.2291666666666665
2024-07-20 16:00:00,16,45,2,10,31,2,0,7,31,1,32,1,48.35,608.5,4.0,9.69,112.5,4.59375,778.8873068017367,6.034821121431029,1.125,0.7223942208462333,3.2666666666666666
2024-07-20 17:00:00,17,49,2,11,34,2,0,10,31,1,32,1,49.35,668.5,4.0,9.69,122.5,5.0,793.1073068017367,7.369768960215666,1.225,1.0319917440660475,3.26530612244898
2024-07-20 18:00:00,18,50,2,11,34,3,0,7,32,1,33,1,50.35,564.0,4.0,9.69,125.0,5.785714285714286,814.2923068017367,6.390557275541796,1.25,0.7223942208462333,3.24
2024-07-20 19:00:00,19,45,2,10,31,2,0,12,28,1,29,1,51.35,557.0,4.0,9.69,112.5,3.340909090909091,755.6073068017365,7.720407636738906,1.125,1.238390092879257,3.2666666666666666
2024-07-20 20:00:00,20,56,1,10,44,1,0,15,30,0,30,0,52.35,610.5,4.0,11.42,140.0,4.475,797.374,8.673461346009507,1.4,1.3134851138353765,3.196428571428572
2024-07-20 21:00:00,21,62,1,11,46,4,0,13,31,1,32,1,53.35,645.0,4.0,11.42,155.0,6.09375,843.5523068017367,8.455306197389977,1.55,1.138353765323993,3.1451612903225805
2024-07-20 22:00:00,22,60,1,10,45,4,0,9,31,1,32,1,54.35,705.0,3.0,8.33,150.0,7.833333333333333,844.9023068017366,8.085354141656662,1.5,1.0804321728691475,3.1333333333333333
2024-07-20 23:00:00,23,60,1,12,43,4,0,11,31,0,31,0,55.35,784.0,3.0,8.33,150.0,7.037037037037037,836.274,8.931672669067627,1.5,1.3205282112845138,3.1666666666666665
2024-07-21 00:00:00,0,61,1,11,44,5,0,8,32,0,32,0,56.35,825.0,3.0,8.33,152.5,7.958333333333333,857.459,7.782104481136717,1.525,0.9603841536614646,3.1311475409836067
2024-07-21 01:00:00,1,50,1,11,35,3,0,0,31,0,31,0,57.35,904.0,3.0,8.33,125.0,5.925925925925926,826.104,4.0,1.25,0.0,3.2
2024-07-21 02:00:00,2,47,1,11,34,1,0,5,32,0,32,0,58.35,945.0,3.0,8.33,117.5,6.375,838.7090000000001,5.77897307859314,1.175,0.6002400960384153,3.25531914893617
2024-07-21 03:00:00,3,46,1,10,34,1,0,3,32,0,32,0,59.35,1005.0,3.0,8.33,115.0,6.208333333333333,842.204,4.89155357795292,1.15,0.3601440576230492,3.239130434782609
2024-07-21 04:00:00,4,44,1,10,32,1,0,1,32,0,32,0,60.35,1065.0,3.0,8.33,110.0,5.958333333333333,843.5540000000001,3.9651560624249695,1.1,0.120048019207683,3.25
2024-07-21 05:00:00,5,50,1,12,36,1,0,6,34,0,34,0,61.35,1099.0,3.0,8.33,125.0,9.055555555555555,888.864,6.423139255702281,1.25,0.7202881152460985,3.26
2024-07-21 06:00:00,6,54,1,13,38,2,0,7,35,1,36,1,62.35,1146.5,3.0,8.33,135.0,14.583333333333334,930.7523068017366,7.09831154684096,1.35,0.8403361344537815,3.240740740740741
2024-07-21 07:00:00,7,53,1,12,38,2,0,4,35,1,36,1,63.35,1206.5,3.0,8.33,132.5,14.25,934.2473068017366,5.824298964868967,1.325,0.4801920768307323,3.2264150943396226
2024-07-21 08:00:00,8,54,1,13,37,3,0,4,37,1,38,1,64.35,1214.5,3.0,6.67,135.0,29.0,968.8323068017364,6.282367149758455,1.35,0.5997001499250375,3.2222222222222223
2024-07-21 09:00:00,9,54,1,12,38,3,0,6,35,1,36,1,65.35,1207.5,3.0,6.67,135.0,14.416666666666666,947.6723068017366,7.206892387139764,1.35,0.8995502248875562,3.203703703703704
2024-07-21 10:00:00,10,56,1,12,39,4,0,8,36,1,37,1,43.56666666666667,1247.0,4.0,10.37,140.0,14.833333333333334,842.5043068017366,6.902128392340542,1.4,0.7714561234329796,3.1785714285714284
2024-07-21 11:00:00,11,61,3,14,37,6,1,11,39,2,41,2,44.56666666666667,1256.0,4.0,10.37,152.5,48.75,913.3376136034732,8.265929067138815,1.525,1.060752169720347,3.19672131147541
2024-07-21 12:00:00,12,60,3,14,39,4,0,10,39,2,41,2,45.56666666666667,1316.0,4.0,10.37,150.0,49.0,916.8326136034732,8.050112504018,1.5,0.9643201542912246,3.2666666666666666
2024-07-21 13:00:00,13,59,2,14,38,5,0,7,39,1,40,1,46.56666666666667,1398.0,4.0,10.37,147.5,47.5,906.0593068017369,6.923806449503948,1.475,0.6750241080038573,3.2203389830508478
2024-07-21 14:00:00,14,66,3,16,43,4,0,13,40,1,41,1,47.56666666666667,1436.0,4.0,10.37,165.0,54.0,940.1143068017366,9.502743929166302,1.65,1.253616200578592,3.272727272727273
2024-07-21 15:00:00,15,65,2,15,44,4,0,8,38,1,39,1,48.56666666666667,1540.0,4.0,10.37,162.5,52.5,916.8093068017364,7.74239670647578,1.625,0.7714561234329796,3.230769230769231
2024-07-21 16:00:00,16,70,3,15,45,6,1,14,41,2,43,2,49.56666666666667,1509.0,4.0,10.37,175.0,55.75,987.6426136034734,9.875867888138862,1.75,1.3500482160077143,3.185714285714285
2024-07-21 17:00:00,17,70,3,15,45,6,1,7,41,3,44,3,50.56666666666667,1560.5,4.0,10.37,175.0,55.75,1007.55092040521,7.725433944069429,1.75,0.6750241080038573,3.185714285714285
2024-07-21 18:00:00,18,72,3,13,45,10,1,10,42,2,44,2,51.56666666666667,1620.5,4.0,10.37,180.0,55.75,1016.6126136034732,8.561713811207543,1.8,0.9643201542912246,3.0972222222222223
2024-07-21 19:00:00,19,67,2,13,44,7,1,9,43,1,44,1,52.56666666666667,1680.5,4.0,10.37,167.5,52.25,1010.6593068017366,7.932292851077304,1.675,0.8678881388621021,3.1194029850746268
2024-07-21 20:00:00,20,77,2,14,54,6,1,16,44,1,45,1,53.56666666666667,1732.0,4.0,11.46,192.5,60.25,1051.1493068017369,10.39480122843997,1.925,1.3961605584642234,3.1298701298701297
2024-07-21 21:00:00,21,76,2,14,51,8,1,13,43,1,44,1,54.56666666666667,1800.5,4.0,11.46,190.0,59.0,1041.244306801737,9.422549830072562,1.9,1.134380453752181,3.1052631578947367
2024-07-21 22:00:00,22,69,2,15,44,7,1,7,44,1,45,1,55.56666666666667,1852.0,3.0,7.76,172.5,72.33333333333333,1045.2693068017363,8.26191916928134,1.725,0.9020618556701032,3.1449275362318843
2024-07-21 23:00:00,23,72,2,16,48,6,0,10,44,2,46,2,56.56666666666667,1841.0,3.0,7.76,180.0,76.66666666666667,1071.6126136034732,9.86655211912944,1.8,1.288659793814433,3.1944444444444446
2024-07-22 00:00:00,0,66,2,16,43,5,0,4,45,1,46,1,57.56666666666667,1901.0,3.0,7.76,165.0,71.0,1063.514306801737,6.988542642924085,1.65,0.5154639175257733,3.227272727272727
2024-07-22 01:00:00,1,62,2,16,40,4,0,4,44,0,44,0,58.56666666666667,2040.5,3.0,7.76,155.0,67.33333333333333,1032.906,6.729414699035585,1.55,0.5154639175257733,3.2580645161290325
2024-07-22 02:00:00,2,68,2,15,40,11,0,9,44,0,44,0,59.56666666666667,2100.5,3.0,7.76,170.0,70.66666666666667,1051.4160000000002,8.915827774408733,1.7,1.1597938144329898,3.117647058823529
2024-07-22 03:00:00,3,72,2,15,44,11,0,9,44,0,44,0,60.56666666666667,2160.5,3.0,7.76,180.0,74.66666666666667,1065.636,9.208247422680412,1.8,1.1597938144329898,3.111111111111111
2024-07-22 04:00:00,4,65,2,15,40,8,0,2,44,0,44,0,61.56666666666667,2220.5,3.0,7.76,162.5,68.66666666666667,1056.261,5.966812053925455,1.625,0.2577319587628866,3.169230769230769
2024-07-22 05:00:00,5,62,2,15,39,6,0,0,44,0,44,0,62.56666666666667,2280.5,3.0,7.76,155.0,66.33333333333333,1055.466,4.975,1.55,0.0,3.2096774193548385
2024-07-22 06:00:00,6,60,2,14,40,4,0,3,45,0,45,0,63.56666666666667,2332.0,3.0,7.76,150.0,64.66666666666667,1070.216,6.1,1.5,0.3865979381443299,3.2333333333333334
2024-07-22 07:00:00,7,61,2,14,39,5,1,3,45,0,45,0,64.56666666666666,2392.0,3.0,7.76,152.5,64.66666666666667,1078.001,6.079508196721311,1.525,0.3865979381443299,3.180327868852459
2024-07-22 08:00:00,8,63,2,15,42,3,1,7,45,0,45,0,65.56666666666666,2452.0,3.0,6.82,157.5,67.66666666666667,1087.931,8.382266210492018,1.575,1.0263929618768328,3.2222222222222223
2024-07-22 09:00:00,9,66,2,15,45,3,1,8,45,0,45,0,66.56666666666666,2370.0,3.0,6.82,165.0,70.66666666666667,1100.006,9.067884119790277,1.65,1.1730205278592374,3.212121212121212
2024-07-22 10:00:00,10,64,2,14,45,3,0,6,44,0,44,0,67.56666666666666,2501.0,4.0,10.52,160.0,51.75,1087.956,7.019700570342205,1.6,0.5703422053231939,3.234375
2024-07-22 11:00:00,11,68,2,14,49,3,0,10,43,0,43,0,68.56666666666666,2490.0,4.0,10.52,170.0,54.75,1088.776,8.536395660925967,1.7,0.9505703422053232,3.2205882352941178
2024-07-22 12:00:00,12,69,2,14,50,3,0,7,40,0,40,0,69.56666666666666,2621.0,4.0,10.52,172.5,55.5,1056.361,7.690849727227643,1.725,0.6653992395437263,3.217391304347826
2024-07-22 13:00:00,13,69,2,14,49,4,0,6,41,0,41,0,70.56666666666666,2593.0,4.0,10.52,172.5,55.25,1075.4009999999998,7.351748222846751,1.725,0.5703422053231939,3.2028985507246377
2024-07-22 14:00:00,14,64,2,10,48,4,0,4,38,1,39,1,69.38333333333334,2538.0,4.0,10.52,160.0,50.5,1032.0703068017365,6.250095057034221,1.6,0.3802281368821293,3.15625
2024-07-22 15:00:00,15,55,2,9,40,4,0,2,34,1,35,1,70.38333333333334,2256.0,4.0,10.52,137.5,8.7,964.8053068017366,4.951451780159005,1.375,0.1901140684410646,3.163636363636364
2024-07-22 16:00:00,16,53,2,7,39,4,1,8,27,2,29,2,54.36666666666667,1791.0,4.0,10.52,132.5,3.727272727272727,790.6496136034732,6.453109979195065,1.325,0.7604562737642586,3.0943396226415096
2024-07-22 17:00:00,17,61,3,8,45,4,1,13,29,2,31,2,55.36666666666667,1802.0,4.0,10.52,152.5,5.305555555555555,840.2496136034733,8.644288786386586,1.525,1.2357414448669202,3.1311475409836067
2024-07-22 18:00:00,18,60,3,9,43,4,1,8,30,1,31,1,56.36666666666667,1862.0,4.0,10.52,150.0,5.25,842.8763068017365,7.120437262357415,1.5,0.7604562737642586,3.15
2024-07-22 19:00:00,19,51,2,8,36,4,1,3,29,1,30,1,57.36666666666667,1707.5,4.0,10.52,127.5,3.975,815.8113068017366,4.864062849474391,1.275,0.2851711026615969,3.117647058823529
2024-07-22 20:00:00,20,47,3,6,33,4,1,8,25,0,25,0,58.36666666666667,1476.0,4.0,11.010000000000002,117.5,2.45,745.0029999999999,5.94759551278335,1.175,0.72661217075386,3.127659574468085
2024-07-22 21:00:00,21,48,3,5,33,7,0,9,24,0,24,0,53.86666666666667,1135.5,4.0,11.010000000000002,120.0,2.3125,708.3679999999999,6.220435967302452,1.2,0.8174386920980925,3.083333333333333
2024-07-22 22:00:00,22,48,4,4,37,3,0,8,24,0,24,0,54.86666666666667,1195.5,3.0,7.31,120.0,3.1875,714.008,7.313372093023255,1.2,1.094391244870041,3.1875
2024-07-22 23:00:00,23,48,4,3,37,4,0,9,23,0,23,0,55.86666666666667,1656.0,3.0,7.31,120.0,2.9607843137254903,706.2479999999999,7.64811901504788,1.2,1.231190150478796,3.145833333333333
2024-07-23 00:00:00,0,41,4,3,31,3,0,4,24,0,24,0,56.86666666666667,1315.5,3.0,7.31,102.5,2.7291666666666665,710.273,5.023356744853358,1.025,0.5471956224350205,3.1951219512195124
2024-07-23 01:00:00,1,43,4,3,31,5,0,3,24,0,24,0,57.86666666666667,1375.5,3.0,7.31,107.5,2.8125,720.203,4.6634548086406005,1.075,0.4103967168262654,3.13953488372093
2024-07-23 02:00:00,2,42,4,3,32,3,0,1,24,0,24,0,58.86666666666667,1435.5,3.0,7.31,105.0,2.7916666666666665,723.6980000000001,3.786453651227933,1.05,0.1367989056087551,3.1904761904761907
2024-07-23 03:00:00,3,42,4,3,32,3,0,2,24,0,24,0,59.86666666666667,1495.5,3.0,7.31,105.0,2.7916666666666665,729.338,4.222907302455867,1.05,0.2735978112175102,3.1904761904761907
2024-07-23 04:00:00,4,44,4,3,34,3,0,3,24,0,24,0,60.86666666666667,1555.5,3.0,7.31,110.0,2.9166666666666665,739.268,4.805807735356299,1.1,0.4103967168262654,3.1818181818181817
2024-07-23 05:00:00,5,44,4,3,34,3,0,1,24,0,24,0,61.86666666666667,1615.5,3.0,7.31,110.0,2.9166666666666665,744.908,3.935269245118766,1.1,0.1367989056087551,3.1818181818181817
2024-07-23 06:00:00,6,45,4,3,35,3,0,2,25,0,25,0,62.86666666666667,1275.0,3.0,7.31,112.5,3.1777777777777776,766.093,4.444433044535643,1.125,0.2735978112175102,3.1777777777777776
2024-07-23 07:00:00,7,46,5,3,35,3,0,4,25,1,26,1,63.86666666666667,1229.0,3.0,7.31,115.0,3.523809523809524,788.1463068017366,5.460542437399631,1.15,0.5471956224350205,3.217391304347826
2024-07-23 08:00:00,8,51,5,3,38,5,0,6,26,1,27,1,64.86666666666666,1183.0,3.0,6.8,127.5,4.128205128205129,817.9113068017366,6.810467128027681,1.275,0.8823529411764706,3.156862745098039
2024-07-23 09:00:00,9,54,5,4,38,7,0,6,27,1,28,1,65.86666666666666,1206.0,3.0,6.8,135.0,4.694444444444445,843.3863068017365,6.9864379084967325,1.35,0.8823529411764706,3.1296296296296298
2024-07-23 10:00:00,10,55,3,5,38,9,0,14,28,1,29,1,66.86666666666666,1229.0,4.0,9.89,137.5,3.7954545454545454,864.5713068017366,8.473189171798879,1.375,1.4155712841253791,3.036363636363636
2024-07-23 11:00:00,11,56,3,5,43,5,0,13,31,1,32,1,67.86666666666666,1162.0,4.0,9.89,140.0,5.4375,912.5563068017364,8.43421204680052,1.4,1.3144590495449948,3.107142857142857
2024-07-23 12:00:00,12,56,5,6,42,3,0,9,32,2,34,2,68.86666666666666,1106.0,4.0,9.89,140.0,7.541666666666667,945.8646136034732,7.466282680918677,1.4,0.910010111223458,3.232142857142857
2024-07-23 13:00:00,13,59,3,7,45,4,0,13,31,2,33,2,69.86666666666666,903.0,4.0,9.89,147.5,6.642857142857143,944.5396136034732,8.79388785110795,1.475,1.3144590495449948,3.152542372881356
2024-07-23 14:00:00,14,58,4,6,46,2,0,9,31,2,33,2,70.86666666666666,963.0,4.0,9.89,145.0,6.642857142857143,948.0346136034732,7.568308287716606,1.45,0.910010111223458,3.206896551724138
2024-07-23 15:00:00,15,53,4,6,41,2,0,6,31,1,32,1,71.86666666666666,657.5,4.0,9.89,132.5,5.34375,928.6813068017366,6.232380239235362,1.325,0.6066734074823054,3.2264150943396226
2024-07-23 16:00:00,16,52,4,8,37,3,0,8,32,1,33,1,71.06666666666666,408.0,4.0,9.89,130.0,6.035714285714286,935.4243068017364,6.853918099089991,1.3,0.8088978766430738,3.25
2024-07-23 17:00:00,17,59,4,10,41,4,0,8,34,2,36,2,72.06666666666666,397.5,4.0,9.89,147.5,11.9375,997.1476136034732,7.393635498963171,1.475,0.8088978766430738,3.23728813559322
2024-07-23 18:00:00,18,54,4,10,39,1,0,4,33,2,35,2,73.06666666666666,449.0,4.0,9.89,135.0,8.95,978.6626136034732,5.815673332584354,1.35,0.4044489383215369,3.314814814814815
2024-07-23 19:00:00,19,54,5,7,41,1,0,8,32,1,33,1,74.06666666666666,526.0,4.0,9.89,135.0,6.357142857142857,956.6343068017366,7.116367074860502,1.35,0.8088978766430738,3.2962962962962963
2024-07-23 20:00:00,20,58,5,7,44,2,0,12,32,2,34,2,75.06666666666666,577.5,4.0,10.1,145.0,7.875,985.1226136034732,8.596628542164561,1.45,1.188118811881188,3.2586206896551726
2024-07-23 21:00:00,21,59,5,7,45,2,0,9,31,3,34,3,76.06666666666666,637.5,4.0,10.1,147.5,8.0,993.7759204052098,7.699815405269341,1.475,0.8910891089108911,3.254237288135593
2024-07-23 22:00:00,22,52,5,8,37,2,0,5,31,3,34,3,77.06666666666666,697.5,3.0,7.01,130.0,9.555555555555555,984.4009204052098,6.6592669812355965,1.3,0.7132667617689016,3.3076923076923075
2024-07-23 23:00:00,23,57,5,8,41,3,0,10,31,3,34,3,78.06666666666666,757.5,3.0,7.01,142.5,10.333333333333334,1000.7659204052098,9.305004129439148,1.425,1.4265335235378032,3.263157894736842
2024-07-24 00:00:00,0,59,6,6,43,3,1,8,30,4,34,4,79.06666666666666,794.0,3.0,7.01,147.5,10.555555555555555,1011.5642272069464,8.425137213182138,1.475,1.1412268188302426,3.2203389830508478
2024-07-24 01:00:00,1,54,6,6,38,2,2,4,30,4,34,4,80.06666666666666,854.0,3.0,7.01,135.0,9.666666666666666,1006.4792272069463,6.188643208115391,1.35,0.5706134094151213,3.2222222222222223
2024-07-24 02:00:00,2,47,5,6,36,0,0,2,30,3,33,3,81.06666666666666,929.0,3.0,7.01,117.5,7.476190476190476,982.8359204052095,4.878045800831639,1.175,0.2853067047075606,3.3404255319148937
2024-07-24 03:00:00,3,48,5,6,36,1,0,4,30,3,33,3,82.06666666666666,989.0,3.0,7.01,120.0,7.571428571428571,990.6209204052096,5.86515691868759,1.2,0.5706134094151213,3.3125
2024-07-24 04:00:00,4,46,5,6,35,0,0,2,30,3,33,3,83.06666666666666,1049.0,3.0,7.01,115.0,7.333333333333333,991.9709204052097,4.805157228803572,1.15,0.2853067047075606,3.347826086956522
2024-07-24 05:00:00,5,47,5,6,35,1,0,4,31,3,34,3,84.06666666666666,1094.0,3.0,7.01,117.5,8.666666666666666,1013.1559204052098,5.793950890824658,1.175,0.5706134094151213,3.3191489361702127
2024-07-24 06:00:00,6,49,5,6,37,1,0,4,33,4,37,4,85.06666666666666,1121.0,3.0,7.01,122.5,18.0,1064.1542272069464,5.936517802556115,1.225,0.5706134094151213,3.306122448979592
2024-07-24 07:00:00,7,50,5,6,39,0,0,3,33,4,37,4,86.06666666666666,1181.0,3.0,7.01,125.0,18.444444444444443,1071.9392272069465,5.570827389443651,1.25,0.4279600570613409,3.32
2024-07-24 08:00:00,8,51,5,6,39,1,0,3,33,4,37,4,87.06666666666666,1241.0,3.0,7.04,127.5,18.666666666666668,1079.7242272069464,5.603743315508021,1.275,0.4261363636363636,3.294117647058824
2024-07-24 09:00:00,9,53,4,6,39,3,1,7,32,4,36,4,88.06666666666666,1310.0,3.0,7.04,132.5,14.0,1076.2542272069463,7.35180102915952,1.325,0.9943181818181818,3.169811320754717
2024-07-24 10:00:00,10,57,5,7,40,5,0,14,33,6,39,6,89.06666666666666,1328.0,4.0,10.5,142.5,45.75,1132.4108408104196,8.855701754385965,1.425,1.3333333333333333,3.210526315789474
2024-07-24 11:00:00,11,57,5,6,43,3,0,10,32,6,38,6,87.3,1404.5,4.0,10.5,142.5,23.0,1109.0468408104198,7.674352548036758,1.425,0.9523809523809524,3.2280701754385963
2024-07-24 12:00:00,12,53,4,6,42,1,0,8,33,4,37,4,73.85,1448.0,4.0,10.5,132.5,14.333333333333334,1009.4722272069464,6.772596585804134,1.325,0.7619047619047619,3.2452830188679247
2024-07-24 13:00:00,13,52,4,5,40,3,0,13,29,4,33,4,71.43333333333334,1323.0,4.0,10.5,130.0,5.928571428571429,940.0972272069464,8.102380952380953,1.3,1.238095238095238,3.1923076923076925
2024-07-24 14:00:00,14,52,4,5,37,6,0,9,27,4,31,4,72.43333333333334,1483.0,4.0,10.5,130.0,4.527777777777778,918.9372272069464,6.761813186813186,1.3,0.8571428571428571,3.1346153846153846
2024-07-24 15:00:00,15,60,4,7,43,5,1,13,28,5,33,5,73.43333333333334,1443.0,4.0,10.5,150.0,6.714285714285714,969.405534008683,8.579365079365079,1.5,1.238095238095238,3.1333333333333333
2024-07-24 16:00:00,16,50,3,6,38,2,1,7,30,4,34,4,74.43333333333334,1501.0,4.0,10.5,125.0,6.583333333333333,966.1272272069464,6.056666666666667,1.25,0.6666666666666666,3.16
2024-07-24 17:00:00,17,51,3,7,37,3,1,10,29,4,33,4,75.43333333333334,1559.0,4.0,10.5,127.5,5.75,960.5122272069464,7.031535947712417,1.275,0.9523809523809524,3.156862745098039
2024-07-24 18:00:00,18,51,4,8,37,2,0,5,30,4,34,4,76.43333333333334,1602.0,4.0,10.5,127.5,6.958333333333333,979.5522272069466,5.734290382819794,1.275,0.4761904761904761,3.2745098039215685
2024-07-24 19:00:00,19,55,4,8,38,5,0,10,29,4,33,4,77.43333333333334,1679.0,4.0,10.5,137.5,6.285714285714286,980.3722272069464,7.447619047619049,1.375,0.9523809523809524,3.2
2024-07-24 20:00:00,20,61,4,8,41,8,0,20,29,3,32,3,78.43333333333334,1741.0,4.0,10.1,152.5,5.96875,984.61392040521,10.975292160363578,1.525,1.98019801980198,3.1311475409836067
2024-07-24 21:00:00,21,64,5,8,39,11,1,12,29,3,32,3,79.43333333333334,1801.0,4.0,10.1,160.0,6.15625,996.6889204052098,8.582178217821781,1.6,1.188118811881188,3.078125
2024-07-24 22:00:00,22,58,6,8,37,7,0,5,31,4,35,4,80.43333333333334,1825.0,3.0,6.64,145.0,12.466666666666669,1030.5272272069465,7.102814707104279,1.45,0.7530120481927711,3.2241379310344827
2024-07-24 23:00:00,23,56,6,7,35,8,0,7,31,4,35,4,81.43333333333334,1885.0,3.0,6.64,140.0,11.933333333333334,1031.8772272069464,7.844728915662651,1.4,1.0542168674698795,3.196428571428572
2024-07-25 00:00:00,0,51,6,6,33,6,0,3,31,4,35,4,82.43333333333334,1945.0,3.0,6.64,127.5,11.0,1026.7922272069463,5.586729270021261,1.275,0.4518072289156626,3.235294117647059
2024-07-25 01:00:00,1,50,6,7,32,5,0,3,31,4,35,4,83.43333333333334,2005.0,3.0,6.64,125.0,10.933333333333334,1030.2872272069465,5.581927710843374,1.25,0.4518072289156626,3.28
2024-07-25 02:00:00,2,48,6,7,32,3,0,2,32,4,36,4,84.43333333333334,1991.5,3.0,6.64,120.0,13.333333333333334,1045.0372272069465,5.004016064257028,1.2,0.3012048192771084,3.333333333333333
2024-07-25 03:00:00,3,48,6,7,33,2,0,2,32,4,36,4,85.43333333333334,2051.5,3.0,6.64,120.0,13.416666666666666,1050.6772272069466,5.035291164658634,1.2,0.3012048192771084,3.3541666666666665
2024-07-25 04:00:00,4,50,6,8,33,3,0,3,32,4,36,4,86.43333333333334,2111.5,3.0,6.64,125.0,13.916666666666666,1060.6072272069464,5.684036144578314,1.25,0.4518072289156626,3.34
2024-07-25 05:00:00,5,49,6,9,31,3,0,2,32,4,36,4,87.43333333333334,2171.5,3.0,6.64,122.5,13.75,1064.1022272069465,5.139261126137202,1.225,0.3012048192771084,3.36734693877551
2024-07-25 06:00:00,6,51,6,10,31,4,0,2,32,5,37,5,88.43333333333334,2158.0,3.0,6.64,127.5,19.0,1088.300534008683,5.284922041105599,1.275,0.3012048192771084,3.3529411764705883
2024-07-25 07:00:00,7,53,6,10,34,3,0,4,33,5,38,5,89.43333333333334,2173.5,3.0,6.64,132.5,29.666666666666668,1111.630534008683,6.47318708797454,1.325,0.6024096385542169,3.358490566037736
2024-07-25 08:00:00,8,51,6,9,34,2,0,4,33,5,38,5,90.43333333333334,2233.5,3.0,7.76,127.5,28.666666666666668,1112.980534008683,6.038427329694764,1.275,0.5154639175257733,3.372549019607843
2024-07-25 09:00:00,9,60,6,10,38,5,1,11,34,6,40,6,91.43333333333334,2227.5,3.0,7.76,150.0,65.0,1165.5938408104196,9.4819587628866,1.5,1.4175257731958764,3.25
2024-07-25 10:00:00,10,70,6,13,45,4,2,15,37,6,43,6,92.43333333333334,2186.0,4.0,11.01,175.0,56.75,1232.8838408104198,10.093061502530167,1.75,1.362397820163488,3.242857142857143
2024-07-25 11:00:00,11,79,6,13,42,13,5,19,37,6,43,6,93.43333333333334,1561.0,4.0,11.01,197.5,59.75,1257.8288408104197,11.195800423090631,1.975,1.7257039055404175,3.0253164556962027
2024-07-25 12:00:00,12,80,6,12,45,16,1,14,37,5,42,5,94.43333333333334,1548.5,4.0,11.01,200.0,61.5,1251.3455340086832,10.06008174386921,2.0,1.2715712988192551,3.075
2024-07-25 13:00:00,13,67,5,11,40,10,1,6,34,5,39,5,71.48333333333333,1552.0,4.0,11.01,167.5,52.5,1053.822534008683,6.9580808491601935,1.675,0.5449591280653951,3.1343283582089554
2024-07-25 14:00:00,14,67,4,8,41,13,1,15,34,4,38,4,72.48333333333333,1385.0,4.0,11.01,167.5,25.25,1045.1942272069464,9.157527756313796,1.675,1.362397820163488,3.014925373134328
2024-07-25 15:00:00,15,73,4,8,44,16,1,14,33,3,36,3,73.48333333333333,1560.5,4.0,11.01,182.5,13.5625,1036.0359204052097,9.2048763266271,1.825,1.2715712988192551,2.9726027397260277
2024-07-25 16:00:00,16,77,4,8,45,17,3,17,33,3,36,3,74.48333333333333,1620.5,4.0,11.01,192.5,14.0,1050.2559204052095,10.09178432829659,1.925,1.5440508628519527,2.909090909090909
2024-07-25 17:00:00,17,80,4,8,52,14,2,14,36,3,39,3,75.48333333333333,1536.0,4.0,11.01,200.0,59.5,1102.5309204052098,9.732924613987285,2.0,1.2715712988192551,2.975
2024-07-25 18:00:00,18,72,4,9,48,11,0,11,36,3,39,3,76.48333333333333,1596.0,4.0,11.01,180.0,55.5,1091.0109204052098,8.63053284892522,1.8,0.9990917347865576,3.083333333333333
2024-07-25 19:00:00,19,67,4,10,44,9,0,9,36,3,39,3,77.48333333333333,1534.0,4.0,11.01,167.5,52.5,1085.9259204052098,7.81212127374029,1.675,0.8174386920980926,3.1343283582089554
2024-07-25 20:00:00,20,62,4,10,41,6,1,7,31,3,34,3,78.48333333333333,1745.0,4.0,10.54,155.0,8.166666666666666,1013.8409204052098,6.999528677235723,1.55,0.6641366223908919,3.161290322580645
2024-07-25 21:00:00,21,60,4,10,39,7,0,8,32,3,35,3,79.48333333333333,1776.0,4.0,10.54,150.0,9.55,1028.5909204052098,7.191192283364958,1.5,0.7590132827324478,3.183333333333333
2024-07-25 22:00:00,22,53,4,9,34,6,0,9,31,1,32,1,80.48333333333333,1865.0,3.0,7.29,132.5,7.083333333333333,977.2793068017364,8.20993477754484,1.325,1.2345679012345678,3.207547169811321
2024-07-25 23:00:00,23,50,4,8,34,4,0,9,31,1,32,1,81.48333333333333,1925.0,3.0,7.29,125.0,6.75,976.4843068017368,8.05,1.25,1.2345679012345678,3.24
2024-07-26 00:00:00,0,50,4,8,33,5,0,10,32,1,33,1,82.48333333333333,1956.0,3.0,7.29,125.0,7.666666666666667,995.5243068017368,8.442009602194789,1.25,1.3717421124828533,3.22
2024-07-26 01:00:00,1,47,4,7,31,5,0,3,32,1,33,1,83.48333333333333,2016.0,3.0,7.29,117.5,7.190476190476191,994.7293068017366,5.097125908414325,1.175,0.411522633744856,3.2127659574468086
2024-07-26 02:00:00,2,49,4,7,30,8,0,5,32,1,33,1,84.48333333333333,2076.0,3.0,7.29,122.5,7.333333333333333,1004.6593068017364,6.005594748187342,1.225,0.6858710562414266,3.142857142857143
2024-07-26 03:00:00,3,46,4,7,28,7,0,1,31,1,32,1,85.48333333333333,2165.0,3.0,7.29,115.0,6.083333333333333,990.4643068017366,4.085379018309775,1.15,0.1371742112482853,3.1739130434782608
2024-07-26 04:00:00,4,44,4,7,27,6,0,1,31,1,32,1,86.48333333333333,2225.0,3.0,7.29,110.0,5.875,991.8143068017366,3.964580995136552,1.1,0.1371742112482853,3.2045454545454546
2024-07-26 05:00:00,5,44,4,8,27,5,0,1,31,1,32,1,87.48333333333333,2285.0,3.0,7.29,110.0,5.958333333333333,997.4543068017366,4.020816186556928,1.1,0.1371742112482853,3.25
2024-07-26 06:00:00,6,42,4,8,26,4,0,0,31,1,32,1,88.48333333333333,2345.0,3.0,7.29,105.0,5.75,998.8043068017366,3.45,1.05,0.0,3.2857142857142856
2024-07-26 07:00:00,7,45,4,8,29,4,0,3,31,1,32,1,89.48333333333333,2405.0,3.0,7.29,112.5,6.125,1010.8793068017368,5.019307270233195,1.125,0.411522633744856,3.2666666666666666
2024-07-26 08:00:00,8,50,5,9,32,4,0,7,32,1,33,1,90.48333333333332,2436.0,3.0,6.8,125.0,7.857142857142857,1040.6443068017363,7.522058823529411,1.25,1.0294117647058825,3.3
2024-07-26 09:00:00,9,55,5,12,35,3,0,9,35,1,36,1,91.48333333333332,2340.5,3.0,6.8,137.5,15.333333333333334,1097.2093068017366,9.027807486631014,1.375,1.3235294117647058,3.345454545454545
2024-07-26 10:00:00,10,61,5,13,40,3,0,9,37,1,38,1,92.48333333333332,2315.0,4.0,10.05,152.5,25.375,1142.5193068017363,8.055181061903596,1.525,0.8955223880597014,3.3278688524590163
2024-07-26 11:00:00,11,68,4,14,48,2,0,15,41,2,43,2,93.48333333333332,1611.0,4.0,10.05,170.0,56.0,1231.0426136034732,10.51659350307287,1.7,1.4925373134328357,3.294117647058824
2024-07-26 12:00:00,12,73,4,15,52,2,0,11,41,2,43,2,94.48333333333332,1565.0,4.0,10.05,182.5,60.0,1247.4076136034732,9.5984461255367,1.825,1.0945273631840795,3.287671232876712
2024-07-26 13:00:00,13,73,4,15,51,3,0,9,39,2,41,2,95.48333333333332,1530.0,4.0,10.05,182.5,59.75,1226.2476136034732,8.906915763647516,1.825,0.8955223880597014,3.2739726027397262
2024-07-26 14:00:00,14,62,4,12,43,3,0,6,32,3,35,3,70.41666666666667,1222.0,4.0,10.05,155.0,10.15,981.74492040521,7.02974241694752,1.55,0.5970149253731343,3.274193548387097
2024-07-26 15:00:00,15,58,3,11,41,3,0,7,31,3,34,3,52.06666666666667,717.0,4.0,10.05,145.0,7.833333333333333,856.2709204052098,6.957677131583462,1.45,0.6965174129353233,3.2413793103448274
2024-07-26 16:00:00,16,56,2,10,42,2,0,11,28,3,31,3,52.86666666666667,459.0,4.0,10.05,140.0,5.0,816.2929204052099,8.018123667377399,1.4,1.0945273631840795,3.2142857142857144
2024-07-26 17:00:00,17,54,2,11,36,5,0,8,26,3,29,3,53.86666666666667,519.0,4.0,10.05,135.0,3.909090909090909,790.8429204052098,6.835470794177262,1.35,0.7960199004975124,3.185185185185185
2024-07-26 18:00:00,18,46,2,8,32,4,0,5,27,1,28,1,54.86666666666667,557.0,4.0,10.05,115.0,3.0416666666666665,764.1863068017366,5.229061215660826,1.15,0.4975124378109452,3.1739130434782608
2024-07-26 19:00:00,19,39,2,6,29,2,0,2,25,1,26,1,55.86666666666667,617.0,4.0,10.05,97.5,2.232142857142857,728.0113068017366,3.762836458731981,0.975,0.1990049751243781,3.2051282051282053
2024-07-26 20:00:00,20,37,1,7,27,2,0,8,21,1,22,1,56.86666666666667,595.0,4.0,9.61,92.5,1.6388888888888888,675.7613068017366,5.604892145006609,0.925,0.8324661810613945,3.189189189189189
2024-07-26 21:00:00,21,38,2,5,28,3,0,7,18,2,20,2,57.86666666666667,612.0,4.0,9.61,95.0,1.5,657.6146136034732,5.300235500301222,0.95,0.7284079084287202,3.1578947368421053
2024-07-26 22:00:00,22,40,2,5,27,4,2,11,20,2,22,2,58.86666666666667,619.0,3.0,6.359999999999999,100.0,2.240740740740741,694.3446136034731,8.25691823899371,1.0,1.729559748427673,3.025
2024-07-26 23:00:00,23,36,1,4,28,2,1,7,22,2,24,2,59.86666666666667,518.0,3.0,6.359999999999999,90.0,2.2916666666666665,718.2046136034733,6.113032844164921,0.9,1.1006289308176105,3.055555555555556
2024-07-27 00:00:00,0,40,2,4,32,1,1,9,23,2,25,2,60.86666666666667,558.0,3.0,6.359999999999999,100.0,2.7777777777777777,745.8246136034733,7.547169811320756,1.0,1.4150943396226416,3.125
2024-07-27 01:00:00,1,37,2,5,28,2,0,4,24,2,26,2,61.86666666666667,597.0,3.0,6.359999999999999,92.5,2.8095238095238093,758.4296136034733,4.95577936426993,0.925,0.628930817610063,3.189189189189189
2024-07-27 02:00:00,2,36,2,6,26,2,0,6,24,2,26,2,62.86666666666667,657.0,3.0,6.359999999999999,90.0,2.761904761904762,761.9246136034733,5.939832285115305,0.9,0.9433962264150944,3.2222222222222223
2024-07-27 03:00:00,3,30,1,6,22,1,0,1,25,0,25,0,63.86666666666667,738.0,3.0,6.359999999999999,75.0,2.1555555555555554,739.558,2.933385744234801,0.75,0.1572327044025157,3.2333333333333334
2024-07-27 04:00:00,4,32,1,6,24,1,0,3,26,0,26,0,64.86666666666666,777.0,3.0,6.359999999999999,80.0,2.452380952380953,762.8879999999999,4.093278301886793,0.8,0.4716981132075472,3.21875
2024-07-27 05:00:00,5,33,2,6,24,1,0,1,26,0,26,0,65.86666666666666,837.0,3.0,6.359999999999999,82.5,2.571428571428572,770.673,3.2145797598627786,0.825,0.1572327044025157,3.272727272727273
2024-07-27 06:00:00,6,31,1,6,23,1,0,0,26,0,26,0,66.86666666666666,897.0,3.0,6.359999999999999,77.5,2.380952380952381,772.0229999999999,2.5,0.775,0.0,3.225806451612903
2024-07-27 07:00:00,7,33,1,9,22,1,0,3,26,1,27,1,67.86666666666666,936.0,3.0,6.359999999999999,82.5,2.7948717948717947,796.2213068017365,4.283033161806747,0.825,0.4716981132075472,3.303030303030303
2024-07-27 08:00:00,8,38,1,10,26,1,0,5,28,1,29,1,68.86666666666666,987.0,3.0,6.96,95.0,3.787878787878788,839.3863068017365,5.488127646702964,0.95,0.7183908045977011,3.289473684210526
2024-07-27 09:00:00,9,43,1,10,31,1,0,7,30,0,30,0,69.86666666666666,822.0,3.0,6.96,107.5,4.666666666666667,868.2829999999999,6.774525527933708,1.075,1.0057471264367817,3.255813953488372
2024-07-27 10:00:00,10,46,2,10,31,3,0,8,28,1,29,1,70.86666666666666,757.0,4.0,10.28,115.0,3.386363636363636,867.8263068017366,6.245724073760785,1.15,0.7782101167315175,3.239130434782609
2024-07-27 11:00:00,11,46,1,11,32,2,0,9,27,1,28,1,71.86666666666666,773.5,4.0,10.28,115.0,3.1041666666666665,860.0663068017366,6.560814582980883,1.15,0.8754863813229573,3.239130434782609
2024-07-27 12:00:00,12,42,3,10,25,4,0,10,24,1,25,1,72.86666666666666,769.0,4.0,10.28,105.0,2.3,816.9263068017366,6.646220122290161,1.05,0.972762645914397,3.2857142857142856
2024-07-27 13:00:00,13,44,2,10,30,2,0,13,24,1,25,1,73.86666666666666,829.0,4.0,10.28,110.0,2.4,826.8563068017365,7.738662893526709,1.1,1.264591439688716,3.272727272727273
2024-07-27 14:00:00,14,45,2,10,31,2,0,9,25,0,25,0,74.86666666666666,889.0,4.0,10.28,112.5,2.45,833.7729999999999,6.534922178988326,1.125,0.8754863813229573,3.2666666666666666
2024-07-27 15:00:00,15,47,2,11,31,3,0,11,27,1,28,1,29.316666666666663,324.5,4.0,10.28,117.5,3.1875,622.2293068017366,7.308318155476447,1.175,1.0700389105058363,3.25531914893617
2024-07-27 16:00:00,16,52,2,12,35,3,0,12,26,1,27,1,30.316666666666663,335.0,4.0,10.28,130.0,3.25,625.1943068017366,8.018774319066148,1.3,1.1673151750972763,3.25
2024-07-27 17:00:00,17,47,2,10,33,2,0,7,28,1,29,1,31.316666666666663,374.0,4.0,10.28,117.5,3.477272727272727,646.9093068017366,6.041657008030466,1.175,0.6809338521400778,3.25531914893617
2024-07-27 18:00:00,18,48,2,10,30,5,1,12,27,0,27,0,32.31666666666667,455.0,4.0,10.28,120.0,2.9038461538461537,627.0260000000001,7.447178988326849,1.2,1.1673151750972763,3.145833333333333
2024-07-27 19:00:00,19,40,3,9,26,2,0,6,23,1,24,1,28.433333333333334,504.5,4.0,10.28,100.0,2.078125,548.6323068017366,5.265661478599222,1.0,0.5836575875486382,3.325
2024-07-27 20:00:00,20,38,3,9,26,0,0,6,25,1,26,1,28.6,546.0,4.0,10.0,95.0,2.3035714285714284,572.0823068017366,5.261842105263158,0.95,0.6,3.3947368421052637
2024-07-27 21:00:00,21,44,1,10,32,1,0,14,26,0,26,0,29.6,606.0,4.0,10.0,110.0,2.5535714285714284,589.724,8.125,1.1,1.4,3.25
2024-07-27 22:00:00,22,41,1,10,30,0,0,6,27,0,27,0,30.6,658.0,3.0,6.68,102.5,3.4615384615384617,602.329,6.332499634876588,1.025,0.8982035928143713,3.292682926829268
2024-07-27 23:00:00,23,44,2,10,30,2,0,7,27,0,27,0,31.6,718.0,3.0,6.68,110.0,3.692307692307693,614.404,7.029504627109418,1.1,1.0479041916167666,3.272727272727273
2024-07-28 00:00:00,0,46,3,10,31,2,0,7,27,1,28,1,32.6,775.5,3.0,6.68,115.0,4.222222222222222,638.6023068017366,7.262639937516271,1.15,1.0479041916167666,3.3043478260869565
2024-07-28 01:00:00,1,44,3,9,31,1,0,7,27,1,28,1,33.6,835.5,3.0,6.68,110.0,4.055555555555555,639.9523068017367,7.127136635819271,1.1,1.0479041916167666,3.3181818181818183
2024-07-28 02:00:00,2,44,4,9,31,0,0,9,30,0,30,0,34.6,825.5,3.0,6.68,110.0,4.966666666666667,671.524,8.287465977136637,1.1,1.347305389221557,3.386363636363636
2024-07-28 03:00:00,3,37,3,9,25,0,0,0,29,0,29,0,35.6,953.0,3.0,6.68,92.5,3.8181818181818175,648.749,3.15,0.925,0.0,3.4054054054054053
2024-07-28 04:00:00,4,36,3,9,24,0,0,2,29,0,29,0,36.6,1013.0,3.0,6.68,90.0,3.727272727272727,652.244,4.097954091816368,0.9,0.2994011976047904,3.4166666666666665
2024-07-28 05:00:00,5,35,3,10,22,0,0,2,29,0,29,0,37.6,1073.0,3.0,6.68,87.5,3.6666666666666665,655.739,4.060072711719418,0.875,0.2994011976047904,3.4571428571428573
2024-07-28 06:00:00,6,37,3,11,23,0,0,2,30,0,30,0,38.6,1065.5,3.0,6.68,92.5,4.266666666666667,679.069,4.235766305227384,0.925,0.2994011976047904,3.45945945945946
2024-07-28 07:00:00,7,35,3,11,21,0,0,0,30,0,30,0,39.6,1125.5,3.0,6.68,87.5,4.066666666666666,680.419,3.05,0.875,0.0,3.4857142857142858
2024-07-28 08:00:00,8,35,3,10,22,0,0,1,30,0,30,0,40.6,1185.5,3.0,7.16,87.5,4.033333333333333,686.059,3.5078411811652037,0.875,0.1396648044692737,3.4571428571428573
2024-07-28 09:00:00,9,41,3,10,26,2,0,7,30,0,30,0,41.6,1245.5,3.0,7.16,102.5,4.566666666666666,704.569,6.691793841122769,1.025,0.9776536312849162,3.341463414634146
2024-07-28 10:00:00,10,39,3,10,25,1,0,6,30,1,31,1,42.6,1238.0,4.0,11.03,97.5,3.6666666666666665,720.1873068017367,5.141132575493409,0.975,0.5439709882139618,3.3846153846153846
2024-07-28 11:00:00,11,41,3,11,25,2,0,11,28,1,29,1,41.36666666666667,1265.0,4.0,11.03,102.5,3.136363636363636,690.7213068017365,6.806699024832496,1.025,0.99728014505893,3.365853658536585
2024-07-28 12:00:00,12,42,3,11,24,4,0,11,27,1,28,1,42.36666666666667,1321.5,4.0,11.03,105.0,2.895833333333333,685.1063068017365,6.775522384837887,1.05,0.99728014505893,3.3095238095238093
2024-07-28 13:00:00,13,38,3,10,22,3,0,6,25,2,27,2,43.36666666666667,1345.0,4.0,11.03,95.0,2.4423076923076925,669.6346136034732,4.993008302715083,0.95,0.5439709882139618,3.3421052631578947
2024-07-28 14:00:00,14,41,3,10,26,2,0,10,26,2,28,2,44.36666666666667,1403.5,4.0,11.03,102.5,2.8541666666666665,695.1096136034732,6.454431926232226,1.025,0.9066183136899364,3.341463414634146
2024-07-28 15:00:00,15,52,3,10,34,5,0,16,29,2,31,2,45.36666666666667,1399.0,4.0,11.03,130.0,4.638888888888889,764.5446136034732,8.833623334960595,1.3,1.4505893019038982,3.2115384615384617
2024-07-28 16:00:00,16,48,3,9,30,6,0,10,29,2,31,2,42.35,1397.0,4.0,11.03,120.0,4.25,738.9506136034734,6.714845874886672,1.2,0.9066183136899364,3.1875
2024-07-28 17:00:00,17,55,3,14,31,7,0,14,33,3,36,3,43.35,1242.0,4.0,11.03,137.5,11.125,827.4739204052099,8.557805159482403,1.375,1.269265639165911,3.2363636363636363
2024-07-28 18:00:00,18,52,3,15,31,3,0,8,33,3,36,3,44.35,1302.0,4.0,11.03,130.0,10.875,826.6789204052099,6.776947485877676,1.3,0.7252946509519491,3.3461538461538463
2024-07-28 19:00:00,19,47,3,14,26,4,0,6,35,2,37,2,45.35,1343.0,4.0,11.03,117.5,13.083333333333334,834.1256136034732,5.742094577650894,1.175,0.5439709882139618,3.3404255319148937
2024-07-28 20:00:00,20,52,3,14,32,3,0,11,34,2,36,2,46.35,1422.0,4.0,11.63,130.0,10.8125,837.0906136034732,7.471702824260864,1.3,0.945829750644884,3.326923076923077
2024-07-28 21:00:00,21,57,3,14,38,2,0,11,35,2,37,2,47.35,1463.0,4.0,11.63,142.5,15.75,866.8556136034732,7.861172331085669,1.425,0.945829750644884,3.3157894736842106
2024-07-28 22:00:00,22,57,3,14,39,1,0,12,33,2,35,2,48.35,1561.0,3.0,7.76,142.5,12.666666666666666,845.6956136034732,9.904639175257731,1.425,1.5463917525773196,3.333333333333333
2024-07-28 23:00:00,23,55,3,16,33,3,0,10,30,3,33,3,49.35,1779.0,3.0,7.76,137.5,8.761904761904763,821.1139204052099,8.911152764761011,1.375,1.288659793814433,3.345454545454545
2024-07-29 00:00:00,0,51,4,17,27,3,0,6,31,3,34,3,50.35,1760.0,3.0,7.76,127.5,9.72222222222222,831.5739204052097,7.0281231049120665,1.275,0.7731958762886598,3.431372549019608
2024-07-29 01:00:00,1,53,4,17,28,4,0,9,31,3,34,3,51.35,1820.0,3.0,7.76,132.5,10.0,841.5039204052098,8.438922388640343,1.325,1.1597938144329898,3.39622641509434
2024-07-29 02:00:00,2,53,4,17,28,4,0,4,31,3,34,3,52.35,1880.0,3.0,7.76,132.5,10.0,847.1439204052099,6.250632172729042,1.325,0.5154639175257733,3.39622641509434
2024-07-29 03:00:00,3,54,4,17,28,5,0,4,31,3,34,3,53.35,1940.0,3.0,7.76,135.0,10.11111111111111,854.9289204052099,6.287304314623902,1.35,0.5154639175257733,3.3703703703703702
2024-07-29 04:00:00,4,52,5,17,29,1,0,5,31,3,34,3,54.35,2000.0,3.0,7.76,130.0,10.11111111111111,856.2789204052099,6.805154639175258,1.3,0.6443298969072165,3.5
2024-07-29 05:00:00,5,51,5,16,28,2,0,3,32,3,35,3,55.35,1981.0,3.0,7.76,127.5,11.8,873.1739204052099,5.766722255912674,1.275,0.3865979381443299,3.4705882352941178
2024-07-29 06:00:00,6,51,5,16,27,3,0,2,32,3,35,3,56.35,2041.0,3.0,7.76,127.5,11.733333333333333,878.8139204052098,5.289427936122903,1.275,0.2577319587628866,3.450980392156863
2024-07-29 07:00:00,7,49,5,15,25,4,0,3,32,3,35,3,57.35,2101.0,3.0,7.76,122.5,11.2,880.1639204052099,5.525478645066274,1.225,0.3865979381443299,3.4285714285714284
2024-07-29 08:00:00,8,48,5,15,26,2,0,3,33,3,36,3,58.35,2142.0,3.0,8.059999999999999,120.0,13.916666666666666,897.0589204052098,5.469975186104218,1.2,0.3722084367245658,3.4791666666666665
2024-07-29 09:00:00,9,53,5,15,31,2,0,6,36,3,39,3,59.35,2052.0,3.0,8.059999999999999,132.5,60.66666666666666,953.62392040521,7.106299452221546,1.325,0.7444168734491317,3.4339622641509435
2024-07-29 10:00:00,10,52,4,15,31,2,0,4,36,3,39,3,60.35,2112.0,4.0,11.31,130.0,44.25,957.1189204052098,5.628835951846562,1.3,0.3536693191865606,3.4038461538461537
2024-07-29 11:00:00,11,53,4,15,33,1,0,8,35,3,38,3,61.35,2101.0,4.0,11.31,132.5,22.625,951.5039204052098,6.940628180104433,1.325,0.7073386383731212,3.4150943396226414
2024-07-29 12:00:00,12,59,4,14,38,3,0,13,38,3,41,3,61.86666666666667,1276.0,4.0,11.31,147.5,49.0,1007.48792040521,8.718429768166766,1.475,1.149425287356322,3.3220338983050848
2024-07-29 13:00:00,13,57,3,12,39,3,0,6,35,2,37,2,62.86666666666667,1288.0,4.0,11.31,142.5,15.5,954.3696136034732,6.381118246544744,1.425,0.5305039787798409,3.263157894736842
2024-07-29 14:00:00,14,57,2,14,39,2,0,10,31,3,34,3,63.86666666666667,1282.0,4.0,11.31,142.5,7.791666666666667,920.67792040521,7.575708889819598,1.425,0.8841732979664015,3.280701754385965
2024-07-29 15:00:00,15,62,2,14,42,4,0,10,31,3,34,3,54.2,1248.5,4.0,11.31,155.0,8.333333333333334,876.8829204052098,7.852171928923876,1.55,0.8841732979664015,3.225806451612903
2024-07-29 16:00:00,16,50,2,12,34,2,0,5,30,3,33,3,55.13333333333333,993.0,4.0,11.31,125.0,5.857142857142857,843.0069204052098,5.550044208664898,1.25,0.4420866489832007,3.28
2024-07-29 17:00:00,17,52,2,12,36,2,0,4,31,4,35,4,56.13333333333333,730.0,4.0,11.31,130.0,8.5,880.6052272069464,5.406226620417602,1.3,0.3536693191865606,3.269230769230769
2024-07-29 18:00:00,18,48,2,10,35,1,0,4,31,4,35,4,57.13333333333333,790.0,4.0,11.31,120.0,7.85,877.6652272069464,5.081793398172708,1.2,0.3536693191865606,3.270833333333333
2024-07-29 19:00:00,19,47,2,8,36,1,0,6,33,3,36,3,58.13333333333333,631.5,4.0,11.31,117.5,9.5,893.6919204052098,5.5156724420114,1.175,0.5305039787798409,3.234042553191489
2024-07-29 20:00:00,20,47,2,8,36,1,0,5,33,3,36,3,59.13333333333333,691.5,4.0,11.0,117.5,9.5,899.3319204052098,5.270019342359768,1.175,0.4545454545454545,3.234042553191489
2024-07-29 21:00:00,21,48,2,8,36,2,0,9,30,3,33,3,60.13333333333333,970.0,4.0,11.0,120.0,5.5,866.9169204052098,6.475,1.2,0.8181818181818182,3.208333333333333
2024-07-29 22:00:00,22,52,3,8,39,2,0,11,32,2,34,2,61.13333333333333,735.0,3.0,7.75,130.0,9.333333333333334,893.6686136034732,8.785607940446651,1.3,1.4193548387096775,3.230769230769231
2024-07-29 23:00:00,23,47,3,8,34,2,0,5,33,1,34,1,62.13333333333333,795.0,3.0,7.75,117.5,8.5,887.7153068017367,5.9252059025394646,1.175,0.6451612903225806,3.25531914893617
2024-07-30 00:00:00,0,45,4,8,31,2,0,4,33,2,35,2,63.13333333333333,795.0,3.0,7.75,112.5,9.933333333333334,903.3336136034732,5.433960573476703,1.125,0.5161290322580645,3.311111111111111
2024-07-30 01:00:00,1,48,4,10,31,3,0,8,34,2,36,2,64.13333333333334,844.0,3.0,7.75,120.0,13.25,928.8086136034732,7.394354838709678,1.2,1.032258064516129,3.3125
2024-07-30 02:00:00,2,43,4,10,27,2,0,2,34,2,36,2,65.13333333333334,904.0,3.0,7.75,107.5,12.083333333333334,923.7236136034732,4.4952175543885975,1.075,0.2580645161290322,3.372093023255814
2024-07-30 03:00:00,3,45,4,10,29,2,0,3,34,2,36,2,66.13333333333334,964.0,3.0,7.75,112.5,12.583333333333334,933.6536136034732,5.073924731182796,1.125,0.3870967741935484,3.355555555555556
2024-07-30 04:00:00,4,42,4,9,27,2,0,0,34,2,36,2,67.13333333333334,1024.0,3.0,7.75,105.0,11.75,932.8586136034731,3.5250000000000004,1.05,0.0,3.357142857142857
2024-07-30 05:00:00,5,42,4,9,27,2,0,0,34,2,36,2,68.13333333333334,1084.0,3.0,7.75,105.0,11.75,938.4986136034734,3.5250000000000004,1.05,0.0,3.357142857142857
2024-07-30 06:00:00,6,42,4,9,26,3,0,3,34,2,36,2,69.13333333333334,1144.0,3.0,7.75,105.0,11.666666666666666,944.1386136034732,4.790322580645161,1.05,0.3870967741935484,3.333333333333333
2024-07-30 07:00:00,7,45,4,12,27,2,0,4,35,2,37,2,70.13333333333334,1193.0,3.0,7.75,112.5,17.0,969.6136136034733,5.57983870967742,1.125,0.5161290322580645,3.4
2024-07-30 08:00:00,8,46,4,12,28,2,0,3,36,2,38,2,71.13333333333334,1248.0,3.0,6.64,115.0,26.0,990.7986136034732,5.432215819800943,1.15,0.4518072289156626,3.391304347826087
2024-07-30 09:00:00,9,48,4,13,30,1,0,5,37,2,39,2,72.13333333333334,1303.0,3.0,6.64,120.0,54.66666666666666,1014.1286136034732,6.672791164658634,1.2,0.7530120481927711,3.4166666666666665
2024-07-30 10:00:00,10,53,5,13,33,2,0,7,36,2,38,2,71.68333333333334,1359.5,4.0,9.98,132.5,22.5,1008.915613603473,6.882122736038114,1.325,0.7014028056112224,3.39622641509434
2024-07-30 11:00:00,11,54,4,12,35,3,0,8,37,2,39,2,72.68333333333334,1416.0,4.0,9.98,135.0,44.75,1030.1006136034732,7.132166184220293,1.35,0.8016032064128256,3.314814814814815
2024-07-30 12:00:00,12,53,4,11,36,2,0,9,33,4,37,4,70.63333333333334,1239.0,4.0,9.98,132.5,14.666666666666666,991.3302272069466,7.394668582447915,1.325,0.9018036072144288,3.320754716981132
2024-07-30 13:00:00,13,53,3,12,33,5,0,7,31,4,35,4,71.63333333333334,1109.0,4.0,9.98,132.5,8.6,970.1702272069464,6.57625061443642,1.325,0.7014028056112224,3.2452830188679247
2024-07-30 14:00:00,14,45,3,11,28,3,0,8,26,5,31,5,63.2,869.0,4.0,9.98,112.5,4.138888888888889,852.714534008683,6.3791972834558,1.125,0.8016032064128256,3.311111111111111
2024-07-30 15:00:00,15,43,3,11,28,1,0,6,24,5,29,5,46.18333333333333,878.0,4.0,9.98,107.5,3.2954545454545454,725.650534008683,5.652310434823135,1.075,0.6012024048096192,3.372093023255814
2024-07-30 16:00:00,16,38,1,10,26,1,0,6,22,5,27,5,47.18333333333333,569.0,4.0,9.98,95.0,2.4038461538461537,693.7655340086831,5.102639489505326,0.95,0.6012024048096192,3.289473684210526
2024-07-30 17:00:00,17,38,1,9,27,1,0,4,24,4,28,4,48.18333333333333,537.0,4.0,9.98,95.0,2.583333333333333,711.9372272069463,4.407878915726188,0.95,0.4008016032064128,3.263157894736842
2024-07-30 18:00:00,18,38,1,9,27,1,0,5,25,4,29,4,49.18333333333333,475.0,4.0,9.98,95.0,2.8181818181818183,730.9772272069465,4.7348486446577365,0.95,0.501002004008016,3.263157894736842
2024-07-30 19:00:00,19,41,2,12,26,1,0,9,27,4,31,4,50.18333333333333,489.0,4.0,9.98,102.5,3.8333333333333335,769.8522272069465,6.485338970624174,1.025,0.9018036072144288,3.365853658536585
2024-07-30 20:00:00,20,41,2,12,27,0,0,6,26,4,30,4,51.18333333333333,567.0,4.0,10.62,102.5,3.475,762.0922272069464,5.390392035276284,1.025,0.5649717514124293,3.3902439024390243
2024-07-30 21:00:00,21,43,2,10,31,0,0,12,26,4,30,4,52.18333333333333,627.0,4.0,10.62,107.5,3.575,772.0222272069464,7.332719090789645,1.075,1.1299435028248586,3.3255813953488373
2024-07-30 22:00:00,22,46,2,11,32,1,0,11,25,4,29,4,53.18333333333333,705.0,3.0,7.28,115.0,4.606060606060606,770.6972272069464,8.792833253702819,1.15,1.510989010989011,3.3043478260869565
2024-07-30 23:00:00,23,46,1,11,34,0,0,10,26,3,29,3,54.18333333333333,765.0,3.0,7.28,115.0,4.575757575757576,775.4689204052098,8.284077878643096,1.15,1.3736263736263736,3.282608695652174
2024-07-31 00:00:00,0,40,1,11,28,0,0,2,26,3,29,3,55.18333333333333,825.0,3.0,7.28,100.0,4.03030303030303,768.2389204052099,4.2384615384615385,1.0,0.2747252747252747,3.325
2024-07-31 01:00:00,1,40,1,11,28,0,0,3,26,3,29,3,56.18333333333333,885.0,3.0,7.28,100.0,4.03030303030303,773.8789204052098,4.695192307692308,1.0,0.412087912087912,3.325
2024-07-31 02:00:00,2,39,1,12,26,0,0,5,26,3,29,3,57.18333333333333,945.0,3.0,7.28,97.5,3.9696969696969697,777.3739204052099,5.58198788391096,0.975,0.6868131868131868,3.358974358974359
2024-07-31 03:00:00,3,36,1,12,23,0,0,1,26,3,29,3,58.18333333333333,1005.0,3.0,7.28,90.0,3.696969696969697,776.5789204052098,3.515506715506716,0.9,0.1373626373626373,3.388888888888889
2024-07-31 04:00:00,4,36,1,12,23,0,0,1,26,3,29,3,59.18333333333333,1065.0,3.0,7.28,90.0,3.696969696969697,782.2189204052098,3.515506715506716,0.9,0.1373626373626373,3.388888888888889
2024-07-31 05:00:00,5,38,1,11,26,0,0,4,26,3,29,3,60.18333333333333,1125.0,3.0,7.28,95.0,3.8484848484848486,792.1489204052098,5.011321573163678,0.95,0.5494505494505494,3.3421052631578947
2024-07-31 06:00:00,6,37,1,11,25,0,0,2,26,3,29,3,61.18333333333333,1185.0,3.0,7.28,92.5,3.757575757575758,795.6439204052099,4.0207009207009206,0.925,0.2747252747252747,3.3513513513513518
2024-07-31 07:00:00,7,36,1,12,23,0,0,3,25,3,28,3,62.18333333333333,1250.0,3.0,7.28,90.0,3.388888888888889,785.7389204052098,4.446520146520147,0.9,0.412087912087912,3.388888888888889
2024-07-31 08:00:00,8,37,1,12,24,0,0,3,26,3,29,3,63.18333333333333,1305.0,3.0,6.58,92.5,3.787878787878788,806.9239204052099,4.665294093485583,0.925,0.4559270516717325,3.3783783783783785
2024-07-31 09:00:00,9,42,1,14,26,1,0,9,27,3,30,3,64.18333333333334,1252.0,3.0,6.58,105.0,4.7,836.6889204052098,8.116836734693878,1.05,1.3677811550151977,3.357142857142857
2024-07-31 10:00:00,10,50,1,15,33,1,0,12,26,3,29,3,65.18333333333334,1290.0,4.0,9.83,125.0,3.772727272727273,846.0889204052098,8.202899287894201,1.25,1.2207527975584944,3.32
2024-07-31 11:00:00,11,54,2,14,37,1,0,11,25,3,28,3,47.71666666666667,1322.5,4.0,9.83,135.0,3.7291666666666665,742.7569204052098,8.184355337025734,1.35,1.1190233977619533,3.314814814814815
2024-07-31 12:00:00,12,53,1,14,37,0,1,11,25,3,28,3,41.8,1120.0,4.0,9.83,132.5,3.6041666666666665,707.2419204052098,7.97766127948713,1.325,1.1190233977619533,3.2641509433962264
2024-07-31 13:00:00,13,54,1,13,40,0,0,7,27,3,30,3,42.8,1132.0,4.0,9.83,135.0,4.425,741.8269204052098,6.7591245619984175,1.35,0.7121057985757884,3.2777777777777777
2024-07-31 14:00:00,14,48,2,11,35,0,0,3,26,4,30,4,43.8,1160.5,4.0,9.83,120.0,3.975,735.4652272069463,4.985935910478128,1.2,0.3051881993896236,3.3125
2024-07-31 15:00:00,15,51,2,10,39,0,0,10,29,3,32,3,44.8,1023.0,4.0,9.83,127.5,5.21875,773.4719204052099,7.50613916980831,1.275,1.017293997965412,3.2745098039215685
2024-07-31 16:00:00,16,47,2,10,35,0,0,3,29,2,31,2,45.48333333333333,458.0,4.0,9.83,117.5,4.305555555555555,754.4776136034732,4.881471721391312,1.175,0.3051881993896236,3.297872340425532
2024-07-31 17:00:00,17,46,2,12,32,0,0,6,29,2,31,2,46.48333333333333,518.0,4.0,9.83,115.0,4.277777777777778,757.9726136034733,5.893434030695741,1.15,0.6103763987792472,3.347826086956522
2024-07-31 18:00:00,18,44,2,12,30,0,0,2,28,2,30,2,47.48333333333333,573.5,4.0,9.83,110.0,3.7,745.9226136034732,4.384361416813095,1.1,0.2034587995930824,3.363636363636364
2024-07-31 19:00:00,19,45,2,11,32,0,0,6,29,2,31,2,48.48333333333333,629.0,4.0,9.83,112.5,4.166666666666667,767.1076136034733,5.784587995930824,1.125,0.6103763987792472,3.333333333333333
2024-07-31 20:00:00,20,50,2,11,37,0,0,9,29,1,30,1,49.48333333333333,675.0,4.0,10.2,125.0,4.125,769.2043068017366,7.036764705882352,1.25,0.8823529411764707,3.3
2024-07-31 21:00:00,21,51,2,8,40,1,0,8,29,1,30,1,50.48333333333333,735.0,4.0,10.2,127.5,4.1,776.9893068017366,6.622106881968475,1.275,0.7843137254901962,3.215686274509804
2024-07-31 22:00:00,22,51,2,9,40,0,0,10,29,1,30,1,51.48333333333333,795.0,3.0,6.95,127.5,5.533333333333333,782.6293068017366,8.833312173790379,1.275,1.4388489208633093,3.2549019607843137
2024-07-31 23:00:00,23,47,1,7,38,1,0,7,29,0,29,0,52.48333333333333,869.0,3.0,6.95,117.5,4.515151515151516,765.421,6.91802005204347,1.175,1.0071942446043165,3.1702127659574466
