ts,hour,census,l1,l2,l3,l4,l5,arrivals,waitBed,waitICU,D_board,vent,maxLOS_h,awt_curr_min,Na,cap_sum,OCCUPANCY,EDWIN,NEDOCS,READI,READI_BR,READI_PR,READI_AR
2020-01-01 00:00:00,0,0,0,0,0,0,0,0,0,0,0,0,0.0,0.0,3.0,7.206399999999999,0.0,0.0,-20.0,0.0,0.0,0.0,0.0
2020-01-01 01:00:00,1,0,0,0,0,0,0,0,0,0,0,0,0.0,0.0,3.0,7.206399999999999,0.0,0.0,-20.0,0.0,0.0,0.0,0.0
2020-01-01 02:00:00,2,0,0,0,0,0,0,0,0,0,0,0,0.0,0.0,3.0,7.206399999999999,0.0,0.0,-20.0,0.0,0.0,0.0,0.0
2020-01-01 03:00:00,3,1,0,1,0,0,0,1,0,0,0,0,0.35,0.0,3.0,7.206399999999999,2.5,0.0333333333333333,-15.881,0.6550621669626998,0.025,0.1387655417406749,4.0
2020-01-01 04:00:00,4,22,0,4,18,0,0,23,2,0,2,0,1.35,34.0,3.0,7.206399999999999,55.00000000000001,0.6140350877192983,61.60400000000001,11.905114645567576,0.55,3.191607460035524,3.1818181818181817
2020-01-01 05:00:00,5,17,0,2,15,0,0,7,3,0,3,0,2.35,88.0,3.0,7.206399999999999,42.5,0.4774774774774775,69.919,4.353353881517083,0.425,0.9713587921847248,3.117647058823529
2020-01-01 06:00:00,6,11,0,3,8,0,0,3,3,1,4,1,3.35,118.5,3.0,7.206399999999999,27.500000000000004,0.3333333333333333,76.95730680173662,2.2624253189084453,0.275,0.4162966252220249,3.272727272727273
2020-01-01 07:00:00,7,11,0,2,9,0,0,2,3,0,3,0,4.35,208.0,3.0,7.206399999999999,27.500000000000004,0.3153153153153153,68.329,1.7580534474406588,0.275,0.2775310834813499,3.1818181818181817
2020-01-01 08:00:00,8,10,0,2,8,0,0,5,3,0,3,0,5.35,268.0,3.0,7.46,25.0,0.2882882882882883,71.824,2.944772117962467,0.25,0.6702412868632708,3.2
2020-01-01 09:00:00,9,12,0,2,10,0,0,3,4,0,4,0,6.35,298.5,3.0,7.46,30.0,0.3518518518518518,95.154,2.2234584450402144,0.3,0.4021447721179624,3.1666666666666665
2020-01-01 10:00:00,10,13,1,2,10,0,0,7,4,1,5,1,7.35,59.0,4.0,11.16,32.5,0.3071428571428571,117.2073068017366,3.1497173972980423,0.325,0.6272401433691757,3.3076923076923075
2020-01-01 11:00:00,11,22,1,3,15,2,1,12,8,1,9,1,8.35,100.0,4.0,11.16,55.00000000000001,0.5403225806451613,195.7523068017366,4.949682306940371,0.55,1.075268817204301,3.0454545454545454
2020-01-01 12:00:00,12,23,1,3,18,0,1,7,7,1,8,1,9.35,168.0,4.0,11.16,57.49999999999999,0.5625,190.1373068017366,3.763534361851333,0.575,0.6272401433691757,3.130434782608696
2020-01-01 13:00:00,13,23,0,3,18,1,1,7,8,0,8,0,10.35,206.5,4.0,11.16,57.49999999999999,0.5390625,194.909,3.606720430107527,0.575,0.6272401433691757,3.0
2020-01-01 14:00:00,14,41,2,6,27,4,2,23,8,1,9,1,11.35,237.0,4.0,11.16,102.5,1.0080645161290325,253.42730680173665,9.40832896232188,1.025,2.060931899641577,3.048780487804878
2020-01-01 15:00:00,15,40,2,6,26,4,2,7,7,1,8,1,12.35,139.5,4.0,11.16,100.0,0.953125,243.5223068017366,4.963082437275985,1.0,0.6272401433691757,3.05
2020-01-01 16:00:00,16,41,2,4,27,6,2,13,8,1,9,1,13.35,170.0,4.0,11.16,102.5,0.9758064516129032,264.7073068017366,6.462800507037328,1.025,1.1648745519713262,2.951219512195122
2020-01-01 17:00:00,17,39,3,5,27,3,1,9,9,1,10,1,14.35,230.0,4.0,11.16,97.5,1.025,279.45730680173665,5.618424317617865,0.975,0.8064516129032258,3.1538461538461537
2020-01-01 18:00:00,18,39,2,6,29,1,1,12,9,2,11,2,15.35,184.0,4.0,11.16,97.5,1.0689655172413792,299.36561360347326,6.518803418803419,0.975,1.075268817204301,3.1794871794871797
2020-01-01 19:00:00,19,43,1,8,32,1,1,11,6,2,8,2,16.35,150.5,4.0,11.16,107.5,1.0625,273.38561360347325,6.51744602817371,1.075,0.985663082437276,3.1627906976744184
2020-01-01 20:00:00,20,44,1,10,29,2,1,13,10,2,12,2,17.35,143.0,4.0,10.5,110.0,1.2232142857142858,334.77061360347324,7.279978354978356,1.1,1.238095238095238,3.113636363636364
2020-01-01 21:00:00,21,49,0,10,36,1,1,18,8,3,11,3,18.35,79.0,4.0,10.5,122.5,1.3017241379310345,338.6039204052098,9.05779883381924,1.225,1.7142857142857142,3.0816326530612246
2020-01-01 22:00:00,22,46,1,8,35,1,1,13,8,3,11,3,19.35,133.0,3.0,6.8,115.0,1.6666666666666667,337.80892040520985,9.651214833759589,1.15,1.911764705882353,3.152173913043478
2020-01-01 23:00:00,23,45,1,9,33,1,1,11,8,4,12,4,20.35,187.0,3.0,6.8,112.5,1.7023809523809523,355.5722272069464,8.715522875816992,1.125,1.6176470588235294,3.1777777777777776
2020-01-02 00:00:00,0,41,1,8,30,1,1,8,8,3,11,3,21.35,241.0,3.0,6.8,102.5,1.4942528735632183,338.36392040520985,6.980272596843615,1.025,1.1764705882352942,3.1707317073170733
2020-01-02 01:00:00,1,34,0,7,24,2,1,8,9,1,10,1,22.35,283.0,3.0,6.8,85.0,1.1666666666666667,313.85230680173663,6.258217993079585,0.85,1.1764705882352942,3.088235294117647
2020-01-02 02:00:00,2,33,0,9,21,2,1,5,10,1,11,1,23.35,339.0,3.0,6.8,82.5,1.1954022988505748,330.7473068017366,4.91729055258467,0.825,0.7352941176470589,3.1515151515151514
2020-01-02 03:00:00,3,33,0,9,21,2,1,4,10,1,11,1,24.35,399.0,3.0,6.8,82.5,1.1954022988505748,336.3873068017366,4.453832442067736,0.825,0.5882352941176471,3.1515151515151514
2020-01-02 04:00:00,4,32,0,11,18,2,1,6,10,2,12,2,25.35,447.0,3.0,6.8,80.0,1.2261904761904765,354.15061360347323,5.415073529411765,0.8,0.8823529411764706,3.21875
2020-01-02 05:00:00,5,33,1,11,18,2,1,3,10,2,12,2,26.35,507.0,3.0,6.8,82.5,1.2857142857142858,361.93561360347326,4.143850267379679,0.825,0.4411764705882353,3.272727272727273
2020-01-02 06:00:00,6,35,0,11,21,2,1,4,11,2,13,2,27.35,555.0,3.0,6.8,87.5,1.382716049382716,385.2656136034733,4.682352941176471,0.875,0.5882352941176471,3.2
2020-01-02 07:00:00,7,36,0,12,21,2,1,3,12,2,14,2,28.35,599.0,3.0,6.8,90.0,1.4871794871794872,406.4506136034733,4.321568627450981,0.9,0.4411764705882353,3.2222222222222223
2020-01-02 08:00:00,8,35,0,12,21,1,1,3,12,2,14,2,29.35,659.0,3.0,6.6,87.5,1.4615384615384617,409.9456136034733,4.330519480519481,0.875,0.4545454545454546,3.257142857142857
2020-01-02 09:00:00,9,35,0,9,24,1,1,7,9,2,11,2,30.35,703.0,3.0,6.6,87.5,1.2758620689655171,375.3856136034733,6.138636363636363,0.875,1.0606060606060606,3.1714285714285717
2020-01-02 10:00:00,10,40,0,11,26,2,1,11,8,3,11,3,31.35,377.0,4.0,11.32,100.0,1.0948275862068966,392.6189204052098,6.260247349823321,1.0,0.9717314487632508,3.175
2020-01-02 11:00:00,11,53,0,13,33,6,1,18,14,2,16,2,32.35,62.0,4.0,11.32,132.5,1.7083333333333333,492.2756136034732,9.020328021868124,1.325,1.5901060070671378,3.0943396226415096
2020-01-02 12:00:00,12,52,0,12,31,8,1,7,14,2,16,2,33.35,113.0,4.0,11.32,130.0,1.6458333333333333,495.7706136034733,5.828907311769503,1.3,0.6183745583038869,3.0384615384615383
2020-01-02 13:00:00,13,55,0,15,32,7,1,10,17,1,18,1,34.35,148.0,4.0,11.32,137.5,1.943181818181818,533.7773068017366,7.021546739479602,1.375,0.8833922261484098,3.109090909090909
2020-01-02 14:00:00,14,59,0,14,38,6,1,13,17,1,18,1,35.35,191.0,4.0,11.32,147.5,2.0795454545454546,547.9973068017366,8.137017128825537,1.475,1.1484098939929328,3.101694915254237
2020-01-02 15:00:00,15,54,0,13,36,4,1,8,16,1,17,1,36.35,250.0,4.0,11.32,135.0,1.8369565217391304,529.5123068017366,6.436752388430834,1.35,0.7067137809187279,3.1296296296296298
2020-01-02 16:00:00,16,59,1,13,38,6,1,13,13,1,14,1,37.35,190.5,4.0,11.32,147.5,1.7692307692307692,505.6773068017367,8.181481703299994,1.475,1.1484098939929328,3.1186440677966103
2020-01-02 17:00:00,17,62,1,11,41,8,1,11,13,1,14,1,38.35,205.5,4.0,11.32,155.0,1.8173076923076923,517.7523068017366,7.687213609939588,1.55,0.9717314487632508,3.048387096774193
2020-01-02 18:00:00,18,60,0,14,38,7,1,8,16,1,17,1,39.35,227.0,4.0,11.32,150.0,2.010869565217391,559.3023068017366,6.804034157832745,1.5,0.7067137809187279,3.083333333333333
2020-01-02 19:00:00,19,54,0,14,36,3,1,6,19,1,20,1,40.35,245.0,4.0,11.32,135.0,2.1375,592.2723068017366,5.953445229681979,1.35,0.5300353356890459,3.1666666666666665
2020-01-02 20:00:00,20,53,0,14,34,4,1,8,18,1,19,1,41.35,268.0,4.0,11.37,132.5,1.988095238095238,582.3673068017365,6.392022618277161,1.325,0.7036059806508355,3.150943396226415
2020-01-02 21:00:00,21,58,0,14,40,3,1,13,17,2,19,2,42.35,277.0,4.0,11.37,145.0,2.1785714285714284,599.6006136034732,8.18249704303521,1.45,1.1433597185576077,3.155172413793104
2020-01-02 22:00:00,22,55,0,14,38,2,1,12,14,1,15,1,43.35,337.0,3.0,6.65,137.5,2.333333333333333,544.3373068017366,10.116626794258371,1.375,1.8045112781954888,3.1818181818181817
2020-01-02 23:00:00,23,58,0,14,40,3,1,12,14,1,15,1,44.35,397.0,3.0,6.65,145.0,2.44,556.4123068017366,10.26854420534094,1.45,1.8045112781954888,3.155172413793104
2020-01-03 00:00:00,0,59,0,14,40,4,1,8,14,1,15,1,45.35,457.0,3.0,6.65,147.5,2.466666666666667,564.1973068017367,8.397142219956672,1.475,1.2030075187969924,3.135593220338983
2020-01-03 01:00:00,1,54,0,12,37,4,1,4,15,0,15,0,46.35,517.0,3.0,6.65,135.0,2.24,558.2439999999999,6.071345029239766,1.35,0.6015037593984962,3.111111111111111
2020-01-03 02:00:00,2,48,0,12,33,2,1,7,14,0,14,0,47.35,533.5,3.0,6.65,120.0,1.948717948717949,537.614,7.133333333333333,1.2,1.0526315789473684,3.1666666666666665
2020-01-03 03:00:00,3,44,0,11,30,2,1,7,14,0,14,0,48.35,593.5,3.0,6.65,110.0,1.7820512820512822,534.674,6.800358851674642,1.1,1.0526315789473684,3.159090909090909
2020-01-03 04:00:00,4,39,0,11,25,2,1,3,15,0,15,0,49.35,610.0,3.0,6.65,97.5,1.653333333333333,542.989,4.534355118565644,0.975,0.4511278195488721,3.1794871794871797
2020-01-03 05:00:00,5,39,0,11,25,2,1,5,14,0,14,0,50.35,713.5,3.0,6.65,97.5,1.5897435897435896,535.229,5.490591864276074,0.975,0.7518796992481203,3.1794871794871797
2020-01-03 06:00:00,6,34,0,11,20,2,1,1,14,0,14,0,51.35,714.0,3.0,6.65,85.0,1.3974358974358974,530.144,3.2070875718708534,0.85,0.150375939849624,3.2058823529411766
2020-01-03 07:00:00,7,35,0,11,21,2,1,5,15,0,15,0,52.35,758.0,3.0,6.65,87.5,1.4933333333333334,551.329,5.2060150375939855,0.875,0.7518796992481203,3.2
2020-01-03 08:00:00,8,35,0,11,21,2,1,3,17,0,17,0,53.35,806.0,3.0,7.68,87.5,1.6231884057971016,583.769,4.05,0.875,0.390625,3.2
2020-01-03 09:00:00,9,30,1,7,18,3,1,7,12,0,12,0,46.53333333333333,317.0,3.0,7.68,75.0,1.119047619047619,467.598,5.205902777777778,0.75,0.9114583333333334,3.1333333333333333
2020-01-03 10:00:00,10,29,1,8,18,1,1,9,9,0,9,0,47.53333333333333,128.0,4.0,10.72,72.5,0.7580645161290323,430.893,5.071307256819351,0.725,0.8395522388059702,3.2413793103448274
2020-01-03 11:00:00,11,35,0,11,23,0,1,12,12,0,12,0,48.53333333333333,113.0,4.0,10.72,87.5,1.0178571428571428,489.603,6.496055437100214,0.875,1.119402985074627,3.257142857142857
2020-01-03 12:00:00,12,38,0,12,26,0,0,12,13,1,14,1,32.86666666666667,89.0,4.0,10.72,95.0,1.2115384615384617,435.3463068017366,6.861704634721131,0.95,1.119402985074627,3.3157894736842106
2020-01-03 13:00:00,13,38,0,12,24,2,0,5,13,1,14,1,33.86666666666667,149.0,4.0,10.72,95.0,1.1923076923076923,440.9863068017366,4.621995286724274,0.95,0.4664179104477612,3.263157894736842
2020-01-03 14:00:00,14,43,0,11,29,3,0,13,12,1,13,1,34.86666666666667,155.0,4.0,10.72,107.5,1.2685185185185186,443.9513068017367,7.288675807011455,1.075,1.212686567164179,3.186046511627907
2020-01-03 15:00:00,15,45,0,12,30,3,0,10,13,1,14,1,35.86666666666667,159.5,4.0,10.72,112.5,1.3846153846153846,467.2813068017366,6.585074626865673,1.125,0.9328358208955224,3.2
2020-01-03 16:00:00,16,41,0,10,27,4,0,9,13,1,14,1,36.86666666666667,142.0,4.0,10.72,102.5,1.2403846153846154,464.3413068017366,5.866518019657809,1.025,0.8395522388059702,3.1463414634146343
2020-01-03 17:00:00,17,36,0,11,25,0,0,7,13,2,15,2,37.86666666666667,198.0,4.0,10.72,90.0,1.19,473.5246136034732,5.133478441127695,0.9,0.6529850746268657,3.305555555555556
2020-01-03 18:00:00,18,40,0,13,27,0,0,13,11,3,14,3,38.86666666666667,173.0,4.0,10.72,100.0,1.2788461538461535,475.2129204052098,7.357182835820897,1.0,1.212686567164179,3.325
2020-01-03 19:00:00,19,35,0,10,25,0,0,13,10,5,15,5,39.86666666666667,99.0,4.0,10.72,87.5,1.15,485.2645340086831,6.85954157782516,0.875,1.212686567164179,3.2857142857142856
2020-01-03 20:00:00,20,39,1,9,29,0,0,14,11,4,15,4,40.86666666666667,107.0,4.0,9.84,97.5,1.28,498.6162272069464,7.869585157390036,0.975,1.4227642276422765,3.282051282051282
2020-01-03 21:00:00,21,39,2,11,26,0,0,11,12,4,16,4,41.86666666666667,136.0,4.0,9.84,97.5,1.375,517.6562272069464,7.083614759224515,0.975,1.1178861788617886,3.3846153846153846
2020-01-03 22:00:00,22,40,1,14,25,0,0,12,11,3,14,3,42.86666666666667,209.0,3.0,6.8,100.0,1.7435897435897436,497.7729204052098,9.4,1.0,1.7647058823529411,3.4
2020-01-03 23:00:00,23,41,1,16,23,0,1,10,11,2,13,2,43.86666666666667,226.0,3.0,6.8,102.5,1.7160493827160497,491.2896136034732,8.460652797704448,1.025,1.4705882352941178,3.3902439024390243
2020-01-04 00:00:00,0,40,1,16,21,1,1,7,12,1,13,1,44.86666666666667,257.0,3.0,6.8,100.0,1.6666666666666667,493.9163068017366,6.849264705882352,1.0,1.0294117647058825,3.375
2020-01-04 01:00:00,1,35,2,14,18,1,0,7,12,1,13,1,45.86666666666667,277.0,3.0,6.8,87.5,1.5061728395061729,488.8313068017366,6.638235294117648,0.875,1.0294117647058825,3.4857142857142858
2020-01-04 02:00:00,2,34,2,15,16,1,0,10,12,1,13,1,46.86666666666667,337.0,3.0,6.8,85.0,1.4814814814814814,492.32630680173656,8.190311418685122,0.85,1.4705882352941178,3.5294117647058822
2020-01-04 03:00:00,3,30,1,13,15,1,0,3,12,1,13,1,47.86666666666667,397.0,3.0,6.8,75.0,1.2839506172839503,489.38630680173657,4.129411764705883,0.75,0.4411764705882353,3.466666666666667
2020-01-04 04:00:00,4,33,1,12,19,1,0,5,13,1,14,1,48.86666666666667,449.0,3.0,6.8,82.5,1.435897435897436,514.8613068017366,5.295543672014261,0.825,0.7352941176470589,3.393939393939394
2020-01-04 05:00:00,5,29,2,12,14,1,0,2,12,1,13,1,49.86666666666667,517.0,3.0,6.8,72.5,1.2592592592592593,498.5213068017366,3.5844827586206893,0.725,0.2941176470588235,3.5172413793103448
2020-01-04 06:00:00,6,31,2,12,16,1,0,5,14,1,15,1,50.86666666666667,561.0,3.0,6.8,77.5,1.44,535.2513068017365,5.261669829222011,0.775,0.7352941176470589,3.4838709677419355
2020-01-04 07:00:00,7,31,2,13,15,1,0,1,14,2,16,2,51.86666666666667,614.5,3.0,6.8,77.5,1.5138888888888888,555.1596136034732,3.24207779886148,0.775,0.1470588235294117,3.5161290322580645
2020-01-04 08:00:00,8,26,2,11,12,1,0,4,14,3,17,3,52.86666666666667,668.0,3.0,7.74,65.0,1.3333333333333333,564.3429204052098,4.128662293778573,0.65,0.5167958656330749,3.5384615384615383
2020-01-04 09:00:00,9,24,1,9,12,2,0,4,10,3,13,3,53.86666666666667,695.0,3.0,7.74,60.0,1.0,512.0929204052098,3.7691860465116274,0.6,0.5167958656330749,3.375
2020-01-04 10:00:00,10,22,2,8,10,2,0,6,8,2,10,2,54.86666666666667,809.0,4.0,11.44,55.00000000000001,0.6333333333333333,472.3746136034732,3.7118245390972655,0.55,0.5244755244755244,3.4545454545454546
2020-01-04 11:00:00,11,28,2,8,16,2,0,11,7,2,9,2,55.86666666666667,626.0,4.0,11.44,70.0,0.7580645161290323,477.4846136034732,5.578021978021978,0.7,0.9615384615384616,3.357142857142857
2020-01-04 12:00:00,12,31,2,10,18,1,0,8,9,2,11,2,56.86666666666667,132.0,4.0,11.44,77.5,0.913793103448276,516.3596136034732,5.041157229866907,0.775,0.6993006993006993,3.419354838709677
2020-01-04 13:00:00,13,37,2,10,24,1,0,12,9,3,12,3,57.86666666666667,133.5,4.0,11.44,92.5,1.1071428571428572,549.1379204052098,6.615403515403515,0.925,1.0489510489510487,3.3513513513513518
2020-01-04 14:00:00,14,44,2,12,27,3,0,12,12,3,15,3,58.86666666666667,148.0,4.0,11.44,110.0,1.45,609.9929204052098,7.081770502225047,1.1,1.0489510489510487,3.2954545454545454
2020-01-04 15:00:00,15,43,2,10,28,3,0,10,12,3,15,3,59.86666666666667,203.0,4.0,11.44,107.5,1.4,613.4879204052098,6.345991218084241,1.075,0.8741258741258741,3.255813953488372
2020-01-04 16:00:00,16,36,2,8,24,2,0,9,10,2,12,2,60.86666666666667,213.5,4.0,11.44,90.0,1.0535714285714286,563.0446136034732,5.5286713286713285,0.9,0.7867132867132867,3.2777777777777777
2020-01-04 17:00:00,17,49,2,11,33,3,0,17,12,4,16,4,61.86666666666667,210.5,4.0,11.44,122.5,1.65625,651.9062272069465,8.796963750535179,1.225,1.4860139860139858,3.2448979591836733
2020-01-04 18:00:00,18,44,1,12,27,4,0,7,11,3,14,3,62.86666666666667,221.0,4.0,11.44,110.0,1.3653846153846154,619.1529204052099,5.524729815638906,1.1,0.6118881118881119,3.227272727272727
2020-01-04 19:00:00,19,36,1,10,23,2,0,7,9,3,12,3,63.86666666666667,217.5,4.0,11.44,90.0,1.0535714285714286,580.8329204052098,4.955633255633256,0.9,0.6118881118881119,3.2777777777777777
2020-01-04 20:00:00,20,40,1,9,29,1,0,14,8,3,11,3,64.86666666666666,207.0,4.0,10.5,100.0,1.1206896551724137,581.6529204052098,7.583333333333332,1.0,1.3333333333333333,3.25
2020-01-04 21:00:00,21,52,1,10,40,1,0,18,11,4,15,4,65.86666666666666,226.0,4.0,10.5,130.0,1.67,667.5012272069464,9.680494505494506,1.3,1.7142857142857142,3.2115384615384617
2020-01-04 22:00:00,22,40,1,8,30,1,0,10,10,3,13,3,66.86666666666666,177.0,3.0,6.8,100.0,1.5925925925925926,619.7329204052098,7.9676470588235295,1.0,1.4705882352941178,3.225
2020-01-04 23:00:00,23,47,2,10,34,1,0,15,11,4,15,4,67.86666666666666,202.0,3.0,6.8,117.5,2.053333333333333,668.0562272069463,11.077784730913642,1.175,2.2058823529411766,3.276595744680851
2020-01-05 00:00:00,0,53,3,11,37,2,0,16,13,5,18,5,68.86666666666666,230.0,3.0,6.8,132.5,2.636363636363636,727.634534008683,12.074750277469478,1.325,2.3529411764705883,3.2830188679245285
2020-01-05 01:00:00,1,51,3,10,36,2,0,8,13,5,18,5,69.86666666666666,290.0,3.0,6.8,127.5,2.5303030303030303,728.984534008683,8.027364475201844,1.275,1.1764705882352942,3.2745098039215685
2020-01-05 02:00:00,2,40,3,10,26,1,0,2,13,5,18,5,70.86666666666666,350.0,3.0,6.8,100.0,2.0454545454545454,711.029534008683,4.36764705882353,1.0,0.2941176470588235,3.375
2020-01-05 03:00:00,3,33,3,9,20,1,0,2,13,5,18,5,71.86666666666666,410.0,3.0,6.8,82.5,1.7121212121212122,701.654534008683,3.832130124777184,0.825,0.2941176470588235,3.4242424242424243
2020-01-05 04:00:00,4,34,3,10,20,1,0,2,13,5,18,5,72.86666666666666,470.0,3.0,6.8,85.0,1.7727272727272727,709.439534008683,3.937110726643599,0.85,0.2941176470588235,3.4411764705882355
2020-01-05 05:00:00,5,33,3,10,19,1,0,4,13,5,18,5,73.86666666666666,530.0,3.0,6.8,82.5,1.7272727272727273,712.934534008683,4.882085561497326,0.825,0.5882352941176471,3.4545454545454546
2020-01-05 06:00:00,6,35,3,10,21,1,0,2,13,5,18,5,74.86666666666666,590.0,3.0,6.8,87.5,1.818181818181818,722.864534008683,4.008403361344538,0.875,0.2941176470588235,3.4285714285714284
2020-01-05 07:00:00,7,33,2,9,21,1,0,4,13,5,18,5,75.86666666666666,650.0,3.0,6.8,82.5,1.681818181818182,724.214534008683,4.753609625668449,0.825,0.5882352941176471,3.363636363636364
2020-01-05 08:00:00,8,39,2,10,26,1,0,10,17,5,22,5,76.86666666666666,690.0,3.0,6.66,97.5,2.4074074074074074,796.324534008683,8.255005005005005,0.975,1.5015015015015014,3.333333333333333
2020-01-05 09:00:00,9,41,2,12,23,4,0,10,12,5,17,5,77.86666666666666,657.0,3.0,6.66,102.5,1.9565217391304348,739.2545340086831,8.318968358602504,1.025,1.5015015015015014,3.292682926829268
2020-01-05 10:00:00,10,47,2,13,26,6,0,10,13,5,18,5,78.86666666666666,640.0,4.0,11.38,117.5,1.7272727272727273,771.164534008683,6.641865160976704,1.175,0.8787346221441126,3.234042553191489
2020-01-05 11:00:00,11,52,3,11,30,8,0,15,14,6,20,6,79.86666666666666,681.0,4.0,11.38,130.0,2.0625,815.1978408104196,8.307438826551303,1.3,1.3181019332161688,3.173076923076923
2020-01-05 12:00:00,12,46,3,11,24,8,0,8,13,6,19,6,80.86666666666666,739.0,4.0,11.38,115.0,1.75,794.5678408104195,5.921504164437992,1.15,0.70298769771529,3.1956521739130435
2020-01-05 13:00:00,13,53,2,12,31,8,0,18,15,5,20,5,81.86666666666666,275.5,4.0,11.38,132.5,2.0875,827.754534008683,9.158917498424907,1.325,1.5817223198594026,3.150943396226415
2020-01-05 14:00:00,14,53,3,12,31,7,0,11,19,4,23,4,82.86666666666666,264.0,4.0,11.38,132.5,2.5,872.7262272069463,7.350441025300926,1.325,0.966608084358524,3.207547169811321
2020-01-05 15:00:00,15,56,4,9,34,8,1,17,17,2,19,2,83.86666666666666,181.0,4.0,11.38,140.0,2.083333333333333,829.4646136034731,9.043277680140598,1.4,1.493848857644991,3.125
2020-01-05 16:00:00,16,57,3,8,36,8,2,16,16,1,17,1,84.86666666666666,167.0,4.0,11.38,142.5,1.880434782608696,809.5813068017366,8.59225865630685,1.425,1.40597539543058,3.0350877192982457
2020-01-05 17:00:00,17,50,3,7,34,4,2,9,18,1,19,1,85.86666666666666,221.0,4.0,11.38,125.0,1.8452380952380956,827.0063068017366,6.326669595782073,1.25,0.7908611599297013,3.1
2020-01-05 18:00:00,18,45,3,9,28,4,1,15,18,1,19,1,86.86666666666666,263.0,4.0,11.38,112.5,1.7142857142857142,821.9213068017366,7.81792618629174,1.125,1.3181019332161688,3.2
2020-01-05 19:00:00,19,43,1,11,30,0,1,15,17,1,18,1,87.86666666666666,222.5,4.0,11.38,107.5,1.5909090909090908,809.8713068017366,7.791494666285201,1.075,1.3181019332161688,3.255813953488372
2020-01-05 20:00:00,20,59,1,14,43,0,1,23,23,1,24,1,88.86666666666666,182.5,4.0,11.4,147.5,2.984375,930.2313068017364,11.30637079988106,1.475,2.017543859649123,3.23728813559322
2020-01-05 21:00:00,21,65,1,14,49,0,1,16,23,1,24,1,89.86666666666666,208.0,4.0,11.4,162.5,3.265625,948.7413068017364,9.737820512820512,1.625,1.4035087719298247,3.2153846153846155
2020-01-05 22:00:00,22,73,1,17,53,1,1,17,21,1,22,1,90.86666666666666,268.0,3.0,6.68,182.5,4.351851851851852,944.7413068017364,14.067519071446148,1.825,2.5449101796407185,3.219178082191781
2020-01-05 23:00:00,23,72,1,17,51,2,1,15,19,1,20,1,91.86666666666666,299.5,3.0,6.68,180.0,3.85,921.4363068017366,12.97934131736527,1.8,2.245508982035928,3.208333333333333
2020-01-06 00:00:00,0,64,1,15,45,2,1,4,18,1,19,1,92.86666666666666,344.0,3.0,6.68,160.0,3.253968253968254,896.5163068017365,7.04303892215569,1.6,0.5988023952095809,3.203125
2020-01-06 01:00:00,1,57,1,15,38,2,1,3,18,1,19,1,93.86666666666666,404.0,3.0,6.68,142.5,2.9206349206349205,887.1413068017365,6.049732114717933,1.425,0.4491017964071856,3.2280701754385963
2020-01-06 02:00:00,2,52,1,14,35,1,1,8,19,1,20,1,94.86666666666666,443.5,3.0,6.68,130.0,2.816666666666667,895.4563068017364,8.117215568862276,1.3,1.1976047904191618,3.25
2020-01-06 03:00:00,3,46,1,14,29,1,1,3,19,1,20,1,95.86666666666666,503.5,3.0,6.68,115.0,2.5166666666666666,888.2263068017367,5.24922546211924,1.15,0.4491017964071856,3.282608695652174
2020-01-06 04:00:00,4,41,1,13,25,1,1,6,19,1,20,1,96.86666666666666,563.5,3.0,6.68,102.5,2.25,883.1413068017366,6.332499634876588,1.025,0.8982035928143713,3.292682926829268
2020-01-06 05:00:00,5,41,1,12,26,1,1,3,19,1,20,1,97.86666666666666,623.5,3.0,6.68,102.5,2.2333333333333334,888.7813068017365,4.8177961150869,1.025,0.4491017964071856,3.268292682926829
2020-01-06 06:00:00,6,42,2,12,25,2,1,5,20,1,21,1,98.86666666666666,663.0,3.0,6.68,105.0,2.421052631578948,909.9663068017368,5.909366980325064,1.05,0.7485029940119761,3.2857142857142856
2020-01-06 07:00:00,7,40,2,12,23,2,1,2,21,1,22,1,99.86666666666666,720.5,3.0,6.68,100.0,2.4444444444444446,924.7163068017366,4.288023952095808,1.0,0.2994011976047904,3.3
2020-01-06 08:00:00,8,45,2,12,29,1,1,7,24,1,25,1,100.86666666666666,772.0,3.0,6.57,112.5,3.2888888888888888,981.2813068017364,7.204143412819211,1.125,1.06544901065449,3.2888888888888888
2020-01-06 09:00:00,9,38,2,9,24,2,1,6,16,1,17,1,101.86666666666666,838.0,3.0,6.57,95.0,1.7826086956521738,864.7063068017364,6.0310201874549385,0.95,0.91324200913242,3.236842105263158
2020-01-06 10:00:00,10,46,2,12,27,4,1,12,23,1,24,1,102.86666666666666,426.5,4.0,9.82,115.0,2.3125,981.3063068017366,7.6316390684494815,1.15,1.2219959266802445,3.217391304347826
2020-01-06 11:00:00,11,50,4,11,28,6,1,9,23,1,24,1,103.86666666666666,182.0,4.0,9.82,125.0,2.515625,995.5263068017364,6.976120162932791,1.25,0.9164969450101832,3.22
2020-01-06 12:00:00,12,53,4,12,28,8,1,10,26,1,27,1,104.86666666666666,169.0,4.0,9.82,132.5,3.25,1047.8013068017367,7.472127541021404,1.325,1.0183299389002036,3.188679245283019
2020-01-06 13:00:00,13,53,4,12,31,5,1,9,27,1,28,1,105.86666666666666,221.5,4.0,9.82,132.5,3.583333333333333,1066.841306801737,7.274291972485877,1.325,0.9164969450101832,3.2452830188679247
2020-01-06 14:00:00,14,59,5,13,34,6,1,10,26,1,27,1,106.86666666666666,278.0,4.0,9.82,147.5,3.692307692307693,1071.9513068017366,8.113887258793884,1.475,1.0183299389002036,3.254237288135593
2020-01-06 15:00:00,15,57,5,13,32,6,1,6,21,2,23,2,107.86666666666666,334.0,4.0,9.82,142.5,2.735294117647059,1020.569613603473,6.643782827741452,1.425,0.6109979633401221,3.263157894736842
2020-01-06 16:00:00,16,51,7,12,28,4,0,9,20,2,22,2,108.86666666666666,330.0,4.0,9.82,127.5,2.430555555555556,999.9396136034732,7.5198424583682755,1.275,0.9164969450101832,3.431372549019608
2020-01-06 17:00:00,17,52,7,15,26,4,0,11,21,3,24,3,109.86666666666666,301.5,4.0,9.82,130.0,2.828125,1035.3929204052097,8.424028669904434,1.3,1.120162932790224,3.480769230769231
2020-01-06 18:00:00,18,54,6,17,27,4,0,6,21,4,25,4,110.86666666666666,221.0,4.0,9.82,135.0,3.1166666666666667,1059.5912272069463,6.790863317492645,1.35,0.6109979633401221,3.462962962962963
2020-01-06 19:00:00,19,54,6,19,26,3,0,7,23,4,27,4,111.86666666666666,237.0,4.0,9.82,135.0,3.6538461538461537,1092.0312272069464,7.258108923587539,1.35,0.7128309572301426,3.5185185185185186
2020-01-06 20:00:00,20,58,4,17,33,4,0,13,21,4,25,4,112.86666666666666,297.0,4.0,10.71,145.0,3.25,1079.4512272069464,8.955942721916353,1.45,1.2138188608776843,3.362068965517241
2020-01-06 21:00:00,21,65,4,18,38,5,0,15,21,4,25,4,113.86666666666666,334.0,4.0,10.71,162.5,3.6,1100.1062272069464,10.054169360051713,1.625,1.4005602240896358,3.3230769230769237
2020-01-06 22:00:00,22,63,4,19,35,5,0,10,21,4,25,4,114.86666666666666,394.0,3.0,7.46,157.5,4.688888888888889,1101.4562272069466,9.764552746925402,1.575,1.3404825737265416,3.3492063492063493
2020-01-06 23:00:00,23,56,4,16,31,5,0,10,21,2,23,2,115.86666666666666,406.0,3.0,7.46,140.0,3.6666666666666665,1063.5446136034732,9.151254308693987,1.4,1.3404825737265416,3.3392857142857144
2020-01-07 00:00:00,0,48,4,14,26,4,0,7,19,2,21,2,116.86666666666666,466.0,3.0,7.46,120.0,2.8421052631578947,1025.2246136034732,7.216890080428954,1.2,0.938337801608579,3.375
2020-01-07 01:00:00,1,48,4,15,26,3,0,9,21,2,23,2,117.86666666666666,522.0,3.0,7.46,120.0,3.215686274509804,1057.664613603473,8.221983914209114,1.2,1.206434316353887,3.4166666666666665
2020-01-07 02:00:00,2,46,4,17,24,1,0,7,22,2,24,2,118.86666666666666,572.0,3.0,7.46,115.0,3.375,1072.414613603473,7.354580953491082,1.15,0.938337801608579,3.5217391304347827
2020-01-07 03:00:00,3,36,3,15,17,1,0,3,21,2,23,2,119.86666666666666,642.0,3.0,7.46,90.0,2.5098039215686274,1043.204613603473,4.629848078641644,0.9,0.4021447721179624,3.555555555555556
2020-01-07 04:00:00,4,35,3,13,18,1,0,3,21,2,23,2,120.86666666666666,702.0,3.0,7.46,87.5,2.411764705882353,1046.6996136034732,4.48825162772884,0.875,0.4021447721179624,3.5142857142857142
2020-01-07 05:00:00,5,31,3,13,14,1,0,3,22,2,24,2,121.86666666666666,752.0,3.0,7.46,77.5,2.3125,1057.1596136034732,4.214937732422381,0.775,0.4021447721179624,3.5806451612903225
2020-01-07 06:00:00,6,35,3,13,18,1,0,5,22,1,23,1,122.86666666666666,802.0,3.0,7.46,87.5,2.411764705882353,1057.1113068017366,5.4304193795480655,0.875,0.6702412868632708,3.5142857142857142
2020-01-07 07:00:00,7,37,3,14,19,1,0,4,22,2,24,2,123.86666666666666,846.5,3.0,7.46,92.5,2.708333333333333,1081.3096136034733,5.133921454967032,0.925,0.5361930294906166,3.5135135135135136
2020-01-07 08:00:00,8,41,3,13,24,1,0,8,24,2,26,2,124.86666666666666,865.5,3.0,6.6,102.5,3.357142857142857,1122.3296136034733,7.693514412416852,1.025,1.2121212121212122,3.4390243902439024
2020-01-07 09:00:00,9,42,3,10,29,0,0,10,18,2,20,2,125.86666666666666,856.5,3.0,6.6,105.0,2.3666666666666667,1049.714613603473,8.672655122655124,1.05,1.5151515151515151,3.380952380952381
2020-01-07 10:00:00,10,43,2,11,30,0,0,7,15,2,17,2,126.86666666666666,866.0,4.0,9.91,107.5,1.565217391304348,1017.2996136034732,5.965475324431512,1.075,0.7063572149344097,3.3488372093023258
2020-01-07 11:00:00,11,50,2,11,34,3,0,13,13,2,15,2,127.86666666666666,926.0,4.0,9.91,125.0,1.62,1011.1546136034732,8.300252270433905,1.25,1.3118062563067607,3.24
2020-01-07 12:00:00,12,54,2,14,35,3,0,12,15,2,17,2,128.86666666666667,917.0,4.0,9.91,135.0,1.923913043478261,1052.1746136034733,8.394054826774303,1.35,1.2108980827447022,3.2777777777777777
2020-01-07 13:00:00,13,51,2,12,33,4,0,10,16,3,19,3,129.86666666666667,860.0,4.0,9.91,127.5,1.9642857142857144,1079.04792040521,7.3896762034783645,1.275,1.0090817356205852,3.235294117647059
2020-01-07 14:00:00,14,47,3,14,26,3,0,6,19,4,23,4,130.86666666666667,541.0,4.0,9.91,117.5,2.2794117647058822,1130.5762272069464,5.871693647079031,1.175,0.6054490413723511,3.297872340425532
2020-01-07 15:00:00,15,52,3,14,32,3,0,14,21,5,26,5,131.86666666666667,143.5,4.0,9.91,130.0,3.0892857142857144,1188.0095340086832,9.024992237832803,1.3,1.4127144298688197,3.326923076923077
2020-01-07 16:00:00,16,45,1,10,32,2,0,7,16,4,20,4,132.86666666666667,120.5,4.0,9.91,112.5,1.8125,1097.3662272069464,5.901039914788654,1.125,0.7063572149344097,3.2222222222222223
2020-01-07 17:00:00,17,49,2,13,32,2,0,13,18,6,24,6,133.86666666666667,146.0,4.0,9.91,122.5,2.53125,1166.9228408104198,8.38699211268766,1.225,1.3118062563067607,3.306122448979592
2020-01-07 18:00:00,18,53,4,12,34,3,0,10,23,6,29,6,134.86666666666667,190.0,4.0,9.91,132.5,4.0,1248.1428408104198,7.750912933381566,1.325,1.0090817356205852,3.320754716981132
2020-01-07 19:00:00,19,51,3,13,32,3,0,9,25,5,30,5,135.86666666666667,199.0,4.0,9.91,127.5,4.225,1262.024534008683,7.234437882115511,1.275,0.9081735620585268,3.313725490196078
2020-01-07 20:00:00,20,54,4,11,35,4,0,9,23,7,30,7,136.86666666666667,205.5,4.0,10.09,135.0,4.425,1275.8361476121563,7.348686818632309,1.35,0.89197224975223,3.2777777777777777
2020-01-07 21:00:00,21,58,5,10,39,4,0,11,23,7,30,7,137.86666666666667,248.0,4.0,10.09,145.0,4.75,1290.0561476121563,8.321306517207205,1.45,1.0901883052527257,3.2758620689655173
2020-01-07 22:00:00,22,55,4,11,37,3,0,6,24,6,30,6,138.86666666666667,285.5,3.0,6.779999999999999,137.5,6.033333333333333,1288.3928408104198,7.437308930008045,1.375,0.8849557522123894,3.290909090909091
2020-01-07 23:00:00,23,50,4,12,31,3,0,6,24,6,30,6,139.86666666666667,340.0,3.0,6.779999999999999,125.0,5.566666666666666,1283.3078408104195,7.13075221238938,1.25,0.8849557522123894,3.34
2020-01-08 00:00:00,0,40,4,10,23,3,0,1,22,6,28,6,140.86666666666667,405.5,3.0,6.779999999999999,100.0,3.75,1240.6978408104196,3.872787610619469,1.0,0.1474926253687316,3.375
2020-01-08 01:00:00,1,43,5,11,26,1,0,9,23,4,27,4,141.86666666666667,456.0,3.0,6.779999999999999,107.5,3.8205128205128207,1237.6362272069464,8.324711874871372,1.075,1.327433628318584,3.4651162790697674
2020-01-08 02:00:00,2,42,5,10,26,1,0,3,23,3,26,3,142.86666666666667,484.5,3.0,6.779999999999999,105.0,3.452380952380953,1226.86292040521,5.152602191319006,1.05,0.4424778761061947,3.452380952380953
2020-01-08 03:00:00,3,37,5,12,19,1,0,3,23,3,26,3,143.86666666666667,544.5,3.0,6.779999999999999,92.5,3.142857142857143,1221.77792040521,4.87856972016264,0.925,0.4424778761061947,3.5675675675675675
2020-01-08 04:00:00,4,35,4,12,18,1,0,1,23,2,25,2,144.86666666666667,636.0,3.0,6.779999999999999,87.5,2.7555555555555555,1208.8596136034732,3.622545301306364,0.875,0.1474926253687316,3.5428571428571427
2020-01-08 05:00:00,5,35,4,10,18,3,0,4,23,2,25,2,145.86666666666667,696.0,3.0,6.779999999999999,87.5,2.6666666666666665,1214.499613603473,5.02275600505689,0.875,0.5899705014749264,3.4285714285714284
2020-01-08 06:00:00,6,34,4,10,19,1,0,3,25,2,27,2,146.86666666666667,693.0,3.0,6.779999999999999,85.0,3.051282051282051,1244.7946136034732,4.5236725663716815,0.85,0.4424778761061947,3.5
2020-01-08 07:00:00,7,37,4,10,20,3,0,4,26,2,28,2,147.86666666666667,727.5,3.0,6.779999999999999,92.5,3.5,1270.269613603473,5.159088734752451,0.925,0.5899705014749264,3.4054054054054053
2020-01-08 08:00:00,8,33,4,9,18,2,0,2,26,2,28,2,148.86666666666667,787.5,3.0,7.04,82.5,3.1666666666666665,1267.3296136034733,3.831404958677686,0.825,0.2840909090909091,3.4545454545454546
2020-01-08 09:00:00,9,33,4,8,20,1,0,4,22,2,24,2,149.86666666666667,879.0,3.0,7.04,82.5,2.375,1219.3696136034732,4.812809917355372,0.825,0.5681818181818182,3.4545454545454546
2020-01-08 10:00:00,10,33,4,11,18,0,0,7,21,2,23,2,150.86666666666667,812.0,4.0,10.35,82.5,1.7352941176470589,1211.6096136034732,5.368386766212853,0.825,0.6763285024154589,3.575757575757576
2020-01-08 11:00:00,11,34,5,10,19,0,0,10,18,3,21,3,151.86666666666667,780.0,4.0,10.35,85.0,1.605263157894737,1193.4629204052098,6.516894003978403,0.85,0.9661835748792272,3.588235294117647
2020-01-08 12:00:00,12,45,5,14,26,0,0,13,20,3,23,3,152.86666666666667,813.0,4.0,10.35,112.5,2.338235294117647,1249.4979204052097,8.413003220611916,1.125,1.2560386473429952,3.533333333333333
2020-01-08 13:00:00,13,49,5,13,31,0,0,8,18,3,21,3,153.86666666666667,900.0,4.0,10.35,122.5,2.236842105263158,1236.9179204052098,6.931652371093365,1.225,0.7729468599033816,3.4693877551020407
2020-01-08 14:00:00,14,46,3,13,30,0,0,10,14,3,17,3,154.86666666666667,960.0,4.0,10.35,115.0,1.7065217391304348,1182.5229204052098,7.222626549044319,1.15,0.9661835748792272,3.4130434782608696
2020-01-08 15:00:00,15,40,2,15,23,0,0,10,11,3,14,3,155.86666666666667,308.0,4.0,10.35,100.0,1.3365384615384617,1135.0929204052095,6.832487922705314,1.0,0.9661835748792272,3.475
2020-01-08 16:00:00,16,33,2,14,17,0,0,3,12,3,15,3,156.86666666666667,362.0,4.0,10.35,82.5,1.17,1139.1179204052098,3.952667984189723,0.825,0.2898550724637681,3.5454545454545454
2020-01-08 17:00:00,17,39,2,15,22,0,0,11,14,3,17,3,157.86666666666667,419.0,4.0,10.35,97.5,1.4782608695652173,1184.4279204052098,7.106181097485445,0.975,1.0628019323671498,3.4871794871794872
2020-01-08 18:00:00,18,43,3,15,25,0,0,10,16,3,19,3,158.86666666666667,461.0,4.0,10.35,107.5,1.7857142857142858,1225.44792040521,7.120407819346141,1.075,0.9661835748792272,3.488372093023256
2020-01-08 19:00:00,19,40,3,15,22,0,0,10,16,3,19,3,159.86666666666667,289.0,4.0,10.35,100.0,1.6785714285714286,1224.65292040521,6.930797101449276,1.0,0.9661835748792272,3.525
2020-01-08 20:00:00,20,33,2,14,17,0,0,6,12,3,15,3,160.86666666666667,515.0,4.0,9.69,82.5,1.17,1161.67792040521,5.120327891922319,0.825,0.6191950464396285,3.5454545454545454
2020-01-08 21:00:00,21,33,2,11,20,0,0,9,11,3,14,3,161.86666666666667,608.0,4.0,9.69,82.5,1.0961538461538465,1153.9179204052098,6.05855614973262,0.825,0.9287925696594428,3.4545454545454546
2020-01-08 22:00:00,22,30,1,10,18,1,0,10,9,3,12,3,162.86666666666667,552.0,3.0,6.38,75.0,1.2023809523809523,1126.3229204052095,7.801907001044931,0.75,1.567398119122257,3.3666666666666667
2020-01-08 23:00:00,23,33,2,8,22,1,0,12,8,3,11,3,163.86666666666667,269.0,3.0,6.38,82.5,1.264367816091954,1124.9979204052097,9.019592476489027,0.825,1.8808777429467085,3.333333333333333
2020-01-09 00:00:00,0,35,1,8,25,1,0,11,9,2,11,2,164.86666666666667,329.0,3.0,6.38,87.5,1.3103448275862069,1134.0596136034733,8.46576354679803,0.875,1.7241379310344829,3.257142857142857
2020-01-09 01:00:00,1,30,1,7,21,1,0,4,10,2,12,2,165.86666666666667,385.0,3.0,6.38,75.0,1.1666666666666667,1142.374613603473,4.498066875653083,0.75,0.6269592476489029,3.2666666666666666
2020-01-09 02:00:00,2,25,1,8,15,1,0,3,11,2,13,2,166.86666666666667,441.0,3.0,6.38,62.5,1.037037037037037,1150.6896136034734,3.679937304075235,0.625,0.4702194357366771,3.36
2020-01-09 03:00:00,3,24,1,8,14,1,0,4,13,1,14,1,167.86666666666667,404.0,3.0,6.38,60.0,1.0384615384615383,1166.716306801737,4.140987460815047,0.6,0.6269592476489029,3.375
2020-01-09 04:00:00,4,23,1,7,14,1,0,4,13,1,14,1,159.55,464.0,3.0,6.38,57.49999999999999,0.9871794871794872,1117.6653068017365,4.023950524737631,0.575,0.6269592476489029,3.347826086956522
2020-01-09 05:00:00,5,23,1,7,14,1,0,4,14,1,15,1,160.55,467.0,3.0,6.38,57.49999999999999,1.0266666666666666,1136.7053068017367,4.023950524737631,0.575,0.6269592476489029,3.347826086956522
2020-01-09 06:00:00,6,21,1,7,13,0,0,1,14,1,15,1,161.55,527.0,3.0,6.38,52.5,0.96,1138.0553068017366,2.337393640841917,0.525,0.1567398119122257,3.4285714285714284
2020-01-09 07:00:00,7,23,1,7,15,0,0,2,16,1,17,1,162.55,515.0,3.0,6.38,57.49999999999999,1.1304347826086956,1174.7853068017366,3.013104811230748,0.575,0.3134796238244514,3.391304347826087
2020-01-09 08:00:00,8,23,1,6,15,1,0,3,14,1,15,1,163.55,575.0,3.0,8.059999999999999,57.49999999999999,1.0133333333333334,1153.6253068017363,3.1299061387420437,0.575,0.3722084367245658,3.3043478260869565
2020-01-09 09:00:00,9,21,1,6,12,2,0,4,12,1,13,1,164.55,585.0,3.0,8.059999999999999,52.5,0.8518518518518519,1128.1753068017367,3.3556274370790504,0.525,0.4962779156327544,3.2857142857142856
2020-01-09 10:00:00,10,24,1,5,15,3,0,7,11,1,12,1,165.55,593.5,4.0,11.759999999999998,60.0,0.6785714285714286,1126.850306801737,3.7849206349206352,0.6,0.5952380952380953,3.1666666666666665
2020-01-09 11:00:00,11,33,1,6,20,6,0,14,13,1,14,1,166.55,343.5,4.0,11.759999999999998,82.5,0.971153846153846,1178.5953068017366,6.168578643578645,0.825,1.190476190476191,3.060606060606061
2020-01-09 12:00:00,12,31,1,6,22,2,0,4,14,1,15,1,167.55,162.0,4.0,11.759999999999998,77.5,0.99,1193.3453068017366,3.5612409479921,0.775,0.3401360544217687,3.193548387096774
2020-01-09 13:00:00,13,30,1,5,23,1,0,5,17,1,18,1,70.33333333333333,162.5,4.0,11.759999999999998,75.0,1.0909090909090908,683.0983068017365,3.7605442176870754,0.75,0.4251700680272109,3.2
2020-01-09 14:00:00,14,34,2,6,23,3,0,11,15,1,16,1,47.63333333333333,174.0,4.0,11.759999999999998,85.0,1.1354166666666667,536.8503068017367,5.723699479791917,0.85,0.935374149659864,3.2058823529411766
2020-01-09 15:00:00,15,36,2,8,22,4,0,9,14,2,16,2,48.63333333333333,234.0,4.0,11.759999999999998,90.0,1.2083333333333333,547.6486136034732,5.365986394557824,0.9,0.7653061224489798,3.2222222222222223
2020-01-09 16:00:00,16,32,2,8,18,4,0,7,11,2,13,2,49.63333333333333,188.0,4.0,11.759999999999998,80.0,0.9629629629629628,504.5086136034733,4.53452380952381,0.8,0.5952380952380953,3.25
2020-01-09 17:00:00,17,29,2,9,16,2,0,5,12,2,14,2,50.63333333333333,239.0,4.0,11.759999999999998,72.5,0.9423076923076924,517.1136136034733,3.8867816091954026,0.725,0.4251700680272109,3.3793103448275863
2020-01-09 18:00:00,18,28,2,9,16,1,0,7,13,1,14,1,51.63333333333333,299.0,4.0,11.759999999999998,70.0,0.9230769230769232,519.7403068017366,4.440816326530612,0.7,0.5952380952380953,3.4285714285714284
2020-01-09 19:00:00,19,31,2,7,18,4,0,12,12,1,13,1,52.63333333333333,301.0,4.0,11.759999999999998,77.5,0.925925925925926,518.4153068017366,5.791639236339697,0.775,1.0204081632653064,3.225806451612903
2020-01-09 20:00:00,20,22,0,2,17,3,0,7,6,0,6,0,22.716666666666665,181.0,4.0,10.2,55.00000000000001,0.4779411764705882,235.712,3.652629233511586,0.55,0.6862745098039216,2.9545454545454546
2020-01-09 21:00:00,21,22,0,2,17,3,0,10,8,0,8,0,23.716666666666665,155.5,4.0,10.2,55.00000000000001,0.5078125,268.152,4.521613190730839,0.55,0.9803921568627452,2.9545454545454546
2020-01-09 22:00:00,22,30,0,6,22,1,1,17,5,0,5,0,24.716666666666665,239.0,3.0,6.5,75.0,0.8857142857142857,250.75199999999995,10.432692307692308,0.75,2.6153846153846154,3.1
2020-01-09 23:00:00,23,28,1,3,22,1,1,8,7,0,7,0,25.716666666666665,252.0,3.0,6.5,70.0,0.8686868686868687,278.902,5.9302197802197805,0.7,1.2307692307692308,3.071428571428572
2020-01-10 00:00:00,0,31,1,7,20,2,1,13,8,0,8,0,26.716666666666665,255.5,3.0,6.5,77.5,1.0208333333333333,304.37699999999995,8.77258064516129,0.775,2.0,3.161290322580645
2020-01-10 01:00:00,1,29,1,8,18,1,1,4,8,0,8,0,27.716666666666665,315.5,3.0,6.5,72.5,0.9791666666666666,305.727,4.344694960212202,0.725,0.6153846153846154,3.2413793103448274
2020-01-10 02:00:00,2,32,1,8,22,1,0,9,8,0,8,0,28.716666666666665,375.5,3.0,6.5,80.0,1.09375,317.802,7.168269230769232,0.8,1.3846153846153846,3.28125
2020-01-10 03:00:00,3,28,1,8,17,1,1,5,7,0,7,0,29.716666666666665,492.0,3.0,6.5,70.0,0.9191919191919192,301.462,4.775,0.7,0.7692307692307693,3.25
2020-01-10 04:00:00,4,24,1,9,12,1,1,2,7,0,7,0,30.716666666666665,552.0,3.0,6.5,60.0,0.8080808080808081,298.522,3.025641025641025,0.6,0.3076923076923077,3.333333333333333
2020-01-10 05:00:00,5,26,1,7,16,1,1,5,8,0,8,0,31.716666666666665,555.5,3.0,6.5,65.0,0.875,321.852,4.585207100591716,0.65,0.7692307692307693,3.230769230769231
2020-01-10 06:00:00,6,30,2,9,17,1,1,5,10,1,11,1,32.71666666666667,450.0,3.0,6.5,75.0,1.1494252873563218,377.1403068017366,5.064102564102564,0.75,0.7692307692307693,3.333333333333333
2020-01-10 07:00:00,7,33,2,9,20,1,1,5,12,1,13,1,33.71666666666667,451.0,3.0,6.5,82.5,1.345679012345679,416.01530680173664,5.265792540792542,0.825,0.7692307692307693,3.303030303030303
2020-01-10 08:00:00,8,31,1,9,19,1,1,4,13,0,13,0,34.71666666666667,511.0,3.0,7.97,77.5,1.2469135802469136,416.497,4.160164123527745,0.775,0.5018820577164367,3.2580645161290325
2020-01-10 09:00:00,9,26,0,8,17,1,0,2,9,0,9,0,35.71666666666667,212.0,3.0,7.97,65.0,0.913978494623656,357.812,2.9453841328057138,0.65,0.2509410288582183,3.269230769230769
2020-01-10 10:00:00,10,28,0,9,18,1,0,8,12,0,12,0,36.71666666666667,240.0,4.0,11.29,70.0,0.8214285714285714,407.942,4.628229786157156,0.7,0.70859167404783,3.2857142857142856
2020-01-10 11:00:00,11,32,0,7,19,6,0,8,13,0,13,0,37.71666666666667,293.0,4.0,11.29,80.0,0.8981481481481481,435.562,4.572918511957485,0.8,0.70859167404783,3.03125
2020-01-10 12:00:00,12,24,0,8,12,4,0,4,14,1,15,1,38.71666666666667,240.0,4.0,11.29,60.0,0.76,451.7103068017366,3.021936817242397,0.6,0.354295837023915,3.1666666666666665
2020-01-10 13:00:00,13,28,0,7,15,6,0,8,15,1,16,1,39.71666666666667,225.0,4.0,11.29,70.0,0.8854166666666666,479.33030680173664,4.276081867645198,0.7,0.70859167404783,3.0357142857142856
2020-01-10 14:00:00,14,29,0,6,16,7,0,8,14,1,15,1,40.71666666666667,281.0,4.0,11.29,72.5,0.86,473.71530680173663,4.251340826486668,0.725,0.70859167404783,2.9655172413793105
2020-01-10 15:00:00,15,28,1,6,18,3,0,8,11,1,12,1,41.71666666666667,288.0,4.0,11.29,70.0,0.7946428571428571,437.0103068017367,4.477309249652031,0.7,0.70859167404783,3.1785714285714284
2020-01-10 16:00:00,16,25,1,7,15,2,0,7,8,1,9,1,42.71666666666667,178.0,4.0,11.29,62.5,0.6612903225806451,396.01530680173664,4.083658104517272,0.625,0.6200177147918512,3.28
2020-01-10 17:00:00,17,31,1,5,22,3,0,11,11,2,13,2,19.466666666666665,97.0,4.0,11.29,77.5,0.8981481481481481,332.2236136034732,5.473658533100946,0.775,0.9743135518157664,3.129032258064516
2020-01-10 18:00:00,18,34,0,5,25,4,0,11,11,2,13,2,20.466666666666665,84.0,4.0,11.29,85.0,0.9537037037037036,344.2986136034732,5.526596936383056,0.85,0.9743135518157664,3.0294117647058822
2020-01-10 19:00:00,19,31,1,4,22,4,0,8,10,1,11,1,21.466666666666665,139.0,4.0,11.29,77.5,0.8189655172413793,315.83530680173664,4.546490614017544,0.775,0.70859167404783,3.064516129032258
2020-01-10 20:00:00,20,29,1,4,20,4,0,8,11,0,11,0,22.466666666666665,177.0,4.0,11.08,72.5,0.7672413793103449,316.317,4.440859579235654,0.725,0.7220216606498195,3.0689655172413794
2020-01-10 21:00:00,21,26,3,3,19,1,0,8,9,2,11,2,23.466666666666665,144.0,4.0,11.08,65.0,0.7413793103448276,317.25861360347324,4.538225492918634,0.65,0.7220216606498195,3.3076923076923075
2020-01-10 22:00:00,22,24,2,4,17,1,0,11,9,2,11,2,24.466666666666665,103.0,3.0,7.76,60.0,0.9080459770114944,318.60861360347326,6.641022336769759,0.6,1.4175257731958764,3.2916666666666665
2020-01-10 23:00:00,23,34,1,5,24,4,0,14,8,1,9,1,25.466666666666665,163.0,3.0,7.76,85.0,1.1290322580645162,318.03030680173663,8.196558520315342,0.85,1.8041237113402064,3.088235294117647
2020-01-11 00:00:00,0,31,1,6,22,2,0,10,8,1,9,1,26.466666666666665,223.0,3.0,7.76,77.5,1.064516129032258,317.2353068017366,6.590397406052545,0.775,1.288659793814433,3.193548387096774
2020-01-11 01:00:00,1,30,0,6,22,2,0,4,10,0,10,0,27.466666666666665,237.0,3.0,7.76,75.0,1.0444444444444445,333.26199999999994,3.965120274914089,0.75,0.5154639175257733,3.1333333333333333
2020-01-11 02:00:00,2,23,0,4,18,1,0,3,10,0,10,0,28.466666666666665,297.0,3.0,7.76,57.49999999999999,0.8,323.88699999999994,3.010219632451815,0.575,0.3865979381443299,3.130434782608696
2020-01-11 03:00:00,3,20,0,4,15,1,0,4,11,0,11,0,29.466666666666665,311.0,3.0,7.76,50.0,0.7241379310344828,336.492,3.1987113402061853,0.5,0.5154639175257733,3.15
2020-01-11 04:00:00,4,27,0,6,20,1,0,8,13,0,13,0,30.466666666666665,366.0,3.0,7.76,67.5,1.0617283950617284,383.947,5.433696067201223,0.675,1.0309278350515465,3.185185185185185
2020-01-11 05:00:00,5,26,0,6,19,1,0,3,13,0,13,0,31.466666666666665,426.0,3.0,7.76,65.0,1.0246913580246917,387.442,3.3091395717684384,0.65,0.3865979381443299,3.1923076923076925
2020-01-11 06:00:00,6,27,0,7,19,1,0,3,13,1,14,1,32.46666666666667,432.5,3.0,7.76,67.5,1.1153846153846154,409.4953068017366,3.420704467353952,0.675,0.3865979381443299,3.2222222222222223
2020-01-11 07:00:00,7,28,0,6,21,1,0,4,13,1,14,1,33.46666666666667,492.5,3.0,7.76,70.0,1.141025641025641,417.28030680173663,3.863438880706922,0.7,0.5154639175257733,3.1785714285714284
2020-01-11 08:00:00,8,28,0,6,21,1,0,3,15,1,16,1,34.46666666666667,486.0,3.0,6.38,70.0,1.2361111111111112,449.7203068017366,3.71962606359158,0.7,0.4702194357366771,3.1785714285714284
2020-01-11 09:00:00,9,30,0,5,21,4,0,13,10,1,11,1,35.46666666666667,323.0,3.0,6.38,75.0,1.0459770114942528,392.65030680173663,8.455773249738767,0.75,2.0376175548589344,3.033333333333333
2020-01-11 10:00:00,10,26,0,2,20,4,0,8,7,1,8,1,36.46666666666667,194.0,4.0,10.08,65.0,0.59375,349.51030680173665,4.21990231990232,0.65,0.7936507936507936,2.923076923076923
2020-01-11 11:00:00,11,20,0,3,16,1,0,7,5,1,6,1,37.46666666666667,473.5,4.0,10.08,50.0,0.4558823529411764,315.4803068017366,3.702777777777778,0.5,0.6944444444444444,3.1
2020-01-11 12:00:00,12,31,0,3,26,2,0,16,9,1,10,1,38.46666666666667,199.0,4.0,10.08,77.5,0.7833333333333333,398.3153068017366,7.1631080389144905,0.775,1.5873015873015872,3.032258064516129
2020-01-11 13:00:00,13,34,0,5,27,2,0,11,8,1,9,1,39.46666666666667,100.0,4.0,10.08,85.0,0.8467741935483871,396.9903068017366,5.995098039215685,0.85,1.0912698412698412,3.088235294117647
2020-01-11 14:00:00,14,29,0,4,24,1,0,10,8,1,9,1,40.46666666666667,143.0,4.0,10.08,72.5,0.7258064516129032,391.90530680173663,5.328817733990148,0.725,0.992063492063492,3.103448275862069
2020-01-11 15:00:00,15,31,2,3,25,1,0,10,9,2,11,2,41.46666666666667,83.0,4.0,10.08,77.5,0.853448275862069,429.5036136034733,5.643202764976958,0.775,0.992063492063492,3.193548387096774
2020-01-11 16:00:00,16,34,2,3,28,1,0,9,12,2,14,2,42.46666666666667,112.5,4.0,10.08,85.0,1.0384615384615383,481.7786136034732,5.5361344537815125,0.85,0.8928571428571429,3.176470588235294
2020-01-11 17:00:00,17,31,2,3,25,1,0,11,14,2,16,2,43.46666666666667,162.0,4.0,10.08,77.5,1.03125,507.7836136034732,5.9600230414746544,0.775,1.0912698412698412,3.193548387096774
2020-01-11 18:00:00,18,34,1,4,28,1,0,12,11,2,13,2,44.46666666666667,177.0,4.0,10.08,85.0,0.9907407407407408,479.6586136034732,6.421498599439775,0.85,1.1904761904761905,3.147058823529412
2020-01-11 19:00:00,19,34,1,5,27,1,0,10,10,3,13,3,45.46666666666667,185.0,4.0,10.08,85.0,1.0,486.16692040520985,5.85126050420168,0.85,0.992063492063492,3.176470588235294
2020-01-11 20:00:00,20,38,1,7,29,1,0,12,8,3,11,3,46.46666666666667,354.0,4.0,11.46,95.0,1.0517241379310345,473.58692040520987,6.4118076605125385,0.95,1.0471204188481675,3.210526315789474
2020-01-11 21:00:00,21,37,0,6,30,1,0,12,8,1,9,1,47.46666666666667,258.0,4.0,11.46,92.5,0.935483870967742,448.5453068017366,6.182864015848309,0.925,1.0471204188481675,3.135135135135135
2020-01-11 22:00:00,22,43,1,7,34,1,0,15,10,1,11,1,48.46666666666667,102.0,3.0,7.76,107.5,1.5747126436781609,493.85530680173656,9.583595061136418,1.075,1.9329896907216493,3.186046511627907
2020-01-11 23:00:00,23,35,0,6,28,1,0,8,11,1,12,1,49.46666666666667,160.0,3.0,7.76,87.5,1.3095238095238095,495.7353068017367,5.990058910162003,0.875,1.0309278350515465,3.142857142857143
2020-01-12 00:00:00,0,41,1,8,29,2,1,13,15,1,16,1,50.46666666666667,155.5,3.0,7.76,102.5,1.7916666666666667,567.8453068017366,8.495932863967814,1.025,1.675257731958763,3.1463414634146343
2020-01-12 01:00:00,1,42,1,9,29,2,1,8,16,2,18,2,51.46666666666667,196.5,3.0,7.76,105.0,2.015151515151515,603.2986136034733,6.589604810996564,1.05,1.0309278350515465,3.1666666666666665
2020-01-12 02:00:00,2,42,1,10,29,2,0,9,18,2,20,2,52.46666666666667,241.5,3.0,7.76,105.0,2.2666666666666666,635.7386136034731,7.1555228276877765,1.05,1.1597938144329898,3.238095238095238
2020-01-12 03:00:00,3,37,1,8,27,1,0,6,19,1,20,1,53.46666666666667,293.5,3.0,7.76,92.5,2.0,629.7853068017366,5.507662301476735,0.925,0.7731958762886598,3.2432432432432434
2020-01-12 04:00:00,4,36,1,8,26,1,0,3,19,1,20,1,54.46666666666667,353.5,3.0,7.76,90.0,1.95,633.2803068017366,4.181443298969072,0.9,0.3865979381443299,3.25
2020-01-12 05:00:00,5,34,1,8,24,1,0,1,19,1,20,1,55.46666666666667,413.5,3.0,7.76,85.0,1.85,634.6303068017367,3.1957095209217705,0.85,0.1288659793814433,3.264705882352941
2020-01-12 06:00:00,6,36,1,9,25,1,0,3,19,1,20,1,56.46666666666667,473.5,3.0,7.76,90.0,1.9666666666666663,644.5603068017366,4.217182130584193,0.9,0.3865979381443299,3.2777777777777777
2020-01-12 07:00:00,7,34,1,10,22,1,0,3,19,1,20,1,57.46666666666667,533.5,3.0,7.76,85.0,1.8833333333333333,645.9103068017366,4.109869617950273,0.85,0.3865979381443299,3.323529411764706
2020-01-12 08:00:00,8,36,2,10,23,1,0,6,21,2,23,2,58.46666666666667,526.0,3.0,6.65,90.0,2.372549019607843,696.9086136034732,6.057581453634085,0.9,0.9022556390977444,3.361111111111111
2020-01-12 09:00:00,9,29,2,6,20,1,0,9,12,2,14,2,59.46666666666667,477.0,3.0,6.65,72.5,1.2307692307692308,566.9336136034732,6.880165932071558,0.725,1.3533834586466165,3.310344827586207
2020-01-12 10:00:00,10,40,2,6,31,1,0,19,15,3,18,3,60.46666666666667,151.5,4.0,9.9,100.0,1.4659090909090908,650.6369204052098,9.41439393939394,1.0,1.9191919191919191,3.225
2020-01-12 11:00:00,11,36,2,4,29,1,0,11,15,3,18,3,40.4,185.5,4.0,9.9,90.0,1.306818181818182,528.8809204052098,6.424382716049383,0.9,1.1111111111111112,3.1944444444444446
2020-01-12 12:00:00,12,42,2,4,34,2,0,18,15,3,18,3,39.93333333333333,169.5,4.0,9.9,105.0,1.5,539.1189204052098,9.014285714285714,1.05,1.818181818181818,3.142857142857143
2020-01-12 13:00:00,13,38,2,4,30,2,0,7,14,3,17,3,40.93333333333333,218.0,4.0,9.9,95.0,1.3043478260869563,522.7789204052099,5.232854864433811,0.95,0.7070707070707071,3.1578947368421053
2020-01-12 14:00:00,14,36,1,3,28,4,0,12,10,2,12,2,41.93333333333333,158.5,4.0,9.9,90.0,0.9732142857142856,456.2606136034732,6.39503367003367,0.9,1.2121212121212122,3.0277777777777777
2020-01-12 15:00:00,15,33,1,2,29,1,0,9,8,2,10,2,23.4,217.5,4.0,9.9,82.5,0.85,318.4976136034732,5.3599173553719,0.825,0.9090909090909092,3.090909090909091
2020-01-12 16:00:00,16,34,2,3,28,1,0,12,10,3,13,3,24.4,128.0,4.0,9.9,85.0,1.0,367.3509204052098,6.550267379679144,0.85,1.2121212121212122,3.176470588235294
2020-01-12 17:00:00,17,36,2,6,28,0,0,10,14,3,17,3,25.4,113.0,4.0,9.9,90.0,1.2826086956521738,430.88092040520985,6.260886644219978,0.9,1.0101010101010102,3.2777777777777777
2020-01-12 18:00:00,18,39,3,8,28,0,0,13,15,4,19,4,26.4,153.0,4.0,9.9,97.5,1.5595238095238095,470.6242272069464,7.685774410774411,0.975,1.3131313131313131,3.358974358974359
2020-01-12 19:00:00,19,39,3,9,26,1,0,13,13,5,18,5,27.4,201.5,4.0,9.9,97.5,1.4886363636363635,463.7325340086831,7.685774410774411,0.975,1.3131313131313131,3.358974358974359
2020-01-12 20:00:00,20,41,4,8,27,2,0,11,11,6,17,6,28.4,221.0,4.0,9.93,102.5,1.4891304347826086,461.13084081041967,7.126520398889789,1.025,1.107754279959718,3.341463414634146
2020-01-12 21:00:00,21,40,2,10,27,1,0,9,10,4,14,4,29.4,248.5,4.0,9.93,100.0,1.2788461538461535,422.6892272069464,6.338595166163143,1.0,0.9063444108761328,3.325
2020-01-12 22:00:00,22,36,2,10,23,1,0,6,10,4,14,4,30.4,308.5,3.0,6.68,90.0,1.551282051282051,419.7492272069464,6.043962075848304,0.9,0.8982035928143713,3.361111111111111
2020-01-12 23:00:00,23,36,2,11,22,1,0,8,8,5,13,5,31.4,276.0,3.0,6.68,90.0,1.5061728395061729,412.8575340086831,7.108549567531603,0.9,1.1976047904191618,3.388888888888889
2020-01-13 00:00:00,0,41,2,11,26,1,1,16,8,5,13,5,23.2,336.0,3.0,6.68,102.5,1.6666666666666667,377.334534008683,11.261665693004236,1.025,2.395209580838324,3.292682926829268
2020-01-13 01:00:00,1,42,2,11,26,1,1,6,8,5,13,5,24.2,396.0,3.0,6.68,105.0,1.6666666666666667,385.1195340086831,6.262082976903336,1.05,0.8982035928143713,3.2142857142857144
2020-01-13 02:00:00,2,35,2,10,20,1,1,3,8,5,13,5,25.2,456.0,3.0,6.68,87.5,1.3950617283950617,375.7445340086831,4.274957228400343,0.875,0.4491017964071856,3.2285714285714286
2020-01-13 03:00:00,3,36,2,12,20,1,1,8,10,5,15,5,26.2,460.0,3.0,6.68,90.0,1.6133333333333333,410.329534008683,7.050282767797738,0.9,1.1976047904191618,3.361111111111111
2020-01-13 04:00:00,4,27,1,9,15,1,1,2,9,3,12,3,27.2,618.5,3.0,6.68,67.5,1.0595238095238095,354.72792040520983,3.2119150587713463,0.675,0.2994011976047904,3.2962962962962963
2020-01-13 05:00:00,5,28,1,9,15,2,1,4,9,3,12,3,28.2,678.5,3.0,6.68,70.0,1.0833333333333333,362.5129204052098,4.221107784431138,0.7,0.5988023952095809,3.25
2020-01-13 06:00:00,6,27,1,9,14,2,1,4,9,3,12,3,29.2,738.5,3.0,6.68,67.5,1.0476190476190477,366.0079204052098,4.151652251053449,0.675,0.5988023952095809,3.259259259259259
2020-01-13 07:00:00,7,26,1,9,13,2,1,1,10,3,13,3,30.2,756.0,3.0,6.68,65.0,1.0493827160493827,382.9029204052098,2.614405803777061,0.65,0.1497005988023952,3.269230769230769
2020-01-13 08:00:00,8,26,1,8,15,1,1,6,10,3,13,3,31.2,816.0,3.0,7.02,65.0,1.0493827160493827,388.5429204052099,4.919214332675871,0.65,0.8547008547008548,3.269230769230769
2020-01-13 09:00:00,9,23,1,4,16,1,1,4,6,3,9,3,32.2,1219.0,3.0,7.02,57.49999999999999,0.7741935483870968,334.14792040520985,3.583723522853958,0.575,0.5698005698005698,3.130434782608696
2020-01-13 10:00:00,10,36,1,7,27,1,0,16,7,3,10,3,33.2,1107.5,4.0,10.48,90.0,0.9666666666666668,381.07292040520986,7.8194232400339265,0.9,1.5267175572519085,3.2222222222222223
2020-01-13 11:00:00,11,43,1,12,29,1,0,13,11,3,14,3,34.2,619.0,4.0,10.48,107.5,1.3653846153846154,455.32792040520985,7.646396236463696,1.075,1.2404580152671756,3.302325581395349
2020-01-13 12:00:00,12,43,1,14,27,1,0,10,10,4,14,4,35.2,679.0,4.0,10.48,107.5,1.3846153846153846,461.8362272069464,6.795455352387715,1.075,0.9541984732824428,3.3488372093023258
2020-01-13 13:00:00,13,45,1,13,28,3,0,9,10,5,15,5,36.2,418.0,4.0,10.48,112.5,1.47,486.0345340086831,6.480343511450381,1.125,0.8587786259541984,3.2666666666666666
2020-01-13 14:00:00,14,43,2,14,24,2,0,6,10,6,16,6,37.2,347.0,4.0,10.48,107.5,1.4791666666666667,501.65284081041966,5.440644416829398,1.075,0.5725190839694656,3.302325581395349
2020-01-13 15:00:00,15,41,2,12,26,1,0,6,6,6,12,6,38.2,263.0,4.0,10.48,102.5,1.2321428571428572,449.40284081041966,5.37701545336064,1.025,0.5725190839694656,3.365853658536585
2020-01-13 16:00:00,16,34,2,8,23,1,0,7,5,5,10,5,39.2,286.0,4.0,10.48,85.0,0.9416666666666668,412.3595340086831,5.044914683430624,0.85,0.6679389312977099,3.323529411764706
2020-01-13 17:00:00,17,29,2,6,19,1,1,6,7,5,12,5,40.2,274.0,4.0,10.48,72.5,0.8392857142857143,434.0745340086831,4.205751513556198,0.725,0.5725190839694656,3.2413793103448274
2020-01-13 18:00:00,18,27,2,5,19,1,0,6,7,4,11,4,41.2,371.0,4.0,10.48,67.5,0.7672413793103449,421.1562272069465,4.112192536047498,0.675,0.5725190839694656,3.2962962962962963
2020-01-13 19:00:00,19,24,2,8,13,1,0,6,7,4,11,4,42.2,357.0,4.0,10.48,60.0,0.7155172413793104,420.36122720694647,4.0549618320610685,0.6,0.5725190839694656,3.458333333333333
2020-01-13 20:00:00,20,30,1,6,22,1,0,15,7,3,10,3,43.2,75.0,4.0,9.84,75.0,0.8083333333333333,424.6029204052098,7.353861788617887,0.75,1.524390243902439,3.2333333333333334
2020-01-13 21:00:00,21,39,2,7,28,2,0,15,8,3,11,3,44.2,133.0,4.0,9.84,97.5,1.0862068965517242,462.94792040520986,8.074953095684803,0.975,1.524390243902439,3.230769230769231
2020-01-13 22:00:00,22,36,2,11,20,3,0,13,7,3,10,3,45.2,189.5,3.0,6.38,90.0,1.3333333333333333,448.7529204052098,9.792058516196448,0.9,2.0376175548589344,3.333333333333333
2020-01-13 23:00:00,23,32,3,10,17,2,0,6,7,3,10,3,46.2,249.5,3.0,6.38,80.0,1.2222222222222223,445.8129204052098,5.982758620689656,0.8,0.9404388714733544,3.4375
2020-01-14 00:00:00,0,32,2,12,17,1,0,10,9,2,11,2,47.2,294.0,3.0,6.38,80.0,1.2758620689655171,463.9846136034733,8.21191222570533,0.8,1.567398119122257,3.46875
2020-01-14 01:00:00,1,38,2,13,21,2,0,11,11,2,13,2,48.2,272.0,3.0,6.38,95.0,1.5925925925925926,509.2946136034732,9.077994555353902,0.95,1.7241379310344829,3.3947368421052637
2020-01-14 02:00:00,2,33,1,12,18,2,0,5,12,2,14,2,49.2,312.0,3.0,6.38,82.5,1.4230769230769231,517.6096136034732,5.411078654887433,0.825,0.7836990595611285,3.363636363636364
2020-01-14 03:00:00,3,28,1,9,17,1,0,3,11,2,13,2,50.2,392.0,3.0,6.38,70.0,1.160493827160494,499.1246136034732,3.92859381997313,0.7,0.4702194357366771,3.357142857142857
2020-01-14 04:00:00,4,23,0,9,13,1,0,4,12,2,14,2,51.2,432.0,3.0,6.38,57.49999999999999,0.9871794871794872,507.4396136034732,4.023950524737631,0.575,0.6269592476489029,3.347826086956522
2020-01-14 05:00:00,5,22,0,9,12,1,0,1,12,2,14,2,52.2,492.0,3.0,6.38,55.00000000000001,0.9487179487179488,510.9346136034733,2.3772157309774866,0.55,0.1567398119122257,3.363636363636364
2020-01-14 06:00:00,6,23,0,11,11,1,0,4,13,2,15,2,53.2,532.0,3.0,6.38,57.49999999999999,1.0533333333333332,532.1196136034732,4.128468720185362,0.575,0.6269592476489029,3.4347826086956523
2020-01-14 07:00:00,7,22,0,11,10,1,0,1,13,2,15,2,54.2,592.0,3.0,6.38,55.00000000000001,1.0133333333333334,535.6146136034732,2.441464804787689,0.55,0.1567398119122257,3.4545454545454546
2020-01-14 08:00:00,8,26,0,11,14,1,0,6,14,2,16,2,55.2,617.5,3.0,6.66,65.0,1.2222222222222223,563.2346136034732,5.249203049203049,0.65,0.9009009009009008,3.3846153846153846
2020-01-14 09:00:00,9,26,0,11,14,1,0,9,9,2,11,2,56.2,712.0,3.0,6.66,65.0,1.011494252873563,501.8746136034732,6.773804573804573,0.65,1.351351351351351,3.3846153846153846
2020-01-14 10:00:00,10,32,1,12,18,1,0,9,10,3,13,3,57.2,615.0,4.0,9.91,80.0,1.0092592592592593,548.0529204052099,5.818466195761856,0.8,0.9081735620585268,3.40625
2020-01-14 11:00:00,11,35,2,9,22,2,0,10,12,4,16,4,58.2,112.5,4.0,9.91,87.5,1.2083333333333333,601.1962272069464,6.24438518091394,0.875,1.0090817356205852,3.3142857142857145
2020-01-14 12:00:00,12,40,2,10,25,3,0,11,15,4,19,4,59.2,120.0,4.0,9.91,100.0,1.5595238095238095,657.7612272069464,6.910216952573157,1.0,1.1099899091826435,3.275
2020-01-14 13:00:00,13,42,2,11,27,2,0,6,15,5,20,5,60.2,171.5,4.0,9.91,105.0,1.7375,681.959534008683,5.478748017875162,1.05,0.6054490413723511,3.3095238095238093
2020-01-14 14:00:00,14,40,3,10,27,0,0,10,14,5,19,5,61.2,198.0,4.0,9.91,100.0,1.619047619047619,669.9095340086831,6.8308779011099885,1.0,1.0090817356205852,3.4
2020-01-14 15:00:00,15,39,3,11,25,0,0,4,14,4,18,4,62.2,213.5,4.0,9.91,97.5,1.5227272727272727,659.1362272069465,4.736840539211881,0.975,0.4036326942482341,3.435897435897436
2020-01-14 16:00:00,16,29,2,8,19,0,0,5,9,3,12,3,28.183333333333334,262.0,4.0,9.91,72.5,0.8839285714285714,364.5639204052098,4.197398134938585,0.725,0.5045408678102926,3.413793103448276
2020-01-14 17:00:00,17,31,2,10,19,0,0,8,8,3,11,3,29.183333333333334,324.0,4.0,9.91,77.5,0.9224137931034484,361.0939204052098,5.461367631262004,0.775,0.8072653884964682,3.4516129032258065
2020-01-14 18:00:00,18,23,1,8,13,1,0,4,6,2,8,2,30.183333333333334,348.0,4.0,9.91,57.49999999999999,0.609375,308.5056136034732,3.3188413109287938,0.575,0.4036326942482341,3.391304347826087
2020-01-14 19:00:00,19,23,2,7,14,0,0,7,7,4,11,4,31.183333333333334,277.0,4.0,9.91,57.49999999999999,0.6896551724137931,356.0822272069464,4.456894660641425,0.575,0.7063572149344097,3.4782608695652173
2020-01-14 20:00:00,20,25,2,8,14,1,0,9,6,4,10,4,32.18333333333333,134.0,4.0,11.31,62.5,0.7166666666666667,352.61222720694644,4.887400530503979,0.625,0.7957559681697614,3.44
2020-01-14 21:00:00,21,26,1,7,16,1,1,11,7,4,11,4,33.18333333333333,163.0,4.0,11.31,65.0,0.7241379310344828,373.7972272069465,5.242215874311365,0.65,0.9725906277630416,3.230769230769231
2020-01-14 22:00:00,22,24,1,5,17,1,0,7,8,3,11,3,11.183333333333334,193.0,3.0,8.059999999999999,60.0,0.896551724137931,244.55892040520985,4.77258064516129,0.6,0.8684863523573202,3.25
2020-01-14 23:00:00,23,25,1,3,18,3,0,11,8,2,10,2,12.183333333333334,219.5,3.0,8.059999999999999,62.5,0.8555555555555555,238.07561360347324,6.12847394540943,0.625,1.3647642679900749,3.08
2020-01-15 00:00:00,0,20,1,2,15,2,0,6,8,0,8,0,13.183333333333334,279.5,3.0,8.059999999999999,50.0,0.6458333333333334,204.454,3.857692307692308,0.5,0.7444168734491317,3.1
2020-01-15 01:00:00,1,24,1,3,18,2,0,9,11,0,11,0,14.183333333333334,289.0,3.0,8.059999999999999,60.0,0.8620689655172413,258.874,5.364454094292805,0.6,1.1166253101736974,3.125
2020-01-15 02:00:00,2,20,1,2,15,2,0,1,11,0,11,0,15.183333333333334,349.0,3.0,8.059999999999999,50.0,0.7126436781609196,255.93400000000003,1.9346153846153848,0.5,0.1240694789081886,3.1
2020-01-15 03:00:00,3,18,1,2,13,2,0,1,11,0,11,0,16.183333333333334,409.0,3.0,8.059999999999999,45.0,0.6436781609195402,257.284,1.7859939343810312,0.45,0.1240694789081886,3.111111111111111
2020-01-15 04:00:00,4,20,1,3,14,2,0,5,11,0,11,0,17.183333333333334,469.0,3.0,8.059999999999999,50.0,0.7241379310344828,267.214,3.5290942928039706,0.5,0.620347394540943,3.15
2020-01-15 05:00:00,5,20,1,3,14,2,0,1,11,0,11,0,18.183333333333334,529.0,3.0,8.059999999999999,50.0,0.7241379310344828,272.85400000000004,1.965818858560794,0.5,0.1240694789081886,3.15
2020-01-15 06:00:00,6,21,1,3,15,2,0,4,13,0,13,0,19.183333333333334,558.0,3.0,8.059999999999999,52.5,0.8148148148148148,307.439,3.2097305919886567,0.525,0.4962779156327544,3.142857142857143
2020-01-15 07:00:00,7,27,1,5,20,1,0,8,14,1,15,1,20.183333333333334,501.0,3.0,8.059999999999999,67.5,1.16,353.6173068017366,5.373235456299974,0.675,0.9925558312655088,3.2222222222222223
2020-01-15 08:00:00,8,31,1,5,24,1,0,5,14,1,15,1,21.183333333333334,561.0,3.0,7.76,77.5,1.32,367.8373068017366,4.532698703026272,0.775,0.6443298969072165,3.193548387096774
2020-01-15 09:00:00,9,35,1,7,25,2,0,9,12,2,14,2,21.716666666666665,572.5,3.0,7.76,87.5,1.435897435897436,366.8936136034732,6.511340206185569,0.875,1.1597938144329898,3.2
2020-01-15 10:00:00,10,34,1,7,24,2,0,7,11,2,13,2,16.566666666666666,544.0,4.0,11.46,85.0,1.0092592592592593,322.3026136034732,4.6832178421106665,0.85,0.6108202443280977,3.2058823529411766
2020-01-15 11:00:00,11,36,0,7,28,1,0,11,12,1,13,1,17.566666666666666,604.0,4.0,11.46,90.0,1.0555555555555556,331.3643068017366,5.88955788248982,0.9,0.9598603839441536,3.1666666666666665
2020-01-15 12:00:00,12,33,0,6,26,1,0,7,10,1,11,1,18.566666666666663,183.0,4.0,11.46,82.5,0.896551724137931,303.7693068017366,4.525009254852186,0.825,0.6108202443280977,3.1515151515151514
2020-01-15 13:00:00,13,31,1,5,23,2,0,9,9,2,11,2,17.1,131.0,4.0,11.46,77.5,0.8448275862068966,292.07561360347324,4.932688735010977,0.775,0.7853403141361256,3.161290322580645
2020-01-15 14:00:00,14,29,1,5,23,0,0,4,9,2,11,2,18.1,180.0,4.0,11.46,72.5,0.8103448275862069,293.42561360347327,3.481371487031353,0.725,0.3490401396160558,3.2413793103448274
2020-01-15 15:00:00,15,30,1,5,24,0,0,9,7,1,8,1,19.1,238.5,4.0,11.46,75.0,0.7578125,260.1423068017366,4.964267015706807,0.75,0.7853403141361256,3.2333333333333334
2020-01-15 16:00:00,16,20,1,4,15,0,0,2,6,1,7,1,20.1,297.0,4.0,11.46,50.0,0.5,230.93230680173664,2.225916230366492,0.5,0.1745200698080279,3.3
2020-01-15 17:00:00,17,14,0,2,10,2,0,3,6,0,6,0,21.1,364.0,4.0,11.46,35.0,0.3088235294117647,209.43400000000003,1.8353403141361255,0.35,0.2617801047120419,3.0
2020-01-15 18:00:00,18,15,1,2,12,0,0,6,7,1,8,1,22.1,385.5,4.0,11.46,37.5,0.3828125,244.8873068017366,2.9352966841186734,0.375,0.5235602094240838,3.2666666666666666
2020-01-15 19:00:00,19,19,1,3,13,2,0,7,8,0,8,0,10.05,266.5,4.0,11.46,47.5,0.46875,184.637,3.428906034720309,0.475,0.6108202443280977,3.1578947368421053
2020-01-15 20:00:00,20,17,2,4,11,0,0,6,8,0,8,0,9.466666666666669,104.5,4.0,10.05,42.5,0.4609375,177.057,3.546992976294996,0.425,0.5970149253731343,3.4705882352941178
2020-01-15 21:00:00,21,19,2,2,15,0,0,10,10,0,10,0,10.466666666666669,128.5,4.0,10.05,47.5,0.525,213.787,4.874293008641006,0.475,0.9950248756218903,3.3157894736842106
2020-01-15 22:00:00,22,16,1,1,14,0,0,7,9,0,9,0,11.466666666666669,94.0,3.0,6.35,40.0,0.5483870967741935,199.592,4.788779527559056,0.4,1.1023622047244095,3.1875
2020-01-15 23:00:00,23,20,1,1,16,2,0,9,8,0,8,0,12.466666666666669,168.0,3.0,6.35,50.0,0.6354166666666666,200.412,5.847834645669291,0.5,1.4173228346456694,3.05
2020-01-16 00:00:00,0,18,1,2,15,0,0,7,8,0,8,0,13.466666666666669,228.0,3.0,6.35,45.0,0.6041666666666666,201.762,5.002055993000875,0.45,1.1023622047244095,3.2222222222222223
2020-01-16 01:00:00,1,19,1,2,15,1,0,5,8,0,8,0,14.466666666666669,288.0,3.0,6.35,47.5,0.625,209.547,3.986531288852051,0.475,0.7874015748031497,3.1578947368421053
2020-01-16 02:00:00,2,18,1,3,13,1,0,5,7,0,7,0,15.466666666666669,389.0,3.0,6.35,45.0,0.5858585858585859,199.642,3.9871828521434822,0.45,0.7874015748031497,3.2222222222222223
2020-01-16 03:00:00,3,22,1,2,18,1,0,6,7,0,7,0,16.466666666666665,449.0,3.0,6.35,55.00000000000001,0.696969696969697,213.862,4.6884931997136725,0.55,0.9448818897637796,3.136363636363636
2020-01-16 04:00:00,4,16,1,2,12,1,0,0,7,0,7,0,17.466666666666665,509.0,3.0,6.35,40.0,0.5151515151515151,206.632,1.275,0.4,0.0,3.1875
2020-01-16 05:00:00,5,19,1,2,15,1,0,4,8,0,8,0,18.466666666666665,528.0,3.0,6.35,47.5,0.625,232.107,3.4892250310816406,0.475,0.6299212598425197,3.1578947368421053
2020-01-16 06:00:00,6,19,1,2,15,1,0,2,7,0,7,0,19.466666666666665,629.0,3.0,6.35,47.5,0.6060606060606061,224.347,2.4946125155408203,0.475,0.3149606299212598,3.1578947368421053
2020-01-16 07:00:00,7,22,1,2,18,1,0,6,7,0,7,0,20.466666666666665,689.0,3.0,6.35,55.00000000000001,0.696969696969697,236.42200000000005,4.6884931997136725,0.55,0.9448818897637796,3.136363636363636
2020-01-16 08:00:00,8,18,1,2,14,1,0,3,9,0,9,0,21.183333333333334,667.0,3.0,6.59,45.0,0.6129032258064516,258.684,2.866578148710167,0.45,0.4552352048558422,3.1666666666666665
2020-01-16 09:00:00,9,19,1,1,16,1,0,4,6,0,6,0,22.183333333333334,378.0,3.0,6.59,47.5,0.5784313725490197,226.269,3.3598334797540126,0.475,0.6069802731411229,3.1052631578947367
2020-01-16 10:00:00,10,22,1,1,20,0,0,7,8,0,8,0,23.183333333333334,126.0,4.0,9.93,55.00000000000001,0.5390625,265.144,3.9359310628948094,0.55,0.7049345417925479,3.136363636363636
2020-01-16 11:00:00,11,29,1,5,22,1,0,10,12,0,12,0,24.183333333333334,56.5,4.0,9.93,72.5,0.8303571428571429,339.399,5.554503073236795,0.725,1.0070493454179257,3.206896551724138
2020-01-16 12:00:00,12,32,1,5,23,3,0,9,12,0,12,0,25.183333333333334,108.5,4.0,9.93,80.0,0.8928571428571429,351.474,5.332326283987916,0.8,0.9063444108761328,3.125
2020-01-16 13:00:00,13,27,1,5,20,1,0,6,10,1,11,1,26.183333333333334,159.0,4.0,9.93,67.5,0.75,333.8573068017366,4.121962067807989,0.675,0.6042296072507553,3.2222222222222223
2020-01-16 14:00:00,14,37,2,6,28,1,0,15,13,1,14,1,27.183333333333334,199.5,4.0,9.93,92.5,1.1538461538461535,401.1473068017366,7.899158977708828,0.925,1.5105740181268883,3.2432432432432434
2020-01-16 15:00:00,15,39,2,2,34,1,0,8,13,1,14,1,28.183333333333334,117.5,4.0,9.93,97.5,1.1730769230769231,411.0773068017365,5.570205541353578,0.975,0.8056394763343404,3.128205128205128
2020-01-16 16:00:00,16,41,2,1,36,2,0,13,15,2,17,2,29.183333333333334,113.0,4.0,9.93,102.5,1.3695652173913044,462.0756136034733,7.173284945840396,1.025,1.3091641490433032,3.073170731707317
2020-01-16 17:00:00,17,42,2,2,38,0,0,9,16,2,18,2,30.183333333333334,154.5,4.0,9.93,105.0,1.5,483.2606136034733,6.148511005610704,1.05,0.9063444108761328,3.142857142857143
2020-01-16 18:00:00,18,46,3,4,38,1,0,7,17,2,19,2,31.183333333333334,173.0,4.0,9.93,115.0,1.75,510.8806136034732,5.927725600945751,1.15,0.7049345417925479,3.1956521739130435
2020-01-16 19:00:00,19,44,1,5,33,5,0,9,14,1,15,1,32.18333333333333,208.0,4.0,9.93,110.0,1.34,457.7623068017366,6.110230705850041,1.1,0.9063444108761328,3.0454545454545454
2020-01-16 20:00:00,20,40,1,4,29,6,0,10,12,1,13,1,17.433333333333334,247.0,4.0,10.14,100.0,1.1111111111111112,339.1923068017366,5.958579881656805,1.0,0.9861932938856016,3.0
2020-01-16 21:00:00,21,37,1,6,25,5,0,13,10,2,12,2,18.433333333333334,132.5,4.0,10.14,92.5,1.0178571428571428,325.8656136034732,6.800103950103949,0.925,1.282051282051282,3.081081081081081
2020-01-16 22:00:00,22,29,0,5,21,3,0,9,7,1,8,1,19.433333333333334,123.0,3.0,6.8,72.5,0.9270833333333334,259.8773068017366,6.286866125760649,0.725,1.3235294117647058,3.0689655172413794
2020-01-16 23:00:00,23,32,1,6,20,3,2,12,8,2,10,2,20.433333333333334,134.5,3.0,6.8,80.0,1.0777777777777775,299.6206136034732,7.774264705882352,0.8,1.7647058823529411,3.03125
2020-01-17 00:00:00,0,28,0,6,20,2,0,9,8,0,8,0,21.433333333333334,232.5,3.0,6.8,70.0,0.9166666666666666,268.144,6.359663865546218,0.7,1.3235294117647058,3.142857142857143
2020-01-17 01:00:00,1,29,0,6,20,3,0,5,7,0,7,0,22.433333333333334,259.0,3.0,6.8,72.5,0.9090909090909092,262.529,4.531947261663286,0.725,0.7352941176470589,3.103448275862069
2020-01-17 02:00:00,2,30,0,6,20,4,0,5,8,0,8,0,23.433333333333334,286.0,3.0,6.8,75.0,0.9583333333333334,283.714,4.554901960784314,0.75,0.7352941176470589,3.066666666666667
2020-01-17 03:00:00,3,30,0,7,20,3,0,7,9,0,9,0,24.433333333333334,313.0,3.0,6.8,75.0,1.010752688172043,302.754,5.575490196078432,0.75,1.0294117647058825,3.1333333333333333
2020-01-17 04:00:00,4,29,0,8,20,1,0,2,10,0,10,0,25.433333333333334,344.5,3.0,6.8,72.5,1.0444444444444445,319.649,3.303346855983772,0.725,0.2941176470588235,3.2413793103448274
2020-01-17 05:00:00,5,28,0,9,18,1,0,4,10,0,10,0,26.433333333333334,404.5,3.0,6.8,70.0,1.022222222222222,323.144,4.232773109243697,0.7,0.5882352941176471,3.2857142857142856
2020-01-17 06:00:00,6,29,0,9,19,1,0,2,11,0,11,0,27.433333333333334,436.0,3.0,6.8,72.5,1.091954022988506,344.329,3.3384888438133875,0.725,0.2941176470588235,3.2758620689655173
2020-01-17 07:00:00,7,32,0,10,21,1,0,4,11,0,11,0,28.433333333333334,496.0,3.0,6.8,80.0,1.206896551724138,356.404,4.555147058823529,0.8,0.5882352941176471,3.28125
2020-01-17 08:00:00,8,33,0,9,23,1,0,6,11,0,11,0,29.433333333333334,548.0,3.0,6.68,82.5,1.2298850574712643,364.189,5.587357103973869,0.825,0.8982035928143713,3.242424242424242
2020-01-17 09:00:00,9,31,0,5,25,1,0,11,6,0,6,0,30.433333333333334,281.5,3.0,6.68,77.5,0.9509803921568628,298.539,7.577598029746958,0.775,1.6467065868263473,3.129032258064516
2020-01-17 10:00:00,10,34,1,6,24,3,0,6,7,0,7,0,31.433333333333334,177.0,4.0,9.93,85.0,0.8106060606060606,324.014,4.5765461169362,0.85,0.6042296072507553,3.147058823529412
2020-01-17 11:00:00,11,30,1,5,21,2,0,9,6,0,6,0,25.916666666666668,157.0,4.0,9.93,75.0,0.6764705882352942,270.92,5.079456193353475,0.75,0.9063444108761328,3.066666666666667
2020-01-17 12:00:00,12,38,1,7,24,5,0,12,8,0,8,0,26.916666666666668,129.0,4.0,9.93,95.0,0.8984375,320.52,6.532179201780886,0.95,1.2084592145015105,3.026315789473684
2020-01-17 13:00:00,13,48,2,10,33,2,0,18,15,1,16,1,27.916666666666668,54.0,4.0,9.93,120.0,1.59375,455.6783068017366,9.602945619335348,1.2,1.8126888217522656,3.1875
2020-01-17 14:00:00,14,47,1,9,35,1,0,8,12,1,13,1,28.916666666666668,91.0,4.0,9.93,117.5,1.3703703703703705,418.9733068017366,6.236907287180476,1.175,0.8056394763343404,3.148936170212766
2020-01-17 15:00:00,15,40,2,7,27,3,0,8,8,1,9,1,25.016666666666666,147.0,4.0,9.93,100.0,1.0080645161290325,328.3623068017366,5.642623363544814,1.0,0.8056394763343404,3.125
2020-01-17 16:00:00,16,34,0,4,26,3,0,8,9,0,9,0,18.566666666666663,194.0,4.0,9.93,85.0,0.8064516129032258,278.246,4.86952787157159,0.85,0.8056394763343404,2.9411764705882355
2020-01-17 17:00:00,17,34,2,4,24,3,0,8,11,0,11,0,19.566666666666663,247.0,4.0,9.93,85.0,0.896551724137931,310.686,5.064308986434452,0.85,0.8056394763343404,3.0588235294117645
2020-01-17 18:00:00,18,27,2,4,20,1,0,9,12,0,12,0,20.216666666666665,126.0,4.0,9.93,67.5,0.7857142857142857,312.737,5.1540114132259145,0.675,0.9063444108761328,3.259259259259259
2020-01-17 19:00:00,19,26,2,2,20,2,0,7,10,0,10,0,21.216666666666665,186.0,4.0,9.93,65.0,0.6833333333333333,289.432,4.273255093345727,0.65,0.7049345417925479,3.1538461538461537
2020-01-17 20:00:00,20,28,1,3,18,6,0,11,9,0,9,0,22.216666666666665,158.0,4.0,9.75,70.0,0.6693548387096774,285.962,5.419322344322344,0.7,1.1282051282051282,2.9642857142857144
2020-01-17 21:00:00,21,25,1,4,16,4,0,10,10,0,10,0,23.216666666666665,200.0,4.0,9.75,62.5,0.6416666666666667,298.567,5.083974358974359,0.625,1.0256410256410255,3.08
2020-01-17 22:00:00,22,26,1,5,13,7,0,7,9,0,9,0,24.216666666666665,278.0,3.0,6.5,65.0,0.8387096774193549,292.952,5.180769230769231,0.65,1.0769230769230769,3.0
2020-01-17 23:00:00,23,29,2,5,14,7,1,8,9,1,10,1,25.216666666666665,271.5,3.0,6.5,72.5,0.9666666666666668,319.2953068017366,5.867307692307692,0.725,1.2307692307692308,3.0
2020-01-18 00:00:00,0,32,2,8,16,5,1,8,11,1,12,1,26.216666666666665,251.0,3.0,6.5,80.0,1.2023809523809523,358.1703068017366,6.4096153846153845,0.8,1.2307692307692308,3.15625
2020-01-18 01:00:00,1,32,3,8,18,2,1,8,12,2,14,2,27.216666666666665,268.5,3.0,6.5,80.0,1.358974358974359,391.4786136034732,6.726923076923077,0.8,1.2307692307692308,3.3125
2020-01-18 02:00:00,2,32,2,6,19,4,1,5,13,1,14,1,28.216666666666665,328.5,3.0,6.5,80.0,1.2820512820512822,396.2503068017365,4.903846153846154,0.8,0.7692307692307693,3.125
2020-01-18 03:00:00,3,25,1,6,16,1,1,3,14,0,14,0,29.216666666666665,388.5,3.0,6.5,62.5,1.0256410256410255,386.007,3.476923076923077,0.625,0.4615384615384615,3.2
2020-01-18 04:00:00,4,27,1,6,18,1,1,4,15,0,15,0,30.216666666666665,420.0,3.0,6.5,67.5,1.1466666666666667,409.337,4.11011396011396,0.675,0.6153846153846154,3.185185185185185
2020-01-18 05:00:00,5,25,1,6,16,1,1,1,15,0,15,0,31.216666666666665,480.0,3.0,6.5,62.5,1.0666666666666669,410.687,2.4923076923076923,0.625,0.1538461538461538,3.2
2020-01-18 06:00:00,6,24,1,6,14,2,1,1,14,0,14,0,32.21666666666667,568.5,3.0,6.5,60.0,0.9743589743589745,400.782,2.387179487179487,0.6,0.1538461538461538,3.1666666666666665
2020-01-18 07:00:00,7,23,1,6,15,0,1,4,16,1,17,1,33.21666666666667,543.0,3.0,6.5,57.49999999999999,1.0869565217391304,445.3453068017367,3.881688963210702,0.575,0.6153846153846154,3.260869565217391
2020-01-18 08:00:00,8,24,1,7,15,0,1,6,15,1,16,1,34.21666666666667,631.5,3.0,6.65,60.0,1.0972222222222223,439.73030680173656,4.944924812030076,0.6,0.9022556390977444,3.2916666666666665
2020-01-18 09:00:00,9,23,0,4,15,3,1,8,8,1,9,1,35.21666666666667,805.0,3.0,6.65,57.49999999999999,0.7311827956989247,349.4253068017366,5.2567178816606726,0.575,1.2030075187969924,2.9565217391304346
2020-01-18 10:00:00,10,23,0,5,16,2,0,8,7,1,8,1,36.21666666666667,761.5,4.0,10.35,57.49999999999999,0.5625,341.6653068017366,4.219659735349716,0.575,0.7729468599033815,3.130434782608696
2020-01-18 11:00:00,11,33,0,6,25,2,0,14,10,1,11,1,37.21666666666667,283.0,4.0,10.35,82.5,0.8879310344827587,408.9553068017366,6.796929439320743,0.825,1.3526570048309177,3.121212121212121
2020-01-18 12:00:00,12,35,1,6,25,3,0,9,11,1,12,1,38.21666666666667,200.5,4.0,10.35,87.5,0.9821428571428572,432.2853068017366,5.482919254658385,0.875,0.8695652173913042,3.142857142857143
2020-01-18 13:00:00,13,44,2,7,31,3,1,14,12,0,12,0,39.21666666666667,152.5,4.0,10.35,110.0,1.2321428571428572,456.362,7.6924242424242415,1.1,1.3526570048309177,3.136363636363636
2020-01-18 14:00:00,14,46,2,5,35,4,0,14,15,1,16,1,40.21666666666667,159.0,4.0,10.35,115.0,1.4895833333333333,520.7603068017365,7.779998949800461,1.15,1.3526570048309177,3.108695652173913
2020-01-18 15:00:00,15,47,1,4,37,5,0,11,17,1,18,1,41.21666666666667,202.0,4.0,10.35,117.5,1.6136363636363635,555.3453068017366,6.761018604173091,1.175,1.0628019323671496,3.021276595744681
2020-01-18 16:00:00,16,40,1,4,32,3,0,10,17,1,18,1,42.21666666666667,167.5,4.0,10.35,100.0,1.3977272727272727,545.9703068017366,6.046014492753623,1.0,0.9661835748792268,3.075
2020-01-18 17:00:00,17,37,0,6,31,0,0,9,17,1,18,1,43.21666666666667,212.0,4.0,10.35,92.5,1.3295454545454546,545.1753068017366,5.674706227967097,0.925,0.8695652173913042,3.1621621621621623
2020-01-18 18:00:00,18,40,0,8,31,1,0,11,19,1,20,1,44.21666666666667,180.5,4.0,10.35,100.0,1.5875,584.0503068017366,6.5493961352657,1.0,1.0628019323671496,3.175
2020-01-18 19:00:00,19,43,0,8,33,1,0,14,17,1,18,1,45.21666666666667,179.5,4.0,10.35,107.5,1.5113636363636365,569.3253068017366,7.508799573081676,1.075,1.3526570048309177,3.0930232558139537
2020-01-18 20:00:00,20,41,0,4,37,0,0,11,14,1,15,1,46.21666666666667,222.0,4.0,10.08,102.5,1.27,530.4753068017366,6.5552748741773135,1.025,1.0912698412698412,3.097560975609756
2020-01-18 21:00:00,21,35,0,4,30,1,0,8,12,1,13,1,47.21666666666667,276.0,4.0,10.08,87.5,1.0,496.4453068017367,5.148979591836734,0.875,0.7936507936507936,3.085714285714286
2020-01-18 22:00:00,22,25,0,4,21,0,0,7,10,1,11,1,28.633333333333333,299.0,3.0,6.38,62.5,0.9080459770114944,343.38530680173665,5.442084639498432,0.625,1.09717868338558,3.16
2020-01-18 23:00:00,23,19,0,2,16,0,1,6,9,0,9,0,29.633333333333333,284.0,3.0,6.38,47.5,0.6129032258064516,308.487,4.246316614420064,0.475,0.9404388714733544,3.0
2020-01-19 00:00:00,0,17,0,2,14,0,1,4,7,0,7,0,30.633333333333333,344.0,3.0,6.38,42.5,0.5151515151515151,283.037,3.1558777429467084,0.425,0.6269592476489029,3.0
2020-01-19 01:00:00,1,19,0,2,16,0,1,4,8,1,9,1,31.633333333333333,364.0,3.0,6.38,47.5,0.6129032258064516,320.6353068017366,3.3058777429467083,0.475,0.6269592476489029,3.0
2020-01-19 02:00:00,2,20,0,2,17,0,1,4,10,1,11,1,32.63333333333333,231.0,3.0,6.38,50.0,0.6896551724137931,355.22030680173657,3.380877742946709,0.5,0.6269592476489029,3.0
2020-01-19 03:00:00,3,18,0,2,15,0,1,2,10,1,11,1,33.63333333333333,291.0,3.0,6.38,45.0,0.6206896551724138,356.5703068017366,2.2904388714733543,0.45,0.3134796238244514,3.0
2020-01-19 04:00:00,4,23,0,4,17,1,1,8,10,2,12,2,34.63333333333333,334.5,3.0,6.38,57.49999999999999,0.8333333333333334,387.2036136034732,5.566273681341148,0.575,1.2539184952978055,3.0434782608695654
2020-01-19 05:00:00,5,26,0,4,21,0,1,5,10,2,12,2,35.63333333333333,394.5,3.0,6.38,65.0,0.9523809523809524,399.2786136034732,4.411381721726549,0.65,0.7836990595611285,3.076923076923077
2020-01-19 06:00:00,6,23,0,2,20,0,1,3,12,1,13,1,36.63333333333333,438.0,3.0,6.38,57.49999999999999,0.8518518518518519,411.01530680173664,3.135658307210031,0.575,0.4702194357366771,3.0
2020-01-19 07:00:00,7,21,0,2,18,0,1,3,12,1,13,1,37.63333333333333,498.0,3.0,6.38,52.5,0.7777777777777778,412.3653068017366,2.985658307210032,0.525,0.4702194357366771,3.0
2020-01-19 08:00:00,8,19,0,2,17,0,0,5,12,1,13,1,38.63333333333333,558.0,3.0,7.73,47.5,0.7283950617283951,413.71530680173663,3.483579015455845,0.475,0.6468305304010349,3.1052631578947367
2020-01-19 09:00:00,9,24,0,3,18,3,0,10,10,1,11,1,39.63333333333333,618.0,3.0,7.73,60.0,0.8275862068965517,403.28030680173663,5.68098318240621,0.6,1.2936610608020698,3.0
2020-01-19 10:00:00,10,26,2,3,16,5,0,11,9,1,10,1,40.63333333333333,227.0,4.0,10.98,65.0,0.6666666666666666,399.8103068017366,5.082527672691607,0.65,1.0018214936247722,3.076923076923077
2020-01-19 11:00:00,11,29,2,3,17,7,0,12,8,1,9,1,41.63333333333333,120.0,4.0,10.98,72.5,0.7016129032258065,398.4853068017366,5.453688524590164,0.725,1.092896174863388,3.0
2020-01-19 12:00:00,12,29,0,5,16,8,0,10,6,1,7,1,42.63333333333333,178.0,4.0,10.98,72.5,0.6363636363636364,377.3253068017366,4.738025249670247,0.725,0.9107468123861566,2.896551724137931
2020-01-19 13:00:00,13,36,0,7,20,9,0,14,10,1,11,1,43.63333333333333,111.0,4.0,10.98,90.0,0.913793103448276,451.5803068017366,6.404300748836269,0.9,1.275045537340619,2.9444444444444446
2020-01-19 14:00:00,14,32,0,4,23,5,0,9,10,0,10,0,44.63333333333333,106.5,4.0,10.98,80.0,0.7916666666666666,434.372,4.808401639344263,0.8,0.819672131147541,2.96875
2020-01-19 15:00:00,15,37,0,4,28,5,0,13,10,0,10,0,45.63333333333333,166.5,4.0,10.98,92.5,0.9166666666666666,450.737,6.26991335597893,0.925,1.1839708561020037,2.972972972972973
2020-01-19 16:00:00,16,44,0,3,36,5,0,19,8,0,8,0,46.63333333333333,196.0,4.0,10.98,110.0,1.015625,444.592,8.362601424076834,1.1,1.7304189435336976,2.9545454545454546
2020-01-19 17:00:00,17,44,0,4,34,6,0,10,9,1,10,1,47.63333333333333,192.5,4.0,10.98,110.0,1.0833333333333333,477.90030680173663,5.940842854777281,1.1,0.9107468123861566,2.9545454545454546
2020-01-19 18:00:00,18,38,0,2,31,5,0,9,9,1,10,1,48.63333333333333,228.0,4.0,10.98,95.0,0.925,470.67030680173656,5.169305435720449,0.95,0.819672131147541,2.921052631578948
2020-01-19 19:00:00,19,37,1,3,30,3,0,14,9,1,10,1,49.63333333333333,217.5,4.0,10.98,92.5,0.9416666666666668,474.16530680173656,6.719057992418648,0.925,1.275045537340619,3.054054054054054
2020-01-19 20:00:00,20,37,0,3,31,3,0,14,8,2,10,2,50.63333333333333,237.5,4.0,9.63,92.5,0.925,480.6736136034732,7.136370716510903,0.925,1.453790238836968,3.0
2020-01-19 21:00:00,21,38,0,3,30,5,0,12,6,2,8,2,51.63333333333333,194.5,4.0,9.63,95.0,0.875,461.6586136034732,6.472733234956551,0.95,1.2461059190031154,2.9473684210526314
2020-01-19 22:00:00,22,41,1,3,31,6,0,11,5,2,7,2,52.63333333333333,183.0,3.0,6.38,102.5,1.2323232323232325,460.3336136034732,8.18036164844407,1.025,1.7241379310344829,2.975609756097561
2020-01-19 23:00:00,23,34,0,5,27,2,0,8,5,1,6,1,53.63333333333333,354.5,3.0,6.38,85.0,1.0294117647058822,436.6903068017366,6.497395353125577,0.85,1.2539184952978055,3.088235294117647
2020-01-20 00:00:00,0,40,0,3,32,5,0,13,6,1,7,1,54.63333333333333,303.0,3.0,6.38,100.0,1.1919191919191918,468.6003068017366,8.960971786833857,1.0,2.0376175548589344,2.95
2020-01-20 01:00:00,1,36,1,2,32,1,0,7,7,1,8,1,55.63333333333333,352.0,3.0,6.38,90.0,1.15625,479.0603068017366,6.1579676071055385,0.9,1.09717868338558,3.083333333333333
2020-01-20 02:00:00,2,30,1,1,27,1,0,5,9,0,9,0,56.63333333333333,360.0,3.0,6.38,75.0,0.989247311827957,484.362,4.703343782654128,0.75,0.7836990595611285,3.066666666666667
2020-01-20 03:00:00,3,31,1,4,24,2,0,7,9,1,10,1,57.63333333333333,308.5,3.0,6.38,77.5,1.0777777777777775,506.4153068017365,5.858107493174234,0.775,1.09717868338558,3.129032258064516
2020-01-20 04:00:00,4,31,1,7,22,1,0,8,9,1,10,1,58.63333333333333,368.5,3.0,6.38,77.5,1.1222222222222222,512.0553068017366,6.610347355647691,0.775,1.2539184952978055,3.2580645161290325
2020-01-20 05:00:00,5,32,1,5,24,2,0,5,10,0,10,0,59.63333333333333,428.5,3.0,6.38,80.0,1.1222222222222222,518.972,4.998550156739812,0.8,0.7836990595611285,3.15625
2020-01-20 06:00:00,6,27,1,6,19,1,0,1,10,0,10,0,60.63333333333333,488.5,3.0,6.38,67.5,0.9777777777777776,513.887,2.710855683269477,0.675,0.1567398119122257,3.259259259259259
2020-01-20 07:00:00,7,31,2,8,20,1,0,6,11,1,12,1,61.63333333333333,406.0,3.0,6.38,77.5,1.238095238095238,555.7753068017366,5.755020730104156,0.775,0.9404388714733544,3.3548387096774195
2020-01-20 08:00:00,8,33,2,5,24,2,0,8,12,1,13,1,62.63333333333333,435.0,3.0,6.8,82.5,1.308641975308642,579.1053068017366,6.428966131907308,0.825,1.1764705882352942,3.212121212121212
2020-01-20 09:00:00,9,32,1,5,23,3,0,5,11,0,11,0,63.63333333333333,460.0,3.0,6.8,80.0,1.1494252873563218,554.932,4.797794117647059,0.8,0.7352941176470589,3.125
2020-01-20 10:00:00,10,35,2,5,23,5,0,11,11,0,11,0,64.63333333333334,121.0,4.0,10.14,87.5,0.9396551724137931,567.0070000000001,6.1034164553395325,0.875,1.0848126232741615,3.1142857142857143
2020-01-20 11:00:00,11,37,2,9,21,5,0,11,13,0,13,0,65.63333333333334,140.0,4.0,10.14,92.5,1.101851851851852,603.7370000000001,6.463991950530413,0.925,1.0848126232741615,3.216216216216216
2020-01-20 12:00:00,12,40,2,10,21,7,0,10,15,0,15,0,66.63333333333334,175.0,4.0,10.14,100.0,1.27,642.6120000000001,6.3061637080867845,1.0,0.9861932938856016,3.175
2020-01-20 13:00:00,13,33,2,9,17,5,0,6,13,1,14,1,67.63333333333334,247.5,4.0,10.14,82.5,1.0288461538461535,620.7053068017366,4.593594226286533,0.825,0.5917159763313609,3.242424242424242
2020-01-20 14:00:00,14,25,2,6,16,1,0,4,11,1,12,1,68.63333333333334,332.0,4.0,10.14,62.5,0.75,582.3853068017366,3.4254437869822483,0.625,0.3944773175542406,3.36
2020-01-20 15:00:00,15,27,2,6,18,1,0,6,13,1,14,1,69.63333333333334,367.5,4.0,10.14,67.5,0.8653846153846154,619.1153068017367,4.222386587771204,0.675,0.5917159763313609,3.333333333333333
2020-01-20 16:00:00,16,29,2,5,22,0,0,8,15,1,16,1,70.63333333333334,262.0,4.0,10.14,72.5,1.0,655.8453068017366,5.011711895531524,0.725,0.7889546351084812,3.310344827586207
2020-01-20 17:00:00,17,33,3,5,25,0,0,9,18,0,18,0,71.63333333333334,183.0,4.0,10.14,82.5,1.25,695.9970000000001,5.708579881656805,0.825,0.8875739644970414,3.333333333333333
2020-01-20 18:00:00,18,36,3,6,27,0,0,7,17,1,18,1,72.63333333333334,243.0,4.0,10.14,90.0,1.3636363636363635,708.9403068017366,5.30111768573307,0.9,0.6903353057199211,3.333333333333333
2020-01-20 19:00:00,19,28,0,6,21,1,0,7,10,1,11,1,73.63333333333334,294.0,4.0,10.14,70.0,0.7672413793103449,603.6203068017367,4.419280078895463,0.7,0.6903353057199211,3.1785714285714284
2020-01-20 20:00:00,20,26,0,1,25,0,0,10,6,1,7,1,74.63333333333334,305.0,4.0,11.4,65.0,0.5984848484848485,551.3703068017367,4.64031713900135,0.65,0.8771929824561404,3.0384615384615383
2020-01-20 21:00:00,21,32,0,3,29,0,0,11,7,0,7,0,75.63333333333334,365.0,4.0,11.4,80.0,0.75,569.012,5.460197368421053,0.8,0.9649122807017544,3.09375
2020-01-20 22:00:00,22,27,1,2,23,1,0,9,7,1,8,1,76.63333333333334,276.5,3.0,8.059999999999999,67.5,0.875,578.1953068017366,5.573945409429281,0.675,1.1166253101736974,3.111111111111111
2020-01-20 23:00:00,23,25,2,2,20,1,0,6,5,2,7,2,77.63333333333334,132.0,3.0,8.059999999999999,62.5,0.8080808080808081,567.0136136034732,4.382133995037221,0.625,0.7444168734491317,3.2
2020-01-21 00:00:00,0,29,2,4,23,0,0,11,7,2,9,2,78.63333333333334,147.0,3.0,8.059999999999999,72.5,1.021505376344086,608.0336136034732,6.845779498588176,0.725,1.3647642679900749,3.2758620689655173
2020-01-21 01:00:00,1,29,1,5,23,0,0,4,7,1,8,1,79.63333333333334,229.5,3.0,8.059999999999999,72.5,0.9791666666666666,599.4053068017366,3.958624967913066,0.725,0.4962779156327544,3.2413793103448274
2020-01-21 02:00:00,2,26,1,4,20,1,0,2,8,1,9,1,80.63333333333334,267.0,3.0,8.059999999999999,65.0,0.8924731182795699,612.0103068017366,2.867135903798435,0.65,0.2481389578163772,3.1923076923076925
2020-01-21 03:00:00,3,25,1,4,19,1,0,0,8,1,9,1,81.63333333333334,327.0,3.0,8.059999999999999,62.5,0.8602150537634409,615.5053068017367,2.0,0.625,0.0,3.2
2020-01-21 04:00:00,4,25,1,4,20,0,0,4,8,1,9,1,82.63333333333334,387.0,3.0,8.059999999999999,62.5,0.8709677419354839,621.1453068017366,3.632940446650125,0.625,0.4962779156327544,3.24
2020-01-21 05:00:00,5,29,2,5,22,0,0,6,9,1,10,1,83.63333333333334,384.0,3.0,8.059999999999999,72.5,1.0666666666666669,648.7653068017366,4.8642765465902285,0.725,0.7444168734491317,3.310344827586207
2020-01-21 06:00:00,6,30,2,6,22,0,0,2,10,1,11,1,84.63333333333334,408.0,3.0,8.059999999999999,75.0,1.1494252873563218,669.9503068017366,3.327129859387924,0.75,0.2481389578163772,3.333333333333333
2020-01-21 07:00:00,7,28,2,7,18,1,0,4,9,2,11,2,85.63333333333334,468.0,3.0,8.059999999999999,70.0,1.0804597701149423,672.1686136034732,4.016075859624246,0.7,0.4962779156327544,3.357142857142857
2020-01-21 08:00:00,8,28,2,7,19,0,0,2,9,2,11,2,86.63333333333334,528.0,3.0,6.77,70.0,1.091954022988506,677.8086136034733,3.3773211648027006,0.7,0.2954209748892171,3.392857142857143
2020-01-21 09:00:00,9,28,1,6,20,1,0,5,7,3,10,3,87.63333333333334,624.0,3.0,6.77,70.0,1.011111111111111,670.9169204052098,4.675295420974889,0.7,0.7385524372230429,3.25
2020-01-21 10:00:00,10,28,1,3,23,1,0,11,8,3,11,3,88.63333333333334,648.0,4.0,10.02,70.0,0.7586206896551724,689.9569204052099,5.650242372398061,0.7,1.097804391217565,3.142857142857143
2020-01-21 11:00:00,11,33,1,5,27,0,0,9,10,3,13,3,89.63333333333334,267.0,4.0,10.02,82.5,0.9814814814814816,733.1219204052098,5.535138813282526,0.825,0.8982035928143713,3.212121212121212
2020-01-21 12:00:00,12,35,0,8,27,0,0,7,11,2,13,2,90.63333333333334,192.0,4.0,10.02,87.5,1.0462962962962965,742.1836136034733,5.080489021956088,0.875,0.6986027944111777,3.2285714285714286
2020-01-21 13:00:00,13,35,0,7,28,0,0,7,10,2,12,2,91.63333333333334,224.5,4.0,10.02,87.5,1.0,734.4236136034733,5.035528942115769,0.875,0.6986027944111777,3.2
2020-01-21 14:00:00,14,34,0,8,26,0,0,6,9,1,10,1,92.63333333333334,240.0,4.0,10.02,85.0,0.9166666666666666,710.2503068017365,4.687301866854526,0.85,0.5988023952095809,3.235294117647059
2020-01-21 15:00:00,15,37,0,11,26,0,0,9,9,3,12,3,93.63333333333334,274.5,4.0,10.02,92.5,1.0892857142857142,750.8619204052098,6.011644279009548,0.925,0.8982035928143713,3.2972972972972974
2020-01-21 16:00:00,16,41,1,12,25,3,0,13,9,5,14,5,94.63333333333334,196.0,4.0,10.02,102.5,1.2884615384615383,793.618534008683,7.59029988802882,1.025,1.2974051896207586,3.268292682926829
2020-01-21 17:00:00,17,47,1,14,28,4,0,10,12,5,17,5,95.63333333333334,121.0,4.0,10.02,117.5,1.6630434782608696,852.328534008683,7.073821505924322,1.175,0.998003992015968,3.25531914893617
2020-01-21 18:00:00,18,37,1,13,18,5,0,4,13,4,17,4,96.63333333333334,158.0,4.0,10.02,92.5,1.315217391304348,835.6502272069465,4.330497113880348,0.925,0.3992015968063872,3.27027027027027
2020-01-21 19:00:00,19,35,1,14,18,2,0,8,16,3,19,3,97.63333333333334,194.0,4.0,10.02,87.5,1.4166666666666667,862.9319204052099,5.689570858283433,0.875,0.7984031936127745,3.4
2020-01-21 20:00:00,20,38,0,10,27,1,0,15,18,1,19,1,98.63333333333334,213.0,4.0,9.91,95.0,1.4642857142857142,873.2703068017366,7.974357374263104,0.95,1.513622603430878,3.236842105263158
2020-01-21 21:00:00,21,40,0,10,27,3,0,11,18,1,19,1,99.63333333333334,273.0,4.0,9.91,100.0,1.511904761904762,883.2003068017366,6.699217961654893,1.0,1.1099899091826435,3.175
2020-01-21 22:00:00,22,39,0,11,26,2,0,6,20,1,21,1,100.63333333333334,228.0,3.0,6.66,97.5,2.210526315789474,913.4953068017368,6.060602910602911,0.975,0.9009009009009008,3.230769230769231
2020-01-21 23:00:00,23,44,0,15,27,2,0,12,21,1,22,1,101.63333333333334,274.5,3.0,6.66,110.0,2.685185185185185,943.2603068017366,9.562755937755938,1.1,1.8018018018018016,3.2954545454545454
2020-01-22 00:00:00,0,44,1,16,25,2,0,7,20,1,21,1,102.63333333333334,348.0,3.0,6.66,110.0,2.5964912280701755,935.5003068017368,7.235353535353536,1.1,1.0510510510510511,3.363636363636364
2020-01-22 01:00:00,1,41,1,14,25,1,0,4,20,1,21,1,103.63333333333334,408.0,3.0,6.66,102.5,2.421052631578948,934.7053068017366,5.471533728850802,1.025,0.6006006006006006,3.365853658536585
2020-01-22 02:00:00,2,34,1,12,20,1,0,4,21,0,21,0,104.63333333333334,441.0,3.0,6.66,85.0,2.017543859649123,924.462,4.906443207913796,0.85,0.6006006006006006,3.3823529411764706
2020-01-22 03:00:00,3,27,1,10,16,0,0,0,21,0,21,0,105.63333333333334,501.0,3.0,6.66,67.5,1.631578947368421,915.087,2.325,0.675,0.0,3.4444444444444446
2020-01-22 04:00:00,4,30,1,12,17,0,0,3,21,0,21,0,106.63333333333334,561.0,3.0,6.66,75.0,1.824561403508772,927.162,4.1615615615615615,0.75,0.4504504504504504,3.466666666666667
2020-01-22 05:00:00,5,31,1,13,17,0,0,3,21,0,21,0,107.63333333333334,621.0,3.0,6.66,77.5,1.894736842105263,934.947,4.269311246730601,0.775,0.4504504504504504,3.4838709677419355
2020-01-22 06:00:00,6,32,1,13,18,0,0,4,21,0,21,0,108.63333333333334,681.0,3.0,6.66,80.0,1.947368421052632,942.732,4.858333333333333,0.8,0.6006006006006006,3.46875
2020-01-22 07:00:00,7,34,1,13,20,0,0,4,23,0,23,0,109.63333333333334,737.0,3.0,6.66,85.0,2.294117647058824,979.462,4.991772655007949,0.85,0.6006006006006006,3.4411764705882355
2020-01-22 08:00:00,8,29,1,10,18,0,0,1,22,0,22,0,110.63333333333334,781.5,3.0,6.74,72.5,1.8333333333333333,960.977,2.981497493093216,0.725,0.1483679525222551,3.413793103448276
2020-01-22 09:00:00,9,32,2,8,21,0,1,9,21,0,21,0,111.63333333333334,792.0,3.0,6.74,80.0,1.8596491228070176,959.652,7.073219584569733,0.8,1.3353115727002969,3.3125
2020-01-22 10:00:00,10,35,2,7,26,0,0,7,20,0,20,0,112.63333333333334,797.5,4.0,10.08,87.5,1.45,958.327,5.201587301587302,0.875,0.6944444444444444,3.3142857142857145
2020-01-22 11:00:00,11,39,2,6,31,0,0,14,18,0,18,0,113.63333333333334,851.5,4.0,10.08,97.5,1.443181818181818,945.747,7.697792022792023,0.975,1.3888888888888888,3.2564102564102564
2020-01-22 12:00:00,12,44,3,7,33,1,0,11,18,1,19,1,114.63333333333334,859.0,4.0,10.08,110.0,1.7142857142857142,976.3803068017368,7.171428571428573,1.1,1.0912698412698412,3.272727272727273
2020-01-22 13:00:00,13,39,4,5,30,0,0,5,16,1,17,1,115.63333333333334,800.0,4.0,10.08,97.5,1.4130434782608696,944.4953068017368,4.903439153439154,0.975,0.496031746031746,3.333333333333333
2020-01-22 14:00:00,14,40,3,6,30,1,0,14,15,1,16,1,116.63333333333334,644.0,4.0,10.08,100.0,1.3645833333333333,938.8803068017368,7.823611111111111,1.0,1.3888888888888888,3.275
2020-01-22 15:00:00,15,36,2,5,29,0,0,7,11,1,12,1,117.63333333333334,431.0,4.0,10.08,90.0,1.0446428571428572,882.3403068017367,5.1819444444444445,0.9,0.6944444444444444,3.25
2020-01-22 16:00:00,16,35,2,5,27,1,0,7,12,1,13,1,118.63333333333334,434.0,4.0,10.08,87.5,1.0462962962962965,899.2353068017367,5.067063492063492,0.875,0.6944444444444444,3.2285714285714286
2020-01-22 17:00:00,17,37,3,5,28,1,0,7,14,1,15,1,119.63333333333334,348.0,4.0,10.08,92.5,1.21,935.9653068017366,5.296021021021021,0.925,0.6944444444444444,3.27027027027027
2020-01-22 18:00:00,18,40,2,7,31,0,0,10,15,2,17,2,120.63333333333334,282.0,4.0,10.08,100.0,1.423913043478261,975.7086136034732,6.524007936507936,1.0,0.992063492063492,3.275
2020-01-22 19:00:00,19,46,1,6,38,1,0,14,16,1,17,1,121.63333333333334,318.0,4.0,10.08,115.0,1.576086956521739,993.3503068017366,8.003019323671497,1.15,1.3888888888888888,3.152173913043478
2020-01-22 20:00:00,20,38,2,4,32,0,0,6,12,0,12,0,122.63333333333334,250.0,4.0,11.1,95.0,1.0892857142857142,913.962,4.785419630156473,0.95,0.5405405405405406,3.210526315789474
2020-01-22 21:00:00,21,37,2,5,30,0,0,10,11,0,11,0,123.63333333333334,269.0,4.0,11.1,92.5,1.0344827586206895,904.057,5.921840759678598,0.925,0.9009009009009008,3.2432432432432434
2020-01-22 22:00:00,22,39,2,3,33,1,0,14,13,0,13,0,124.63333333333334,313.0,3.0,7.76,97.5,1.5185185185185186,940.787,8.764928628072957,0.975,1.8041237113402064,3.1538461538461537
2020-01-22 23:00:00,23,35,2,3,29,1,0,6,11,0,11,0,125.63333333333334,373.0,3.0,7.76,87.5,1.2758620689655171,911.047,5.227135493372606,0.875,0.7731958762886598,3.1714285714285717
2020-01-23 00:00:00,0,35,2,4,28,1,0,10,13,1,14,1,126.63333333333334,307.0,3.0,7.76,87.5,1.435897435897436,957.7553068017368,6.923711340206186,0.875,1.288659793814433,3.2
2020-01-23 01:00:00,1,36,2,6,27,1,0,6,16,1,17,1,127.63333333333334,223.0,3.0,7.76,90.0,1.6956521739130437,1005.7403068017366,5.437886597938144,0.9,0.7731958762886598,3.25
2020-01-23 02:00:00,2,34,2,6,25,1,0,8,18,3,21,3,128.63333333333333,245.0,3.0,7.76,85.0,1.947368421052632,1062.4269204052098,6.140676167374166,0.85,1.0309278350515465,3.264705882352941
2020-01-23 03:00:00,3,37,2,7,27,1,0,6,19,2,21,2,129.63333333333333,305.0,3.0,7.76,92.5,2.12280701754386,1073.6336136034731,5.553559487322374,0.925,0.7731958762886598,3.27027027027027
2020-01-23 04:00:00,4,38,2,6,29,1,0,4,19,2,21,2,130.63333333333333,365.0,3.0,7.76,95.0,2.1578947368421053,1081.4186136034732,4.743475311991319,0.95,0.5154639175257733,3.236842105263158
2020-01-23 05:00:00,5,34,2,6,25,1,0,1,19,2,21,2,131.63333333333333,425.0,3.0,7.76,85.0,1.947368421052632,1078.4786136034731,3.1957095209217705,0.85,0.1288659793814433,3.264705882352941
2020-01-23 06:00:00,6,34,2,6,24,1,1,5,20,2,22,2,132.63333333333333,451.0,3.0,7.76,85.0,2.0185185185185186,1097.518613603473,4.790645845967253,0.85,0.6443298969072165,3.2058823529411766
2020-01-23 07:00:00,7,40,2,7,29,1,1,7,22,2,24,2,133.63333333333333,463.5,3.0,7.76,100.0,2.6666666666666665,1142.828613603473,6.08659793814433,1.0,0.9020618556701032,3.2
2020-01-23 08:00:00,8,39,2,8,28,1,0,6,22,3,25,3,134.63333333333333,482.0,3.0,8.18,97.5,2.844444444444445,1160.5919204052095,5.607372578521723,0.975,0.7334963325183375,3.282051282051282
2020-01-23 09:00:00,9,43,2,6,35,0,0,9,20,3,23,3,135.63333333333333,513.0,3.0,8.18,107.5,2.7254901960784315,1148.0119204052098,7.031604310001706,1.075,1.1002444987775062,3.232558139534884
2020-01-23 10:00:00,10,47,4,4,39,0,0,13,18,3,21,3,136.63333333333333,534.0,4.0,11.43,117.5,2.013157894736842,1135.43192040521,7.527462724074384,1.175,1.1373578302712162,3.25531914893617
2020-01-23 11:00:00,11,51,3,2,46,0,0,11,19,2,21,2,137.63333333333333,546.0,4.0,11.43,127.5,2.1184210526315788,1148.7836136034732,7.063100629578165,1.275,0.9623797025371827,3.156862745098039
2020-01-23 12:00:00,12,39,2,3,34,0,0,7,18,2,20,2,138.63333333333333,482.0,4.0,11.43,97.5,1.55,1115.2836136034732,5.0471924983736,0.975,0.6124234470691163,3.1794871794871797
2020-01-23 13:00:00,13,39,2,3,34,0,0,9,18,3,21,3,20.48333333333333,407.0,4.0,11.43,97.5,1.631578947368421,463.18592040520986,5.6035332121946295,0.975,0.7874015748031497,3.1794871794871797
2020-01-23 14:00:00,14,33,2,1,30,0,0,5,14,3,17,3,21.48333333333333,315.0,4.0,11.43,82.5,1.1304347826086956,402.3559204052098,3.978615551843898,0.825,0.4374453193350831,3.1515151515151514
2020-01-23 15:00:00,15,26,2,0,24,0,0,3,8,3,11,3,22.48333333333333,279.0,4.0,11.43,65.0,0.7068965517241379,312.58092040520984,2.8777811427417723,0.65,0.2624671916010498,3.1538461538461537
2020-01-23 16:00:00,16,31,1,3,26,1,0,13,7,3,10,3,23.48333333333333,215.0,4.0,11.43,77.5,0.8083333333333333,315.5459204052098,5.983829339880902,0.775,1.1373578302712162,3.129032258064516
2020-01-23 17:00:00,17,29,1,4,24,0,0,8,6,4,10,4,24.48333333333333,275.0,4.0,11.43,72.5,0.775,317.76422720694643,4.569547017829668,0.725,0.699912510936133,3.206896551724138
2020-01-23 18:00:00,18,30,2,4,22,2,0,12,8,2,10,2,25.48333333333333,164.5,4.0,11.43,75.0,0.8,323.8126136034732,5.759580052493439,0.75,1.0498687664041997,3.2
2020-01-23 19:00:00,19,28,2,4,21,1,0,8,7,2,9,2,26.48333333333333,210.0,4.0,11.43,70.0,0.7338709677419355,311.7626136034732,4.549715660542432,0.7,0.699912510936133,3.25
2020-01-23 20:00:00,20,23,1,4,18,0,0,9,5,1,6,1,27.48333333333333,124.0,4.0,9.9,57.49999999999999,0.5514705882352942,265.6093068017366,4.839426877470355,0.575,0.9090909090909092,3.260869565217391
2020-01-23 21:00:00,21,26,2,5,19,0,0,9,9,1,10,1,28.48333333333333,85.5,4.0,9.9,65.0,0.725,331.28430680173665,5.216958041958042,0.65,0.9090909090909092,3.3461538461538463
2020-01-23 22:00:00,22,33,1,4,26,2,0,15,8,1,9,1,29.48333333333333,132.0,3.0,6.65,82.5,1.10752688172043,338.53930680173664,9.615328092959672,0.825,2.255639097744361,3.121212121212121
2020-01-23 23:00:00,23,38,2,6,25,5,0,13,7,2,9,2,30.48333333333333,126.0,3.0,6.65,95.0,1.2795698924731185,355.77261360347325,9.096883656509696,0.95,1.954887218045113,3.131578947368421
2020-01-24 00:00:00,0,43,3,6,31,3,0,11,8,3,11,3,31.48333333333333,171.0,3.0,6.65,107.5,1.5862068965517242,399.8059204052098,8.75862038817975,1.075,1.6541353383458646,3.2093023255813957
2020-01-24 01:00:00,1,38,3,5,29,1,0,4,9,3,12,3,32.483333333333334,216.5,3.0,6.65,95.0,1.4761904761904765,408.12092040520986,5.062801741195092,0.95,0.6015037593984962,3.263157894736842
2020-01-24 02:00:00,2,39,2,5,31,1,0,8,9,2,11,2,33.483333333333334,291.0,3.0,6.65,97.5,1.4367816091954022,401.63761360347326,6.980793329477541,0.975,1.2030075187969924,3.2051282051282053
2020-01-24 03:00:00,3,30,1,3,25,1,0,4,8,1,9,1,34.483333333333334,366.0,3.0,6.65,75.0,1.010752688172043,360.30430680173663,4.234711779448621,0.75,0.6015037593984962,3.1333333333333333
2020-01-24 04:00:00,4,28,1,2,24,1,0,3,8,0,8,0,35.483333333333334,418.5,3.0,6.65,70.0,0.90625,347.386,3.57671858216971,0.7,0.4511278195488721,3.107142857142857
2020-01-24 05:00:00,5,27,1,2,23,1,0,2,8,0,8,0,36.48333333333333,478.5,3.0,6.65,67.5,0.875,350.881,3.035672514619883,0.675,0.3007518796992481,3.111111111111111
2020-01-24 06:00:00,6,25,1,3,20,1,0,2,8,0,8,0,37.48333333333333,538.5,3.0,6.65,62.5,0.8229166666666666,352.231,2.925375939849624,0.625,0.3007518796992481,3.16
2020-01-24 07:00:00,7,26,1,3,22,0,0,5,8,0,8,0,38.48333333333333,598.5,3.0,6.65,65.0,0.8645833333333334,360.016,4.475231347599769,0.65,0.7518796992481203,3.1923076923076925
2020-01-24 08:00:00,8,21,1,4,16,0,0,5,9,0,9,0,39.48333333333333,651.0,3.0,8.18,52.5,0.7419354838709677,368.331,3.7333828152287816,0.525,0.6112469437652812,3.2857142857142856
2020-01-24 09:00:00,9,20,0,3,16,1,0,10,6,0,6,0,20.25,306.0,3.0,8.18,50.0,0.6078431372549019,217.51,5.339731051344744,0.5,1.2224938875305624,3.1
2020-01-24 10:00:00,10,31,0,5,22,2,2,16,8,0,8,0,14.283333333333331,47.0,4.0,11.43,77.5,0.71875,234.253,6.454319419749951,0.775,1.399825021872266,2.967741935483871
2020-01-24 11:00:00,11,41,0,5,29,6,1,20,10,1,11,1,15.283333333333331,85.0,4.0,11.43,102.5,1.0344827586206895,302.4113068017366,8.12131105563024,1.025,1.7497812773403325,2.926829268292683
2020-01-24 12:00:00,12,54,0,5,35,10,4,22,11,2,13,2,16.283333333333335,134.0,4.0,11.43,135.0,1.3796296296296295,363.6046136034733,9.035910210297786,1.35,1.9247594050743655,2.759259259259259
2020-01-24 13:00:00,13,45,0,4,35,6,0,11,9,2,11,2,17.283333333333335,147.0,4.0,11.43,112.5,1.146551724137931,323.1396136034732,6.169366676387674,1.125,0.9623797025371827,2.955555555555556
2020-01-24 14:00:00,14,40,0,6,27,6,1,10,7,2,9,2,18.28333333333333,207.0,4.0,11.43,100.0,0.9516129032258064,291.2546136034732,5.530927384076991,1.0,0.8748906386701663,2.95
2020-01-24 15:00:00,15,34,0,5,22,7,0,10,6,2,8,2,19.28333333333333,259.0,4.0,11.43,85.0,0.78125,270.6246136034732,5.073207760794607,0.85,0.8748906386701663,2.9411764705882355
2020-01-24 16:00:00,16,32,1,6,21,4,0,14,4,3,7,3,20.28333333333333,292.0,4.0,11.43,80.0,0.7575757575757576,259.44292040520986,6.327646544181978,0.8,1.2248468941382329,3.125
2020-01-24 17:00:00,17,33,2,5,22,4,0,14,6,3,9,3,16.883333333333333,163.0,4.0,11.43,82.5,0.8387096774193549,269.2119204052098,6.460123545162914,0.825,1.2248468941382329,3.1515151515151514
2020-01-24 18:00:00,18,32,2,3,25,2,0,11,8,2,10,2,17.883333333333333,157.0,4.0,11.43,80.0,0.8416666666666667,285.23861360347325,5.562510936132983,0.8,0.9623797025371827,3.15625
2020-01-24 19:00:00,19,27,2,3,20,2,0,10,8,2,10,2,18.883333333333333,71.0,4.0,11.43,67.5,0.7166666666666667,280.1536136034732,4.936688700949419,0.675,0.8748906386701663,3.185185185185185
2020-01-24 20:00:00,20,30,0,3,25,2,0,16,8,1,9,1,19.883333333333333,80.0,4.0,9.9,75.0,0.7338709677419355,277.9603068017366,7.177356902356902,0.75,1.616161616161616,3.033333333333333
2020-01-24 21:00:00,21,36,0,3,31,2,0,16,10,1,11,1,20.883333333333333,130.0,4.0,9.9,90.0,0.9396551724137931,323.2703068017366,7.61837822671156,0.9,1.616161616161616,3.0277777777777777
2020-01-24 22:00:00,22,33,0,3,28,2,0,15,8,1,9,1,9.1,156.0,3.0,6.65,82.5,1.075268817204301,223.5773068017366,9.33526999316473,0.825,2.255639097744361,3.0303030303030303
2020-01-24 23:00:00,23,37,0,4,31,2,0,12,7,1,8,1,10.1,204.5,3.0,6.65,92.5,1.1770833333333333,224.3973068017366,8.336074984759193,0.925,1.8045112781954888,3.054054054054054
2020-01-25 00:00:00,0,30,0,4,25,1,0,7,7,1,8,1,7.233333333333333,264.5,3.0,6.65,75.0,0.96875,193.2143068017366,5.588157894736842,0.75,1.0526315789473684,3.1
2020-01-25 01:00:00,1,35,0,5,29,1,0,12,9,1,10,1,8.233333333333333,269.5,3.0,6.65,87.5,1.211111111111111,236.37930680173665,8.344763694951665,0.875,1.8045112781954888,3.1142857142857143
2020-01-25 02:00:00,2,30,0,4,26,0,0,2,9,1,10,1,9.233333333333333,329.5,3.0,6.65,75.0,1.0444444444444445,231.2943068017366,3.292355889724311,0.75,0.3007518796992481,3.1333333333333333
2020-01-25 03:00:00,3,33,0,3,30,0,0,7,9,0,9,0,10.233333333333333,380.0,3.0,6.65,82.5,1.096774193548387,229.101,5.803588516746411,0.825,1.0526315789473684,3.090909090909091
2020-01-25 04:00:00,4,30,0,3,27,0,0,6,9,0,9,0,11.233333333333333,440.0,3.0,6.65,75.0,1.0,228.306,5.121992481203008,0.75,0.9022556390977444,3.1
2020-01-25 05:00:00,5,28,1,3,24,0,0,3,11,0,11,0,12.233333333333333,487.0,3.0,6.65,70.0,1.0229885057471264,256.456,3.658941997851772,0.7,0.4511278195488721,3.1785714285714284
2020-01-25 06:00:00,6,22,1,2,19,0,0,3,11,0,11,0,13.233333333333333,547.0,3.0,6.65,55.00000000000001,0.8045977011494253,249.226,3.185406698564593,0.55,0.4511278195488721,3.1818181818181817
2020-01-25 07:00:00,7,18,1,2,15,0,0,3,10,0,10,0,13.1,584.0,3.0,6.65,45.0,0.6444444444444445,226.49400000000003,2.9036340852130325,0.45,0.4511278195488721,3.2222222222222223
2020-01-25 08:00:00,8,17,1,2,14,0,0,4,11,0,11,0,14.1,621.0,3.0,8.18,42.5,0.632183908045977,243.389,2.9570509132748457,0.425,0.4889975550122249,3.235294117647059
2020-01-25 09:00:00,9,18,1,3,10,4,0,10,8,0,8,0,14.25,379.5,3.0,8.18,45.0,0.5729166666666666,206.18,5.110397989676718,0.45,1.2224938875305624,3.055555555555556
2020-01-25 10:00:00,10,22,2,4,10,6,0,12,11,1,12,1,15.25,234.5,4.0,11.43,55.00000000000001,0.6071428571428571,274.8683068017366,4.945048914340253,0.55,1.0498687664041997,3.090909090909091
2020-01-25 11:00:00,11,30,1,6,14,9,0,16,11,1,12,1,16.25,117.0,4.0,11.43,75.0,0.7946428571428571,297.6683068017366,6.37781423155439,0.75,1.399825021872266,2.966666666666667
2020-01-25 12:00:00,12,28,1,6,12,9,0,12,10,1,11,1,17.25,153.0,4.0,11.43,70.0,0.7155172413793104,285.6183068017366,5.187110986126735,0.7,1.0498687664041997,2.9642857142857144
2020-01-25 13:00:00,13,40,2,6,23,8,1,28,8,3,11,3,18.25,195.0,4.0,11.43,100.0,1.0344827586206895,318.73492040520983,10.349081364829395,1.0,2.4496937882764653,3.0
2020-01-25 14:00:00,14,44,2,7,26,9,0,19,10,4,14,4,19.25,92.5,4.0,11.43,110.0,1.2884615384615383,374.0232272069464,8.412435377396008,1.1,1.6622922134733158,3.0454545454545454
2020-01-25 15:00:00,15,58,5,8,28,17,0,19,12,6,18,6,20.25,124.0,4.0,11.43,145.0,1.9886363636363635,465.02984081041967,9.390536850997073,1.45,1.6622922134733158,3.0172413793103448
2020-01-25 16:00:00,16,57,5,7,26,19,0,17,16,5,21,5,21.25,161.0,4.0,11.43,142.5,2.223684210526316,507.8565340086831,8.6347557980691,1.425,1.4873140857392826,2.9649122807017543
2020-01-25 17:00:00,17,61,4,7,32,18,0,15,15,4,19,4,22.25,214.0,4.0,11.43,152.5,2.142857142857143,494.4082272069464,8.372466761326965,1.525,1.3123359580052494,2.950819672131148
2020-01-25 18:00:00,18,63,3,6,34,19,1,16,15,4,19,4,23.25,274.0,4.0,11.43,157.5,2.142857142857143,504.3382272069464,8.499500062492189,1.575,1.399825021872266,2.857142857142857
2020-01-25 19:00:00,19,53,4,6,27,15,1,17,12,5,17,5,24.25,290.0,4.0,11.43,132.5,1.6956521739130437,462.5965340086831,8.27775466745902,1.325,1.4873140857392826,2.943396226415094
2020-01-25 20:00:00,20,47,3,6,21,16,1,16,12,4,16,4,25.25,341.5,4.0,9.91,117.5,1.40625,441.0982272069465,8.012482019022265,1.175,1.6145307769929365,2.872340425531915
2020-01-25 21:00:00,21,50,3,7,25,15,0,15,11,5,16,5,26.25,401.5,4.0,9.91,125.0,1.5416666666666667,454.041534008683,8.180322906155398,1.25,1.513622603430878,2.96
2020-01-25 22:00:00,22,48,3,6,29,10,0,18,12,3,15,3,27.25,370.0,3.0,6.66,120.0,1.9466666666666668,440.2549204052098,11.87072072072072,1.2,2.702702702702702,3.0416666666666665
2020-01-25 23:00:00,23,50,2,7,34,6,1,18,12,3,15,3,28.25,279.0,3.0,6.66,125.0,2.04,450.1849204052098,12.09527027027027,1.25,2.702702702702702,3.06
2020-01-26 00:00:00,0,49,2,6,36,4,1,12,13,3,16,3,29.25,325.5,3.0,6.66,122.5,2.0972222222222223,467.0799204052098,9.32749126677698,1.225,1.8018018018018016,3.0816326530612246
2020-01-26 01:00:00,1,46,2,6,32,5,1,12,14,3,17,3,30.25,372.0,3.0,6.66,115.0,2.0434782608695654,479.6849204052098,9.04791421856639,1.15,1.8018018018018016,3.065217391304348
2020-01-26 02:00:00,2,45,3,5,34,2,1,9,15,2,17,2,31.25,407.0,3.0,6.66,112.5,2.057971014492753,482.3116136034732,7.814264264264263,1.125,1.351351351351351,3.1555555555555554
2020-01-26 03:00:00,3,36,2,4,27,2,1,5,16,2,18,2,32.25,460.0,3.0,6.66,90.0,1.696969696969697,482.0466136034733,5.1356690023356695,0.9,0.7507507507507507,3.111111111111111
2020-01-26 04:00:00,4,32,2,5,23,2,0,6,17,2,19,2,33.25,513.0,3.0,6.66,80.0,1.6349206349206349,492.5066136034732,5.474774774774775,0.8,0.9009009009009008,3.21875
2020-01-26 05:00:00,5,37,2,7,26,2,0,8,18,2,20,2,34.25,530.0,3.0,6.66,92.5,2.0,522.2716136034732,6.895787679571464,0.925,1.2012012012012012,3.2432432432432434
2020-01-26 06:00:00,6,39,2,7,27,3,0,9,20,2,22,2,35.25,535.5,3.0,6.66,97.5,2.314814814814815,559.0016136034733,7.456254331254332,0.975,1.351351351351351,3.2051282051282053
2020-01-26 07:00:00,7,37,2,7,26,2,0,3,20,2,22,2,36.25,595.5,3.0,6.66,92.5,2.2222222222222223,560.3516136034732,4.460920379839299,0.925,0.4504504504504504,3.2432432432432434
2020-01-26 08:00:00,8,33,2,7,23,1,0,5,20,2,22,2,37.25,655.5,3.0,8.059999999999999,82.5,2.0185185185185186,557.4116136034731,4.77402624257463,0.825,0.620347394540943,3.303030303030303
2020-01-26 09:00:00,9,35,2,7,21,5,0,13,17,2,19,2,38.25,704.0,3.0,8.059999999999999,87.5,1.761904761904762,527.1416136034733,7.89020737327189,0.875,1.612903225806452,3.1714285714285717
2020-01-26 10:00:00,10,39,2,8,22,4,3,19,13,2,15,2,39.25,639.0,4.0,11.759999999999998,97.5,1.19,487.7616136034732,7.904792429792431,0.975,1.6156462585034017,3.051282051282051
2020-01-26 11:00:00,11,44,2,6,24,8,4,20,13,3,16,3,40.25,675.5,4.0,11.759999999999998,110.0,1.3125,518.3949204052099,8.020129870129871,1.1,1.700680272108844,2.863636363636364
2020-01-26 12:00:00,12,41,2,4,25,8,2,20,11,3,14,3,41.25,512.0,4.0,11.759999999999998,102.5,1.1442307692307692,490.7999204052098,7.911120789779326,1.025,1.700680272108844,2.902439024390244
2020-01-26 13:00:00,13,45,3,4,26,11,1,17,12,3,15,3,42.25,531.0,4.0,11.759999999999998,112.5,1.32,518.4199204052098,7.540362811791383,1.125,1.4455782312925172,2.933333333333333
2020-01-26 14:00:00,14,52,2,5,32,11,2,22,12,3,15,3,43.25,126.0,4.0,11.759999999999998,130.0,1.5,539.0749204052098,9.146389324960754,1.3,1.870748299319728,2.8846153846153846
2020-01-26 15:00:00,15,60,2,4,40,12,2,23,15,3,18,3,44.25,175.0,4.0,11.759999999999998,150.0,1.9545454545454544,602.0749204052099,9.906575963718822,1.5,1.9557823129251704,2.8666666666666667
2020-01-26 16:00:00,16,48,2,2,35,8,1,13,13,2,15,2,45.25,228.0,4.0,11.759999999999998,120.0,1.4,540.9066136034733,6.72420634920635,1.2,1.1054421768707483,2.9166666666666665
2020-01-26 17:00:00,17,43,2,1,32,7,1,18,13,2,15,2,46.25,288.0,4.0,11.759999999999998,107.5,1.25,535.8216136034732,7.574454200284766,1.075,1.5306122448979596,2.9069767441860463
2020-01-26 18:00:00,18,41,3,1,30,7,0,15,15,2,17,2,47.25,287.0,4.0,11.759999999999998,102.5,1.3369565217391304,563.9716136034733,6.901530612244898,1.025,1.2755102040816328,3.0
2020-01-26 19:00:00,19,33,3,1,27,2,0,9,13,2,15,2,48.25,347.0,4.0,11.759999999999998,82.5,1.04,525.6516136034732,5.011873840445269,0.825,0.7653061224489798,3.1515151515151514
2020-01-26 20:00:00,20,40,2,2,28,8,0,15,12,2,14,2,49.25,405.0,4.0,11.46,100.0,1.1346153846153846,532.9066136034733,6.811256544502618,1.0,1.3089005235602094,2.95
2020-01-26 21:00:00,21,40,2,1,33,4,0,17,13,2,15,2,50.25,463.0,4.0,11.46,100.0,1.21,551.9466136034732,7.512347294938917,1.0,1.4834205933682372,3.025
2020-01-26 22:00:00,22,38,1,1,33,3,0,15,11,2,13,2,51.25,527.0,3.0,7.76,95.0,1.4074074074074074,526.4966136034732,8.648969072164949,0.95,1.9329896907216493,3.0
2020-01-26 23:00:00,23,35,1,3,30,0,1,15,12,2,14,2,52.25,585.0,3.0,7.76,87.5,1.3846153846153846,539.1016136034732,8.664653902798234,0.875,1.9329896907216493,3.085714285714286
2020-01-27 00:00:00,0,36,1,4,30,0,1,11,13,2,15,2,53.25,643.0,3.0,7.76,90.0,1.4933333333333334,560.2866136034731,7.210080183276061,0.9,1.4175257731958764,3.111111111111111
2020-01-27 01:00:00,1,31,1,3,26,0,1,7,13,2,15,2,54.25,703.0,3.0,7.76,77.5,1.28,555.2016136034732,5.1934818756235455,0.775,0.9020618556701032,3.096774193548387
2020-01-27 02:00:00,2,30,1,3,25,0,1,6,13,2,15,2,55.25,763.0,3.0,7.76,75.0,1.24,558.6966136034732,4.721907216494845,0.75,0.7731958762886598,3.1
2020-01-27 03:00:00,3,28,1,2,24,0,1,4,13,2,15,2,56.25,823.0,3.0,7.76,70.0,1.1466666666666667,560.0466136034732,3.733210603829161,0.7,0.5154639175257733,3.071428571428572
2020-01-27 04:00:00,4,29,2,3,22,1,1,5,14,2,16,2,57.25,842.0,3.0,7.76,72.5,1.2638888888888888,581.2316136034732,4.296862779950231,0.725,0.6443298969072165,3.1379310344827585
2020-01-27 05:00:00,5,27,2,3,21,0,1,1,14,2,16,2,58.25,902.0,3.0,7.76,67.5,1.1944444444444444,582.5816136034732,2.560462008400153,0.675,0.1288659793814433,3.185185185185185
2020-01-27 06:00:00,6,26,2,4,19,0,1,2,15,2,17,2,59.25,921.0,3.0,7.76,65.0,1.2173913043478262,599.4766136034732,2.9326724821570185,0.65,0.2577319587628866,3.230769230769231
2020-01-27 07:00:00,7,26,2,6,17,0,1,3,17,2,19,2,60.25,973.0,3.0,7.76,65.0,1.3650793650793651,631.9166136034733,3.428747026169707,0.65,0.3865979381443299,3.3076923076923075
2020-01-27 08:00:00,8,26,2,7,17,0,0,5,20,2,22,2,61.25,731.5,3.0,6.38,65.0,1.648148148148148,677.7566136034732,4.907662165420786,0.65,0.7836990595611285,3.423076923076923
2020-01-27 09:00:00,9,36,1,7,18,9,1,20,14,3,17,3,62.25,566.0,3.0,6.38,90.0,1.536231884057971,638.7149204052098,11.880233368164404,0.9,3.134796238244514,2.9444444444444446
2020-01-27 10:00:00,10,47,1,7,26,11,2,26,16,3,19,3,63.25,123.0,4.0,10.08,117.5,1.6071428571428572,694.7499204052099,10.783814589665656,1.175,2.5793650793650795,2.872340425531915
2020-01-27 11:00:00,11,56,1,11,27,14,3,24,19,3,22,3,64.25,136.0,4.0,10.08,140.0,2.236111111111111,759.8949204052099,10.870238095238095,1.4,2.380952380952381,2.875
2020-01-27 12:00:00,12,63,1,12,35,14,1,23,18,3,21,3,65.25,163.0,4.0,10.08,157.5,2.460526315789474,767.1499204052099,11.447801713277904,1.575,2.281746031746032,2.9682539682539684
2020-01-27 13:00:00,13,60,1,11,32,15,1,16,20,3,23,3,66.25,215.0,4.0,10.08,150.0,2.588235294117647,793.1549204052099,9.056084656084655,1.5,1.5873015873015872,2.933333333333333
2020-01-27 14:00:00,14,56,1,12,22,20,1,19,17,3,20,3,67.25,279.0,4.0,10.08,140.0,2.0,750.0149204052098,9.38548752834467,1.4,1.8849206349206349,2.857142857142857
2020-01-27 15:00:00,15,45,1,8,21,15,0,21,14,3,17,3,68.25,343.0,4.0,10.08,112.5,1.4130434782608696,691.8599204052098,9.26851851851852,1.125,2.083333333333333,2.888888888888889
2020-01-27 16:00:00,16,37,0,7,19,10,1,10,14,0,14,0,69.25,366.5,4.0,10.08,92.5,1.0192307692307692,637.535,5.492127842127842,0.925,0.992063492063492,2.864864864864865
2020-01-27 17:00:00,17,44,2,7,23,11,1,16,15,1,16,1,70.25,344.5,4.0,10.08,110.0,1.3541666666666667,685.8583068017366,7.93975468975469,1.1,1.5873015873015872,2.9545454545454546
2020-01-27 18:00:00,18,41,3,5,21,12,0,13,15,1,16,1,71.25,404.5,4.0,10.08,102.5,1.2708333333333333,685.0633068017366,6.887591947348046,1.025,1.2896825396825398,2.975609756097561
2020-01-27 19:00:00,19,43,2,5,25,9,2,21,14,0,14,0,72.25,516.0,4.0,10.08,107.5,1.2019230769230769,667.3249999999999,9.181201550387597,1.075,2.083333333333333,2.9069767441860463
2020-01-27 20:00:00,20,49,2,5,27,13,2,22,15,0,15,0,73.25,475.0,4.0,10.38,122.5,1.39,699.235,9.487347135385946,1.225,2.119460500963392,2.836734693877551
2020-01-27 21:00:00,21,46,3,7,27,8,1,11,15,2,17,2,74.25,410.0,4.0,10.38,115.0,1.5326086956521738,726.9766136034732,6.773303593867805,1.15,1.0597302504816957,3.065217391304348
2020-01-27 22:00:00,22,43,4,5,31,2,1,15,13,3,16,3,73.65,367.5,3.0,6.68,107.5,1.9166666666666667,704.6259204052099,10.656517198161817,1.075,2.245508982035928,3.2093023255813957
2020-01-27 23:00:00,23,45,6,5,33,0,1,16,13,4,17,4,74.65,354.0,3.0,6.68,112.5,2.1739130434782608,728.8242272069465,11.734031936127746,1.125,2.395209580838324,3.333333333333333
2020-01-28 00:00:00,0,39,6,7,25,0,1,9,13,4,17,4,75.65,414.0,3.0,6.68,97.5,1.9420289855072463,721.5942272069465,7.979203132197143,0.975,1.347305389221557,3.435897435897436
2020-01-28 01:00:00,1,37,6,7,24,0,0,8,14,4,18,4,76.65,437.5,3.0,6.68,92.5,1.9696969696969695,736.3442272069465,7.457800614986245,0.925,1.1976047904191618,3.5135135135135136
2020-01-28 02:00:00,2,36,5,10,21,0,0,7,17,3,20,3,77.65,432.5,3.0,6.68,90.0,2.1333333333333333,765.7709204052098,6.925881570192948,0.9,1.0479041916167666,3.555555555555556
2020-01-28 03:00:00,3,32,4,9,19,0,0,1,17,3,20,3,78.65,492.5,3.0,6.68,80.0,1.8833333333333333,762.8309204052098,3.353630239520958,0.8,0.1497005988023952,3.53125
2020-01-28 04:00:00,4,32,4,10,18,0,0,3,17,3,20,3,79.65,552.5,3.0,6.68,80.0,1.9,768.4709204052099,4.449925149700599,0.8,0.4491017964071856,3.5625
2020-01-28 05:00:00,5,32,5,10,17,0,0,3,18,3,21,3,80.65,584.0,3.0,6.68,80.0,2.0350877192982457,787.5109204052098,4.527994011976048,0.8,0.4491017964071856,3.625
2020-01-28 06:00:00,6,32,6,10,16,0,0,2,18,4,22,4,81.65,637.0,3.0,6.68,80.0,2.185185185185185,807.4192272069465,4.054041916167665,0.8,0.2994011976047904,3.6875
2020-01-28 07:00:00,7,40,6,12,22,0,0,9,19,4,23,4,82.65,690.0,3.0,6.68,100.0,2.823529411764706,843.6192272069464,8.450299401197604,1.0,1.347305389221557,3.6
2020-01-28 08:00:00,8,40,6,11,22,0,1,8,17,4,21,4,83.65,640.0,3.0,6.38,100.0,2.473684210526316,822.4592272069465,7.945062695924766,1.0,1.2539184952978055,3.525
2020-01-28 09:00:00,9,30,6,5,16,2,1,8,7,5,12,5,18.116666666666667,440.5,3.0,6.38,75.0,1.2261904761904765,311.66953400868306,6.880120167189133,0.75,1.2539184952978055,3.433333333333333
2020-01-28 10:00:00,10,40,7,5,21,5,2,22,8,5,13,5,19.116666666666667,345.0,4.0,10.08,100.0,1.2037037037037035,352.15953400868307,10.343253968253968,1.0,2.1825396825396823,3.25
2020-01-28 11:00:00,11,47,6,6,21,14,0,21,10,4,14,4,20.116666666666667,304.0,4.0,10.08,117.5,1.3942307692307692,385.3462272069464,10.052304964539008,1.175,2.083333333333333,3.0851063829787235
2020-01-28 12:00:00,12,37,6,6,12,13,0,13,10,3,13,3,21.116666666666667,210.0,4.0,10.08,92.5,1.0740740740740742,355.26792040520985,6.943329043329044,0.925,1.2896825396825398,3.135135135135135
2020-01-28 13:00:00,13,34,5,6,13,8,2,15,11,2,13,2,22.116666666666667,211.0,4.0,10.08,85.0,0.9814814814814816,353.60461360347324,7.289355742296919,0.85,1.488095238095238,3.117647058823529
2020-01-28 14:00:00,14,32,5,4,16,6,1,13,8,2,10,2,23.116666666666667,300.5,4.0,10.08,80.0,0.85,314.7546136034732,6.660863095238096,0.8,1.2896825396825398,3.1875
2020-01-28 15:00:00,15,35,4,2,22,7,0,17,5,2,7,2,15.833333333333334,184.0,4.0,10.08,87.5,0.8181818181818182,239.91161360347328,7.904081632653062,0.875,1.6865079365079363,3.085714285714286
2020-01-28 16:00:00,16,32,3,3,20,6,0,17,8,1,9,1,15.3,94.0,4.0,10.08,80.0,0.7983870967741935,256.40030680173663,7.692633928571428,0.8,1.6865079365079363,3.09375
2020-01-28 17:00:00,17,32,3,3,23,3,0,14,8,1,9,1,16.3,154.0,4.0,10.08,80.0,0.8225806451612904,262.0403068017366,6.977083333333334,0.8,1.3888888888888888,3.1875
2020-01-28 18:00:00,18,34,3,5,22,4,0,12,7,1,8,1,17.3,275.0,4.0,10.08,85.0,0.8515625,258.5703068017366,6.541526610644258,0.85,1.1904761904761905,3.2058823529411766
2020-01-28 19:00:00,19,36,3,4,23,6,0,16,8,1,9,1,18.3,274.0,4.0,10.08,90.0,0.9032258064516128,281.90030680173663,7.738271604938272,0.9,1.5873015873015872,3.111111111111111
2020-01-28 20:00:00,20,32,3,3,22,4,0,17,6,2,8,2,19.166666666666668,205.5,4.0,11.46,80.0,0.7890625,265.67661360347324,7.207046247818499,0.8,1.4834205933682372,3.15625
2020-01-28 21:00:00,21,32,3,4,24,1,0,16,6,2,8,2,20.166666666666668,265.5,4.0,11.46,80.0,0.8203125,271.31661360347323,7.2061518324607325,0.8,1.3961605584642234,3.28125
2020-01-28 22:00:00,22,37,5,3,27,2,0,17,5,0,5,0,17.75,142.0,3.0,7.76,92.5,1.161904761904762,226.475,10.273460573976038,0.925,2.1907216494845363,3.2972972972972974
2020-01-28 23:00:00,23,35,5,6,23,1,0,15,6,0,6,0,18.75,70.0,3.0,7.76,87.5,1.1764705882352942,241.225,9.62739322533137,0.875,1.9329896907216493,3.4285714285714284
2020-01-29 00:00:00,0,30,5,5,19,1,0,9,6,0,6,0,19.75,130.0,3.0,7.76,75.0,1.0196078431372548,236.14,6.620618556701031,0.75,1.1597938144329898,3.466666666666667
2020-01-29 01:00:00,1,28,4,6,17,1,0,7,6,0,6,0,20.75,190.0,3.0,7.76,70.0,0.9509803921568628,237.49,5.550000000000001,0.7,0.9020618556701032,3.4642857142857144
2020-01-29 02:00:00,2,26,4,6,15,1,0,3,6,0,6,0,21.75,250.0,3.0,7.76,65.0,0.8921568627450981,238.84000000000003,3.628092783505155,0.65,0.3865979381443299,3.5
2020-01-29 03:00:00,3,23,4,6,12,1,0,6,6,0,6,0,22.75,310.0,3.0,7.76,57.49999999999999,0.803921568627451,238.045,4.806611385029135,0.575,0.7731958762886598,3.565217391304348
2020-01-29 04:00:00,4,21,4,5,11,1,0,2,6,0,6,0,23.75,370.0,3.0,7.76,52.5,0.7352941176470589,239.395,2.7954712812960243,0.525,0.2577319587628866,3.571428571428572
2020-01-29 05:00:00,5,20,4,5,9,1,1,3,6,0,6,0,24.75,430.0,3.0,7.76,50.0,0.6862745098039216,242.89,3.1030927835051543,0.5,0.3865979381443299,3.5
2020-01-29 06:00:00,6,21,4,6,10,1,0,3,7,0,7,0,25.75,487.0,3.0,7.76,52.5,0.7676767676767676,264.075,3.299116347569956,0.525,0.3865979381443299,3.619047619047619
2020-01-29 07:00:00,7,24,3,8,12,1,0,5,8,0,8,0,26.75,510.0,3.0,7.76,60.0,0.8854166666666666,289.55,4.407001718213058,0.6,0.6443298969072165,3.5416666666666665
2020-01-29 08:00:00,8,24,2,6,15,1,0,4,8,0,8,0,27.75,570.0,3.0,6.29,60.0,0.84375,295.19,4.1712639109697935,0.6,0.6359300476947536,3.375
2020-01-29 09:00:00,9,23,1,6,15,1,0,7,6,0,6,0,28.75,409.5,3.0,6.29,57.49999999999999,0.7450980392156863,271.885,5.577334623626183,0.575,1.1128775834658189,3.3043478260869565
2020-01-29 10:00:00,10,27,1,7,18,1,0,12,8,0,8,0,29.75,216.5,4.0,9.63,67.5,0.6953125,312.905,6.332534325602862,0.675,1.2461059190031154,3.2962962962962963
2020-01-29 11:00:00,11,29,2,7,18,1,1,13,8,0,8,0,30.75,203.5,4.0,9.63,72.5,0.7421875,322.835,6.797243706807033,0.725,1.3499480789200418,3.2758620689655173
2020-01-29 12:00:00,12,26,1,5,19,1,0,13,8,0,8,0,31.75,263.5,4.0,9.63,65.0,0.65625,322.04,6.461370716510904,0.65,1.3499480789200418,3.230769230769231
2020-01-29 13:00:00,13,34,1,7,23,2,1,13,7,0,7,0,32.75,222.0,4.0,9.63,85.0,0.8106060606060606,331.43999999999994,6.923366013071895,0.85,1.3499480789200418,3.147058823529412
2020-01-29 14:00:00,14,35,1,8,23,2,1,16,8,0,8,0,33.75,164.5,4.0,9.63,87.5,0.8671875,352.625,8.044247886070318,0.875,1.6614745586708206,3.1714285714285717
2020-01-29 15:00:00,15,35,3,8,22,1,1,15,11,0,11,0,34.75,119.0,4.0,9.63,87.5,1.0,398.465,8.062438807298621,0.875,1.5576323987538945,3.3142857142857145
2020-01-29 16:00:00,16,34,2,9,20,2,1,9,11,0,11,0,35.75,179.0,4.0,9.63,85.0,0.956896551724138,401.96,5.826126992853217,0.85,0.9345794392523366,3.264705882352941
2020-01-29 17:00:00,17,39,2,9,26,0,2,19,14,0,14,0,36.75,181.5,4.0,9.63,97.5,1.2115384615384617,458.525,9.524311047208244,0.975,1.9730010384215997,3.230769230769231
2020-01-29 18:00:00,18,39,1,10,27,0,1,7,14,0,14,0,19.65,210.5,4.0,9.63,97.5,1.2211538461538465,362.081,5.542068722208909,0.975,0.726895119418484,3.2564102564102564
2020-01-29 19:00:00,19,31,1,9,20,1,0,6,12,0,12,0,12.916666666666666,224.0,4.0,9.63,77.5,0.9196428571428572,280.145,4.645143704150337,0.775,0.6230529595015577,3.3225806451612905
2020-01-29 20:00:00,20,32,1,8,21,2,0,11,9,0,9,0,13.916666666666666,332.0,4.0,9.97,80.0,0.8387096774193549,247.73,6.185757271815447,0.8,1.1033099297893685,3.25
2020-01-29 21:00:00,21,40,1,8,30,1,0,13,9,0,9,0,14.916666666666666,392.0,4.0,9.97,100.0,1.0403225806451613,270.53,7.430115346038115,1.0,1.303911735205617,3.225
2020-01-29 22:00:00,22,37,1,9,27,0,0,9,10,0,10,0,15.916666666666666,402.0,3.0,6.63,92.5,1.3555555555555556,283.135,7.525969181851536,0.925,1.3574660633484164,3.2972972972972974
2020-01-29 23:00:00,23,35,1,8,25,1,0,9,10,0,10,0,16.916666666666668,374.5,3.0,6.63,87.5,1.2666666666666666,284.485,7.271460892049127,0.875,1.3574660633484164,3.257142857142857
2020-01-30 00:00:00,0,35,1,8,25,1,0,10,10,0,10,0,17.916666666666668,434.5,3.0,6.63,87.5,1.2666666666666666,290.125,7.76273432449903,0.875,1.5082956259426847,3.257142857142857
2020-01-30 01:00:00,1,36,1,8,26,1,0,8,11,0,11,0,18.916666666666668,457.0,3.0,6.63,90.0,1.3448275862068966,311.31,6.8465686274509805,0.9,1.2066365007541475,3.25
2020-01-30 02:00:00,2,29,1,10,18,0,0,4,11,2,13,2,19.916666666666668,354.0,3.0,6.63,72.5,1.2222222222222223,330.47161360347326,4.534603682321735,0.725,0.6033182503770739,3.413793103448276
2020-01-30 03:00:00,3,24,1,12,11,0,0,3,10,2,12,2,20.916666666666668,468.0,3.0,6.63,60.0,1.0238095238095235,311.9866136034732,3.7714177978883865,0.6,0.4524886877828054,3.583333333333333
2020-01-30 04:00:00,4,25,1,11,13,0,0,2,10,2,12,2,21.916666666666668,528.0,3.0,6.63,62.5,1.0476190476190477,319.77161360347327,3.26184012066365,0.625,0.3016591251885369,3.52
2020-01-30 05:00:00,5,26,1,12,13,0,0,2,10,2,12,2,22.916666666666668,588.0,3.0,6.63,65.0,1.0952380952380951,327.55661360347324,3.367409212205592,0.65,0.3016591251885369,3.5384615384615383
2020-01-30 06:00:00,6,28,1,12,15,0,0,4,10,2,12,2,23.916666666666668,648.0,3.0,6.63,70.0,1.1666666666666667,337.4866136034732,4.561613876319758,0.7,0.6033182503770739,3.5
2020-01-30 07:00:00,7,26,2,11,13,0,0,1,10,3,13,3,24.916666666666668,599.0,3.0,6.63,65.0,1.148148148148148,353.1049204052099,2.864505743125653,0.65,0.1508295625942684,3.576923076923077
2020-01-30 08:00:00,8,29,2,11,16,0,0,5,11,3,14,3,25.916666666666668,645.0,3.0,6.68,72.5,1.3076923076923077,378.5799204052098,5.182665703076606,0.725,0.7485029940119761,3.5172413793103448
2020-01-30 09:00:00,9,28,2,10,16,0,0,6,9,3,12,3,26.916666666666668,613.0,3.0,6.68,70.0,1.1666666666666667,355.27492040520985,5.593712574850299,0.7,0.8982035928143713,3.5
2020-01-30 10:00:00,10,24,2,7,12,3,0,7,4,4,8,4,23.883333333333333,240.5,4.0,10.02,60.0,0.625,276.85522720694644,4.328675981370592,0.6,0.6986027944111777,3.333333333333333
2020-01-30 11:00:00,11,25,1,6,16,2,0,9,10,4,14,4,24.883333333333333,125.5,4.0,10.02,62.5,0.7788461538461539,365.0402272069464,4.935179640718564,0.625,0.8982035928143713,3.24
2020-01-30 12:00:00,12,27,1,6,19,1,0,7,10,4,14,4,16.15,96.5,4.0,10.02,67.5,0.8461538461538461,320.07422720694643,4.476927626229023,0.675,0.6986027944111777,3.259259259259259
2020-01-30 13:00:00,13,30,1,7,20,2,0,10,13,3,16,3,17.15,116.5,4.0,10.02,75.0,1.0104166666666667,358.08092040520984,5.651879574184964,0.75,0.998003992015968,3.2333333333333334
2020-01-30 14:00:00,14,33,1,10,21,1,0,13,11,3,14,3,17.666666666666668,108.5,4.0,10.02,82.5,1.0576923076923077,340.6299204052098,7.07468396540253,0.825,1.2974051896207586,3.333333333333333
2020-01-30 15:00:00,15,39,1,9,28,0,1,16,13,3,16,3,18.666666666666668,152.0,4.0,10.02,97.5,1.3125,385.9399204052098,8.308912943344081,0.975,1.596806387225549,3.230769230769231
2020-01-30 16:00:00,16,30,1,8,21,0,0,5,12,3,15,3,14.0,160.0,4.0,10.02,75.0,1.0,326.9149204052098,4.1633399866932805,0.75,0.499001996007984,3.333333333333333
2020-01-30 17:00:00,17,30,1,8,20,1,0,5,11,3,14,3,15.0,216.5,4.0,10.02,75.0,0.9519230769230768,319.15492040520985,4.121706586826347,0.75,0.499001996007984,3.3
2020-01-30 18:00:00,18,27,1,8,18,0,0,3,8,3,11,3,16.0,273.0,4.0,10.02,67.5,0.7844827586206896,278.15992040520985,3.28409292526059,0.675,0.2994011976047904,3.3703703703703702
2020-01-30 19:00:00,19,31,1,9,17,4,0,13,6,3,9,3,17.0,333.0,4.0,10.02,77.5,0.8064516129032258,265.57992040520986,6.685178031034704,0.775,1.2974051896207586,3.225806451612903
2020-01-30 20:00:00,20,27,1,6,15,4,1,5,5,3,8,3,18.0,160.0,4.0,11.08,67.5,0.6484375,249.23992040520983,3.4622175424521995,0.675,0.4512635379061371,3.074074074074074
2020-01-30 21:00:00,21,38,1,6,23,7,1,18,5,3,8,3,19.0,220.0,4.0,11.08,95.0,0.8828125,278.4749204052098,7.6558949268478065,0.95,1.624548736462094,2.973684210526316
2020-01-30 22:00:00,22,40,0,7,26,6,1,14,5,2,7,2,20.0,172.0,3.0,7.74,100.0,1.202020202020202,274.1366136034732,8.356136950904393,1.0,1.8087855297157625,2.975
2020-01-30 23:00:00,23,39,1,7,25,5,1,10,6,2,8,2,21.0,224.5,3.0,7.74,97.5,1.2395833333333333,291.03161360347326,6.91722487245743,0.975,1.2919896640826871,3.051282051282051
2020-01-31 00:00:00,0,30,1,8,19,1,1,5,7,2,9,2,22.0,277.0,3.0,7.74,75.0,1.043010752688172,290.7666136034732,4.513716623600345,0.75,0.6459948320413437,3.2333333333333334
2020-01-31 01:00:00,1,32,1,10,19,1,1,7,8,3,11,3,23.0,218.0,3.0,7.74,80.0,1.206896551724138,328.3649204052099,5.592538759689923,0.8,0.9043927648578812,3.28125
2020-01-31 02:00:00,2,33,1,10,22,0,0,6,7,4,11,4,24.0,263.0,3.0,7.74,82.5,1.2758620689655171,337.01822720694645,5.3824700493305135,0.825,0.7751937984496123,3.363636363636364
2020-01-31 03:00:00,3,35,1,10,24,0,0,5,8,4,12,4,25.0,301.5,3.0,7.74,87.5,1.3928571428571428,360.3482272069465,5.084468438538207,0.875,0.6459948320413437,3.342857142857143
2020-01-31 04:00:00,4,31,1,10,20,0,0,1,8,4,12,4,26.0,361.5,3.0,7.74,77.5,1.25,357.40822720694644,3.062609402350588,0.775,0.1291989664082687,3.3870967741935485
2020-01-31 05:00:00,5,27,1,9,17,0,0,1,8,3,11,3,27.0,443.0,3.0,7.74,67.5,1.057471264367816,340.1999204052098,2.7402335151689154,0.675,0.1291989664082687,3.4074074074074074
2020-01-31 06:00:00,6,25,1,8,16,0,0,2,8,3,11,3,28.0,503.0,3.0,7.74,62.5,0.9770114942528736,341.54992040520983,3.003552971576227,0.625,0.2583979328165374,3.4
2020-01-31 07:00:00,7,27,1,8,18,0,0,6,8,3,11,3,29.0,563.0,3.0,7.74,67.5,1.0459770114942528,351.47992040520984,4.887690209589434,0.675,0.7751937984496123,3.3703703703703702
2020-01-31 08:00:00,8,19,0,7,12,0,0,1,8,3,11,3,30.0,623.0,3.0,6.68,47.5,0.735632183908046,339.9599204052098,2.104254648597542,0.475,0.1497005988023952,3.3684210526315788
2020-01-31 09:00:00,9,20,1,5,14,0,0,8,6,3,9,3,31.0,539.0,3.0,6.68,50.0,0.7204301075268817,320.9449204052098,5.686976047904192,0.5,1.1976047904191618,3.35
2020-01-31 10:00:00,10,24,2,3,19,0,0,11,8,3,11,3,32.0,112.0,4.0,10.02,60.0,0.6810344827586207,361.9649204052098,5.588606121091152,0.6,1.097804391217565,3.2916666666666665
2020-01-31 11:00:00,11,35,3,5,27,0,0,13,8,5,13,5,33.0,108.0,4.0,10.02,87.5,1.0740740740740742,419.7365340086831,7.199971485600229,0.875,1.2974051896207586,3.3142857142857145
2020-01-31 12:00:00,12,36,3,7,24,2,0,10,9,5,14,5,34.0,133.0,4.0,10.02,90.0,1.1442307692307692,440.9215340086831,6.273957640275006,0.9,0.998003992015968,3.305555555555556
2020-01-31 13:00:00,13,34,3,7,23,1,0,7,9,5,14,5,35.0,190.0,4.0,10.02,85.0,1.0961538461538465,442.27153400868303,5.192374075378655,0.85,0.6986027944111777,3.3529411764705883
2020-01-31 14:00:00,14,41,3,7,31,0,0,12,11,5,16,5,25.883333333333333,241.0,4.0,10.02,102.5,1.4166666666666667,432.6685340086831,7.37254271943917,1.025,1.1976047904191618,3.317073170731707
2020-01-31 15:00:00,15,37,2,7,27,1,0,8,8,4,12,4,26.883333333333333,301.0,4.0,10.02,92.5,1.0803571428571428,375.2602272069464,5.635994227760695,0.925,0.7984031936127745,3.27027027027027
2020-01-31 16:00:00,16,32,1,6,25,0,0,7,12,1,13,1,19.883333333333333,182.0,4.0,10.02,80.0,0.9629629629629628,335.8503068017366,4.870459081836327,0.8,0.6986027944111777,3.25
2020-01-31 17:00:00,17,31,0,3,28,0,0,10,10,1,11,1,20.883333333333333,225.0,4.0,10.02,77.5,0.8275862068965517,312.5453068017366,5.49059300753332,0.775,0.998003992015968,3.096774193548387
2020-01-31 18:00:00,18,30,0,3,27,0,0,7,11,1,12,1,21.883333333333333,152.5,4.0,10.02,75.0,0.8303571428571429,329.4403068017366,4.490668662674651,0.75,0.6986027944111777,3.1
2020-01-31 19:00:00,19,26,0,5,20,1,0,5,10,1,11,1,22.883333333333333,192.0,4.0,10.02,65.0,0.7068965517241379,313.10030680173656,3.6237755258713342,0.65,0.499001996007984,3.1538461538461537
2020-01-31 20:00:00,20,27,0,5,22,0,0,12,11,1,12,1,23.883333333333333,195.0,4.0,9.99,67.5,0.7678571428571429,334.2853068017366,5.976048270492715,0.675,1.2012012012012012,3.185185185185185
2020-01-31 21:00:00,21,25,0,8,17,0,0,12,7,1,8,1,23.566666666666663,176.5,4.0,9.99,62.5,0.6484375,274.6093068017366,6.062987987987988,0.625,1.2012012012012012,3.32
2020-01-31 22:00:00,22,30,0,13,15,2,0,11,11,1,12,1,24.566666666666663,132.0,3.0,6.65,75.0,1.2023809523809523,344.5743068017366,8.09392230576441,0.75,1.6541353383458646,3.3666666666666667
2020-01-31 23:00:00,23,27,0,12,14,1,0,7,10,2,12,2,25.566666666666663,105.0,3.0,6.65,67.5,1.0952380952380951,344.64761360347325,5.886744639376218,0.675,1.0526315789473684,3.4074074074074074
