ts,hour,census,l1,l2,l3,l4,l5,arrivals,waitBed,waitICU,D_board,vent,maxLOS_h,awt_curr_min,Na,cap_sum,OCCUPANCY,EDWIN,NEDOCS,READI,READI_BR,READI_PR,READI_AR
2022-10-01 00:00:00,0,26,1,5,19,0,1,5,10,0,10,0,13.9,136.0,3.0,7.01,65.0,0.9222222222222224,248.166,4.351966970262263,0.65,0.7132667617689016,3.1923076923076925
2022-10-01 01:00:00,1,25,1,5,18,0,1,4,11,0,11,0,14.9,174.0,3.0,7.01,62.5,0.9195402298850576,265.06100000000004,3.825962910128388,0.625,0.5706134094151213,3.2
2022-10-01 02:00:00,2,25,1,4,20,0,0,4,11,0,11,0,15.9,234.0,3.0,7.01,62.5,0.9310344827586208,270.701,3.873787446504993,0.625,0.5706134094151213,3.24
2022-10-01 03:00:00,3,23,1,4,18,0,0,2,12,0,12,0,16.9,292.0,3.0,7.01,57.49999999999999,0.8928571428571429,285.451,2.8053479501333496,0.575,0.2853067047075606,3.260869565217391
2022-10-01 04:00:00,4,27,1,4,22,0,0,7,13,0,13,0,17.9,303.0,3.0,7.01,67.5,1.0740740740740742,313.071,5.392625614201934,0.675,0.9985734664764624,3.2222222222222223
2022-10-01 05:00:00,5,27,1,4,22,0,0,2,14,0,14,0,18.9,357.5,3.0,7.01,67.5,1.1153846153846154,332.111,3.0943216040576957,0.675,0.2853067047075606,3.2222222222222223
2022-10-01 06:00:00,6,32,1,4,26,0,1,6,14,0,14,0,19.9,417.5,3.0,7.01,80.0,1.2820512820512822,348.476,5.174750356633381,0.8,0.8559201141226819,3.125
2022-10-01 07:00:00,7,29,1,4,24,0,0,1,14,0,14,0,20.9,477.5,3.0,7.01,72.5,1.1923076923076923,347.681,2.7824745437552263,0.725,0.1426533523537803,3.206896551724138
2022-10-01 08:00:00,8,27,1,4,22,0,0,3,14,0,14,0,21.9,537.5,3.0,6.96,67.5,1.1153846153846154,349.03099999999995,3.5638888888888896,0.675,0.4310344827586207,3.2222222222222223
2022-10-01 09:00:00,9,28,1,4,22,1,0,9,12,1,13,1,21.966666666666665,570.0,3.0,6.96,70.0,1.0987654320987654,339.02030680173664,6.335221674876847,0.7,1.293103448275862,3.1785714285714284
2022-10-01 10:00:00,10,31,0,6,25,0,0,13,11,1,12,1,22.966666666666665,394.0,4.0,10.32,77.5,0.8839285714285714,337.6953068017366,6.497880720180045,0.775,1.2596899224806202,3.193548387096774
2022-10-01 11:00:00,11,37,0,8,29,0,0,13,12,2,14,2,23.966666666666665,138.5,4.0,10.32,92.5,1.1442307692307692,383.8736136034733,7.02643515608632,0.925,1.2596899224806202,3.216216216216216
2022-10-01 12:00:00,12,44,0,7,32,5,0,18,17,1,18,1,24.966666666666665,122.5,4.0,10.32,110.0,1.5227272727272727,457.2603068017367,8.66183932346723,1.1,1.744186046511628,3.0454545454545454
2022-10-01 13:00:00,13,34,0,5,25,4,0,8,17,1,18,1,21.433333333333334,118.0,4.0,10.32,85.0,1.1704545454545454,415.8823068017366,4.923381212950296,0.85,0.7751937984496123,3.0294117647058822
2022-10-01 14:00:00,14,26,0,3,19,4,0,7,15,0,15,0,22.433333333333334,135.0,4.0,10.32,65.0,0.77,363.294,3.933795468097794,0.65,0.6782945736434108,2.9615384615384617
2022-10-01 15:00:00,15,29,0,4,20,5,0,15,15,1,16,1,23.433333333333334,165.5,4.0,10.32,72.5,0.8958333333333334,389.6373068017366,6.460344827586208,0.725,1.4534883720930232,2.9655172413793105
2022-10-01 16:00:00,16,30,0,5,17,8,0,11,12,1,13,1,7.033333333333333,205.0,4.0,10.32,75.0,0.8055555555555556,259.0863068017366,5.266085271317829,0.75,1.065891472868217,2.9
2022-10-01 17:00:00,17,25,0,3,16,6,0,10,11,2,13,2,5.783333333333333,134.0,4.0,10.32,62.5,0.6666666666666666,242.17961360347323,4.590697674418604,0.625,0.9689922480620154,2.88
2022-10-01 18:00:00,18,26,0,2,20,4,0,10,13,2,15,2,6.783333333333333,191.0,4.0,10.32,65.0,0.76,276.7646136034732,4.732438878950506,0.65,0.9689922480620154,2.923076923076923
2022-10-01 19:00:00,19,30,0,2,23,4,1,11,11,2,13,2,7.683333333333334,173.0,4.0,10.32,75.0,0.7962962962962963,263.62061360347326,5.205555555555556,0.75,1.065891472868217,2.8666666666666667
2022-10-01 20:00:00,20,32,0,3,21,5,3,17,9,3,12,3,7.366666666666666,139.5,4.0,11.65,80.0,0.7857142857142857,253.59292040520984,6.212875536480687,0.8,1.4592274678111588,2.75
2022-10-01 21:00:00,21,27,0,5,17,5,0,12,7,2,9,2,6.083333333333333,81.0,4.0,11.65,67.5,0.6532258064516129,194.56161360347323,5.115128755364807,0.675,1.0300429184549356,3.0
2022-10-01 22:00:00,22,27,1,3,18,5,0,12,7,2,9,2,7.083333333333333,137.0,3.0,8.290000000000001,67.5,0.8709677419354839,200.2016136034732,6.367581423401689,0.675,1.447527141133896,3.0
2022-10-01 23:00:00,23,26,1,4,14,5,2,11,6,2,8,2,8.083333333333334,187.0,3.0,8.290000000000001,65.0,0.78125,190.2966136034732,5.702595805882899,0.65,1.326899879372738,2.8846153846153846
2022-10-02 00:00:00,0,24,1,7,11,4,1,12,8,1,9,1,9.083333333333334,151.0,3.0,8.290000000000001,60.0,0.8064516129032258,204.17830680173665,6.398522316043426,0.6,1.447527141133896,3.125
2022-10-02 01:00:00,1,24,1,7,13,3,0,6,8,1,9,1,10.083333333333334,211.0,3.0,8.290000000000001,60.0,0.8387096774193549,209.81830680173664,4.30223160434258,0.6,0.7237635705669481,3.25
2022-10-02 02:00:00,2,25,1,8,14,2,0,6,9,1,10,1,8.9,250.5,3.0,8.290000000000001,62.5,0.9222222222222224,218.68930680173665,4.477895054282268,0.625,0.7237635705669481,3.32
2022-10-02 03:00:00,3,27,2,9,14,2,0,8,10,2,12,2,9.9,273.5,3.0,8.290000000000001,67.5,1.0952380952380951,256.28761360347323,5.588209802081937,0.675,0.965018094089264,3.4074074074074074
2022-10-02 04:00:00,4,25,2,8,11,4,0,6,10,1,11,1,10.9,317.0,3.0,8.290000000000001,62.5,0.9540229885057472,243.36930680173663,4.477895054282268,0.625,0.7237635705669481,3.32
2022-10-02 05:00:00,5,23,1,8,12,2,0,4,10,0,10,0,11.9,393.5,3.0,8.290000000000001,57.49999999999999,0.8555555555555555,230.451,3.540356374888551,0.575,0.482509047044632,3.347826086956522
2022-10-02 06:00:00,6,20,1,6,11,2,0,2,10,0,10,0,12.9,453.5,3.0,8.290000000000001,50.0,0.7333333333333333,229.656,2.446139927623643,0.5,0.241254523522316,3.3
2022-10-02 07:00:00,7,21,1,6,12,2,0,2,11,0,11,0,13.9,497.0,3.0,8.290000000000001,52.5,0.7931034482758621,250.841,2.517693434430467,0.525,0.241254523522316,3.2857142857142856
2022-10-02 08:00:00,8,21,0,5,14,2,0,5,12,0,12,0,14.9,545.0,3.0,7.76,52.5,0.7857142857142857,269.88100000000003,3.675036818851252,0.525,0.6443298969072165,3.142857142857143
2022-10-02 09:00:00,9,20,0,7,11,2,0,12,7,0,7,0,14.4,541.0,3.0,7.76,50.0,0.6565656565656566,197.916,6.650773195876289,0.5,1.5463917525773196,3.25
2022-10-02 10:00:00,10,28,0,10,17,0,1,13,10,1,11,1,15.4,191.0,4.0,11.46,70.0,0.7931034482758621,275.1843068017366,6.027250062328595,0.7,1.134380453752181,3.2857142857142856
2022-10-02 11:00:00,11,41,0,11,30,0,0,19,15,1,16,1,16.4,78.0,4.0,11.46,102.5,1.3958333333333333,375.7093068017366,8.768635338185842,1.025,1.6579406631762652,3.268292682926829
2022-10-02 12:00:00,12,39,0,13,26,0,0,12,16,1,17,1,17.4,129.0,4.0,11.46,97.5,1.4130434782608696,390.4593068017366,6.740401396160558,0.975,1.0471204188481675,3.333333333333333
2022-10-02 13:00:00,13,39,0,14,23,1,1,11,18,1,19,1,18.4,176.0,4.0,11.46,97.5,1.5238095238095235,422.8993068017365,6.350311003714144,0.975,0.9598603839441536,3.282051282051282
2022-10-02 14:00:00,14,33,0,10,21,1,1,10,13,1,14,1,18.28333333333333,220.0,4.0,11.46,82.5,1.0192307692307692,342.3713068017366,5.4528980908562055,0.825,0.8726003490401395,3.212121212121212
2022-10-02 15:00:00,15,34,0,10,22,1,1,14,12,0,12,0,13.783333333333331,267.5,4.0,11.46,85.0,0.9732142857142856,291.468,6.6414356842213325,0.85,1.2216404886561951,3.2058823529411766
2022-10-02 16:00:00,16,30,0,7,22,0,1,14,10,0,10,0,6.25,208.5,4.0,11.46,75.0,0.7916666666666666,213.6,6.243528214077951,0.75,1.2216404886561951,3.1666666666666665
2022-10-02 17:00:00,17,37,0,5,30,1,1,21,13,0,13,0,7.25,190.0,4.0,11.46,92.5,1.0462962962962965,274.455,8.421434130465542,0.925,1.832460732984293,3.054054054054054
2022-10-02 18:00:00,18,35,0,3,28,3,1,14,13,0,13,0,8.25,250.0,4.0,11.46,87.5,0.9537037037037036,275.805,6.170113438045376,0.875,1.2216404886561951,2.942857142857143
2022-10-02 19:00:00,19,27,1,3,21,2,0,17,9,0,9,0,8.933333333333334,156.0,4.0,11.46,67.5,0.6774193548387096,208.899,6.71508629047896,0.675,1.4834205933682372,3.111111111111111
2022-10-02 20:00:00,20,38,2,3,26,4,3,21,9,1,10,1,9.933333333333334,188.0,4.0,11.990000000000002,95.0,0.925,252.4023068017366,7.89110552653527,0.95,1.751459549624687,2.921052631578948
2022-10-02 21:00:00,21,38,2,4,28,4,0,18,10,1,11,1,10.933333333333334,129.0,4.0,11.990000000000002,95.0,1.0172413793103448,271.4423068017366,7.611779553136384,0.95,1.501251042535446,3.1052631578947367
2022-10-02 22:00:00,22,35,2,5,27,1,0,14,10,0,10,0,11.933333333333334,155.0,3.0,8.290000000000001,87.5,1.2555555555555555,256.379,8.277352231604343,0.875,1.6887816646562122,3.2285714285714286
2022-10-02 23:00:00,23,21,2,5,11,3,0,12,6,1,7,1,6.733333333333333,114.0,3.0,8.290000000000001,52.5,0.696969696969697,157.68930680173662,6.481160606582801,0.525,1.447527141133896,3.2857142857142856
2022-10-03 00:00:00,0,21,1,5,13,1,1,12,6,2,8,2,7.733333333333333,162.5,3.0,8.290000000000001,52.5,0.6979166666666666,177.59761360347323,6.293300878855764,0.525,1.447527141133896,3.1904761904761907
2022-10-03 01:00:00,1,22,1,7,11,2,1,9,6,3,9,3,8.733333333333333,211.0,3.0,8.290000000000001,55.00000000000001,0.7634408602150538,199.65092040520983,5.278673648426362,0.55,1.085645355850422,3.227272727272727
2022-10-03 02:00:00,2,19,1,6,8,3,1,4,6,2,8,2,9.733333333333333,282.5,3.0,8.290000000000001,47.5,0.625,184.5876136034732,3.023712780140943,0.475,0.482509047044632,3.1578947368421053
2022-10-03 03:00:00,3,19,1,6,9,3,0,4,6,2,8,2,10.733333333333333,342.5,3.0,8.290000000000001,47.5,0.6458333333333334,190.22761360347323,3.1245032061456413,0.475,0.482509047044632,3.263157894736842
2022-10-03 04:00:00,4,18,1,5,10,2,0,6,7,1,8,1,11.733333333333333,402.5,3.0,8.290000000000001,45.0,0.6145833333333334,192.8543068017366,3.847336147969441,0.45,0.7237635705669481,3.2777777777777777
2022-10-03 05:00:00,5,16,1,4,10,1,0,5,6,1,7,1,12.733333333333333,474.0,3.0,8.290000000000001,40.0,0.5353535353535354,180.80430680173657,3.3228890229191794,0.4,0.6031363088057901,3.3125
2022-10-03 06:00:00,6,17,1,3,12,1,0,3,8,1,9,1,13.733333333333333,511.0,3.0,8.290000000000001,42.5,0.5913978494623656,215.3893068017366,2.5457940112112394,0.425,0.361881785283474,3.235294117647059
2022-10-03 07:00:00,7,13,1,2,9,1,0,2,7,1,8,1,12.15,505.5,3.0,8.290000000000001,32.5,0.4375,184.47930680173664,1.82943769137979,0.325,0.241254523522316,3.230769230769231
2022-10-03 08:00:00,8,23,1,4,17,1,0,15,11,1,12,1,13.15,194.5,3.0,6.66,57.49999999999999,0.8809523809523809,265.16930680173664,9.096376811594205,0.575,2.2522522522522523,3.217391304347826
2022-10-03 09:00:00,9,27,2,6,17,2,0,15,12,1,13,1,14.15,101.0,3.0,6.66,67.5,1.0987654320987654,292.78930680173664,9.64909075742409,0.675,2.2522522522522523,3.2962962962962963
2022-10-03 10:00:00,10,36,2,6,22,5,1,16,13,1,14,1,15.15,152.5,4.0,9.91,90.0,1.0673076923076923,331.13430680173656,7.753136562394888,0.9,1.6145307769929365,3.083333333333333
2022-10-03 11:00:00,11,39,2,8,22,7,0,21,16,1,17,1,16.15,163.0,4.0,9.91,97.5,1.326086956521739,383.4093068017367,9.678890786307536,0.975,2.119071644803229,3.128205128205128
2022-10-03 12:00:00,12,41,4,8,26,3,0,15,21,4,25,4,17.15,111.0,4.0,9.91,102.5,2.2666666666666666,503.1442272069464,8.420796928453644,1.025,1.513622603430878,3.317073170731707
2022-10-03 13:00:00,13,41,4,11,25,1,0,9,23,4,27,4,18.15,139.0,4.0,9.91,102.5,2.7115384615384617,535.5842272069465,6.648231030493958,1.025,0.9081735620585268,3.4390243902439024
2022-10-03 14:00:00,14,44,3,12,27,2,0,9,22,4,26,4,14.0,157.0,4.0,9.91,110.0,2.642857142857143,505.2132272069465,6.754765617833227,1.1,0.9081735620585268,3.363636363636364
2022-10-03 15:00:00,15,47,5,11,28,3,0,14,21,3,24,3,15.0,210.5,4.0,9.91,117.5,2.484375,489.6199204052099,8.75418285849239,1.175,1.4127144298688197,3.382978723404255
2022-10-03 16:00:00,16,43,4,10,27,2,0,9,20,2,22,2,16.0,249.5,4.0,9.91,107.5,2.013888888888889,459.0116136034733,6.68744573252294,1.075,0.9081735620585268,3.372093023255814
2022-10-03 17:00:00,17,50,4,10,31,4,1,14,22,2,24,2,15.583333333333334,270.5,4.0,9.91,125.0,2.53125,498.4766136034733,8.627194752774976,1.25,1.4127144298688197,3.24
2022-10-03 18:00:00,18,46,2,10,28,5,1,13,20,0,20,0,16.583333333333332,272.0,4.0,9.91,115.0,1.8125,440.19999999999993,7.760041460097398,1.15,1.3118062563067607,3.152173913043478
2022-10-03 19:00:00,19,45,3,8,27,5,2,15,18,0,18,0,17.583333333333332,215.0,4.0,9.91,112.5,1.5909090909090908,416.895,8.209048099562732,1.125,1.513622603430878,3.111111111111111
2022-10-03 20:00:00,20,49,2,6,30,9,2,15,19,0,19,0,18.58333333333333,196.0,4.0,9.75,122.5,1.7142857142857142,444.515,8.121193092621665,1.225,1.5384615384615383,2.938775510204082
2022-10-03 21:00:00,21,41,2,4,27,5,3,10,18,0,18,0,19.58333333333333,206.5,4.0,9.75,102.5,1.3636363636363635,419.595,6.001876172607879,1.025,1.0256410256410255,2.926829268292683
2022-10-03 22:00:00,22,36,1,4,21,6,4,12,17,0,17,0,20.58333333333333,255.0,3.0,6.5,90.0,1.4492753623188406,401.11,7.628205128205128,0.9,1.8461538461538465,2.7777777777777777
2022-10-03 23:00:00,23,39,1,3,27,8,0,14,13,0,13,0,21.58333333333333,315.0,3.0,6.5,97.5,1.4074074074074074,359.58500000000004,9.14585798816568,0.975,2.1538461538461537,2.923076923076923
2022-10-04 00:00:00,0,29,0,3,21,5,0,9,11,1,12,1,22.58333333333333,335.0,3.0,6.5,72.5,1.011904761904762,331.2433068017366,6.183355437665782,0.725,1.3846153846153846,2.931034482758621
2022-10-04 01:00:00,1,27,0,3,21,3,0,2,12,1,13,1,23.58333333333333,355.0,3.0,6.5,67.5,1.0,345.9933068017366,2.9480769230769237,0.675,0.3076923076923077,3.0
2022-10-04 02:00:00,2,21,0,3,16,2,0,3,12,1,13,1,24.58333333333333,415.0,3.0,6.5,52.5,0.7901234567901234,338.7633068017366,3.0065934065934066,0.525,0.4615384615384615,3.0476190476190474
2022-10-04 03:00:00,3,22,1,3,16,2,0,3,12,1,13,1,25.58333333333333,475.0,3.0,6.5,55.00000000000001,0.8518518518518519,346.54830680173666,3.172552447552447,0.55,0.4615384615384615,3.136363636363636
2022-10-04 04:00:00,4,22,1,3,16,2,0,3,12,1,13,1,26.58333333333333,535.0,3.0,6.5,55.00000000000001,0.8518518518518519,352.18830680173664,3.172552447552447,0.55,0.4615384615384615,3.136363636363636
2022-10-04 05:00:00,5,20,1,3,14,2,0,3,12,0,12,0,27.58333333333333,635.0,3.0,6.5,50.0,0.75,339.27,3.0288461538461537,0.5,0.4615384615384615,3.15
2022-10-04 06:00:00,6,19,0,3,14,2,0,5,11,0,11,0,28.58333333333333,735.0,3.0,6.5,47.5,0.6666666666666666,329.365,3.798178137651822,0.475,0.7692307692307693,3.0526315789473686
2022-10-04 07:00:00,7,18,0,3,12,3,0,3,10,0,10,0,29.58333333333333,806.5,3.0,6.5,45.0,0.6,319.46000000000004,2.7346153846153847,0.45,0.4615384615384615,3.0
2022-10-04 08:00:00,8,23,0,4,15,4,0,10,10,1,11,1,30.58333333333333,855.0,3.0,7.31,57.49999999999999,0.7931034482758621,350.0933068017366,5.828967168262653,0.575,1.3679890560875512,3.0
2022-10-04 09:00:00,9,26,0,4,19,3,0,13,10,1,11,1,31.58333333333333,835.0,3.0,7.31,65.0,0.9080459770114944,362.1683068017366,7.378556771545827,0.65,1.7783857729138166,3.0384615384615383
2022-10-04 10:00:00,10,32,1,7,21,3,0,19,13,1,14,1,32.583333333333336,700.5,4.0,10.63,80.0,0.9807692307692308,420.8783068017366,8.247318908748824,0.8,1.7873941674506113,3.1875
2022-10-04 11:00:00,11,45,2,11,25,5,2,20,17,1,18,1,33.583333333333336,176.5,4.0,10.63,112.5,1.6022727272727273,508.0033068017366,9.420264973345876,1.125,1.881467544684854,3.1333333333333333
2022-10-04 12:00:00,12,41,4,9,24,4,0,15,18,2,20,2,34.583333333333336,172.0,4.0,10.63,102.5,1.7,532.7316136034733,8.080724135557443,1.025,1.4111006585136403,3.317073170731707
2022-10-04 13:00:00,13,45,4,10,27,3,1,18,21,3,24,3,35.583333333333336,186.0,4.0,10.63,112.5,2.3125,601.4199204052098,9.269143932267168,1.125,1.6933207902163687,3.2888888888888888
2022-10-04 14:00:00,14,41,4,13,22,2,0,9,20,4,24,4,36.583333333333336,173.5,4.0,10.63,102.5,2.21875,599.3482272069465,6.4823360025698085,1.025,0.8466603951081844,3.463414634146341
2022-10-04 15:00:00,15,36,3,14,18,1,0,10,19,4,23,4,37.583333333333336,166.0,4.0,10.63,90.0,1.8676470588235292,580.8632272069465,6.493699696874673,0.9,0.940733772342427,3.5277777777777777
2022-10-04 16:00:00,16,47,5,17,24,1,0,14,20,5,25,5,38.583333333333336,180.0,4.0,10.63,117.5,2.783333333333333,637.766534008683,8.854650127099138,1.175,1.317027281279398,3.5531914893617023
2022-10-04 17:00:00,17,43,4,16,22,1,0,7,20,4,24,4,39.583333333333336,237.5,4.0,10.63,107.5,2.375,620.5582272069464,6.127769148307773,1.075,0.658513640639699,3.5348837209302326
2022-10-04 18:00:00,18,44,4,15,24,1,0,14,21,3,24,3,40.583333333333336,279.0,4.0,10.63,110.0,2.40625,627.4749204052098,8.459595484477893,1.1,1.317027281279398,3.5
2022-10-04 19:00:00,19,40,3,12,23,2,0,5,19,2,21,2,41.583333333333336,355.0,4.0,10.63,100.0,1.7894736842105263,583.4666136034732,4.999247412982126,1.0,0.4703668861712135,3.4
2022-10-04 20:00:00,20,39,2,10,24,3,0,12,19,2,21,2,42.583333333333336,383.0,4.0,11.61,97.5,1.6842105263157894,586.9616136034732,6.592301066719672,0.975,1.0335917312661498,3.282051282051282
2022-10-04 21:00:00,21,44,3,7,28,6,0,16,20,1,21,1,43.583333333333336,310.0,4.0,11.61,110.0,1.8289473684210529,602.4583068017366,7.828613655939238,1.1,1.3781223083548664,3.159090909090909
2022-10-04 22:00:00,22,37,2,5,26,3,1,10,15,1,16,1,44.583333333333336,406.0,3.0,8.290000000000001,92.5,1.5972222222222223,526.0833068017366,6.624225703387343,0.925,1.20627261761158,3.108108108108108
2022-10-04 23:00:00,23,33,2,5,23,2,1,12,10,2,12,2,45.583333333333336,167.5,3.0,8.290000000000001,82.5,1.238095238095238,470.4116136034732,7.161903717512884,0.825,1.447527141133896,3.1515151515151514
2022-10-05 00:00:00,0,39,1,7,26,3,2,14,11,2,13,2,46.583333333333336,196.0,3.0,8.290000000000001,97.5,1.469135802469136,502.3216136034732,8.127949181899723,0.975,1.6887816646562122,3.051282051282051
2022-10-05 01:00:00,1,34,1,8,24,1,0,5,13,2,15,2,47.583333333333336,247.0,3.0,8.290000000000001,85.0,1.48,524.0366136034733,4.744062655218903,0.85,0.6031363088057901,3.264705882352941
2022-10-05 02:00:00,2,29,1,8,18,2,0,3,14,1,15,1,48.583333333333336,307.0,3.0,8.290000000000001,72.5,1.2666666666666666,518.0833068017366,3.5604748138596563,0.725,0.361881785283474,3.2758620689655173
2022-10-05 03:00:00,3,30,1,8,20,1,0,6,15,0,15,0,49.583333333333336,362.0,3.0,8.290000000000001,75.0,1.32,525.0,4.8634197828709285,0.75,0.7237635705669481,3.3
2022-10-05 04:00:00,4,28,1,7,19,1,0,2,14,0,14,0,50.583333333333336,424.5,3.0,8.290000000000001,70.0,1.1794871794871795,512.95,3.092693434430467,0.7,0.241254523522316,3.2857142857142856
2022-10-05 05:00:00,5,30,1,8,17,4,0,7,15,0,15,0,51.583333333333336,482.0,3.0,8.290000000000001,75.0,1.28,536.28,5.1020506634499405,0.75,0.8443908323281061,3.2
2022-10-05 06:00:00,6,29,1,8,16,4,0,1,16,0,16,0,52.583333333333336,494.5,3.0,8.290000000000001,72.5,1.2916666666666667,553.175,2.7118391497857823,0.725,0.120627261761158,3.206896551724138
2022-10-05 07:00:00,7,34,1,8,22,3,0,9,18,0,18,0,53.583333333333336,492.0,3.0,8.290000000000001,85.0,1.6515151515151516,596.3399999999999,6.205451287873412,0.85,1.085645355850422,3.2058823529411766
2022-10-05 08:00:00,8,33,1,8,23,1,0,6,20,0,20,0,19.1,534.0,3.0,7.68,82.5,1.8,426.509,5.256818181818182,0.825,0.78125,3.272727272727273
2022-10-05 09:00:00,9,39,1,10,26,1,1,10,21,0,21,0,20.1,506.0,3.0,7.68,97.5,2.210526315789474,458.4190000000001,7.35673076923077,0.975,1.3020833333333337,3.230769230769231
2022-10-05 10:00:00,10,41,1,8,30,2,0,11,21,0,21,0,21.1,566.0,4.0,11.38,102.5,1.7236842105263157,468.3490000000001,6.363430708560162,1.025,0.966608084358524,3.1951219512195124
2022-10-05 11:00:00,11,39,1,7,29,2,0,8,22,0,22,0,22.1,613.0,4.0,11.38,97.5,1.7222222222222223,483.0990000000001,5.335140372222972,0.975,0.70298769771529,3.1794871794871797
2022-10-05 12:00:00,12,47,1,10,35,1,0,14,26,0,26,0,23.1,353.0,4.0,11.38,117.5,2.7142857142857144,559.499,7.778611225367386,1.175,1.2302284710017577,3.234042553191489
2022-10-05 13:00:00,13,50,0,12,37,1,0,10,26,0,26,0,24.1,248.5,4.0,11.38,125.0,2.875,571.5740000000001,6.854525483304044,1.25,0.8787346221441126,3.22
2022-10-05 14:00:00,14,53,0,10,42,1,0,11,25,1,26,1,22.166666666666668,188.5,4.0,11.38,132.5,3.0,567.9733068017366,7.263965248532679,1.325,0.966608084358524,3.169811320754717
2022-10-05 15:00:00,15,52,0,11,39,2,0,14,20,4,24,4,19.95,192.5,4.0,11.38,130.0,2.578125,529.1312272069465,8.028609571447884,1.3,1.2302284710017577,3.173076923076923
2022-10-05 16:00:00,16,59,1,11,44,1,2,17,25,3,28,3,20.95,222.0,4.0,11.38,147.5,3.8541666666666665,602.5179204052098,9.30910235024277,1.475,1.493848857644991,3.135593220338983
2022-10-05 17:00:00,17,51,3,12,35,1,0,8,26,3,29,3,21.95,272.0,4.0,11.38,127.5,3.863636363636364,604.3979204052098,6.593292325717633,1.275,0.70298769771529,3.333333333333333
2022-10-05 18:00:00,18,54,2,11,38,3,0,14,27,4,31,4,22.95,322.0,4.0,11.38,135.0,4.833333333333333,644.1412272069465,8.31406951767233,1.35,1.2302284710017577,3.2222222222222223
2022-10-05 19:00:00,19,48,2,10,34,2,0,9,21,3,24,3,20.45,372.5,4.0,11.38,120.0,2.4375,522.5029204052098,6.470298769771529,1.2,0.7908611599297013,3.25
2022-10-05 20:00:00,20,46,1,8,34,2,1,11,18,3,21,3,21.45,426.0,4.0,11.72,115.0,1.894736842105263,483.6529204052098,6.538121382994509,1.15,0.938566552901024,3.130434782608696
2022-10-05 21:00:00,21,47,1,10,30,4,2,16,16,5,21,5,22.45,445.0,4.0,11.72,117.5,1.9078947368421053,493.1745340086832,7.836749328298599,1.175,1.3651877133105803,3.0851063829787235
2022-10-05 22:00:00,22,47,1,10,31,2,3,14,20,5,25,5,23.45,394.0,3.0,8.02,117.5,3.2222222222222223,552.4145340086831,9.01047248899029,1.175,1.745635910224439,3.0851063829787235
2022-10-05 23:00:00,23,46,1,7,32,3,3,15,19,4,23,4,24.45,498.0,3.0,8.02,115.0,2.7058823529411766,528.2412272069464,9.060972568578553,1.15,1.8703241895261848,3.0
2022-10-06 00:00:00,0,46,1,8,35,1,1,14,18,4,22,4,25.45,591.5,3.0,8.02,115.0,2.685185185185185,520.4812272069464,9.127547977881385,1.15,1.745635910224439,3.152173913043478
2022-10-06 01:00:00,1,40,2,7,28,2,1,6,17,4,21,4,26.45,685.0,3.0,8.02,100.0,2.2280701754385963,499.8512272069465,5.550311720698254,1.0,0.7481296758104738,3.175
2022-10-06 02:00:00,2,31,2,6,20,2,1,2,17,2,19,2,27.45,786.0,3.0,8.02,77.5,1.5714285714285714,457.6496136034732,3.271396106507923,0.775,0.2493765586034912,3.193548387096774
2022-10-06 03:00:00,3,32,2,6,22,1,1,4,17,2,19,2,28.45,846.0,3.0,8.02,80.0,1.6349206349206349,465.4346136034732,4.180361596009975,0.8,0.4987531172069825,3.21875
2022-10-06 04:00:00,4,32,2,6,20,2,2,5,18,3,21,3,29.45,865.0,3.0,8.02,80.0,1.7543859649122806,498.7429204052098,4.448254364089776,0.8,0.6234413965087282,3.125
2022-10-06 05:00:00,5,29,2,6,19,1,1,2,18,3,21,3,30.45,925.0,3.0,8.02,72.5,1.649122807017544,497.94792040520986,3.1583240175423506,0.725,0.2493765586034912,3.2413793103448274
2022-10-06 06:00:00,6,29,1,6,20,1,1,2,18,2,20,2,31.45,1005.5,3.0,8.02,72.5,1.5333333333333334,489.3196136034732,3.0911256341903863,0.725,0.2493765586034912,3.1724137931034484
2022-10-06 07:00:00,7,29,1,6,20,1,1,2,18,3,21,3,32.45,1045.0,3.0,8.02,72.5,1.6140350877192982,509.2279204052098,3.0911256341903863,0.725,0.2493765586034912,3.1724137931034484
2022-10-06 08:00:00,8,27,1,6,19,0,1,5,21,2,23,2,33.45,1038.0,3.0,7.76,67.5,1.7058823529411764,536.5096136034732,4.251174112256587,0.675,0.6443298969072165,3.2222222222222223
2022-10-06 09:00:00,9,36,2,7,26,1,0,12,22,2,24,2,34.45,1033.5,3.0,7.76,90.0,2.458333333333333,574.8546136034732,8.01872852233677,0.9,1.5463917525773196,3.2777777777777777
2022-10-06 10:00:00,10,46,2,9,33,1,1,17,24,2,26,2,35.45,895.0,4.0,11.1,115.0,2.642857142857143,628.7446136034732,8.627536231884058,1.15,1.5315315315315317,3.217391304347826
2022-10-06 11:00:00,11,46,2,7,36,1,0,10,24,1,25,1,36.45,772.0,4.0,11.1,115.0,2.466666666666667,620.1163068017366,6.598550724637682,1.15,0.9009009009009008,3.217391304347826
2022-10-06 12:00:00,12,51,3,9,36,2,1,13,24,1,25,1,36.95,744.0,4.0,11.1,127.5,2.7333333333333334,633.6613068017366,7.8661190602367075,1.275,1.1711711711711712,3.215686274509804
2022-10-06 13:00:00,13,51,2,10,33,5,1,15,25,0,25,0,37.95,526.0,4.0,11.1,127.5,2.6666666666666665,638.433,8.239533651298357,1.275,1.351351351351351,3.1372549019607843
2022-10-06 14:00:00,14,55,2,9,37,5,2,16,22,0,22,0,38.95,271.5,4.0,11.1,137.5,2.3472222222222223,612.453,8.65415642915643,1.375,1.4414414414414416,3.0727272727272728
2022-10-06 15:00:00,15,47,1,10,32,3,1,8,18,1,19,1,39.95,302.0,4.0,11.1,117.5,1.761904761904762,561.6013068017367,5.969503546099291,1.175,0.7207207207207208,3.148936170212766
2022-10-06 16:00:00,16,38,1,11,25,1,0,9,19,1,20,1,40.95,177.5,4.0,11.1,95.0,1.575,561.3363068017366,5.838477951635846,0.95,0.8108108108108109,3.3157894736842106
2022-10-06 17:00:00,17,45,1,9,34,1,0,12,21,1,22,1,41.95,223.0,4.0,11.1,112.5,2.013888888888889,608.7913068017367,7.108483483483484,1.125,1.0810810810810811,3.2222222222222223
2022-10-06 18:00:00,18,51,2,9,39,1,0,14,23,2,25,2,42.95,216.0,4.0,11.1,127.5,2.75,668.3696136034732,8.205551139374668,1.275,1.2612612612612613,3.235294117647059
2022-10-06 19:00:00,19,48,2,8,37,1,0,9,21,2,23,2,30.53333333333333,253.0,4.0,11.1,120.0,2.2794117647058822,565.1046136034732,6.493243243243243,1.2,0.8108108108108109,3.2291666666666665
2022-10-06 20:00:00,20,38,2,7,28,1,0,6,19,1,20,1,31.53333333333333,260.5,4.0,10.35,95.0,1.55,508.2263068017367,4.9916857360793285,0.95,0.5797101449275363,3.263157894736842
2022-10-06 21:00:00,21,41,2,6,33,0,0,13,18,1,19,1,32.53333333333333,308.0,4.0,10.35,102.5,1.5833333333333333,506.9013068017366,7.399466831624838,1.025,1.2560386473429952,3.2439024390243905
2022-10-06 22:00:00,22,47,2,7,32,4,2,17,16,2,18,2,33.53333333333333,364.0,3.0,7.01,117.5,2.1818181818181817,512.8796136034732,11.030115033235196,1.175,2.425106990014265,3.0638297872340425
2022-10-06 23:00:00,23,37,2,6,28,1,0,12,17,2,19,2,34.53333333333333,371.0,3.0,7.01,92.5,1.9047619047619049,510.46961360347314,8.551914253768748,0.925,1.7118402282453635,3.2432432432432434
2022-10-07 00:00:00,0,29,2,4,22,1,0,8,15,2,17,2,35.53333333333333,362.0,3.0,7.01,72.5,1.3623188405797102,472.1496136034732,6.049148998966992,0.725,1.1412268188302426,3.2413793103448274
2022-10-07 01:00:00,1,34,2,7,22,2,1,8,16,3,19,3,36.53333333333333,358.0,3.0,7.01,85.0,1.7301587301587302,516.1829204052098,6.383638919191072,0.85,1.1412268188302426,3.2058823529411766
2022-10-07 02:00:00,2,31,2,6,21,1,1,3,16,3,19,3,37.53333333333333,418.0,3.0,7.01,77.5,1.5873015873015872,515.3879204052098,3.8805163131011,0.775,0.4279600570613409,3.225806451612903
2022-10-07 03:00:00,3,31,2,5,23,0,1,5,16,3,19,3,38.53333333333333,478.0,3.0,7.01,77.5,1.5873015873015872,521.0279204052098,4.800860521835166,0.775,0.7132667617689016,3.225806451612903
2022-10-07 04:00:00,4,31,2,5,21,2,1,4,17,3,20,3,39.53333333333333,468.5,3.0,7.01,77.5,1.6333333333333333,540.0679204052099,4.25387464911877,0.775,0.5706134094151213,3.161290322580645
2022-10-07 05:00:00,5,26,2,5,18,0,1,2,17,3,20,3,40.53333333333333,528.5,3.0,7.01,65.0,1.4166666666666667,534.9829204052098,3.0577334576977946,0.65,0.2853067047075606,3.269230769230769
2022-10-07 06:00:00,6,29,2,5,21,0,1,4,17,3,20,3,41.53333333333333,588.5,3.0,7.01,72.5,1.5666666666666669,547.0579204052098,4.1995744994834965,0.725,0.5706134094151213,3.2413793103448274
2022-10-07 07:00:00,7,30,2,5,21,1,1,4,18,3,21,3,42.53333333333333,579.0,3.0,7.01,75.0,1.6842105263157894,568.2429204052098,4.225962910128388,0.75,0.5706134094151213,3.2
2022-10-07 08:00:00,8,32,2,7,22,0,1,6,20,3,23,3,43.53333333333333,638.0,3.0,6.51,80.0,2.0588235294117645,604.9729204052098,5.649193548387097,0.8,0.9216589861751152,3.28125
2022-10-07 09:00:00,9,39,2,8,24,3,2,11,19,3,22,3,44.53333333333333,686.5,3.0,6.51,97.5,2.259259259259259,612.2279204052098,8.335753672850448,0.975,1.6897081413210446,3.128205128205128
2022-10-07 10:00:00,10,48,2,11,27,7,1,15,22,3,25,3,45.53333333333333,585.0,4.0,10.21,120.0,2.5,677.3729204052098,8.341087169441723,1.2,1.4691478942213514,3.125
2022-10-07 11:00:00,11,56,2,10,33,10,1,15,24,3,27,3,46.53333333333333,625.0,4.0,10.21,140.0,3.269230769230769,726.9729204052098,8.709913250314816,1.4,1.4691478942213514,3.0357142857142856
2022-10-07 12:00:00,12,57,2,10,32,12,1,10,26,3,29,3,47.53333333333333,276.0,4.0,10.21,142.5,3.886363636363636,761.5579204052099,7.213295788442703,1.425,0.979431929480901,3.0
2022-10-07 13:00:00,13,51,2,8,31,9,1,9,22,3,25,3,48.53333333333333,294.0,4.0,10.21,127.5,2.566666666666667,700.7279204052097,6.511750302471624,1.275,0.8814887365328109,3.019607843137255
2022-10-07 14:00:00,14,40,1,7,28,4,0,7,17,2,19,2,25.766666666666666,260.0,4.0,10.21,100.0,1.488095238095238,467.4606136034732,5.267507345739471,1.0,0.6856023506366307,3.125
2022-10-07 15:00:00,15,40,1,6,28,5,0,7,15,1,16,1,26.766666666666666,324.5,4.0,10.21,100.0,1.28125,432.03230680173664,5.18322722820764,1.0,0.6856023506366307,3.075
2022-10-07 16:00:00,16,36,1,7,24,4,0,10,16,1,17,1,27.766666666666666,361.0,4.0,10.21,90.0,1.2282608695652173,442.4923068017366,5.8993280008706055,0.9,0.979431929480901,3.138888888888889
2022-10-07 17:00:00,17,36,1,7,24,4,0,12,15,2,17,2,28.766666666666666,388.0,4.0,10.21,90.0,1.2282608695652173,449.0006136034732,6.514193601044727,0.9,1.1753183153770812,3.138888888888889
2022-10-07 18:00:00,18,36,1,6,26,3,0,8,16,2,18,2,29.766666666666666,397.0,4.0,10.21,90.0,1.2840909090909092,468.0406136034733,5.284462400696484,0.9,0.7835455435847208,3.138888888888889
2022-10-07 19:00:00,19,37,1,6,28,2,0,11,15,1,16,1,30.766666666666666,390.0,4.0,10.21,92.5,1.21875,448.1573068017366,6.331834846599783,0.925,1.0773751224289911,3.1621621621621623
2022-10-07 20:00:00,20,34,1,4,23,6,0,13,14,0,14,0,31.766666666666666,375.5,4.0,10.98,85.0,0.9807692307692308,419.694,6.101912568306011,0.85,1.1839708561020037,3.0
2022-10-07 21:00:00,21,35,2,2,25,6,0,13,12,1,13,1,32.766666666666666,209.0,4.0,10.98,87.5,0.9722222222222222,414.9473068017366,6.176912568306012,0.875,1.1839708561020037,3.0
2022-10-07 22:00:00,22,30,2,4,18,6,0,12,11,2,13,2,33.766666666666666,145.0,3.0,7.28,75.0,1.1358024691358024,410.7306136034732,7.354945054945055,0.75,1.6483516483516485,3.066666666666667
2022-10-07 23:00:00,23,24,2,3,16,3,0,5,10,2,12,2,34.766666666666666,156.5,3.0,7.28,60.0,0.9047619047619048,390.1006136034732,4.074908424908425,0.6,0.6868131868131868,3.1666666666666665
2022-10-08 00:00:00,0,20,1,2,13,4,0,9,9,1,10,1,35.766666666666666,234.5,3.0,7.28,50.0,0.6666666666666666,359.4923068017366,5.208791208791209,0.5,1.2362637362637363,3.0
2022-10-08 01:00:00,1,14,1,2,9,2,0,2,9,1,10,1,36.766666666666666,294.5,3.0,7.28,35.0,0.4888888888888889,352.2623068017366,1.9634222919937203,0.35,0.2747252747252747,3.142857142857143
2022-10-08 02:00:00,2,16,1,3,8,4,0,5,9,1,10,1,37.766666666666666,354.5,3.0,7.28,40.0,0.5444444444444444,362.1923068017366,3.328365384615385,0.4,0.6868131868131868,3.0625
2022-10-08 03:00:00,3,17,1,2,11,3,0,4,11,0,11,0,38.766666666666666,384.0,3.0,7.28,42.5,0.5977011494252874,382.509,2.980672268907562,0.425,0.5494505494505494,3.0588235294117645
2022-10-08 04:00:00,4,19,1,2,12,4,0,3,12,0,12,0,39.766666666666666,408.5,3.0,7.28,47.5,0.6785714285714286,405.839,2.661263736263736,0.475,0.412087912087912,3.0
2022-10-08 05:00:00,5,19,1,2,12,4,0,1,11,0,11,0,40.766666666666666,433.0,3.0,7.28,47.5,0.6551724137931034,398.079,1.837087912087912,0.475,0.1373626373626373,3.0
2022-10-08 06:00:00,6,17,1,2,11,3,0,1,11,0,11,0,41.766666666666666,493.0,3.0,7.28,42.5,0.5977011494252874,399.429,1.7201680672268906,0.425,0.1373626373626373,3.0588235294117645
2022-10-08 07:00:00,7,21,1,2,15,3,0,5,11,0,11,0,42.766666666666666,553.0,3.0,7.28,52.5,0.735632183908046,413.649,3.693144950287808,0.525,0.6868131868131868,3.0476190476190474
2022-10-08 08:00:00,8,22,1,2,16,3,0,7,12,0,12,0,43.766666666666666,592.5,3.0,6.449999999999999,55.00000000000001,0.7976190476190477,434.834,4.980144467935166,0.55,1.0852713178294575,3.0454545454545454
2022-10-08 09:00:00,9,20,1,2,16,1,0,6,12,0,12,0,44.766666666666666,413.0,3.0,6.449999999999999,50.0,0.75,436.184,4.505232558139535,0.5,0.930232558139535,3.15
2022-10-08 10:00:00,10,21,1,1,18,1,0,9,11,0,11,0,45.766666666666666,146.0,4.0,9.91,52.5,0.5603448275862069,430.569,4.436013406371631,0.525,0.9081735620585268,3.095238095238096
2022-10-08 11:00:00,11,25,1,1,20,3,0,13,15,0,15,0,46.766666666666666,86.0,4.0,9.91,62.5,0.75,498.3889999999999,5.810418768920282,0.625,1.3118062563067607,3.0
2022-10-08 12:00:00,12,28,1,3,21,3,0,12,14,0,14,0,47.766666666666666,120.0,4.0,9.91,70.0,0.8269230769230769,497.064,5.869186968430157,0.7,1.2108980827447022,3.071428571428572
2022-10-08 13:00:00,13,29,2,4,20,3,0,12,9,1,10,1,48.766666666666666,132.5,4.0,9.91,72.5,0.7666666666666667,452.1173068017366,6.141469779741814,0.725,1.2108980827447022,3.1724137931034484
2022-10-08 14:00:00,14,28,1,3,19,4,1,12,6,0,6,0,49.766666666666666,185.5,4.0,9.91,70.0,0.6102941176470589,401.144,5.664447888136082,0.7,1.2108980827447022,2.9642857142857144
2022-10-08 15:00:00,15,23,1,1,20,1,0,10,4,0,4,0,50.766666666666666,179.0,4.0,9.91,57.49999999999999,0.4930555555555556,369.259,4.889991444741806,0.575,1.0090817356205852,3.0869565217391304
2022-10-08 16:00:00,16,29,2,1,24,2,0,11,5,1,6,1,51.766666666666666,118.5,4.0,9.91,72.5,0.6617647058823529,415.4373068017366,5.69479626987717,0.725,1.1099899091826435,3.103448275862069
2022-10-08 17:00:00,17,21,2,2,13,4,0,9,5,1,6,1,52.766666666666666,178.5,4.0,9.91,52.5,0.4779411764705882,403.9173068017366,4.436013406371631,0.525,0.9081735620585268,3.095238095238096
2022-10-08 18:00:00,18,21,2,3,13,2,1,11,6,1,7,1,53.766666666666666,180.0,4.0,9.91,52.5,0.5,422.9573068017366,5.138539714574024,0.525,1.1099899091826435,3.142857142857143
2022-10-08 19:00:00,19,22,2,5,13,2,0,11,7,1,8,1,54.766666666666666,142.5,4.0,9.91,55.00000000000001,0.5703125,444.1423068017366,5.508148335015137,0.55,1.1099899091826435,3.3181818181818183
2022-10-08 20:00:00,20,30,2,5,20,3,0,18,7,1,8,1,55.766666666666666,123.0,4.0,11.22,75.0,0.75,466.9423068017366,7.533689839572194,0.75,1.6042780748663104,3.2
2022-10-08 21:00:00,21,29,1,5,20,2,1,12,6,1,7,1,8.833333333333334,168.0,4.0,11.22,72.5,0.6818181818181818,186.6933068017366,5.56919601696478,0.725,1.0695187165775402,3.103448275862069
2022-10-08 22:00:00,22,22,1,3,16,2,0,8,6,1,7,1,9.833333333333334,153.0,3.0,7.76,55.00000000000001,0.696969696969697,177.3183068017366,4.958364573570759,0.55,1.0309278350515465,3.136363636363636
2022-10-08 23:00:00,23,25,1,3,17,4,0,8,6,1,7,1,10.833333333333334,145.0,3.0,7.76,62.5,0.7676767676767676,189.3933068017366,5.034020618556702,0.625,1.0309278350515465,3.04
2022-10-09 00:00:00,0,20,1,4,13,2,0,4,7,0,7,0,7.733333333333333,205.0,3.0,7.76,50.0,0.6464646464646465,160.31599999999997,3.2494845360824742,0.5,0.5154639175257733,3.2
2022-10-09 01:00:00,1,18,1,3,11,3,0,5,7,0,7,0,8.733333333333333,265.0,3.0,7.76,45.0,0.5656565656565656,161.666,3.4045819014891183,0.45,0.6443298969072165,3.111111111111111
2022-10-09 02:00:00,2,21,1,4,13,3,0,11,9,0,9,0,9.733333333333333,252.0,3.0,7.76,52.5,0.7096774193548387,200.541,6.105081001472755,0.525,1.4175257731958764,3.142857142857143
2022-10-09 03:00:00,3,20,1,4,14,1,0,4,10,0,10,0,10.733333333333333,296.5,3.0,7.76,50.0,0.7222222222222222,217.436,3.3002577319587627,0.5,0.5154639175257733,3.25
2022-10-09 04:00:00,4,20,1,3,15,1,0,3,9,0,9,0,11.733333333333333,341.0,3.0,7.76,50.0,0.6881720430107527,209.676,2.837113402061856,0.5,0.3865979381443299,3.2
2022-10-09 05:00:00,5,18,1,3,13,1,0,1,8,0,8,0,12.733333333333333,416.5,3.0,7.76,45.0,0.6041666666666666,197.626,1.8652348224513176,0.45,0.1288659793814433,3.2222222222222223
2022-10-09 06:00:00,6,19,1,4,13,1,0,4,8,0,8,0,13.733333333333333,476.5,3.0,7.76,47.5,0.6458333333333334,205.411,3.232040151926207,0.475,0.5154639175257733,3.263157894736842
2022-10-09 07:00:00,7,22,1,4,15,2,0,6,8,0,8,0,14.733333333333333,536.5,3.0,7.76,55.00000000000001,0.7291666666666666,217.486,4.2101686972821,0.55,0.7731958762886598,3.1818181818181817
2022-10-09 08:00:00,8,23,1,5,16,1,0,9,11,0,11,0,15.733333333333333,374.0,3.0,7.23,57.49999999999999,0.8620689655172413,265.471,5.934173732635756,0.575,1.2448132780082988,3.260869565217391
2022-10-09 09:00:00,9,28,1,5,19,3,0,12,10,0,10,0,16.733333333333334,247.0,3.0,7.23,70.0,0.9777777777777776,268.43600000000004,7.416360403082393,0.7,1.6597510373443982,3.142857142857143
2022-10-09 10:00:00,10,27,1,5,20,1,0,12,12,0,12,0,17.733333333333334,158.5,4.0,10.48,67.5,0.7767857142857143,298.731,5.864567430025446,0.675,1.1450381679389312,3.2222222222222223
2022-10-09 11:00:00,11,38,0,7,26,5,0,19,12,0,12,0,18.73333333333333,169.0,4.0,10.48,95.0,1.0357142857142858,327.966,8.43435114503817,0.95,1.8129770992366407,3.0526315789473686
2022-10-09 12:00:00,12,42,0,4,32,6,0,22,9,0,9,0,19.73333333333333,171.0,4.0,10.48,105.0,1.0,301.986,9.297746274082153,1.05,2.099236641221374,2.952380952380953
2022-10-09 13:00:00,13,39,1,3,34,1,0,16,9,0,9,0,20.73333333333333,198.0,4.0,10.48,97.5,0.9758064516129032,301.191,7.761739087884126,0.975,1.5267175572519085,3.102564102564102
2022-10-09 14:00:00,14,31,0,4,25,2,0,17,8,0,8,0,21.73333333333333,178.0,4.0,10.48,77.5,0.7421875,276.271,7.346066239842403,0.775,1.6221374045801529,3.064516129032258
2022-10-09 15:00:00,15,32,0,4,28,0,0,20,8,0,8,0,22.73333333333333,125.0,4.0,10.48,80.0,0.78125,284.05600000000004,8.463740458015268,0.8,1.9083969465648851,3.125
2022-10-09 16:00:00,16,25,0,2,21,2,0,15,5,0,5,0,23.73333333333333,139.0,4.0,10.48,62.5,0.5357142857142857,234.481,6.168893129770993,0.625,1.431297709923664,3.0
2022-10-09 17:00:00,17,32,1,5,22,4,0,18,7,1,8,1,24.73333333333333,170.0,4.0,10.48,80.0,0.7734375,296.2043068017366,7.788692748091603,0.8,1.7175572519083968,3.09375
2022-10-09 18:00:00,18,27,1,4,22,0,0,11,9,1,10,1,12.6,103.5,4.0,10.48,67.5,0.725,243.84730680173664,5.5571034775233255,0.675,1.049618320610687,3.2222222222222223
2022-10-09 19:00:00,19,29,1,5,19,4,0,13,8,1,9,1,13.6,156.0,4.0,10.48,72.5,0.7258064516129032,240.3773068017366,6.0996972887602,0.725,1.2404580152671756,3.103448275862069
2022-10-09 20:00:00,20,22,1,5,15,1,0,2,9,1,10,1,14.6,213.0,4.0,9.93,55.00000000000001,0.6,244.4023068017366,2.459159571546279,0.55,0.2014098690835851,3.272727272727273
2022-10-09 21:00:00,21,15,1,4,10,0,0,0,7,1,8,1,15.6,249.0,4.0,9.93,37.5,0.3984375,208.22730680173663,1.275,0.375,0.0,3.4
2022-10-09 22:00:00,22,13,1,3,9,0,0,0,6,1,7,1,16.6,288.0,3.0,6.68,32.5,0.4444444444444444,196.17730680173665,1.1,0.325,0.0,3.3846153846153846
2022-10-09 23:00:00,23,9,1,3,5,0,0,0,5,1,6,1,17.6,366.0,3.0,6.68,22.5,0.3137254901960784,179.83730680173662,0.7999999999999999,0.225,0.0,3.555555555555556
2022-10-10 00:00:00,0,7,1,3,3,0,0,0,5,1,6,1,18.6,426.0,3.0,6.68,17.5,0.2549019607843137,181.1873068017366,0.65,0.175,0.0,3.7142857142857135
2022-10-10 01:00:00,1,8,1,3,4,0,0,1,6,1,7,1,19.6,462.0,3.0,6.68,20.0,0.2929292929292929,202.3723068017366,1.2676646706586827,0.2,0.1497005988023952,3.625
2022-10-10 02:00:00,2,19,1,4,10,4,0,17,7,1,8,1,20.6,447.0,3.0,6.68,47.5,0.6145833333333334,245.0073068017366,9.3776158209896,0.475,2.5449101796407185,3.1052631578947367
2022-10-10 03:00:00,3,21,1,4,12,4,0,8,7,1,8,1,21.6,507.0,3.0,6.68,52.5,0.6770833333333334,254.9373068017366,5.331871970345024,0.525,1.1976047904191618,3.095238095238096
2022-10-10 04:00:00,4,22,1,5,13,3,0,5,7,2,9,2,22.6,519.0,3.0,6.68,55.00000000000001,0.7526881720430108,276.9906136034732,4.131600435492651,0.55,0.7485029940119761,3.1818181818181817
2022-10-10 05:00:00,5,20,1,5,12,2,0,3,7,2,9,2,23.6,579.0,3.0,6.68,50.0,0.6989247311827957,278.34061360347323,3.0845808383233537,0.5,0.4491017964071856,3.25
2022-10-10 06:00:00,6,20,1,5,10,4,0,2,7,2,9,2,24.6,639.0,3.0,6.68,50.0,0.6774193548387096,283.9806136034732,2.5181137724550897,0.5,0.2994011976047904,3.15
2022-10-10 07:00:00,7,18,1,5,8,4,0,4,7,2,9,2,25.6,699.0,3.0,6.68,45.0,0.6129032258064516,285.33061360347324,3.321207584830339,0.45,0.5988023952095809,3.1666666666666665
2022-10-10 08:00:00,8,24,1,5,14,4,0,11,8,2,10,2,26.6,579.0,3.0,7.43,60.0,0.8333333333333334,317.2406136034732,6.5015141318977125,0.6,1.4804845222072678,3.125
2022-10-10 09:00:00,9,31,2,4,17,7,1,12,7,3,10,3,27.6,400.5,3.0,7.43,77.5,1.022222222222222,338.76392040520983,7.093122910606521,0.775,1.6150740242261103,2.967741935483871
2022-10-10 10:00:00,10,34,2,3,21,8,0,19,9,2,11,2,28.6,142.0,4.0,11.13,85.0,0.8706896551724138,363.3706136034732,7.596085037788701,0.85,1.707097933513028,2.9705882352941178
2022-10-10 11:00:00,11,36,2,4,24,6,0,22,10,2,12,2,29.6,156.5,4.0,11.13,90.0,0.9821428571428572,386.7006136034733,8.789732454826794,0.9,1.9766397124887691,3.055555555555556
2022-10-10 12:00:00,12,30,2,4,21,3,0,11,9,2,11,2,30.6,207.0,4.0,11.13,75.0,0.8189655172413793,366.0706136034733,5.504679544773885,0.75,0.9883198562443848,3.1666666666666665
2022-10-10 13:00:00,13,35,2,5,24,3,1,19,10,3,13,3,31.6,222.0,4.0,11.13,87.5,1.0092592592592593,410.10392040520986,8.041390707226286,0.875,1.707097933513028,3.1142857142857143
2022-10-10 14:00:00,14,23,2,4,15,2,0,10,9,3,12,3,32.6,253.5,4.0,11.13,57.49999999999999,0.6696428571428571,376.6039204052098,4.804801945388491,0.575,0.8984725965858043,3.260869565217391
2022-10-10 15:00:00,15,31,2,4,20,4,1,18,10,2,12,2,33.6,273.5,4.0,11.13,77.5,0.8482142857142857,398.5356136034733,7.331090774715243,0.775,1.6172506738544477,3.064516129032258
2022-10-10 16:00:00,16,32,1,5,24,2,0,17,9,2,11,2,34.6,191.0,4.0,11.13,80.0,0.8706896551724138,392.92061360347327,7.345867026055706,0.8,1.5274034141958672,3.15625
2022-10-10 17:00:00,17,39,1,6,25,5,2,17,11,2,13,2,35.6,147.0,4.0,11.13,97.5,1.0740740740740742,440.37561360347325,7.443046052480015,0.975,1.5274034141958672,2.9743589743589745
2022-10-10 18:00:00,18,37,1,6,26,4,0,13,11,2,13,2,36.6,207.0,4.0,11.13,92.5,1.0648148148148149,441.7256136034732,6.505314951069669,0.925,1.1680143755615455,3.108108108108108
2022-10-10 19:00:00,19,38,1,6,24,7,0,12,10,2,12,2,37.6,198.0,4.0,11.13,95.0,1.0267857142857142,436.1106136034732,6.137874166548447,0.95,1.078167115902965,3.026315789473684
2022-10-10 20:00:00,20,36,1,4,24,7,0,17,9,2,11,2,38.6,249.0,4.0,11.46,90.0,0.9224137931034484,424.06061360347326,7.08405565251115,0.9,1.4834205933682372,2.9722222222222223
2022-10-10 21:00:00,21,32,0,5,23,3,1,12,8,1,9,1,39.6,297.0,4.0,11.46,80.0,0.7741935483870968,393.4523068017366,5.541361256544503,0.8,1.0471204188481675,3.0
2022-10-10 22:00:00,22,29,0,5,23,1,0,14,6,1,7,1,40.6,387.0,3.0,7.76,72.5,0.9191919191919192,365.8573068017366,7.936215783860646,0.725,1.8041237113402064,3.1379310344827585
2022-10-10 23:00:00,23,24,0,5,17,2,0,7,6,2,8,2,41.6,333.0,3.0,7.76,60.0,0.78125,375.0406136034732,4.693943298969073,0.6,0.9020618556701032,3.125
2022-10-11 00:00:00,0,24,0,4,18,2,0,8,7,2,9,2,42.6,141.0,3.0,7.76,60.0,0.7956989247311828,394.0806136034733,5.028694158075601,0.6,1.0309278350515465,3.083333333333333
2022-10-11 01:00:00,1,24,0,4,20,0,0,9,8,2,10,2,43.6,174.5,3.0,7.76,60.0,0.8444444444444444,413.1206136034732,5.572680412371134,0.6,1.1597938144329898,3.1666666666666665
2022-10-11 02:00:00,2,20,0,5,15,0,0,3,7,2,9,2,44.6,261.0,3.0,7.76,50.0,0.6989247311827957,396.7806136034732,2.881443298969072,0.5,0.3865979381443299,3.25
2022-10-11 03:00:00,3,18,0,3,15,0,0,5,6,1,7,1,45.6,657.0,3.0,7.76,45.0,0.5757575757575758,370.4623068017366,3.4653780068728524,0.45,0.6443298969072165,3.1666666666666665
2022-10-11 04:00:00,4,19,0,3,16,0,0,4,6,1,7,1,46.6,717.0,3.0,7.76,47.5,0.6060606060606061,378.2473068017366,3.1277807921866523,0.475,0.5154639175257733,3.1578947368421053
2022-10-11 05:00:00,5,20,0,3,16,1,0,4,8,1,9,1,47.6,441.0,3.0,7.76,50.0,0.6666666666666666,412.8323068017367,3.147938144329897,0.5,0.5154639175257733,3.1
2022-10-11 06:00:00,6,23,0,2,20,1,0,6,10,0,10,0,48.6,364.0,3.0,7.76,57.49999999999999,0.7777777777777778,437.439,4.10320484087853,0.575,0.7731958762886598,3.0434782608695654
2022-10-11 07:00:00,7,22,0,2,20,0,0,4,11,0,11,0,49.6,384.0,3.0,7.76,55.00000000000001,0.7816091954022989,454.334,3.2932521087160267,0.55,0.5154639175257733,3.090909090909091
2022-10-11 08:00:00,8,24,0,2,21,0,1,4,12,0,12,0,50.6,329.5,3.0,7.23,60.0,0.8571428571428571,477.664,3.459751037344398,0.6,0.553250345781466,3.0
2022-10-11 09:00:00,9,31,0,3,25,2,1,12,13,1,14,1,51.6,267.5,3.0,7.23,77.5,1.1794871794871795,525.9873068017366,7.225712755989827,0.775,1.6597510373443982,2.967741935483871
2022-10-11 10:00:00,10,27,0,4,21,1,1,10,16,0,16,0,32.71666666666667,280.0,4.0,10.32,67.5,0.8541666666666666,436.837,4.992865345966122,0.675,0.9689922480620154,3.037037037037037
2022-10-11 11:00:00,11,37,0,4,29,3,1,17,21,0,21,0,33.71666666666667,209.0,4.0,10.32,92.5,1.4473684210526316,530.927,7.647339199664781,0.925,1.6472868217054264,2.972972972972973
2022-10-11 12:00:00,12,40,0,5,33,1,1,10,20,0,20,0,34.71666666666667,246.0,4.0,10.32,100.0,1.525,529.602,6.005426356589147,1.0,0.9689922480620154,3.05
2022-10-11 13:00:00,13,45,1,7,35,1,1,17,21,2,23,2,35.71666666666667,183.0,4.0,10.32,112.5,2.073529411764706,587.9036136034732,8.686498708010337,1.125,1.6472868217054264,3.1333333333333333
2022-10-11 14:00:00,14,43,1,8,32,1,1,12,22,2,24,2,36.71666666666667,236.0,4.0,10.32,107.5,2.125,602.6536136034732,7.077663601946998,1.075,1.162790697674419,3.1627906976744184
2022-10-11 15:00:00,15,41,1,8,30,1,1,12,19,2,21,2,37.71666666666667,283.0,4.0,10.32,102.5,1.7105263157894737,563.8036136034733,6.936897334089619,1.025,1.162790697674419,3.1707317073170733
2022-10-11 16:00:00,16,42,1,8,31,1,1,13,17,1,18,1,38.71666666666667,193.0,4.0,10.32,105.0,1.5113636363636365,530.5203068017366,7.314018087855298,1.05,1.2596899224806202,3.1666666666666665
2022-10-11 17:00:00,17,44,1,10,31,1,1,13,21,1,22,1,39.71666666666667,210.0,4.0,10.32,110.0,1.9583333333333333,594.0503068017367,7.561733615221987,1.1,1.2596899224806202,3.2045454545454546
2022-10-11 18:00:00,18,40,1,12,27,0,0,9,20,1,21,1,40.71666666666667,267.0,4.0,10.32,100.0,1.763157894736842,577.7103068017366,6.2715116279069765,1.0,0.872093023255814,3.35
2022-10-11 19:00:00,19,33,1,12,20,0,0,7,21,1,22,1,41.71666666666667,323.5,4.0,10.32,82.5,1.5694444444444444,581.7353068017367,5.147645055203195,0.825,0.6782945736434108,3.4242424242424243
2022-10-11 20:00:00,20,36,2,11,23,0,0,18,17,3,20,3,42.71666666666667,233.5,4.0,10.3,90.0,1.5375,568.7469204052098,9.045873786407766,0.9,1.7475728155339805,3.4166666666666665
2022-10-11 21:00:00,21,39,2,10,25,0,2,17,18,3,21,3,43.71666666666667,283.0,4.0,10.3,97.5,1.6710526315789471,594.2219204052099,8.549657704754791,0.975,1.6504854368932038,3.2564102564102564
2022-10-11 22:00:00,22,39,1,9,25,4,0,14,19,3,22,3,44.71666666666667,277.5,3.0,7.21,97.5,2.2962962962962963,613.2619204052098,9.273761513567338,0.975,1.941747572815534,3.1794871794871797
2022-10-11 23:00:00,23,46,1,9,29,3,4,16,19,3,22,3,45.71666666666667,271.5,3.0,7.21,115.0,2.555555555555556,633.9169204052098,10.10742024965326,1.15,2.219140083217753,3.0
2022-10-12 00:00:00,0,54,1,11,34,6,2,22,24,3,27,3,46.71666666666667,247.0,3.0,7.21,135.0,4.230769230769231,723.7169204052097,13.448470488519032,1.35,3.0513176144244105,3.055555555555556
2022-10-12 01:00:00,1,43,1,10,29,3,0,5,24,3,27,3,47.71666666666667,307.0,3.0,7.21,107.5,3.5384615384615383,705.7619204052098,5.675591071831757,1.075,0.6934812760055479,3.2093023255813957
2022-10-12 02:00:00,2,35,1,9,24,1,0,2,23,2,25,2,48.71666666666667,364.0,3.0,7.21,87.5,2.555555555555556,666.5736136034732,3.78643253417872,0.875,0.2773925104022191,3.2857142857142856
2022-10-12 03:00:00,3,34,2,10,21,1,0,4,22,3,25,3,49.71666666666667,424.0,3.0,7.21,85.0,2.555555555555556,670.9369204052098,4.751478746838541,0.85,0.5547850208044383,3.3823529411764706
2022-10-12 04:00:00,4,31,2,9,20,0,0,4,22,2,24,2,50.71666666666667,466.5,3.0,7.21,77.5,2.208333333333333,655.8736136034732,4.547006845331306,0.775,0.5547850208044383,3.419354838709677
2022-10-12 05:00:00,5,31,2,8,21,0,0,2,23,1,24,1,51.71666666666667,526.5,3.0,7.21,77.5,2.1875,660.6453068017366,3.564555277168807,0.775,0.2773925104022191,3.3870967741935485
2022-10-12 06:00:00,6,30,1,8,20,1,0,3,24,0,24,0,52.71666666666667,586.5,3.0,7.21,75.0,2.0625,663.272,3.8480929264909847,0.75,0.4160887656033287,3.3
2022-10-12 07:00:00,7,32,1,9,21,1,0,4,23,0,23,0,53.71666666666667,664.0,3.0,7.21,80.0,2.07843137254902,659.8019999999999,4.487725381414702,0.8,0.5547850208044383,3.3125
2022-10-12 08:00:00,8,36,1,9,25,1,0,7,24,0,24,0,54.71666666666667,706.5,3.0,6.4,90.0,2.458333333333333,687.422,6.535069444444444,0.9,1.09375,3.2777777777777777
2022-10-12 09:00:00,9,35,1,9,24,1,0,6,25,0,25,0,55.71666666666667,682.0,3.0,6.4,87.5,2.555555555555556,704.317,5.955357142857142,0.875,0.9375,3.2857142857142856
2022-10-12 10:00:00,10,36,1,9,24,2,0,12,26,0,26,0,56.71666666666667,732.0,4.0,10.1,90.0,2.0892857142857144,725.502,6.78638613861386,0.9,1.1881188118811878,3.25
2022-10-12 11:00:00,11,38,1,11,23,3,0,9,28,0,28,0,57.71666666666667,751.5,4.0,10.1,95.0,2.583333333333333,762.232,6.007764460656591,0.95,0.891089108910891,3.263157894736842
2022-10-12 12:00:00,12,41,0,10,28,3,0,9,28,0,28,0,58.71666666666667,640.5,4.0,10.1,102.5,2.708333333333333,774.307,6.075404491668679,1.025,0.891089108910891,3.1707317073170733
2022-10-12 13:00:00,13,37,0,10,25,2,0,6,26,0,26,0,59.71666666666667,578.0,4.0,10.1,92.5,2.125,744.567,4.88562349478191,0.925,0.5940594059405939,3.216216216216216
2022-10-12 14:00:00,14,31,0,9,21,1,0,6,20,0,20,0,60.71666666666667,345.0,4.0,10.1,77.5,1.2625,656.937,4.460483870967742,0.775,0.5940594059405939,3.2580645161290325
2022-10-12 15:00:00,15,29,1,9,15,4,0,11,19,2,21,2,61.71666666666667,227.0,4.0,10.1,72.5,1.236842105263158,673.4236136034733,5.880215090474564,0.725,1.089108910891089,3.2413793103448274
2022-10-12 16:00:00,16,24,1,6,10,7,0,8,13,2,15,2,62.71666666666667,119.0,4.0,10.1,60.0,0.73,587.9386136034732,4.234240924092409,0.6,0.792079207920792,3.0416666666666665
2022-10-12 17:00:00,17,21,3,7,6,3,2,9,14,2,16,2,63.71666666666667,169.0,4.0,10.1,52.5,0.71875,600.5436136034732,4.652864214992927,0.525,0.891089108910891,3.2857142857142856
2022-10-12 18:00:00,18,22,2,7,11,2,0,7,18,0,18,0,64.71666666666667,215.5,4.0,10.1,55.00000000000001,0.8522727272727273,633.392,4.2377362736273625,0.55,0.693069306930693,3.409090909090909
2022-10-12 19:00:00,19,25,2,7,15,1,0,6,17,1,18,1,65.71666666666667,245.0,4.0,10.1,62.5,0.9659090909090908,646.3353068017366,4.144801980198019,0.625,0.5940594059405939,3.4
2022-10-12 20:00:00,20,23,3,4,14,2,0,8,12,1,13,1,66.71666666666667,172.0,4.0,11.989999999999998,57.49999999999999,0.7129629629629629,580.6853068017366,4.158745512564819,0.575,0.6672226855713095,3.347826086956522
2022-10-12 21:00:00,21,23,2,3,14,3,1,7,12,0,12,0,67.71666666666667,227.5,4.0,11.989999999999998,57.49999999999999,0.6339285714285714,572.057,3.577226493092069,0.575,0.5838198498748958,3.0869565217391304
2022-10-12 22:00:00,22,29,2,2,22,3,0,13,12,0,12,0,68.71666666666667,287.5,3.0,8.29,72.5,1.0714285714285714,590.567,7.1166860779501695,0.725,1.5681544028950545,3.103448275862069
2022-10-12 23:00:00,23,33,3,2,25,3,0,13,14,0,14,0,69.71666666666667,325.5,3.0,8.29,82.5,1.3333333333333333,631.587,7.542062360638958,0.825,1.5681544028950545,3.1515151515151514
2022-10-13 00:00:00,0,30,3,2,23,2,0,9,14,0,14,0,70.71666666666667,385.5,3.0,8.29,75.0,1.2307692307692308,630.7919999999999,5.874065138721352,0.75,1.0856453558504222,3.2
2022-10-13 01:00:00,1,32,3,3,24,2,0,6,16,0,16,0,71.71666666666667,373.0,3.0,8.29,80.0,1.4305555555555556,667.5219999999999,4.904613992762364,0.8,0.7237635705669482,3.21875
2022-10-13 02:00:00,2,30,3,3,23,1,0,3,16,0,16,0,72.71666666666667,433.0,3.0,8.29,75.0,1.3611111111111112,668.8720000000001,3.6321471652593487,0.75,0.3618817852834741,3.2666666666666666
2022-10-13 03:00:00,3,26,3,3,19,1,0,3,15,0,15,0,73.71666666666667,548.0,3.0,8.29,65.0,1.1466666666666667,652.5319999999999,3.3469935974761063,0.65,0.3618817852834741,3.3076923076923075
2022-10-13 04:00:00,4,26,3,3,19,1,0,3,15,0,15,0,74.71666666666667,608.0,3.0,8.29,65.0,1.1466666666666667,658.172,3.3469935974761063,0.65,0.3618817852834741,3.3076923076923075
2022-10-13 05:00:00,5,25,3,3,18,1,0,2,15,0,15,0,75.71666666666667,668.0,3.0,8.29,62.5,1.106666666666667,661.6669999999999,2.875965018094089,0.625,0.241254523522316,3.32
2022-10-13 06:00:00,6,27,3,3,20,1,0,3,15,0,15,0,76.71666666666667,728.0,3.0,8.29,67.5,1.1866666666666668,671.597,3.417869588527008,0.675,0.3618817852834741,3.2962962962962963
2022-10-13 07:00:00,7,30,3,3,22,2,0,6,17,0,17,0,77.71666666666667,678.0,3.0,8.29,75.0,1.4057971014492754,710.472,4.765168878166466,0.75,0.7237635705669482,3.2333333333333334
2022-10-13 08:00:00,8,28,3,3,21,1,0,1,17,0,17,0,78.71666666666667,738.0,3.0,6.8,70.0,1.3333333333333333,711.822,2.7831932773109243,0.7,0.1470588235294117,3.2857142857142856
2022-10-13 09:00:00,9,32,2,3,22,2,3,7,16,0,16,0,79.71666666666667,789.0,3.0,6.8,80.0,1.3194444444444444,712.642,5.431066176470589,0.8,1.0294117647058825,2.96875
2022-10-13 10:00:00,10,37,2,5,24,5,1,13,17,0,17,0,80.71666666666667,840.0,4.0,10.05,92.5,1.2282608695652173,742.4069999999999,6.775517681860964,0.925,1.2935323383084576,3.054054054054054
2022-10-13 11:00:00,11,33,1,7,22,2,1,11,17,1,18,1,81.71666666666667,633.5,4.0,10.05,82.5,1.181818181818182,753.7353068017367,6.049419568822553,0.825,1.0945273631840795,3.1515151515151514
2022-10-13 12:00:00,12,32,1,7,22,2,0,11,16,2,18,2,82.71666666666667,625.0,4.0,10.05,80.0,1.1704545454545454,758.0986136034733,6.098009950248756,0.8,1.0945273631840795,3.21875
2022-10-13 13:00:00,13,32,3,6,20,3,0,6,16,3,19,3,83.71666666666667,648.0,4.0,10.05,80.0,1.25,778.0069204052098,4.583955223880597,0.8,0.5970149253731343,3.28125
2022-10-13 14:00:00,14,28,2,6,18,2,0,9,13,3,16,3,84.71666666666667,184.0,4.0,10.05,70.0,0.9583333333333334,734.8669204052098,5.242430703624733,0.7,0.8955223880597014,3.2857142857142856
2022-10-13 15:00:00,15,35,2,7,22,4,0,13,11,3,14,3,85.71666666666667,235.5,4.0,10.05,87.5,1.0769230769230769,728.7219204052099,6.939303482587064,0.875,1.2935323383084576,3.2
2022-10-13 16:00:00,16,34,3,9,20,2,0,12,12,4,16,4,86.71666666666667,164.5,4.0,10.05,85.0,1.1979166666666667,759.8852272069464,6.913630377524144,0.85,1.1940298507462686,3.3823529411764706
2022-10-13 17:00:00,17,40,4,8,25,3,0,18,14,4,18,4,87.71666666666667,139.0,4.0,10.05,100.0,1.5113636363636365,805.1952272069465,9.280223880597015,1.0,1.7910447761194028,3.325
2022-10-13 18:00:00,18,37,3,10,22,2,0,9,14,3,17,3,88.71666666666667,175.0,4.0,10.05,92.5,1.358695652173913,790.1319204052098,6.150413473174667,0.925,0.8955223880597014,3.3783783783783785
2022-10-13 19:00:00,19,29,2,9,18,0,0,5,14,2,16,2,89.71666666666667,217.5,4.0,10.05,72.5,1.0416666666666667,764.3436136034732,4.21556013038257,0.725,0.4975124378109452,3.4482758620689653
2022-10-13 20:00:00,20,28,0,4,23,1,0,14,10,1,11,1,90.71666666666668,195.0,4.0,11.01,70.0,0.75,699.9703068017366,6.125953678474115,0.7,1.2715712988192551,3.107142857142857
2022-10-13 21:00:00,21,39,0,5,30,2,2,20,10,1,11,1,91.71666666666668,172.0,4.0,11.01,97.5,1.0,729.2053068017365,8.303013577400499,0.975,1.8165304268846505,2.9743589743589745
2022-10-13 22:00:00,22,44,0,5,34,4,1,15,12,0,12,0,92.71666666666668,209.5,3.0,7.76,110.0,1.5595238095238095,758.1020000000001,9.03003748828491,1.1,1.9329896907216493,2.977272727272727
2022-10-13 23:00:00,23,37,1,6,29,1,0,8,12,1,13,1,93.71666666666668,238.0,3.0,7.76,92.5,1.4567901234567902,762.9953068017367,6.237823906380608,0.925,1.0309278350515465,3.189189189189189
2022-10-14 00:00:00,0,33,1,6,25,1,0,7,12,1,13,1,94.71666666666668,298.0,3.0,7.76,82.5,1.308641975308642,760.0553068017366,5.547532021243361,0.825,0.9020618556701032,3.212121212121212
2022-10-14 01:00:00,1,28,1,6,18,3,0,3,12,1,13,1,95.71666666666668,358.0,3.0,7.76,70.0,1.0987654320987654,754.9703068017366,3.453829160530191,0.7,0.3865979381443299,3.1785714285714284
2022-10-14 02:00:00,2,29,1,5,18,4,1,7,12,1,13,1,96.71666666666668,418.0,3.0,7.76,72.5,1.0864197530864197,762.7553068017367,4.937291148240313,0.725,0.9020618556701032,3.034482758620689
2022-10-14 03:00:00,3,28,0,6,17,4,1,4,12,1,13,1,97.71666666666668,478.0,3.0,7.76,70.0,1.037037037037037,766.2503068017365,3.64639175257732,0.7,0.5154639175257733,3.0
2022-10-14 04:00:00,4,29,0,6,17,5,1,3,12,1,13,1,98.71666666666668,538.0,3.0,7.76,72.5,1.0617283950617284,774.0353068017366,3.296462851048702,0.725,0.3865979381443299,2.9655172413793105
2022-10-14 05:00:00,5,28,0,6,19,2,1,3,13,1,14,1,99.71666666666668,591.0,3.0,7.76,70.0,1.1025641025641026,790.9303068017366,3.3374079528718705,0.7,0.3865979381443299,3.071428571428572
2022-10-14 06:00:00,6,27,0,6,18,2,1,3,13,0,13,0,100.71666666666668,658.0,3.0,7.76,67.5,1.0246913580246917,780.157,3.263430698739977,0.675,0.3865979381443299,3.074074074074074
2022-10-14 07:00:00,7,29,0,6,19,3,1,5,15,0,15,0,101.71666666666668,704.0,3.0,7.76,72.5,1.1733333333333331,816.887,4.155207963028794,0.725,0.6443298969072165,3.034482758620689
2022-10-14 08:00:00,8,27,0,6,18,2,1,2,16,0,16,0,102.71666666666668,717.5,3.0,6.35,67.5,1.1527777777777777,831.637,3.043212306794984,0.675,0.3149606299212598,3.074074074074074
2022-10-14 09:00:00,9,32,0,6,24,1,1,11,16,0,16,0,103.71666666666668,691.5,3.0,6.35,80.0,1.375,848.002,7.834251968503938,0.8,1.7322834645669292,3.09375
2022-10-14 10:00:00,10,35,0,8,24,2,1,11,15,0,15,0,104.71666666666668,188.0,4.0,9.39,87.5,1.09,846.6769999999999,6.37325802525483,0.875,1.1714589989350372,3.1142857142857143
2022-10-14 11:00:00,11,34,1,6,26,1,0,12,14,1,15,1,105.71666666666668,131.0,4.0,9.39,85.0,1.09,851.0403068017365,6.821974252959969,0.85,1.2779552715654952,3.2058823529411766
2022-10-14 12:00:00,12,32,3,5,24,0,0,14,14,2,16,2,106.71666666666668,109.0,4.0,9.39,80.0,1.1145833333333333,866.6586136034732,7.660356762513312,0.8,1.490947816826411,3.34375
2022-10-14 13:00:00,13,31,3,4,23,0,1,10,17,3,20,3,107.71666666666668,138.0,4.0,9.39,77.5,1.2625,924.6219204052096,5.994717269572985,0.775,1.064962726304579,3.2580645161290325
2022-10-14 14:00:00,14,29,3,5,21,0,0,9,14,4,18,4,108.71666666666668,134.0,4.0,9.39,72.5,1.1136363636363635,900.0402272069464,5.688955602071169,0.725,0.9584664536741212,3.3793103448275863
2022-10-14 15:00:00,15,35,3,7,25,0,0,12,13,6,19,6,109.71666666666668,166.0,4.0,9.39,87.5,1.4047619047619049,933.6868408104197,7.258534915563668,0.875,1.2779552715654952,3.3714285714285714
2022-10-14 16:00:00,16,39,2,9,28,0,0,15,11,5,16,5,7.183333333333334,181.5,4.0,9.39,97.5,1.3541666666666667,322.9105340086831,8.574813631522897,0.975,1.5974440894568689,3.333333333333333
2022-10-14 17:00:00,17,46,3,10,30,3,0,13,16,5,21,5,8.183333333333334,161.0,4.0,9.39,115.0,1.986842105263158,410.5655340086831,8.319612677686715,1.15,1.384451544195953,3.282608695652174
2022-10-14 18:00:00,18,36,2,8,25,1,0,6,16,5,21,5,9.183333333333334,208.0,4.0,9.39,90.0,1.5657894736842106,394.7555340086831,5.087176073837416,0.9,0.6389776357827476,3.305555555555556
2022-10-14 19:00:00,19,34,1,6,23,4,0,12,13,3,16,3,10.183333333333334,227.5,4.0,9.39,85.0,1.1041666666666667,327.3689204052098,6.63421349370419,0.85,1.2779552715654952,3.117647058823529
2022-10-14 20:00:00,20,29,1,4,20,4,0,11,8,3,11,3,6.983333333333333,201.0,4.0,9.71,72.5,0.7672413793103449,231.59592040520985,5.701685961859441,0.725,1.132852729145211,3.0689655172413794
2022-10-14 21:00:00,21,33,1,4,22,5,1,12,9,3,12,3,7.983333333333333,250.5,4.0,9.71,82.5,0.875,259.21592040520983,6.120068345660518,0.825,1.2358393408856847,2.9696969696969697
2022-10-14 22:00:00,22,31,1,3,22,3,2,14,9,2,11,2,7.466666666666667,306.0,3.0,6.67,77.5,1.0459770114942528,237.74361360347325,8.436435411326594,0.775,2.098950524737631,2.935483870967742
2022-10-14 23:00:00,23,32,1,3,26,2,0,15,7,1,8,1,7.3,177.0,3.0,6.67,80.0,1.03125,197.88030680173665,9.432458770614693,0.8,2.2488755622188905,3.09375
2022-10-15 00:00:00,0,20,1,2,16,1,0,2,8,1,9,1,7.35,196.0,3.0,6.67,50.0,0.6774193548387096,185.8223068017366,2.519527736131934,0.5,0.2998500749625187,3.15
2022-10-15 01:00:00,1,13,0,2,11,0,0,1,7,1,8,1,8.35,250.5,3.0,6.67,32.5,0.4270833333333333,163.04730680173662,1.4978405028255102,0.325,0.1499250374812593,3.1538461538461537
2022-10-15 02:00:00,2,12,0,2,10,0,0,2,6,1,7,1,9.25,305.0,3.0,6.67,30.0,0.3838383838383838,152.5783068017366,1.8995252373813087,0.3,0.2998500749625187,3.1666666666666665
2022-10-15 03:00:00,3,12,0,3,9,0,0,2,5,2,7,2,10.25,363.0,3.0,6.67,30.0,0.3939393939393939,159.0866136034732,1.9495127436281856,0.3,0.2998500749625187,3.25
2022-10-15 04:00:00,4,11,0,3,8,0,0,2,5,1,6,1,11.25,429.5,3.0,6.67,27.500000000000004,0.3529411764705882,148.31330680173662,1.881327518059152,0.275,0.2998500749625187,3.272727272727273
2022-10-15 05:00:00,5,16,0,5,11,0,0,9,5,1,6,1,12.25,489.5,3.0,6.67,40.0,0.5196078431372549,164.6783068017366,5.794640179910044,0.4,1.3493253373313343,3.3125
2022-10-15 06:00:00,6,16,0,7,9,0,0,6,6,2,8,2,13.25,534.5,3.0,6.67,40.0,0.5729166666666666,197.9866136034732,4.467203898050975,0.4,0.8995502248875562,3.4375
2022-10-15 07:00:00,7,21,0,8,13,0,0,6,7,3,10,3,14.25,508.0,3.0,6.67,52.5,0.7888888888888889,242.01992040520983,4.816336474619833,0.525,0.8995502248875562,3.380952380952381
2022-10-15 08:00:00,8,19,0,8,11,0,0,3,7,3,10,3,15.25,568.0,3.0,8.32,47.5,0.7222222222222222,243.36992040520985,2.858552631578947,0.475,0.3605769230769231,3.421052631578948
2022-10-15 09:00:00,9,17,0,7,10,0,0,7,4,3,7,3,16.25,238.0,3.0,8.32,42.5,0.5858585858585859,204.5199204052098,4.320475113122171,0.425,0.8413461538461539,3.411764705882353
2022-10-15 10:00:00,10,30,1,7,21,1,0,15,6,3,9,3,17.1,214.0,4.0,12.02,75.0,0.7903225806451613,263.99892040520984,6.526539101497504,0.75,1.2479201331114809,3.2666666666666666
2022-10-15 11:00:00,11,28,1,8,17,2,0,11,6,3,9,3,18.1,258.0,4.0,12.02,70.0,0.7419354838709677,265.3489204052098,5.306893273116235,0.7,0.9151414309484194,3.2857142857142856
2022-10-15 12:00:00,12,29,1,7,20,1,0,13,6,3,9,3,19.1,155.0,4.0,12.02,72.5,0.7661290322580645,273.13392040520984,5.917945665270526,0.725,1.08153078202995,3.2758620689655173
2022-10-15 13:00:00,13,25,1,9,15,0,0,6,7,2,9,2,20.1,210.0,4.0,12.02,62.5,0.6935483870967742,269.32561360347324,3.867138103161398,0.625,0.4991680532445923,3.44
2022-10-15 14:00:00,14,17,0,6,10,0,1,6,3,2,5,2,15.6,119.0,4.0,12.02,42.5,0.3928571428571428,173.1856136034732,2.989955466379564,0.425,0.4991680532445923,3.235294117647059
2022-10-15 15:00:00,15,18,0,5,13,0,0,12,2,3,5,3,16.6,179.0,4.0,12.02,45.0,0.4214285714285714,181.83892040520985,4.747323904603438,0.45,0.9983361064891848,3.2777777777777777
2022-10-15 16:00:00,16,13,0,3,10,0,0,7,3,2,5,2,17.6,179.0,4.0,12.02,32.5,0.3,175.88561360347325,2.931479585306541,0.325,0.5823627287853578,3.230769230769231
2022-10-15 17:00:00,17,14,0,5,8,1,0,9,5,2,7,2,18.6,157.0,4.0,12.02,35.0,0.3484848484848485,210.47061360347325,3.610185405276919,0.35,0.7487520798668885,3.2857142857142856
2022-10-15 18:00:00,18,17,0,5,8,4,0,9,5,0,5,0,19.6,157.0,4.0,12.02,42.5,0.3714285714285714,194.009,3.5903004795928357,0.425,0.7487520798668885,3.0588235294117645
2022-10-15 19:00:00,19,21,0,3,14,4,0,10,7,0,7,0,20.6,133.0,4.0,12.02,52.5,0.4696969696969697,235.029,4.006223754060693,0.525,0.831946755407654,2.952380952380953
2022-10-15 20:00:00,20,21,0,2,17,2,0,13,8,0,8,0,21.6,92.5,4.0,10.1,52.5,0.4921875,254.069,5.4363861386138606,0.525,1.287128712871287,3.0
2022-10-15 21:00:00,21,21,0,2,18,1,0,10,8,0,8,0,22.6,152.0,4.0,10.1,52.5,0.5,259.709,4.617444601603017,0.525,0.99009900990099,3.0476190476190474
2022-10-15 22:00:00,22,18,0,4,14,0,0,5,9,0,9,0,23.6,138.0,3.0,6.4,45.0,0.6236559139784946,272.314,3.967361111111111,0.45,0.78125,3.2222222222222223
2022-10-15 23:00:00,23,21,0,4,15,2,0,10,9,0,9,0,24.6,198.0,3.0,6.4,52.5,0.6989247311827957,284.389,6.461309523809524,0.525,1.5625,3.095238095238096
2022-10-16 00:00:00,0,18,0,5,12,1,0,5,9,0,9,0,25.6,258.0,3.0,6.4,45.0,0.6236559139784946,283.594,3.967361111111111,0.45,0.78125,3.2222222222222223
2022-10-16 01:00:00,1,23,0,4,15,4,0,10,10,0,10,0,26.6,316.5,3.0,6.4,57.49999999999999,0.7666666666666667,313.359,6.4125000000000005,0.575,1.5625,3.0
2022-10-16 02:00:00,2,20,1,3,15,1,0,7,9,0,9,0,27.6,378.0,3.0,6.4,50.0,0.6881720430107527,299.164,5.1000000000000005,0.5,1.09375,3.2
2022-10-16 03:00:00,3,18,1,3,13,1,0,3,10,0,10,0,28.6,436.5,3.0,6.4,45.0,0.6444444444444445,313.914,2.9604166666666667,0.45,0.46875,3.2222222222222223
2022-10-16 04:00:00,4,18,0,5,12,1,0,5,10,1,11,1,29.6,495.0,3.0,6.4,45.0,0.6666666666666666,333.8223068017366,3.967361111111111,0.45,0.78125,3.2222222222222223
2022-10-16 05:00:00,5,19,0,6,12,1,0,4,11,1,12,1,30.6,532.5,3.0,6.4,47.5,0.7380952380952381,355.0073068017366,3.5894736842105264,0.475,0.625,3.263157894736842
2022-10-16 06:00:00,6,21,0,6,13,2,0,3,11,1,12,1,31.6,592.5,3.0,6.4,52.5,0.7976190476190477,364.9373068017366,3.1705357142857147,0.525,0.46875,3.1904761904761907
2022-10-16 07:00:00,7,18,0,5,12,1,0,2,10,0,10,0,32.6,676.5,3.0,6.4,45.0,0.6444444444444445,336.47400000000005,2.4569444444444444,0.45,0.3125,3.2222222222222223
2022-10-16 08:00:00,8,22,0,3,16,3,0,10,9,0,9,0,33.6,738.0,3.0,8.850000000000001,55.00000000000001,0.7096774193548387,337.294,5.039830508474576,0.55,1.1299435028248586,3.0
2022-10-16 09:00:00,9,18,0,2,15,1,0,7,8,0,8,0,34.6,408.0,3.0,8.850000000000001,45.0,0.5729166666666666,320.954,3.791823603264281,0.45,0.7909604519774011,3.055555555555556
2022-10-16 10:00:00,10,21,2,2,17,0,0,12,9,0,9,0,35.6,391.0,4.0,12.310000000000002,52.5,0.5564516129032258,346.429,4.927970871533016,0.525,0.9748172217709178,3.2857142857142856
2022-10-16 11:00:00,11,36,2,2,27,5,0,21,9,0,9,0,36.6,406.0,4.0,12.310000000000002,90.0,0.8790322580645161,384.244,7.890177362577849,0.9,1.705930138099106,3.0277777777777777
2022-10-16 12:00:00,12,35,2,3,22,8,0,20,11,0,11,0,37.6,226.0,4.0,12.310000000000002,87.5,0.896551724137931,414.539,7.427666241151213,0.875,1.6246953696181965,2.9714285714285715
2022-10-16 13:00:00,13,29,2,3,19,5,0,8,9,0,9,0,38.6,181.0,4.0,12.310000000000002,72.5,0.717741935483871,380.509,4.219453626151993,0.725,0.6498781478472785,3.0689655172413794
2022-10-16 14:00:00,14,24,2,3,15,4,0,13,8,0,8,0,39.6,188.5,4.0,12.310000000000002,60.0,0.5859375,362.024,5.175162469536961,0.6,1.0560519902518275,3.125
2022-10-16 15:00:00,15,33,3,2,20,8,0,25,8,0,8,0,40.6,206.5,4.0,12.310000000000002,82.5,0.7734375,386.9690000000001,8.567607636068235,0.825,2.030869212022745,3.0
2022-10-16 16:00:00,16,29,2,2,21,4,0,14,7,0,7,0,41.6,249.0,4.0,12.310000000000002,72.5,0.6742424242424242,370.629,5.715293845765987,0.725,1.137286758732737,3.0689655172413794
2022-10-16 17:00:00,17,22,2,2,16,1,1,7,8,0,8,0,42.6,245.5,4.0,12.310000000000002,55.00000000000001,0.5390625,374.654,3.5084724171036106,0.55,0.5686433793663687,3.136363636363636
2022-10-16 18:00:00,18,22,3,2,15,1,1,7,9,1,10,1,43.6,235.0,4.0,12.310000000000002,55.00000000000001,0.5916666666666667,407.96230680173664,3.61016726977328,0.55,0.5686433793663687,3.227272727272727
2022-10-16 19:00:00,19,24,2,1,18,2,1,15,8,1,9,1,44.6,87.0,4.0,12.310000000000002,60.0,0.5887096774193549,404.4923068017366,5.5313363119415095,0.6,1.2185215272136471,3.0416666666666665
2022-10-16 20:00:00,20,30,2,3,23,0,2,16,7,1,8,1,45.6,140.5,4.0,9.86,75.0,0.7265625,409.6023068017366,7.355425963488845,0.75,1.622718052738337,3.1
2022-10-16 21:00:00,21,28,2,1,24,1,0,16,8,1,9,1,11.716666666666669,194.0,4.0,9.86,70.0,0.7096774193548387,227.6103068017366,7.299971022891916,0.7,1.622718052738337,3.142857142857143
2022-10-16 22:00:00,22,26,2,1,23,0,0,10,10,0,10,0,12.716666666666669,192.5,3.0,6.4,65.0,0.9222222222222224,241.492,7.062980769230769,0.65,1.5625,3.1923076923076925
2022-10-16 23:00:00,23,28,2,1,21,3,1,16,11,0,11,0,13.716666666666669,87.0,3.0,6.4,70.0,0.9655172413793104,264.822,9.6,0.7,2.5,3.0
2022-10-17 00:00:00,0,24,2,3,17,2,0,7,11,1,12,1,14.716666666666669,131.5,3.0,6.4,60.0,0.9166666666666666,276.15030680173663,5.434114583333334,0.6,1.09375,3.208333333333333
2022-10-17 01:00:00,1,23,2,4,14,3,0,7,12,2,14,2,15.716666666666669,177.0,3.0,6.4,57.49999999999999,0.9487179487179488,307.3136136034732,5.369021739130435,0.575,1.09375,3.217391304347826
2022-10-17 02:00:00,2,19,2,3,13,1,0,4,12,1,13,1,16.716666666666665,247.0,3.0,6.4,47.5,0.7777777777777778,290.1053068017366,3.647368421052632,0.475,0.625,3.3157894736842106
2022-10-17 03:00:00,3,24,2,3,18,1,0,8,15,0,15,0,17.716666666666665,287.0,3.0,6.4,60.0,1.04,332.402,6.0125,0.6,1.25,3.25
2022-10-17 04:00:00,4,23,2,3,17,1,0,1,15,0,15,0,18.716666666666665,347.0,3.0,6.4,57.49999999999999,1.0,335.89699999999993,2.3845108695652173,0.575,0.15625,3.260869565217391
2022-10-17 05:00:00,5,23,3,2,17,1,0,3,15,0,15,0,19.716666666666665,407.0,3.0,6.4,57.49999999999999,1.0133333333333334,341.537,3.4489130434782607,0.575,0.46875,3.3043478260869565
2022-10-17 06:00:00,6,25,4,2,18,1,0,4,15,1,16,1,20.716666666666665,451.5,3.0,6.4,62.5,1.1666666666666667,365.7353068017366,4.2,0.625,0.625,3.36
2022-10-17 07:00:00,7,26,3,2,20,1,0,7,15,1,16,1,21.716666666666665,511.5,3.0,6.4,65.0,1.1805555555555556,373.5203068017366,5.700721153846153,0.65,1.09375,3.269230769230769
2022-10-17 08:00:00,8,28,4,2,21,1,0,5,15,2,17,2,22.716666666666665,556.0,3.0,6.43,70.0,1.3478260869565215,397.7186136034732,4.907759386802933,0.7,0.7776049766718507,3.321428571428572
2022-10-17 09:00:00,9,33,5,2,23,3,0,15,14,2,16,2,23.716666666666665,612.5,3.0,6.43,82.5,1.5,400.6836136034732,10.33466704368726,0.825,2.332814930015552,3.272727272727273
2022-10-17 10:00:00,10,37,4,4,24,5,0,13,16,1,17,1,24.716666666666665,98.0,4.0,9.68,92.5,1.2826086956521738,427.4353068017366,7.233002010274737,0.925,1.3429752066115703,3.189189189189189
2022-10-17 11:00:00,11,50,4,5,31,10,0,16,21,2,23,2,25.716666666666665,103.0,4.0,9.68,125.0,2.25,542.2286136034731,8.88285123966942,1.25,1.6528925619834711,3.06
2022-10-17 12:00:00,12,53,4,7,33,9,0,14,20,1,21,1,26.716666666666665,142.0,4.0,9.68,132.5,2.171052631578948,526.6353068017366,8.627572898799315,1.325,1.4462809917355373,3.1132075471698117
2022-10-17 13:00:00,13,53,4,7,31,11,0,13,22,1,23,1,27.716666666666665,195.0,4.0,9.68,132.5,2.397058823529412,559.0753068017366,8.205282239201622,1.325,1.3429752066115703,3.0754716981132075
2022-10-17 14:00:00,14,49,5,7,26,11,0,7,18,1,19,1,28.716666666666665,255.0,4.0,9.68,122.5,1.8214285714285716,502.5353068017366,6.082969303423849,1.225,0.7231404958677686,3.122448979591837
2022-10-17 15:00:00,15,35,2,3,23,7,0,12,15,0,15,0,27.066666666666663,286.0,4.0,9.68,87.5,1.05,408.731,6.3440082644628095,0.875,1.2396694214876034,3.0
2022-10-17 16:00:00,16,39,1,3,29,5,1,16,15,0,15,0,28.066666666666663,328.0,4.0,9.68,97.5,1.15,422.951,7.748913964823056,0.975,1.6528925619834711,2.948717948717949
2022-10-17 17:00:00,17,48,1,6,35,5,1,13,20,2,22,2,29.066666666666663,223.5,4.0,9.68,120.0,2.013888888888889,543.4326136034732,7.681904269972453,1.2,1.3429752066115703,3.020833333333333
2022-10-17 18:00:00,18,44,1,8,30,4,1,14,18,4,22,4,30.066666666666663,120.0,4.0,9.68,110.0,1.8888888888888888,542.2292272069465,7.870323065364388,1.1,1.4462809917355373,3.090909090909091
2022-10-17 19:00:00,19,40,0,10,24,5,1,9,17,6,23,6,31.066666666666663,156.0,4.0,9.68,100.0,1.8088235294117647,554.4258408104197,5.933987603305785,1.0,0.9297520661157024,3.075
2022-10-17 20:00:00,20,45,0,12,25,7,1,17,14,6,20,6,32.06666666666667,198.5,4.0,11.09,112.5,1.725,530.5908408104196,8.150931770363691,1.125,1.532912533814247,3.066666666666667
2022-10-17 21:00:00,21,43,0,11,24,6,2,9,13,5,18,5,33.06666666666667,255.0,4.0,11.09,107.5,1.4772727272727273,504.2725340086831,5.703498857130874,1.075,0.8115419296663661,3.0232558139534884
2022-10-17 22:00:00,22,36,0,9,24,2,1,9,8,4,12,4,34.06666666666667,270.0,3.0,7.84,90.0,1.3452380952380951,413.6292272069464,6.428316326530612,0.9,1.1479591836734695,3.138888888888889
2022-10-17 23:00:00,23,36,0,8,26,1,1,11,10,3,13,3,7.933333333333334,321.0,3.0,7.84,90.0,1.3950617283950617,278.7689204052099,7.22905328798186,0.9,1.403061224489796,3.138888888888889
2022-10-18 00:00:00,0,28,0,6,20,2,0,3,10,1,11,1,8.933333333333334,399.0,3.0,7.84,70.0,1.011494252873563,238.71230680173664,3.4026239067055397,0.7,0.3826530612244898,3.142857142857143
2022-10-18 01:00:00,1,29,0,6,20,3,0,8,12,1,13,1,8.933333333333334,392.0,3.0,7.84,72.5,1.1111111111111112,267.65730680173664,5.416783954961295,0.725,1.020408163265306,3.103448275862069
2022-10-18 02:00:00,2,25,0,6,16,3,0,4,12,0,12,0,9.933333333333334,363.0,3.0,7.84,62.5,0.9285714285714286,250.449,3.5418367346938773,0.625,0.5102040816326531,3.12
2022-10-18 03:00:00,3,28,1,7,17,3,0,6,14,0,14,0,10.933333333333334,315.0,3.0,7.84,70.0,1.1538461538461535,289.324,4.709912536443149,0.7,0.7653061224489796,3.2142857142857144
2022-10-18 04:00:00,4,30,1,7,19,3,0,7,14,0,14,0,11.933333333333334,375.0,3.0,7.84,75.0,1.2307692307692308,299.254,5.257142857142857,0.75,0.8928571428571429,3.2
2022-10-18 05:00:00,5,31,1,8,20,2,0,3,15,0,15,0,12.933333333333334,416.0,3.0,7.84,77.5,1.346666666666667,320.439,3.771708360763661,0.775,0.3826530612244898,3.2580645161290325
2022-10-18 06:00:00,6,29,1,8,17,2,1,2,15,0,15,0,13.933333333333334,476.0,3.0,7.84,72.5,1.24,321.789,3.143085855031668,0.725,0.2551020408163265,3.206896551724138
2022-10-18 07:00:00,7,25,1,7,15,2,0,1,14,0,14,0,14.933333333333334,555.0,3.0,7.84,62.5,1.051282051282051,305.449,2.4683673469387752,0.625,0.1275510204081632,3.28
2022-10-18 08:00:00,8,26,1,8,16,1,0,4,15,0,15,0,15.933333333333334,596.0,3.0,6.57,65.0,1.16,326.634,4.212232174218475,0.65,0.60882800608828,3.3461538461538463
2022-10-18 09:00:00,9,26,1,8,15,2,0,4,13,0,13,0,16.933333333333334,646.0,3.0,6.57,65.0,1.0617283950617284,305.47400000000005,4.163815712445849,0.65,0.60882800608828,3.3076923076923075
2022-10-18 10:00:00,10,36,1,7,27,1,0,17,17,0,17,0,17.933333333333334,403.0,4.0,9.89,90.0,1.2608695652173914,386.164,8.438703516458824,0.9,1.7189079878665317,3.2222222222222223
2022-10-18 11:00:00,11,32,1,7,21,3,0,7,17,0,17,0,18.933333333333334,226.0,4.0,9.89,80.0,1.108695652173913,383.224,4.806066734074824,0.8,0.7077856420626896,3.1875
2022-10-18 12:00:00,12,39,2,8,23,6,0,18,17,0,17,0,18.65,166.0,4.0,9.89,97.5,1.3369565217391304,396.641,8.815063778486428,0.975,1.820020222446916,3.1538461538461537
2022-10-18 13:00:00,13,31,2,8,20,1,0,6,17,0,17,0,12.933333333333334,188.0,4.0,9.89,77.5,1.1304347826086956,347.23900000000003,4.635291431553541,0.775,0.6066734074823054,3.3548387096774195
2022-10-18 14:00:00,14,29,2,7,19,1,0,6,18,0,18,0,13.933333333333334,191.0,4.0,9.89,72.5,1.1022727272727273,361.989,4.454217949164952,0.725,0.6066734074823054,3.3448275862068964
2022-10-18 15:00:00,15,29,2,7,20,0,0,7,19,0,19,0,14.933333333333334,209.0,4.0,9.89,72.5,1.1666666666666667,381.029,4.841827342142882,0.725,0.7077856420626896,3.3793103448275863
2022-10-18 16:00:00,16,38,3,7,26,2,0,18,17,2,19,2,15.933333333333334,231.0,4.0,9.89,95.0,1.488095238095238,407.7106136034732,9.111908626470116,0.95,1.820020222446916,3.289473684210526
2022-10-18 17:00:00,17,36,3,8,25,0,0,12,18,3,21,3,16.933333333333334,252.0,4.0,9.89,90.0,1.605263157894737,436.7289204052099,7.161897539602292,0.9,1.2133468149646107,3.388888888888889
2022-10-18 18:00:00,18,34,3,8,23,0,0,5,17,3,20,3,17.933333333333334,288.5,4.0,9.89,85.0,1.45,424.67892040520985,4.62485576637126,0.85,0.5055611729019212,3.411764705882353
2022-10-18 19:00:00,19,32,4,6,22,0,0,6,15,3,18,3,18.316666666666663,286.0,4.0,9.89,80.0,1.25,395.75092040520985,4.835439838220425,0.8,0.6066734074823054,3.4375
2022-10-18 20:00:00,20,34,3,5,26,0,0,11,13,3,16,3,19.316666666666663,306.0,4.0,10.65,85.0,1.1770833333333333,378.88092040520985,6.257753383043358,0.85,1.0328638497652582,3.323529411764706
2022-10-18 21:00:00,21,39,3,6,28,1,1,17,17,1,18,1,20.316666666666663,301.5,4.0,10.65,97.5,1.431818181818182,420.3093068017366,8.307096424702058,0.975,1.596244131455399,3.230769230769231
2022-10-18 22:00:00,22,36,3,6,27,0,0,11,17,2,19,2,21.316666666666663,193.0,3.0,7.33,90.0,1.9047619047619049,433.7826136034733,8.002273760800364,0.9,1.500682128240109,3.333333333333333
2022-10-18 23:00:00,23,37,2,6,27,1,1,12,14,2,16,2,22.316666666666663,173.0,3.0,7.33,92.5,1.6388888888888888,401.3676136034732,8.171046421592125,0.925,1.6371077762619373,3.189189189189189
2022-10-19 00:00:00,0,36,2,7,26,1,0,10,16,1,17,1,23.316666666666663,228.0,3.0,7.33,90.0,1.710144927536232,417.3943068017367,7.42172957404881,0.9,1.364256480218281,3.2777777777777777
2022-10-19 01:00:00,1,32,2,7,23,0,0,8,15,1,16,1,24.316666666666663,293.0,3.0,7.33,80.0,1.4861111111111112,401.05430680173663,6.324386084583902,0.8,1.0914051841746248,3.34375
2022-10-19 02:00:00,2,26,2,5,19,0,0,2,15,0,15,0,25.316666666666663,358.0,3.0,7.33,65.0,1.16,379.556,3.088002413684542,0.65,0.2728512960436562,3.3461538461538463
2022-10-19 03:00:00,3,27,2,5,20,0,0,4,15,0,15,0,26.316666666666663,418.0,3.0,7.33,67.5,1.2,387.341,4.069008640291042,0.675,0.5457025920873124,3.333333333333333
2022-10-19 04:00:00,4,26,2,5,19,0,0,2,15,0,15,0,27.316666666666663,478.0,3.0,7.33,65.0,1.16,390.836,3.088002413684542,0.65,0.2728512960436562,3.3461538461538463
2022-10-19 05:00:00,5,24,2,5,17,0,0,1,15,0,15,0,28.316666666666663,538.0,3.0,7.33,60.0,1.08,392.186,2.48543656207367,0.6,0.1364256480218281,3.375
2022-10-19 06:00:00,6,26,2,5,19,0,0,2,15,0,15,0,29.316666666666663,598.0,3.0,7.33,65.0,1.16,402.116,3.088002413684542,0.65,0.2728512960436562,3.3461538461538463
2022-10-19 07:00:00,7,30,2,5,23,0,0,6,16,0,16,0,30.316666666666663,653.0,3.0,7.33,75.0,1.375,429.736,5.176227830832196,0.75,0.8185538881309686,3.3
2022-10-19 08:00:00,8,34,3,4,27,0,0,10,20,0,20,0,31.316666666666663,667.0,3.0,6.51,85.0,1.8666666666666667,497.556,7.860088551549652,0.85,1.5360983102918588,3.294117647058824
2022-10-19 09:00:00,9,36,3,4,29,0,0,4,19,0,19,0,32.31666666666667,734.0,3.0,6.51,90.0,1.873015873015873,494.086,4.963995562382659,0.9,0.6144393241167435,3.2777777777777777
2022-10-19 10:00:00,10,41,3,5,32,1,0,11,21,0,21,0,33.31666666666667,765.0,4.0,9.83,102.5,1.75,537.251,6.95500272932536,1.025,1.1190233977619533,3.2439024390243905
2022-10-19 11:00:00,11,48,4,10,34,0,0,13,28,0,28,0,34.31666666666667,254.5,4.0,9.83,120.0,3.375,651.706,8.513377416073245,1.2,1.3224821973550356,3.375
2022-10-19 12:00:00,12,47,3,11,32,0,1,12,25,1,26,1,26.816666666666663,310.0,4.0,9.83,117.5,2.7857142857142856,581.3293068017366,7.951860349343089,1.175,1.2207527975584944,3.3191489361702127
2022-10-19 13:00:00,13,50,4,14,30,2,0,15,28,1,29,1,27.816666666666663,329.0,4.0,9.83,125.0,3.863636363636364,633.6043068017366,9.438199389623602,1.25,1.525940996948118,3.4
2022-10-19 14:00:00,14,45,3,13,28,1,0,10,24,1,25,1,28.816666666666663,230.0,4.0,9.83,112.5,2.55,574.9193068017365,7.283799593082401,1.125,1.017293997965412,3.4
2022-10-19 15:00:00,15,45,3,12,29,1,0,7,22,1,23,1,29.816666666666663,261.0,4.0,9.83,112.5,2.235294117647059,553.7593068017366,6.205335141855996,1.125,0.7121057985757884,3.3777777777777778
2022-10-19 16:00:00,16,35,4,9,22,0,0,9,16,2,18,2,22.58333333333333,209.0,4.0,9.83,87.5,1.3863636363636365,425.3816136034733,6.241396599331492,0.875,0.9155645981688708,3.4857142857142858
2022-10-19 17:00:00,17,34,3,10,21,0,0,7,19,2,21,2,23.58333333333333,209.0,4.0,9.83,85.0,1.5526315789473684,469.0766136034732,5.421426006821855,0.85,0.7121057985757884,3.4705882352941178
2022-10-19 18:00:00,18,34,4,8,22,0,0,9,18,1,19,1,24.58333333333333,233.0,4.0,9.83,85.0,1.4047619047619049,447.0483068017365,6.1275477230566695,0.85,0.9155645981688708,3.4705882352941178
2022-10-19 19:00:00,19,31,4,5,22,0,0,7,16,1,17,1,25.58333333333333,226.0,4.0,9.83,77.5,1.1521739130434785,419.45330680173663,5.08494240803334,0.775,0.7121057985757884,3.419354838709677
2022-10-19 20:00:00,20,29,3,5,21,0,0,11,14,0,14,0,26.58333333333333,266.5,4.0,9.87,72.5,0.9423076923076924,379.735,6.216202005380289,0.725,1.1144883485309018,3.3793103448275863
2022-10-19 21:00:00,21,30,3,5,21,1,0,11,13,0,13,0,27.58333333333333,298.0,4.0,9.87,75.0,0.925925925925926,374.12,6.214961161769673,0.75,1.1144883485309018,3.333333333333333
2022-10-19 22:00:00,22,32,2,4,22,3,1,11,12,0,12,0,28.58333333333333,362.5,3.0,6.55,80.0,1.1785714285714286,370.65,7.670610687022902,0.8,1.6793893129770994,3.09375
2022-10-19 23:00:00,23,23,2,3,18,0,0,6,10,0,10,0,29.58333333333333,422.5,3.0,6.55,57.49999999999999,0.8444444444444444,330.18499999999995,4.926883504812479,0.575,0.916030534351145,3.3043478260869565
2022-10-20 00:00:00,0,23,2,2,19,0,0,10,12,0,12,0,30.58333333333333,473.0,3.0,6.55,57.49999999999999,0.8928571428571429,362.625,6.853426817125788,0.575,1.5267175572519085,3.260869565217391
2022-10-20 01:00:00,1,22,3,4,15,0,0,7,13,2,15,2,31.58333333333333,489.0,3.0,6.55,55.00000000000001,1.0133333333333334,408.0566136034733,5.591880638445524,0.55,1.068702290076336,3.4545454545454546
2022-10-20 02:00:00,2,28,4,7,17,0,0,7,14,4,18,4,32.583333333333336,330.5,3.0,6.55,70.0,1.5,468.50322720694646,6.253625954198473,0.7,1.068702290076336,3.5357142857142856
2022-10-20 03:00:00,3,24,2,6,16,0,0,2,15,2,17,2,33.583333333333336,416.0,3.0,6.55,60.0,1.1884057971014492,450.4266136034733,3.0932569974554704,0.6,0.3053435114503817,3.4166666666666665
2022-10-20 04:00:00,4,25,2,5,17,1,0,5,14,1,15,1,34.583333333333336,669.0,3.0,6.55,62.5,1.106666666666667,430.5433068017367,4.609351145038168,0.625,0.7633587786259542,3.32
2022-10-20 05:00:00,5,24,1,4,17,2,0,2,14,0,14,0,35.583333333333336,632.5,3.0,6.55,60.0,0.9743589743589745,419.77,2.8669211195928748,0.6,0.3053435114503817,3.1666666666666665
2022-10-20 06:00:00,6,23,1,4,17,1,0,2,14,0,14,0,36.583333333333336,692.5,3.0,6.55,57.49999999999999,0.9487179487179488,423.265,2.832409558579489,0.575,0.3053435114503817,3.217391304347826
2022-10-20 07:00:00,7,26,2,4,19,1,0,3,16,0,16,0,37.583333333333336,630.5,3.0,6.55,65.0,1.1805555555555556,462.14,3.622357604227833,0.65,0.4580152671755725,3.269230769230769
2022-10-20 08:00:00,8,27,3,6,17,1,0,6,17,3,20,3,38.583333333333336,507.0,3.0,6.65,67.5,1.5333333333333334,526.1299204052099,5.374352548036758,0.675,0.9022556390977444,3.4074074074074074
2022-10-20 09:00:00,9,31,3,7,20,1,0,7,15,3,18,3,39.583333333333336,567.0,3.0,6.65,77.5,1.5909090909090908,513.5499204052098,6.190365025466893,0.775,1.0526315789473684,3.3870967741935485
2022-10-20 10:00:00,10,30,1,6,23,0,0,9,15,1,16,1,40.583333333333336,543.5,4.0,9.9,75.0,1.0208333333333333,488.5083068017366,5.41969696969697,0.75,0.9090909090909092,3.2666666666666666
2022-10-20 11:00:00,11,39,1,6,32,0,0,14,19,1,20,1,41.583333333333336,335.0,4.0,9.9,97.5,1.5625,567.0533068017367,7.657504532504532,0.975,1.414141414141414,3.2051282051282053
2022-10-20 12:00:00,12,33,1,6,26,0,0,5,21,1,22,1,42.583333333333336,323.5,4.0,9.9,82.5,1.4861111111111112,586.6233068017366,4.3125880012243645,0.825,0.5050505050505051,3.242424242424242
2022-10-20 13:00:00,13,29,1,5,23,0,0,7,15,1,16,1,43.583333333333336,193.5,4.0,9.9,72.5,0.9791666666666666,503.2833068017367,4.641884360849878,0.725,0.7070707070707071,3.2413793103448274
2022-10-20 14:00:00,14,31,2,5,24,0,0,9,14,0,14,0,44.583333333333336,224.5,4.0,9.9,77.5,0.9807692307692308,485.545,5.541202346041056,0.775,0.9090909090909092,3.290322580645161
2022-10-20 15:00:00,15,30,1,5,24,0,0,11,10,0,10,0,45.583333333333336,241.0,4.0,9.9,75.0,0.8083333333333333,435.44,6.017592592592593,0.75,1.1111111111111112,3.2333333333333334
2022-10-20 16:00:00,16,22,1,1,20,0,0,5,9,0,9,0,46.583333333333336,173.0,4.0,9.9,55.00000000000001,0.5564516129032258,410.52,3.309022038567493,0.55,0.5050505050505051,3.136363636363636
2022-10-20 17:00:00,17,23,2,1,19,1,0,7,10,1,11,1,47.583333333333336,91.0,4.0,9.9,57.49999999999999,0.6293103448275862,445.9733068017366,4.069180939833113,0.575,0.7070707070707071,3.1739130434782608
2022-10-20 18:00:00,18,25,2,0,23,0,0,5,12,1,13,1,48.583333333333336,144.0,4.0,9.9,62.5,0.7314814814814815,482.70330680173663,3.570959595959597,0.625,0.5050505050505051,3.16
2022-10-20 19:00:00,19,29,2,0,26,1,0,8,13,0,13,0,49.583333333333336,204.0,4.0,9.9,72.5,0.8333333333333334,496.05500000000006,4.757836990595611,0.725,0.8080808080808081,3.103448275862069
2022-10-20 20:00:00,20,30,1,0,28,1,0,14,12,0,12,0,50.583333333333336,241.5,4.0,9.7,75.0,0.8125,490.44000000000005,6.6530068728522345,0.75,1.4432989690721651,3.033333333333333
2022-10-20 21:00:00,21,32,2,1,29,0,0,9,14,1,15,1,51.583333333333336,235.0,4.0,9.7,80.0,1.01,541.4383068017366,5.453479381443299,0.8,0.9278350515463918,3.15625
2022-10-20 22:00:00,22,38,2,2,31,3,0,13,14,1,15,1,52.583333333333336,160.0,3.0,6.449999999999999,95.0,1.56,559.9483068017366,9.13063035495716,0.95,2.0155038759689923,3.0789473684210527
2022-10-20 23:00:00,23,36,1,2,31,2,0,9,13,0,13,0,53.583333333333336,220.0,3.0,6.449999999999999,90.0,1.3580246913580247,533.63,7.013565891472869,0.9,1.3953488372093026,3.055555555555556
2022-10-21 00:00:00,0,28,1,2,24,1,0,6,11,0,11,0,54.583333333333336,280.0,3.0,6.449999999999999,70.0,1.0,495.31000000000006,5.065365448504983,0.7,0.930232558139535,3.107142857142857
2022-10-21 01:00:00,1,22,1,1,20,0,0,2,11,0,11,0,55.583333333333336,340.0,3.0,6.449999999999999,55.00000000000001,0.7931034482758621,488.08,2.697515856236787,0.55,0.310077519379845,3.136363636363636
2022-10-21 02:00:00,2,27,2,1,24,0,0,5,11,0,11,0,56.583333333333336,400.0,3.0,6.449999999999999,67.5,0.9885057471264368,504.445,4.619135802469136,0.675,0.7751937984496124,3.185185185185185
2022-10-21 03:00:00,3,27,2,1,23,1,0,4,11,0,11,0,57.583333333333336,460.0,3.0,6.449999999999999,67.5,0.9770114942528736,510.085,4.077339936836061,0.675,0.62015503875969,3.1481481481481484
2022-10-21 04:00:00,4,26,2,2,22,0,0,6,10,1,11,1,58.583333333333336,475.0,3.0,6.449999999999999,65.0,0.9655172413793104,514.4483068017366,5.10536672629696,0.65,0.930232558139535,3.230769230769231
2022-10-21 05:00:00,5,24,2,2,20,0,0,1,10,1,11,1,59.583333333333336,526.0,3.0,6.449999999999999,60.0,0.896551724137931,515.7983068017367,2.453875968992248,0.6,0.1550387596899225,3.25
2022-10-21 06:00:00,6,20,2,2,16,0,0,0,10,1,11,1,60.583333333333336,586.0,3.0,6.449999999999999,50.0,0.7586206896551724,512.8583068017366,1.65,0.5,0.0,3.3
2022-10-21 07:00:00,7,22,2,2,18,0,0,4,11,1,12,1,61.583333333333336,626.0,3.0,6.449999999999999,55.00000000000001,0.8571428571428571,536.1883068017366,3.829598308668076,0.55,0.62015503875969,3.272727272727273
2022-10-21 08:00:00,8,22,2,2,18,0,0,4,12,1,13,1,21.73333333333333,666.0,3.0,8.59,55.00000000000001,0.8888888888888888,324.8343068017366,3.323970790559848,0.55,0.4656577415599534,3.272727272727273
2022-10-21 09:00:00,9,21,2,3,16,0,0,8,13,0,13,0,22.73333333333333,726.0,3.0,8.59,52.5,0.8641975308641975,327.461,4.854384943733023,0.525,0.9313154831199068,3.333333333333333
2022-10-21 10:00:00,10,30,2,5,23,0,0,11,16,0,16,0,23.73333333333333,504.5,4.0,11.91,75.0,1.03125,392.606,5.522858942065491,0.75,0.9235936188077246,3.3
2022-10-21 11:00:00,11,35,2,7,26,0,0,13,18,0,18,0,24.73333333333333,249.5,4.0,11.91,87.5,1.318181818181818,435.7710000000001,6.517608252368958,0.875,1.09151973131822,3.3142857142857145
2022-10-21 12:00:00,12,44,3,9,29,3,0,12,19,0,19,0,25.73333333333333,292.0,4.0,11.91,110.0,1.7142857142857142,474.116,6.897458209297001,1.1,1.0075566750629723,3.272727272727273
2022-10-21 13:00:00,13,40,3,10,27,0,0,8,18,0,18,0,26.73333333333333,294.5,4.0,11.91,100.0,1.5454545454545454,457.776,5.683795130142737,1.0,0.6717044500419815,3.4
2022-10-21 14:00:00,14,42,3,10,29,0,0,14,16,1,17,1,27.683333333333334,208.0,4.0,11.91,105.0,1.5434782608695652,454.8923068017366,7.5242513294150575,1.05,1.1754827875734677,3.380952380952381
2022-10-21 15:00:00,15,42,2,8,31,1,0,13,8,1,9,1,28.683333333333334,126.0,4.0,11.91,105.0,1.1048387096774193,353.33230680173665,6.985433409299908,1.05,1.09151973131822,3.261904761904762
2022-10-21 16:00:00,16,38,2,8,28,0,0,9,8,3,11,3,29.683333333333334,157.0,4.0,11.91,95.0,1.0862068965517242,378.92892040520985,5.655634362985549,0.95,0.7556675062972292,3.3157894736842106
2022-10-21 17:00:00,17,38,2,7,29,0,0,14,8,3,11,3,30.683333333333334,195.0,4.0,11.91,95.0,1.0775862068965518,384.5689204052098,6.991719695965354,0.95,1.1754827875734677,3.289473684210526
2022-10-21 18:00:00,18,34,1,6,26,1,0,9,8,2,10,2,31.683333333333334,194.5,4.0,11.91,85.0,0.9083333333333332,367.3606136034732,5.147581123129353,0.85,0.7556675062972292,3.2058823529411766
2022-10-21 19:00:00,19,29,0,6,22,1,0,8,8,2,10,2,32.68333333333333,192.5,4.0,11.91,72.5,0.7666666666666667,362.2756136034732,4.430924462202149,0.725,0.6717044500419815,3.1724137931034484
2022-10-21 20:00:00,20,28,0,4,24,0,0,12,8,2,10,2,33.68333333333333,130.0,4.0,9.94,70.0,0.7333333333333333,365.7706136034732,5.994193733831561,0.7,1.2072434607645877,3.142857142857143
2022-10-21 21:00:00,21,24,0,3,21,0,0,7,8,2,10,2,34.68333333333333,149.0,4.0,9.94,60.0,0.625,362.8306136034732,4.075704225352113,0.6,0.7042253521126761,3.125
2022-10-21 22:00:00,22,26,1,8,17,0,0,12,11,3,14,3,35.68333333333333,171.5,3.0,6.619999999999999,65.0,1.1282051282051282,427.2289204052098,8.335254473623054,0.65,1.812688821752266,3.3846153846153846
2022-10-21 23:00:00,23,25,3,8,14,0,0,9,8,3,11,3,36.68333333333333,104.0,3.0,6.619999999999999,62.5,1.0229885057471264,390.5239204052098,7.064879154078551,0.625,1.3595166163141996,3.56
2022-10-22 00:00:00,0,24,4,6,12,2,0,6,8,4,12,4,37.68333333333333,154.5,3.0,6.619999999999999,60.0,1.0,408.28722720694645,5.272205438066465,0.6,0.906344410876133,3.5
2022-10-22 01:00:00,1,21,4,7,10,0,0,5,8,3,11,3,38.68333333333333,213.0,3.0,6.619999999999999,52.5,0.896551724137931,393.2239204052098,4.755351747949936,0.525,0.7552870090634441,3.7142857142857135
2022-10-22 02:00:00,2,17,4,5,8,0,0,2,8,3,11,3,39.68333333333333,273.0,3.0,6.619999999999999,42.5,0.735632183908046,390.2839204052098,2.737373378354363,0.425,0.3021148036253777,3.764705882352941
2022-10-22 03:00:00,3,19,4,5,10,0,0,5,9,2,11,2,40.68333333333333,333.0,3.0,6.619999999999999,47.5,0.8045977011494253,399.3456136034732,4.53263634918111,0.475,0.7552870090634441,3.684210526315789
2022-10-22 04:00:00,4,18,4,4,10,0,0,2,10,2,12,2,41.68333333333333,382.0,3.0,6.619999999999999,45.0,0.7857142857142857,416.2406136034732,2.7577542799597183,0.45,0.3021148036253777,3.6666666666666665
2022-10-22 05:00:00,5,19,4,4,11,0,0,2,11,2,13,2,42.68333333333333,431.0,3.0,6.619999999999999,47.5,0.8518518518518519,437.4256136034732,2.8221537605342664,0.475,0.3021148036253777,3.631578947368421
2022-10-22 06:00:00,6,18,4,4,10,0,0,1,11,2,13,2,43.68333333333333,463.0,3.0,6.619999999999999,45.0,0.8148148148148148,440.9206136034732,2.203877139979859,0.45,0.1510574018126888,3.6666666666666665
2022-10-22 07:00:00,7,22,4,4,13,1,0,5,13,2,15,2,44.68333333333333,512.0,3.0,6.619999999999999,55.00000000000001,1.0266666666666666,481.9406136034732,4.568504531722054,0.55,0.7552870090634441,3.5
2022-10-22 08:00:00,8,18,3,3,12,0,0,2,13,1,14,1,45.68333333333333,577.5,3.0,7.01,45.0,0.8076923076923077,464.7323068017365,2.5735734664764625,0.45,0.2853067047075606,3.5
2022-10-22 09:00:00,9,23,3,3,16,1,0,10,13,1,14,1,46.68333333333333,520.0,3.0,7.01,57.49999999999999,0.9871794871794872,481.0973068017366,6.700786144017863,0.575,1.4265335235378032,3.347826086956522
2022-10-22 10:00:00,10,26,3,2,18,3,0,9,13,1,14,1,47.68333333333333,424.5,4.0,10.71,65.0,0.7980769230769231,493.17230680173657,4.757611506140918,0.65,0.8403361344537814,3.1923076923076925
2022-10-22 11:00:00,11,35,4,4,21,5,1,17,13,3,16,3,48.68333333333333,132.5,4.0,10.71,87.5,1.1458333333333333,546.6539204052099,7.738662131519273,0.875,1.5873015873015872,3.142857142857143
2022-10-22 12:00:00,12,33,3,7,18,4,1,9,15,3,18,3,49.68333333333333,120.5,4.0,10.71,82.5,1.2045454545454546,574.8039204052097,5.3492615227909335,0.825,0.8403361344537814,3.212121212121212
2022-10-22 13:00:00,13,28,3,4,21,0,0,12,13,2,15,2,50.68333333333333,130.0,4.0,10.71,70.0,0.94,528.6506136034732,6.111504601840736,0.7,1.1204481792717087,3.357142857142857
2022-10-22 14:00:00,14,28,1,5,21,1,0,10,11,1,12,1,15.533333333333331,170.0,4.0,10.71,70.0,0.8035714285714286,289.3363068017366,5.251200480192077,0.7,0.9337068160597572,3.2142857142857144
2022-10-22 15:00:00,15,21,0,6,12,3,0,7,8,1,9,1,13.5,198.0,4.0,10.71,52.5,0.532258064516129,222.65330680173665,3.704154995331465,0.525,0.65359477124183,3.142857142857143
2022-10-22 16:00:00,16,23,0,5,15,3,0,14,8,0,8,0,5.05,215.5,4.0,10.71,57.49999999999999,0.5546875,165.017,5.810237283319124,0.575,1.30718954248366,3.0869565217391304
2022-10-22 17:00:00,17,23,0,5,17,1,0,9,6,0,6,0,5.3,156.5,4.0,10.71,57.49999999999999,0.5367647058823529,139.627,4.492153818048958,0.575,0.8403361344537814,3.1739130434782608
2022-10-22 18:00:00,18,19,0,5,14,0,0,6,7,0,7,0,6.3,185.0,4.0,10.71,47.5,0.4696969696969697,150.087,3.3780996609169978,0.475,0.5602240896358543,3.263157894736842
2022-10-22 19:00:00,19,20,1,5,14,0,0,8,7,1,8,1,7.3,199.5,4.0,10.71,50.0,0.5234375,172.1403068017366,4.177334267040149,0.5,0.7469654528478057,3.35
2022-10-22 20:00:00,20,18,0,3,13,1,1,9,7,0,7,0,8.3,88.0,4.0,11.94,45.0,0.4090909090909091,159.222,3.611306532663316,0.45,0.7537688442211055,3.0
2022-10-22 21:00:00,21,24,0,4,18,2,0,14,6,0,6,0,7.133333333333334,92.0,4.0,11.94,60.0,0.5441176470588235,152.112,5.465298715801229,0.6,1.1725293132328307,3.083333333333333
2022-10-22 22:00:00,22,26,1,4,20,1,0,11,7,0,7,0,8.133333333333333,146.0,3.0,8.24,65.0,0.8383838383838383,175.44199999999998,6.336575802837939,0.65,1.3349514563106797,3.1923076923076925
2022-10-22 23:00:00,23,23,1,3,16,1,2,11,9,0,9,0,9.133333333333333,190.0,3.0,8.24,57.49999999999999,0.7419354838709677,201.447,5.729854368932039,0.575,1.3349514563106797,3.0
2022-10-23 00:00:00,0,17,1,4,11,1,0,8,10,0,10,0,10.133333333333333,188.0,3.0,8.24,42.5,0.6222222222222222,207.617,4.598172472872644,0.425,0.970873786407767,3.294117647058824
2022-10-23 01:00:00,1,16,1,4,11,0,0,5,9,0,9,0,11.133333333333333,239.0,3.0,8.24,40.0,0.5806451612903226,197.712,3.397936893203883,0.4,0.6067961165048543,3.375
2022-10-23 02:00:00,2,16,1,4,10,1,0,5,9,0,9,0,12.133333333333333,299.0,3.0,8.24,40.0,0.5698924731182796,203.352,3.3350121359223297,0.4,0.6067961165048543,3.3125
2022-10-23 03:00:00,3,18,1,4,10,3,0,5,10,0,10,0,13.133333333333333,327.5,3.0,8.24,45.0,0.6333333333333333,226.682,3.346521035598705,0.45,0.6067961165048543,3.1666666666666665
2022-10-23 04:00:00,4,16,1,4,9,2,0,2,10,0,10,0,14.133333333333333,387.5,3.0,8.24,40.0,0.5777777777777777,228.032,2.088834951456311,0.4,0.2427184466019417,3.25
2022-10-23 05:00:00,5,16,1,4,10,1,0,2,10,0,10,0,15.133333333333333,447.5,3.0,8.24,40.0,0.5888888888888889,233.672,2.129004854368932,0.4,0.2427184466019417,3.3125
2022-10-23 06:00:00,6,16,1,4,10,1,0,2,9,0,9,0,16.133333333333333,539.0,3.0,8.24,40.0,0.5698924731182796,225.912,2.129004854368932,0.4,0.2427184466019417,3.3125
2022-10-23 07:00:00,7,15,1,4,9,1,0,1,9,0,9,0,17.133333333333333,599.0,3.0,8.24,37.5,0.5376344086021505,229.407,1.6545307443365695,0.375,0.1213592233009708,3.333333333333333
2022-10-23 08:00:00,8,16,1,4,10,1,0,5,10,0,10,0,18.133333333333333,627.5,3.0,7.46,40.0,0.5888888888888889,250.592,3.545174262734584,0.4,0.6702412868632708,3.3125
2022-10-23 09:00:00,9,17,0,6,9,2,0,10,11,0,11,0,19.133333333333333,89.0,3.0,7.46,42.5,0.632183908045977,271.777,5.71185538558587,0.425,1.3404825737265416,3.235294117647059
2022-10-23 10:00:00,10,19,0,5,13,1,0,10,12,0,12,0,20.133333333333333,109.0,4.0,10.8,47.5,0.5446428571428571,295.107,4.49770955165692,0.475,0.9259259259259258,3.210526315789474
2022-10-23 11:00:00,11,25,0,4,21,0,0,16,14,0,14,0,21.133333333333333,133.5,4.0,10.8,62.5,0.7596153846153846,340.417,6.656481481481482,0.625,1.4814814814814814,3.16
2022-10-23 12:00:00,12,27,0,4,22,1,0,19,11,0,11,0,22.133333333333333,144.0,4.0,10.8,67.5,0.7241379310344828,310.147,7.573251028806585,0.675,1.759259259259259,3.111111111111111
2022-10-23 13:00:00,13,27,0,3,23,0,1,11,9,0,9,0,18.466666666666665,166.0,4.0,10.8,67.5,0.6612903225806451,262.66700000000003,5.143278463648834,0.675,1.0185185185185184,3.037037037037037
2022-10-23 14:00:00,14,26,0,2,23,0,1,15,6,0,6,0,5.35,231.0,4.0,10.8,65.0,0.5735294117647058,146.34400000000002,6.116666666666666,0.65,1.3888888888888888,3.0
2022-10-23 15:00:00,15,25,0,3,21,0,1,10,8,0,8,0,6.35,251.0,4.0,10.8,62.5,0.59375,176.63899999999998,4.714814814814814,0.625,0.9259259259259258,3.04
2022-10-23 16:00:00,16,27,0,4,23,0,0,13,8,1,9,1,5.3,67.0,4.0,10.8,67.5,0.6854838709677419,189.27530680173663,5.914437585733882,0.675,1.2037037037037035,3.1481481481481484
2022-10-23 17:00:00,17,33,0,4,26,0,3,21,10,1,11,1,6.3,119.0,4.0,10.8,82.5,0.8362068965517241,234.58530680173655,8.140488215488215,0.825,1.9444444444444444,2.9393939393939394
2022-10-23 18:00:00,18,28,0,4,23,1,0,12,10,1,11,1,7.3,171.0,4.0,10.8,70.0,0.75,229.50030680173663,5.627380952380952,0.7,1.111111111111111,3.107142857142857
2022-10-23 19:00:00,19,22,0,2,18,1,1,9,7,1,8,1,7.383333333333334,179.5,4.0,10.8,55.00000000000001,0.5078125,176.90030680173663,4.087121212121212,0.55,0.8333333333333333,2.9545454545454546
2022-10-23 20:00:00,20,23,0,2,21,0,0,10,8,0,8,0,8.383333333333333,180.5,4.0,9.89,57.49999999999999,0.5546875,183.817,4.896290719655339,0.575,1.0111223458038423,3.0869565217391304
2022-10-23 21:00:00,21,26,0,2,23,0,1,13,9,0,9,0,9.383333333333333,129.0,4.0,9.89,65.0,0.6290322580645161,209.292,5.893377148634984,0.65,1.3144590495449948,3.0
2022-10-23 22:00:00,22,24,0,3,19,0,2,12,10,0,10,0,10.383333333333333,134.0,3.0,6.55,60.0,0.7888888888888889,224.042,7.194847328244276,0.6,1.83206106870229,2.958333333333333
2022-10-23 23:00:00,23,29,0,3,24,0,2,13,10,0,10,0,11.383333333333333,140.0,3.0,6.55,72.5,0.9555555555555556,240.407,8.035759410371151,0.725,1.984732824427481,2.9655172413793105
2022-10-24 00:00:00,0,25,0,3,21,1,0,4,10,0,10,0,12.383333333333333,200.0,3.0,6.55,62.5,0.8555555555555555,237.467,3.805916030534352,0.625,0.6106870229007634,3.08
2022-10-24 01:00:00,1,21,0,5,16,0,0,5,10,0,10,0,13.383333333333333,260.0,3.0,6.55,52.5,0.7555555555555555,234.527,4.1718284260269,0.525,0.7633587786259542,3.238095238095238
2022-10-24 02:00:00,2,19,0,6,13,0,0,3,11,0,11,0,14.383333333333333,303.0,3.0,6.55,47.5,0.7241379310344828,249.277,3.093682201687425,0.475,0.4580152671755725,3.3157894736842106
2022-10-24 03:00:00,3,22,1,6,13,2,0,4,12,0,12,0,15.383333333333333,340.5,3.0,6.55,55.00000000000001,0.8571428571428571,274.752,3.798612074947953,0.55,0.6106870229007634,3.272727272727273
2022-10-24 04:00:00,4,21,1,5,14,1,0,2,12,0,12,0,16.383333333333333,400.5,3.0,6.55,52.5,0.8214285714285714,278.247,2.7282715376226823,0.525,0.3053435114503817,3.2857142857142856
2022-10-24 05:00:00,5,22,1,5,14,2,0,2,12,0,12,0,17.383333333333333,460.5,3.0,6.55,55.00000000000001,0.8452380952380952,286.032,2.760426786953505,0.55,0.3053435114503817,3.227272727272727
2022-10-24 06:00:00,6,22,1,4,16,1,0,3,12,0,12,0,18.383333333333333,520.5,3.0,6.55,55.00000000000001,0.8452380952380952,291.672,3.253140180430257,0.55,0.4580152671755725,3.227272727272727
2022-10-24 07:00:00,7,21,1,4,15,1,0,1,12,0,12,0,19.383333333333333,580.5,3.0,6.55,52.5,0.8095238095238095,295.16700000000003,2.19436568520538,0.525,0.1526717557251908,3.238095238095238
2022-10-24 08:00:00,8,19,1,3,13,2,0,3,12,0,12,0,20.383333333333333,640.5,3.0,6.29,47.5,0.7142857142857143,296.517,3.0061501129612584,0.475,0.4769475357710652,3.1578947368421053
2022-10-24 09:00:00,9,21,1,3,15,1,1,8,12,0,12,0,21.383333333333333,671.5,3.0,6.29,52.5,0.7738095238095238,306.447,5.56170981906276,0.525,1.2718600953895072,3.095238095238096
2022-10-24 10:00:00,10,33,2,6,23,1,1,19,14,1,15,1,22.383333333333333,100.0,4.0,10.16,82.5,1.06,378.89530680173664,8.656919589596754,0.825,1.8700787401574803,3.212121212121212
2022-10-24 11:00:00,11,39,1,10,27,0,1,15,19,1,20,1,23.383333333333333,101.0,4.0,10.16,97.5,1.5875,464.40530680173663,7.982692307692308,0.975,1.4763779527559056,3.2564102564102564
2022-10-24 12:00:00,12,41,1,10,28,0,2,11,18,1,19,1,24.383333333333333,148.0,4.0,10.16,102.5,1.5595238095238095,460.9353068017366,6.734285577107741,1.025,1.0826771653543308,3.1951219512195124
2022-10-24 13:00:00,13,42,3,8,30,0,1,11,16,2,18,2,25.383333333333333,179.5,4.0,10.16,105.0,1.568181818181818,456.1886136034733,7.007367829021373,1.05,1.0826771653543308,3.2857142857142856
2022-10-24 14:00:00,14,43,3,8,32,0,0,14,17,3,20,3,26.383333333333333,186.0,4.0,10.16,107.5,1.7875,491.6419204052098,8.157494048709028,1.075,1.3779527559055118,3.3255813953488373
2022-10-24 15:00:00,15,42,3,6,32,1,0,13,16,4,20,4,22.28333333333333,132.5,4.0,10.16,105.0,1.7125,467.24122720694646,7.598697037870266,1.05,1.279527559055118,3.261904761904762
2022-10-24 16:00:00,16,38,3,6,29,0,0,11,12,4,16,4,19.78333333333333,169.0,4.0,10.16,95.0,1.3125,390.9612272069464,6.739929548280149,0.95,1.0826771653543308,3.3157894736842106
2022-10-24 17:00:00,17,45,4,5,33,2,1,16,12,5,17,5,20.78333333333333,208.0,4.0,10.16,112.5,1.565217391304348,425.8845340086831,8.639370078740157,1.125,1.574803149606299,3.2
2022-10-24 18:00:00,18,43,4,5,31,3,0,12,12,5,17,5,21.35,268.0,4.0,10.16,107.5,1.5108695652173914,424.79053400868304,7.29298205456876,1.075,1.1811023622047243,3.232558139534884
2022-10-24 19:00:00,19,33,3,3,23,4,0,3,11,4,15,4,9.466666666666669,328.0,4.0,10.16,82.5,1.04,308.65022720694645,3.530565497494631,0.825,0.2952755905511811,3.1515151515151514
2022-10-24 20:00:00,20,25,3,3,16,3,0,6,8,5,13,5,10.466666666666669,349.0,4.0,10.69,62.5,0.75,271.19853400868305,3.843521983161833,0.625,0.5612722170252572,3.24
2022-10-24 21:00:00,21,21,2,4,11,4,0,10,8,4,12,4,11.466666666666669,408.0,4.0,10.69,52.5,0.5982142857142857,253.99022720694643,4.65954274132478,0.525,0.9354536950420952,3.1904761904761907
2022-10-24 22:00:00,22,19,1,4,11,2,1,11,5,3,8,3,11.616666666666667,435.5,3.0,6.82,47.5,0.6145833333333334,196.07792040520985,6.48348896434635,0.475,1.6129032258064515,3.1052631578947367
2022-10-24 23:00:00,23,17,1,2,11,3,0,6,4,2,6,2,10.8,317.5,3.0,6.82,42.5,0.5098039215686274,159.51361360347323,3.991047093324133,0.425,0.8797653958944281,3.0588235294117645
2022-10-25 00:00:00,0,14,0,2,11,1,0,9,4,2,6,2,11.3,243.5,3.0,6.82,35.0,0.4215686274509804,155.89861360347322,5.128204859656472,0.35,1.3196480938416422,3.071428571428572
2022-10-25 01:00:00,1,14,0,3,10,1,0,4,6,2,8,2,12.3,230.5,3.0,6.82,35.0,0.4583333333333333,188.3386136034732,2.94331797235023,0.35,0.5865102639296187,3.142857142857143
2022-10-25 02:00:00,2,15,1,2,10,2,0,7,6,0,6,0,11.083333333333334,193.0,3.0,6.82,37.5,0.4607843137254901,155.085,4.391031280547409,0.375,1.0263929618768328,3.1333333333333333
2022-10-25 03:00:00,3,16,0,3,12,1,0,4,6,0,6,0,12.083333333333334,253.0,3.0,6.82,40.0,0.4901960784313725,162.87,3.0828445747800584,0.4,0.5865102639296187,3.125
2022-10-25 04:00:00,4,15,0,3,11,1,0,3,6,0,6,0,13.083333333333334,313.0,3.0,6.82,37.5,0.4607843137254901,166.365,2.553299120234604,0.375,0.4398826979472141,3.1333333333333333
2022-10-25 05:00:00,5,13,0,2,10,1,0,2,6,0,6,0,14.083333333333334,373.0,3.0,6.82,32.5,0.392156862745098,167.715,1.902323482968644,0.325,0.2932551319648093,3.076923076923077
2022-10-25 06:00:00,6,18,0,3,14,1,0,5,7,1,8,1,15.083333333333334,358.0,3.0,6.82,45.0,0.5833333333333334,211.74830680173665,3.680873248615184,0.45,0.7331378299120235,3.111111111111111
2022-10-25 07:00:00,7,17,0,3,13,1,0,2,7,1,8,1,14.783333333333331,418.0,3.0,6.82,42.5,0.5520833333333334,207.9113068017366,2.239265999654994,0.425,0.2932551319648093,3.117647058823529
2022-10-25 08:00:00,8,17,0,3,13,1,0,4,7,1,8,1,15.783333333333331,478.0,3.0,7.28,42.5,0.5520833333333334,213.55130680173664,3.037992889463477,0.425,0.5494505494505494,3.117647058823529
2022-10-25 09:00:00,9,18,0,1,16,1,0,8,7,0,7,0,16.783333333333335,532.0,3.0,7.28,45.0,0.5454545454545454,207.068,4.646703296703296,0.45,1.0989010989010988,3.0
2022-10-25 10:00:00,10,20,0,2,14,4,0,13,6,0,6,0,17.783333333333335,112.5,4.0,10.98,50.0,0.4264705882352941,203.598,4.8835154826958105,0.5,1.1839708561020037,2.9
2022-10-25 11:00:00,11,24,0,2,15,7,0,10,7,0,7,0,11.366666666666667,84.0,4.0,10.98,60.0,0.5075757575757576,189.388,4.217501517911354,0.6,0.9107468123861566,2.7916666666666665
2022-10-25 12:00:00,12,24,0,1,19,4,0,8,8,0,8,0,12.366666666666667,135.0,4.0,10.98,60.0,0.5390625,208.428,3.81971766848816,0.6,0.7285974499089253,2.875
2022-10-25 13:00:00,13,34,2,2,25,5,0,15,12,1,13,1,13.366666666666667,125.0,4.0,10.98,85.0,0.9537037037037036,303.3863068017366,6.713540662166505,0.85,1.366120218579235,3.0294117647058822
2022-10-25 14:00:00,14,41,1,3,33,4,0,13,14,0,14,0,14.366666666666667,117.0,4.0,10.98,102.5,1.1923076923076923,336.573,6.680789906259718,1.025,1.1839708561020037,3.024390243902439
2022-10-25 15:00:00,15,25,1,2,21,1,0,3,9,0,9,0,10.483333333333333,129.0,4.0,10.98,62.5,0.6290322580645161,213.351,2.8024590163934424,0.625,0.2732240437158469,3.12
2022-10-25 16:00:00,16,32,2,3,23,4,0,14,13,1,14,1,10.9,126.5,4.0,10.98,80.0,0.9519230769230768,298.5843068017366,6.419672131147541,0.8,1.275045537340619,3.09375
2022-10-25 17:00:00,17,36,3,4,26,3,0,11,14,2,16,2,7.966666666666667,105.0,4.0,10.98,90.0,1.1979166666666667,318.28861360347327,6.075263104634689,0.9,1.0018214936247722,3.1944444444444446
2022-10-25 18:00:00,18,42,3,6,31,2,0,12,20,4,24,4,8.966666666666667,125.0,4.0,10.98,105.0,2.125,445.7352272069465,6.938901899557638,1.05,1.092896174863388,3.238095238095238
2022-10-25 19:00:00,19,41,2,8,30,1,0,7,18,3,21,3,8.7,163.0,4.0,10.98,102.5,1.763157894736842,401.01792040520985,5.433611000044427,1.025,0.6375227686703097,3.268292682926829
2022-10-25 20:00:00,20,41,1,7,31,1,1,12,16,3,19,3,9.7,167.0,4.0,11.58,102.5,1.5357142857142858,379.8579204052098,6.485457475041071,1.025,1.0362694300518134,3.1463414634146343
2022-10-25 21:00:00,21,44,1,7,35,1,0,12,17,2,19,2,10.7,208.0,4.0,11.58,110.0,1.6666666666666667,391.0646136034732,6.797220913801223,1.1,1.0362694300518134,3.1818181818181817
2022-10-25 22:00:00,22,37,1,4,30,2,0,9,13,1,14,1,11.7,264.5,3.0,7.88,92.5,1.4743589743589745,313.8213068017366,6.424869666620935,0.925,1.1421319796954317,3.108108108108108
2022-10-25 23:00:00,23,35,1,3,26,5,0,9,11,1,12,1,12.7,319.5,3.0,7.88,87.5,1.25,288.37130680173664,6.051395939086294,0.875,1.1421319796954317,3.0
2022-10-26 00:00:00,0,31,1,2,26,2,0,8,11,2,13,2,13.7,378.0,3.0,7.88,77.5,1.1728395061728396,299.6996136034732,5.486183887342394,0.775,1.015228426395939,3.064516129032258
2022-10-26 01:00:00,1,23,1,1,21,0,0,5,11,1,12,1,14.7,439.5,3.0,7.88,57.49999999999999,0.8571428571428571,273.9113068017366,3.786316486426837,0.575,0.6345177664974619,3.130434782608696
2022-10-26 02:00:00,2,20,1,1,18,0,0,3,10,1,11,1,15.7,501.0,3.0,7.88,50.0,0.7241379310344828,259.7163068017366,2.774238578680203,0.5,0.3807106598984772,3.15
2022-10-26 03:00:00,3,18,1,1,16,0,0,2,10,1,11,1,16.7,561.0,3.0,7.88,45.0,0.6551724137931034,261.0663068017366,2.2287225042301184,0.45,0.2538071065989847,3.1666666666666665
2022-10-26 04:00:00,4,18,1,1,16,0,0,1,10,1,11,1,17.7,621.0,3.0,7.88,45.0,0.6551724137931034,266.7063068017366,1.8268612521150591,0.45,0.1269035532994923,3.1666666666666665
2022-10-26 05:00:00,5,19,1,1,17,0,0,3,11,1,12,1,18.7,679.5,3.0,7.88,47.5,0.7142857142857143,287.8913068017366,2.702244189153086,0.475,0.3807106598984772,3.1578947368421053
2022-10-26 06:00:00,6,19,1,0,18,0,0,2,11,0,11,0,19.7,741.0,3.0,7.88,47.5,0.6781609195402298,279.263,2.2631378573336893,0.475,0.2538071065989847,3.1052631578947367
2022-10-26 07:00:00,7,19,2,0,17,0,0,1,11,1,12,1,20.7,799.5,3.0,7.88,47.5,0.7261904761904762,299.1713068017366,1.9324271974352123,0.475,0.1269035532994923,3.210526315789474
2022-10-26 08:00:00,8,18,2,0,16,0,0,5,11,2,13,2,19.15,858.0,3.0,6.57,45.0,0.7160493827160493,302.5526136034732,3.902223913411128,0.45,0.76103500761035,3.2222222222222223
2022-10-26 09:00:00,9,26,3,0,20,3,0,13,14,3,17,3,20.15,274.0,3.0,6.57,65.0,1.173913043478261,379.8209204052098,8.189383561643837,0.65,1.97869101978691,3.1153846153846154
2022-10-26 10:00:00,10,27,3,1,21,2,0,13,15,3,18,3,21.15,89.5,4.0,9.82,67.5,0.9772727272727272,401.00592040520985,6.366640265520102,0.675,1.323828920570265,3.185185185185185
2022-10-26 11:00:00,11,30,2,2,21,5,0,8,16,2,18,2,22.15,127.5,4.0,9.82,75.0,1.0340909090909092,412.2126136034733,4.746147318397828,0.75,0.8146639511201629,3.033333333333333
2022-10-26 12:00:00,12,35,2,2,26,5,0,10,17,3,20,3,23.15,161.0,4.0,9.82,87.5,1.325,456.2459204052098,5.734084957812045,0.875,1.0183299389002036,3.0285714285714285
2022-10-26 13:00:00,13,30,2,2,22,4,0,6,16,3,19,3,24.15,213.0,4.0,9.82,75.0,1.0952380952380951,437.7609204052098,4.173727087576375,0.75,0.6109979633401221,3.066666666666667
2022-10-26 14:00:00,14,37,2,3,29,3,0,12,18,2,20,2,25.15,255.5,4.0,9.82,92.5,1.4375,470.9476136034732,6.673095447789947,0.925,1.2219959266802445,3.108108108108108
2022-10-26 15:00:00,15,33,3,4,24,2,0,13,13,1,14,1,26.15,239.5,4.0,9.82,82.5,1.0288461538461535,386.7393068017366,6.967414984879341,0.825,1.323828920570265,3.242424242424242
2022-10-26 16:00:00,16,36,3,4,27,2,0,9,15,2,17,2,27.15,162.0,4.0,9.82,90.0,1.2608695652173914,439.8826136034732,5.853156822810591,0.9,0.9164969450101832,3.2222222222222223
2022-10-26 17:00:00,17,36,2,4,28,1,1,9,15,2,17,2,28.15,222.0,4.0,9.82,90.0,1.2282608695652173,445.5226136034733,5.701782077393076,0.9,0.9164969450101832,3.138888888888889
2022-10-26 18:00:00,18,40,3,5,29,3,0,13,17,2,19,2,29.15,200.0,4.0,9.82,100.0,1.5238095238095235,486.5426136034732,7.436252545824847,1.0,1.323828920570265,3.2
2022-10-26 19:00:00,19,36,1,2,27,4,2,9,13,1,14,1,9.416666666666666,204.0,4.0,9.82,90.0,1.0,298.7983068017366,5.24765784114053,0.9,0.9164969450101832,2.888888888888889
2022-10-26 20:00:00,20,30,1,3,23,2,1,11,14,0,14,0,9.333333333333334,183.5,4.0,10.16,75.0,0.875,284.59,5.559120734908136,0.75,1.0826771653543308,3.033333333333333
2022-10-26 21:00:00,21,30,1,4,22,3,0,13,16,0,16,0,10.333333333333334,226.5,4.0,10.16,75.0,0.96875,317.03,6.291535433070866,0.75,1.279527559055118,3.1
2022-10-26 22:00:00,22,26,0,4,20,2,0,9,12,0,12,0,11.333333333333334,297.0,3.0,6.91,65.0,0.9523809523809524,260.49,6.0075698541689855,0.65,1.3024602026049203,3.076923076923077
2022-10-26 23:00:00,23,29,0,3,23,2,1,14,11,0,11,0,12.333333333333334,194.0,3.0,6.91,72.5,0.9885057471264368,259.165,8.158283846499327,0.725,2.0260492040520983,2.9655172413793105
2022-10-27 00:00:00,0,24,0,1,22,1,0,10,13,0,13,0,13.333333333333334,228.0,3.0,6.91,60.0,0.8888888888888888,280.88,6.1415340086830685,0.6,1.447178002894356,3.0
2022-10-27 01:00:00,1,26,0,1,24,1,0,8,13,0,13,0,14.333333333333334,288.0,3.0,6.91,65.0,0.9629629629629628,290.81000000000006,5.4232272069464535,0.65,1.1577424023154848,3.0
2022-10-27 02:00:00,2,22,0,2,19,1,0,2,14,0,14,0,15.333333333333334,340.5,3.0,6.91,55.00000000000001,0.8589743589743589,301.27,2.5564629653992896,0.55,0.2894356005788712,3.0454545454545454
2022-10-27 03:00:00,3,20,0,2,17,1,0,2,15,0,15,0,16.333333333333332,393.0,3.0,6.91,50.0,0.8133333333333334,316.02,2.407778581765557,0.5,0.2894356005788712,3.05
2022-10-27 04:00:00,4,21,0,2,18,1,0,2,15,0,15,0,17.333333333333332,453.0,3.0,6.91,52.5,0.8533333333333334,323.805,2.4820894493832264,0.525,0.2894356005788712,3.0476190476190474
2022-10-27 05:00:00,5,21,0,2,18,1,0,2,15,0,15,0,18.33333333333333,513.0,3.0,6.91,52.5,0.8533333333333334,329.445,2.4820894493832264,0.525,0.2894356005788712,3.0476190476190474
2022-10-27 06:00:00,6,20,0,2,17,1,0,2,16,0,16,0,19.33333333333333,525.5,3.0,6.91,50.0,0.8472222222222222,346.34000000000003,2.407778581765557,0.5,0.2894356005788712,3.05
2022-10-27 07:00:00,7,19,1,2,15,1,0,3,16,0,16,0,20.33333333333333,585.5,3.0,6.91,47.5,0.8333333333333334,349.835,2.8710107395841264,0.475,0.4341534008683068,3.1578947368421053
2022-10-27 08:00:00,8,27,1,6,19,1,0,9,16,2,18,2,21.33333333333333,595.0,3.0,6.699999999999999,67.5,1.3333333333333333,401.1716136034733,6.578109452736318,0.675,1.3432835820895523,3.259259259259259
2022-10-27 09:00:00,9,30,0,4,25,1,0,9,17,2,19,2,22.33333333333333,588.0,3.0,6.699999999999999,75.0,1.4761904761904765,426.6466136034732,6.489179104477612,0.75,1.3432835820895523,3.1
2022-10-27 10:00:00,10,38,0,4,33,1,0,13,18,1,19,1,23.33333333333333,632.0,4.0,9.95,95.0,1.3928571428571428,448.57830680173663,6.947745305474743,0.95,1.306532663316583,3.0789473684210527
2022-10-27 11:00:00,11,39,0,5,33,1,0,13,17,1,18,1,24.33333333333333,372.5,4.0,9.95,97.5,1.375,442.9633068017366,7.078601340033501,0.975,1.306532663316583,3.102564102564102
2022-10-27 12:00:00,12,39,0,7,30,1,1,10,18,1,19,1,25.33333333333333,205.0,4.0,9.95,97.5,1.4404761904761905,462.0033068017366,6.143154876948847,0.975,1.0050251256281408,3.102564102564102
2022-10-27 13:00:00,13,40,0,6,33,1,0,11,19,1,20,1,26.33333333333333,225.0,4.0,9.95,100.0,1.5625,483.1883068017366,6.579773869346734,1.0,1.105527638190955,3.125
2022-10-27 14:00:00,14,40,0,8,30,1,1,10,18,2,20,2,27.33333333333333,227.5,4.0,9.95,100.0,1.5625,489.6966136034732,6.265703517587939,1.0,1.0050251256281408,3.125
2022-10-27 15:00:00,15,34,0,5,28,1,0,10,12,1,13,1,28.33333333333333,153.0,4.0,9.95,85.0,0.9814814814814816,387.7983068017366,5.783313626958321,0.85,1.0050251256281408,3.117647058823529
2022-10-27 16:00:00,16,35,0,5,29,1,0,13,12,1,13,1,29.33333333333333,203.0,4.0,9.95,87.5,1.0092592592592593,395.5833068017366,6.7939160086145005,0.875,1.306532663316583,3.1142857142857143
2022-10-27 17:00:00,17,32,0,5,25,1,1,13,11,1,12,1,30.33333333333333,232.5,4.0,9.95,80.0,0.875,381.3883068017366,6.451256281407035,0.8,1.306532663316583,3.0625
2022-10-27 18:00:00,18,28,0,5,22,1,0,7,9,1,10,1,31.33333333333333,292.5,4.0,9.95,70.0,0.7333333333333333,351.64830680173657,4.4110552763819095,0.7,0.7035175879396985,3.142857142857143
2022-10-27 19:00:00,19,27,0,5,20,2,0,6,6,1,7,1,32.333333333333336,380.0,4.0,9.95,67.5,0.6363636363636364,314.94330680173664,3.97604690117253,0.675,0.6030150753768845,3.111111111111111
2022-10-27 20:00:00,20,30,0,5,22,3,0,14,6,0,6,0,33.333333333333336,390.0,4.0,9.38,75.0,0.6764705882352942,312.75,6.877114427860697,0.75,1.492537313432836,3.066666666666667
2022-10-27 21:00:00,21,33,1,4,24,2,2,15,9,0,9,0,34.333333333333336,28.0,4.0,9.38,82.5,0.7983870967741935,365.025,7.272441364605545,0.825,1.5991471215351811,3.0
2022-10-27 22:00:00,22,33,2,6,22,3,0,8,12,2,14,2,35.333333333333336,67.0,3.0,6.13,82.5,1.358974358974359,439.40161360347327,6.842001581887388,0.825,1.3050570962479608,3.212121212121212
2022-10-27 23:00:00,23,34,1,6,22,4,1,11,12,2,14,2,36.333333333333336,123.5,3.0,6.13,85.0,1.3333333333333333,447.1866136034732,8.088916610689953,0.85,1.7944535073409462,3.0588235294117645
2022-10-28 00:00:00,0,25,1,6,16,2,0,6,11,2,13,2,11.383333333333333,184.0,3.0,6.13,62.5,1.0,273.76361360347323,5.196288743882546,0.625,0.9787928221859706,3.24
2022-10-28 01:00:00,1,26,1,5,18,2,0,8,10,2,12,2,12.383333333333333,246.5,3.0,6.13,65.0,0.988095238095238,268.1486136034732,6.241143807253106,0.65,1.3050570962479608,3.1923076923076925
2022-10-28 02:00:00,2,18,1,4,12,1,0,2,10,1,11,1,13.383333333333333,310.0,3.0,6.13,45.0,0.6781609195402298,242.3603068017366,2.5444217872031905,0.45,0.3262642740619902,3.2777777777777777
2022-10-28 03:00:00,3,19,1,3,14,1,0,3,11,1,12,1,14.383333333333333,366.5,3.0,6.13,47.5,0.7261904761904762,263.5453068017366,3.0962200566669527,0.475,0.4893964110929853,3.210526315789474
2022-10-28 04:00:00,4,15,1,3,10,1,0,0,11,0,11,0,15.383333333333333,430.0,3.0,6.13,37.5,0.5632183908045977,246.337,1.225,0.375,0.0,3.2666666666666666
2022-10-28 05:00:00,5,16,1,3,11,1,0,1,11,0,11,0,16.383333333333333,490.0,3.0,6.13,40.0,0.5977011494252874,254.122,1.8301794453507343,0.4,0.1631321370309951,3.25
2022-10-28 06:00:00,6,17,1,3,12,1,0,3,12,0,12,0,17.383333333333333,546.5,3.0,6.13,42.5,0.6547619047619048,275.307,2.9583413300067174,0.425,0.4893964110929853,3.235294117647059
2022-10-28 07:00:00,7,18,1,3,13,1,0,2,12,0,12,0,18.383333333333333,606.5,3.0,6.13,45.0,0.6904761904761905,283.092,2.5012959941997464,0.45,0.3262642740619902,3.2222222222222223
2022-10-28 08:00:00,8,21,1,3,15,1,1,4,13,0,13,0,19.383333333333333,663.0,3.0,6.67,52.5,0.8024691358024691,308.567,3.481214749767973,0.525,0.5997001499250375,3.095238095238096
2022-10-28 09:00:00,9,23,1,4,16,2,0,8,12,0,12,0,20.383333333333333,726.5,3.0,6.67,57.49999999999999,0.8690476190476191,305.097,5.63179225604589,0.575,1.199400299850075,3.1739130434782608
2022-10-28 10:00:00,10,23,2,3,16,2,0,11,12,0,12,0,21.383333333333333,448.5,4.0,10.64,57.49999999999999,0.6607142857142857,310.737,5.176250408630271,0.575,1.033834586466165,3.217391304347826
2022-10-28 11:00:00,11,31,2,6,21,2,0,15,15,2,17,2,22.383333333333333,94.0,4.0,10.64,77.5,1.0978260869565215,402.2736136034732,7.118136065971381,0.775,1.4097744360902256,3.2580645161290325
2022-10-28 12:00:00,12,32,2,6,21,3,0,8,13,2,15,2,21.666666666666668,112.0,4.0,10.64,80.0,1.03,373.5766136034732,4.995112781954887,0.8,0.7518796992481203,3.21875
2022-10-28 13:00:00,13,30,2,7,20,1,0,15,15,2,17,2,22.666666666666668,146.0,4.0,10.64,75.0,1.0869565217391304,401.7266136034732,7.199248120300753,0.75,1.4097744360902256,3.333333333333333
2022-10-28 14:00:00,14,30,2,8,19,1,0,6,16,3,19,3,19.3,192.0,4.0,10.64,75.0,1.2023809523809523,410.4069204052098,4.423496240601503,0.75,0.5639097744360902,3.3666666666666667
2022-10-28 15:00:00,15,33,1,6,24,2,0,10,17,2,19,2,20.3,151.0,4.0,10.64,82.5,1.25,421.61361360347325,5.615430622009569,0.825,0.9398496240601504,3.1818181818181817
2022-10-28 16:00:00,16,31,1,5,22,3,0,10,13,3,16,3,21.3,161.0,4.0,10.64,77.5,1.0104166666666667,383.6319204052099,5.365819791414019,0.775,0.9398496240601504,3.129032258064516
2022-10-28 17:00:00,17,31,1,7,22,1,0,6,13,3,16,3,22.3,221.0,4.0,10.64,77.5,1.0520833333333333,389.2719204052098,4.362254426388552,0.775,0.5639097744360902,3.2580645161290325
2022-10-28 18:00:00,18,36,3,7,24,2,0,11,15,3,18,3,23.3,253.0,4.0,10.64,90.0,1.3522727272727273,432.4369204052099,6.392397660818713,0.9,1.033834586466165,3.305555555555556
2022-10-28 19:00:00,19,30,2,8,18,2,0,8,13,2,15,2,24.3,275.0,4.0,10.64,75.0,1.0,384.1386136034732,5.006265664160401,0.75,0.7518796992481203,3.333333333333333
2022-10-28 20:00:00,20,28,2,7,18,1,0,5,12,2,14,2,25.3,220.0,4.0,11.1,70.0,0.903846153846154,372.0886136034732,3.862226512226513,0.7,0.4504504504504504,3.357142857142857
2022-10-28 21:00:00,21,33,2,8,22,1,0,11,13,2,15,2,26.3,230.0,4.0,11.1,82.5,1.1,401.8536136034732,6.053303303303303,0.825,0.990990990990991,3.333333333333333
2022-10-28 22:00:00,22,30,2,7,20,1,0,6,12,2,14,2,27.3,282.0,3.0,7.13,75.0,1.2820512820512822,387.6586136034732,5.305049088359047,0.75,0.8415147265077139,3.333333333333333
2022-10-28 23:00:00,23,31,2,7,21,1,0,10,10,2,12,2,28.3,342.0,3.0,7.13,77.5,1.2261904761904765,368.6436136034732,7.235000904854545,0.775,1.402524544179523,3.3225806451612905
2022-10-29 00:00:00,0,23,2,5,15,1,0,4,9,1,10,1,29.3,402.0,3.0,7.13,57.49999999999999,0.8555555555555555,329.4553068017366,3.803163302640405,0.575,0.5610098176718092,3.347826086956522
2022-10-29 01:00:00,1,22,2,7,12,1,0,3,10,1,11,1,30.3,454.0,3.0,7.13,55.00000000000001,0.8735632183908046,346.3503068017366,3.353525436695142,0.55,0.4207573632538569,3.4545454545454546
2022-10-29 02:00:00,2,16,2,6,7,1,0,0,9,1,10,1,31.3,522.0,3.0,7.13,40.0,0.6333333333333333,325.72030680173657,1.425,0.4,0.0,3.5625
2022-10-29 03:00:00,3,20,2,7,10,1,0,5,10,1,11,1,32.3,574.0,3.0,7.13,50.0,0.8045977011494253,353.3403068017366,4.204417952314166,0.5,0.7012622720897616,3.5
2022-10-29 04:00:00,4,21,2,7,11,1,0,3,10,1,11,1,33.3,634.0,3.0,7.13,52.5,0.8390804597701149,361.1253068017366,3.2876327389300743,0.525,0.4207573632538569,3.4761904761904763
2022-10-29 05:00:00,5,23,2,7,13,1,0,4,11,1,12,1,34.3,667.5,3.0,7.13,57.49999999999999,0.9404761904761904,384.4553068017366,3.901946765046649,0.575,0.5610098176718092,3.4347826086956523
2022-10-29 06:00:00,6,21,2,7,11,1,0,1,10,1,11,1,35.3,754.0,3.0,7.13,52.5,0.8390804597701149,372.40530680173663,2.3125442463100248,0.525,0.1402524544179523,3.4761904761904763
2022-10-29 07:00:00,7,18,2,7,8,1,0,1,11,1,12,1,36.3,787.5,3.0,7.13,45.0,0.7619047619047619,385.0103068017366,2.0986753934860527,0.45,0.1402524544179523,3.555555555555556
2022-10-29 08:00:00,8,18,2,6,9,1,0,4,11,1,12,1,37.3,847.5,3.0,6.779999999999999,45.0,0.75,390.65030680173663,3.6398967551622414,0.45,0.5899705014749264,3.5
2022-10-29 09:00:00,9,19,2,5,10,2,0,6,9,1,10,1,38.3,942.0,3.0,6.779999999999999,47.5,0.7111111111111111,371.6353068017366,4.580903586399628,0.475,0.8849557522123894,3.3684210526315788
2022-10-29 10:00:00,10,26,2,6,15,3,0,12,12,2,14,2,22.966666666666665,832.5,4.0,9.87,65.0,0.8173076923076923,354.63861360347323,6.099748655599719,0.65,1.2158054711246202,3.269230769230769
2022-10-29 11:00:00,11,23,2,6,13,2,0,7,14,2,16,2,23.966666666666665,139.0,4.0,9.87,57.49999999999999,0.8020833333333334,380.6436136034732,4.299344742522356,0.575,0.7092198581560284,3.347826086956522
2022-10-29 12:00:00,12,30,2,6,18,4,0,8,14,2,16,2,23.05,170.0,4.0,9.87,75.0,1.0,390.48861360347325,4.99371833839919,0.75,0.8105369807497468,3.2
2022-10-29 13:00:00,13,27,2,5,18,2,0,8,12,2,14,2,24.05,259.0,4.0,9.87,67.5,0.8461538461538461,362.8936136034732,4.8417501594806565,0.675,0.8105369807497468,3.259259259259259
2022-10-29 14:00:00,14,23,2,3,16,2,0,4,8,2,10,2,25.05,787.5,4.0,9.87,57.49999999999999,0.6166666666666667,306.3536136034732,3.153907316858288,0.575,0.4052684903748734,3.217391304347826
2022-10-29 15:00:00,15,26,1,4,19,2,0,14,10,2,12,2,26.05,283.0,4.0,9.87,65.0,0.7321428571428571,345.22861360347326,6.52354064375341,0.65,1.4184397163120568,3.1538461538461537
2022-10-29 16:00:00,16,25,1,5,18,1,0,11,8,3,11,3,27.05,378.0,4.0,9.87,62.5,0.6982758620689655,336.1919204052098,5.635942249240123,0.625,1.1144883485309018,3.24
2022-10-29 17:00:00,17,29,1,6,21,1,0,14,8,3,11,3,28.05,438.0,4.0,9.87,72.5,0.8103448275862069,350.41192040520986,6.947701149425287,0.725,1.4184397163120568,3.2413793103448274
2022-10-29 18:00:00,18,31,1,5,24,0,1,11,7,2,9,2,29.05,185.0,4.0,9.87,77.5,0.7903225806451613,332.6736136034732,5.973221230839625,0.775,1.1144883485309018,3.161290322580645
2022-10-29 19:00:00,19,32,1,5,23,2,1,12,7,2,9,2,29.683333333333334,188.0,4.0,9.87,80.0,0.7983870967741935,338.39061360347324,6.236398176291795,0.8,1.2158054711246202,3.09375
2022-10-29 20:00:00,20,29,2,4,22,1,0,14,9,3,12,3,30.683333333333334,122.5,4.0,11.41,72.5,0.8392857142857143,378.66392040520986,6.327152528030464,0.725,1.2269938650306749,3.2413793103448274
2022-10-29 21:00:00,21,30,2,3,24,1,0,10,9,3,12,3,31.683333333333334,182.5,4.0,11.41,75.0,0.8571428571428571,386.4489204052098,5.204557405784399,0.75,0.8764241893076249,3.2
2022-10-29 22:00:00,22,29,2,4,22,0,1,7,11,2,13,2,32.68333333333333,191.0,3.0,8.32,72.5,1.148148148148148,402.4756136034732,5.023110079575597,0.725,0.8413461538461539,3.206896551724138
2022-10-29 23:00:00,23,29,3,4,20,1,1,7,9,2,11,2,33.68333333333333,206.0,3.0,8.32,72.5,1.0804597701149423,381.3156136034732,5.077122015915119,0.725,0.8413461538461539,3.2413793103448274
2022-10-30 00:00:00,0,27,3,4,20,0,0,7,9,2,11,2,34.68333333333333,266.0,3.0,8.32,67.5,1.0459770114942528,382.6656136034732,5.110648148148148,0.675,0.8413461538461539,3.3703703703703702
2022-10-30 01:00:00,1,25,2,5,18,0,0,2,9,2,11,2,35.68333333333333,326.0,3.0,8.32,62.5,0.9655172413793104,384.0156136034732,2.907692307692308,0.625,0.2403846153846153,3.36
2022-10-30 02:00:00,2,18,2,4,12,0,0,3,8,1,9,1,32.833333333333336,386.0,3.0,8.32,45.0,0.6666666666666666,325.25830680173664,2.79198717948718,0.45,0.3605769230769231,3.4444444444444446
2022-10-30 03:00:00,3,17,2,2,12,1,0,3,9,1,10,1,33.833333333333336,442.0,3.0,8.32,42.5,0.6222222222222222,342.1533068017366,2.587782805429864,0.425,0.3605769230769231,3.294117647058824
2022-10-30 04:00:00,4,20,2,2,13,3,0,5,9,1,10,1,34.833333333333336,502.0,3.0,8.32,50.0,0.7,354.2283068017366,3.468028846153845,0.5,0.6009615384615384,3.15
2022-10-30 05:00:00,5,20,2,2,14,2,0,3,9,1,10,1,35.833333333333336,562.0,3.0,8.32,50.0,0.7111111111111111,359.8683068017366,2.7538461538461543,0.5,0.3605769230769231,3.2
2022-10-30 06:00:00,6,19,2,1,15,1,0,3,9,1,10,1,36.833333333333336,622.0,3.0,8.32,47.5,0.6777777777777778,363.3633068017366,2.6826417004048584,0.475,0.3605769230769231,3.210526315789474
2022-10-30 07:00:00,7,17,2,1,13,1,0,2,10,1,11,1,37.833333333333336,678.0,3.0,8.32,42.5,0.632183908045977,378.1133068017366,2.1527149321266967,0.425,0.2403846153846153,3.235294117647059
2022-10-30 08:00:00,8,20,2,2,14,2,0,5,11,1,12,1,38.833333333333336,733.5,3.0,6.63,50.0,0.7619047619047619,403.5883068017366,4.013273001508296,0.5,0.7541478129713424,3.2
2022-10-30 09:00:00,9,20,3,2,13,2,0,5,10,2,12,2,39.833333333333336,526.0,3.0,6.63,50.0,0.7857142857142857,410.0966136034732,4.138687782805429,0.5,0.7541478129713424,3.3
2022-10-30 10:00:00,10,26,3,4,17,2,0,12,11,3,14,3,40.833333333333336,462.0,4.0,9.88,65.0,0.8269230769230769,456.27492040520985,6.1674400498287145,0.65,1.2145748987854252,3.3076923076923075
2022-10-30 11:00:00,11,23,2,4,16,1,0,5,9,3,12,3,17.95,242.0,4.0,9.88,57.49999999999999,0.6785714285714286,293.97792040520983,3.572240802675585,0.575,0.5060728744939271,3.3043478260869565
2022-10-30 12:00:00,12,23,1,3,16,3,0,20,10,1,11,1,18.95,171.0,4.0,9.88,57.49999999999999,0.6120689655172413,284.4813068017366,8.023899841577187,0.575,2.0242914979757085,3.0869565217391304
2022-10-30 13:00:00,13,20,0,1,18,1,0,11,10,1,11,1,19.95,231.0,4.0,9.88,50.0,0.5172413793103449,283.6863068017366,4.840080971659919,0.5,1.11336032388664,3.0
2022-10-30 14:00:00,14,20,0,3,15,2,0,9,8,1,9,1,20.95,291.0,4.0,9.88,50.0,0.4919354838709677,262.5263068017366,4.30334008097166,0.5,0.9109311740890688,3.05
2022-10-30 15:00:00,15,21,0,2,17,2,0,8,6,1,7,1,21.95,245.0,4.0,9.88,52.5,0.4772727272727273,243.51130680173665,4.00414979757085,0.525,0.8097165991902835,3.0
2022-10-30 16:00:00,16,23,0,2,20,1,0,10,6,1,7,1,22.95,169.0,4.0,9.88,57.49999999999999,0.5303030303030303,253.44130680173657,4.830443583876078,0.575,1.0121457489878545,3.0434782608695654
2022-10-30 17:00:00,17,30,1,2,25,1,1,13,6,2,8,2,23.95,167.0,4.0,9.88,75.0,0.7109375,288.36461360347323,6.266228070175439,0.75,1.3157894736842106,3.033333333333333
2022-10-30 18:00:00,18,29,1,2,25,1,0,10,5,2,7,2,24.95,165.0,4.0,9.88,72.5,0.6818181818181818,278.45961360347326,5.391141979617479,0.725,1.0121457489878545,3.103448275862069
2022-10-30 19:00:00,19,23,0,1,19,3,0,12,5,1,6,1,25.95,406.0,4.0,9.88,57.49999999999999,0.4926470588235294,256.9613068017365,5.213109487766238,0.575,1.2145748987854252,2.9130434782608696
2022-10-30 20:00:00,20,18,0,0,13,5,0,11,5,0,5,0,26.95,281.0,4.0,11.64,45.0,0.35,237.608,3.7975467735777015,0.45,0.9450171821305842,2.7222222222222223
2022-10-30 21:00:00,21,18,0,4,12,2,0,10,7,0,7,0,27.95,264.0,4.0,11.64,45.0,0.4242424242424242,270.048,4.072775868652157,0.45,0.8591065292096219,3.111111111111111
2022-10-30 22:00:00,22,20,0,5,14,1,0,9,6,0,6,0,28.95,362.5,3.0,8.39,50.0,0.6274509803921569,266.578,5.032657926102503,0.5,1.072705601907032,3.2
2022-10-30 23:00:00,23,15,0,4,9,2,0,7,5,0,5,0,29.95,461.0,3.0,8.39,37.5,0.4476190476190476,248.093,3.789223281684544,0.375,0.8343265792610249,3.1333333333333333
2022-10-31 00:00:00,0,14,0,3,9,2,0,6,5,0,5,0,30.95,521.0,3.0,8.39,35.0,0.4095238095238095,251.588,3.271492422952494,0.35,0.7151370679380215,3.071428571428572
2022-10-31 01:00:00,1,11,0,2,8,1,0,1,5,0,5,0,31.95,581.0,3.0,8.39,27.500000000000004,0.3238095238095238,250.793,1.2184039440892838,0.275,0.1191895113230035,3.090909090909091
2022-10-31 02:00:00,2,11,0,2,7,2,0,5,6,0,6,0,32.95,495.5,3.0,8.39,27.500000000000004,0.3235294117647059,269.833,2.6128426698450538,0.275,0.5959475566150179,3.0
2022-10-31 03:00:00,3,14,0,3,9,2,0,6,6,1,7,1,33.95,410.0,3.0,8.39,35.0,0.4343434343434343,296.1763068017366,3.271492422952494,0.35,0.7151370679380215,3.071428571428572
2022-10-31 04:00:00,4,14,1,4,8,1,0,4,6,1,7,1,34.95,470.0,3.0,8.39,35.0,0.4747474747474747,301.8163068017366,2.7755448663374764,0.35,0.4767580452920142,3.357142857142857
2022-10-31 05:00:00,5,13,0,3,9,1,0,2,7,0,7,0,35.95,530.0,3.0,8.39,32.5,0.4141414141414141,304.443,1.7768107637297148,0.325,0.2383790226460071,3.1538461538461537
2022-10-31 06:00:00,6,12,0,3,8,1,0,1,7,0,7,0,36.95,590.0,3.0,8.39,30.0,0.3838383838383838,307.938,1.3274334525228444,0.3,0.1191895113230035,3.1666666666666665
2022-10-31 07:00:00,7,15,0,3,11,1,0,4,8,0,8,0,37.95,638.0,3.0,8.39,37.5,0.4895833333333333,333.413,2.668841875248311,0.375,0.4767580452920142,3.1333333333333333
2022-10-31 08:00:00,8,16,0,3,12,1,0,6,8,0,8,0,38.95,698.0,3.0,8.08,40.0,0.5208333333333334,341.198,3.570544554455446,0.4,0.7425742574257426,3.125
2022-10-31 09:00:00,9,16,0,7,8,1,0,5,7,0,7,0,39.95,770.0,3.0,8.08,40.0,0.5454545454545454,333.438,3.438490099009901,0.4,0.6188118811881188,3.375
2022-10-31 10:00:00,10,24,0,8,15,1,0,15,7,1,8,1,40.95,435.0,4.0,11.78,60.0,0.6171875,370.5063068017366,6.166426146010187,0.6,1.2733446519524616,3.2916666666666665
2022-10-31 11:00:00,11,34,0,12,21,1,0,13,10,2,12,2,41.95,90.0,4.0,11.78,85.0,1.0089285714285714,452.0646136034733,6.492731948466994,0.85,1.1035653650254669,3.323529411764706
2022-10-31 12:00:00,12,28,1,8,17,2,0,9,10,1,11,1,33.5,101.0,4.0,11.78,70.0,0.7931034482758621,377.2683068017366,4.810308028134853,0.7,0.764006791171477,3.2857142857142856
2022-10-31 13:00:00,13,37,1,9,25,2,0,12,16,1,17,1,34.5,107.0,4.0,11.78,92.5,1.3043478260869563,482.6133068017366,6.303813151011793,0.925,1.0186757215619693,3.2432432432432434
2022-10-31 14:00:00,14,40,2,9,27,2,0,13,23,1,24,1,35.5,91.5,4.0,11.78,100.0,2.046875,588.4883068017366,6.889176570458404,1.0,1.1035653650254669,3.275
2022-10-31 15:00:00,15,43,3,8,30,2,0,14,22,1,23,1,36.5,150.0,4.0,11.78,107.5,2.073529411764706,587.1633068017366,7.422026888301022,1.075,1.1884550084889642,3.2790697674418605
2022-10-31 16:00:00,16,39,4,10,23,2,0,8,21,2,23,2,37.5,195.0,4.0,11.78,97.5,1.9558823529411764,585.0916136034732,5.640963606286186,0.975,0.6791171477079796,3.41025641025641
2022-10-31 17:00:00,17,32,4,8,19,1,0,9,20,2,22,2,38.5,222.5,4.0,11.78,80.0,1.5416666666666667,562.3166136034732,5.425148556876061,0.8,0.764006791171477,3.46875
2022-10-31 18:00:00,18,38,4,10,23,1,0,12,23,3,26,3,26.683333333333334,173.5,4.0,11.78,95.0,2.3392857142857144,563.0089204052099,6.786750513805735,0.95,1.0186757215619693,3.4473684210526314
2022-10-31 19:00:00,19,36,2,10,23,1,0,8,21,2,23,2,27.683333333333334,165.0,4.0,11.78,90.0,1.7794117647058822,523.2906136034732,5.307588190907376,0.9,0.6791171477079796,3.361111111111111
2022-10-31 20:00:00,20,36,1,9,24,2,0,11,19,1,20,1,28.683333333333334,157.5,4.0,12.09,90.0,1.4625,487.8623068017366,5.881989247311828,0.9,0.9098428453267164,3.25
2022-10-31 21:00:00,21,31,1,9,18,3,0,11,18,0,18,0,9.466666666666669,184.5,4.0,12.09,77.5,1.1477272727272727,341.08700000000005,5.4893266896128505,0.775,0.9098428453267164,3.2580645161290325
2022-10-31 22:00:00,22,27,3,5,17,2,0,8,11,0,11,0,7.333333333333333,178.0,3.0,8.39,67.5,1.0344827586206895,226.675,5.428386968613429,0.675,0.9535160905840284,3.333333333333333
2022-10-31 23:00:00,23,28,2,4,19,2,1,10,10,0,10,0,6.383333333333334,198.5,3.0,8.39,70.0,0.9777777777777776,210.062,5.94595607015154,0.7,1.1918951132300355,3.142857142857143
