ts,hour,census,l1,l2,l3,l4,l5,arrivals,waitBed,waitICU,D_board,vent,maxLOS_h,awt_curr_min,Na,cap_sum,OCCUPANCY,EDWIN,NEDOCS,READI,READI_BR,READI_PR,READI_AR
2022-12-01 00:00:00,0,14,0,6,7,0,1,3,6,1,7,1,10.933333333333334,230.0,3.0,6.4,35.0,0.4646464646464646,166.3623068017366,2.690178571428571,0.35,0.46875,3.2857142857142856
2022-12-01 01:00:00,1,14,0,5,7,1,1,4,6,1,7,1,11.933333333333334,290.0,3.0,6.4,35.0,0.4444444444444444,172.0023068017366,3.064285714285714,0.35,0.625,3.142857142857143
2022-12-01 02:00:00,2,13,0,5,6,1,1,5,8,0,8,0,12.933333333333334,322.0,3.0,6.4,32.5,0.4270833333333333,188.029,3.4889423076923074,0.325,0.78125,3.1538461538461537
2022-12-01 03:00:00,3,12,0,5,5,1,1,1,8,0,8,0,13.933333333333334,382.0,3.0,6.4,30.0,0.3958333333333333,191.524,1.4447916666666665,0.3,0.15625,3.1666666666666665
2022-12-01 04:00:00,4,12,0,5,5,1,1,0,8,0,8,0,14.933333333333334,442.0,3.0,6.4,30.0,0.3958333333333333,197.164,0.95,0.3,0.0,3.1666666666666665
2022-12-01 05:00:00,5,15,0,5,8,1,1,3,8,0,8,0,15.933333333333334,502.0,3.0,6.4,37.5,0.4895833333333333,209.239,2.64375,0.375,0.46875,3.1333333333333333
2022-12-01 06:00:00,6,18,0,5,11,1,1,4,8,0,8,0,16.933333333333334,562.0,3.0,6.4,45.0,0.5833333333333334,221.314,3.344444444444445,0.45,0.625,3.111111111111111
2022-12-01 07:00:00,7,15,0,5,8,1,1,1,8,0,8,0,17.933333333333334,622.0,3.0,6.4,37.5,0.4895833333333333,220.519,1.6645833333333333,0.375,0.15625,3.1333333333333333
2022-12-01 08:00:00,8,21,0,5,14,1,1,7,9,1,10,1,18.933333333333334,565.5,3.0,6.35,52.5,0.7222222222222222,266.6973068017366,5.037073490813649,0.525,1.1023622047244095,3.095238095238096
2022-12-01 09:00:00,9,25,0,6,17,1,1,9,8,1,9,1,17.166666666666668,470.0,3.0,6.35,62.5,0.8387096774193549,251.9133068017366,6.372047244094489,0.625,1.4173228346456694,3.12
2022-12-01 10:00:00,10,24,2,3,17,2,0,8,6,1,7,1,18.166666666666668,124.0,4.0,10.05,60.0,0.5833333333333334,228.60830680173663,4.478897180762853,0.6,0.7960199004975124,3.208333333333333
2022-12-01 11:00:00,11,26,3,4,17,2,0,10,8,1,9,1,19.166666666666668,175.0,4.0,10.05,65.0,0.6935483870967742,265.3383068017366,5.441236127057022,0.65,0.9950248756218903,3.3076923076923075
2022-12-01 12:00:00,12,23,3,5,13,2,0,4,10,0,10,0,20.166666666666668,137.5,4.0,10.05,57.49999999999999,0.65,277.075,3.299772874756651,0.575,0.3980099502487562,3.391304347826087
2022-12-01 13:00:00,13,20,2,3,13,2,0,5,9,0,9,0,21.166666666666668,163.0,4.0,10.05,50.0,0.5241935483870968,262.88,3.241915422885572,0.5,0.4975124378109452,3.25
2022-12-01 14:00:00,14,19,2,5,10,2,0,5,7,1,8,1,20.0,123.0,4.0,10.05,47.5,0.5,241.6233068017366,3.2758313694684467,0.475,0.4975124378109452,3.3684210526315788
2022-12-01 15:00:00,15,18,2,5,10,1,0,5,5,1,6,1,21.0,96.5,4.0,10.05,45.0,0.4558823529411764,218.3183068017366,3.263653952459922,0.45,0.4975124378109452,3.4444444444444446
2022-12-01 16:00:00,16,22,2,7,11,2,0,10,8,1,9,1,13.266666666666667,66.0,4.0,10.05,55.00000000000001,0.6048387096774194,223.48230680173663,5.2671302578019,0.55,0.9950248756218903,3.409090909090909
2022-12-01 17:00:00,17,23,3,5,13,2,0,7,8,1,9,1,7.966666666666667,126.0,4.0,10.05,57.49999999999999,0.6290322580645161,195.7353068017366,4.31210253082414,0.575,0.6965174129353233,3.391304347826087
2022-12-01 18:00:00,18,22,3,4,13,2,0,6,8,1,9,1,8.966666666666667,173.0,4.0,10.05,55.00000000000001,0.5967741935483871,199.23030680173665,3.858141112618725,0.55,0.5970149253731343,3.363636363636364
2022-12-01 19:00:00,19,17,0,6,10,1,0,5,6,0,6,0,9.966666666666669,216.0,4.0,10.05,42.5,0.4117647058823529,153.077,3.0388645010242903,0.425,0.4975124378109452,3.294117647058824
2022-12-01 20:00:00,20,17,0,4,12,1,0,5,6,0,6,0,10.966666666666669,197.0,4.0,11.72,42.5,0.3970588235294117,158.717,2.705149568359767,0.425,0.4266211604095563,3.176470588235294
2022-12-01 21:00:00,21,18,0,3,13,2,0,8,4,0,4,0,11.966666666666669,129.5,4.0,11.72,45.0,0.3819444444444444,139.702,3.4607034508911645,0.45,0.6825938566552902,3.055555555555556
2022-12-01 22:00:00,22,13,0,2,10,1,0,3,3,0,3,0,12.966666666666669,175.0,3.0,8.02,32.5,0.3603603603603603,121.21699999999998,2.1509687320161137,0.325,0.3740648379052369,3.076923076923077
2022-12-01 23:00:00,23,14,0,1,12,1,0,7,3,0,3,0,13.966666666666669,112.0,3.0,8.02,35.0,0.3783783783783784,129.002,3.6684538653366583,0.35,0.8728179551122195,3.0
2022-12-02 00:00:00,0,12,0,1,10,1,0,8,3,0,3,0,14.966666666666669,172.0,3.0,8.02,30.0,0.3243243243243243,130.35199999999998,3.892518703241896,0.3,0.9975062344139652,3.0
2022-12-02 01:00:00,1,11,0,0,8,3,0,3,3,0,3,0,15.966666666666669,232.0,3.0,8.02,27.500000000000004,0.2702702702702703,133.84699999999998,1.770176830650646,0.275,0.3740648379052369,2.727272727272727
2022-12-02 02:00:00,2,11,0,0,8,3,0,4,3,0,3,0,16.966666666666665,292.0,3.0,8.02,27.500000000000004,0.2702702702702703,139.48699999999997,2.110235774200861,0.275,0.4987531172069825,2.727272727272727
2022-12-02 03:00:00,3,12,0,1,9,2,0,5,3,0,3,0,17.966666666666665,352.0,3.0,8.02,30.0,0.3153153153153153,147.272,2.693370739817124,0.3,0.6234413965087282,2.9166666666666665
2022-12-02 04:00:00,4,13,0,0,10,3,0,3,3,0,3,0,18.966666666666665,412.0,3.0,8.02,32.5,0.3243243243243243,155.057,1.935871858814502,0.325,0.3740648379052369,2.769230769230769
2022-12-02 05:00:00,5,10,0,0,8,2,0,0,3,0,3,0,19.966666666666665,472.0,3.0,8.02,25.0,0.2522522522522522,154.262,0.7,0.25,0.0,2.8
2022-12-02 06:00:00,6,9,0,1,6,2,0,1,3,0,3,0,20.966666666666665,532.0,3.0,8.02,22.5,0.2342342342342342,157.75699999999998,1.010210584649487,0.225,0.1246882793017456,2.888888888888889
2022-12-02 07:00:00,7,11,0,1,8,2,0,3,4,0,4,0,21.966666666666665,427.0,3.0,8.02,27.500000000000004,0.2962962962962963,181.087,1.8881886193606892,0.275,0.3740648379052369,2.909090909090909
2022-12-02 08:00:00,8,13,0,3,7,3,0,3,5,0,5,0,22.966666666666665,322.0,3.0,6.34,32.5,0.3714285714285714,204.417,2.3945583596214512,0.325,0.473186119873817,3.0
2022-12-02 09:00:00,9,18,0,4,10,4,0,6,5,2,7,2,23.966666666666665,93.0,3.0,6.34,45.0,0.5454545454545454,249.3186136034732,4.189116719242902,0.45,0.946372239747634,3.0
2022-12-02 10:00:00,10,21,0,6,12,3,0,8,7,2,9,2,23.716666666666665,75.0,4.0,10.04,52.5,0.532258064516129,281.1436136034732,4.154268639726808,0.525,0.7968127490039841,3.142857142857143
2022-12-02 11:00:00,11,29,0,6,21,2,0,10,11,2,13,2,24.716666666666665,92.0,4.0,10.04,72.5,0.8425925925925926,357.5436136034732,5.400429317213903,0.725,0.9960159362549802,3.1379310344827585
2022-12-02 12:00:00,12,32,0,6,25,1,0,10,14,2,16,2,25.716666666666665,137.5,4.0,10.04,80.0,1.0520833333333333,409.8186136034733,5.668675298804782,0.8,0.9960159362549802,3.15625
2022-12-02 13:00:00,13,38,1,7,29,1,0,8,17,1,18,1,26.716666666666665,154.5,4.0,10.04,95.0,1.3863636363636365,454.2603068017367,5.608188299433843,0.95,0.7968127490039841,3.210526315789474
2022-12-02 14:00:00,14,32,1,6,24,1,0,11,13,1,14,1,27.716666666666665,156.0,4.0,10.04,80.0,0.9903846153846154,393.4303068017366,6.101518924302789,0.8,1.0956175298804782,3.21875
2022-12-02 15:00:00,15,42,1,8,32,1,0,17,16,2,18,2,28.716666666666665,130.5,4.0,10.04,105.0,1.5340909090909092,474.98861360347325,8.817515651678999,1.05,1.6932270916334662,3.2142857142857144
2022-12-02 16:00:00,16,37,0,5,30,2,0,9,11,1,12,1,8.016666666666667,124.5,4.0,10.04,92.5,1.0178571428571428,266.2473068017366,5.611925271885432,0.925,0.8964143426294822,3.081081081081081
2022-12-02 17:00:00,17,39,0,5,32,1,1,6,12,1,13,1,9.016666666666667,170.0,4.0,10.04,97.5,1.101851851851852,289.5773068017366,4.798475329451425,0.975,0.5976095617529881,3.051282051282051
2022-12-02 18:00:00,18,31,0,4,26,1,0,9,12,1,13,1,10.016666666666667,199.0,4.0,10.04,77.5,0.8888888888888888,278.0573068017367,5.175992802981622,0.775,0.8964143426294822,3.096774193548387
2022-12-02 19:00:00,19,28,0,4,22,2,0,8,12,1,13,1,11.016666666666667,259.0,4.0,10.04,70.0,0.7962962962962963,277.26230680173666,4.59735344336938,0.7,0.7968127490039841,3.071428571428572
2022-12-02 20:00:00,20,28,0,3,23,2,0,12,9,1,10,1,12.016666666666667,254.0,4.0,10.83,70.0,0.7083333333333334,242.7023068017366,5.488672338741591,0.7,1.10803324099723,3.0357142857142856
2022-12-02 21:00:00,21,27,0,2,22,3,0,12,7,0,7,0,13.016666666666667,209.0,4.0,10.83,67.5,0.6060606060606061,205.129,5.283061454806608,0.675,1.10803324099723,2.962962962962963
2022-12-02 22:00:00,22,25,0,5,18,2,0,10,6,0,6,0,14.016666666666667,63.0,3.0,7.13,62.5,0.7647058823529411,193.079,6.325876577840113,0.625,1.402524544179523,3.12
2022-12-02 23:00:00,23,26,1,5,19,1,0,11,8,2,10,2,10.966666666666669,67.0,3.0,7.13,65.0,0.9333333333333332,233.35861360347323,7.084356457007229,0.65,1.5427769985974755,3.230769230769231
2022-12-03 00:00:00,0,23,1,4,17,1,0,11,8,2,10,2,11.966666666666669,107.0,3.0,7.13,57.49999999999999,0.8222222222222222,232.5636136034732,6.813717299835356,0.575,1.5427769985974755,3.217391304347826
2022-12-03 01:00:00,1,22,1,5,13,3,0,5,8,2,10,2,12.966666666666669,167.0,3.0,7.13,55.00000000000001,0.7777777777777778,236.05861360347325,3.981289047558332,0.55,0.7012622720897616,3.1818181818181817
2022-12-03 02:00:00,2,19,0,4,13,2,0,1,8,1,9,1,13.966666666666669,233.0,3.0,7.13,47.5,0.6344086021505376,220.9953068017366,1.910520779508378,0.475,0.1402524544179523,3.1052631578947367
2022-12-03 03:00:00,3,16,0,2,12,2,0,2,8,1,9,1,10.416666666666666,293.0,3.0,7.13,40.0,0.5161290322580645,194.5383068017366,2.041514726507714,0.4,0.2805049088359046,3.0
2022-12-03 04:00:00,4,15,0,2,11,2,0,2,8,2,10,2,11.416666666666666,343.5,3.0,7.13,37.5,0.5,212.3016136034732,1.9665147265077136,0.375,0.2805049088359046,3.0
2022-12-03 05:00:00,5,20,1,2,14,3,0,6,10,2,12,2,12.416666666666666,382.5,3.0,7.13,50.0,0.7261904761904762,255.4666136034732,4.091619915848527,0.5,0.8415147265077139,3.05
2022-12-03 06:00:00,6,22,2,2,13,5,0,3,10,3,13,3,13.416666666666666,431.0,3.0,7.13,55.00000000000001,0.8271604938271605,279.66492040520984,2.956397424454928,0.55,0.4207573632538569,3.0454545454545454
2022-12-03 07:00:00,7,23,2,2,14,5,0,3,10,3,13,3,14.416666666666666,491.0,3.0,7.13,57.49999999999999,0.8641975308641975,287.44992040520987,3.0305658881639124,0.575,0.4207573632538569,3.0434782608695654
2022-12-03 08:00:00,8,23,2,2,16,3,0,6,10,3,13,3,15.416666666666666,551.0,3.0,7.76,57.49999999999999,0.8888888888888888,293.08992040520985,4.220439264903631,0.575,0.7731958762886598,3.130434782608696
2022-12-03 09:00:00,9,21,0,3,16,2,0,10,6,3,9,3,14.45,603.0,3.0,7.76,52.5,0.6881720430107527,229.74792040520984,5.527344133529701,0.525,1.288659793814433,3.0476190476190474
2022-12-03 10:00:00,10,26,0,3,18,5,0,13,7,3,10,3,13.166666666666666,76.0,4.0,11.01,65.0,0.6333333333333333,246.63492040520987,5.351407811080835,0.65,1.1807447774750228,2.923076923076923
2022-12-03 11:00:00,11,27,0,6,18,3,0,6,10,3,13,3,14.166666666666666,107.0,4.0,11.01,67.5,0.7777777777777778,294.6199204052098,3.795428398425674,0.675,0.5449591280653951,3.111111111111111
2022-12-03 12:00:00,12,33,0,7,22,4,0,12,10,3,13,3,13.883333333333333,149.0,4.0,11.01,82.5,0.9444444444444444,305.8919204052098,5.9188382462224425,0.825,1.0899182561307903,3.090909090909091
2022-12-03 13:00:00,13,31,0,7,20,4,0,6,9,1,10,1,14.883333333333333,206.5,4.0,11.01,77.5,0.8,265.3053068017366,4.087615364331546,0.775,0.5449591280653951,3.096774193548387
2022-12-03 14:00:00,14,30,0,7,18,4,1,6,7,1,8,1,15.05,246.0,4.0,11.01,75.0,0.7109375,237.3003068017366,3.928042688465032,0.75,0.5449591280653951,3.033333333333333
2022-12-03 15:00:00,15,25,1,5,15,4,0,10,7,0,7,0,16.05,105.0,4.0,11.01,62.5,0.5909090909090909,217.947,4.783787465940055,0.625,0.9082652134423252,3.12
2022-12-03 16:00:00,16,17,0,5,8,4,0,3,3,0,3,0,6.983333333333333,165.0,4.0,11.01,42.5,0.3513513513513513,96.051,2.133466901747075,0.425,0.2724795640326976,3.0588235294117645
2022-12-03 17:00:00,17,23,0,7,13,3,0,12,4,0,4,0,7.983333333333333,27.0,4.0,11.01,57.49999999999999,0.5069444444444444,127.961,5.284305769458595,0.575,1.0899182561307903,3.1739130434782608
2022-12-03 18:00:00,18,21,0,6,12,3,0,4,5,0,5,0,8.983333333333333,84.0,4.0,11.01,52.5,0.4714285714285714,142.71099999999998,2.7918191254703517,0.525,0.36330608537693,3.142857142857143
2022-12-03 19:00:00,19,19,1,4,11,3,0,9,3,1,4,1,9.983333333333333,62.0,4.0,11.01,47.5,0.4166666666666667,131.5293068017366,4.081385343467661,0.475,0.8174386920980926,3.1578947368421053
2022-12-03 20:00:00,20,22,1,9,9,3,0,12,3,2,5,2,10.983333333333333,84.0,4.0,10.43,55.00000000000001,0.5285714285714286,157.8726136034732,5.719955547807897,0.55,1.1505273250239694,3.363636363636364
2022-12-03 21:00:00,21,27,1,9,14,3,0,12,5,1,6,1,11.983333333333333,97.5,4.0,10.43,67.5,0.6544117647058824,186.7693068017366,6.017478960264196,0.675,1.1505273250239694,3.2962962962962963
2022-12-03 22:00:00,22,29,0,12,16,1,0,11,9,1,10,1,12.983333333333333,68.0,3.0,7.18,72.5,1.0888888888888888,250.29930680173655,7.627216405724715,0.725,1.532033426183844,3.3793103448275863
2022-12-03 23:00:00,23,27,0,11,16,0,0,5,9,1,10,1,9.5,128.0,3.0,7.18,67.5,1.022222222222222,226.3633068017366,4.672846383988445,0.675,0.6963788300835655,3.4074074074074074
2022-12-04 00:00:00,0,22,0,8,13,1,0,6,8,1,9,1,6.45,181.0,3.0,7.18,55.00000000000001,0.7849462365591398,185.0363068017366,4.597853887060015,0.55,0.8356545961002786,3.3181818181818183
2022-12-04 01:00:00,1,18,0,8,9,1,0,3,8,1,9,1,7.45,210.0,3.0,7.18,45.0,0.6559139784946236,182.09630680173663,2.9409702878365835,0.45,0.4178272980501393,3.388888888888889
2022-12-04 02:00:00,2,20,0,7,12,1,0,4,9,2,11,2,8.45,260.0,3.0,7.18,50.0,0.7586206896551724,219.6946136034732,3.4884401114206125,0.5,0.5571030640668524,3.3
2022-12-04 03:00:00,3,18,0,7,10,1,0,4,9,2,11,2,9.45,320.0,3.0,7.18,45.0,0.6896551724137931,221.04461360347324,3.357010213556175,0.45,0.5571030640668524,3.333333333333333
2022-12-04 04:00:00,4,19,0,7,11,1,0,4,9,1,10,1,10.45,385.0,3.0,7.18,47.5,0.7,214.5613068017366,3.42223647559009,0.475,0.5571030640668524,3.3157894736842106
2022-12-04 05:00:00,5,18,0,7,11,0,0,2,9,1,10,1,11.45,445.0,3.0,7.18,45.0,0.6777777777777778,218.05630680173655,2.468980191891055,0.45,0.2785515320334262,3.388888888888889
2022-12-04 06:00:00,6,18,0,7,11,0,0,2,10,1,11,1,12.45,500.0,3.0,7.18,45.0,0.7011494252873564,237.0963068017366,2.468980191891055,0.45,0.2785515320334262,3.388888888888889
2022-12-04 07:00:00,7,20,0,8,12,0,0,2,11,1,12,1,13.45,555.5,3.0,7.18,50.0,0.8095238095238095,260.42630680173664,2.647075208913649,0.5,0.2785515320334262,3.4
2022-12-04 08:00:00,8,20,0,8,12,0,0,3,11,1,12,1,14.45,615.5,3.0,6.41,50.0,0.8095238095238095,266.06630680173663,3.2912636505460218,0.5,0.4680187207488299,3.4
2022-12-04 09:00:00,9,19,0,5,14,0,0,9,6,1,7,1,13.75,484.0,3.0,6.41,47.5,0.6262626262626263,192.9733068017366,6.131656950488546,0.475,1.4040561622464898,3.263157894736842
2022-12-04 10:00:00,10,16,1,4,11,0,0,10,8,1,9,1,14.75,118.0,4.0,10.11,40.0,0.4354838709677419,218.9783068017366,4.688278931750743,0.4,0.9891196834817012,3.375
2022-12-04 11:00:00,11,19,1,2,16,0,0,11,6,1,7,1,15.75,103.0,4.0,10.11,47.5,0.4621212121212121,204.25330680173656,5.018154250611693,0.475,1.0880316518298714,3.210526315789474
2022-12-04 12:00:00,12,18,2,4,11,1,0,12,5,2,7,2,16.75,68.0,4.0,10.11,45.0,0.4621212121212121,208.6166136034732,5.547420046158919,0.45,1.1869436201780417,3.388888888888889
2022-12-04 13:00:00,13,21,2,5,13,1,0,9,4,2,6,2,17.75,106.0,4.0,10.11,52.5,0.5220588235294118,207.29161360347325,4.784749894022891,0.525,0.8902077151335313,3.380952380952381
2022-12-04 14:00:00,14,18,2,3,13,0,0,14,4,1,5,1,18.75,188.0,4.0,10.11,45.0,0.4357142857142857,192.2283068017366,6.217823387185405,0.45,1.3847675568743818,3.388888888888889
2022-12-04 15:00:00,15,16,1,3,12,0,0,7,4,0,4,0,13.5,216.0,4.0,10.11,40.0,0.3680555555555556,144.06,3.6185212660731954,0.4,0.6923837784371909,3.3125
2022-12-04 16:00:00,16,20,1,3,15,1,0,10,5,0,5,0,14.5,59.0,4.0,10.11,50.0,0.4571428571428571,171.68,4.765182987141444,0.5,0.9891196834817012,3.2
2022-12-04 17:00:00,17,18,1,2,12,2,1,10,7,0,7,0,15.5,94.0,4.0,10.11,45.0,0.4090909090909091,199.83,4.317359050445104,0.45,0.9891196834817012,3.0
2022-12-04 18:00:00,18,22,2,2,16,1,1,12,7,1,8,1,16.5,69.0,4.0,10.11,55.00000000000001,0.5390625,228.31830680173664,5.4476868087402215,0.55,1.1869436201780417,3.136363636363636
2022-12-04 19:00:00,19,23,1,1,17,3,1,12,6,1,7,1,17.5,114.0,4.0,10.11,57.49999999999999,0.5075757575757576,222.7033068017366,5.132618371822991,0.575,1.1869436201780417,2.9130434782608696
2022-12-04 20:00:00,20,21,0,1,15,4,1,8,3,0,3,0,18.5,217.0,4.0,10.88,52.5,0.3918918918918919,169.58499999999998,3.480812324929972,0.525,0.7352941176470589,2.761904761904762
2022-12-04 21:00:00,21,17,0,2,13,2,0,10,4,0,4,0,7.766666666666667,47.5,4.0,10.88,42.5,0.3541666666666667,113.869,4.032352941176471,0.425,0.9191176470588236,3.0
2022-12-04 22:00:00,22,19,1,3,14,1,0,7,5,0,5,0,8.766666666666667,104.0,3.0,7.18,47.5,0.580952380952381,137.199,4.655039583638764,0.475,0.9749303621169916,3.210526315789474
2022-12-04 23:00:00,23,17,1,3,11,2,0,8,4,0,4,0,9.766666666666667,144.5,3.0,7.18,42.5,0.5,125.149,4.889242995248239,0.425,1.1142061281337048,3.176470588235294
2022-12-05 00:00:00,0,18,1,3,13,1,0,10,6,1,7,1,10.766666666666667,145.0,3.0,7.18,45.0,0.5858585858585859,174.0023068017366,5.937774682760756,0.45,1.392757660167131,3.2222222222222223
2022-12-05 01:00:00,1,21,2,2,13,3,1,8,6,2,8,2,11.766666666666667,148.5,3.0,7.18,52.5,0.6666666666666666,200.34561360347325,4.995675819074148,0.525,1.1142061281337048,3.0476190476190474
2022-12-05 02:00:00,2,19,1,5,11,1,1,4,7,4,11,4,12.766666666666667,148.0,3.0,7.18,47.5,0.7011494252873564,243.63222720694648,3.313594047793579,0.475,0.5571030640668524,3.210526315789474
2022-12-05 03:00:00,3,17,1,5,9,1,1,2,8,4,12,4,13.766666666666667,199.0,3.0,7.18,42.5,0.6547619047619048,258.3822272069465,2.27619613304932,0.425,0.2785515320334262,3.235294117647059
2022-12-05 04:00:00,4,24,1,4,17,1,1,8,8,3,11,3,14.766666666666667,268.0,3.0,7.18,60.0,0.8620689655172413,264.7689204052098,5.356894150417828,0.6,1.1142061281337048,3.125
2022-12-05 05:00:00,5,21,1,4,14,1,1,3,9,1,10,1,15.766666666666667,330.0,3.0,7.18,52.5,0.7333333333333333,248.83730680173664,2.9631715081575805,0.525,0.4178272980501393,3.142857142857143
2022-12-05 06:00:00,6,21,1,4,14,1,1,2,9,1,10,1,16.766666666666666,390.0,3.0,7.18,52.5,0.7333333333333333,254.47730680173663,2.5254476721050536,0.525,0.2785515320334262,3.142857142857143
2022-12-05 07:00:00,7,19,2,4,11,1,1,3,11,1,12,1,17.766666666666666,439.0,3.0,7.18,47.5,0.7380952380952381,282.6273068017366,2.9134364462688755,0.475,0.4178272980501393,3.263157894736842
2022-12-05 08:00:00,8,21,2,4,13,1,1,5,13,0,13,0,18.766666666666666,394.0,3.0,7.33,52.5,0.8395061728395061,305.089,3.908796206067693,0.525,0.6821282401091405,3.238095238095238
2022-12-05 09:00:00,9,21,2,3,16,0,0,6,11,0,11,0,16.883333333333333,568.0,3.0,7.33,52.5,0.8045977011494253,267.667,4.4785129604365626,0.525,0.8185538881309686,3.333333333333333
2022-12-05 10:00:00,10,25,2,5,18,0,0,13,13,0,13,0,17.883333333333333,161.0,4.0,10.58,62.5,0.7777777777777778,308.687,6.228544423440454,0.625,1.2287334593572778,3.36
2022-12-05 11:00:00,11,27,3,3,21,0,0,11,13,2,15,2,14.083333333333334,78.0,4.0,10.58,67.5,0.9,320.0816136034732,5.715658475110272,0.675,1.0396975425330812,3.333333333333333
2022-12-05 12:00:00,12,34,2,6,24,2,0,12,15,2,17,2,15.083333333333334,126.0,4.0,10.58,85.0,1.1956521739130437,367.5366136034732,6.419520738352051,0.85,1.1342155009451795,3.235294117647059
2022-12-05 13:00:00,13,32,2,5,23,2,0,10,12,2,14,2,13.466666666666669,169.0,4.0,10.58,80.0,0.9903846153846154,313.9286136034732,5.617296786389414,0.8,0.945179584120983,3.21875
2022-12-05 14:00:00,14,35,2,5,25,2,1,11,13,2,15,2,14.466666666666669,180.0,4.0,10.58,87.5,1.1,339.4036136034732,6.017620847961112,0.875,1.0396975425330812,3.142857142857143
2022-12-05 15:00:00,15,30,1,6,20,3,0,12,12,3,15,3,4.733333333333333,80.0,4.0,10.58,75.0,0.95,274.65092040520983,5.966682419659735,0.75,1.1342155009451795,3.1666666666666665
2022-12-05 16:00:00,16,33,1,7,22,3,0,11,14,3,17,3,5.733333333333333,76.0,4.0,10.58,82.5,1.141304347826087,313.52592040520983,5.93312854442344,0.825,1.0396975425330812,3.1818181818181817
2022-12-05 17:00:00,17,36,1,7,23,5,0,9,17,3,20,3,6.733333333333333,130.5,4.0,10.58,90.0,1.4,365.8009204052098,5.446502835538753,0.9,0.8506616257088847,3.111111111111111
2022-12-05 18:00:00,18,31,1,7,17,6,0,2,16,2,18,2,7.733333333333333,194.5,4.0,10.58,77.5,1.0909090909090908,333.0476136034732,2.9854015488749317,0.775,0.1890359168241966,3.096774193548387
2022-12-05 19:00:00,19,29,1,6,17,5,0,6,13,1,14,1,8.733333333333333,254.5,4.0,10.58,72.5,0.8653846153846154,279.9293068017366,4.009989570432175,0.725,0.5671077504725898,3.103448275862069
2022-12-05 20:00:00,20,26,0,7,14,5,0,12,10,1,11,1,9.733333333333333,101.0,4.0,11.69,65.0,0.6896551724137931,238.93430680173665,5.158518128578008,0.65,1.0265183917878526,3.076923076923077
2022-12-05 21:00:00,21,22,0,8,11,3,0,9,8,1,9,1,10.733333333333333,105.0,4.0,11.69,55.00000000000001,0.5725806451612904,209.19430680173664,4.259641107395598,0.55,0.7698887938408896,3.227272727272727
2022-12-05 22:00:00,22,23,0,7,13,2,1,11,8,0,8,0,8.183333333333334,139.0,3.0,8.440000000000001,57.49999999999999,0.75,182.689,5.879950546053987,0.575,1.3033175355450235,3.130434782608696
2022-12-05 23:00:00,23,21,0,6,13,2,0,9,8,0,8,0,9.183333333333334,199.0,3.0,8.440000000000001,52.5,0.6979166666666666,184.039,5.077166553825322,0.525,1.0663507109004735,3.1904761904761907
2022-12-06 00:00:00,0,19,0,5,10,4,0,5,7,0,7,0,10.183333333333334,263.0,3.0,8.440000000000001,47.5,0.5858585858585859,171.989,3.25843103018209,0.475,0.5924170616113743,3.0526315789473686
2022-12-06 01:00:00,1,14,0,3,9,2,0,3,6,0,6,0,11.183333333333334,319.0,3.0,8.440000000000001,35.0,0.4215686274509804,153.50400000000002,2.166740013540961,0.35,0.3554502369668246,3.071428571428572
2022-12-06 02:00:00,2,14,0,3,8,3,0,5,6,0,6,0,12.183333333333334,379.0,3.0,8.440000000000001,35.0,0.4117647058823529,159.144,2.827251184834122,0.35,0.5924170616113743,3.0
2022-12-06 03:00:00,3,16,0,5,10,1,0,5,7,0,7,0,13.183333333333334,435.0,3.0,8.440000000000001,40.0,0.5252525252525253,182.474,3.2253554502369663,0.4,0.5924170616113743,3.25
2022-12-06 04:00:00,4,14,0,5,8,1,0,0,7,0,7,0,14.183333333333334,495.0,3.0,8.440000000000001,35.0,0.4646464646464646,183.824,1.15,0.35,0.0,3.2857142857142856
2022-12-06 05:00:00,5,14,0,5,8,1,0,0,7,0,7,0,15.183333333333334,555.0,3.0,8.440000000000001,35.0,0.4646464646464646,189.464,1.15,0.35,0.0,3.2857142857142856
2022-12-06 06:00:00,6,15,0,5,9,1,0,2,7,0,7,0,16.183333333333334,615.0,3.0,8.440000000000001,37.5,0.494949494949495,197.249,1.999091627172196,0.375,0.2369668246445497,3.2666666666666666
2022-12-06 07:00:00,7,16,0,5,10,1,0,3,8,0,8,0,17.183333333333334,622.0,3.0,8.440000000000001,40.0,0.5416666666666666,218.43400000000003,2.45521327014218,0.4,0.3554502369668246,3.25
2022-12-06 08:00:00,8,17,1,5,9,1,1,5,8,1,9,1,18.183333333333334,548.0,3.0,7.23,42.5,0.5913978494623656,240.48730680173665,3.6124094866162233,0.425,0.6915629322268326,3.235294117647059
2022-12-06 09:00:00,9,24,2,6,13,3,0,9,10,2,12,2,19.183333333333334,128.0,3.0,7.23,60.0,0.9404761904761904,302.21061360347323,6.072510373443984,0.6,1.2448132780082988,3.2916666666666665
2022-12-06 10:00:00,10,21,2,5,14,0,0,5,9,3,12,3,20.183333333333334,121.5,4.0,10.48,52.5,0.6428571428571429,302.28392040520987,3.43576881134133,0.525,0.4770992366412213,3.4285714285714284
2022-12-06 11:00:00,11,26,3,6,16,0,1,7,13,2,15,2,21.183333333333334,150.0,4.0,10.48,65.0,0.88,357.9806136034732,4.460716382853788,0.65,0.6679389312977099,3.3846153846153846
2022-12-06 12:00:00,12,25,3,6,16,0,0,4,13,2,15,2,22.183333333333334,186.0,4.0,10.48,62.5,0.87,361.4756136034732,3.5032442748091603,0.625,0.381679389312977,3.48
2022-12-06 13:00:00,13,26,3,7,16,0,0,4,14,2,16,2,23.183333333333334,198.0,4.0,10.48,65.0,0.9479166666666666,382.6606136034733,3.610877862595419,0.65,0.381679389312977,3.5
2022-12-06 14:00:00,14,32,3,7,18,2,2,11,15,2,17,2,24.183333333333334,218.0,4.0,10.48,80.0,1.1195652173913044,414.5706136034733,5.9534589694656495,0.8,1.049618320610687,3.21875
2022-12-06 15:00:00,15,32,2,10,16,3,1,6,16,1,17,1,25.183333333333334,247.0,4.0,10.48,80.0,1.141304347826087,419.34230680173664,4.503578244274809,0.8,0.5725190839694656,3.28125
2022-12-06 16:00:00,16,28,0,8,17,3,0,5,14,0,14,0,26.183333333333334,200.0,4.0,10.48,70.0,0.8557692307692307,375.334,3.741494002181025,0.7,0.4770992366412213,3.1785714285714284
2022-12-06 17:00:00,17,33,1,9,21,2,0,12,16,0,16,0,27.183333333333334,169.0,4.0,10.48,82.5,1.125,418.499,6.447397640527411,0.825,1.1450381679389312,3.272727272727273
2022-12-06 18:00:00,18,35,1,13,17,4,0,12,15,2,17,2,28.183333333333334,175.0,4.0,10.48,87.5,1.2608695652173914,443.56561360347325,6.694983642311887,0.875,1.1450381679389312,3.3142857142857145
2022-12-06 19:00:00,19,28,1,9,14,4,0,3,13,2,15,2,29.183333333333334,230.0,4.0,10.48,70.0,0.91,407.3906136034733,3.2053435114503817,0.7,0.2862595419847328,3.25
2022-12-06 20:00:00,20,26,2,5,14,5,0,8,12,3,15,3,21.966666666666665,189.0,4.0,9.7,65.0,0.82,363.2669204052098,4.65111022997621,0.65,0.8247422680412372,3.1538461538461537
2022-12-06 21:00:00,21,34,2,8,18,6,0,11,13,3,16,3,22.966666666666665,230.0,4.0,9.7,85.0,1.125,399.4669204052098,6.302183141297756,0.85,1.1340206185567012,3.176470588235294
2022-12-06 22:00:00,22,23,0,6,13,4,0,7,11,2,13,2,23.966666666666665,249.0,3.0,6.449999999999999,57.49999999999999,0.8765432098765432,340.44361360347324,5.125185372430065,0.575,1.0852713178294575,3.0869565217391304
2022-12-06 23:00:00,23,32,2,8,17,5,0,12,14,3,17,3,24.966666666666665,200.0,3.0,6.449999999999999,80.0,1.4927536231884058,419.85692040520985,8.563372093023258,0.8,1.86046511627907,3.21875
2022-12-07 00:00:00,0,33,2,7,18,5,1,7,14,2,16,2,25.966666666666665,240.0,3.0,6.449999999999999,82.5,1.4305555555555556,413.3736136034733,5.962361992013155,0.825,1.0852713178294575,3.121212121212121
2022-12-07 01:00:00,1,28,2,5,16,4,1,4,14,2,16,2,26.966666666666665,300.0,3.0,6.449999999999999,70.0,1.2083333333333333,408.2886136034732,4.101910299003322,0.7,0.62015503875969,3.107142857142857
2022-12-07 02:00:00,2,28,2,5,17,3,1,3,14,2,16,2,27.966666666666665,360.0,3.0,6.449999999999999,70.0,1.2222222222222223,413.9286136034732,3.6617940199335552,0.7,0.4651162790697675,3.142857142857143
2022-12-07 03:00:00,3,29,2,5,19,3,0,4,15,2,17,2,28.966666666666665,400.0,3.0,6.449999999999999,72.5,1.3478260869565215,435.11361360347325,4.313773055332799,0.725,0.62015503875969,3.206896551724138
2022-12-07 04:00:00,4,33,1,6,23,3,0,7,18,1,19,1,29.966666666666665,396.0,3.0,6.449999999999999,82.5,1.6507936507936507,475.2653068017365,6.02024900164435,0.825,1.0852713178294575,3.1515151515151514
2022-12-07 05:00:00,5,33,1,8,21,3,0,4,20,1,21,1,30.966666666666665,434.0,3.0,6.449999999999999,82.5,1.8596491228070176,507.7053068017367,4.642013154803852,0.825,0.62015503875969,3.212121212121212
2022-12-07 06:00:00,6,31,1,9,18,3,0,2,21,1,22,1,31.966666666666665,493.0,3.0,6.449999999999999,77.5,1.8703703703703705,522.4553068017366,3.5352525631407854,0.775,0.310077519379845,3.2580645161290325
2022-12-07 07:00:00,7,30,1,8,18,3,0,2,22,1,23,1,32.96666666666667,552.0,3.0,6.449999999999999,75.0,1.9019607843137252,539.3503068017366,3.427583979328166,0.75,0.310077519379845,3.2333333333333334
2022-12-07 08:00:00,8,29,2,7,17,3,0,4,23,1,24,1,21.933333333333334,582.5,3.0,8.29,72.5,1.9791666666666667,488.3773068017367,3.955633085146209,0.725,0.4825090470446321,3.2758620689655173
2022-12-07 09:00:00,9,35,2,8,23,2,0,13,21,2,23,2,19.78333333333333,355.0,3.0,8.29,87.5,2.2549019607843137,476.58961360347325,8.027507323798035,0.875,1.5681544028950545,3.2857142857142856
2022-12-07 10:00:00,10,29,2,7,19,1,0,3,19,2,21,2,19.133333333333333,415.0,4.0,11.61,72.5,1.2763157894736843,433.2536136034733,3.2892965339035904,0.725,0.2583979328165375,3.3448275862068964
2022-12-07 11:00:00,11,35,2,8,22,3,0,9,19,2,21,2,20.133333333333333,413.0,4.0,11.61,87.5,1.5,451.7636136034732,5.374916943521595,0.875,0.7751937984496124,3.257142857142857
2022-12-07 12:00:00,12,31,2,7,20,2,0,8,19,2,21,2,21.133333333333333,362.0,4.0,11.61,77.5,1.3421052631578947,448.8236136034733,4.817233475035426,0.775,0.6890611541774333,3.290322580645161
2022-12-07 13:00:00,13,25,1,6,16,2,0,1,16,2,18,2,22.133333333333333,475.0,4.0,11.61,62.5,0.9204545454545454,401.3936136034732,2.3040697674418604,0.625,0.0861326442721791,3.24
2022-12-07 14:00:00,14,23,1,5,14,3,0,4,13,2,15,2,23.133333333333333,629.0,4.0,11.61,57.49999999999999,0.73,362.5436136034732,2.9185100924989698,0.575,0.3445305770887166,3.1739130434782608
2022-12-07 15:00:00,15,21,1,4,14,2,0,5,10,2,12,2,21.8,418.0,4.0,11.61,52.5,0.5982142857142857,310.5336136034732,3.0490207538657152,0.525,0.4306632213608958,3.1904761904761907
2022-12-07 16:00:00,16,22,1,4,15,2,0,5,9,1,10,1,22.716666666666665,423.5,4.0,11.61,55.00000000000001,0.5833333333333334,290.1803068017366,3.1202920679664867,0.55,0.4306632213608958,3.1818181818181817
2022-12-07 17:00:00,17,20,2,3,13,2,0,2,9,1,10,1,23.716666666666665,385.0,4.0,11.61,50.0,0.5416666666666666,291.53030680173663,2.1848621877691645,0.5,0.1722652885443583,3.25
2022-12-07 18:00:00,18,21,2,5,13,1,0,8,11,1,12,1,24.716666666666665,320.5,4.0,11.61,52.5,0.6339285714285714,326.1153068017366,4.104682949837989,0.525,0.6890611541774333,3.380952380952381
2022-12-07 19:00:00,19,22,1,5,15,1,0,7,10,2,12,2,25.716666666666665,303.0,4.0,11.61,55.00000000000001,0.6428571428571429,334.7686136034732,3.773220577871741,0.55,0.6029285099052542,3.272727272727273
2022-12-07 20:00:00,20,19,1,5,12,1,0,8,6,1,7,1,26.716666666666665,131.0,4.0,10.14,47.5,0.4772727272727273,266.10530680173656,4.191007474307069,0.475,0.7889546351084812,3.3157894736842106
2022-12-07 21:00:00,21,20,1,5,12,2,0,8,6,2,8,2,27.716666666666665,177.5,4.0,10.14,50.0,0.5078125,288.1586136034732,4.189102564102564,0.5,0.7889546351084812,3.25
2022-12-07 22:00:00,22,16,1,5,8,2,0,8,5,1,6,1,28.716666666666665,208.0,3.0,6.82,40.0,0.5196078431372549,257.5503068017366,5.210630498533724,0.4,1.1730205278592374,3.3125
2022-12-07 23:00:00,23,15,1,4,7,3,0,9,3,0,3,0,29.716666666666665,341.0,3.0,6.82,37.5,0.4324324324324324,219.977,5.422873900293255,0.375,1.3196480938416422,3.2
2022-12-08 00:00:00,0,16,1,4,9,2,0,8,4,0,4,0,30.716666666666665,278.5,3.0,6.82,40.0,0.4814814814814814,241.162,5.112316715542521,0.4,1.1730205278592374,3.25
2022-12-08 01:00:00,1,14,1,5,6,2,0,4,5,0,5,0,31.716666666666665,216.0,3.0,6.82,35.0,0.4476190476190476,255.912,3.143998743192291,0.35,0.5865102639296187,3.357142857142857
2022-12-08 02:00:00,2,19,2,4,10,3,0,6,5,1,6,1,32.71666666666667,209.5,3.0,6.82,47.5,0.6078431372549019,286.5453068017366,4.420813397129186,0.475,0.8797653958944281,3.263157894736842
2022-12-08 03:00:00,3,20,2,4,12,2,0,3,6,1,7,1,33.71666666666667,203.0,3.0,6.82,50.0,0.6666666666666666,307.7303068017366,3.1016129032258064,0.5,0.4398826979472141,3.3
2022-12-08 04:00:00,4,17,2,4,9,2,0,3,6,1,7,1,34.71666666666667,263.0,3.0,6.82,42.5,0.5757575757575758,306.9353068017366,2.8999008107641884,0.425,0.4398826979472141,3.3529411764705883
2022-12-08 05:00:00,5,18,1,4,11,2,0,2,6,0,6,0,35.71666666666667,389.5,3.0,6.82,45.0,0.5686274509803921,300.452,2.394933202997719,0.45,0.2932551319648093,3.2222222222222223
2022-12-08 06:00:00,6,18,1,4,11,2,0,2,6,0,6,0,36.71666666666667,449.5,3.0,6.82,45.0,0.5686274509803921,306.092,2.394933202997719,0.45,0.2932551319648093,3.2222222222222223
2022-12-08 07:00:00,7,15,1,4,9,1,0,0,6,0,6,0,22.3,509.5,3.0,6.82,37.5,0.4901960784313725,218.347,1.25,0.375,0.0,3.333333333333333
2022-12-08 08:00:00,8,17,1,4,12,0,0,7,7,0,7,0,15.566666666666666,503.0,3.0,6.74,42.5,0.5757575757575758,198.061,4.907283120963519,0.425,1.0385756676557862,3.3529411764705883
2022-12-08 09:00:00,9,17,1,4,12,0,0,6,4,0,4,0,16.566666666666666,466.5,3.0,6.74,42.5,0.5277777777777778,163.50099999999998,4.409814103683016,0.425,0.8902077151335311,3.3529411764705883
2022-12-08 10:00:00,10,15,1,4,10,0,0,6,3,0,3,0,17.566666666666666,430.0,4.0,9.99,37.5,0.3445945945945945,151.451,3.317042042042042,0.375,0.6006006006006006,3.4
2022-12-08 11:00:00,11,21,2,4,15,0,0,13,8,0,8,0,18.566666666666663,45.5,4.0,9.99,52.5,0.5546875,236.961,6.174637732971066,0.525,1.3013013013013013,3.380952380952381
2022-12-08 12:00:00,12,20,1,4,15,0,0,5,9,0,9,0,9.166666666666666,81.0,4.0,9.99,50.0,0.532258064516129,195.2,3.3016516516516514,0.5,0.5005005005005005,3.3
2022-12-08 13:00:00,13,22,1,3,18,0,0,8,8,1,9,1,4.15,129.0,4.0,9.99,55.00000000000001,0.5725806451612904,172.06430680173662,4.359402584402584,0.55,0.8008008008008007,3.227272727272727
2022-12-08 14:00:00,14,26,1,4,21,0,0,7,9,1,10,1,5.15,147.0,4.0,9.99,65.0,0.7,199.68430680173665,4.363802263802264,0.65,0.7007007007007007,3.230769230769231
2022-12-08 15:00:00,15,24,1,4,19,0,0,5,9,1,10,1,6.15,191.0,4.0,9.99,60.0,0.65,201.03430680173665,3.5766266266266262,0.6,0.5005005005005005,3.25
2022-12-08 16:00:00,16,24,0,4,20,0,0,8,9,1,10,1,7.15,191.0,4.0,9.99,60.0,0.6333333333333333,206.6743068017366,4.435869202535868,0.6,0.8008008008008007,3.1666666666666665
2022-12-08 17:00:00,17,25,0,4,19,2,0,7,7,1,8,1,8.15,192.0,4.0,9.99,62.5,0.6015625,187.65930680173665,4.083158158158158,0.625,0.7007007007007007,3.08
2022-12-08 18:00:00,18,23,1,4,18,0,0,7,9,0,9,0,9.15,167.0,4.0,9.99,57.49999999999999,0.6048387096774194,201.541,4.159893589241415,0.575,0.7007007007007007,3.260869565217391
2022-12-08 19:00:00,19,21,1,3,16,1,0,8,7,0,7,0,8.35,227.0,4.0,9.99,52.5,0.5075757575757576,165.939,4.229935888269222,0.525,0.8008008008008007,3.1904761904761907
2022-12-08 20:00:00,20,22,2,5,14,1,0,8,7,1,8,1,9.35,132.5,4.0,10.02,55.00000000000001,0.578125,187.99230680173665,4.535538014879332,0.55,0.7984031936127745,3.363636363636364
2022-12-08 21:00:00,21,24,2,5,16,1,0,8,9,1,10,1,10.35,116.5,4.0,10.02,60.0,0.6666666666666666,224.7223068017366,4.661343978709248,0.6,0.7984031936127745,3.333333333333333
2022-12-08 22:00:00,22,25,1,5,19,0,0,10,7,0,7,0,7.616666666666666,81.0,3.0,6.77,62.5,0.8282828282828283,170.383,6.894903988183161,0.625,1.4771048744460855,3.28
2022-12-08 23:00:00,23,25,1,5,19,0,0,9,6,0,6,0,8.616666666666667,133.5,3.0,6.77,62.5,0.803921568627451,162.623,6.410413589364845,0.625,1.3293943870014773,3.28
2022-12-09 00:00:00,0,19,0,6,13,0,0,5,8,0,8,0,9.616666666666667,160.5,3.0,6.77,47.5,0.65625,182.193,4.0238843971079845,0.475,0.7385524372230429,3.3157894736842106
2022-12-09 01:00:00,1,21,0,7,14,0,0,4,9,0,9,0,10.616666666666667,195.0,3.0,6.77,52.5,0.7526881720430108,205.523,3.719473165928114,0.525,0.5908419497784343,3.333333333333333
2022-12-09 02:00:00,2,18,0,6,12,0,0,1,9,0,9,0,11.616666666666667,255.0,3.0,6.77,45.0,0.6451612903225806,204.728,1.9923682914820289,0.45,0.1477104874446085,3.333333333333333
2022-12-09 03:00:00,3,17,0,6,11,0,0,2,9,0,9,0,12.616666666666667,315.0,3.0,6.77,42.5,0.6129032258064516,208.223,2.41552915109914,0.425,0.2954209748892171,3.3529411764705883
2022-12-09 04:00:00,4,17,0,6,11,0,0,0,9,0,9,0,13.616666666666667,375.0,3.0,6.77,42.5,0.6129032258064516,213.863,1.425,0.425,0.0,3.3529411764705883
2022-12-09 05:00:00,5,19,0,6,13,0,0,3,10,0,10,0,14.616666666666667,413.0,3.0,6.77,47.5,0.7,237.193,3.044330638264791,0.475,0.4431314623338257,3.3157894736842106
2022-12-09 06:00:00,6,20,0,8,12,0,0,3,12,1,13,1,15.616666666666667,364.0,3.0,6.77,50.0,0.8395061728395061,286.0463068017366,3.2066469719350077,0.5,0.4431314623338257,3.4
2022-12-09 07:00:00,7,21,0,7,14,0,0,4,12,1,13,1,16.616666666666667,424.0,3.0,6.77,52.5,0.8641975308641975,293.8313068017366,3.719473165928114,0.525,0.5908419497784343,3.333333333333333
2022-12-09 08:00:00,8,22,0,7,15,0,0,3,13,1,14,1,17.616666666666667,482.0,3.0,6.35,55.00000000000001,0.935897435897436,315.0163068017366,3.392644953471726,0.55,0.4724409448818898,3.3181818181818183
2022-12-09 09:00:00,9,16,0,5,10,1,0,2,7,1,8,1,17.066666666666666,230.0,3.0,6.35,40.0,0.5416666666666666,218.64430680173663,2.3236220472440947,0.4,0.3149606299212598,3.25
2022-12-09 10:00:00,10,19,1,5,12,1,0,7,9,1,10,1,18.066666666666663,264.0,4.0,9.67,47.5,0.525,257.5193068017366,3.975261252925488,0.475,0.7238883143743536,3.3157894736842106
2022-12-09 11:00:00,11,25,2,5,16,1,1,9,9,1,10,1,19.066666666666663,324.0,4.0,9.67,62.5,0.675,276.0293068017366,5.040511892450879,0.625,0.9307135470527405,3.24
2022-12-09 12:00:00,12,25,1,4,19,1,0,5,10,1,11,1,20.066666666666663,373.0,4.0,9.67,62.5,0.6896551724137931,295.0693068017366,3.6546018614270954,0.625,0.5170630816959669,3.2
2022-12-09 13:00:00,13,28,1,3,23,1,0,6,10,1,11,1,21.066666666666663,407.0,4.0,9.67,70.0,0.7586206896551724,307.1443068017366,4.150066479539076,0.7,0.6204756980351603,3.142857142857143
2022-12-09 14:00:00,14,29,1,3,22,2,1,12,6,1,7,1,22.066666666666663,515.0,4.0,9.67,72.5,0.6666666666666666,261.3293068017366,5.965645615661662,0.725,1.240951396070321,3.034482758620689
2022-12-09 15:00:00,15,27,2,2,20,2,1,7,3,1,4,1,23.066666666666663,333.0,4.0,9.67,67.5,0.5763888888888888,222.4793068017366,4.300286299743383,0.675,0.7238883143743536,3.074074074074074
2022-12-09 16:00:00,16,22,3,0,19,0,0,6,2,0,2,0,24.066666666666663,143.5,4.0,9.67,55.00000000000001,0.4736842105263157,189.726,3.830647739024162,0.55,0.6204756980351603,3.272727272727273
2022-12-09 17:00:00,17,32,3,2,24,3,0,14,5,1,6,1,25.066666666666663,54.5,4.0,9.67,80.0,0.7426470588235294,271.28430680173665,7.094544984488108,0.8,1.4477766287487073,3.15625
2022-12-09 18:00:00,18,31,2,4,24,1,0,9,9,1,10,1,26.066666666666663,83.0,4.0,9.67,77.5,0.8333333333333334,328.37930680173656,5.502301764686259,0.775,0.9307135470527405,3.225806451612903
2022-12-09 19:00:00,19,27,3,3,21,0,0,7,9,2,11,2,27.066666666666663,99.0,4.0,9.67,67.5,0.7758620689655172,339.7076136034732,4.6629610479145125,0.675,0.7238883143743536,3.333333333333333
2022-12-09 20:00:00,20,22,1,3,18,0,0,7,7,2,9,2,28.066666666666663,155.0,4.0,9.99,55.00000000000001,0.5725806451612904,307.8226136034732,4.0363522613522616,0.55,0.7007007007007007,3.227272727272727
2022-12-09 21:00:00,21,22,1,3,16,2,0,10,5,2,7,2,29.066666666666663,142.0,4.0,9.99,55.00000000000001,0.5227272727272727,286.66261360347323,4.86450313950314,0.55,1.001001001001001,3.136363636363636
2022-12-09 22:00:00,22,24,0,3,20,1,0,11,5,0,5,0,30.066666666666663,43.0,3.0,6.67,60.0,0.7047619047619048,268.056,6.93495752123938,0.6,1.6491754122938531,3.083333333333333
2022-12-09 23:00:00,23,23,0,3,20,0,0,10,5,0,5,0,31.066666666666663,99.0,3.0,6.67,57.49999999999999,0.6857142857142857,271.551,6.493305521152467,0.575,1.4992503748125938,3.130434782608696
2022-12-10 00:00:00,0,23,0,1,18,4,0,10,4,0,4,0,32.06666666666667,153.5,3.0,6.67,57.49999999999999,0.6111111111111112,263.791,5.952196727723094,0.575,1.4992503748125938,2.869565217391304
2022-12-10 01:00:00,1,16,0,2,14,0,0,7,4,0,4,0,33.06666666666667,213.5,3.0,6.67,40.0,0.4629629629629629,254.416,4.529610194902549,0.4,1.0494752623688155,3.125
2022-12-10 02:00:00,2,14,0,2,12,0,0,1,4,0,4,0,34.06666666666667,273.5,3.0,6.67,35.0,0.4074074074074074,255.766,1.5711929749411009,0.35,0.1499250374812593,3.142857142857143
2022-12-10 03:00:00,3,14,0,2,12,0,0,3,5,0,5,0,35.06666666666667,328.0,3.0,6.67,35.0,0.419047619047619,274.80600000000004,2.5135789248233027,0.35,0.4497751124437781,3.142857142857143
2022-12-10 04:00:00,4,16,0,3,12,1,0,2,5,0,5,0,36.06666666666667,388.0,3.0,6.67,40.0,0.4761904761904761,284.736,2.187031484257871,0.4,0.2998500749625187,3.125
2022-12-10 05:00:00,5,17,0,3,13,1,0,4,5,0,5,0,37.06666666666667,448.0,3.0,6.67,42.5,0.5047619047619047,292.521,3.1946534085898226,0.425,0.5997001499250375,3.117647058823529
2022-12-10 06:00:00,6,14,0,4,10,0,0,4,7,0,7,0,38.06666666666667,471.0,3.0,6.67,35.0,0.4646464646464646,318.526,3.1204433497536943,0.35,0.5997001499250375,3.2857142857142856
2022-12-10 07:00:00,7,11,0,2,9,0,0,2,7,0,7,0,12.116666666666667,531.0,3.0,6.67,27.500000000000004,0.3535353535353535,165.733,1.8290684203352867,0.275,0.2998500749625187,3.1818181818181817
2022-12-10 08:00:00,8,13,0,3,10,0,0,3,8,0,8,0,13.116666666666667,452.0,3.0,8.850000000000001,32.5,0.4375,189.063,2.1451760104302475,0.325,0.3389830508474575,3.230769230769231
2022-12-10 09:00:00,9,13,0,3,10,0,0,4,5,0,5,0,11.466666666666669,211.0,3.0,8.850000000000001,32.5,0.4,139.55700000000002,2.510234680573664,0.325,0.4519774011299434,3.230769230769231
2022-12-10 10:00:00,10,11,0,3,8,0,0,2,4,0,4,0,7.85,263.5,4.0,11.89,27.500000000000004,0.25,101.469,1.4505008028136708,0.275,0.1682085786375105,3.272727272727273
2022-12-10 11:00:00,11,12,0,2,10,0,0,6,5,0,5,0,8.216666666666667,316.0,4.0,11.89,30.0,0.2714285714285714,119.082,2.547981497056349,0.3,0.5046257359125316,3.1666666666666665
2022-12-10 12:00:00,12,14,0,1,13,0,0,6,7,0,7,0,9.216666666666669,116.0,4.0,11.89,35.0,0.3257575757575757,155.812,2.6249219031599185,0.35,0.5046257359125316,3.071428571428572
2022-12-10 13:00:00,13,21,0,1,17,3,0,11,7,0,7,0,10.216666666666669,85.0,4.0,11.89,52.5,0.4621212121212121,176.46699999999998,4.212332292042132,0.525,0.9251471825063078,2.9047619047619047
2022-12-10 14:00:00,14,26,0,2,22,2,0,12,8,1,9,1,11.216666666666669,122.0,4.0,11.89,65.0,0.6290322580645161,220.50030680173663,4.977754415475189,0.65,1.0092514718250631,3.0
2022-12-10 15:00:00,15,26,2,1,21,2,0,13,8,3,11,3,9.516666666666667,74.0,4.0,11.89,65.0,0.6982758620689655,239.44892040520983,5.431223717409588,0.65,1.0933557611438185,3.1153846153846154
2022-12-10 16:00:00,16,22,2,3,15,2,0,5,6,4,10,4,10.516666666666667,111.0,4.0,11.89,55.00000000000001,0.5916666666666667,223.97722720694645,3.132137395825369,0.55,0.4205214465937762,3.227272727272727
2022-12-10 17:00:00,17,25,2,5,15,3,0,9,8,4,12,4,11.516666666666667,148.0,4.0,11.89,62.5,0.7232142857142857,262.8522272069465,4.477481076534904,0.625,0.7569386038687973,3.24
2022-12-10 18:00:00,18,23,2,4,15,2,0,4,9,3,12,3,12.516666666666667,175.5,4.0,11.89,57.49999999999999,0.6696428571428571,263.3339204052098,2.972012469375068,0.575,0.336417157275021,3.260869565217391
2022-12-10 19:00:00,19,21,1,5,14,1,0,13,6,1,7,1,13.516666666666667,142.0,4.0,11.89,52.5,0.5227272727272727,195.9473068017366,5.317454643758261,0.525,1.0933557611438185,3.2857142857142856
2022-12-10 20:00:00,20,23,2,5,13,3,0,5,6,2,8,2,14.516666666666667,193.5,4.0,10.37,57.49999999999999,0.5859375,220.1456136034732,3.447261121126996,0.575,0.4821600771456123,3.260869565217391
2022-12-10 21:00:00,21,18,2,5,11,0,0,6,6,2,8,2,15.516666666666667,247.0,4.0,10.37,45.0,0.4921875,215.06061360347329,3.6000723240115717,0.45,0.5785920925747348,3.5
2022-12-10 22:00:00,22,12,2,6,4,0,0,6,8,1,9,1,16.516666666666666,239.0,3.0,7.33,30.0,0.4946236559139785,220.36230680173665,4.287789904502047,0.3,0.8185538881309686,3.8333333333333335
2022-12-10 23:00:00,23,17,2,6,9,0,0,9,8,0,8,0,6.366666666666666,134.5,3.0,7.33,42.5,0.6354166666666666,159.57299999999998,5.930745927293155,0.425,1.2278308321964528,3.588235294117647
2022-12-11 00:00:00,0,22,2,7,13,0,0,8,8,0,8,0,7.366666666666666,194.5,3.0,7.33,55.00000000000001,0.8020833333333334,175.93800000000002,5.744918144611187,0.55,1.0914051841746248,3.5
2022-12-11 01:00:00,1,22,2,8,11,1,0,6,9,0,9,0,8.366666666666667,228.0,3.0,7.33,55.00000000000001,0.8279569892473119,194.978,4.789938608458391,0.55,0.8185538881309686,3.5
2022-12-11 02:00:00,2,19,2,7,10,0,0,0,8,0,8,0,9.366666666666667,314.5,3.0,7.33,47.5,0.7083333333333334,180.783,1.7,0.475,0.0,3.5789473684210527
2022-12-11 03:00:00,3,23,2,7,12,2,0,6,8,0,8,0,10.366666666666667,374.5,3.0,7.33,57.49999999999999,0.8125,195.003,4.725965359748503,0.575,0.8185538881309686,3.391304347826087
2022-12-11 04:00:00,4,18,2,7,7,2,0,2,8,0,8,0,11.366666666666667,434.5,3.0,7.33,45.0,0.65625,189.918,2.529979536152797,0.45,0.2728512960436562,3.5
2022-12-11 05:00:00,5,17,2,7,7,1,0,1,9,0,9,0,12.366666666666667,468.0,3.0,7.33,42.5,0.6559139784946236,206.813,2.014527325254795,0.425,0.1364256480218281,3.588235294117647
2022-12-11 06:00:00,6,19,2,7,9,1,0,3,12,0,12,0,13.366666666666667,459.5,3.0,7.33,47.5,0.7976190476190477,256.943,3.118239750125655,0.475,0.4092769440654843,3.526315789473684
2022-12-11 07:00:00,7,21,2,6,9,4,0,3,12,0,12,0,14.366666666666667,519.5,3.0,7.33,52.5,0.8214285714285714,266.87300000000005,3.069767101929449,0.525,0.4092769440654843,3.2857142857142856
2022-12-11 08:00:00,8,21,2,7,10,2,0,3,14,0,14,0,15.366666666666667,500.5,3.0,8.850000000000001,52.5,0.9230769230769232,299.313,2.9622276029055685,0.525,0.3389830508474575,3.4285714285714284
2022-12-11 09:00:00,9,16,1,4,9,2,0,4,9,0,9,0,16.366666666666667,249.0,3.0,8.850000000000001,40.0,0.5591397849462365,227.228,2.7689265536723164,0.4,0.4519774011299434,3.25
2022-12-11 10:00:00,10,18,1,4,12,1,0,7,10,0,10,0,17.366666666666667,166.5,4.0,11.89,45.0,0.4916666666666666,250.558,3.404726193813662,0.45,0.5887300252312868,3.2777777777777777
2022-12-11 11:00:00,11,21,0,7,12,2,0,9,12,1,13,1,18.366666666666667,82.0,4.0,11.89,52.5,0.6296296296296297,303.7013068017366,4.151039288718011,0.525,0.7569386038687973,3.238095238095238
2022-12-11 12:00:00,12,22,0,4,17,1,0,10,7,1,8,1,15.783333333333331,107.0,4.0,11.89,55.00000000000001,0.5390625,224.27630680173664,4.362816346815506,0.55,0.8410428931875525,3.136363636363636
2022-12-11 13:00:00,13,23,0,5,18,0,0,7,8,1,9,1,16.783333333333335,163.0,4.0,11.89,57.49999999999999,0.5967741935483871,245.4613068017366,3.7441748637876175,0.575,0.5887300252312868,3.217391304347826
2022-12-11 14:00:00,14,19,0,4,15,0,0,10,6,1,7,1,17.783333333333335,207.0,4.0,11.89,47.5,0.4621212121212121,215.7213068017366,4.225190341286353,0.475,0.8410428931875525,3.210526315789474
2022-12-11 15:00:00,15,17,0,3,14,0,0,8,6,1,7,1,16.35,191.0,4.0,11.89,42.5,0.4090909090909091,203.3473068017366,3.4872384109236627,0.425,0.6728343145500421,3.176470588235294
2022-12-11 16:00:00,16,17,0,5,11,1,0,10,4,1,5,1,17.35,155.0,4.0,11.89,42.5,0.3928571428571428,182.1873068017366,4.096021125018552,0.425,0.8410428931875525,3.235294117647059
2022-12-11 17:00:00,17,16,0,5,11,0,0,10,7,1,8,1,6.45,52.5,4.0,11.89,40.0,0.4140625,158.76630680173662,4.110954583683768,0.4,0.8410428931875525,3.3125
2022-12-11 18:00:00,18,15,0,3,12,0,0,6,6,1,7,1,5.0,104.0,4.0,11.89,37.5,0.3636363636363636,135.0433068017366,2.814802354920101,0.375,0.5046257359125316,3.2
2022-12-11 19:00:00,19,13,0,3,8,2,0,9,7,0,7,0,3.4,152.0,4.0,11.89,32.5,0.303030303030303,120.861,3.329041858057838,0.325,0.7569386038687973,3.076923076923077
2022-12-11 20:00:00,20,12,0,2,8,2,0,5,5,0,5,0,4.4,84.0,4.0,10.37,30.0,0.2571428571428571,97.556,2.346480231436837,0.3,0.4821600771456123,3.0
2022-12-11 21:00:00,21,13,1,3,7,2,0,8,5,1,6,1,5.4,114.5,4.0,10.37,32.5,0.3088235294117647,119.6093068017366,3.5423967064757806,0.325,0.7714561234329796,3.230769230769231
2022-12-11 22:00:00,22,16,1,3,10,2,0,9,4,1,5,1,6.4,78.0,3.0,7.33,40.0,0.4857142857142857,118.28430680173662,5.188710777626194,0.4,1.2278308321964528,3.1875
2022-12-11 23:00:00,23,18,1,3,12,2,0,9,3,0,3,0,7.4,138.0,3.0,7.33,45.0,0.5135135135135135,100.546,5.3131309686221,0.45,1.2278308321964528,3.1666666666666665
2022-12-12 00:00:00,0,21,1,4,14,2,0,9,3,0,3,0,8.4,198.0,3.0,7.33,52.5,0.6036036036036037,112.621,5.592365036055351,0.525,1.2278308321964528,3.1904761904761907
2022-12-12 01:00:00,1,20,1,4,12,3,0,6,4,0,4,0,9.4,224.5,3.0,7.33,50.0,0.5833333333333334,129.516,4.153444747612551,0.5,0.8185538881309686,3.15
2022-12-12 02:00:00,2,20,1,5,10,4,0,7,5,0,5,0,10.4,251.0,3.0,7.33,50.0,0.6,148.556,4.58318553888131,0.5,0.9549795361527968,3.15
2022-12-12 03:00:00,3,16,1,4,9,2,0,6,6,0,6,0,11.4,239.0,3.0,7.33,40.0,0.5098039215686274,159.016,3.9603001364256487,0.4,0.8185538881309686,3.25
2022-12-12 04:00:00,4,16,1,4,9,2,0,1,6,0,6,0,12.4,299.0,3.0,7.33,40.0,0.5098039215686274,164.656,1.7433833560709413,0.4,0.1364256480218281,3.25
2022-12-12 05:00:00,5,18,1,5,9,3,0,2,6,1,7,1,13.4,287.0,3.0,7.33,45.0,0.5858585858585859,188.8543068017366,2.329187509474003,0.45,0.2728512960436562,3.2222222222222223
2022-12-12 06:00:00,6,18,1,4,10,3,0,2,7,1,8,1,14.4,317.0,3.0,7.33,45.0,0.59375,207.8943068017366,2.2890291041382445,0.45,0.2728512960436562,3.1666666666666665
2022-12-12 07:00:00,7,19,1,5,10,3,0,5,8,2,10,2,12.966666666666669,299.5,3.0,7.33,47.5,0.6777777777777778,229.62361360347325,3.714990665613557,0.475,0.6821282401091405,3.210526315789474
2022-12-12 08:00:00,8,22,1,5,11,5,0,6,11,2,13,2,13.966666666666669,192.0,3.0,6.35,55.00000000000001,0.8395061728395061,281.8986136034732,4.620544022906228,0.55,0.9448818897637796,3.090909090909091
2022-12-12 09:00:00,9,22,1,6,11,4,0,6,9,2,11,2,14.05,171.0,3.0,6.35,55.00000000000001,0.8045977011494253,255.56861360347324,4.756442376521117,0.55,0.9448818897637796,3.1818181818181817
2022-12-12 10:00:00,10,27,2,6,15,4,0,10,10,3,13,3,15.05,136.0,4.0,9.6,67.5,0.8055555555555556,299.60192040520985,5.531481481481482,0.675,1.0416666666666667,3.2222222222222223
2022-12-12 11:00:00,11,31,2,5,19,5,0,12,11,3,14,3,13.8,80.5,4.0,9.6,77.5,0.9326923076923076,314.5319204052098,6.336290322580645,0.775,1.25,3.129032258064516
2022-12-12 12:00:00,12,30,2,5,18,5,0,6,12,3,15,3,14.8,120.0,4.0,9.6,75.0,0.94,331.4269204052098,4.308333333333334,0.75,0.625,3.1333333333333333
2022-12-12 13:00:00,13,29,2,6,19,2,0,8,15,3,18,3,8.2,133.0,4.0,9.6,72.5,1.0795454545454546,332.25792040520986,5.1048850574712645,0.725,0.8333333333333334,3.2758620689655173
2022-12-12 14:00:00,14,33,3,6,21,3,0,13,16,4,20,4,9.2,173.0,4.0,9.6,82.5,1.35,374.1462272069464,7.131818181818183,0.825,1.3541666666666667,3.272727272727273
2022-12-12 15:00:00,15,31,3,5,21,2,0,7,15,3,18,3,10.2,189.5,4.0,9.6,77.5,1.1590909090909092,347.82792040520985,4.949193548387098,0.775,0.7291666666666667,3.290322580645161
2022-12-12 16:00:00,16,28,2,8,16,2,0,8,14,2,16,2,11.2,186.5,4.0,9.6,70.0,0.9791666666666666,319.36461360347323,5.147619047619047,0.7,0.8333333333333334,3.357142857142857
2022-12-12 17:00:00,17,26,2,10,12,2,0,2,12,3,15,3,12.2,235.0,4.0,9.6,65.0,0.9,308.1829204052098,2.9711538461538463,0.65,0.2083333333333333,3.4615384615384617
2022-12-12 18:00:00,18,26,1,9,14,2,0,9,10,2,12,2,13.2,199.0,4.0,9.6,65.0,0.7767857142857143,272.7546136034732,5.312019230769231,0.65,0.9375,3.3461538461538463
2022-12-12 19:00:00,19,23,1,7,14,1,0,5,9,0,9,0,10.316666666666666,228.0,4.0,9.6,57.49999999999999,0.6209677419354839,208.121,3.668659420289855,0.575,0.5208333333333334,3.347826086956522
2022-12-12 20:00:00,20,22,2,5,13,2,0,11,9,0,9,0,11.316666666666666,93.0,4.0,9.6,55.00000000000001,0.5887096774193549,211.616,5.627083333333334,0.55,1.1458333333333337,3.3181818181818183
2022-12-12 21:00:00,21,23,2,4,16,1,0,10,11,0,11,0,8.183333333333334,92.0,4.0,9.6,57.49999999999999,0.6551724137931034,222.889,5.342028985507247,0.575,1.0416666666666667,3.3043478260869565
2022-12-12 22:00:00,22,23,1,4,17,1,0,9,9,0,9,0,6.883333333333334,137.0,3.0,6.35,57.49999999999999,0.7956989247311828,188.757,6.410082163642588,0.575,1.4173228346456694,3.217391304347826
2022-12-12 23:00:00,23,25,1,4,17,3,0,9,8,0,8,0,7.883333333333334,192.5,3.0,6.35,62.5,0.8125,185.287,6.372047244094489,0.625,1.4173228346456694,3.12
2022-12-13 00:00:00,0,23,1,3,17,2,0,14,9,0,9,0,8.883333333333333,220.0,3.0,6.35,57.49999999999999,0.7741935483870968,200.037,8.701745977404999,0.575,2.204724409448819,3.130434782608696
2022-12-13 01:00:00,1,25,1,3,17,4,0,9,10,0,10,0,9.883333333333333,251.0,3.0,6.35,62.5,0.8444444444444444,223.367,6.208661417322835,0.625,1.4173228346456694,3.04
2022-12-13 02:00:00,2,22,1,3,15,3,0,4,9,0,9,0,10.883333333333333,340.0,3.0,6.35,55.00000000000001,0.7311827956989247,209.17200000000005,3.647029348604152,0.55,0.6299212598425197,3.090909090909091
2022-12-13 03:00:00,3,17,1,2,13,1,0,1,8,0,8,0,11.883333333333333,406.5,3.0,6.35,42.5,0.5625,190.687,1.8502315886984717,0.425,0.1574803149606299,3.176470588235294
2022-12-13 04:00:00,4,16,1,3,11,1,0,2,9,0,9,0,12.883333333333333,460.0,3.0,6.35,40.0,0.5591397849462365,207.582,2.3236220472440947,0.4,0.3149606299212598,3.25
2022-12-13 05:00:00,5,17,1,3,12,1,0,1,9,0,9,0,13.883333333333333,520.0,3.0,6.35,42.5,0.5913978494623656,215.367,1.884495136637332,0.425,0.1574803149606299,3.235294117647059
2022-12-13 06:00:00,6,20,1,3,11,5,0,4,9,0,9,0,14.883333333333333,580.0,3.0,6.35,50.0,0.6451612903225806,227.442,3.3897637795275597,0.5,0.6299212598425197,3.0
2022-12-13 07:00:00,7,22,1,3,14,4,0,6,13,0,13,0,15.883333333333333,433.0,3.0,6.35,55.00000000000001,0.8271604938271605,290.972,4.552594846098783,0.55,0.9448818897637796,3.0454545454545454
2022-12-13 08:00:00,8,18,1,3,11,3,0,1,13,0,13,0,16.883333333333333,493.0,3.0,8.39,45.0,0.691358024691358,288.032,1.7708118130049,0.45,0.1191895113230035,3.111111111111111
2022-12-13 09:00:00,9,13,1,3,8,1,0,4,6,0,6,0,17.883333333333333,632.5,3.0,8.39,32.5,0.4215686274509804,189.147,2.6519689190428166,0.325,0.4767580452920142,3.3076923076923075
2022-12-13 10:00:00,10,16,0,4,10,2,0,7,8,0,8,0,17.016666666666666,45.0,4.0,11.64,40.0,0.390625,217.494,3.129295532646048,0.4,0.6013745704467354,3.125
2022-12-13 11:00:00,11,19,0,4,13,2,0,8,12,0,12,0,18.016666666666666,70.5,4.0,11.64,47.5,0.5267857142857143,283.169,3.6092014830891657,0.475,0.6872852233676976,3.1052631578947367
2022-12-13 12:00:00,12,21,0,3,17,1,0,7,10,0,10,0,19.016666666666666,146.5,4.0,11.64,52.5,0.5416666666666666,266.299,3.486397479954181,0.525,0.6013745704467354,3.095238095238096
2022-12-13 13:00:00,13,22,0,6,15,1,0,8,11,1,12,1,20.016666666666666,165.0,4.0,11.64,55.00000000000001,0.6339285714285714,301.7523068017366,3.993056857232115,0.55,0.6872852233676976,3.227272727272727
2022-12-13 14:00:00,14,25,1,7,16,1,0,8,10,1,11,1,21.016666666666666,111.0,4.0,11.64,62.5,0.7155172413793104,300.4273068017366,4.356786941580756,0.625,0.6872852233676976,3.32
2022-12-13 15:00:00,15,26,2,7,17,0,0,9,9,3,12,3,5.083333333333333,151.0,4.0,11.64,65.0,0.7946428571428571,227.84492040520985,4.87170896114195,0.65,0.7731958762886597,3.423076923076923
2022-12-13 16:00:00,16,28,2,10,15,1,0,12,8,2,10,2,6.083333333333333,191.0,4.0,11.64,70.0,0.8083333333333333,210.1066136034732,5.996428571428571,0.7,1.0309278350515465,3.4642857142857144
2022-12-13 17:00:00,17,34,2,13,19,0,0,14,10,2,12,2,7.083333333333333,175.0,4.0,11.64,85.0,1.0625,255.41661360347325,7.184621993127147,0.85,1.2027491408934707,3.5
2022-12-13 18:00:00,18,31,1,11,19,0,0,5,9,3,12,3,8.083333333333334,134.5,4.0,11.64,77.5,0.9464285714285714,255.4899204052099,4.118795033809999,0.775,0.4295532646048109,3.419354838709677
2022-12-13 19:00:00,19,26,0,8,17,1,0,9,11,2,13,2,6.666666666666667,139.0,4.0,11.64,65.0,0.7870370370370371,249.30661360347324,4.652755749405233,0.65,0.7731958762886597,3.269230769230769
2022-12-13 20:00:00,20,32,0,7,24,1,0,13,12,2,14,2,7.666666666666667,106.0,4.0,9.93,80.0,0.9807692307692308,281.2166136034732,6.722960725075529,0.8,1.3091641490433032,3.1875
2022-12-13 21:00:00,21,35,1,7,23,3,1,12,11,2,13,2,8.666666666666666,148.0,4.0,9.93,87.5,1.0092592592592593,279.8916136034733,6.488487268018989,0.875,1.2084592145015105,3.1142857142857143
2022-12-13 22:00:00,22,29,2,6,20,1,0,5,11,0,11,0,9.666666666666666,205.0,3.0,6.68,72.5,1.103448275862069,244.125,4.877803014660334,0.725,0.7485029940119761,3.310344827586207
2022-12-13 23:00:00,23,26,3,4,18,1,0,5,11,0,11,0,10.666666666666666,265.0,3.0,6.68,65.0,1.0,243.33000000000004,4.679606172270843,0.65,0.7485029940119761,3.3461538461538463
2022-12-14 00:00:00,0,21,3,3,14,1,0,3,11,0,11,0,11.666666666666666,325.0,3.0,6.68,52.5,0.8160919540229885,238.245,3.293391787852866,0.525,0.4491017964071856,3.380952380952381
2022-12-14 01:00:00,1,25,3,3,17,2,0,6,13,0,13,0,12.666666666666666,302.0,3.0,6.68,62.5,1.0123456790123455,279.265,4.996107784431138,0.625,0.8982035928143713,3.28
2022-12-14 02:00:00,2,25,4,2,16,3,0,4,12,0,12,0,13.666666666666666,403.5,3.0,6.68,62.5,0.9761904761904762,271.505,4.014071856287425,0.625,0.5988023952095809,3.28
2022-12-14 03:00:00,3,20,4,2,12,2,0,1,10,0,10,0,14.666666666666666,506.5,3.0,6.68,50.0,0.7555555555555555,239.62,2.208982035928144,0.5,0.1497005988023952,3.4
2022-12-14 04:00:00,4,18,3,2,12,1,0,0,10,0,10,0,15.666666666666666,566.5,3.0,6.68,45.0,0.6777777777777778,240.97000000000003,1.525,0.45,0.0,3.388888888888889
2022-12-14 05:00:00,5,17,3,2,11,1,0,0,10,0,10,0,16.666666666666668,626.5,3.0,6.68,42.5,0.6444444444444445,244.46500000000003,1.45,0.425,0.0,3.411764705882353
2022-12-14 06:00:00,6,17,3,2,11,1,0,1,9,0,9,0,17.666666666666668,688.0,3.0,6.68,42.5,0.6236559139784946,236.705,1.960743219443466,0.425,0.1497005988023952,3.411764705882353
2022-12-14 07:00:00,7,19,3,2,13,1,0,3,9,0,9,0,18.666666666666668,748.0,3.0,6.68,47.5,0.6881720430107527,246.635,3.112763945792625,0.475,0.4491017964071856,3.3684210526315788
2022-12-14 08:00:00,8,18,4,2,10,2,0,2,10,0,10,0,19.666666666666668,747.5,3.0,7.13,45.0,0.6888888888888889,263.53000000000003,2.516183574879227,0.45,0.2805049088359046,3.4444444444444446
2022-12-14 09:00:00,9,23,3,3,15,2,0,10,8,2,10,2,20.0,593.5,3.0,7.13,57.49999999999999,0.8444444444444444,277.87161360347324,6.534428928593207,0.575,1.402524544179523,3.3043478260869565
2022-12-14 10:00:00,10,34,3,2,23,4,2,15,9,2,11,2,21.0,584.0,4.0,10.59,85.0,0.8793103448275862,320.5066136034732,6.7992917847025485,0.85,1.4164305949008498,3.0
2022-12-14 11:00:00,11,28,3,3,19,3,0,9,8,3,11,3,22.0,155.0,4.0,10.59,70.0,0.7758620689655172,314.14492040520986,4.981687575880211,0.7,0.8498583569405099,3.2142857142857144
2022-12-14 12:00:00,12,32,2,5,22,3,0,10,8,3,11,3,23.0,206.0,4.0,10.59,80.0,0.8793103448275862,328.3649204052099,5.5599150141643054,0.8,0.9442870632672332,3.1875
2022-12-14 13:00:00,13,32,1,6,24,1,0,6,10,3,13,3,24.0,217.0,4.0,10.59,80.0,0.9537037037037036,360.8049204052098,4.398654390934844,0.8,0.56657223796034,3.21875
2022-12-14 14:00:00,14,29,2,6,21,0,0,5,12,2,14,2,25.0,210.5,4.0,10.59,72.5,0.9326923076923076,372.54161360347325,4.004238709257269,0.725,0.4721435316336166,3.3448275862068964
2022-12-14 15:00:00,15,31,2,5,23,1,0,9,11,3,14,3,26.0,120.5,4.0,10.59,77.5,0.971153846153846,383.3399204052098,5.293893356483597,0.775,0.8498583569405099,3.2580645161290325
2022-12-14 16:00:00,16,28,2,2,19,4,1,9,11,3,14,3,21.9,153.0,4.0,10.59,70.0,0.8076923076923077,353.7809204052098,4.64957507082153,0.7,0.8498583569405099,3.0
2022-12-14 17:00:00,17,28,3,3,18,3,1,4,12,3,15,3,22.9,177.0,4.0,10.59,70.0,0.88,372.8209204052098,3.3871037366788075,0.7,0.3777148253068933,3.142857142857143
2022-12-14 18:00:00,18,29,3,4,18,4,0,7,15,3,18,3,23.9,213.5,4.0,10.59,72.5,1.056818181818182,420.80592040520986,4.444761648920583,0.725,0.6610009442870632,3.206896551724138
2022-12-14 19:00:00,19,27,4,3,16,4,0,7,10,3,13,3,11.683333333333334,204.0,4.0,10.59,67.5,0.8148148148148148,280.61392040520985,4.354373448046725,0.675,0.6610009442870632,3.259259259259259
2022-12-14 20:00:00,20,27,2,4,19,2,0,10,7,3,10,3,12.683333333333334,308.5,4.0,10.13,67.5,0.725,246.05392040520985,5.355870900515521,0.675,0.987166831194472,3.2222222222222223
2022-12-14 21:00:00,21,19,2,3,12,2,0,4,6,3,9,3,13.683333333333334,320.0,4.0,10.13,47.5,0.5,221.13392040520984,2.838512495453837,0.475,0.3948667324777888,3.263157894736842
2022-12-14 22:00:00,22,22,2,5,12,3,0,9,7,3,10,3,14.683333333333334,327.0,3.0,6.67,55.00000000000001,0.8,246.6089204052098,6.215973831266186,0.55,1.3493253373313343,3.272727272727273
2022-12-14 23:00:00,23,19,2,7,8,2,0,7,6,3,9,3,15.683333333333334,334.0,3.0,6.67,47.5,0.7096774193548387,232.41392040520984,5.295545648228517,0.475,1.0494752623688155,3.473684210526316
2022-12-15 00:00:00,0,20,2,7,8,3,0,8,6,3,9,3,16.683333333333334,394.0,3.0,6.67,50.0,0.7311827956989247,240.19892040520983,5.777961019490255,0.5,1.199400299850075,3.4
2022-12-15 01:00:00,1,21,3,7,10,1,0,4,6,4,10,4,17.683333333333334,424.0,3.0,6.67,52.5,0.8333333333333334,262.25222720694643,4.016786249732277,0.525,0.5997001499250375,3.571428571428572
2022-12-15 02:00:00,2,20,3,7,8,2,0,2,6,4,10,4,18.683333333333334,484.0,3.0,6.67,50.0,0.7888888888888889,265.7472272069465,2.839467766116942,0.5,0.2998500749625187,3.55
2022-12-15 03:00:00,3,20,2,7,9,2,0,4,8,3,11,3,19.683333333333334,514.0,3.0,6.67,50.0,0.7931034482758621,283.91892040520986,3.79396551724138,0.5,0.5997001499250375,3.45
2022-12-15 04:00:00,4,18,2,7,7,2,0,0,8,3,11,3,20.683333333333334,574.0,3.0,6.67,45.0,0.7241379310344828,285.2689204052098,1.575,0.45,0.0,3.5
2022-12-15 05:00:00,5,19,2,7,9,1,0,3,8,3,11,3,21.683333333333334,634.0,3.0,6.67,47.5,0.7701149425287356,293.05392040520985,3.2610490807227963,0.475,0.4497751124437781,3.526315789473684
2022-12-15 06:00:00,6,18,2,8,7,1,0,1,9,3,12,3,22.683333333333334,647.5,3.0,6.67,45.0,0.7738095238095238,309.94892040520983,2.166395968682325,0.45,0.1499250374812593,3.611111111111111
2022-12-15 07:00:00,7,18,2,8,7,1,0,0,9,3,12,3,23.683333333333334,707.5,3.0,6.67,45.0,0.7738095238095238,315.5889204052098,1.625,0.45,0.0,3.611111111111111
2022-12-15 08:00:00,8,19,2,8,8,1,0,3,10,3,13,3,24.683333333333334,721.0,3.0,8.39,47.5,0.8395061728395061,336.7739204052099,2.979718963678565,0.475,0.3575685339690107,3.5789473684210527
2022-12-15 09:00:00,9,20,3,7,9,1,0,3,10,3,13,3,25.683333333333334,781.0,3.0,8.39,50.0,0.8888888888888888,344.55892040520985,3.0872467222884383,0.5,0.3575685339690107,3.6
2022-12-15 10:00:00,10,22,3,7,11,1,0,6,10,3,13,3,26.683333333333334,841.0,4.0,11.48,55.00000000000001,0.7222222222222222,354.48892040520985,3.803025023756731,0.55,0.5226480836236934,3.5454545454545454
2022-12-15 11:00:00,11,25,2,7,15,1,0,11,11,3,14,3,27.683333333333334,320.5,4.0,11.48,62.5,0.8173076923076923,379.9639204052098,5.382839721254355,0.625,0.9581881533101044,3.4
2022-12-15 12:00:00,12,28,0,9,18,0,1,10,11,3,14,3,27.58333333333333,129.5,4.0,11.48,70.0,0.875,385.8349204052098,5.106010452961672,0.7,0.8710801393728222,3.25
2022-12-15 13:00:00,13,32,0,13,19,0,0,8,11,3,14,3,28.58333333333333,189.5,4.0,11.48,80.0,1.0480769230769231,400.0549204052098,5.09869337979094,0.8,0.6968641114982578,3.40625
2022-12-15 14:00:00,14,29,0,13,16,0,0,8,10,3,13,3,29.58333333333333,144.0,4.0,11.48,72.5,0.925925925925926,385.8599204052099,4.902979694821578,0.725,0.6968641114982578,3.4482758620689653
2022-12-15 15:00:00,15,29,0,12,16,1,0,9,9,2,11,2,30.58333333333333,150.0,4.0,11.48,72.5,0.8448275862068966,363.8316136034732,5.099285113540791,0.725,0.7839721254355401,3.3793103448275863
2022-12-15 16:00:00,16,29,0,9,20,0,0,15,7,3,10,3,31.58333333333333,99.0,4.0,11.48,72.5,0.8,356.9399204052098,6.725363450678841,0.725,1.3066202090592334,3.310344827586207
2022-12-15 17:00:00,17,31,0,7,22,2,0,8,6,3,9,3,32.583333333333336,134.0,4.0,11.48,77.5,0.7903225806451613,353.4699204052099,4.652989771833202,0.775,0.6968641114982578,3.161290322580645
2022-12-15 18:00:00,18,26,2,5,17,1,1,8,6,5,11,5,33.583333333333336,158.0,4.0,11.48,65.0,0.7241379310344828,376.9215340086831,4.35140712945591,0.65,0.6968641114982578,3.230769230769231
2022-12-15 19:00:00,19,23,2,4,16,1,0,6,5,4,9,4,25.566666666666663,211.0,4.0,11.48,57.49999999999999,0.6129032258064516,297.60422720694646,3.627011058930465,0.575,0.5226480836236934,3.3043478260869565
2022-12-15 20:00:00,20,26,1,4,20,1,0,10,6,3,9,3,9.266666666666667,241.0,4.0,11.11,65.0,0.6693548387096774,211.23892040520985,4.948364259502873,0.65,0.9000900090009001,3.1923076923076925
2022-12-15 21:00:00,21,23,1,4,16,2,0,8,7,3,10,3,10.266666666666667,248.5,4.0,11.11,57.49999999999999,0.6083333333333333,223.8439204052098,4.110445935897937,0.575,0.7200720072007201,3.1739130434782608
2022-12-15 22:00:00,22,23,1,1,18,3,0,6,5,2,7,2,11.266666666666667,256.0,3.0,8.02,57.49999999999999,0.696969696969697,188.41561360347325,3.969389027431421,0.575,0.7481296758104738,3.0
2022-12-15 23:00:00,23,22,0,1,20,1,0,9,4,0,4,0,12.266666666666667,331.0,3.0,8.02,55.00000000000001,0.6111111111111112,149.974,5.016583541147132,0.55,1.1221945137157108,3.0
2022-12-16 00:00:00,0,19,0,0,18,1,0,7,5,0,5,0,13.266666666666667,271.0,3.0,8.02,47.5,0.5333333333333333,162.579,3.972516078225489,0.475,0.8728179551122195,2.9473684210526314
2022-12-16 01:00:00,1,18,0,0,16,2,0,4,7,0,7,0,14.266666666666667,68.0,3.0,8.02,45.0,0.5252525252525253,192.874,2.740842338597949,0.45,0.4987531172069825,2.888888888888889
2022-12-16 02:00:00,2,17,0,0,14,3,0,4,8,0,8,0,15.266666666666667,115.5,3.0,8.02,42.5,0.5,209.769,2.6082440956432453,0.425,0.4987531172069825,2.823529411764706
2022-12-16 03:00:00,3,18,0,0,14,4,0,6,9,0,9,0,16.266666666666666,163.0,3.0,8.02,45.0,0.5376344086021505,230.954,3.328137988362427,0.45,0.7481296758104738,2.7777777777777777
2022-12-16 04:00:00,4,21,0,0,18,3,0,6,10,0,10,0,17.266666666666666,220.0,3.0,8.02,52.5,0.6666666666666666,256.429,3.637513359458497,0.525,0.7481296758104738,2.857142857142857
2022-12-16 05:00:00,5,21,0,0,17,4,0,3,10,0,10,0,18.266666666666666,280.0,3.0,8.02,52.5,0.6555555555555556,262.069,2.5259440684004275,0.525,0.3740648379052369,2.8095238095238093
2022-12-16 06:00:00,6,19,0,0,15,4,0,3,11,0,11,0,19.266666666666666,337.0,3.0,8.02,47.5,0.6091954022988506,276.819,2.3684440215251343,0.475,0.3740648379052369,2.789473684210526
2022-12-16 07:00:00,7,15,0,0,13,2,0,0,11,0,11,0,20.016666666666666,397.0,3.0,8.02,37.5,0.4942528735632184,272.469,1.075,0.375,0.0,2.8666666666666667
2022-12-16 08:00:00,8,14,0,0,12,2,0,0,11,0,11,0,17.666666666666668,457.0,3.0,7.29,35.0,0.4597701149425287,257.07,1.0,0.35,0.0,2.857142857142857
2022-12-16 09:00:00,9,14,1,0,12,1,0,4,10,0,10,0,18.666666666666668,520.0,3.0,7.29,35.0,0.4777777777777778,249.31,2.760283166764649,0.35,0.5486968449931413,3.071428571428572
2022-12-16 10:00:00,10,18,1,1,16,0,0,6,9,1,10,1,19.666666666666668,491.5,4.0,10.99,45.0,0.475,264.3983068017366,3.1538444040036397,0.45,0.545950864422202,3.1666666666666665
2022-12-16 11:00:00,11,24,1,2,21,0,0,12,8,1,9,1,20.666666666666668,466.0,4.0,10.99,60.0,0.6129032258064516,269.50830680173664,5.357688808007279,0.6,1.091901728844404,3.1666666666666665
2022-12-16 12:00:00,12,26,2,2,22,0,0,11,8,4,12,4,21.666666666666668,187.0,4.0,10.99,65.0,0.75,322.2432272069465,5.333708966193044,0.65,1.0009099181073704,3.230769230769231
2022-12-16 13:00:00,13,28,2,5,20,0,1,10,7,4,11,4,22.666666666666668,116.0,4.0,10.99,70.0,0.7844827586206896,318.77322720694644,5.232233848953594,0.7,0.9099181073703366,3.25
2022-12-16 14:00:00,14,35,1,5,26,1,2,11,9,4,13,4,23.666666666666668,148.0,4.0,10.99,87.5,0.9907407407407408,366.2282272069465,5.734924606785389,0.875,1.0009099181073704,3.057142857142857
2022-12-16 15:00:00,15,31,1,4,25,1,0,8,9,3,12,3,24.666666666666668,206.5,4.0,10.99,77.5,0.875,349.01992040520986,4.751212245736593,0.775,0.7279344858962693,3.161290322580645
2022-12-16 16:00:00,16,27,1,4,21,1,0,4,9,2,11,2,24.516666666666666,158.0,4.0,10.99,67.5,0.7413793103448276,325.32561360347324,3.3093030701310955,0.675,0.3639672429481346,3.185185185185185
2022-12-16 17:00:00,17,28,1,3,23,1,0,6,8,2,10,2,25.516666666666666,280.0,4.0,10.99,70.0,0.7333333333333333,319.71061360347323,3.915845573898349,0.7,0.545950864422202,3.142857142857143
2022-12-16 18:00:00,18,24,1,4,18,1,0,5,9,2,11,2,12.033333333333331,270.0,4.0,10.99,60.0,0.6637931034482759,248.48461360347324,3.384660297239915,0.6,0.4549590536851683,3.208333333333333
2022-12-16 19:00:00,19,22,0,3,18,1,0,6,10,1,11,1,13.033333333333331,295.0,4.0,10.99,55.00000000000001,0.5862068965517241,248.9663068017366,3.3874844900322607,0.55,0.545950864422202,3.090909090909091
2022-12-16 20:00:00,20,18,0,3,15,0,0,3,8,1,9,1,14.033333333333331,212.0,4.0,10.0,45.0,0.4596774193548387,219.22630680173663,2.375,0.45,0.3,3.1666666666666665
2022-12-16 21:00:00,21,16,0,3,12,1,0,7,7,0,7,0,9.383333333333333,231.0,4.0,10.0,40.0,0.3787878787878788,161.042,3.4375000000000004,0.4,0.7,3.125
2022-12-16 22:00:00,22,16,1,3,12,0,0,5,7,1,8,1,10.383333333333333,216.5,3.0,6.3,40.0,0.5520833333333334,180.95030680173664,3.953968253968255,0.4,0.7936507936507937,3.3125
2022-12-16 23:00:00,23,14,2,3,9,0,0,4,8,1,9,1,9.5,143.0,3.0,6.3,35.0,0.5268817204301075,185.07830680173663,3.447222222222222,0.35,0.6349206349206349,3.5
2022-12-17 00:00:00,0,15,2,3,9,1,0,4,7,1,8,1,10.5,187.0,3.0,6.3,37.5,0.53125,179.46330680173662,3.4337301587301585,0.375,0.6349206349206349,3.4
2022-12-17 01:00:00,1,16,1,4,9,2,0,3,7,0,7,0,11.5,263.0,3.0,6.3,40.0,0.5252525252525253,172.98000000000002,2.847619047619048,0.4,0.4761904761904762,3.25
2022-12-17 02:00:00,2,16,1,4,8,3,0,3,7,0,7,0,12.5,323.0,3.0,6.3,40.0,0.5151515151515151,178.62,2.7928571428571427,0.4,0.4761904761904762,3.1875
2022-12-17 03:00:00,3,13,1,4,7,1,0,3,7,0,7,0,13.5,383.0,3.0,6.3,32.5,0.4444444444444444,177.825,2.711721611721612,0.325,0.4761904761904762,3.3846153846153846
2022-12-17 04:00:00,4,14,1,3,8,2,0,3,8,0,8,0,14.5,427.0,3.0,6.3,35.0,0.46875,199.01,2.6556122448979598,0.35,0.4761904761904762,3.2142857142857144
2022-12-17 05:00:00,5,15,1,3,8,3,0,2,7,0,7,0,15.5,471.0,3.0,6.3,37.5,0.4747474747474747,193.395,2.1697089947089947,0.375,0.3174603174603174,3.1333333333333333
2022-12-17 06:00:00,6,13,1,3,7,2,0,1,7,0,7,0,16.5,531.0,3.0,6.3,32.5,0.4242424242424242,194.745,1.5628205128205128,0.325,0.1587301587301587,3.230769230769231
2022-12-17 07:00:00,7,13,1,3,7,2,0,0,7,0,7,0,17.5,591.0,3.0,6.3,32.5,0.4242424242424242,200.385,1.05,0.325,0.0,3.230769230769231
2022-12-17 08:00:00,8,14,1,2,8,3,0,3,9,0,9,0,18.5,593.0,3.0,6.449999999999999,35.0,0.4623655913978494,234.97,2.503571428571429,0.35,0.4651162790697675,3.071428571428572
2022-12-17 09:00:00,9,16,1,2,10,3,0,3,9,0,9,0,19.5,627.0,3.0,6.449999999999999,40.0,0.5268817204301075,244.9,2.649418604651163,0.4,0.4651162790697675,3.0625
2022-12-17 10:00:00,10,25,1,3,18,3,0,15,10,0,10,0,14.45,160.0,4.0,9.91,62.5,0.6416666666666667,249.123,6.586957618567104,0.625,1.513622603430878,3.08
2022-12-17 11:00:00,11,23,1,3,18,1,0,7,8,0,8,0,15.45,105.5,4.0,9.91,57.49999999999999,0.5703125,223.673,4.0669163778353,0.575,0.7063572149344097,3.1739130434782608
2022-12-17 12:00:00,12,22,1,6,14,1,0,9,7,1,8,1,16.45,94.5,4.0,9.91,55.00000000000001,0.5703125,228.03630680173663,4.8384850013760206,0.55,0.9081735620585268,3.3181818181818183
2022-12-17 13:00:00,13,28,1,9,17,1,0,12,8,2,10,2,17.45,91.5,4.0,9.91,70.0,0.7833333333333333,274.2146136034732,6.415157849214357,0.7,1.2108980827447022,3.357142857142857
2022-12-17 14:00:00,14,26,1,8,16,1,0,8,10,2,12,2,18.45,139.0,4.0,9.91,65.0,0.7767857142857143,302.36461360347323,4.876234184584336,0.65,0.8072653884964682,3.3461538461538463
2022-12-17 15:00:00,15,20,0,8,11,1,0,6,9,2,11,2,11.216666666666669,169.0,4.0,9.91,50.0,0.5775862068965517,235.29861360347323,3.703254288597376,0.5,0.6054490413723511,3.35
2022-12-17 16:00:00,16,18,0,3,12,3,0,10,6,1,7,1,12.216666666666669,83.0,4.0,9.91,45.0,0.4090909090909091,182.1803068017366,4.377245206861756,0.45,1.0090817356205852,3.0
2022-12-17 17:00:00,17,22,1,2,17,2,0,8,5,2,7,2,13.216666666666669,126.0,4.0,9.91,55.00000000000001,0.5151515151515151,197.26861360347323,4.1951839280799925,0.55,0.8072653884964682,3.090909090909091
2022-12-17 18:00:00,18,26,2,4,15,4,1,11,4,2,6,2,6.45,167.0,4.0,9.91,65.0,0.5882352941176471,154.28461360347325,5.415353566715828,0.65,1.1099899091826435,3.076923076923077
2022-12-17 19:00:00,19,21,1,3,15,2,0,8,4,1,5,1,7.45,173.0,4.0,9.91,52.5,0.4714285714285714,134.9313068017366,4.187119792417472,0.525,0.8072653884964682,3.142857142857143
2022-12-17 20:00:00,20,20,0,3,15,1,1,9,3,1,4,1,7.233333333333333,30.0,4.0,12.86,50.0,0.4166666666666667,118.1643068017366,3.5995334370139966,0.5,0.6998444790046656,3.0
2022-12-17 21:00:00,21,25,0,4,20,0,1,10,3,1,4,1,5.933333333333334,90.0,4.0,12.86,62.5,0.5347222222222222,121.55730680173662,4.320023328149301,0.625,0.7776049766718507,3.08
2022-12-17 22:00:00,22,26,1,5,19,0,1,11,4,2,6,2,6.933333333333334,48.0,3.0,9.4,65.0,0.8137254901960784,157.01061360347325,5.81067921440262,0.65,1.1702127659574468,3.1923076923076925
2022-12-17 23:00:00,23,20,1,3,15,0,1,5,4,1,5,1,6.833333333333333,97.0,3.0,9.4,50.0,0.6,129.30830680173662,3.250531914893617,0.5,0.5319148936170213,3.15
2022-12-18 00:00:00,0,14,0,3,9,1,1,5,4,0,4,0,5.9,154.0,3.0,9.4,35.0,0.3888888888888889,96.906,2.645744680851064,0.35,0.5319148936170213,3.0
2022-12-18 01:00:00,1,17,1,3,10,2,1,7,5,0,5,0,5.966666666666667,189.0,3.0,9.4,42.5,0.4952380952380952,117.11700000000002,3.57784730913642,0.425,0.7446808510638298,3.0588235294117645
2022-12-18 02:00:00,2,24,1,4,14,4,1,10,6,0,6,0,6.966666666666667,192.5,3.0,9.4,60.0,0.7058823529411765,151.172,4.991489361702127,0.6,1.0638297872340423,3.0
2022-12-18 03:00:00,3,21,1,4,13,2,1,5,7,0,7,0,7.966666666666667,196.0,3.0,9.4,52.5,0.6565656565656566,163.777,3.271403242147923,0.525,0.5319148936170213,3.095238095238096
2022-12-18 04:00:00,4,23,1,4,15,2,1,6,8,0,8,0,8.966666666666667,245.5,3.0,9.4,57.49999999999999,0.7395833333333334,187.107,3.745397779833487,0.575,0.6382978723404255,3.0869565217391304
2022-12-18 05:00:00,5,23,1,4,15,2,1,0,8,0,8,0,9.966666666666669,305.5,3.0,9.4,57.49999999999999,0.7395833333333334,192.747,1.775,0.575,0.0,3.0869565217391304
2022-12-18 06:00:00,6,22,1,4,14,2,1,3,9,0,9,0,10.966666666666669,355.0,3.0,9.4,55.00000000000001,0.7311827956989247,209.642,2.686460348162476,0.55,0.3191489361702127,3.090909090909091
2022-12-18 07:00:00,7,16,1,3,9,2,1,0,8,0,8,0,11.966666666666669,425.5,3.0,9.4,40.0,0.5104166666666666,189.012,1.225,0.4,0.0,3.0625
2022-12-18 08:00:00,8,19,1,3,10,4,1,6,8,0,8,0,12.966666666666669,485.5,3.0,6.449999999999999,47.5,0.5833333333333334,201.087,4.141738066095471,0.475,0.930232558139535,2.9473684210526314
2022-12-18 09:00:00,9,13,1,2,9,0,1,2,6,0,6,0,13.966666666666669,390.5,3.0,6.449999999999999,32.5,0.4019607843137255,167.05700000000002,2.0029367918902805,0.325,0.310077519379845,3.1538461538461537
2022-12-18 10:00:00,10,16,0,4,12,0,0,12,5,0,5,0,13.966666666666669,86.0,4.0,10.15,40.0,0.3714285714285714,160.09199999999998,5.142364532019705,0.4,1.1822660098522169,3.25
2022-12-18 11:00:00,11,16,0,3,12,1,0,9,4,0,4,0,14.966666666666669,77.0,4.0,10.15,40.0,0.3472222222222222,152.332,4.0209359605911335,0.4,0.8866995073891627,3.125
2022-12-18 12:00:00,12,17,1,3,13,0,0,9,5,0,5,0,15.966666666666669,120.0,4.0,10.15,42.5,0.4,173.517,4.320892494929006,0.425,0.8866995073891627,3.294117647058824
2022-12-18 13:00:00,13,19,1,3,14,1,0,9,5,0,5,0,16.966666666666665,135.0,4.0,10.15,47.5,0.4357142857142857,183.447,4.37177210267047,0.475,0.8866995073891627,3.210526315789474
2022-12-18 14:00:00,14,26,1,4,20,1,0,17,7,0,7,0,17.966666666666665,129.0,4.0,10.15,65.0,0.6287878787878788,230.902,7.421722243273968,0.65,1.6748768472906406,3.1923076923076925
2022-12-18 15:00:00,15,24,0,6,18,0,0,11,5,1,6,1,18.966666666666665,83.0,4.0,10.15,60.0,0.5735294117647058,219.7203068017366,5.47216748768473,0.6,1.0837438423645325,3.25
2022-12-18 16:00:00,16,21,0,2,19,0,0,9,6,2,8,2,19.966666666666665,94.0,4.0,10.15,52.5,0.5078125,246.5936136034732,4.36954609429979,0.525,0.8866995073891627,3.095238095238096
2022-12-18 17:00:00,17,14,0,3,9,2,0,9,4,2,6,2,20.966666666666665,80.5,4.0,10.15,35.0,0.3161764705882353,210.4186136034732,3.7984342012667134,0.35,0.8866995073891627,3.071428571428572
2022-12-18 18:00:00,18,15,1,2,12,0,0,7,5,1,6,1,21.966666666666665,136.5,4.0,10.15,37.5,0.3602941176470588,217.33530680173655,3.477873563218391,0.375,0.6896551724137931,3.2666666666666666
2022-12-18 19:00:00,19,22,1,2,19,0,0,11,4,1,5,1,22.966666666666665,199.0,4.0,10.15,55.00000000000001,0.5,224.5903068017366,5.198275862068966,0.55,1.0837438423645325,3.1818181818181817
2022-12-18 20:00:00,20,24,0,2,20,2,0,17,5,0,5,0,5.25,128.0,4.0,11.46,60.0,0.5142857142857142,128.08999999999995,6.250261780104712,0.6,1.4834205933682372,3.0
2022-12-18 21:00:00,21,21,0,2,17,2,0,10,5,1,6,1,6.25,69.5,4.0,11.46,52.5,0.4632352941176471,141.56330680173662,4.192801047120419,0.525,0.8726003490401395,3.0
2022-12-18 22:00:00,22,20,0,2,14,4,0,11,4,1,5,1,5.0,89.0,3.0,7.76,50.0,0.5523809523809524,118.96830680173662,5.560824742268041,0.5,1.4175257731958764,2.9
2022-12-18 23:00:00,23,18,0,0,17,1,0,7,4,0,4,0,4.216666666666667,161.0,3.0,7.76,45.0,0.4907407407407407,95.992,3.981071019473082,0.45,0.9020618556701032,2.9444444444444446
2022-12-19 00:00:00,0,13,0,0,13,0,0,7,4,0,4,0,5.216666666666667,221.0,3.0,7.76,32.5,0.3611111111111111,90.907,3.6811855670103095,0.325,0.9020618556701032,3.0
2022-12-19 01:00:00,1,12,0,0,12,0,0,3,4,0,4,0,6.216666666666667,281.0,3.0,7.76,30.0,0.3333333333333333,94.402,2.059793814432989,0.3,0.3865979381443299,3.0
2022-12-19 02:00:00,2,13,0,0,13,0,0,6,4,0,4,0,7.216666666666667,341.0,3.0,7.76,32.5,0.3611111111111111,102.187,3.29458762886598,0.325,0.7731958762886598,3.0
2022-12-19 03:00:00,3,10,0,1,9,0,0,3,4,0,4,0,8.216666666666667,401.0,3.0,7.76,25.0,0.287037037037037,101.392,1.9734536082474223,0.25,0.3865979381443299,3.1
2022-12-19 04:00:00,4,12,0,2,9,1,0,4,4,1,5,1,9.216666666666669,449.0,3.0,7.76,30.0,0.3523809523809524,125.5903068017366,2.5143470790378006,0.3,0.5154639175257733,3.083333333333333
2022-12-19 05:00:00,5,13,1,2,10,0,0,3,5,1,6,1,10.216666666666669,466.5,3.0,7.76,32.5,0.4215686274509804,146.77530680173663,2.3537470261697067,0.325,0.3865979381443299,3.3076923076923075
2022-12-19 06:00:00,6,14,1,2,10,1,0,3,5,1,6,1,11.216666666666669,526.5,3.0,7.76,35.0,0.4411764705882353,154.5603068017366,2.367636229749632,0.35,0.3865979381443299,3.2142857142857144
2022-12-19 07:00:00,7,14,2,2,10,0,0,2,5,2,7,2,12.216666666666669,544.0,3.0,7.76,35.0,0.4848484848484848,174.46861360347322,2.0836524300441828,0.35,0.2577319587628866,3.4285714285714284
2022-12-19 08:00:00,8,18,2,2,14,0,0,5,5,2,7,2,13.216666666666669,604.0,3.0,6.63,45.0,0.6060606060606061,188.6886136034732,4.013826043237808,0.45,0.7541478129713424,3.333333333333333
2022-12-19 09:00:00,9,20,1,3,16,0,0,8,4,2,6,2,14.116666666666667,303.5,3.0,6.63,50.0,0.6372549019607843,184.6546136034732,5.54656862745098,0.5,1.2066365007541475,3.25
2022-12-19 10:00:00,10,21,1,4,14,2,0,8,6,2,8,2,15.116666666666667,194.5,4.0,9.88,52.5,0.5234375,219.23961360347323,4.258381530749952,0.525,0.8097165991902835,3.1904761904761907
2022-12-19 11:00:00,11,27,1,5,15,5,1,11,10,2,12,2,14.883333333333333,114.0,4.0,9.88,67.5,0.7232142857142857,284.3936136034732,5.36508097165992,0.675,1.11336032388664,3.0
2022-12-19 12:00:00,12,26,2,6,13,5,0,7,10,2,12,2,15.883333333333333,170.5,4.0,9.88,65.0,0.7410714285714286,287.88861360347323,4.336756462161321,0.65,0.708502024291498,3.1923076923076925
2022-12-19 13:00:00,13,31,2,7,18,4,0,9,13,2,15,2,16.483333333333334,171.0,4.0,9.88,77.5,1.0,342.19761360347326,5.438487658351836,0.775,0.9109311740890688,3.225806451612903
2022-12-19 14:00:00,14,30,1,5,21,3,0,9,12,2,14,2,17.483333333333334,163.0,4.0,9.88,75.0,0.903846153846154,332.2926136034732,5.2042510121457495,0.75,0.9109311740890688,3.1333333333333333
2022-12-19 15:00:00,15,27,0,5,19,3,0,8,9,2,11,2,15.283333333333331,162.0,4.0,9.88,67.5,0.7155172413793104,273.2496136034732,4.564128804918279,0.675,0.8097165991902835,3.074074074074074
2022-12-19 16:00:00,16,22,0,5,14,3,0,6,8,2,10,2,16.283333333333335,205.0,4.0,9.88,55.00000000000001,0.5666666666666667,254.7646136034733,3.577070298122929,0.55,0.6072874493927126,3.090909090909091
2022-12-19 17:00:00,17,23,0,5,16,2,0,5,9,2,11,2,17.283333333333335,248.0,4.0,9.88,57.49999999999999,0.6206896551724138,275.94961360347327,3.3842281288505545,0.575,0.5060728744939271,3.130434782608696
2022-12-19 18:00:00,18,32,2,7,21,2,0,14,7,4,11,4,18.28333333333333,182.0,4.0,9.88,80.0,0.9051724137931034,302.63122720694645,7.274544534412955,0.8,1.417004048582996,3.28125
2022-12-19 19:00:00,19,28,2,6,17,3,0,7,6,3,9,3,19.28333333333333,177.0,4.0,9.88,70.0,0.7338709677419355,272.02292040520985,4.5776315789473685,0.7,0.708502024291498,3.25
2022-12-19 20:00:00,20,39,2,8,24,5,0,16,6,3,9,3,20.28333333333333,124.0,4.0,11.27,97.5,1.0,301.2579204052098,7.613912588446749,0.975,1.419698314108252,3.1794871794871797
2022-12-19 21:00:00,21,34,3,9,21,1,0,12,3,4,7,4,21.28333333333333,110.0,4.0,11.27,85.0,0.8787878787878788,270.24122720694646,6.53275745080641,0.85,1.064773735581189,3.411764705882353
2022-12-19 22:00:00,22,36,2,11,22,1,0,9,4,3,7,3,22.28333333333333,121.0,3.0,8.02,90.0,1.2323232323232325,279.3029204052098,6.852992518703242,0.9,1.1221945137157108,3.388888888888889
2022-12-19 23:00:00,23,29,1,7,17,4,0,7,5,2,7,2,23.28333333333333,124.0,3.0,8.02,72.5,0.9292929292929292,269.0596136034733,5.068939719666352,0.725,0.8728179551122195,3.1724137931034484
2022-12-20 00:00:00,0,19,0,4,12,3,0,5,5,0,5,0,24.28333333333333,148.0,3.0,8.02,47.5,0.5523809523809524,224.713,3.353136894605592,0.475,0.6234413965087282,3.0526315789473686
2022-12-20 01:00:00,1,18,1,3,12,2,0,6,7,0,7,0,25.28333333333333,167.0,3.0,8.02,45.0,0.5757575757575758,255.00800000000004,3.794077306733167,0.45,0.7481296758104738,3.1666666666666665
2022-12-20 02:00:00,2,19,1,2,15,1,0,4,8,0,8,0,26.28333333333333,203.0,3.0,8.02,47.5,0.625,276.193,3.075009843811524,0.475,0.4987531172069825,3.1578947368421053
2022-12-20 03:00:00,3,18,1,2,14,1,0,3,8,0,8,0,27.28333333333333,263.0,3.0,8.02,45.0,0.59375,279.688,2.609538653366583,0.45,0.3740648379052369,3.1666666666666665
2022-12-20 04:00:00,4,15,1,2,10,2,0,2,8,0,8,0,28.28333333333333,323.0,3.0,8.02,37.5,0.4895833333333333,278.89300000000003,1.9563798836242727,0.375,0.2493765586034912,3.1333333333333333
2022-12-20 05:00:00,5,16,1,2,11,2,0,2,9,0,9,0,29.28333333333333,359.0,3.0,8.02,40.0,0.5376344086021505,300.078,2.02930174563591,0.4,0.2493765586034912,3.125
2022-12-20 06:00:00,6,20,1,2,16,1,0,7,11,0,11,0,30.28333333333333,331.0,3.0,8.02,50.0,0.7241379310344828,341.098,4.324376558603492,0.5,0.8728179551122195,3.15
2022-12-20 07:00:00,7,17,1,1,13,2,0,1,11,0,11,0,31.28333333333333,391.0,3.0,8.02,42.5,0.5977011494252874,340.303,1.6813994425700456,0.425,0.1246882793017456,3.0588235294117645
2022-12-20 08:00:00,8,18,1,1,14,2,0,4,13,0,13,0,15.15,443.0,3.0,7.73,45.0,0.6790123456790124,278.256,2.9561412965358627,0.45,0.517464424320828,3.055555555555556
2022-12-20 09:00:00,9,17,0,2,14,1,0,4,10,0,10,0,16.15,491.5,3.0,7.73,42.5,0.5777777777777777,241.551,2.882832356746062,0.425,0.517464424320828,3.0588235294117645
2022-12-20 10:00:00,10,17,0,3,12,2,0,5,10,0,10,0,17.15,131.5,4.0,10.98,42.5,0.4333333333333333,247.191,2.692906889531769,0.425,0.4553734061930783,3.0588235294117645
2022-12-20 11:00:00,11,27,0,5,20,2,0,14,14,1,15,1,18.15,90.0,4.0,10.98,67.5,0.84,342.1493068017366,6.066808338393038,0.675,1.275045537340619,3.111111111111111
2022-12-20 12:00:00,12,28,0,6,20,2,0,8,15,1,16,1,16.833333333333332,118.0,4.0,10.98,70.0,0.9166666666666666,350.2683068017366,4.489877699713764,0.7,0.7285974499089253,3.142857142857143
2022-12-20 13:00:00,13,29,0,7,21,1,0,7,14,1,15,1,17.833333333333332,174.0,4.0,10.98,72.5,0.93,344.6533068017366,4.369469568494441,0.725,0.6375227686703097,3.206896551724138
2022-12-20 14:00:00,14,35,0,6,27,2,0,10,14,1,15,1,18.83333333333333,219.0,4.0,10.98,87.5,1.09,363.1633068017366,5.561325787145459,0.875,0.9107468123861566,3.1142857142857143
2022-12-20 15:00:00,15,33,1,7,25,0,0,9,12,0,12,0,19.83333333333333,250.0,4.0,10.98,82.5,0.9642857142857144,323.445,5.382563338301043,0.825,0.819672131147541,3.272727272727273
2022-12-20 16:00:00,16,30,1,6,23,0,0,10,9,0,9,0,20.83333333333333,294.0,4.0,10.98,75.0,0.7903225806451613,282.45,5.4251062537947785,0.75,0.9107468123861566,3.2666666666666666
2022-12-20 17:00:00,17,32,2,7,23,0,0,10,11,0,11,0,21.83333333333333,122.0,4.0,10.98,80.0,0.9224137931034484,319.18,5.720309653916211,0.8,0.9107468123861566,3.34375
2022-12-20 18:00:00,18,32,2,7,22,1,0,6,13,0,13,0,22.83333333333333,144.0,4.0,10.98,80.0,0.9814814814814816,351.62,4.460109289617487,0.8,0.5464480874316939,3.3125
2022-12-20 19:00:00,19,31,2,7,21,1,0,5,13,0,13,0,10.35,146.0,4.0,10.98,77.5,0.9537037037037036,279.069,4.088014865738293,0.775,0.4553734061930783,3.3225806451612905
2022-12-20 20:00:00,20,25,2,6,15,2,0,10,9,1,10,1,11.35,139.0,4.0,10.58,62.5,0.6916666666666667,232.5073068017366,5.212996219281664,0.625,0.945179584120983,3.32
2022-12-20 21:00:00,21,28,3,5,17,3,0,12,9,3,12,3,12.35,162.0,4.0,10.58,70.0,0.8214285714285714,273.11892040520985,6.026708074534161,0.7,1.1342155009451795,3.2857142857142856
2022-12-20 22:00:00,22,23,1,2,17,3,0,11,4,2,6,2,7.5,93.0,3.0,7.33,57.49999999999999,0.6862745098039216,153.7716136034732,6.317293433774244,0.575,1.500682128240109,3.0434782608695654
2022-12-20 23:00:00,23,21,1,2,13,5,0,9,4,2,6,2,3.1666666666666665,144.5,3.0,7.33,52.5,0.6078431372549019,125.04161360347324,5.175024361722861,0.525,1.2278308321964528,2.952380952380953
2022-12-21 00:00:00,0,21,0,4,13,3,1,11,5,1,6,1,4.166666666666667,58.5,3.0,7.33,52.5,0.6078431372549019,129.81330680173662,5.980585330994607,0.525,1.500682128240109,2.952380952380953
2022-12-21 01:00:00,1,16,0,4,9,3,0,5,4,1,5,1,5.166666666666667,127.0,3.0,7.33,40.0,0.4666666666666667,111.32830680173664,3.314017735334243,0.4,0.6821282401091405,3.0625
2022-12-21 02:00:00,2,13,0,4,7,2,0,5,4,1,5,1,6.166666666666667,187.0,3.0,7.33,32.5,0.3904761904761905,110.5333068017366,3.1763275264980586,0.325,0.6821282401091405,3.1538461538461537
2022-12-21 03:00:00,3,12,0,4,7,1,0,3,4,1,5,1,7.166666666666667,247.0,3.0,7.33,30.0,0.3714285714285714,114.02830680173662,2.305150068212824,0.3,0.4092769440654843,3.25
2022-12-21 04:00:00,4,8,0,3,4,1,0,1,4,0,4,0,8.166666666666666,354.0,3.0,7.33,20.0,0.2407407407407407,96.82,1.0933833560709414,0.2,0.1364256480218281,3.25
2022-12-21 05:00:00,5,10,0,3,6,1,0,2,5,0,5,0,9.166666666666666,367.0,3.0,7.33,25.0,0.3047619047619048,120.15,1.6731241473397,0.25,0.2728512960436562,3.2
2022-12-21 06:00:00,6,10,0,3,6,1,0,1,5,0,5,0,10.166666666666666,427.0,3.0,7.33,25.0,0.3047619047619048,125.79,1.23656207366985,0.25,0.1364256480218281,3.2
2022-12-21 07:00:00,7,13,0,3,8,2,0,5,5,0,5,0,11.166666666666666,487.0,3.0,7.33,32.5,0.3809523809523809,137.865,3.0988561234127405,0.325,0.6821282401091405,3.076923076923077
2022-12-21 08:00:00,8,13,0,3,9,1,0,3,6,0,6,0,12.166666666666666,529.5,3.0,6.3,32.5,0.4019607843137255,156.905,2.5268315018315017,0.325,0.4761904761904762,3.1538461538461537
2022-12-21 09:00:00,9,17,0,3,13,1,0,5,7,0,7,0,13.166666666666666,262.0,3.0,6.3,42.5,0.5353535353535354,184.525,3.799323062558357,0.425,0.7936507936507937,3.117647058823529
2022-12-21 10:00:00,10,25,0,5,18,2,0,12,11,0,11,0,14.166666666666666,95.0,4.0,10.0,62.5,0.6724137931034483,260.925,5.694,0.625,1.2,3.12
2022-12-21 11:00:00,11,23,0,7,15,1,0,7,13,0,13,0,15.166666666666666,103.0,4.0,10.0,57.49999999999999,0.6944444444444444,289.07500000000005,4.157608695652174,0.575,0.7,3.260869565217391
2022-12-21 12:00:00,12,28,0,8,19,1,0,10,12,1,13,1,14.683333333333334,138.0,4.0,10.0,70.0,0.8425925925925926,297.94230680173666,5.525,0.7,1.0,3.25
2022-12-21 13:00:00,13,32,0,11,20,1,0,11,14,2,16,2,14.116666666666667,146.5,4.0,10.0,80.0,1.1041666666666667,344.39461360347326,6.29375,0.8,1.1,3.3125
2022-12-21 14:00:00,14,35,1,10,23,1,0,14,16,2,18,2,15.116666666666667,165.5,4.0,10.0,87.5,1.318181818181818,383.26961360347326,7.54,0.875,1.4,3.3142857142857145
2022-12-21 15:00:00,15,34,1,9,23,1,0,11,17,1,18,1,16.116666666666667,225.5,4.0,10.0,85.0,1.2727272727272727,385.8963068017366,6.423529411764706,0.85,1.1,3.294117647058824
2022-12-21 16:00:00,16,37,2,11,23,1,0,11,19,2,21,2,14.683333333333334,169.0,4.0,10.0,92.5,1.644736842105263,425.31561360347325,6.841216216216218,0.925,1.1,3.3783783783783785
2022-12-21 17:00:00,17,41,3,12,25,1,0,11,24,2,26,2,7.3,178.0,4.0,10.0,102.5,2.5,459.2536136034733,7.2560975609756095,1.025,1.1,3.414634146341464
2022-12-21 18:00:00,18,34,4,6,23,1,0,5,21,2,23,2,8.3,163.0,4.0,10.0,85.0,1.6911764705882353,409.6786136034732,4.566176470588236,0.85,0.5,3.3823529411764706
2022-12-21 19:00:00,19,28,2,5,20,0,1,7,17,0,17,0,9.3,197.0,4.0,10.0,70.0,0.9891304347826086,320.312,4.55,0.7,0.7,3.25
2022-12-21 20:00:00,20,25,1,3,18,1,2,8,10,1,11,1,10.183333333333334,215.0,4.0,10.11,62.5,0.646551724137931,239.32730680173665,4.248887240356083,0.625,0.7912957467853611,3.0
2022-12-21 21:00:00,21,26,1,2,20,2,1,12,9,1,10,1,6.666666666666667,266.0,4.0,10.11,65.0,0.65,208.23830680173663,5.510830860534124,0.65,1.1869436201780417,3.0
2022-12-21 22:00:00,22,23,1,2,17,2,1,10,3,2,5,2,7.666666666666667,125.0,3.0,6.41,57.49999999999999,0.6571428571428571,141.31161360347323,6.4051872074883,0.575,1.5600624024960998,3.0
2022-12-21 23:00:00,23,24,2,3,14,4,1,11,3,2,5,2,8.666666666666666,56.0,3.0,6.41,60.0,0.6952380952380952,149.0966136034732,7.0447087883515325,0.6,1.7160686427457097,3.0416666666666665
2022-12-22 00:00:00,0,21,2,2,13,3,1,3,4,2,6,2,9.666666666666666,109.0,3.0,6.41,52.5,0.6274509803921569,161.70161360347322,3.0263427679964336,0.525,0.4680187207488299,3.0476190476190474
2022-12-22 01:00:00,1,21,2,2,13,3,1,5,5,2,7,2,10.666666666666666,162.0,3.0,6.41,52.5,0.6464646464646465,180.7416136034732,3.9772379466607233,0.525,0.7800312012480499,3.0476190476190474
2022-12-22 02:00:00,2,18,2,2,9,4,1,4,5,2,7,2,11.666666666666666,222.0,3.0,6.41,45.0,0.5454545454545454,179.94661360347322,3.22207488299532,0.45,0.62402496099844,3.0
2022-12-22 03:00:00,3,18,2,2,10,3,1,3,5,2,7,2,12.666666666666666,282.0,3.0,6.41,45.0,0.5555555555555556,185.5866136034732,2.8050572022880917,0.45,0.4680187207488299,3.055555555555556
2022-12-22 04:00:00,4,18,1,2,11,3,1,3,6,1,7,1,13.666666666666666,300.0,3.0,6.41,45.0,0.5353535353535354,190.3583068017366,2.7030551222048884,0.45,0.4680187207488299,2.9444444444444446
2022-12-22 05:00:00,5,16,2,2,9,2,1,3,5,0,5,0,14.666666666666666,360.0,3.0,6.41,40.0,0.4761904761904761,164.04,2.712558502340093,0.4,0.4680187207488299,3.125
2022-12-22 06:00:00,6,16,2,1,10,2,1,1,6,0,6,0,15.666666666666666,408.5,3.0,6.41,40.0,0.4803921568627451,183.08,1.7027691107644305,0.4,0.15600624024961,3.0625
2022-12-22 07:00:00,7,20,2,1,11,4,2,5,6,0,6,0,16.666666666666668,468.5,3.0,6.41,50.0,0.5588235294117647,197.3,3.6480889235569434,0.5,0.7800312012480499,2.85
2022-12-22 08:00:00,8,22,2,1,16,2,1,7,7,0,7,0,17.666666666666668,517.0,3.0,7.28,55.00000000000001,0.6767676767676768,220.63,4.603321678321678,0.55,0.9615384615384616,3.0454545454545454
2022-12-22 09:00:00,9,23,2,2,17,1,1,6,5,0,5,0,18.666666666666668,180.0,3.0,7.28,57.49999999999999,0.6857142857142857,201.615,4.380028666985188,0.575,0.8241758241758241,3.130434782608696
2022-12-22 10:00:00,10,28,2,3,20,3,0,9,6,0,6,0,19.666666666666668,140.5,4.0,10.64,70.0,0.6470588235294118,231.38,4.85843179377014,0.7,0.8458646616541353,3.142857142857143
2022-12-22 11:00:00,11,25,2,6,16,1,0,8,7,0,7,0,18.216666666666665,170.0,4.0,10.64,62.5,0.6363636363636364,230.167,4.626315789473684,0.625,0.7518796992481203,3.36
2022-12-22 12:00:00,12,34,2,8,21,3,0,10,10,0,10,0,19.216666666666665,161.5,4.0,10.64,85.0,0.925,295.312,5.843332596196373,0.85,0.9398496240601504,3.264705882352941
2022-12-22 13:00:00,13,34,1,9,21,3,0,10,10,1,11,1,12.883333333333333,118.0,4.0,10.64,85.0,0.9482758620689656,273.8603068017366,5.790689960194604,0.85,0.9398496240601504,3.235294117647059
2022-12-22 14:00:00,14,35,1,10,22,2,0,9,10,2,12,2,13.883333333333333,156.5,4.0,10.64,87.5,1.0267857142857142,295.9136136034732,5.654269602577872,0.875,0.8458646616541353,3.2857142857142856
2022-12-22 15:00:00,15,33,1,8,22,2,0,9,8,2,10,2,14.883333333333333,175.5,4.0,10.64,82.5,0.8916666666666667,270.4636136034732,5.417652084757347,0.825,0.8458646616541353,3.242424242424242
2022-12-22 16:00:00,16,29,1,9,17,2,0,13,9,0,9,0,11.716666666666669,112.0,4.0,10.64,72.5,0.7741935483870968,228.887,6.444594244231268,0.725,1.2218045112781954,3.310344827586207
2022-12-22 17:00:00,17,35,1,10,22,2,0,12,11,2,13,2,12.716666666666669,67.0,4.0,10.64,87.5,1.0648148148148149,302.73361360347326,6.580692803437164,0.875,1.1278195488721805,3.2857142857142856
2022-12-22 18:00:00,18,29,0,7,21,1,0,8,14,2,16,2,13.716666666666669,90.5,4.0,10.64,72.5,0.96875,335.7036136034732,4.736200414830178,0.725,0.7518796992481203,3.206896551724138
2022-12-22 19:00:00,19,29,0,7,22,0,0,8,12,2,14,2,14.716666666666669,135.0,4.0,10.64,72.5,0.903846153846154,314.5436136034732,4.787127301011148,0.725,0.7518796992481203,3.2413793103448274
2022-12-22 20:00:00,20,23,1,4,17,0,1,8,11,1,12,1,15.716666666666669,182.5,4.0,10.32,57.49999999999999,0.6517857142857143,279.64530680173664,4.285397708122682,0.575,0.7751937984496123,3.1739130434782608
2022-12-22 21:00:00,21,27,2,4,18,2,1,13,10,1,11,1,16.716666666666665,190.0,4.0,10.32,67.5,0.7327586206896551,280.4653068017366,6.090690496698249,0.675,1.2596899224806202,3.1481481481481484
2022-12-22 22:00:00,22,20,0,3,13,3,1,4,4,1,5,1,17.716666666666665,125.0,3.0,6.96,50.0,0.5523809523809524,190.6903068017366,3.1166666666666663,0.5,0.5747126436781609,2.9
2022-12-22 23:00:00,23,17,0,3,11,1,2,7,3,1,4,1,18.716666666666665,164.5,3.0,6.96,42.5,0.4537037037037037,176.4953068017366,4.123918187964842,0.425,1.0057471264367817,2.8823529411764706
2022-12-23 00:00:00,0,23,0,6,14,0,3,13,5,2,7,2,19.716666666666665,108.0,3.0,6.96,57.49999999999999,0.696969696969697,236.07361360347323,7.328448275862068,0.575,1.867816091954023,3.0
2022-12-23 01:00:00,1,22,0,5,12,2,3,8,5,3,8,3,20.716666666666665,122.5,3.0,6.96,55.00000000000001,0.65625,253.83692040520987,4.86653605015674,0.55,1.1494252873563218,2.863636363636364
2022-12-23 02:00:00,2,17,0,5,10,0,2,2,6,2,8,2,21.716666666666665,136.0,3.0,6.96,42.5,0.5416666666666666,247.8836136034732,2.178972278566599,0.425,0.2873563218390804,3.0588235294117645
2022-12-23 03:00:00,3,21,0,5,14,0,2,7,7,2,9,2,22.716666666666665,195.0,3.0,6.96,52.5,0.6881720430107527,275.50361360347324,4.665134099616859,0.525,1.0057471264367817,3.0476190476190474
2022-12-23 04:00:00,4,19,0,4,13,0,2,1,7,2,9,2,23.716666666666665,255.0,3.0,6.96,47.5,0.6129032258064516,276.8536136034732,1.8560344827586208,0.475,0.1436781609195402,3.0
2022-12-23 05:00:00,5,15,0,2,11,0,2,2,7,0,7,0,24.716666666666665,317.0,3.0,6.96,37.5,0.4343434343434343,245.37699999999995,1.898754789272031,0.375,0.2873563218390804,2.8666666666666667
2022-12-23 06:00:00,6,14,0,2,10,0,2,0,7,0,7,0,25.716666666666665,377.0,3.0,6.96,35.0,0.404040404040404,248.872,1.0,0.35,0.0,2.857142857142857
2022-12-23 07:00:00,7,19,0,2,15,0,2,6,8,0,8,0,26.716666666666665,436.0,3.0,6.96,47.5,0.5729166666666666,278.63699999999994,3.8704627949183306,0.475,0.8620689655172414,2.8947368421052637
2022-12-23 08:00:00,8,21,0,4,15,0,2,5,10,1,11,1,27.716666666666665,362.0,3.0,6.29,52.5,0.7241379310344828,329.6353068017366,3.9597376788553262,0.525,0.794912559618442,3.0
2022-12-23 09:00:00,9,22,0,4,14,1,3,4,9,1,10,1,28.716666666666665,399.5,3.0,6.29,55.00000000000001,0.7,324.02030680173664,3.396072409307704,0.55,0.6359300476947536,2.863636363636364
2022-12-23 10:00:00,10,26,0,3,18,4,1,11,10,0,10,0,29.716666666666665,307.0,4.0,9.99,65.0,0.625,337.372,5.0512531762531765,0.65,1.1011011011011012,2.8846153846153846
2022-12-23 11:00:00,11,25,1,3,18,2,1,10,11,0,11,0,30.716666666666665,219.0,4.0,9.99,62.5,0.6551724137931034,354.267,4.943043043043043,0.625,1.001001001001001,3.04
2022-12-23 12:00:00,12,27,0,3,19,5,0,12,13,0,13,0,31.716666666666665,91.0,4.0,9.99,67.5,0.7314814814814815,390.997,5.48962573684796,0.675,1.2012012012012012,2.925925925925926
2022-12-23 13:00:00,13,32,0,3,20,9,0,11,13,0,13,0,32.71666666666667,90.0,4.0,9.99,80.0,0.8333333333333334,407.362,5.346846846846847,0.8,1.1011011011011012,2.8125
2022-12-23 14:00:00,14,26,0,3,15,8,0,6,10,1,11,1,33.71666666666667,121.0,4.0,9.99,65.0,0.6293103448275862,374.2003068017366,3.5113016863016866,0.65,0.6006006006006006,2.8076923076923075
2022-12-23 15:00:00,15,24,0,4,15,5,0,9,9,1,10,1,34.71666666666667,191.0,4.0,9.99,60.0,0.5916666666666667,362.15030680173663,4.4401651651651655,0.6,0.9009009009009008,2.958333333333333
2022-12-23 16:00:00,16,32,0,3,26,3,0,16,14,2,16,2,35.71666666666667,90.5,4.0,9.99,80.0,1.0,466.2186136034733,7.204804804804805,0.8,1.6016016016016017,3.0
2022-12-23 17:00:00,17,34,0,4,27,3,0,5,15,3,18,3,36.71666666666667,109.5,4.0,9.99,85.0,1.1704545454545454,503.8169204052099,4.091222104457398,0.85,0.5005005005005005,3.0294117647058822
2022-12-23 18:00:00,18,33,1,4,27,1,0,8,15,3,18,3,37.71666666666667,158.5,4.0,9.99,82.5,1.181818181818182,507.3119204052099,5.12373585706919,0.825,0.8008008008008007,3.1515151515151514
2022-12-23 19:00:00,19,27,1,6,19,1,0,3,14,3,17,3,38.71666666666667,191.0,4.0,9.99,67.5,0.9565217391304348,486.6819204052099,3.17875653431209,0.675,0.3003003003003003,3.259259259259259
2022-12-23 20:00:00,20,28,1,7,19,1,0,7,12,3,15,3,39.71666666666667,230.0,4.0,11.58,70.0,0.92,467.66692040520985,4.286183074265975,0.7,0.6044905008635578,3.2857142857142856
2022-12-23 21:00:00,21,33,1,8,19,4,1,11,14,3,17,3,40.71666666666667,158.0,4.0,11.58,82.5,1.1195652173913044,510.83192040520976,5.5398819804260215,0.825,0.9499136442141624,3.121212121212121
2022-12-23 22:00:00,22,26,0,9,13,3,1,6,13,3,16,3,41.71666666666667,196.0,3.0,7.88,65.0,1.1388888888888888,488.0569204052099,4.451405700898087,0.65,0.7614213197969544,3.1538461538461537
2022-12-23 23:00:00,23,20,0,8,8,3,1,6,11,4,15,4,15.65,210.0,3.0,7.88,50.0,0.84,315.63922720694643,3.973477157360406,0.5,0.7614213197969544,3.15
2022-12-24 00:00:00,0,22,1,8,9,3,1,5,12,4,16,4,16.65,263.5,3.0,7.88,55.00000000000001,0.9861111111111112,338.96922720694647,3.822761882787264,0.55,0.6345177664974619,3.227272727272727
2022-12-24 01:00:00,1,22,1,9,10,1,1,4,13,4,17,4,17.65,322.0,3.0,7.88,55.00000000000001,1.072463768115942,358.0092272069465,3.557429626211352,0.55,0.5076142131979695,3.363636363636364
2022-12-24 02:00:00,2,23,1,8,12,1,1,3,14,3,17,3,18.65,348.0,3.0,7.88,57.49999999999999,1.1014492753623188,364.9259204052098,3.158000441403664,0.575,0.3807106598984772,3.3043478260869565
2022-12-24 03:00:00,3,25,1,8,14,1,1,5,15,3,18,3,19.65,399.0,3.0,7.88,62.5,1.2424242424242424,388.2559204052098,4.131218274111675,0.625,0.6345177664974619,3.28
2022-12-24 04:00:00,4,26,1,8,16,0,1,5,16,3,19,3,20.65,450.0,3.0,7.88,65.0,1.3650793650793651,409.4409204052098,4.248789535337759,0.65,0.6345177664974619,3.3076923076923075
2022-12-24 05:00:00,5,25,1,7,16,0,1,1,16,2,18,2,21.65,519.0,3.0,7.88,62.5,1.2424242424242424,398.6676136034732,2.466243654822335,0.625,0.1269035532994923,3.28
2022-12-24 06:00:00,6,26,1,7,17,0,1,2,16,2,18,2,22.65,579.0,3.0,7.88,65.0,1.2878787878787878,406.4526136034732,2.9547540023428347,0.65,0.2538071065989847,3.269230769230769
2022-12-24 07:00:00,7,26,1,7,17,0,1,1,16,2,18,2,23.65,639.0,3.0,7.88,65.0,1.2878787878787878,412.0926136034732,2.5398770011714173,0.65,0.1269035532994923,3.269230769230769
2022-12-24 08:00:00,8,29,1,7,20,0,1,5,17,2,19,2,24.65,690.0,3.0,6.35,72.5,1.492063492063492,437.5676136034732,4.902267173499864,0.725,0.7874015748031497,3.2413793103448274
2022-12-24 09:00:00,9,23,1,4,17,0,1,3,10,2,12,2,25.65,806.0,3.0,6.35,57.49999999999999,0.8690476190476191,336.53761360347323,3.324486477233824,0.575,0.4724409448818898,3.1739130434782608
2022-12-24 10:00:00,10,22,2,4,16,0,0,4,11,4,15,4,26.65,773.0,4.0,9.67,55.00000000000001,0.74,381.96922720694647,3.241369747109148,0.55,0.4136504653567735,3.363636363636364
2022-12-24 11:00:00,11,26,1,4,19,2,0,12,9,5,14,5,27.65,548.5,4.0,9.67,65.0,0.7884615384615384,383.657534008683,5.963769787606396,0.65,1.240951396070321,3.1538461538461537
2022-12-24 12:00:00,12,26,1,4,19,2,0,7,9,5,14,5,28.65,223.0,4.0,9.67,65.0,0.7884615384615384,389.29753400868304,4.333032376103731,0.65,0.7238883143743536,3.1538461538461537
2022-12-24 13:00:00,13,22,1,5,16,0,0,4,9,5,14,5,29.65,218.5,4.0,9.67,55.00000000000001,0.7019230769230769,386.3575340086831,3.1975674532292944,0.55,0.4136504653567735,3.3181818181818183
2022-12-24 14:00:00,14,19,1,3,15,0,0,6,9,2,11,2,30.65,276.0,4.0,9.67,47.5,0.5344827586206896,342.7576136034732,3.574710172535786,0.475,0.6204756980351603,3.263157894736842
2022-12-24 15:00:00,15,24,1,8,15,0,0,9,7,3,10,3,31.65,278.5,4.0,9.67,60.0,0.6833333333333333,346.5909204052098,5.2299379524301965,0.6,0.9307135470527405,3.4166666666666665
2022-12-24 16:00:00,16,27,1,8,18,0,0,13,6,4,10,4,6.95,148.0,4.0,9.67,67.5,0.7583333333333333,214.5862272069465,6.80600463441725,0.675,1.344364012409514,3.3703703703703702
2022-12-24 17:00:00,17,28,2,7,19,0,0,10,7,5,12,5,7.95,153.5,4.0,9.67,70.0,0.8482142857142857,250.03953400868303,5.883642340079775,0.7,1.034126163391934,3.392857142857143
2022-12-24 18:00:00,18,26,2,7,15,2,0,8,8,4,12,4,8.95,129.5,4.0,9.67,65.0,0.7767857142857143,250.5212272069465,4.943276191233792,0.65,0.827300930713547,3.3461538461538463
2022-12-24 19:00:00,19,27,2,8,13,4,0,9,9,4,13,4,9.6,179.0,4.0,9.67,67.5,0.8240740740740741,269.73222720694645,5.2929076180627375,0.675,0.9307135470527405,3.2962962962962963
2022-12-24 20:00:00,20,22,1,5,15,1,0,5,8,2,10,2,10.6,243.5,4.0,10.75,55.00000000000001,0.6,222.71061360347323,3.3221987315010573,0.55,0.4651162790697674,3.272727272727273
2022-12-24 21:00:00,21,25,2,5,13,5,0,11,10,3,13,3,11.6,177.0,4.0,10.75,62.5,0.7314814814814815,275.85392040520986,5.208488372093024,0.625,1.0232558139534884,3.16
2022-12-24 22:00:00,22,26,2,5,14,5,0,9,11,3,14,3,12.6,209.0,3.0,7.43,65.0,1.051282051282051,297.03892040520986,5.870271249611761,0.65,1.2113055181695829,3.1538461538461537
2022-12-24 23:00:00,23,29,1,7,18,3,0,9,11,3,14,3,8.7,172.5,3.0,7.43,72.5,1.1923076923076923,281.47792040520983,6.209531489302455,0.725,1.2113055181695829,3.206896551724138
2022-12-25 00:00:00,0,24,0,9,12,3,0,5,10,2,12,2,9.7,269.5,3.0,7.43,60.0,0.9285714285714286,248.7246136034732,4.137079407806191,0.6,0.6729475100942127,3.25
2022-12-25 01:00:00,1,27,0,9,16,2,0,7,10,2,12,2,10.7,329.5,3.0,7.43,67.5,1.0476190476190477,260.79961360347323,5.270634564578037,0.675,0.9421265141318976,3.259259259259259
2022-12-25 02:00:00,2,24,0,6,16,2,0,6,12,2,14,2,11.7,352.5,3.0,7.43,60.0,0.9743589743589745,286.80461360347323,4.457200538358007,0.6,0.8075370121130552,3.1666666666666665
2022-12-25 03:00:00,3,22,0,5,15,2,0,3,12,1,13,1,12.416666666666666,407.0,3.0,7.43,55.00000000000001,0.8518518518518519,272.2883068017366,2.991364859904564,0.55,0.4037685060565276,3.136363636363636
2022-12-25 04:00:00,4,20,0,5,13,2,0,1,12,1,13,1,13.416666666666666,467.0,3.0,7.43,50.0,0.7777777777777778,273.6383068017366,1.998956931359354,0.5,0.1345895020188425,3.15
2022-12-25 05:00:00,5,20,0,4,14,2,0,1,12,1,13,1,14.416666666666666,527.0,3.0,7.43,50.0,0.7654320987654321,279.2783068017366,1.967227456258412,0.5,0.1345895020188425,3.1
2022-12-25 06:00:00,6,23,1,4,16,2,0,3,13,1,14,1,15.416666666666666,579.0,3.0,7.43,57.49999999999999,0.935897435897436,304.7533068017366,3.106526127918544,0.575,0.4037685060565276,3.1739130434782608
2022-12-25 07:00:00,7,25,1,5,17,2,0,3,14,1,15,1,16.416666666666668,631.0,3.0,7.43,62.5,1.0666666666666669,328.0833068017366,3.2920592193808886,0.625,0.4037685060565276,3.2
2022-12-25 08:00:00,8,27,1,7,17,2,0,6,15,1,16,1,17.416666666666668,651.5,3.0,7.76,67.5,1.2222222222222223,351.41330680173667,4.720045819014891,0.675,0.7731958762886598,3.259259259259259
2022-12-25 09:00:00,9,21,1,5,13,2,0,3,11,1,12,1,18.416666666666668,628.5,3.0,7.76,52.5,0.8095238095238095,290.5833068017366,2.951840942562592,0.525,0.3865979381443299,3.238095238095238
2022-12-25 10:00:00,10,19,1,3,14,1,0,7,7,2,9,2,19.416666666666668,505.0,4.0,11.01,47.5,0.4919354838709677,252.60161360347325,3.56620655863091,0.475,0.6357856494096277,3.210526315789474
2022-12-25 11:00:00,11,25,1,5,19,0,0,13,7,4,11,4,20.416666666666668,68.0,4.0,11.01,62.5,0.7068965517241379,299.64822720694644,5.922842870118075,0.625,1.1807447774750228,3.28
2022-12-25 12:00:00,12,28,1,3,23,1,0,15,6,4,10,4,21.416666666666668,125.5,4.0,11.01,70.0,0.7333333333333333,298.32322720694646,6.481821720513819,0.7,1.362397820163488,3.142857142857143
2022-12-25 13:00:00,13,27,0,2,24,1,0,9,5,4,9,4,18.95,162.0,4.0,11.01,67.5,0.6612903225806451,268.86622720694646,4.532591583409023,0.675,0.8174386920980926,3.037037037037037
2022-12-25 14:00:00,14,31,0,2,27,1,1,13,6,4,10,4,19.95,74.0,4.0,11.01,77.5,0.7666666666666667,296.48622720694647,5.804145791216197,0.775,1.1807447774750228,2.967741935483871
2022-12-25 15:00:00,15,30,0,3,27,0,0,12,9,3,12,3,20.95,114.0,4.0,11.01,75.0,0.8303571428571429,325.91292040520983,5.70374659400545,0.75,1.0899182561307903,3.1
2022-12-25 16:00:00,16,37,0,4,32,1,0,17,12,3,15,3,21.95,98.0,4.0,11.01,92.5,1.14,386.76792040520985,7.607345901760071,0.925,1.5440508628519527,3.081081081081081
2022-12-25 17:00:00,17,40,0,5,34,1,0,12,16,3,19,3,22.95,132.0,4.0,11.01,100.0,1.4761904761904765,452.4429204052098,6.47874659400545,1.0,1.0899182561307903,3.1
2022-12-25 18:00:00,18,49,0,6,39,3,1,12,19,3,22,3,23.95,172.0,4.0,11.01,122.5,2.055555555555556,517.5879204052098,6.991997998109325,1.225,1.0899182561307903,3.020408163265306
2022-12-25 19:00:00,19,47,0,6,35,5,1,9,18,3,21,3,24.95,228.0,4.0,11.01,117.5,1.8421052631578947,505.5379204052099,5.934923763696446,1.175,0.8174386920980926,2.978723404255319
2022-12-25 20:00:00,20,43,0,3,34,5,1,15,16,3,19,3,25.95,282.0,4.0,10.31,107.5,1.488095238095238,475.79792040520977,7.354355107933141,1.075,1.454898157129001,2.9069767441860463
2022-12-25 21:00:00,21,36,0,4,26,4,2,9,12,3,15,3,26.95,391.0,4.0,10.31,90.0,1.04,412.8229204052098,5.121823472356935,0.9,0.8729388942774006,2.888888888888889
2022-12-25 22:00:00,22,32,0,3,27,2,0,11,12,4,16,4,27.95,364.5,3.0,7.0600000000000005,80.0,1.3472222222222223,424.1512272069464,7.147910764872521,0.8,1.5580736543909348,3.03125
2022-12-25 23:00:00,23,29,0,1,27,1,0,8,11,4,15,4,28.95,462.0,3.0,7.0600000000000005,72.5,1.16,409.9562272069464,5.57443342776204,0.725,1.13314447592068,3.0
2022-12-26 00:00:00,0,27,0,1,25,1,0,8,12,3,15,3,29.95,522.0,3.0,7.0600000000000005,67.5,1.08,410.43792040520987,5.42443342776204,0.675,1.13314447592068,3.0
2022-12-26 01:00:00,1,29,1,1,25,2,0,4,12,4,16,4,30.95,544.5,3.0,7.0600000000000005,72.5,1.2222222222222223,434.6362272069464,3.91925368760379,0.725,0.56657223796034,3.034482758620689
2022-12-26 02:00:00,2,24,1,1,20,2,0,2,11,4,15,4,31.95,541.0,3.0,7.0600000000000005,60.0,0.9733333333333334,416.1512272069464,2.68666194523135,0.6,0.28328611898017,3.0416666666666665
2022-12-26 03:00:00,3,23,1,1,19,2,0,4,12,4,16,4,32.95,580.5,3.0,7.0600000000000005,57.49999999999999,0.9722222222222222,433.04622720694647,3.474350289444513,0.575,0.56657223796034,3.0434782608695654
2022-12-26 04:00:00,4,24,1,1,21,1,0,5,11,4,15,4,33.95,498.0,3.0,7.0600000000000005,60.0,0.9866666666666668,427.43122720694646,4.033663833805477,0.6,0.7082152974504249,3.083333333333333
2022-12-26 05:00:00,5,24,2,2,19,1,0,2,11,5,16,5,34.95,495.5,3.0,7.0600000000000005,60.0,1.0694444444444444,447.3395340086831,2.833876298394712,0.6,0.28328611898017,3.208333333333333
2022-12-26 06:00:00,6,24,2,2,19,1,0,2,13,5,18,5,35.95,488.0,3.0,7.0600000000000005,60.0,1.1666666666666667,479.7795340086831,2.833876298394712,0.6,0.28328611898017,3.208333333333333
2022-12-26 07:00:00,7,20,2,2,15,1,0,0,11,5,16,5,36.95,615.5,3.0,7.0600000000000005,50.0,0.9027777777777778,450.0395340086831,1.625,0.5,0.0,3.25
2022-12-26 08:00:00,8,18,2,1,14,1,0,2,11,5,16,5,37.95,675.5,3.0,7.23,45.0,0.8055555555555556,451.3895340086831,2.3413477793145843,0.45,0.276625172890733,3.2222222222222223
2022-12-26 09:00:00,9,24,2,1,20,1,0,10,10,5,15,5,38.95,663.0,3.0,7.23,60.0,1.0133333333333334,456.49953400868304,6.27989857076994,0.6,1.3831258644536653,3.1666666666666665
2022-12-26 10:00:00,10,31,2,3,24,2,0,13,12,5,17,5,39.95,572.0,4.0,10.93,77.5,1.065217391304348,503.9545340086832,6.209997638933978,0.775,1.1893870082342175,3.161290322580645
2022-12-26 11:00:00,11,37,2,4,31,0,0,16,12,5,17,5,40.95,510.0,4.0,10.93,92.5,1.2934782608695652,522.464534008683,7.683093271679731,0.925,1.463860933211345,3.216216216216216
2022-12-26 12:00:00,12,33,2,6,25,0,0,7,15,5,20,5,41.95,473.5,4.0,10.93,82.5,1.3625,559.7245340086831,4.84038994704594,0.825,0.6404391582799634,3.303030303030303
2022-12-26 13:00:00,13,40,2,8,30,0,0,12,19,5,24,5,42.95,287.0,4.0,10.93,100.0,2.0625,633.979534008683,6.923055809698079,1.0,1.0978956999085088,3.3
2022-12-26 14:00:00,14,35,2,8,25,0,0,7,18,5,23,5,43.95,218.0,4.0,10.93,87.5,1.7205882352941178,615.4945340086831,5.065896614821592,0.875,0.6404391582799634,3.342857142857143
2022-12-26 15:00:00,15,38,1,9,28,0,0,12,19,3,22,3,44.28333333333333,162.5,4.0,10.93,95.0,1.7361111111111112,608.6729204052099,6.736499012856935,0.95,1.0978956999085088,3.289473684210526
2022-12-26 16:00:00,16,38,2,9,27,0,0,10,17,4,21,4,45.28333333333333,197.0,4.0,10.93,95.0,1.6710526315789471,601.7812272069464,6.23273583088554,0.95,0.9149130832570906,3.3421052631578947
2022-12-26 17:00:00,17,46,2,11,31,1,1,13,19,5,24,5,46.28333333333333,203.5,4.0,10.93,115.0,2.34375,665.6495340086831,7.628435896415927,1.15,1.1893870082342175,3.260869565217391
2022-12-26 18:00:00,18,42,2,12,26,1,1,6,20,5,25,5,32.05,243.0,4.0,10.93,105.0,2.316666666666667,590.1935340086831,5.2917559796105085,1.05,0.5489478499542544,3.3095238095238093
2022-12-26 19:00:00,19,33,2,11,18,1,1,6,15,5,20,5,28.716666666666665,302.0,4.0,10.93,82.5,1.3875,485.08853400868304,4.621460949846129,0.825,0.5489478499542544,3.363636363636364
2022-12-26 20:00:00,20,29,1,8,20,0,0,10,13,3,16,3,11.716666666666669,277.5,4.0,12.09,72.5,1.0104166666666667,325.29192040520985,5.191606771056159,0.725,0.8271298593879239,3.3448275862068964
2022-12-26 21:00:00,21,34,1,11,21,1,0,12,15,3,18,3,12.716666666666669,225.5,4.0,12.09,85.0,1.2954545454545454,368.4569204052098,6.177981316596118,0.85,0.9925558312655088,3.3529411764705883
2022-12-26 22:00:00,22,30,1,9,18,2,0,6,15,2,17,2,13.716666666666669,266.0,3.0,8.39,75.0,1.434782608695652,351.24861360347325,4.83495232419547,0.75,0.7151370679380215,3.3
2022-12-26 23:00:00,23,29,2,6,21,0,0,11,14,2,16,2,14.716666666666669,217.0,3.0,8.39,72.5,1.3472222222222223,341.3436136034732,6.810352020056717,0.725,1.3110846245530392,3.3448275862068964
2022-12-27 00:00:00,0,39,3,6,27,2,1,14,15,2,17,2,15.716666666666669,231.0,3.0,8.39,97.5,1.8115942028985508,381.8336136034732,8.473247302955288,0.975,1.66865315852205,3.2051282051282053
2022-12-27 01:00:00,1,37,3,6,24,4,0,8,14,2,16,2,16.716666666666665,312.5,3.0,8.39,92.5,1.6527777777777777,369.7836136034732,6.041713912959444,0.925,0.9535160905840284,3.216216216216216
2022-12-27 02:00:00,2,38,2,7,24,5,0,6,14,2,16,2,17.716666666666665,372.5,3.0,8.39,95.0,1.6666666666666667,377.5686136034732,5.258327582962173,0.95,0.7151370679380215,3.1578947368421053
2022-12-27 03:00:00,3,38,2,8,26,2,0,7,15,2,17,2,18.716666666666665,411.0,3.0,8.39,95.0,1.7971014492753623,396.60861360347326,5.822539363904397,0.95,0.8343265792610249,3.263157894736842
2022-12-27 04:00:00,4,31,2,8,20,1,0,0,15,2,17,2,19.716666666666665,471.0,3.0,8.39,77.5,1.5072463768115942,387.23361360347326,2.6,0.775,0.0,3.3548387096774195
2022-12-27 05:00:00,5,31,2,8,20,1,0,1,16,2,18,2,20.716666666666665,517.5,3.0,8.39,77.5,1.5757575757575757,406.2736136034732,2.999861586373948,0.775,0.1191895113230035,3.3548387096774195
2022-12-27 06:00:00,6,28,2,8,18,0,0,0,16,2,18,2,21.716666666666665,577.5,3.0,8.39,70.0,1.4545454545454546,405.4786136034732,2.4,0.7,0.0,3.4285714285714284
2022-12-27 07:00:00,7,27,2,9,16,0,0,2,16,3,19,3,22.716666666666665,624.0,3.0,8.39,67.5,1.492063492063492,423.2419204052098,3.179912152915729,0.675,0.2383790226460071,3.4814814814814814
2022-12-27 08:00:00,8,24,1,8,15,0,0,2,16,2,18,2,23.716666666666665,673.0,3.0,6.619999999999999,60.0,1.2424242424242424,408.1786136034732,3.082225579053373,0.6,0.3021148036253777,3.4166666666666665
2022-12-27 09:00:00,9,25,2,7,15,1,0,3,15,2,17,2,24.716666666666665,686.0,3.0,6.619999999999999,62.5,1.2318840579710144,402.5636136034733,3.665785498489426,0.625,0.4531722054380665,3.4
2022-12-27 10:00:00,10,31,2,5,20,4,0,12,14,1,15,1,25.716666666666665,634.0,4.0,10.489999999999998,77.5,0.98,393.4053068017366,6.066347366155171,0.775,1.143946615824595,3.161290322580645
2022-12-27 11:00:00,11,37,3,8,21,5,0,13,16,3,19,3,26.716666666666665,413.0,4.0,10.489999999999998,92.5,1.4285714285714286,467.2519204052098,7.019271893437768,0.925,1.2392755004766447,3.2432432432432434
2022-12-27 12:00:00,12,37,3,6,20,8,0,12,16,3,19,3,27.716666666666665,155.0,4.0,10.489999999999998,92.5,1.369047619047619,472.8919204052098,6.430509751887255,0.925,1.143946615824595,3.108108108108108
2022-12-27 13:00:00,13,41,2,7,23,9,0,14,16,3,19,3,28.716666666666665,171.0,4.0,10.489999999999998,102.5,1.488095238095238,487.1119204052098,7.19391580831919,1.025,1.3346043851286942,3.048780487804878
2022-12-27 14:00:00,14,48,2,11,27,7,1,19,21,4,25,4,29.716666666666665,212.0,4.0,10.489999999999998,120.0,2.5,589.0352272069464,9.410152526215445,1.2,1.8112488083889424,3.125
2022-12-27 15:00:00,15,41,1,7,26,7,0,9,19,4,23,4,18.0,120.0,4.0,10.489999999999998,102.5,1.838235294117647,481.13822720694645,5.740731591062336,1.025,0.8579599618684463,3.048780487804878
2022-12-27 16:00:00,16,41,0,5,28,8,0,10,20,2,22,2,19.0,159.5,4.0,10.489999999999998,102.5,1.6666666666666667,471.6416136034733,5.790113697133158,1.025,0.9532888465204958,2.926829268292683
2022-12-27 17:00:00,17,40,0,7,24,9,0,9,19,2,21,2,17.566666666666666,227.0,4.0,10.489999999999998,100.0,1.5526315789473684,448.01261360347326,5.480981887511917,1.0,0.8579599618684463,2.95
2022-12-27 18:00:00,18,44,0,7,28,9,0,11,21,2,23,2,18.566666666666663,272.0,4.0,10.489999999999998,110.0,1.911764705882353,489.0326136034733,6.348188751191612,1.1,1.0486177311725455,2.9545454545454546
2022-12-27 19:00:00,19,33,0,4,25,4,0,7,15,2,17,2,19.566666666666663,349.0,4.0,10.489999999999998,82.5,1.076086956521739,390.6776136034732,4.4769065776930415,0.825,0.6673021925643471,3.0
2022-12-27 20:00:00,20,37,1,2,28,6,0,12,15,0,15,0,20.566666666666663,280.0,4.0,11.38,92.5,1.09,376.361,5.83144563720135,0.925,1.0544815465729351,2.945945945945946
2022-12-27 21:00:00,21,36,1,2,24,9,0,9,14,0,14,0,21.566666666666663,386.5,4.0,11.38,90.0,0.9903846153846154,366.456,4.83774165202109,0.9,0.7908611599297013,2.861111111111111
2022-12-27 22:00:00,22,25,1,4,15,5,0,10,12,0,12,0,22.566666666666663,446.5,3.0,7.51,62.5,0.9047619047619048,321.701,5.947936085219707,0.625,1.3315579227696406,3.04
2022-12-27 23:00:00,23,30,1,5,17,5,2,14,14,1,15,1,23.566666666666663,385.0,3.0,7.51,75.0,1.1733333333333331,379.1343068017366,7.668264536173991,0.75,1.8641810918774968,2.933333333333333
2022-12-28 00:00:00,0,35,1,4,27,3,0,10,15,1,16,1,24.566666666666663,422.5,3.0,7.51,87.5,1.5,408.8993068017366,6.80880730454632,0.875,1.3315579227696406,3.085714285714286
2022-12-28 01:00:00,1,39,2,6,28,3,0,8,15,0,15,0,25.566666666666663,505.0,3.0,7.51,97.5,1.653333333333333,408.851,6.486937075352522,0.975,1.0652463382157125,3.1794871794871797
2022-12-28 02:00:00,2,35,2,6,24,3,0,7,14,0,14,0,26.566666666666663,597.0,3.0,7.51,87.5,1.435897435897436,392.511,5.782689747003996,0.875,0.9320905459387484,3.2
2022-12-28 03:00:00,3,28,1,4,20,3,0,5,13,0,13,0,27.566666666666663,689.0,3.0,7.51,70.0,1.0740740740740742,369.736,4.243670344302835,0.7,0.6657789613848203,3.107142857142857
2022-12-28 04:00:00,4,30,1,4,22,3,0,4,13,0,13,0,28.566666666666663,749.0,3.0,7.51,75.0,1.148148148148148,379.666,3.976131824234354,0.75,0.5326231691078562,3.1
2022-12-28 05:00:00,5,30,1,6,20,3,0,3,14,1,15,1,29.566666666666663,745.0,3.0,7.51,75.0,1.2666666666666666,412.9743068017366,3.639980026631159,0.75,0.3994673768308922,3.1666666666666665
2022-12-28 06:00:00,6,29,1,7,17,4,0,5,15,1,16,1,30.566666666666663,782.5,3.0,7.51,72.5,1.2777777777777777,429.86930680173657,4.412126360255292,0.725,0.6657789613848203,3.1724137931034484
2022-12-28 07:00:00,7,27,1,5,17,3,1,3,15,0,15,0,31.566666666666663,865.0,3.0,7.51,67.5,1.106666666666667,416.951,3.302992306554224,0.675,0.3994673768308922,3.074074074074074
2022-12-28 08:00:00,8,27,1,5,18,2,1,4,15,0,15,0,32.56666666666667,925.0,3.0,6.619999999999999,67.5,1.12,422.591,3.979825444780128,0.675,0.6042296072507554,3.111111111111111
2022-12-28 09:00:00,9,30,1,7,17,5,0,8,13,0,13,0,33.56666666666667,940.0,3.0,6.619999999999999,75.0,1.160493827160494,407.866,6.1365055387714005,0.75,1.2084592145015107,3.1333333333333333
2022-12-28 10:00:00,10,35,2,8,16,9,0,10,12,1,13,1,34.56666666666667,739.0,4.0,9.94,87.5,1.0,425.0993068017367,5.804340327680369,0.875,1.006036217303823,3.085714285714286
2022-12-28 11:00:00,11,37,2,6,19,10,0,12,13,1,14,1,35.56666666666667,335.0,4.0,9.94,92.5,1.0673076923076923,448.42930680173663,6.396730382293763,0.925,1.2072434607645877,3.0
2022-12-28 12:00:00,12,49,2,9,21,15,2,18,16,1,17,1,36.56666666666667,168.0,4.0,9.94,122.5,1.5326086956521738,520.0093068017367,8.735856978606332,1.225,1.8108651911468812,2.877551020408163
2022-12-28 13:00:00,13,47,2,9,24,11,1,11,17,2,19,2,37.56666666666667,144.0,4.0,9.94,117.5,1.6785714285714286,549.0276136034732,6.844919517102616,1.175,1.1066398390342054,3.0
2022-12-28 14:00:00,14,43,3,8,22,10,0,9,13,3,16,3,38.56666666666667,131.5,4.0,9.94,107.5,1.3854166666666667,506.75592040520985,6.1255240746806425,1.075,0.9054325955734408,3.0930232558139537
2022-12-28 15:00:00,15,36,3,6,22,5,0,4,13,3,16,3,39.56666666666667,184.5,4.0,9.94,90.0,1.1979166666666667,497.38092040520985,4.160490722110441,0.9,0.4024144869215292,3.1944444444444446
2022-12-28 16:00:00,16,41,3,6,28,4,0,10,15,2,17,2,40.56666666666667,197.0,4.0,9.94,102.5,1.423913043478261,526.2776136034732,6.489408401629289,1.025,1.006036217303823,3.1951219512195124
2022-12-28 17:00:00,17,41,3,7,24,7,0,12,16,2,18,2,41.56666666666667,236.5,4.0,9.94,102.5,1.4659090909090908,545.3176136034732,7.023400157039801,1.025,1.2072434607645877,3.1463414634146343
2022-12-28 18:00:00,18,42,3,9,23,7,0,11,19,2,21,2,17.116666666666667,151.0,4.0,9.94,105.0,1.763157894736842,449.76461360347326,6.880708057871037,1.05,1.1066398390342054,3.1904761904761907
2022-12-28 19:00:00,19,39,2,10,20,7,0,7,19,2,21,2,18.116666666666667,169.0,4.0,9.94,97.5,1.631578947368421,448.9696136034733,5.339075478512098,0.975,0.7042253521126761,3.1794871794871797
2022-12-28 20:00:00,20,37,2,11,19,5,0,11,19,2,21,2,10.1,172.0,4.0,9.45,92.5,1.5921052631578947,399.4656136034733,6.831663806663808,0.925,1.1640211640211642,3.27027027027027
2022-12-28 21:00:00,21,40,2,12,17,8,1,12,19,1,20,1,10.4,219.5,4.0,9.45,100.0,1.575,393.3243068017366,7.15,1.0,1.26984126984127,3.15
2022-12-28 22:00:00,22,29,2,12,11,4,0,5,13,1,14,1,10.733333333333333,205.5,3.0,6.13,72.5,1.2692307692307692,291.2093068017366,5.259496821735951,0.725,0.8156606851549756,3.413793103448276
2022-12-28 23:00:00,23,28,1,12,11,3,1,11,9,1,10,1,11.733333333333333,312.0,3.0,6.13,70.0,1.0333333333333334,241.10430680173656,8.285149149382429,0.7,1.7944535073409462,3.321428571428572
2022-12-29 00:00:00,0,23,1,11,9,2,0,6,9,1,10,1,11.383333333333333,372.0,3.0,6.13,57.49999999999999,0.8888888888888888,228.4053068017366,5.404496772820767,0.575,0.9787928221859706,3.4782608695652173
2022-12-29 01:00:00,1,20,1,7,11,1,0,3,9,1,10,1,12.383333333333333,432.0,3.0,6.13,50.0,0.7555555555555555,227.6103068017366,3.36394779771615,0.5,0.4893964110929853,3.4
2022-12-29 02:00:00,2,21,0,8,12,1,0,5,9,1,10,1,13.383333333333333,445.5,3.0,6.13,52.5,0.7777777777777778,235.3953068017366,4.468868950516586,0.525,0.8156606851549756,3.333333333333333
2022-12-29 03:00:00,3,23,0,9,13,1,0,4,10,1,11,1,14.383333333333333,488.0,3.0,6.13,57.49999999999999,0.8850574712643678,258.72530680173656,4.109552095893326,0.575,0.6525285481239804,3.347826086956522
2022-12-29 04:00:00,4,26,1,9,15,1,0,4,11,2,13,2,15.383333333333333,495.0,3.0,6.13,65.0,1.0864197530864197,298.4686136034732,4.408558162881165,0.65,0.6525285481239804,3.3846153846153846
2022-12-29 05:00:00,5,23,0,9,13,1,0,0,11,1,12,1,16.383333333333333,581.5,3.0,6.13,57.49999999999999,0.9166666666666666,283.40530680173663,1.925,0.575,0.0,3.347826086956522
2022-12-29 06:00:00,6,24,0,9,14,1,0,2,11,1,12,1,17.383333333333333,641.5,3.0,6.13,60.0,0.9523809523809524,291.1903068017366,3.087547580206634,0.6,0.3262642740619902,3.333333333333333
2022-12-29 07:00:00,7,23,0,9,13,1,0,2,11,1,12,1,18.383333333333333,701.5,3.0,6.13,57.49999999999999,0.9166666666666666,294.6853068017366,3.017276047946663,0.575,0.3262642740619902,3.347826086956522
2022-12-29 08:00:00,8,27,0,9,17,1,0,6,12,1,13,1,19.383333333333333,735.0,3.0,7.18,67.5,1.0987654320987654,322.3053068017366,4.979565150108326,0.675,0.8356545961002786,3.2962962962962963
2022-12-29 09:00:00,9,31,1,8,20,2,0,9,11,2,13,2,20.383333333333333,433.0,3.0,7.18,77.5,1.2469135802469136,337.3936136034732,6.608924880941685,0.775,1.2534818941504178,3.2580645161290325
2022-12-29 10:00:00,10,29,1,8,18,2,0,8,11,2,13,2,21.383333333333333,393.0,4.0,10.43,72.5,0.8796296296296297,338.74361360347325,4.887645882236256,0.725,0.7670182166826462,3.2758620689655173
2022-12-29 11:00:00,11,34,2,9,20,3,0,13,13,2,15,2,22.383333333333333,176.0,4.0,10.43,85.0,1.12,381.9086136034732,6.905803395183576,0.85,1.2464046021093,3.294117647058824
2022-12-29 12:00:00,12,39,2,10,24,3,0,9,16,2,18,2,23.383333333333333,172.0,4.0,10.43,97.5,1.4545454545454546,438.47361360347327,6.032067261597462,0.975,0.862895493767977,3.282051282051282
2022-12-29 13:00:00,13,44,4,11,26,3,0,9,17,3,20,3,21.683333333333334,184.5,4.0,10.43,110.0,1.85,467.2789204052098,6.602466660855924,1.1,0.862895493767977,3.363636363636364
2022-12-29 14:00:00,14,40,3,15,20,2,0,9,18,2,20,2,22.683333333333334,174.0,4.0,10.43,100.0,1.7375,463.4706136034732,6.473561840843721,1.0,0.862895493767977,3.475
2022-12-29 15:00:00,15,37,3,14,16,4,0,8,12,2,14,2,14.05,193.0,4.0,10.43,92.5,1.2211538461538465,327.94361360347324,5.807738203208002,0.925,0.7670182166826462,3.4324324324324325
2022-12-29 16:00:00,16,32,2,12,16,2,0,5,11,1,12,1,15.05,236.5,4.0,10.43,80.0,0.9821428571428572,295.1903068017366,4.3978906999041225,0.8,0.4793863854266539,3.4375
2022-12-29 17:00:00,17,35,2,13,13,6,1,10,13,1,14,1,16.05,255.0,4.0,10.43,87.5,1.0961538461538465,334.0653068017366,5.972859882207917,0.875,0.9587727708533078,3.257142857142857
2022-12-29 18:00:00,18,31,3,11,10,6,1,4,11,0,11,0,17.05,271.0,4.0,10.43,77.5,0.8793103448275862,290.057,3.8118686790585463,0.775,0.3835091083413231,3.290322580645161
2022-12-29 19:00:00,19,28,2,13,10,3,0,13,13,0,13,0,16.033333333333335,177.0,4.0,10.43,70.0,0.9074074074074074,304.688,6.81241610738255,0.7,1.2464046021093,3.5
2022-12-29 20:00:00,20,27,3,9,11,4,0,9,15,0,15,0,17.033333333333335,147.0,4.0,10.26,67.5,0.92,334.983,5.288953866146849,0.675,0.8771929824561404,3.4074074074074074
2022-12-29 21:00:00,21,26,2,8,12,3,1,6,13,0,13,0,18.03333333333333,153.0,4.0,10.26,65.0,0.7870370370370371,311.678,4.036830859199281,0.65,0.5847953216374269,3.269230769230769
2022-12-29 22:00:00,22,24,1,5,14,3,1,9,9,0,9,0,19.03333333333333,188.0,3.0,7.01,60.0,0.7956989247311828,259.428,5.808630527817404,0.6,1.2838801711840229,3.083333333333333
2022-12-29 23:00:00,23,13,0,3,7,3,0,5,6,0,6,0,20.03333333333333,244.0,3.0,7.01,32.5,0.3823529411764705,201.273,3.114800285306705,0.325,0.7132667617689016,3.0
2022-12-30 00:00:00,0,19,0,4,12,3,0,11,7,0,7,0,21.03333333333333,300.0,3.0,7.01,47.5,0.5858585858585859,233.183,6.2401494106164135,0.475,1.5691868758915837,3.0526315789473686
2022-12-30 01:00:00,1,16,1,4,10,1,0,3,9,0,9,0,22.03333333333333,342.0,3.0,7.01,40.0,0.5698924731182796,259.188,2.742617689015692,0.4,0.4279600570613409,3.3125
2022-12-30 02:00:00,2,22,1,4,15,2,0,7,11,0,11,0,23.03333333333333,367.0,3.0,7.01,55.00000000000001,0.8045977011494253,304.49800000000005,4.927279211516017,0.55,0.9985734664764624,3.1818181818181817
2022-12-30 03:00:00,3,23,1,6,13,3,0,6,11,0,11,0,24.03333333333333,427.0,3.0,7.01,57.49999999999999,0.8505747126436781,312.283,4.603829932394716,0.575,0.8559201141226819,3.217391304347826
2022-12-30 04:00:00,4,22,1,6,12,3,0,3,12,0,12,0,25.03333333333333,382.0,3.0,7.01,55.00000000000001,0.8452380952380952,329.178,3.1561438205161454,0.55,0.4279600570613409,3.227272727272727
2022-12-30 05:00:00,5,21,1,5,13,2,0,4,13,0,13,0,26.03333333333333,337.0,3.0,7.01,52.5,0.8395061728395061,346.073,3.547700563820393,0.525,0.5706134094151213,3.238095238095238
2022-12-30 06:00:00,6,21,1,5,13,2,0,2,13,0,13,0,27.03333333333333,397.0,3.0,7.01,52.5,0.8395061728395061,351.713,2.6238502819101965,0.525,0.2853067047075606,3.238095238095238
2022-12-30 07:00:00,7,22,2,5,13,2,0,1,13,0,13,0,28.03333333333333,457.0,3.0,7.01,55.00000000000001,0.9012345679012346,359.49800000000005,2.2983497600829983,0.55,0.1426533523537803,3.3181818181818183
2022-12-30 08:00:00,8,19,2,5,10,2,0,0,13,0,13,0,29.03333333333333,517.0,3.0,7.23,47.5,0.7901234567901234,358.703,1.6,0.475,0.0,3.3684210526315788
2022-12-30 09:00:00,9,19,1,5,11,2,0,3,12,0,12,0,30.03333333333333,520.0,3.0,7.23,47.5,0.7380952380952381,350.943,2.9040074252020087,0.475,0.4149377593360995,3.263157894736842
2022-12-30 10:00:00,10,17,0,4,11,2,0,6,9,0,9,0,31.03333333333333,523.0,4.0,10.93,42.5,0.4274193548387097,312.093,3.0364256498573816,0.425,0.5489478499542544,3.117647058823529
2022-12-30 11:00:00,11,28,0,6,19,3,0,14,12,0,12,0,32.03333333333333,267.0,4.0,10.93,70.0,0.7767857142857143,381.528,6.154871912168344,0.7,1.280878316559927,3.107142857142857
2022-12-30 12:00:00,12,35,0,7,24,4,0,14,11,0,11,0,33.03333333333333,150.0,4.0,10.93,87.5,0.9310344827586208,388.783,6.652424519670633,0.875,1.280878316559927,3.085714285714286
2022-12-30 13:00:00,13,32,1,7,20,4,0,8,12,0,12,0,34.03333333333333,159.5,4.0,10.93,80.0,0.9017857142857144,401.388,4.835155535224154,0.8,0.7319304666056725,3.15625
2022-12-30 14:00:00,14,33,1,8,19,5,0,8,13,1,14,1,35.03333333333333,192.0,4.0,10.93,82.5,1.0,436.84130680173655,4.906689955363332,0.825,0.7319304666056725,3.1515151515151514
2022-12-30 15:00:00,15,40,3,9,23,5,0,15,15,1,16,1,36.03333333333333,120.5,4.0,10.93,100.0,1.3541666666666667,484.2963068017366,7.710201280878316,1.0,1.372369624885636,3.25
2022-12-30 16:00:00,16,35,3,8,20,4,0,10,15,0,15,0,37.03333333333333,165.0,4.0,10.93,87.5,1.15,464.943,5.881142987844727,0.875,0.9149130832570906,3.2857142857142856
2022-12-30 17:00:00,17,31,3,9,17,2,0,4,15,0,15,0,38.03333333333333,225.0,4.0,10.93,77.5,1.06,462.003,3.901364991293569,0.775,0.3659652333028362,3.419354838709677
2022-12-30 18:00:00,18,29,2,9,16,2,0,7,13,0,13,0,39.03333333333333,213.0,4.0,10.93,72.5,0.9074074074074074,436.553,4.614242672808152,0.725,0.6404391582799634,3.3793103448275863
2022-12-30 19:00:00,19,22,2,7,10,3,0,4,14,0,14,0,40.03333333333333,257.0,4.0,10.93,55.00000000000001,0.7115384615384616,440.578,3.080973966564086,0.55,0.3659652333028362,3.363636363636364
2022-12-30 20:00:00,20,17,1,7,6,3,0,4,10,0,10,0,41.03333333333333,303.5,4.0,11.38,42.5,0.475,381.893,2.603538199110927,0.425,0.351493848857645,3.3529411764705883
2022-12-30 21:00:00,21,24,1,9,10,4,0,12,10,0,10,0,42.03333333333333,363.5,4.0,11.38,60.0,0.6583333333333333,402.548,5.4460017574692445,0.6,1.0544815465729351,3.2916666666666665
2022-12-30 22:00:00,22,23,1,8,12,2,0,8,8,1,9,1,20.766666666666666,280.0,3.0,7.68,57.49999999999999,0.8279569892473119,267.9273068017366,5.412318840579711,0.575,1.0416666666666667,3.347826086956522
2022-12-30 23:00:00,23,22,1,7,11,3,0,7,7,2,9,2,21.766666666666666,168.0,3.0,7.68,55.00000000000001,0.7741935483870968,272.2906136034732,4.782954545454546,0.55,0.9114583333333334,3.272727272727273
2022-12-31 00:00:00,0,19,2,6,8,3,0,7,8,2,10,2,22.766666666666666,224.0,3.0,7.68,47.5,0.7111111111111111,284.89561360347324,4.670175438596491,0.475,0.9114583333333334,3.3684210526315788
2022-12-31 01:00:00,1,22,2,6,12,2,0,6,9,2,11,2,23.766666666666666,280.0,3.0,7.68,55.00000000000001,0.8505747126436781,310.3706136034732,4.47784090909091,0.55,0.78125,3.363636363636364
2022-12-31 02:00:00,2,19,1,6,11,1,0,4,9,2,11,2,24.766666666666666,340.0,3.0,7.68,47.5,0.735632183908046,309.57561360347324,3.3543859649122805,0.475,0.5208333333333334,3.3684210526315788
2022-12-31 03:00:00,3,17,1,6,9,1,0,1,9,2,11,2,25.766666666666666,400.0,3.0,7.68,42.5,0.6666666666666666,310.9256136034732,1.8942401960784312,0.425,0.1302083333333333,3.411764705882353
2022-12-31 04:00:00,4,19,1,7,10,1,0,5,9,3,12,3,26.766666666666666,434.5,3.0,7.68,47.5,0.7738095238095238,335.12392040520984,3.852247807017544,0.475,0.6510416666666667,3.421052631578948
2022-12-31 05:00:00,5,23,1,7,13,1,1,4,10,3,13,3,27.766666666666666,469.0,3.0,7.68,57.49999999999999,0.925925925925926,362.74392040520985,3.5733695652173907,0.575,0.5208333333333334,3.260869565217391
2022-12-31 06:00:00,6,20,1,8,9,2,0,3,10,3,13,3,28.766666666666666,529.0,3.0,7.68,50.0,0.8395061728395061,361.9489204052098,3.028125,0.5,0.390625,3.4
2022-12-31 07:00:00,7,20,1,9,8,2,0,2,11,3,14,3,29.766666666666666,582.0,3.0,7.68,50.0,0.8846153846153846,380.9889204052098,2.6234375000000005,0.5,0.2604166666666667,3.45
2022-12-31 08:00:00,8,23,1,10,10,2,0,7,12,3,15,3,30.766666666666666,635.0,3.0,6.359999999999999,57.49999999999999,1.0533333333333332,406.4639204052098,5.7554211101996176,0.575,1.1006289308176105,3.4347826086956523
2022-12-31 09:00:00,9,24,1,8,13,2,0,3,12,3,15,3,31.766666666666666,604.0,3.0,6.359999999999999,60.0,1.0666666666666669,414.2489204052098,3.5723270440251573,0.6,0.4716981132075472,3.333333333333333
2022-12-31 10:00:00,10,25,1,7,14,3,0,6,11,2,13,2,32.766666666666666,552.0,4.0,9.61,62.5,0.75,394.3656136034732,4.047892819979189,0.625,0.6243496357960459,3.24
2022-12-31 11:00:00,11,30,0,10,16,4,0,12,8,3,11,3,33.766666666666666,214.0,4.0,9.61,75.0,0.8275862068965517,384.79892040520986,6.395837669094694,0.75,1.2486992715920917,3.2
2022-12-31 12:00:00,12,32,0,11,17,4,0,14,6,3,9,3,34.766666666666666,244.0,4.0,9.61,80.0,0.8306451612903226,367.92892040520985,7.264125910509886,0.8,1.4568158168574403,3.21875
2022-12-31 13:00:00,13,33,1,11,19,2,0,10,7,3,10,3,35.766666666666666,213.0,4.0,9.61,82.5,0.9166666666666666,389.1139204052098,6.21860908775581,0.825,1.040582726326743,3.333333333333333
2022-12-31 14:00:00,14,42,1,11,27,3,0,14,9,3,12,3,36.766666666666666,210.5,4.0,9.61,105.0,1.2142857142857142,440.8589204052098,8.117308359347902,1.05,1.4568158168574403,3.238095238095238
2022-12-31 15:00:00,15,37,0,12,23,2,0,8,10,4,14,4,17.583333333333332,89.0,4.0,9.61,92.5,1.1634615384615383,349.6082272069464,5.747389402930506,0.925,0.8324661810613945,3.27027027027027
2022-12-31 16:00:00,16,36,1,13,20,1,1,10,9,4,13,4,12.6,92.0,4.0,9.61,90.0,1.1111111111111112,305.95722720694647,6.468609087755811,0.9,1.040582726326743,3.333333333333333
2022-12-31 17:00:00,17,34,1,14,17,2,0,7,10,3,13,3,13.6,146.0,4.0,9.61,85.0,1.0740740740740742,306.43892040520984,5.385156393462692,0.85,0.7284079084287202,3.411764705882353
2022-12-31 18:00:00,18,29,0,12,14,3,0,8,9,2,11,2,14.6,206.0,4.0,9.61,72.5,0.8275862068965517,273.68561360347326,5.15575011661703,0.725,0.8324661810613945,3.310344827586207
2022-12-31 19:00:00,19,22,0,10,11,1,0,10,4,3,7,3,15.6,261.0,4.0,9.61,55.00000000000001,0.5681818181818182,211.57892040520983,5.422441112477533,0.55,1.040582726326743,3.409090909090909
2022-12-31 20:00:00,20,24,0,10,11,3,0,11,2,3,5,3,16.6,556.0,4.0,11.64,60.0,0.5642857142857143,194.70892040520985,5.085681557846505,0.6,0.9450171821305842,3.2916666666666665
2022-12-31 21:00:00,21,22,0,10,12,0,0,8,3,3,6,3,17.6,377.0,4.0,11.64,55.00000000000001,0.5588235294117647,209.45892040520985,4.2742580443611375,0.55,0.6872852233676976,3.4545454545454546
2022-12-31 22:00:00,22,27,0,11,10,2,4,12,4,2,6,2,18.6,379.0,3.0,8.39,67.5,0.803921568627451,224.95561360347324,6.393795523771686,0.675,1.430274135876043,3.037037037037037
2022-12-31 23:00:00,23,23,0,9,11,2,1,8,4,1,5,1,13.216666666666669,142.0,3.0,8.39,57.49999999999999,0.7047619047619048,171.7453068017366,4.917834378400787,0.575,0.9535160905840284,3.217391304347826
