ts,hour,census,l1,l2,l3,l4,l5,arrivals,waitBed,waitICU,D_board,vent,maxLOS_h,awt_curr_min,Na,cap_sum,OCCUPANCY,EDWIN,NEDOCS,READI,READI_BR,READI_PR,READI_AR
2020-03-01 00:00:00,0,22,1,0,17,3,1,11,7,0,7,0,10.766666666666667,201.0,3.0,6.66,55.00000000000001,0.6363636363636364,181.714,6.30472972972973,0.55,1.6516516516516515,2.863636363636364
2020-03-01 01:00:00,1,19,1,0,17,1,0,5,7,0,7,0,11.766666666666667,261.0,3.0,6.66,47.5,0.5858585858585859,180.919,3.741765449660186,0.475,0.7507507507507507,3.0526315789473686
2020-03-01 02:00:00,2,20,1,1,18,0,0,6,9,0,9,0,12.766666666666667,274.0,3.0,6.66,50.0,0.6774193548387096,215.504,4.412837837837838,0.5,0.9009009009009008,3.15
2020-03-01 03:00:00,3,20,1,1,18,0,0,3,9,0,9,0,13.766666666666667,334.0,3.0,6.66,50.0,0.6774193548387096,221.144,2.993918918918919,0.5,0.4504504504504504,3.15
2020-03-01 04:00:00,4,22,1,1,20,0,0,3,11,0,11,0,14.766666666666667,280.0,3.0,6.66,55.00000000000001,0.7931034482758621,257.874,3.137776412776413,0.55,0.4504504504504504,3.136363636363636
2020-03-01 05:00:00,5,19,1,1,17,0,0,1,12,0,12,0,15.766666666666667,338.0,3.0,6.66,47.5,0.7142857142857143,270.47900000000004,1.9741583688952111,0.475,0.1501501501501501,3.1578947368421053
2020-03-01 06:00:00,6,19,1,1,17,0,0,1,11,0,11,0,16.766666666666666,400.0,3.0,6.66,47.5,0.6896551724137931,262.719,1.9741583688952111,0.475,0.1501501501501501,3.1578947368421053
2020-03-01 07:00:00,7,16,1,1,14,0,0,0,11,0,11,0,17.766666666666666,460.0,3.0,6.66,40.0,0.5862068965517241,261.924,1.275,0.4,0.0,3.1875
2020-03-01 08:00:00,8,16,1,1,14,0,0,0,11,0,11,0,18.766666666666666,520.0,3.0,7.76,40.0,0.5862068965517241,267.564,1.275,0.4,0.0,3.1875
2020-03-01 09:00:00,9,10,0,0,9,1,0,5,3,0,3,0,13.933333333333334,694.0,3.0,7.76,25.0,0.2612612612612612,120.234,2.593556701030928,0.25,0.6443298969072165,2.9
2020-03-01 10:00:00,10,8,0,0,7,1,0,4,2,0,2,0,14.933333333333334,825.0,4.0,11.01,20.0,0.1513157894736842,108.184,1.619504995458674,0.2,0.36330608537693,2.875
2020-03-01 11:00:00,11,13,0,1,10,2,0,8,4,1,5,1,15.516666666666667,50.0,4.0,11.01,32.5,0.2714285714285714,163.2673068017366,3.073943268357437,0.325,0.7266121707538601,2.923076923076923
2020-03-01 12:00:00,12,10,0,1,8,1,0,5,3,1,4,1,1.95,105.5,4.0,11.01,25.0,0.2083333333333333,66.91630680173661,2.112397820163488,0.25,0.4541326067211625,3.0
2020-03-01 13:00:00,13,15,0,3,11,1,0,9,4,0,4,0,2.833333333333333,76.5,4.0,11.01,37.5,0.3263888888888889,81.75500000000001,3.736307901907357,0.375,0.8174386920980926,3.1333333333333333
2020-03-01 14:00:00,14,19,0,4,14,1,0,11,5,1,6,1,3.8333333333333335,72.5,4.0,11.01,47.5,0.4411764705882353,123.64330680173664,4.655026530904919,0.475,0.9990917347865576,3.1578947368421053
2020-03-01 15:00:00,15,15,0,4,11,0,0,6,5,1,6,1,4.833333333333333,121.0,4.0,11.01,37.5,0.3602941176470588,120.7033068017366,3.005199818346957,0.375,0.5449591280653951,3.2666666666666666
2020-03-01 16:00:00,16,12,0,3,9,0,0,6,4,0,4,0,5.833333333333333,136.5,4.0,11.01,30.0,0.2708333333333333,92.24,2.7461171662125343,0.3,0.5449591280653951,3.25
2020-03-01 17:00:00,17,12,0,1,11,0,0,6,4,0,4,0,6.833333333333333,196.5,4.0,11.01,30.0,0.2569444444444444,97.88,2.605290644868302,0.3,0.5449591280653951,3.083333333333333
2020-03-01 18:00:00,18,11,0,0,10,1,0,6,1,0,1,0,5.25,291.0,4.0,11.01,27.500000000000004,0.2051282051282051,46.605,2.38533564528115,0.275,0.5449591280653951,2.909090909090909
2020-03-01 19:00:00,19,15,1,1,12,1,0,9,2,0,2,0,2.783333333333333,11.5,4.0,11.01,37.5,0.3092105263157895,54.67299999999999,3.736307901907357,0.375,0.8174386920980926,3.1333333333333333
2020-03-01 20:00:00,20,15,1,1,12,1,0,7,2,0,2,0,3.783333333333333,71.5,4.0,9.91,37.5,0.3092105263157895,60.31299999999999,3.388252606794484,0.375,0.7063572149344097,3.1333333333333333
2020-03-01 21:00:00,21,20,2,1,15,2,0,11,3,0,3,0,4.783333333333333,128.0,4.0,9.91,50.0,0.4256756756756756,90.078,5.071468213925328,0.5,1.1099899091826435,3.15
2020-03-01 22:00:00,22,18,1,1,13,3,0,5,2,0,2,0,5.783333333333333,58.0,3.0,6.66,45.0,0.4736842105263157,78.02799999999999,3.602252252252252,0.45,0.7507507507507507,3.0
2020-03-01 23:00:00,23,15,0,1,12,2,0,4,2,0,2,0,6.783333333333333,75.5,3.0,6.66,37.5,0.3859649122807017,77.23299999999999,2.8617617617617617,0.375,0.6006006006006006,2.933333333333333
2020-03-02 00:00:00,0,15,0,1,12,2,0,7,3,0,3,0,7.783333333333333,72.0,3.0,6.66,37.5,0.3963963963963964,96.273,4.183083083083083,0.375,1.0510510510510511,2.933333333333333
2020-03-02 01:00:00,1,13,0,0,13,0,0,4,3,0,3,0,8.783333333333333,132.0,3.0,6.66,32.5,0.3513513513513513,97.623,2.7768018018018017,0.325,0.6006006006006006,3.0
2020-03-02 02:00:00,2,12,0,0,12,0,0,2,4,0,4,0,9.783333333333331,176.5,3.0,6.66,30.0,0.3333333333333333,114.518,1.8009009009009007,0.3,0.3003003003003003,3.0
2020-03-02 03:00:00,3,12,0,0,12,0,0,1,4,0,4,0,10.783333333333331,236.5,3.0,6.66,30.0,0.3333333333333333,120.15800000000002,1.3504504504504504,0.3,0.1501501501501501,3.0
2020-03-02 04:00:00,4,12,0,0,12,0,0,2,4,0,4,0,11.783333333333331,296.5,3.0,6.66,30.0,0.3333333333333333,125.798,1.8009009009009007,0.3,0.3003003003003003,3.0
2020-03-02 05:00:00,5,13,0,0,13,0,0,2,5,0,5,0,12.783333333333331,341.0,3.0,6.66,32.5,0.3714285714285714,146.983,1.875900900900901,0.325,0.3003003003003003,3.0
2020-03-02 06:00:00,6,14,0,0,14,0,0,2,7,0,7,0,13.783333333333331,258.0,3.0,6.66,35.0,0.4242424242424242,181.568,1.9509009009009008,0.35,0.3003003003003003,3.0
2020-03-02 07:00:00,7,16,0,0,16,0,0,3,8,0,8,0,14.783333333333331,222.0,3.0,6.66,40.0,0.5,204.898,2.551351351351351,0.4,0.4504504504504504,3.0
2020-03-02 08:00:00,8,19,0,0,19,0,0,3,8,0,8,0,15.783333333333331,282.0,3.0,6.8,47.5,0.59375,216.973,2.748529411764706,0.475,0.4411764705882353,3.0
2020-03-02 09:00:00,9,16,0,1,15,0,0,2,7,0,7,0,16.783333333333335,222.0,3.0,6.8,40.0,0.494949494949495,202.778,2.125735294117647,0.4,0.2941176470588235,3.0625
2020-03-02 10:00:00,10,17,0,2,14,1,0,8,5,0,5,0,17.783333333333335,498.0,4.0,9.84,42.5,0.3714285714285714,183.763,3.786848397895744,0.425,0.8130081300813008,3.0588235294117645
2020-03-02 11:00:00,11,16,2,2,11,0,1,5,5,1,6,1,18.78333333333333,102.5,4.0,9.84,40.0,0.3823529411764705,201.5263068017366,2.9514227642276425,0.4,0.508130081300813,3.25
2020-03-02 12:00:00,12,20,3,5,11,1,0,8,6,1,7,1,19.78333333333333,98.0,4.0,9.84,50.0,0.5303030303030303,229.1463068017366,4.595528455284553,0.5,0.8130081300813008,3.5
2020-03-02 13:00:00,13,19,2,6,10,1,0,6,6,1,7,1,20.78333333333333,89.0,4.0,9.84,47.5,0.5,232.64130680173665,3.7681001283697046,0.475,0.6097560975609756,3.473684210526316
2020-03-02 14:00:00,14,20,2,5,12,1,0,4,6,1,7,1,21.78333333333333,149.0,4.0,9.84,50.0,0.5151515151515151,240.4263068017366,3.0821138211382118,0.5,0.4065040650406504,3.4
2020-03-02 15:00:00,15,19,0,6,12,1,0,2,7,0,7,0,22.78333333333333,133.0,4.0,9.84,47.5,0.4696969696969697,243.053,2.2132434745400085,0.475,0.2032520325203252,3.263157894736842
2020-03-02 16:00:00,16,23,0,6,15,2,0,9,8,0,8,0,23.78333333333333,153.5,4.0,9.84,57.49999999999999,0.5703125,270.673,4.727969247083776,0.575,0.9146341463414634,3.1739130434782608
2020-03-02 17:00:00,17,21,0,6,13,2,0,4,8,0,8,0,17.683333333333334,158.0,4.0,9.84,52.5,0.5234375,231.979,2.97194154084398,0.525,0.4065040650406504,3.1904761904761907
2020-03-02 18:00:00,18,17,0,6,8,3,0,4,9,0,9,0,18.683333333333334,198.0,4.0,9.84,42.5,0.4354838709677419,242.439,2.641248206599713,0.425,0.4065040650406504,3.176470588235294
2020-03-02 19:00:00,19,12,0,4,8,0,0,3,6,0,6,0,19.683333333333334,240.0,4.0,9.84,30.0,0.2941176470588235,197.154,2.016260162601626,0.3,0.3048780487804878,3.333333333333333
2020-03-02 20:00:00,20,11,0,2,8,1,0,5,4,0,4,0,20.683333333333334,300.0,4.0,10.8,27.500000000000004,0.2361111111111111,173.849,2.280976430976431,0.275,0.4629629629629629,3.090909090909091
2020-03-02 21:00:00,21,9,0,2,7,0,0,1,2,0,2,0,21.683333333333334,682.0,4.0,10.8,22.5,0.1907894736842105,148.399,1.0233539094650206,0.225,0.0925925925925925,3.2222222222222223
2020-03-02 22:00:00,22,14,0,3,11,0,0,8,4,0,4,0,22.683333333333334,82.5,3.0,7.76,35.0,0.4166666666666667,191.564,4.438696612665685,0.35,1.0309278350515465,3.2142857142857144
2020-03-02 23:00:00,23,19,0,4,14,0,1,8,4,0,4,0,23.683333333333334,142.5,3.0,7.76,47.5,0.5462962962962963,207.929,4.676302224633749,0.475,1.0309278350515465,3.1052631578947367
2020-03-03 00:00:00,0,14,1,4,8,0,1,2,5,1,6,1,24.683333333333334,156.5,3.0,7.76,35.0,0.4509803921568627,230.5123068017366,1.996833578792342,0.35,0.2577319587628866,3.2857142857142856
2020-03-03 01:00:00,1,12,1,3,7,0,1,1,4,1,5,1,25.683333333333334,222.0,3.0,7.76,30.0,0.3714285714285714,218.4623068017366,1.3938144329896909,0.3,0.1288659793814433,3.25
2020-03-03 02:00:00,2,16,1,3,11,0,1,6,5,1,6,1,26.683333333333334,223.0,3.0,7.76,40.0,0.5,246.08230680173665,3.739561855670104,0.4,0.7731958762886598,3.1875
2020-03-03 03:00:00,3,12,1,2,8,0,1,0,5,1,6,1,27.683333333333334,283.0,3.0,7.76,30.0,0.3725490196078431,243.1423068017366,0.95,0.3,0.0,3.1666666666666665
2020-03-03 04:00:00,4,12,0,3,8,0,1,2,5,0,5,0,28.683333333333334,402.0,3.0,7.76,30.0,0.3523809523809524,234.514,1.7196735395189005,0.3,0.2577319587628866,3.083333333333333
2020-03-03 05:00:00,5,14,0,3,10,0,1,2,5,0,5,0,29.683333333333334,462.0,3.0,7.76,35.0,0.4095238095238095,244.444,1.8666053019145803,0.35,0.2577319587628866,3.071428571428572
2020-03-03 06:00:00,6,13,0,2,10,0,1,2,5,0,5,0,30.683333333333334,522.0,3.0,7.76,32.5,0.3714285714285714,247.939,1.7481958762886598,0.325,0.2577319587628866,3.0
2020-03-03 07:00:00,7,11,0,2,8,0,1,0,5,0,5,0,31.683333333333334,582.0,3.0,7.76,27.500000000000004,0.3142857142857143,249.289,0.8250000000000001,0.275,0.0,3.0
2020-03-03 08:00:00,8,13,0,2,11,0,0,4,5,1,6,1,32.68333333333333,583.0,3.0,6.72,32.5,0.4019607843137255,273.4873068017366,2.902289377289377,0.325,0.5952380952380952,3.1538461538461537
2020-03-03 09:00:00,9,16,0,4,11,1,0,5,5,2,7,2,33.68333333333333,584.0,3.0,6.72,40.0,0.5151515151515151,299.8306136034732,3.6466517857142855,0.4,0.7440476190476191,3.1875
2020-03-03 10:00:00,10,18,0,5,12,1,0,6,6,3,9,3,34.68333333333333,114.0,4.0,10.06,45.0,0.4677419354838709,337.42892040520985,3.3718025182239897,0.45,0.5964214711729623,3.2222222222222223
2020-03-03 11:00:00,11,21,1,4,12,4,0,6,7,2,9,2,35.68333333333333,174.0,4.0,10.06,52.5,0.5241935483870968,348.6356136034732,3.471066458392502,0.525,0.5964214711729623,3.095238095238096
2020-03-03 12:00:00,12,16,1,4,9,2,0,4,5,2,7,2,36.68333333333333,234.0,4.0,10.06,40.0,0.3939393939393939,316.7506136034732,2.592246520874752,0.4,0.3976143141153082,3.25
2020-03-03 13:00:00,13,18,1,5,11,1,0,6,6,2,8,2,14.033333333333331,88.5,4.0,10.06,45.0,0.46875,206.69461360347324,3.488071570576541,0.45,0.5964214711729623,3.333333333333333
2020-03-03 14:00:00,14,16,1,4,11,0,0,6,6,2,8,2,6.716666666666667,96.0,4.0,10.06,40.0,0.421875,161.13861360347323,3.362922465208748,0.4,0.5964214711729623,3.375
2020-03-03 15:00:00,15,16,0,5,10,1,0,4,5,2,7,2,7.716666666666667,144.0,4.0,10.06,40.0,0.3939393939393939,153.3786136034732,2.592246520874752,0.4,0.3976143141153082,3.25
2020-03-03 16:00:00,16,13,0,2,11,0,0,4,4,1,5,1,8.716666666666667,175.0,4.0,10.06,32.5,0.2928571428571428,124.91530680173662,2.2790143752867413,0.325,0.3976143141153082,3.1538461538461537
2020-03-03 17:00:00,17,14,0,2,12,0,0,6,5,1,6,1,9.716666666666669,174.0,4.0,10.06,35.0,0.3235294117647059,146.10030680173662,2.97446748082931,0.35,0.5964214711729623,3.142857142857143
2020-03-03 18:00:00,18,13,0,4,9,0,0,4,6,1,7,1,10.716666666666669,139.0,4.0,10.06,32.5,0.3257575757575757,162.9953068017366,2.3901858082275576,0.325,0.3976143141153082,3.3076923076923075
2020-03-03 19:00:00,19,20,0,5,14,1,0,9,9,1,10,1,11.716666666666669,126.5,4.0,10.06,50.0,0.5333333333333333,223.85030680173665,4.462823061630219,0.5,0.8946322067594434,3.2
2020-03-03 20:00:00,20,12,0,2,9,1,0,2,6,1,7,1,12.716666666666669,147.0,4.0,9.99,30.0,0.2803030303030303,172.1303068017366,1.5422839506172838,0.3,0.2002002002002001,3.083333333333333
2020-03-03 21:00:00,21,14,1,1,11,1,0,6,5,2,7,2,13.716666666666669,207.0,4.0,9.99,35.0,0.3333333333333333,182.9286136034732,2.987601887601888,0.35,0.6006006006006006,3.142857142857143
2020-03-03 22:00:00,22,16,1,1,13,1,0,4,3,2,5,2,14.716666666666669,267.0,3.0,6.65,40.0,0.4761904761904761,166.05861360347322,3.1296992481203003,0.4,0.6015037593984962,3.125
2020-03-03 23:00:00,23,19,1,1,15,2,0,5,4,2,6,2,15.716666666666669,250.0,3.0,6.65,47.5,0.5686274509803921,191.5336136034732,3.7452117134942617,0.475,0.7518796992481203,3.0526315789473686
2020-03-04 00:00:00,0,20,0,3,15,2,0,4,4,1,5,1,16.716666666666665,387.0,3.0,6.65,50.0,0.580952380952381,185.0503068017366,3.359586466165413,0.5,0.6015037593984962,3.05
2020-03-04 01:00:00,1,18,0,3,15,0,0,2,4,1,5,1,17.716666666666665,447.0,3.0,6.65,45.0,0.5428571428571428,186.40030680173655,2.377380952380952,0.45,0.3007518796992481,3.1666666666666665
2020-03-04 02:00:00,2,17,0,2,14,1,0,3,6,0,6,0,10.883333333333333,271.5,3.0,6.65,42.5,0.5098039215686274,158.247,2.679920389208315,0.425,0.4511278195488721,3.0588235294117645
2020-03-04 03:00:00,3,12,0,1,11,0,0,1,6,0,6,0,11.883333333333333,331.5,3.0,6.65,30.0,0.3627450980392157,153.16199999999998,1.388659147869674,0.3,0.150375939849624,3.083333333333333
2020-03-04 04:00:00,4,13,0,1,12,0,0,2,6,0,6,0,12.883333333333333,391.5,3.0,6.65,32.5,0.392156862745098,160.947,1.9253903990746093,0.325,0.3007518796992481,3.076923076923077
2020-03-04 05:00:00,5,14,0,1,13,0,0,1,6,0,6,0,13.883333333333333,451.5,3.0,6.65,35.0,0.4215686274509804,168.732,1.5368689581095596,0.35,0.150375939849624,3.071428571428572
2020-03-04 06:00:00,6,14,0,1,13,0,0,1,6,0,6,0,14.883333333333333,511.5,3.0,6.65,35.0,0.4215686274509804,174.372,1.5368689581095596,0.35,0.150375939849624,3.071428571428572
2020-03-04 07:00:00,7,15,0,1,14,0,0,2,6,0,6,0,15.883333333333333,571.5,3.0,6.65,37.5,0.4509803921568627,182.157,2.072305764411028,0.375,0.3007518796992481,3.066666666666667
2020-03-04 08:00:00,8,18,0,1,16,1,0,4,8,0,8,0,16.883333333333333,480.5,3.0,6.3,45.0,0.5625,221.032,3.2547619047619047,0.45,0.6349206349206349,3.0
2020-03-04 09:00:00,9,15,0,1,13,1,0,6,7,0,7,0,15.45,80.0,3.0,6.3,37.5,0.4545454545454545,193.113,3.9821428571428577,0.375,0.9523809523809524,3.0
2020-03-04 10:00:00,10,19,0,2,15,2,0,6,8,0,8,0,16.45,93.5,4.0,9.55,47.5,0.4453125,220.733,3.309816753926701,0.475,0.6282722513089005,3.0
2020-03-04 11:00:00,11,19,0,3,14,2,0,4,8,1,9,1,14.883333333333333,136.0,4.0,9.55,47.5,0.4677419354838709,226.16530680173665,2.728589143014604,0.475,0.4188481675392669,3.0526315789473686
2020-03-04 12:00:00,12,16,0,1,15,0,0,5,5,1,6,1,15.883333333333333,113.5,4.0,9.55,40.0,0.3602941176470588,185.1703068017366,2.8284031413612567,0.4,0.5235602094240838,3.0625
2020-03-04 13:00:00,13,18,0,2,14,1,1,5,6,1,7,1,9.783333333333331,124.0,4.0,9.55,45.0,0.4015151515151515,168.45630680173662,2.866593949970914,0.45,0.5235602094240838,2.9444444444444446
2020-03-04 14:00:00,14,23,0,2,18,3,0,7,5,1,6,1,10.783333333333331,166.0,4.0,9.55,57.49999999999999,0.5,171.4213068017366,3.867083997268381,0.575,0.7329842931937173,2.9565217391304346
2020-03-04 15:00:00,15,21,0,3,16,2,0,4,6,1,7,1,11.783333333333331,155.0,4.0,9.55,52.5,0.4848484848484848,186.17130680173665,2.876489653453004,0.525,0.4188481675392669,3.0476190476190474
2020-03-04 16:00:00,16,25,0,2,22,1,0,9,7,0,7,0,12.783333333333331,211.0,4.0,9.55,62.5,0.5757575757575758,199.523,4.764921465968586,0.625,0.9424083769633508,3.04
2020-03-04 17:00:00,17,16,0,2,13,1,0,2,4,0,4,0,7.616666666666666,301.5,4.0,9.55,40.0,0.3402777777777778,110.878,1.8663612565445027,0.4,0.2094240837696334,3.0625
2020-03-04 18:00:00,18,13,0,1,11,1,0,4,4,1,5,1,8.616666666666667,125.0,4.0,9.55,32.5,0.2785714285714286,124.3513068017366,2.231544502617801,0.325,0.4188481675392669,3.0
2020-03-04 19:00:00,19,12,0,0,9,3,0,7,2,1,3,1,5.0,67.0,4.0,9.55,30.0,0.2229729729729729,75.00830680173662,2.8407068062827223,0.3,0.7329842931937173,2.75
2020-03-04 20:00:00,20,9,0,0,7,2,0,2,0,0,0,0,6.0,0.0,4.0,11.28,22.5,0.15625,33.145,1.1175137903861307,0.225,0.1773049645390071,2.7777777777777777
2020-03-04 21:00:00,21,13,0,1,10,2,0,8,0,0,0,0,7.0,0.0,4.0,11.28,32.5,0.2375,47.365,3.0231042007637754,0.325,0.7092198581560284,2.923076923076923
2020-03-04 22:00:00,22,16,0,2,11,3,0,7,2,0,2,0,8.0,28.5,3.0,8.03,40.0,0.4122807017543859,86.24000000000001,3.735709838107099,0.4,0.8717310087173101,2.9375
2020-03-04 23:00:00,23,11,0,2,6,3,0,0,1,0,1,0,9.0,71.0,3.0,8.03,27.500000000000004,0.2735042735042735,67.755,0.8,0.275,0.0,2.909090909090909
2020-03-05 00:00:00,0,16,1,3,7,4,1,10,2,1,3,1,10.0,46.0,3.0,8.03,40.0,0.4234234234234234,111.7883068017366,4.833156911581569,0.4,1.2453300124533002,2.9375
2020-03-05 01:00:00,1,15,1,3,7,4,0,3,2,1,3,1,11.0,106.0,3.0,8.03,37.5,0.4144144144144144,115.2833068017366,2.2957036114570366,0.375,0.3735990037359901,3.066666666666667
2020-03-05 02:00:00,2,16,2,3,8,3,0,5,3,1,4,1,12.0,158.0,3.0,8.03,40.0,0.4814814814814814,136.46830680173662,3.323661270236613,0.4,0.6226650062266501,3.25
2020-03-05 03:00:00,3,19,2,3,11,3,0,3,3,2,5,2,13.0,210.0,3.0,8.03,47.5,0.580952380952381,162.81161360347323,2.724449433047126,0.475,0.3735990037359901,3.210526315789474
2020-03-05 04:00:00,4,17,2,3,9,3,0,1,3,2,5,2,14.0,270.0,3.0,8.03,42.5,0.5238095238095238,164.1616136034732,1.77790088638195,0.425,0.12453300124533,3.235294117647059
2020-03-05 05:00:00,5,18,2,3,9,4,0,3,3,1,4,1,15.0,338.0,3.0,8.03,45.0,0.5277777777777778,157.6783068017366,2.6080635118306352,0.45,0.3735990037359901,3.1666666666666665
2020-03-05 06:00:00,6,16,2,2,8,4,0,0,3,1,4,1,16.0,398.0,3.0,8.03,40.0,0.4629629629629629,159.02830680173662,1.25,0.4,0.0,3.125
2020-03-05 07:00:00,7,14,2,1,7,4,0,0,3,1,4,1,17.0,458.0,3.0,8.03,35.0,0.3981481481481481,160.3783068017366,1.075,0.35,0.0,3.071428571428572
2020-03-05 08:00:00,8,16,2,1,9,4,0,3,3,1,4,1,18.0,518.0,3.0,6.5,40.0,0.4537037037037037,170.3083068017366,2.6384615384615384,0.4,0.4615384615384615,3.0625
2020-03-05 09:00:00,9,17,3,1,9,4,0,3,4,1,5,1,19.0,426.0,3.0,6.5,42.5,0.5142857142857142,191.4933068017366,2.8160633484162894,0.425,0.4615384615384615,3.176470588235294
2020-03-05 10:00:00,10,20,2,2,12,4,0,4,4,1,5,1,20.0,102.0,4.0,9.82,50.0,0.4428571428571428,203.5683068017366,2.812729124236253,0.5,0.4073319755600814,3.1
2020-03-05 11:00:00,11,19,2,3,11,3,0,4,5,1,6,1,21.0,59.0,4.0,9.82,47.5,0.4485294117647059,220.46330680173665,2.832750026798156,0.475,0.4073319755600814,3.210526315789474
2020-03-05 12:00:00,12,23,2,6,15,0,0,10,6,3,9,3,15.716666666666669,55.0,4.0,9.82,57.49999999999999,0.6370967741935484,241.18192040520984,5.4727419640485255,0.575,1.0183299389002036,3.4347826086956523
2020-03-05 13:00:00,13,29,2,7,19,1,0,9,7,5,12,5,13.5,93.5,4.0,9.82,72.5,0.8660714285714286,283.48653400868307,5.490524264344406,0.725,0.9164969450101832,3.3448275862068964
2020-03-05 14:00:00,14,26,2,7,16,1,0,6,7,4,11,4,14.5,125.0,4.0,9.82,65.0,0.7586206896551724,268.4232272069464,4.267993106689644,0.65,0.6109979633401221,3.3846153846153846
2020-03-05 15:00:00,15,23,1,6,14,2,0,4,8,3,11,3,13.95,162.0,4.0,9.82,57.49999999999999,0.646551724137931,258.01792040520985,3.2032564420437435,0.575,0.4073319755600814,3.260869565217391
2020-03-05 16:00:00,16,22,2,5,12,2,1,4,9,3,12,3,14.95,212.5,4.0,9.82,55.00000000000001,0.6339285714285714,274.91292040520983,3.089571375671172,0.55,0.4073319755600814,3.227272727272727
2020-03-05 17:00:00,17,24,2,4,16,2,0,6,11,3,14,3,15.95,230.5,4.0,9.82,60.0,0.75,311.6429204052098,3.935743380855397,0.6,0.6109979633401221,3.25
2020-03-05 18:00:00,18,23,2,2,17,2,0,6,13,1,14,1,9.566666666666666,166.5,4.0,9.82,57.49999999999999,0.7019230769230769,271.7593068017366,3.764254405383866,0.575,0.6109979633401221,3.1739130434782608
2020-03-05 19:00:00,19,20,2,1,15,2,0,5,7,2,9,2,8.816666666666666,118.0,4.0,9.82,50.0,0.5080645161290323,194.96261360347324,3.17886965376782,0.5,0.5091649694501018,3.15
2020-03-05 20:00:00,20,24,2,1,18,3,0,9,8,2,10,2,6.966666666666667,130.5,4.0,11.38,60.0,0.6166666666666667,206.5086136034732,4.288488576449912,0.6,0.7908611599297013,3.083333333333333
2020-03-05 21:00:00,21,18,1,0,16,1,0,8,9,1,10,1,6.766666666666667,103.5,4.0,11.38,45.0,0.4583333333333333,191.6423068017366,3.523017965241164,0.45,0.70298769771529,3.055555555555556
2020-03-05 22:00:00,22,17,1,1,15,0,0,6,6,1,7,1,7.683333333333334,135.0,3.0,8.059999999999999,42.5,0.5454545454545454,154.4673068017366,3.714618303897242,0.425,0.7444168734491317,3.176470588235294
2020-03-05 23:00:00,23,18,0,3,15,0,0,7,7,0,7,0,8.683333333333334,181.0,3.0,8.059999999999999,45.0,0.5757575757575758,161.384,4.175206782464847,0.45,0.8684863523573202,3.1666666666666665
2020-03-06 00:00:00,0,14,0,2,12,0,0,2,7,0,7,0,7.116666666666666,241.0,3.0,8.059999999999999,35.0,0.4444444444444444,143.968,1.8798652959943285,0.35,0.2481389578163772,3.142857142857143
2020-03-06 01:00:00,1,15,0,1,14,0,0,5,9,0,9,0,7.7,298.0,3.0,8.059999999999999,37.5,0.4946236559139785,176.203,3.052398676592225,0.375,0.620347394540943,3.066666666666667
2020-03-06 02:00:00,2,15,0,1,14,0,0,2,10,0,10,0,8.7,344.0,3.0,8.059999999999999,37.5,0.5111111111111111,195.243,1.9109594706368904,0.375,0.2481389578163772,3.066666666666667
2020-03-06 03:00:00,3,13,0,1,12,0,0,2,8,0,8,0,7.666666666666667,404.0,3.0,8.059999999999999,32.5,0.4166666666666667,158.32500000000002,1.763504485588853,0.325,0.2481389578163772,3.076923076923077
2020-03-06 04:00:00,4,13,0,1,12,0,0,2,9,0,9,0,8.666666666666666,450.0,3.0,8.059999999999999,32.5,0.4301075268817204,177.365,1.763504485588853,0.325,0.2481389578163772,3.076923076923077
2020-03-06 05:00:00,5,14,0,1,13,0,0,1,9,0,9,0,9.666666666666666,510.0,3.0,8.059999999999999,35.0,0.4623655913978494,185.15,1.456070542360865,0.35,0.1240694789081886,3.071428571428572
2020-03-06 06:00:00,6,14,0,1,13,0,0,0,9,0,9,0,10.666666666666666,570.0,3.0,8.059999999999999,35.0,0.4623655913978494,190.79,1.075,0.35,0.0,3.071428571428572
2020-03-06 07:00:00,7,16,0,2,14,0,0,2,11,0,11,0,11.666666666666666,484.0,3.0,8.059999999999999,40.0,0.5747126436781609,227.52,2.025434243176179,0.4,0.2481389578163772,3.125
2020-03-06 08:00:00,8,19,0,2,17,0,0,3,12,1,13,1,12.666666666666666,420.0,3.0,6.3,47.5,0.7283950617283951,267.26330680173663,2.9536967418546363,0.475,0.4761904761904762,3.1052631578947367
2020-03-06 09:00:00,9,17,0,3,14,0,0,4,8,1,9,1,13.666666666666666,171.0,3.0,6.3,42.5,0.5806451612903226,215.01330680173663,3.366806722689076,0.425,0.6349206349206349,3.176470588235294
2020-03-06 10:00:00,10,25,0,5,19,1,0,10,11,1,12,1,14.666666666666666,193.5,4.0,10.0,62.5,0.7053571428571429,278.01330680173663,5.135,0.625,1.0,3.16
2020-03-06 11:00:00,11,21,0,5,16,0,0,2,10,0,10,0,15.666666666666666,186.0,4.0,10.0,52.5,0.5666666666666667,247.405,2.347619047619048,0.525,0.2,3.238095238095238
2020-03-06 12:00:00,12,23,0,4,17,2,0,7,9,0,9,0,16.666666666666668,205.0,4.0,10.0,57.49999999999999,0.5725806451612904,243.935,3.935869565217391,0.575,0.7,3.0869565217391304
2020-03-06 13:00:00,13,26,1,5,19,1,0,9,12,0,12,0,17.666666666666668,168.0,4.0,10.0,65.0,0.75,296.21000000000004,5.007692307692308,0.65,0.9,3.230769230769231
2020-03-06 14:00:00,14,18,1,5,12,0,0,4,7,1,8,1,18.666666666666668,79.5,4.0,10.0,45.0,0.4765625,231.95830680173663,2.880555555555556,0.45,0.4,3.388888888888889
2020-03-06 15:00:00,15,22,1,5,15,1,0,6,8,1,9,1,19.666666666666668,96.0,4.0,10.0,55.00000000000001,0.5806451612903226,259.57830680173663,3.763636363636364,0.55,0.6,3.272727272727273
2020-03-06 16:00:00,16,20,1,5,14,0,0,5,9,0,9,0,20.666666666666668,71.0,4.0,10.0,50.0,0.5403225806451613,260.06,3.35,0.5,0.5,3.35
2020-03-06 17:00:00,17,16,0,5,11,0,0,3,8,1,9,1,19.616666666666667,119.0,4.0,10.0,40.0,0.4274193548387097,246.4263068017366,2.31875,0.4,0.3,3.3125
2020-03-06 18:00:00,18,16,0,7,9,0,0,6,9,1,10,1,17.75,126.0,4.0,10.0,40.0,0.4583333333333333,249.2983068017366,3.4375,0.4,0.6,3.4375
2020-03-06 19:00:00,19,17,0,5,12,0,0,6,8,1,9,1,18.75,110.0,4.0,10.0,42.5,0.4516129032258064,243.68330680173665,3.3764705882352937,0.425,0.6,3.294117647058824
2020-03-06 20:00:00,20,14,0,2,12,0,0,7,7,0,7,0,19.75,81.0,4.0,10.47,35.0,0.3333333333333333,215.22,3.2012416427889208,0.35,0.6685768863419294,3.142857142857143
2020-03-06 21:00:00,21,18,0,2,14,1,1,6,7,0,7,0,20.75,141.0,4.0,10.47,45.0,0.4015151515151515,229.44,3.01236071314868,0.45,0.5730659025787966,2.9444444444444446
2020-03-06 22:00:00,22,15,0,1,11,2,1,4,6,0,6,0,10.333333333333334,149.5,3.0,6.77,37.5,0.4117647058823529,150.85500000000002,2.704357459379616,0.375,0.5908419497784343,2.8
2020-03-06 23:00:00,23,22,0,5,14,2,1,13,7,2,9,2,11.333333333333334,94.0,3.0,6.77,55.00000000000001,0.7204301075268817,213.4466136034732,7.522992480193366,0.55,1.920236336779912,3.0454545454545454
2020-03-07 00:00:00,0,17,0,3,11,2,1,2,6,1,7,1,10.066666666666666,154.0,3.0,6.77,42.5,0.5050505050505051,167.9093068017366,2.118885220262404,0.425,0.2954209748892171,2.9411764705882355
2020-03-07 01:00:00,1,16,0,3,10,2,1,1,6,1,7,1,11.066666666666666,214.0,3.0,6.77,40.0,0.4747474747474747,171.4043068017366,1.6088995568685378,0.4,0.1477104874446085,2.9375
2020-03-07 02:00:00,2,17,0,3,12,1,1,3,6,1,7,1,12.066666666666666,274.0,3.0,6.77,42.5,0.5151515151515151,179.18930680173662,2.604394387001477,0.425,0.4431314623338257,3.0
2020-03-07 03:00:00,3,12,0,1,9,1,1,0,6,0,6,0,13.066666666666666,406.0,3.0,6.77,30.0,0.3333333333333333,159.836,0.85,0.3,0.0,2.833333333333333
2020-03-07 04:00:00,4,12,0,1,9,1,1,1,6,0,6,0,14.066666666666666,466.0,3.0,6.77,30.0,0.3333333333333333,165.476,1.2685130477597244,0.3,0.1477104874446085,2.833333333333333
2020-03-07 05:00:00,5,12,0,2,8,1,1,1,6,0,6,0,15.066666666666666,526.0,3.0,6.77,30.0,0.3431372549019608,171.116,1.3058222550467748,0.3,0.1477104874446085,2.9166666666666665
2020-03-07 06:00:00,6,14,0,1,11,1,1,3,7,0,7,0,16.066666666666666,514.0,3.0,6.77,35.0,0.404040404040404,194.446,2.266089892382359,0.35,0.4431314623338257,2.857142857142857
2020-03-07 07:00:00,7,14,0,2,10,1,1,1,7,0,7,0,17.066666666666666,574.0,3.0,6.77,35.0,0.4141414141414141,200.086,1.457580713230639,0.35,0.1477104874446085,2.9285714285714284
2020-03-07 08:00:00,8,11,0,2,8,1,0,2,6,0,6,0,18.066666666666663,706.0,3.0,6.66,27.500000000000004,0.3333333333333333,185.891,1.7782009282009283,0.275,0.3003003003003003,3.090909090909091
2020-03-07 09:00:00,9,10,0,1,9,0,0,4,4,1,5,1,19.066666666666663,231.0,3.0,6.66,25.0,0.2952380952380952,176.85430680173658,2.636861861861862,0.25,0.6006006006006006,3.1
2020-03-07 10:00:00,10,15,0,2,13,0,0,8,5,1,6,1,20.066666666666663,71.0,4.0,11.38,37.5,0.3455882352941176,206.6193068017366,3.377694786174575,0.375,0.70298769771529,3.1333333333333333
2020-03-07 11:00:00,11,14,0,2,12,0,0,3,4,1,5,1,21.066666666666663,137.0,4.0,11.38,35.0,0.3142857142857143,196.7143068017366,1.9285212151644489,0.35,0.2636203866432338,3.142857142857143
2020-03-07 12:00:00,12,21,0,3,18,0,0,10,6,1,7,1,22.066666666666663,165.0,4.0,11.38,52.5,0.5,244.16930680173664,4.411737383881497,0.525,0.8787346221441126,3.142857142857143
2020-03-07 13:00:00,13,22,1,2,19,0,0,7,9,1,10,1,23.066666666666663,134.5,4.0,11.38,55.00000000000001,0.5833333333333334,292.15430680173665,3.707181658411887,0.55,0.6151142355008787,3.1818181818181817
2020-03-07 14:00:00,14,19,1,2,16,0,0,1,6,1,7,1,24.066666666666663,285.0,4.0,11.38,47.5,0.4621212121212121,251.1593068017366,1.8071200628988997,0.475,0.0878734622144112,3.210526315789474
2020-03-07 15:00:00,15,22,1,3,18,0,0,7,6,2,8,2,25.066666666666663,223.5,4.0,11.38,55.00000000000001,0.5546875,277.50261360347326,3.7601413963892,0.55,0.6151142355008787,3.227272727272727
2020-03-07 16:00:00,16,21,1,3,16,1,0,4,5,2,7,2,26.066666666666663,367.0,4.0,11.38,52.5,0.5075757575757576,267.5976136034732,2.7964327558791533,0.525,0.351493848857645,3.1904761904761907
2020-03-07 17:00:00,17,21,1,3,12,4,1,5,6,2,8,2,27.066666666666663,211.5,4.0,11.38,52.5,0.484375,286.63761360347326,2.847179680307976,0.525,0.4393673110720563,2.952380952380953
2020-03-07 18:00:00,18,20,2,3,10,4,1,6,7,1,8,1,9.283333333333331,142.5,4.0,11.38,50.0,0.4765625,183.32630680173665,3.133084358523726,0.5,0.5272407732864676,3.05
2020-03-07 19:00:00,19,25,2,4,15,4,0,11,9,2,11,2,10.283333333333331,76.0,4.0,11.38,62.5,0.6810344827586207,240.7596136034732,5.029481546572936,0.625,0.966608084358524,3.16
2020-03-07 20:00:00,20,19,1,4,10,4,0,5,8,0,8,0,10.316666666666666,140.0,4.0,12.48,47.5,0.4609375,186.141,2.7190958164642374,0.475,0.4006410256410256,3.1052631578947367
2020-03-07 21:00:00,21,19,0,3,12,4,0,10,6,0,6,0,11.316666666666666,114.5,4.0,12.48,47.5,0.4117647058823529,164.981,3.7616734143049926,0.475,0.8012820512820512,2.9473684210526314
2020-03-07 22:00:00,22,15,0,2,9,3,1,7,5,1,6,1,12.316666666666666,86.5,3.0,7.76,37.5,0.4117647058823529,162.9093068017366,3.575773195876288,0.375,0.9020618556701032,2.8
2020-03-07 23:00:00,23,14,0,1,11,1,1,5,5,1,6,1,6.65,146.5,3.0,7.76,35.0,0.392156862745098,128.80430680173663,2.8409425625920472,0.35,0.6443298969072165,2.857142857142857
2020-03-08 00:00:00,0,14,0,1,7,5,1,7,5,1,6,1,7.65,206.5,3.0,7.76,35.0,0.3529411764705882,134.44430680173662,3.2195876288659795,0.35,0.9020618556701032,2.571428571428572
2020-03-08 01:00:00,1,18,0,2,10,5,1,7,5,1,6,1,8.65,266.5,3.0,7.76,45.0,0.4803921568627451,148.6643068017366,3.6806128293241698,0.45,0.9020618556701032,2.7222222222222223
2020-03-08 02:00:00,2,9,0,1,6,1,1,1,5,1,6,1,9.65,326.5,3.0,7.76,22.5,0.2450980392156862,134.99930680173662,0.9829610538373426,0.225,0.1288659793814433,2.7777777777777777
2020-03-08 03:00:00,3,13,0,1,10,1,1,4,6,1,7,1,10.65,366.0,3.0,7.76,32.5,0.3737373737373737,162.6193068017366,2.3920896114195087,0.325,0.5154639175257733,2.8461538461538463
2020-03-08 04:00:00,4,11,0,1,8,1,1,1,6,1,7,1,11.65,426.0,3.0,7.76,27.500000000000004,0.3131313131313131,163.9693068017366,1.1381677600749769,0.275,0.1288659793814433,2.8181818181818183
2020-03-08 05:00:00,5,12,0,1,9,1,1,2,5,1,6,1,12.65,506.5,3.0,7.76,30.0,0.3333333333333333,158.3543068017366,1.5802405498281789,0.3,0.2577319587628866,2.833333333333333
2020-03-08 06:00:00,6,11,0,1,9,1,0,2,5,1,6,1,13.65,566.5,3.0,7.76,27.500000000000004,0.3235294117647059,161.84930680173665,1.59819587628866,0.275,0.2577319587628866,3.0
2020-03-08 07:00:00,7,10,0,1,8,1,0,0,5,1,6,1,14.65,626.5,3.0,7.76,25.0,0.2941176470588235,165.3443068017366,0.75,0.25,0.0,3.0
2020-03-08 08:00:00,8,13,0,1,11,1,0,5,8,1,9,1,15.65,631.0,3.0,6.63,32.5,0.4193548387096774,217.6193068017366,3.2374434389140267,0.325,0.7541478129713424,3.0
2020-03-08 09:00:00,9,20,0,2,13,5,0,9,7,2,9,2,16.65,665.0,3.0,6.63,50.0,0.6129032258064516,239.14261360347325,5.293778280542987,0.5,1.3574660633484164,2.85
2020-03-08 10:00:00,10,18,0,2,12,4,0,3,6,1,7,1,17.65,150.0,4.0,11.35,45.0,0.3939393939393939,212.8243068017366,2.063582966226138,0.45,0.2643171806167401,2.888888888888889
2020-03-08 11:00:00,11,24,0,3,17,4,0,12,7,2,9,2,18.65,180.0,4.0,11.35,60.0,0.5725806451612904,259.0026136034732,4.902753303964758,0.6,1.0572687224669604,2.958333333333333
2020-03-08 12:00:00,12,25,0,3,19,3,0,8,6,1,7,1,14.516666666666667,115.0,4.0,11.35,62.5,0.5681818181818182,210.1673068017366,3.989537444933921,0.625,0.7048458149779736,3.0
2020-03-08 13:00:00,13,20,0,3,15,2,0,2,5,1,6,1,15.516666666666667,210.5,4.0,11.35,50.0,0.4485294117647059,191.68230680173664,2.062444933920705,0.5,0.1762114537444934,3.05
2020-03-08 14:00:00,14,15,0,2,13,0,0,7,6,0,6,0,16.516666666666666,245.0,4.0,11.35,37.5,0.3455882352941176,185.729,3.107452276064611,0.375,0.6167400881057269,3.1333333333333333
2020-03-08 15:00:00,15,12,0,1,11,0,0,5,5,0,5,0,17.516666666666666,190.0,4.0,11.35,30.0,0.2642857142857143,171.534,2.283296622613804,0.3,0.4405286343612335,3.083333333333333
2020-03-08 16:00:00,16,10,0,2,8,0,0,3,3,0,3,0,4.85,144.0,4.0,11.35,25.0,0.2162162162162162,69.004,1.6458149779735685,0.25,0.2643171806167401,3.2
2020-03-08 17:00:00,17,16,0,3,13,0,0,7,4,1,5,1,5.85,170.0,4.0,11.35,40.0,0.3642857142857142,115.18230680173662,3.2408590308370044,0.4,0.6167400881057269,3.1875
2020-03-08 18:00:00,18,15,0,4,10,1,0,4,4,1,5,1,6.85,117.0,4.0,11.35,37.5,0.3428571428571428,118.6773068017366,2.327753303964758,0.375,0.3524229074889868,3.2
2020-03-08 19:00:00,19,19,1,5,11,2,0,6,6,1,7,1,7.85,82.0,4.0,11.35,47.5,0.4696969696969697,159.6973068017366,3.275017389288198,0.475,0.5286343612334802,3.263157894736842
2020-03-08 20:00:00,20,18,1,5,12,0,0,7,6,1,7,1,8.85,94.0,4.0,11.32,45.0,0.4621212121212121,163.1923068017366,3.620602669807616,0.45,0.6183745583038869,3.388888888888889
2020-03-08 21:00:00,21,17,1,5,11,0,0,5,6,1,7,1,9.166666666666666,154.0,4.0,11.32,42.5,0.4393939393939394,162.8333068017366,2.956963209311993,0.425,0.4416961130742049,3.411764705882353
2020-03-08 22:00:00,22,13,0,3,10,0,0,5,4,0,4,0,10.166666666666666,383.0,3.0,6.6,32.5,0.3888888888888889,118.825,3.4975524475524478,0.325,0.7575757575757576,3.230769230769231
2020-03-08 23:00:00,23,17,0,4,13,0,0,8,6,0,6,0,11.166666666666666,117.5,3.0,6.6,42.5,0.5392156862745098,159.845,5.296568627450981,0.425,1.2121212121212122,3.235294117647059
2020-03-09 00:00:00,0,20,0,4,13,3,0,9,7,0,7,0,12.166666666666666,89.0,3.0,6.6,50.0,0.6161616161616161,185.32,5.6840909090909095,0.5,1.3636363636363638,3.05
2020-03-09 01:00:00,1,22,0,4,14,4,0,3,7,0,7,0,13.166666666666666,149.0,3.0,6.6,55.00000000000001,0.6666666666666666,195.25,3.013636363636364,0.55,0.4545454545454546,3.0
2020-03-09 02:00:00,2,15,0,4,8,3,0,2,7,1,8,1,14.166666666666666,201.5,3.0,6.6,37.5,0.4791666666666667,200.14330680173663,2.0792929292929294,0.375,0.303030303030303,3.066666666666667
2020-03-09 03:00:00,3,14,0,4,8,2,0,1,7,1,8,1,15.166666666666666,261.5,3.0,6.6,35.0,0.4583333333333333,203.6383068017366,1.576190476190476,0.35,0.1515151515151515,3.142857142857143
2020-03-09 04:00:00,4,13,0,3,9,1,0,1,7,0,7,0,16.166666666666668,329.0,3.0,6.6,32.5,0.4141414141414141,192.865,1.502855477855478,0.325,0.1515151515151515,3.1538461538461537
2020-03-09 05:00:00,5,14,0,4,9,1,0,1,8,0,8,0,17.166666666666668,381.5,3.0,6.6,35.0,0.46875,214.05,1.612012987012987,0.35,0.1515151515151515,3.2142857142857144
2020-03-09 06:00:00,6,16,0,4,11,1,0,2,8,1,9,1,18.166666666666668,434.0,3.0,6.6,40.0,0.5483870967741935,238.2483068017366,2.240909090909091,0.4,0.303030303030303,3.1875
2020-03-09 07:00:00,7,15,0,3,10,2,0,2,8,1,9,1,19.166666666666668,494.0,3.0,6.6,37.5,0.4946236559139785,241.7433068017366,2.0792929292929294,0.375,0.303030303030303,3.066666666666667
2020-03-09 08:00:00,8,18,0,4,13,1,0,4,9,1,10,1,20.166666666666668,548.5,3.0,7.01,45.0,0.6333333333333333,267.2183068017366,3.231942463147884,0.45,0.5706134094151213,3.1666666666666665
2020-03-09 09:00:00,9,23,0,4,15,4,0,8,9,1,10,1,21.166666666666668,583.5,3.0,7.01,57.49999999999999,0.7666666666666667,283.5833068017366,5.148680456490728,0.575,1.1412268188302426,3.0
2020-03-09 10:00:00,10,24,0,4,18,2,0,6,8,1,9,1,22.166666666666668,624.0,4.0,10.26,60.0,0.5967741935483871,277.9683068017366,3.653118908382066,0.6,0.5847953216374269,3.083333333333333
2020-03-09 11:00:00,11,30,0,5,22,3,0,10,9,1,10,1,23.166666666666668,189.5,4.0,10.26,75.0,0.7666666666666667,309.8783068017366,5.28895386614685,0.75,0.9746588693957116,3.066666666666667
2020-03-09 12:00:00,12,34,0,7,25,2,0,10,11,2,13,2,24.166666666666668,116.0,4.0,10.26,85.0,0.9907407407407408,365.16661360347325,5.742308794862974,0.85,0.9746588693957116,3.147058823529412
2020-03-09 13:00:00,13,31,1,6,21,3,0,7,9,3,12,3,23.4,112.5,4.0,10.26,77.5,0.875,341.87592040520985,4.606825756146638,0.775,0.682261208576998,3.161290322580645
2020-03-09 14:00:00,14,38,0,9,22,7,0,11,13,2,15,2,24.4,145.0,4.0,10.26,95.0,1.16,401.8626136034732,6.172801887760337,0.95,1.0721247563352827,3.0526315789473686
2020-03-09 15:00:00,15,39,0,10,23,6,0,7,15,2,17,2,25.4,186.0,4.0,10.26,97.5,1.315217391304348,436.4476136034732,5.141759134302994,0.975,0.682261208576998,3.102564102564102
2020-03-09 16:00:00,16,38,0,10,25,3,0,7,17,1,18,1,16.4,173.0,4.0,10.26,95.0,1.375,396.0743068017366,5.19746332204781,0.95,0.682261208576998,3.1842105263157894
2020-03-09 17:00:00,17,30,0,6,20,3,1,5,14,0,14,0,17.4,231.0,4.0,10.26,75.0,0.875,330.086,3.753232618583496,0.75,0.4873294346978558,3.033333333333333
2020-03-09 18:00:00,18,23,0,5,16,2,0,4,14,0,14,0,18.4,283.5,4.0,10.26,57.49999999999999,0.6923076923076923,320.711,3.0204424103737604,0.575,0.3898635477582846,3.130434782608696
2020-03-09 19:00:00,19,21,0,6,13,2,0,7,11,0,11,0,19.4,341.0,4.0,10.26,52.5,0.5775862068965517,281.861,3.851738141650423,0.525,0.682261208576998,3.1904761904761907
2020-03-09 20:00:00,20,23,0,5,16,2,0,8,8,1,9,1,20.4,223.0,4.0,9.55,57.49999999999999,0.5806451612903226,265.8593068017366,4.422353744593671,0.575,0.8376963350785339,3.130434782608696
2020-03-09 21:00:00,21,20,0,5,11,4,0,5,7,1,8,1,10.833333333333334,170.0,4.0,9.55,50.0,0.4765625,192.0683068017366,3.121858638743455,0.5,0.5235602094240838,3.05
2020-03-09 22:00:00,22,13,0,4,8,1,0,2,5,0,5,0,11.833333333333334,343.0,3.0,6.3,32.5,0.4,141.625,2.0756410256410254,0.325,0.3174603174603174,3.230769230769231
2020-03-09 23:00:00,23,10,0,4,5,1,0,3,5,0,5,0,12.833333333333334,403.0,3.0,6.3,25.0,0.3142857142857143,140.82999999999998,2.396428571428572,0.25,0.4761904761904762,3.3
2020-03-10 00:00:00,0,14,0,5,8,1,0,5,5,0,5,0,13.833333333333334,463.0,3.0,6.3,35.0,0.4380952380952381,155.05,3.757709750566893,0.35,0.7936507936507937,3.2857142857142856
2020-03-10 01:00:00,1,13,1,4,8,0,0,3,5,1,6,1,14.833333333333334,453.5,3.0,6.3,32.5,0.4411764705882353,172.81330680173662,2.7733516483516487,0.325,0.4761904761904762,3.4615384615384617
2020-03-10 02:00:00,2,12,0,3,9,0,0,4,5,0,5,0,15.833333333333334,583.0,3.0,6.3,30.0,0.3714285714285714,162.04,3.038492063492064,0.3,0.6349206349206349,3.25
2020-03-10 03:00:00,3,12,0,3,9,0,0,3,5,0,5,0,16.833333333333332,643.0,3.0,6.3,30.0,0.3714285714285714,167.67999999999998,2.5226190476190475,0.3,0.4761904761904762,3.25
2020-03-10 04:00:00,4,12,0,4,8,0,0,1,5,0,5,0,17.833333333333332,703.0,3.0,6.3,30.0,0.3809523809523809,173.32,1.529100529100529,0.3,0.1587301587301587,3.333333333333333
2020-03-10 05:00:00,5,10,0,4,6,0,0,1,5,0,5,0,18.83333333333333,763.0,3.0,6.3,25.0,0.3238095238095238,174.67,1.3896825396825396,0.25,0.1587301587301587,3.4
2020-03-10 06:00:00,6,9,0,4,5,0,0,0,5,0,5,0,19.83333333333333,823.0,3.0,6.3,22.5,0.2952380952380952,178.165,0.775,0.225,0.0,3.4444444444444446
2020-03-10 07:00:00,7,8,0,3,5,0,0,0,5,0,5,0,20.83333333333333,883.0,3.0,6.3,20.0,0.2571428571428571,181.66,0.675,0.2,0.0,3.375
2020-03-10 08:00:00,8,11,0,3,8,0,0,4,5,0,5,0,21.83333333333333,943.0,3.0,8.059999999999999,27.500000000000004,0.3428571428571428,193.735,2.5241822693435605,0.275,0.4962779156327544,3.272727272727273
2020-03-10 09:00:00,9,16,0,6,10,0,0,8,6,0,6,0,22.83333333333333,523.0,3.0,8.059999999999999,40.0,0.5294117647058824,223.5,4.699875930521093,0.4,0.9925558312655088,3.375
2020-03-10 10:00:00,10,17,1,8,8,0,0,5,6,1,7,1,23.83333333333333,80.0,4.0,11.38,42.5,0.4621212121212121,245.5533068017366,3.1015532926703195,0.425,0.4393673110720563,3.588235294117647
2020-03-10 11:00:00,11,16,2,7,7,0,0,4,5,2,7,2,24.83333333333333,97.0,4.0,11.38,40.0,0.4469696969696969,249.9166136034732,2.771133567662566,0.4,0.351493848857645,3.6875
2020-03-10 12:00:00,12,21,2,8,10,1,0,9,7,1,8,1,25.83333333333333,75.5,4.0,11.38,52.5,0.578125,278.81330680173664,4.636844087371329,0.525,0.7908611599297013,3.523809523809524
2020-03-10 13:00:00,13,18,1,6,9,2,0,4,4,1,5,1,26.83333333333333,132.0,4.0,11.38,45.0,0.4285714285714285,237.81830680173655,2.671646162858817,0.45,0.351493848857645,3.333333333333333
2020-03-10 14:00:00,14,20,1,3,14,2,0,6,4,1,5,1,27.83333333333333,148.0,4.0,11.38,50.0,0.45,247.7483068017366,3.235808435852373,0.5,0.5272407732864676,3.15
2020-03-10 15:00:00,15,19,0,4,13,2,0,4,4,0,4,0,28.83333333333333,138.0,4.0,11.38,47.5,0.4097222222222222,236.975,2.566480899084266,0.475,0.351493848857645,3.1052631578947367
2020-03-10 16:00:00,16,20,0,5,13,2,0,5,5,0,5,0,29.83333333333333,105.0,4.0,11.38,50.0,0.45,258.16,2.959007029876977,0.5,0.4393673110720563,3.15
2020-03-10 17:00:00,17,16,0,6,8,2,0,6,6,0,6,0,30.83333333333333,70.0,4.0,11.38,40.0,0.3823529411764705,268.62,3.01353251318102,0.4,0.5272407732864676,3.25
2020-03-10 18:00:00,18,16,0,7,7,2,0,3,5,0,5,0,5.816666666666666,128.0,4.0,11.38,40.0,0.3785714285714285,114.12599999999998,2.198242530755712,0.4,0.2636203866432338,3.3125
2020-03-10 19:00:00,19,19,0,6,12,1,0,6,4,0,4,0,6.816666666666666,165.0,4.0,11.38,47.5,0.4305555555555556,112.801,3.270469891776894,0.475,0.5272407732864676,3.263157894736842
2020-03-10 20:00:00,20,12,0,6,5,1,0,4,1,0,1,0,7.816666666666666,87.0,4.0,10.12,30.0,0.2628205128205128,63.226,2.3754611330698285,0.3,0.3952569169960475,3.4166666666666665
2020-03-10 21:00:00,21,15,0,9,5,1,0,7,4,0,4,0,8.816666666666666,41.0,4.0,10.12,37.5,0.3680555555555556,115.501,3.7690052700922254,0.375,0.691699604743083,3.533333333333333
2020-03-10 22:00:00,22,13,0,7,5,1,0,6,3,1,4,1,9.816666666666666,16.5,3.0,6.8,32.5,0.4166666666666667,117.7193068017366,4.1792986425339365,0.325,0.8823529411764706,3.4615384615384617
2020-03-10 23:00:00,23,11,0,6,5,0,0,2,3,1,4,1,6.75,76.5,3.0,6.8,27.500000000000004,0.3611111111111111,96.1333068017366,2.0177807486631014,0.275,0.2941176470588235,3.5454545454545454
2020-03-11 00:00:00,0,14,1,6,6,1,0,3,4,1,5,1,7.75,133.0,3.0,6.8,35.0,0.4666666666666667,121.6083068017366,2.7691176470588235,0.35,0.4411764705882353,3.5
2020-03-11 01:00:00,1,13,2,4,6,1,0,5,5,1,6,1,8.75,186.5,3.0,6.8,32.5,0.4509803921568627,138.5033068017366,3.751809954751131,0.325,0.7352941176470589,3.5384615384615383
2020-03-11 02:00:00,2,15,2,7,5,1,0,6,5,2,7,2,9.75,240.0,3.0,6.8,37.5,0.5555555555555556,162.70161360347322,4.610294117647059,0.375,0.8823529411764706,3.6666666666666665
2020-03-11 03:00:00,3,18,2,7,8,1,0,4,8,2,10,2,10.75,181.5,3.0,6.8,45.0,0.7111111111111111,214.97661360347325,3.691503267973856,0.45,0.5882352941176471,3.555555555555556
2020-03-11 04:00:00,4,14,2,5,7,0,0,3,8,0,8,0,11.75,241.5,3.0,6.8,35.0,0.53125,183.5,2.882142857142857,0.35,0.4411764705882353,3.642857142857143
2020-03-11 05:00:00,5,16,2,5,9,0,0,2,9,0,9,0,12.75,282.0,3.0,6.8,40.0,0.6129032258064516,206.83,2.4727941176470587,0.4,0.2941176470588235,3.5625
2020-03-11 06:00:00,6,16,2,5,8,1,0,1,9,0,9,0,13.75,342.0,3.0,6.8,40.0,0.6021505376344086,212.47000000000003,1.9147058823529413,0.4,0.1470588235294117,3.5
2020-03-11 07:00:00,7,18,2,6,9,1,0,2,10,0,10,0,14.75,348.5,3.0,6.8,45.0,0.7,235.8,2.6044117647058824,0.45,0.2941176470588235,3.5
2020-03-11 08:00:00,8,18,2,6,9,1,0,0,10,0,10,0,15.75,408.5,3.0,6.65,45.0,0.7,241.44,1.575,0.45,0.0,3.5
2020-03-11 09:00:00,9,17,1,5,9,2,0,3,7,0,7,0,16.75,385.0,3.0,6.65,42.5,0.5656565656565656,204.735,2.886068111455108,0.425,0.4511278195488721,3.294117647058824
2020-03-11 10:00:00,10,16,0,5,9,2,0,3,6,0,6,0,17.75,275.0,4.0,9.9,40.0,0.375,194.83,2.240909090909091,0.4,0.303030303030303,3.1875
2020-03-11 11:00:00,11,22,1,6,14,1,0,9,7,0,7,0,18.75,281.0,4.0,9.9,55.00000000000001,0.553030303030303,226.74,4.841528925619834,0.55,0.9090909090909092,3.3181818181818183
2020-03-11 12:00:00,12,19,1,6,12,0,0,4,8,0,8,0,19.75,285.5,4.0,9.9,47.5,0.5078125,239.345,3.0072434875066456,0.475,0.404040404040404,3.421052631578948
2020-03-11 13:00:00,13,17,1,6,10,0,0,4,8,0,8,0,15.883333333333333,215.5,4.0,9.9,42.5,0.4609375,213.247,2.877257872846108,0.425,0.404040404040404,3.4705882352941178
2020-03-11 14:00:00,14,15,1,4,9,1,0,3,6,0,6,0,16.883333333333333,151.5,4.0,9.9,37.5,0.3676470588235294,187.797,2.26010101010101,0.375,0.303030303030303,3.333333333333333
2020-03-11 15:00:00,15,14,1,4,8,1,0,2,4,0,4,0,17.883333333333333,160.5,4.0,9.9,35.0,0.3263888888888889,164.492,1.853210678210678,0.35,0.202020202020202,3.357142857142857
2020-03-11 16:00:00,16,13,1,4,7,1,0,3,2,0,2,0,18.883333333333333,424.0,4.0,9.9,32.5,0.2894736842105263,141.187,2.1256410256410256,0.325,0.303030303030303,3.3846153846153846
2020-03-11 17:00:00,17,11,2,4,4,1,0,3,3,0,3,0,19.883333333333333,219.0,4.0,9.9,27.500000000000004,0.2702702702702703,155.937,2.1019283746556474,0.275,0.303030303030303,3.636363636363636
2020-03-11 18:00:00,18,14,1,3,8,2,0,10,4,0,4,0,20.883333333333333,172.5,4.0,9.9,35.0,0.3125,181.412,4.371753246753246,0.35,1.0101010101010102,3.2142857142857144
2020-03-11 19:00:00,19,14,1,3,9,1,0,4,5,0,5,0,14.483333333333333,126.0,4.0,9.9,35.0,0.3285714285714285,158.716,2.4775613275613275,0.35,0.404040404040404,3.2857142857142856
2020-03-11 20:00:00,20,13,0,2,10,1,0,5,3,0,3,0,15.483333333333333,99.0,4.0,9.61,32.5,0.2702702702702703,135.411,2.6008965020411434,0.325,0.5202913631633715,3.076923076923077
2020-03-11 21:00:00,21,15,1,4,10,0,0,7,2,2,4,2,16.483333333333334,16.5,4.0,9.61,37.5,0.3541666666666667,160.47761360347323,3.751586888657648,0.375,0.7284079084287202,3.4
2020-03-11 22:00:00,22,20,1,5,14,0,0,7,4,2,6,2,17.483333333333334,55.5,3.0,6.359999999999999,50.0,0.6568627450980392,203.6426136034732,5.362106918238995,0.5,1.1006289308176105,3.35
2020-03-11 23:00:00,23,17,1,4,11,0,1,2,4,1,5,1,18.48333333333333,100.0,3.0,6.359999999999999,42.5,0.5238095238095238,188.5793068017366,2.392388087310396,0.425,0.3144654088050315,3.235294117647059
2020-03-12 00:00:00,0,21,3,6,11,0,1,8,7,4,11,4,19.48333333333333,54.0,3.0,6.359999999999999,52.5,0.8390804597701149,285.80422720694645,6.19756663671758,0.525,1.257861635220126,3.4761904761904763
2020-03-12 01:00:00,1,23,2,5,15,0,1,8,8,2,10,2,20.48333333333333,97.5,3.0,6.359999999999999,57.49999999999999,0.8444444444444444,280.59761360347323,6.056412359857808,0.575,1.257861635220126,3.3043478260869565
2020-03-12 02:00:00,2,23,1,5,15,0,2,6,8,1,9,1,21.48333333333333,174.0,3.0,6.359999999999999,57.49999999999999,0.7741935483870968,271.9693068017366,4.7532403609516,0.575,0.9433962264150944,3.130434782608696
2020-03-12 03:00:00,3,20,0,5,14,0,1,6,9,0,9,0,22.48333333333333,198.0,3.0,6.359999999999999,50.0,0.6774193548387096,270.306,4.546698113207548,0.5,0.9433962264150944,3.15
2020-03-12 04:00:00,4,19,0,5,13,0,1,2,8,0,8,0,23.48333333333333,324.5,3.0,6.359999999999999,47.5,0.625,260.40099999999995,2.4930486593843098,0.475,0.3144654088050315,3.1578947368421053
2020-03-12 05:00:00,5,18,0,5,12,0,1,1,8,0,8,0,24.48333333333333,384.5,3.0,6.359999999999999,45.0,0.59375,263.896,1.9229035639413,0.45,0.1572327044025157,3.1666666666666665
2020-03-12 06:00:00,6,17,0,5,11,0,1,0,8,0,8,0,25.48333333333333,444.5,3.0,6.359999999999999,42.5,0.5625,267.391,1.35,0.425,0.0,3.176470588235294
2020-03-12 07:00:00,7,16,0,5,10,0,1,1,8,0,8,0,26.48333333333333,504.5,3.0,6.359999999999999,40.0,0.53125,270.886,1.7761792452830192,0.4,0.1572327044025157,3.1875
2020-03-12 08:00:00,8,17,0,4,12,0,1,4,10,0,10,0,27.48333333333333,494.0,3.0,7.76,42.5,0.5888888888888889,305.471,2.932034566403881,0.425,0.5154639175257733,3.117647058823529
2020-03-12 09:00:00,9,16,0,3,10,2,1,4,6,1,7,1,28.48333333333333,404.0,3.0,7.76,40.0,0.4747474747474747,269.63430680173656,2.689175257731959,0.4,0.5154639175257733,2.9375
2020-03-12 10:00:00,10,11,0,3,7,1,0,2,4,1,5,1,29.48333333333333,464.0,4.0,11.01,27.500000000000004,0.25,237.74930680173665,1.4529869540087523,0.275,0.181653042688465,3.1818181818181817
2020-03-12 11:00:00,11,10,0,2,7,1,0,5,1,1,2,1,24.73333333333333,160.5,4.0,11.01,25.0,0.2039473684210526,168.61430680173663,2.182811080835604,0.25,0.4541326067211625,3.1
2020-03-12 12:00:00,12,9,0,1,6,2,0,5,4,0,4,0,25.73333333333333,45.5,4.0,11.01,22.5,0.1805555555555555,198.041,1.9619386416389144,0.225,0.4541326067211625,2.888888888888889
2020-03-12 13:00:00,13,14,0,2,9,3,0,6,6,1,7,1,26.73333333333333,87.0,4.0,11.01,35.0,0.3106060606060606,255.4743068017366,2.6209517321915143,0.35,0.5449591280653951,2.9285714285714284
2020-03-12 14:00:00,14,12,0,2,7,3,0,2,4,1,5,1,27.73333333333333,79.0,4.0,11.01,30.0,0.25,230.0243068017366,1.4048213745080227,0.3,0.181653042688465,2.9166666666666665
2020-03-12 15:00:00,15,21,1,1,12,7,0,10,8,0,8,0,28.73333333333333,53.0,4.0,11.01,52.5,0.4609375,294.301,4.026792742528437,0.525,0.9082652134423252,2.8095238095238093
2020-03-12 16:00:00,16,20,1,1,11,7,0,3,9,0,9,0,29.73333333333333,100.0,4.0,11.01,50.0,0.4516129032258064,311.196,2.162942779291553,0.5,0.2724795640326976,2.8
2020-03-12 17:00:00,17,18,1,2,10,5,0,3,7,0,7,0,30.73333333333333,156.0,4.0,11.01,45.0,0.4015151515151515,285.746,2.1273009385407207,0.45,0.2724795640326976,2.9444444444444446
2020-03-12 18:00:00,18,21,1,3,11,6,0,4,7,0,7,0,31.73333333333333,216.0,4.0,11.01,52.5,0.4696969696969697,297.821,2.6226179663509366,0.525,0.36330608537693,2.952380952380953
2020-03-12 19:00:00,19,28,0,4,16,8,0,11,6,1,7,1,32.733333333333334,219.0,4.0,11.01,70.0,0.6060606060606061,319.3443068017366,4.854547813675879,0.7,0.9990917347865576,2.857142857142857
2020-03-12 20:00:00,20,27,0,4,17,6,0,7,7,1,8,1,33.733333333333334,136.0,4.0,10.05,67.5,0.6171875,336.2393068017366,4.012958356366316,0.675,0.6965174129353233,2.925925925925926
2020-03-12 21:00:00,21,32,0,4,23,5,0,6,8,1,9,1,34.733333333333334,171.0,4.0,10.05,80.0,0.7661290322580645,366.00430680173656,4.147388059701493,0.8,0.5970149253731343,2.96875
2020-03-12 22:00:00,22,27,0,3,21,3,0,9,5,2,7,2,35.733333333333334,175.0,3.0,6.8,67.5,0.8181818181818182,334.9876136034732,5.995588235294118,0.675,1.3235294117647058,3.0
2020-03-12 23:00:00,23,26,0,5,18,3,0,6,5,2,7,2,36.73333333333333,235.0,3.0,6.8,65.0,0.8080808080808081,338.4826136034732,4.714932126696833,0.65,0.8823529411764706,3.076923076923077
2020-03-13 00:00:00,0,22,0,5,14,3,0,5,6,2,8,2,37.73333333333333,224.0,3.0,6.8,55.00000000000001,0.7083333333333334,348.9426136034732,3.972727272727273,0.55,0.7352941176470589,3.090909090909091
2020-03-13 01:00:00,1,17,0,5,10,2,0,0,6,1,7,1,38.73333333333333,355.0,3.0,6.8,42.5,0.5454545454545454,329.5893068017366,1.35,0.425,0.0,3.176470588235294
2020-03-13 02:00:00,2,19,0,7,10,2,0,5,7,1,8,1,39.73333333333333,344.0,3.0,6.8,47.5,0.6458333333333334,352.91930680173664,3.949380804953561,0.475,0.7352941176470589,3.263157894736842
2020-03-13 03:00:00,3,21,0,8,11,2,0,4,9,1,10,1,40.73333333333333,332.0,3.0,6.8,52.5,0.7666666666666667,389.6493068017366,3.657773109243698,0.525,0.5882352941176471,3.2857142857142856
2020-03-13 04:00:00,4,21,0,8,11,2,0,2,9,0,9,0,41.73333333333333,391.0,3.0,6.8,52.5,0.7419354838709677,381.021,2.6913865546218485,0.525,0.2941176470588235,3.2857142857142856
2020-03-13 05:00:00,5,19,0,7,10,2,0,0,9,0,9,0,42.73333333333333,451.0,3.0,6.8,47.5,0.6666666666666666,382.371,1.5499999999999998,0.475,0.0,3.263157894736842
2020-03-13 06:00:00,6,19,0,7,10,2,0,0,9,0,9,0,43.73333333333333,511.0,3.0,6.8,47.5,0.6666666666666666,388.011,1.5499999999999998,0.475,0.0,3.263157894736842
2020-03-13 07:00:00,7,17,0,7,8,2,0,0,9,0,9,0,44.73333333333333,571.0,3.0,6.8,42.5,0.6021505376344086,389.361,1.4,0.425,0.0,3.294117647058824
2020-03-13 08:00:00,8,17,0,7,8,2,0,3,10,1,11,1,19.316666666666663,538.0,3.0,9.14,42.5,0.6436781609195402,273.67930680173663,2.481220234264384,0.425,0.3282275711159737,3.294117647058824
2020-03-13 09:00:00,9,17,0,6,8,3,0,3,7,1,8,1,20.316666666666663,644.5,3.0,9.14,42.5,0.5625,239.11930680173663,2.392605225897799,0.425,0.3282275711159737,3.176470588235294
2020-03-13 10:00:00,10,17,0,3,12,2,0,5,4,1,5,1,21.316666666666663,177.0,4.0,12.4,42.5,0.3714285714285714,204.5593068017366,2.533396584440227,0.425,0.4032258064516129,3.0588235294117645
2020-03-13 11:00:00,11,22,0,4,16,2,0,8,6,2,8,2,20.316666666666663,72.5,4.0,12.4,55.00000000000001,0.53125,250.71261360347324,3.694134897360704,0.55,0.6451612903225806,3.090909090909091
2020-03-13 12:00:00,12,18,0,4,11,3,0,2,5,2,7,2,21.316666666666663,115.0,4.0,12.4,45.0,0.4166666666666667,234.3726136034732,1.867831541218638,0.45,0.1612903225806451,3.055555555555556
2020-03-13 13:00:00,13,17,0,4,11,2,0,4,4,2,6,2,22.316666666666663,135.5,4.0,12.4,42.5,0.3897058823529412,224.4676136034732,2.330692599620493,0.425,0.3225806451612903,3.117647058823529
2020-03-13 14:00:00,14,19,0,6,12,1,0,5,5,2,7,2,16.516666666666666,187.0,4.0,12.4,47.5,0.4696969696969697,209.4456136034732,2.8657894736842104,0.475,0.4032258064516129,3.263157894736842
2020-03-13 15:00:00,15,22,1,5,15,1,0,6,8,1,9,1,17.516666666666666,149.0,4.0,12.4,55.00000000000001,0.5806451612903226,247.4523068017366,3.383577712609971,0.55,0.4838709677419354,3.272727272727273
2020-03-13 16:00:00,16,20,1,6,10,3,0,6,7,1,8,1,18.516666666666666,132.0,4.0,12.4,50.0,0.5078125,235.4023068017366,3.1975806451612905,0.5,0.4838709677419354,3.25
2020-03-13 17:00:00,17,20,1,4,9,6,0,6,8,1,9,1,19.516666666666666,170.0,4.0,12.4,50.0,0.4838709677419355,254.4423068017366,2.9516129032258065,0.5,0.4838709677419354,3.0
2020-03-13 18:00:00,18,16,1,3,8,4,0,3,6,1,7,1,10.95,161.0,4.0,12.4,40.0,0.3712121212121212,170.74630680173658,1.9659274193548388,0.4,0.2419354838709677,3.0625
2020-03-13 19:00:00,19,11,0,2,7,2,0,5,3,1,4,1,11.95,64.0,4.0,12.4,27.500000000000004,0.2291666666666666,125.4613068017366,2.0346774193548387,0.275,0.4032258064516129,3.0
2020-03-13 20:00:00,20,11,0,2,6,3,0,3,5,1,6,1,12.95,85.5,4.0,9.62,27.500000000000004,0.2352941176470588,157.9013068017366,1.7072009072009071,0.275,0.3118503118503118,2.909090909090909
2020-03-13 21:00:00,21,14,0,2,8,4,0,7,6,1,7,1,13.95,69.0,4.0,9.62,35.0,0.303030303030303,183.3763068017366,3.079002079002079,0.35,0.7276507276507277,2.857142857142857
2020-03-13 22:00:00,22,10,0,2,8,0,0,4,2,1,3,1,14.95,188.0,3.0,6.359999999999999,25.0,0.2882882882882883,126.8363068017366,2.812578616352201,0.25,0.628930817610063,3.2
2020-03-13 23:00:00,23,9,1,2,6,0,0,3,2,1,3,1,15.95,248.0,3.0,6.359999999999999,22.5,0.2792792792792792,130.33130680173662,2.399737945492663,0.225,0.4716981132075472,3.4444444444444446
2020-03-14 00:00:00,0,6,0,1,4,1,0,1,2,1,3,1,16.95,308.0,3.0,6.359999999999999,15.0,0.1621621621621621,129.5363068017366,0.9216981132075472,0.15,0.1572327044025157,3.0
2020-03-14 01:00:00,1,11,0,2,7,2,0,6,1,1,2,1,17.95,687.0,3.0,6.359999999999999,27.500000000000004,0.2894736842105263,132.5013068017366,3.655188679245284,0.275,0.9433962264150944,3.0
2020-03-14 02:00:00,2,5,0,1,4,0,0,2,1,1,2,1,18.95,747.0,3.0,6.359999999999999,12.5,0.1403508771929824,125.2713068017366,1.4062893081761008,0.125,0.3144654088050315,3.2
2020-03-14 03:00:00,3,4,0,1,3,0,0,0,1,1,2,1,19.95,807.0,3.0,6.359999999999999,10.0,0.1140350877192982,128.76630680173662,0.325,0.1,0.0,3.25
2020-03-14 04:00:00,4,6,0,1,4,1,0,2,1,1,2,1,20.95,867.0,3.0,6.359999999999999,15.0,0.1578947368421052,138.6963068017366,1.3933962264150943,0.15,0.3144654088050315,3.0
2020-03-14 05:00:00,5,5,0,0,4,1,0,0,1,1,2,1,21.95,927.0,3.0,6.359999999999999,12.5,0.1228070175438596,142.1913068017366,0.35,0.125,0.0,2.8
2020-03-14 06:00:00,6,5,0,0,4,1,0,1,1,1,2,1,22.95,987.0,3.0,6.359999999999999,12.5,0.1228070175438596,147.83130680173662,0.790251572327044,0.125,0.1572327044025157,2.8
2020-03-14 07:00:00,7,6,0,0,5,1,0,1,1,1,2,1,23.95,1047.0,3.0,6.359999999999999,15.0,0.1491228070175438,155.61630680173658,0.8704926624737945,0.15,0.1572327044025157,2.833333333333333
2020-03-14 08:00:00,8,9,0,0,8,1,0,7,3,1,4,1,24.95,382.0,3.0,8.059999999999999,22.5,0.2407407407407407,194.4913068017366,3.1589605734767026,0.225,0.8684863523573202,2.888888888888889
2020-03-14 09:00:00,9,9,0,1,7,1,0,3,2,1,3,1,25.95,107.0,3.0,8.059999999999999,22.5,0.2432432432432432,186.7313068017366,1.7916253101736974,0.225,0.3722084367245658,3.0
2020-03-14 10:00:00,10,7,0,1,6,0,0,1,2,1,3,1,26.95,167.0,4.0,11.31,17.5,0.1486486486486486,188.08130680173664,0.8278830365037261,0.175,0.0884173297966401,3.142857142857143
2020-03-14 11:00:00,11,11,0,3,8,0,0,4,5,1,6,1,27.95,111.0,4.0,11.31,27.500000000000004,0.2647058823529412,242.50130680173663,2.057463226428744,0.275,0.3536693191865606,3.272727272727273
2020-03-14 12:00:00,12,7,0,2,5,0,0,2,2,2,4,2,28.95,73.0,4.0,11.31,17.5,0.1597222222222222,213.6296136034732,1.156028167235064,0.175,0.1768346595932803,3.2857142857142856
2020-03-14 13:00:00,13,10,0,2,8,0,0,4,4,2,6,2,29.95,63.0,4.0,11.31,25.0,0.2352941176470588,252.5046136034732,1.9317418213969937,0.25,0.3536693191865606,3.2
2020-03-14 14:00:00,14,12,0,2,10,0,0,4,6,1,7,1,30.95,73.0,4.0,11.31,30.0,0.2878787878787879,274.9663068017366,2.069952844090775,0.3,0.3536693191865606,3.1666666666666665
2020-03-14 15:00:00,15,12,0,3,9,0,0,4,5,1,6,1,31.95,88.5,4.0,11.31,30.0,0.2867647058823529,267.20630680173656,2.124425287356322,0.3,0.3536693191865606,3.25
2020-03-14 16:00:00,16,12,0,2,10,0,0,7,5,1,6,1,32.95,133.5,4.0,11.31,30.0,0.2794117647058823,272.8463068017366,2.909917477158857,0.3,0.6189213085764811,3.1666666666666665
2020-03-14 17:00:00,17,14,0,3,11,0,0,6,3,1,4,1,33.95,172.0,4.0,11.31,35.0,0.3125,255.97630680173663,2.8301913603637745,0.35,0.5305039787798409,3.2142857142857144
2020-03-14 18:00:00,18,11,0,2,8,1,0,4,2,1,3,1,34.95,199.0,4.0,11.31,27.500000000000004,0.2297297297297297,241.7813068017366,1.9431597138493693,0.275,0.3536693191865606,3.090909090909091
2020-03-14 19:00:00,19,11,1,2,7,1,0,6,0,3,3,3,35.95,48.0,4.0,11.31,27.500000000000004,0.2432432432432432,249.1579204052099,2.636194839643116,0.275,0.5305039787798409,3.272727272727273
2020-03-14 20:00:00,20,12,0,4,8,0,0,6,1,3,4,3,36.95,80.0,4.0,9.75,30.0,0.2777777777777778,270.34292040520984,3.0512820512820515,0.3,0.6153846153846154,3.333333333333333
2020-03-14 21:00:00,21,11,0,2,8,1,0,6,2,2,4,2,37.95,100.0,4.0,9.75,27.500000000000004,0.2361111111111111,272.96961360347325,2.752097902097902,0.275,0.6153846153846154,3.090909090909091
2020-03-14 22:00:00,22,9,0,1,7,1,0,4,2,1,3,1,38.95,148.0,3.0,6.5,22.5,0.2432432432432432,260.0513068017366,2.521153846153846,0.225,0.6153846153846154,3.0
2020-03-14 23:00:00,23,10,0,1,8,1,0,4,1,1,2,1,39.95,1302.5,3.0,6.5,25.0,0.2631578947368421,254.43630680173663,2.5961538461538463,0.25,0.6153846153846154,3.0
2020-03-15 00:00:00,0,8,0,1,6,1,0,2,1,1,2,1,40.95,1362.5,3.0,6.5,20.0,0.2105263157894736,255.7863068017366,1.523076923076923,0.2,0.3076923076923077,3.0
2020-03-15 01:00:00,1,6,0,1,4,1,0,1,1,1,2,1,41.95,1422.5,3.0,6.5,15.0,0.1578947368421052,257.1363068017366,0.9115384615384616,0.15,0.1538461538461538,3.0
2020-03-15 02:00:00,2,12,1,1,9,1,0,6,3,3,6,3,42.95,50.0,3.0,6.5,30.0,0.3725490196078431,330.9829204052098,3.873076923076923,0.3,0.9230769230769232,3.1666666666666665
2020-03-15 03:00:00,3,13,1,2,9,1,0,3,4,3,7,3,43.95,107.0,3.0,6.5,32.5,0.4242424242424242,352.1679204052099,2.54112426035503,0.325,0.4615384615384615,3.230769230769231
2020-03-15 04:00:00,4,13,1,3,8,1,0,1,4,3,7,3,44.95,167.0,3.0,6.5,32.5,0.4343434343434343,357.80792040520987,1.5838757396449703,0.325,0.1538461538461538,3.3076923076923075
2020-03-15 05:00:00,5,13,1,2,9,1,0,2,4,3,7,3,45.95,227.0,3.0,6.5,32.5,0.4242424242424242,363.44792040520986,2.0440828402366864,0.325,0.3076923076923077,3.230769230769231
2020-03-15 06:00:00,6,13,1,2,8,2,0,2,5,1,6,1,46.95,276.0,3.0,6.5,32.5,0.4019607843137255,353.9513068017366,1.995414201183432,0.325,0.3076923076923077,3.1538461538461537
2020-03-15 07:00:00,7,13,1,5,6,1,0,3,7,2,9,2,47.95,279.0,3.0,6.5,32.5,0.4838709677419355,400.6596136034732,2.722633136094675,0.325,0.4615384615384615,3.4615384615384617
2020-03-15 08:00:00,8,13,1,5,6,1,0,0,7,2,9,2,48.95,339.0,3.0,6.6,32.5,0.4838709677419355,406.2996136034732,1.125,0.325,0.0,3.4615384615384617
2020-03-15 09:00:00,9,12,0,4,7,1,0,2,5,2,7,2,49.95,133.0,3.0,6.6,30.0,0.3939393939393939,382.9946136034732,1.959848484848485,0.3,0.303030303030303,3.25
2020-03-15 10:00:00,10,11,0,3,7,1,0,2,5,1,6,1,50.95,191.5,4.0,9.85,27.500000000000004,0.2573529411764705,372.2213068017367,1.521054453161052,0.275,0.2030456852791878,3.1818181818181817
2020-03-15 11:00:00,11,19,0,5,11,3,0,11,7,1,8,1,51.95,155.5,4.0,9.85,47.5,0.4609375,421.82130680173657,4.942806572268234,0.475,1.116751269035533,3.1052631578947367
2020-03-15 12:00:00,12,17,0,5,11,1,0,8,4,1,5,1,52.95,84.0,4.0,9.85,42.5,0.3928571428571428,382.9713068017366,4.0026500447894895,0.425,0.8121827411167513,3.235294117647059
2020-03-15 13:00:00,13,21,0,6,13,1,1,9,4,1,5,1,53.95,80.0,4.0,9.85,52.5,0.4714285714285714,397.19130680173663,4.521646120377085,0.525,0.9137055837563453,3.142857142857143
2020-03-15 14:00:00,14,22,0,5,15,2,0,9,4,1,5,1,54.95,111.0,4.0,9.85,55.00000000000001,0.4928571428571429,404.9763068017367,4.5907129672358105,0.55,0.9137055837563453,3.136363636363636
2020-03-15 15:00:00,15,26,0,5,18,3,0,9,7,1,8,1,55.95,115.0,4.0,9.85,65.0,0.625,459.3963068017366,4.81140179617337,0.65,0.9137055837563453,3.076923076923077
2020-03-15 16:00:00,16,22,0,5,15,2,0,7,9,1,10,1,56.95,96.0,4.0,9.85,55.00000000000001,0.575,483.2563068017366,3.9538878634056314,0.55,0.7106598984771574,3.136363636363636
2020-03-15 17:00:00,17,20,0,4,14,2,0,3,7,1,8,1,57.95,147.5,4.0,9.85,50.0,0.484375,457.80630680173664,2.494162436548224,0.5,0.3045685279187817,3.1
2020-03-15 18:00:00,18,17,0,5,10,2,0,5,6,1,7,1,58.95,214.0,4.0,9.85,42.5,0.4090909090909091,443.6113068017367,2.96242161839355,0.425,0.5076142131979695,3.176470588235294
2020-03-15 19:00:00,19,15,0,5,10,0,0,4,5,1,6,1,59.95,267.5,4.0,9.85,37.5,0.3676470588235294,431.5613068017366,2.6036379018612523,0.375,0.4060913705583756,3.333333333333333
2020-03-15 20:00:00,20,14,1,5,8,0,0,4,5,2,7,2,60.95,321.0,4.0,10.05,35.0,0.3712121212121212,449.3246136034732,2.6180348258706467,0.35,0.3980099502487562,3.5
2020-03-15 21:00:00,21,15,0,6,9,0,0,6,5,1,6,1,61.95,387.5,4.0,10.05,37.5,0.375,442.8413068017367,3.3048507462686563,0.375,0.5970149253731343,3.4
2020-03-15 22:00:00,22,13,0,5,7,1,0,7,3,1,4,1,62.95,260.5,3.0,6.8,32.5,0.3981481481481481,417.3913068017366,4.4799773755656105,0.325,1.0294117647058825,3.3076923076923075
2020-03-15 23:00:00,23,14,0,4,10,0,0,5,3,1,4,1,63.95,320.5,3.0,6.8,35.0,0.4259259259259259,425.1763068017366,3.565966386554622,0.35,0.7352941176470589,3.2857142857142856
2020-03-16 00:00:00,0,11,0,4,6,0,1,1,3,1,4,1,64.95,380.5,3.0,6.8,27.500000000000004,0.324074074074074,424.3813068017366,1.342914438502674,0.275,0.1470588235294117,3.1818181818181817
2020-03-16 01:00:00,1,13,1,4,8,0,0,3,4,3,7,3,65.95,183.0,3.0,6.8,32.5,0.4545454545454545,476.2479204052098,2.652149321266968,0.325,0.4411764705882353,3.4615384615384617
2020-03-16 02:00:00,2,14,2,4,8,0,0,4,5,2,7,2,66.95,243.0,3.0,6.8,35.0,0.5050505050505051,483.1646136034733,3.350840336134454,0.35,0.5882352941176471,3.571428571428572
2020-03-16 03:00:00,3,18,1,4,13,0,0,6,7,2,9,2,67.95,174.0,3.0,6.8,45.0,0.6451612903225806,524.1846136034733,4.441176470588236,0.45,0.8823529411764706,3.333333333333333
2020-03-16 04:00:00,4,17,0,4,12,1,0,2,7,1,8,1,68.95,281.5,3.0,6.8,42.5,0.5625,513.4113068017366,2.284256055363321,0.425,0.2941176470588235,3.176470588235294
2020-03-16 05:00:00,5,20,0,5,14,1,0,4,8,1,9,1,69.95,260.0,3.0,6.8,50.0,0.6881720430107527,538.8863068017366,3.482352941176471,0.5,0.5882352941176471,3.2
2020-03-16 06:00:00,6,16,0,4,11,1,0,0,8,1,9,1,70.95,320.0,3.0,6.8,40.0,0.5483870967741935,535.9463068017367,1.275,0.4,0.0,3.1875
2020-03-16 07:00:00,7,20,0,4,15,1,0,5,11,1,12,1,71.95,305.5,3.0,6.8,50.0,0.75,590.3663068017366,3.8911764705882352,0.5,0.7352941176470589,3.15
2020-03-16 08:00:00,8,23,0,5,15,3,0,4,13,1,14,1,72.95,329.5,3.0,6.96,57.49999999999999,0.9102564102564102,629.2413068017365,3.549112943528236,0.575,0.5747126436781609,3.0869565217391304
2020-03-16 09:00:00,9,18,0,3,13,2,0,4,8,1,9,1,73.95,286.0,3.0,6.96,45.0,0.5913978494623656,557.1563068017366,3.1310664112388245,0.45,0.5747126436781609,3.055555555555556
2020-03-16 10:00:00,10,25,0,6,17,2,0,9,10,2,12,2,74.95,190.5,4.0,10.27,62.5,0.7053571428571429,618.8796136034732,4.74423076923077,0.625,0.8763388510223954,3.16
2020-03-16 11:00:00,11,29,0,5,22,1,1,13,12,2,14,2,75.95,104.0,4.0,10.27,72.5,0.8557692307692307,659.8996136034732,6.109766477520735,0.725,1.2658227848101269,3.0689655172413794
2020-03-16 12:00:00,12,28,0,5,21,1,1,7,13,2,15,2,76.95,123.0,4.0,10.27,70.0,0.86,676.7946136034732,4.243476144109056,0.7,0.6815968841285297,3.071428571428572
2020-03-16 13:00:00,13,27,0,4,20,2,1,3,13,2,15,2,77.95,176.0,4.0,10.27,67.5,0.81,680.2896136034732,2.901338851022396,0.675,0.2921129503407984,3.0
2020-03-16 14:00:00,14,26,0,2,22,2,0,8,11,3,14,3,78.95,211.0,4.0,10.27,65.0,0.75,671.2529204052098,4.2869036027263885,0.65,0.7789678675754625,3.0
2020-03-16 15:00:00,15,25,0,1,23,1,0,6,10,3,13,3,79.95,285.0,4.0,10.27,62.5,0.6944444444444444,661.3479204052098,3.627677702044791,0.625,0.5842259006815969,3.0
2020-03-16 16:00:00,16,24,0,1,22,1,0,6,9,2,11,2,80.95,317.0,4.0,10.27,60.0,0.6206896551724138,637.1746136034733,3.552677702044791,0.6,0.5842259006815969,3.0
2020-03-16 17:00:00,17,24,0,3,20,1,0,6,10,3,13,3,81.95,257.0,4.0,10.27,60.0,0.6851851851851852,670.4829204052098,3.651363193768258,0.6,0.5842259006815969,3.083333333333333
2020-03-16 18:00:00,18,15,0,2,13,0,0,2,8,1,9,1,82.95,255.0,4.0,10.27,37.5,0.3790322580645161,601.4813068017365,1.7851914962674458,0.375,0.1947419668938656,3.1333333333333333
2020-03-16 19:00:00,19,12,0,2,9,1,0,1,7,1,8,1,83.95,406.0,4.0,10.27,30.0,0.2890625,587.2863068017366,1.225227198961376,0.3,0.0973709834469328,3.083333333333333
2020-03-16 20:00:00,20,13,0,4,9,0,0,6,7,1,8,1,84.95,381.0,4.0,9.81,32.5,0.3359375,595.0713068017367,3.098053399200188,0.325,0.6116207951070336,3.3076923076923075
2020-03-16 21:00:00,21,17,0,4,13,0,0,5,8,1,9,1,85.95,265.0,4.0,9.81,42.5,0.4435483870967742,622.6913068017366,3.0239776338670024,0.425,0.509683995922528,3.235294117647059
2020-03-16 22:00:00,22,16,0,5,9,2,0,9,4,1,5,1,86.95,677.0,3.0,6.5,40.0,0.4857142857142857,572.5863068017366,5.688461538461538,0.4,1.3846153846153846,3.1875
2020-03-16 23:00:00,23,10,0,5,5,0,0,2,3,1,4,1,87.95,1339.0,3.0,6.5,25.0,0.324074074074074,551.9563068017367,1.951923076923077,0.25,0.3076923076923077,3.5
2020-03-17 00:00:00,0,13,0,4,8,1,0,8,3,1,4,1,88.95,1399.0,3.0,6.5,32.5,0.3888888888888889,564.0313068017366,5.026331360946746,0.325,1.2307692307692308,3.230769230769231
2020-03-17 01:00:00,1,12,0,3,8,1,0,4,3,1,4,1,89.95,1459.0,3.0,6.5,30.0,0.3518518518518518,567.5263068017366,2.8987179487179486,0.3,0.6153846153846154,3.1666666666666665
2020-03-17 02:00:00,2,13,0,3,9,1,0,2,3,1,4,1,90.95,1519.0,3.0,6.5,32.5,0.3796296296296296,575.3113068017366,1.995414201183432,0.325,0.3076923076923077,3.1538461538461537
2020-03-17 03:00:00,3,11,0,2,9,0,0,3,3,1,4,1,91.95,1579.0,3.0,6.5,27.500000000000004,0.324074074074074,576.6613068017366,2.3435314685314688,0.275,0.4615384615384615,3.1818181818181817
2020-03-17 04:00:00,4,15,0,2,13,0,0,4,4,1,5,1,92.95,1037.0,3.0,6.5,37.5,0.4476190476190476,604.2813068017365,3.1032051282051283,0.375,0.6153846153846154,3.1333333333333333
2020-03-17 05:00:00,5,13,0,2,11,0,0,1,4,1,5,1,93.95,1097.0,3.0,6.5,32.5,0.3904761904761905,605.6313068017366,1.510207100591716,0.325,0.1538461538461538,3.1538461538461537
2020-03-17 06:00:00,6,13,0,3,10,0,0,2,4,2,6,2,94.95,981.0,3.0,6.5,32.5,0.4117647058823529,625.5396136034733,2.0440828402366864,0.325,0.3076923076923077,3.230769230769231
2020-03-17 07:00:00,7,11,0,2,9,0,0,2,5,1,6,1,95.95,1041.0,3.0,6.5,27.500000000000004,0.3431372549019608,626.0213068017366,1.854020979020979,0.275,0.3076923076923077,3.1818181818181817
2020-03-17 08:00:00,8,12,0,2,8,2,0,3,4,1,5,1,96.95,1277.0,3.0,7.97,30.0,0.3428571428571428,620.4063068017366,2.0292346298619823,0.3,0.3764115432873275,3.0
2020-03-17 09:00:00,9,17,0,4,10,3,0,7,4,2,6,2,97.95,1161.0,3.0,7.97,42.5,0.5098039215686274,651.0396136034732,3.9865451324821017,0.425,0.8782936010037642,3.0588235294117645
2020-03-17 10:00:00,10,16,0,4,11,1,0,5,5,2,7,2,98.95,1045.0,4.0,11.31,40.0,0.3863636363636363,667.9346136034732,2.684151193633953,0.4,0.4420866489832007,3.1875
2020-03-17 11:00:00,11,15,0,3,11,1,0,2,5,2,7,2,99.95,179.0,4.0,11.31,37.5,0.3560606060606061,671.4296136034732,1.7290819333922782,0.375,0.1768346595932803,3.1333333333333333
2020-03-17 12:00:00,12,19,0,2,14,3,0,9,9,1,10,1,100.95,118.5,4.0,11.31,47.5,0.4666666666666667,724.9813068017365,3.745386011447717,0.475,0.7957559681697614,2.9473684210526314
2020-03-17 13:00:00,13,23,0,0,19,4,0,8,9,1,10,1,101.95,113.5,4.0,11.31,57.49999999999999,0.5416666666666666,739.2013068017366,3.624000499750125,0.575,0.7073386383731212,2.8260869565217392
2020-03-17 14:00:00,14,23,0,0,21,2,0,6,8,2,10,2,102.95,147.0,4.0,11.31,57.49999999999999,0.5583333333333333,745.7096136034733,3.2203811555760584,0.575,0.5305039787798409,2.9130434782608696
2020-03-17 15:00:00,15,25,0,2,21,2,0,8,11,3,14,3,103.95,192.5,4.0,11.31,62.5,0.7211538461538461,810.1079204052098,3.997015915119363,0.625,0.7073386383731212,3.0
2020-03-17 16:00:00,16,23,0,2,19,2,0,7,8,2,10,2,104.95,252.5,4.0,11.31,57.49999999999999,0.575,756.9896136034732,3.581763925729443,0.575,0.6189213085764811,3.0
2020-03-17 17:00:00,17,20,0,2,17,1,0,2,7,1,8,1,105.95,312.5,4.0,11.31,50.0,0.4765625,728.5263068017366,2.0643457117595045,0.5,0.1768346595932803,3.05
2020-03-17 18:00:00,18,19,0,2,16,1,0,3,8,1,9,1,106.95,371.0,4.0,11.31,47.5,0.4677419354838709,745.4213068017366,2.259716599190284,0.475,0.2652519893899204,3.0526315789473686
2020-03-17 19:00:00,19,14,0,1,13,0,0,4,4,1,5,1,107.95,431.0,4.0,11.31,35.0,0.3071428571428571,686.7363068017365,2.1612700517872936,0.35,0.3536693191865606,3.071428571428572
2020-03-17 20:00:00,20,13,0,2,11,0,0,6,4,1,5,1,108.95,175.0,4.0,10.0,32.5,0.2928571428571428,690.2313068017365,2.917307692307692,0.325,0.6,3.1538461538461537
2020-03-17 21:00:00,21,15,0,2,12,1,0,5,4,1,5,1,109.95,235.0,4.0,10.0,37.5,0.3285714285714285,700.1613068017366,2.6833333333333336,0.375,0.5,3.066666666666667
2020-03-17 22:00:00,22,21,0,2,13,5,1,8,4,1,5,1,110.95,295.0,3.0,6.66,52.5,0.5523809523809524,718.6713068017366,4.767603317603317,0.525,1.2012012012012012,2.761904761904762
2020-03-17 23:00:00,23,17,0,2,11,3,1,3,4,1,5,1,111.95,355.0,3.0,6.66,42.5,0.4571428571428571,715.7313068017367,2.471860095389508,0.425,0.4504504504504504,2.823529411764706
2020-03-18 00:00:00,0,17,0,1,12,3,1,3,5,1,6,1,112.95,306.5,3.0,6.66,42.5,0.4607843137254901,734.7713068017366,2.4203630100688924,0.425,0.4504504504504504,2.764705882352941
2020-03-18 01:00:00,1,19,0,2,15,1,1,5,6,1,7,1,113.95,258.0,3.0,6.66,47.5,0.5656565656565656,758.1013068017367,3.6127390548443175,0.475,0.7507507507507507,2.9473684210526314
2020-03-18 02:00:00,2,19,0,2,15,1,1,2,8,1,9,1,114.95,264.0,3.0,6.66,47.5,0.6021505376344086,790.5413068017366,2.285095621937727,0.475,0.3003003003003003,2.9473684210526314
2020-03-18 03:00:00,3,21,0,2,17,1,1,3,8,1,9,1,115.95,324.0,3.0,6.66,52.5,0.6666666666666666,800.4713068017365,2.87990132990133,0.525,0.4504504504504504,2.952380952380953
2020-03-18 04:00:00,4,21,0,2,17,1,1,3,8,1,9,1,116.95,384.0,3.0,6.66,52.5,0.6666666666666666,806.1113068017366,2.87990132990133,0.525,0.4504504504504504,2.952380952380953
2020-03-18 05:00:00,5,19,0,2,15,1,1,1,9,1,10,1,117.95,384.5,3.0,6.66,47.5,0.6222222222222222,820.8613068017365,1.842547810968864,0.475,0.1501501501501501,2.9473684210526314
2020-03-18 06:00:00,6,20,0,1,17,1,1,3,9,1,10,1,118.95,444.5,3.0,6.66,50.0,0.6444444444444445,828.6463068017365,2.7563063063063065,0.5,0.4504504504504504,2.9
2020-03-18 07:00:00,7,16,0,1,14,1,0,0,9,1,10,1,119.95,504.5,3.0,6.66,40.0,0.5333333333333333,825.7063068017367,1.2000000000000002,0.4,0.0,3.0
2020-03-18 08:00:00,8,19,0,1,17,1,0,4,8,1,9,1,120.95,624.0,3.0,7.76,47.5,0.6129032258064516,824.3813068017366,2.97139175257732,0.475,0.5154639175257733,3.0
2020-03-18 09:00:00,9,17,2,1,14,0,0,4,7,1,8,1,121.95,589.0,3.0,7.76,42.5,0.5833333333333334,812.3313068017367,3.097998787143723,0.425,0.5154639175257733,3.294117647058824
2020-03-18 10:00:00,10,17,4,2,8,3,0,8,6,1,7,1,122.95,97.0,4.0,11.46,42.5,0.4393939393939394,804.5713068017366,3.831685658556616,0.425,0.6980802792321117,3.411764705882353
2020-03-18 11:00:00,11,23,5,2,12,4,0,7,7,1,8,1,123.95,118.5,4.0,11.46,57.49999999999999,0.6015625,836.4813068017365,3.969919948402762,0.575,0.6108202443280977,3.347826086956522
2020-03-18 12:00:00,12,22,5,1,13,3,0,5,7,1,8,1,124.95,178.5,4.0,11.46,55.00000000000001,0.578125,839.9763068017367,3.3175551324765986,0.55,0.4363001745200697,3.363636363636364
2020-03-18 13:00:00,13,27,4,2,17,4,0,7,10,1,11,1,125.95,218.0,4.0,11.46,67.5,0.75,896.5413068017366,4.143198565057204,0.675,0.6108202443280977,3.2222222222222223
2020-03-18 14:00:00,14,27,5,2,15,5,0,8,10,1,11,1,126.95,207.0,4.0,11.46,67.5,0.7586206896551724,902.1813068017366,4.475224613793549,0.675,0.6980802792321117,3.259259259259259
2020-03-18 15:00:00,15,25,5,2,14,4,0,5,9,1,10,1,127.95,302.5,4.0,11.46,62.5,0.6916666666666667,890.1313068017365,3.523516579406631,0.625,0.4363001745200697,3.32
2020-03-18 16:00:00,16,15,3,1,9,2,0,1,6,1,7,1,128.95,412.0,4.0,11.46,37.5,0.3787878787878788,834.1213068017365,1.54086678301338,0.375,0.0872600349040139,3.333333333333333
2020-03-18 17:00:00,17,15,2,1,10,2,0,5,6,1,7,1,129.95,387.0,4.0,11.46,37.5,0.3636363636363636,839.7613068017365,2.596160558464224,0.375,0.4363001745200697,3.2
2020-03-18 18:00:00,18,19,2,0,14,3,0,7,6,1,7,1,130.95,447.0,4.0,11.46,47.5,0.4393939393939394,853.9813068017365,3.3146091668962985,0.475,0.6108202443280977,3.0526315789473686
2020-03-18 19:00:00,19,20,2,0,16,2,0,5,4,1,5,1,131.95,592.0,4.0,11.46,50.0,0.4428571428571428,834.9663068017364,2.9025305410122164,0.5,0.4363001745200697,3.1
2020-03-18 20:00:00,20,18,2,1,11,4,0,6,2,1,3,1,132.95,4641.0,4.0,10.0,45.0,0.3716216216216216,809.5163068017365,3.208333333333333,0.45,0.6,3.055555555555556
2020-03-18 21:00:00,21,26,2,2,17,5,0,10,5,1,6,1,133.95,321.0,4.0,10.0,65.0,0.5808823529411765,872.5163068017364,5.013461538461538,0.65,1.0,3.0384615384615383
2020-03-18 22:00:00,22,25,2,3,16,4,0,8,6,1,7,1,134.95,75.0,3.0,6.3,62.5,0.7878787878787878,889.4113068017366,5.911904761904762,0.625,1.2698412698412698,3.12
2020-03-18 23:00:00,23,21,3,3,13,2,0,5,4,2,6,2,135.95,439.5,3.0,6.3,52.5,0.6862745098039216,873.9396136034732,4.395502645502647,0.525,0.7936507936507937,3.333333333333333
2020-03-19 00:00:00,0,24,3,4,15,2,0,3,4,2,6,2,136.95,499.5,3.0,6.3,60.0,0.7843137254901961,886.0146136034732,3.5873015873015874,0.6,0.4761904761904762,3.333333333333333
2020-03-19 01:00:00,1,21,2,4,13,2,0,1,4,1,5,1,137.95,867.0,3.0,6.3,52.5,0.6571428571428571,870.9513068017366,2.2465419501133788,0.525,0.1587301587301587,3.2857142857142856
2020-03-19 02:00:00,2,20,2,3,13,2,0,2,4,1,5,1,138.95,927.0,3.0,6.3,50.0,0.6190476190476191,874.4463068017365,2.656746031746032,0.5,0.3174603174603174,3.25
2020-03-19 03:00:00,3,20,2,4,12,2,0,1,4,1,5,1,139.95,987.0,3.0,6.3,50.0,0.6285714285714286,880.0863068017364,2.173809523809524,0.5,0.1587301587301587,3.3
2020-03-19 04:00:00,4,23,2,5,14,2,0,4,4,1,5,1,140.95,1047.0,3.0,6.3,57.49999999999999,0.7238095238095238,892.1613068017365,3.99799861973775,0.575,0.6349206349206349,3.3043478260869565
2020-03-19 05:00:00,5,21,2,5,12,2,0,0,4,1,5,1,141.95,1107.0,3.0,6.3,52.5,0.6666666666666666,893.5113068017365,1.7500000000000002,0.525,0.0,3.333333333333333
2020-03-19 06:00:00,6,20,2,5,11,2,0,2,5,1,6,1,142.95,859.5,3.0,6.3,50.0,0.6568627450980392,910.4063068017366,2.7384920634920635,0.5,0.3174603174603174,3.35
2020-03-19 07:00:00,7,20,2,5,11,2,0,1,5,1,6,1,143.95,919.5,3.0,6.3,50.0,0.6568627450980392,916.0463068017366,2.206746031746032,0.5,0.1587301587301587,3.35
2020-03-19 08:00:00,8,16,2,5,8,1,0,0,5,1,6,1,144.95,979.5,3.0,7.97,40.0,0.5490196078431373,913.1063068017364,1.4,0.4,0.0,3.5
2020-03-19 09:00:00,9,17,2,4,10,1,0,4,4,1,5,1,145.95,1347.0,3.0,7.97,42.5,0.5523809523809524,907.4913068017364,3.1623034910325485,0.425,0.5018820577164367,3.411764705882353
2020-03-19 10:00:00,10,21,2,4,14,1,0,5,4,1,5,1,146.95,1407.0,4.0,11.43,52.5,0.5,921.7113068017366,3.208151064450277,0.525,0.4374453193350831,3.333333333333333
2020-03-19 11:00:00,11,28,2,5,19,2,0,12,6,2,8,2,147.95,100.0,4.0,11.43,70.0,0.7109375,983.434613603473,5.687073490813648,0.7,1.0498687664041997,3.25
2020-03-19 12:00:00,12,26,1,5,18,2,0,4,6,2,8,2,148.95,111.5,4.0,11.43,65.0,0.6484375,984.7846136034732,3.192168046301905,0.65,0.3499562554680665,3.1923076923076925
2020-03-19 13:00:00,13,26,2,5,18,1,0,5,6,2,8,2,149.95,160.0,4.0,11.43,65.0,0.671875,990.4246136034732,3.596934517800659,0.65,0.4374453193350831,3.3076923076923075
2020-03-19 14:00:00,14,31,3,6,21,1,0,11,10,3,13,3,150.95,85.0,4.0,11.43,77.5,0.9629629629629628,1074.6579204052098,5.828628679479581,0.775,0.9623797025371827,3.3548387096774195
2020-03-19 15:00:00,15,35,3,4,25,3,0,10,9,1,10,1,151.95,120.0,4.0,11.43,87.5,0.9333333333333332,1046.9413068017366,5.599650043744532,0.875,0.8748906386701663,3.2
2020-03-19 16:00:00,16,30,2,3,21,4,0,6,8,1,9,1,152.95,171.0,4.0,11.43,75.0,0.75,1028.4563068017364,3.9522965879265097,0.75,0.5249343832020997,3.1
2020-03-19 17:00:00,17,25,1,3,16,5,0,4,8,1,9,1,153.95,228.0,4.0,11.43,62.5,0.6048387096774194,1023.3713068017364,2.9248687664042,0.625,0.3499562554680665,3.0
2020-03-19 18:00:00,18,22,1,2,15,4,0,5,5,1,6,1,154.95,1087.5,4.0,11.43,55.00000000000001,0.4852941176470588,982.3763068017364,2.9623359580052497,0.55,0.4374453193350831,3.0
2020-03-19 19:00:00,19,19,1,1,13,4,0,7,4,1,5,1,155.95,1947.0,4.0,11.43,47.5,0.4,968.1813068017364,3.205037528203711,0.475,0.6124234470691163,2.9473684210526314
2020-03-19 20:00:00,20,20,1,3,12,4,0,8,3,1,4,1,156.95,4044.0,4.0,10.12,50.0,0.4236111111111111,962.5663068017363,3.9360671936758886,0.5,0.7905138339920947,3.05
2020-03-19 21:00:00,21,24,1,3,12,8,0,10,6,1,7,1,157.95,66.0,4.0,10.12,60.0,0.5227272727272727,1016.9863068017364,4.5659090909090905,0.6,0.9881422924901184,2.875
2020-03-19 22:00:00,22,20,1,2,10,7,0,6,6,1,7,1,158.95,126.0,3.0,6.66,50.0,0.5757575757575758,1014.0463068017364,3.992567567567568,0.5,0.9009009009009008,2.85
2020-03-19 23:00:00,23,23,1,2,12,8,0,7,6,1,7,1,159.95,186.0,3.0,6.66,57.49999999999999,0.6565656565656566,1026.1213068017366,4.59536166601384,0.575,1.0510510510510511,2.8260869565217392
2020-03-20 00:00:00,0,15,1,2,9,3,0,2,7,1,8,1,160.95,241.0,3.0,6.66,37.5,0.4791666666666667,1028.0013068017363,2.070920920920921,0.375,0.3003003003003003,3.066666666666667
2020-03-20 01:00:00,1,14,1,3,8,2,0,4,9,1,10,1,161.95,250.0,3.0,6.66,35.0,0.5,1058.2963068017366,3.05550193050193,0.35,0.6006006006006006,3.2142857142857144
2020-03-20 02:00:00,2,18,2,3,11,2,0,4,10,1,11,1,162.95,264.0,3.0,6.66,45.0,0.6781609195402298,1085.9163068017365,3.443635301968635,0.45,0.6006006006006006,3.2777777777777777
2020-03-20 03:00:00,3,17,2,4,9,2,0,4,9,1,10,1,163.95,370.0,3.0,6.66,42.5,0.6333333333333333,1076.0113068017365,3.43877848436672,0.425,0.6006006006006006,3.3529411764705883
2020-03-20 04:00:00,4,17,1,5,9,2,0,2,10,1,11,1,164.95,384.0,3.0,6.66,42.5,0.6436781609195402,1095.0513068017365,2.389224518636283,0.425,0.3003003003003003,3.294117647058824
2020-03-20 05:00:00,5,18,1,5,10,2,0,2,10,1,11,1,165.95,444.0,3.0,6.66,45.0,0.6781609195402298,1102.8363068017366,2.459317650984318,0.45,0.3003003003003003,3.2777777777777777
2020-03-20 06:00:00,6,18,1,5,10,2,0,0,10,1,11,1,166.95,504.0,3.0,6.66,45.0,0.6781609195402298,1108.4763068017364,1.475,0.45,0.0,3.2777777777777777
2020-03-20 07:00:00,7,18,1,5,10,2,0,2,10,1,11,1,167.95,564.0,3.0,6.66,45.0,0.6781609195402298,1114.1163068017363,2.459317650984318,0.45,0.3003003003003003,3.2777777777777777
2020-03-20 08:00:00,8,18,1,5,10,2,0,3,10,0,10,0,113.35,597.0,3.0,7.46,45.0,0.6555555555555556,791.904,2.7931411974977656,0.45,0.4021447721179624,3.2777777777777777
2020-03-20 09:00:00,9,18,2,4,10,2,0,5,7,1,8,1,114.35,628.0,3.0,7.46,45.0,0.625,771.6123068017366,3.734137622877569,0.45,0.6702412868632708,3.333333333333333
2020-03-20 10:00:00,10,22,2,5,14,1,0,8,7,2,9,2,115.35,109.0,4.0,10.72,55.00000000000001,0.5967741935483871,800.1006136034732,4.360176390773407,0.55,0.746268656716418,3.363636363636364
2020-03-20 11:00:00,11,23,3,5,14,0,0,5,9,2,11,2,116.35,147.0,4.0,10.72,57.49999999999999,0.6637931034482759,834.6856136034731,3.4864860480207662,0.575,0.4664179104477612,3.347826086956522
2020-03-20 12:00:00,12,25,2,5,18,0,0,5,11,1,12,1,117.35,151.5,4.0,10.72,62.5,0.75,857.1473068017366,3.6671641791044776,0.625,0.4664179104477612,3.36
2020-03-20 13:00:00,13,26,3,5,17,1,0,6,10,2,12,2,118.35,169.5,4.0,10.72,65.0,0.7857142857142857,865.8006136034732,4.094374282433984,0.65,0.5597014925373135,3.3846153846153846
2020-03-20 14:00:00,14,25,2,6,16,1,0,4,10,2,12,2,119.35,177.5,4.0,10.72,62.5,0.75,869.2956136034732,3.353731343283582,0.625,0.373134328358209,3.36
2020-03-20 15:00:00,15,26,1,5,19,1,0,6,9,1,10,1,120.35,224.0,4.0,10.72,65.0,0.7,849.4123068017366,3.908266360505167,0.65,0.5597014925373135,3.230769230769231
2020-03-20 16:00:00,16,23,0,5,13,5,0,9,5,1,6,1,121.35,284.0,4.0,10.72,57.49999999999999,0.5073529411764706,795.0173068017365,4.24365671641791,0.575,0.8395522388059702,3.0
2020-03-20 17:00:00,17,25,0,5,12,7,1,7,6,1,7,1,122.35,306.0,4.0,10.72,62.5,0.5378787878787878,818.3473068017365,3.6294776119402985,0.625,0.6529850746268657,2.84
2020-03-20 18:00:00,18,22,0,4,13,4,1,2,6,1,7,1,123.35,366.0,4.0,10.72,55.00000000000001,0.4848484848484848,817.5523068017366,2.142740841248304,0.55,0.1865671641791045,2.909090909090909
2020-03-20 19:00:00,19,18,0,4,11,3,0,5,4,1,5,1,124.35,426.0,4.0,10.72,45.0,0.3928571428571428,787.8123068017366,2.80016583747927,0.45,0.4664179104477612,3.055555555555556
2020-03-20 20:00:00,20,19,0,3,11,5,0,6,4,1,5,1,125.35,486.0,4.0,9.89,47.5,0.3928571428571428,795.5973068017365,3.131159863764568,0.475,0.6066734074823054,2.8947368421052637
2020-03-20 21:00:00,21,23,0,4,13,6,0,9,5,2,7,2,126.35,136.0,4.0,9.89,57.49999999999999,0.5075757575757576,837.4856136034732,4.325899019650943,0.575,0.910010111223458,2.9130434782608696
2020-03-20 22:00:00,22,21,0,4,9,8,0,6,6,1,7,1,127.35,75.0,3.0,6.63,52.5,0.5959595959595959,837.9673068017365,4.017555483731954,0.525,0.9049773755656108,2.8095238095238093
2020-03-20 23:00:00,23,20,0,3,8,9,0,5,7,0,7,0,128.35,120.0,3.0,6.63,50.0,0.5454545454545454,840.5939999999998,3.386199095022625,0.5,0.7541478129713424,2.7
2020-03-21 00:00:00,0,18,0,3,9,6,0,6,7,1,8,1,129.35,167.5,3.0,6.63,45.0,0.53125,856.2123068017365,3.8391025641025647,0.45,0.9049773755656108,2.833333333333333
2020-03-21 01:00:00,1,15,0,3,10,2,0,5,7,1,8,1,130.35,227.5,3.0,6.63,37.5,0.4791666666666667,855.4173068017366,3.4627199597787834,0.375,0.7541478129713424,3.066666666666667
2020-03-21 02:00:00,2,13,0,3,9,1,0,5,8,1,9,1,131.35,275.0,3.0,6.63,32.5,0.4408602150537634,870.1673068017366,3.4034661793711565,0.325,0.7541478129713424,3.1538461538461537
2020-03-21 03:00:00,3,13,0,2,11,0,0,2,7,1,8,1,132.35,332.0,3.0,6.63,32.5,0.4270833333333333,862.4073068017366,1.9763864717484627,0.325,0.3016591251885369,3.1538461538461537
2020-03-21 04:00:00,4,16,0,4,12,0,0,3,8,1,9,1,133.35,389.0,3.0,6.63,40.0,0.5591397849462365,887.8823068017366,2.770588235294118,0.4,0.4524886877828054,3.25
2020-03-21 05:00:00,5,15,0,5,10,0,0,5,9,1,10,1,134.35,380.0,3.0,6.63,37.5,0.5555555555555556,904.7773068017366,3.763826043237808,0.375,0.7541478129713424,3.333333333333333
2020-03-21 06:00:00,6,15,0,5,10,0,0,1,9,1,10,1,135.35,440.0,3.0,6.63,37.5,0.5555555555555556,910.4173068017363,1.7527652086475618,0.375,0.1508295625942684,3.333333333333333
2020-03-21 07:00:00,7,18,0,6,12,0,0,4,11,1,12,1,136.35,401.0,3.0,6.63,45.0,0.7142857142857143,949.2923068017363,3.5110608345902468,0.45,0.6033182503770739,3.333333333333333
2020-03-21 08:00:00,8,21,0,6,15,0,0,4,11,1,12,1,137.35,461.0,3.0,7.76,52.5,0.8214285714285714,961.3673068017364,3.418667157584684,0.525,0.5154639175257733,3.2857142857142856
2020-03-21 09:00:00,9,18,0,6,12,0,0,4,10,1,11,1,138.35,344.0,3.0,7.76,45.0,0.6896551724137931,947.1723068017365,3.2182130584192445,0.45,0.5154639175257733,3.333333333333333
2020-03-21 10:00:00,10,23,1,6,16,0,0,7,10,3,13,3,139.35,301.0,4.0,11.46,57.49999999999999,0.7129629629629629,992.0739204052098,3.969919948402762,0.575,0.6108202443280977,3.347826086956522
2020-03-21 11:00:00,11,24,1,5,17,1,0,8,9,3,12,3,140.35,198.0,4.0,11.46,60.0,0.6964285714285714,986.4589204052098,4.218760907504363,0.6,0.6980802792321117,3.25
2020-03-21 12:00:00,12,24,1,5,17,1,0,8,9,4,13,4,141.35,158.0,4.0,11.46,60.0,0.7222222222222222,1006.3672272069464,4.218760907504363,0.6,0.6980802792321117,3.25
2020-03-21 13:00:00,13,27,1,7,17,2,0,8,12,3,15,3,142.35,120.0,4.0,11.46,67.5,0.88,1044.37392040521,4.475224613793549,0.675,0.6980802792321117,3.259259259259259
2020-03-21 14:00:00,14,28,0,8,15,3,2,8,14,2,16,2,143.35,122.0,4.0,11.46,70.0,0.8854166666666666,1064.6906136034731,4.244172276240339,0.7,0.6980802792321117,3.0357142857142856
2020-03-21 15:00:00,15,27,0,8,15,3,1,6,14,1,15,1,144.35,126.0,4.0,11.46,67.5,0.84,1053.9173068017365,3.728853984874928,0.675,0.5235602094240838,3.111111111111111
2020-03-21 16:00:00,16,22,0,3,14,4,1,5,11,1,12,1,145.35,141.5,4.0,11.46,55.00000000000001,0.5625,1008.6323068017366,2.8244050452165634,0.55,0.4363001745200697,2.863636363636364
2020-03-21 17:00:00,17,24,1,2,18,2,1,9,17,1,18,1,146.35,148.0,4.0,11.46,60.0,0.8181818181818182,1098.9623068017363,4.156020942408377,0.6,0.7853403141361256,3.0
2020-03-21 18:00:00,18,22,1,1,17,2,1,2,14,1,15,1,147.35,157.0,4.0,11.46,55.00000000000001,0.65,1060.1123068017366,2.1406274789782644,0.55,0.1745200698080279,2.9545454545454546
2020-03-21 19:00:00,19,21,2,0,17,1,1,5,12,1,13,1,148.35,211.0,4.0,11.46,52.5,0.5925925925925926,1036.8073068017366,2.929676722346879,0.525,0.4363001745200697,3.0476190476190474
2020-03-21 20:00:00,20,21,1,2,14,3,1,7,12,0,12,0,149.35,216.5,4.0,10.35,52.5,0.5535714285714286,1028.179,3.546779388083736,0.525,0.6763285024154588,2.952380952380953
2020-03-21 21:00:00,21,21,0,3,13,4,1,7,10,1,11,1,150.35,247.0,4.0,10.35,52.5,0.5172413793103449,1021.2873068017366,3.432367149758454,0.525,0.6763285024154588,2.857142857142857
2020-03-21 22:00:00,22,21,0,4,13,3,1,8,8,2,10,2,151.35,165.5,3.0,6.65,52.5,0.6888888888888889,1014.3956136034732,5.101736484067311,0.525,1.2030075187969924,2.952380952380953
2020-03-21 23:00:00,23,20,0,2,15,2,1,4,10,0,10,0,152.35,225.5,3.0,6.65,50.0,0.6444444444444445,1016.154,3.1943609022556387,0.5,0.6015037593984962,2.9
2020-03-22 00:00:00,0,20,0,2,15,2,1,3,9,0,9,0,153.35,291.0,3.0,6.65,50.0,0.6236559139784946,1008.3939999999998,2.7582706766917293,0.5,0.4511278195488721,2.9
2020-03-22 01:00:00,1,19,0,2,15,1,1,3,10,0,10,0,154.35,345.5,3.0,6.65,47.5,0.6222222222222222,1025.2889999999998,2.729639889196676,0.475,0.4511278195488721,2.9473684210526314
2020-03-22 02:00:00,2,21,0,2,14,4,1,4,10,0,10,0,155.35,405.5,3.0,6.65,52.5,0.6555555555555556,1035.2189999999998,3.164939133548156,0.525,0.6015037593984962,2.8095238095238093
2020-03-22 03:00:00,3,19,0,3,13,2,1,2,11,0,11,0,156.35,460.0,3.0,6.65,47.5,0.6436781609195402,1049.969,2.286426592797784,0.475,0.3007518796992481,2.9473684210526314
2020-03-22 04:00:00,4,20,0,3,14,2,1,1,11,0,11,0,157.35,520.0,3.0,6.65,50.0,0.6781609195402298,1057.754,1.918609022556391,0.5,0.150375939849624,2.95
2020-03-22 05:00:00,5,21,0,3,14,3,1,2,11,0,11,0,158.35,580.0,3.0,6.65,52.5,0.7011494252873564,1065.539,2.398612602935911,0.525,0.3007518796992481,2.9047619047619047
2020-03-22 06:00:00,6,21,0,3,15,2,1,1,11,0,11,0,159.35,640.0,3.0,6.65,52.5,0.7126436781609196,1071.179,1.993967060508414,0.525,0.150375939849624,2.952380952380953
2020-03-22 07:00:00,7,25,0,5,18,1,1,8,12,0,12,0,160.35,664.5,3.0,6.65,62.5,0.9166666666666666,1098.799,5.630263157894737,0.625,1.2030075187969924,3.08
2020-03-22 08:00:00,8,25,0,5,19,0,1,6,14,0,14,0,161.35,673.5,3.0,6.66,62.5,1.0,1131.2389999999998,4.760810810810812,0.625,0.9009009009009008,3.12
2020-03-22 09:00:00,9,26,0,7,18,0,1,7,12,1,13,1,162.35,658.0,3.0,6.66,65.0,1.0246913580246917,1126.4923068017365,5.430278355278356,0.65,1.0510510510510511,3.1923076923076925
2020-03-22 10:00:00,10,28,0,8,14,5,1,10,9,1,10,1,163.35,163.0,4.0,10.36,70.0,0.7083333333333334,1096.2223068017363,5.055226144511859,0.7,0.9652509652509652,3.0357142857142856
2020-03-22 11:00:00,11,30,0,9,16,4,1,12,9,0,9,0,164.35,184.0,4.0,10.36,75.0,0.75,1091.884,5.915733590733591,0.75,1.1583011583011584,3.1
2020-03-22 12:00:00,12,27,0,7,15,4,1,4,9,1,10,1,165.35,180.0,4.0,10.36,67.5,0.6833333333333333,1105.3573068017365,3.2226011726011725,0.675,0.3861003861003861,3.037037037037037
2020-03-22 13:00:00,13,27,0,6,18,2,1,7,10,1,11,1,166.35,185.0,4.0,10.36,67.5,0.7155172413793104,1124.3973068017365,4.152077077077077,0.675,0.6756756756756757,3.074074074074074
2020-03-22 14:00:00,14,22,0,4,18,0,0,8,5,1,6,1,167.35,168.0,4.0,10.36,55.00000000000001,0.5147058823529411,1052.312306801737,4.207002457002457,0.55,0.7722007722007722,3.1818181818181817
2020-03-22 15:00:00,15,19,0,3,16,0,0,6,6,0,6,0,9.033333333333331,150.0,4.0,10.36,47.5,0.4411764705882353,152.103,3.3288965657386718,0.475,0.5791505791505792,3.1578947368421053
2020-03-22 16:00:00,16,17,0,4,12,1,0,7,5,0,5,0,10.033333333333331,96.0,4.0,10.36,42.5,0.3857142857142857,140.053,3.4962639109697933,0.425,0.6756756756756757,3.176470588235294
2020-03-22 17:00:00,17,20,1,3,15,1,0,8,6,0,6,0,11.033333333333331,108.5,4.0,10.36,50.0,0.4705882352941176,165.52800000000002,4.071042471042471,0.5,0.7722007722007722,3.2
2020-03-22 18:00:00,18,20,1,4,14,1,0,9,5,0,5,0,12.033333333333331,133.0,4.0,10.36,50.0,0.4642857142857143,157.768,4.448359073359073,0.5,0.8687258687258688,3.25
2020-03-22 19:00:00,19,23,1,4,15,3,0,12,4,0,4,0,13.033333333333331,148.5,4.0,10.36,57.49999999999999,0.5,156.44299999999998,5.425986234681887,0.575,1.1583011583011584,3.130434782608696
2020-03-22 20:00:00,20,21,0,3,15,3,0,9,7,0,7,0,14.033333333333331,41.0,4.0,10.35,52.5,0.4772727272727273,197.993,4.183695652173912,0.525,0.8695652173913042,3.0
2020-03-22 21:00:00,21,23,0,3,15,5,0,9,7,1,8,1,5.016666666666667,78.5,4.0,10.35,57.49999999999999,0.5234375,165.6973068017366,4.2080812854442335,0.575,0.8695652173913042,2.9130434782608696
2020-03-22 22:00:00,22,21,0,3,15,3,0,5,5,1,6,1,6.016666666666667,113.5,3.0,6.65,52.5,0.6176470588235294,140.2473068017366,3.830639097744361,0.525,0.7518796992481203,3.0
2020-03-22 23:00:00,23,19,0,2,14,3,0,4,6,1,7,1,7.016666666666667,147.0,3.0,6.65,47.5,0.5656565656565656,154.9973068017366,3.172853185595568,0.475,0.6015037593984962,2.9473684210526314
2020-03-23 00:00:00,0,17,0,1,15,1,0,7,6,0,6,0,8.016666666666667,223.5,3.0,6.65,42.5,0.5,142.079,4.432894736842105,0.425,1.0526315789473684,3.0
2020-03-23 01:00:00,1,19,0,1,18,0,0,5,6,0,6,0,9.016666666666667,283.5,3.0,6.65,47.5,0.5686274509803921,152.009,3.7452117134942617,0.475,0.7518796992481203,3.0526315789473686
2020-03-23 02:00:00,2,16,0,2,14,0,0,3,7,0,7,0,10.016666666666667,225.0,3.0,6.65,40.0,0.5050505050505051,164.614,2.6597744360902253,0.4,0.4511278195488721,3.125
2020-03-23 03:00:00,3,12,0,2,10,0,0,1,7,0,7,0,11.016666666666667,285.0,3.0,6.65,30.0,0.3838383838383838,161.67399999999998,1.426190476190476,0.3,0.150375939849624,3.1666666666666665
2020-03-23 04:00:00,4,14,0,2,12,0,0,2,8,0,8,0,12.016666666666667,316.0,3.0,6.65,35.0,0.4583333333333333,185.004,2.045220193340494,0.35,0.3007518796992481,3.142857142857143
2020-03-23 05:00:00,5,15,0,2,13,0,0,2,8,0,8,0,13.016666666666667,376.0,3.0,6.65,37.5,0.4895833333333333,192.789,2.1173558897243105,0.375,0.3007518796992481,3.1333333333333333
2020-03-23 06:00:00,6,13,0,2,11,0,0,3,8,0,8,0,14.016666666666667,436.0,3.0,6.65,32.5,0.4270833333333333,194.139,2.447787738577212,0.325,0.4511278195488721,3.1538461538461537
2020-03-23 07:00:00,7,14,0,3,11,0,0,2,8,0,8,0,15.016666666666667,496.0,3.0,6.65,35.0,0.46875,201.924,2.0917024704618687,0.35,0.3007518796992481,3.2142857142857144
2020-03-23 08:00:00,8,14,0,3,11,0,0,2,9,1,10,1,16.016666666666666,465.0,3.0,8.059999999999999,35.0,0.5,235.23230680173663,1.9225895072669263,0.35,0.2481389578163772,3.2142857142857144
2020-03-23 09:00:00,9,20,0,2,18,0,0,11,12,1,13,1,17.016666666666666,37.0,3.0,8.059999999999999,50.0,0.7654320987654321,293.9423068017366,5.780769230769232,0.5,1.3647642679900749,3.1
2020-03-23 10:00:00,10,22,0,4,18,0,0,7,11,1,12,1,18.016666666666666,83.5,4.0,11.759999999999998,55.00000000000001,0.625,290.47230680173664,3.643939393939394,0.55,0.5952380952380953,3.1818181818181817
2020-03-23 11:00:00,11,27,0,5,22,0,0,8,12,1,13,1,19.016666666666666,136.0,4.0,11.759999999999998,67.5,0.7962962962962963,320.2373068017366,4.31679264298312,0.675,0.6802721088435375,3.185185185185185
2020-03-23 12:00:00,12,35,1,7,27,0,0,9,15,1,16,1,20.016666666666666,160.5,4.0,11.759999999999998,87.5,1.1875,383.2373068017366,5.342711370262391,0.875,0.7653061224489798,3.257142857142857
2020-03-23 13:00:00,13,37,1,7,28,1,0,4,15,1,16,1,21.016666666666666,220.5,4.0,11.759999999999998,92.5,1.2395833333333333,393.1673068017366,4.068951093951094,0.925,0.3401360544217687,3.216216216216216
2020-03-23 14:00:00,14,35,1,6,26,2,0,8,15,1,16,1,22.016666666666666,215.5,4.0,11.759999999999998,87.5,1.15625,394.5173068017366,4.932434402332362,0.875,0.6802721088435375,3.1714285714285717
2020-03-23 15:00:00,15,30,1,7,21,1,0,7,11,1,12,1,23.016666666666666,221.5,4.0,11.759999999999998,75.0,0.875,335.83230680173665,4.394444444444445,0.75,0.5952380952380953,3.2666666666666666
2020-03-23 16:00:00,16,32,1,6,21,4,0,7,10,0,10,0,24.016666666666666,139.0,4.0,11.759999999999998,80.0,0.8333333333333334,318.09399999999994,4.360119047619048,0.8,0.5952380952380953,3.125
2020-03-23 17:00:00,17,25,1,5,14,5,0,3,11,0,11,0,20.116666666666667,197.0,4.0,11.759999999999998,62.5,0.6637931034482759,294.483,2.710714285714286,0.625,0.2551020408163266,3.08
2020-03-23 18:00:00,18,22,0,4,12,6,0,5,9,0,9,0,21.116666666666667,253.0,4.0,11.759999999999998,55.00000000000001,0.5161290322580645,266.88800000000003,2.836858379715524,0.55,0.4251700680272109,2.909090909090909
2020-03-23 19:00:00,19,20,0,4,11,5,0,8,6,0,6,0,22.116666666666667,305.5,4.0,11.759999999999998,50.0,0.4338235294117647,228.038,3.481802721088436,0.5,0.6802721088435375,2.95
2020-03-23 20:00:00,20,18,0,4,9,5,0,6,7,0,7,0,23.116666666666667,271.0,4.0,11.16,45.0,0.4015151515151515,242.788,2.9080346475507763,0.45,0.5376344086021505,2.9444444444444446
2020-03-23 21:00:00,21,23,0,4,9,9,1,9,7,0,7,0,24.116666666666667,275.0,4.0,11.16,57.49999999999999,0.4696969696969697,259.153,3.723913043478261,0.575,0.8064516129032258,2.6956521739130435
2020-03-23 22:00:00,22,19,0,3,6,9,1,4,5,0,5,0,11.016666666666667,335.0,3.0,7.46,47.5,0.4666666666666667,149.889,2.6078136023705376,0.475,0.5361930294906166,2.5789473684210527
2020-03-23 23:00:00,23,12,0,1,4,7,0,6,5,0,5,0,9.416666666666666,395.0,3.0,7.46,30.0,0.2857142857142857,125.85,2.7607238605898123,0.3,0.8042895442359249,2.5
2020-03-24 00:00:00,0,11,0,1,5,5,0,3,5,0,5,0,10.416666666666666,455.0,3.0,7.46,27.500000000000004,0.2761904761904762,129.345,1.7851998537655371,0.275,0.4021447721179624,2.636363636363636
2020-03-24 01:00:00,1,10,0,2,4,4,0,2,5,0,5,0,11.416666666666666,515.0,3.0,7.46,25.0,0.2666666666666666,132.83999999999995,1.450670241286863,0.25,0.2680965147453083,2.8
2020-03-24 02:00:00,2,11,0,3,4,4,0,3,7,0,7,0,12.35,405.0,3.0,7.46,27.500000000000004,0.3232323232323232,167.04899999999998,1.9698757007068,0.275,0.4021447721179624,2.909090909090909
2020-03-24 03:00:00,3,11,0,3,4,4,0,2,7,0,7,0,13.35,465.0,3.0,7.46,27.500000000000004,0.3232323232323232,172.689,1.5799171338045337,0.275,0.2680965147453083,2.909090909090909
2020-03-24 04:00:00,4,12,0,3,5,4,0,3,6,0,6,0,14.35,610.0,3.0,7.46,30.0,0.3431372549019608,167.074,2.047922252010724,0.3,0.4021447721179624,2.9166666666666665
2020-03-24 05:00:00,5,9,0,2,3,4,0,0,6,0,6,0,15.35,670.0,3.0,7.46,22.5,0.2450980392156862,166.279,0.625,0.225,0.0,2.7777777777777777
2020-03-24 06:00:00,6,12,0,3,5,4,0,3,7,0,7,0,16.35,645.0,3.0,7.46,30.0,0.3535353535353535,191.754,2.047922252010724,0.3,0.4021447721179624,2.9166666666666665
2020-03-24 07:00:00,7,14,0,3,7,4,0,2,7,0,7,0,17.35,705.0,3.0,7.46,35.0,0.4141414141414141,201.684,1.8101397931826888,0.35,0.2680965147453083,2.9285714285714284
2020-03-24 08:00:00,8,14,0,3,8,3,0,3,7,0,7,0,18.35,765.0,3.0,6.68,35.0,0.4242424242424242,207.324,2.397305389221557,0.35,0.4491017964071856,3.0
2020-03-24 09:00:00,9,19,0,4,12,3,0,6,6,0,6,0,19.35,723.0,3.0,6.68,47.5,0.5686274509803921,210.289,4.191884651749134,0.475,0.8982035928143713,3.0526315789473686
2020-03-24 10:00:00,10,19,0,4,14,1,0,7,3,1,4,1,11.55,33.0,4.0,9.99,47.5,0.4166666666666667,140.3653068017366,3.7127390548443175,0.475,0.7007007007007007,3.1578947368421053
2020-03-24 11:00:00,11,15,0,3,12,0,0,2,3,1,4,1,7.8,72.5,4.0,9.99,37.5,0.3333333333333333,110.63530680173662,1.8406406406406408,0.375,0.2002002002002001,3.2
2020-03-24 12:00:00,12,16,1,4,10,1,0,6,4,2,6,2,8.8,115.5,4.0,9.99,40.0,0.3897058823529412,146.08861360347322,3.31448948948949,0.4,0.6006006006006006,3.3125
2020-03-24 13:00:00,13,15,1,4,9,1,0,3,4,1,5,1,9.8,170.0,4.0,9.99,37.5,0.3571428571428571,135.3153068017366,2.251001001001001,0.375,0.3003003003003003,3.333333333333333
2020-03-24 14:00:00,14,13,1,2,10,0,0,2,4,0,4,0,10.8,235.5,4.0,9.99,32.5,0.2986111111111111,122.397,1.7372006622006622,0.325,0.2002002002002001,3.3076923076923075
2020-03-24 15:00:00,15,16,0,3,11,1,1,8,5,0,5,0,11.8,290.0,4.0,9.99,40.0,0.3428571428571428,147.872,3.6024024024024026,0.4,0.8008008008008007,3.0
2020-03-24 16:00:00,16,17,0,4,10,2,1,4,6,0,6,0,12.8,82.0,4.0,9.99,42.5,0.375,169.05700000000002,2.476201201201201,0.425,0.4004004004004003,3.0
2020-03-24 17:00:00,17,12,0,2,7,2,1,5,4,0,4,0,7.016666666666667,85.5,4.0,9.99,30.0,0.2361111111111111,98.914,2.268084751418085,0.3,0.5005005005005005,2.833333333333333
2020-03-24 18:00:00,18,14,0,1,8,3,2,7,5,0,5,0,8.016666666666667,56.0,4.0,9.99,35.0,0.2571428571428571,122.244,2.701801801801801,0.35,0.7007007007007007,2.571428571428572
2020-03-24 19:00:00,19,12,0,0,8,3,1,5,6,0,6,0,9.016666666666667,85.5,4.0,9.99,30.0,0.2279411764705882,136.994,2.06795962629296,0.3,0.5005005005005005,2.583333333333333
2020-03-24 20:00:00,20,14,0,1,10,2,1,9,4,0,4,0,5.2,114.5,4.0,9.91,35.0,0.2708333333333333,92.958,3.504912065734467,0.35,0.9081735620585268,2.7857142857142856
2020-03-24 21:00:00,21,17,1,1,9,4,2,5,5,0,5,0,6.2,119.0,4.0,9.91,42.5,0.3285714285714285,118.433,2.515228230545498,0.425,0.5045408678102926,2.7058823529411766
2020-03-24 22:00:00,22,19,1,1,12,4,1,6,4,1,5,1,7.2,163.0,3.0,6.6,47.5,0.5142857142857142,129.23130680173662,3.933732057416268,0.475,0.9090909090909092,2.8421052631578947
2020-03-24 23:00:00,23,15,0,0,9,5,1,4,4,0,4,0,8.2,286.5,3.0,6.6,37.5,0.3518518518518518,112.023,2.485353535353535,0.375,0.6060606060606061,2.533333333333333
2020-03-25 00:00:00,0,11,0,0,7,3,1,3,4,0,4,0,9.2,346.5,3.0,6.6,27.500000000000004,0.2592592592592592,109.083,1.8570247933884296,0.275,0.4545454545454546,2.5454545454545454
2020-03-25 01:00:00,1,8,0,0,4,3,1,1,4,0,4,0,10.2,406.5,3.0,6.6,20.0,0.1759259259259259,108.288,0.834848484848485,0.2,0.1515151515151515,2.375
2020-03-25 02:00:00,2,7,0,0,3,3,1,0,4,0,4,0,11.2,466.5,3.0,6.6,17.5,0.1481481481481481,111.783,0.3999999999999999,0.175,0.0,2.2857142857142856
2020-03-25 03:00:00,3,8,0,0,4,3,1,1,4,0,4,0,12.2,526.5,3.0,6.6,20.0,0.1759259259259259,119.56799999999998,0.834848484848485,0.2,0.1515151515151515,2.375
2020-03-25 04:00:00,4,8,0,0,4,3,1,1,4,0,4,0,13.2,586.5,3.0,6.6,20.0,0.1759259259259259,125.208,0.834848484848485,0.2,0.1515151515151515,2.375
2020-03-25 05:00:00,5,7,0,0,3,3,1,0,4,0,4,0,14.2,646.5,3.0,6.6,17.5,0.1481481481481481,128.70299999999995,0.3999999999999999,0.175,0.0,2.2857142857142856
2020-03-25 06:00:00,6,10,0,1,5,3,1,3,4,1,5,1,15.2,643.0,3.0,6.6,25.0,0.2476190476190476,155.0463068017366,1.831818181818182,0.25,0.4545454545454546,2.6
2020-03-25 07:00:00,7,9,0,1,4,3,1,1,4,1,5,1,16.2,703.0,3.0,6.6,22.5,0.219047619047619,158.5413068017366,0.9622053872053872,0.225,0.1515151515151515,2.555555555555556
2020-03-25 08:00:00,8,11,0,2,6,2,1,3,5,2,7,2,17.2,678.0,3.0,7.16,27.500000000000004,0.3131313131313131,196.1396136034732,1.9558024377856784,0.275,0.4189944134078212,2.8181818181818183
2020-03-25 09:00:00,9,11,0,1,7,2,1,2,5,1,6,1,18.2,467.0,3.0,7.16,27.500000000000004,0.2941176470588235,187.51130680173665,1.5118080243778564,0.275,0.2793296089385474,2.727272727272727
2020-03-25 10:00:00,10,13,2,1,9,0,1,5,6,2,8,2,19.2,69.0,4.0,10.47,32.5,0.328125,225.10961360347324,2.592869737712145,0.325,0.4775549188156637,3.230769230769231
2020-03-25 11:00:00,11,19,2,1,15,0,1,7,7,2,9,2,20.2,90.0,4.0,10.47,47.5,0.4838709677419355,257.0196136034732,3.6112954305534606,0.475,0.6685768863419292,3.1578947368421053
2020-03-25 12:00:00,12,20,3,0,16,0,1,7,6,1,7,1,21.2,131.0,4.0,10.47,50.0,0.4848484848484848,237.13630680173665,3.739446036294174,0.5,0.6685768863419292,3.2
2020-03-25 13:00:00,13,17,1,1,14,0,1,3,6,0,6,0,22.2,169.0,4.0,10.47,42.5,0.3823529411764705,222.073,2.1764537333558063,0.425,0.2865329512893982,3.0588235294117645
2020-03-25 14:00:00,14,24,1,1,20,1,1,11,10,0,10,0,23.2,60.5,4.0,10.47,60.0,0.6,296.328,4.951862464183382,0.6,1.0506208213944603,3.0
2020-03-25 15:00:00,15,26,0,2,22,1,1,8,9,1,10,1,24.2,84.5,4.0,10.47,65.0,0.6416666666666667,307.12630680173663,4.187875615311146,0.65,0.7640878701050621,2.9615384615384617
2020-03-25 16:00:00,16,26,0,2,23,0,1,8,11,1,12,1,20.516666666666666,112.5,4.0,10.47,65.0,0.6964285714285714,313.15230680173664,4.242263610315186,0.65,0.7640878701050621,3.0
2020-03-25 17:00:00,17,22,0,1,20,0,1,1,10,0,10,0,6.883333333333334,169.5,4.0,10.47,55.00000000000001,0.5416666666666666,200.012,1.9071915429365287,0.55,0.0955109837631327,2.9545454545454546
2020-03-25 18:00:00,18,26,0,2,20,3,1,12,12,0,12,0,7.883333333333334,182.5,4.0,10.47,65.0,0.6696428571428571,241.03200000000004,5.181149437954595,0.65,1.146131805157593,2.8846153846153846
2020-03-25 19:00:00,19,20,0,3,15,2,0,5,7,0,7,0,7.5,92.0,4.0,10.47,50.0,0.4621212121212121,159.0,2.981542502387774,0.5,0.4775549188156637,3.05
2020-03-25 20:00:00,20,19,0,2,16,1,0,5,8,0,8,0,8.5,151.0,4.0,9.69,47.5,0.453125,175.89499999999998,3.025145293574494,0.475,0.5159958720330238,3.0526315789473686
2020-03-25 21:00:00,21,21,0,2,15,3,1,8,7,0,7,0,9.5,210.0,4.0,9.69,52.5,0.4545454545454545,172.425,3.8588382721509658,0.525,0.825593395252838,2.857142857142857
2020-03-25 22:00:00,22,15,0,1,10,4,0,3,6,0,6,0,10.5,256.5,3.0,6.38,37.5,0.4117647058823529,151.79500000000002,2.366614420062696,0.375,0.4702194357366771,2.8
2020-03-25 23:00:00,23,12,0,1,9,2,0,4,6,0,6,0,11.5,263.5,3.0,6.38,30.0,0.3431372549019608,151.0,2.7036311389759664,0.3,0.6269592476489029,2.9166666666666665
2020-03-26 00:00:00,0,14,1,1,11,1,0,5,8,2,10,2,12.5,119.5,3.0,6.38,35.0,0.4888888888888889,216.2666136034732,3.563054187192118,0.35,0.7836990595611285,3.142857142857143
2020-03-26 01:00:00,1,15,2,1,11,1,0,3,8,3,11,3,13.5,153.0,3.0,6.38,37.5,0.5632183908045977,238.3199204052098,2.761050156739812,0.375,0.4702194357366771,3.2666666666666666
2020-03-26 02:00:00,2,19,2,1,15,1,0,5,8,3,11,3,14.5,213.0,3.0,6.38,47.5,0.7011494252873564,252.53992040520984,4.041086454380466,0.475,0.7836990595611285,3.210526315789474
2020-03-26 03:00:00,3,16,2,1,12,1,0,2,8,3,11,3,15.5,273.0,3.0,6.38,40.0,0.5977011494252874,251.74492040520985,2.3188087774294672,0.4,0.3134796238244514,3.25
2020-03-26 04:00:00,4,17,2,1,13,1,0,2,9,2,11,2,16.5,333.0,3.0,6.38,42.5,0.632183908045977,258.6616136034732,2.3891987829614605,0.425,0.3134796238244514,3.235294117647059
2020-03-26 05:00:00,5,15,1,1,12,1,0,1,10,1,11,1,17.5,393.0,3.0,6.38,37.5,0.5402298850574713,259.14330680173657,1.666118077324974,0.375,0.1567398119122257,3.1333333333333333
2020-03-26 06:00:00,6,17,2,1,13,1,0,2,10,2,12,2,18.5,415.0,3.0,6.38,42.5,0.6547619047619048,283.3416136034732,2.3891987829614605,0.425,0.3134796238244514,3.235294117647059
2020-03-26 07:00:00,7,18,1,1,15,1,0,3,10,1,11,1,19.5,513.0,3.0,6.38,45.0,0.6436781609195402,276.8583068017366,2.8629049111807734,0.45,0.4702194357366771,3.111111111111111
2020-03-26 08:00:00,8,18,0,1,16,1,0,5,11,0,11,0,20.5,573.0,3.0,8.04,45.0,0.6206896551724138,281.63,3.215671641791045,0.45,0.6218905472636816,3.0
2020-03-26 09:00:00,9,16,0,1,14,1,0,2,8,0,8,0,21.5,621.5,3.0,8.04,40.0,0.5,242.78,1.9462686567164185,0.4,0.2487562189054726,3.0
2020-03-26 10:00:00,10,15,1,1,11,2,0,4,8,0,8,0,22.5,565.5,4.0,11.29,37.5,0.359375,246.275,2.236507233540006,0.375,0.354295837023915,3.066666666666667
2020-03-26 11:00:00,11,17,2,2,11,2,0,8,9,1,10,1,23.5,432.0,4.0,11.29,42.5,0.4583333333333333,283.8733068017366,3.667502474860626,0.425,0.70859167404783,3.235294117647059
2020-03-26 12:00:00,12,19,2,1,15,1,0,6,9,1,10,1,24.5,210.0,4.0,11.29,47.5,0.5083333333333333,293.8033068017366,3.231214162509907,0.475,0.5314437555358725,3.210526315789474
2020-03-26 13:00:00,13,26,2,4,18,2,0,9,9,2,11,2,25.5,220.0,4.0,11.29,65.0,0.7241379310344828,328.7266136034732,4.675458199904613,0.65,0.7971656333038087,3.230769230769231
2020-03-26 14:00:00,14,28,1,3,21,3,0,7,10,1,11,1,26.5,155.0,4.0,11.29,70.0,0.7413793103448276,337.7883068017366,4.054340124003542,0.7,0.6200177147918512,3.071428571428572
2020-03-26 15:00:00,15,31,1,6,22,2,0,7,10,2,12,2,27.5,162.0,4.0,11.29,77.5,0.8839285714285714,364.1316136034733,4.455056573044944,0.775,0.6200177147918512,3.193548387096774
2020-03-26 16:00:00,16,23,0,6,16,0,1,5,6,2,8,2,28.5,104.5,4.0,11.29,57.49999999999999,0.5703125,299.0116136034732,3.2306302229753148,0.575,0.4428697962798937,3.1739130434782608
2020-03-26 17:00:00,17,24,0,9,15,0,0,5,7,2,9,2,29.5,150.0,4.0,11.29,60.0,0.6532258064516129,320.1966136034732,3.519685562444641,0.6,0.4428697962798937,3.375
2020-03-26 18:00:00,18,23,1,8,13,0,1,4,7,2,9,2,8.666666666666666,162.0,4.0,11.29,57.49999999999999,0.6209677419354839,200.55161360347324,3.1111208456887587,0.575,0.354295837023915,3.347826086956522
2020-03-26 19:00:00,19,20,1,6,13,0,0,4,8,2,10,2,6.6,163.0,4.0,11.29,50.0,0.5666666666666667,195.8606136034732,2.904605845881311,0.5,0.354295837023915,3.4
2020-03-26 20:00:00,20,19,1,5,12,1,0,6,7,2,9,2,7.6,174.0,4.0,10.71,47.5,0.5080645161290323,185.95561360347324,3.4325851393188853,0.475,0.5602240896358543,3.3157894736842106
2020-03-26 21:00:00,21,21,1,3,17,0,0,8,7,1,8,1,8.6,155.0,4.0,10.71,52.5,0.53125,181.61730680173665,4.118745275888132,0.525,0.7469654528478057,3.238095238095238
2020-03-26 22:00:00,22,20,0,3,15,2,0,6,8,1,9,1,9.6,152.0,3.0,7.46,50.0,0.6559139784946236,198.51230680173663,3.978083109919571,0.5,0.8042895442359249,3.05
2020-03-26 23:00:00,23,18,0,2,14,1,1,6,7,2,9,2,7.35,153.0,3.0,7.46,45.0,0.5698924731182796,182.40061360347323,3.693185880250224,0.45,0.8042895442359249,2.9444444444444446
2020-03-27 00:00:00,0,17,0,1,15,0,1,2,7,1,8,1,7.05,197.0,3.0,7.46,42.5,0.5208333333333334,164.2953068017366,2.038519161015613,0.425,0.2680965147453083,2.9411764705882355
2020-03-27 01:00:00,1,17,0,1,16,0,0,4,7,0,7,0,8.05,273.0,3.0,7.46,42.5,0.5252525252525253,155.66699999999997,2.940119854912474,0.425,0.5361930294906166,3.0588235294117645
2020-03-27 02:00:00,2,15,0,1,14,0,0,2,8,0,8,0,9.05,317.0,3.0,7.46,37.5,0.4791666666666667,170.417,1.9721626452189456,0.375,0.2680965147453083,3.066666666666667
2020-03-27 03:00:00,3,13,0,1,12,0,0,0,8,0,8,0,10.05,377.0,3.0,7.46,32.5,0.4166666666666667,171.767,1.0,0.325,0.0,3.076923076923077
2020-03-27 04:00:00,4,16,1,2,13,0,0,3,8,0,8,0,11.05,437.0,3.0,7.46,40.0,0.5416666666666666,183.842,2.6069705093833777,0.4,0.4021447721179624,3.25
2020-03-27 05:00:00,5,18,0,3,14,1,0,4,8,0,8,0,12.05,497.0,3.0,7.46,45.0,0.5833333333333334,193.772,3.0681560917485853,0.45,0.5361930294906166,3.111111111111111
2020-03-27 06:00:00,6,15,0,2,12,1,0,2,9,0,9,0,11.933333333333334,541.0,3.0,7.46,37.5,0.4946236559139785,200.079,1.9721626452189456,0.375,0.2680965147453083,3.066666666666667
2020-03-27 07:00:00,7,16,0,2,13,1,0,2,10,0,10,0,12.933333333333334,598.0,3.0,7.46,40.0,0.5444444444444444,221.264,2.046045576407507,0.4,0.2680965147453083,3.0625
2020-03-27 08:00:00,8,18,0,3,14,1,0,2,10,0,10,0,13.933333333333334,658.0,3.0,7.01,45.0,0.6222222222222222,231.194,2.2876208590901888,0.45,0.2853067047075606,3.111111111111111
2020-03-27 09:00:00,9,13,0,3,9,1,0,4,3,0,3,0,14.733333333333333,460.0,3.0,7.01,32.5,0.3693693693693693,131.18099999999998,2.824626906616921,0.325,0.5706134094151213,3.1538461538461537
2020-03-27 10:00:00,10,19,1,4,12,2,0,10,4,1,5,1,9.766666666666667,31.0,4.0,10.26,47.5,0.4357142857142857,143.70730680173662,4.654167949112548,0.475,0.9746588693957116,3.210526315789474
2020-03-27 11:00:00,11,23,1,5,13,4,0,9,4,2,6,2,10.766666666666667,86.0,4.0,10.26,57.49999999999999,0.5294117647058824,172.19561360347325,4.545995423340961,0.575,0.8771929824561404,3.130434782608696
2020-03-27 12:00:00,12,23,1,5,15,2,0,7,5,2,7,2,11.766666666666667,141.0,4.0,10.26,57.49999999999999,0.5606060606060606,191.23561360347324,4.045101279769472,0.575,0.682261208576998,3.217391304347826
2020-03-27 13:00:00,13,22,2,3,15,2,0,5,6,2,8,2,12.766666666666667,176.5,4.0,10.26,55.00000000000001,0.5546875,208.13061360347325,3.3477449937976256,0.55,0.4873294346978558,3.227272727272727
2020-03-27 14:00:00,14,22,3,4,14,1,0,5,8,2,10,2,7.116666666666666,134.0,4.0,10.26,55.00000000000001,0.625,203.06461360347325,3.5363503455608725,0.55,0.4873294346978558,3.409090909090909
2020-03-27 15:00:00,15,14,1,4,7,2,0,3,7,0,7,0,8.116666666666667,120.0,4.0,10.26,35.0,0.3484848484848485,149.608,2.110735171261487,0.35,0.2923976608187134,3.2857142857142856
2020-03-27 16:00:00,16,10,1,3,5,1,0,1,6,0,6,0,9.116666666666667,160.0,4.0,10.26,25.0,0.25,133.268,1.181384015594542,0.25,0.0974658869395711,3.4
2020-03-27 17:00:00,17,12,1,2,8,1,0,4,6,0,6,0,10.116666666666667,204.0,4.0,10.26,30.0,0.2867647058823529,143.198,2.242056530214425,0.3,0.3898635477582846,3.25
2020-03-27 18:00:00,18,15,1,2,11,1,0,7,5,0,5,0,11.116666666666667,228.0,4.0,10.26,37.5,0.3428571428571428,141.873,3.3832358674463934,0.375,0.682261208576998,3.2
2020-03-27 19:00:00,19,13,2,2,8,1,0,4,4,1,5,1,10.016666666666667,161.0,4.0,10.26,32.5,0.3142857142857143,132.2473068017366,2.419538161643425,0.325,0.3898635477582846,3.3846153846153846
2020-03-27 20:00:00,20,13,2,0,6,4,1,4,3,1,4,1,11.016666666666667,177.5,4.0,11.01,32.5,0.2569444444444444,124.48730680173662,1.959025012226647,0.325,0.36330608537693,2.8461538461538463
2020-03-27 21:00:00,21,15,2,0,8,4,1,6,3,1,4,1,12.016666666666667,169.5,4.0,11.01,37.5,0.2986111111111111,134.41730680173663,2.6372161671207994,0.375,0.5449591280653951,2.8666666666666667
2020-03-27 22:00:00,22,19,0,2,13,4,0,13,3,0,3,0,13.016666666666667,25.0,3.0,7.76,47.5,0.4954954954954955,134.369,6.224430276722734,0.475,1.675257731958763,2.8947368421052637
2020-03-27 23:00:00,23,22,0,3,15,4,0,12,5,0,5,0,14.016666666666667,77.0,3.0,7.76,55.00000000000001,0.6190476190476191,173.244,6.193884723523899,0.55,1.5463917525773196,2.9545454545454546
2020-03-28 00:00:00,0,18,0,3,13,2,0,6,5,0,5,0,15.016666666666667,137.0,3.0,7.76,45.0,0.5238095238095238,170.304,3.737542955326461,0.45,0.7731958762886598,3.055555555555556
2020-03-28 01:00:00,1,15,0,3,11,1,0,2,5,0,5,0,16.016666666666666,197.0,3.0,7.76,37.5,0.4476190476190476,169.509,1.9825601374570443,0.375,0.2577319587628866,3.1333333333333333
2020-03-28 02:00:00,2,18,1,4,12,1,0,6,6,0,6,0,17.016666666666666,248.0,3.0,7.76,45.0,0.5784313725490197,194.984,4.009364261168385,0.45,0.7731958762886598,3.2777777777777777
2020-03-28 03:00:00,3,24,1,5,16,2,0,6,6,0,6,0,18.016666666666666,308.0,3.0,7.76,60.0,0.7549019607843137,213.494,4.405670103092784,0.6,0.7731958762886598,3.208333333333333
2020-03-28 04:00:00,4,20,1,5,13,1,0,1,6,0,6,0,19.016666666666666,368.0,3.0,7.76,50.0,0.6470588235294118,210.554,2.0752577319587626,0.5,0.1288659793814433,3.3
2020-03-28 05:00:00,5,19,1,5,12,1,0,1,6,0,6,0,20.016666666666666,428.0,3.0,7.76,47.5,0.6176470588235294,214.049,2.002292457948996,0.475,0.1288659793814433,3.3157894736842106
2020-03-28 06:00:00,6,20,1,5,13,1,0,1,6,0,6,0,21.016666666666666,488.0,3.0,7.76,50.0,0.6470588235294118,221.834,2.0752577319587626,0.5,0.1288659793814433,3.3
2020-03-28 07:00:00,7,22,1,5,14,2,0,3,7,0,7,0,22.016666666666666,539.0,3.0,7.76,55.00000000000001,0.7171717171717171,245.164,3.0226569821930647,0.55,0.3865979381443299,3.227272727272727
2020-03-28 08:00:00,8,19,1,5,11,2,0,2,9,0,9,0,23.016666666666666,569.0,3.0,6.3,47.5,0.6666666666666666,271.169,2.585923141186299,0.475,0.3174603174603174,3.263157894736842
2020-03-28 09:00:00,9,15,1,2,10,2,0,0,5,0,5,0,24.016666666666666,155.0,3.0,6.3,37.5,0.4476190476190476,214.629,1.175,0.375,0.0,3.1333333333333333
2020-03-28 10:00:00,10,19,2,5,10,2,0,6,9,0,9,0,25.016666666666666,59.0,4.0,10.0,47.5,0.5161290322580645,282.449,3.621052631578947,0.475,0.6,3.3684210526315788
2020-03-28 11:00:00,11,21,2,5,11,3,0,8,9,1,10,1,26.016666666666666,85.5,4.0,10.0,52.5,0.575,306.6473068017366,4.353571428571429,0.525,0.8,3.2857142857142856
2020-03-28 12:00:00,12,21,1,2,15,3,0,5,5,1,6,1,27.016666666666666,126.0,4.0,10.0,52.5,0.4705882352941176,258.6873068017366,3.123809523809524,0.525,0.5,3.0476190476190474
2020-03-28 13:00:00,13,20,1,2,14,3,0,5,6,0,6,0,28.016666666666666,155.0,4.0,10.0,50.0,0.4485294117647059,261.314,3.05,0.5,0.5,3.05
2020-03-28 14:00:00,14,21,0,4,15,2,0,8,7,0,7,0,29.016666666666666,90.0,4.0,10.0,52.5,0.4924242424242424,282.499,4.101190476190477,0.525,0.8,3.095238095238096
2020-03-28 15:00:00,15,26,0,4,17,5,0,9,6,0,6,0,30.016666666666666,136.5,4.0,10.0,65.0,0.5661764705882353,285.464,4.590384615384616,0.65,0.9,2.9615384615384617
2020-03-28 16:00:00,16,20,0,4,13,3,0,5,3,0,3,0,31.016666666666666,210.0,4.0,10.0,50.0,0.4121621621621621,238.034,3.05,0.5,0.5,3.05
2020-03-28 17:00:00,17,19,0,4,11,4,0,6,2,0,2,0,32.016666666666666,151.0,4.0,10.0,47.5,0.375,228.129,3.225,0.475,0.6,3.0
2020-03-28 18:00:00,18,19,0,4,10,5,0,7,2,0,2,0,33.016666666666666,69.5,4.0,10.0,47.5,0.3684210526315789,233.76899999999995,3.4631578947368413,0.475,0.7,2.9473684210526314
2020-03-28 19:00:00,19,20,0,3,13,4,0,10,2,0,2,0,34.016666666666666,129.5,4.0,10.0,50.0,0.3881578947368421,241.554,4.425000000000001,0.5,1.0,2.95
2020-03-28 20:00:00,20,10,0,1,8,1,0,1,3,0,3,0,18.766666666666666,167.0,4.0,11.46,25.0,0.2027027027027027,147.494,1.0117801047120418,0.25,0.0872600349040139,3.0
2020-03-28 21:00:00,21,16,1,2,11,2,0,8,3,0,3,0,16.25,227.0,4.0,11.46,40.0,0.3378378378378378,146.17000000000002,3.4315008726003486,0.4,0.6980802792321117,3.125
2020-03-28 22:00:00,22,19,2,3,12,2,0,10,5,0,5,0,17.25,40.0,3.0,7.76,47.5,0.5904761904761905,185.045,5.755100379815518,0.475,1.288659793814433,3.263157894736842
2020-03-28 23:00:00,23,15,2,3,10,0,0,1,5,0,5,0,5.65,100.0,3.0,7.76,37.5,0.4952380952380952,111.041,1.7467353951890034,0.375,0.1288659793814433,3.466666666666667
2020-03-29 00:00:00,0,16,2,3,10,0,1,5,5,0,5,0,6.65,160.0,3.0,7.76,40.0,0.5047619047619047,118.826,3.459342783505155,0.4,0.6443298969072165,3.3125
2020-03-29 01:00:00,1,14,2,2,10,0,0,5,5,0,5,0,7.65,220.0,3.0,7.76,35.0,0.4571428571428571,120.176,3.4091310751104564,0.35,0.6443298969072165,3.4285714285714284
2020-03-29 02:00:00,2,12,2,2,8,0,0,1,5,0,5,0,8.65,280.0,3.0,7.76,30.0,0.4,121.526,1.5010309278350515,0.3,0.1288659793814433,3.5
2020-03-29 03:00:00,3,14,2,2,9,1,0,2,6,0,6,0,9.65,336.0,3.0,7.76,35.0,0.4607843137254901,144.856,2.0402430044182625,0.35,0.2577319587628866,3.357142857142857
2020-03-29 04:00:00,4,15,2,2,10,1,0,1,6,0,6,0,10.65,396.0,3.0,7.76,37.5,0.4901960784313725,152.641,1.679553264604811,0.375,0.1288659793814433,3.333333333333333
2020-03-29 05:00:00,5,16,3,2,10,1,0,3,6,0,6,0,11.65,456.0,3.0,7.76,40.0,0.5392156862745098,160.426,2.7039304123711343,0.4,0.3865979381443299,3.4375
2020-03-29 06:00:00,6,16,3,2,10,1,0,1,6,0,6,0,12.65,516.0,3.0,7.76,40.0,0.5392156862745098,166.066,1.8179768041237117,0.4,0.1288659793814433,3.4375
2020-03-29 07:00:00,7,15,2,1,11,1,0,4,9,0,9,0,10.766666666666667,565.0,3.0,7.76,37.5,0.5268817204301075,193.499,2.9088487972508594,0.375,0.5154639175257733,3.2666666666666666
2020-03-29 08:00:00,8,17,2,1,12,2,0,5,10,1,11,1,11.766666666666667,339.0,3.0,6.3,42.5,0.6206896551724138,231.0973068017366,3.871008403361345,0.425,0.7936507936507937,3.176470588235294
2020-03-29 09:00:00,9,17,1,3,11,2,0,5,10,1,11,1,12.766666666666667,123.0,3.0,6.3,42.5,0.6206896551724138,236.73730680173665,3.871008403361345,0.425,0.7936507936507937,3.176470588235294
2020-03-29 10:00:00,10,18,2,3,10,3,0,5,8,2,10,2,13.766666666666667,115.5,4.0,9.64,45.0,0.4833333333333333,231.99061360347324,3.121277086214845,0.45,0.5186721991701244,3.2222222222222223
2020-03-29 11:00:00,11,22,2,2,15,3,0,9,9,2,11,2,13.666666666666666,114.0,4.0,9.64,55.00000000000001,0.5948275862068966,253.4066136034732,4.653140324405885,0.55,0.933609958506224,3.136363636363636
2020-03-29 12:00:00,12,24,3,2,18,1,0,10,11,1,12,1,8.583333333333334,76.0,4.0,9.64,60.0,0.7053571428571429,241.55830680173665,5.389591977869986,0.6,1.0373443983402488,3.2916666666666665
2020-03-29 13:00:00,13,21,3,2,16,0,0,8,9,4,13,4,6.25,94.0,4.0,9.64,52.5,0.6574074074074074,237.9682272069465,4.580769610748864,0.525,0.8298755186721991,3.380952380952381
2020-03-29 14:00:00,14,25,2,5,17,0,1,9,11,5,16,5,5.783333333333333,111.5,4.0,9.64,62.5,0.8541666666666666,284.98453400868306,5.112240663900414,0.625,0.933609958506224,3.28
2020-03-29 15:00:00,15,24,1,5,18,0,0,9,10,4,14,4,6.783333333333333,154.5,4.0,9.64,60.0,0.7596153846153846,260.81122720694646,5.0481327800829865,0.6,0.933609958506224,3.2916666666666665
2020-03-29 16:00:00,16,24,1,4,18,1,0,8,8,4,12,4,5.45,172.0,4.0,9.64,60.0,0.6875,226.4912272069465,4.587517289073305,0.6,0.8298755186721991,3.208333333333333
2020-03-29 17:00:00,17,24,1,5,15,3,0,8,9,4,13,4,6.45,204.0,4.0,9.64,60.0,0.7037037037037037,245.53122720694648,4.527939142461963,0.6,0.8298755186721991,3.1666666666666665
2020-03-29 18:00:00,18,22,1,4,13,4,0,6,7,3,10,3,6.933333333333334,253.5,4.0,9.64,55.00000000000001,0.5666666666666667,202.89892040520985,3.623802338740098,0.55,0.6224066390041494,3.090909090909091
2020-03-29 19:00:00,19,18,1,2,12,3,0,7,5,1,6,1,7.933333333333334,280.5,4.0,9.64,45.0,0.4044117647058823,144.6223068017366,3.593764407561088,0.45,0.7261410788381742,3.055555555555556
2020-03-29 20:00:00,20,19,0,3,13,2,1,7,6,0,6,0,8.933333333333334,128.5,4.0,10.14,47.5,0.4117647058823529,151.539,3.434672480016609,0.475,0.6903353057199211,2.9473684210526314
2020-03-29 21:00:00,21,23,1,4,15,2,1,10,7,1,8,1,9.05,75.5,4.0,10.14,57.49999999999999,0.5546875,188.44530680173665,4.819335820255552,0.575,0.9861932938856016,3.0869565217391304
2020-03-29 22:00:00,22,24,1,4,15,2,2,8,7,2,9,2,10.05,84.0,3.0,6.8,60.0,0.7741935483870968,210.49861360347325,5.329411764705882,0.6,1.1764705882352942,3.0
2020-03-29 23:00:00,23,22,1,3,16,0,2,3,7,1,8,1,11.05,155.5,3.0,6.8,55.00000000000001,0.6979166666666666,197.58030680173664,3.0185828877005347,0.55,0.4411764705882353,3.0454545454545454
2020-03-30 00:00:00,0,24,1,1,20,0,2,7,9,1,10,1,12.05,190.5,3.0,6.8,60.0,0.7888888888888889,234.3103068017366,4.820343137254902,0.6,1.0294117647058825,2.958333333333333
2020-03-30 01:00:00,1,23,1,1,19,0,2,4,10,1,11,1,13.05,237.0,3.0,6.8,57.49999999999999,0.7816091954022989,251.20530680173655,3.439130434782608,0.575,0.5882352941176471,2.9565217391304346
2020-03-30 02:00:00,2,22,1,0,19,0,2,2,9,1,10,1,12.683333333333334,281.0,3.0,6.8,55.00000000000001,0.7111111111111111,233.5923068017366,2.4556149732620325,0.55,0.2941176470588235,2.909090909090909
2020-03-30 03:00:00,3,20,1,1,16,0,2,4,8,0,8,0,13.683333333333334,370.5,3.0,6.8,50.0,0.6145833333333334,207.274,3.2102941176470594,0.5,0.5882352941176471,2.95
2020-03-30 04:00:00,4,21,2,2,15,0,2,3,10,1,11,1,14.683333333333334,255.0,3.0,6.8,52.5,0.7471264367816092,256.1273068017366,2.990546218487395,0.525,0.4411764705882353,3.095238095238096
2020-03-30 05:00:00,5,20,1,2,15,0,2,2,10,0,10,0,15.683333333333334,396.0,3.0,6.8,50.0,0.6666666666666666,245.354,2.382352941176471,0.5,0.2941176470588235,3.0
2020-03-30 06:00:00,6,20,1,2,15,0,2,2,10,0,10,0,16.683333333333334,456.0,3.0,6.8,50.0,0.6666666666666666,250.99400000000003,2.382352941176471,0.5,0.2941176470588235,3.0
2020-03-30 07:00:00,7,16,1,2,11,1,1,2,10,0,10,0,17.683333333333334,516.0,3.0,6.8,40.0,0.5444444444444444,248.054,2.125735294117647,0.4,0.2941176470588235,3.0625
2020-03-30 08:00:00,8,18,1,3,12,1,1,2,11,0,11,0,18.683333333333334,495.0,3.0,6.51,45.0,0.6436781609195402,271.384,2.3557945041816013,0.45,0.3072196620583717,3.111111111111111
2020-03-30 09:00:00,9,23,0,5,15,2,1,9,9,0,9,0,19.683333333333334,349.0,3.0,6.51,57.49999999999999,0.7526881720430108,260.949,5.95757363253857,0.575,1.3824884792626728,3.0434782608695654
2020-03-30 10:00:00,10,24,1,6,14,2,1,7,10,0,10,0,20.683333333333334,85.5,4.0,10.21,60.0,0.6333333333333333,282.134,4.071074110349331,0.6,0.6856023506366307,3.1666666666666665
2020-03-30 11:00:00,11,27,2,5,14,5,1,7,9,0,9,0,21.683333333333334,117.0,4.0,10.21,67.5,0.6693548387096774,280.809,4.182592411216309,0.675,0.6856023506366307,3.074074074074074
2020-03-30 12:00:00,12,33,1,10,18,4,0,12,10,1,11,1,22.683333333333334,155.0,4.0,10.21,82.5,0.9224137931034484,326.9873068017366,6.485880598343868,0.825,1.1753183153770812,3.242424242424242
2020-03-30 13:00:00,13,40,1,11,23,5,0,10,11,1,12,1,23.683333333333334,141.5,4.0,10.21,100.0,1.1428571428571428,361.0423068017366,6.334182174338884,1.0,0.979431929480901,3.2
2020-03-30 14:00:00,14,38,3,10,21,4,0,6,7,1,8,1,24.683333333333334,126.0,4.0,10.21,95.0,0.984375,308.7923068017366,5.0985540491777925,0.95,0.5876591576885406,3.3157894736842106
2020-03-30 15:00:00,15,28,2,10,11,5,0,4,4,0,4,0,25.683333333333334,159.0,4.0,10.21,70.0,0.6458333333333334,238.514,3.626245277738912,0.7,0.3917727717923604,3.321428571428572
2020-03-30 16:00:00,16,26,1,7,11,7,0,9,4,1,5,1,26.683333333333334,145.0,4.0,10.21,65.0,0.5714285714285714,254.1323068017366,4.712273035485572,0.65,0.8814887365328109,3.076923076923077
2020-03-30 17:00:00,17,27,1,6,15,4,1,10,4,1,5,1,27.683333333333334,88.0,4.0,10.21,67.5,0.5928571428571429,261.9173068017366,5.085846301737584,0.675,0.979431929480901,3.074074074074074
2020-03-30 18:00:00,18,29,1,8,16,3,1,7,5,1,6,1,15.733333333333333,73.0,4.0,10.21,72.5,0.6764705882352942,212.2093068017366,4.475014353743794,0.725,0.6856023506366307,3.1724137931034484
2020-03-30 19:00:00,19,18,1,3,13,1,0,6,5,0,5,0,16.733333333333334,90.0,4.0,10.21,45.0,0.4142857142857143,179.986,3.3435683969964085,0.45,0.5876591576885406,3.2222222222222223
2020-03-30 20:00:00,20,19,1,3,14,1,0,4,6,0,6,0,17.733333333333334,129.0,4.0,10.47,47.5,0.4485294117647059,201.171,2.751562107273916,0.475,0.3820439350525311,3.210526315789474
2020-03-30 21:00:00,21,24,0,4,15,5,0,10,5,0,5,0,10.45,148.0,4.0,10.47,60.0,0.5071428571428571,157.41799999999998,4.600533269659345,0.6,0.9551098376313276,2.958333333333333
2020-03-30 22:00:00,22,20,0,2,14,4,0,3,4,0,4,0,11.45,190.5,3.0,6.77,50.0,0.5370370370370371,141.07799999999995,2.7350812407680944,0.5,0.4431314623338257,2.9
2020-03-30 23:00:00,23,19,0,1,14,4,0,2,4,0,4,0,12.45,250.5,3.0,6.77,47.5,0.5,144.57299999999998,2.18961750757988,0.475,0.2954209748892171,2.8421052631578947
2020-03-31 00:00:00,0,16,0,0,12,3,1,3,4,0,4,0,8.6,310.5,3.0,6.77,40.0,0.3981481481481481,116.424,2.2659158050221566,0.4,0.4431314623338257,2.6875
2020-03-31 01:00:00,1,16,0,0,12,4,0,4,4,0,4,0,9.6,370.5,3.0,6.77,40.0,0.4074074074074074,122.064,2.7248153618906943,0.4,0.5908419497784343,2.75
2020-03-31 02:00:00,2,17,0,1,12,4,0,3,4,0,4,0,10.6,430.5,3.0,6.77,42.5,0.4444444444444444,129.849,2.4511947171778607,0.425,0.4431314623338257,2.823529411764706
2020-03-31 03:00:00,3,17,0,2,12,3,0,2,4,0,4,0,11.6,490.5,3.0,6.77,42.5,0.4629629629629629,135.48899999999998,2.118885220262404,0.425,0.2954209748892171,2.9411764705882355
2020-03-31 04:00:00,4,16,0,2,11,3,0,3,4,0,4,0,12.6,550.5,3.0,6.77,40.0,0.4351851851851852,138.98399999999998,2.476698670605613,0.4,0.4431314623338257,2.9375
2020-03-31 05:00:00,5,12,0,1,8,3,0,0,4,0,4,0,13.6,610.5,3.0,6.77,30.0,0.3148148148148148,136.04399999999998,0.85,0.3,0.0,2.833333333333333
2020-03-31 06:00:00,6,14,0,1,10,3,0,3,7,0,7,0,14.6,577.0,3.0,6.77,35.0,0.404040404040404,186.174,2.266089892382359,0.35,0.4431314623338257,2.857142857142857
2020-03-31 07:00:00,7,10,0,1,8,1,0,0,6,0,6,0,15.6,665.0,3.0,6.77,25.0,0.2941176470588235,169.834,0.75,0.25,0.0,3.0
2020-03-31 08:00:00,8,11,0,1,9,1,0,2,5,0,5,0,16.6,697.0,3.0,7.76,27.500000000000004,0.3142857142857143,164.219,1.59819587628866,0.275,0.2577319587628866,3.0
2020-03-31 09:00:00,9,11,0,3,8,0,0,5,3,1,4,1,14.8,432.5,3.0,7.76,27.500000000000004,0.3333333333333333,141.53530680173662,3.0087160262418,0.275,0.6443298969072165,3.272727272727273
2020-03-31 10:00:00,10,12,0,2,10,0,0,5,4,1,5,1,15.8,70.0,4.0,11.01,30.0,0.2714285714285714,162.7203068017366,2.388086587950348,0.3,0.4541326067211625,3.1666666666666665
2020-03-31 11:00:00,11,16,0,5,11,0,0,9,6,1,7,1,11.75,55.0,4.0,11.01,40.0,0.4015151515151515,175.25830680173658,4.032765667574932,0.4,0.8174386920980926,3.3125
2020-03-31 12:00:00,12,16,0,7,9,0,0,8,7,1,8,1,9.033333333333331,100.0,4.0,11.01,40.0,0.4296875,173.3363068017366,3.872729336966394,0.4,0.7266121707538601,3.4375
2020-03-31 13:00:00,13,20,0,8,12,0,0,6,8,2,10,2,10.033333333333331,126.0,4.0,11.01,50.0,0.5666666666666667,215.2246136034732,3.5528610354223438,0.5,0.5449591280653951,3.4
2020-03-31 14:00:00,14,19,0,5,13,1,0,8,5,2,7,2,11.033333333333331,159.0,4.0,11.01,47.5,0.4621212121212121,178.5196136034732,3.857807495578183,0.475,0.7266121707538601,3.210526315789474
2020-03-31 15:00:00,15,17,0,4,12,1,0,6,5,1,6,1,12.033333333333331,137.5,4.0,11.01,42.5,0.3970588235294117,165.6013068017366,3.0810466420900786,0.425,0.5449591280653951,3.176470588235294
2020-03-31 16:00:00,16,20,0,2,16,2,0,12,7,1,8,1,7.166666666666667,149.0,4.0,11.01,50.0,0.46875,171.38830680173663,4.769754768392371,0.5,1.0899182561307903,3.0
2020-03-31 17:00:00,17,20,0,2,16,2,0,8,9,1,10,1,8.166666666666666,161.5,4.0,11.01,50.0,0.5,203.82830680173663,3.6798365122615806,0.5,0.7266121707538601,3.0
2020-03-31 18:00:00,18,20,0,2,17,1,0,6,10,1,11,1,9.166666666666666,149.0,4.0,11.01,50.0,0.5258620689655172,222.8683068017366,3.187125340599455,0.5,0.5449591280653951,3.05
2020-03-31 19:00:00,19,13,0,1,12,0,0,5,8,0,8,0,7.65,148.0,4.0,11.01,32.5,0.3125,158.231,2.397331097603577,0.325,0.4541326067211625,3.076923076923077
2020-03-31 20:00:00,20,18,1,2,14,1,0,9,6,2,8,2,5.916666666666667,162.0,4.0,11.43,45.0,0.4453125,160.91661360347325,3.9184383202099737,0.45,0.7874015748031497,3.1666666666666665
2020-03-31 21:00:00,21,18,1,2,13,1,1,7,7,2,9,2,5.483333333333333,168.0,4.0,11.43,45.0,0.4435483870967742,171.8726136034732,3.246293866044522,0.45,0.6124234470691163,3.055555555555556
2020-03-31 22:00:00,22,14,0,1,11,1,1,6,4,1,5,1,5.816666666666666,170.0,3.0,8.18,35.0,0.3809523809523809,110.7043068017366,3.09570380719525,0.35,0.7334963325183375,2.857142857142857
2020-03-31 23:00:00,23,10,0,1,6,1,2,4,4,0,4,0,4.8,117.5,3.0,8.18,25.0,0.2407407407407407,82.122,1.921393643031785,0.25,0.4889975550122249,2.6
