ts,hour,census,l1,l2,l3,l4,l5,arrivals,waitBed,waitICU,D_board,vent,maxLOS_h,awt_curr_min,Na,cap_sum,OCCUPANCY,EDWIN,NEDOCS,READI,READI_BR,READI_PR,READI_AR
2023-01-01 00:00:00,0,19,0,9,9,0,1,7,6,1,7,1,14.216666666666669,197.0,3.0,8.39,47.5,0.6464646464646465,195.60530680173665,4.410363214352926,0.475,0.8343265792610249,3.3684210526315788
2023-01-01 01:00:00,1,21,0,9,11,0,1,4,6,1,7,1,15.216666666666669,257.0,3.0,8.39,52.5,0.7070707070707071,205.53530680173665,3.3391934843067146,0.525,0.4767580452920142,3.333333333333333
2023-01-01 02:00:00,2,18,0,8,8,1,1,5,8,1,9,1,15.75,139.0,3.0,8.39,45.0,0.6344086021505376,228.9083068017366,3.428383657793669,0.45,0.5959475566150179,3.2777777777777777
2023-01-01 03:00:00,3,20,1,9,8,1,1,3,9,1,10,1,16.75,190.5,3.0,8.39,50.0,0.7555555555555555,252.2383068017366,2.915733015494636,0.5,0.3575685339690107,3.4
2023-01-01 04:00:00,4,25,1,10,11,2,1,9,9,1,10,1,17.75,250.5,3.0,8.39,62.5,0.9222222222222224,268.6033068017366,5.636382598331346,0.625,1.072705601907032,3.32
2023-01-01 05:00:00,5,27,1,10,13,2,1,6,9,2,11,2,18.75,302.0,3.0,8.39,67.5,1.0229885057471264,292.80161360347324,4.582303668388294,0.675,0.7151370679380215,3.2962962962962963
2023-01-01 06:00:00,6,23,1,10,10,1,1,2,9,2,11,2,19.75,362.0,3.0,8.39,57.49999999999999,0.896551724137931,289.86161360347324,2.758415815929937,0.575,0.2383790226460071,3.391304347826087
2023-01-01 07:00:00,7,20,1,10,7,1,1,1,9,2,11,2,20.75,422.0,3.0,8.39,50.0,0.7931034482758621,289.06661360347323,2.1362038140643627,0.5,0.1191895113230035,3.45
2023-01-01 08:00:00,8,23,1,11,8,2,1,6,11,2,13,2,21.75,416.0,3.0,7.04,57.49999999999999,0.9629629629629628,327.94161360347323,4.840316205533597,0.575,0.8522727272727273,3.391304347826087
2023-01-01 09:00:00,9,24,1,10,12,0,1,8,11,2,13,2,22.75,400.0,3.0,7.04,60.0,1.0123456790123455,335.72661360347325,5.932575757575758,0.6,1.1363636363636365,3.4166666666666665
2023-01-01 10:00:00,10,18,0,7,10,1,0,9,7,1,8,1,23.266666666666666,206.0,4.0,10.29,45.0,0.46875,257.9023068017366,4.4154518950437325,0.45,0.8746355685131196,3.333333333333333
2023-01-01 11:00:00,11,16,0,8,8,0,0,10,5,1,6,1,24.266666666666666,114.5,4.0,10.29,40.0,0.4117647058823529,232.4523068017366,4.801360544217688,0.4,0.9718172983479106,3.5
2023-01-01 12:00:00,12,24,0,9,12,3,0,16,8,1,9,1,25.266666666666666,87.0,4.0,10.29,60.0,0.6290322580645161,295.45230680173665,7.003449951409135,0.6,1.554907677356657,3.25
2023-01-01 13:00:00,13,27,1,8,18,0,0,14,9,1,10,1,26.266666666666666,90.5,4.0,10.29,67.5,0.7583333333333333,320.92730680173656,6.860537918871254,0.675,1.360544217687075,3.3703703703703702
2023-01-01 14:00:00,14,35,3,8,21,3,0,19,9,1,10,1,27.266666666666666,126.0,4.0,10.29,87.5,0.9666666666666668,343.72730680173663,9.019672358739417,0.875,1.8464528668610305,3.3142857142857145
2023-01-01 15:00:00,15,39,3,8,26,2,0,18,11,1,12,1,28.266666666666666,121.0,4.0,10.29,97.5,1.1517857142857142,384.7473068017366,9.011050684009868,0.975,1.7492711370262393,3.3076923076923075
2023-01-01 16:00:00,16,40,4,8,28,0,0,16,14,1,15,1,29.266666666666666,119.0,4.0,10.29,100.0,1.36,432.7323068017366,8.686686103012633,1.0,1.554907677356657,3.4
2023-01-01 17:00:00,17,37,4,8,22,3,0,13,15,1,16,1,30.266666666666666,177.5,4.0,10.29,92.5,1.2916666666666667,445.3373068017365,7.333971580910355,0.925,1.2633624878522838,3.3513513513513518
2023-01-01 18:00:00,18,34,3,7,21,3,0,12,16,0,16,0,9.7,215.0,4.0,10.29,85.0,1.1666666666666667,322.03799999999995,6.641536614645858,0.85,1.1661807580174928,3.294117647058824
2023-01-01 19:00:00,19,32,1,7,21,3,0,16,11,0,11,0,10.7,211.0,4.0,10.29,80.0,0.8793103448275862,256.38800000000003,7.506268221574343,0.8,1.554907677356657,3.1875
2023-01-01 20:00:00,20,32,1,3,22,5,1,16,7,1,8,1,11.7,143.5,4.0,10.07,80.0,0.734375,222.69630680173665,7.0173286991062565,0.8,1.5888778550148956,2.9375
2023-01-01 21:00:00,21,31,2,3,24,2,0,18,8,1,9,1,7.733333333333333,111.0,4.0,10.07,77.5,0.7903225806451613,211.5793068017366,8.100767210173943,0.775,1.7874875868917577,3.161290322580645
2023-01-01 22:00:00,22,33,1,2,27,3,0,16,8,1,9,1,8.733333333333333,171.0,3.0,6.82,82.5,1.075268817204301,221.5093068017366,9.609215320359016,0.825,2.3460410557184748,3.0303030303030303
2023-01-01 23:00:00,23,26,0,0,25,1,0,9,6,0,6,0,9.733333333333333,265.5,3.0,6.82,65.0,0.7549019607843137,171.066,5.833188585607941,0.65,1.3196480938416422,2.9615384615384617
2023-01-02 00:00:00,0,16,0,0,15,1,0,4,5,0,5,0,10.733333333333333,360.0,3.0,6.82,40.0,0.4476190476190476,141.856,2.8978739002932548,0.4,0.5865102639296187,2.9375
2023-01-02 01:00:00,1,21,0,0,21,0,0,9,6,1,7,1,11.733333333333333,289.0,3.0,6.82,52.5,0.6363636363636364,185.8893068017366,5.533944281524927,0.525,1.3196480938416422,3.0
2023-01-02 02:00:00,2,17,0,0,17,0,0,0,6,1,7,1,12.733333333333333,349.0,3.0,6.82,42.5,0.5151515151515151,182.9493068017366,1.275,0.425,0.0,3.0
2023-01-02 03:00:00,3,21,1,0,20,0,0,4,7,1,8,1,13.733333333333333,367.0,3.0,6.82,52.5,0.6770833333333334,210.56930680173664,3.440388912163105,0.525,0.5865102639296187,3.095238095238096
2023-01-02 04:00:00,4,22,0,0,22,0,0,4,7,1,8,1,14.733333333333333,427.0,3.0,6.82,55.00000000000001,0.6875,218.35430680173664,3.409530791788856,0.55,0.5865102639296187,3.0
2023-01-02 05:00:00,5,21,0,0,21,0,0,2,7,1,8,1,15.733333333333333,487.0,3.0,6.82,52.5,0.65625,221.84930680173665,2.454765395894428,0.525,0.2932551319648093,3.0
2023-01-02 06:00:00,6,21,0,0,21,0,0,1,8,1,9,1,16.733333333333334,505.0,3.0,6.82,52.5,0.6774193548387096,240.88930680173667,2.014882697947214,0.525,0.1466275659824046,3.0
2023-01-02 07:00:00,7,23,1,0,20,2,0,5,8,2,10,2,15.183333333333334,480.0,3.0,6.82,57.49999999999999,0.7666666666666667,250.70561360347324,3.9244134897360703,0.575,0.7331378299120235,3.0
2023-01-02 08:00:00,8,25,1,0,21,3,0,7,9,2,11,2,16.183333333333334,455.0,3.0,6.359999999999999,62.5,0.8505747126436781,274.0356136034732,5.107861635220126,0.625,1.1006289308176105,2.96
2023-01-02 09:00:00,9,21,1,0,19,1,0,5,8,2,10,2,16.933333333333334,450.0,3.0,6.359999999999999,52.5,0.7111111111111111,256.2856136034732,3.9959269242288102,0.525,0.7861635220125787,3.0476190476190474
2023-01-02 10:00:00,10,26,1,1,23,1,0,12,12,2,14,2,17.933333333333334,254.0,4.0,9.7,65.0,0.7692307692307693,326.2506136034732,5.80650277557494,0.65,1.2371134020618555,3.076923076923077
2023-01-02 11:00:00,11,35,1,6,27,1,0,13,17,4,21,4,18.933333333333334,97.0,4.0,9.7,87.5,1.4736842105263157,446.7322272069465,7.088659793814434,0.875,1.3402061855670104,3.2
2023-01-02 12:00:00,12,29,1,6,22,0,0,7,16,4,20,4,18.78333333333333,140.5,4.0,9.7,72.5,1.1875,419.6162272069464,4.739024173480271,0.725,0.7216494845360826,3.2758620689655173
2023-01-02 13:00:00,13,39,2,8,25,3,1,15,17,4,21,4,19.78333333333333,186.0,4.0,9.7,97.5,1.631578947368421,460.1062272069465,8.016732751784298,0.975,1.5463917525773196,3.1794871794871797
2023-01-02 14:00:00,14,39,2,9,27,1,0,10,15,4,19,4,20.0,218.0,4.0,9.7,97.5,1.5357142857142858,434.5282272069465,6.634992069785883,0.975,1.0309278350515465,3.3076923076923075
2023-01-02 15:00:00,15,39,2,7,28,2,0,11,14,4,18,4,21.0,270.5,4.0,9.7,97.5,1.431818181818182,426.7682272069465,6.813758921490881,0.975,1.1340206185567012,3.230769230769231
2023-01-02 16:00:00,16,36,5,7,22,2,0,7,14,4,18,4,22.0,218.5,4.0,9.7,90.0,1.3977272727272727,425.9732272069464,5.540635738831615,0.9,0.7216494845360826,3.4166666666666665
2023-01-02 17:00:00,17,40,5,8,24,3,0,10,15,5,20,5,23.0,212.5,4.0,9.7,100.0,1.6875,467.8615340086831,6.854381443298969,1.0,1.0309278350515465,3.375
2023-01-02 18:00:00,18,45,5,8,29,3,0,13,16,5,21,5,24.0,265.0,4.0,9.7,112.5,1.973684210526316,497.6265340086831,8.217353951890034,1.125,1.3402061855670104,3.333333333333333
2023-01-02 19:00:00,19,39,5,8,22,4,0,10,13,5,18,5,25.0,332.5,4.0,9.7,97.5,1.4886363636363635,450.1965340086831,6.737860163891092,0.975,1.0309278350515465,3.358974358974359
2023-01-02 20:00:00,20,31,4,8,14,4,1,14,12,5,17,5,26.0,258.0,4.0,10.77,77.5,1.1195652173913044,425.2765340086831,6.894046335400007,0.775,1.2999071494893222,3.3225806451612905
2023-01-02 21:00:00,21,27,3,7,14,2,1,4,11,4,15,4,27.0,346.0,4.0,10.77,67.5,0.9,394.6682272069464,3.4880068090374503,0.675,0.3714020427112349,3.333333333333333
2023-01-02 22:00:00,22,30,3,9,17,0,1,10,11,4,15,4,28.0,378.0,3.0,7.43,75.0,1.3733333333333333,406.7432272069465,7.195906235980261,0.75,1.3458950201884254,3.433333333333333
2023-01-02 23:00:00,23,29,3,7,18,0,1,8,12,4,16,4,29.0,432.0,3.0,7.43,72.5,1.3611111111111112,423.63822720694645,6.088557571819742,0.725,1.0767160161507403,3.3793103448275863
2023-01-03 00:00:00,0,32,2,7,19,3,1,10,12,3,15,3,30.0,498.0,3.0,7.43,80.0,1.36,421.4449204052098,6.840040376850606,0.8,1.3458950201884254,3.1875
2023-01-03 01:00:00,1,32,2,7,20,2,1,6,13,3,16,3,31.0,502.5,3.0,7.43,80.0,1.4305555555555556,440.4849204052099,5.174259757738897,0.8,0.8075370121130552,3.21875
2023-01-03 02:00:00,2,27,2,6,18,0,1,7,13,3,16,3,32.0,562.5,3.0,7.43,67.5,1.2361111111111112,435.39992040520985,5.330528139175515,0.675,0.9421265141318976,3.2962962962962963
2023-01-03 03:00:00,3,26,1,6,16,2,1,4,13,2,15,2,33.0,567.0,3.0,7.43,65.0,1.0933333333333333,424.6266136034732,3.747898333160783,0.65,0.5383580080753702,3.1538461538461537
2023-01-03 04:00:00,4,24,1,4,16,2,1,2,13,1,14,1,34.0,682.5,3.0,7.43,60.0,0.9487179487179488,411.7083068017366,2.6799685957828623,0.6,0.2691790040376851,3.083333333333333
2023-01-03 05:00:00,5,24,1,5,17,0,1,4,13,1,14,1,35.0,742.5,3.0,7.43,60.0,0.9871794871794872,417.3483068017366,3.652231942575146,0.6,0.5383580080753702,3.208333333333333
2023-01-03 06:00:00,6,22,1,4,16,0,1,1,14,1,15,1,36.0,747.0,3.0,7.43,55.00000000000001,0.9333333333333332,432.0983068017366,2.1782393246054084,0.55,0.1345895020188425,3.1818181818181817
2023-01-03 07:00:00,7,24,1,5,16,1,1,4,15,1,16,1,37.0,785.5,3.0,7.43,60.0,1.0555555555555556,455.4283068017365,3.604800358905339,0.6,0.5383580080753702,3.1666666666666665
2023-01-03 08:00:00,8,26,1,6,17,1,1,4,16,1,17,1,38.0,824.0,3.0,7.73,65.0,1.2028985507246377,478.75830680173664,3.7269056622549512,0.65,0.517464424320828,3.1923076923076925
2023-01-03 09:00:00,9,33,2,8,18,4,1,12,18,1,19,1,39.0,822.0,3.0,7.73,82.5,1.6666666666666667,526.2133068017365,7.564433141244264,0.825,1.5523932729624836,3.1818181818181817
2023-01-03 10:00:00,10,44,3,9,20,12,0,17,19,1,20,1,40.0,727.0,4.0,11.43,110.0,1.6875,568.8483068017366,7.938350035790981,1.1,1.4873140857392826,3.0681818181818183
2023-01-03 11:00:00,11,38,3,8,21,6,0,10,20,1,21,1,41.0,760.0,4.0,11.43,95.0,1.605263157894737,575.0183068017366,5.858859418888429,0.95,0.8748906386701663,3.210526315789474
2023-01-03 12:00:00,12,45,3,7,22,12,1,15,19,1,20,1,42.0,847.0,4.0,11.43,112.5,1.675,582.2733068017366,7.257844852726743,1.125,1.3123359580052494,2.977777777777778
2023-01-03 13:00:00,13,39,3,9,23,4,0,7,19,1,20,1,43.0,907.0,4.0,11.43,97.5,1.6,575.0433068017367,5.210005159611458,0.975,0.6124234470691163,3.282051282051282
2023-01-03 14:00:00,14,35,3,7,19,6,0,9,17,0,17,0,44.0,940.0,4.0,11.43,87.5,1.2173913043478262,531.035,5.319685039370079,0.875,0.7874015748031497,3.2
2023-01-03 15:00:00,15,31,1,7,17,5,1,9,14,0,14,0,26.416666666666668,933.0,4.0,11.43,77.5,0.9134615384615384,383.085,4.788004826009652,0.775,0.7874015748031497,3.064516129032258
2023-01-03 16:00:00,16,31,1,5,19,6,0,9,11,1,12,1,27.416666666666668,377.0,4.0,11.43,77.5,0.8392857142857143,362.7933068017366,4.737604775209551,0.775,0.7874015748031497,3.032258064516129
2023-01-03 17:00:00,17,28,1,4,20,3,0,4,13,1,14,1,28.416666666666668,398.0,4.0,11.43,70.0,0.8365384615384616,388.7983068017367,3.262364079490064,0.7,0.3499562554680665,3.107142857142857
2023-01-03 18:00:00,18,33,1,3,26,3,0,11,13,1,14,1,24.45,328.0,4.0,11.43,82.5,0.971153846153846,377.1513068017366,5.470465150189559,0.825,0.9623797025371827,3.060606060606061
2023-01-03 19:00:00,19,35,1,3,28,3,0,12,14,2,16,2,25.45,226.5,4.0,11.43,87.5,1.1145833333333333,414.7496136034732,5.8845988001499805,0.875,1.0498687664041997,3.057142857142857
2023-01-03 20:00:00,20,35,1,3,28,2,1,11,13,2,15,2,26.45,188.0,4.0,10.15,87.5,1.06,406.9896136034732,5.9321956368754405,0.875,1.0837438423645325,3.0285714285714285
2023-01-03 21:00:00,21,30,1,3,22,4,0,7,12,2,14,2,23.566666666666663,246.5,4.0,10.15,75.0,0.875,366.6026136034732,4.366954022988506,0.75,0.6896551724137931,3.033333333333333
2023-01-03 22:00:00,22,29,1,4,19,5,0,9,11,1,12,1,24.566666666666663,306.5,3.0,6.449999999999999,72.5,1.0476190476190477,342.42930680173663,6.434161988773056,0.725,1.3953488372093026,3.034482758620689
2023-01-03 23:00:00,23,26,1,4,18,3,0,8,10,1,11,1,25.566666666666663,365.0,3.0,6.449999999999999,65.0,0.9310344827586208,328.2343068017366,5.8890429338103765,0.65,1.24031007751938,3.1153846153846154
2023-01-04 00:00:00,0,26,2,4,16,3,1,9,11,3,14,3,26.566666666666663,317.5,3.0,6.449999999999999,65.0,1.0384615384615383,375.8109204052098,6.372048300536673,0.65,1.3953488372093026,3.1153846153846154
2023-01-04 01:00:00,1,26,2,4,17,3,0,6,11,3,14,3,27.566666666666663,377.5,3.0,6.449999999999999,65.0,1.064102564102564,381.4509204052098,5.044588550983901,0.65,0.930232558139535,3.1923076923076925
2023-01-04 02:00:00,2,25,1,5,15,4,0,5,11,2,13,2,28.566666666666663,444.0,3.0,6.449999999999999,62.5,0.9629629629629628,370.6776136034732,4.368604651162791,0.625,0.7751937984496124,3.12
2023-01-04 03:00:00,3,25,1,5,16,3,0,5,10,2,12,2,29.566666666666663,554.5,3.0,6.449999999999999,62.5,0.9404761904761904,362.9176136034732,4.424612403100776,0.625,0.7751937984496124,3.16
2023-01-04 04:00:00,4,19,1,4,11,3,0,0,10,2,12,2,30.566666666666663,614.5,3.0,6.449999999999999,47.5,0.7142857142857143,355.6876136034732,1.5,0.475,0.0,3.1578947368421053
2023-01-04 05:00:00,5,20,2,4,11,3,0,3,11,2,13,2,31.566666666666663,624.0,3.0,6.449999999999999,50.0,0.8024691358024691,376.87261360347327,3.136627906976744,0.5,0.4651162790697675,3.25
2023-01-04 06:00:00,6,21,2,5,11,3,0,2,12,2,14,2,32.56666666666667,677.5,3.0,6.449999999999999,52.5,0.8846153846153846,398.0576136034732,2.7438261351052047,0.525,0.310077519379845,3.2857142857142856
2023-01-04 07:00:00,7,25,2,6,13,3,1,4,12,3,15,3,33.56666666666667,731.0,3.0,6.449999999999999,62.5,1.0666666666666669,426.5459204052098,3.9844961240310086,0.625,0.62015503875969,3.2
2023-01-04 08:00:00,8,24,2,6,11,5,0,6,12,3,15,3,34.56666666666667,791.0,3.0,7.13,60.0,1.0266666666666666,430.0409204052098,4.624859747545582,0.6,0.8415147265077139,3.208333333333333
2023-01-04 09:00:00,9,26,2,6,14,4,0,8,13,3,16,3,35.56666666666667,832.5,3.0,7.13,65.0,1.1666666666666667,453.37092040520986,5.724986514187075,0.65,1.1220196353436185,3.230769230769231
2023-01-04 10:00:00,10,27,2,5,14,6,0,10,15,2,17,2,36.56666666666667,809.0,4.0,10.17,67.5,0.9130434782608696,473.6876136034732,5.159106303944063,0.675,0.9832841691248771,3.111111111111111
2023-01-04 11:00:00,11,31,2,6,18,5,0,15,14,2,16,2,37.56666666666667,781.0,4.0,10.17,77.5,1.0208333333333333,474.50761360347326,7.112670092301836,0.775,1.4749262536873156,3.161290322580645
2023-01-04 12:00:00,12,27,2,5,17,3,0,7,14,2,16,2,26.08333333333333,607.5,4.0,10.17,67.5,0.90625,401.16161360347326,4.392852070359445,0.675,0.688298918387414,3.2222222222222223
2023-01-04 13:00:00,13,27,3,4,16,4,0,9,14,2,16,2,27.08333333333333,247.5,4.0,10.17,67.5,0.90625,406.8016136034733,5.026524090462144,0.675,0.8849557522123894,3.2222222222222223
2023-01-04 14:00:00,14,27,2,4,18,3,0,14,12,4,16,4,22.25,189.0,4.0,10.17,67.5,0.8958333333333334,381.2782272069464,6.534719035653157,0.675,1.376597836774828,3.185185185185185
2023-01-04 15:00:00,15,29,2,4,20,3,0,8,12,4,16,4,23.25,147.5,4.0,10.17,72.5,0.9583333333333334,391.2082272069465,4.79550740853762,0.725,0.7866273352999017,3.1724137931034484
2023-01-04 16:00:00,16,38,5,4,25,4,0,18,16,6,22,6,24.25,103.0,4.0,10.17,95.0,1.7222222222222223,498.2898408104197,8.87550069864928,0.95,1.7699115044247788,3.263157894736842
2023-01-04 17:00:00,17,39,5,5,25,4,0,6,16,6,22,6,25.25,163.0,4.0,10.17,97.5,1.7777777777777777,506.0748408104197,5.13631344073822,0.975,0.5899705014749262,3.282051282051282
2023-01-04 18:00:00,18,44,4,6,27,7,0,10,19,6,25,6,26.25,197.0,4.0,10.17,110.0,2.316666666666667,562.6398408104196,6.581284079735408,1.1,0.9832841691248771,3.159090909090909
2023-01-04 19:00:00,19,40,4,5,20,10,1,9,19,5,24,5,27.25,228.5,4.0,10.17,100.0,1.890625,545.431534008683,5.701991150442478,1.0,0.8849557522123894,3.025
2023-01-04 20:00:00,20,36,4,4,17,11,0,13,17,5,22,5,28.25,278.5,4.0,9.47,90.0,1.5138888888888888,515.691534008683,6.881400328522822,0.9,1.3727560718057024,3.0277777777777777
2023-01-04 21:00:00,21,38,3,3,23,9,0,13,15,4,19,4,11.716666666666669,319.0,4.0,9.47,95.0,1.3571428571428572,385.6652272069464,6.9682682154171065,0.95,1.3727560718057024,3.0
2023-01-04 22:00:00,22,32,2,1,23,6,0,5,13,2,15,2,12.716666666666669,379.0,3.0,6.43,80.0,1.2666666666666666,323.0986136034732,4.683514774494557,0.8,0.7776049766718507,2.96875
2023-01-04 23:00:00,23,28,2,1,20,4,1,10,13,2,15,2,13.716666666666669,439.0,3.0,6.43,70.0,1.106666666666667,320.1586136034732,6.685086647411687,0.7,1.5552099533437014,2.9642857142857144
2023-01-05 00:00:00,0,34,2,1,26,4,1,12,15,1,16,1,14.716666666666669,484.5,3.0,6.43,85.0,1.4027777777777777,351.20030680173664,8.068866068978137,0.85,1.8662519440124417,2.9705882352941178
2023-01-05 01:00:00,1,35,3,1,27,3,1,7,14,2,16,2,15.716666666666669,544.5,3.0,6.43,87.5,1.4861111111111112,359.8536136034732,6.0031493001555205,0.875,1.088646967340591,3.057142857142857
2023-01-05 02:00:00,2,28,3,1,20,3,1,7,14,2,16,2,16.716666666666665,604.5,3.0,6.43,70.0,1.1944444444444444,350.4786136034732,5.493701399688958,0.7,1.088646967340591,3.071428571428572
2023-01-05 03:00:00,3,21,2,1,15,3,0,1,13,2,15,2,17.716666666666665,666.0,3.0,6.43,52.5,0.8666666666666667,327.70361360347323,2.1063745093682886,0.525,0.1555209953343701,3.095238095238096
2023-01-05 04:00:00,4,20,2,1,14,3,0,2,14,2,16,2,18.716666666666665,724.5,3.0,6.43,50.0,0.8611111111111112,344.59861360347327,2.5142301710730948,0.5,0.3110419906687403,3.1
2023-01-05 05:00:00,5,22,2,1,16,3,0,3,15,2,17,2,19.716666666666665,783.0,3.0,6.43,55.00000000000001,0.9855072463768116,367.92861360347325,3.142103774918705,0.55,0.4665629860031104,3.090909090909091
2023-01-05 06:00:00,6,22,2,1,16,3,0,0,15,2,17,2,20.716666666666665,843.0,3.0,6.43,55.00000000000001,0.9855072463768116,373.5686136034733,1.7000000000000002,0.55,0.0,3.090909090909091
2023-01-05 07:00:00,7,30,2,5,19,4,0,8,19,2,21,2,21.716666666666665,695.0,3.0,6.43,75.0,1.6666666666666667,449.9686136034732,6.3148652151373765,0.75,1.244167962674961,3.1666666666666665
2023-01-05 08:00:00,8,30,2,5,19,4,0,4,19,2,21,2,22.716666666666665,755.0,3.0,8.29,75.0,1.6666666666666667,455.60861360347326,3.902945315641335,0.75,0.4825090470446321,3.1666666666666665
2023-01-05 09:00:00,9,31,2,7,18,4,0,5,19,2,21,2,23.716666666666665,813.0,3.0,8.29,77.5,1.7543859649122806,463.3936136034732,4.445600996147711,0.775,0.6031363088057902,3.225806451612903
2023-01-05 10:00:00,10,34,2,10,19,3,0,10,22,2,24,2,24.716666666666665,745.0,4.0,11.61,85.0,1.765625,515.6686136034732,5.687643765516543,0.85,0.8613264427217916,3.323529411764706
2023-01-05 11:00:00,11,39,2,9,27,1,0,14,23,2,25,2,25.716666666666665,610.0,4.0,11.61,97.5,2.15,545.4336136034732,7.213603988603989,0.975,1.2058570198105083,3.3076923076923075
2023-01-05 12:00:00,12,35,3,7,24,1,0,6,21,3,24,3,23.966666666666665,576.5,4.0,11.61,87.5,1.828125,514.4519204052099,4.652574750830565,0.875,0.516795865633075,3.342857142857143
2023-01-05 13:00:00,13,44,3,7,33,1,0,13,24,4,28,4,24.966666666666665,386.0,4.0,11.61,110.0,3.0,593.8652272069464,7.264552501761805,1.1,1.119724375538329,3.272727272727273
2023-01-05 14:00:00,14,48,3,9,34,2,0,14,24,4,28,4,25.966666666666665,278.5,4.0,11.61,120.0,3.270833333333333,608.0852272069465,7.869157335630204,1.2,1.2058570198105083,3.270833333333333
2023-01-05 15:00:00,15,46,3,11,31,1,0,9,22,4,26,4,26.966666666666665,256.5,4.0,11.61,115.0,2.75,582.6352272069464,6.445214020896529,1.15,0.7751937984496124,3.347826086956522
2023-01-05 16:00:00,16,43,3,7,32,1,0,9,18,5,23,5,27.966666666666665,307.0,4.0,11.61,107.5,2.073529411764706,542.508534008683,6.066914548404543,1.075,0.7751937984496124,3.2790697674418605
2023-01-05 17:00:00,17,42,4,8,28,2,0,14,17,6,23,6,28.966666666666665,288.0,4.0,11.61,105.0,2.0588235294117645,546.8718408104196,7.519523399368362,1.05,1.2058570198105083,3.333333333333333
2023-01-05 18:00:00,18,37,4,6,24,3,0,9,17,6,23,6,29.966666666666665,343.0,4.0,11.61,92.5,1.7941176470588236,541.7868408104197,5.606044416509533,0.925,0.7751937984496124,3.2972972972972974
2023-01-05 19:00:00,19,37,4,7,24,2,0,9,16,6,22,6,30.08333333333333,356.0,4.0,11.61,92.5,1.7222222222222223,529.0448408104197,5.697946783993296,0.925,0.7751937984496124,3.3513513513513518
2023-01-05 20:00:00,20,36,4,6,24,2,0,8,15,7,22,7,31.08333333333333,251.0,4.0,10.14,90.0,1.6666666666666667,533.4081476121563,5.629848783694937,0.9,0.7889546351084812,3.333333333333333
2023-01-05 21:00:00,21,40,4,5,27,4,0,13,12,7,19,7,32.083333333333336,280.0,4.0,10.14,100.0,1.5357142857142858,507.4281476121563,7.359615384615385,1.0,1.282051282051282,3.225
2023-01-05 22:00:00,22,33,3,4,22,3,1,6,10,6,16,6,33.083333333333336,335.5,3.0,6.82,82.5,1.4444444444444444,456.98484081041966,5.372593974940015,0.825,0.8797653958944281,3.1515151515151514
2023-01-05 23:00:00,23,34,4,4,19,5,2,11,8,7,15,7,34.083333333333336,400.0,3.0,6.82,85.0,1.4,452.2381476121562,7.606024667931689,0.85,1.6129032258064515,3.088235294117647
2023-01-06 00:00:00,0,31,4,6,18,1,2,6,9,7,16,7,35.083333333333336,455.5,3.0,6.82,77.5,1.4166666666666667,464.8431476121563,5.444711947781667,0.775,0.8797653958944281,3.290322580645161
2023-01-06 01:00:00,1,31,5,6,18,1,1,6,10,7,17,7,36.083333333333336,511.0,3.0,6.82,77.5,1.536231884057971,483.88314761215634,5.658230063380948,0.775,0.8797653958944281,3.419354838709677
2023-01-06 02:00:00,2,26,5,4,15,1,1,5,11,5,16,5,37.083333333333336,526.5,3.0,6.82,65.0,1.2361111111111112,463.66153400868313,4.734587187006542,0.65,0.7331378299120235,3.423076923076923
2023-01-06 03:00:00,3,25,4,3,15,2,1,4,12,3,15,3,38.083333333333336,542.0,3.0,6.82,62.5,1.0933333333333333,452.01992040520986,3.973753665689149,0.625,0.5865102639296187,3.28
2023-01-06 04:00:00,4,29,4,4,16,4,1,5,13,3,16,3,39.083333333333336,582.0,3.0,6.82,72.5,1.2916666666666667,479.63992040520986,4.676097178683385,0.725,0.7331378299120235,3.206896551724138
2023-01-06 05:00:00,5,28,4,4,16,3,1,1,13,3,16,3,40.083333333333336,642.0,3.0,6.82,70.0,1.2638888888888888,483.1349204052098,2.751539589442815,0.7,0.1466275659824046,3.25
2023-01-06 06:00:00,6,31,4,6,17,3,1,5,15,3,18,3,41.083333333333336,671.5,3.0,6.82,77.5,1.5454545454545454,522.0099204052099,4.962259956484723,0.775,0.7331378299120235,3.290322580645161
2023-01-06 07:00:00,7,31,5,6,16,3,1,3,17,3,20,3,42.083333333333336,717.0,3.0,6.82,77.5,1.7333333333333334,554.4499204052098,4.075735502790653,0.775,0.4398826979472141,3.3548387096774195
2023-01-06 08:00:00,8,31,5,6,15,5,0,5,16,3,19,3,43.083333333333336,781.0,3.0,7.23,77.5,1.6507936507936507,546.6899204052098,4.9200820952126,0.775,0.6915629322268326,3.3548387096774195
2023-01-06 09:00:00,9,37,7,6,18,3,3,13,16,3,19,3,44.083333333333336,841.0,3.0,7.23,92.5,1.9365079365079363,565.1999204052098,8.978750327090575,0.925,1.7980636237897647,3.2972972972972974
2023-01-06 10:00:00,10,38,7,7,17,5,2,10,18,3,21,3,45.083333333333336,893.0,4.0,10.55,95.0,1.6578947368421053,599.7849204052098,6.2929284110750805,0.95,0.947867298578199,3.3157894736842106
2023-01-06 11:00:00,11,37,7,8,18,4,0,9,21,3,24,3,46.083333333333336,566.5,4.0,10.55,92.5,2.015625,643.4799204052099,6.199253874727808,0.925,0.8530805687203791,3.4864864864864864
2023-01-06 12:00:00,12,32,7,5,18,2,0,6,20,3,23,3,47.083333333333336,307.0,4.0,10.55,80.0,1.661764705882353,624.9949204052098,4.833293838862559,0.8,0.5687203791469194,3.53125
2023-01-06 13:00:00,13,29,5,6,17,1,0,7,17,3,20,3,48.083333333333336,330.5,4.0,10.55,72.5,1.275,583.9999204052099,4.883714659258048,0.725,0.6635071090047393,3.5172413793103448
2023-01-06 14:00:00,14,32,5,7,19,1,0,8,20,3,23,3,49.083333333333336,305.0,4.0,10.55,80.0,1.6470588235294117,636.2749204052097,5.454028436018958,0.8,0.7582938388625592,3.5
2023-01-06 15:00:00,15,36,3,6,24,2,1,12,16,3,19,3,38.16666666666666,245.0,4.0,10.55,90.0,1.380952380952381,529.6849204052098,6.565086887835704,0.9,1.1374407582938388,3.2222222222222223
2023-01-06 16:00:00,16,27,2,5,18,2,0,6,11,2,13,2,39.16666666666666,196.0,4.0,10.55,67.5,0.8148148148148148,434.7516136034732,4.053607161664033,0.675,0.5687203791469194,3.259259259259259
2023-01-06 17:00:00,17,30,2,5,21,2,0,7,13,2,15,2,40.16666666666666,216.0,4.0,10.55,75.0,0.97,473.6266136034732,4.5703396524486575,0.75,0.6635071090047393,3.2333333333333334
2023-01-06 18:00:00,18,29,2,4,19,4,0,5,13,2,15,2,41.16666666666666,276.0,4.0,10.55,72.5,0.91,477.1216136034732,3.762171106389933,0.725,0.4739336492890995,3.1379310344827585
2023-01-06 19:00:00,19,25,0,5,20,0,0,9,14,1,15,1,26.516666666666666,324.0,4.0,10.55,62.5,0.8,385.04730680173657,4.729857819905213,0.625,0.8530805687203791,3.2
2023-01-06 20:00:00,20,25,0,6,18,1,0,11,11,1,12,1,14.316666666666666,313.0,4.0,9.99,62.5,0.7142857142857143,276.03930680173664,5.523523523523524,0.625,1.1011011011011012,3.2
2023-01-06 21:00:00,21,25,0,5,19,1,0,7,12,1,13,1,15.316666666666666,258.0,4.0,9.99,62.5,0.7314814814814815,295.0793068017366,4.189214214214214,0.625,0.7007007007007007,3.16
2023-01-06 22:00:00,22,34,1,10,21,2,0,15,14,2,16,2,16.316666666666666,174.0,3.0,6.67,85.0,1.5555555555555556,361.0926136034733,10.20806067554458,0.85,2.2488755622188905,3.294117647058824
2023-01-06 23:00:00,23,28,1,9,16,2,0,8,9,2,11,2,17.316666666666666,121.0,3.0,6.67,70.0,1.0689655172413792,286.8626136034732,6.308722424502035,0.7,1.199400299850075,3.321428571428572
2023-01-07 00:00:00,0,31,1,10,17,3,0,11,10,2,12,2,18.316666666666663,179.5,3.0,6.67,77.5,1.2142857142857142,312.33761360347324,7.976319098515259,0.775,1.6491754122938531,3.290322580645161
2023-01-07 01:00:00,1,29,1,10,13,4,1,6,11,2,13,2,19.316666666666663,238.0,3.0,6.67,72.5,1.148148148148148,327.08761360347324,5.209764514294577,0.725,0.8995502248875562,3.206896551724138
2023-01-07 02:00:00,2,28,1,9,13,5,0,4,11,2,13,2,20.316666666666663,298.0,3.0,6.67,70.0,1.1111111111111112,330.58261360347325,4.177607624759049,0.7,0.5997001499250375,3.2142857142857144
2023-01-07 03:00:00,3,25,0,9,11,5,0,1,11,2,13,2,21.316666666666663,358.0,3.0,6.67,62.5,0.9753086419753086,329.78761360347323,2.44876311844078,0.625,0.1499250374812593,3.16
2023-01-07 04:00:00,4,21,0,8,8,5,0,2,11,1,12,1,22.316666666666663,419.5,3.0,6.67,52.5,0.7857142857142857,312.5793068017366,2.592385949882201,0.525,0.2998500749625187,3.142857142857143
2023-01-07 05:00:00,5,20,0,8,9,3,0,1,11,1,12,1,23.316666666666663,479.5,3.0,6.67,50.0,0.7738095238095238,316.0743068017366,2.112256371814093,0.5,0.1499250374812593,3.25
2023-01-07 06:00:00,6,19,0,8,8,3,0,0,11,1,12,1,24.316666666666663,539.5,3.0,6.67,47.5,0.7380952380952381,319.5693068017366,1.5499999999999998,0.475,0.0,3.263157894736842
2023-01-07 07:00:00,7,19,1,8,7,3,0,1,12,1,13,1,25.316666666666663,598.0,3.0,6.67,47.5,0.7901234567901234,338.60930680173664,2.1050106525684527,0.475,0.1499250374812593,3.3684210526315788
2023-01-07 08:00:00,8,20,2,7,8,3,0,5,12,2,14,2,26.316666666666663,650.5,3.0,7.84,50.0,0.8717948717948718,360.6626136034732,3.868367346938775,0.5,0.6377551020408163,3.4
2023-01-07 09:00:00,9,18,2,6,8,2,0,6,9,2,11,2,27.316666666666663,718.0,3.0,7.84,45.0,0.7126436781609196,321.8126136034732,4.186054421768708,0.45,0.7653061224489796,3.4444444444444446
2023-01-07 10:00:00,10,26,2,6,16,2,0,15,7,3,10,3,22.666666666666668,756.0,4.0,10.88,65.0,0.7166666666666667,300.21492040520985,6.710237556561086,0.65,1.3786764705882355,3.3076923076923075
2023-01-07 11:00:00,11,27,2,6,17,2,0,11,8,3,11,3,23.666666666666668,794.0,4.0,10.88,67.5,0.7672413793103449,321.39992040520985,5.557652505446624,0.675,1.011029411764706,3.2962962962962963
2023-01-07 12:00:00,12,25,2,7,16,0,0,8,9,3,12,3,24.666666666666668,297.5,4.0,10.88,62.5,0.7678571428571429,336.14992040520985,4.679411764705883,0.625,0.7352941176470589,3.44
2023-01-07 13:00:00,13,19,2,5,11,0,1,3,6,3,9,3,20.3,310.0,4.0,10.88,47.5,0.5161290322580645,258.4519204052099,2.5287925696594424,0.475,0.2757352941176471,3.3684210526315788
2023-01-07 14:00:00,14,18,2,4,12,0,0,8,5,3,8,3,16.966666666666665,258.5,4.0,10.88,45.0,0.484375,224.10692040520985,4.082679738562092,0.45,0.7352941176470589,3.4444444444444446
2023-01-07 15:00:00,15,25,2,6,17,0,0,16,9,3,12,3,17.966666666666665,74.5,4.0,10.88,62.5,0.7589285714285714,298.36192040520984,7.125,0.625,1.4705882352941178,3.4
2023-01-07 16:00:00,16,36,2,7,26,1,0,16,9,5,14,5,18.966666666666665,111.5,4.0,10.88,90.0,1.1346153846153846,356.13353400868306,7.770261437908497,0.9,1.4705882352941178,3.2777777777777777
2023-01-07 17:00:00,17,39,2,7,25,4,1,11,10,5,15,5,19.966666666666665,163.0,4.0,10.88,97.5,1.22,381.608534008683,6.212707390648568,0.975,1.011029411764706,3.128205128205128
2023-01-07 18:00:00,18,24,1,4,14,4,1,8,11,3,14,3,20.966666666666665,201.5,4.0,10.88,60.0,0.6923076923076923,339.9369204052098,4.005882352941176,0.6,0.7352941176470589,3.0
2023-01-07 19:00:00,19,21,1,4,12,4,0,8,11,2,13,2,21.966666666666665,220.0,4.0,10.88,52.5,0.6018518518518519,324.87361360347325,3.900910364145658,0.525,0.7352941176470589,3.095238095238096
2023-01-07 20:00:00,20,29,0,6,17,6,0,16,10,2,12,2,22.966666666666665,248.0,4.0,9.71,72.5,0.7767857142857143,334.2736136034732,7.118357363542739,0.725,1.6477857878475797,3.0
2023-01-07 21:00:00,21,24,0,7,14,3,0,7,11,1,12,1,23.966666666666665,206.5,4.0,9.71,60.0,0.6785714285714286,328.3203068017366,4.182869893580501,0.6,0.7209062821833161,3.1666666666666665
2023-01-07 22:00:00,22,18,0,6,11,0,1,9,7,1,8,1,24.966666666666665,202.5,3.0,6.67,45.0,0.6041666666666666,267.4903068017366,5.797826086956522,0.45,1.3493253373313343,3.2222222222222223
2023-01-07 23:00:00,23,25,1,7,16,1,0,16,9,2,11,2,25.23333333333333,156.0,3.0,6.67,62.5,0.9540229885057472,325.0776136034732,10.039017991004496,0.625,2.39880059970015,3.32
2023-01-08 00:00:00,0,23,1,6,15,1,0,10,8,2,10,2,26.23333333333333,191.0,3.0,6.67,57.49999999999999,0.8444444444444444,313.02761360347324,6.854044716772048,0.575,1.4992503748125938,3.3043478260869565
2023-01-08 01:00:00,1,23,1,6,13,3,0,8,8,2,10,2,27.23333333333333,251.0,3.0,6.67,57.49999999999999,0.8222222222222222,318.6676136034732,5.708940095169806,0.575,1.199400299850075,3.217391304347826
2023-01-08 02:00:00,2,23,1,6,16,0,0,6,10,2,12,2,28.23333333333333,247.5,3.0,6.67,57.49999999999999,0.9166666666666666,351.1076136034732,4.936537709406166,0.575,0.8995502248875562,3.347826086956522
2023-01-08 03:00:00,3,23,1,6,15,1,0,3,10,2,12,2,29.23333333333333,307.5,3.0,6.67,57.49999999999999,0.9047619047619048,356.74761360347327,3.3862134150316145,0.575,0.4497751124437781,3.3043478260869565
2023-01-08 04:00:00,4,21,1,5,15,0,0,4,10,2,12,2,30.23333333333333,367.5,3.0,6.67,52.5,0.8333333333333334,358.09761360347323,3.749000499750125,0.525,0.5997001499250375,3.333333333333333
2023-01-08 05:00:00,5,21,1,5,15,0,0,2,11,2,13,2,31.23333333333333,389.0,3.0,6.67,52.5,0.8641975308641975,377.13761360347326,2.7495002498750627,0.525,0.2998500749625187,3.333333333333333
2023-01-08 06:00:00,6,17,1,4,12,0,0,2,11,2,13,2,32.233333333333334,449.0,3.0,6.67,42.5,0.7037037037037037,374.1976136034732,2.4303796631096217,0.425,0.2998500749625187,3.3529411764705883
2023-01-08 07:00:00,7,20,1,4,11,3,1,6,12,2,14,2,33.233333333333334,504.0,3.0,6.67,50.0,0.782051282051282,399.6726136034732,4.268628185907046,0.5,0.8995502248875562,3.05
2023-01-08 08:00:00,8,25,1,4,13,6,1,7,13,2,15,2,34.233333333333334,559.0,3.0,8.07,62.5,0.9733333333333334,429.4376136034732,4.357837670384138,0.625,0.8674101610904584,2.92
2023-01-08 09:00:00,9,26,2,3,16,4,1,10,11,3,14,3,35.233333333333334,533.0,3.0,8.07,65.0,1.0128205128205128,424.69092040520985,5.740132017920122,0.65,1.2391573729863692,3.0384615384615383
2023-01-08 10:00:00,10,22,1,4,12,4,1,8,9,2,11,2,36.23333333333333,516.0,4.0,11.53,55.00000000000001,0.5689655172413793,380.6826136034732,3.731526452732004,0.55,0.6938421509106678,3.0
2023-01-08 11:00:00,11,24,1,3,16,4,0,12,12,2,14,2,37.23333333333333,216.0,4.0,11.53,60.0,0.7019230769230769,430.8126136034732,4.990654813529922,0.6,1.0407632263660016,3.0416666666666665
2023-01-08 12:00:00,12,23,1,3,14,5,0,7,11,2,13,2,38.23333333333333,315.0,4.0,11.53,57.49999999999999,0.6388888888888888,420.9076136034733,3.5463356461405025,0.575,0.6071118820468343,3.0
2023-01-08 13:00:00,13,23,2,3,15,3,0,12,11,3,14,3,39.23333333333333,233.5,4.0,11.53,57.49999999999999,0.7019230769230769,440.8159204052098,5.12829197933557,0.575,1.0407632263660016,3.1739130434782608
2023-01-08 14:00:00,14,28,3,3,15,7,0,15,11,4,15,4,40.23333333333333,230.0,4.0,11.53,70.0,0.86,471.4492272069464,6.145787386940898,0.7,1.300954032957502,3.071428571428572
2023-01-08 15:00:00,15,28,2,1,16,7,2,11,12,2,14,2,24.23333333333333,144.0,4.0,11.53,70.0,0.75,366.0726136034732,4.60766323875604,0.7,0.9540329575021682,2.7857142857142856
2023-01-08 16:00:00,16,27,1,2,17,6,1,9,9,1,10,1,25.23333333333333,230.0,4.0,11.53,67.5,0.6416666666666667,315.0993068017366,4.151076900838392,0.675,0.7805724197745012,2.851851851851852
2023-01-08 17:00:00,17,26,1,2,18,5,0,10,10,1,11,1,26.23333333333333,267.0,4.0,11.53,65.0,0.6637931034482759,331.99430680173657,4.493550270198146,0.65,0.8673026886383347,2.9615384615384617
2023-01-08 18:00:00,18,25,1,1,22,1,0,15,11,1,12,1,27.23333333333333,302.0,4.0,11.53,62.5,0.6875,348.88930680173667,5.931938421509106,0.625,1.300954032957502,3.08
2023-01-08 19:00:00,19,22,1,2,18,0,1,11,10,1,11,1,28.23333333333333,163.0,4.0,11.53,55.00000000000001,0.5862068965517241,334.6943068017366,4.648829141370338,0.55,0.9540329575021682,3.090909090909091
2023-01-08 20:00:00,20,25,2,3,18,1,1,13,11,1,12,1,29.23333333333333,197.0,4.0,9.81,62.5,0.7053571428571429,360.16930680173664,6.162563710499492,0.625,1.3251783893985731,3.16
2023-01-08 21:00:00,21,28,1,4,21,1,1,9,12,0,12,0,30.23333333333333,192.0,4.0,9.81,70.0,0.7767857142857143,371.376,5.0255897771952815,0.7,0.9174311926605506,3.107142857142857
2023-01-08 22:00:00,22,22,0,3,18,0,1,9,10,0,10,0,31.23333333333333,317.0,3.0,6.35,55.00000000000001,0.7444444444444445,337.346,5.991392269148175,0.55,1.4173228346456694,3.0454545454545454
2023-01-08 23:00:00,23,20,1,1,16,0,2,9,9,0,9,0,21.73333333333333,273.0,3.0,6.35,50.0,0.6344086021505376,266.076,5.6561023622047255,0.5,1.4173228346456694,2.95
2023-01-09 00:00:00,0,22,1,2,18,0,1,16,11,0,11,0,22.73333333333333,228.0,3.0,6.35,55.00000000000001,0.7816091954022989,302.80600000000004,9.488117394416609,0.55,2.5196850393700787,3.090909090909091
2023-01-09 01:00:00,1,20,1,3,15,0,1,4,11,1,12,1,23.73333333333333,270.5,3.0,6.35,50.0,0.75,318.42430680173663,3.5592519685039368,0.5,0.6299212598425197,3.15
2023-01-09 02:00:00,2,20,2,3,14,0,1,3,10,1,11,1,24.73333333333333,348.0,3.0,6.35,50.0,0.7471264367816092,310.66430680173664,3.1604330708661417,0.5,0.4724409448818898,3.25
2023-01-09 03:00:00,3,22,2,3,16,0,1,3,10,1,11,1,25.73333333333333,408.0,3.0,6.35,55.00000000000001,0.8160919540229885,320.5943068017366,3.2996957766642807,0.55,0.4724409448818898,3.227272727272727
2023-01-09 04:00:00,4,22,2,4,15,0,1,5,10,1,11,1,26.73333333333333,433.0,3.0,6.35,55.00000000000001,0.8275862068965517,326.23430680173664,4.3769506084466725,0.55,0.7874015748031497,3.272727272727273
2023-01-09 05:00:00,5,26,2,5,18,0,1,5,11,1,12,1,27.73333333333333,428.0,3.0,6.35,65.0,1.011904761904762,353.85430680173664,4.69919745608722,0.65,0.7874015748031497,3.269230769230769
2023-01-09 06:00:00,6,26,2,5,17,0,2,5,13,1,14,1,28.73333333333333,416.0,3.0,6.35,65.0,1.064102564102564,386.2943068017366,4.588628104179286,0.65,0.7874015748031497,3.1923076923076925
2023-01-09 07:00:00,7,25,2,4,18,0,1,4,14,1,15,1,29.73333333333333,469.0,3.0,6.35,62.5,1.08,403.1893068017366,4.065944881889764,0.625,0.6299212598425197,3.24
2023-01-09 08:00:00,8,26,2,5,18,0,1,5,15,1,16,1,30.73333333333333,505.5,3.0,9.14,65.0,1.1805555555555556,424.37430680173657,3.913419458003703,0.65,0.5470459518599562,3.269230769230769
2023-01-09 09:00:00,9,29,2,5,19,3,0,8,16,1,17,1,31.73333333333333,542.0,3.0,9.14,72.5,1.3478260869565215,449.8493068017367,5.131911642646948,0.725,0.87527352297593,3.206896551724138
2023-01-09 10:00:00,10,32,1,4,22,5,0,13,13,1,14,1,32.733333333333334,632.5,4.0,12.84,80.0,0.9326923076923076,421.7243068017366,5.494022585669782,0.8,1.0124610591900312,3.03125
2023-01-09 11:00:00,11,45,2,7,28,8,0,22,19,2,21,2,33.733333333333334,303.0,4.0,12.84,112.5,1.8157894736842104,549.9176136034732,8.70441329179647,1.125,1.7133956386292837,3.066666666666667
2023-01-09 12:00:00,12,43,2,6,31,4,0,11,17,2,19,2,34.733333333333334,283.0,4.0,12.84,107.5,1.6071428571428572,524.4676136034732,6.064632688545967,1.075,0.8566978193146417,3.13953488372093
2023-01-09 13:00:00,13,41,3,7,24,7,0,8,19,3,22,3,35.6,150.5,4.0,12.84,102.5,1.7916666666666667,566.1339204052099,5.18533736038295,1.025,0.6230529595015576,3.1463414634146343
2023-01-09 14:00:00,14,40,3,7,21,8,1,10,21,2,23,2,36.6,199.0,4.0,12.84,100.0,1.8088235294117647,582.1606136034732,5.469859813084112,1.0,0.778816199376947,3.075
2023-01-09 15:00:00,15,34,1,7,18,8,0,5,17,1,18,1,30.216666666666665,253.5,4.0,12.84,85.0,1.1704545454545454,465.42030680173656,3.754677478468023,0.85,0.3894080996884735,3.0294117647058822
2023-01-09 16:00:00,16,29,0,5,15,9,0,9,12,1,13,1,31.216666666666665,233.0,4.0,12.84,72.5,0.7685185185185185,393.3353068017366,4.081123106670964,0.725,0.7009345794392523,2.862068965517241
2023-01-09 17:00:00,17,29,0,8,16,4,1,14,12,1,13,1,32.21666666666667,247.0,4.0,12.84,72.5,0.8240740740740741,398.9753068017366,5.571224084219573,0.725,1.090342679127726,3.0689655172413794
2023-01-09 18:00:00,18,29,0,7,19,3,0,6,11,1,12,1,33.21666666666667,299.5,4.0,12.84,72.5,0.8125,391.21530680173663,3.7413229133097,0.725,0.4672897196261682,3.1379310344827585
2023-01-09 19:00:00,19,30,0,7,21,2,0,9,11,1,12,1,34.21666666666667,359.5,4.0,12.84,75.0,0.8482142857142857,399.0003068017367,4.594626168224298,0.75,0.7009345794392523,3.1666666666666665
2023-01-09 20:00:00,20,33,2,6,24,1,0,15,9,1,10,1,35.21666666666667,410.0,4.0,10.61,82.5,0.9,384.27530680173663,7.326852883214806,0.825,1.413760603204524,3.272727272727273
2023-01-09 21:00:00,21,30,3,6,20,1,0,10,9,1,10,1,36.21666666666667,106.0,4.0,10.61,75.0,0.8416666666666667,383.4803068017366,5.698107131636821,0.75,0.942507068803016,3.3666666666666667
2023-01-09 22:00:00,22,32,3,9,19,1,0,10,9,1,10,1,37.21666666666667,166.0,3.0,6.91,80.0,1.2222222222222223,393.4103068017366,7.724674384949348,0.8,1.447178002894356,3.4375
2023-01-09 23:00:00,23,30,3,7,18,2,0,10,6,2,8,2,38.21666666666667,149.0,3.0,6.91,75.0,1.0520833333333333,368.8286136034732,7.397165943077665,0.75,1.447178002894356,3.3666666666666667
2023-01-10 00:00:00,0,25,3,7,14,1,0,5,7,2,9,2,39.21666666666667,204.0,3.0,6.91,62.5,0.935483870967742,377.1436136034732,4.693089725036179,0.625,0.723589001447178,3.48
2023-01-10 01:00:00,1,22,2,7,12,1,0,6,7,1,8,1,40.21666666666667,269.0,3.0,6.91,55.00000000000001,0.7916666666666666,362.08030680173664,4.89960531509012,0.55,0.8683068017366136,3.4545454545454546
2023-01-10 02:00:00,2,25,1,8,14,2,0,5,8,0,8,0,41.21666666666667,326.0,3.0,6.91,62.5,0.8645833333333334,373.287,4.477315484804631,0.625,0.723589001447178,3.32
2023-01-10 03:00:00,3,19,1,7,10,1,0,0,8,0,8,0,42.21666666666667,386.0,3.0,6.91,47.5,0.6770833333333334,366.057,1.625,0.475,0.0,3.421052631578948
2023-01-10 04:00:00,4,19,1,7,10,1,0,0,8,0,8,0,43.21666666666667,446.0,3.0,6.91,47.5,0.6770833333333334,371.697,1.625,0.475,0.0,3.421052631578948
2023-01-10 05:00:00,5,21,1,7,10,3,0,4,8,0,8,0,44.21666666666667,506.0,3.0,6.91,52.5,0.71875,381.627,3.6270053752325815,0.525,0.5788712011577424,3.2857142857142856
2023-01-10 06:00:00,6,22,1,6,12,3,0,2,8,0,8,0,45.21666666666667,566.0,3.0,6.91,55.00000000000001,0.7395833333333334,389.412,2.7090876200499934,0.55,0.2894356005788712,3.227272727272727
2023-01-10 07:00:00,7,22,1,7,11,3,0,3,7,1,8,1,46.21666666666667,626.0,3.0,6.91,55.00000000000001,0.75,395.9203068017366,3.220865675569004,0.55,0.4341534008683068,3.272727272727273
2023-01-10 08:00:00,8,20,1,5,12,2,0,4,7,1,8,1,47.21666666666667,686.0,3.0,6.35,50.0,0.6770833333333334,397.27030680173664,3.672244094488189,0.5,0.6299212598425197,3.25
2023-01-10 09:00:00,9,24,1,4,18,1,0,6,6,2,8,2,48.21666666666667,713.5,3.0,6.35,60.0,0.8020833333333334,412.35861360347326,4.956496062992127,0.6,0.9448818897637796,3.208333333333333
2023-01-10 10:00:00,10,40,2,3,35,0,0,23,3,3,6,3,49.21666666666667,148.5,4.0,11.33,100.0,0.9338235294117648,426.3869204052098,9.620278022947923,1.0,2.030008826125331,3.175
2023-01-10 11:00:00,11,42,2,4,36,0,0,12,5,2,7,2,16.266666666666666,122.0,4.0,11.33,105.0,1.0151515151515151,257.3706136034732,6.729145126717943,1.05,1.059135039717564,3.1904761904761907
2023-01-10 12:00:00,12,41,2,6,32,1,0,12,9,2,11,2,17.266666666666666,99.0,4.0,11.33,102.5,1.137931034482759,314.46561360347323,6.70989817665167,1.025,1.059135039717564,3.2195121951219514
2023-01-10 13:00:00,13,38,2,5,29,1,1,9,8,2,10,2,18.266666666666666,166.0,4.0,11.33,95.0,1.0,300.27061360347324,5.508477725646863,0.95,0.794351279788173,3.1578947368421053
2023-01-10 14:00:00,14,36,1,5,30,0,0,9,6,3,9,3,19.266666666666666,219.0,4.0,11.33,90.0,0.9274193548387096,289.0889204052098,5.412511032656664,0.9,0.794351279788173,3.1944444444444446
2023-01-10 15:00:00,15,40,1,4,34,1,0,12,6,3,9,3,19.416666666666668,182.0,4.0,11.33,100.0,1.0080645161290325,298.51492040520986,6.434796999117387,1.0,1.059135039717564,3.125
2023-01-10 16:00:00,16,35,1,1,30,3,0,11,3,3,6,3,20.416666666666668,112.0,4.0,11.33,87.5,0.7720588235294118,253.2299204052099,5.5376213592233015,0.875,0.970873786407767,3.0
2023-01-10 17:00:00,17,35,2,5,25,3,0,10,8,4,12,4,21.416666666666668,70.0,4.0,11.33,87.5,0.9910714285714286,340.13822720694645,5.574142604967848,0.875,0.8826125330979699,3.1714285714285717
2023-01-10 18:00:00,18,29,1,5,18,4,1,10,9,3,12,3,6.033333333333333,105.0,4.0,11.33,72.5,0.7857142857142857,239.63792040520983,4.878272514228322,0.725,0.8826125330979699,3.034482758620689
2023-01-10 19:00:00,19,28,1,3,20,3,1,7,9,3,12,3,7.033333333333333,163.0,4.0,11.33,70.0,0.75,243.13292040520983,3.953486319505737,0.7,0.617828773168579,3.0
2023-01-10 20:00:00,20,35,1,4,22,6,2,12,8,2,10,2,8.033333333333333,211.0,4.0,12.260000000000002,87.5,0.8416666666666667,236.11961360347323,5.349516429736657,0.875,0.9787928221859704,2.8857142857142857
2023-01-10 21:00:00,21,37,1,6,23,5,2,15,8,2,10,2,9.033333333333331,271.0,4.0,12.260000000000002,92.5,0.9166666666666666,246.04961360347323,6.387405758123539,0.925,1.223491027732463,2.972972972972973
2023-01-10 22:00:00,22,37,1,5,24,5,2,17,6,2,8,2,10.033333333333331,331.0,3.0,7.28,92.5,1.1354166666666667,224.88961360347324,9.60426937926938,0.925,2.3351648351648358,2.945945945945946
2023-01-10 23:00:00,23,36,0,5,22,6,3,13,5,0,5,0,8.133333333333333,386.0,3.0,7.28,90.0,0.961904761904762,170.09199999999998,7.534920634920634,0.9,1.7857142857142856,2.805555555555556
2023-01-11 00:00:00,0,33,0,5,21,5,2,7,7,0,7,0,9.133333333333333,417.0,3.0,7.28,82.5,0.9595959595959596,196.097,5.143065268065268,0.825,0.9615384615384616,2.878787878787879
2023-01-11 01:00:00,1,31,1,5,17,5,3,9,8,0,8,0,10.133333333333333,361.0,3.0,7.28,77.5,0.9270833333333334,210.847,5.774273307337824,0.775,1.2362637362637363,2.870967741935484
2023-01-11 02:00:00,2,32,1,6,18,5,2,8,10,0,10,0,11.133333333333333,236.5,3.0,7.28,80.0,1.0555555555555556,245.432,5.637362637362637,0.8,1.0989010989010988,2.96875
2023-01-11 03:00:00,3,34,2,9,17,4,2,5,10,2,12,2,12.133333333333333,204.5,3.0,7.28,85.0,1.2738095238095235,283.8986136034732,4.836441499676793,0.85,0.6868131868131868,3.147058823529412
2023-01-11 04:00:00,4,29,2,6,16,3,2,3,10,2,12,2,13.133333333333333,264.5,3.0,7.28,72.5,1.0714285714285714,278.81361360347324,3.5288935202728307,0.725,0.412087912087912,3.103448275862069
2023-01-11 05:00:00,5,25,2,5,14,3,1,2,11,2,13,2,14.133333333333333,301.0,3.0,7.28,62.5,0.9753086419753086,289.2736136034732,2.843131868131868,0.625,0.2747252747252747,3.16
2023-01-11 06:00:00,6,25,2,5,14,3,1,3,12,2,14,2,15.133333333333333,352.0,3.0,7.28,62.5,1.0128205128205128,308.3136136034732,3.277197802197802,0.625,0.412087912087912,3.16
2023-01-11 07:00:00,7,23,2,4,13,3,1,3,12,2,14,2,14.6,377.5,3.0,7.28,57.49999999999999,0.9230769230769232,301.0156136034732,3.0900143334925945,0.575,0.412087912087912,3.130434782608696
2023-01-11 08:00:00,8,21,1,5,10,4,1,6,13,2,15,2,15.6,412.0,3.0,6.51,52.5,0.8533333333333334,315.76561360347324,4.408865481676541,0.525,0.9216589861751152,3.0476190476190474
2023-01-11 09:00:00,9,25,3,8,11,2,1,7,15,3,18,3,16.6,402.5,3.0,6.51,62.5,1.2878787878787878,371.05392040520985,5.780913978494623,0.625,1.075268817204301,3.4
2023-01-11 10:00:00,10,29,3,10,13,2,1,12,14,3,17,3,17.6,345.0,4.0,9.85,72.5,1.076086956521739,371.8739204052098,6.633935760546123,0.725,1.218274111675127,3.413793103448276
2023-01-11 11:00:00,11,46,5,11,24,6,0,21,16,4,20,4,18.6,312.0,4.0,9.85,115.0,1.9125,455.0472272069465,10.916149856543807,1.15,2.1319796954314723,3.3260869565217392
2023-01-11 12:00:00,12,47,5,14,22,6,0,12,22,4,26,4,19.6,205.5,4.0,9.85,117.5,2.8392857142857144,543.2322272069465,8.096395399071174,1.175,1.218274111675127,3.382978723404255
2023-01-11 13:00:00,13,46,4,15,24,3,0,9,25,4,29,4,20.6,253.0,4.0,9.85,115.0,3.590909090909091,586.9272272069464,7.088380048554403,1.15,0.9137055837563453,3.4347826086956523
2023-01-11 14:00:00,14,46,4,12,29,1,0,8,26,3,29,3,14.016666666666667,231.0,4.0,9.85,115.0,3.5681818181818183,548.9289204052099,6.697015007724564,1.15,0.8121827411167513,3.4130434782608696
2023-01-11 15:00:00,15,42,3,10,28,1,0,5,24,2,26,2,14.716666666666669,228.5,4.0,9.85,105.0,2.517857142857143,503.22861360347326,5.229133430021755,1.05,0.5076142131979695,3.357142857142857
2023-01-11 16:00:00,16,35,2,9,23,1,0,8,21,1,22,1,15.716666666666669,269.0,4.0,9.85,87.5,1.625,439.3853068017366,5.640010877447426,0.875,0.8121827411167513,3.342857142857143
2023-01-11 17:00:00,17,38,3,9,25,1,0,9,25,1,26,1,16.716666666666665,318.5,4.0,9.85,95.0,2.2857142857142856,505.0603068017366,6.277745124231899,0.95,0.9137055837563453,3.3684210526315788
2023-01-11 18:00:00,18,41,4,10,26,1,0,10,28,1,29,1,17.716666666666665,331.0,4.0,9.85,102.5,3.1818181818181817,557.3353068017366,6.966633651108084,1.025,1.015228426395939,3.414634146341464
2023-01-11 19:00:00,19,44,5,9,26,4,0,10,24,2,26,2,18.716666666666665,319.0,4.0,9.85,110.0,2.625,530.0786136034733,7.066785879095524,1.1,1.015228426395939,3.340909090909091
2023-01-11 20:00:00,20,40,4,7,27,2,0,7,20,2,22,2,19.716666666666665,322.5,4.0,10.67,100.0,1.8472222222222223,473.5386136034732,5.506349578256795,1.0,0.6560449859418932,3.325
2023-01-11 21:00:00,21,35,3,5,26,0,1,9,15,2,17,2,18.666666666666668,267.0,4.0,10.67,87.5,1.2391304347826086,389.8916136034733,5.597355737046458,0.875,0.8434864104967198,3.257142857142857
2023-01-11 22:00:00,22,28,3,5,19,1,0,8,10,2,12,2,19.666666666666668,312.5,3.0,7.33,70.0,1.119047619047619,313.5166136034732,6.014003118300527,0.7,1.0914051841746248,3.357142857142857
2023-01-11 23:00:00,23,24,2,3,18,1,0,9,8,2,10,2,10.516666666666667,262.0,3.0,7.33,60.0,0.8666666666666667,226.5306136034732,5.940450204638472,0.6,1.2278308321964528,3.25
2023-01-12 00:00:00,0,27,3,2,21,1,0,11,9,3,12,3,10.933333333333334,161.0,3.0,7.33,67.5,1.0476190476190477,262.98392040520986,7.091112121671467,0.675,1.500682128240109,3.259259259259259
2023-01-12 01:00:00,1,22,3,2,16,1,0,3,9,3,12,3,11.933333333333334,221.0,3.0,7.33,55.00000000000001,0.8690476190476191,257.8989204052099,3.183055314399107,0.55,0.4092769440654843,3.3181818181818183
2023-01-12 02:00:00,2,25,3,3,19,0,0,7,10,3,13,3,12.933333333333334,211.0,3.0,7.33,62.5,1.037037037037037,283.37392040520984,5.308731241473397,0.625,0.9549795361527968,3.36
2023-01-12 03:00:00,3,22,3,3,15,1,0,3,11,2,13,2,13.933333333333334,263.0,3.0,7.33,55.00000000000001,0.9135802469135802,281.71061360347323,3.226658811856629,0.55,0.4092769440654843,3.363636363636364
2023-01-12 04:00:00,4,17,3,3,11,0,0,0,10,2,12,2,14.933333333333334,327.0,3.0,7.33,42.5,0.7142857142857143,263.2256136034732,1.5,0.425,0.0,3.5294117647058822
2023-01-12 05:00:00,5,18,4,2,11,1,0,4,11,1,12,1,15.933333333333334,370.5,3.0,7.33,45.0,0.75,270.1423068017366,3.484959072305593,0.45,0.5457025920873124,3.5
2023-01-12 06:00:00,6,17,4,2,11,0,0,0,11,1,12,1,16.933333333333334,430.5,3.0,7.33,42.5,0.7261904761904762,273.6373068017366,1.525,0.425,0.0,3.588235294117647
2023-01-12 07:00:00,7,17,4,3,10,0,0,3,12,0,12,0,17.933333333333334,490.5,3.0,7.33,42.5,0.7380952380952381,278.409,3.042657090121178,0.425,0.4092769440654843,3.647058823529412
2023-01-12 08:00:00,8,18,4,3,11,0,0,2,12,0,12,0,18.933333333333334,550.5,3.0,6.35,45.0,0.7738095238095238,286.194,2.7623578302712164,0.45,0.3149606299212598,3.611111111111111
2023-01-12 09:00:00,9,26,4,4,16,2,0,11,12,1,13,1,19.933333333333334,553.0,3.0,6.35,65.0,1.0864197530864197,323.2623068017366,8.063113264688068,0.65,1.7322834645669292,3.3846153846153846
2023-01-12 10:00:00,10,25,4,4,14,2,1,8,13,1,14,1,20.03333333333333,565.0,4.0,9.67,62.5,0.7980769230769231,335.0813068017366,4.821639089968976,0.625,0.827300930713547,3.32
2023-01-12 11:00:00,11,30,4,4,17,5,0,9,15,1,16,1,21.03333333333333,445.5,4.0,9.67,75.0,1.0104166666666667,378.2463068017366,5.434307135470527,0.75,0.9307135470527405,3.2333333333333334
2023-01-12 12:00:00,12,30,4,4,16,6,0,10,14,1,15,1,22.03333333333333,328.0,4.0,9.67,75.0,0.96,370.4863068017367,5.7092037228541885,0.75,1.034126163391934,3.2
2023-01-12 13:00:00,13,34,4,6,20,4,0,10,15,1,16,1,23.03333333333333,333.0,4.0,9.67,85.0,1.1666666666666667,398.1063068017367,6.206533244114605,0.85,1.034126163391934,3.294117647058824
2023-01-12 14:00:00,14,36,7,5,20,4,0,9,15,2,17,2,24.03333333333333,225.0,4.0,9.67,90.0,1.3369565217391304,422.3046136034732,6.254937952430196,0.9,0.9307135470527405,3.4166666666666665
2023-01-12 15:00:00,15,32,5,5,16,5,1,5,12,3,15,3,22.45,151.0,4.0,9.67,80.0,1.04,378.8629204052098,4.280455015511893,0.8,0.5170630816959669,3.25
2023-01-12 16:00:00,16,33,5,5,17,5,1,12,14,3,17,3,23.45,197.0,4.0,9.67,82.5,1.1630434782608696,413.4479204052098,6.698690890288615,0.825,1.240951396070321,3.242424242424242
2023-01-12 17:00:00,17,33,4,4,22,2,1,6,13,3,16,3,24.45,235.5,4.0,9.67,82.5,1.1145833333333333,405.68792040520987,4.686845445144308,0.825,0.6204756980351603,3.242424242424242
2023-01-12 18:00:00,18,31,4,5,20,1,1,6,15,3,18,3,25.45,227.5,4.0,9.67,77.5,1.1704545454545454,433.8379204052098,4.636580545084565,0.775,0.6204756980351603,3.3225806451612905
2023-01-12 19:00:00,19,32,2,5,21,4,0,8,12,3,15,3,26.45,265.0,4.0,9.67,80.0,1.01,401.4229204052098,5.136168562564633,0.8,0.827300930713547,3.15625
2023-01-12 20:00:00,20,37,2,7,24,2,2,14,12,2,14,2,27.45,280.5,4.0,11.2,92.5,1.1153846153846154,403.5196136034732,6.818918918918918,0.925,1.25,3.135135135135135
2023-01-12 21:00:00,21,38,1,9,25,2,1,8,12,1,13,1,28.45,331.0,4.0,11.2,95.0,1.1203703703703705,397.0363068017366,5.299436090225563,0.95,0.7142857142857143,3.1842105263157894
2023-01-12 22:00:00,22,35,1,6,24,3,1,10,9,1,10,1,29.45,483.5,3.0,7.88,87.5,1.2,356.0413068017366,6.61588107324148,0.875,1.269035532994924,3.085714285714286
2023-01-12 23:00:00,23,28,1,7,16,3,1,10,6,1,7,1,30.45,617.0,3.0,7.88,70.0,0.8888888888888888,306.4663068017366,6.188397389412618,0.7,1.269035532994924,3.142857142857143
2023-01-13 00:00:00,0,25,1,5,15,3,1,6,7,1,8,1,31.45,603.5,3.0,7.88,62.5,0.8020833333333334,319.07130680173657,4.27017766497462,0.625,0.7614213197969544,3.08
2023-01-13 01:00:00,1,26,1,4,18,2,1,8,8,1,9,1,32.45,590.0,3.0,7.88,65.0,0.8602150537634409,340.2563068017366,5.123779773525966,0.65,1.015228426395939,3.076923076923077
2023-01-13 02:00:00,2,31,1,5,22,2,1,6,8,1,9,1,33.45,650.0,3.0,7.88,77.5,1.032258064516129,356.62130680173664,4.757949893564763,0.775,0.7614213197969544,3.096774193548387
2023-01-13 03:00:00,3,28,1,6,18,2,1,4,8,2,10,2,34.45,572.5,3.0,7.88,70.0,0.9777777777777776,370.0946136034733,3.795358955765047,0.7,0.5076142131979695,3.142857142857143
2023-01-13 04:00:00,4,23,1,4,15,2,1,2,8,1,9,1,35.45,495.0,3.0,7.88,57.49999999999999,0.7634408602150538,350.74130680173664,2.5584915029794746,0.575,0.2538071065989847,3.0869565217391304
2023-01-13 05:00:00,5,29,1,5,20,2,1,6,9,1,10,1,36.45,497.0,3.0,7.88,72.5,1.0,382.6513068017366,4.613031682128479,0.725,0.7614213197969544,3.103448275862069
2023-01-13 06:00:00,6,28,1,5,18,2,2,3,10,1,11,1,37.45,499.0,3.0,7.88,70.0,0.9770114942528736,399.5463068017367,3.28072878897752,0.7,0.3807106598984772,3.0357142857142856
2023-01-13 07:00:00,7,27,1,5,17,2,2,0,10,1,11,1,38.45,559.0,3.0,7.88,67.5,0.942528735632184,403.0413068017366,2.0500000000000003,0.675,0.0,3.037037037037037
2023-01-13 08:00:00,8,28,1,5,19,2,1,5,12,0,12,0,39.45,565.5,3.0,6.4,70.0,1.0357142857142858,423.358,4.6024553571428575,0.7,0.78125,3.107142857142857
2023-01-13 09:00:00,9,31,1,7,19,3,1,11,12,0,12,0,40.45,538.0,3.0,6.4,77.5,1.1547619047619049,435.433,7.803024193548387,0.775,1.71875,3.129032258064516
2023-01-13 10:00:00,10,29,2,8,14,4,1,10,12,0,12,0,41.45,316.5,4.0,9.72,72.5,0.8303571428571429,436.783,5.624276287782035,0.725,1.02880658436214,3.206896551724138
2023-01-13 11:00:00,11,28,2,9,15,2,0,7,13,0,13,0,42.45,344.0,4.0,9.72,70.0,0.8796296296296297,453.678,4.818415637860082,0.7,0.7201646090534979,3.392857142857143
2023-01-13 12:00:00,12,30,2,9,16,3,0,5,14,0,14,0,43.45,341.0,4.0,9.72,75.0,0.9615384615384616,477.008,4.214677640603567,0.75,0.51440329218107,3.333333333333333
2023-01-13 13:00:00,13,33,3,10,18,2,0,12,13,1,14,1,44.45,262.5,4.0,9.72,82.5,1.0865384615384617,489.95130680173656,7.052459783015339,0.825,1.2345679012345678,3.4242424242424243
2023-01-13 14:00:00,14,42,3,11,26,2,0,15,14,1,15,1,45.45,222.0,4.0,9.72,105.0,1.41,528.2963068017366,8.705776014109349,1.05,1.5432098765432098,3.357142857142857
2023-01-13 15:00:00,15,45,4,11,27,3,0,13,11,2,13,2,46.45,132.0,4.0,9.72,112.5,1.398148148148148,514.4396136034732,8.262882944673068,1.125,1.337448559670782,3.355555555555556
2023-01-13 16:00:00,16,37,4,9,22,2,0,6,10,2,12,2,47.45,155.5,4.0,9.72,92.5,1.125,489.5196136034732,5.252102102102102,0.925,0.6172839506172839,3.4054054054054053
2023-01-13 17:00:00,17,45,5,12,23,5,0,16,14,2,16,2,48.45,188.0,4.0,9.72,112.5,1.5833333333333333,565.9196136034732,9.36012802926383,1.125,1.6460905349794237,3.3777777777777778
2023-01-13 18:00:00,18,27,4,9,14,0,0,5,12,2,14,2,49.45,185.0,4.0,9.72,67.5,0.9423076923076924,506.1496136034732,4.31709343087944,0.675,0.51440329218107,3.6296296296296298
2023-01-13 19:00:00,19,30,4,10,15,1,0,11,13,2,15,2,50.45,158.0,4.0,9.72,75.0,1.07,531.6246136034732,6.711351165980796,0.75,1.1316872427983538,3.566666666666667
2023-01-13 20:00:00,20,29,4,9,15,1,0,12,12,2,14,2,51.45,128.5,4.0,11.34,72.5,0.9903846153846154,521.7196136034732,6.333438241196863,0.725,1.058201058201058,3.5517241379310347
2023-01-13 21:00:00,21,34,4,7,21,2,0,16,19,1,20,1,52.45,128.5,4.0,11.34,85.0,1.4375,617.6163068017365,7.647279282083204,0.85,1.4109347442680775,3.3823529411764706
2023-01-13 22:00:00,22,33,2,5,24,1,1,10,14,1,15,1,8.116666666666667,106.0,3.0,8.02,82.5,1.4,298.43130680173664,6.592354341419179,0.825,1.2468827930174564,3.1818181818181817
2023-01-13 23:00:00,23,29,2,4,22,1,0,7,11,1,12,1,9.116666666666667,161.5,3.0,8.02,72.5,1.119047619047619,255.2913068017366,5.179134061398229,0.725,0.8728179551122195,3.2413793103448274
2023-01-14 00:00:00,0,26,3,4,18,1,0,5,13,1,14,1,10.116666666666667,213.5,3.0,8.02,65.0,1.1153846153846154,281.2963068017366,4.261130826779206,0.65,0.6234413965087282,3.3461538461538463
2023-01-14 01:00:00,1,28,4,4,17,3,0,7,15,2,17,2,11.116666666666667,254.0,3.0,8.02,70.0,1.3478260869565215,332.2946136034732,5.224002493765586,0.7,0.8728179551122195,3.321428571428572
2023-01-14 02:00:00,2,26,4,4,18,0,0,2,15,2,17,2,12.116666666666667,314.0,3.0,8.02,65.0,1.3043478260869563,333.6446136034732,3.1132265490120856,0.65,0.2493765586034912,3.4615384615384617
2023-01-14 03:00:00,3,26,4,4,18,0,0,5,15,2,17,2,13.116666666666667,374.0,3.0,8.02,65.0,1.3043478260869563,339.28461360347325,4.408066372530213,0.65,0.6234413965087282,3.4615384615384617
2023-01-14 04:00:00,4,26,4,4,17,1,0,3,15,2,17,2,14.116666666666667,434.0,3.0,8.02,65.0,1.289855072463768,344.92461360347323,3.5054527143679257,0.65,0.3740648379052369,3.423076923076923
2023-01-14 05:00:00,5,24,4,3,16,1,0,2,15,2,17,2,15.116666666666667,494.0,3.0,8.02,60.0,1.1884057971014492,346.2746136034732,2.902036575228595,0.6,0.2493765586034912,3.4166666666666665
2023-01-14 06:00:00,6,22,4,3,15,0,0,0,15,2,17,2,16.116666666666667,554.0,3.0,8.02,55.00000000000001,1.115942028985507,347.6246136034732,1.9250000000000005,0.55,0.0,3.5
2023-01-14 07:00:00,7,20,3,3,14,0,0,0,15,1,16,1,17.116666666666667,622.0,3.0,8.02,50.0,0.9583333333333334,334.7063068017366,1.725,0.5,0.0,3.45
2023-01-14 08:00:00,8,24,2,3,17,2,0,5,16,1,17,1,18.116666666666667,674.0,3.0,6.6,60.0,1.115942028985507,362.3263068017366,4.355555555555555,0.6,0.7575757575757576,3.208333333333333
2023-01-14 09:00:00,9,26,3,4,17,2,0,6,16,1,17,1,19.116666666666667,731.0,3.0,6.6,65.0,1.2463768115942029,372.2563068017366,5.156993006993007,0.65,0.9090909090909092,3.3076923076923075
2023-01-14 10:00:00,10,27,3,4,17,3,0,11,13,3,16,3,20.116666666666667,789.0,4.0,10.3,67.5,0.9166666666666666,368.3779204052098,5.680762315713772,0.675,1.0679611650485437,3.259259259259259
2023-01-14 11:00:00,11,38,3,4,26,5,0,15,15,3,18,3,21.116666666666667,359.0,4.0,10.3,95.0,1.3522727272727273,424.4129204052098,7.535551865099642,0.95,1.4563106796116505,3.131578947368421
2023-01-14 12:00:00,12,43,3,3,34,2,1,16,12,3,15,3,22.116666666666667,264.0,4.0,10.3,107.5,1.34,400.57792040520985,8.190821855949425,1.075,1.5533980582524272,3.116279069767442
2023-01-14 13:00:00,13,39,3,3,30,3,0,9,11,3,14,3,23.116666666666667,438.5,4.0,10.3,97.5,1.1826923076923077,384.2379204052098,5.830787901418969,0.975,0.8737864077669902,3.1538461538461537
2023-01-14 14:00:00,14,37,2,2,28,4,1,10,9,2,11,2,24.116666666666667,740.0,4.0,10.3,92.5,0.956896551724138,344.5196136034732,5.6876213592233,0.925,0.9708737864077668,3.0
2023-01-14 15:00:00,15,31,1,2,25,3,0,8,9,0,9,0,25.116666666666667,252.0,4.0,10.3,77.5,0.7580645161290323,308.75300000000004,4.705151894769809,0.775,0.7766990291262136,3.032258064516129
2023-01-14 16:00:00,16,19,1,1,15,2,0,4,7,0,7,0,23.633333333333333,106.0,4.0,10.3,47.5,0.4393939393939394,247.847,2.6354879918242204,0.475,0.3883495145631068,3.0526315789473686
2023-01-14 17:00:00,17,18,1,0,15,2,0,7,7,0,7,0,24.633333333333333,166.0,4.0,10.3,45.0,0.4090909090909091,251.342,3.3888349514563103,0.45,0.6796116504854368,3.0
2023-01-14 18:00:00,18,23,1,1,20,1,0,8,9,0,9,0,25.633333333333333,201.0,4.0,10.3,57.49999999999999,0.5725806451612904,294.507,4.172636133389616,0.575,0.7766990291262136,3.0869565217391304
2023-01-14 19:00:00,19,31,1,1,26,3,0,11,11,0,11,0,26.633333333333333,229.0,4.0,10.3,77.5,0.8017241379310345,344.107,5.528883495145631,0.775,1.0679611650485437,3.0
2023-01-14 20:00:00,20,31,2,2,25,1,1,14,7,2,9,2,27.633333333333333,99.0,4.0,12.0,77.5,0.7741935483870968,324.6836136034732,6.012903225806452,0.775,1.1666666666666667,3.096774193548387
2023-01-14 21:00:00,21,31,2,2,26,0,1,14,8,2,10,2,28.633333333333333,156.5,4.0,12.0,77.5,0.8083333333333333,343.72361360347327,6.075537634408603,0.775,1.1666666666666667,3.129032258064516
2023-01-14 22:00:00,22,30,1,2,23,3,1,11,8,1,9,1,29.633333333333333,214.0,3.0,8.3,75.0,0.956989247311828,332.9503068017366,6.156726907630521,0.75,1.325301204819277,2.966666666666667
2023-01-14 23:00:00,23,26,1,2,18,3,2,13,7,1,8,1,30.633333333333333,213.5,3.0,8.3,65.0,0.78125,316.6103068017366,6.393072289156626,0.65,1.5662650602409638,2.8846153846153846
2023-01-15 00:00:00,0,29,1,3,17,4,4,16,9,1,10,1,31.633333333333333,206.5,3.0,8.3,72.5,0.8888888888888888,355.48530680173656,7.317823016202741,0.725,1.9277108433734935,2.7586206896551726
2023-01-15 01:00:00,1,30,1,2,17,6,4,8,11,1,12,1,32.63333333333333,180.0,3.0,8.3,75.0,0.9523809523809524,390.0703068017366,4.570281124497992,0.75,0.9638554216867468,2.6666666666666665
2023-01-15 02:00:00,2,29,1,2,18,5,3,8,13,0,13,0,33.63333333333333,155.0,3.0,8.3,72.5,0.9876543209876544,406.097,4.658911508101371,0.725,0.9638554216867468,2.7586206896551726
2023-01-15 03:00:00,3,25,1,3,18,1,2,5,14,0,14,0,34.63333333333333,210.5,3.0,8.3,62.5,0.9615384615384616,416.557,3.6822289156626495,0.625,0.6024096385542168,3.0
2023-01-15 04:00:00,4,26,1,4,19,0,2,3,15,0,15,0,35.63333333333333,266.0,3.0,8.3,65.0,1.0666666666666669,437.742,3.112140871177016,0.65,0.36144578313253,3.076923076923077
2023-01-15 05:00:00,5,24,1,4,18,0,1,1,16,0,16,0,36.63333333333333,318.0,3.0,8.3,60.0,1.0555555555555556,452.492,2.2815261044176705,0.6,0.1204819277108433,3.1666666666666665
2023-01-15 06:00:00,6,24,1,4,18,0,1,2,16,0,16,0,37.63333333333333,378.0,3.0,8.3,60.0,1.0555555555555556,458.132,2.663052208835341,0.6,0.2409638554216867,3.1666666666666665
2023-01-15 07:00:00,7,27,3,4,19,0,1,7,18,0,18,0,38.63333333333333,420.5,3.0,8.3,67.5,1.3484848484848484,497.00700000000006,5.005008924587238,0.675,0.8433734939759036,3.2962962962962963
2023-01-15 08:00:00,8,28,4,5,18,0,1,3,19,0,19,0,39.63333333333333,471.0,3.0,8.39,70.0,1.507936507936508,518.192,3.5881789545377147,0.7,0.3575685339690107,3.392857142857143
2023-01-15 09:00:00,9,23,4,4,15,0,0,8,15,1,16,1,40.63333333333333,528.5,3.0,8.39,57.49999999999999,1.125,473.77530680173663,5.38303492770897,0.575,0.9535160905840284,3.5217391304347827
2023-01-15 10:00:00,10,30,4,4,21,1,0,10,13,2,15,2,41.63333333333333,187.0,4.0,12.09,75.0,1.01,481.8986136034732,5.309670526606011,0.75,0.8271298593879239,3.3666666666666667
2023-01-15 11:00:00,11,39,5,4,28,2,0,20,13,2,15,2,42.63333333333333,170.0,4.0,12.09,97.5,1.29,506.8436136034732,8.696782146720112,0.975,1.654259718775848,3.3076923076923075
2023-01-15 12:00:00,12,35,1,4,28,2,0,15,11,1,12,1,25.383333333333333,152.5,4.0,12.09,87.5,0.9732142857142856,359.90530680173663,6.588878057426443,0.875,1.2406947890818858,3.1142857142857143
2023-01-15 13:00:00,13,28,1,5,21,1,0,9,11,1,12,1,26.383333333333333,171.5,4.0,12.09,70.0,0.8035714285714286,350.53030680173663,4.642768521800781,0.7,0.7444168734491315,3.2142857142857144
2023-01-15 14:00:00,14,29,2,3,23,1,0,10,12,1,13,1,27.383333333333333,168.0,4.0,12.09,72.5,0.8611111111111112,371.7153068017366,4.977519893899204,0.725,0.8271298593879239,3.206896551724138
2023-01-15 15:00:00,15,28,2,4,21,1,0,11,11,1,12,1,28.383333333333333,170.5,4.0,12.09,70.0,0.8125,361.8103068017366,5.231989247311828,0.7,0.9098428453267164,3.25
2023-01-15 16:00:00,16,29,4,5,19,1,0,15,12,2,14,2,29.383333333333333,178.5,4.0,12.09,72.5,0.9519230769230768,397.2636136034732,6.710475314451954,0.725,1.2406947890818858,3.413793103448276
2023-01-15 17:00:00,17,28,4,5,17,2,0,10,13,2,15,2,30.383333333333333,217.0,4.0,12.09,70.0,0.95,414.1586136034732,5.181333451494742,0.7,0.8271298593879239,3.392857142857143
2023-01-15 18:00:00,18,29,4,5,19,1,0,10,13,2,15,2,31.383333333333333,243.0,4.0,12.09,72.5,0.99,421.9436136034732,5.298650209634636,0.725,0.8271298593879239,3.413793103448276
2023-01-15 19:00:00,19,29,4,3,20,2,0,12,13,2,15,2,32.38333333333333,232.0,4.0,12.09,72.5,0.96,427.5836136034732,5.685702062120305,0.725,0.9925558312655088,3.310344827586207
2023-01-15 20:00:00,20,28,4,1,22,1,0,8,10,2,12,2,33.38333333333333,327.5,4.0,11.77,70.0,0.8214285714285714,390.8786136034733,4.533280737953636,0.7,0.6796941376380629,3.2857142857142856
2023-01-15 21:00:00,21,27,3,2,19,3,0,11,11,1,12,1,34.38333333333333,367.0,4.0,11.77,67.5,0.7678571428571429,393.5053068017367,5.12680858428522,0.675,0.9345794392523364,3.185185185185185
2023-01-15 22:00:00,22,23,3,1,17,2,0,9,10,1,11,1,35.38333333333333,268.0,3.0,8.07,57.49999999999999,0.8505747126436781,377.1653068017366,5.438168740908356,0.575,1.1152416356877324,3.217391304347826
2023-01-15 23:00:00,23,20,3,1,15,1,0,6,11,1,12,1,36.38333333333333,308.0,3.0,8.07,50.0,0.7857142857142857,389.77030680173664,4.103531598513011,0.5,0.7434944237918215,3.3
2023-01-16 00:00:00,0,20,4,1,14,1,0,9,12,1,13,1,37.38333333333333,330.0,3.0,8.07,50.0,0.8395061728395061,408.8103068017366,5.49182156133829,0.5,1.1152416356877324,3.4
2023-01-16 01:00:00,1,21,4,2,14,1,0,5,13,1,14,1,38.38333333333333,344.0,3.0,8.07,52.5,0.9230769230769232,429.99530680173655,3.924269782262347,0.525,0.6195786864931846,3.4285714285714284
2023-01-16 02:00:00,2,21,4,2,14,1,0,5,13,1,14,1,39.38333333333333,404.0,3.0,8.07,52.5,0.9230769230769232,435.6353068017366,3.924269782262347,0.525,0.6195786864931846,3.4285714285714284
2023-01-16 03:00:00,3,22,4,2,15,1,0,7,14,1,15,1,40.38333333333333,418.0,3.0,8.07,55.00000000000001,1.0,456.8203068017366,4.832080094626564,0.55,0.8674101610904584,3.409090909090909
2023-01-16 04:00:00,4,22,4,2,15,1,0,4,15,1,16,1,41.38333333333333,455.5,3.0,8.07,55.00000000000001,1.0416666666666667,475.8603068017366,3.564760054072322,0.55,0.4956629491945477,3.409090909090909
2023-01-16 05:00:00,5,20,4,2,13,1,0,0,15,1,16,1,42.38333333333333,515.5,3.0,8.07,50.0,0.9583333333333334,477.2103068017366,1.725,0.5,0.0,3.45
2023-01-16 06:00:00,6,17,4,2,10,1,0,0,15,1,16,1,43.38333333333333,575.5,3.0,8.07,42.5,0.8333333333333334,476.4153068017366,1.5,0.425,0.0,3.5294117647058822
2023-01-16 07:00:00,7,18,5,1,11,1,0,3,16,1,17,1,44.38333333333333,613.0,3.0,8.07,45.0,0.927536231884058,497.60030680173656,2.921767864518794,0.45,0.3717472118959107,3.555555555555556
2023-01-16 08:00:00,8,22,5,1,14,2,0,6,17,1,18,1,45.38333333333333,647.0,3.0,6.3,55.00000000000001,1.1363636363636365,525.2203068017366,5.121753246753247,0.55,0.9523809523809524,3.409090909090909
2023-01-16 09:00:00,9,22,5,1,15,1,0,4,15,1,16,1,46.38333333333333,604.0,3.0,6.3,55.00000000000001,1.0555555555555556,504.0603068017366,4.093362193362194,0.55,0.6349206349206349,3.4545454545454546
2023-01-16 10:00:00,10,30,5,1,17,7,0,12,15,1,16,1,47.38333333333333,664.0,4.0,10.17,75.0,0.9791666666666666,526.8603068017366,6.0471484759095375,0.75,1.1799410029498525,3.1333333333333333
2023-01-16 11:00:00,11,32,6,4,19,3,0,14,19,1,20,1,48.38333333333333,479.0,4.0,10.17,80.0,1.3625,590.3903068017366,7.414036381514259,0.8,1.376597836774828,3.40625
2023-01-16 12:00:00,12,38,7,5,23,3,0,11,22,1,23,1,49.38333333333333,201.0,4.0,10.17,95.0,1.911764705882353,649.1003068017366,6.950253583812038,0.95,1.0816125860373649,3.421052631578948
2023-01-16 13:00:00,13,35,6,6,17,6,0,8,24,0,24,0,50.38333333333333,171.0,4.0,10.17,87.5,1.828125,660.837,5.554582806573958,0.875,0.7866273352999017,3.342857142857143
2023-01-16 14:00:00,14,37,6,5,20,6,0,12,22,1,23,1,29.83333333333333,198.0,4.0,10.17,92.5,1.7941176470588236,536.6933068017365,6.940616279996811,0.925,1.1799410029498525,3.2972972972972974
2023-01-16 15:00:00,15,33,5,3,20,5,0,9,19,1,20,1,28.8,217.5,4.0,10.17,82.5,1.3375,482.0853068017366,5.544401984446232,0.825,0.8849557522123894,3.242424242424242
2023-01-16 16:00:00,16,29,3,3,18,5,0,8,17,2,19,2,29.8,259.0,4.0,10.17,72.5,1.0833333333333333,466.61361360347325,4.7433823280100365,0.725,0.7866273352999017,3.1379310344827585
2023-01-16 17:00:00,17,34,3,4,21,6,0,11,15,2,17,2,30.8,272.0,4.0,10.17,85.0,1.1521739130434785,456.1786136034732,6.0220862976459015,0.85,1.0816125860373649,3.117647058823529
2023-01-16 18:00:00,18,30,2,4,20,4,0,7,14,1,15,1,31.8,332.0,4.0,10.17,75.0,0.94,425.5703068017366,4.506669944280564,0.75,0.688298918387414,3.1333333333333333
2023-01-16 19:00:00,19,36,2,4,25,5,0,14,16,1,17,1,9.666666666666666,233.0,4.0,10.17,90.0,1.2065217391304348,340.4083068017366,7.019509996722387,0.9,1.376597836774828,3.083333333333333
2023-01-16 20:00:00,20,34,1,6,20,6,1,12,14,2,16,2,10.666666666666666,183.5,4.0,10.32,85.0,1.0625,329.2266136034732,6.038372093023256,0.85,1.162790697674419,3.0
2023-01-16 21:00:00,21,35,1,7,23,3,1,11,15,2,17,2,11.666666666666666,136.0,4.0,10.32,87.5,1.184782608695652,350.41161360347326,6.044490586932447,0.875,1.065891472868217,3.1142857142857143
2023-01-16 22:00:00,22,25,2,4,16,2,1,4,11,2,13,2,12.666666666666666,158.0,3.0,6.449999999999999,62.5,0.9753086419753086,281.00161360347323,3.934689922480621,0.625,0.62015503875969,3.16
2023-01-16 23:00:00,23,27,2,4,19,1,1,9,12,1,13,1,11.933333333333334,183.0,3.0,6.449999999999999,67.5,1.0617283950617284,280.28730680173663,6.594444444444446,0.675,1.3953488372093026,3.185185185185185
2023-01-17 00:00:00,0,27,2,4,18,2,1,10,14,0,14,0,11.533333333333331,221.0,3.0,6.449999999999999,67.5,1.0897435897435896,290.563,7.005849842090153,0.675,1.550387596899225,3.1481481481481484
2023-01-17 01:00:00,1,28,1,4,20,2,1,6,13,0,13,0,12.533333333333331,292.0,3.0,6.449999999999999,70.0,1.0617283950617284,284.94800000000004,5.007142857142858,0.7,0.930232558139535,3.071428571428572
2023-01-17 02:00:00,2,26,1,4,19,1,1,3,13,0,13,0,13.533333333333331,352.0,3.0,6.449999999999999,65.0,1.0,286.298,3.474016100178891,0.65,0.4651162790697675,3.1153846153846154
2023-01-17 03:00:00,3,25,1,3,19,1,1,2,13,0,13,0,14.533333333333331,412.0,3.0,6.449999999999999,62.5,0.9506172839506172,289.793,2.880038759689923,0.625,0.310077519379845,3.08
2023-01-17 04:00:00,4,24,2,4,16,1,1,2,14,1,15,1,15.533333333333331,450.0,3.0,6.449999999999999,60.0,1.0266666666666666,320.9563068017366,2.9198320413436694,0.6,0.310077519379845,3.208333333333333
2023-01-17 05:00:00,5,24,2,4,16,1,1,3,15,1,16,1,16.533333333333335,449.5,3.0,6.449999999999999,60.0,1.0694444444444444,339.9963068017366,3.417248062015504,0.6,0.4651162790697675,3.208333333333333
2023-01-17 06:00:00,6,25,2,5,15,2,1,3,15,2,17,2,17.533333333333335,449.0,3.0,6.449999999999999,62.5,1.1594202898550725,362.0496136034733,3.488372093023256,0.625,0.4651162790697675,3.2
2023-01-17 07:00:00,7,23,2,4,15,1,1,3,14,2,16,2,18.53333333333333,569.5,3.0,6.449999999999999,57.49999999999999,1.0277777777777777,349.9996136034732,3.346461071789687,0.575,0.4651162790697675,3.217391304347826
2023-01-17 08:00:00,8,21,1,3,14,2,1,2,14,0,14,0,19.53333333333333,701.0,3.0,7.220000000000001,52.5,0.8205128205128205,322.813,2.444215802664556,0.525,0.2770083102493074,3.0476190476190474
2023-01-17 09:00:00,9,26,2,4,18,2,0,10,16,0,16,0,20.53333333333333,689.5,3.0,7.220000000000001,65.0,1.1666666666666667,365.978,6.574749627104198,0.65,1.3850415512465373,3.230769230769231
2023-01-17 10:00:00,10,27,2,4,20,1,0,9,17,0,17,0,21.53333333333333,689.0,4.0,11.09,67.5,0.9565217391304348,387.163,4.84502554854223,0.675,0.8115419296663661,3.259259259259259
2023-01-17 11:00:00,11,21,1,5,14,1,0,4,14,1,15,1,19.15,708.0,4.0,11.09,52.5,0.69,334.9193068017366,2.910108849671519,0.525,0.3606853020739405,3.2857142857142856
2023-01-17 12:00:00,12,24,0,4,20,0,0,10,14,1,15,1,20.15,187.0,4.0,11.09,60.0,0.76,346.99430680173657,4.7554253080853615,0.6,0.9017132551848512,3.1666666666666665
2023-01-17 13:00:00,13,21,0,3,18,0,0,4,13,1,14,1,21.15,203.5,4.0,11.09,52.5,0.6346153846153846,332.7993068017366,2.7835823779466704,0.525,0.3606853020739405,3.142857142857143
2023-01-17 14:00:00,14,17,0,4,12,1,0,7,10,1,11,1,19.516666666666666,148.0,4.0,11.09,42.5,0.4655172413793103,274.80730680173656,3.3549859438816103,0.425,0.6311992786293958,3.176470588235294
2023-01-17 15:00:00,15,24,0,6,16,2,0,14,8,2,10,2,15.85,198.5,4.0,11.09,60.0,0.6333333333333333,256.6106136034732,5.897595431319507,0.6,1.2623985572587917,3.1666666666666665
2023-01-17 16:00:00,16,22,1,6,14,1,0,10,7,2,9,2,16.85,162.0,4.0,11.09,55.00000000000001,0.5887096774193549,244.56061360347329,4.817048528567915,0.55,0.9017132551848512,3.3181818181818183
2023-01-17 17:00:00,17,27,1,7,18,1,0,12,9,2,11,2,17.85,162.0,4.0,11.09,67.5,0.7672413793103449,287.7256136034732,5.791776876064523,0.675,1.0820559062218216,3.2962962962962963
2023-01-17 18:00:00,18,31,1,7,22,1,0,10,10,3,13,3,14.583333333333334,122.0,4.0,11.09,77.5,0.9351851851851852,305.54992040520983,5.462839960440967,0.775,0.9017132551848512,3.2580645161290325
2023-01-17 19:00:00,19,32,1,7,20,4,0,10,9,3,12,3,15.583333333333334,168.5,4.0,11.09,80.0,0.9017857142857144,299.9349204052098,5.371032461677187,0.8,0.9017132551848512,3.15625
2023-01-17 20:00:00,20,24,2,6,14,2,0,8,8,2,10,2,16.583333333333332,184.0,4.0,10.54,60.0,0.6666666666666666,260.7466136034732,4.530044275774826,0.6,0.7590132827324478,3.333333333333333
2023-01-17 21:00:00,21,26,2,5,18,1,0,11,8,2,10,2,17.583333333333332,236.5,4.0,10.54,65.0,0.7166666666666667,270.67661360347324,5.602050795504306,0.65,1.0436432637571158,3.3076923076923075
2023-01-17 22:00:00,22,20,0,5,14,1,0,8,5,2,7,2,18.58333333333333,341.0,3.0,6.67,50.0,0.6464646464646465,223.24661360347324,5.43808095952024,0.5,1.199400299850075,3.2
2023-01-17 23:00:00,23,16,0,5,10,1,0,7,2,1,3,1,9.7,522.0,3.0,6.67,40.0,0.4684684684684684,110.0963068017366,4.710794602698651,0.4,1.0494752623688155,3.25
2023-01-18 00:00:00,0,22,0,5,13,3,1,15,4,1,5,1,10.7,187.0,3.0,6.67,55.00000000000001,0.6285714285714286,155.4063068017366,8.396626686656672,0.55,2.2488755622188905,3.0
2023-01-18 01:00:00,1,20,0,4,11,4,1,6,5,1,6,1,11.7,181.5,3.0,6.67,50.0,0.5686274509803921,170.1563068017366,4.058695652173913,0.5,0.8995502248875562,2.9
2023-01-18 02:00:00,2,16,0,4,10,1,1,2,4,1,5,1,12.7,307.0,3.0,6.67,40.0,0.4666666666666667,153.8163068017366,2.1432908545727134,0.4,0.2998500749625187,3.0625
2023-01-18 03:00:00,3,19,0,5,13,1,0,6,5,1,6,1,13.7,293.0,3.0,6.67,47.5,0.5980392156862745,179.2913068017366,4.413029669375839,0.475,0.8995502248875562,3.210526315789474
2023-01-18 04:00:00,4,17,0,5,11,1,0,3,5,1,6,1,14.7,353.0,3.0,6.67,42.5,0.5392156862745098,180.64130680173665,2.8301547755534,0.425,0.4497751124437781,3.235294117647059
2023-01-18 05:00:00,5,17,0,4,12,1,0,2,5,1,6,1,15.7,413.0,3.0,6.67,42.5,0.5294117647058824,186.2813068017366,2.3024649439985887,0.425,0.2998500749625187,3.176470588235294
2023-01-18 06:00:00,6,18,0,6,11,1,0,3,6,1,7,1,16.7,399.0,3.0,6.67,45.0,0.5959595959595959,207.4663068017366,2.9492628685657167,0.45,0.4497751124437781,3.2777777777777777
2023-01-18 07:00:00,7,18,0,6,11,1,0,3,7,1,8,1,17.7,426.5,3.0,6.67,45.0,0.6145833333333334,226.50630680173663,2.9492628685657167,0.45,0.4497751124437781,3.2777777777777777
2023-01-18 08:00:00,8,23,0,8,15,0,0,7,11,1,12,1,18.7,253.0,3.0,7.68,57.49999999999999,0.9166666666666666,296.4713068017366,4.976403985507246,0.575,0.9114583333333334,3.347826086956522
2023-01-18 09:00:00,9,24,0,8,14,1,1,5,11,1,12,1,19.7,313.0,3.0,7.68,60.0,0.9166666666666666,304.2563068017366,4.013758680555555,0.6,0.6510416666666667,3.208333333333333
2023-01-18 10:00:00,10,30,0,7,20,3,0,12,13,1,14,1,20.7,192.0,4.0,11.14,75.0,0.903846153846154,349.5663068017366,5.725224416517055,0.75,1.0771992818671454,3.1333333333333333
2023-01-18 11:00:00,11,26,0,5,19,1,1,8,10,1,11,1,21.7,209.0,4.0,11.14,65.0,0.6896551724137931,306.4263068017366,4.209639552547991,0.65,0.718132854578097,3.076923076923077
2023-01-18 12:00:00,12,31,0,4,26,1,0,10,10,1,11,1,22.7,269.0,4.0,11.14,77.5,0.8275862068965517,322.7913068017366,5.179869114495859,0.775,0.8976660682226212,3.096774193548387
2023-01-18 13:00:00,13,31,0,5,24,2,0,7,10,1,11,1,22.7,186.0,4.0,11.14,77.5,0.8275862068965517,322.7913068017366,4.345908380147101,0.775,0.6283662477558348,3.096774193548387
2023-01-18 14:00:00,14,24,0,5,18,1,0,6,9,1,10,1,23.7,213.0,4.0,11.14,60.0,0.6333333333333333,300.0163068017366,3.60556552962298,0.6,0.5385996409335727,3.1666666666666665
2023-01-18 15:00:00,15,23,0,6,16,1,0,5,9,1,10,1,24.7,159.0,4.0,11.14,57.49999999999999,0.6166666666666667,303.5113068017366,3.2940715010537813,0.575,0.4488330341113106,3.217391304347826
2023-01-18 16:00:00,16,23,1,6,15,1,0,6,8,1,9,1,25.7,217.0,4.0,11.14,57.49999999999999,0.6129032258064516,295.75130680173663,3.679720552650066,0.575,0.5385996409335727,3.3043478260869565
2023-01-18 17:00:00,17,26,0,7,17,2,0,10,9,2,11,2,26.7,273.0,4.0,11.14,65.0,0.7155172413793104,335.4946136034732,4.940626294710676,0.65,0.8976660682226212,3.1923076923076925
2023-01-18 18:00:00,18,23,0,6,17,0,0,6,8,1,9,1,27.7,333.0,4.0,11.14,57.49999999999999,0.6048387096774194,307.0313068017366,3.631303176957302,0.575,0.5385996409335727,3.260869565217391
2023-01-18 19:00:00,19,16,0,3,13,0,0,4,5,1,6,1,28.7,303.0,4.0,11.14,40.0,0.375,257.4563068017366,2.419524236983842,0.4,0.3590664272890485,3.1875
2023-01-18 20:00:00,20,20,0,2,17,0,1,10,5,1,6,1,29.7,300.5,4.0,10.11,50.0,0.4411764705882353,271.6763068017366,4.467359050445104,0.5,0.9891196834817012,3.0
2023-01-18 21:00:00,21,25,0,2,21,1,1,11,5,1,6,1,30.7,189.5,4.0,10.11,62.5,0.5441176470588235,288.0413068017366,5.07057368941642,0.625,1.0880316518298714,2.96
2023-01-18 22:00:00,22,27,0,3,22,1,1,13,3,1,4,1,31.7,401.5,3.0,6.65,67.5,0.75,271.1713068017366,7.889661654135338,0.675,1.954887218045113,3.0
2023-01-18 23:00:00,23,24,0,5,17,1,1,9,3,1,4,1,32.7,180.0,3.0,6.65,60.0,0.6851851851851852,270.37630680173663,6.022932330827067,0.6,1.3533834586466165,3.083333333333333
2023-01-19 00:00:00,0,19,0,5,12,1,1,7,4,1,5,1,33.7,206.0,3.0,6.65,47.5,0.5619047619047619,278.69130680173663,4.743698060941828,0.475,1.0526315789473684,3.1052631578947367
2023-01-19 01:00:00,1,18,0,4,12,1,1,7,5,1,6,1,34.7,193.5,3.0,6.65,45.0,0.5392156862745098,295.5863068017366,4.591374269005847,0.45,1.0526315789473684,3.055555555555556
2023-01-19 02:00:00,2,17,0,3,11,2,1,2,5,0,5,0,25.05,181.0,3.0,6.65,42.5,0.4761904761904761,224.747,2.1345643520566124,0.425,0.3007518796992481,2.9411764705882355
2023-01-19 03:00:00,3,17,0,2,10,4,1,5,4,0,4,0,26.05,313.5,3.0,6.65,42.5,0.4351851851851852,216.987,3.2537262273330385,0.425,0.7518796992481203,2.764705882352941
2023-01-19 04:00:00,4,16,0,3,10,2,1,2,5,1,6,1,27.05,280.0,3.0,6.65,40.0,0.4607843137254901,248.15030680173663,2.058458646616541,0.4,0.3007518796992481,2.9375
2023-01-19 05:00:00,5,16,0,3,11,1,1,2,5,0,5,0,28.05,361.0,3.0,6.65,40.0,0.4571428571428571,239.522,2.1022556390977445,0.4,0.3007518796992481,3.0
2023-01-19 06:00:00,6,14,0,3,9,1,1,1,5,0,5,0,29.05,421.0,3.0,6.65,35.0,0.4,240.872,1.5011278195488722,0.35,0.150375939849624,3.0
2023-01-19 07:00:00,7,15,0,3,9,2,1,2,5,0,5,0,20.75,481.0,3.0,6.65,37.5,0.419047619047619,196.205,1.982205513784461,0.375,0.3007518796992481,2.933333333333333
2023-01-19 08:00:00,8,16,0,3,10,2,1,4,5,1,6,1,21.75,520.0,3.0,7.68,40.0,0.4607843137254901,218.2583068017366,2.704947916666667,0.4,0.5208333333333334,2.9375
2023-01-19 09:00:00,9,13,0,3,8,2,0,3,4,1,5,1,22.75,559.0,3.0,7.68,32.5,0.3809523809523809,204.06330680173664,2.201923076923077,0.325,0.390625,3.076923076923077
2023-01-19 10:00:00,10,18,0,5,11,2,0,7,3,1,4,1,23.75,135.0,4.0,11.65,45.0,0.3958333333333333,207.02830680173665,3.3277181688125888,0.45,0.6008583690987124,3.1666666666666665
2023-01-19 11:00:00,11,25,1,11,12,1,0,12,7,1,8,1,24.75,75.5,4.0,11.65,62.5,0.6796875,281.2833068017366,5.759549356223176,0.625,1.0300429184549356,3.48
2023-01-19 12:00:00,12,32,0,15,15,2,0,14,11,2,13,2,25.75,79.0,4.0,11.65,80.0,1.0092592592592593,369.8066136034733,6.818347639484979,0.8,1.2017167381974247,3.40625
2023-01-19 13:00:00,13,29,0,15,11,3,0,7,13,1,14,1,26.75,118.5,4.0,11.65,72.5,0.9519230769230768,381.5433068017366,4.526206156578362,0.725,0.6008583690987124,3.413793103448276
2023-01-19 14:00:00,14,22,0,12,8,2,0,5,10,1,11,1,27.75,176.0,4.0,11.65,55.00000000000001,0.6551724137931034,331.9683068017366,3.3826375341396804,0.55,0.4291845493562232,3.4545454545454546
2023-01-19 15:00:00,15,23,0,13,8,2,0,9,10,2,12,2,28.75,203.0,4.0,11.65,57.49999999999999,0.7142857142857143,354.0216136034732,4.687068482925918,0.575,0.7725321888412017,3.4782608695652173
2023-01-19 16:00:00,16,22,0,14,6,2,0,6,10,1,11,1,29.75,269.0,4.0,11.65,55.00000000000001,0.6724137931034483,343.2483068017366,3.7759851736246586,0.55,0.5150214592274678,3.5454545454545454
2023-01-19 17:00:00,17,27,0,13,10,3,1,15,13,1,14,1,30.75,250.5,4.0,11.65,67.5,0.8557692307692307,399.8133068017366,6.46915832141154,0.675,1.2875536480686696,3.2962962962962963
2023-01-19 18:00:00,18,29,0,14,11,4,0,9,14,1,15,1,10.033333333333331,306.0,4.0,11.65,72.5,0.97,300.6613068017366,5.008986976468846,0.725,0.7725321888412017,3.3448275862068964
2023-01-19 19:00:00,19,29,0,10,15,4,0,11,14,1,15,1,8.916666666666666,215.0,4.0,11.65,72.5,0.93,294.3633068017366,5.35297099304425,0.725,0.944206008583691,3.206896551724138
2023-01-19 20:00:00,20,31,1,5,21,4,0,13,13,2,15,2,9.916666666666666,196.0,4.0,10.35,77.5,0.96,305.16161360347326,6.289668069191211,0.775,1.2560386473429952,3.096774193548387
2023-01-19 21:00:00,21,34,1,5,25,3,0,14,11,2,13,2,10.916666666666666,249.0,4.0,10.35,85.0,0.9814814814814816,290.43661360347323,6.867107132708155,0.85,1.352657004830918,3.117647058823529
2023-01-19 22:00:00,22,30,1,5,21,3,0,9,9,2,11,2,11.916666666666666,206.0,3.0,6.38,75.0,1.0804597701149423,260.6966136034732,6.770062695924765,0.75,1.4106583072100314,3.1333333333333333
2023-01-19 23:00:00,23,26,2,4,18,2,0,13,7,3,10,3,12.916666666666666,241.0,3.0,6.38,65.0,0.9333333333333332,245.22492040520984,8.68307210031348,0.65,2.0376175548589344,3.230769230769231
2023-01-20 00:00:00,0,24,2,4,15,2,1,6,8,3,11,3,13.916666666666666,276.0,3.0,6.38,60.0,0.8735632183908046,259.97492040520984,4.8780564263322885,0.6,0.9404388714733544,3.1666666666666665
2023-01-20 01:00:00,1,23,2,4,15,2,0,2,8,3,11,3,14.916666666666666,336.0,3.0,6.38,57.49999999999999,0.8620689655172413,263.46992040520985,2.8972161646449504,0.575,0.3134796238244514,3.260869565217391
2023-01-20 02:00:00,2,21,2,6,12,1,0,2,8,3,11,3,15.916666666666666,396.0,3.0,6.38,52.5,0.8275862068965517,264.8199204052098,2.874787281683833,0.525,0.3134796238244514,3.4285714285714284
2023-01-20 03:00:00,3,18,1,5,10,2,0,1,8,2,10,2,16.916666666666668,465.5,3.0,6.38,45.0,0.6555555555555556,249.75661360347323,1.9887582723789616,0.45,0.1567398119122257,3.2777777777777777
2023-01-20 04:00:00,4,20,1,5,11,3,0,3,8,2,10,2,17.916666666666668,525.5,3.0,6.38,50.0,0.7111111111111111,259.68661360347323,3.104702194357367,0.5,0.4702194357366771,3.2
2023-01-20 05:00:00,5,17,1,4,11,1,0,1,8,2,10,2,18.916666666666668,585.5,3.0,6.38,42.5,0.6222222222222222,258.8916136034732,1.9163193804167435,0.425,0.1567398119122257,3.294117647058824
2023-01-20 06:00:00,6,17,1,4,11,1,0,2,8,2,10,2,19.916666666666668,645.5,3.0,6.38,42.5,0.6222222222222222,264.5316136034732,2.4326387608334867,0.425,0.3134796238244514,3.294117647058824
2023-01-20 07:00:00,7,20,1,4,13,2,0,4,9,2,11,2,20.916666666666668,665.0,3.0,6.38,50.0,0.735632183908046,290.0066136034732,3.60626959247649,0.5,0.6269592476489029,3.2
2023-01-20 08:00:00,8,25,1,4,17,3,0,9,10,2,12,2,21.916666666666668,683.5,3.0,7.0600000000000005,62.5,0.9285714285714286,319.77161360347327,5.927337110481586,0.625,1.2747875354107647,3.12
2023-01-20 09:00:00,9,26,1,4,17,4,0,5,12,2,14,2,22.916666666666668,678.5,3.0,7.0600000000000005,65.0,1.0256410256410255,354.3566136034732,4.179123992155154,0.65,0.7082152974504249,3.076923076923077
2023-01-20 10:00:00,10,32,1,3,23,5,0,11,10,2,12,2,23.916666666666668,738.5,4.0,10.31,80.0,0.8571428571428571,346.06661360347323,5.600775945683802,0.8,1.066925315227934,3.0
2023-01-20 11:00:00,11,31,1,4,22,4,0,9,10,2,12,2,24.916666666666668,753.0,4.0,10.31,77.5,0.8482142857142857,349.56161360347323,5.050135321172679,0.775,0.8729388942774006,3.064516129032258
2023-01-20 12:00:00,12,37,2,7,25,3,0,14,10,3,13,3,25.916666666666668,791.0,4.0,10.31,92.5,1.101851851851852,382.3399204052098,7.342315909507956,0.925,1.357904946653734,3.216216216216216
2023-01-20 13:00:00,13,34,2,8,20,3,1,6,8,3,11,3,26.916666666666668,851.0,4.0,10.31,85.0,0.9396551724137931,354.7449204052098,4.590692930906601,0.85,0.5819592628516004,3.2058823529411766
2023-01-20 14:00:00,14,32,2,6,19,5,0,9,7,3,10,3,27.916666666666668,893.5,4.0,10.31,80.0,0.8416666666666667,342.6949204052098,5.280213385063045,0.8,0.8729388942774006,3.15625
2023-01-20 15:00:00,15,28,2,3,19,4,0,7,6,3,9,3,22.75,425.0,4.0,10.31,70.0,0.7016129032258065,291.5749204052098,4.284602327837051,0.7,0.678952473326867,3.107142857142857
2023-01-20 16:00:00,16,27,1,3,19,3,1,12,4,2,6,2,23.75,387.0,4.0,10.31,67.5,0.5955882352941176,254.00161360347323,5.516755577109603,0.675,1.1639185257032008,3.0
2023-01-20 17:00:00,17,24,2,1,18,3,0,6,5,2,7,2,24.75,349.0,4.0,10.31,60.0,0.5606060606060606,266.6066136034732,3.644374393792435,0.6,0.5819592628516004,3.083333333333333
2023-01-20 18:00:00,18,21,2,2,14,3,0,7,5,2,7,2,25.75,409.0,4.0,10.31,52.5,0.5,265.81161360347323,3.783850630455868,0.525,0.678952473326867,3.142857142857143
2023-01-20 19:00:00,19,20,1,2,15,2,0,6,4,1,5,1,19.6,185.0,4.0,10.31,50.0,0.4428571428571428,201.3123068017366,3.354073714839961,0.5,0.5819592628516004,3.1
2023-01-20 20:00:00,20,17,0,2,14,1,0,7,2,1,3,1,20.6,725.0,4.0,10.54,42.5,0.3513513513513513,173.7173068017366,3.331476727313316,0.425,0.6641366223908919,3.0588235294117645
2023-01-20 21:00:00,21,21,0,1,19,1,0,8,5,1,6,1,21.6,138.0,4.0,10.54,52.5,0.4632352941176471,228.1373068017366,3.852039848197344,0.525,0.7590132827324478,3.0
2023-01-20 22:00:00,22,27,0,1,24,2,0,12,4,0,4,0,22.6,92.0,3.0,7.29,67.5,0.7407407407407407,218.979,6.877305288827923,0.675,1.646090534979424,2.962962962962963
2023-01-20 23:00:00,23,21,0,1,18,2,0,4,4,0,4,0,23.6,141.5,3.0,7.29,52.5,0.5740740740740741,211.749,3.1699621137892744,0.525,0.5486968449931413,2.952380952380953
2023-01-21 00:00:00,0,14,0,0,11,2,1,9,4,0,4,0,24.6,201.5,3.0,7.29,35.0,0.3518518518518518,202.374,4.300970017636684,0.35,1.2345679012345678,2.7142857142857144
2023-01-21 01:00:00,1,11,0,0,9,2,0,2,4,0,4,0,25.6,261.5,3.0,7.29,27.500000000000004,0.287037037037037,201.579,1.548163736126699,0.275,0.2743484224965706,2.8181818181818183
2023-01-21 02:00:00,2,13,0,0,11,2,0,5,4,0,4,0,26.6,321.5,3.0,7.29,32.5,0.3425925925925926,211.509,2.8770945446871377,0.325,0.6858710562414266,2.8461538461538463
2023-01-21 03:00:00,3,10,0,0,6,3,1,4,4,0,4,0,27.6,381.5,3.0,7.29,25.0,0.2314814814814814,210.714,1.9967421124828533,0.25,0.5486968449931413,2.5
2023-01-21 04:00:00,4,13,0,1,9,2,1,4,5,0,5,0,28.6,439.0,3.0,7.29,32.5,0.3428571428571428,236.189,2.4194681861348526,0.325,0.5486968449931413,2.769230769230769
2023-01-21 05:00:00,5,10,0,1,5,2,2,1,5,0,5,0,29.6,499.0,3.0,7.29,25.0,0.238095238095238,235.394,0.9679355281207134,0.25,0.1371742112482853,2.5
2023-01-21 06:00:00,6,15,0,1,9,3,2,5,5,0,5,0,30.6,559.0,3.0,7.29,37.5,0.3714285714285714,251.759,2.758264746227709,0.375,0.6858710562414266,2.6
2023-01-21 07:00:00,7,15,1,2,7,3,2,4,5,1,6,1,31.6,380.5,3.0,7.29,37.5,0.4117647058823529,271.6673068017366,2.5863511659807954,0.375,0.5486968449931413,2.8
2023-01-21 08:00:00,8,12,1,2,6,2,1,3,5,1,6,1,32.6,440.5,3.0,6.67,30.0,0.3529411764705882,270.8723068017366,2.249325337331334,0.3,0.4497751124437781,3.0
2023-01-21 09:00:00,9,19,1,3,10,4,1,9,8,1,9,1,33.6,138.0,3.0,6.67,47.5,0.6021505376344086,331.72730680173663,5.3769588889765645,0.475,1.3493253373313343,2.9473684210526314
2023-01-21 10:00:00,10,24,2,4,13,4,1,12,9,1,10,1,13.316666666666666,92.5,4.0,9.92,60.0,0.6166666666666667,241.4543068017366,5.57983870967742,0.6,1.2096774193548387,3.083333333333333
2023-01-21 11:00:00,11,21,2,4,10,5,0,7,10,1,11,1,14.316666666666666,127.0,4.0,9.92,52.5,0.5689655172413793,254.05930680173665,3.867741935483871,0.525,0.7056451612903226,3.142857142857143
2023-01-21 12:00:00,12,24,2,5,14,2,1,12,11,1,12,1,15.316666666666666,181.0,4.0,9.92,60.0,0.6875,279.53430680173665,5.806048387096774,0.6,1.2096774193548387,3.208333333333333
2023-01-21 13:00:00,13,27,2,6,17,2,0,10,11,2,13,2,16.316666666666666,229.0,4.0,9.92,67.5,0.8240740740740741,305.87761360347326,5.547879330943847,0.675,1.0080645161290325,3.2962962962962963
2023-01-21 14:00:00,14,39,2,6,23,6,2,19,11,2,13,2,17.316666666666666,281.0,4.0,9.92,97.5,1.0833333333333333,337.25761360347326,8.670967741935483,0.975,1.9153225806451613,3.0
2023-01-21 15:00:00,15,36,3,6,20,7,0,17,11,3,14,3,18.316666666666663,122.5,4.0,9.92,90.0,1.0865384615384617,350.7309204052098,8.204144265232975,0.9,1.7137096774193548,3.138888888888889
2023-01-21 16:00:00,16,33,3,5,21,4,0,12,10,3,13,3,19.316666666666663,130.0,4.0,9.92,82.5,0.9814814814814816,336.5359204052098,6.535630498533724,0.825,1.2096774193548387,3.212121212121212
2023-01-21 17:00:00,17,29,1,5,18,4,1,10,13,2,15,2,20.316666666666663,136.0,4.0,9.92,72.5,0.88,359.52761360347324,5.258954393770856,0.725,1.0080645161290325,3.034482758620689
2023-01-21 18:00:00,18,30,1,7,20,1,1,11,14,2,16,2,21.316666666666663,192.5,4.0,9.92,75.0,1.0,380.7126136034733,5.948387096774194,0.75,1.1088709677419355,3.2
2023-01-21 19:00:00,19,31,1,7,21,1,1,14,14,3,17,3,22.316666666666663,249.0,4.0,9.92,77.5,1.076086956521739,402.7659204052098,6.982023933402706,0.775,1.4112903225806452,3.193548387096774
2023-01-21 20:00:00,20,25,1,6,14,4,0,14,9,3,12,3,23.316666666666663,315.5,4.0,11.09,62.5,0.7053571428571429,328.5359204052098,5.964179440937782,0.625,1.2623985572587917,3.16
2023-01-21 21:00:00,21,28,4,5,17,1,1,13,12,3,15,3,24.316666666666663,306.0,4.0,11.09,70.0,0.94,380.8109204052098,6.285334277985315,0.7,1.1722272317403066,3.357142857142857
2023-01-21 22:00:00,22,23,4,2,16,1,0,13,11,2,13,2,13.566666666666666,206.0,3.0,7.84,57.49999999999999,0.9629629629629628,281.78761360347323,7.573336291038154,0.575,1.6581632653061225,3.391304347826087
2023-01-21 23:00:00,23,19,2,2,14,1,0,8,8,1,9,1,14.566666666666666,441.0,3.0,7.84,47.5,0.6666666666666666,224.37930680173665,4.879752953813104,0.475,1.020408163265306,3.263157894736842
2023-01-22 00:00:00,0,19,2,2,13,2,0,8,10,1,11,1,15.566666666666666,245.0,3.0,7.84,47.5,0.7011494252873564,256.8193068017366,4.801047261009667,0.475,1.020408163265306,3.210526315789474
2023-01-22 01:00:00,1,17,1,3,13,0,0,4,10,1,11,1,16.566666666666666,305.0,3.0,7.84,42.5,0.6436781609195402,258.1693068017366,3.0806722689075627,0.425,0.5102040816326531,3.294117647058824
2023-01-22 02:00:00,2,20,1,4,15,0,0,8,11,2,13,2,17.566666666666666,329.0,3.0,7.84,50.0,0.8148148148148148,297.91261360347323,5.01734693877551,0.5,1.020408163265306,3.3
2023-01-22 03:00:00,3,22,1,4,15,2,0,6,11,2,13,2,18.566666666666663,389.0,3.0,7.84,55.00000000000001,0.8641975308641975,307.84261360347324,4.185064935064935,0.55,0.7653061224489796,3.1818181818181817
2023-01-22 04:00:00,4,18,1,3,13,1,0,1,11,2,13,2,19.566666666666663,449.0,3.0,7.84,45.0,0.7160493827160493,304.90261360347324,1.860997732426304,0.45,0.1275510204081632,3.2222222222222223
2023-01-22 05:00:00,5,21,1,3,16,1,0,5,12,2,14,2,20.566666666666663,473.0,3.0,7.84,52.5,0.8589743589743589,330.3776136034732,3.7097424684159375,0.525,0.6377551020408163,3.1904761904761907
2023-01-22 06:00:00,6,20,1,4,14,1,0,2,12,2,14,2,21.566666666666663,533.0,3.0,7.84,50.0,0.8333333333333334,333.8726136034732,2.454081632653061,0.5,0.2551020408163265,3.25
2023-01-22 07:00:00,7,26,1,5,18,2,0,8,13,2,15,2,22.566666666666663,557.0,3.0,7.84,65.0,1.106666666666667,365.7826136034733,5.332456828885401,0.65,1.020408163265306,3.1923076923076925
2023-01-22 08:00:00,8,25,1,3,19,2,0,6,14,2,16,2,23.566666666666663,567.5,3.0,6.67,62.5,1.0833333333333333,382.6776136034732,4.756596701649175,0.625,0.8995502248875562,3.12
2023-01-22 09:00:00,9,28,2,4,21,1,0,10,14,2,16,2,24.566666666666663,617.5,3.0,6.67,70.0,1.2638888888888888,394.7526136034732,7.147563718140929,0.7,1.4992503748125938,3.25
2023-01-22 10:00:00,10,35,2,5,25,3,0,14,14,2,16,2,25.566666666666663,677.5,4.0,9.92,87.5,1.15625,415.4076136034733,7.2508064516129025,0.875,1.4112903225806452,3.1714285714285717
2023-01-22 11:00:00,11,35,2,5,27,1,0,21,12,2,14,2,26.566666666666663,410.0,4.0,9.92,87.5,1.0865384615384617,394.24761360347327,9.65967741935484,0.875,2.116935483870968,3.2285714285714286
2023-01-22 12:00:00,12,42,2,7,27,6,0,23,13,2,15,2,27.566666666666663,251.0,4.0,9.92,105.0,1.31,428.3026136034732,10.50666282642089,1.05,2.318548387096774,3.119047619047619
2023-01-22 13:00:00,13,39,2,8,28,1,0,12,16,2,18,2,28.566666666666663,224.0,4.0,9.92,97.5,1.4545454545454546,467.7076136034733,7.170223325062034,0.975,1.2096774193548387,3.282051282051282
2023-01-22 14:00:00,14,34,1,7,26,0,0,15,16,2,18,2,29.566666666666663,167.0,4.0,9.92,85.0,1.2613636363636365,462.62261360347327,7.711551233396585,0.85,1.5120967741935485,3.264705882352941
2023-01-22 15:00:00,15,46,1,8,35,1,1,24,14,1,15,1,30.566666666666663,180.0,4.0,9.92,115.0,1.45,452.9343068017366,11.251227208976156,1.15,2.419354838709677,3.152173913043478
2023-01-22 16:00:00,16,36,0,9,27,0,0,16,12,2,14,2,31.566666666666663,207.5,4.0,9.92,90.0,1.125,424.5926136034733,8.166935483870969,0.9,1.6129032258064515,3.25
2023-01-22 17:00:00,17,32,0,5,26,1,0,11,11,1,12,1,32.56666666666667,231.0,4.0,9.92,80.0,0.8928571428571429,393.98430680173664,5.965221774193549,0.8,1.1088709677419355,3.125
2023-01-22 18:00:00,18,37,0,4,30,3,0,20,12,1,13,1,33.56666666666667,264.0,4.0,9.92,92.5,1.037037037037037,423.7493068017366,8.902877070619008,0.925,2.0161290322580645,3.027027027027027
2023-01-22 19:00:00,19,32,0,4,28,0,0,18,10,0,10,0,34.56666666666667,78.0,4.0,9.92,80.0,0.8333333333333334,377.596,8.170362903225806,0.8,1.814516129032258,3.125
2023-01-22 20:00:00,20,18,0,3,15,0,0,10,7,0,7,0,7.3,98.0,4.0,10.44,45.0,0.4318181818181818,153.582,4.458205619412516,0.45,0.9578544061302684,3.1666666666666665
2023-01-22 21:00:00,21,17,0,4,13,0,0,9,9,0,9,0,8.3,125.0,4.0,10.44,42.5,0.4435483870967742,183.877,4.164046653144016,0.425,0.8620689655172414,3.235294117647059
2023-01-22 22:00:00,22,20,0,5,14,1,0,10,10,0,10,0,9.3,64.5,3.0,7.19,50.0,0.7111111111111111,209.352,6.050625869262866,0.5,1.3908205841446457,3.2
2023-01-22 23:00:00,23,24,0,6,16,0,2,16,11,0,11,0,10.3,123.0,3.0,7.19,60.0,0.8505747126436781,236.972,8.71138154844692,0.6,2.225312934631433,3.083333333333333
2023-01-23 00:00:00,0,24,0,5,16,2,1,10,11,0,11,0,11.3,178.0,3.0,7.19,60.0,0.8390804597701149,242.612,6.05541261010663,0.6,1.3908205841446457,3.0416666666666665
2023-01-23 01:00:00,1,23,0,4,17,1,1,8,12,0,12,0,12.3,226.5,3.0,7.19,57.49999999999999,0.8333333333333334,259.507,5.136345770091311,0.575,1.1126564673157164,3.0434782608695654
2023-01-23 02:00:00,2,22,0,3,17,1,1,7,14,0,14,0,13.3,271.5,3.0,7.19,55.00000000000001,0.8461538461538461,289.802,4.570723226703755,0.55,0.9735744089012518,3.0
2023-01-23 03:00:00,3,22,0,3,18,0,1,3,14,0,14,0,14.3,331.5,3.0,7.19,55.00000000000001,0.8589743589743589,295.442,2.945704260968517,0.55,0.4172461752433936,3.0454545454545454
2023-01-23 04:00:00,4,22,0,3,18,0,1,3,14,0,14,0,15.3,391.5,3.0,7.19,55.00000000000001,0.8589743589743589,301.082,2.945704260968517,0.55,0.4172461752433936,3.0454545454545454
2023-01-23 05:00:00,5,26,0,4,20,1,1,7,13,1,14,1,16.3,451.5,3.0,7.19,65.0,1.0128205128205128,316.1703068017366,4.93316839627688,0.65,0.9735744089012518,3.0384615384615383
2023-01-23 06:00:00,6,27,0,5,21,0,1,4,14,1,15,1,17.3,508.0,3.0,7.19,67.5,1.12,337.3553068017366,3.830798949157782,0.675,0.5563282336578582,3.111111111111111
2023-01-23 07:00:00,7,25,0,5,19,0,1,3,14,1,15,1,18.3,568.0,3.0,7.19,62.5,1.04,338.70530680173664,3.2518080667593883,0.625,0.4172461752433936,3.12
2023-01-23 08:00:00,8,24,0,5,16,2,1,5,14,1,15,1,19.3,628.0,3.0,8.059999999999999,60.0,0.9733333333333334,342.2003068017366,3.711889991728701,0.6,0.620347394540943,3.0416666666666665
2023-01-23 09:00:00,9,24,1,5,16,1,1,8,15,1,16,1,20.3,668.0,3.0,8.059999999999999,60.0,1.0555555555555556,361.2403068017366,5.043093465674111,0.6,0.9925558312655088,3.1666666666666665
2023-01-23 10:00:00,10,25,1,5,17,1,1,14,13,1,14,1,21.3,560.5,4.0,11.15,62.5,0.7596153846153846,342.2253068017366,5.942713004484306,0.625,1.2556053811659194,3.16
2023-01-23 11:00:00,11,33,1,8,18,3,3,24,10,1,11,1,22.3,334.0,4.0,11.15,82.5,0.8620689655172413,324.8253068017366,9.022625356706074,0.825,2.152466367713005,3.0303030303030303
2023-01-23 12:00:00,12,36,1,6,21,5,3,20,10,1,11,1,23.3,206.0,4.0,11.15,90.0,0.9051724137931034,336.90030680173663,7.856689088191331,0.9,1.7937219730941707,2.9166666666666665
2023-01-23 13:00:00,13,33,1,7,19,6,0,20,11,1,12,1,23.816666666666663,241.0,4.0,11.15,82.5,0.9107142857142856,346.77930680173665,8.094231553200164,0.825,1.7937219730941707,3.090909090909091
2023-01-23 14:00:00,14,36,2,6,23,5,0,20,11,2,13,2,24.816666666666663,196.0,4.0,11.15,90.0,1.0462962962962965,373.12261360347327,8.455293971101147,0.9,1.7937219730941707,3.138888888888889
2023-01-23 15:00:00,15,37,3,6,24,3,1,22,11,4,15,4,25.816666666666663,149.0,4.0,11.15,92.5,1.18,409.4442272069464,9.242570597503333,0.925,1.973094170403588,3.189189189189189
2023-01-23 16:00:00,16,32,1,4,22,5,0,16,11,2,13,2,26.816666666666663,154.0,4.0,11.15,80.0,0.8981481481481481,375.8226136034732,6.7747757847533645,0.8,1.4349775784753365,3.03125
2023-01-23 17:00:00,17,35,1,3,27,3,1,25,11,2,13,2,27.816666666666663,150.0,4.0,11.15,87.5,0.9722222222222222,387.8976136034733,9.35145739910314,0.875,2.2421524663677133,3.0
2023-01-23 18:00:00,18,33,2,2,26,2,1,15,14,1,15,1,28.816666666666663,145.0,4.0,11.15,82.5,1.01,415.17930680173663,6.642407256420709,0.825,1.345291479820628,3.060606060606061
2023-01-23 19:00:00,19,28,3,2,19,2,2,11,12,1,13,1,29.816666666666663,182.0,4.0,11.15,70.0,0.7962962962962963,383.29430680173664,5.180108904548367,0.7,0.9865470852017938,3.071428571428572
2023-01-23 20:00:00,20,32,3,1,23,3,2,20,11,1,12,1,30.816666666666663,176.0,4.0,10.55,80.0,0.8571428571428571,384.1143068017366,8.087203791469193,0.8,1.895734597156398,3.0
2023-01-23 21:00:00,21,28,1,1,21,4,1,12,10,1,11,1,31.816666666666663,186.0,4.0,10.55,70.0,0.6982758620689655,367.7743068017367,5.315453622207176,0.7,1.1374407582938388,2.892857142857143
2023-01-23 22:00:00,22,32,1,1,26,3,1,16,10,1,11,1,32.81666666666667,204.0,3.0,7.46,80.0,1.0804597701149423,381.9943068017366,8.650268096514747,0.8,2.1447721179624666,2.9375
2023-01-23 23:00:00,23,24,1,2,21,0,0,9,9,1,10,1,33.81666666666667,178.0,3.0,7.46,60.0,0.8444444444444444,357.0743068017366,5.720375335120643,0.6,1.206434316353887,3.1666666666666665
2023-01-24 00:00:00,0,22,1,3,17,1,0,9,9,1,10,1,34.81666666666667,238.0,3.0,7.46,55.00000000000001,0.7777777777777778,358.42430680173663,5.588654642944187,0.55,1.206434316353887,3.1818181818181817
2023-01-24 01:00:00,1,20,1,4,15,0,0,4,11,1,12,1,35.81666666666667,222.5,3.0,7.46,50.0,0.7857142857142857,386.5743068017366,3.419436997319034,0.5,0.5361930294906166,3.3
2023-01-24 02:00:00,2,23,1,4,18,0,0,8,12,1,13,1,36.81666666666667,265.0,3.0,7.46,57.49999999999999,0.925925925925926,412.04930680173663,5.371911061895325,0.575,1.0723860589812333,3.260869565217391
2023-01-24 03:00:00,3,23,1,6,16,0,0,3,13,1,14,1,37.81666666666667,297.5,3.0,7.46,57.49999999999999,0.9871794871794872,431.0893068017366,3.271310758829701,0.575,0.4021447721179624,3.347826086956522
2023-01-24 04:00:00,4,23,1,5,17,0,0,5,15,1,16,1,38.81666666666667,321.0,3.0,7.46,57.49999999999999,1.0555555555555556,463.5293068017367,4.114710339200373,0.575,0.6702412868632708,3.3043478260869565
2023-01-24 05:00:00,5,26,2,5,18,1,0,4,15,2,17,2,39.81666666666667,372.0,3.0,7.46,65.0,1.2463768115942029,489.87261360347327,3.923561559084347,0.65,0.5361930294906166,3.3076923076923075
2023-01-24 06:00:00,6,25,2,5,18,0,0,4,15,2,17,2,40.81666666666667,432.0,3.0,7.46,62.5,1.2173913043478262,493.3676136034733,3.901608579088472,0.625,0.5361930294906166,3.36
2023-01-24 07:00:00,7,24,2,6,16,0,0,4,17,2,19,2,41.81666666666667,413.0,3.0,7.46,60.0,1.3015873015873016,523.6626136034732,3.881992850759607,0.6,0.5361930294906166,3.4166666666666665
2023-01-24 08:00:00,8,26,2,6,17,1,0,3,17,2,19,2,42.81666666666667,473.0,3.0,6.8,65.0,1.380952380952381,533.5926136034732,3.651244343891403,0.65,0.4411764705882353,3.3461538461538463
2023-01-24 09:00:00,9,30,2,8,13,7,0,12,15,2,17,2,43.81666666666667,612.0,3.0,6.8,75.0,1.3768115942028984,521.0126136034733,7.963235294117647,0.75,1.7647058823529411,3.1666666666666665
2023-01-24 10:00:00,10,28,2,8,8,10,0,12,14,3,17,3,28.566666666666663,540.0,4.0,9.89,70.0,0.9347826086956522,431.5809204052098,5.876708074534162,0.7,1.2133468149646107,3.071428571428572
2023-01-24 11:00:00,11,35,2,10,18,5,0,23,16,3,19,3,29.566666666666663,413.0,4.0,9.89,87.5,1.3571428571428572,479.0359204052098,10.424750830564784,0.875,2.325581395348837,3.257142857142857
2023-01-24 12:00:00,12,39,2,10,17,9,1,21,12,4,16,4,30.566666666666663,284.5,4.0,9.89,97.5,1.25,453.9242272069464,9.53340592673252,0.975,2.1233569261880687,3.076923076923077
2023-01-24 13:00:00,13,40,2,9,14,11,4,20,11,4,15,4,31.566666666666663,230.0,4.0,9.89,100.0,1.14,448.3092272069465,8.613397371081902,1.0,2.0222446916076846,2.85
2023-01-24 14:00:00,14,34,3,9,15,5,2,14,10,4,14,4,32.56666666666667,313.0,4.0,9.89,85.0,1.0384615384615383,427.6792272069465,7.196520549574734,0.85,1.4155712841253791,3.176470588235294
2023-01-24 15:00:00,15,32,2,7,13,9,1,21,9,4,13,4,24.5,255.0,4.0,9.89,80.0,0.8888888888888888,364.4932272069465,8.770070778564206,0.8,2.1233569261880687,3.0
2023-01-24 16:00:00,16,34,2,7,14,9,2,15,10,3,13,3,25.5,315.0,4.0,9.89,85.0,0.925925925925926,373.5549204052098,6.960833878546363,0.85,1.5166835187057632,2.9411764705882355
2023-01-24 17:00:00,17,32,2,6,14,9,1,10,11,3,14,3,26.5,268.5,4.0,9.89,80.0,0.9134615384615384,388.3049204052098,5.376769464105157,0.8,1.0111223458038423,2.96875
2023-01-24 18:00:00,18,25,2,5,11,7,0,5,9,3,12,3,27.5,221.5,4.0,9.89,62.5,0.6875,352.1299204052099,3.482128412537917,0.625,0.5055611729019212,3.08
2023-01-24 19:00:00,19,24,2,6,10,6,0,15,8,3,11,3,28.5,295.0,4.0,9.89,60.0,0.6551724137931034,342.2249204052098,6.70283114256825,0.6,1.5166835187057632,3.1666666666666665
2023-01-24 20:00:00,20,15,1,6,5,2,1,10,6,2,8,2,29.5,456.0,4.0,11.11,37.5,0.3828125,287.49161360347324,4.16529402940294,0.375,0.9000900090009001,3.2666666666666666
2023-01-24 21:00:00,21,19,2,7,8,2,0,11,6,3,9,3,30.5,388.0,4.0,11.11,47.5,0.532258064516129,315.97992040520984,5.089291297550808,0.475,0.9900990099009902,3.473684210526316
2023-01-24 22:00:00,22,15,2,7,5,1,0,4,5,3,8,3,31.5,576.0,3.0,8.02,37.5,0.5729166666666666,299.63992040520986,3.203761429758936,0.375,0.4987531172069825,3.6666666666666665
2023-01-24 23:00:00,23,22,2,7,11,2,0,11,5,4,9,4,32.5,508.0,3.0,8.02,55.00000000000001,0.8064516129032258,334.5632272069464,6.550810473815462,0.55,1.371571072319202,3.409090909090909
2023-01-25 00:00:00,0,23,2,6,10,5,0,5,5,4,9,4,33.5,568.0,3.0,8.02,57.49999999999999,0.7956989247311828,342.3482272069465,3.855854927897647,0.575,0.6234413965087282,3.217391304347826
2023-01-25 01:00:00,1,17,2,7,7,1,0,4,6,4,10,4,34.5,445.0,3.0,8.02,42.5,0.6777777777777778,348.51822720694645,3.3146435382132906,0.425,0.4987531172069825,3.588235294117647
2023-01-25 02:00:00,2,17,2,8,5,2,0,2,6,3,9,3,35.5,688.0,3.0,8.02,42.5,0.6559139784946236,339.88992040520986,2.4198217691066453,0.425,0.2493765586034912,3.588235294117647
2023-01-25 03:00:00,3,17,2,8,5,2,0,2,6,3,9,3,36.5,748.0,3.0,8.02,42.5,0.6559139784946236,345.52992040520985,2.4198217691066453,0.425,0.2493765586034912,3.588235294117647
2023-01-25 04:00:00,4,19,2,8,7,2,0,2,6,3,9,3,37.5,808.0,3.0,8.02,47.5,0.7204301075268817,355.45992040520986,2.5543804961281005,0.475,0.2493765586034912,3.526315789473684
2023-01-25 05:00:00,5,21,2,10,7,2,0,4,7,3,10,3,38.5,685.0,3.0,8.02,52.5,0.8333333333333334,378.7899204052098,3.6562611328820807,0.525,0.4987531172069825,3.571428571428572
2023-01-25 06:00:00,6,18,2,10,5,1,0,1,7,3,10,3,39.5,745.0,3.0,8.02,45.0,0.7444444444444445,377.9949204052099,2.139117484067609,0.45,0.1246882793017456,3.7222222222222223
2023-01-25 07:00:00,7,17,2,10,4,1,0,2,7,3,10,3,40.5,805.0,3.0,8.02,42.5,0.7111111111111111,381.4899204052098,2.5388293970954967,0.425,0.2493765586034912,3.764705882352941
2023-01-25 08:00:00,8,16,2,10,3,1,0,3,7,3,10,3,41.5,865.0,3.0,6.8,40.0,0.6777777777777778,384.9849204052098,3.206985294117647,0.4,0.4411764705882353,3.8125
2023-01-25 09:00:00,9,21,2,13,5,1,0,9,11,3,14,3,42.5,624.5,3.0,6.8,52.5,1.0128205128205128,454.9499204052098,6.953991596638656,0.525,1.3235294117647058,3.761904761904762
2023-01-25 10:00:00,10,24,2,10,11,1,0,16,8,3,11,3,43.5,802.0,4.0,9.89,60.0,0.7327586206896551,426.8249204052098,7.854693292888438,0.6,1.6177957532861476,3.5416666666666665
2023-01-25 11:00:00,11,31,2,9,18,2,0,14,12,3,15,3,44.5,134.0,4.0,9.89,77.5,1.04,501.0799204052098,7.349013340291594,0.775,1.4155712841253791,3.3548387096774195
2023-01-25 12:00:00,12,27,2,9,15,0,1,14,10,4,14,4,45.5,108.5,4.0,9.89,67.5,0.8846153846153846,485.6082272069465,7.123428079242032,0.675,1.4155712841253791,3.4074074074074074
2023-01-25 13:00:00,13,24,2,11,9,1,1,9,11,4,15,4,46.5,132.0,4.0,9.89,60.0,0.84,498.2132272069464,5.285035389282102,0.6,0.910010111223458,3.5
2023-01-25 14:00:00,14,28,2,8,16,2,0,12,9,4,13,4,47.5,200.0,4.0,9.89,70.0,0.8703703703703703,485.63322720694646,6.423378593095479,0.7,1.2133468149646107,3.357142857142857
2023-01-25 15:00:00,15,38,1,8,27,1,1,22,11,3,14,3,29.83333333333333,174.0,4.0,9.89,95.0,1.1634615384615383,419.9749204052098,10.108178117183758,0.95,2.224469160768453,3.1842105263157894
2023-01-25 16:00:00,16,25,1,6,17,0,1,11,8,3,11,3,30.83333333333333,118.0,4.0,9.89,62.5,0.6982758620689655,357.52992040520985,5.6286400404448935,0.625,1.1122345803842264,3.24
2023-01-25 17:00:00,17,24,1,8,15,0,0,8,8,3,11,3,31.83333333333333,171.0,4.0,9.89,60.0,0.7068965517241379,361.02492040520985,4.813734411863835,0.6,0.8088978766430738,3.4166666666666665
2023-01-25 18:00:00,18,30,1,8,18,3,0,14,8,2,10,2,31.73333333333333,212.5,4.0,9.89,75.0,0.8083333333333333,359.0626136034732,7.00201381867206,0.75,1.4155712841253791,3.2333333333333334
2023-01-25 19:00:00,19,22,1,8,13,0,0,8,6,2,8,2,32.733333333333334,202.0,4.0,9.89,55.00000000000001,0.59375,320.7426136034732,4.694374482948801,0.55,0.8088978766430738,3.4545454545454546
2023-01-25 20:00:00,20,24,2,7,14,1,0,11,6,1,7,1,33.733333333333334,145.0,4.0,10.55,60.0,0.6212121212121212,316.40430680173665,5.612401263823064,0.6,1.0426540284360188,3.4166666666666665
2023-01-25 21:00:00,21,26,2,8,8,6,2,14,8,1,9,1,34.733333333333334,132.0,4.0,10.55,65.0,0.6451612903225806,353.1343068017366,6.083120670798396,0.65,1.3270142180094786,3.076923076923077
2023-01-25 22:00:00,22,25,1,7,11,5,1,12,5,1,6,1,35.733333333333334,129.0,3.0,7.46,62.5,0.7549019607843137,316.42930680173663,6.879423592493298,0.625,1.6085790884718498,3.08
2023-01-25 23:00:00,23,19,2,7,8,2,0,6,6,1,7,1,36.73333333333333,126.0,3.0,7.46,47.5,0.6666666666666666,322.5993068017366,4.443847890503739,0.475,0.8042895442359249,3.473684210526316
2023-01-26 00:00:00,0,17,2,6,7,2,0,5,7,1,8,1,37.73333333333333,186.0,3.0,7.46,42.5,0.6145833333333334,337.3493068017366,3.8011315249960576,0.425,0.6702412868632708,3.4705882352941178
2023-01-26 01:00:00,1,14,2,4,6,2,0,8,8,0,8,0,38.73333333333333,233.0,3.0,7.46,35.0,0.5,335.686,4.876752202221371,0.35,1.0723860589812333,3.4285714285714284
2023-01-26 02:00:00,2,12,2,4,6,0,0,8,8,0,8,0,39.73333333333333,231.5,3.0,7.46,30.0,0.4583333333333333,337.036,5.032082216264522,0.3,1.0723860589812333,3.6666666666666665
2023-01-26 03:00:00,3,8,2,3,3,0,0,1,6,0,6,0,40.73333333333333,291.5,3.0,7.46,20.0,0.3039215686274509,307.296,1.294436997319035,0.2,0.1340482573726541,3.875
2023-01-26 04:00:00,4,9,2,5,2,0,0,2,7,0,7,0,41.73333333333333,303.0,3.0,7.46,22.5,0.3636363636363636,328.481,1.9723860589812332,0.225,0.2680965147453083,4.0
2023-01-26 05:00:00,5,13,2,6,5,0,0,5,8,0,8,0,42.73333333333333,357.5,3.0,7.46,32.5,0.5104166666666666,356.101,3.7512940812538655,0.325,0.6702412868632708,3.769230769230769
2023-01-26 06:00:00,6,16,2,6,7,0,1,4,8,0,8,0,43.73333333333333,417.5,3.0,7.46,40.0,0.5833333333333334,368.176,3.2766756032171585,0.4,0.5361930294906166,3.5
2023-01-26 07:00:00,7,18,2,6,9,0,1,3,8,0,8,0,44.73333333333333,477.5,3.0,7.46,45.0,0.6458333333333334,378.106,2.935165326184093,0.45,0.4021447721179624,3.4444444444444446
2023-01-26 08:00:00,8,13,2,5,5,0,1,2,8,0,8,0,45.73333333333333,537.5,3.0,6.67,32.5,0.4791666666666667,373.021,2.2110079575596817,0.325,0.2998500749625187,3.5384615384615383
2023-01-26 09:00:00,9,13,1,5,5,1,1,3,6,0,6,0,46.73333333333333,596.5,3.0,6.67,32.5,0.4215686274509804,351.861,2.5627176796217275,0.325,0.4497751124437781,3.3076923076923075
2023-01-26 10:00:00,10,20,1,8,10,1,0,10,10,0,10,0,47.73333333333333,374.5,4.0,9.92,50.0,0.575,426.116,5.202822580645162,0.5,1.0080645161290325,3.45
2023-01-26 11:00:00,11,25,1,7,16,0,1,12,12,0,12,0,48.73333333333333,103.0,4.0,9.92,62.5,0.7321428571428571,469.281,6.017741935483871,0.625,1.2096774193548387,3.28
2023-01-26 12:00:00,12,27,2,6,16,3,0,17,12,0,12,0,49.73333333333333,107.5,4.0,9.92,67.5,0.7857142857142857,479.211,7.78542413381123,0.675,1.7137096774193548,3.259259259259259
2023-01-26 13:00:00,13,23,1,7,13,2,0,6,10,0,10,0,50.73333333333333,154.5,4.0,9.92,57.49999999999999,0.6333333333333333,449.471,3.89859747545582,0.575,0.6048387096774194,3.3043478260869565
2023-01-26 14:00:00,14,29,1,4,18,6,0,15,9,0,9,0,41.766666666666666,125.0,4.0,9.92,72.5,0.7016129032258065,398.369,6.711290322580646,0.725,1.5120967741935485,3.0
2023-01-26 15:00:00,15,30,1,5,20,4,0,15,11,0,11,0,5.133333333333334,75.0,4.0,9.92,75.0,0.8017241379310345,220.702,7.0125,0.75,1.5120967741935485,3.1
2023-01-26 16:00:00,16,40,2,6,26,6,0,24,15,1,16,1,3.183333333333333,64.5,4.0,9.92,100.0,1.2916666666666667,299.02230680173665,10.6,1.0,2.419354838709677,3.1
2023-01-26 17:00:00,17,38,2,9,23,4,0,14,15,1,16,1,4.183333333333334,111.5,4.0,9.92,95.0,1.28125,300.3723068017366,7.643123938879457,0.95,1.4112903225806452,3.236842105263158
2023-01-26 18:00:00,18,38,2,8,25,3,0,11,14,2,16,2,4.533333333333333,160.0,4.0,9.92,95.0,1.28125,303.2146136034732,6.664240237691001,0.95,1.1088709677419355,3.236842105263158
2023-01-26 19:00:00,19,34,2,10,20,2,0,9,15,1,16,1,5.533333333333333,210.0,4.0,9.92,85.0,1.1875,299.4063068017366,5.891982922201139,0.85,0.907258064516129,3.3529411764705883
2023-01-26 20:00:00,20,34,2,9,18,5,0,12,16,1,17,1,6.533333333333333,258.0,4.0,12.1,85.0,1.1956521739130437,318.4463068017366,5.95855614973262,0.85,0.9917355371900826,3.235294117647059
2023-01-26 21:00:00,21,40,2,12,20,5,1,15,16,2,18,2,7.533333333333333,180.5,4.0,12.1,100.0,1.4659090909090908,351.22461360347324,7.222933884297521,1.0,1.2396694214876032,3.225
2023-01-26 22:00:00,22,35,0,9,22,3,1,10,14,1,15,1,8.533333333333333,237.0,3.0,8.850000000000001,87.5,1.4533333333333334,305.0713068017366,6.243966908797416,0.875,1.1299435028248586,3.1142857142857143
2023-01-26 23:00:00,23,30,0,8,18,3,1,9,12,0,12,0,9.533333333333331,278.0,3.0,8.850000000000001,75.0,1.1071428571428572,258.918,5.477542372881356,0.75,1.0169491525423726,3.1
2023-01-27 00:00:00,0,30,0,8,19,2,1,7,13,0,13,0,10.533333333333331,319.0,3.0,8.850000000000001,75.0,1.160493827160494,277.958,4.82834274952919,0.75,0.7909604519774011,3.1333333333333333
2023-01-27 01:00:00,1,29,0,10,15,2,2,5,12,0,12,0,11.533333333333331,356.0,3.0,8.850000000000001,72.5,1.0833333333333333,268.053,4.04784239236314,0.725,0.5649717514124293,3.1379310344827585
2023-01-27 02:00:00,2,26,1,8,13,3,1,7,12,0,12,0,12.533333333333331,416.0,3.0,8.850000000000001,65.0,0.988095238095238,267.25800000000004,4.599989135158626,0.65,0.7909604519774011,3.1923076923076925
2023-01-27 03:00:00,3,25,0,8,13,3,1,2,12,0,12,0,13.533333333333331,476.0,3.0,8.850000000000001,62.5,0.9285714285714286,270.753,2.655084745762712,0.625,0.2259887005649717,3.12
2023-01-27 04:00:00,4,24,0,8,12,3,1,1,12,0,12,0,14.533333333333331,536.0,3.0,8.850000000000001,60.0,0.8928571428571429,274.248,2.228107344632768,0.6,0.1129943502824858,3.125
2023-01-27 05:00:00,5,25,0,8,12,4,1,3,12,0,12,0,15.533333333333331,596.0,3.0,8.850000000000001,62.5,0.9166666666666666,282.033,2.9690677966101697,0.625,0.3389830508474575,3.08
2023-01-27 06:00:00,6,22,0,7,12,2,1,4,12,0,12,0,16.533333333333335,656.0,3.0,8.850000000000001,55.00000000000001,0.8214285714285714,281.238,3.142565485362096,0.55,0.4519774011299434,3.136363636363636
2023-01-27 07:00:00,7,23,0,7,13,2,1,2,12,0,12,0,17.533333333333335,716.0,3.0,8.850000000000001,57.49999999999999,0.8571428571428571,289.023,2.5074428887251288,0.575,0.2259887005649717,3.130434782608696
2023-01-27 08:00:00,8,23,0,7,12,3,1,7,14,0,14,0,18.53333333333333,747.0,3.0,6.68,57.49999999999999,0.9102564102564102,321.463,5.009834678469149,0.575,1.0479041916167666,3.0869565217391304
2023-01-27 09:00:00,9,21,0,8,10,2,1,3,16,0,16,0,19.53333333333333,770.0,3.0,6.68,52.5,0.9305555555555556,349.613,3.107848588537212,0.525,0.4491017964071856,3.1904761904761907
2023-01-27 10:00:00,10,25,1,5,16,3,0,12,18,1,19,1,20.53333333333333,103.0,4.0,10.38,62.5,0.9404761904761904,404.9013068017366,5.628179190751446,0.625,1.1560693641618498,3.16
2023-01-27 11:00:00,11,27,1,5,18,3,0,9,18,1,19,1,21.53333333333333,114.0,4.0,10.38,67.5,1.011904761904762,414.83130680173656,4.854608220937702,0.675,0.8670520231213874,3.1481481481481484
2023-01-27 12:00:00,12,37,1,7,25,3,1,15,19,1,20,1,22.53333333333333,172.0,4.0,10.38,92.5,1.4375,455.3213068017366,7.366485705358538,0.925,1.4450867052023122,3.108108108108108
2023-01-27 13:00:00,13,36,1,6,25,4,0,9,17,1,18,1,23.53333333333333,222.0,4.0,10.38,90.0,1.2727272727272727,432.0163068017366,5.497495183044317,0.9,0.8670520231213874,3.111111111111111
2023-01-27 14:00:00,14,35,1,7,22,5,0,10,18,1,19,1,22.916666666666668,247.0,4.0,10.38,87.5,1.2976190476190477,439.7933068017366,5.725275254610515,0.875,0.9633911368015416,3.1142857142857143
2023-01-27 15:00:00,15,25,0,4,17,4,0,6,12,0,12,0,19.35,286.5,4.0,10.38,62.5,0.6696428571428571,303.559,3.6091040462427744,0.625,0.5780346820809249,3.0
2023-01-27 16:00:00,16,21,0,4,12,4,1,6,9,0,9,0,20.35,248.0,4.0,10.38,52.5,0.4919354838709677,260.419,3.2040531241398296,0.525,0.5780346820809249,2.9047619047619047
2023-01-27 17:00:00,17,22,0,5,12,5,0,8,9,0,9,0,21.35,263.0,4.0,10.38,55.00000000000001,0.532258064516129,268.204,3.9621387283237,0.55,0.7707129094412332,3.0
2023-01-27 18:00:00,18,22,0,5,14,3,0,8,8,0,8,0,22.35,338.0,4.0,10.38,55.00000000000001,0.53125,260.444,4.082203538272903,0.55,0.7707129094412332,3.090909090909091
2023-01-27 19:00:00,19,19,0,5,10,4,0,3,9,0,9,0,23.35,206.0,4.0,10.38,47.5,0.4677419354838709,273.049,2.332263462123517,0.475,0.2890173410404624,3.0526315789473686
2023-01-27 20:00:00,20,17,1,3,9,3,1,7,7,1,8,1,24.35,162.5,4.0,11.03,42.5,0.3984375,261.8673068017366,3.1788984587488662,0.425,0.6346328195829555,3.0
2023-01-27 21:00:00,21,23,1,4,13,5,0,17,7,1,8,1,25.35,167.5,4.0,11.03,57.49999999999999,0.546875,280.3773068017366,6.440764318656628,0.575,1.541251133272892,3.0434782608695654
2023-01-27 22:00:00,22,22,1,3,11,7,0,9,5,1,6,1,26.35,116.0,3.0,7.33,55.00000000000001,0.6274509803921569,257.07230680173666,5.171871511844227,0.55,1.2278308321964528,2.909090909090909
2023-01-27 23:00:00,23,17,1,1,9,6,0,6,2,1,3,1,27.35,216.0,3.0,7.33,42.5,0.4324324324324324,211.7873068017366,3.511210978252147,0.425,0.8185538881309686,2.823529411764706
2023-01-28 00:00:00,0,21,2,2,12,5,0,14,4,1,5,1,28.35,169.0,3.0,7.33,52.5,0.6095238095238096,252.80730680173664,7.420827648931333,0.525,1.9099590723055933,3.0476190476190474
2023-01-28 01:00:00,1,16,2,3,6,4,1,4,5,1,6,1,29.35,173.5,3.0,7.33,40.0,0.4803921568627451,261.1223068017366,2.896214188267394,0.4,0.5457025920873124,3.0625
2023-01-28 02:00:00,2,14,1,3,5,4,1,2,5,0,5,0,30.35,178.0,3.0,7.33,35.0,0.3904761904761905,248.204,1.824064509842136,0.35,0.2728512960436562,2.9285714285714284
2023-01-28 03:00:00,3,13,1,3,4,4,1,1,5,0,5,0,31.35,238.0,3.0,7.33,32.5,0.3619047619047619,251.699,1.3487826634484206,0.325,0.1364256480218281,2.923076923076923
2023-01-28 04:00:00,4,11,1,3,3,3,1,0,5,0,5,0,32.35,298.0,3.0,7.33,27.500000000000004,0.3142857142857143,253.049,0.8250000000000001,0.275,0.0,3.0
2023-01-28 05:00:00,5,14,1,3,6,4,0,5,5,0,5,0,33.35,358.0,3.0,7.33,35.0,0.4095238095238095,265.124,3.170108166049503,0.35,0.6821282401091405,3.071428571428572
2023-01-28 06:00:00,6,11,1,4,3,3,0,2,5,0,5,0,34.35,418.0,3.0,7.33,27.500000000000004,0.3428571428571428,264.329,1.792967877961057,0.275,0.2728512960436562,3.272727272727273
2023-01-28 07:00:00,7,14,1,4,6,3,0,4,6,0,6,0,35.35,461.5,3.0,7.33,35.0,0.4411764705882353,289.804,2.8790440459949327,0.35,0.5457025920873124,3.2142857142857144
2023-01-28 08:00:00,8,17,1,4,6,5,1,5,7,1,8,1,36.35,489.0,3.0,8.02,42.5,0.5208333333333334,329.5473068017366,3.083651166202142,0.425,0.6234413965087282,2.9411764705882355
2023-01-28 09:00:00,9,17,1,3,8,4,1,2,7,1,8,1,37.35,350.0,3.0,8.02,42.5,0.5208333333333334,335.1873068017366,1.983460466480857,0.425,0.2493765586034912,2.9411764705882355
2023-01-28 10:00:00,10,26,2,2,16,6,0,15,10,1,11,1,38.35,130.0,4.0,11.27,65.0,0.6724137931034483,400.3323068017366,5.942901508429459,0.65,1.3309671694764862,3.0
2023-01-28 11:00:00,11,32,3,1,24,4,0,14,13,1,14,1,23.633333333333333,114.0,4.0,11.27,80.0,0.9519230769230768,370.40030680173663,6.318167701863355,0.8,1.2422360248447206,3.09375
2023-01-28 12:00:00,12,35,4,1,25,5,0,10,14,1,15,1,24.633333333333333,127.0,4.0,11.27,87.5,1.09,395.8753068017367,5.488341361389276,0.875,0.8873114463176576,3.1142857142857143
2023-01-28 13:00:00,13,36,3,1,30,2,0,15,16,2,18,2,15.816666666666666,121.5,4.0,11.27,90.0,1.2840909090909092,389.3626136034733,7.002758059745638,0.9,1.3309671694764862,3.138888888888889
2023-01-28 14:00:00,14,34,1,0,32,1,0,9,15,2,17,2,16.816666666666666,130.0,4.0,11.27,85.0,1.1195652173913044,377.3126136034732,4.994228560989613,0.85,0.7985803016858918,3.0294117647058822
2023-01-28 15:00:00,15,25,1,0,23,1,0,7,8,2,10,2,10.85,159.5,4.0,11.27,62.5,0.6333333333333333,230.55561360347323,3.788198757763976,0.625,0.6211180124223603,3.04
2023-01-28 16:00:00,16,30,2,0,26,2,0,11,10,2,12,2,11.85,179.5,4.0,11.27,75.0,0.8214285714285714,273.7206136034732,5.293197278911565,0.75,0.9760425909494232,3.066666666666667
2023-01-28 17:00:00,17,31,1,3,24,3,0,7,10,1,11,1,12.85,168.0,4.0,11.27,77.5,0.8189655172413793,267.2373068017366,4.278426167100782,0.775,0.6211180124223603,3.064516129032258
2023-01-28 18:00:00,18,23,1,3,19,0,0,5,9,0,9,0,13.85,172.0,4.0,11.27,57.49999999999999,0.5967741935483871,228.049,3.277414065815362,0.575,0.4436557231588288,3.217391304347826
2023-01-28 19:00:00,19,19,2,2,15,0,0,2,7,0,7,0,14.85,232.0,4.0,11.27,47.5,0.4772727272727273,198.309,2.16342759071592,0.475,0.1774622892635315,3.3157894736842106
2023-01-28 20:00:00,20,26,1,3,19,1,2,15,6,0,6,0,10.616666666666667,154.5,4.0,10.93,65.0,0.5735294117647058,176.048,6.067108874656908,0.65,1.372369624885636,3.0
2023-01-28 21:00:00,21,25,0,3,21,0,1,10,2,1,3,1,11.616666666666667,73.0,4.0,10.93,62.5,0.5135135135135135,140.2113068017366,4.681335773101556,0.625,0.9149130832570906,3.04
2023-01-28 22:00:00,22,25,0,5,18,1,1,9,2,1,3,1,12.616666666666667,83.0,3.0,7.68,62.5,0.6936936936936937,145.8513068017366,5.534375,0.625,1.171875,3.08
2023-01-28 23:00:00,23,26,0,5,17,3,1,11,4,1,5,1,13.616666666666667,117.0,3.0,7.68,65.0,0.7428571428571429,180.43630680173663,6.246875000000001,0.65,1.4322916666666667,3.0
2023-01-29 00:00:00,0,25,0,4,20,0,1,9,3,0,3,0,14.616666666666667,177.0,3.0,7.68,62.5,0.6936936936936937,156.263,5.534375,0.625,1.171875,3.08
2023-01-29 01:00:00,1,22,0,4,16,1,1,7,3,0,3,0,15.616666666666667,237.0,3.0,7.68,55.00000000000001,0.6036036036036037,155.46800000000002,4.450804924242424,0.55,0.9114583333333334,3.0454545454545454
2023-01-29 02:00:00,2,20,1,5,13,0,1,6,4,1,5,1,16.616666666666667,28.0,3.0,7.68,50.0,0.6190476190476191,184.48630680173665,4.1640625,0.5,0.78125,3.25
2023-01-29 03:00:00,3,18,1,5,11,0,1,3,4,1,5,1,17.616666666666667,88.0,3.0,7.68,45.0,0.5619047619047619,185.8363068017366,2.7553819444444443,0.45,0.390625,3.2777777777777777
2023-01-29 04:00:00,4,14,1,4,8,0,1,1,4,1,5,1,18.616666666666667,148.0,3.0,7.68,35.0,0.4380952380952381,182.8963068017366,1.5778273809523808,0.35,0.1302083333333333,3.2857142857142856
2023-01-29 05:00:00,5,15,0,4,10,0,1,4,5,0,5,0,11.9,208.0,3.0,7.68,37.5,0.4476190476190476,146.291,2.8069444444444445,0.375,0.5208333333333334,3.1333333333333333
2023-01-29 06:00:00,6,15,0,5,9,0,1,3,5,0,5,0,12.9,268.0,3.0,7.68,37.5,0.4571428571428571,151.93099999999998,2.45,0.375,0.390625,3.2
2023-01-29 07:00:00,7,22,0,4,17,0,1,9,5,0,5,0,13.9,328.0,3.0,7.68,55.00000000000001,0.6476190476190476,172.586,5.322159090909091,0.55,1.171875,3.090909090909091
2023-01-29 08:00:00,8,21,1,4,14,1,1,8,7,0,7,0,12.516666666666667,377.0,3.0,6.67,52.5,0.6666666666666666,189.439,5.419543799528808,0.525,1.199400299850075,3.142857142857143
2023-01-29 09:00:00,9,23,1,6,15,0,1,10,11,0,11,0,13.516666666666667,99.0,3.0,6.67,57.49999999999999,0.8620689655172413,252.969,6.763859917867152,0.575,1.4992503748125938,3.260869565217391
2023-01-29 10:00:00,10,19,2,5,10,0,2,9,10,0,10,0,14.516666666666667,119.0,4.0,10.37,47.5,0.5166666666666667,236.629,4.382056032076333,0.475,0.8678881388621021,3.263157894736842
2023-01-29 11:00:00,11,27,1,6,19,1,0,17,12,1,13,1,15.516666666666667,146.0,4.0,10.37,67.5,0.8148148148148148,300.4973068017366,7.543047965998785,0.675,1.6393442622950818,3.259259259259259
2023-01-29 12:00:00,12,25,1,6,17,0,1,12,14,1,15,1,16.516666666666666,76.0,4.0,10.37,62.5,0.81,328.6473068017366,5.774276759884281,0.625,1.1571841851494695,3.24
2023-01-29 13:00:00,13,28,2,6,19,0,1,11,15,2,17,2,17.516666666666666,93.0,4.0,10.37,70.0,1.0,368.3906136034732,5.785328557652568,0.7,1.060752169720347,3.2857142857142856
2023-01-29 14:00:00,14,32,2,6,22,1,1,9,17,1,18,1,12.466666666666669,152.0,4.0,10.37,80.0,1.1704545454545454,361.02030680173664,5.368514946962391,0.8,0.8678881388621021,3.21875
2023-01-29 15:00:00,15,25,1,5,17,2,0,10,9,1,10,1,6.766666666666667,181.0,4.0,10.37,62.5,0.6666666666666666,206.6573068017366,5.085824493731919,0.625,0.9643201542912246,3.2
2023-01-29 16:00:00,16,25,1,5,17,2,0,12,8,1,9,1,7.766666666666667,233.0,4.0,10.37,62.5,0.6451612903225806,198.89730680173665,5.702989392478303,0.625,1.1571841851494695,3.2
2023-01-29 17:00:00,17,26,1,6,18,1,0,11,8,1,9,1,8.766666666666667,244.0,4.0,10.37,65.0,0.6854838709677419,206.68230680173664,5.592843631778057,0.65,1.060752169720347,3.269230769230769
2023-01-29 18:00:00,18,21,0,6,13,2,0,4,6,1,7,1,9.766666666666667,353.0,4.0,10.37,52.5,0.5075757575757576,174.79730680173662,2.905656196904992,0.525,0.3857280617164898,3.1904761904761907
2023-01-29 19:00:00,19,23,0,7,13,3,0,11,8,1,9,1,10.766666666666667,59.0,4.0,10.37,57.49999999999999,0.5887096774193549,211.52730680173664,5.191735147373275,0.575,1.060752169720347,3.1739130434782608
2023-01-29 20:00:00,20,29,0,7,19,3,0,17,10,1,11,1,11.766666666666667,100.0,4.0,11.38,72.5,0.7844827586206896,256.83730680173664,6.9625946912308345,0.725,1.493848857644991,3.1379310344827585
2023-01-29 21:00:00,21,34,1,7,18,7,1,19,13,1,14,1,12.766666666666667,133.0,4.0,11.38,85.0,0.9807692307692308,313.4023068017366,7.558787346221441,0.85,1.669595782073814,3.0
2023-01-29 22:00:00,22,27,2,7,16,2,0,12,10,2,12,2,13.766666666666667,166.0,3.0,7.68,67.5,1.0714285714285714,278.0956136034732,7.458333333333333,0.675,1.5625,3.333333333333333
2023-01-29 23:00:00,23,28,2,6,19,1,0,10,12,1,13,1,14.766666666666667,149.0,3.0,7.68,70.0,1.148148148148148,298.41230680173663,6.649776785714286,0.7,1.3020833333333337,3.321428571428572
2023-01-30 00:00:00,0,27,2,5,19,0,1,8,11,1,12,1,15.766666666666667,198.0,3.0,7.68,67.5,1.0476190476190477,288.5073068017366,5.595061728395062,0.675,1.0416666666666667,3.259259259259259
2023-01-30 01:00:00,1,26,2,6,17,1,0,5,11,1,12,1,16.766666666666666,258.0,3.0,7.68,65.0,1.0357142857142858,292.0023068017366,4.353485576923077,0.65,0.6510416666666667,3.3461538461538463
2023-01-30 02:00:00,2,30,2,5,19,3,1,10,12,1,13,1,17.766666666666666,307.0,3.0,7.68,75.0,1.160493827160494,319.6223068017366,6.429861111111111,0.75,1.3020833333333337,3.1333333333333333
2023-01-30 03:00:00,3,28,2,5,17,3,1,1,12,1,13,1,18.766666666666666,367.0,3.0,7.68,70.0,1.0864197530864197,320.97230680173664,2.6092261904761904,0.7,0.1302083333333333,3.142857142857143
2023-01-30 04:00:00,4,20,2,5,13,0,0,1,12,1,13,1,19.766666666666666,427.0,3.0,7.68,50.0,0.8518518518518519,309.4523068017366,2.17421875,0.5,0.1302083333333333,3.45
2023-01-30 05:00:00,5,21,2,6,13,0,0,1,13,1,14,1,20.766666666666666,485.5,3.0,7.68,52.5,0.935897435897436,330.6373068017366,2.2776289682539685,0.525,0.1302083333333333,3.4761904761904763
2023-01-30 06:00:00,6,20,2,6,12,0,0,1,13,1,14,1,21.766666666666666,545.5,3.0,7.68,50.0,0.8974358974358975,334.1323068017366,2.205729166666667,0.5,0.1302083333333333,3.5
2023-01-30 07:00:00,7,19,2,5,11,1,0,3,13,1,14,1,22.766666666666666,605.5,3.0,7.68,47.5,0.8333333333333334,337.6273068017366,2.961348684210526,0.475,0.390625,3.421052631578948
2023-01-30 08:00:00,8,23,3,6,10,4,0,7,15,1,16,1,23.766666666666666,640.0,3.0,7.01,57.49999999999999,1.0694444444444444,378.6473068017366,5.268050300812504,0.575,0.9985734664764624,3.347826086956522
2023-01-30 09:00:00,9,30,5,8,14,3,0,10,19,3,22,3,24.766666666666666,615.0,3.0,7.01,75.0,1.9444444444444444,481.4389204052098,7.617867332382312,0.75,1.4265335235378032,3.5
2023-01-30 10:00:00,10,33,5,9,16,3,0,10,16,4,20,4,25.766666666666666,407.0,4.0,10.37,82.5,1.4375,467.5822272069464,6.235509628590632,0.825,0.9643201542912248,3.484848484848485
2023-01-30 11:00:00,11,43,5,10,27,1,0,16,20,4,24,4,26.766666666666666,180.0,4.0,10.37,107.5,2.3125,548.2722272069465,9.010488663631673,1.075,1.5429122468659595,3.441860465116279
2023-01-30 12:00:00,12,46,5,12,26,3,0,14,22,4,26,4,27.766666666666666,232.0,4.0,10.37,115.0,2.8035714285714284,587.1472272069465,8.532773258982852,1.15,1.3500482160077147,3.4130434782608696
2023-01-30 13:00:00,13,40,5,11,24,0,0,7,22,4,26,4,28.766666666666666,288.5,4.0,10.37,100.0,2.517857142857143,579.9172272069464,5.904459980713598,1.0,0.6750241080038574,3.525
2023-01-30 14:00:00,14,49,7,12,29,1,0,17,22,4,26,4,29.766666666666666,348.5,4.0,10.37,122.5,3.071428571428572,604.8622272069465,10.054432920709267,1.225,1.639344262295082,3.510204081632653
2023-01-30 15:00:00,15,48,7,11,27,3,0,12,21,3,24,3,30.766666666666666,405.0,4.0,10.37,120.0,2.59375,580.6889204052098,8.151928640308583,1.2,1.1571841851494695,3.458333333333333
2023-01-30 16:00:00,16,45,7,13,24,1,0,9,22,3,25,3,31.766666666666666,457.0,4.0,10.37,112.5,2.683333333333333,593.2939204052097,7.130110896817744,1.125,0.8678881388621023,3.577777777777778
2023-01-30 17:00:00,17,45,6,12,26,1,0,7,23,3,26,3,32.766666666666666,392.5,4.0,10.37,112.5,2.821428571428572,612.3339204052098,6.32008464588021,1.125,0.6750241080038574,3.511111111111111
2023-01-30 18:00:00,18,46,4,11,29,2,0,9,23,3,26,3,33.766666666666666,413.0,4.0,10.37,115.0,2.767857142857143,620.1189204052098,6.799405685296215,1.15,0.8678881388621023,3.369565217391304
2023-01-30 19:00:00,19,38,4,8,24,2,0,6,20,2,22,2,34.766666666666666,373.5,4.0,10.37,95.0,1.7777777777777777,554.1306136034732,5.148941785514896,0.95,0.5785920925747349,3.3684210526315788
2023-01-30 20:00:00,20,41,3,7,26,3,2,11,20,3,23,3,35.766666666666666,259.0,4.0,9.71,102.5,1.897058823529412,580.4739204052098,6.789341513652006,1.025,1.1328527291452113,3.1463414634146343
2023-01-30 21:00:00,21,36,4,7,21,2,2,6,17,3,20,3,36.766666666666666,303.0,4.0,9.71,90.0,1.4625,535.1889204052097,4.933238928939239,0.9,0.6179196704428425,3.25
2023-01-30 22:00:00,22,27,3,4,16,2,2,5,14,3,17,3,37.766666666666666,332.0,3.0,6.35,67.5,1.2318840579710144,481.3239204052098,4.603856809565472,0.675,0.7874015748031497,3.1481481481481484
2023-01-30 23:00:00,23,29,4,4,18,1,2,7,13,2,15,2,38.766666666666666,288.0,3.0,6.35,72.5,1.2533333333333334,463.5856136034732,5.923174042899809,0.725,1.1023622047244095,3.2413793103448274
2023-01-31 00:00:00,0,31,4,3,20,2,2,10,14,2,16,2,39.766666666666666,317.0,3.0,6.35,77.5,1.3611111111111112,486.9156136034732,7.428409956819914,0.775,1.5748031496062993,3.161290322580645
2023-01-31 01:00:00,1,28,4,3,17,2,2,5,14,2,16,2,40.766666666666666,377.0,3.0,6.35,70.0,1.2361111111111112,486.1206136034732,4.72781214848144,0.7,0.7874015748031497,3.1785714285714284
2023-01-31 02:00:00,2,29,3,4,18,2,2,5,14,1,15,1,41.766666666666666,455.0,3.0,6.35,72.5,1.2133333333333334,479.6373068017366,4.7458118381754,0.725,0.7874015748031497,3.1379310344827585
2023-01-31 03:00:00,3,26,3,3,16,2,2,3,15,1,16,1,42.766666666666666,491.0,3.0,6.35,65.0,1.125,492.2423068017366,3.4968352513628105,0.65,0.4724409448818898,3.1153846153846154
2023-01-31 04:00:00,4,23,2,3,15,1,2,1,14,0,14,0,43.766666666666666,551.0,3.0,6.35,57.49999999999999,0.9102564102564102,463.779,2.2611348853132487,0.575,0.1574803149606299,3.0869565217391304
2023-01-31 05:00:00,5,22,2,3,14,1,2,1,14,0,14,0,44.766666666666666,611.0,3.0,6.35,55.00000000000001,0.8717948717948718,467.274,2.186757337151038,0.55,0.1574803149606299,3.090909090909091
2023-01-31 06:00:00,6,23,2,3,15,1,2,4,15,0,15,0,45.766666666666666,647.0,3.0,6.35,57.49999999999999,0.9466666666666668,488.459,3.719539541252996,0.575,0.6299212598425197,3.0869565217391304
2023-01-31 07:00:00,7,22,2,3,14,1,2,3,15,0,15,0,46.766666666666666,707.0,3.0,6.35,55.00000000000001,0.9066666666666666,491.954,3.160272011453114,0.55,0.4724409448818898,3.090909090909091
2023-01-31 08:00:00,8,23,2,4,14,1,2,6,17,0,17,0,47.766666666666666,722.0,3.0,7.220000000000001,57.49999999999999,1.0434782608695652,526.539,4.401469348428279,0.575,0.8310249307479224,3.130434782608696
2023-01-31 09:00:00,9,28,1,4,20,1,2,7,15,0,15,0,48.766666666666666,782.0,3.0,7.220000000000001,70.0,1.1333333333333333,516.104,5.068213296398891,0.7,0.969529085872576,3.0357142857142856
2023-01-31 10:00:00,10,30,1,4,22,2,1,9,17,0,17,0,49.766666666666666,652.0,4.0,10.920000000000002,75.0,1.0,552.834,4.827472527472527,0.75,0.824175824175824,3.066666666666667
2023-01-31 11:00:00,11,37,1,8,24,3,1,16,21,0,21,0,50.766666666666666,316.0,4.0,10.920000000000002,92.5,1.5263157894736843,627.0889999999999,7.493604593604593,0.925,1.4652014652014649,3.135135135135135
2023-01-31 12:00:00,12,42,1,8,30,2,1,13,22,0,22,0,51.766666666666666,313.5,4.0,10.920000000000002,105.0,1.8333333333333333,656.854,7.041496598639456,1.05,1.1904761904761902,3.142857142857143
2023-01-31 13:00:00,13,45,1,8,34,1,1,10,21,0,21,0,52.766666666666666,210.0,4.0,10.920000000000002,112.5,1.868421052631579,655.529,6.439702889702889,1.125,0.9157509157509156,3.1555555555555554
2023-01-31 14:00:00,14,44,1,9,32,1,1,10,21,1,22,1,53.766666666666666,225.0,4.0,10.920000000000002,110.0,1.9444444444444444,673.2923068017367,6.413752913752913,1.1,0.9157509157509156,3.1818181818181817
2023-01-31 15:00:00,15,41,2,9,29,0,1,8,20,2,22,2,54.766666666666666,259.0,4.0,10.920000000000002,102.5,1.8611111111111112,673.3656136034732,5.744353613865808,1.025,0.7326007326007324,3.268292682926829
2023-01-31 16:00:00,16,37,3,7,27,0,0,8,16,2,18,2,55.766666666666666,223.5,4.0,10.920000000000002,92.5,1.4090909090909092,616.8256136034732,5.555202455202455,0.925,0.7326007326007324,3.3513513513513518
2023-01-31 17:00:00,17,44,3,9,32,0,0,9,19,2,21,2,56.766666666666666,212.0,4.0,10.920000000000002,110.0,1.9342105263157892,677.6806136034733,6.428496503496503,1.1,0.824175824175824,3.340909090909091
2023-01-31 18:00:00,18,47,3,11,32,0,1,9,22,2,24,2,57.766666666666666,237.5,4.0,10.920000000000002,117.5,2.4375,729.9556136034732,6.635562310030395,1.175,0.824175824175824,3.3191489361702127
2023-01-31 19:00:00,19,49,3,11,34,0,1,12,24,3,27,3,58.766666666666666,255.0,4.0,10.920000000000002,122.5,3.1153846153846154,780.9539204052098,7.683101592285267,1.225,1.0989010989010988,3.306122448979592
2023-01-31 20:00:00,20,50,3,10,36,1,0,11,22,3,25,3,59.766666666666666,315.0,4.0,11.21,125.0,2.75,761.9389204052098,7.363180196253346,1.25,0.9812667261373772,3.3
2023-01-31 21:00:00,21,37,3,10,22,2,0,3,18,3,21,3,60.766666666666666,449.0,4.0,11.21,92.5,1.644736842105263,686.0939204052099,4.02911553391036,0.925,0.2676181980374665,3.3783783783783785
2023-01-31 22:00:00,22,33,2,10,19,2,0,8,17,3,20,3,61.766666666666666,404.5,3.0,7.51,82.5,1.85,669.7539204052098,6.358101319452851,0.825,1.0652463382157125,3.363636363636364
2023-01-31 23:00:00,23,30,2,8,19,1,0,9,13,3,16,3,50.48333333333333,365.0,3.0,7.51,75.0,1.4027777777777777,546.0809204052098,6.559620505992011,0.75,1.1984021304926764,3.3666666666666667
