ts,hour,census,l1,l2,l3,l4,l5,arrivals,waitBed,waitICU,D_board,vent,maxLOS_h,awt_curr_min,Na,cap_sum,OCCUPANCY,EDWIN,NEDOCS,READI,READI_BR,READI_PR,READI_AR
2020-06-01 00:00:00,0,21,0,4,17,0,0,8,6,1,7,1,20.6,133.0,3.0,6.65,52.5,0.6767676767676768,235.89730680173665,5.513166845685642,0.525,1.2030075187969924,3.1904761904761907
2020-06-01 01:00:00,1,21,0,4,15,1,1,5,7,0,7,0,21.6,193.0,3.0,6.65,52.5,0.6464646464646465,240.669,3.891442892946652,0.525,0.7518796992481203,3.0476190476190474
2020-06-01 02:00:00,2,19,1,5,12,1,0,4,9,0,9,0,22.6,221.0,3.0,6.65,47.5,0.6774193548387096,268.819,3.569459833795014,0.475,0.6015037593984962,3.3157894736842106
2020-06-01 03:00:00,3,22,2,5,13,2,0,3,10,0,10,0,23.6,279.0,3.0,6.65,55.00000000000001,0.8111111111111111,294.294,3.3219241285030763,0.55,0.4511278195488721,3.3181818181818183
2020-06-01 04:00:00,4,25,2,6,14,3,0,3,11,0,11,0,24.6,337.0,3.0,6.65,62.5,0.942528735632184,319.769,3.5296992481203007,0.625,0.4511278195488721,3.28
2020-06-01 05:00:00,5,27,2,6,16,3,0,2,11,0,11,0,25.6,397.0,3.0,6.65,67.5,1.011494252873563,329.699,3.1802283486494014,0.675,0.3007518796992481,3.259259259259259
2020-06-01 06:00:00,6,26,2,6,16,2,0,1,11,0,11,0,26.6,457.0,3.0,6.65,65.0,0.9885057471264368,333.194,2.6473973395026027,0.65,0.150375939849624,3.3076923076923075
2020-06-01 07:00:00,7,27,2,7,17,1,0,6,11,0,11,0,27.6,517.0,3.0,6.65,67.5,1.0459770114942528,340.979,5.31593567251462,0.675,0.9022556390977444,3.3703703703703702
2020-06-01 08:00:00,8,26,2,7,17,0,0,5,11,1,12,1,23.85,526.5,3.0,6.3,65.0,1.0595238095238095,331.95230680173665,4.941727716727717,0.65,0.7936507936507937,3.423076923076923
2020-06-01 09:00:00,9,23,0,6,16,1,0,8,5,2,7,2,24.85,115.0,3.0,6.3,57.49999999999999,0.7474747474747475,265.02561360347323,5.935576259489303,0.575,1.2698412698412698,3.217391304347826
2020-06-01 10:00:00,10,22,0,6,15,1,0,9,3,3,6,3,25.85,93.5,4.0,9.55,55.00000000000001,0.5220588235294118,255.98892040520985,4.816408852927177,0.55,0.9424083769633508,3.227272727272727
2020-06-01 11:00:00,11,24,0,8,15,1,0,9,7,4,11,4,26.85,62.0,4.0,9.55,60.0,0.6810344827586207,333.78722720694645,5.077094240837696,0.6,0.9424083769633508,3.2916666666666665
2020-06-01 12:00:00,12,24,0,6,17,1,0,5,5,3,8,3,27.85,117.5,4.0,9.55,60.0,0.6015625,298.35892040520986,3.604755671902269,0.6,0.5235602094240838,3.208333333333333
2020-06-01 13:00:00,13,22,0,4,16,2,0,5,5,2,7,2,28.85,173.0,4.0,9.55,55.00000000000001,0.5151515151515151,285.44061360347325,3.318277010947168,0.55,0.5235602094240838,3.090909090909091
2020-06-01 14:00:00,14,27,0,6,19,2,0,7,6,1,7,1,29.85,227.0,4.0,9.55,67.5,0.6439393939393939,300.9373068017366,4.432543145239481,0.675,0.7329842931937173,3.1481481481481484
2020-06-01 15:00:00,15,26,0,5,21,0,0,5,8,1,9,1,30.85,85.0,4.0,9.55,65.0,0.6693548387096774,331.2323068017366,3.746365283930729,0.65,0.5235602094240838,3.1923076923076925
2020-06-01 16:00:00,16,25,0,3,22,0,0,5,8,1,9,1,31.85,114.0,4.0,9.55,62.5,0.6290322580645161,334.72730680173663,3.583507853403141,0.625,0.5235602094240838,3.12
2020-06-01 17:00:00,17,28,0,5,23,0,0,8,12,1,13,1,32.85,136.0,4.0,9.55,70.0,0.8240740740740741,400.40230680173664,4.887677636499625,0.7,0.8376963350785339,3.1785714285714284
2020-06-01 18:00:00,18,25,0,5,20,0,0,6,12,0,12,0,33.85,107.5,4.0,9.55,62.5,0.7142857142857143,385.339,4.010471204188482,0.625,0.6282722513089005,3.2
2020-06-01 19:00:00,19,18,0,2,15,0,1,3,6,0,6,0,34.85,165.0,4.0,9.55,45.0,0.3970588235294117,295.564,2.292408376963351,0.45,0.3141361256544502,3.0
2020-06-01 20:00:00,20,21,0,2,18,0,1,5,6,1,7,1,35.85,145.0,4.0,11.28,52.5,0.4772727272727273,321.9073068017366,2.904787234042553,0.525,0.4432624113475177,3.0
2020-06-01 21:00:00,21,19,0,3,14,0,2,4,5,1,6,1,36.85,161.0,4.0,11.28,47.5,0.4117647058823529,309.8573068017366,2.445166106756252,0.475,0.3546099290780142,2.9473684210526314
2020-06-01 22:00:00,22,15,0,3,10,1,1,4,3,2,5,2,37.85,170.0,3.0,8.03,37.5,0.4285714285714285,294.3856136034732,2.61939601494396,0.375,0.4981320049813201,3.0
2020-06-01 23:00:00,23,20,0,4,15,0,1,9,4,4,8,4,38.85,129.5,3.0,8.03,50.0,0.6458333333333334,352.68722720694643,5.024470734744708,0.5,1.1207970112079702,3.1
2020-06-02 00:00:00,0,16,0,3,12,0,1,5,3,4,7,4,39.85,140.0,3.0,8.03,40.0,0.494949494949495,336.3472272069464,3.1319115815691165,0.4,0.6226650062266501,3.0625
2020-06-02 01:00:00,1,16,0,2,12,1,1,3,3,3,6,3,40.85,249.5,3.0,8.03,40.0,0.4607843137254901,327.7189204052098,2.272447073474471,0.4,0.3735990037359901,2.9375
2020-06-02 02:00:00,2,14,0,3,10,0,1,4,3,2,5,2,41.85,359.0,3.0,8.03,35.0,0.4095238095238095,314.8006136034732,2.6049768724426263,0.35,0.4981320049813201,3.071428571428572
2020-06-02 03:00:00,3,15,0,2,12,0,1,2,3,2,5,2,42.85,419.0,3.0,8.03,37.5,0.4285714285714285,322.58561360347323,1.87219800747198,0.375,0.24906600249066,3.0
2020-06-02 04:00:00,4,17,0,3,13,0,1,5,5,2,7,2,43.85,347.0,3.0,8.03,42.5,0.5252525252525253,359.31561360347325,3.2046223719874,0.425,0.6226650062266501,3.0588235294117645
2020-06-02 05:00:00,5,15,0,3,11,0,1,1,5,1,6,1,44.85,385.0,3.0,8.03,37.5,0.4509803921568627,346.3973068017366,1.531901203819012,0.375,0.12453300124533,3.066666666666667
2020-06-02 06:00:00,6,16,0,3,12,0,1,2,6,1,7,1,45.85,423.0,3.0,8.03,40.0,0.494949494949495,367.5823068017366,1.9877646326276464,0.4,0.24906600249066,3.0625
2020-06-02 07:00:00,7,20,1,5,13,0,1,7,8,1,9,1,46.85,234.0,3.0,8.03,50.0,0.6989247311827957,408.60230680173663,4.458125778331258,0.5,0.8717310087173101,3.25
2020-06-02 08:00:00,8,19,1,6,11,0,1,2,9,1,10,1,47.85,269.0,3.0,6.66,47.5,0.7,425.4973068017366,2.570732574679943,0.475,0.3003003003003003,3.3157894736842106
2020-06-02 09:00:00,9,18,1,6,11,0,0,5,5,2,7,2,48.85,304.0,3.0,6.66,45.0,0.6262626262626263,389.6606136034732,4.135919252585919,0.45,0.7507507507507507,3.4444444444444446
2020-06-02 10:00:00,10,20,1,5,12,2,0,6,4,2,6,2,49.85,165.0,4.0,10.12,50.0,0.4779411764705882,386.19061360347325,3.551877470355731,0.5,0.592885375494071,3.25
2020-06-02 11:00:00,11,24,2,5,13,4,0,7,6,3,9,3,50.85,138.0,4.0,10.12,60.0,0.6209677419354839,441.4789204052098,4.144202898550724,0.6,0.6916996047430829,3.208333333333333
2020-06-02 12:00:00,12,21,1,5,11,4,0,4,5,2,7,2,51.85,140.0,4.0,10.12,52.5,0.5,413.0156136034732,2.8922360248447205,0.525,0.3952569169960473,3.142857142857143
2020-06-02 13:00:00,13,19,1,6,10,2,0,5,4,3,7,3,52.85,165.0,4.0,10.12,47.5,0.4772727272727273,415.23392040520986,3.21323590597046,0.475,0.4940711462450592,3.3157894736842106
2020-06-02 14:00:00,14,21,1,6,13,1,0,7,7,1,8,1,53.85,210.0,4.0,10.12,52.5,0.546875,436.8273068017367,4.05566534914361,0.525,0.6916996047430829,3.333333333333333
2020-06-02 15:00:00,15,22,1,7,14,0,0,10,9,1,10,1,54.85,105.0,4.0,10.12,55.00000000000001,0.625,471.4123068017366,5.243666906216313,0.55,0.9881422924901184,3.409090909090909
2020-06-02 16:00:00,16,20,0,7,13,0,0,4,10,0,10,0,55.85,151.0,4.0,10.12,50.0,0.5583333333333333,471.894,2.9991106719367586,0.5,0.3952569169960473,3.35
2020-06-02 17:00:00,17,24,0,8,16,0,0,11,8,0,8,0,56.85,173.5,4.0,10.12,60.0,0.625,459.314,5.6231884057971016,0.6,1.0869565217391304,3.333333333333333
2020-06-02 18:00:00,18,29,0,7,21,1,0,10,8,0,8,0,57.85,230.5,4.0,10.12,72.5,0.7265625,475.679,5.493870110399346,0.725,0.9881422924901184,3.206896551724138
2020-06-02 19:00:00,19,29,0,7,22,0,0,9,7,0,7,0,58.85,336.0,4.0,10.12,72.5,0.7121212121212122,467.919,5.232649584298759,0.725,0.8893280632411066,3.2413793103448274
2020-06-02 20:00:00,20,20,0,4,16,0,0,6,7,1,8,1,59.85,227.0,4.0,11.22,50.0,0.5,468.5223068017366,3.311229946524064,0.5,0.5347593582887701,3.2
2020-06-02 21:00:00,21,17,0,2,15,0,0,5,7,1,8,1,60.85,98.5,4.0,11.22,42.5,0.4140625,467.72730680173663,2.714325783789452,0.425,0.4456327985739751,3.117647058823529
2020-06-02 22:00:00,22,20,0,3,17,0,0,7,7,0,7,0,61.85,138.0,3.0,7.76,50.0,0.6363636363636364,465.534,4.416494845360824,0.5,0.9020618556701032,3.15
2020-06-02 23:00:00,23,21,0,2,19,0,0,6,7,0,7,0,62.85,198.0,3.0,7.76,52.5,0.6565656565656566,473.319,4.018225331369662,0.525,0.7731958762886598,3.095238095238096
2020-06-03 00:00:00,0,17,0,2,15,0,0,4,7,0,7,0,63.85,258.0,3.0,7.76,42.5,0.5353535353535354,470.379,2.932034566403881,0.425,0.5154639175257733,3.117647058823529
2020-06-03 01:00:00,1,17,0,2,15,0,0,4,7,0,7,0,64.85,318.0,3.0,7.76,42.5,0.5353535353535354,476.019,2.932034566403881,0.425,0.5154639175257733,3.117647058823529
2020-06-03 02:00:00,2,17,0,2,15,0,0,3,6,0,6,0,65.85,368.5,3.0,7.76,42.5,0.5196078431372549,468.259,2.5302759248029107,0.425,0.3865979381443299,3.117647058823529
2020-06-03 03:00:00,3,16,0,2,14,0,0,2,6,0,6,0,66.85,428.5,3.0,7.76,40.0,0.4901960784313725,471.7539999999999,2.055412371134021,0.4,0.2577319587628866,3.125
2020-06-03 04:00:00,4,13,0,2,11,0,0,0,6,0,6,0,67.85,488.5,3.0,7.76,32.5,0.4019607843137255,470.959,1.025,0.325,0.0,3.1538461538461537
2020-06-03 05:00:00,5,14,0,2,12,0,0,2,6,0,6,0,68.85,548.5,3.0,7.76,35.0,0.4313725490196078,478.744,1.9100147275405008,0.35,0.2577319587628866,3.142857142857143
2020-06-03 06:00:00,6,14,0,2,12,0,0,3,7,0,7,0,69.85,594.0,3.0,7.76,35.0,0.4444444444444444,497.784,2.3150220913107518,0.35,0.3865979381443299,3.142857142857143
2020-06-03 07:00:00,7,16,0,2,13,1,0,2,7,0,7,0,70.85,654.0,3.0,7.76,40.0,0.494949494949495,507.714,2.0143041237113404,0.4,0.2577319587628866,3.0625
2020-06-03 08:00:00,8,16,0,3,13,0,0,2,7,1,8,1,71.85,712.0,3.0,6.96,40.0,0.53125,527.6223068017366,2.190948275862069,0.4,0.2873563218390804,3.1875
2020-06-03 09:00:00,9,17,1,2,14,0,0,9,5,1,6,1,72.85,122.0,3.0,6.96,42.5,0.5392156862745098,508.6073068017366,5.558569979716025,0.425,1.293103448275862,3.235294117647059
2020-06-03 10:00:00,10,22,2,2,18,0,0,6,5,2,7,2,73.85,122.0,4.0,10.21,55.00000000000001,0.5454545454545454,539.2406136034732,3.723248152435224,0.55,0.5876591576885406,3.272727272727273
2020-06-03 11:00:00,11,21,2,3,16,0,0,4,6,2,8,2,21.6,159.5,4.0,10.21,52.5,0.546875,255.8056136034733,3.055909239307868,0.525,0.3917727717923604,3.333333333333333
2020-06-03 12:00:00,12,23,1,4,18,0,0,7,8,1,9,1,22.6,197.0,4.0,10.21,57.49999999999999,0.6048387096774194,278.2673068017366,4.110659839032491,0.575,0.6856023506366307,3.260869565217391
2020-06-03 13:00:00,13,22,1,5,16,0,0,5,6,1,7,1,23.6,302.0,4.0,10.21,55.00000000000001,0.553030303030303,254.96230680173664,3.449966610275132,0.55,0.4897159647404505,3.3181818181818183
2020-06-03 14:00:00,14,25,1,4,20,0,0,9,5,1,6,1,18.23333333333333,238.5,4.0,10.21,62.5,0.5955882352941176,217.72930680173664,4.881023506366307,0.625,0.8814887365328109,3.24
2020-06-03 15:00:00,15,28,2,3,23,0,0,9,6,2,8,2,18.83333333333333,80.5,4.0,10.21,70.0,0.7109375,255.2166136034732,5.139838393731636,0.7,0.8814887365328109,3.25
2020-06-03 16:00:00,16,20,1,1,18,0,0,4,3,1,4,1,11.1,83.0,4.0,10.21,50.0,0.4375,139.9723068017366,2.809084231145935,0.5,0.3917727717923604,3.15
2020-06-03 17:00:00,17,24,1,1,21,1,0,10,8,2,10,2,12.1,47.0,4.0,10.21,60.0,0.6166666666666667,235.4606136034732,4.8699151158994445,0.6,0.979431929480901,3.083333333333333
2020-06-03 18:00:00,18,26,0,1,25,0,0,6,10,2,12,2,13.1,83.0,4.0,10.21,65.0,0.7053571428571429,272.19061360347325,3.760579748361335,0.65,0.5876591576885406,3.0384615384615383
2020-06-03 19:00:00,19,30,0,1,27,2,0,7,12,2,14,2,14.1,108.5,4.0,10.21,75.0,0.8557692307692307,313.21061360347323,4.258953640222004,0.75,0.6856023506366307,2.966666666666667
2020-06-03 20:00:00,20,28,0,1,25,2,0,5,12,2,14,2,15.1,147.5,4.0,9.88,70.0,0.7980769230769231,314.5606136034732,3.5751445922498557,0.7,0.5060728744939271,2.9642857142857144
2020-06-03 21:00:00,21,28,0,0,27,1,0,8,8,2,10,2,16.1,152.5,4.0,9.88,70.0,0.6916666666666667,266.6006136034732,4.475231347599769,0.7,0.8097165991902835,2.9642857142857144
2020-06-03 22:00:00,22,28,0,0,27,1,0,7,8,2,10,2,17.1,185.5,3.0,6.63,70.0,0.9222222222222224,272.2406136034732,5.204713423831072,0.7,1.0558069381598794,2.9642857142857144
2020-06-03 23:00:00,23,28,0,0,27,1,0,5,8,1,9,1,18.1,231.0,3.0,6.63,70.0,0.8924731182795699,263.6123068017366,4.310509588450765,0.7,0.7541478129713424,2.9642857142857144
2020-06-04 00:00:00,0,24,0,2,21,1,0,5,10,1,11,1,19.1,275.0,3.0,6.63,60.0,0.8390804597701149,287.47230680173664,4.1188662644545,0.6,0.7541478129713424,3.0416666666666665
2020-06-04 01:00:00,1,26,0,4,21,1,0,7,11,1,12,1,20.1,306.0,3.0,6.63,65.0,0.9642857142857144,310.8023068017367,5.314244691959624,0.65,1.0558069381598794,3.1153846153846154
2020-06-04 02:00:00,2,24,0,4,18,2,0,3,10,1,11,1,21.1,395.0,3.0,6.63,60.0,0.8505747126436781,298.7523068017366,3.245173453996984,0.6,0.4524886877828054,3.083333333333333
2020-06-04 03:00:00,3,21,0,3,16,2,0,3,11,1,12,1,22.1,426.0,3.0,6.63,52.5,0.7619047619047619,311.3573068017366,2.979013143719026,0.525,0.4524886877828054,3.0476190476190474
2020-06-04 04:00:00,4,22,0,2,17,3,0,2,11,1,12,1,23.1,486.0,3.0,6.63,55.00000000000001,0.7738095238095238,319.1423068017366,2.5162655971479504,0.55,0.3016591251885369,2.9545454545454546
2020-06-04 05:00:00,5,19,0,2,16,1,0,1,12,1,13,1,24.1,517.0,3.0,6.63,47.5,0.7160493827160493,331.7473068017366,1.9104270858140828,0.475,0.1508295625942684,3.0526315789473686
2020-06-04 06:00:00,6,21,1,2,17,1,0,3,12,2,14,2,25.1,551.5,3.0,6.63,52.5,0.8461538461538461,355.94561360347325,3.072107304460246,0.525,0.4524886877828054,3.142857142857143
2020-06-04 07:00:00,7,23,1,2,18,2,0,2,12,2,14,2,26.1,611.5,3.0,6.63,57.49999999999999,0.9102564102564102,365.8756136034732,2.706208603842875,0.575,0.3016591251885369,3.0869565217391304
2020-06-04 08:00:00,8,21,1,2,17,1,0,0,12,2,14,2,27.1,671.5,3.0,6.38,52.5,0.8461538461538461,367.2256136034732,1.65,0.525,0.0,3.142857142857143
2020-06-04 09:00:00,9,18,0,1,16,1,0,6,6,1,7,1,28.1,831.0,3.0,6.38,45.0,0.5454545454545454,271.7623068017366,4.171316614420062,0.45,0.9404388714733544,3.0
2020-06-04 10:00:00,10,22,0,1,21,0,0,11,6,0,6,0,29.1,610.5,4.0,9.84,55.00000000000001,0.4926470588235294,271.714,5.079471544715448,0.55,1.1178861788617886,3.0454545454545454
2020-06-04 11:00:00,11,25,0,1,24,0,0,6,7,0,7,0,29.03333333333333,390.0,4.0,9.84,62.5,0.5757575757575758,291.173,3.753658536585366,0.625,0.6097560975609756,3.04
2020-06-04 12:00:00,12,30,0,3,26,1,0,10,11,0,11,0,30.03333333333333,86.0,4.0,9.84,75.0,0.7931034482758621,361.138,5.416531165311654,0.75,1.016260162601626,3.066666666666667
2020-06-04 13:00:00,13,22,0,3,18,1,0,4,8,0,8,0,31.03333333333333,117.5,4.0,9.84,55.00000000000001,0.53125,309.418,2.956467110125647,0.55,0.4065040650406504,3.090909090909091
2020-06-04 14:00:00,14,20,0,4,14,2,0,6,7,0,7,0,26.33333333333333,155.0,4.0,9.84,50.0,0.4696969696969697,265.22,3.440243902439025,0.5,0.6097560975609756,3.1
2020-06-04 15:00:00,15,21,0,3,17,1,0,10,8,0,8,0,27.33333333333333,82.5,4.0,9.84,52.5,0.5078125,286.405,4.770567169957415,0.525,1.016260162601626,3.095238095238096
2020-06-04 16:00:00,16,22,0,5,17,0,0,6,9,0,9,0,28.33333333333333,111.0,4.0,9.84,55.00000000000001,0.5725806451612904,307.59000000000003,3.742849223946784,0.55,0.6097560975609756,3.227272727272727
2020-06-04 17:00:00,17,24,1,4,18,1,0,9,8,1,9,1,29.33333333333333,155.0,4.0,9.84,60.0,0.6209677419354839,318.38830680173663,4.859451219512195,0.6,0.9146341463414634,3.208333333333333
2020-06-04 18:00:00,18,27,1,4,21,1,0,10,6,1,7,1,30.33333333333333,138.0,4.0,9.84,67.5,0.6515151515151515,303.6633068017366,5.386976814212587,0.675,1.016260162601626,3.185185185185185
2020-06-04 19:00:00,19,27,2,5,20,0,0,8,6,1,7,1,31.33333333333333,119.0,4.0,9.84,67.5,0.6818181818181818,309.3033068017366,4.960027100271003,0.675,0.8130081300813008,3.333333333333333
2020-06-04 20:00:00,20,20,1,4,15,0,0,5,5,1,6,1,10.516666666666667,115.0,4.0,10.11,50.0,0.4852941176470588,163.48230680173663,3.282047477744807,0.5,0.4945598417408506,3.3
2020-06-04 21:00:00,21,18,1,4,11,2,0,8,6,1,7,1,11.516666666666667,79.0,4.0,10.11,45.0,0.4393939393939394,178.23230680173663,3.99973073964172,0.45,0.7912957467853611,3.2222222222222223
2020-06-04 22:00:00,22,13,1,2,10,0,0,5,6,1,7,1,12.516666666666667,98.0,3.0,6.65,32.5,0.4343434343434343,173.1473068017366,3.561986697513013,0.325,0.7518796992481203,3.3076923076923075
2020-06-04 23:00:00,23,19,1,2,15,1,0,7,6,2,8,2,13.516666666666667,155.5,3.0,6.65,47.5,0.625,205.9256136034732,4.824099722991689,0.475,1.0526315789473684,3.1578947368421053
2020-06-05 00:00:00,0,27,1,2,24,0,0,13,8,1,9,1,14.516666666666667,184.0,3.0,6.65,67.5,0.913978494623656,241.2573068017366,8.279274575327207,0.675,1.954887218045113,3.1481481481481484
2020-06-05 01:00:00,1,23,1,2,20,0,0,2,8,1,9,1,15.516666666666667,244.0,3.0,6.65,57.49999999999999,0.7849462365591398,238.3173068017366,2.779560313828048,0.575,0.3007518796992481,3.1739130434782608
2020-06-05 02:00:00,2,20,1,2,17,0,0,4,8,0,8,0,16.516666666666666,318.5,3.0,6.65,50.0,0.6666666666666666,223.254,3.524812030075188,0.5,0.6015037593984962,3.2
2020-06-05 03:00:00,3,20,1,2,16,1,0,1,8,0,8,0,17.516666666666666,378.5,3.0,6.65,50.0,0.65625,228.894,2.048684210526316,0.5,0.150375939849624,3.15
2020-06-05 04:00:00,4,20,1,2,16,1,0,1,8,0,8,0,18.516666666666666,438.5,3.0,6.65,50.0,0.65625,234.534,2.048684210526316,0.5,0.150375939849624,3.15
2020-06-05 05:00:00,5,19,1,2,15,1,0,2,9,0,9,0,19.516666666666666,484.0,3.0,6.65,47.5,0.6451612903225806,251.429,2.449742777997625,0.475,0.3007518796992481,3.1578947368421053
2020-06-05 06:00:00,6,19,1,2,15,1,0,1,10,0,10,0,20.516666666666666,538.5,3.0,6.65,47.5,0.6666666666666666,270.469,1.9748713889988128,0.475,0.150375939849624,3.1578947368421053
2020-06-05 07:00:00,7,23,1,2,19,1,0,4,12,0,12,0,21.516666666666666,536.0,3.0,6.65,57.49999999999999,0.8571428571428571,311.489,3.682968290290945,0.575,0.6015037593984962,3.130434782608696
2020-06-05 08:00:00,8,25,1,3,20,1,0,4,11,0,11,0,22.516666666666666,653.0,3.0,8.059999999999999,62.5,0.9080459770114944,308.019,3.543238213399504,0.625,0.4962779156327544,3.16
2020-06-05 09:00:00,9,27,1,4,20,2,0,5,8,1,9,1,23.516666666666666,713.0,3.0,8.059999999999999,67.5,0.913978494623656,292.0173068017366,4.077945501332599,0.675,0.620347394540943,3.1481481481481484
2020-06-05 10:00:00,10,29,1,10,17,1,0,8,10,2,12,2,20.183333333333334,648.5,4.0,11.31,72.5,0.875,318.57561360347324,4.840316777950547,0.725,0.7073386383731212,3.3793103448275863
2020-06-05 11:00:00,11,33,1,13,18,1,0,12,13,2,15,2,21.183333333333334,126.0,4.0,11.31,82.5,1.13,372.9956136034732,6.458148460734668,0.825,1.0610079575596818,3.4242424242424243
2020-06-05 12:00:00,12,34,1,13,18,2,0,8,16,1,17,1,22.183333333333334,142.0,4.0,11.31,85.0,1.25,406.7123068017366,5.267468923909086,0.85,0.7073386383731212,3.3823529411764706
2020-06-05 13:00:00,13,38,2,13,21,2,0,8,14,3,17,3,23.183333333333334,174.0,4.0,11.31,95.0,1.4021739130434785,422.66892040520986,5.626228535529807,0.95,0.7073386383731212,3.3947368421052637
2020-06-05 14:00:00,14,41,2,13,24,2,0,8,15,4,19,4,24.183333333333334,165.0,4.0,11.31,102.5,1.6428571428571428,462.41222720694645,5.830798343792456,1.025,0.7073386383731212,3.365853658536585
2020-06-05 15:00:00,15,38,2,13,22,1,0,5,17,3,20,3,25.183333333333334,167.5,4.0,11.31,95.0,1.625,474.1489204052098,4.762401693889897,0.95,0.4420866489832007,3.421052631578948
2020-06-05 16:00:00,16,35,1,12,19,3,0,8,14,3,17,3,26.183333333333334,194.0,4.0,11.31,87.5,1.2608695652173914,433.1539204052099,5.244322344322344,0.875,0.7073386383731212,3.3142857142857145
2020-06-05 17:00:00,17,36,1,10,22,3,0,7,15,2,17,2,27.183333333333334,223.0,4.0,11.31,90.0,1.2717391304347827,440.0706136034733,4.936494252873564,0.9,0.6189213085764811,3.25
2020-06-05 18:00:00,18,37,1,9,25,2,0,9,11,2,13,2,28.183333333333334,254.0,4.0,11.31,92.5,1.1111111111111112,394.2556136034732,5.580830167037064,0.925,0.7957559681697614,3.2432432432432434
2020-06-05 19:00:00,19,26,1,7,17,1,0,4,6,1,7,1,9.183333333333334,158.0,4.0,11.31,65.0,0.6515151515151515,182.23230680173663,3.319829286540162,0.65,0.3536693191865606,3.3076923076923075
2020-06-05 20:00:00,20,29,0,7,20,2,0,11,5,1,6,1,10.183333333333334,211.5,4.0,9.63,72.5,0.6764705882352942,180.9073068017366,5.92373330468722,0.725,1.142263759086189,3.1724137931034484
2020-06-05 21:00:00,21,18,0,5,13,0,0,6,3,0,3,0,9.583333333333334,304.0,4.0,9.63,45.0,0.3986486486486486,112.86,3.5172291450328834,0.45,0.6230529595015577,3.2777777777777777
2020-06-05 22:00:00,22,17,0,6,10,0,1,7,3,0,3,0,10.583333333333334,53.0,3.0,6.38,42.5,0.4954954954954955,116.355,4.924695740365111,0.425,1.09717868338558,3.235294117647059
2020-06-05 23:00:00,23,21,0,5,14,1,1,8,3,0,3,0,11.583333333333334,69.0,3.0,6.38,52.5,0.5855855855855856,130.575,5.506176294969399,0.525,1.2539184952978055,3.095238095238096
2020-06-06 00:00:00,0,20,0,5,13,1,1,6,3,0,3,0,12.583333333333334,129.0,3.0,6.38,50.0,0.5585585585585585,134.07,4.465360501567399,0.5,0.9404388714733544,3.1
2020-06-06 01:00:00,1,19,0,6,11,1,1,4,4,0,4,0,13.583333333333334,171.5,3.0,6.38,47.5,0.5555555555555556,150.96499999999995,3.4798713083649564,0.475,0.6269592476489029,3.1578947368421053
2020-06-06 02:00:00,2,18,0,6,11,0,1,1,5,0,5,0,14.583333333333334,214.0,3.0,6.38,45.0,0.5523809523809524,167.86,1.9550505050505047,0.45,0.1567398119122257,3.2222222222222223
2020-06-06 03:00:00,3,16,0,5,10,0,1,1,5,0,5,0,15.583333333333334,274.0,3.0,6.38,40.0,0.4857142857142857,169.20999999999998,1.7746081504702196,0.4,0.1567398119122257,3.1875
2020-06-06 04:00:00,4,16,0,4,10,1,1,3,5,0,5,0,16.583333333333332,334.0,3.0,6.38,40.0,0.4666666666666667,174.84999999999997,2.6650470219435736,0.4,0.4702194357366771,3.0625
2020-06-06 05:00:00,5,16,0,5,10,0,1,2,6,0,6,0,17.583333333333332,335.5,3.0,6.38,40.0,0.5,193.89,2.274216300940439,0.4,0.3134796238244514,3.1875
2020-06-06 06:00:00,6,13,0,5,7,0,1,0,6,0,6,0,18.58333333333333,395.5,3.0,6.38,32.5,0.4117647058823529,193.095,1.05,0.325,0.0,3.230769230769231
2020-06-06 07:00:00,7,17,0,5,11,0,1,4,6,0,6,0,19.58333333333333,455.5,3.0,6.38,42.5,0.5294117647058824,207.315,3.3415176101788675,0.425,0.6269592476489029,3.176470588235294
2020-06-06 08:00:00,8,14,0,5,8,0,1,3,5,1,6,1,20.58333333333333,425.5,3.0,7.68,35.0,0.4411764705882353,207.3883068017366,2.380580357142857,0.35,0.390625,3.2142857142857144
2020-06-06 09:00:00,9,17,0,4,10,2,1,8,4,0,4,0,21.58333333333333,158.5,3.0,7.68,42.5,0.4722222222222222,191.795,4.4,0.425,1.0416666666666667,3.0
2020-06-06 10:00:00,10,17,0,4,11,1,1,6,5,0,5,0,22.58333333333333,95.0,4.0,11.38,42.5,0.3714285714285714,210.835,2.9127364829939,0.425,0.5272407732864676,3.0588235294117645
2020-06-06 11:00:00,11,22,0,4,16,2,0,9,4,0,4,0,23.58333333333333,122.0,4.0,11.38,55.00000000000001,0.4722222222222222,213.8,4.144479948873622,0.55,0.7908611599297013,3.090909090909091
2020-06-06 12:00:00,12,23,0,2,17,4,0,6,4,0,4,0,24.58333333333333,60.5,4.0,11.38,57.49999999999999,0.4652777777777778,221.585,3.2108752960953617,0.575,0.5272407732864676,2.9130434782608696
2020-06-06 13:00:00,13,26,0,3,22,1,0,8,6,0,6,0,25.58333333333333,86.0,4.0,11.38,65.0,0.5882352941176471,260.46000000000004,4.163039069893201,0.65,0.70298769771529,3.076923076923077
2020-06-06 14:00:00,14,32,0,4,25,3,0,13,9,0,9,0,26.58333333333333,89.0,4.0,11.38,80.0,0.782258064516129,319.17,5.887763620386644,0.8,1.1423550087873464,3.03125
2020-06-06 15:00:00,15,25,0,3,20,2,0,6,6,0,6,0,27.58333333333333,165.0,4.0,11.38,62.5,0.5588235294117647,269.595,3.502811950790862,0.625,0.5272407732864676,3.04
2020-06-06 16:00:00,16,27,0,3,22,2,0,13,6,0,6,0,28.58333333333333,149.5,4.0,11.38,67.5,0.6029411764705882,279.525,5.5193744711319415,0.675,1.1423550087873464,3.037037037037037
2020-06-06 17:00:00,17,29,0,3,25,1,0,12,10,0,10,0,29.58333333333333,45.0,4.0,11.38,72.5,0.7416666666666667,343.05499999999995,5.461167504999698,0.725,1.0544815465729351,3.0689655172413794
2020-06-06 18:00:00,18,27,0,2,22,2,1,8,9,0,9,0,30.58333333333333,96.0,4.0,11.38,67.5,0.6370967741935484,331.005,4.031889930352145,0.675,0.70298769771529,2.925925925925926
2020-06-06 19:00:00,19,23,0,2,18,2,1,8,4,0,4,0,31.58333333333333,124.0,4.0,11.38,57.49999999999999,0.4652777777777778,261.065,3.722833728127149,0.575,0.70298769771529,2.9130434782608696
2020-06-06 20:00:00,20,24,0,3,19,2,0,9,4,0,4,0,32.583333333333336,180.0,4.0,10.2,60.0,0.5069444444444444,268.85,4.508823529411765,0.6,0.8823529411764707,3.0416666666666665
2020-06-06 21:00:00,21,23,0,3,18,2,0,11,4,0,4,0,33.583333333333336,52.0,4.0,10.2,57.49999999999999,0.4861111111111111,272.345,5.032182438192669,0.575,1.0784313725490198,3.0434782608695654
2020-06-06 22:00:00,22,17,0,3,14,0,0,4,3,0,3,0,34.583333333333336,120.0,3.0,6.5,42.5,0.4864864864864865,251.71500000000003,3.30475113122172,0.425,0.6153846153846154,3.176470588235294
2020-06-06 23:00:00,23,18,0,3,14,1,0,5,3,0,3,0,35.583333333333336,136.0,3.0,6.5,45.0,0.5045045045045045,259.5,3.7931623931623935,0.45,0.7692307692307693,3.111111111111111
2020-06-07 00:00:00,0,17,1,3,11,2,0,8,4,0,4,0,36.583333333333336,136.5,3.0,6.5,42.5,0.5,276.395,5.259502262443439,0.425,1.2307692307692308,3.176470588235294
2020-06-07 01:00:00,1,20,1,4,13,2,0,4,5,0,5,0,37.583333333333336,137.0,3.0,6.5,50.0,0.6095238095238096,301.87,3.569230769230769,0.5,0.6153846153846154,3.2
2020-06-07 02:00:00,2,16,1,3,12,0,0,2,5,0,5,0,38.583333333333336,197.0,3.0,6.5,40.0,0.5047619047619047,298.93,2.3442307692307693,0.4,0.3076923076923077,3.3125
2020-06-07 03:00:00,3,14,1,2,11,0,0,4,5,0,5,0,39.583333333333336,257.0,3.0,6.5,35.0,0.4380952380952381,300.28,3.171978021978022,0.35,0.6153846153846154,3.2857142857142856
2020-06-07 04:00:00,4,14,1,2,11,0,0,2,5,0,5,0,40.583333333333336,317.0,3.0,6.5,35.0,0.4380952380952381,305.92,2.160989010989011,0.35,0.3076923076923077,3.2857142857142856
2020-06-07 05:00:00,5,16,1,2,12,1,0,4,5,0,5,0,41.583333333333336,377.0,3.0,6.5,40.0,0.4857142857142857,315.85,3.236538461538461,0.4,0.6153846153846154,3.1875
2020-06-07 06:00:00,6,16,1,3,10,2,0,3,5,0,5,0,42.583333333333336,437.0,3.0,6.5,40.0,0.4857142857142857,321.49,2.746153846153846,0.4,0.4615384615384615,3.1875
2020-06-07 07:00:00,7,14,1,3,9,1,0,3,5,0,5,0,43.583333333333336,497.0,3.0,6.5,35.0,0.4380952380952381,322.84000000000003,2.6664835164835163,0.35,0.4615384615384615,3.2857142857142856
2020-06-07 08:00:00,8,13,2,3,7,1,0,4,6,1,7,1,44.583333333333336,483.0,3.0,7.68,32.5,0.4545454545454545,354.0033068017366,2.927884615384616,0.325,0.5208333333333334,3.4615384615384617
2020-06-07 09:00:00,9,15,2,2,9,2,0,6,2,1,3,1,45.583333333333336,99.0,3.0,7.68,37.5,0.4414414414414414,310.3333068017366,3.777083333333333,0.375,0.78125,3.2666666666666666
2020-06-07 10:00:00,10,15,1,2,9,3,0,8,2,0,2,0,46.583333333333336,379.5,4.0,10.99,37.5,0.3026315789473684,301.70500000000004,3.382332423415226,0.375,0.7279344858962693,3.066666666666667
2020-06-07 11:00:00,11,16,1,0,13,1,1,8,4,0,4,0,47.583333333333336,132.0,4.0,10.99,40.0,0.3263888888888889,336.29,3.313307552320291,0.4,0.7279344858962693,2.9375
2020-06-07 12:00:00,12,24,1,3,16,4,0,12,10,0,10,0,48.583333333333336,48.5,4.0,10.99,60.0,0.6083333333333333,439.49,5.1462010919017285,0.6,1.091901728844404,3.0416666666666665
2020-06-07 13:00:00,13,24,1,4,16,3,0,8,9,0,9,0,49.583333333333336,117.0,4.0,10.99,60.0,0.6048387096774194,431.73,4.149795268425842,0.6,0.7279344858962693,3.125
2020-06-07 14:00:00,14,25,1,2,18,4,0,12,8,1,9,1,50.583333333333336,177.0,4.0,10.99,62.5,0.6048387096774194,440.38330680173664,5.150705186533212,0.625,1.091901728844404,3.0
2020-06-07 15:00:00,15,28,1,1,23,2,1,12,11,1,12,1,51.583333333333336,56.5,4.0,10.99,70.0,0.7410714285714286,492.6583068017367,5.31170869621734,0.7,1.091901728844404,2.9642857142857144
2020-06-07 16:00:00,16,23,1,0,20,2,0,7,11,1,12,1,52.583333333333336,92.5,4.0,10.99,57.49999999999999,0.6160714285714286,487.57330680173663,3.635828025477707,0.575,0.6369426751592356,3.0
2020-06-07 17:00:00,17,24,1,0,20,3,0,13,10,1,11,1,53.583333333333336,138.0,4.0,10.99,60.0,0.6120689655172413,481.9583068017366,5.274393387928421,0.6,1.1828935395814375,2.958333333333333
2020-06-07 18:00:00,18,19,1,0,16,2,0,5,9,1,10,1,54.583333333333336,182.5,4.0,10.99,47.5,0.475,463.4733068017366,2.7898771610555047,0.475,0.4549590536851683,3.0
2020-06-07 19:00:00,19,20,1,0,17,2,0,7,6,1,7,1,55.583333333333336,258.0,4.0,10.99,50.0,0.4545454545454545,431.0583068017367,3.4108280254777066,0.5,0.6369426751592356,3.0
2020-06-07 20:00:00,20,19,1,3,13,2,0,6,6,0,6,0,56.583333333333336,312.5,4.0,11.37,47.5,0.4411764705882353,420.285,3.166435217330926,0.475,0.5277044854881267,3.1578947368421053
2020-06-07 21:00:00,21,16,1,2,13,0,0,5,5,0,5,0,57.583333333333336,378.0,4.0,11.37,40.0,0.3714285714285714,406.09,2.72919964819701,0.4,0.4397537379067722,3.25
2020-06-07 22:00:00,22,15,1,1,13,0,0,6,7,0,7,0,58.583333333333336,132.0,3.0,8.059999999999999,37.5,0.4848484848484848,436.385,3.5821339950372213,0.375,0.7444168734491317,3.2
2020-06-07 23:00:00,23,19,1,2,16,0,0,11,10,0,10,0,59.583333333333336,107.5,3.0,8.059999999999999,47.5,0.6777777777777778,490.805,5.906611597231293,0.475,1.3647642679900749,3.210526315789474
2020-06-08 00:00:00,0,12,1,2,8,1,0,4,9,0,9,0,60.583333333333336,172.0,3.0,8.059999999999999,30.0,0.4193548387096774,468.03,2.587903225806452,0.3,0.4962779156327544,3.25
2020-06-08 01:00:00,1,16,1,2,11,2,0,7,10,0,10,0,61.583333333333336,227.5,3.0,8.059999999999999,40.0,0.5555555555555556,495.65,3.9640198511166256,0.4,0.8684863523573202,3.125
2020-06-08 02:00:00,2,15,1,3,11,0,0,3,10,1,11,1,62.583333333333336,283.0,3.0,8.059999999999999,37.5,0.5747126436781609,513.4133068017366,2.490694789081886,0.375,0.3722084367245658,3.333333333333333
2020-06-08 03:00:00,3,14,1,2,11,0,0,1,11,0,11,0,63.583333333333336,343.0,3.0,8.059999999999999,35.0,0.5287356321839081,516.04,1.5576568592697624,0.35,0.1240694789081886,3.2857142857142856
2020-06-08 04:00:00,4,15,1,2,12,0,0,1,11,0,11,0,64.58333333333333,403.0,3.0,8.059999999999999,37.5,0.5632183908045977,523.8249999999999,1.6302936311000826,0.375,0.1240694789081886,3.2666666666666666
2020-06-08 05:00:00,5,17,1,3,13,0,0,2,12,1,13,1,65.58333333333333,389.0,3.0,8.059999999999999,42.5,0.691358024691358,561.4233068017365,2.217398919865713,0.425,0.2481389578163772,3.294117647058824
2020-06-08 06:00:00,6,16,1,3,12,0,0,1,12,1,13,1,66.58333333333333,449.0,3.0,8.059999999999999,40.0,0.654320987654321,564.9183068017367,1.735980148883375,0.4,0.1240694789081886,3.3125
2020-06-08 07:00:00,7,17,2,3,12,0,0,2,13,1,14,1,67.58333333333333,503.5,3.0,8.059999999999999,42.5,0.7435897435897436,586.1033068017366,2.2965917384323458,0.425,0.2481389578163772,3.411764705882353
2020-06-08 08:00:00,8,22,3,4,15,0,0,5,16,1,17,1,68.58333333333333,526.0,3.0,6.6,55.00000000000001,1.1014492753623188,642.6683068017365,4.517079889807163,0.55,0.7575757575757576,3.4545454545454546
2020-06-08 09:00:00,9,17,1,2,13,1,0,5,8,1,9,1,69.58333333333333,286.0,3.0,6.6,42.5,0.5806451612903226,530.3833068017366,3.756417112299465,0.425,0.7575757575757576,3.176470588235294
2020-06-08 10:00:00,10,28,1,3,21,3,0,16,13,1,14,1,70.58333333333333,54.0,4.0,10.3,70.0,0.8269230769230769,626.6183068017366,6.921151178918169,0.7,1.5533980582524272,3.071428571428572
2020-06-08 11:00:00,11,29,1,2,23,3,0,9,12,1,13,1,71.58333333333333,113.0,4.0,10.3,72.5,0.8148148148148148,621.0033068017366,4.851489789086039,0.725,0.8737864077669902,3.034482758620689
2020-06-08 12:00:00,12,34,1,3,28,2,0,11,16,1,17,1,72.58333333333333,164.0,4.0,10.3,85.0,1.141304347826087,690.9683068017366,5.923115362649915,0.85,1.0679611650485437,3.088235294117647
2020-06-08 13:00:00,13,34,0,3,30,1,0,8,15,1,16,1,73.58333333333333,198.0,4.0,10.3,85.0,1.0833333333333333,683.2083068017366,4.975785265562536,0.85,0.7766990291262136,3.0588235294117645
2020-06-08 14:00:00,14,36,0,4,31,1,0,8,14,1,15,1,74.58333333333333,232.0,4.0,10.3,90.0,1.11,679.7383068017366,5.169822006472492,0.9,0.7766990291262136,3.083333333333333
2020-06-08 15:00:00,15,36,0,4,31,1,0,6,14,1,15,1,75.58333333333333,212.0,4.0,10.3,90.0,1.11,685.3783068017366,4.57111650485437,0.9,0.5825242718446602,3.083333333333333
2020-06-08 16:00:00,16,36,1,4,30,1,0,6,12,0,12,0,76.58333333333333,237.0,4.0,10.3,90.0,1.0089285714285714,649.9499999999999,4.653478964401295,0.9,0.5825242718446602,3.138888888888889
2020-06-08 17:00:00,17,32,1,3,28,0,0,5,11,1,12,1,77.58333333333333,176.5,4.0,10.3,80.0,0.9017857142857144,647.8783068017366,4.057160194174758,0.8,0.4854368932038834,3.15625
2020-06-08 18:00:00,18,33,1,5,27,0,0,9,12,2,14,2,78.58333333333333,151.5,4.0,10.3,82.5,1.0192307692307692,683.3316136034732,5.456707855251544,0.825,0.8737864077669902,3.212121212121212
2020-06-08 19:00:00,19,31,0,5,26,0,0,7,10,2,12,2,79.58333333333333,141.5,4.0,10.3,77.5,0.875,657.8816136034732,4.598449733792672,0.775,0.6796116504854368,3.161290322580645
2020-06-08 20:00:00,20,29,0,5,24,0,0,7,10,2,12,2,80.58333333333333,201.5,4.0,10.48,72.5,0.8214285714285714,659.2316136034732,4.418978678599632,0.725,0.6679389312977099,3.1724137931034484
2020-06-08 21:00:00,21,30,0,6,24,0,0,6,10,3,13,3,81.58333333333333,251.0,4.0,10.48,75.0,0.8888888888888888,681.2849204052097,4.23206106870229,0.75,0.5725190839694656,3.2
2020-06-08 22:00:00,22,32,0,8,23,1,0,14,9,4,13,4,82.58333333333333,232.0,3.0,6.779999999999999,80.0,1.271604938271605,692.0832272069464,9.221386430678466,0.8,2.064896755162242,3.21875
2020-06-08 23:00:00,23,35,0,6,28,1,0,11,11,2,13,2,83.58333333333333,128.0,3.0,6.779999999999999,87.5,1.3580246913580247,702.4216136034732,7.849030762747577,0.875,1.6224188790560474,3.142857142857143
2020-06-09 00:00:00,0,32,0,4,26,2,0,9,11,1,12,1,84.58333333333333,224.0,3.0,6.779999999999999,80.0,1.1666666666666667,687.3583068017366,6.515265486725664,0.8,1.327433628318584,3.0625
2020-06-09 01:00:00,1,24,0,2,20,2,0,4,10,0,10,0,85.58333333333333,366.0,3.0,6.779999999999999,60.0,0.8,648.17,3.5699115044247787,0.6,0.5899705014749264,3.0
2020-06-09 02:00:00,2,24,0,3,20,1,0,3,10,0,10,0,86.58333333333333,426.0,3.0,6.779999999999999,60.0,0.8222222222222222,653.81,3.2143067846607667,0.6,0.4424778761061947,3.083333333333333
2020-06-09 03:00:00,3,23,0,3,19,1,0,2,9,0,9,0,87.58333333333333,532.0,3.0,6.779999999999999,57.49999999999999,0.7634408602150538,643.905,2.6856066435808645,0.575,0.2949852507374632,3.0869565217391304
2020-06-09 04:00:00,4,22,0,3,18,1,0,1,10,0,10,0,88.58333333333333,546.0,3.0,6.779999999999999,55.00000000000001,0.7555555555555555,660.8,2.1558862965942613,0.55,0.1474926253687316,3.090909090909091
2020-06-09 05:00:00,5,25,0,4,20,1,0,4,10,0,10,0,89.58333333333333,606.0,3.0,6.779999999999999,62.5,0.8666666666666667,672.875,3.7907079646017694,0.625,0.5899705014749264,3.12
2020-06-09 06:00:00,6,25,0,5,19,1,0,1,10,0,10,0,90.58333333333331,666.0,3.0,6.779999999999999,62.5,0.8777777777777778,678.5149999999999,2.441076696165192,0.625,0.1474926253687316,3.16
2020-06-09 07:00:00,7,29,0,4,23,2,0,6,12,0,12,0,91.58333333333331,625.5,3.0,6.779999999999999,72.5,1.0595238095238095,719.535,4.94089868782423,0.725,0.8849557522123894,3.0689655172413794
2020-06-09 08:00:00,8,24,0,2,21,1,0,2,12,0,12,0,92.58333333333331,603.5,3.0,8.059999999999999,60.0,0.8690476190476191,714.4499999999999,2.5797559966914805,0.6,0.2481389578163772,3.0416666666666665
2020-06-09 09:00:00,9,16,0,3,12,1,0,3,4,0,4,0,93.58333333333331,132.0,3.0,8.059999999999999,40.0,0.4629629629629629,595.7299999999999,2.413151364764268,0.4,0.3722084367245658,3.125
2020-06-09 10:00:00,10,19,1,4,14,0,0,6,6,0,6,0,94.58333333333331,112.5,4.0,11.37,47.5,0.4632352941176471,634.6049999999999,3.3247569781974726,0.475,0.5277044854881267,3.3157894736842106
2020-06-09 11:00:00,11,21,1,2,18,0,0,9,8,0,8,0,95.58333333333331,110.0,4.0,11.37,52.5,0.5234375,671.3349999999999,4.200442894836035,0.525,0.79155672823219,3.1904761904761907
2020-06-09 12:00:00,12,21,1,4,16,0,0,7,10,0,10,0,96.58333333333331,129.5,4.0,11.37,52.5,0.575,703.7749999999999,3.747867194371152,0.525,0.6156552330694811,3.2857142857142856
2020-06-09 13:00:00,13,27,1,6,20,0,0,11,11,0,11,0,97.58333333333331,93.0,4.0,11.37,67.5,0.7672413793103449,735.685,5.414028958598,0.675,0.967458223394899,3.2962962962962963
2020-06-09 14:00:00,14,26,1,5,17,3,0,8,9,0,9,0,98.58333333333331,143.0,4.0,11.37,65.0,0.6612903225806451,712.38,4.269065015898789,0.65,0.7036059806508356,3.1538461538461537
2020-06-09 15:00:00,15,27,1,5,18,3,0,2,9,0,9,0,99.58333333333331,203.0,4.0,11.37,67.5,0.6854838709677419,720.165,2.6787639662529728,0.675,0.1759014951627089,3.1481481481481484
2020-06-09 16:00:00,16,22,1,6,14,1,0,5,8,1,9,1,100.58333333333331,225.0,4.0,11.37,55.00000000000001,0.5887096774193549,715.9483068017366,3.2841828575997445,0.55,0.4397537379067722,3.3181818181818183
2020-06-09 17:00:00,17,21,1,6,13,1,0,4,6,1,7,1,101.58333333333331,112.0,4.0,11.37,52.5,0.5303030303030303,692.6433068017366,2.9226766344180595,0.525,0.3518029903254178,3.333333333333333
2020-06-09 18:00:00,18,20,1,5,13,1,0,5,6,1,7,1,102.58333333333331,172.0,4.0,11.37,50.0,0.5,696.1383068017366,3.101187335092348,0.5,0.4397537379067722,3.3
2020-06-09 19:00:00,19,13,1,1,11,0,0,7,4,0,4,0,103.58333333333331,210.0,4.0,11.37,32.5,0.2916666666666667,645.6949999999999,3.039039983762939,0.325,0.6156552330694811,3.230769230769231
2020-06-09 20:00:00,20,20,1,3,15,1,0,11,4,1,5,1,104.58333333333331,65.0,4.0,10.11,50.0,0.4571428571428571,680.6183068017365,5.081701285855589,0.5,1.0880316518298714,3.2
2020-06-09 21:00:00,21,23,1,5,16,1,0,5,6,2,8,2,105.58333333333331,94.5,4.0,10.11,57.49999999999999,0.5859375,733.761613603473,3.4876951361114696,0.575,0.4945598417408506,3.260869565217391
2020-06-09 22:00:00,22,23,1,5,16,1,0,6,4,1,5,1,106.58333333333331,163.0,3.0,6.8,57.49999999999999,0.7142857142857143,698.3333068017366,4.752237851662404,0.575,0.8823529411764706,3.260869565217391
2020-06-09 23:00:00,23,23,1,4,17,1,0,7,4,0,4,0,107.58333333333331,227.5,3.0,6.8,57.49999999999999,0.6851851851851852,689.7049999999999,5.162020460358057,0.575,1.0294117647058825,3.217391304347826
2020-06-10 00:00:00,0,19,1,4,13,1,0,1,4,0,4,0,108.58333333333331,287.5,3.0,6.8,47.5,0.5740740740740741,686.765,2.029876160990712,0.475,0.1470588235294117,3.263157894736842
2020-06-10 01:00:00,1,18,2,2,13,1,0,4,4,0,4,0,109.58333333333331,347.5,3.0,6.8,45.0,0.5462962962962963,690.26,3.403104575163399,0.45,0.5882352941176471,3.2777777777777777
2020-06-10 02:00:00,2,17,1,2,13,1,0,2,4,0,4,0,110.58333333333331,407.5,3.0,6.8,42.5,0.5,693.7549999999999,2.284256055363321,0.425,0.2941176470588235,3.176470588235294
2020-06-10 03:00:00,3,16,1,2,12,1,0,3,5,0,5,0,111.58333333333331,401.0,3.0,6.8,40.0,0.4857142857142857,710.6499999999999,2.68125,0.4,0.4411764705882353,3.1875
2020-06-10 04:00:00,4,15,1,2,11,1,0,1,5,0,5,0,112.58333333333331,461.0,3.0,6.8,37.5,0.4571428571428571,714.1449999999999,1.670588235294118,0.375,0.1470588235294117,3.2
2020-06-10 05:00:00,5,18,1,3,13,1,0,3,5,0,5,0,113.58333333333331,521.0,3.0,6.8,45.0,0.5523809523809524,726.2199999999999,2.8715686274509804,0.45,0.4411764705882353,3.2222222222222223
2020-06-10 06:00:00,6,17,1,2,13,1,0,4,5,1,6,1,114.58333333333331,578.0,3.0,6.8,42.5,0.5294117647058824,743.9833068017365,3.2185121107266434,0.425,0.5882352941176471,3.176470588235294
2020-06-10 07:00:00,7,16,1,2,12,1,0,1,5,1,6,1,115.58333333333331,638.0,3.0,6.8,40.0,0.5,747.4783068017366,1.74375,0.4,0.1470588235294117,3.1875
2020-06-10 08:00:00,8,16,2,3,10,1,0,4,5,1,6,1,116.58333333333331,505.0,3.0,8.059999999999999,40.0,0.5294117647058824,753.1183068017366,3.0249379652605466,0.4,0.4962779156327544,3.375
2020-06-10 09:00:00,9,17,2,2,12,1,0,4,4,1,5,1,117.58333333333331,95.0,3.0,8.059999999999999,42.5,0.5333333333333333,747.5033068017366,3.034797839731426,0.425,0.4962779156327544,3.294117647058824
2020-06-10 10:00:00,10,18,2,2,14,0,0,6,4,1,5,1,118.58333333333331,138.0,4.0,11.759999999999998,45.0,0.4285714285714285,755.2883068017366,3.200680272108844,0.45,0.5102040816326532,3.333333333333333
2020-06-10 11:00:00,11,21,2,2,16,1,0,7,4,1,5,1,119.58333333333331,198.0,4.0,11.759999999999998,52.5,0.4857142857142857,767.3633068017366,3.627437641723356,0.525,0.5952380952380953,3.238095238095238
2020-06-10 12:00:00,12,25,1,2,21,1,0,10,9,0,9,0,120.58333333333331,59.0,4.0,11.759999999999998,62.5,0.6290322580645161,834.3149999999999,4.603061224489797,0.625,0.8503401360544219,3.12
2020-06-10 13:00:00,13,26,1,2,22,1,0,4,11,0,11,0,121.58333333333331,98.0,4.0,11.759999999999998,65.0,0.6982758620689655,868.8999999999999,3.0846546310832026,0.65,0.3401360544217687,3.1153846153846154
2020-06-10 14:00:00,14,21,1,1,19,0,0,3,8,0,8,0,122.58333333333331,141.0,4.0,11.759999999999998,52.5,0.515625,823.6149999999999,2.4517492711370266,0.525,0.2551020408163266,3.142857142857143
2020-06-10 15:00:00,15,19,2,1,16,0,0,3,6,2,8,2,123.58333333333331,112.5,4.0,11.759999999999998,47.5,0.484375,826.7016136034731,2.3824382384532763,0.475,0.2551020408163266,3.263157894736842
2020-06-10 16:00:00,16,19,2,1,16,0,0,4,7,2,9,2,124.58333333333331,71.0,4.0,11.759999999999998,47.5,0.5,845.7416136034732,2.659917651271035,0.475,0.3401360544217687,3.263157894736842
2020-06-10 17:00:00,17,17,1,2,14,0,0,3,6,2,8,2,125.58333333333331,124.5,4.0,11.759999999999998,42.5,0.4296875,833.6916136034731,2.200330132052821,0.425,0.2551020408163266,3.235294117647059
2020-06-10 18:00:00,18,20,1,4,15,0,0,9,9,2,11,2,126.58333333333331,141.0,4.0,11.759999999999998,50.0,0.5689655172413793,885.9666136034732,4.1755102040816325,0.5,0.7653061224489798,3.3
2020-06-10 19:00:00,19,14,1,2,11,0,0,5,7,0,7,0,127.58333333333331,67.0,4.0,11.759999999999998,35.0,0.3484848484848485,823.4,2.546987366375121,0.35,0.4251700680272109,3.2857142857142856
2020-06-10 20:00:00,20,27,2,3,20,2,0,15,8,1,9,1,128.58333333333334,98.0,4.0,10.0,67.5,0.6935483870967742,884.5933068017366,6.927777777777777,0.675,1.5,3.185185185185185
2020-06-10 21:00:00,21,29,2,4,22,1,0,6,9,2,11,2,129.58333333333334,98.0,4.0,10.0,72.5,0.8103448275862069,922.1916136034732,4.294827586206896,0.725,0.6,3.2413793103448274
2020-06-10 22:00:00,22,21,1,4,14,2,0,7,7,2,9,2,130.58333333333334,136.0,3.0,6.3,52.5,0.7204301075268817,883.8716136034732,5.219973544973545,0.525,1.1111111111111112,3.1904761904761907
2020-06-10 23:00:00,23,21,2,3,13,3,0,9,8,1,9,1,131.58333333333334,196.0,3.0,6.3,52.5,0.7204301075268817,888.6433068017366,6.232823129251702,0.525,1.4285714285714286,3.1904761904761907
2020-06-11 00:00:00,0,24,2,5,15,2,0,7,8,1,9,1,132.58333333333334,256.0,3.0,6.3,60.0,0.8494623655913979,900.7183068017366,5.632407407407408,0.6,1.1111111111111112,3.2916666666666665
2020-06-11 01:00:00,1,20,1,4,14,1,0,2,8,0,8,0,133.58333333333334,357.0,3.0,6.3,50.0,0.6770833333333334,883.51,2.656746031746032,0.5,0.3174603174603174,3.25
2020-06-11 02:00:00,2,19,1,3,14,1,0,3,8,0,8,0,134.58333333333334,417.0,3.0,6.3,47.5,0.6354166666666666,887.0049999999999,3.0538220551378448,0.475,0.4761904761904762,3.210526315789474
2020-06-11 03:00:00,3,18,1,3,13,1,0,2,8,0,8,0,135.58333333333334,477.0,3.0,6.3,45.0,0.6041666666666666,890.5,2.472927689594356,0.45,0.3174603174603174,3.2222222222222223
2020-06-11 04:00:00,4,16,1,3,11,1,0,3,8,0,8,0,136.58333333333334,537.0,3.0,6.3,40.0,0.5416666666666666,891.85,2.847619047619048,0.4,0.4761904761904762,3.25
2020-06-11 05:00:00,5,16,1,3,11,1,0,0,8,0,8,0,137.58333333333334,597.0,3.0,6.3,40.0,0.5416666666666666,897.49,1.3,0.4,0.0,3.25
2020-06-11 06:00:00,6,17,1,3,12,1,0,1,8,0,8,0,138.58333333333334,657.0,3.0,6.3,42.5,0.5729166666666666,905.275,1.8885387488328664,0.425,0.1587301587301587,3.235294117647059
2020-06-11 07:00:00,7,18,1,3,13,1,0,3,8,0,8,0,139.58333333333334,717.0,3.0,6.3,45.0,0.6041666666666666,913.06,2.9843915343915346,0.45,0.4761904761904762,3.2222222222222223
2020-06-11 08:00:00,8,19,1,3,14,1,0,5,9,0,9,0,140.58333333333334,693.0,3.0,9.14,47.5,0.6559139784946236,934.245,3.2813054243924906,0.475,0.5470459518599562,3.210526315789474
2020-06-11 09:00:00,9,17,1,5,9,2,0,5,6,0,6,0,141.58333333333334,412.5,3.0,9.14,42.5,0.5490196078431373,895.395,3.2020337237739733,0.425,0.5470459518599562,3.294117647058824
2020-06-11 10:00:00,10,24,2,8,13,1,0,9,8,1,9,1,142.58333333333334,139.0,4.0,12.39,60.0,0.6693548387096774,957.1183068017366,4.587106537530266,0.6,0.7263922518159805,3.458333333333333
2020-06-11 11:00:00,11,21,1,7,12,1,0,4,8,0,8,0,143.58333333333334,160.0,4.0,12.39,52.5,0.5546875,942.055,2.8665100503478227,0.525,0.3228410008071025,3.380952380952381
2020-06-11 12:00:00,12,24,1,6,16,1,0,9,10,0,10,0,144.58333333333334,76.5,4.0,12.39,60.0,0.6583333333333333,980.93,4.366041162227602,0.6,0.7263922518159805,3.2916666666666665
2020-06-11 13:00:00,13,27,1,7,16,3,0,6,9,1,10,1,145.58333333333334,127.0,4.0,12.39,67.5,0.725,993.8733068017366,3.735398170567662,0.675,0.4842615012106537,3.2222222222222223
2020-06-11 14:00:00,14,28,1,8,16,3,0,7,8,1,9,1,146.58333333333334,167.0,4.0,12.39,70.0,0.7338709677419355,988.2583068017366,4.111158192090395,0.7,0.5649717514124294,3.25
2020-06-11 15:00:00,15,28,1,7,18,2,0,7,10,2,12,2,147.58333333333334,108.5,4.0,12.39,70.0,0.8125,1034.9666136034732,4.111158192090395,0.7,0.5649717514124294,3.25
2020-06-11 16:00:00,16,26,2,7,16,1,0,5,9,3,12,3,148.58333333333334,126.0,4.0,12.39,65.0,0.7857142857142857,1037.1849204052098,3.565865772645434,0.65,0.4035512510088781,3.3846153846153846
2020-06-11 17:00:00,17,21,1,4,13,3,0,6,10,0,10,0,149.58333333333334,148.5,4.0,12.39,52.5,0.55,1002.695,3.171964718090626,0.525,0.4842615012106537,3.142857142857143
2020-06-11 18:00:00,18,19,1,2,14,2,0,4,10,0,10,0,150.58333333333334,126.5,4.0,12.39,47.5,0.4916666666666666,1004.045,2.47750626566416,0.475,0.3228410008071025,3.1052631578947367
2020-06-11 19:00:00,19,20,1,2,15,2,0,4,10,0,10,0,151.58333333333334,166.5,4.0,12.39,50.0,0.5166666666666667,1011.83,2.550807102502018,0.5,0.3228410008071025,3.1
2020-06-11 20:00:00,20,18,1,2,14,1,0,7,9,0,9,0,152.58333333333334,239.0,4.0,9.63,45.0,0.4596774193548387,999.78,3.7268345448252,0.45,0.726895119418484,3.1666666666666665
2020-06-11 21:00:00,21,22,1,5,15,1,0,6,10,0,10,0,153.58333333333334,272.0,4.0,9.63,55.00000000000001,0.6,1027.4,3.839082412914189,0.55,0.6230529595015577,3.272727272727273
2020-06-11 22:00:00,22,20,1,6,13,0,0,3,9,0,9,0,154.58333333333334,359.0,3.0,6.38,50.0,0.7311827956989247,1015.35,3.298746081504702,0.5,0.4702194357366771,3.4
2020-06-11 23:00:00,23,22,1,6,14,1,0,7,10,0,10,0,155.58333333333334,333.5,3.0,6.38,55.00000000000001,0.8111111111111111,1038.68,5.465638358506697,0.55,1.09717868338558,3.3181818181818183
2020-06-12 00:00:00,0,19,1,5,13,0,0,5,9,0,9,0,156.58333333333334,479.0,3.0,6.38,47.5,0.6881720430107527,1024.485,4.239828411153274,0.475,0.7836990595611285,3.3684210526315788
2020-06-12 01:00:00,1,22,1,6,15,0,0,7,9,0,9,0,157.58333333333334,539.0,3.0,6.38,55.00000000000001,0.7956989247311828,1036.56,5.540510116842405,0.55,1.09717868338558,3.363636363636364
2020-06-12 02:00:00,2,20,1,4,15,0,0,1,9,0,9,0,158.58333333333334,599.0,3.0,6.38,50.0,0.7096774193548387,1037.91,2.1672413793103447,0.5,0.1567398119122257,3.3
2020-06-12 03:00:00,3,18,1,4,13,0,0,0,9,0,9,0,159.58333333333334,659.0,3.0,6.38,45.0,0.6451612903225806,1039.26,1.5,0.45,0.0,3.333333333333333
2020-06-12 04:00:00,4,17,1,3,13,0,0,1,9,0,9,0,160.58333333333334,719.0,3.0,6.38,42.5,0.6021505376344086,1042.755,1.9163193804167435,0.425,0.1567398119122257,3.294117647058824
2020-06-12 05:00:00,5,14,1,3,10,0,0,0,9,0,9,0,161.58333333333334,779.0,3.0,6.38,35.0,0.5053763440860215,1041.96,1.175,0.35,0.0,3.357142857142857
2020-06-12 06:00:00,6,15,1,3,11,0,0,1,9,0,9,0,162.58333333333334,839.0,3.0,6.38,37.5,0.5376344086021505,1049.745,1.7724660397074192,0.375,0.1567398119122257,3.333333333333333
2020-06-12 07:00:00,7,15,1,3,10,1,0,1,9,0,9,0,163.58333333333334,899.0,3.0,6.38,37.5,0.5268817204301075,1055.385,1.7370167189132708,0.375,0.1567398119122257,3.2666666666666666
2020-06-12 08:00:00,8,19,1,3,13,2,0,4,10,0,10,0,164.58333333333334,873.5,3.0,7.76,47.5,0.6666666666666666,1083.005,3.1277807921866523,0.475,0.5154639175257733,3.1578947368421053
2020-06-12 09:00:00,9,20,1,2,16,1,0,7,8,0,8,0,165.58333333333334,874.5,3.0,7.76,50.0,0.65625,1063.99,4.416494845360824,0.5,0.9020618556701032,3.15
2020-06-12 10:00:00,10,20,1,3,14,2,0,5,6,0,6,0,166.58333333333334,461.5,4.0,11.08,50.0,0.4632352941176471,1042.83,2.996480144404332,0.5,0.4512635379061371,3.15
2020-06-12 11:00:00,11,23,1,2,18,2,0,5,7,0,7,0,167.58333333333334,193.0,4.0,11.08,57.49999999999999,0.5378787878787878,1068.3049999999998,3.168030921362423,0.575,0.4512635379061371,3.0869565217391304
2020-06-12 12:00:00,12,26,1,3,20,2,0,8,7,0,7,0,74.7,199.0,4.0,11.08,65.0,0.6136363636363636,550.8779999999999,4.274375173562899,0.65,0.7220216606498195,3.1153846153846154
2020-06-12 13:00:00,13,22,1,4,16,1,0,6,6,1,7,1,75.7,38.0,4.0,11.08,55.00000000000001,0.5378787878787878,548.8063068017366,3.5226206104364945,0.55,0.5415162454873647,3.227272727272727
2020-06-12 14:00:00,14,24,1,3,19,1,0,7,8,1,9,1,76.7,82.0,4.0,11.08,60.0,0.6129032258064516,585.5363068017366,3.900601684717208,0.6,0.631768953068592,3.1666666666666665
2020-06-12 15:00:00,15,19,0,2,16,1,0,5,9,1,10,1,19.98333333333333,136.5,4.0,11.08,47.5,0.4833333333333333,268.3293068017366,2.8275413262397877,0.475,0.4512635379061371,3.0526315789473686
2020-06-12 16:00:00,16,20,1,1,16,2,0,8,10,1,11,1,20.98333333333333,178.0,4.0,11.08,50.0,0.5258620689655172,289.5143068017366,3.7271660649819496,0.5,0.7220216606498195,3.05
2020-06-12 17:00:00,17,21,1,2,16,2,0,3,11,1,12,1,21.98333333333333,216.5,4.0,11.08,52.5,0.5803571428571429,310.6993068017366,2.463060856111398,0.525,0.2707581227436823,3.095238095238096
2020-06-12 18:00:00,18,17,1,2,12,2,0,7,9,2,11,2,9.316666666666666,219.0,4.0,11.08,42.5,0.4568965517241379,218.1476136034732,3.2946326183903163,0.425,0.631768953068592,3.117647058823529
2020-06-12 19:00:00,19,16,1,3,11,1,0,7,7,3,10,3,10.316666666666666,116.0,4.0,11.08,40.0,0.4333333333333333,209.1109204052098,3.3532490974729243,0.4,0.631768953068592,3.25
2020-06-12 20:00:00,20,18,1,1,15,1,0,9,8,3,11,3,10.216666666666669,149.0,4.0,10.0,45.0,0.4827586206896552,226.23692040520984,4.2,0.45,0.9,3.111111111111111
2020-06-12 21:00:00,21,24,0,2,19,3,0,10,8,1,9,1,11.216666666666669,133.0,4.0,10.0,60.0,0.5725806451612904,216.21030680173664,4.733333333333333,0.6,1.0,2.958333333333333
2020-06-12 22:00:00,22,21,0,1,19,1,0,5,9,1,10,1,12.216666666666669,185.5,3.0,6.68,52.5,0.7,228.8153068017366,3.820508982035928,0.525,0.7485029940119761,3.0
2020-06-12 23:00:00,23,19,0,1,15,3,0,5,7,0,7,0,13.216666666666669,191.0,3.0,6.68,47.5,0.5555555555555556,189.097,3.541719193192563,0.475,0.7485029940119761,2.8947368421052637
2020-06-13 00:00:00,0,18,0,1,17,0,0,7,10,0,10,0,12.116666666666667,198.5,3.0,6.68,45.0,0.6111111111111112,220.948,4.576929474384564,0.45,1.0479041916167666,3.055555555555556
2020-06-13 01:00:00,1,23,0,1,22,0,0,9,11,0,11,0,13.116666666666667,245.0,3.0,6.68,57.49999999999999,0.8045977011494253,250.713,5.8504946628482175,0.575,1.347305389221557,3.0434782608695654
2020-06-13 02:00:00,2,23,0,2,21,0,0,5,12,0,12,0,14.116666666666667,172.0,3.0,6.68,57.49999999999999,0.8452380952380952,269.753,4.085596198906535,0.575,0.7485029940119761,3.0869565217391304
2020-06-13 03:00:00,3,26,1,2,23,0,0,6,12,0,12,0,15.116666666666667,232.0,3.0,6.68,65.0,0.9761904761904762,281.82800000000003,4.882795946568402,0.65,0.8982035928143713,3.1538461538461537
2020-06-13 04:00:00,4,29,1,2,26,0,0,5,13,0,13,0,16.116666666666667,290.0,3.0,6.68,72.5,1.123456790123457,307.303,4.623750774313442,0.725,0.7485029940119761,3.1379310344827585
2020-06-13 05:00:00,5,28,0,2,26,0,0,6,14,0,14,0,17.116666666666667,329.5,3.0,6.68,70.0,1.1025641025641026,324.198,4.908768177929855,0.7,0.8982035928143713,3.071428571428572
2020-06-13 06:00:00,6,27,0,3,24,0,0,2,13,1,14,1,18.116666666666667,389.5,3.0,6.68,67.5,1.0769230769230769,328.5613068017366,3.031470392548237,0.675,0.2994011976047904,3.111111111111111
2020-06-13 07:00:00,7,33,0,3,28,2,0,8,17,1,18,1,19.116666666666667,403.0,3.0,6.68,82.5,1.5151515151515151,400.6713068017366,6.129105425512611,0.825,1.1976047904191618,3.0303030303030303
2020-06-13 08:00:00,8,30,0,2,26,2,0,2,18,1,19,1,20.116666666666667,457.0,3.0,6.59,75.0,1.4285714285714286,413.2763068017366,3.1604704097116847,0.75,0.3034901365705614,3.0
2020-06-13 09:00:00,9,27,0,1,24,2,0,7,10,1,11,1,13.533333333333331,198.0,3.0,6.59,67.5,0.9195402298850576,262.5113068017366,5.147305119991008,0.675,1.062215477996965,2.962962962962963
2020-06-13 10:00:00,10,31,0,2,28,1,0,7,10,1,11,1,14.533333333333331,258.0,4.0,10.29,77.5,0.8103448275862069,276.73130680173665,4.412760588106211,0.775,0.6802721088435375,3.032258064516129
2020-06-13 11:00:00,11,28,0,1,26,1,0,4,10,1,11,1,15.533333333333331,318.0,4.0,10.29,70.0,0.7241379310344828,275.93630680173663,3.2661807580174926,0.7,0.3887269193391642,3.0
2020-06-13 12:00:00,12,27,0,4,22,1,0,8,13,0,13,0,11.683333333333334,193.0,4.0,10.29,67.5,0.7777777777777778,278.009,4.518745275888134,0.675,0.7774538386783285,3.111111111111111
2020-06-13 13:00:00,13,27,0,3,23,1,0,7,9,0,9,0,12.683333333333334,179.0,4.0,10.29,67.5,0.6693548387096774,230.049,4.166206853111615,0.675,0.6802721088435375,3.074074074074074
2020-06-13 14:00:00,14,26,0,3,23,0,0,8,5,0,5,0,13.683333333333334,132.0,4.0,10.29,65.0,0.5785714285714286,179.94400000000002,4.447067728190177,0.65,0.7774538386783285,3.1153846153846154
2020-06-13 15:00:00,15,20,0,3,17,0,0,8,2,0,2,0,10.9,191.0,4.0,10.29,50.0,0.4144736842105263,111.176,4.023979591836735,0.5,0.7774538386783285,3.15
2020-06-13 16:00:00,16,21,0,3,17,1,0,9,3,0,3,0,11.9,57.0,4.0,10.29,52.5,0.4391891891891892,132.361,4.332205331112037,0.525,0.8746355685131196,3.095238095238096
2020-06-13 17:00:00,17,26,1,4,20,1,0,6,6,0,6,0,12.9,64.0,4.0,10.29,65.0,0.6102941176470589,188.926,3.936403902220229,0.65,0.5830903790087464,3.1923076923076925
2020-06-13 18:00:00,18,24,1,3,19,1,0,7,6,0,6,0,13.9,83.5,4.0,10.29,60.0,0.5588235294117647,190.276,4.054195011337868,0.6,0.6802721088435375,3.1666666666666665
2020-06-13 19:00:00,19,24,1,4,18,1,0,8,7,1,8,1,6.716666666666667,102.0,4.0,10.29,60.0,0.6015625,177.4303068017366,4.419331065759637,0.6,0.7774538386783285,3.208333333333333
2020-06-13 20:00:00,20,24,1,2,19,2,0,8,7,0,7,0,7.716666666666667,141.0,4.0,10.3,60.0,0.5606060606060606,168.802,4.244822006472492,0.6,0.7766990291262136,3.083333333333333
2020-06-13 21:00:00,21,19,1,1,16,1,0,8,7,0,7,0,6.833333333333333,88.0,4.0,10.3,47.5,0.4469696969696969,153.095,3.886854879918242,0.475,0.7766990291262136,3.1052631578947367
2020-06-13 22:00:00,22,28,1,1,23,2,1,16,9,0,9,0,6.866666666666666,63.0,3.0,6.6,70.0,0.8924731182795699,199.388,9.261147186147186,0.7,2.4242424242424243,2.9642857142857144
2020-06-13 23:00:00,23,29,1,2,23,3,0,8,10,0,10,0,7.866666666666666,118.5,3.0,6.6,72.5,0.9777777777777776,220.573,5.878160919540229,0.725,1.2121212121212122,3.034482758620689
2020-06-14 00:00:00,0,28,1,3,21,3,0,11,11,0,11,0,8.866666666666667,174.0,3.0,6.6,70.0,0.9885057471264368,237.468,7.26904761904762,0.7,1.6666666666666667,3.071428571428572
2020-06-14 01:00:00,1,25,1,2,22,0,0,3,11,0,11,0,9.866666666666667,234.0,3.0,6.6,62.5,0.9080459770114944,236.673,3.4113636363636366,0.625,0.4545454545454546,3.16
2020-06-14 02:00:00,2,22,1,2,19,0,0,6,12,0,12,0,10.866666666666667,287.0,3.0,6.6,55.00000000000001,0.8333333333333334,249.278,4.642561983471075,0.55,0.9090909090909092,3.1818181818181817
2020-06-14 03:00:00,3,23,1,2,20,0,0,5,13,0,13,0,11.866666666666667,340.0,3.0,6.6,57.49999999999999,0.9012345679012346,270.463,4.229479578392621,0.575,0.7575757575757576,3.1739130434782608
2020-06-14 04:00:00,4,23,1,2,20,0,0,3,13,1,14,1,12.866666666666667,395.5,3.0,6.6,57.49999999999999,0.935897435897436,290.3713068017366,3.267687747035573,0.575,0.4545454545454546,3.1739130434782608
2020-06-14 05:00:00,5,22,1,2,19,0,0,2,13,1,14,1,13.866666666666667,455.5,3.0,6.6,55.00000000000001,0.8974358974358975,293.86630680173664,2.714187327823691,0.55,0.303030303030303,3.1818181818181817
2020-06-14 06:00:00,6,24,1,2,19,1,1,4,13,1,14,1,14.866666666666667,515.5,3.0,6.6,60.0,0.935897435897436,303.7963068017366,3.668434343434343,0.6,0.6060606060606061,3.0416666666666665
2020-06-14 07:00:00,7,24,1,2,20,1,0,2,13,1,14,1,15.866666666666667,575.5,3.0,6.6,60.0,0.9615384615384616,309.4363068017366,2.821969696969697,0.6,0.303030303030303,3.125
2020-06-14 08:00:00,8,24,1,2,20,1,0,3,12,1,13,1,16.866666666666667,640.0,3.0,6.8,60.0,0.925925925925926,301.67630680173664,3.2536764705882346,0.6,0.4411764705882353,3.125
2020-06-14 09:00:00,9,21,0,0,19,2,0,6,6,1,7,1,17.866666666666667,737.0,3.0,6.8,52.5,0.6161616161616161,220.48130680173665,4.088025210084033,0.525,0.8823529411764706,2.9047619047619047
2020-06-14 10:00:00,10,25,0,2,19,4,0,12,7,2,9,2,18.866666666666667,47.0,4.0,10.05,62.5,0.5887096774193549,262.3696136034732,5.311567164179104,0.625,1.1940298507462686,2.92
2020-06-14 11:00:00,11,25,0,3,18,4,0,6,6,2,8,2,19.866666666666667,107.0,4.0,10.05,62.5,0.578125,254.60961360347324,3.617164179104477,0.625,0.5970149253731343,2.96
2020-06-14 12:00:00,12,25,0,4,19,2,0,9,6,2,8,2,20.866666666666667,154.0,4.0,10.05,62.5,0.6015625,260.2496136034732,4.68320895522388,0.625,0.8955223880597014,3.08
2020-06-14 13:00:00,13,27,0,4,21,2,0,7,4,2,6,2,21.866666666666667,221.0,4.0,10.05,67.5,0.6102941176470589,243.3796136034732,4.216146121245624,0.675,0.6965174129353233,3.074074074074074
2020-06-14 14:00:00,14,25,1,3,20,1,0,9,3,2,5,2,22.866666666666667,284.0,4.0,10.05,62.5,0.5642857142857143,231.3296136034732,4.804850746268657,0.625,0.8955223880597014,3.16
2020-06-14 15:00:00,15,27,1,4,21,1,0,11,5,1,6,1,23.866666666666667,224.0,4.0,10.05,67.5,0.6323529411764706,253.7913068017366,5.636272341993735,0.675,1.0945273631840795,3.185185185185185
2020-06-14 16:00:00,16,29,1,6,21,1,0,11,4,1,5,1,24.866666666666667,398.0,4.0,10.05,72.5,0.6714285714285714,250.32130680173657,5.897778349631154,0.725,1.0945273631840795,3.2413793103448274
2020-06-14 17:00:00,17,33,3,6,22,2,0,14,9,1,10,1,25.866666666666667,34.0,4.0,10.05,82.5,0.9083333333333332,331.5413068017366,7.326236243027289,0.825,1.3930348258706466,3.303030303030303
2020-06-14 18:00:00,18,32,3,7,21,1,0,10,10,1,11,1,26.866666666666667,76.0,4.0,10.05,80.0,0.9310344827586208,348.4363068017366,6.05820895522388,0.8,0.9950248756218903,3.375
2020-06-14 19:00:00,19,25,3,4,17,1,0,4,6,0,6,0,27.866666666666667,134.0,4.0,10.05,62.5,0.6176470588235294,271.193,3.4373134328358206,0.625,0.3980099502487562,3.36
2020-06-14 20:00:00,20,26,3,4,13,5,1,12,6,1,7,1,28.866666666666667,183.0,4.0,11.31,65.0,0.6136363636363636,293.24630680173664,5.330447867782086,0.65,1.0610079575596818,3.1153846153846154
2020-06-14 21:00:00,21,28,3,4,17,4,0,12,8,1,9,1,29.866666666666667,111.0,4.0,11.31,70.0,0.7258064516129032,329.9763068017366,5.660382720727549,0.7,1.0610079575596818,3.2142857142857144
2020-06-14 22:00:00,22,19,2,3,11,3,0,5,4,2,6,2,30.866666666666667,97.0,3.0,8.059999999999999,47.5,0.5980392156862745,276.97961360347324,3.516641635105133,0.475,0.620347394540943,3.210526315789474
2020-06-14 23:00:00,23,25,2,6,13,4,0,11,5,2,7,2,31.866666666666667,127.0,3.0,8.059999999999999,62.5,0.8181818181818182,308.8896136034732,6.446836228287842,0.625,1.3647642679900749,3.24
2020-06-15 00:00:00,0,30,2,6,18,4,0,10,6,1,7,1,32.86666666666667,124.0,3.0,8.059999999999999,75.0,0.9696969696969696,324.3863068017366,6.370223325062035,0.75,1.240694789081886,3.2
2020-06-15 01:00:00,1,27,2,6,14,5,0,4,6,1,7,1,33.86666666666667,184.0,3.0,8.059999999999999,67.5,0.8686868686868687,323.5913068017366,3.7307370646080327,0.675,0.4962779156327544,3.185185185185185
2020-06-15 02:00:00,2,24,1,6,12,5,0,2,6,0,6,0,34.86666666666667,268.0,3.0,8.059999999999999,60.0,0.7352941176470589,308.528,2.6504342431761785,0.6,0.2481389578163772,3.125
2020-06-15 03:00:00,3,25,1,8,11,5,0,3,6,1,7,1,35.86666666666667,289.0,3.0,8.059999999999999,62.5,0.8080808080808081,330.58130680173656,3.191066997518611,0.625,0.3722084367245658,3.2
2020-06-15 04:00:00,4,25,1,8,10,5,1,2,6,1,7,1,36.86666666666667,349.0,3.0,8.059999999999999,62.5,0.7878787878787878,336.2213068017366,2.7241935483870967,0.625,0.2481389578163772,3.12
2020-06-15 05:00:00,5,25,1,7,11,5,1,2,7,0,7,0,37.86666666666667,409.0,3.0,8.059999999999999,62.5,0.7777777777777778,340.993,2.6892679900744416,0.625,0.2481389578163772,3.08
2020-06-15 06:00:00,6,26,1,7,10,6,2,2,7,0,7,0,38.86666666666667,469.0,3.0,8.059999999999999,65.0,0.7777777777777778,348.778,2.659873067379271,0.65,0.2481389578163772,2.9615384615384617
2020-06-15 07:00:00,7,25,1,8,10,5,1,1,8,0,8,0,39.86666666666667,526.5,3.0,8.059999999999999,62.5,0.8125,365.673,2.3370967741935487,0.625,0.1240694789081886,3.12
2020-06-15 08:00:00,8,23,1,4,11,6,1,8,9,0,9,0,40.86666666666667,584.0,3.0,6.77,57.49999999999999,0.7204301075268817,380.423,5.117296576970008,0.575,1.1816838995568686,2.9130434782608696
2020-06-15 09:00:00,9,22,1,2,14,4,1,6,6,0,6,0,41.86666666666667,199.5,3.0,6.77,55.00000000000001,0.6274509803921569,343.718,4.1782194172149865,0.55,0.8862629246676514,2.909090909090909
2020-06-15 10:00:00,10,27,1,2,21,2,1,11,9,0,9,0,42.86666666666667,100.0,4.0,10.11,67.5,0.6532258064516129,400.283,5.289094955489614,0.675,1.0880316518298714,3.0
2020-06-15 11:00:00,11,23,1,4,18,0,0,7,7,2,9,2,6.666666666666667,104.0,4.0,10.11,57.49999999999999,0.6048387096774194,189.27161360347324,4.1327731905560565,0.575,0.6923837784371909,3.260869565217391
2020-06-15 12:00:00,12,30,1,5,24,0,0,11,8,2,10,2,7.666666666666667,150.0,4.0,10.11,75.0,0.8083333333333333,223.3266136034732,5.942969007583251,0.75,1.0880316518298714,3.2333333333333334
2020-06-15 13:00:00,13,26,1,4,21,0,0,4,7,3,10,3,8.666666666666666,179.5,4.0,10.11,65.0,0.7,221.25492040520984,3.378246975576353,0.65,0.3956478733926805,3.230769230769231
2020-06-15 14:00:00,14,31,2,4,25,0,0,7,9,3,12,3,9.666666666666666,212.0,4.0,10.11,77.5,0.9017857142857144,264.41992040520984,4.780831020069559,0.775,0.6923837784371909,3.2580645161290325
2020-06-15 15:00:00,15,34,2,5,27,0,0,5,10,4,14,4,10.666666666666666,217.5,4.0,10.11,85.0,1.0673076923076923,304.16322720694643,4.389592424506895,0.85,0.4945598417408506,3.264705882352941
2020-06-15 16:00:00,16,30,3,3,24,0,0,8,9,3,12,3,8.983333333333333,178.0,4.0,10.11,75.0,0.8839285714285714,258.4209204052098,5.086275964391691,0.75,0.7912957467853611,3.3
2020-06-15 17:00:00,17,31,3,7,20,1,0,9,11,3,14,3,9.983333333333333,148.5,4.0,10.11,77.5,1.0096153846153846,293.0059204052098,5.6402196802909925,0.775,0.8902077151335313,3.3870967741935485
2020-06-15 18:00:00,18,27,3,5,19,0,0,2,11,2,13,2,10.983333333333333,182.0,4.0,10.11,67.5,0.8518518518518519,275.7976136034732,2.974066747261604,0.675,0.1978239366963402,3.4074074074074074
2020-06-15 19:00:00,19,25,2,5,18,0,0,7,8,2,10,2,10.216666666666669,218.0,4.0,10.11,62.5,0.7,226.9836136034733,4.4264094955489615,0.625,0.6923837784371909,3.36
2020-06-15 20:00:00,20,26,3,7,16,0,0,9,7,3,10,3,10.616666666666667,255.5,4.0,10.8,65.0,0.7583333333333333,232.25292040520984,5.191666666666666,0.65,0.8333333333333333,3.5
2020-06-15 21:00:00,21,28,2,6,20,0,0,10,6,2,8,2,8.25,76.5,4.0,10.8,70.0,0.734375,195.52661360347324,5.458465608465608,0.7,0.9259259259259258,3.357142857142857
2020-06-15 22:00:00,22,25,2,4,19,0,0,7,6,1,7,1,6.466666666666667,98.0,3.0,7.46,62.5,0.8383838383838383,164.7653068017366,5.190281501340483,0.625,0.938337801608579,3.32
2020-06-15 23:00:00,23,19,2,3,13,1,0,4,6,1,7,1,3.8666666666666663,151.0,3.0,7.46,47.5,0.6363636363636364,137.2313068017366,3.352903203047834,0.475,0.5361930294906166,3.3157894736842106
2020-06-16 00:00:00,0,21,1,6,14,0,0,10,9,2,11,2,4.866666666666666,62.0,3.0,7.46,52.5,0.8160919540229885,201.62961360347325,6.307107749265926,0.525,1.3404825737265416,3.380952380952381
2020-06-16 01:00:00,1,27,2,6,17,2,0,8,10,2,12,2,5.866666666666666,120.5,3.0,7.46,67.5,1.0595238095238095,233.5396136034732,5.759902194419621,0.675,1.0723860589812333,3.2962962962962963
2020-06-16 02:00:00,2,28,2,6,19,1,0,5,12,2,14,2,6.866666666666666,177.5,3.0,7.46,70.0,1.1923076923076923,268.1246136034732,4.551158559938721,0.7,0.6702412868632708,3.321428571428572
2020-06-16 03:00:00,3,27,3,6,17,1,0,3,12,3,15,3,7.866666666666666,236.0,3.0,7.46,67.5,1.2266666666666666,285.88792040520985,3.6702710753649095,0.675,0.4021447721179624,3.4074074074074074
2020-06-16 04:00:00,4,25,2,5,18,0,0,2,12,1,13,1,8.866666666666667,299.0,3.0,7.46,62.5,1.037037037037037,258.7013068017366,3.000804289544236,0.625,0.2680965147453083,3.36
2020-06-16 05:00:00,5,25,2,5,18,0,0,2,12,1,13,1,9.866666666666667,359.0,3.0,7.46,62.5,1.037037037037037,264.34130680173666,3.000804289544236,0.625,0.2680965147453083,3.36
2020-06-16 06:00:00,6,24,2,5,17,0,0,2,11,1,12,1,10.866666666666667,420.5,3.0,7.46,60.0,0.9642857142857144,254.43630680173663,2.9298257372654155,0.6,0.2680965147453083,3.375
2020-06-16 07:00:00,7,25,2,4,18,1,0,3,13,0,13,0,11.866666666666667,479.0,3.0,7.46,62.5,1.0123456790123455,274.75300000000004,3.3690348525469167,0.625,0.4021447721179624,3.28
2020-06-16 08:00:00,8,30,2,5,22,1,0,5,13,1,14,1,12.866666666666667,537.5,3.0,6.95,75.0,1.2564102564102564,305.38630680173657,4.800119904076738,0.75,0.7194244604316546,3.2666666666666666
2020-06-16 09:00:00,9,24,1,4,17,1,1,7,7,1,8,1,13.866666666666667,298.5,3.0,6.95,60.0,0.78125,217.7563068017366,5.02248201438849,0.6,1.0071942446043165,3.125
2020-06-16 10:00:00,10,26,1,2,19,4,0,7,8,0,8,0,13.366666666666667,60.0,4.0,10.21,65.0,0.609375,218.358,4.006807051909892,0.65,0.6856023506366307,3.0
2020-06-16 11:00:00,11,28,1,5,17,5,0,11,10,1,11,1,14.2,91.0,4.0,10.21,70.0,0.7413793103448276,268.4163068017366,5.459080733174758,0.7,1.0773751224289911,3.071428571428572
2020-06-16 12:00:00,12,28,1,4,20,3,0,5,12,1,13,1,15.2,113.0,4.0,10.21,70.0,0.8055555555555556,300.85630680173665,3.696617461872114,0.7,0.4897159647404505,3.107142857142857
2020-06-16 13:00:00,13,33,1,6,23,3,0,7,14,1,15,1,16.2,169.0,4.0,10.21,82.5,1.04,344.0213068017366,4.760686195945745,0.825,0.6856023506366307,3.1515151515151514
2020-06-16 14:00:00,14,30,0,6,22,2,0,6,12,1,13,1,6.866666666666666,175.0,4.0,10.21,75.0,0.8703703703703703,258.1463068017366,4.191332027424094,0.75,0.5876591576885406,3.1333333333333333
2020-06-16 15:00:00,15,21,0,1,18,2,0,5,9,0,9,0,7.866666666666666,104.0,4.0,10.21,52.5,0.5,190.013,2.995828086376568,0.525,0.4897159647404505,2.952380952380953
2020-06-16 16:00:00,16,17,1,2,12,2,0,3,7,1,8,1,8.866666666666667,128.5,4.0,10.21,42.5,0.4140625,174.54130680173662,2.241056922279196,0.425,0.2938295788442703,3.117647058823529
2020-06-16 17:00:00,17,23,2,3,17,1,0,10,6,2,8,2,9.866666666666667,172.0,4.0,10.21,57.49999999999999,0.5859375,193.9196136034732,5.068799770046415,0.575,0.979431929480901,3.260869565217391
2020-06-16 18:00:00,18,24,2,4,16,2,0,10,6,3,9,3,10.866666666666667,92.0,4.0,10.21,60.0,0.6290322580645161,215.97292040520983,5.133153770812928,0.6,0.979431929480901,3.25
2020-06-16 19:00:00,19,21,0,4,15,2,0,5,7,1,8,1,11.866666666666667,103.5,4.0,10.21,52.5,0.5078125,200.04130680173665,3.1407875099109184,0.525,0.4897159647404505,3.095238095238096
2020-06-16 20:00:00,20,21,0,5,14,2,0,5,6,1,7,1,10.233333333333333,162.0,4.0,11.02,52.5,0.5,177.42930680173663,3.075978739953332,0.525,0.4537205081669692,3.142857142857143
2020-06-16 21:00:00,21,27,0,6,19,2,0,12,9,0,9,0,11.233333333333333,177.0,4.0,11.02,67.5,0.6854838709677419,221.871,5.553110506150435,0.675,1.088929219600726,3.1481481481481484
2020-06-16 22:00:00,22,27,0,4,21,2,0,7,8,0,8,0,12.233333333333333,82.0,3.0,7.76,67.5,0.8645833333333334,214.111,4.848004963726614,0.675,0.9020618556701032,3.074074074074074
2020-06-16 23:00:00,23,38,0,6,28,4,0,18,8,0,8,0,13.233333333333333,142.0,3.0,7.76,95.0,1.2083333333333333,243.346,9.980846446011938,0.95,2.31958762886598,3.0526315789473686
2020-06-17 00:00:00,0,39,0,7,28,4,0,7,8,0,8,0,14.233333333333333,202.0,3.0,7.76,97.5,1.25,251.13100000000003,5.775574940523394,0.975,0.9020618556701032,3.076923076923077
2020-06-17 01:00:00,1,31,1,5,20,5,0,3,10,0,10,0,14.216666666666669,249.5,3.0,7.76,77.5,1.0555555555555556,260.677,3.5597356168939145,0.775,0.3865979381443299,3.064516129032258
2020-06-17 02:00:00,2,27,2,5,18,2,0,2,12,0,12,0,15.216666666666669,269.0,3.0,7.76,67.5,1.0476190476190477,284.53700000000003,3.0400152730049634,0.675,0.2577319587628866,3.259259259259259
2020-06-17 03:00:00,3,22,2,2,16,2,0,1,12,0,12,0,13.183333333333334,329.0,3.0,7.76,55.00000000000001,0.8333333333333334,262.344,2.160028116213683,0.55,0.1288659793814433,3.1818181818181817
2020-06-17 04:00:00,4,21,2,2,15,2,0,1,12,0,12,0,14.183333333333334,389.0,3.0,7.76,52.5,0.7976190476190477,265.83900000000006,2.0861438389788907,0.525,0.1288659793814433,3.1904761904761907
2020-06-17 05:00:00,5,24,2,2,17,3,0,4,13,0,13,0,15.183333333333334,419.0,3.0,7.76,60.0,0.925925925925926,291.314,3.4858247422680413,0.6,0.5154639175257733,3.125
2020-06-17 06:00:00,6,24,2,2,16,3,1,2,13,0,13,0,16.183333333333334,479.0,3.0,7.76,60.0,0.9012345679012346,296.954,2.60893470790378,0.6,0.2577319587628866,3.0416666666666665
2020-06-17 07:00:00,7,26,2,4,16,3,1,3,15,0,15,0,17.183333333333334,449.0,3.0,7.76,65.0,1.08,333.684,3.229401268834259,0.65,0.3865979381443299,3.1153846153846154
2020-06-17 08:00:00,8,27,2,5,15,4,1,6,16,0,16,0,18.183333333333334,477.5,3.0,6.77,67.5,1.1666666666666667,354.869,4.85726243229936,0.675,0.8862629246676514,3.111111111111111
2020-06-17 09:00:00,9,25,0,5,14,5,1,8,9,1,10,1,18.366666666666667,216.5,3.0,6.77,62.5,0.8111111111111111,272.0813068017366,5.275516986706056,0.625,1.1816838995568686,2.92
2020-06-17 10:00:00,10,22,0,5,14,2,1,5,11,2,13,2,16.433333333333334,176.0,4.0,9.81,55.00000000000001,0.6203703703703703,295.81061360347326,3.227219442127699,0.55,0.5096839959225281,3.0454545454545454
2020-06-17 11:00:00,11,27,0,6,17,3,1,7,13,2,15,2,17.433333333333334,156.0,4.0,9.81,67.5,0.82,338.9756136034732,4.217100841922453,0.675,0.7135575942915393,3.037037037037037
2020-06-17 12:00:00,12,25,0,3,20,2,0,12,12,0,12,0,15.333333333333334,153.0,4.0,9.81,62.5,0.6785714285714286,280.90500000000003,5.618654434250765,0.625,1.2232415902140674,3.04
2020-06-17 13:00:00,13,21,0,4,15,2,0,4,9,0,9,0,6.433333333333334,170.0,4.0,9.81,52.5,0.5241935483870968,181.929,2.88707465657007,0.525,0.4077471967380224,3.095238095238096
2020-06-17 14:00:00,14,21,0,3,16,2,0,8,7,0,7,0,5.75,202.0,4.0,9.81,52.5,0.4848484848484848,151.275,4.085316246784137,0.525,0.8154943934760449,3.0476190476190474
2020-06-17 15:00:00,15,14,0,2,11,1,0,1,4,0,4,0,6.75,250.0,4.0,9.81,35.0,0.2986111111111111,101.7,1.3880915974952672,0.35,0.1019367991845056,3.071428571428572
2020-06-17 16:00:00,16,12,1,1,9,1,0,3,1,1,2,1,7.75,211.0,4.0,9.81,30.0,0.25,77.11830680173662,1.9183995922528032,0.3,0.3058103975535168,3.1666666666666665
2020-06-17 17:00:00,17,11,1,1,7,2,0,3,2,1,3,1,8.75,87.0,4.0,9.81,27.500000000000004,0.2297297297297297,94.0133068017366,1.7952321378926883,0.275,0.3058103975535168,3.090909090909091
2020-06-17 18:00:00,18,9,1,1,6,1,0,3,1,1,2,1,9.75,77.0,4.0,9.81,22.5,0.1907894736842105,81.9633068017366,1.7103890587835544,0.225,0.3058103975535168,3.2222222222222223
2020-06-17 19:00:00,19,10,1,1,7,1,0,5,1,1,2,1,10.75,63.5,4.0,9.81,25.0,0.2105263157894736,89.7483068017366,2.4309887869520903,0.25,0.5096839959225281,3.2
2020-06-17 20:00:00,20,11,1,3,6,1,0,7,1,2,3,2,11.75,56.0,4.0,9.62,27.500000000000004,0.25,111.80161360347324,3.372552447552448,0.275,0.7276507276507276,3.363636363636364
2020-06-17 21:00:00,21,12,2,1,8,1,0,8,4,1,5,1,12.75,20.0,4.0,9.62,30.0,0.2857142857142857,145.5183068017366,3.772002772002772,0.3,0.8316008316008315,3.333333333333333
2020-06-17 22:00:00,22,15,1,3,10,1,0,7,4,0,4,0,13.75,73.0,3.0,6.58,37.5,0.4537037037037037,143.325,4.700177304964539,0.375,1.0638297872340423,3.2666666666666666
2020-06-17 23:00:00,23,12,1,2,9,0,0,5,5,0,5,0,3.05,129.0,3.0,6.58,30.0,0.3809523809523809,89.942,3.532928064842958,0.3,0.7598784194528875,3.333333333333333
2020-06-18 00:00:00,0,12,1,3,8,0,0,6,5,0,5,0,4.05,189.0,3.0,6.58,30.0,0.3904761904761905,95.582,4.140501519756839,0.3,0.9118541033434652,3.4166666666666665
2020-06-18 01:00:00,1,18,1,4,13,0,0,8,5,0,5,0,5.05,249.0,3.0,6.58,45.0,0.5714285714285714,114.09199999999998,5.552684903748734,0.45,1.21580547112462,3.333333333333333
2020-06-18 02:00:00,2,19,1,5,13,0,0,5,7,0,7,0,5.333333333333333,299.0,3.0,6.58,47.5,0.6464646464646465,144.635,4.159590465525516,0.475,0.7598784194528875,3.3684210526315788
2020-06-18 03:00:00,3,19,1,5,13,0,0,4,9,0,9,0,6.333333333333333,285.0,3.0,6.58,47.5,0.6881720430107527,177.07500000000002,3.647672372420412,0.475,0.60790273556231,3.3684210526315788
2020-06-18 04:00:00,4,19,1,5,13,0,0,1,10,0,10,0,7.333333333333333,262.0,3.0,6.58,47.5,0.7111111111111111,196.115,2.111918093105103,0.475,0.1519756838905775,3.3684210526315788
2020-06-18 05:00:00,5,18,1,5,12,0,0,1,8,0,8,0,8.333333333333334,359.0,3.0,6.58,45.0,0.6354166666666666,172.81,2.0400287065180684,0.45,0.1519756838905775,3.388888888888889
2020-06-18 06:00:00,6,18,1,4,13,0,0,2,8,0,8,0,9.333333333333334,419.0,3.0,6.58,45.0,0.625,178.45,2.5131712259371835,0.45,0.303951367781155,3.333333333333333
2020-06-18 07:00:00,7,20,1,4,15,0,0,3,9,0,9,0,10.333333333333334,359.0,3.0,6.58,50.0,0.7096774193548387,201.78,3.1545592705167174,0.5,0.4559270516717325,3.3
2020-06-18 08:00:00,8,17,1,4,12,0,0,1,10,0,10,0,11.333333333333334,409.5,3.0,6.68,42.5,0.6333333333333333,214.385,1.9269373018668543,0.425,0.1497005988023952,3.3529411764705883
2020-06-18 09:00:00,9,13,0,5,8,0,0,4,6,0,6,0,12.283333333333331,401.5,3.0,6.68,32.5,0.4313725490196078,157.563,3.126715799170889,0.325,0.5988023952095809,3.3846153846153846
2020-06-18 10:00:00,10,17,0,9,8,0,0,8,8,0,8,0,13.283333333333331,117.5,4.0,9.99,42.5,0.46875,198.583,4.326355767532238,0.425,0.8008008008008007,3.5294117647058822
2020-06-18 11:00:00,11,17,0,8,9,0,0,3,8,0,8,0,14.283333333333331,177.5,4.0,9.99,42.5,0.4609375,204.223,2.517218689277513,0.425,0.3003003003003003,3.4705882352941178
2020-06-18 12:00:00,12,16,0,6,10,0,0,2,7,0,7,0,15.283333333333331,268.0,4.0,9.99,40.0,0.4090909090909091,194.318,2.025675675675676,0.4,0.2002002002002001,3.375
2020-06-18 13:00:00,13,19,0,6,13,0,0,6,8,0,8,0,15.983333333333333,253.0,4.0,9.99,47.5,0.4921875,218.101,3.566465149359886,0.475,0.6006006006006006,3.3157894736842106
2020-06-18 14:00:00,14,23,0,6,16,1,0,6,8,0,8,0,16.983333333333334,313.0,4.0,9.99,57.49999999999999,0.578125,232.321,3.782367149758454,0.575,0.6006006006006006,3.217391304347826
2020-06-18 15:00:00,15,18,0,6,11,1,0,2,6,1,7,1,17.983333333333334,143.0,4.0,9.99,45.0,0.4469696969696969,214.7043068017366,2.1312117673228785,0.45,0.2002002002002001,3.2777777777777777
2020-06-18 16:00:00,16,19,0,5,13,1,0,4,7,1,8,1,8.466666666666667,157.5,4.0,9.99,47.5,0.4765625,176.5753068017366,2.8104960223381275,0.475,0.4004004004004003,3.210526315789474
2020-06-18 17:00:00,17,19,0,4,15,0,0,4,7,1,8,1,9.466666666666669,217.5,4.0,9.99,47.5,0.4765625,182.2153068017366,2.8104960223381275,0.475,0.4004004004004003,3.210526315789474
2020-06-18 18:00:00,18,16,0,2,14,0,0,3,6,1,7,1,8.3,212.0,4.0,9.99,40.0,0.3787878787878788,155.8003068017366,2.1884384384384385,0.4,0.3003003003003003,3.125
2020-06-18 19:00:00,19,22,1,3,18,0,0,11,8,1,9,1,9.3,235.0,4.0,9.99,55.00000000000001,0.5725806451612904,201.1103068017366,5.3285535535535535,0.55,1.1011011011011012,3.227272727272727
2020-06-18 20:00:00,20,26,1,2,23,0,0,9,10,0,10,0,7.633333333333334,107.5,4.0,9.91,65.0,0.6833333333333333,212.822,4.914239695723047,0.65,0.9081735620585268,3.1538461538461537
2020-06-18 21:00:00,21,30,1,2,27,0,0,10,10,0,10,0,8.633333333333333,167.5,4.0,9.91,75.0,0.7833333333333333,227.042,5.511789438277834,0.75,1.0090817356205852,3.1333333333333333
2020-06-18 22:00:00,22,21,1,2,18,0,0,6,10,2,12,2,8.133333333333333,91.0,3.0,6.6,52.5,0.7976190476190477,233.45361360347323,4.575432900432901,0.525,0.9090909090909092,3.1904761904761907
2020-06-18 23:00:00,23,24,0,2,21,0,1,6,11,2,13,2,9.133333333333333,139.0,3.0,6.6,60.0,0.8888888888888888,258.92861360347325,4.527272727272727,0.6,0.9090909090909092,3.0
2020-06-19 00:00:00,0,20,0,2,17,0,1,3,11,1,12,1,10.133333333333333,211.0,3.0,6.6,50.0,0.7142857142857143,241.72030680173663,2.863636363636364,0.5,0.4545454545454546,3.0
2020-06-19 01:00:00,1,26,0,1,23,1,1,9,12,1,13,1,11.133333333333333,259.0,3.0,6.6,65.0,0.9382716049382716,273.6303068017366,5.886013986013986,0.65,1.3636363636363638,2.923076923076923
2020-06-19 02:00:00,2,20,0,1,18,0,1,1,13,1,14,1,12.133333333333333,297.0,3.0,6.6,50.0,0.7564102564102564,279.8003068017366,1.921969696969697,0.5,0.1515151515151515,2.95
2020-06-19 03:00:00,3,21,0,2,18,0,1,2,14,1,15,1,13.133333333333333,335.0,3.0,6.6,52.5,0.84,300.9853068017366,2.4840909090909093,0.525,0.303030303030303,3.0
2020-06-19 04:00:00,4,24,0,2,21,0,1,3,14,1,15,1,14.133333333333333,395.0,3.0,6.6,60.0,0.96,313.0603068017366,3.163636363636364,0.6,0.4545454545454546,3.0
2020-06-19 05:00:00,5,28,0,3,24,0,1,5,15,1,16,1,15.133333333333333,453.0,3.0,6.6,70.0,1.1805555555555556,340.6803068017366,4.424783549783549,0.7,0.7575757575757576,3.0357142857142856
2020-06-19 06:00:00,6,30,0,3,26,0,1,4,16,1,17,1,16.133333333333333,511.0,3.0,6.6,75.0,1.318840579710145,364.0103068017367,4.113383838383838,0.75,0.6060606060606061,3.033333333333333
2020-06-19 07:00:00,7,29,0,3,25,0,1,2,16,1,17,1,17.133333333333333,571.0,3.0,6.6,72.5,1.2753623188405796,367.5053068017367,3.1195402298850574,0.725,0.303030303030303,3.034482758620689
2020-06-19 08:00:00,8,30,1,4,24,0,1,6,17,2,19,2,18.133333333333333,622.0,3.0,8.059999999999999,75.0,1.492063492063492,402.9586136034732,4.682506203473946,0.75,0.7444168734491317,3.1333333333333333
2020-06-19 09:00:00,9,28,1,6,19,1,1,6,10,4,14,4,15.866666666666667,424.0,3.0,8.059999999999999,70.0,1.141025641025641,320.62122720694646,4.591182204891882,0.7,0.7444168734491317,3.1785714285714284
2020-06-19 10:00:00,10,28,1,3,22,2,0,7,9,3,12,3,16.866666666666667,545.5,4.0,11.759999999999998,70.0,0.7767857142857143,298.59292040520984,4.024489795918368,0.7,0.5952380952380953,3.107142857142857
2020-06-19 11:00:00,11,27,1,3,22,1,0,3,9,3,12,3,17.866666666666667,452.0,4.0,11.759999999999998,67.5,0.7589285714285714,302.08792040520984,2.9280990173847323,0.675,0.2551020408163266,3.1481481481481484
2020-06-19 12:00:00,12,29,1,3,24,1,0,6,11,2,13,2,18.866666666666667,402.0,4.0,11.759999999999998,72.5,0.8425925925925926,324.54961360347323,3.8759852216748767,0.725,0.5102040816326532,3.1379310344827585
2020-06-19 13:00:00,13,29,1,3,24,1,0,6,9,1,10,1,16.716666666666665,240.5,4.0,11.759999999999998,72.5,0.7583333333333333,271.35530680173656,3.8759852216748767,0.725,0.5102040816326532,3.1379310344827585
2020-06-19 14:00:00,14,25,1,4,19,1,0,7,8,1,9,1,17.716666666666665,148.0,4.0,11.759999999999998,62.5,0.6451612903225806,255.01530680173656,3.904761904761905,0.625,0.5952380952380953,3.2
2020-06-19 15:00:00,15,28,1,4,22,1,0,7,9,1,10,1,14.4,144.5,4.0,11.759999999999998,70.0,0.7416666666666667,256.1443068017366,4.117006802721089,0.7,0.5952380952380953,3.1785714285714284
2020-06-19 16:00:00,16,25,1,3,20,1,0,1,9,0,9,0,15.4,174.0,4.0,11.759999999999998,62.5,0.6370967741935484,241.081,2.243707482993197,0.625,0.0850340136054421,3.16
2020-06-19 17:00:00,17,23,1,3,18,1,0,3,8,0,8,0,16.4,264.5,4.0,11.759999999999998,57.49999999999999,0.5703125,229.031,2.6346716947648625,0.575,0.2551020408163266,3.1739130434782608
2020-06-19 18:00:00,18,22,1,4,16,1,0,5,7,0,7,0,17.4,294.0,4.0,11.759999999999998,55.00000000000001,0.5378787878787878,219.126,3.147139764996908,0.55,0.4251700680272109,3.227272727272727
2020-06-19 19:00:00,19,24,1,4,18,1,0,3,7,0,7,0,18.4,354.0,4.0,11.759999999999998,60.0,0.5833333333333334,229.056,2.743452380952381,0.6,0.2551020408163266,3.208333333333333
2020-06-19 20:00:00,20,26,0,8,15,3,0,11,7,1,8,1,19.4,258.5,4.0,10.2,65.0,0.6484375,253.25430680173665,5.517684766214178,0.65,1.0784313725490198,3.1923076923076925
2020-06-19 21:00:00,21,29,0,7,18,4,0,15,8,1,9,1,20.4,102.0,4.0,10.2,72.5,0.7258064516129032,278.7293068017366,6.813894523326573,0.725,1.4705882352941178,3.103448275862069
2020-06-19 22:00:00,22,22,0,7,12,3,0,7,7,1,8,1,21.4,139.5,3.0,6.5,55.00000000000001,0.7291666666666666,255.9543068017366,5.176573426573427,0.55,1.0769230769230769,3.1818181818181817
2020-06-19 23:00:00,23,22,0,5,16,1,0,7,8,0,8,0,22.4,172.5,3.0,6.5,55.00000000000001,0.7291666666666666,260.726,5.176573426573427,0.55,1.0769230769230769,3.1818181818181817
2020-06-20 00:00:00,0,25,0,5,18,2,0,8,8,0,8,0,23.4,232.5,3.0,6.5,62.5,0.8125,272.801,5.79,0.625,1.2307692307692308,3.12
2020-06-20 01:00:00,1,27,0,5,19,3,0,7,8,0,8,0,24.4,292.5,3.0,6.5,67.5,0.8645833333333334,282.731,5.38554131054131,0.675,1.0769230769230769,3.074074074074074
2020-06-20 02:00:00,2,26,0,5,19,2,0,4,8,0,8,0,25.4,352.5,3.0,6.5,65.0,0.84375,286.226,3.9421597633136094,0.65,0.6153846153846154,3.1153846153846154
2020-06-20 03:00:00,3,20,0,6,13,1,0,3,9,0,9,0,26.4,375.0,3.0,6.5,50.0,0.6989247311827957,292.396,3.125,0.5,0.4615384615384615,3.25
2020-06-20 04:00:00,4,20,0,7,13,0,0,2,10,0,10,0,27.4,430.0,3.0,6.5,50.0,0.7444444444444445,311.436,2.705769230769231,0.5,0.3076923076923077,3.35
2020-06-20 05:00:00,5,19,0,6,13,0,0,1,11,0,11,0,28.4,485.0,3.0,6.5,47.5,0.7241379310344828,328.331,2.0851214574898784,0.475,0.1538461538461538,3.3157894736842106
2020-06-20 06:00:00,6,21,0,7,14,0,0,2,11,0,11,0,29.4,545.0,3.0,6.5,52.5,0.8045977011494253,338.261,2.775641025641026,0.525,0.3076923076923077,3.333333333333333
2020-06-20 07:00:00,7,22,0,6,16,0,0,3,11,0,11,0,30.4,605.0,3.0,6.5,55.00000000000001,0.8275862068965517,346.046,3.3104895104895107,0.55,0.4615384615384615,3.272727272727273
2020-06-20 08:00:00,8,25,0,6,19,0,0,7,13,0,13,0,31.4,602.0,3.0,8.059999999999999,62.5,1.0,384.921,4.838895781637717,0.625,0.8684863523573202,3.24
2020-06-20 09:00:00,9,25,0,2,23,0,0,7,8,0,8,0,32.4,307.5,3.0,8.059999999999999,62.5,0.8020833333333334,323.561,4.599937965260546,0.625,0.8684863523573202,3.08
2020-06-20 10:00:00,10,25,0,2,23,0,0,9,8,0,8,0,33.15,137.5,4.0,11.759999999999998,62.5,0.6015625,327.79099999999994,4.2821428571428575,0.625,0.7653061224489798,3.08
2020-06-20 11:00:00,11,29,0,2,27,0,0,9,11,0,11,0,34.15,145.0,4.0,11.759999999999998,72.5,0.7672413793103449,382.211,4.573698099929628,0.725,0.7653061224489798,3.0689655172413794
2020-06-20 12:00:00,12,28,1,2,25,0,0,7,8,1,9,1,35.15,118.0,4.0,11.759999999999998,70.0,0.7096774193548387,359.7743068017366,4.070748299319728,0.7,0.5952380952380953,3.142857142857143
2020-06-20 13:00:00,13,36,1,2,30,2,1,11,10,1,11,1,36.15,140.0,4.0,11.759999999999998,90.0,0.9310344827586208,409.37430680173657,5.506122448979593,0.9,0.935374149659864,3.0
2020-06-20 14:00:00,14,30,1,1,25,2,1,5,6,1,7,1,37.15,193.0,4.0,11.759999999999998,75.0,0.6742424242424242,348.5443068017366,3.4863378684807262,0.75,0.4251700680272109,2.966666666666667
2020-06-20 15:00:00,15,31,0,0,28,1,2,9,7,0,7,0,38.15,148.0,4.0,11.759999999999998,77.5,0.6666666666666666,355.461,4.372481895984201,0.775,0.7653061224489798,2.838709677419355
2020-06-20 16:00:00,16,27,0,0,25,1,1,7,6,0,6,0,39.15,159.5,4.0,11.759999999999998,67.5,0.5735294117647058,339.121,3.66957671957672,0.675,0.5952380952380953,2.888888888888889
2020-06-20 17:00:00,17,24,0,2,21,0,1,7,5,2,7,2,40.15,100.0,4.0,11.759999999999998,60.0,0.5454545454545454,353.4626136034732,3.5857142857142863,0.6,0.5952380952380953,3.0
2020-06-20 18:00:00,18,26,0,3,20,2,1,8,5,2,7,2,41.15,72.0,4.0,11.759999999999998,65.0,0.5833333333333334,363.3926136034733,3.9396520146520153,0.65,0.6802721088435375,2.9615384615384617
2020-06-20 19:00:00,19,30,0,3,24,1,2,12,5,2,7,2,26.9,122.0,4.0,11.759999999999998,75.0,0.6666666666666666,291.6026136034732,5.193197278911565,0.75,1.0204081632653064,2.933333333333333
2020-06-20 20:00:00,20,26,0,3,22,1,0,12,4,1,5,1,27.9,182.0,4.0,10.06,65.0,0.5714285714285714,260.9943068017366,5.670285976448999,0.65,1.1928429423459246,3.076923076923077
2020-06-20 21:00:00,21,30,0,3,25,2,0,14,5,1,6,1,28.9,205.0,4.0,10.06,75.0,0.6691176470588235,288.6143068017366,6.496338634857523,0.75,1.3916500994035788,3.033333333333333
2020-06-20 22:00:00,22,28,0,2,24,2,0,9,4,1,5,1,29.9,200.0,3.0,6.359999999999999,70.0,0.8,276.5643068017366,6.345283018867924,0.7,1.4150943396226416,3.0
2020-06-20 23:00:00,23,28,0,2,24,1,1,11,8,1,9,1,30.9,110.0,3.0,6.359999999999999,70.0,0.8924731182795699,335.80430680173663,7.201909254267745,0.7,1.729559748427673,2.9642857142857144
2020-06-21 00:00:00,0,20,0,2,17,1,0,3,9,1,10,1,31.9,138.0,3.0,6.359999999999999,50.0,0.6777777777777778,337.6843068017366,2.963679245283019,0.5,0.4716981132075472,3.05
2020-06-21 01:00:00,1,20,0,1,17,2,0,5,9,0,9,0,32.9,166.0,3.0,6.359999999999999,50.0,0.6344086021505376,329.056,3.794182389937107,0.5,0.7861635220125787,2.95
2020-06-21 02:00:00,2,19,0,2,16,1,0,4,9,1,10,1,33.9,224.5,3.0,6.359999999999999,47.5,0.6444444444444445,346.8193068017366,3.369894074809665,0.475,0.628930817610063,3.0526315789473686
2020-06-21 03:00:00,3,16,0,2,14,0,0,0,8,1,9,1,34.9,286.0,3.0,6.359999999999999,40.0,0.5376344086021505,332.62430680173657,1.25,0.4,0.0,3.125
2020-06-21 04:00:00,4,18,0,2,16,0,0,3,8,1,9,1,35.9,346.0,3.0,6.359999999999999,45.0,0.6021505376344086,342.55430680173663,2.867505241090147,0.45,0.4716981132075472,3.111111111111111
2020-06-21 05:00:00,5,19,0,1,18,0,0,3,8,0,8,0,36.9,438.0,3.0,6.359999999999999,47.5,0.6041666666666666,336.071,2.889920556107249,0.475,0.4716981132075472,3.0526315789473686
2020-06-21 06:00:00,6,17,0,1,16,0,0,2,8,0,8,0,37.9,498.0,3.0,6.359999999999999,42.5,0.5416666666666666,337.42099999999994,2.26189419163892,0.425,0.3144654088050315,3.0588235294117645
2020-06-21 07:00:00,7,16,0,1,15,0,0,4,8,1,9,1,38.9,526.0,3.0,6.359999999999999,40.0,0.5268817204301075,355.1843068017366,3.151100628930818,0.4,0.628930817610063,3.0625
2020-06-21 08:00:00,8,16,0,1,15,0,0,5,9,1,10,1,39.9,584.5,3.0,6.68,40.0,0.5444444444444444,374.2243068017366,3.5172904191616765,0.4,0.7485029940119761,3.0625
2020-06-21 09:00:00,9,15,0,5,10,0,0,8,5,1,6,1,40.9,22.5,3.0,6.68,37.5,0.4901960784313725,324.11930680173657,5.242015968063873,0.375,1.1976047904191618,3.333333333333333
2020-06-21 10:00:00,10,19,0,7,12,0,0,8,7,1,8,1,41.9,76.0,4.0,9.93,47.5,0.5,365.13930680173655,4.313732972915672,0.475,0.8056394763343404,3.3684210526315788
2020-06-21 11:00:00,11,26,0,5,20,1,0,13,5,1,6,1,42.9,102.0,4.0,9.93,65.0,0.6029411764705882,358.99430680173657,6.178902316213495,0.65,1.3091641490433032,3.1538461538461537
2020-06-21 12:00:00,12,21,0,5,16,0,0,6,4,1,5,1,43.9,156.0,4.0,9.93,52.5,0.4857142857142857,340.50930680173656,3.656553013954827,0.525,0.6042296072507553,3.238095238095238
2020-06-21 13:00:00,13,21,0,5,16,0,0,2,4,1,5,1,44.9,216.0,4.0,9.93,52.5,0.4857142857142857,346.1493068017366,2.3521843379849425,0.525,0.2014098690835851,3.238095238095238
2020-06-21 14:00:00,14,22,0,7,15,0,0,6,6,2,8,2,45.9,103.5,4.0,9.93,55.00000000000001,0.5703125,395.0026136034732,3.829943696786598,0.55,0.6042296072507553,3.3181818181818183
2020-06-21 15:00:00,15,30,0,6,24,0,0,12,7,2,9,2,46.9,72.0,4.0,9.93,75.0,0.7741935483870968,431.2026136034732,6.267069486404834,0.75,1.2084592145015105,3.2
2020-06-21 16:00:00,16,29,0,5,23,1,0,11,4,2,6,2,47.9,130.0,4.0,9.93,72.5,0.6691176470588235,394.4976136034732,5.751056533666701,0.725,1.107754279959718,3.1379310344827585
2020-06-21 17:00:00,17,27,0,5,22,0,0,9,5,1,6,1,48.9,151.0,4.0,9.93,67.5,0.6323529411764706,394.9793068017366,5.036874790198053,0.675,0.9063444108761328,3.185185185185185
2020-06-21 18:00:00,18,32,0,3,29,0,0,13,8,1,9,1,49.9,78.0,4.0,9.93,80.0,0.7983870967741935,451.5443068017366,6.525226586102719,0.8,1.3091641490433032,3.09375
2020-06-21 19:00:00,19,36,1,3,31,1,0,14,10,1,11,1,50.9,86.0,4.0,9.93,90.0,0.9655172413793104,492.5643068017366,7.186259371153631,0.9,1.4098690835850958,3.111111111111111
2020-06-21 20:00:00,20,32,2,2,26,2,0,10,8,2,10,2,51.9,129.0,4.0,11.28,80.0,0.8333333333333334,477.0926136034732,5.270390070921986,0.8,0.8865248226950355,3.125
2020-06-21 21:00:00,21,35,2,2,27,4,0,13,9,1,10,1,52.9,157.5,4.0,11.28,87.5,0.8916666666666667,488.29930680173663,6.198302938196555,0.875,1.1524822695035462,3.057142857142857
2020-06-21 22:00:00,22,25,2,2,21,0,0,7,6,1,7,1,53.9,197.0,3.0,8.03,62.5,0.8181818181818182,432.2893068017366,4.849408468244085,0.625,0.8717310087173101,3.24
2020-06-21 23:00:00,23,22,2,4,15,1,0,6,7,1,8,1,54.9,230.0,3.0,8.03,55.00000000000001,0.7604166666666666,444.8943068017366,4.304338842975207,0.55,0.7471980074719802,3.3181818181818183
2020-06-22 00:00:00,0,24,3,5,14,2,0,8,8,2,10,2,55.9,249.0,3.0,8.03,60.0,0.9,482.4926136034732,5.387391033623911,0.6,0.9962640099626402,3.375
2020-06-22 01:00:00,1,30,3,5,20,2,0,11,8,2,10,2,56.9,309.0,3.0,8.03,75.0,1.1,501.00261360347326,6.995547945205479,0.75,1.3698630136986305,3.3
2020-06-22 02:00:00,2,31,3,5,18,4,1,5,8,2,10,2,57.9,369.0,3.0,8.03,77.5,1.0888888888888888,508.7876136034732,4.418424858393927,0.775,0.6226650062266501,3.161290322580645
2020-06-22 03:00:00,3,27,2,6,14,3,2,4,9,2,11,2,58.9,415.0,3.0,8.03,67.5,0.9655172413793104,519.2476136034732,3.64974401549744,0.675,0.4981320049813201,3.111111111111111
2020-06-22 04:00:00,4,32,2,8,16,4,2,5,10,3,13,3,59.9,447.0,3.0,8.03,80.0,1.2345679012345678,563.2809204052098,4.4458281444582815,0.8,0.6226650062266501,3.125
2020-06-22 05:00:00,5,29,2,8,14,3,2,1,10,3,13,3,60.9,507.0,3.0,8.03,72.5,1.1358024691358024,562.4859204052099,2.695070210847254,0.725,0.12453300124533,3.1724137931034484
2020-06-22 06:00:00,6,26,2,7,12,3,2,1,10,2,12,2,61.9,581.0,3.0,8.03,65.0,0.9761904761904762,547.4226136034732,2.4427579270045023,0.65,0.12453300124533,3.1538461538461537
2020-06-22 07:00:00,7,28,2,7,13,4,2,7,11,2,13,2,62.9,627.0,3.0,8.03,70.0,1.0740740740740742,570.7526136034733,4.883592777085928,0.7,0.8717310087173101,3.107142857142857
2020-06-22 08:00:00,8,33,2,8,16,5,2,6,13,2,15,2,63.9,555.0,3.0,7.76,82.5,1.36,613.9176136034732,4.93987816307404,0.825,0.7731958762886598,3.090909090909091
2020-06-22 09:00:00,9,27,2,6,12,4,3,6,8,2,10,2,64.9,334.0,3.0,7.76,67.5,0.9,539.6876136034732,4.34458762886598,0.675,0.7731958762886598,3.0
2020-06-22 10:00:00,10,27,1,4,16,4,2,8,7,3,10,3,65.9,156.5,4.0,11.01,67.5,0.6583333333333333,546.1959204052098,4.101013388502035,0.675,0.7266121707538601,2.925925925925926
2020-06-22 11:00:00,11,30,2,3,21,3,1,10,9,3,12,3,66.9,135.0,4.0,11.01,75.0,0.8214285714285714,585.0709204052099,5.0853466545564645,0.75,0.9082652134423252,3.066666666666667
2020-06-22 12:00:00,12,27,0,3,22,1,1,6,8,2,10,2,67.9,143.5,4.0,11.01,67.5,0.675,556.6076136034733,3.659877384196186,0.675,0.5449591280653951,3.0
2020-06-22 13:00:00,13,30,0,2,27,0,1,7,9,2,11,2,68.9,199.0,4.0,11.01,75.0,0.7758620689655172,582.0826136034732,4.157356948228883,0.75,0.6357856494096277,3.0
2020-06-22 14:00:00,14,30,0,2,26,1,1,4,8,2,10,2,69.9,233.0,4.0,11.01,75.0,0.7416666666666667,574.3226136034732,3.3028080532848927,0.75,0.36330608537693,2.966666666666667
2020-06-22 15:00:00,15,30,0,2,26,1,1,6,8,2,10,2,70.9,266.0,4.0,11.01,75.0,0.7416666666666667,579.9626136034733,3.841712079927339,0.75,0.5449591280653951,2.966666666666667
2020-06-22 16:00:00,16,32,1,1,28,1,1,9,8,0,8,0,71.9,183.0,4.0,11.01,80.0,0.75,561.356,4.852316076294278,0.8,0.8174386920980926,3.0
2020-06-22 17:00:00,17,29,1,2,23,2,1,9,9,0,9,0,72.9,156.0,4.0,11.01,72.5,0.7016129032258065,573.961,4.627316076294278,0.725,0.8174386920980926,3.0
2020-06-22 18:00:00,18,27,1,3,21,1,1,4,8,0,8,0,73.9,170.0,4.0,11.01,67.5,0.6484375,561.9110000000001,3.191829818010563,0.675,0.36330608537693,3.074074074074074
2020-06-22 19:00:00,19,22,0,4,16,1,1,2,4,0,4,0,74.9,171.0,4.0,11.01,55.00000000000001,0.4652777777777778,503.226,2.2282160845512347,0.55,0.181653042688465,3.0454545454545454
2020-06-22 20:00:00,20,23,0,3,17,2,1,8,3,0,3,0,75.9,91.0,4.0,9.75,57.49999999999999,0.4594594594594595,497.611,4.125863991081382,0.575,0.8205128205128205,2.9565217391304346
2020-06-22 21:00:00,21,22,0,3,16,1,1,4,4,0,4,0,76.9,105.5,4.0,9.75,55.00000000000001,0.4375,514.506,2.749825174825175,0.55,0.4102564102564102,2.863636363636364
2020-06-22 22:00:00,22,24,1,5,13,4,1,12,3,0,3,0,77.9,88.0,3.0,6.5,60.0,0.6576576576576577,511.03600000000006,7.440384615384616,0.6,1.8461538461538465,3.0416666666666665
2020-06-22 23:00:00,23,22,1,5,13,2,1,6,3,0,3,0,78.9,148.0,3.0,6.5,55.00000000000001,0.6216216216216216,512.386,4.620104895104896,0.55,0.9230769230769232,3.136363636363636
2020-06-23 00:00:00,0,23,1,4,15,2,1,6,2,0,2,0,79.9,246.5,3.0,6.5,57.49999999999999,0.6228070175438597,506.771,4.624498327759198,0.575,0.9230769230769232,3.0869565217391304
2020-06-23 01:00:00,1,23,1,4,15,1,2,5,2,0,2,0,80.9,306.5,3.0,6.5,57.49999999999999,0.6140350877192983,512.4110000000001,4.09113712374582,0.575,0.7692307692307693,3.0434782608695654
2020-06-23 02:00:00,2,26,1,6,16,1,2,9,3,0,3,0,81.9,282.0,3.0,6.5,65.0,0.7297297297297297,537.886,6.338609467455621,0.65,1.3846153846153846,3.1153846153846154
2020-06-23 03:00:00,3,22,1,5,13,1,2,1,3,0,3,0,82.9,342.0,3.0,6.5,55.00000000000001,0.6126126126126126,534.946,2.175524475524476,0.55,0.1538461538461538,3.090909090909091
2020-06-23 04:00:00,4,21,1,5,11,2,2,3,3,0,3,0,83.9,402.0,3.0,6.5,52.5,0.5765765765765766,538.441,3.0065934065934066,0.525,0.4615384615384615,3.0476190476190474
2020-06-23 05:00:00,5,20,1,5,10,2,2,1,3,1,4,1,84.9,335.0,3.0,6.5,50.0,0.5648148148148148,556.2043068017366,1.9942307692307693,0.5,0.1538461538461538,3.05
2020-06-23 06:00:00,6,21,1,5,10,3,2,1,3,1,4,1,85.9,395.0,3.0,6.5,52.5,0.5833333333333334,563.9893068017366,2.036538461538462,0.525,0.1538461538461538,3.0
2020-06-23 07:00:00,7,26,1,5,15,3,2,6,5,1,6,1,86.9,236.5,3.0,6.5,65.0,0.7647058823529411,607.1543068017365,4.719230769230769,0.65,0.9230769230769232,3.0
2020-06-23 08:00:00,8,25,1,5,14,3,2,1,5,1,6,1,87.9,296.5,3.0,7.74,62.5,0.7352941176470589,610.6493068017367,2.262596899224806,0.625,0.1291989664082687,3.0
2020-06-23 09:00:00,9,28,2,6,16,4,0,7,6,2,8,2,88.9,151.5,3.0,7.74,70.0,0.9375,650.3926136034733,5.156976744186046,0.7,0.9043927648578812,3.2142857142857144
2020-06-23 10:00:00,10,28,2,6,16,4,0,5,5,2,7,2,89.9,199.0,4.0,11.08,70.0,0.6818181818181818,642.6326136034731,3.7004899432697274,0.7,0.4512635379061371,3.2142857142857144
2020-06-23 11:00:00,11,23,3,4,13,3,0,2,5,3,8,3,90.9,208.0,4.0,11.08,57.49999999999999,0.59375,651.8159204052099,2.4964526761889814,0.575,0.1805054151624548,3.3043478260869565
2020-06-23 12:00:00,12,23,2,4,14,3,0,4,4,3,7,3,91.9,217.0,4.0,11.08,57.49999999999999,0.5606060606060606,644.0559204052099,3.011513106262753,0.575,0.3610108303249097,3.217391304347826
2020-06-23 13:00:00,13,21,2,4,13,2,0,5,4,3,7,3,92.9,277.0,4.0,11.08,52.5,0.5227272727272727,645.4059204052098,3.207723053120165,0.525,0.4512635379061371,3.2857142857142856
2020-06-23 14:00:00,14,14,2,2,9,1,0,2,2,3,5,3,93.9,97.0,4.0,11.08,35.0,0.3357142857142857,609.2309204052099,1.780982465188241,0.35,0.1805054151624548,3.357142857142857
2020-06-23 15:00:00,15,17,2,5,9,1,0,8,4,3,7,3,94.9,67.0,4.0,11.08,42.5,0.4469696969696969,648.1059204052099,3.980839881078786,0.425,0.7220216606498195,3.4705882352941178
2020-06-23 16:00:00,16,19,2,5,11,1,0,5,5,4,9,4,95.9,55.0,4.0,11.08,47.5,0.5241935483870968,685.7042272069464,3.1687963138894166,0.475,0.4512635379061371,3.421052631578948
2020-06-23 17:00:00,17,24,1,9,12,2,0,8,7,3,10,3,96.9,89.0,4.0,11.08,60.0,0.675,714.6009204052098,4.461823104693141,0.6,0.7220216606498195,3.375
2020-06-23 18:00:00,18,17,1,6,9,1,0,6,5,2,7,2,97.9,117.0,4.0,11.08,42.5,0.4393939393939394,664.1576136034732,3.2975260140157143,0.425,0.5415162454873647,3.411764705882353
2020-06-23 19:00:00,19,18,1,5,12,0,0,8,6,2,8,2,98.9,111.5,4.0,11.08,45.0,0.4765625,685.3426136034733,3.971851183313277,0.45,0.7220216606498195,3.388888888888889
2020-06-23 20:00:00,20,17,1,3,13,0,0,7,7,1,8,1,99.9,105.5,4.0,10.14,42.5,0.4375,687.9693068017366,3.67404571295974,0.425,0.6903353057199211,3.294117647058824
2020-06-23 21:00:00,21,15,0,2,13,0,0,8,7,0,7,0,100.9,128.0,4.0,10.14,37.5,0.3560606060606061,675.051,3.6470578566732414,0.375,0.7889546351084812,3.1333333333333333
2020-06-23 22:00:00,22,17,0,1,16,0,0,8,5,1,6,1,101.9,82.5,3.0,6.8,42.5,0.5098039215686274,672.4493068017366,4.898615916955017,0.425,1.1764705882352942,3.0588235294117645
2020-06-23 23:00:00,23,20,2,1,17,0,0,9,8,1,9,1,102.9,70.0,3.0,6.8,50.0,0.6989247311827957,724.7243068017366,5.926470588235294,0.5,1.3235294117647058,3.25
2020-06-24 00:00:00,0,22,1,2,19,0,0,9,10,1,11,1,103.9,112.0,3.0,6.8,55.00000000000001,0.8045977011494253,761.4543068017366,5.961229946524064,0.55,1.3235294117647058,3.1818181818181817
2020-06-24 01:00:00,1,21,1,2,18,0,0,1,11,0,11,0,104.9,153.0,3.0,6.8,52.5,0.7701149425287356,764.0809999999999,2.1441876750700284,0.525,0.1470588235294117,3.1904761904761907
2020-06-24 02:00:00,2,19,1,2,16,0,0,3,11,0,11,0,105.9,213.0,3.0,6.8,47.5,0.7011494252873564,765.4309999999999,2.9414086687306504,0.475,0.4411764705882353,3.210526315789474
2020-06-24 03:00:00,3,22,1,2,19,0,0,3,12,0,12,0,106.9,258.0,3.0,6.8,55.00000000000001,0.8333333333333334,790.9060000000001,3.153743315508021,0.55,0.4411764705882353,3.1818181818181817
2020-06-24 04:00:00,4,25,1,2,21,1,0,4,13,0,13,0,107.9,303.0,3.0,6.8,62.5,0.9629629629629628,816.3810000000001,3.785294117647059,0.625,0.5882352941176471,3.12
2020-06-24 05:00:00,5,26,1,2,22,1,0,3,13,0,13,0,108.9,363.0,3.0,6.8,65.0,1.0,824.166,3.399434389140272,0.65,0.4411764705882353,3.1153846153846154
2020-06-24 06:00:00,6,24,1,2,21,0,0,0,13,0,13,0,109.9,423.0,3.0,6.8,60.0,0.9382716049382716,825.5160000000001,1.9,0.6,0.0,3.1666666666666665
2020-06-24 07:00:00,7,23,1,2,20,0,0,2,13,0,13,0,110.9,483.0,3.0,6.8,57.49999999999999,0.9012345679012346,829.011,2.758503836317136,0.575,0.2941176470588235,3.1739130434782608
2020-06-24 08:00:00,8,25,1,2,22,0,0,4,12,0,12,0,111.9,539.0,3.0,6.57,62.5,0.9404761904761904,825.5409999999999,3.898896499238965,0.625,0.60882800608828,3.16
2020-06-24 09:00:00,9,27,0,2,25,0,0,7,12,0,12,0,112.9,590.0,3.0,6.57,67.5,0.988095238095238,835.471,5.35026918090084,0.675,1.06544901065449,3.074074074074074
2020-06-24 10:00:00,10,24,0,2,22,0,0,4,12,0,12,0,113.9,536.5,4.0,10.27,60.0,0.6607142857142857,834.6759999999999,3.050908795845505,0.6,0.3894839337877313,3.083333333333333
2020-06-24 11:00:00,11,27,0,4,23,0,0,8,11,0,11,0,114.9,488.0,4.0,10.27,67.5,0.7327586206896551,833.3509999999999,4.577306249774605,0.675,0.7789678675754625,3.1481481481481484
2020-06-24 12:00:00,12,25,1,5,19,0,0,4,11,1,12,1,115.9,536.5,4.0,10.27,62.5,0.7321428571428571,848.9693068017367,3.3275073028237587,0.625,0.3894839337877313,3.28
2020-06-24 13:00:00,13,28,1,4,23,0,0,9,11,1,12,1,116.9,244.0,4.0,10.27,70.0,0.8035714285714286,861.0443068017366,5.066803449714842,0.7,0.8763388510223954,3.2142857142857144
2020-06-24 14:00:00,14,26,0,4,22,0,0,5,9,0,9,0,117.9,288.0,4.0,10.27,65.0,0.6612903225806451,821.326,3.5854655082016325,0.65,0.486854917234664,3.1538461538461537
2020-06-24 15:00:00,15,19,0,2,17,0,0,3,7,0,7,0,118.9,160.0,4.0,10.27,47.5,0.4469696969696969,785.1510000000001,2.382087582637216,0.475,0.2921129503407984,3.1052631578947367
2020-06-24 16:00:00,16,21,0,1,19,1,0,8,9,0,9,0,119.9,131.0,4.0,10.27,52.5,0.5080645161290323,821.881,3.911903602726388,0.525,0.7789678675754625,3.0
2020-06-24 17:00:00,17,18,0,1,17,0,0,7,8,0,8,0,120.9,145.0,4.0,10.27,45.0,0.4296875,807.6859999999999,3.457657145948285,0.45,0.6815968841285297,3.055555555555556
2020-06-24 18:00:00,18,16,0,2,14,0,0,5,7,0,7,0,121.9,159.0,4.0,10.27,40.0,0.3787878787878788,795.636,2.771421616358325,0.4,0.486854917234664,3.125
2020-06-24 19:00:00,19,16,0,2,14,0,0,6,6,0,6,0,122.9,188.5,4.0,10.27,40.0,0.3676470588235294,787.876,3.0757059396299904,0.4,0.5842259006815969,3.125
2020-06-24 20:00:00,20,17,0,3,14,0,0,6,5,0,5,0,123.9,279.0,4.0,11.759999999999998,42.5,0.3857142857142857,782.2610000000001,2.970648259303722,0.425,0.5102040816326532,3.176470588235294
2020-06-24 21:00:00,21,25,0,3,20,0,2,14,7,0,7,0,124.9,141.0,4.0,11.759999999999998,62.5,0.5606060606060606,831.8610000000001,5.373809523809524,0.625,1.190476190476191,2.96
2020-06-24 22:00:00,22,27,0,1,25,0,1,12,5,0,5,0,125.9,87.0,3.0,8.059999999999999,67.5,0.7619047619047619,814.991,6.411359250068929,0.675,1.4888337468982633,2.962962962962963
2020-06-24 23:00:00,23,24,0,3,20,0,1,7,6,0,6,0,126.9,143.5,3.0,8.059999999999999,60.0,0.7156862745098039,827.596,4.466645988420182,0.6,0.8684863523573202,3.0416666666666665
2020-06-25 00:00:00,0,19,0,3,15,0,1,4,5,0,5,0,127.9,207.0,3.0,8.059999999999999,47.5,0.5523809523809524,809.111,2.9649536371947245,0.475,0.4962779156327544,3.0526315789473686
2020-06-25 01:00:00,1,25,0,4,19,1,1,8,8,0,8,0,128.9,176.0,3.0,8.059999999999999,62.5,0.7916666666666666,867.8209999999999,4.917369727047147,0.625,0.9925558312655088,3.04
2020-06-25 02:00:00,2,21,0,2,18,0,1,3,8,0,8,0,129.9,236.0,3.0,8.059999999999999,52.5,0.65625,864.881,2.691625310173697,0.525,0.3722084367245658,3.0
2020-06-25 03:00:00,3,23,1,2,19,0,1,4,8,0,8,0,130.9,296.0,3.0,8.059999999999999,57.49999999999999,0.7395833333333334,874.8109999999999,3.306988348257633,0.575,0.4962779156327544,3.0869565217391304
2020-06-25 04:00:00,4,25,1,2,21,0,1,2,9,0,9,0,131.9,317.0,3.0,8.059999999999999,62.5,0.8279569892473119,898.141,2.6892679900744416,0.625,0.2481389578163772,3.08
2020-06-25 05:00:00,5,26,1,2,22,0,1,4,9,1,10,1,132.9,337.5,3.0,8.059999999999999,65.0,0.8888888888888888,920.1943068017368,3.527008971177706,0.65,0.4962779156327544,3.076923076923077
2020-06-25 06:00:00,6,22,1,2,18,0,1,2,9,0,9,0,133.9,437.0,3.0,8.059999999999999,55.00000000000001,0.7311827956989247,902.986,2.4669749605233475,0.55,0.2481389578163772,3.090909090909091
2020-06-25 07:00:00,7,24,1,2,20,0,1,5,10,0,10,0,134.9,457.5,3.0,8.059999999999999,60.0,0.8222222222222222,926.316,3.762737799834574,0.6,0.620347394540943,3.083333333333333
2020-06-25 08:00:00,8,22,1,2,18,0,1,3,11,0,11,0,135.9,478.0,3.0,6.38,55.00000000000001,0.7816091954022989,941.066,3.1534055286406386,0.55,0.4702194357366771,3.090909090909091
2020-06-25 09:00:00,9,27,1,3,22,0,1,9,10,1,11,1,136.9,481.0,3.0,6.38,67.5,0.9655172413793104,958.2993068017366,6.488714733542319,0.675,1.4106583072100314,3.111111111111111
2020-06-25 10:00:00,10,31,1,2,25,2,1,10,10,2,12,2,137.9,313.5,4.0,9.7,77.5,0.8303571428571429,986.7876136034732,5.41778350515464,0.775,1.0309278350515465,3.0
2020-06-25 11:00:00,11,21,1,1,18,0,1,8,9,1,10,1,138.9,373.5,4.0,9.7,52.5,0.5333333333333333,943.3093068017364,4.113500245459009,0.525,0.8247422680412372,3.0476190476190474
2020-06-25 12:00:00,12,22,0,1,21,0,0,6,9,1,10,1,139.9,255.5,4.0,9.7,55.00000000000001,0.5583333333333333,951.0943068017366,3.558786316776008,0.55,0.6185567010309279,3.0454545454545454
2020-06-25 13:00:00,13,28,0,3,24,1,0,12,13,1,14,1,140.9,106.5,4.0,9.7,70.0,0.8269230769230769,1023.2043068017364,5.9497054491899855,0.7,1.2371134020618555,3.071428571428572
2020-06-25 14:00:00,14,27,0,3,23,1,0,4,13,0,13,0,141.9,114.0,4.0,9.7,67.5,0.7685185185185185,1012.431,3.342659411989309,0.675,0.4123711340206186,3.074074074074074
2020-06-25 15:00:00,15,32,0,4,26,2,0,11,11,1,12,1,142.9,164.0,4.0,9.7,80.0,0.875,1016.2643068017368,5.922938144329898,0.8,1.1340206185567012,3.0625
2020-06-25 16:00:00,16,32,0,3,24,5,0,13,8,1,9,1,143.9,222.0,4.0,9.7,80.0,0.7580645161290323,981.7043068017366,6.286855670103094,0.8,1.3402061855670104,2.9375
2020-06-25 17:00:00,17,28,0,3,23,2,0,10,7,2,9,2,144.9,141.0,4.0,9.7,70.0,0.6854838709677419,979.6326136034731,5.2546023564064805,0.7,1.0309278350515465,3.0357142857142856
2020-06-25 18:00:00,18,26,0,3,21,2,0,10,8,2,10,2,145.9,177.0,4.0,9.7,65.0,0.6583333333333333,994.3826136034731,5.107434575733546,0.65,1.0309278350515465,3.0384615384615383
2020-06-25 19:00:00,19,29,0,2,24,3,0,10,7,1,8,1,146.9,148.0,4.0,9.7,72.5,0.671875,978.7893068017364,5.207234269463207,0.725,1.0309278350515465,2.9655172413793105
2020-06-25 20:00:00,20,26,0,1,23,2,0,8,6,0,6,0,147.9,120.0,4.0,12.46,65.0,0.5661764705882353,950.326,3.8264693171996544,0.65,0.6420545746388443,2.9615384615384617
2020-06-25 21:00:00,21,24,0,1,22,1,0,10,9,0,9,0,148.9,86.0,4.0,12.46,60.0,0.5806451612903226,991.876,4.207704654895666,0.6,0.8025682182985553,3.0
2020-06-25 22:00:00,22,18,0,0,17,1,0,7,6,0,6,0,149.9,105.5,3.0,9.14,45.0,0.5196078431372549,944.446,3.58004497933382,0.45,0.7658643326039387,2.9444444444444446
2020-06-25 23:00:00,23,22,0,0,21,1,0,7,7,0,7,0,150.9,154.0,3.0,9.14,55.00000000000001,0.6565656565656566,972.066,3.8877809826934553,0.55,0.7658643326039387,2.9545454545454546
2020-06-26 00:00:00,0,21,0,0,21,0,0,10,8,0,8,0,151.9,212.0,3.0,9.14,52.5,0.65625,988.961,4.857275711159737,0.525,1.0940919037199124,3.0
2020-06-26 01:00:00,1,21,0,0,20,1,0,6,7,0,7,0,152.9,274.0,3.0,9.14,52.5,0.6262626262626263,981.201,3.4881056580181307,0.525,0.6564551422319475,2.952380952380953
2020-06-26 02:00:00,2,20,0,0,19,1,0,3,8,0,8,0,153.9,263.5,3.0,9.14,50.0,0.6145833333333334,998.096,2.4432713347921227,0.5,0.3282275711159737,2.95
2020-06-26 03:00:00,3,22,0,1,20,1,0,4,8,1,9,1,154.9,253.0,3.0,9.14,55.00000000000001,0.7096774193548387,1022.2943068017366,2.962910284463895,0.55,0.437636761487965,3.0
2020-06-26 04:00:00,4,21,0,0,20,1,0,2,7,1,8,1,155.9,383.5,3.0,9.14,52.5,0.6458333333333334,1012.3893068017368,2.196035219339377,0.525,0.2188183807439825,2.952380952380953
2020-06-26 05:00:00,5,23,0,3,19,1,0,3,9,1,10,1,156.9,363.5,3.0,9.14,57.49999999999999,0.7888888888888889,1049.1193068017365,2.788224241271049,0.575,0.3282275711159737,3.0869565217391304
2020-06-26 06:00:00,6,22,0,3,17,2,0,3,10,1,11,1,157.9,414.0,3.0,9.14,55.00000000000001,0.7701149425287356,1066.0143068017364,2.6746021483986477,0.55,0.3282275711159737,3.0454545454545454
2020-06-26 07:00:00,7,20,0,3,15,2,0,1,10,1,11,1,158.9,474.0,3.0,9.14,50.0,0.7011494252873564,1067.3643068017366,1.8586980306345733,0.5,0.1094091903719912,3.05
2020-06-26 08:00:00,8,20,0,3,16,1,0,3,10,0,10,0,159.9,543.5,3.0,6.5,50.0,0.6888888888888889,1058.736,2.980769230769231,0.5,0.4615384615384615,3.1
2020-06-26 09:00:00,9,20,0,3,16,1,0,6,8,2,10,2,160.9,238.5,3.0,6.5,50.0,0.6888888888888889,1066.1126136034732,4.411538461538462,0.5,0.9230769230769232,3.1
2020-06-26 10:00:00,10,23,0,3,20,0,0,9,7,2,9,2,161.9,79.0,4.0,9.75,57.49999999999999,0.5806451612903226,1064.7876136034731,4.689632107023412,0.575,0.9230769230769232,3.130434782608696
2020-06-26 11:00:00,11,25,0,2,23,0,0,8,7,2,9,2,162.9,126.0,4.0,9.75,62.5,0.6209677419354839,1074.7176136034732,4.452179487179487,0.625,0.8205128205128205,3.08
2020-06-26 12:00:00,12,29,0,2,27,0,0,10,8,3,11,3,163.9,117.0,4.0,9.75,72.5,0.7672413793103449,1116.60592040521,5.37265694076039,0.725,1.0256410256410255,3.0689655172413794
2020-06-26 13:00:00,13,31,0,2,28,1,0,7,7,3,10,3,164.9,122.0,4.0,9.75,77.5,0.7833333333333333,1113.1359204052098,4.527005789909016,0.775,0.717948717948718,3.032258064516129
2020-06-26 14:00:00,14,33,0,1,31,1,0,14,9,3,12,3,165.9,106.0,4.0,9.75,82.5,0.8839285714285714,1149.86592040521,6.782692307692308,0.825,1.435897435897436,3.0
2020-06-26 15:00:00,15,25,0,2,23,0,0,4,8,2,10,2,166.9,132.0,4.0,9.75,62.5,0.6416666666666667,1110.6776136034732,3.1885897435897435,0.625,0.4102564102564102,3.08
2020-06-26 16:00:00,16,17,0,0,17,0,0,4,6,1,7,1,167.9,158.0,4.0,9.75,42.5,0.3863636363636363,1058.0893068017367,2.5057692307692303,0.425,0.4102564102564102,3.0
2020-06-26 17:00:00,17,16,0,3,12,1,0,8,9,1,10,1,8.6,90.5,4.0,9.75,40.0,0.4166666666666667,197.6923068017366,3.814102564102564,0.4,0.8205128205128205,3.125
2020-06-26 18:00:00,18,17,0,3,14,0,0,8,9,1,10,1,9.6,89.0,4.0,9.75,42.5,0.45,205.47730680173663,3.956334841628959,0.425,0.8205128205128205,3.176470588235294
2020-06-26 19:00:00,19,14,0,2,11,1,0,4,6,1,7,1,10.6,110.0,4.0,9.75,35.0,0.3257575757575757,164.4823068017366,2.33507326007326,0.35,0.4102564102564102,3.071428571428572
2020-06-26 20:00:00,20,14,1,3,10,0,0,9,3,2,5,2,11.6,62.0,4.0,10.93,35.0,0.3357142857142857,144.1906136034732,3.939344530126781,0.35,0.8234217749313816,3.357142857142857
2020-06-26 21:00:00,21,12,1,2,9,0,0,3,2,1,3,1,12.6,118.0,4.0,10.93,30.0,0.2702702702702703,117.8723068017366,1.9149130832570904,0.3,0.2744739249771272,3.333333333333333
2020-06-26 22:00:00,22,12,1,2,9,0,0,5,2,1,3,1,13.6,178.0,3.0,7.68,30.0,0.3603603603603603,123.5123068017366,3.1701388888888893,0.3,0.6510416666666667,3.333333333333333
2020-06-26 23:00:00,23,13,0,4,7,1,1,9,3,0,3,0,4.033333333333333,138.0,3.0,7.68,32.5,0.3603603603603603,70.833,4.605769230769231,0.325,1.171875,3.076923076923077
2020-06-27 00:00:00,0,10,1,2,7,0,0,7,4,0,4,0,5.033333333333333,158.5,3.0,7.68,25.0,0.3148148148148148,83.43799999999999,3.9489583333333336,0.25,0.9114583333333334,3.4
2020-06-27 01:00:00,1,12,1,2,9,0,0,4,4,0,4,0,6.033333333333333,218.5,3.0,7.68,30.0,0.3703703703703703,93.368,2.736111111111111,0.3,0.5208333333333334,3.333333333333333
2020-06-27 02:00:00,2,12,1,3,6,2,0,3,4,1,5,1,7.033333333333333,239.0,3.0,7.68,30.0,0.3714285714285714,113.2763068017366,2.24453125,0.3,0.390625,3.25
2020-06-27 03:00:00,3,11,1,3,7,0,0,2,4,1,5,1,8.033333333333333,299.0,3.0,7.68,27.500000000000004,0.3619047619047619,116.7713068017366,1.849621212121212,0.275,0.2604166666666667,3.4545454545454546
2020-06-27 04:00:00,4,15,1,3,11,0,0,6,5,1,6,1,9.033333333333331,302.5,3.0,7.68,37.5,0.4901960784313725,144.39130680173662,3.854166666666667,0.375,0.78125,3.333333333333333
2020-06-27 05:00:00,5,13,1,3,9,0,0,1,5,1,6,1,10.033333333333331,362.5,3.0,7.68,32.5,0.4313725490196078,145.7413068017366,1.540705128205128,0.325,0.1302083333333333,3.3846153846153846
2020-06-27 06:00:00,6,14,1,3,10,0,0,3,5,1,6,1,11.033333333333331,422.5,3.0,7.68,35.0,0.4607843137254901,153.5263068017366,2.4863839285714286,0.35,0.390625,3.357142857142857
2020-06-27 07:00:00,7,17,1,2,14,0,0,6,9,1,10,1,12.033333333333331,281.0,3.0,7.68,42.5,0.6111111111111112,219.20130680173665,3.902573529411765,0.425,0.78125,3.235294117647059
2020-06-27 08:00:00,8,17,1,4,12,0,0,3,11,1,12,1,13.033333333333331,198.5,3.0,6.8,42.5,0.6785714285714286,251.64130680173665,2.90423875432526,0.425,0.4411764705882353,3.3529411764705883
2020-06-27 09:00:00,9,17,0,3,14,0,0,5,6,1,7,1,9.883333333333333,145.0,3.0,6.8,42.5,0.5454545454545454,166.8753068017366,3.6856401384083046,0.425,0.7352941176470589,3.176470588235294
2020-06-27 10:00:00,10,18,0,3,15,0,0,8,7,1,8,1,8.383333333333333,159.5,4.0,10.14,45.0,0.4453125,173.96030680173664,3.923356344510191,0.45,0.7889546351084812,3.1666666666666665
2020-06-27 11:00:00,11,24,0,3,21,0,0,10,9,1,10,1,9.383333333333333,154.0,4.0,10.14,60.0,0.625,219.2703068017366,4.956854043392505,0.6,0.9861932938856016,3.125
2020-06-27 12:00:00,12,22,0,1,20,1,0,6,11,0,11,0,9.966666666666669,109.0,4.0,10.14,55.00000000000001,0.5689655172413793,230.802,3.4251479289940825,0.55,0.5917159763313609,3.0
2020-06-27 13:00:00,13,25,0,3,19,2,1,8,10,0,10,0,10.966666666666669,152.5,4.0,10.14,62.5,0.6166666666666667,229.477,4.185305719921105,0.625,0.7889546351084812,2.96
2020-06-27 14:00:00,14,19,0,1,15,3,0,7,6,0,6,0,11.966666666666669,127.0,4.0,10.14,47.5,0.4044117647058823,168.647,3.373339042873456,0.475,0.6903353057199211,2.8947368421052637
2020-06-27 15:00:00,15,23,1,1,20,1,0,10,7,0,7,0,12.966666666666669,76.0,4.0,10.14,57.49999999999999,0.5378787878787878,196.267,4.819335820255552,0.575,0.9861932938856016,3.0869565217391304
2020-06-27 16:00:00,16,24,1,3,20,0,0,10,9,1,10,1,13.966666666666669,106.5,4.0,10.14,60.0,0.6416666666666667,245.1203068017366,5.089036817882971,0.6,0.9861932938856016,3.208333333333333
2020-06-27 17:00:00,17,24,2,2,17,3,0,7,10,0,10,0,14.966666666666669,133.5,4.0,10.14,60.0,0.625,249.892,4.032297830374754,0.6,0.6903353057199211,3.125
2020-06-27 18:00:00,18,18,1,2,13,2,0,6,7,0,7,0,6.716666666666667,134.0,4.0,10.14,45.0,0.4242424242424242,150.292,3.240894148586456,0.45,0.5917159763313609,3.111111111111111
2020-06-27 19:00:00,19,20,1,3,15,1,0,9,7,0,7,0,7.716666666666667,134.0,4.0,10.14,50.0,0.4848484848484848,160.22199999999998,4.440236686390533,0.5,0.8875739644970414,3.2
2020-06-27 20:00:00,20,27,1,4,20,2,0,11,10,0,10,0,8.716666666666667,98.0,4.0,9.94,67.5,0.7083333333333334,221.077,5.608866159922499,0.675,1.1066398390342054,3.1481481481481484
2020-06-27 21:00:00,21,26,2,3,18,3,0,7,9,0,9,0,9.716666666666669,98.0,4.0,9.94,65.0,0.6612903225806451,211.172,4.271018418201517,0.65,0.7042253521126761,3.1538461538461537
2020-06-27 22:00:00,22,24,2,3,17,2,0,7,10,0,10,0,10.716666666666669,152.0,3.0,6.6,60.0,0.8555555555555555,225.922,5.327777777777778,0.6,1.0606060606060606,3.208333333333333
2020-06-27 23:00:00,23,18,2,2,14,0,0,4,9,0,9,0,11.716666666666669,218.0,3.0,6.6,45.0,0.6451612903225806,205.292,3.5202020202020208,0.45,0.6060606060606061,3.333333333333333
2020-06-28 00:00:00,0,17,2,1,14,0,0,5,9,0,9,0,12.716666666666669,278.0,3.0,6.6,42.5,0.6021505376344086,208.787,3.89554367201426,0.425,0.7575757575757576,3.294117647058824
2020-06-28 01:00:00,1,21,2,1,18,0,0,8,9,0,9,0,13.716666666666669,338.0,3.0,6.6,52.5,0.7311827956989247,223.007,5.624963924963925,0.525,1.2121212121212122,3.238095238095238
2020-06-28 02:00:00,2,24,2,1,21,0,0,8,10,0,10,0,14.716666666666669,386.5,3.0,6.6,60.0,0.8555555555555555,248.482,5.813888888888889,0.6,1.2121212121212122,3.208333333333333
2020-06-28 03:00:00,3,17,2,1,13,1,0,1,10,0,10,0,15.716666666666669,446.5,3.0,6.6,42.5,0.6111111111111112,239.107,1.8651960784313728,0.425,0.1515151515151515,3.235294117647059
2020-06-28 04:00:00,4,19,2,1,16,0,0,3,11,0,11,0,16.716666666666665,495.0,3.0,6.6,47.5,0.7126436781609196,262.437,3.033253588516746,0.475,0.4545454545454546,3.263157894736842
2020-06-28 05:00:00,5,21,2,2,17,0,0,4,11,0,11,0,17.716666666666665,555.0,3.0,6.6,52.5,0.7931034482758621,272.367,3.716341991341992,0.525,0.6060606060606061,3.2857142857142856
2020-06-28 06:00:00,6,20,2,2,15,1,0,3,12,0,12,0,18.716666666666665,586.5,3.0,6.6,50.0,0.7738095238095238,289.262,3.1022727272727275,0.5,0.4545454545454546,3.25
2020-06-28 07:00:00,7,20,2,2,15,1,0,2,13,0,13,0,19.716666666666665,618.0,3.0,6.6,50.0,0.8024691358024691,308.302,2.609848484848485,0.5,0.303030303030303,3.25
2020-06-28 08:00:00,8,18,2,2,14,0,0,3,13,0,13,0,20.716666666666665,678.0,3.0,6.66,45.0,0.7407407407407407,309.652,3.001501501501502,0.45,0.4504504504504504,3.333333333333333
2020-06-28 09:00:00,9,15,1,1,13,0,0,7,6,0,6,0,21.716666666666665,766.5,3.0,6.66,37.5,0.4705882352941176,215.057,4.563363363363364,0.375,1.0510510510510511,3.2
2020-06-28 10:00:00,10,13,0,1,12,0,0,5,4,0,4,0,22.716666666666665,787.5,4.0,10.0,32.5,0.2777777777777778,189.607,2.5384615384615383,0.325,0.5,3.076923076923077
2020-06-28 11:00:00,11,22,0,2,18,2,0,15,7,0,7,0,23.716666666666665,26.0,4.0,10.0,55.00000000000001,0.5,254.75199999999995,6.15,0.55,1.5,3.0
2020-06-28 12:00:00,12,25,0,3,19,3,0,15,9,0,9,0,12.1,72.0,4.0,10.0,62.5,0.6048387096774194,222.469,6.375,0.625,1.5,3.0
2020-06-28 13:00:00,13,30,0,5,24,1,0,12,10,0,10,0,13.1,110.0,4.0,10.0,75.0,0.7833333333333333,252.234,6.109999999999999,0.75,1.2,3.1333333333333333
2020-06-28 14:00:00,14,27,0,4,22,1,0,7,10,0,10,0,14.1,140.0,4.0,10.0,67.5,0.7,251.439,4.277777777777778,0.675,0.7,3.111111111111111
2020-06-28 15:00:00,15,26,0,8,17,1,0,11,7,0,7,0,4.633333333333334,152.0,4.0,10.0,65.0,0.6439393939393939,155.702,5.721153846153846,0.65,1.1,3.269230769230769
2020-06-28 16:00:00,16,29,1,10,18,0,0,12,6,1,7,1,5.633333333333334,106.0,4.0,10.0,72.5,0.75,168.6453068017366,6.57155172413793,0.725,1.2,3.413793103448276
2020-06-28 17:00:00,17,27,1,11,15,0,0,8,8,1,9,1,6.433333333333334,91.0,4.0,10.0,67.5,0.7580645161290323,195.66730680173663,5.135185185185185,0.675,0.8,3.4814814814814814
2020-06-28 18:00:00,18,17,0,7,10,0,0,5,4,0,4,0,6.35,181.5,4.0,10.0,42.5,0.4027777777777778,105.879,3.1558823529411764,0.425,0.5,3.411764705882353
2020-06-28 19:00:00,19,21,0,7,14,0,0,10,6,0,6,0,7.35,90.0,4.0,10.0,52.5,0.5147058823529411,146.899,5.083333333333333,0.525,1.0,3.333333333333333
2020-06-28 20:00:00,20,22,0,6,16,0,0,11,4,1,5,1,8.35,99.0,4.0,10.02,55.00000000000001,0.5142857142857142,142.1523068017366,5.392814371257486,0.55,1.097804391217565,3.272727272727273
2020-06-28 21:00:00,21,27,0,7,20,0,0,12,5,1,6,1,9.35,112.5,4.0,10.02,67.5,0.6470588235294118,171.91730680173663,6.103304502106898,0.675,1.1976047904191618,3.259259259259259
2020-06-28 22:00:00,22,24,0,6,18,0,0,8,5,2,7,2,10.35,136.0,3.0,6.68,60.0,0.7878787878787878,185.3906136034732,5.842215568862276,0.6,1.1976047904191618,3.25
2020-06-28 23:00:00,23,31,0,7,24,0,0,17,6,0,6,0,11.35,196.0,3.0,6.68,77.5,0.9803921568627452,190.909,10.70938767626038,0.775,2.5449101796407185,3.225806451612903
2020-06-29 00:00:00,0,29,0,7,21,1,0,6,7,0,7,0,12.35,183.0,3.0,6.68,72.5,0.9393939393939394,205.659,5.205446004542639,0.725,0.8982035928143713,3.206896551724138
2020-06-29 01:00:00,1,27,0,6,17,4,0,6,7,0,7,0,13.35,243.0,3.0,6.68,67.5,0.8383838383838383,207.009,4.836144377910845,0.675,0.8982035928143713,3.074074074074074
2020-06-29 02:00:00,2,21,0,5,14,2,0,2,6,0,6,0,14.35,376.0,3.0,6.68,52.5,0.6470588235294118,186.379,2.5909751924721984,0.525,0.2994011976047904,3.142857142857143
2020-06-29 03:00:00,3,21,0,5,14,2,0,5,7,0,7,0,15.35,363.0,3.0,6.68,52.5,0.6666666666666666,205.419,4.002437981180496,0.525,0.7485029940119761,3.142857142857143
2020-06-29 04:00:00,4,21,0,5,13,3,0,1,7,0,7,0,16.35,423.0,3.0,6.68,52.5,0.6565656565656566,211.059,2.0883589962931284,0.525,0.1497005988023952,3.095238095238096
2020-06-29 05:00:00,5,19,0,5,11,3,0,2,7,0,7,0,17.35,483.0,3.0,6.68,47.5,0.5959595959595959,212.409,2.4047195083517177,0.475,0.2994011976047904,3.1052631578947367
2020-06-29 06:00:00,6,17,0,4,11,2,0,1,7,0,7,0,18.35,543.0,3.0,6.68,42.5,0.5353535353535354,213.759,1.7917136315604083,0.425,0.1497005988023952,3.117647058823529
2020-06-29 07:00:00,7,22,0,4,16,2,0,6,8,0,8,0,19.35,543.0,3.0,6.68,55.00000000000001,0.7083333333333334,243.524,4.476265650517147,0.55,0.8982035928143713,3.090909090909091
2020-06-29 08:00:00,8,25,0,5,17,3,0,6,10,0,10,0,20.35,516.5,3.0,6.35,62.5,0.8555555555555555,282.399,4.835236220472441,0.625,0.9448818897637796,3.08
2020-06-29 09:00:00,9,26,0,5,18,3,0,6,7,0,7,0,20.183333333333334,171.0,3.0,6.35,65.0,0.8080808080808081,243.404,4.90732889158086,0.65,0.9448818897637796,3.076923076923077
2020-06-29 10:00:00,10,31,1,6,21,3,0,10,6,3,9,3,21.183333333333334,63.0,4.0,9.6,77.5,0.7903225806451613,289.17392040520986,5.743010752688172,0.775,1.0416666666666667,3.161290322580645
2020-06-29 11:00:00,11,34,3,5,23,3,0,9,9,4,13,4,20.383333333333333,104.0,4.0,9.6,85.0,1.0185185185185186,345.5652272069465,5.783088235294118,0.85,0.9375,3.235294117647059
2020-06-29 12:00:00,12,34,2,6,23,3,0,7,8,4,12,4,12.6,89.5,4.0,9.6,85.0,0.9732142857142856,288.2672272069465,5.062622549019608,0.85,0.7291666666666667,3.2058823529411766
2020-06-29 13:00:00,13,32,1,7,20,4,0,8,12,3,15,3,13.6,133.0,4.0,9.6,80.0,1.01,328.94892040520983,5.155208333333333,0.8,0.8333333333333334,3.15625
2020-06-29 14:00:00,14,41,1,6,31,3,0,13,18,4,22,4,14.6,107.5,4.0,9.6,102.5,1.7777777777777777,448.5622272069465,7.427642276422763,1.025,1.3541666666666667,3.1219512195121952
2020-06-29 15:00:00,15,45,0,8,34,3,0,12,20,3,23,3,15.6,138.0,4.0,9.6,112.5,2.0588235294117645,475.3139204052098,7.388888888888889,1.125,1.25,3.111111111111111
2020-06-29 16:00:00,16,46,1,9,33,3,0,9,19,3,22,3,16.6,152.5,4.0,9.6,115.0,2.0277777777777777,469.6989204052098,6.625543478260869,1.15,0.9375,3.1739130434782608
2020-06-29 17:00:00,17,34,1,7,22,4,0,3,19,2,21,2,17.6,208.0,4.0,9.6,85.0,1.4078947368421053,435.3306136034733,3.658455882352941,0.85,0.3125,3.147058823529412
2020-06-29 18:00:00,18,29,1,6,18,4,0,3,16,2,18,2,18.6,249.0,4.0,9.6,72.5,1.0340909090909092,390.04561360347327,3.255603448275862,0.725,0.3125,3.1379310344827585
2020-06-29 19:00:00,19,28,1,7,15,5,0,9,13,1,14,1,19.6,309.0,4.0,9.6,70.0,0.8461538461538461,339.0723068017366,5.146428571428571,0.7,0.9375,3.142857142857143
2020-06-29 20:00:00,20,28,1,5,18,4,0,7,12,1,13,1,20.6,333.0,4.0,11.01,70.0,0.8055555555555556,331.31230680173667,4.150476839237057,0.7,0.6357856494096277,3.107142857142857
2020-06-29 21:00:00,21,24,1,4,15,4,0,4,9,0,9,0,21.6,393.0,4.0,11.01,60.0,0.5967741935483871,273.904,2.9701937632455344,0.6,0.36330608537693,3.083333333333333
2020-06-29 22:00:00,22,18,1,2,13,2,0,4,6,0,6,0,14.6,175.0,3.0,7.76,45.0,0.5490196078431373,181.354,3.003665521191295,0.45,0.5154639175257733,3.111111111111111
2020-06-29 23:00:00,23,16,1,3,11,1,0,6,7,1,8,1,15.6,165.5,3.0,7.76,40.0,0.5416666666666666,210.3723068017366,3.812886597938145,0.4,0.7731958762886598,3.25
2020-06-30 00:00:00,0,20,1,2,13,4,0,11,7,1,8,1,16.6,225.5,3.0,7.76,50.0,0.625,224.59230680173664,5.752577319587629,0.5,1.4175257731958764,3.0
2020-06-30 01:00:00,1,21,1,3,12,5,0,6,7,1,8,1,17.6,285.5,3.0,7.76,52.5,0.65625,232.3773068017366,3.8945876288659793,0.525,0.7731958762886598,3.0
2020-06-30 02:00:00,2,17,1,1,13,2,0,2,8,0,8,0,15.083333333333334,345.5,3.0,7.76,42.5,0.5416666666666666,208.735,2.0883565797453003,0.425,0.2577319587628866,3.0588235294117645
2020-06-30 03:00:00,3,20,1,2,14,3,0,6,8,0,8,0,16.083333333333332,405.5,3.0,7.76,50.0,0.6354166666666666,220.81,3.883247422680412,0.5,0.7731958762886598,3.05
2020-06-30 04:00:00,4,20,1,2,15,2,0,1,9,0,9,0,17.083333333333332,415.0,3.0,7.76,50.0,0.6666666666666666,239.85,1.9494845360824744,0.5,0.1288659793814433,3.1
2020-06-30 05:00:00,5,17,1,1,13,2,0,3,9,0,9,0,18.08333333333333,475.0,3.0,7.76,42.5,0.5591397849462365,239.05499999999995,2.4825348696179503,0.425,0.3865979381443299,3.0588235294117645
2020-06-30 06:00:00,6,14,1,1,12,0,0,0,9,0,9,0,19.08333333333333,535.0,3.0,7.76,35.0,0.4838709677419355,238.26,1.125,0.35,0.0,3.2142857142857144
2020-06-30 07:00:00,7,17,1,3,13,0,0,4,11,0,11,0,20.08333333333333,565.0,3.0,7.76,42.5,0.6436781609195402,277.135,3.097998787143723,0.425,0.5154639175257733,3.294117647058824
2020-06-30 08:00:00,8,19,1,4,14,0,0,3,13,0,13,0,21.08333333333333,583.0,3.0,6.63,47.5,0.7777777777777778,313.865,3.075357227911408,0.475,0.4524886877828054,3.3157894736842106
2020-06-30 09:00:00,9,19,0,5,14,0,0,5,9,0,9,0,13.6,335.0,3.0,6.63,47.5,0.6666666666666666,218.05900000000003,4.01090338969596,0.475,0.7541478129713424,3.263157894736842
2020-06-30 10:00:00,10,22,0,6,16,0,0,8,10,0,10,0,14.6,164.5,4.0,9.97,55.00000000000001,0.6,243.534,4.426059998176348,0.55,0.8024072216649951,3.272727272727273
2020-06-30 11:00:00,11,26,0,7,19,0,0,9,14,0,14,0,15.6,151.0,4.0,9.97,65.0,0.8173076923076923,311.354,5.076161175835198,0.65,0.9027081243731194,3.269230769230769
2020-06-30 12:00:00,12,25,0,6,19,0,0,7,11,0,11,0,16.166666666666668,105.0,4.0,9.97,62.5,0.6982758620689655,272.20500000000004,4.299824473420261,0.625,0.7021063189568707,3.24
2020-06-30 13:00:00,13,19,0,3,16,0,0,3,7,0,7,0,17.166666666666668,156.0,4.0,9.97,47.5,0.4545454545454545,211.375,2.450219078287494,0.475,0.3009027081243731,3.1578947368421053
2020-06-30 14:00:00,14,18,0,3,15,0,0,4,5,1,6,1,18.166666666666668,199.5,4.0,9.97,45.0,0.4191176470588235,202.33830680173665,2.695478100969576,0.45,0.4012036108324975,3.1666666666666665
2020-06-30 15:00:00,15,22,0,5,17,0,0,6,6,1,7,1,19.166666666666668,136.0,4.0,9.97,55.00000000000001,0.5378787878787878,229.9583068017366,3.7171902069845904,0.55,0.6018054162487463,3.227272727272727
2020-06-30 16:00:00,16,18,0,4,14,0,0,6,5,1,6,1,20.166666666666668,171.5,4.0,9.97,45.0,0.4264705882352941,213.6183068017366,3.3891507856904046,0.45,0.6018054162487463,3.2222222222222223
2020-06-30 17:00:00,17,14,1,4,9,0,0,5,8,0,8,0,7.216666666666667,65.0,4.0,9.97,35.0,0.375,157.932,2.9194440464249896,0.35,0.501504513540622,3.4285714285714284
2020-06-30 18:00:00,18,18,1,3,14,0,0,6,10,0,10,0,8.216666666666667,103.5,4.0,9.97,45.0,0.4916666666666666,198.952,3.447584419926446,0.45,0.6018054162487463,3.2777777777777777
2020-06-30 19:00:00,19,16,1,2,13,0,0,3,8,1,9,1,8.75,130.0,4.0,9.97,40.0,0.4193548387096774,185.1383068017366,2.2779338014042128,0.4,0.3009027081243731,3.25
2020-06-30 20:00:00,20,18,0,2,16,0,0,9,5,1,6,1,5.45,153.0,4.0,9.94,45.0,0.4117647058823529,130.6163068017366,4.216901408450704,0.45,0.9054325955734408,3.111111111111111
2020-06-30 21:00:00,21,15,0,2,13,0,0,4,6,2,8,2,6.45,121.0,4.0,9.94,37.5,0.3671875,157.48961360347323,2.435898725687458,0.375,0.4024144869215292,3.1333333333333333
2020-06-30 22:00:00,22,17,0,2,15,0,0,6,4,2,6,2,7.45,112.0,3.0,6.6,42.5,0.5196078431372549,140.61961360347323,4.159224598930482,0.425,0.9090909090909092,3.117647058823529
2020-06-30 23:00:00,23,14,0,0,13,1,0,5,3,0,3,0,8.45,141.0,3.0,6.6,35.0,0.3693693693693693,97.888,3.243614718614718,0.35,0.7575757575757576,2.9285714285714284
