ts,hour,census,l1,l2,l3,l4,l5,arrivals,waitBed,waitICU,D_board,vent,maxLOS_h,awt_curr_min,Na,cap_sum,OCCUPANCY,EDWIN,NEDOCS,READI,READI_BR,READI_PR,READI_AR
2022-03-01 00:00:00,0,27,0,8,19,0,0,6,10,1,11,1,25.7,180.0,3.0,8.04,67.5,1.0229885057471264,331.1313068017366,4.684922609176341,0.675,0.746268656716418,3.2962962962962963
2022-03-01 01:00:00,1,24,0,7,17,0,0,7,10,0,10,0,26.7,235.5,3.0,8.04,60.0,0.8777777777777778,316.068,4.840878938640133,0.6,0.8706467661691544,3.2916666666666665
2022-03-01 02:00:00,2,23,0,5,18,0,0,2,10,0,10,0,27.7,295.5,3.0,8.04,57.49999999999999,0.8222222222222222,319.563,2.650346095608912,0.575,0.2487562189054726,3.217391304347826
2022-03-01 03:00:00,3,20,0,4,16,0,0,3,10,0,10,0,28.7,355.5,3.0,8.04,50.0,0.7111111111111111,318.76800000000003,2.7940298507462686,0.5,0.373134328358209,3.2
2022-03-01 04:00:00,4,20,0,4,16,0,0,1,10,0,10,0,29.7,415.5,3.0,8.04,50.0,0.7111111111111111,324.408,1.9980099502487565,0.5,0.1243781094527363,3.2
2022-03-01 05:00:00,5,19,0,4,15,0,0,1,10,0,10,0,30.7,475.5,3.0,8.04,47.5,0.6777777777777778,327.903,1.9243191935061532,0.475,0.1243781094527363,3.210526315789474
2022-03-01 06:00:00,6,22,0,5,17,0,0,3,11,0,11,0,31.7,531.0,3.0,8.04,55.00000000000001,0.8160919540229885,353.378,2.979206241519674,0.55,0.373134328358209,3.227272727272727
2022-03-01 07:00:00,7,21,0,5,16,0,0,2,12,0,12,0,32.7,571.5,3.0,8.04,52.5,0.8095238095238095,370.273,2.505496327884388,0.525,0.2487562189054726,3.238095238095238
2022-03-01 08:00:00,8,20,0,6,13,1,0,5,13,0,13,0,33.7,612.0,3.0,8.39,50.0,0.8024691358024691,387.168,3.561829558998808,0.5,0.5959475566150179,3.25
2022-03-01 09:00:00,9,26,0,6,19,1,0,12,11,0,11,0,34.7,659.0,3.0,8.39,65.0,0.9540229885057472,378.878,6.64087512606583,0.65,1.430274135876043,3.1923076923076925
2022-03-01 10:00:00,10,24,0,7,17,0,0,7,6,0,6,0,20.8,182.5,4.0,11.85,60.0,0.5808823529411765,229.192,3.919444444444444,0.6,0.590717299578059,3.2916666666666665
2022-03-01 11:00:00,11,20,0,8,12,0,0,5,6,0,6,0,21.8,242.5,4.0,11.85,50.0,0.5,226.252,3.1345991561181434,0.5,0.4219409282700421,3.4
2022-03-01 12:00:00,12,30,1,8,21,0,0,14,11,1,12,1,22.8,95.0,4.0,11.85,75.0,0.8928571428571429,334.6103068017366,6.438115330520393,0.75,1.181434599156118,3.333333333333333
2022-03-01 13:00:00,13,24,1,2,21,0,0,3,9,1,10,1,23.8,86.0,4.0,11.85,60.0,0.6333333333333333,300.5803068017366,2.70168776371308,0.6,0.2531645569620253,3.1666666666666665
2022-03-01 14:00:00,14,37,3,3,31,0,0,14,15,3,18,3,24.8,114.5,4.0,11.85,92.5,1.3636363636363635,443.0419204052098,6.831679781046868,0.925,1.181434599156118,3.2432432432432434
2022-03-01 15:00:00,15,33,2,5,26,0,0,7,16,2,18,2,25.8,135.5,4.0,11.85,82.5,1.2272727272727273,439.23361360347326,4.633256616800921,0.825,0.590717299578059,3.272727272727273
2022-03-01 16:00:00,16,34,2,3,29,0,0,8,16,2,18,2,26.8,144.5,4.0,11.85,85.0,1.2386363636363635,447.0186136034732,4.889308761479275,0.85,0.6751054852320675,3.2058823529411766
2022-03-01 17:00:00,17,36,1,4,31,0,0,7,16,2,18,2,27.8,198.5,4.0,11.85,90.0,1.2954545454545454,456.9486136034733,4.720604781997186,0.9,0.590717299578059,3.1666666666666665
2022-03-01 18:00:00,18,36,0,4,32,0,0,10,17,1,18,1,28.8,249.0,4.0,11.85,90.0,1.2727272727272727,461.72030680173657,5.4254102203469285,0.9,0.8438818565400843,3.111111111111111
2022-03-01 19:00:00,19,28,0,4,24,0,0,5,14,0,14,0,29.8,234.0,4.0,11.85,70.0,0.8461538461538461,395.732,3.526100060277275,0.7,0.4219409282700421,3.142857142857143
2022-03-01 20:00:00,20,25,0,5,19,1,0,7,9,1,10,1,7.733333333333333,250.0,4.0,10.09,62.5,0.6583333333333333,212.10930680173664,4.167269573835481,0.625,0.6937561942517344,3.16
2022-03-01 21:00:00,21,30,0,5,24,1,0,8,9,2,11,2,7.733333333333333,181.0,4.0,10.09,75.0,0.8103448275862069,237.10261360347323,4.83430789560621,0.75,0.7928642220019821,3.1333333333333333
2022-03-01 22:00:00,22,29,0,4,24,1,0,9,8,1,9,1,8.733333333333333,189.0,3.0,6.63,72.5,0.967741935483871,212.92930680173663,6.462825713839913,0.725,1.3574660633484164,3.103448275862069
2022-03-01 23:00:00,23,25,0,3,22,0,0,4,7,1,8,1,9.733333333333333,235.0,3.0,6.63,62.5,0.8125,196.5893068017366,3.832352941176471,0.625,0.6033182503770739,3.12
2022-03-02 00:00:00,0,24,0,3,21,0,0,5,7,1,8,1,10.733333333333333,295.0,3.0,6.63,60.0,0.78125,200.0843068017366,4.2317119155354455,0.6,0.7541478129713424,3.125
2022-03-02 01:00:00,1,23,0,3,20,0,0,6,8,1,9,1,11.733333333333333,287.0,3.0,6.63,57.49999999999999,0.7741935483870968,216.9793068017366,4.632972653944521,0.575,0.9049773755656108,3.130434782608696
2022-03-02 02:00:00,2,22,0,3,19,0,0,2,8,1,9,1,12.733333333333333,347.0,3.0,6.63,55.00000000000001,0.7419354838709677,220.4743068017366,2.671112710818593,0.55,0.3016591251885369,3.136363636363636
2022-03-02 03:00:00,3,21,0,3,17,1,0,4,8,1,9,1,13.733333333333333,407.0,3.0,6.63,52.5,0.6989247311827957,223.96930680173665,3.4924136321195145,0.525,0.6033182503770739,3.095238095238096
2022-03-02 04:00:00,4,20,0,3,17,0,0,4,9,1,10,1,14.733333333333333,456.5,3.0,6.63,50.0,0.7,240.86430680173663,3.475452488687783,0.5,0.6033182503770739,3.15
2022-03-02 05:00:00,5,20,0,4,16,0,0,1,9,1,10,1,15.733333333333333,516.5,3.0,6.63,50.0,0.7111111111111111,246.50430680173665,2.0826546003016597,0.5,0.1508295625942684,3.2
2022-03-02 06:00:00,6,21,0,4,16,1,0,2,9,1,10,1,16.733333333333334,576.5,3.0,6.63,52.5,0.7333333333333333,254.28930680173664,2.59807153630683,0.525,0.3016591251885369,3.142857142857143
2022-03-02 07:00:00,7,23,0,3,19,1,0,4,10,1,11,1,17.733333333333334,626.0,3.0,6.63,57.49999999999999,0.8160919540229885,277.6193068017366,3.637417207685749,0.575,0.6033182503770739,3.0869565217391304
2022-03-02 08:00:00,8,24,0,3,20,1,0,6,11,1,12,1,18.73333333333333,642.0,3.0,7.51,60.0,0.8809523809523809,298.80430680173663,4.313382157123835,0.6,0.7989347536617843,3.083333333333333
2022-03-02 09:00:00,9,23,0,3,18,2,0,6,8,2,10,2,19.73333333333333,428.5,3.0,7.51,57.49999999999999,0.7777777777777778,276.3676136034732,4.181540554622822,0.575,0.7989347536617843,3.0434782608695654
2022-03-02 10:00:00,10,24,0,3,20,1,0,7,9,2,11,2,20.73333333333333,168.0,4.0,11.21,60.0,0.6379310344827587,297.5526136034732,3.775364258102885,0.6,0.6244424620874219,3.083333333333333
2022-03-02 11:00:00,11,30,1,7,21,1,0,10,11,3,14,3,21.73333333333333,173.0,4.0,11.21,75.0,0.9423076923076924,357.13092040520985,5.364064823074635,0.75,0.8920606601248884,3.2666666666666666
2022-03-02 12:00:00,12,35,1,9,24,1,0,10,15,3,18,3,22.73333333333333,179.5,4.0,11.21,87.5,1.306818181818182,427.0959204052099,5.806056454696062,0.875,0.8920606601248884,3.2857142857142856
2022-03-02 13:00:00,13,35,1,8,24,2,0,10,16,3,19,3,23.73333333333333,160.0,4.0,11.21,87.5,1.3452380952380951,446.1359204052098,5.705081559831783,0.875,0.8920606601248884,3.2285714285714286
2022-03-02 14:00:00,14,33,1,8,23,1,0,8,15,3,18,3,24.73333333333333,145.0,4.0,11.21,82.5,1.2272727272727273,434.0859204052099,5.0355770010542535,0.825,0.7136485280999108,3.272727272727273
2022-03-02 15:00:00,15,29,0,7,22,0,0,6,13,1,14,1,25.73333333333333,190.5,4.0,11.21,72.5,0.903846153846154,375.8093068017366,4.084904180380817,0.725,0.535236396074933,3.2413793103448274
2022-03-02 16:00:00,16,27,1,6,19,1,0,8,13,1,14,1,26.73333333333333,187.5,4.0,11.21,67.5,0.8461538461538461,377.1593068017367,4.525965573066376,0.675,0.7136485280999108,3.259259259259259
2022-03-02 17:00:00,17,34,1,6,26,1,0,10,15,0,15,0,27.73333333333333,211.0,4.0,11.21,85.0,1.09,410.346,5.584841528047437,0.85,0.8920606601248884,3.2058823529411766
2022-03-02 18:00:00,18,31,2,4,25,0,0,5,15,0,15,0,24.05,174.0,4.0,11.21,77.5,1.01,383.137,3.9781955914937694,0.775,0.4460303300624442,3.2580645161290325
2022-03-02 19:00:00,19,26,1,2,23,0,0,6,13,0,13,0,25.05,213.0,4.0,11.21,65.0,0.7592592592592593,351.252,3.738053249159404,0.65,0.535236396074933,3.1538461538461537
2022-03-02 20:00:00,20,27,2,2,23,0,0,9,10,0,10,0,10.816666666666666,271.0,4.0,10.05,67.5,0.725,232.921,5.060572139303483,0.675,0.8955223880597014,3.2222222222222223
2022-03-02 21:00:00,21,37,3,2,31,1,0,14,11,0,11,0,11.816666666666666,292.0,4.0,10.05,92.5,1.0172413793103448,273.411,7.39265160683071,0.925,1.3930348258706466,3.189189189189189
2022-03-02 22:00:00,22,30,5,2,21,2,0,9,7,2,9,2,9.683333333333334,137.0,3.0,6.35,75.0,1.075268817204301,221.30061360347324,7.224409448818898,0.75,1.4173228346456694,3.333333333333333
2022-03-02 23:00:00,23,33,3,2,22,6,0,14,6,3,9,3,10.683333333333334,107.0,3.0,6.35,82.5,1.086021505376344,234.24392040520985,9.272792889525173,0.825,2.204724409448819,3.060606060606061
2022-03-03 00:00:00,0,37,1,3,30,3,0,14,7,2,9,2,11.683333333333334,89.0,3.0,6.35,92.5,1.2150537634408602,247.59561360347325,9.558347520749097,0.925,2.204724409448819,3.054054054054054
2022-03-03 01:00:00,1,31,1,3,25,2,0,5,9,2,11,2,12.683333333333334,146.0,3.0,6.35,77.5,1.103448275862069,267.1656136034732,4.838404876809753,0.775,0.7874015748031497,3.096774193548387
2022-03-03 02:00:00,2,26,1,4,21,0,0,6,9,2,11,2,13.683333333333334,206.0,3.0,6.35,65.0,0.9655172413793104,262.08061360347324,5.152695336159903,0.65,0.9448818897637796,3.230769230769231
2022-03-03 03:00:00,3,21,1,4,16,0,0,1,9,1,10,1,14.683333333333334,254.0,3.0,6.35,52.5,0.7666666666666667,242.72730680173663,2.242435320584927,0.525,0.1574803149606299,3.2857142857142856
2022-03-03 04:00:00,4,20,1,4,15,0,0,3,9,2,11,2,15.683333333333334,299.0,3.0,6.35,50.0,0.7586206896551724,260.4906136034732,3.209055118110236,0.5,0.4724409448818898,3.3
2022-03-03 05:00:00,5,21,1,4,16,0,0,2,9,2,11,2,16.683333333333334,359.0,3.0,6.35,52.5,0.7931034482758621,268.27561360347323,2.759870641169854,0.525,0.3149606299212598,3.2857142857142856
2022-03-03 06:00:00,6,18,1,4,13,0,0,1,9,1,10,1,17.683333333333334,434.0,3.0,6.35,45.0,0.6666666666666666,253.2123068017366,2.0249343832021,0.45,0.1574803149606299,3.333333333333333
2022-03-03 07:00:00,7,20,1,5,14,0,0,5,11,1,12,1,18.683333333333334,474.0,3.0,6.35,50.0,0.7976190476190477,289.94230680173666,4.312795275590551,0.5,0.7874015748031497,3.35
2022-03-03 08:00:00,8,24,1,5,18,0,0,5,12,1,13,1,19.683333333333334,529.0,3.0,7.21,60.0,0.9753086419753086,317.5623068017366,4.257709200184928,0.6,0.6934812760055479,3.2916666666666665
2022-03-03 09:00:00,9,24,1,5,18,0,0,6,11,1,12,1,20.683333333333334,499.5,3.0,7.21,60.0,0.9404761904761904,309.8023068017366,4.714251040221914,0.6,0.8321775312066574,3.2916666666666665
2022-03-03 10:00:00,10,32,2,5,24,1,0,12,13,3,16,3,21.683333333333334,169.0,4.0,11.93,80.0,1.0833333333333333,387.9389204052098,5.869069572506287,0.8,1.0058675607711651,3.25
2022-03-03 11:00:00,11,29,3,4,20,2,0,7,13,4,17,4,22.683333333333334,139.0,4.0,11.93,72.5,1.0326086956521738,401.41222720694645,4.297131976760992,0.725,0.586756077116513,3.2758620689655173
2022-03-03 12:00:00,12,33,4,4,24,1,0,8,13,4,17,4,20.9,176.0,4.0,11.93,82.5,1.1956521739130437,399.9342272069465,4.985261246158145,0.825,0.6705783738474435,3.333333333333333
2022-03-03 13:00:00,13,36,4,4,25,3,0,9,14,3,17,3,21.9,236.0,4.0,11.93,90.0,1.2717391304347827,411.1409204052098,5.376802179379716,0.9,0.7544006705783739,3.25
2022-03-03 14:00:00,14,37,3,5,26,3,0,7,10,3,13,3,22.9,262.0,4.0,11.93,92.5,1.101851851851852,365.3259204052098,4.862134410185542,0.925,0.586756077116513,3.216216216216216
2022-03-03 15:00:00,15,35,1,5,26,3,0,7,8,2,10,2,23.9,286.0,4.0,11.93,87.5,0.9083333333333332,325.6076136034732,4.552326068734283,0.875,0.586756077116513,3.1142857142857143
2022-03-03 16:00:00,16,33,1,5,25,2,0,6,9,2,11,2,24.9,314.0,4.0,11.93,82.5,0.896551724137931,340.3576136034732,4.185003429093957,0.825,0.5029337803855826,3.1515151515151514
2022-03-03 17:00:00,17,41,0,10,29,2,0,14,12,2,14,2,25.9,301.5,4.0,11.93,102.5,1.2596153846153846,403.3576136034732,7.02451444401284,1.025,1.173512154233026,3.1951219512195124
2022-03-03 18:00:00,18,36,0,10,24,2,0,6,12,2,14,2,26.9,361.5,4.0,11.93,90.0,1.1153846153846154,398.2726136034733,4.520564403464655,0.9,0.5029337803855826,3.2222222222222223
2022-03-03 19:00:00,19,37,0,11,24,2,0,9,11,2,13,2,27.9,404.0,4.0,11.93,92.5,1.1111111111111112,392.6576136034733,5.446704877551484,0.925,0.7544006705783739,3.2432432432432434
2022-03-03 20:00:00,20,41,0,14,26,1,0,10,13,2,15,2,28.9,226.0,4.0,11.73,102.5,1.36,433.6776136034732,6.227854365500176,1.025,0.8525149190110827,3.317073170731707
2022-03-03 21:00:00,21,35,0,12,22,1,0,11,10,2,12,2,20.75,131.5,4.0,11.73,87.5,1.0357142857142858,334.6416136034732,6.008025819023262,0.875,0.9377664109121908,3.3142857142857145
2022-03-03 22:00:00,22,34,0,12,21,1,0,6,9,3,12,3,21.75,149.5,3.0,7.01,85.0,1.3452380952380951,339.0049204052099,5.669675673407737,0.85,0.8559201141226819,3.323529411764706
2022-03-03 23:00:00,23,30,0,10,20,0,0,7,8,3,11,3,22.75,161.0,3.0,7.01,75.0,1.1494252873563218,322.66492040520984,5.828578221588208,0.75,0.9985734664764624,3.333333333333333
2022-03-04 00:00:00,0,25,0,7,18,0,0,7,8,0,8,0,23.75,238.0,3.0,7.01,62.5,0.8541666666666666,274.775,5.325320970042796,0.625,0.9985734664764624,3.28
2022-03-04 01:00:00,1,24,0,7,17,0,0,5,7,0,7,0,24.75,281.0,3.0,7.01,60.0,0.797979797979798,264.87,4.322836424155968,0.6,0.7132667617689016,3.2916666666666665
2022-03-04 02:00:00,2,18,0,6,12,0,0,2,8,0,8,0,25.75,336.5,3.0,7.01,45.0,0.625,271.04,2.451022349025202,0.45,0.2853067047075606,3.333333333333333
2022-03-04 03:00:00,3,21,0,5,16,0,0,5,8,0,8,0,26.75,396.5,3.0,7.01,52.5,0.7083333333333334,283.115,4.009625704775491,0.525,0.7132667617689016,3.238095238095238
2022-03-04 04:00:00,4,20,0,5,15,0,0,1,8,0,8,0,27.75,456.5,3.0,7.01,50.0,0.6770833333333334,286.61,2.088623395149786,0.5,0.1426533523537803,3.25
2022-03-04 05:00:00,5,18,0,5,13,0,0,3,8,0,8,0,28.75,516.5,3.0,7.01,45.0,0.6145833333333334,287.96,2.877757964812173,0.45,0.4279600570613409,3.2777777777777777
2022-03-04 06:00:00,6,18,0,5,13,0,0,4,8,0,8,0,29.75,576.5,3.0,7.01,45.0,0.6145833333333334,293.6,3.3453439530828977,0.45,0.5706134094151213,3.2777777777777777
2022-03-04 07:00:00,7,16,1,6,9,0,0,4,10,1,11,1,30.75,618.0,3.0,7.01,40.0,0.6436781609195402,336.01830680173657,3.3971469329529245,0.4,0.5706134094151213,3.5
2022-03-04 08:00:00,8,17,1,5,11,0,0,2,10,2,12,2,31.75,611.0,3.0,6.43,42.5,0.6904761904761905,358.0716136034732,2.5112020858109965,0.425,0.3110419906687403,3.411764705882353
2022-03-04 09:00:00,9,23,1,6,15,0,1,9,9,3,12,3,32.75,139.0,3.0,6.43,57.49999999999999,0.8928571428571429,377.4499204052098,6.439203123943471,0.575,1.3996889580093312,3.260869565217391
2022-03-04 10:00:00,10,28,1,8,19,0,0,12,10,3,13,3,33.75,139.0,4.0,11.15,70.0,0.8703703703703703,407.21492040520985,5.9630685458039725,0.7,1.0762331838565025,3.357142857142857
2022-03-04 11:00:00,11,29,0,8,21,0,0,8,9,1,10,1,34.75,170.5,4.0,11.15,72.5,0.7916666666666666,373.0633068017366,4.725394309571672,0.725,0.7174887892376682,3.2758620689655173
2022-03-04 12:00:00,12,31,1,8,22,0,0,8,11,1,12,1,6.216666666666667,142.0,4.0,11.15,77.5,0.9196428571428572,243.22530680173665,4.958914364241285,0.775,0.7174887892376682,3.3225806451612905
2022-03-04 13:00:00,13,33,1,6,25,0,1,8,13,0,13,0,7.016666666666667,110.0,4.0,11.15,82.5,0.9722222222222222,264.559,4.907918874847126,0.825,0.7174887892376682,3.1818181818181817
2022-03-04 14:00:00,14,32,2,7,23,0,0,8,9,1,10,1,8.016666666666667,150.0,4.0,11.15,80.0,0.8916666666666667,228.7223068017366,5.074103139013453,0.8,0.7174887892376682,3.34375
2022-03-04 15:00:00,15,28,1,7,20,0,0,5,8,1,9,1,6.433333333333334,182.0,4.0,11.15,70.0,0.75,197.8123068017366,3.8144298526585527,0.7,0.4484304932735427,3.321428571428572
2022-03-04 16:00:00,16,28,1,6,21,0,0,8,6,1,7,1,7.433333333333334,235.0,4.0,11.15,70.0,0.696969696969697,176.6523068017366,4.657463164638052,0.7,0.7174887892376682,3.2857142857142856
2022-03-04 17:00:00,17,29,1,4,22,1,1,11,6,1,7,1,8.433333333333334,147.0,4.0,11.15,72.5,0.6818181818181818,184.4373068017366,5.311697850626256,0.725,0.9865470852017938,3.103448275862069
2022-03-04 18:00:00,18,29,2,5,20,1,1,6,6,2,8,2,9.433333333333334,132.5,4.0,11.15,72.5,0.7265625,204.34561360347325,4.050684243080254,0.725,0.5381165919282512,3.206896551724138
2022-03-04 19:00:00,19,27,0,3,21,2,1,11,8,0,8,0,10.433333333333334,67.5,4.0,11.15,67.5,0.625,203.959,4.923102474671981,0.675,0.9865470852017938,2.962962962962963
2022-03-04 20:00:00,20,22,0,2,19,1,0,6,8,0,8,0,11.35,106.5,4.0,13.11,55.00000000000001,0.5234375,198.404,3.068800707301852,0.55,0.4576659038901602,3.0454545454545454
2022-03-04 21:00:00,21,25,1,2,20,2,0,10,8,1,9,1,12.35,148.0,4.0,13.11,62.5,0.6209677419354839,224.7473068017366,4.274351639969489,0.625,0.7627765064836003,3.08
2022-03-04 22:00:00,22,32,1,1,26,3,1,13,9,1,10,1,6.0,169.5,3.0,8.39,80.0,1.0444444444444445,217.3483068017366,6.901549463647199,0.8,1.5494636471990464,2.9375
2022-03-04 23:00:00,23,27,1,0,23,3,0,9,6,1,7,1,6.533333333333333,163.0,3.0,8.39,67.5,0.8080808080808081,169.43130680173664,5.178386968613428,0.675,1.072705601907032,2.962962962962963
2022-03-05 00:00:00,0,27,1,1,21,3,1,6,6,1,7,1,7.533333333333333,223.0,3.0,8.39,67.5,0.797979797979798,175.07130680173665,4.067438087670507,0.675,0.7151370679380215,2.925925925925926
2022-03-05 01:00:00,1,22,1,1,17,3,0,4,6,1,7,1,8.533333333333333,283.0,3.0,8.39,55.00000000000001,0.6666666666666666,169.9863068017366,3.0802741358760426,0.55,0.4767580452920142,3.0
2022-03-05 02:00:00,2,18,0,1,14,3,0,2,6,0,6,0,9.533333333333331,356.5,3.0,8.39,45.0,0.5098039215686274,152.778,1.9886505098662428,0.45,0.2383790226460071,2.888888888888889
2022-03-05 03:00:00,3,21,0,2,15,4,0,6,7,0,7,0,10.533333333333331,352.0,3.0,8.39,52.5,0.6161616161616161,178.253,3.602302911629491,0.525,0.7151370679380215,2.9047619047619047
2022-03-05 04:00:00,4,17,0,2,11,4,0,2,7,0,7,0,11.533333333333331,412.0,3.0,8.39,42.5,0.494949494949495,175.313,1.912092477038491,0.425,0.2383790226460071,2.8823529411764706
2022-03-05 05:00:00,5,18,0,2,13,3,0,2,8,0,8,0,12.533333333333331,461.5,3.0,8.39,45.0,0.5520833333333334,196.498,2.0268937889021323,0.45,0.2383790226460071,2.9444444444444446
2022-03-05 06:00:00,6,18,0,2,13,3,0,1,8,0,8,0,13.533333333333331,521.5,3.0,8.39,45.0,0.5520833333333334,202.138,1.675946894451066,0.45,0.1191895113230035,2.9444444444444446
2022-03-05 07:00:00,7,20,0,2,15,3,0,2,8,0,8,0,14.533333333333331,581.5,3.0,8.39,50.0,0.6145833333333334,212.068,2.1782181168057213,0.5,0.2383790226460071,2.95
2022-03-05 08:00:00,8,25,0,2,21,2,0,7,11,1,12,1,15.533333333333331,453.0,3.0,6.4,62.5,0.8928571428571429,282.9013068017366,5.15625,0.625,1.09375,3.0
2022-03-05 09:00:00,9,25,0,3,20,2,0,5,9,2,11,2,14.466666666666669,244.0,3.0,6.4,62.5,0.8735632183908046,264.3536136034732,4.275,0.625,0.78125,3.04
2022-03-05 10:00:00,10,28,0,4,23,1,0,10,12,2,14,2,15.466666666666669,147.0,4.0,11.12,70.0,0.8365384615384616,316.62861360347324,4.969193216855087,0.7,0.8992805755395683,3.107142857142857
2022-03-05 11:00:00,11,31,0,5,25,1,0,11,13,2,15,2,16.466666666666665,105.0,4.0,11.12,77.5,0.97,342.10361360347326,5.520265722905546,0.775,0.9892086330935252,3.129032258064516
2022-03-05 12:00:00,12,36,0,6,29,1,0,9,13,3,16,3,17.466666666666665,159.0,4.0,11.12,90.0,1.1770833333333333,372.7369204052098,5.365467625899281,0.9,0.8093525179856115,3.138888888888889
2022-03-05 13:00:00,13,31,0,6,24,1,0,6,13,2,15,2,15.866666666666667,213.0,4.0,11.12,77.5,0.98,338.71961360347325,4.155732188442794,0.775,0.539568345323741,3.161290322580645
2022-03-05 14:00:00,14,29,0,6,22,1,0,6,10,2,12,2,16.866666666666667,276.5,4.0,11.12,72.5,0.8214285714285714,299.8696136034732,4.01173406102704,0.725,0.539568345323741,3.1724137931034484
2022-03-05 15:00:00,15,34,1,7,25,1,0,18,12,3,15,3,17.866666666666667,109.0,4.0,11.12,85.0,1.1,357.3029204052099,7.986986881083368,0.85,1.618705035971223,3.235294117647059
2022-03-05 16:00:00,16,28,1,6,20,1,0,7,8,2,10,2,17.516666666666666,90.0,4.0,11.12,70.0,0.7583333333333333,274.59061360347323,4.320863309352517,0.7,0.6294964028776978,3.25
2022-03-05 17:00:00,17,24,1,5,18,0,0,6,7,1,8,1,8.866666666666667,134.0,4.0,11.12,60.0,0.6171875,189.5563068017366,3.751079136690647,0.6,0.539568345323741,3.2916666666666665
2022-03-05 18:00:00,18,35,1,6,24,4,0,15,9,1,10,1,9.866666666666667,188.0,4.0,11.12,87.5,0.9083333333333332,245.5913068017366,6.92592497430627,0.875,1.3489208633093523,3.1142857142857143
2022-03-05 19:00:00,19,28,0,3,22,3,0,6,6,0,6,0,10.866666666666667,132.5,4.0,11.12,70.0,0.6176470588235294,181.748,3.718705035971223,0.7,0.539568345323741,3.0
2022-03-05 20:00:00,20,29,0,3,23,3,0,10,7,0,7,0,11.866666666666667,148.0,4.0,12.6,72.5,0.6590909090909091,202.933,4.55595238095238,0.725,0.7936507936507937,3.0
2022-03-05 21:00:00,21,34,0,3,26,5,0,9,5,0,5,0,12.866666666666667,91.0,4.0,12.6,85.0,0.7142857142857143,192.498,4.600840336134454,0.85,0.7142857142857143,2.9411764705882355
2022-03-05 22:00:00,22,24,0,3,18,3,0,5,4,0,4,0,13.866666666666667,129.5,3.0,7.88,60.0,0.6666666666666666,163.288,3.7035532994923854,0.6,0.6345177664974619,3.0
2022-03-05 23:00:00,23,23,1,4,15,3,0,10,3,1,4,1,14.866666666666667,48.0,3.0,7.88,57.49999999999999,0.6666666666666666,167.6513068017366,5.772632972853675,0.575,1.269035532994924,3.130434782608696
2022-03-06 00:00:00,0,21,2,3,14,2,0,6,4,1,5,1,15.866666666666667,72.0,3.0,7.88,52.5,0.6476190476190476,182.4013068017366,4.1655547498187095,0.525,0.7614213197969544,3.238095238095238
2022-03-06 01:00:00,1,24,1,3,18,1,1,6,6,1,7,1,16.866666666666667,105.0,3.0,7.88,60.0,0.7474747474747475,221.2763068017366,4.197715736040609,0.6,0.7614213197969544,3.083333333333333
2022-03-06 02:00:00,2,25,2,3,17,2,1,6,8,1,9,1,17.866666666666667,151.0,3.0,7.88,62.5,0.8387096774193549,255.86130680173665,4.325634517766498,0.625,0.7614213197969544,3.12
2022-03-06 03:00:00,3,22,1,3,15,2,1,3,9,0,9,0,18.866666666666667,171.0,3.0,7.88,55.00000000000001,0.7204301075268817,254.19800000000004,2.834437009690817,0.55,0.3807106598984772,3.0454545454545454
2022-03-06 04:00:00,4,21,1,2,16,1,1,1,9,0,9,0,19.866666666666667,231.0,3.0,7.88,52.5,0.6881720430107527,257.693,1.986753686246072,0.525,0.1269035532994923,3.0476190476190474
2022-03-06 05:00:00,5,24,1,2,19,1,1,5,9,0,9,0,20.866666666666667,291.0,3.0,7.88,60.0,0.7849462365591398,269.76800000000003,3.754991539763113,0.6,0.6345177664974619,3.0416666666666665
2022-03-06 06:00:00,6,25,1,2,20,1,1,2,9,0,9,0,21.866666666666667,351.0,3.0,7.88,62.5,0.8172043010752689,277.553,2.6715736040609137,0.625,0.2538071065989847,3.04
2022-03-06 07:00:00,7,24,1,2,18,1,2,3,11,0,11,0,22.866666666666667,381.0,3.0,7.88,60.0,0.8160919540229885,307.848,2.9012690355329958,0.6,0.3807106598984772,2.958333333333333
2022-03-06 08:00:00,8,24,1,3,16,2,2,5,12,1,13,1,12.25,393.0,3.0,7.84,60.0,0.8765432098765432,275.63830680173663,3.661692176870748,0.6,0.6377551020408163,2.958333333333333
2022-03-06 09:00:00,9,21,1,4,15,0,1,5,9,1,10,1,13.25,449.5,3.0,7.84,52.5,0.7444444444444445,234.6433068017366,3.7097424684159375,0.525,0.6377551020408163,3.1904761904761907
2022-03-06 10:00:00,10,22,2,2,17,0,1,8,6,1,7,1,14.25,217.0,4.0,11.54,55.00000000000001,0.5303030303030303,202.2283068017366,3.955766503860092,0.55,0.6932409012131716,3.1818181818181817
2022-03-06 11:00:00,11,21,1,1,19,0,0,7,6,0,6,0,12.85,64.0,4.0,11.54,52.5,0.4852941176470588,177.91899999999998,3.556412478336222,0.525,0.6065857885615252,3.142857142857143
2022-03-06 12:00:00,12,15,1,0,14,0,0,3,5,0,5,0,12.716666666666669,94.0,4.0,11.54,37.5,0.3357142857142857,150.897,1.9895580589254769,0.375,0.2599653379549393,3.1333333333333333
2022-03-06 13:00:00,13,17,1,3,12,1,0,7,3,0,3,0,13.716666666666669,144.0,4.0,11.54,42.5,0.3716216216216216,134.027,3.337483433581405,0.425,0.6065857885615252,3.235294117647059
2022-03-06 14:00:00,14,19,0,3,16,0,0,8,2,0,2,0,14.716666666666669,198.0,4.0,11.54,47.5,0.3947368421052631,130.557,3.6891817933047526,0.475,0.6932409012131716,3.1578947368421053
2022-03-06 15:00:00,15,19,0,2,17,0,0,9,1,0,1,0,15.716666666666669,264.0,4.0,11.54,47.5,0.3782051282051282,122.797,3.8967823588433834,0.475,0.7798960138648181,3.1052631578947367
2022-03-06 16:00:00,16,22,0,3,19,0,0,16,6,0,6,0,5.5,14.5,4.0,11.54,55.00000000000001,0.5073529411764706,138.61,6.073511107609894,0.55,1.3864818024263432,3.136363636363636
2022-03-06 17:00:00,17,29,0,3,26,0,0,12,7,0,7,0,6.5,71.0,4.0,11.54,72.5,0.6818181818181818,172.665,5.4771559194406265,0.725,1.0398613518197577,3.103448275862069
2022-03-06 18:00:00,18,27,0,3,21,3,0,9,6,0,6,0,7.5,127.5,4.0,11.54,67.5,0.5955882352941176,160.615,4.364688041594454,0.675,0.7798960138648181,3.0
2022-03-06 19:00:00,19,22,0,4,16,2,0,6,7,0,7,0,8.5,46.0,4.0,11.54,55.00000000000001,0.5151515151515151,168.93,3.307058452812353,0.55,0.5199306759098787,3.090909090909091
2022-03-06 20:00:00,20,24,0,4,16,4,0,10,7,0,7,0,9.5,99.0,4.0,10.5,60.0,0.5454545454545454,178.86,4.657142857142857,0.6,0.9523809523809524,3.0
2022-03-06 21:00:00,21,24,0,1,18,5,0,12,3,0,3,0,10.5,156.0,4.0,10.5,60.0,0.4594594594594595,130.9,4.938095238095238,0.6,1.1428571428571428,2.833333333333333
2022-03-06 22:00:00,22,26,0,1,22,3,0,12,4,0,4,0,11.5,127.5,3.0,6.8,65.0,0.7037037037037037,154.23000000000002,7.058371040723981,0.65,1.7647058823529411,2.923076923076923
2022-03-06 23:00:00,23,18,0,1,15,2,0,5,3,0,3,0,12.5,118.0,3.0,6.8,45.0,0.4774774774774775,129.31,3.490032679738562,0.45,0.7352941176470589,2.9444444444444446
2022-03-07 00:00:00,0,20,0,3,16,1,0,13,3,1,4,1,9.75,118.5,3.0,6.8,50.0,0.5740740740740741,132.3583068017366,7.476470588235295,0.5,1.911764705882353,3.1
2022-03-07 01:00:00,1,15,0,2,13,0,0,3,3,1,4,1,10.75,178.5,3.0,6.8,37.5,0.4351851851851852,127.27330680173662,2.5573529411764704,0.375,0.4411764705882353,3.1333333333333333
2022-03-07 02:00:00,2,17,0,2,14,1,0,3,3,1,4,1,11.75,238.5,3.0,6.8,42.5,0.4814814814814814,137.20330680173663,2.649480968858132,0.425,0.4411764705882353,3.0588235294117645
2022-03-07 03:00:00,3,20,0,2,18,0,0,5,3,1,4,1,12.75,298.5,3.0,6.8,50.0,0.5740740740740741,149.27830680173662,3.8294117647058825,0.5,0.7352941176470589,3.1
2022-03-07 04:00:00,4,13,0,2,11,0,0,1,3,0,3,0,13.75,418.0,3.0,6.8,32.5,0.3693693693693693,125.635,1.4888009049773754,0.325,0.1470588235294117,3.1538461538461537
2022-03-07 05:00:00,5,14,0,2,12,0,0,2,3,0,3,0,14.75,478.0,3.0,6.8,35.0,0.3963963963963964,133.42000000000002,2.02436974789916,0.35,0.2941176470588235,3.142857142857143
2022-03-07 06:00:00,6,14,0,2,12,0,0,2,3,0,3,0,15.75,538.0,3.0,6.8,35.0,0.3963963963963964,139.06,2.02436974789916,0.35,0.2941176470588235,3.142857142857143
2022-03-07 07:00:00,7,14,0,4,10,0,0,4,4,0,4,0,16.75,514.5,3.0,6.8,35.0,0.4259259259259259,158.1,3.082773109243697,0.35,0.5882352941176471,3.2857142857142856
2022-03-07 08:00:00,8,15,0,4,11,0,0,2,4,0,4,0,17.75,574.5,3.0,7.31,37.5,0.4537037037037037,165.885,2.1187528499772,0.375,0.2735978112175102,3.2666666666666666
2022-03-07 09:00:00,9,17,0,6,11,0,0,4,6,0,6,0,18.75,109.0,3.0,7.31,42.5,0.5588235294117647,202.615,3.2597147340468338,0.425,0.5471956224350205,3.3529411764705883
2022-03-07 10:00:00,10,15,1,5,8,1,0,4,5,2,7,2,19.75,76.0,4.0,11.010000000000002,37.5,0.3863636363636363,219.10161360347325,2.5102406902815617,0.375,0.36330608537693,3.4
2022-03-07 11:00:00,11,17,1,3,12,1,0,7,5,1,6,1,20.75,127.5,4.0,11.010000000000002,42.5,0.4044117647058823,214.7633068017366,3.431953571619383,0.425,0.6357856494096276,3.235294117647059
2022-03-07 12:00:00,12,26,0,5,20,1,0,11,9,1,10,1,21.75,75.0,4.0,11.010000000000002,65.0,0.6833333333333333,293.30830680173665,5.200981625096066,0.65,0.9990917347865576,3.1538461538461537
2022-03-07 13:00:00,13,23,0,2,21,0,0,4,7,1,8,1,22.75,107.5,4.0,11.010000000000002,57.49999999999999,0.5546875,265.7133068017366,2.896510089641827,0.575,0.36330608537693,3.0869565217391304
2022-03-07 14:00:00,14,23,0,3,20,0,0,6,8,2,10,2,23.75,158.0,4.0,11.010000000000002,57.49999999999999,0.6,299.0216136034732,3.505959009596019,0.575,0.544959128065395,3.130434782608696
2022-03-07 15:00:00,15,23,0,3,19,1,0,7,7,2,9,2,24.75,214.0,4.0,11.010000000000002,57.49999999999999,0.5725806451612904,291.2616136034733,3.7376426568731977,0.575,0.6357856494096276,3.0869565217391304
2022-03-07 16:00:00,16,23,0,4,18,1,0,7,7,2,9,2,25.75,144.0,4.0,11.010000000000002,57.49999999999999,0.5806451612903226,296.90161360347327,3.790285511195356,0.575,0.6357856494096276,3.130434782608696
2022-03-07 17:00:00,17,22,1,4,16,0,1,6,6,3,9,3,9.25,187.0,4.0,11.010000000000002,55.00000000000001,0.5645161290322581,202.56492040520985,3.4839608620262568,0.55,0.544959128065395,3.1818181818181817
2022-03-07 18:00:00,18,18,1,4,12,0,1,6,4,3,7,3,10.25,247.0,4.0,11.010000000000002,45.0,0.4393939393939394,172.82492040520984,3.205979412655162,0.45,0.544959128065395,3.2222222222222223
2022-03-07 19:00:00,19,15,1,3,9,1,1,4,3,2,5,2,11.25,307.0,4.0,11.010000000000002,37.5,0.3357142857142857,144.36161360347322,2.3133590675143805,0.375,0.36330608537693,3.1333333333333333
2022-03-07 20:00:00,20,16,1,2,12,0,1,5,3,2,5,2,12.25,278.0,4.0,10.61,40.0,0.3571428571428571,152.1466136034732,2.7226672950047126,0.4,0.471253534401508,3.125
2022-03-07 21:00:00,21,12,0,1,10,0,1,3,2,1,3,1,9.35,338.0,4.0,10.61,30.0,0.2364864864864864,99.5423068017366,1.6996936852026387,0.3,0.2827521206409048,2.9166666666666665
2022-03-07 22:00:00,22,13,0,1,11,0,1,9,5,1,6,1,10.35,38.5,3.0,6.91,32.5,0.3725490196078431,147.5273068017366,4.757191361460536,0.325,1.3024602026049203,2.923076923076923
2022-03-07 23:00:00,23,16,0,2,13,0,1,7,5,1,6,1,11.35,98.5,3.0,6.91,40.0,0.4705882352941176,159.60230680173663,4.239073806078148,0.4,1.0130246020260492,3.0
2022-03-08 00:00:00,0,15,1,4,9,0,1,8,5,1,6,1,12.35,141.5,3.0,6.91,37.5,0.4803921568627451,163.0973068017366,5.006958514230584,0.375,1.1577424023154848,3.2666666666666666
2022-03-08 01:00:00,1,14,0,4,9,0,1,5,6,1,7,1,13.35,188.0,3.0,6.91,35.0,0.4444444444444444,179.99230680173662,3.374136861691131,0.35,0.723589001447178,3.142857142857143
2022-03-08 02:00:00,2,13,0,4,8,0,1,2,5,0,5,0,14.35,216.0,3.0,6.91,32.5,0.3904761904761905,155.81900000000002,1.9378353556718244,0.325,0.2894356005788712,3.1538461538461537
2022-03-08 03:00:00,3,13,0,3,9,0,1,4,5,0,5,0,15.35,276.0,3.0,6.91,32.5,0.3809523809523809,161.459,2.7811421574084383,0.325,0.5788712011577424,3.076923076923077
2022-03-08 04:00:00,4,11,0,3,7,0,1,1,5,0,5,0,16.35,336.0,3.0,6.91,27.500000000000004,0.3238095238095238,162.809,1.297309564530983,0.275,0.1447178002894356,3.090909090909091
2022-03-08 05:00:00,5,13,0,3,9,0,1,2,5,0,5,0,17.35,396.0,3.0,6.91,32.5,0.3809523809523809,172.739,1.890571078704219,0.325,0.2894356005788712,3.076923076923077
2022-03-08 06:00:00,6,12,0,3,8,0,1,1,5,0,5,0,18.35,456.0,3.0,6.91,30.0,0.3523809523809524,176.23399999999998,1.3712132175590932,0.3,0.1447178002894356,3.083333333333333
2022-03-08 07:00:00,7,13,0,4,7,1,1,3,5,1,6,1,19.35,480.5,3.0,6.91,32.5,0.392156862745098,198.28730680173663,2.3358566180563285,0.325,0.4341534008683068,3.076923076923077
2022-03-08 08:00:00,8,14,0,4,9,0,1,6,7,1,8,1,20.35,489.0,3.0,6.43,35.0,0.4583333333333333,232.8723068017366,4.032681626305266,0.35,0.9331259720062208,3.142857142857143
2022-03-08 09:00:00,9,18,1,4,12,0,1,9,5,1,6,1,21.35,111.0,3.0,6.43,45.0,0.5686274509803921,220.29230680173663,5.960108864696734,0.45,1.3996889580093312,3.2222222222222223
2022-03-08 10:00:00,10,26,0,5,17,3,1,12,5,2,7,2,22.35,70.0,4.0,10.4,65.0,0.5909090909090909,257.3606136034732,5.411538461538461,0.65,1.1538461538461535,3.0
2022-03-08 11:00:00,11,26,0,5,19,2,0,10,10,2,12,2,23.35,70.0,4.0,10.4,65.0,0.7232142857142857,330.0006136034732,5.020562130177515,0.65,0.9615384615384616,3.1153846153846154
2022-03-08 12:00:00,12,27,0,5,20,2,0,9,13,2,15,2,24.35,106.0,4.0,10.4,67.5,0.84,377.9856136034732,4.792307692307692,0.675,0.8653846153846153,3.111111111111111
2022-03-08 13:00:00,13,31,1,6,22,2,0,8,13,3,16,3,25.35,143.5,4.0,10.4,77.5,1.03125,406.47392040520987,4.9315756823821335,0.775,0.7692307692307692,3.193548387096774
2022-03-08 14:00:00,14,28,0,6,20,2,0,3,12,4,16,4,26.35,184.0,4.0,10.4,70.0,0.9166666666666666,406.5472272069465,3.106593406593406,0.7,0.2884615384615384,3.142857142857143
2022-03-08 15:00:00,15,23,0,4,18,1,0,2,9,3,12,3,27.35,226.0,4.0,10.4,57.49999999999999,0.6428571428571429,346.9939204052098,2.4020066889632106,0.575,0.1923076923076923,3.130434782608696
2022-03-08 16:00:00,16,23,0,4,17,2,0,6,7,3,10,3,28.35,286.0,4.0,10.4,57.49999999999999,0.5916666666666667,325.8339204052098,3.555936454849498,0.575,0.5769230769230769,3.0869565217391304
2022-03-08 17:00:00,17,19,0,4,13,2,0,4,7,2,9,2,29.35,326.0,4.0,10.4,47.5,0.4758064516129032,308.6256136034732,2.669331983805668,0.475,0.3846153846153846,3.1052631578947367
2022-03-08 18:00:00,18,20,0,5,13,2,0,7,5,2,7,2,30.35,214.0,4.0,10.4,50.0,0.4772727272727273,289.6106136034732,3.695192307692307,0.5,0.673076923076923,3.15
2022-03-08 19:00:00,19,13,0,3,8,2,0,1,2,0,2,0,9.966666666666669,119.5,4.0,10.4,32.5,0.2631578947368421,90.897,1.2958579881656809,0.325,0.0961538461538461,3.076923076923077
2022-03-08 20:00:00,20,19,0,2,15,2,0,7,2,0,2,0,10.966666666666669,115.0,4.0,12.26,47.5,0.375,109.40699999999998,3.137887438825449,0.475,0.5709624796084829,3.0
2022-03-08 21:00:00,21,19,0,1,15,2,1,5,2,0,2,0,11.966666666666669,72.5,4.0,12.26,47.5,0.3552631578947368,115.04699999999995,2.509096763114965,0.475,0.4078303425774878,2.8421052631578947
2022-03-08 22:00:00,22,18,0,2,13,2,1,6,3,0,3,0,12.966666666666669,97.0,3.0,8.29,45.0,0.4684684684684684,131.942,3.390872537193406,0.45,0.7237635705669482,2.888888888888889
2022-03-08 23:00:00,23,20,0,1,17,1,1,8,5,0,5,0,13.966666666666669,84.0,3.0,8.29,50.0,0.5523809523809524,168.672,4.248552472858866,0.5,0.9650180940892644,2.9
2022-03-09 00:00:00,0,16,0,1,14,0,1,5,6,0,6,0,14.966666666666669,124.5,3.0,8.29,40.0,0.4607843137254901,179.132,2.946712907117009,0.4,0.6031363088057902,2.9375
2022-03-09 01:00:00,1,17,0,1,14,1,1,5,6,0,6,0,15.966666666666669,184.5,3.0,8.29,42.5,0.4803921568627451,186.917,2.9634517136166894,0.425,0.6031363088057902,2.8823529411764706
2022-03-09 02:00:00,2,22,2,1,18,0,1,6,7,0,7,0,16.966666666666665,225.0,3.0,8.29,55.00000000000001,0.696969696969697,216.682,3.9949857440508825,0.55,0.7237635705669482,3.136363636363636
2022-03-09 03:00:00,3,25,2,3,19,0,1,6,8,0,8,0,17.966666666666665,266.5,3.0,8.29,62.5,0.8333333333333334,242.157,4.316043425814235,0.625,0.7237635705669482,3.2
2022-03-09 04:00:00,4,22,1,3,17,0,1,2,8,0,8,0,18.966666666666665,326.5,3.0,8.29,55.00000000000001,0.71875,241.362,2.4816619146836274,0.55,0.241254523522316,3.136363636363636
2022-03-09 05:00:00,5,19,1,3,14,0,1,0,8,0,8,0,19.966666666666665,386.5,3.0,8.29,47.5,0.625,240.56699999999995,1.5,0.475,0.0,3.1578947368421053
2022-03-09 06:00:00,6,17,1,3,12,0,1,0,8,0,8,0,20.966666666666665,446.5,3.0,8.29,42.5,0.5625,241.917,1.35,0.425,0.0,3.176470588235294
2022-03-09 07:00:00,7,19,1,3,14,0,1,4,10,0,10,0,21.966666666666665,481.0,3.0,8.29,47.5,0.6666666666666666,278.647,3.023712780140944,0.475,0.4825090470446321,3.1578947368421053
2022-03-09 08:00:00,8,19,1,4,13,0,1,6,10,0,10,0,22.966666666666665,474.5,3.0,6.35,47.5,0.6777777777777778,284.287,4.558568172399504,0.475,0.9448818897637796,3.210526315789474
2022-03-09 09:00:00,9,20,1,4,14,0,1,3,10,0,10,0,23.966666666666665,259.0,3.0,6.35,50.0,0.7111111111111111,292.072,3.111811023622048,0.5,0.4724409448818898,3.2
2022-03-09 10:00:00,10,26,1,5,19,0,1,8,10,0,10,0,24.966666666666665,206.5,4.0,9.6,65.0,0.6916666666666667,310.582,4.735256410256411,0.65,0.8333333333333334,3.1923076923076925
2022-03-09 11:00:00,11,30,1,9,20,0,0,10,12,1,13,1,25.966666666666665,123.0,4.0,9.6,75.0,0.9351851851851852,365.87030680173655,6.031944444444445,0.75,1.0416666666666667,3.3666666666666667
2022-03-09 12:00:00,12,34,2,8,22,2,0,10,9,2,11,2,24.966666666666665,114.0,4.0,9.6,85.0,0.9655172413793104,342.87861360347324,6.231372549019607,0.85,1.0416666666666667,3.294117647058824
2022-03-09 13:00:00,13,28,2,4,21,1,0,5,8,2,10,2,25.966666666666665,165.5,4.0,9.6,70.0,0.7583333333333333,322.2486136034732,3.967708333333333,0.7,0.5208333333333334,3.25
2022-03-09 14:00:00,14,28,2,5,20,1,0,7,9,1,10,1,26.966666666666665,206.5,4.0,9.6,70.0,0.7666666666666667,327.0203068017366,4.695833333333333,0.7,0.7291666666666667,3.2857142857142856
2022-03-09 15:00:00,15,22,1,3,17,1,0,5,7,0,7,0,27.966666666666665,277.0,4.0,9.6,55.00000000000001,0.5303030303030303,278.722,3.4071969696969693,0.55,0.5208333333333334,3.1818181818181817
2022-03-09 16:00:00,16,20,0,5,15,0,0,6,7,2,9,2,28.966666666666665,39.0,4.0,9.6,50.0,0.5241935483870968,308.60861360347326,3.65625,0.5,0.625,3.25
2022-03-09 17:00:00,17,26,0,6,19,1,0,9,8,2,10,2,29.966666666666665,77.5,4.0,9.6,65.0,0.6916666666666667,340.5186136034732,5.067788461538462,0.65,0.9375,3.1923076923076925
2022-03-09 18:00:00,18,20,0,4,14,2,0,4,8,1,9,1,30.966666666666665,131.0,4.0,9.6,50.0,0.5,319.02030680173664,2.841666666666667,0.5,0.4166666666666667,3.1
2022-03-09 19:00:00,19,20,0,5,14,1,0,5,5,1,6,1,31.966666666666665,193.0,4.0,9.6,50.0,0.4705882352941176,284.4603068017366,3.2666666666666675,0.5,0.5208333333333334,3.2
2022-03-09 20:00:00,20,23,0,6,15,2,0,9,5,2,7,2,32.96666666666667,242.0,4.0,11.13,57.49999999999999,0.553030303030303,310.8036136034732,4.391506504160319,0.575,0.8086253369272238,3.1739130434782608
2022-03-09 21:00:00,21,24,0,5,18,1,0,9,5,2,7,2,11.2,105.0,4.0,11.13,60.0,0.5757575757575758,190.1846136034732,4.460646900269541,0.6,0.8086253369272238,3.1666666666666665
2022-03-09 22:00:00,22,26,0,6,20,0,0,8,5,2,7,2,12.2,97.0,3.0,7.88,65.0,0.8484848484848485,200.11461360347323,5.379968762202265,0.65,1.015228426395939,3.230769230769231
2022-03-09 23:00:00,23,21,0,5,15,1,0,5,4,1,5,1,13.2,140.0,3.0,7.88,52.5,0.638095238095238,167.3613068017366,3.699413826444284,0.525,0.6345177664974619,3.1904761904761907
2022-03-10 00:00:00,0,17,0,3,13,1,0,2,4,1,5,1,14.2,200.0,3.0,7.88,42.5,0.5047619047619047,164.4213068017366,2.1162809793968345,0.425,0.2538071065989847,3.117647058823529
2022-03-10 01:00:00,1,16,0,3,13,0,0,4,4,1,5,1,15.2,260.0,3.0,7.88,40.0,0.4857142857142857,167.9163068017366,2.893020304568528,0.4,0.5076142131979695,3.1875
2022-03-10 02:00:00,2,13,0,3,10,0,0,4,4,0,4,0,16.2,300.5,3.0,7.88,32.5,0.3888888888888889,152.853,2.6899843811011324,0.325,0.5076142131979695,3.230769230769231
2022-03-10 03:00:00,3,13,1,2,10,0,0,3,4,1,5,1,17.2,341.0,3.0,7.88,32.5,0.4095238095238095,172.76130680173662,2.3342737212026554,0.325,0.3807106598984772,3.3076923076923075
2022-03-10 04:00:00,4,12,1,2,9,0,0,0,4,1,5,1,18.2,401.0,3.0,7.88,30.0,0.3809523809523809,176.2563068017366,1.0,0.3,0.0,3.333333333333333
2022-03-10 05:00:00,5,13,1,2,10,0,0,1,4,1,5,1,19.2,461.0,3.0,7.88,32.5,0.4095238095238095,184.0413068017366,1.4947579070675516,0.325,0.1269035532994923,3.3076923076923075
2022-03-10 06:00:00,6,12,0,2,10,0,0,1,4,0,4,0,20.2,540.5,3.0,7.88,30.0,0.3518518518518518,173.26799999999997,1.351861252115059,0.3,0.1269035532994923,3.1666666666666665
2022-03-10 07:00:00,7,11,0,1,10,0,0,2,4,0,4,0,21.2,600.5,3.0,7.88,27.500000000000004,0.3148148148148148,176.76299999999998,1.6344946931241346,0.275,0.2538071065989847,3.090909090909091
2022-03-10 08:00:00,8,11,0,2,9,0,0,2,5,0,5,0,22.2,641.0,3.0,6.13,27.500000000000004,0.3333333333333333,195.803,1.9131135992881507,0.275,0.3262642740619902,3.1818181818181817
2022-03-10 09:00:00,9,18,2,2,14,0,0,12,6,1,7,1,23.2,56.0,3.0,6.13,45.0,0.6060606060606061,244.12630680173663,8.025285481239804,0.45,1.9575856443719413,3.333333333333333
2022-03-10 10:00:00,10,23,2,5,16,0,0,12,11,1,12,1,24.2,89.5,4.0,9.47,57.49999999999999,0.6964285714285714,327.49130680173664,6.24732335521785,0.575,1.2671594508975714,3.391304347826087
2022-03-10 11:00:00,11,25,1,5,19,0,0,10,14,2,16,2,25.2,79.0,4.0,9.47,62.5,0.8541666666666666,391.8896136034732,5.513569165786695,0.625,1.0559662090813096,3.28
2022-03-10 12:00:00,12,26,1,2,23,0,0,8,16,2,18,2,13.816666666666666,103.0,4.0,9.47,65.0,0.9318181818181818,356.6326136034732,4.714283973682073,0.65,0.8447729672650476,3.1538461538461537
2022-03-10 13:00:00,13,29,1,3,25,0,0,10,14,2,16,2,14.816666666666666,132.0,4.0,9.47,72.5,0.9583333333333334,341.9076136034732,5.649961766740706,0.725,1.0559662090813096,3.1724137931034484
2022-03-10 14:00:00,14,30,0,3,26,1,0,6,13,1,14,1,15.816666666666666,192.0,4.0,9.47,75.0,0.8846153846153846,322.02430680173654,4.24297782470961,0.75,0.6335797254487857,3.066666666666667
2022-03-10 15:00:00,15,30,1,4,24,1,0,6,16,1,17,1,16.816666666666666,235.0,4.0,9.47,75.0,1.0326086956521738,367.86430680173663,4.381335797254487,0.75,0.6335797254487857,3.1666666666666665
2022-03-10 16:00:00,16,25,3,5,15,2,0,10,10,3,13,3,17.816666666666666,190.0,4.0,9.47,62.5,0.7777777777777778,310.9159204052098,5.6480464625132,0.625,1.0559662090813096,3.36
2022-03-10 17:00:00,17,22,3,4,12,3,0,5,10,3,13,3,18.816666666666663,250.0,4.0,9.47,55.00000000000001,0.6759259259259259,310.12092040520986,3.576943937793992,0.55,0.5279831045406548,3.3181818181818183
2022-03-10 18:00:00,18,20,2,5,11,2,0,4,9,2,11,2,9.933333333333334,310.0,4.0,9.47,50.0,0.5775862068965517,228.06061360347323,3.0899947201689546,0.5,0.4223864836325238,3.35
2022-03-10 19:00:00,19,16,1,6,8,1,0,4,7,2,9,2,10.933333333333334,131.0,4.0,9.47,40.0,0.4435483870967742,198.3206136034732,2.826953537486801,0.4,0.4223864836325238,3.4375
2022-03-10 20:00:00,20,19,1,4,12,2,0,8,8,2,10,2,11.933333333333334,135.0,4.0,10.53,47.5,0.5083333333333333,223.79561360347324,3.964146298795422,0.475,0.7597340930674265,3.210526315789474
2022-03-10 21:00:00,21,17,0,3,11,3,0,8,5,0,5,0,7.533333333333333,104.0,4.0,10.53,42.5,0.3642857142857142,125.953,3.554202279202279,0.425,0.7597340930674265,3.0
2022-03-10 22:00:00,22,17,0,3,11,3,0,8,5,0,5,0,8.533333333333333,164.0,3.0,7.19,42.5,0.4857142857142857,131.59300000000002,4.612969401947149,0.425,1.1126564673157164,3.0
2022-03-10 23:00:00,23,22,0,4,15,3,0,8,5,0,5,0,9.533333333333331,224.0,3.0,7.19,55.00000000000001,0.638095238095238,147.958,5.063544695916046,0.55,1.1126564673157164,3.0454545454545454
2022-03-11 00:00:00,0,26,0,5,16,4,1,8,6,0,6,0,10.533333333333331,258.5,3.0,7.19,65.0,0.7549019607843137,175.578,5.220174922435007,0.65,1.1126564673157164,2.9615384615384617
2022-03-11 01:00:00,1,26,0,6,16,3,1,6,6,0,6,0,11.533333333333331,318.5,3.0,7.19,65.0,0.7745098039215687,181.218,4.510572911094469,0.65,0.8344923504867873,3.0384615384615383
2022-03-11 02:00:00,2,21,0,7,10,3,1,2,6,0,6,0,12.533333333333331,378.5,3.0,7.19,52.5,0.6372549019607843,176.133,2.485984171137162,0.525,0.2781641168289291,3.095238095238096
2022-03-11 03:00:00,3,22,0,6,12,3,1,6,4,0,4,0,13.533333333333331,463.5,3.0,7.19,55.00000000000001,0.6203703703703703,157.118,4.216408521937034,0.55,0.8344923504867873,3.0454545454545454
2022-03-11 04:00:00,4,17,0,5,9,2,1,3,4,0,4,0,14.533333333333331,523.5,3.0,7.19,42.5,0.4814814814814814,152.033,2.576282418391557,0.425,0.4172461752433936,3.0588235294117645
2022-03-11 05:00:00,5,18,0,5,10,2,1,2,4,0,4,0,15.533333333333331,583.5,3.0,7.19,45.0,0.5092592592592593,159.81799999999998,2.224945912532839,0.45,0.2781641168289291,3.055555555555556
2022-03-11 06:00:00,6,16,0,4,9,2,1,0,4,0,4,0,16.533333333333335,643.5,3.0,7.19,40.0,0.4444444444444444,161.168,1.2000000000000002,0.4,0.0,3.0
2022-03-11 07:00:00,7,16,0,3,10,2,1,2,4,0,4,0,17.533333333333335,703.5,3.0,7.19,40.0,0.4351851851851852,166.808,1.99210709318498,0.4,0.2781641168289291,2.9375
2022-03-11 08:00:00,8,19,0,3,13,2,1,5,4,0,4,0,18.53333333333333,763.5,3.0,7.73,47.5,0.5185185185185185,178.88299999999998,3.306447879076734,0.475,0.6468305304010349,2.9473684210526314
2022-03-11 09:00:00,9,18,0,3,13,1,1,3,4,0,4,0,14.683333333333334,823.5,3.0,7.73,45.0,0.5,155.024,2.514294954721863,0.45,0.3880983182406209,3.0
2022-03-11 10:00:00,10,17,0,5,11,0,1,5,3,0,3,0,15.683333333333334,833.0,4.0,10.98,42.5,0.3648648648648648,145.11899999999997,2.796480231436837,0.425,0.4553734061930783,3.176470588235294
2022-03-11 11:00:00,11,21,2,5,13,1,0,12,5,1,6,1,14.883333333333333,41.0,4.0,10.98,52.5,0.5220588235294118,190.2553068017366,5.47002992453812,0.525,1.092896174863388,3.380952380952381
2022-03-11 12:00:00,12,19,2,7,9,1,0,6,6,1,7,1,13.8,76.0,4.0,10.98,47.5,0.5075757575757576,193.2553068017366,3.601948518838078,0.475,0.5464480874316939,3.526315789473684
2022-03-11 13:00:00,13,16,1,7,8,0,0,3,4,0,4,0,3.566666666666667,106.5,4.0,10.98,40.0,0.3958333333333333,88.036,2.398360655737705,0.4,0.2732240437158469,3.5625
2022-03-11 14:00:00,14,21,1,6,14,0,0,7,3,0,3,0,4.566666666666666,150.0,4.0,10.98,52.5,0.4797297297297297,91.001,3.9304341226472377,0.525,0.6375227686703097,3.380952380952381
2022-03-11 15:00:00,15,19,1,6,12,0,0,6,3,0,3,0,5.566666666666666,206.0,4.0,10.98,47.5,0.4391891891891892,92.351,3.4944276675294788,0.475,0.5464480874316939,3.421052631578948
2022-03-11 16:00:00,16,20,2,4,13,1,0,7,3,1,4,1,5.466666666666667,72.0,4.0,10.98,50.0,0.4652777777777778,108.20030680173662,3.810701275045538,0.5,0.6375227686703097,3.35
2022-03-11 17:00:00,17,17,2,3,11,1,0,5,4,1,5,1,6.4,113.0,4.0,10.98,42.5,0.4071428571428571,120.4293068017366,2.951840244294439,0.425,0.4553734061930783,3.3529411764705883
2022-03-11 18:00:00,18,14,1,1,11,1,0,6,2,1,3,1,7.4,157.0,4.0,10.98,35.0,0.2972972972972973,92.8343068017366,2.817408274785324,0.35,0.5464480874316939,3.142857142857143
2022-03-11 19:00:00,19,15,0,2,12,1,0,8,3,0,3,0,8.4,34.0,4.0,10.98,37.5,0.3108108108108108,99.751,3.384365513054038,0.375,0.7285974499089253,3.066666666666667
2022-03-11 20:00:00,20,13,0,1,11,1,0,6,2,0,2,0,7.483333333333333,48.5,4.0,11.09,32.5,0.2565789473684211,76.89099999999999,2.598083859332732,0.325,0.5410279531109108,3.0
2022-03-11 21:00:00,21,19,0,1,16,1,1,11,2,1,3,1,8.483333333333333,12.0,4.0,11.09,47.5,0.3716216216216216,109.66930680173658,4.246244838878079,0.475,0.9918845807033364,2.8947368421052637
2022-03-11 22:00:00,22,21,0,1,15,4,1,11,4,1,5,1,9.483333333333333,61.0,3.0,7.84,52.5,0.5523809523809524,146.3993068017366,5.325121477162294,0.525,1.403061224489796,2.761904761904762
2022-03-11 23:00:00,23,16,0,3,11,1,1,5,7,1,8,1,8.216666666666667,80.5,3.0,7.84,40.0,0.5,168.73030680173662,3.1132653061224493,0.4,0.6377551020408163,3.0
2022-03-12 00:00:00,0,19,2,3,12,1,1,8,9,2,11,2,9.216666666666669,101.0,3.0,7.84,47.5,0.7011494252873564,221.8736136034732,4.801047261009667,0.475,1.020408163265306,3.210526315789474
2022-03-12 01:00:00,1,14,1,3,8,1,1,1,8,1,9,1,6.433333333333334,164.0,3.0,7.84,35.0,0.4731182795698925,167.7823068017366,1.500874635568513,0.35,0.1275510204081632,3.142857142857143
2022-03-12 02:00:00,2,14,1,3,8,1,1,4,8,1,9,1,7.433333333333334,224.0,3.0,7.84,35.0,0.4731182795698925,173.42230680173662,2.7034985422740525,0.35,0.5102040816326531,3.142857142857143
2022-03-12 03:00:00,3,15,0,4,8,1,2,5,8,0,8,0,8.433333333333334,298.5,3.0,7.84,37.5,0.4583333333333333,166.939,2.970748299319728,0.375,0.6377551020408163,2.933333333333333
2022-03-12 04:00:00,4,13,0,2,9,1,1,4,8,0,8,0,8.05,358.5,3.0,7.84,32.5,0.3958333333333333,160.48700000000002,2.4413657770800627,0.325,0.5102040816326531,2.923076923076923
2022-03-12 05:00:00,5,10,0,2,6,1,1,0,8,0,8,0,9.05,418.5,3.0,7.84,25.0,0.3020833333333333,159.692,0.725,0.25,0.0,2.9
2022-03-12 06:00:00,6,11,0,2,7,1,1,2,8,0,8,0,10.05,478.5,3.0,7.84,27.500000000000004,0.3333333333333333,167.47700000000003,1.542115027829314,0.275,0.2551020408163265,2.909090909090909
2022-03-12 07:00:00,7,9,0,2,5,1,1,0,8,0,8,0,11.05,538.5,3.0,7.84,22.5,0.2708333333333333,168.827,0.65,0.225,0.0,2.888888888888889
2022-03-12 08:00:00,8,14,0,4,8,1,1,5,8,1,9,1,12.05,584.0,3.0,6.13,35.0,0.4623655913978494,199.46030680173664,3.5802435329759965,0.35,0.8156606851549756,3.071428571428572
2022-03-12 09:00:00,9,14,0,4,9,0,1,6,7,2,9,2,13.05,73.0,3.0,6.13,35.0,0.4731182795698925,205.96861360347324,4.176206012584479,0.35,0.9787928221859706,3.142857142857143
2022-03-12 10:00:00,10,20,0,5,14,0,1,10,8,1,9,1,13.2,87.0,4.0,9.83,50.0,0.5080645161290323,218.81630680173663,4.779476093591048,0.5,1.017293997965412,3.15
2022-03-12 11:00:00,11,30,0,6,22,1,1,13,11,1,12,1,14.2,74.5,4.0,9.83,75.0,0.8303571428571429,286.10630680173665,6.4246948118006095,0.75,1.3224821973550356,3.1
2022-03-12 12:00:00,12,35,0,4,30,1,0,9,12,0,12,0,4.85,88.5,4.0,9.83,87.5,0.9642857142857144,243.229,5.525170760063944,0.875,0.9155645981688708,3.085714285714286
2022-03-12 13:00:00,13,36,0,5,29,2,0,6,13,0,13,0,5.85,116.0,4.0,9.83,90.0,1.0277777777777777,264.414,4.6569938962360125,0.9,0.6103763987792472,3.083333333333333
2022-03-12 14:00:00,14,35,0,5,28,2,0,7,11,0,11,0,6.85,124.0,4.0,9.83,87.5,0.9310344827586208,241.10900000000004,4.89735503560529,0.875,0.7121057985757884,3.085714285714286
2022-03-12 15:00:00,15,33,0,4,27,2,0,9,9,0,9,0,7.816666666666666,205.0,4.0,9.83,82.5,0.8145161290322581,215.471,5.327182558031999,0.825,0.9155645981688708,3.060606060606061
2022-03-12 16:00:00,16,36,0,6,27,2,1,12,8,3,11,3,8.816666666666666,154.0,4.0,9.83,90.0,0.9482758620689656,256.95092040520984,6.480077992539844,0.9,1.2207527975584944,3.055555555555556
2022-03-12 17:00:00,17,33,0,4,22,6,1,13,9,3,12,3,9.816666666666666,150.5,4.0,9.83,82.5,0.8482142857142857,269.55592040520986,6.182145719658436,0.825,1.3224821973550356,2.878787878787879
2022-03-12 18:00:00,18,29,0,4,20,5,0,9,8,2,10,2,10.816666666666666,155.0,4.0,9.83,72.5,0.7166666666666667,238.9476136034732,4.8651226014663065,0.725,0.9155645981688708,2.9655172413793105
2022-03-12 19:00:00,19,28,0,6,18,3,1,11,9,1,10,1,11.816666666666666,95.0,4.0,9.83,70.0,0.7083333333333334,241.5743068017366,5.5220353146345005,0.7,1.1190233977619533,3.0357142857142856
2022-03-12 20:00:00,20,29,1,6,20,2,0,7,8,0,8,0,12.816666666666666,121.5,4.0,10.93,72.5,0.7265625,221.691,4.3788221282771245,0.725,0.6404391582799634,3.206896551724138
2022-03-12 21:00:00,21,33,0,5,20,8,0,12,10,0,10,0,13.816666666666666,151.5,4.0,10.93,82.5,0.8,262.711,5.593878399733844,0.825,1.0978956999085088,2.909090909090909
2022-03-12 22:00:00,22,26,0,1,20,5,0,8,6,0,6,0,14.816666666666666,156.0,3.0,7.23,65.0,0.7254901960784313,199.736,4.99927119906373,0.65,1.106500691562932,2.8461538461538463
2022-03-12 23:00:00,23,24,1,1,16,6,0,9,3,0,3,0,15.816666666666666,178.0,3.0,7.23,60.0,0.6216216216216216,160.886,5.303838174273859,0.6,1.2448132780082988,2.875
2022-03-13 00:00:00,0,27,1,2,20,4,0,12,6,0,6,0,16.816666666666666,105.5,3.0,7.23,67.5,0.7941176470588235,213.161,7.0042531120331954,0.675,1.6597510373443982,3.0
2022-03-13 01:00:00,1,27,1,2,20,4,0,4,7,0,7,0,17.816666666666666,87.0,3.0,7.23,67.5,0.8181818181818182,232.201,3.684751037344399,0.675,0.553250345781466,3.0
2022-03-13 02:00:00,2,24,1,1,18,4,0,3,7,0,7,0,18.816666666666663,147.0,3.0,7.23,60.0,0.7171717171717171,231.406,3.002524204702628,0.6,0.4149377593360995,2.958333333333333
2022-03-13 03:00:00,3,25,1,2,17,5,0,5,7,2,9,2,19.816666666666663,182.0,3.0,7.23,62.5,0.7956989247311828,267.72761360347323,3.897026279391425,0.625,0.6915629322268326,2.96
2022-03-13 04:00:00,4,23,1,3,16,3,0,2,7,2,9,2,20.816666666666663,242.0,3.0,7.23,57.49999999999999,0.7634408602150538,269.07761360347325,2.6289298815322626,0.575,0.276625172890733,3.0869565217391304
2022-03-13 05:00:00,5,19,1,2,13,3,0,0,7,0,7,0,21.816666666666663,327.0,3.0,7.23,47.5,0.5858585858585859,237.601,1.45,0.475,0.0,3.0526315789473686
2022-03-13 06:00:00,6,22,1,2,16,3,0,3,9,0,9,0,22.816666666666663,362.0,3.0,7.23,55.00000000000001,0.7204301075268817,276.476,2.938674085250849,0.55,0.4149377593360995,3.0454545454545454
2022-03-13 07:00:00,7,23,1,2,17,3,0,3,9,0,9,0,23.816666666666663,422.0,3.0,7.23,57.49999999999999,0.7526881720430108,284.261,3.0128540501533467,0.575,0.4149377593360995,3.0434782608695654
2022-03-13 08:00:00,8,23,1,2,18,2,0,3,10,0,10,0,24.816666666666663,480.5,3.0,6.43,57.49999999999999,0.7888888888888889,303.301,3.215259652444384,0.575,0.4665629860031104,3.0869565217391304
2022-03-13 09:00:00,9,24,1,2,19,2,0,8,8,0,8,0,25.816666666666663,466.0,3.0,6.43,60.0,0.7708333333333334,284.286,5.686184551581131,0.6,1.244167962674961,3.083333333333333
2022-03-13 10:00:00,10,24,1,3,17,3,0,10,8,0,8,0,14.216666666666669,209.5,4.0,9.68,60.0,0.578125,218.862,5.0352617079889805,0.6,1.0330578512396695,3.083333333333333
2022-03-13 11:00:00,11,22,0,5,14,3,0,5,7,2,9,2,15.216666666666669,113.0,4.0,9.68,55.00000000000001,0.5483870967741935,235.34861360347324,3.296543951915853,0.55,0.5165289256198348,3.090909090909091
2022-03-13 12:00:00,12,25,1,10,12,2,0,11,8,4,12,4,14.883333333333333,45.5,4.0,9.68,62.5,0.7589285714285714,281.84022720694645,5.988636363636364,0.625,1.1363636363636365,3.4
2022-03-13 13:00:00,13,29,1,12,13,3,0,11,8,5,13,5,4.566666666666666,85.0,4.0,9.68,72.5,0.9074074074074074,246.50253400868309,6.2901253918495295,0.725,1.1363636363636365,3.3793103448275863
2022-03-13 14:00:00,14,33,1,11,18,3,0,9,9,6,15,6,5.516666666666667,141.0,4.0,9.68,82.5,1.09,288.1088408104196,5.7959992486852,0.825,0.9297520661157024,3.303030303030303
2022-03-13 15:00:00,15,31,1,9,20,1,0,8,9,4,13,4,6.133333333333334,183.0,4.0,9.68,77.5,0.9537037037037036,258.76022720694647,5.32093441748867,0.775,0.8264462809917356,3.3225806451612905
2022-03-13 16:00:00,16,40,1,10,28,1,0,14,10,4,14,4,7.133333333333334,207.5,4.0,9.68,100.0,1.2596153846153846,297.10522720694644,8.011570247933884,1.0,1.4462809917355373,3.275
2022-03-13 17:00:00,17,31,1,8,21,1,0,2,9,2,11,2,8.133333333333333,282.0,4.0,9.68,77.5,0.8793103448275862,241.50361360347324,3.229818715009331,0.775,0.2066115702479339,3.290322580645161
2022-03-13 18:00:00,18,30,0,8,21,1,0,10,7,1,8,1,9.133333333333333,210.5,4.0,9.68,75.0,0.7578125,203.9303068017366,5.765220385674931,0.75,1.0330578512396695,3.2333333333333334
2022-03-13 19:00:00,19,30,0,7,22,1,0,9,7,1,8,1,10.133333333333333,159.0,4.0,9.68,75.0,0.75,209.5703068017366,5.375206611570248,0.75,0.9297520661157024,3.2
2022-03-13 20:00:00,20,32,0,5,26,1,0,13,11,0,11,0,11.133333333333333,111.0,4.0,9.85,80.0,0.8620689655172413,258.832,6.624365482233502,0.8,1.3197969543147208,3.125
2022-03-13 21:00:00,21,35,0,4,29,2,0,10,9,0,9,0,12.133333333333333,90.0,4.0,9.85,87.5,0.8629032258064516,244.107,5.778698332124727,0.875,1.015228426395939,3.057142857142857
2022-03-13 22:00:00,22,27,0,3,23,1,0,9,6,1,7,1,13.133333333333333,110.0,3.0,6.6,67.5,0.8383838383838383,206.65530680173663,6.266919191919193,0.675,1.3636363636363638,3.074074074074074
2022-03-13 23:00:00,23,28,0,3,24,1,0,6,6,1,7,1,14.133333333333333,98.0,3.0,6.6,70.0,0.8686868686868687,214.4403068017366,4.9422077922077925,0.7,0.9090909090909092,3.071428571428572
2022-03-14 00:00:00,0,24,1,4,18,1,0,6,6,2,8,2,15.133333333333333,117.0,3.0,6.6,60.0,0.8020833333333334,225.76861360347323,4.841666666666668,0.6,0.9090909090909092,3.208333333333333
2022-03-14 01:00:00,1,23,0,5,16,2,0,5,6,2,8,2,16.133333333333333,177.0,3.0,6.6,57.49999999999999,0.75,229.2636136034732,4.171541501976285,0.575,0.7575757575757576,3.130434782608696
2022-03-14 02:00:00,2,23,0,4,17,2,0,4,7,1,8,1,17.133333333333333,237.0,3.0,6.6,57.49999999999999,0.7395833333333334,234.03530680173665,3.645882740447958,0.575,0.6060606060606061,3.0869565217391304
2022-03-14 03:00:00,3,21,0,4,15,2,0,1,7,1,8,1,18.133333333333333,297.0,3.0,6.6,52.5,0.6770833333333334,235.38530680173665,2.093975468975469,0.525,0.1515151515151515,3.095238095238096
2022-03-14 04:00:00,4,23,0,4,16,3,0,4,7,1,8,1,19.133333333333333,357.0,3.0,6.6,57.49999999999999,0.7291666666666666,245.3153068017366,3.5945322793148886,0.575,0.6060606060606061,3.0434782608695654
2022-03-14 05:00:00,5,26,0,4,18,4,0,5,10,1,11,1,20.133333333333333,330.0,3.0,6.6,65.0,0.896551724137931,297.5903068017366,4.222727272727273,0.65,0.7575757575757576,3.0
2022-03-14 06:00:00,6,23,0,3,16,4,0,0,9,1,10,1,21.133333333333333,430.5,3.0,6.6,57.49999999999999,0.7555555555555555,283.3953068017366,1.6999999999999995,0.575,0.0,2.9565217391304346
2022-03-14 07:00:00,7,29,0,4,22,3,0,9,12,1,13,1,22.133333333333333,362.0,3.0,6.6,72.5,1.0864197530864197,342.1053068017366,6.337931034482759,0.725,1.3636363636363638,3.034482758620689
2022-03-14 08:00:00,8,33,0,4,27,2,0,6,12,1,13,1,23.133333333333333,422.0,3.0,6.77,82.5,1.2469135802469136,356.3253068017366,5.237501678528266,0.825,0.8862629246676514,3.060606060606061
2022-03-14 09:00:00,9,36,1,6,27,2,0,10,13,1,14,1,24.133333333333333,256.5,3.0,6.77,90.0,1.4615384615384617,381.8003068017366,7.527498769079272,0.9,1.4771048744460855,3.1666666666666665
2022-03-14 10:00:00,10,32,1,8,21,2,0,10,10,1,11,1,25.133333333333333,192.0,4.0,10.02,80.0,0.896551724137931,338.6603068017366,5.8435129740518965,0.8,0.998003992015968,3.25
2022-03-14 11:00:00,11,28,0,8,19,0,1,10,13,0,13,0,26.133333333333333,129.0,4.0,10.02,70.0,0.8333333333333334,361.652,5.45786997433704,0.7,0.998003992015968,3.2142857142857144
2022-03-14 12:00:00,12,24,0,9,15,0,0,7,13,0,13,0,12.5,144.0,4.0,10.02,60.0,0.75,276.18,4.382784431137724,0.6,0.6986027944111777,3.375
2022-03-14 13:00:00,13,25,0,6,19,0,0,5,12,0,12,0,11.8,181.0,4.0,10.02,62.5,0.7232142857142857,260.97700000000003,3.6417664670658687,0.625,0.499001996007984,3.24
2022-03-14 14:00:00,14,31,0,6,25,0,0,10,11,0,11,0,12.8,218.0,4.0,10.02,77.5,0.853448275862069,266.087,5.662174039018737,0.775,0.998003992015968,3.193548387096774
2022-03-14 15:00:00,15,30,0,6,24,0,0,9,9,0,9,0,13.8,241.0,4.0,10.02,75.0,0.7741935483870968,242.782,5.274251497005989,0.75,0.8982035928143713,3.2
2022-03-14 16:00:00,16,27,1,8,18,0,0,8,9,1,10,1,14.8,187.5,4.0,10.02,67.5,0.7583333333333333,256.2553068017366,4.965914467361573,0.675,0.7984031936127745,3.3703703703703702
2022-03-14 17:00:00,17,28,1,9,17,1,0,7,9,3,12,3,15.8,99.0,4.0,10.02,70.0,0.8392857142857143,292.5769204052099,4.695309381237525,0.7,0.6986027944111777,3.357142857142857
2022-03-14 18:00:00,18,26,1,6,19,0,0,5,11,2,13,2,16.8,132.0,4.0,10.02,65.0,0.7962962962962963,306.4586136034732,3.800545063718716,0.65,0.499001996007984,3.3076923076923075
2022-03-14 19:00:00,19,21,1,6,14,0,0,5,9,2,11,2,11.466666666666669,144.0,4.0,10.02,52.5,0.6120689655172413,238.8536136034733,3.462101986503184,0.525,0.499001996007984,3.380952380952381
2022-03-14 20:00:00,20,23,1,6,16,0,0,10,8,1,9,1,12.466666666666669,120.0,4.0,11.09,57.49999999999999,0.6209677419354839,221.1153068017366,4.943779158662328,0.575,0.9017132551848512,3.347826086956522
2022-03-14 21:00:00,21,21,0,5,16,0,0,8,7,1,8,1,12.933333333333334,139.5,4.0,11.09,52.5,0.53125,206.05730680173664,4.035866718193138,0.525,0.721370604147881,3.238095238095238
2022-03-14 22:00:00,22,20,0,7,13,0,0,8,9,2,11,2,13.933333333333334,115.0,3.0,7.84,50.0,0.7701149425287356,250.6206136034732,5.093367346938776,0.5,1.020408163265306,3.35
2022-03-14 23:00:00,23,18,0,6,12,0,0,2,7,2,9,2,14.933333333333334,114.0,3.0,7.84,45.0,0.6451612903225806,225.1706136034732,2.350340136054422,0.45,0.2551020408163265,3.333333333333333
2022-03-15 00:00:00,0,20,0,4,16,0,0,6,8,1,9,1,15.933333333333334,157.0,3.0,7.84,50.0,0.6881720430107527,234.23230680173663,4.048979591836735,0.5,0.7653061224489796,3.2
2022-03-15 01:00:00,1,21,0,5,15,1,0,6,9,0,9,0,16.933333333333334,217.0,3.0,7.84,52.5,0.7204301075268817,241.149,4.116690962099126,0.525,0.7653061224489796,3.1904761904761907
2022-03-15 02:00:00,2,18,0,5,12,1,0,5,9,0,9,0,17.933333333333334,277.0,3.0,7.84,45.0,0.6236559139784946,240.354,3.5049886621315194,0.45,0.6377551020408163,3.2222222222222223
2022-03-15 03:00:00,3,19,0,5,12,2,0,3,9,0,9,0,18.933333333333334,337.0,3.0,7.84,47.5,0.6451612903225806,248.139,2.708378088077336,0.475,0.3826530612244898,3.1578947368421053
2022-03-15 04:00:00,4,17,0,5,11,1,0,0,9,0,9,0,19.933333333333334,397.0,3.0,7.84,42.5,0.5913978494623656,249.489,1.375,0.425,0.0,3.235294117647059
2022-03-15 05:00:00,5,18,0,6,11,1,0,3,9,0,9,0,20.933333333333334,457.0,3.0,7.84,45.0,0.6344086021505376,257.274,2.729251700680272,0.45,0.3826530612244898,3.2777777777777777
2022-03-15 06:00:00,6,18,0,6,11,1,0,1,9,0,9,0,21.933333333333334,517.0,3.0,7.84,45.0,0.6344086021505376,262.914,1.8930839002267572,0.45,0.1275510204081632,3.2777777777777777
2022-03-15 07:00:00,7,18,0,6,11,1,0,2,9,0,9,0,22.933333333333334,577.0,3.0,7.84,45.0,0.6344086021505376,268.554,2.3111678004535148,0.45,0.2551020408163265,3.2777777777777777
2022-03-15 08:00:00,8,18,0,6,11,1,0,3,10,0,10,0,23.933333333333334,631.0,3.0,7.73,45.0,0.6555555555555556,287.594,2.747100043122036,0.45,0.3880983182406209,3.2777777777777777
2022-03-15 09:00:00,9,17,0,4,12,1,0,5,6,0,6,0,24.933333333333334,629.0,3.0,7.73,42.5,0.5294117647058824,237.48900000000003,3.4046381553915226,0.425,0.6468305304010349,3.176470588235294
2022-03-15 10:00:00,10,15,0,6,9,0,0,9,3,1,4,1,10.683333333333334,286.5,4.0,10.82,37.5,0.3541666666666667,126.89730680173662,4.103096118299445,0.375,0.8317929759704251,3.4
2022-03-15 11:00:00,11,21,1,6,14,0,0,11,6,1,7,1,11.683333333333334,53.0,4.0,10.82,52.5,0.5378787878787878,185.60730680173663,5.212197429803714,0.525,1.0166358595194085,3.380952380952381
2022-03-15 12:00:00,12,23,1,8,14,0,0,10,7,1,8,1,12.683333333333334,110.0,4.0,10.82,57.49999999999999,0.6171875,208.9373068017366,5.149475608776019,0.575,0.9242144177449167,3.4347826086956523
2022-03-15 13:00:00,13,29,2,12,14,1,0,11,12,1,13,1,13.683333333333334,83.0,4.0,10.82,72.5,0.9444444444444444,294.4473068017366,6.125753712792402,0.725,1.0166358595194085,3.5172413793103448
2022-03-15 14:00:00,14,30,1,9,18,2,0,8,15,1,16,1,14.683333333333334,108.0,4.0,10.82,75.0,1.03125,342.43230680173656,4.91492606284658,0.75,0.7393715341959335,3.3
2022-03-15 15:00:00,15,33,2,13,16,2,0,7,16,1,17,1,15.683333333333334,134.0,4.0,10.82,82.5,1.2391304347826086,367.90730680173664,5.084918501092253,0.825,0.6469500924214417,3.4545454545454546
2022-03-15 16:00:00,16,35,1,11,22,1,0,12,13,2,15,2,16.683333333333334,183.0,4.0,10.82,87.5,1.17,351.9056136034732,6.632420121468181,0.875,1.1090573012939002,3.342857142857143
2022-03-15 17:00:00,17,33,1,7,24,1,0,9,13,2,15,2,17.683333333333334,235.0,4.0,10.82,82.5,1.07,353.2556136034732,5.372025709964712,0.825,0.8317929759704251,3.242424242424242
2022-03-15 18:00:00,18,29,1,7,19,2,0,7,14,2,16,2,18.683333333333334,273.0,4.0,10.82,72.5,0.9791666666666666,363.7156136034732,4.447010644400534,0.725,0.6469500924214417,3.2413793103448274
2022-03-15 19:00:00,19,34,2,6,20,5,1,11,16,2,18,2,19.683333333333334,164.5,4.0,10.82,85.0,1.193181818181818,406.8806136034733,5.764610742633468,0.85,1.0166358595194085,3.088235294117647
2022-03-15 20:00:00,20,33,3,8,19,3,0,7,17,3,20,3,10.233333333333333,162.0,4.0,10.22,82.5,1.375,379.1059204052099,5.033105022831051,0.825,0.6849315068493151,3.333333333333333
2022-03-15 21:00:00,21,37,2,8,23,4,0,14,17,1,18,1,11.233333333333333,153.0,4.0,10.22,92.5,1.3522727272727273,364.78930680173664,7.380775638652351,0.925,1.3698630136986305,3.216216216216216
2022-03-15 22:00:00,22,38,2,7,27,2,0,12,18,0,18,0,12.233333333333333,172.0,3.0,7.13,95.0,1.8636363636363635,371.706,8.522700597918357,0.95,1.6830294530154275,3.236842105263158
2022-03-15 23:00:00,23,41,2,6,30,3,0,8,20,0,20,0,13.233333333333333,183.0,3.0,7.13,102.5,2.1666666666666665,410.581,6.807623234016352,1.025,1.1220196353436185,3.1707317073170733
2022-03-16 00:00:00,0,38,2,6,28,2,0,6,17,0,17,0,14.233333333333333,207.0,3.0,7.13,95.0,1.7681159420289856,369.586,5.751705174577397,0.95,0.8415147265077139,3.210526315789474
2022-03-16 01:00:00,1,36,2,5,27,2,0,5,17,0,17,0,15.233333333333333,255.0,3.0,7.13,90.0,1.6666666666666667,370.936,5.115143369175628,0.9,0.7012622720897616,3.1944444444444446
2022-03-16 02:00:00,2,29,2,4,20,3,0,3,15,0,15,0,16.233333333333334,315.0,3.0,7.13,72.5,1.2266666666666666,334.761,3.634816462736374,0.725,0.4207573632538569,3.1724137931034484
2022-03-16 03:00:00,3,25,2,4,15,4,0,1,14,0,14,0,17.233333333333334,347.5,3.0,7.13,62.5,1.0128205128205128,318.421,2.4181977559607293,0.625,0.1402524544179523,3.16
2022-03-16 04:00:00,4,26,2,4,16,4,0,3,14,0,14,0,18.23333333333333,407.5,3.0,7.13,65.0,1.051282051282051,326.206,3.377003991800626,0.65,0.4207573632538569,3.1538461538461537
2022-03-16 05:00:00,5,23,2,4,14,3,0,1,14,0,14,0,19.23333333333333,467.5,3.0,7.13,57.49999999999999,0.9487179487179488,325.411,2.30124702725776,0.575,0.1402524544179523,3.217391304347826
2022-03-16 06:00:00,6,28,2,6,16,4,0,5,14,0,14,0,20.23333333333333,527.5,3.0,7.13,70.0,1.1538461538461535,341.776,4.504057303145662,0.7,0.7012622720897616,3.2142857142857144
2022-03-16 07:00:00,7,31,1,7,18,5,0,4,14,0,14,0,21.23333333333333,587.5,3.0,7.13,77.5,1.2435897435897436,353.851,4.180417816585983,0.775,0.5610098176718092,3.129032258064516
2022-03-16 08:00:00,8,33,1,7,19,6,0,8,16,1,17,1,22.23333333333333,617.0,3.0,6.779999999999999,82.5,1.4782608695652173,404.8493068017367,6.197090372754089,0.825,1.1799410029498527,3.090909090909091
2022-03-16 09:00:00,9,28,1,6,17,4,0,6,12,1,13,1,23.23333333333333,660.0,3.0,6.779999999999999,70.0,1.0864197530864197,346.16430680173664,4.981289506953224,0.7,0.8849557522123894,3.142857142857143
2022-03-16 10:00:00,10,30,1,7,19,3,0,7,13,1,14,1,24.23333333333333,428.0,4.0,10.03,75.0,0.9230769230769232,369.49430680173657,4.6333000997008975,0.75,0.6979062811565304,3.2
2022-03-16 11:00:00,11,28,1,6,19,2,0,5,15,1,16,1,25.23333333333333,207.0,4.0,10.03,70.0,0.9375,397.6443068017367,3.852335849594075,0.7,0.4985044865403789,3.2142857142857144
2022-03-16 12:00:00,12,35,1,4,27,3,0,13,17,0,17,0,26.23333333333333,124.0,4.0,10.03,87.5,1.173913043478261,430.831,6.699430280586811,0.875,1.296111665004985,3.085714285714286
2022-03-16 13:00:00,13,36,1,5,28,2,0,9,18,0,18,0,27.23333333333333,149.0,4.0,10.03,90.0,1.2840909090909092,452.016,5.641550348953141,0.9,0.897308075772682,3.138888888888889
2022-03-16 14:00:00,14,39,1,6,29,3,0,7,17,0,17,0,28.23333333333333,178.0,4.0,10.03,97.5,1.326086956521739,450.691,5.233194007720428,0.975,0.6979062811565304,3.128205128205128
2022-03-16 15:00:00,15,39,3,6,28,2,0,10,17,1,18,1,29.23333333333333,207.0,4.0,10.03,97.5,1.443181818181818,470.5993068017366,6.421670245673237,0.975,0.9970089730807578,3.2564102564102564
2022-03-16 16:00:00,16,36,3,7,23,3,0,7,15,2,17,2,30.23333333333333,179.0,4.0,10.03,90.0,1.2826086956521738,457.2726136034733,5.237581699346405,0.9,0.6979062811565304,3.2777777777777777
2022-03-16 17:00:00,17,34,2,7,21,4,0,7,15,2,17,2,31.23333333333333,165.0,4.0,10.03,85.0,1.184782608695652,458.6226136034732,4.962405430766524,0.85,0.6979062811565304,3.2058823529411766
2022-03-16 18:00:00,18,40,3,8,25,4,0,10,17,3,20,3,32.233333333333334,203.0,4.0,10.03,100.0,1.625,518.2009204052099,6.490279162512463,1.0,0.9970089730807578,3.25
2022-03-16 19:00:00,19,33,3,5,21,4,0,5,13,1,14,1,21.133333333333333,250.5,4.0,10.03,82.5,1.0192307692307692,358.4453068017366,4.251256835553944,0.825,0.4985044865403789,3.212121212121212
2022-03-16 20:00:00,20,35,2,6,24,3,0,12,13,2,15,2,22.133333333333333,214.0,4.0,12.39,87.5,1.12,382.6436136034732,5.899273607748184,0.875,0.9685230024213076,3.2
2022-03-16 21:00:00,21,40,1,6,27,4,2,12,10,2,12,2,23.133333333333333,217.0,4.0,12.39,100.0,1.0714285714285714,358.8086136034732,5.905569007263923,1.0,0.9685230024213076,3.0
2022-03-16 22:00:00,22,38,1,6,26,4,1,8,11,2,13,2,24.133333333333333,271.0,3.0,9.14,95.0,1.432098765432099,373.5586136034732,5.571887596452839,0.95,0.87527352297593,3.0526315789473686
2022-03-16 23:00:00,23,34,0,5,25,3,1,7,9,0,9,0,25.133333333333333,225.0,3.0,9.14,85.0,1.096774193548387,315.282,4.847592997811816,0.85,0.7658643326039387,3.0
2022-03-17 00:00:00,0,33,0,3,24,5,1,13,10,0,10,0,26.133333333333333,253.5,3.0,9.14,82.5,1.0555555555555556,332.177,6.469556063921491,0.825,1.422319474835886,2.878787878787879
2022-03-17 01:00:00,1,28,0,3,22,2,1,4,10,0,10,0,27.133333333333333,313.5,3.0,9.14,70.0,0.9222222222222224,327.092,3.3722804001250397,0.7,0.437636761487965,2.9642857142857144
2022-03-17 02:00:00,2,28,0,3,21,3,1,5,11,0,11,0,28.133333333333333,358.0,3.0,9.14,70.0,0.942528735632184,346.132,3.652063144732729,0.7,0.5470459518599562,2.9285714285714284
2022-03-17 03:00:00,3,29,0,6,21,1,1,7,13,1,14,1,29.133333333333333,286.5,3.0,9.14,72.5,1.1538461538461535,394.98530680173656,4.626820342563948,0.725,0.7658643326039387,3.103448275862069
2022-03-17 04:00:00,4,25,0,6,17,1,1,0,13,1,14,1,30.133333333333333,346.5,3.0,9.14,62.5,1.0,392.0453068017366,1.95,0.625,0.0,3.12
2022-03-17 05:00:00,5,28,0,7,19,1,1,3,14,1,15,1,31.133333333333333,389.0,3.0,9.14,70.0,1.1733333333333331,417.5203068017366,3.2315723663644884,0.7,0.3282275711159737,3.142857142857143
2022-03-17 06:00:00,6,29,0,7,20,1,1,2,15,1,16,1,32.13333333333333,427.5,3.0,9.14,72.5,1.2638888888888888,438.7053068017366,2.961636987851807,0.725,0.2188183807439825,3.1379310344827585
2022-03-17 07:00:00,7,28,0,8,18,1,1,2,17,1,18,1,33.13333333333333,448.5,3.0,9.14,70.0,1.3484848484848484,469.0003068017367,2.920529853079087,0.7,0.2188183807439825,3.1785714285714284
2022-03-17 08:00:00,8,32,0,7,23,1,1,5,18,1,19,1,34.13333333333333,491.0,3.0,6.35,80.0,1.5873015873015872,496.6203068017367,4.960629921259844,0.8,0.7874015748031497,3.125
2022-03-17 09:00:00,9,28,0,6,21,1,0,6,11,1,12,1,35.13333333333333,347.5,3.0,6.35,70.0,1.0595238095238095,399.8803068017366,5.228374578177728,0.7,0.9448818897637796,3.1785714285714284
2022-03-17 10:00:00,10,32,0,6,23,3,0,11,12,1,13,1,26.683333333333334,207.0,4.0,9.67,80.0,0.9166666666666666,374.2023068017367,5.994260599793175,0.8,1.1375387797311272,3.09375
2022-03-17 11:00:00,11,33,0,8,22,3,0,6,14,2,16,2,27.683333333333334,231.0,4.0,9.67,82.5,1.0833333333333333,423.05561360347326,4.555438563504747,0.825,0.6204756980351603,3.1515151515151514
2022-03-17 12:00:00,12,34,0,9,24,1,0,7,17,2,19,2,28.683333333333334,204.0,4.0,9.67,85.0,1.3095238095238095,471.0406136034732,5.091991605328791,0.85,0.7238883143743536,3.235294117647059
2022-03-17 13:00:00,13,29,0,6,23,0,0,4,12,2,14,2,29.683333333333334,192.5,4.0,9.67,72.5,0.8942307692307693,398.9556136034733,3.651534250971722,0.725,0.4136504653567735,3.206896551724138
2022-03-17 14:00:00,14,31,1,5,24,1,0,12,13,2,15,2,30.683333333333334,229.0,4.0,9.67,77.5,0.99,422.2856136034733,6.438038329385863,0.775,1.240951396070321,3.193548387096774
2022-03-17 15:00:00,15,29,0,5,22,2,0,8,15,2,17,2,31.683333333333334,228.0,4.0,9.67,72.5,0.9782608695652174,450.43561360347326,4.817485647042042,0.725,0.827300930713547,3.103448275862069
2022-03-17 16:00:00,16,24,0,5,17,2,0,7,9,2,11,2,13.783333333333331,98.0,4.0,9.67,60.0,0.646551724137931,258.35461360347324,4.137150982419855,0.6,0.7238883143743536,3.125
2022-03-17 17:00:00,17,32,1,8,21,2,0,11,12,3,15,3,14.783333333333331,145.0,4.0,9.67,80.0,1.04,335.6229204052098,6.297001034126163,0.8,1.1375387797311272,3.25
2022-03-17 18:00:00,18,30,1,7,20,2,0,6,13,1,14,1,15.783333333333331,201.5,4.0,9.67,75.0,0.9326923076923076,321.8363068017365,4.431204756980351,0.75,0.6204756980351603,3.2333333333333334
2022-03-17 19:00:00,19,27,1,8,17,1,0,7,13,1,14,1,16.783333333333335,182.5,4.0,9.67,67.5,0.8653846153846154,321.0413068017366,4.6629610479145125,0.675,0.7238883143743536,3.333333333333333
2022-03-17 20:00:00,20,31,1,7,18,5,0,15,11,1,12,1,17.783333333333335,192.5,4.0,10.55,77.5,0.8660714285714286,308.4613068017366,6.873861030423482,0.775,1.4218009478672984,3.129032258064516
2022-03-17 21:00:00,21,27,1,6,18,2,0,6,12,1,13,1,18.78333333333333,133.0,4.0,10.55,67.5,0.8055555555555556,318.92130680173665,4.007543443917851,0.675,0.5687203791469194,3.2222222222222223
2022-03-17 22:00:00,22,24,0,5,18,1,0,9,8,0,8,0,8.533333333333333,153.5,3.0,7.23,60.0,0.7916666666666666,186.808,5.841908713692946,0.6,1.2448132780082988,3.1666666666666665
2022-03-17 23:00:00,23,20,0,3,17,0,0,7,6,0,6,0,9.533333333333331,138.5,3.0,7.23,50.0,0.6176470588235294,157.068,4.624792531120331,0.5,0.9681881051175656,3.15
2022-03-18 00:00:00,0,19,0,3,16,0,0,6,5,0,5,0,7.6,211.0,3.0,7.23,47.5,0.5714285714285714,130.619,4.120659532649049,0.475,0.8298755186721991,3.1578947368421053
2022-03-18 01:00:00,1,17,0,4,13,0,0,6,6,1,7,1,8.6,246.0,3.0,7.23,42.5,0.5555555555555556,159.6373068017366,4.059891383939468,0.425,0.8298755186721991,3.235294117647059
2022-03-18 02:00:00,2,11,0,3,8,0,0,2,5,0,5,0,9.6,331.0,3.0,7.23,27.500000000000004,0.3428571428571428,124.739,1.8053187476423995,0.275,0.276625172890733,3.272727272727273
2022-03-18 03:00:00,3,13,0,3,10,0,0,4,5,0,5,0,10.6,391.0,3.0,7.23,32.5,0.4,134.66899999999998,2.8374241940631983,0.325,0.553250345781466,3.230769230769231
2022-03-18 04:00:00,4,13,0,3,10,0,0,4,4,0,4,0,11.6,456.0,3.0,7.23,32.5,0.3888888888888889,126.909,2.8374241940631983,0.325,0.553250345781466,3.230769230769231
2022-03-18 05:00:00,5,13,1,3,9,0,0,2,4,1,5,1,12.6,511.0,3.0,7.23,32.5,0.419047619047619,146.8173068017366,2.0362698159378656,0.325,0.276625172890733,3.3846153846153846
2022-03-18 06:00:00,6,15,0,3,12,0,0,6,4,0,4,0,13.6,576.0,3.0,7.23,37.5,0.4444444444444444,142.47899999999998,3.855601659751037,0.375,0.8298755186721991,3.2
2022-03-18 07:00:00,7,10,0,4,6,0,0,3,4,0,4,0,14.6,636.0,3.0,7.23,25.0,0.3148148148148148,137.394,2.2607883817427386,0.25,0.4149377593360995,3.4
2022-03-18 08:00:00,8,13,0,4,9,0,0,6,5,0,5,0,15.6,691.0,3.0,6.38,32.5,0.4095238095238095,162.869,4.1856824210272485,0.325,0.9404388714733544,3.3076923076923075
2022-03-18 09:00:00,9,16,0,4,12,0,0,7,5,0,5,0,16.6,94.0,3.0,6.38,40.0,0.4952380952380952,174.94400000000002,4.865830721003135,0.4,1.09717868338558,3.25
2022-03-18 10:00:00,10,18,0,5,13,0,0,6,4,0,4,0,17.6,135.0,4.0,10.08,45.0,0.4097222222222222,171.474,3.426058201058201,0.45,0.5952380952380952,3.2777777777777777
2022-03-18 11:00:00,11,21,0,6,15,0,0,5,4,0,4,0,18.6,161.5,4.0,10.08,52.5,0.4791666666666667,183.549,3.354818594104308,0.525,0.496031746031746,3.2857142857142856
2022-03-18 12:00:00,12,25,0,8,17,0,0,8,4,1,5,1,19.6,207.0,4.0,10.08,62.5,0.5928571428571429,212.03730680173663,4.709920634920635,0.625,0.7936507936507936,3.32
2022-03-18 13:00:00,13,22,0,7,15,0,0,5,7,1,8,1,16.683333333333334,122.0,4.0,10.08,55.00000000000001,0.5703125,229.35230680173663,3.470923520923521,0.55,0.496031746031746,3.3181818181818183
2022-03-18 14:00:00,14,21,2,5,14,0,0,6,6,4,10,4,7.683333333333334,43.5,4.0,10.08,52.5,0.6,205.85222720694645,3.840816326530612,0.525,0.5952380952380952,3.4285714285714284
2022-03-18 15:00:00,15,24,2,6,16,0,0,8,9,4,13,4,8.683333333333334,81.0,4.0,10.08,60.0,0.7592592592592593,258.1272272069465,4.761640211640211,0.6,0.7936507936507936,3.4166666666666665
2022-03-18 16:00:00,16,29,3,7,19,0,0,7,10,4,14,4,9.683333333333334,135.0,4.0,10.08,72.5,0.9615384615384616,287.8922272069464,4.89463601532567,0.725,0.6944444444444444,3.4482758620689653
2022-03-18 17:00:00,17,32,5,8,18,1,0,8,10,6,16,6,10.683333333333334,179.0,4.0,10.08,80.0,1.1770833333333333,328.5038408104197,5.627579365079366,0.8,0.7936507936507936,3.53125
2022-03-18 18:00:00,18,27,3,6,15,3,0,7,9,5,14,5,11.683333333333334,212.0,4.0,10.08,67.5,0.8653846153846154,295.7505340086831,4.564814814814815,0.675,0.6944444444444444,3.333333333333333
2022-03-18 19:00:00,19,18,3,4,11,0,0,5,5,3,8,3,12.683333333333334,164.0,4.0,10.08,45.0,0.5,199.94892040520983,3.3636684303350965,0.45,0.496031746031746,3.555555555555556
2022-03-18 20:00:00,20,21,3,5,13,0,0,7,4,4,8,4,13.683333333333334,224.0,4.0,11.03,52.5,0.578125,212.89222720694647,4.086325173768509,0.525,0.6346328195829555,3.523809523809524
2022-03-18 21:00:00,21,21,0,5,14,2,0,6,6,2,8,2,14.683333333333334,152.0,4.0,11.03,52.5,0.515625,216.79561360347324,3.359623105815309,0.525,0.5439709882139618,3.142857142857143
2022-03-18 22:00:00,22,23,0,5,16,2,0,8,6,1,7,1,15.683333333333334,103.0,3.0,7.33,57.49999999999999,0.7272727272727273,212.4573068017366,5.216572750459696,0.575,1.0914051841746248,3.130434782608696
2022-03-18 23:00:00,23,19,0,4,14,1,0,6,5,0,5,0,16.683333333333334,109.0,3.0,7.33,47.5,0.5714285714285714,181.849,4.084907015150427,0.475,0.8185538881309686,3.1578947368421053
2022-03-19 00:00:00,0,22,0,4,15,3,0,6,5,0,5,0,17.683333333333334,169.0,3.0,7.33,55.00000000000001,0.638095238095238,193.924,4.16786865930795,0.55,0.8185538881309686,3.0454545454545454
2022-03-19 01:00:00,1,23,0,3,17,3,0,6,6,0,6,0,18.683333333333334,202.5,3.0,7.33,57.49999999999999,0.6764705882352942,215.109,4.180661664392906,0.575,0.8185538881309686,3.0
2022-03-19 02:00:00,2,15,0,2,12,1,0,3,6,0,6,0,14.466666666666669,262.5,3.0,7.33,37.5,0.4509803921568627,174.167,2.405115961800819,0.375,0.4092769440654843,3.066666666666667
2022-03-19 03:00:00,3,16,0,2,12,2,0,4,6,0,6,0,15.466666666666669,322.5,3.0,7.33,40.0,0.4705882352941176,181.952,2.837107776261937,0.4,0.5457025920873124,3.0
2022-03-19 04:00:00,4,18,0,2,14,2,0,4,7,1,8,1,16.466666666666665,353.5,3.0,7.33,45.0,0.5625,219.5503068017366,2.9871077762619374,0.45,0.5457025920873124,3.0
2022-03-19 05:00:00,5,18,0,2,14,2,0,2,6,1,7,1,17.466666666666665,416.0,3.0,7.33,45.0,0.5454545454545454,211.79030680173665,2.1685538881309685,0.45,0.2728512960436562,3.0
2022-03-19 06:00:00,6,18,0,2,14,2,0,2,6,1,7,1,18.466666666666665,476.0,3.0,7.33,45.0,0.5454545454545454,217.4303068017366,2.1685538881309685,0.45,0.2728512960436562,3.0
2022-03-19 07:00:00,7,20,0,1,17,2,0,4,6,1,7,1,12.533333333333331,536.0,3.0,7.33,50.0,0.5959595959595959,188.25630680173663,3.084822646657572,0.5,0.5457025920873124,2.95
2022-03-19 08:00:00,8,18,0,2,14,2,0,6,8,1,9,1,13.533333333333331,591.0,3.0,6.59,45.0,0.5806451612903226,216.4063068017366,4.081411229135053,0.45,0.9104704097116844,3.0
2022-03-19 09:00:00,9,21,0,1,18,2,0,7,5,2,7,2,14.533333333333331,92.0,3.0,6.59,52.5,0.6262626262626263,202.5496136034732,4.686064744562469,0.525,1.062215477996965,2.952380952380953
2022-03-19 10:00:00,10,17,0,1,16,0,0,4,8,2,10,2,15.533333333333331,113.0,4.0,10.29,42.5,0.4333333333333333,239.8096136034732,2.4890470473903847,0.425,0.3887269193391642,3.0588235294117645
2022-03-19 11:00:00,11,21,0,2,19,0,0,7,9,2,11,2,16.533333333333335,156.0,4.0,10.29,52.5,0.5603448275862069,267.42961360347323,3.7306041464204736,0.525,0.6802721088435375,3.095238095238096
2022-03-19 12:00:00,12,18,0,3,15,0,0,5,10,1,11,1,17.533333333333335,156.0,4.0,10.29,45.0,0.4913793103448275,265.7663068017366,2.963710722384192,0.45,0.4859086491739553,3.1666666666666665
2022-03-19 13:00:00,13,18,0,3,15,0,0,4,11,1,12,1,18.53333333333333,202.5,4.0,10.29,45.0,0.5089285714285714,284.80630680173664,2.655968577907353,0.45,0.3887269193391642,3.1666666666666665
2022-03-19 14:00:00,14,20,1,4,15,0,0,7,10,0,10,0,19.53333333333333,182.0,4.0,10.29,50.0,0.55,267.068,3.8948979591836737,0.5,0.6802721088435375,3.3
2022-03-19 15:00:00,15,20,1,2,16,1,0,11,7,0,7,0,7.166666666666667,144.0,4.0,10.29,50.0,0.4772727272727273,157.12,4.94234693877551,0.5,1.0689990281827018,3.15
2022-03-19 16:00:00,16,21,1,3,17,0,0,8,8,0,8,0,6.6,105.5,4.0,10.29,52.5,0.53125,169.469,4.217469572863159,0.525,0.7774538386783285,3.238095238095238
2022-03-19 17:00:00,17,21,1,2,15,1,2,5,9,0,9,0,7.6,115.0,4.0,10.29,52.5,0.5,188.509,2.984587440418345,0.525,0.4859086491739553,2.952380952380953
2022-03-19 18:00:00,18,17,1,1,13,1,1,5,7,0,7,0,5.433333333333334,171.0,4.0,10.29,42.5,0.3863636363636363,140.909,2.7327259475218657,0.425,0.4859086491739553,3.0
2022-03-19 19:00:00,19,18,1,0,15,1,1,7,6,0,6,0,6.433333333333334,193.0,4.0,10.29,45.0,0.3897058823529412,135.294,3.3280234315948607,0.45,0.6802721088435375,2.9444444444444446
2022-03-19 20:00:00,20,18,0,0,17,1,0,6,5,0,5,0,7.433333333333334,117.0,4.0,10.91,45.0,0.3785714285714285,127.534,2.9443095019859458,0.45,0.5499541704857929,2.9444444444444446
2022-03-19 21:00:00,21,14,0,0,14,0,0,6,4,0,4,0,8.083333333333334,216.5,4.0,10.91,35.0,0.2916666666666667,109.22,2.6998625114573787,0.35,0.5499541704857929,3.0
2022-03-19 22:00:00,22,16,1,0,14,1,0,5,2,1,3,1,6.466666666666667,102.0,3.0,7.21,40.0,0.4414414414414414,91.8603068017366,3.3487864077669904,0.4,0.6934812760055479,3.0625
2022-03-19 23:00:00,23,21,1,1,18,0,1,12,2,1,3,1,7.466666666666667,116.0,3.0,7.21,52.5,0.5765765765765766,108.22530680173662,6.672320190212007,0.525,1.6643550624133148,3.0476190476190474
2022-03-20 00:00:00,0,25,0,1,23,1,0,10,3,0,3,0,5.433333333333334,117.0,3.0,7.21,62.5,0.6756756756756757,104.469,6.035887656033288,0.625,1.3869625520110958,3.0
2022-03-20 01:00:00,1,20,0,2,18,0,0,3,4,0,4,0,6.433333333333334,141.5,3.0,7.21,50.0,0.5740740740740741,112.784,2.839875173370319,0.5,0.4160887656033287,3.1
2022-03-20 02:00:00,2,22,0,3,17,2,0,9,4,0,4,0,7.433333333333334,201.5,3.0,7.21,55.00000000000001,0.6203703703703703,122.714,5.476538267557685,0.55,1.2482662968099862,3.0454545454545454
2022-03-20 03:00:00,3,22,0,2,16,4,0,6,4,0,4,0,8.433333333333334,261.5,3.0,7.21,55.00000000000001,0.5925925925925926,128.354,4.020880090783003,0.55,0.8321775312066574,2.909090909090909
2022-03-20 04:00:00,4,18,0,2,15,1,0,4,5,0,5,0,9.433333333333334,286.0,3.0,7.21,45.0,0.5238095238095238,138.814,3.0701764524580053,0.45,0.5547850208044383,3.055555555555556
2022-03-20 05:00:00,5,19,0,3,16,0,0,6,5,0,5,0,10.433333333333334,346.0,3.0,7.21,47.5,0.5714285714285714,146.599,4.12792904591576,0.475,0.8321775312066574,3.1578947368421053
2022-03-20 06:00:00,6,21,0,4,17,0,0,4,5,0,5,0,11.433333333333334,406.0,3.0,7.21,52.5,0.638095238095238,156.529,3.445028399709399,0.525,0.5547850208044383,3.1904761904761907
2022-03-20 07:00:00,7,17,0,4,13,0,0,0,5,0,5,0,12.433333333333334,466.0,3.0,7.21,42.5,0.5238095238095238,153.589,1.375,0.425,0.0,3.235294117647059
2022-03-20 08:00:00,8,16,0,3,13,0,0,3,6,0,6,0,13.433333333333334,500.5,3.0,6.58,40.0,0.5,170.48399999999998,2.7282674772036475,0.4,0.4559270516717325,3.1875
2022-03-20 09:00:00,9,10,0,1,9,0,0,7,3,0,3,0,14.433333333333334,92.0,3.0,6.58,25.0,0.2792792792792792,123.054,4.072872340425532,0.25,1.0638297872340423,3.1
2022-03-20 10:00:00,10,17,0,2,15,0,0,12,6,0,6,0,11.95,57.0,4.0,9.92,42.5,0.3897058823529412,164.263,5.09634724857685,0.425,1.2096774193548387,3.117647058823529
2022-03-20 11:00:00,11,18,0,5,13,0,0,10,7,0,7,0,12.95,99.0,4.0,9.92,45.0,0.4469696969696969,185.448,4.77921146953405,0.45,1.0080645161290325,3.2777777777777777
2022-03-20 12:00:00,12,24,0,6,18,0,0,10,10,2,12,2,13.95,115.5,4.0,9.92,60.0,0.6964285714285714,272.6946136034732,5.226209677419354,0.6,1.0080645161290325,3.25
2022-03-20 13:00:00,13,25,0,5,20,0,0,12,8,2,10,2,5.533333333333333,109.0,4.0,9.92,62.5,0.6666666666666666,200.56961360347324,5.870967741935484,0.625,1.2096774193548387,3.2
2022-03-20 14:00:00,14,28,0,6,22,0,0,14,10,1,11,1,6.533333333333333,164.0,4.0,9.92,70.0,0.7758620689655172,225.17630680173664,6.786290322580646,0.7,1.4112903225806452,3.2142857142857144
2022-03-20 15:00:00,15,27,1,5,20,1,0,7,9,2,11,2,7.533333333333333,191.0,4.0,9.92,67.5,0.75,229.53961360347324,4.448745519713262,0.675,0.7056451612903226,3.2222222222222223
2022-03-20 16:00:00,16,20,1,2,17,0,0,7,5,1,6,1,8.533333333333333,116.0,4.0,9.92,50.0,0.4705882352941176,152.29630680173662,3.858064516129032,0.5,0.7056451612903226,3.2
2022-03-20 17:00:00,17,20,1,2,13,2,2,7,4,1,5,1,9.533333333333331,137.0,4.0,9.92,50.0,0.4142857142857143,144.5363068017366,3.4963709677419352,0.5,0.7056451612903226,2.9
2022-03-20 18:00:00,18,18,1,2,13,1,1,9,6,1,7,1,10.533333333333331,184.0,4.0,9.92,45.0,0.4166666666666667,172.6863068017366,4.147177419354838,0.45,0.907258064516129,3.055555555555556
2022-03-20 19:00:00,19,16,0,1,13,2,0,9,4,1,5,1,11.533333333333331,244.0,4.0,9.92,40.0,0.3357142857142857,147.23630680173662,3.840070564516129,0.4,0.907258064516129,2.9375
2022-03-20 20:00:00,20,22,0,1,19,1,1,18,5,2,7,2,5.066666666666666,39.0,4.0,10.77,55.00000000000001,0.4848484848484848,151.30261360347322,6.461990377310713,0.55,1.6713091922005572,2.909090909090909
2022-03-20 21:00:00,21,22,0,1,19,2,0,12,6,2,8,2,6.066666666666666,94.0,4.0,10.77,55.00000000000001,0.5078125,170.34261360347324,4.916972651304128,0.55,1.1142061281337048,2.9545454545454546
2022-03-20 22:00:00,22,26,0,4,19,3,0,15,7,2,9,2,3.3833333333333333,110.0,3.0,7.43,65.0,0.8494623655913979,177.18861360347324,8.109175380474168,0.65,2.018842530282638,3.0384615384615383
2022-03-20 23:00:00,23,23,1,5,16,1,0,9,8,2,10,2,3.25,87.5,3.0,7.43,57.49999999999999,0.8333333333333334,183.4016136034732,5.824909298379074,0.575,1.2113055181695829,3.260869565217391
2022-03-21 00:00:00,0,25,1,6,17,1,0,6,8,2,10,2,4.25,147.5,3.0,7.43,62.5,0.9111111111111112,193.33161360347324,4.698721399730821,0.625,0.8075370121130552,3.28
2022-03-21 01:00:00,1,24,2,6,15,1,0,7,8,2,10,2,5.25,207.5,3.0,7.43,60.0,0.9,196.8266136034732,5.204676985195155,0.6,0.9421265141318976,3.375
2022-03-21 02:00:00,2,28,1,6,20,1,0,11,9,2,11,2,6.25,241.0,3.0,7.43,70.0,1.0459770114942528,224.4466136034732,7.086574697173619,0.7,1.4804845222072678,3.25
2022-03-21 03:00:00,3,27,1,8,17,1,0,5,9,2,11,2,7.25,301.0,3.0,7.43,67.5,1.0344827586206895,227.94161360347323,4.493158366980709,0.675,0.6729475100942127,3.333333333333333
2022-03-21 04:00:00,4,23,0,5,17,1,0,2,9,0,9,0,8.25,376.0,3.0,7.43,57.49999999999999,0.7849462365591398,196.465,2.679350751945696,0.575,0.2691790040376851,3.1739130434782608
2022-03-21 05:00:00,5,22,0,7,14,1,0,4,10,1,11,1,9.25,421.0,3.0,7.43,55.00000000000001,0.8275862068965517,227.6283068017366,3.5618989355193933,0.55,0.5383580080753702,3.272727272727273
2022-03-21 06:00:00,6,19,0,6,12,1,0,0,10,1,11,1,10.25,481.0,3.0,7.43,47.5,0.7126436781609196,226.83330680173663,1.5499999999999998,0.475,0.0,3.263157894736842
2022-03-21 07:00:00,7,19,0,6,12,1,0,2,10,1,11,1,11.25,541.0,3.0,7.43,47.5,0.7126436781609196,232.4733068017366,2.428373592122972,0.475,0.2691790040376851,3.263157894736842
2022-03-21 08:00:00,8,21,2,5,13,1,0,4,10,1,11,1,12.25,601.0,3.0,7.76,52.5,0.8160919540229885,242.40330680173665,3.517758959253805,0.525,0.5154639175257733,3.380952380952381
2022-03-21 09:00:00,9,21,1,4,16,0,0,8,8,1,9,1,12.95,103.0,3.0,7.76,52.5,0.7419354838709677,219.55130680173664,5.112334315169368,0.525,1.0309278350515465,3.2857142857142856
2022-03-21 10:00:00,10,32,1,4,27,0,0,13,13,2,15,2,13.95,87.0,4.0,11.46,80.0,1.02,330.05461360347323,6.165837696335078,0.8,1.134380453752181,3.1875
2022-03-21 11:00:00,11,34,0,6,28,0,0,11,16,1,17,1,14.95,108.0,4.0,11.46,85.0,1.173913043478261,365.9163068017366,5.74896827841084,0.85,0.9598603839441536,3.176470588235294
2022-03-21 12:00:00,12,34,0,6,28,0,0,9,15,1,16,1,15.95,126.0,4.0,11.46,85.0,1.125,358.1563068017366,5.194610409608869,0.85,0.7853403141361256,3.176470588235294
2022-03-21 13:00:00,13,35,0,7,27,1,0,8,16,1,17,1,16.95,181.0,4.0,11.46,87.5,1.2065217391304348,379.34130680173655,4.988911742707554,0.875,0.6980802792321117,3.1714285714285717
2022-03-21 14:00:00,14,42,0,9,32,1,0,11,18,2,20,2,17.95,214.0,4.0,11.46,105.0,1.675,441.0646136034732,6.412411701155157,1.05,0.9598603839441536,3.1904761904761907
2022-03-21 15:00:00,15,41,0,5,36,0,0,8,18,1,19,1,18.95,252.0,4.0,11.46,102.5,1.5238095238095235,430.2913068017366,5.379372579066104,1.025,0.6980802792321117,3.1219512195121952
2022-03-21 16:00:00,16,39,1,6,32,0,0,9,15,1,16,1,19.95,254.0,4.0,11.46,97.5,1.3020833333333333,391.4413068017366,5.642116391461942,0.975,0.7853403141361256,3.2051282051282053
2022-03-21 17:00:00,17,33,1,5,27,0,0,6,13,1,14,1,20.95,214.0,4.0,11.46,82.5,1.0192307692307692,357.4113068017366,4.331738854513723,0.825,0.5235602094240838,3.212121212121212
2022-03-21 18:00:00,18,35,2,5,27,1,0,9,14,1,15,1,21.95,270.0,4.0,11.46,87.5,1.13,380.74130680173664,5.360527299925206,0.875,0.7853403141361256,3.2285714285714286
2022-03-21 19:00:00,19,28,1,5,21,1,0,5,12,1,13,1,10.066666666666666,199.0,4.0,11.46,70.0,0.8333333333333334,271.90430680173665,3.6523934181002247,0.7,0.4363001745200697,3.2142857142857144
2022-03-21 20:00:00,20,27,0,3,22,2,0,10,9,1,10,1,11.066666666666666,295.5,4.0,10.71,67.5,0.6833333333333333,235.1993068017366,4.885702182107411,0.675,0.9337068160597572,3.037037037037037
2022-03-21 21:00:00,21,24,1,4,18,1,0,8,8,2,10,2,11.466666666666669,137.0,4.0,10.71,60.0,0.6416666666666667,231.8886136034732,4.321514161220043,0.6,0.7469654528478057,3.208333333333333
2022-03-21 22:00:00,22,29,1,6,21,1,0,10,9,1,10,1,12.466666666666669,175.0,3.0,7.01,72.5,1.0444444444444445,247.3853068017366,6.973936248708741,0.725,1.4265335235378032,3.2413793103448274
2022-03-21 23:00:00,23,20,1,4,14,1,0,6,6,0,6,0,12.433333333333334,202.5,3.0,7.01,50.0,0.6372549019607843,173.424,4.406740370898715,0.5,0.8559201141226819,3.25
2022-03-22 00:00:00,0,19,1,5,13,0,0,4,6,0,6,0,13.433333333333334,262.5,3.0,7.01,47.5,0.6274509803921569,176.91899999999998,3.5220662211877767,0.475,0.5706134094151213,3.3684210526315788
2022-03-22 01:00:00,1,16,1,7,8,0,0,4,5,0,5,0,14.433333333333334,374.0,3.0,7.01,40.0,0.5428571428571428,162.724,3.4578102710413696,0.4,0.5706134094151213,3.5625
2022-03-22 02:00:00,2,19,1,6,11,1,0,7,6,0,6,0,15.433333333333334,382.5,3.0,7.01,47.5,0.6274509803921569,188.199,4.96361588707861,0.475,0.9985734664764624,3.3684210526315788
2022-03-22 03:00:00,3,14,1,5,7,1,0,0,6,0,6,0,16.433333333333334,442.5,3.0,7.01,35.0,0.4705882352941176,183.114,1.2,0.35,0.0,3.4285714285714284
2022-03-22 04:00:00,4,13,1,5,7,0,0,1,7,0,7,0,17.433333333333334,451.0,3.0,7.01,32.5,0.4646464646464646,200.009,1.6547734006364536,0.325,0.1426533523537803,3.5384615384615383
2022-03-22 05:00:00,5,17,1,6,8,2,0,4,7,1,8,1,18.433333333333334,478.5,3.0,7.01,42.5,0.59375,228.4973068017366,3.33823319627423,0.425,0.5706134094151213,3.3529411764705883
2022-03-22 06:00:00,6,16,2,6,7,1,0,2,7,1,8,1,19.433333333333334,538.5,3.0,7.01,40.0,0.59375,231.99230680173665,2.441405135520685,0.4,0.2853067047075606,3.5625
2022-03-22 07:00:00,7,15,2,4,9,0,0,2,7,0,7,0,20.433333333333334,631.0,3.0,7.01,37.5,0.5353535353535354,221.219,2.333083689966714,0.375,0.2853067047075606,3.533333333333333
2022-03-22 08:00:00,8,14,2,4,8,0,0,2,7,1,8,1,21.433333333333334,658.5,3.0,6.41,35.0,0.5208333333333334,238.98230680173663,2.3643302874972143,0.35,0.31201248049922,3.571428571428572
2022-03-22 09:00:00,9,15,1,2,12,0,0,6,3,1,4,1,22.433333333333334,403.5,3.0,6.41,37.5,0.4537037037037037,193.16730680173663,4.282722308892356,0.375,0.93603744149766,3.2666666666666666
2022-03-22 10:00:00,10,21,2,3,15,1,0,9,4,1,5,1,18.066666666666663,133.0,4.0,9.66,52.5,0.4928571428571429,194.8093068017366,4.786224489795918,0.525,0.9316770186335404,3.2857142857142856
2022-03-22 11:00:00,11,24,2,3,18,1,0,6,7,1,8,1,19.066666666666663,59.0,4.0,9.66,60.0,0.609375,247.0843068017366,3.968633540372671,0.6,0.6211180124223602,3.25
2022-03-22 12:00:00,12,25,2,4,18,1,0,6,10,1,11,1,20.066666666666663,96.0,4.0,9.66,62.5,0.7068965517241379,295.0693068017366,4.087267080745341,0.625,0.6211180124223602,3.28
2022-03-22 13:00:00,13,25,2,3,18,2,0,7,12,1,13,1,21.066666666666663,152.0,4.0,9.66,62.5,0.7407407407407407,327.5093068017366,4.3188405797101455,0.625,0.7246376811594203,3.2
2022-03-22 14:00:00,14,29,2,2,21,4,0,12,10,1,11,1,10.516666666666667,216.0,4.0,9.66,72.5,0.7672413793103449,249.78730680173663,6.037379524523452,0.725,1.2422360248447204,3.0689655172413794
2022-03-22 15:00:00,15,29,2,2,21,4,0,8,9,1,10,1,11.516666666666667,279.5,4.0,9.66,72.5,0.7416666666666667,242.0273068017366,4.766586349682302,0.725,0.8281573498964803,3.0689655172413794
2022-03-22 16:00:00,16,21,2,1,16,2,0,5,6,1,7,1,12.516666666666667,302.0,4.0,9.66,52.5,0.5,190.30730680173664,3.276737651582372,0.525,0.5175983436853002,3.142857142857143
2022-03-22 17:00:00,17,21,2,1,17,1,0,3,6,1,7,1,13.516666666666667,362.0,4.0,9.66,52.5,0.5075757575757576,195.9473068017366,2.665831115054718,0.525,0.3105590062111801,3.1904761904761907
2022-03-22 18:00:00,18,20,2,3,15,0,0,4,7,1,8,1,14.516666666666667,314.0,4.0,9.66,50.0,0.5234375,212.8423068017366,3.0621635610766047,0.5,0.4140786749482401,3.35
2022-03-22 19:00:00,19,23,2,6,15,0,0,11,8,2,10,2,11.216666666666669,87.0,4.0,9.66,57.49999999999999,0.6583333333333333,228.3336136034732,5.886243136195878,0.575,1.1387163561076603,3.4347826086956523
2022-03-22 20:00:00,20,26,0,5,17,3,1,10,7,0,7,0,8.316666666666666,110.0,4.0,9.93,65.0,0.5909090909090909,176.476,4.971148036253776,0.65,1.0070493454179257,3.0
2022-03-22 21:00:00,21,25,0,5,19,1,0,6,8,0,8,0,9.316666666666666,133.5,4.0,9.93,62.5,0.6171875,193.371,3.8843655589123856,0.625,0.6042296072507553,3.16
2022-03-22 22:00:00,22,26,1,5,19,1,0,7,7,1,8,1,10.316666666666666,125.5,3.0,6.68,65.0,0.875,202.0243068017366,5.4855366190695545,0.65,1.0479041916167666,3.230769230769231
2022-03-22 23:00:00,23,25,1,5,18,1,0,6,5,1,6,1,9.15,129.5,3.0,6.68,62.5,0.7941176470588235,166.49930680173662,4.935179640718564,0.625,0.8982035928143713,3.24
2022-03-23 00:00:00,0,20,1,4,15,0,0,4,7,0,7,0,10.15,139.0,3.0,6.68,50.0,0.6666666666666666,173.946,3.626047904191617,0.5,0.5988023952095809,3.3
2022-03-23 01:00:00,1,20,1,3,13,3,0,3,7,0,7,0,11.15,199.0,3.0,6.68,50.0,0.6262626262626263,179.58599999999998,2.942215568862276,0.5,0.4491017964071856,3.1
2022-03-23 02:00:00,2,22,1,4,15,2,0,7,7,1,8,1,12.15,235.0,3.0,6.68,55.00000000000001,0.7291666666666666,203.78430680173665,5.084240609689712,0.55,1.0479041916167666,3.1818181818181817
2022-03-23 03:00:00,3,21,1,4,14,2,0,0,7,1,8,1,13.15,295.0,3.0,6.68,52.5,0.6979166666666666,207.27930680173665,1.6750000000000005,0.525,0.0,3.1904761904761907
2022-03-23 04:00:00,4,19,1,3,13,2,0,1,6,0,6,0,14.15,427.5,3.0,6.68,47.5,0.5882352941176471,180.961,1.9727387330601955,0.475,0.1497005988023952,3.1578947368421053
2022-03-23 05:00:00,5,17,1,1,13,2,0,1,6,0,6,0,15.15,487.5,3.0,6.68,42.5,0.5098039215686274,182.311,1.757907713983797,0.425,0.1497005988023952,3.0588235294117645
2022-03-23 06:00:00,6,21,1,2,16,2,0,4,9,0,9,0,16.15,451.0,3.0,6.68,52.5,0.6989247311827957,236.731,3.4784359851725126,0.525,0.5988023952095809,3.095238095238096
2022-03-23 07:00:00,7,21,1,2,15,2,1,1,9,0,9,0,17.15,511.0,3.0,6.68,52.5,0.6774193548387096,242.371,2.024101796407186,0.525,0.1497005988023952,3.0
2022-03-23 08:00:00,8,22,2,2,15,2,1,3,9,1,10,1,18.15,532.5,3.0,6.35,55.00000000000001,0.7555555555555555,264.42430680173663,3.160272011453114,0.55,0.4724409448818898,3.090909090909091
2022-03-23 09:00:00,9,17,1,1,13,1,1,2,5,1,6,1,19.15,200.0,3.0,6.35,42.5,0.5,205.7393068017366,2.219881889763779,0.425,0.3149606299212598,3.0
2022-03-23 10:00:00,10,19,1,2,15,0,1,5,6,0,6,0,20.15,170.5,4.0,9.67,47.5,0.4338235294117647,214.801,3.0806169378980024,0.475,0.5170630816959669,3.1052631578947367
2022-03-23 11:00:00,11,17,1,3,13,0,0,4,6,0,6,0,21.15,121.0,4.0,9.67,42.5,0.4117647058823529,216.151,2.7626132976458417,0.425,0.4136504653567735,3.294117647058824
2022-03-23 12:00:00,12,23,2,4,17,0,0,7,7,2,9,2,22.15,144.0,4.0,9.67,57.49999999999999,0.6209677419354839,276.59761360347323,4.3484521829054446,0.575,0.7238883143743536,3.347826086956522
2022-03-23 13:00:00,13,27,2,6,19,0,0,5,9,3,12,3,23.15,121.0,4.0,9.67,67.5,0.8125,331.88592040520984,4.017694090160481,0.675,0.5170630816959669,3.3703703703703702
2022-03-23 14:00:00,14,27,3,4,20,0,0,8,7,4,11,4,24.15,171.0,4.0,9.67,67.5,0.7844827586206896,324.99422720694645,5.06331054425677,0.675,0.827300930713547,3.3703703703703702
2022-03-23 15:00:00,15,24,2,5,17,0,0,5,6,2,8,2,25.15,127.5,4.0,9.67,60.0,0.6328125,282.2626136034732,3.770087900723888,0.6,0.5170630816959669,3.375
2022-03-23 16:00:00,16,23,2,5,16,0,0,3,8,2,10,2,26.15,172.5,4.0,9.67,57.49999999999999,0.65,312.5576136034732,3.0021109662335324,0.575,0.3102378490175801,3.391304347826087
2022-03-23 17:00:00,17,24,2,7,15,0,0,6,7,2,9,2,27.15,225.0,4.0,9.67,60.0,0.6693548387096774,306.9426136034732,4.220811789038263,0.6,0.6204756980351603,3.458333333333333
2022-03-23 18:00:00,18,30,2,6,19,2,1,13,7,3,10,3,9.416666666666666,234.5,4.0,9.67,75.0,0.8,234.06492040520985,6.701964839710445,0.75,1.344364012409514,3.2
2022-03-23 19:00:00,19,24,1,7,14,2,0,3,6,3,9,3,10.416666666666666,227.0,4.0,9.67,60.0,0.6370967741935484,213.43492040520985,2.9961995863495345,0.6,0.3102378490175801,3.2916666666666665
2022-03-23 20:00:00,20,23,1,9,12,1,0,7,6,3,9,3,11.416666666666666,184.0,4.0,9.67,57.49999999999999,0.6370967741935484,216.92992040520983,4.4613989928510405,0.575,0.7238883143743536,3.4347826086956523
2022-03-23 21:00:00,21,26,1,7,13,5,0,9,6,2,8,2,7.75,171.5,4.0,9.67,65.0,0.640625,188.4166136034732,4.985327340704797,0.65,0.9307135470527405,3.1538461538461537
2022-03-23 22:00:00,22,24,2,4,13,5,0,6,6,2,8,2,8.75,118.5,3.0,6.35,60.0,0.78125,189.7666136034732,4.827755905511812,0.6,0.9448818897637796,3.125
2022-03-23 23:00:00,23,22,1,2,14,5,0,3,4,2,6,2,8.266666666666667,106.5,3.0,6.35,55.00000000000001,0.6372549019607843,155.95061360347322,3.0208482462419477,0.55,0.4724409448818898,2.9545454545454546
2022-03-24 00:00:00,0,18,1,2,14,1,0,3,4,2,6,2,9.266666666666667,166.5,3.0,6.35,45.0,0.5588235294117647,153.01061360347325,2.921062992125984,0.45,0.4724409448818898,3.1666666666666665
2022-03-24 01:00:00,1,19,0,1,17,1,0,4,5,1,6,1,10.266666666666667,218.0,3.0,6.35,47.5,0.5588235294117647,159.92730680173662,3.314763779527558,0.475,0.6299212598425197,3.0
2022-03-24 02:00:00,2,14,0,1,12,1,0,1,5,0,5,0,11.266666666666667,306.0,3.0,6.35,35.0,0.4,140.574,1.52244094488189,0.35,0.1574803149606299,3.0
2022-03-24 03:00:00,3,17,0,2,14,1,0,5,5,0,5,0,12.266666666666667,366.0,3.0,6.35,42.5,0.4952380952380952,152.649,3.7085224641037513,0.425,0.7874015748031497,3.0588235294117645
2022-03-24 04:00:00,4,15,0,1,13,1,0,1,5,0,5,0,13.266666666666667,426.0,3.0,6.35,37.5,0.4285714285714285,153.999,1.5974409448818896,0.375,0.1574803149606299,3.0
2022-03-24 05:00:00,5,16,0,1,14,1,0,1,5,0,5,0,14.266666666666667,486.0,3.0,6.35,40.0,0.4571428571428571,161.784,1.67244094488189,0.4,0.1574803149606299,3.0
2022-03-24 06:00:00,6,20,0,2,17,1,0,4,8,0,8,0,15.266666666666667,396.5,3.0,6.35,50.0,0.6354166666666666,216.204,3.4462598425196846,0.5,0.6299212598425197,3.05
2022-03-24 07:00:00,7,22,0,1,20,1,0,5,11,0,11,0,16.266666666666666,114.0,3.0,6.35,55.00000000000001,0.7586206896551724,266.334,4.012204724409449,0.55,0.7874015748031497,3.0
2022-03-24 08:00:00,8,23,0,2,20,1,0,3,12,0,12,0,17.266666666666666,151.0,3.0,6.8,57.49999999999999,0.8333333333333334,287.519,3.092710997442455,0.575,0.4411764705882353,3.0434782608695654
2022-03-24 09:00:00,9,17,0,2,14,1,0,1,8,0,8,0,18.266666666666666,210.0,3.0,6.8,42.5,0.5416666666666666,226.689,1.749826989619377,0.425,0.1470588235294117,3.0588235294117645
2022-03-24 10:00:00,10,18,0,3,14,1,0,6,9,0,9,0,19.266666666666666,221.0,4.0,10.05,45.0,0.4516129032258064,247.874,3.257379767827529,0.45,0.5970149253731343,3.111111111111111
2022-03-24 11:00:00,11,19,0,7,11,1,0,6,9,0,9,0,20.266666666666666,189.0,4.0,10.05,47.5,0.5080645161290323,255.659,3.554575805184604,0.475,0.5970149253731343,3.3157894736842106
2022-03-24 12:00:00,12,24,0,6,17,1,0,9,11,1,12,1,18.78333333333333,143.5,4.0,10.05,60.0,0.6875,299.0863068017366,4.798134328358209,0.6,0.8955223880597014,3.208333333333333
2022-03-24 13:00:00,13,23,0,4,17,2,0,4,10,1,11,1,19.78333333333333,148.0,4.0,10.05,57.49999999999999,0.6120689655172413,289.1813068017366,3.0036394116374647,0.575,0.3980099502487562,3.0869565217391304
2022-03-24 14:00:00,14,22,0,3,18,1,0,7,8,1,9,1,20.78333333333333,193.0,4.0,10.05,55.00000000000001,0.5483870967741935,265.87630680173663,3.852872003618272,0.55,0.6965174129353233,3.090909090909091
2022-03-24 15:00:00,15,20,0,2,17,1,0,2,5,2,7,2,21.78333333333333,212.0,4.0,10.05,50.0,0.4621212121212121,241.29461360347324,2.1319651741293533,0.5,0.1990049751243781,3.05
2022-03-24 16:00:00,16,25,0,3,21,1,0,9,3,3,6,3,22.78333333333333,228.0,4.0,10.05,62.5,0.5661764705882353,245.1279204052098,4.68320895522388,0.625,0.8955223880597014,3.08
2022-03-24 17:00:00,17,24,0,2,21,1,0,6,6,2,8,2,19.166666666666668,166.0,4.0,10.05,60.0,0.5703125,248.5166136034732,3.6409203980099503,0.6,0.5970149253731343,3.0416666666666665
2022-03-24 18:00:00,18,22,0,1,21,0,0,8,8,1,9,1,20.166666666666668,91.0,4.0,10.05,55.00000000000001,0.5403225806451613,262.3983068017366,4.099242424242424,0.55,0.7960199004975124,3.0454545454545454
2022-03-24 19:00:00,19,19,1,0,18,0,0,3,7,0,7,0,21.166666666666668,151.0,4.0,10.05,47.5,0.4469696969696969,233.935,2.4019442262372346,0.475,0.2985074626865671,3.1052631578947367
2022-03-24 20:00:00,20,28,1,6,21,0,0,13,8,1,9,1,7.7,38.0,4.0,9.9,70.0,0.7419354838709677,204.95630680173664,6.614574314574315,0.7,1.3131313131313131,3.2857142857142856
2022-03-24 21:00:00,21,21,1,8,10,2,0,6,6,2,8,2,6.2,75.0,4.0,9.9,52.5,0.5546875,168.94961360347324,3.824062049062049,0.525,0.6060606060606061,3.380952380952381
2022-03-24 22:00:00,22,19,1,5,12,1,0,8,5,1,6,1,7.2,131.5,3.0,6.65,47.5,0.6176470588235294,142.63130680173663,5.563919667590028,0.475,1.2030075187969924,3.3157894736842106
2022-03-24 23:00:00,23,22,3,3,15,1,0,9,5,2,7,2,8.2,51.0,3.0,6.65,55.00000000000001,0.7474747474747475,168.97461360347322,6.40228981544771,0.55,1.3533834586466165,3.363636363636364
2022-03-25 00:00:00,0,22,3,3,15,1,0,5,6,2,8,2,9.2,108.0,3.0,6.65,55.00000000000001,0.7708333333333334,188.0146136034732,4.37904989747095,0.55,0.7518796992481203,3.363636363636364
2022-03-25 01:00:00,1,21,3,4,12,2,0,3,6,2,8,2,10.2,168.0,3.0,6.65,52.5,0.7395833333333334,191.50961360347324,3.3002416756176154,0.525,0.4511278195488721,3.380952380952381
2022-03-25 02:00:00,2,18,2,4,11,1,0,2,7,0,7,0,11.2,225.0,3.0,6.65,45.0,0.6161616161616161,175.57799999999995,2.5442147034252294,0.45,0.3007518796992481,3.388888888888889
2022-03-25 03:00:00,3,19,1,4,13,1,0,3,7,0,7,0,12.2,285.0,3.0,6.65,47.5,0.6262626262626263,183.363,3.0221013058963195,0.475,0.4511278195488721,3.263157894736842
2022-03-25 04:00:00,4,18,1,4,12,1,0,3,7,0,7,0,13.2,345.0,3.0,6.65,45.0,0.5959595959595959,186.858,2.9536967418546363,0.45,0.4511278195488721,3.2777777777777777
2022-03-25 05:00:00,5,17,1,5,10,1,0,3,8,0,8,0,14.2,383.5,3.0,6.65,42.5,0.59375,203.753,2.937605042016807,0.425,0.4511278195488721,3.3529411764705883
2022-03-25 06:00:00,6,14,1,4,8,1,0,0,7,0,7,0,15.2,422.0,3.0,6.65,35.0,0.4747474747474747,189.558,1.175,0.35,0.0,3.357142857142857
2022-03-25 07:00:00,7,16,1,5,9,1,0,3,8,0,8,0,16.2,467.0,3.0,6.65,40.0,0.5625,212.888,2.872556390977444,0.4,0.4511278195488721,3.375
2022-03-25 08:00:00,8,18,1,5,11,1,0,2,8,0,8,0,17.2,527.0,3.0,6.8,45.0,0.625,222.818,2.480392156862745,0.45,0.2941176470588235,3.333333333333333
2022-03-25 09:00:00,9,17,1,3,11,2,0,8,3,0,3,0,18.2,255.0,3.0,6.8,42.5,0.4864864864864865,159.313,5.087024221453287,0.425,1.1764705882352942,3.176470588235294
2022-03-25 10:00:00,10,16,2,4,8,2,0,5,4,1,5,1,19.2,62.0,4.0,10.12,40.0,0.3857142857142857,190.4763068017366,3.0174901185770757,0.4,0.4940711462450593,3.375
2022-03-25 11:00:00,11,19,3,4,11,1,0,7,4,2,6,2,19.266666666666666,116.0,4.0,10.12,47.5,0.4852941176470588,211.5556136034732,4.052745995423342,0.475,0.691699604743083,3.473684210526316
2022-03-25 12:00:00,12,20,3,3,13,1,0,4,4,2,6,2,17.016666666666666,176.0,4.0,10.12,50.0,0.5,201.0106136034732,3.043873517786561,0.5,0.3952569169960475,3.4
2022-03-25 13:00:00,13,22,2,2,17,1,0,9,4,1,5,1,18.016666666666666,230.0,4.0,10.12,55.00000000000001,0.5071428571428571,196.67230680173665,4.645104204096299,0.55,0.8893280632411068,3.227272727272727
2022-03-25 14:00:00,14,22,1,3,16,1,1,8,5,1,6,1,13.033333333333331,133.5,4.0,10.12,55.00000000000001,0.5,181.9663068017366,4.143406395975567,0.55,0.790513833992095,3.090909090909091
2022-03-25 15:00:00,15,19,1,3,14,0,1,9,6,1,7,1,14.033333333333331,113.0,4.0,10.12,47.5,0.4545454545454545,194.5713068017366,4.308404410235074,0.475,0.8893280632411068,3.1578947368421053
2022-03-25 16:00:00,16,15,0,3,11,1,0,6,7,0,7,0,15.033333333333331,47.0,4.0,10.12,37.5,0.3560606060606061,190.763,3.032707509881423,0.375,0.5928853754940712,3.1333333333333333
2022-03-25 17:00:00,17,18,0,3,13,2,0,9,8,0,8,0,7.833333333333333,90.0,4.0,10.12,45.0,0.4296875,169.99,4.092391304347826,0.45,0.8893280632411068,3.055555555555556
2022-03-25 18:00:00,18,17,0,4,12,1,0,6,9,0,9,0,8.833333333333334,133.0,4.0,10.12,42.5,0.4354838709677419,186.885,3.233282957451755,0.425,0.5928853754940712,3.176470588235294
2022-03-25 19:00:00,19,20,1,4,13,1,1,7,8,0,8,0,5.883333333333334,182.5,4.0,10.12,50.0,0.4921875,163.28199999999998,3.753853754940711,0.5,0.691699604743083,3.15
2022-03-25 20:00:00,20,20,1,4,11,2,2,11,10,0,10,0,6.883333333333334,40.5,4.0,9.92,50.0,0.5,195.722,4.826612903225806,0.5,1.1088709677419355,3.0
2022-03-25 21:00:00,21,19,1,4,13,1,0,8,9,0,9,0,7.883333333333334,71.0,4.0,9.92,47.5,0.5,185.817,4.181578947368421,0.475,0.8064516129032259,3.263157894736842
2022-03-25 22:00:00,22,22,2,5,14,1,0,8,9,0,9,0,8.883333333333333,127.0,3.0,6.6,55.00000000000001,0.7956989247311828,197.892,5.927134986225896,0.55,1.2121212121212122,3.363636363636364
2022-03-25 23:00:00,23,24,1,4,19,0,0,12,5,0,5,0,7.133333333333334,133.0,3.0,6.6,60.0,0.7428571428571429,138.712,7.85909090909091,0.6,1.8181818181818183,3.25
2022-03-26 00:00:00,0,20,1,3,16,0,0,5,6,0,6,0,8.133333333333333,169.5,3.0,6.6,50.0,0.6372549019607843,149.172,4.087121212121212,0.5,0.7575757575757576,3.25
2022-03-26 01:00:00,1,21,1,2,17,1,0,8,6,0,6,0,9.133333333333333,229.5,3.0,6.6,52.5,0.6470588235294118,156.957,5.45952380952381,0.525,1.2121212121212122,3.142857142857143
2022-03-26 02:00:00,2,21,2,2,17,0,0,6,6,1,7,1,10.133333333333333,266.0,3.0,6.6,52.5,0.696969696969697,176.8653068017366,4.7120129870129865,0.525,0.9090909090909092,3.2857142857142856
2022-03-26 03:00:00,3,26,2,3,21,0,0,7,8,1,9,1,11.133333333333333,262.0,3.0,6.6,65.0,0.913978494623656,220.03030680173663,5.592365967365967,0.65,1.0606060606060606,3.269230769230769
2022-03-26 04:00:00,4,20,1,4,15,0,0,2,8,1,9,1,12.133333333333333,322.0,3.0,6.6,50.0,0.7096774193548387,212.8003068017366,2.65,0.5,0.303030303030303,3.3
2022-03-26 05:00:00,5,19,1,4,14,0,0,2,8,1,9,1,13.133333333333333,382.0,3.0,6.6,47.5,0.6774193548387096,216.2953068017366,2.579784688995216,0.475,0.303030303030303,3.3157894736842106
2022-03-26 06:00:00,6,18,1,4,13,0,0,1,7,1,8,1,14.133333333333333,474.0,3.0,6.6,45.0,0.625,206.3903068017366,2.005050505050505,0.45,0.1515151515151515,3.333333333333333
2022-03-26 07:00:00,7,16,1,3,12,0,0,2,8,0,8,0,11.116666666666667,534.0,3.0,6.6,40.0,0.5520833333333334,184.218,2.328787878787879,0.4,0.303030303030303,3.3125
2022-03-26 08:00:00,8,18,1,3,13,1,0,4,8,0,8,0,12.116666666666667,594.0,3.0,6.91,45.0,0.6041666666666666,194.148,3.3152516481749474,0.45,0.5788712011577424,3.2222222222222223
2022-03-26 09:00:00,9,16,2,1,13,0,0,7,5,1,6,1,13.116666666666667,352.0,3.0,6.91,40.0,0.5196078431372549,169.56630680173663,4.680643994211287,0.4,1.0130246020260492,3.3125
2022-03-26 10:00:00,10,16,3,1,12,0,0,6,7,1,8,1,14.116666666666667,108.0,4.0,10.16,40.0,0.4296875,202.00630680173663,3.40501968503937,0.4,0.5905511811023622,3.4375
2022-03-26 11:00:00,11,21,3,1,17,0,0,7,6,1,7,1,13.433333333333334,134.0,4.0,10.16,52.5,0.5303030303030303,195.47730680173663,4.046587926509186,0.525,0.6889763779527559,3.333333333333333
2022-03-26 12:00:00,12,23,1,2,20,0,0,7,4,0,4,0,14.4,228.0,4.0,10.16,57.49999999999999,0.5069444444444444,164.151,4.011751112632659,0.575,0.6889763779527559,3.1739130434782608
2022-03-26 13:00:00,13,14,0,3,11,0,0,3,3,0,3,0,15.4,322.0,4.0,10.16,35.0,0.304054054054054,137.086,2.0741001124859397,0.35,0.2952755905511811,3.2142857142857144
2022-03-26 14:00:00,14,11,0,3,8,0,0,5,4,0,4,0,16.4,41.5,4.0,10.16,27.500000000000004,0.25,149.69099999999997,2.51059413027917,0.275,0.4921259842519685,3.272727272727273
2022-03-26 15:00:00,15,13,0,3,10,0,0,4,7,0,7,0,17.4,61.0,4.0,10.16,32.5,0.3181818181818182,199.821,2.3219563900666262,0.325,0.3937007874015747,3.230769230769231
2022-03-26 16:00:00,16,18,0,4,13,1,0,8,7,0,7,0,18.4,111.0,4.0,10.16,45.0,0.4318181818181818,216.186,3.918438320209973,0.45,0.7874015748031495,3.1666666666666665
2022-03-26 17:00:00,17,19,0,4,14,1,0,7,8,0,8,0,6.766666666666667,147.5,4.0,10.16,47.5,0.46875,166.11899999999997,3.675714877745545,0.475,0.6889763779527559,3.1578947368421053
2022-03-26 18:00:00,18,18,0,4,13,1,0,7,7,1,8,1,7.766666666666667,143.0,4.0,10.16,45.0,0.4453125,170.48230680173663,3.6067585301837273,0.45,0.6889763779527559,3.1666666666666665
2022-03-26 19:00:00,19,24,1,4,13,6,0,11,6,2,8,2,8.766666666666667,118.0,4.0,10.16,60.0,0.5625,189.8606136034732,5.048031496062992,0.6,1.0826771653543308,3.0
2022-03-26 20:00:00,20,25,1,3,13,8,0,10,7,2,9,2,9.766666666666667,132.0,4.0,11.01,62.5,0.5806451612903226,211.04561360347324,4.415803814713897,0.625,0.9082652134423252,2.88
2022-03-26 21:00:00,21,21,0,4,11,6,0,4,7,2,9,2,8.7,139.0,4.0,11.01,52.5,0.4919354838709677,196.4496136034732,2.5803176765710822,0.525,0.36330608537693,2.9047619047619047
2022-03-26 22:00:00,22,18,0,4,12,2,0,6,6,1,7,1,6.666666666666667,170.0,3.0,7.76,45.0,0.5656565656565656,150.8783068017366,3.805498281786942,0.45,0.7731958762886598,3.111111111111111
2022-03-26 23:00:00,23,16,0,5,7,2,2,9,5,0,5,0,6.133333333333334,33.0,3.0,7.76,40.0,0.4476190476190476,115.91199999999998,4.581894329896908,0.4,1.1597938144329898,2.9375
2022-03-27 00:00:00,0,20,0,4,12,3,1,8,5,0,5,0,4.8,91.0,3.0,7.76,50.0,0.5619047619047619,116.972,4.516237113402062,0.5,1.0309278350515465,2.95
2022-03-27 01:00:00,1,17,0,4,12,1,0,1,4,0,4,0,5.8,171.5,3.0,7.76,42.5,0.5,102.777,1.7593389933292904,0.425,0.1288659793814433,3.176470588235294
2022-03-27 02:00:00,2,14,0,3,10,1,0,1,4,0,4,0,6.8,231.5,3.0,7.76,35.0,0.4074074074074074,101.982,1.50500736377025,0.35,0.1288659793814433,3.142857142857143
2022-03-27 03:00:00,3,13,0,3,9,1,0,3,5,0,5,0,7.8,271.0,3.0,7.76,32.5,0.3904761904761905,118.877,2.244270420301348,0.325,0.3865979381443299,3.1538461538461537
2022-03-27 04:00:00,4,17,0,3,12,2,0,4,5,0,5,0,8.8,331.0,3.0,7.76,42.5,0.4952380952380952,133.097,2.8767131594906,0.425,0.5154639175257733,3.0588235294117645
2022-03-27 05:00:00,5,16,0,3,12,1,0,2,5,0,5,0,9.8,391.0,3.0,7.76,40.0,0.4761904761904761,136.59199999999998,2.055412371134021,0.4,0.2577319587628866,3.125
2022-03-27 06:00:00,6,16,0,3,11,1,1,4,5,0,5,0,10.8,451.0,3.0,7.76,40.0,0.4571428571428571,142.232,2.74639175257732,0.4,0.5154639175257733,3.0
2022-03-27 07:00:00,7,13,0,3,9,1,0,0,5,0,5,0,11.8,511.0,3.0,7.76,32.5,0.3904761904761905,141.437,1.025,0.325,0.0,3.1538461538461537
2022-03-27 08:00:00,8,14,0,3,9,2,0,5,7,0,7,0,11.75,523.0,3.0,6.96,35.0,0.4343434343434343,170.1,3.281486042692939,0.35,0.7183908045977011,3.071428571428572
2022-03-27 09:00:00,9,12,0,1,9,2,0,3,4,0,4,0,12.75,364.5,3.0,6.96,30.0,0.324074074074074,131.25,2.132183908045977,0.3,0.4310344827586207,2.9166666666666665
2022-03-27 10:00:00,10,13,0,1,12,0,0,8,7,0,7,0,13.75,33.0,4.0,10.0,32.5,0.303030303030303,179.235,3.4615384615384617,0.325,0.8,3.076923076923077
2022-03-27 11:00:00,11,17,1,1,14,1,0,8,7,0,7,0,12.35,82.0,4.0,10.0,42.5,0.4015151515151515,179.91899999999998,3.819117647058824,0.425,0.8,3.117647058823529
2022-03-27 12:00:00,12,21,1,4,15,1,0,11,9,0,9,0,13.35,128.0,4.0,10.0,52.5,0.5483870967741935,220.939,5.261904761904762,0.525,1.1,3.238095238095238
2022-03-27 13:00:00,13,19,1,1,16,1,0,6,8,0,8,0,5.283333333333333,119.0,4.0,10.0,47.5,0.4609375,157.753,3.3381578947368418,0.475,0.6,3.1052631578947367
2022-03-27 14:00:00,14,22,0,4,18,0,0,12,5,1,6,1,5.1,114.5,4.0,10.0,55.00000000000001,0.5147058823529411,137.22230680173664,5.568181818181818,0.55,1.2,3.1818181818181817
2022-03-27 15:00:00,15,23,0,4,18,1,0,13,5,1,6,1,6.1,96.0,4.0,10.0,57.49999999999999,0.5294117647058824,145.0073068017366,5.869565217391305,0.575,1.3,3.130434782608696
2022-03-27 16:00:00,16,19,1,2,16,0,0,9,5,1,6,1,7.1,124.5,4.0,10.0,47.5,0.4485294117647059,142.0673068017366,4.414473684210527,0.475,0.9,3.210526315789474
2022-03-27 17:00:00,17,20,1,2,13,4,0,11,6,1,7,1,5.733333333333333,169.0,4.0,10.0,50.0,0.4545454545454545,149.9043068017366,4.800000000000001,0.5,1.1,3.0
2022-03-27 18:00:00,18,14,1,2,11,0,0,9,5,1,6,1,6.733333333333333,184.0,4.0,10.0,35.0,0.3382352941176471,129.2743068017366,4.107142857142857,0.35,0.9,3.2857142857142856
2022-03-27 19:00:00,19,16,0,4,12,0,0,7,7,1,8,1,7.733333333333333,74.5,4.0,10.0,40.0,0.40625,166.00430680173662,3.575,0.4,0.7,3.25
2022-03-27 20:00:00,20,16,1,6,7,2,0,9,7,3,10,3,8.733333333333333,79.0,4.0,9.64,40.0,0.45,200.18092040520983,4.500933609958506,0.4,0.933609958506224,3.375
2022-03-27 21:00:00,21,16,1,6,7,2,0,10,6,1,7,1,9.733333333333333,114.0,4.0,9.64,40.0,0.4090909090909091,163.8843068017366,4.85103734439834,0.4,1.0373443983402488,3.375
2022-03-27 22:00:00,22,10,0,4,6,0,0,5,4,0,4,0,10.733333333333333,137.5,3.0,6.6,25.0,0.3148148148148148,115.58599999999998,3.425757575757576,0.25,0.7575757575757576,3.4
2022-03-27 23:00:00,23,11,0,2,9,0,0,7,3,0,3,0,5.983333333333333,145.0,3.0,6.6,27.500000000000004,0.3153153153153153,77.541,4.24965564738292,0.275,1.0606060606060606,3.1818181818181817
2022-03-28 00:00:00,0,8,0,2,6,0,0,2,3,0,3,0,6.983333333333333,205.0,3.0,6.6,20.0,0.2342342342342342,76.746,1.634848484848485,0.2,0.303030303030303,3.25
2022-03-28 01:00:00,1,10,0,2,8,0,0,4,3,0,3,0,7.983333333333333,265.0,3.0,6.6,25.0,0.2882882882882883,86.676,2.73939393939394,0.25,0.6060606060606061,3.2
2022-03-28 02:00:00,2,9,0,2,7,0,0,2,3,0,3,0,8.983333333333333,325.0,3.0,6.6,22.5,0.2612612612612612,90.171,1.7014309764309763,0.225,0.303030303030303,3.2222222222222223
2022-03-28 03:00:00,3,12,0,3,9,0,0,4,4,0,4,0,9.983333333333333,338.0,3.0,6.6,30.0,0.3611111111111111,115.646,2.9446969696969694,0.3,0.6060606060606061,3.25
2022-03-28 04:00:00,4,13,0,4,9,0,0,2,5,0,5,0,10.983333333333333,351.0,3.0,6.6,32.5,0.4095238095238095,136.831,2.077331002331002,0.325,0.303030303030303,3.3076923076923075
2022-03-28 05:00:00,5,15,0,4,11,0,0,2,5,0,5,0,11.983333333333333,411.0,3.0,6.6,37.5,0.4666666666666667,146.761,2.2148989898989897,0.375,0.303030303030303,3.2666666666666666
2022-03-28 06:00:00,6,15,0,5,10,0,0,1,5,1,6,1,12.983333333333333,331.0,3.0,6.6,37.5,0.4901960784313725,166.66930680173658,1.755050505050505,0.375,0.1515151515151515,3.333333333333333
2022-03-28 07:00:00,7,11,0,5,6,0,0,1,6,1,7,1,10.583333333333334,251.0,3.0,6.6,27.500000000000004,0.3838383838383838,157.9533068017366,1.4734159779614324,0.275,0.1515151515151515,3.4545454545454546
2022-03-28 08:00:00,8,10,0,5,5,0,0,1,6,1,7,1,11.583333333333334,311.0,3.0,7.43,25.0,0.3535353535353535,161.4483068017366,1.346063257065949,0.25,0.1345895020188425,3.5
2022-03-28 09:00:00,9,15,0,3,12,0,0,8,5,0,5,0,12.583333333333334,356.0,3.0,7.43,37.5,0.4571428571428571,150.14499999999998,4.645491251682369,0.375,1.0767160161507403,3.2
2022-03-28 10:00:00,10,11,0,3,8,0,0,3,4,1,5,1,11.616666666666667,69.0,4.0,11.13,27.500000000000004,0.2571428571428571,136.98130680173662,1.7821367311933352,0.275,0.2695417789757413,3.272727272727273
2022-03-28 11:00:00,11,17,0,2,13,2,0,9,5,0,5,0,12.616666666666667,129.0,4.0,11.13,42.5,0.3642857142857142,154.623,3.700876010781672,0.425,0.8086253369272238,3.0
2022-03-28 12:00:00,12,16,0,0,15,1,0,9,7,0,7,0,13.616666666666667,87.0,4.0,11.13,40.0,0.3560606060606061,184.918,3.55033692722372,0.4,0.8086253369272238,2.9375
2022-03-28 13:00:00,13,22,0,3,17,2,0,13,9,1,10,1,14.616666666666667,75.0,4.0,11.13,55.00000000000001,0.5583333333333333,244.49630680173664,5.232134689210161,0.55,1.1680143755615455,3.0454545454545454
2022-03-28 14:00:00,14,23,0,4,18,1,0,8,10,1,11,1,15.616666666666667,102.0,4.0,11.13,57.49999999999999,0.6206896551724138,265.6813068017366,4.050087894058362,0.575,0.7187780772686434,3.130434782608696
2022-03-28 15:00:00,15,25,0,3,19,2,1,12,7,1,8,1,16.616666666666667,134.5,4.0,11.13,62.5,0.578125,235.4113068017366,5.0413746630727765,0.625,1.078167115902965,2.96
2022-03-28 16:00:00,16,18,0,4,13,1,0,3,5,1,6,1,17.616666666666667,200.5,4.0,11.13,45.0,0.4191176470588235,199.23630680173665,2.2785489667565137,0.45,0.2695417789757413,3.1666666666666665
2022-03-28 17:00:00,17,21,0,5,12,3,1,8,6,3,9,3,18.616666666666667,78.0,4.0,11.13,52.5,0.5080645161290323,253.2479204052098,3.73133423180593,0.525,0.7187780772686434,3.0
2022-03-28 18:00:00,18,32,1,6,15,3,7,15,14,4,18,4,19.616666666666667,37.0,4.0,11.13,80.0,0.9886363636363636,403.9512272069464,5.839083557951483,0.8,1.3477088948787064,2.71875
2022-03-28 19:00:00,19,29,1,6,11,4,7,2,11,3,14,3,20.616666666666667,95.0,4.0,11.13,72.5,0.7403846153846154,348.68792040520987,2.4021199306007377,0.725,0.1796945193171608,2.655172413793104
2022-03-28 20:00:00,20,31,1,6,17,4,3,12,9,1,10,1,21.616666666666667,151.0,4.0,11.46,77.5,0.7583333333333333,303.2813068017366,5.348805100489782,0.775,1.0471204188481675,2.935483870967742
2022-03-28 21:00:00,21,33,1,5,19,6,2,13,8,1,9,1,22.616666666666667,187.0,4.0,11.46,82.5,0.7741935483870968,299.8113068017366,5.700015865460891,0.825,1.134380453752181,2.909090909090909
2022-03-28 22:00:00,22,24,1,2,14,6,1,3,5,0,5,0,23.616666666666667,135.0,3.0,7.76,60.0,0.6476190476190476,231.678,2.7953608247422683,0.6,0.3865979381443299,2.833333333333333
2022-03-28 23:00:00,23,22,1,2,15,3,1,9,6,0,6,0,24.616666666666667,171.5,3.0,7.76,55.00000000000001,0.6372549019607843,246.428,5.051663542642925,0.55,1.1597938144329898,2.9545454545454546
2022-03-29 00:00:00,0,15,1,3,8,3,0,2,4,0,4,0,25.616666666666667,231.5,3.0,7.76,37.5,0.4351851851851852,210.253,1.9825601374570443,0.375,0.2577319587628866,3.1333333333333333
2022-03-29 01:00:00,1,19,1,2,13,3,0,6,6,0,6,0,26.616666666666667,264.0,3.0,7.76,47.5,0.5686274509803921,251.273,3.810282148670646,0.475,0.7731958762886598,3.0526315789473686
2022-03-29 02:00:00,2,12,1,1,9,1,0,1,5,0,5,0,27.616666666666667,328.0,3.0,7.76,30.0,0.3619047619047619,228.498,1.3580756013745705,0.3,0.1288659793814433,3.1666666666666665
2022-03-29 03:00:00,3,12,1,1,8,2,0,2,5,0,5,0,28.616666666666667,388.0,3.0,7.76,30.0,0.3523809523809524,234.138,1.7196735395189005,0.3,0.2577319587628866,3.083333333333333
2022-03-29 04:00:00,4,13,1,1,8,3,0,2,5,0,5,0,29.616666666666667,448.0,3.0,7.76,32.5,0.3714285714285714,241.923,1.7481958762886598,0.325,0.2577319587628866,3.0
2022-03-29 05:00:00,5,12,1,1,8,2,0,1,5,0,5,0,30.616666666666667,508.0,3.0,7.76,30.0,0.3523809523809524,245.418,1.3223367697594504,0.3,0.1288659793814433,3.083333333333333
2022-03-29 06:00:00,6,13,1,1,9,2,0,2,5,0,5,0,31.616666666666667,568.0,3.0,7.76,32.5,0.3809523809523809,253.203,1.793021411578113,0.325,0.2577319587628866,3.076923076923077
2022-03-29 07:00:00,7,14,1,2,9,2,0,3,5,0,5,0,32.61666666666667,628.0,3.0,7.76,35.0,0.419047619047619,260.988,2.3150220913107518,0.35,0.3865979381443299,3.142857142857143
2022-03-29 08:00:00,8,13,1,2,9,1,0,1,5,0,5,0,33.61666666666667,688.0,3.0,7.84,32.5,0.4,264.483,1.4620879120879122,0.325,0.1275510204081632,3.230769230769231
2022-03-29 09:00:00,9,15,1,3,11,0,0,5,4,0,4,0,34.61666666666667,622.0,3.0,7.84,37.5,0.4629629629629629,261.01300000000003,3.3758503401360547,0.375,0.6377551020408163,3.333333333333333
2022-03-29 10:00:00,10,17,1,4,12,0,0,6,3,2,5,2,35.61666666666667,66.0,4.0,11.09,42.5,0.4071428571428571,286.0796136034732,3.239034901607172,0.425,0.5410279531109108,3.3529411764705883
2022-03-29 11:00:00,11,17,2,3,12,0,0,6,5,1,6,1,36.61666666666667,65.0,4.0,11.09,42.5,0.4264705882352941,304.25130680173663,3.295860075319578,0.425,0.5410279531109108,3.411764705882353
2022-03-29 12:00:00,12,15,2,3,10,0,0,5,3,1,4,1,37.61666666666667,125.0,4.0,11.09,37.5,0.3611111111111111,278.8013068017366,2.862969642320409,0.375,0.4508566275924256,3.466666666666667
2022-03-29 13:00:00,13,16,2,3,11,0,0,5,3,1,4,1,38.61666666666667,81.5,4.0,11.09,40.0,0.3819444444444444,286.5863068017366,2.924819657348963,0.4,0.4508566275924256,3.4375
2022-03-29 14:00:00,14,17,2,3,12,0,0,5,3,2,5,2,39.61666666666667,69.0,4.0,11.09,42.5,0.4142857142857143,308.6396136034732,2.988216729432981,0.425,0.4508566275924256,3.411764705882353
2022-03-29 15:00:00,15,15,2,3,10,0,0,8,4,1,5,1,7.666666666666667,66.0,4.0,11.09,37.5,0.3714285714285714,123.2833068017366,3.8007514277126537,0.375,0.721370604147881,3.466666666666667
2022-03-29 16:00:00,16,21,4,4,13,0,0,8,5,1,6,1,8.666666666666666,106.0,4.0,11.09,52.5,0.5514705882352942,155.1933068017366,4.451323586242433,0.525,0.721370604147881,3.571428571428572
2022-03-29 17:00:00,17,23,3,4,14,2,0,8,6,1,7,1,9.666666666666666,146.0,4.0,11.09,57.49999999999999,0.5833333333333334,178.52330680173662,4.340023326929863,0.575,0.721370604147881,3.347826086956522
2022-03-29 18:00:00,18,26,2,4,17,3,0,12,10,0,10,0,10.666666666666666,81.0,4.0,11.09,65.0,0.6916666666666667,229.93,5.529255392938892,0.65,1.0820559062218216,3.1923076923076925
2022-03-29 19:00:00,19,26,2,4,17,2,1,6,11,0,11,0,11.666666666666666,96.0,4.0,11.09,65.0,0.7068965517241379,248.97000000000003,3.756318929042103,0.65,0.5410279531109108,3.1538461538461537
2022-03-29 20:00:00,20,33,2,4,22,3,2,9,10,1,11,1,12.666666666666666,140.0,4.0,9.65,82.5,0.8620689655172413,270.4933068017366,5.326189354686764,0.825,0.932642487046632,3.0303030303030303
2022-03-29 21:00:00,21,38,2,6,22,6,2,7,9,1,10,1,13.666666666666666,175.0,4.0,9.65,95.0,0.95,273.45830680173657,5.026165803108809,0.95,0.7253886010362695,3.0
2022-03-29 22:00:00,22,38,2,8,17,9,2,10,9,2,11,2,14.666666666666666,102.0,3.0,6.4,95.0,1.2988505747126438,293.3666136034732,7.471381578947369,0.95,1.5625,2.973684210526316
2022-03-29 23:00:00,23,39,1,7,21,8,2,15,9,1,10,1,8.916666666666666,106.0,3.0,6.4,97.5,1.2666666666666666,248.81330680173664,9.700961538461538,0.975,2.34375,2.923076923076923
2022-03-30 00:00:00,0,31,1,7,16,7,0,5,8,1,9,1,9.916666666666666,152.0,3.0,6.4,77.5,1.021505376344086,223.89330680173663,4.769153225806451,0.775,0.78125,3.064516129032258
2022-03-30 01:00:00,1,28,1,8,13,6,0,3,8,1,9,1,10.916666666666666,212.0,3.0,6.4,70.0,0.946236559139785,223.0983068017366,3.673214285714285,0.7,0.46875,3.142857142857143
2022-03-30 02:00:00,2,26,1,7,12,6,0,3,9,1,10,1,11.916666666666666,260.0,3.0,6.4,65.0,0.9,237.8483068017366,3.4853365384615382,0.65,0.46875,3.1153846153846154
2022-03-30 03:00:00,3,22,0,7,11,4,0,1,9,1,10,1,12.25,320.0,3.0,6.4,55.00000000000001,0.7666666666666667,231.14830680173665,2.2150568181818184,0.55,0.15625,3.136363636363636
2022-03-30 04:00:00,4,19,0,7,8,4,0,1,9,1,10,1,13.25,380.0,3.0,6.4,47.5,0.6666666666666666,230.3533068017366,1.993421052631579,0.475,0.15625,3.1578947368421053
2022-03-30 05:00:00,5,17,0,7,8,2,0,0,9,1,10,1,14.25,440.0,3.0,6.4,42.5,0.6222222222222222,231.70330680173663,1.4,0.425,0.0,3.294117647058824
2022-03-30 06:00:00,6,17,0,6,9,2,0,1,9,0,9,0,15.25,512.0,3.0,6.4,42.5,0.5913978494623656,223.075,1.880514705882353,0.425,0.15625,3.235294117647059
2022-03-30 07:00:00,7,15,0,4,10,1,0,2,9,0,9,0,13.683333333333334,572.0,3.0,6.4,37.5,0.5161290322580645,209.949,2.2,0.375,0.3125,3.2
2022-03-30 08:00:00,8,20,0,5,14,1,0,7,9,0,9,0,14.683333333333334,632.0,3.0,7.33,50.0,0.6881720430107527,226.314,4.65593451568895,0.5,0.9549795361527968,3.2
2022-03-30 09:00:00,9,21,0,4,16,1,0,6,9,0,9,0,15.683333333333334,668.0,3.0,7.33,52.5,0.7096774193548387,234.099,4.2225979341259015,0.525,0.8185538881309686,3.142857142857143
2022-03-30 10:00:00,10,22,0,4,17,1,0,7,8,1,9,1,16.683333333333334,615.0,4.0,10.65,55.00000000000001,0.5564516129032258,242.7523068017366,3.7864596670934696,0.55,0.6572769953051643,3.136363636363636
2022-03-30 11:00:00,11,31,0,4,25,2,0,13,10,3,13,3,17.683333333333334,93.0,4.0,10.65,77.5,0.8796296296296297,323.03392040520987,6.115723913372708,0.775,1.220657276995305,3.064516129032258
2022-03-30 12:00:00,12,33,1,5,25,2,0,6,11,4,15,4,18.683333333333334,88.0,4.0,10.65,82.5,1.04,360.6322272069465,4.375501493811353,0.825,0.5633802816901409,3.1515151515151514
2022-03-30 13:00:00,13,30,1,5,22,2,0,4,11,4,15,4,16.733333333333334,145.0,4.0,10.65,75.0,0.95,343.1992272069465,3.5643583724569643,0.75,0.3755868544600939,3.1666666666666665
2022-03-30 14:00:00,14,32,2,4,25,1,0,8,12,3,15,3,17.733333333333334,185.0,4.0,10.65,80.0,1.03,352.26092040520984,4.992840375586854,0.8,0.7511737089201878,3.21875
2022-03-30 15:00:00,15,31,2,4,24,1,0,5,11,2,13,2,18.73333333333333,200.0,4.0,10.65,77.5,0.925925925925926,328.08761360347324,4.014463122822959,0.775,0.4694835680751174,3.225806451612903
2022-03-30 16:00:00,16,32,4,7,21,0,0,8,10,4,14,4,19.73333333333333,152.5,4.0,10.65,80.0,1.0673076923076923,351.00922720694643,5.380633802816901,0.8,0.7511737089201878,3.46875
2022-03-30 17:00:00,17,29,1,7,21,0,0,6,10,2,12,2,16.233333333333334,199.0,4.0,10.65,72.5,0.8571428571428571,296.2976136034732,4.264983001457018,0.725,0.5633802816901409,3.310344827586207
2022-03-30 18:00:00,18,27,1,7,17,2,0,8,11,2,13,2,17.233333333333334,174.0,4.0,10.65,67.5,0.8148148148148148,311.0476136034732,4.648269866110241,0.675,0.7511737089201878,3.259259259259259
2022-03-30 19:00:00,19,25,0,6,19,0,0,4,9,2,11,2,18.23333333333333,229.0,4.0,10.65,62.5,0.6982758620689655,285.59761360347323,3.2419014084507047,0.625,0.3755868544600939,3.24
2022-03-30 20:00:00,20,21,1,3,15,1,1,9,7,2,9,2,10.933333333333334,173.0,4.0,9.45,52.5,0.5241935483870968,209.0456136034732,4.572845804988662,0.525,0.9523809523809524,3.095238095238096
2022-03-30 21:00:00,21,20,1,4,15,0,0,9,5,3,8,3,11.133333333333333,143.5,4.0,9.45,50.0,0.515625,195.49692040520983,4.792857142857144,0.5,0.9523809523809524,3.3
2022-03-30 22:00:00,22,23,1,3,17,2,0,14,7,2,9,2,12.133333333333333,104.0,3.0,6.13,57.49999999999999,0.7741935483870968,220.10361360347324,8.949443222923612,0.575,2.283849918433932,3.130434782608696
2022-03-30 23:00:00,23,23,0,2,19,2,0,12,3,1,4,1,3.5,126.5,3.0,6.13,57.49999999999999,0.6388888888888888,103.5433068017366,7.597756933115823,0.575,1.9575856443719413,3.0
2022-03-31 00:00:00,0,17,0,2,13,2,0,4,3,0,3,0,4.5,176.0,3.0,6.13,42.5,0.4594594594594595,82.04499999999999,3.2325856443719414,0.425,0.6525285481239804,3.0
2022-03-31 01:00:00,1,18,0,3,14,1,0,7,3,1,4,1,5.5,215.0,3.0,6.13,45.0,0.5185185185185185,104.0983068017366,4.952655428675005,0.45,1.1419249592169658,3.111111111111111
2022-03-31 02:00:00,2,17,0,2,14,1,0,5,5,1,6,1,6.5,179.0,3.0,6.13,42.5,0.5098039215686274,134.39330680173663,3.79496209576816,0.425,0.8156606851549756,3.0588235294117645
2022-03-31 03:00:00,3,15,0,2,12,1,0,6,6,2,8,2,7.5,104.0,3.0,6.13,37.5,0.4791666666666667,163.41161360347326,4.151631321370311,0.375,0.9787928221859706,3.066666666666667
2022-03-31 04:00:00,4,18,0,3,15,0,0,4,7,2,9,2,8.5,149.0,3.0,6.13,45.0,0.6129032258064516,188.8866136034732,3.491340402392604,0.45,0.6525285481239804,3.1666666666666665
2022-03-31 05:00:00,5,15,0,2,13,0,0,0,6,2,8,2,9.5,224.0,3.0,6.13,37.5,0.4895833333333333,174.69161360347323,1.175,0.375,0.0,3.1333333333333333
2022-03-31 06:00:00,6,14,0,1,13,0,0,1,6,2,8,2,10.5,284.0,3.0,6.13,35.0,0.4479166666666667,178.18661360347323,1.5760487065951994,0.35,0.1631321370309951,3.071428571428572
2022-03-31 07:00:00,7,14,0,1,13,0,0,3,8,2,10,2,10.733333333333333,304.0,3.0,6.13,35.0,0.4777777777777778,206.3026136034732,2.5781461197855977,0.35,0.4893964110929853,3.071428571428572
2022-03-31 08:00:00,8,14,0,1,12,1,0,4,8,2,10,2,11.733333333333333,352.5,3.0,6.68,35.0,0.4666666666666667,211.9426136034732,2.8464071856287427,0.35,0.5988023952095809,3.0
2022-03-31 09:00:00,9,16,1,1,13,1,0,5,5,3,8,3,12.7,252.0,3.0,6.68,40.0,0.5208333333333334,195.75292040520984,3.589071856287425,0.4,0.7485029940119761,3.125
2022-03-31 10:00:00,10,20,1,3,15,1,0,8,5,2,7,2,12.233333333333333,193.0,4.0,9.93,50.0,0.4848484848484848,187.4326136034732,4.178046324269889,0.5,0.8056394763343404,3.2
2022-03-31 11:00:00,11,16,1,1,13,1,0,4,3,1,4,1,13.233333333333333,196.5,4.0,9.93,40.0,0.3472222222222222,143.4243068017366,2.508811681772407,0.4,0.4028197381671702,3.125
2022-03-31 12:00:00,12,16,0,3,13,0,0,8,6,0,6,0,14.233333333333333,69.5,4.0,9.93,40.0,0.375,174.99599999999998,3.8429758308157114,0.4,0.8056394763343404,3.1875
2022-03-31 13:00:00,13,19,0,5,14,0,0,8,8,0,8,0,6.216666666666667,59.5,4.0,9.93,47.5,0.484375,163.017,4.178928817512058,0.475,0.8056394763343404,3.263157894736842
2022-03-31 14:00:00,14,24,0,8,15,1,0,9,11,0,11,0,7.216666666666667,110.0,4.0,9.93,60.0,0.6810344827586207,219.582,4.958383685800604,0.6,0.9063444108761328,3.2916666666666665
2022-03-31 15:00:00,15,24,0,7,15,2,0,8,11,0,11,0,8.216666666666667,155.0,4.0,9.93,60.0,0.6637931034482759,225.222,4.509759986572675,0.6,0.8056394763343404,3.208333333333333
2022-03-31 16:00:00,16,26,0,5,19,1,1,12,8,0,8,0,6.183333333333334,144.5,4.0,9.93,65.0,0.625,177.844,5.718336044620033,0.65,1.2084592145015105,3.076923076923077
2022-03-31 17:00:00,17,22,0,5,16,1,0,4,10,0,10,0,7.183333333333334,154.0,4.0,9.93,55.00000000000001,0.5833333333333334,201.704,3.031699166895541,0.55,0.4028197381671702,3.1818181818181817
2022-03-31 18:00:00,18,26,0,6,17,3,0,8,11,0,11,0,8.183333333333334,184.0,4.0,9.93,65.0,0.6982758620689655,229.324,4.534876830118523,0.65,0.8056394763343404,3.1153846153846154
2022-03-31 19:00:00,19,21,0,5,14,1,1,4,12,0,12,0,7.35,213.0,4.0,9.93,52.5,0.5803571428571429,227.29900000000004,2.8718229990888604,0.525,0.4028197381671702,3.095238095238096
2022-03-31 20:00:00,20,22,0,7,14,1,0,10,13,0,13,0,8.35,205.0,4.0,9.63,55.00000000000001,0.6666666666666666,248.48400000000004,5.198470688190316,0.55,1.038421599169263,3.272727272727273
2022-03-31 21:00:00,21,25,0,4,20,1,0,10,11,0,11,0,8.833333333333334,265.0,4.0,9.63,62.5,0.6724137931034483,230.845,5.1898753894081,0.625,1.038421599169263,3.12
2022-03-31 22:00:00,22,19,0,5,14,0,0,8,7,0,7,0,9.833333333333334,178.0,3.0,6.38,47.5,0.6262626262626263,170.015,5.641734037287576,0.475,1.2539184952978055,3.263157894736842
2022-03-31 23:00:00,23,18,0,4,14,0,0,6,7,1,8,1,10.833333333333334,135.0,3.0,6.38,45.0,0.6041666666666666,187.77830680173665,4.480303030303031,0.45,0.9404388714733544,3.2222222222222223
