ts,hour,census,l1,l2,l3,l4,l5,arrivals,waitBed,waitICU,D_board,vent,maxLOS_h,awt_curr_min,Na,cap_sum,OCCUPANCY,EDWIN,NEDOCS,READI,READI_BR,READI_PR,READI_AR
2024-04-01 00:00:00,0,43,1,7,26,5,4,12,25,1,26,1,38.73333333333333,540.5,3.0,6.35,107.5,2.9761904761904763,639.9593068017366,8.618499359091743,1.075,1.8897637795275597,2.9069767441860463
2024-04-01 01:00:00,1,40,1,7,27,4,1,9,25,1,26,1,39.73333333333333,600.5,3.0,6.35,100.0,2.9285714285714284,639.1643068017366,7.433267716535434,1.0,1.4173228346456694,3.075
2024-04-01 02:00:00,2,38,2,7,24,4,1,5,27,1,28,1,40.73333333333333,653.5,3.0,6.35,95.0,3.305555555555556,667.3143068017366,5.440810194778285,0.95,0.7874015748031497,3.131578947368421
2024-04-01 03:00:00,3,39,2,8,26,2,1,4,27,1,28,1,41.73333333333333,713.5,3.0,6.35,97.5,3.4722222222222223,675.0993068017366,5.1439783969311526,0.975,0.6299212598425197,3.2051282051282053
2024-04-01 04:00:00,4,38,2,8,26,1,1,3,27,1,28,1,42.73333333333333,773.5,3.0,6.35,95.0,3.4166666666666665,678.5943068017366,4.604216742644012,0.95,0.4724409448818898,3.236842105263158
2024-04-01 05:00:00,5,32,2,8,20,1,1,1,27,0,27,0,43.73333333333333,835.0,3.0,6.35,80.0,2.6923076923076925,657.096,3.1417322834645667,0.8,0.1574803149606299,3.28125
2024-04-01 06:00:00,6,34,2,7,22,2,1,4,27,0,27,0,44.73333333333333,895.0,3.0,6.35,85.0,2.7948717948717947,667.0260000000001,4.744453450671607,0.85,0.6299212598425197,3.2058823529411766
2024-04-01 07:00:00,7,32,2,7,21,1,1,3,27,0,27,0,45.73333333333333,955.0,3.0,6.35,80.0,2.6666666666666665,668.376,4.135433070866142,0.8,0.4724409448818898,3.25
2024-04-01 08:00:00,8,33,2,7,22,1,1,2,27,1,28,1,46.73333333333333,1013.5,3.0,7.61,82.5,2.9722222222222223,690.4293068017366,3.527148289730418,0.825,0.2628120893561104,3.242424242424242
2024-04-01 09:00:00,9,35,2,9,22,1,1,3,26,2,28,2,47.73333333333333,1067.0,3.0,7.61,87.5,3.1944444444444446,701.2276136034732,4.170288154683687,0.875,0.3942181340341655,3.2857142857142856
2024-04-01 10:00:00,10,41,2,13,24,1,1,9,26,2,28,2,48.73333333333333,1028.5,4.0,10.95,102.5,2.8541666666666665,719.7376136034732,6.171408286000668,1.025,0.8219178082191781,3.341463414634146
2024-04-01 11:00:00,11,54,2,17,32,2,1,16,32,3,35,3,49.73333333333333,813.0,4.0,10.95,135.0,8.95,847.9309204052098,9.31856502621343,1.35,1.4611872146118725,3.314814814814815
2024-04-01 12:00:00,12,48,2,13,31,2,0,6,29,2,31,2,50.73333333333333,803.0,4.0,10.95,120.0,4.416666666666667,786.2326136034733,5.790068493150685,1.2,0.5479452054794521,3.3125
2024-04-01 13:00:00,13,53,2,14,34,3,0,9,33,2,35,2,51.73333333333333,661.0,4.0,10.95,132.5,8.7,856.1976136034732,7.048371672266736,1.325,0.8219178082191781,3.2830188679245285
2024-04-01 14:00:00,14,51,3,12,32,4,0,6,29,2,31,2,52.73333333333333,721.0,4.0,10.95,127.5,4.638888888888889,803.9476136034732,5.969251947354284,1.275,0.5479452054794521,3.2745098039215685
2024-04-01 15:00:00,15,40,3,8,25,4,0,8,19,2,21,2,40.2,267.0,4.0,10.95,100.0,1.7105263157894737,575.6646136034733,5.624429223744292,1.0,0.7305936073059361,3.25
2024-04-01 16:00:00,16,37,4,8,24,1,0,10,20,4,24,4,41.2,236.5,4.0,10.95,92.5,1.96875,616.8062272069465,6.259959274342837,0.925,0.9132420091324202,3.4054054054054053
2024-04-01 17:00:00,17,40,4,10,24,2,0,8,19,5,24,5,42.2,296.5,4.0,10.95,100.0,2.125,629.7495340086831,5.884018264840182,1.0,0.7305936073059361,3.4
2024-04-01 18:00:00,18,45,3,10,22,10,0,11,21,4,25,4,43.2,348.0,4.0,10.95,112.5,2.35,658.6462272069465,6.672640791476408,1.125,1.0045662100456625,3.1333333333333333
2024-04-01 19:00:00,19,39,2,11,19,7,0,8,21,3,24,3,44.2,377.5,4.0,10.95,97.5,1.953125,637.1479204052099,5.466646177262616,0.975,0.7305936073059361,3.2051282051282053
2024-04-01 20:00:00,20,48,2,9,25,12,0,14,22,3,25,3,45.2,359.0,4.0,10.13,120.0,2.4166666666666665,675.4929204052098,7.799893056926622,1.2,1.3820335636722607,3.020833333333333
2024-04-01 21:00:00,21,42,3,5,26,8,0,11,21,3,24,3,46.2,412.5,4.0,10.13,105.0,2.015625,654.8629204052098,6.560213651107038,1.05,1.0858835143139192,3.071428571428572
2024-04-01 22:00:00,22,37,3,5,23,6,0,7,19,4,23,4,47.2,479.0,3.0,6.79,92.5,2.2745098039215685,637.2462272069465,6.132098077458902,0.925,1.0309278350515465,3.135135135135135
2024-04-01 23:00:00,23,39,3,7,24,5,0,9,23,5,28,5,48.2,446.5,3.0,6.79,97.5,3.4722222222222223,715.0445340086831,7.373328990597032,0.975,1.325478645066274,3.2051282051282053
2024-04-02 00:00:00,0,39,3,6,24,5,1,9,23,4,27,4,49.2,512.0,3.0,6.79,97.5,3.128205128205128,706.4162272069465,7.196369094822702,0.975,1.325478645066274,3.128205128205128
2024-04-02 01:00:00,1,35,3,6,21,5,0,8,23,4,27,4,50.2,572.0,3.0,6.79,87.5,2.871794871794872,703.4762272069465,6.570250368188514,0.875,1.1782032400589102,3.2
2024-04-02 02:00:00,2,35,3,8,21,3,0,5,23,3,26,3,51.2,669.0,3.0,6.79,87.5,2.761904761904762,694.8479204052098,5.340563854407743,0.875,0.7363770250368189,3.3142857142857145
2024-04-02 03:00:00,3,35,3,9,19,4,0,2,24,3,27,3,52.2,692.0,3.0,6.79,87.5,2.9743589743589745,713.8879204052098,3.876225541763097,0.875,0.2945508100147275,3.3142857142857145
2024-04-02 04:00:00,4,36,3,8,22,3,0,7,25,3,28,3,53.2,746.5,3.0,6.79,90.0,3.305555555555556,735.0729204052099,6.3827892325315,0.9,1.0309278350515465,3.305555555555556
2024-04-02 05:00:00,5,37,3,8,23,3,0,3,26,3,29,3,54.2,801.0,3.0,6.79,92.5,3.696969696969697,756.2579204052099,4.506832384667437,0.925,0.4418262150220913,3.2972972972972974
2024-04-02 06:00:00,6,35,3,8,21,3,0,1,26,3,29,3,55.2,861.0,3.0,6.79,87.5,3.515151515151515,757.6079204052098,3.3881127708815484,0.875,0.1472754050073637,3.3142857142857145
2024-04-02 07:00:00,7,39,4,8,22,5,0,5,27,4,31,4,56.2,835.0,3.0,6.79,97.5,4.7407407407407405,799.4962272069465,5.616827159095201,0.975,0.7363770250368189,3.282051282051282
2024-04-02 08:00:00,8,39,4,9,21,5,0,4,27,4,31,4,57.2,895.0,3.0,6.35,97.5,4.777777777777778,805.1362272069465,5.308585705632949,0.975,0.6299212598425197,3.3076923076923075
2024-04-02 09:00:00,9,41,2,7,27,5,0,7,25,3,28,3,58.2,939.5,3.0,6.35,102.5,3.583333333333333,773.9979204052098,6.693407912425582,1.025,1.1023622047244095,3.1463414634146343
2024-04-02 10:00:00,10,41,2,8,25,6,0,7,24,2,26,2,59.2,951.5,4.0,9.67,102.5,2.3035714285714284,751.9696136034732,5.502599818397357,1.025,0.7238883143743536,3.1463414634146343
2024-04-02 11:00:00,11,43,2,7,27,7,0,9,24,2,26,2,60.2,819.5,4.0,9.67,107.5,2.375,761.8996136034733,6.203718645535221,1.075,0.9307135470527405,3.0930232558139537
2024-04-02 12:00:00,12,35,1,5,25,4,0,8,20,2,22,2,61.2,830.0,4.0,9.67,87.5,1.5,696.7796136034733,5.2528143004875165,0.875,0.827300930713547,3.085714285714286
2024-04-02 13:00:00,13,30,1,2,23,4,0,6,15,1,16,1,26.58333333333333,750.5,4.0,9.67,75.0,0.9375,409.5483068017365,4.111427094105481,0.75,0.6204756980351603,3.0
2024-04-02 14:00:00,14,29,1,3,21,4,0,7,14,1,15,1,27.5,703.0,4.0,9.67,72.5,0.88,399.1733068017367,4.39662660913597,0.725,0.7238883143743536,3.034482758620689
2024-04-02 15:00:00,15,31,1,3,23,4,0,8,17,1,18,1,28.5,295.5,4.0,9.67,77.5,1.068181818181818,449.3033068017367,4.858589918937852,0.775,0.827300930713547,3.032258064516129
2024-04-02 16:00:00,16,29,1,4,19,5,0,9,16,2,18,2,29.5,262.0,4.0,9.67,72.5,1.0,451.52161360347327,5.024234211746246,0.725,0.9307135470527405,3.034482758620689
2024-04-02 17:00:00,17,29,2,3,19,5,0,7,18,1,19,1,30.5,317.0,4.0,9.67,72.5,1.0595238095238095,469.6933068017366,4.446588275148878,0.725,0.7238883143743536,3.0689655172413794
2024-04-02 18:00:00,18,29,2,4,16,6,1,10,16,0,16,0,31.5,330.5,4.0,9.67,72.5,0.90625,434.265,5.277378490175802,0.725,1.034126163391934,3.0
2024-04-02 19:00:00,19,28,1,3,17,6,1,7,15,0,15,0,32.5,297.0,4.0,9.67,70.0,0.81,424.36,4.119105480868665,0.7,0.7238883143743536,2.892857142857143
2024-04-02 20:00:00,20,33,1,4,19,8,1,8,16,0,16,0,33.5,348.0,4.0,10.11,82.5,0.9895833333333334,454.125,4.6529726043821,0.825,0.7912957467853611,2.878787878787879
2024-04-02 21:00:00,21,37,1,5,23,8,0,10,18,0,18,0,34.5,389.5,4.0,10.11,92.5,1.25,495.145,5.690626086026679,0.925,0.9891196834817012,2.972972972972973
2024-04-02 22:00:00,22,35,2,5,22,6,0,7,18,0,18,0,35.416666666666664,423.0,3.0,6.79,87.5,1.6363636363636365,496.025,5.881148748159057,0.875,1.0309278350515465,3.085714285714286
2024-04-02 23:00:00,23,39,2,4,23,9,1,12,18,0,18,0,36.41666666666666,483.0,3.0,6.79,97.5,1.7272727272727273,510.245,8.01596805256599,0.975,1.7673048600883652,2.923076923076923
2024-04-03 00:00:00,0,30,1,4,17,8,0,7,18,0,18,0,37.41666666666666,543.0,3.0,6.79,75.0,1.3333333333333333,496.5799999999999,5.224054982817869,0.75,1.0309278350515465,2.933333333333333
2024-04-03 01:00:00,1,28,1,4,17,6,0,2,18,0,18,0,38.41666666666666,603.0,3.0,6.79,70.0,1.2727272727272727,497.93,2.9836524300441827,0.7,0.2945508100147275,3.0
2024-04-03 02:00:00,2,27,1,4,18,4,0,3,18,0,18,0,39.41666666666666,663.0,3.0,6.79,67.5,1.2575757575757576,501.425,3.433206512845688,0.675,0.4418262150220913,3.074074074074074
2024-04-03 03:00:00,3,34,1,6,23,4,0,10,19,1,20,1,40.41666666666666,703.0,3.0,6.79,85.0,1.7666666666666666,549.7483068017366,7.2415273325825185,0.85,1.4727540500736378,3.117647058823529
2024-04-03 04:00:00,4,33,2,6,21,4,0,1,19,2,21,2,41.41666666666666,760.0,3.0,6.79,82.5,1.8421052631578947,567.5116136034733,3.0936035613870665,0.825,0.1472754050073637,3.1818181818181817
2024-04-03 05:00:00,5,37,1,6,26,4,0,6,20,1,21,1,42.41666666666666,820.0,3.0,6.79,92.5,2.017543859649123,580.8633068017366,5.621487282569756,0.925,0.8836524300441826,3.108108108108108
2024-04-03 06:00:00,6,33,1,7,21,4,0,2,20,1,21,1,43.41666666666666,880.0,3.0,6.79,82.5,1.824561403508772,577.9233068017367,3.5282813406524745,0.825,0.2945508100147275,3.1515151515151514
2024-04-03 07:00:00,7,37,1,7,25,4,0,6,20,1,21,1,44.41666666666666,940.0,3.0,6.79,92.5,2.0350877192982457,592.1433068017366,5.670369780679059,0.925,0.8836524300441826,3.135135135135135
2024-04-03 08:00:00,8,40,2,7,27,4,0,6,21,1,22,1,45.41666666666666,978.0,3.0,7.21,100.0,2.351851851851852,617.6183068017366,5.817163661581137,1.0,0.8321775312066574,3.175
2024-04-03 09:00:00,9,45,1,5,36,3,0,10,20,1,21,1,46.41666666666666,1016.0,3.0,7.21,112.5,2.43859649122807,620.5833068017366,7.759173216212052,1.125,1.3869625520110958,3.088888888888889
2024-04-03 10:00:00,10,42,1,5,33,3,0,8,19,1,20,1,47.41666666666666,1057.0,4.0,10.46,105.0,1.625,606.3883068017366,5.617294910315944,1.05,0.7648183556405354,3.095238095238096
2024-04-03 11:00:00,11,46,1,6,36,3,0,12,23,1,24,1,48.41666666666666,792.5,4.0,10.46,115.0,2.234375,674.2083068017366,7.1413812453238,1.15,1.1472275334608029,3.108695652173913
2024-04-03 12:00:00,12,41,0,6,32,3,0,13,16,1,17,1,24.45,130.0,4.0,10.46,102.5,1.3695652173913044,434.5113068017366,6.969428251643893,1.025,1.2428298279158698,3.073170731707317
2024-04-03 13:00:00,13,38,0,8,28,2,0,11,13,1,14,1,25.45,169.5,4.0,10.46,95.0,1.1538461538461535,393.5163068017366,6.320921807386535,0.95,1.051625239005736,3.1578947368421053
2024-04-03 14:00:00,14,36,0,8,26,2,0,11,12,0,12,0,17.733333333333334,141.0,4.0,10.46,90.0,1.0178571428571428,318.036,6.180146590184831,0.9,1.051625239005736,3.1666666666666665
2024-04-03 15:00:00,15,38,0,10,26,2,0,12,9,0,9,0,18.73333333333333,160.0,4.0,10.46,95.0,0.9838709677419356,287.766,6.733204186374157,0.95,1.1472275334608029,3.210526315789474
2024-04-03 16:00:00,16,37,0,11,24,2,0,8,10,0,10,0,18.78333333333333,169.0,4.0,10.46,92.5,1.0,299.303,5.480491964239575,0.925,0.7648183556405354,3.2432432432432434
2024-04-03 17:00:00,17,27,0,10,14,2,1,3,9,0,9,0,7.416666666666667,224.0,4.0,10.46,67.5,0.7016129032258065,200.34500000000003,3.099155513065647,0.675,0.2868068833652007,3.2222222222222223
2024-04-03 18:00:00,18,26,0,7,16,2,1,8,10,0,10,0,7.916666666666667,277.5,4.0,10.46,65.0,0.675,214.42,4.407703338726283,0.65,0.7648183556405354,3.1153846153846154
2024-04-03 19:00:00,19,24,0,3,19,2,0,13,7,0,7,0,8.6,60.0,4.0,10.46,60.0,0.553030303030303,173.784,5.60527405991077,0.6,1.2428298279158698,3.0416666666666665
2024-04-03 20:00:00,20,29,1,1,26,1,0,15,7,1,8,1,8.316666666666666,85.5,4.0,10.02,72.5,0.6953125,197.17930680173663,6.819259756349371,0.725,1.497005988023952,3.0689655172413794
2024-04-03 21:00:00,21,25,1,2,22,0,0,11,6,1,7,1,6.666666666666667,74.0,4.0,10.02,62.5,0.5984848484848485,165.8933068017366,5.444061876247505,0.625,1.097804391217565,3.16
2024-04-03 22:00:00,22,23,0,3,20,0,0,11,7,0,7,0,3.733333333333333,97.0,3.0,6.77,57.49999999999999,0.7272727272727273,144.19099999999997,6.886378524179565,0.575,1.6248153618906944,3.130434782608696
2024-04-03 23:00:00,23,25,0,4,20,1,0,8,7,0,7,0,4.583333333333333,102.0,3.0,6.77,62.5,0.7878787878787878,153.275,5.63685376661743,0.625,1.1816838995568686,3.12
2024-04-04 00:00:00,0,22,0,4,18,0,0,8,6,0,6,0,5.583333333333333,139.0,3.0,6.77,55.00000000000001,0.6862745098039216,139.07999999999998,5.509903316771855,0.55,1.1816838995568686,3.1818181818181817
2024-04-04 01:00:00,1,20,0,3,16,1,0,5,7,1,8,1,6.583333333333333,159.0,3.0,6.77,50.0,0.6458333333333334,168.0983068017366,3.839512555391433,0.5,0.7385524372230429,3.1
2024-04-04 02:00:00,2,15,0,3,12,0,0,0,6,1,7,1,7.583333333333333,236.0,3.0,6.77,37.5,0.4848484848484848,149.6133068017366,1.2000000000000002,0.375,0.0,3.2
2024-04-04 03:00:00,3,18,0,5,12,1,0,5,7,0,7,0,8.583333333333334,296.0,3.0,6.77,45.0,0.5858585858585859,160.82,3.829780075496472,0.45,0.7385524372230429,3.2222222222222223
2024-04-04 04:00:00,4,21,0,5,16,0,0,6,9,0,9,0,9.583333333333334,322.0,3.0,6.77,52.5,0.7311827956989247,199.695,4.5698037560666815,0.525,0.8862629246676514,3.238095238095238
2024-04-04 05:00:00,5,22,0,6,16,0,0,2,9,0,9,0,10.583333333333334,382.0,3.0,6.77,55.00000000000001,0.7741935483870968,207.48,2.76683228145562,0.55,0.2954209748892171,3.272727272727273
2024-04-04 06:00:00,6,21,0,6,15,0,0,0,9,0,9,0,11.583333333333334,442.0,3.0,6.77,52.5,0.7419354838709677,210.975,1.725,0.525,0.0,3.2857142857142856
2024-04-04 07:00:00,7,20,0,6,14,0,0,4,8,0,8,0,11.983333333333333,519.0,3.0,6.77,50.0,0.6875,197.686,3.599778434268833,0.5,0.5908419497784343,3.3
2024-04-04 08:00:00,8,23,0,6,17,0,0,5,8,0,8,0,12.983333333333333,579.0,3.0,7.779999999999999,57.49999999999999,0.78125,209.761,3.970674527774673,0.575,0.6426735218508998,3.260869565217391
2024-04-04 09:00:00,9,22,0,5,17,0,0,7,7,0,7,0,13.983333333333333,622.0,3.0,7.779999999999999,55.00000000000001,0.7171717171717171,199.856,4.67871582145361,0.55,0.8997429305912598,3.227272727272727
2024-04-04 10:00:00,10,25,1,3,21,0,0,13,9,1,10,1,14.983333333333333,238.0,4.0,11.12,62.5,0.6666666666666666,252.99930680173665,5.741007194244605,0.625,1.169064748201439,3.2
2024-04-04 11:00:00,11,27,2,6,19,0,0,14,9,1,10,1,14.516666666666667,80.5,4.0,11.12,67.5,0.7583333333333333,254.65730680173655,6.518272049027445,0.675,1.2589928057553958,3.3703703703703702
2024-04-04 12:00:00,12,24,1,5,18,0,0,8,8,1,9,1,15.516666666666667,137.0,4.0,11.12,60.0,0.6370967741935484,240.46230680173664,4.3431055155875296,0.6,0.7194244604316548,3.2916666666666665
2024-04-04 13:00:00,13,18,1,7,10,0,0,6,8,1,9,1,12.083333333333334,184.0,4.0,11.12,45.0,0.5080645161290323,208.22830680173664,3.463489208633094,0.45,0.5395683453237411,3.5
2024-04-04 14:00:00,14,16,1,5,10,0,0,11,5,0,5,0,13.083333333333334,264.0,4.0,11.12,40.0,0.3928571428571428,155.11,4.775404676258993,0.4,0.9892086330935252,3.4375
2024-04-04 15:00:00,15,15,1,3,11,0,0,4,5,0,5,0,14.083333333333334,324.0,4.0,11.12,37.5,0.3571428571428571,158.605,2.449040767386091,0.375,0.3597122302158274,3.333333333333333
2024-04-04 16:00:00,16,9,1,3,5,0,0,8,4,0,4,0,15.083333333333334,321.0,4.0,11.12,22.5,0.2222222222222222,137.975,3.357953637090328,0.225,0.7194244604316548,3.555555555555556
2024-04-04 17:00:00,17,15,1,3,11,0,0,7,5,0,5,0,16.083333333333332,288.0,4.0,11.12,37.5,0.3571428571428571,169.885,3.34832134292566,0.375,0.6294964028776979,3.333333333333333
2024-04-04 18:00:00,18,18,1,4,12,0,1,13,7,0,7,0,17.083333333333332,92.0,4.0,11.12,45.0,0.4393939393939394,208.76,5.216986410871304,0.45,1.169064748201439,3.2222222222222223
2024-04-04 19:00:00,19,22,1,4,16,0,1,11,6,0,6,0,18.08333333333333,128.0,4.0,11.12,55.00000000000001,0.5147058823529411,209.58,4.89748201438849,0.55,0.9892086330935252,3.1818181818181817
2024-04-04 20:00:00,20,19,1,2,14,2,0,8,3,0,3,0,19.08333333333333,212.0,4.0,10.25,47.5,0.3986486486486486,168.58499999999998,3.898620025673941,0.475,0.7804878048780488,3.1052631578947367
2024-04-04 21:00:00,21,19,1,2,12,4,0,11,3,0,3,0,20.08333333333333,224.0,4.0,10.25,47.5,0.3851351351351351,174.22499999999997,4.644512195121951,0.475,1.0731707317073171,3.0
2024-04-04 22:00:00,22,19,1,2,12,3,1,9,2,0,2,0,21.08333333333333,774.5,3.0,6.91,47.5,0.4912280701754385,166.46499999999995,5.238830070835554,0.475,1.3024602026049203,2.9473684210526314
2024-04-04 23:00:00,23,14,1,2,11,0,0,5,2,0,2,0,22.08333333333333,675.5,3.0,6.91,35.0,0.4035087719298245,161.38,3.527506719040728,0.35,0.723589001447178,3.2857142857142856
2024-04-05 00:00:00,0,15,1,2,11,1,0,4,2,0,2,0,23.08333333333333,735.5,3.0,6.91,37.5,0.4210526315789473,169.165,3.052387843704776,0.375,0.5788712011577424,3.2
2024-04-05 01:00:00,1,12,1,2,9,0,0,2,2,0,2,0,24.08333333333333,795.5,3.0,6.91,30.0,0.3508771929824561,168.36999999999998,1.964785335262904,0.3,0.2894356005788712,3.333333333333333
2024-04-05 02:00:00,2,13,1,2,10,0,0,2,2,0,2,0,25.08333333333333,855.5,3.0,6.91,32.5,0.3771929824561403,176.155,2.032363909607035,0.325,0.2894356005788712,3.3076923076923075
2024-04-05 03:00:00,3,13,1,2,10,0,0,5,2,0,2,0,26.08333333333333,915.5,3.0,6.91,32.5,0.3771929824561403,181.795,3.468409774017588,0.325,0.723589001447178,3.3076923076923075
2024-04-05 04:00:00,4,13,1,2,8,2,0,2,2,0,2,0,27.08333333333333,975.5,3.0,6.91,32.5,0.3596491228070175,187.435,1.9378353556718244,0.325,0.2894356005788712,3.1538461538461537
2024-04-05 05:00:00,5,15,1,2,11,1,0,3,2,0,2,0,28.08333333333333,1035.5,3.0,6.91,37.5,0.4210526315789473,197.365,2.589290882778582,0.375,0.4341534008683068,3.2
2024-04-05 06:00:00,6,14,1,2,10,1,0,1,2,0,2,0,29.08333333333333,1095.5,3.0,6.91,35.0,0.3947368421052631,200.86,1.590164358073186,0.35,0.1447178002894356,3.2142857142857144
2024-04-05 07:00:00,7,14,0,1,11,2,0,6,3,0,3,0,30.08333333333333,506.0,3.0,6.91,35.0,0.3693693693693693,219.9,3.567898490800083,0.35,0.8683068017366136,2.9285714285714284
2024-04-05 08:00:00,8,19,0,1,16,2,0,7,6,0,6,0,31.08333333333333,52.0,3.0,6.779999999999999,47.5,0.5490196078431373,276.465,4.44300574444962,0.475,1.032448377581121,2.9473684210526314
2024-04-05 09:00:00,9,31,0,3,26,2,0,15,10,0,10,0,32.083333333333336,74.0,3.0,6.779999999999999,77.5,1.0444444444444445,361.4450000000001,9.058535540964888,0.775,2.212389380530974,3.032258064516129
2024-04-05 10:00:00,10,38,0,4,32,2,0,13,12,1,13,1,33.083333333333336,93.0,4.0,10.48,95.0,1.0740740740740742,423.1683068017367,6.6866613097629575,0.95,1.2404580152671756,3.0526315789473686
2024-04-05 11:00:00,11,30,0,2,26,2,0,8,10,1,11,1,34.083333333333336,122.0,4.0,10.48,75.0,0.7758620689655172,384.8483068017366,4.540076335877862,0.75,0.7633587786259541,3.0
2024-04-05 12:00:00,12,31,0,3,27,1,0,13,10,1,11,1,18.8,158.0,4.0,10.48,77.5,0.8189655172413793,300.7953068017366,6.1764035951736025,0.775,1.2404580152671756,3.064516129032258
2024-04-05 13:00:00,13,29,0,5,23,1,0,10,8,1,9,1,19.8,87.0,4.0,10.48,72.5,0.7338709677419355,275.3453068017366,5.269209002369044,0.725,0.9541984732824428,3.1379310344827585
2024-04-05 14:00:00,14,32,0,6,25,1,0,11,8,3,11,3,20.8,84.0,4.0,10.48,80.0,0.8706896551724138,315.95692040520987,5.8378578244274815,0.8,1.049618320610687,3.15625
2024-04-05 15:00:00,15,35,0,7,27,1,0,12,9,3,12,3,21.8,133.5,4.0,10.48,87.5,0.9910714285714286,341.43192040520984,6.406406761177753,0.875,1.1450381679389312,3.1714285714285717
2024-04-05 16:00:00,16,33,0,7,25,1,0,10,8,3,11,3,22.8,138.0,4.0,10.48,82.5,0.9051724137931034,329.3819204052098,5.661086051353227,0.825,0.9541984732824428,3.1818181818181817
2024-04-05 17:00:00,17,30,1,7,18,2,2,12,9,3,12,3,23.8,151.0,4.0,10.48,75.0,0.8303571428571429,341.98692040520984,5.874618320610687,0.75,1.1450381679389312,3.1
2024-04-05 18:00:00,18,25,1,5,14,4,1,8,8,3,11,3,24.8,180.0,4.0,10.48,62.5,0.6551724137931034,323.50192040520983,4.2206106870229005,0.625,0.7633587786259541,3.04
2024-04-05 19:00:00,19,20,1,3,11,5,0,11,4,1,5,1,25.8,152.0,4.0,10.48,50.0,0.4285714285714285,236.28030680173663,4.648854961832061,0.5,1.049618320610687,3.0
2024-04-05 20:00:00,20,16,1,1,10,4,0,6,2,1,3,1,26.8,212.0,4.0,10.61,40.0,0.3175675675675675,206.54030680173665,2.836168708765316,0.4,0.5655042412818096,2.9375
2024-04-05 21:00:00,21,13,1,0,10,2,0,6,2,0,2,0,27.8,201.5,4.0,10.61,32.5,0.2565789473684211,191.477,2.671512723845429,0.325,0.5655042412818096,3.0
2024-04-05 22:00:00,22,19,0,1,15,1,2,11,4,0,4,0,28.8,48.0,3.0,6.91,47.5,0.4907407407407407,236.787,5.765551450986366,0.475,1.5918958031837915,2.789473684210526
2024-04-05 23:00:00,23,18,0,1,14,3,0,6,5,0,5,0,22.616666666666667,105.0,3.0,6.91,45.0,0.4952380952380952,213.168,3.80844187168355,0.45,0.8683068017366136,2.888888888888889
2024-04-06 00:00:00,0,17,0,1,14,0,2,9,7,0,7,0,23.616666666666667,134.0,3.0,6.91,42.5,0.4848484848484848,243.463,4.8775346897080105,0.425,1.3024602026049203,2.823529411764706
2024-04-06 01:00:00,1,14,0,1,13,0,0,3,9,0,9,0,24.616666666666667,172.0,3.0,6.91,35.0,0.4623655913978494,269.468,2.4084711598098,0.35,0.4341534008683068,3.071428571428572
2024-04-06 02:00:00,2,16,0,1,15,0,0,5,9,0,9,0,25.616666666666667,232.0,3.0,6.91,40.0,0.5268817204301075,279.398,3.4409913169319823,0.4,0.723589001447178,3.0625
2024-04-06 03:00:00,3,16,0,2,14,0,0,3,10,0,10,0,26.616666666666667,242.0,3.0,6.91,40.0,0.5555555555555556,298.438,2.606729377713459,0.4,0.4341534008683068,3.125
2024-04-06 04:00:00,4,18,0,2,14,2,0,3,10,0,10,0,27.616666666666667,302.0,3.0,6.91,45.0,0.6,308.368,2.65246020260492,0.45,0.4341534008683068,3.0
2024-04-06 05:00:00,5,19,0,1,17,1,0,3,10,0,10,0,28.616666666666667,362.0,3.0,6.91,47.5,0.6333333333333333,316.153,2.72746020260492,0.475,0.4341534008683068,3.0
2024-04-06 06:00:00,6,17,0,1,15,1,0,2,10,0,10,0,29.616666666666667,422.0,3.0,6.91,42.5,0.5666666666666667,317.503,2.143306801736614,0.425,0.2894356005788712,3.0
2024-04-06 07:00:00,7,18,0,1,17,0,0,2,11,0,11,0,30.616666666666667,432.0,3.0,6.91,45.0,0.632183908045977,338.688,2.259386557324328,0.45,0.2894356005788712,3.055555555555556
2024-04-06 08:00:00,8,14,0,1,13,0,0,1,11,0,11,0,15.533333333333331,492.0,3.0,7.75,35.0,0.4942528735632184,245.038,1.4713133640552996,0.35,0.1290322580645161,3.071428571428572
2024-04-06 09:00:00,9,13,0,2,11,0,0,5,9,0,9,0,15.116666666666667,388.0,3.0,7.75,32.5,0.4408602150537634,213.743,3.059739454094293,0.325,0.6451612903225806,3.1538461538461537
2024-04-06 10:00:00,10,16,0,3,11,2,0,7,8,0,8,0,12.233333333333333,96.5,4.0,11.0,40.0,0.3828125,190.516,3.1738636363636363,0.4,0.6363636363636364,3.0625
2024-04-06 11:00:00,11,21,1,3,16,0,1,12,9,0,9,0,13.233333333333333,106.0,4.0,11.0,52.5,0.532258064516129,220.281,5.078571428571428,0.525,1.0909090909090908,3.142857142857143
2024-04-06 12:00:00,12,23,2,5,16,0,0,10,9,1,10,1,8.233333333333333,71.0,4.0,11.0,57.49999999999999,0.65,210.6393068017366,5.033003952569169,0.575,0.9090909090909092,3.391304347826087
2024-04-06 13:00:00,13,29,2,5,21,1,0,9,11,1,12,1,9.233333333333333,117.5,4.0,11.0,72.5,0.8482142857142857,255.9493068017366,5.0552507836990594,0.725,0.8181818181818182,3.2758620689655173
2024-04-06 14:00:00,14,31,2,3,24,2,0,11,6,3,9,3,10.233333333333333,123.0,4.0,11.0,77.5,0.7903225806451613,227.41592040520987,5.611290322580644,0.775,1.0,3.161290322580645
2024-04-06 15:00:00,15,30,1,3,25,1,0,8,7,2,9,2,11.233333333333333,127.0,4.0,11.0,75.0,0.7580645161290323,230.04261360347323,4.628787878787879,0.75,0.7272727272727273,3.1333333333333333
2024-04-06 16:00:00,16,33,1,3,26,3,0,10,8,2,10,2,12.233333333333333,152.0,4.0,11.0,82.5,0.8416666666666667,255.5176136034732,5.307369146005509,0.825,0.9090909090909092,3.060606060606061
2024-04-06 17:00:00,17,32,1,3,27,1,0,7,11,2,13,2,13.233333333333333,108.0,4.0,11.0,80.0,0.925925925925926,299.21261360347324,4.488636363636364,0.8,0.6363636363636364,3.125
2024-04-06 18:00:00,18,23,0,2,19,2,0,6,9,1,10,1,14.233333333333333,85.5,4.0,11.0,57.49999999999999,0.575,244.47930680173656,3.3613636363636363,0.575,0.5454545454545454,3.0
2024-04-06 19:00:00,19,29,0,3,23,3,0,15,7,1,8,1,15.233333333333333,123.0,4.0,11.0,72.5,0.6796875,236.18930680173665,6.265909090909091,0.725,1.3636363636363635,3.0
2024-04-06 20:00:00,20,22,0,2,19,1,0,8,4,1,5,1,16.233333333333334,140.0,4.0,10.5,55.00000000000001,0.4785714285714286,186.61430680173663,3.99534632034632,0.55,0.7619047619047619,3.0454545454545454
2024-04-06 21:00:00,21,29,1,3,24,1,0,13,3,2,5,2,17.233333333333334,200.0,4.0,10.5,72.5,0.65,208.13761360347323,6.160057471264368,0.725,1.238095238095238,3.1379310344827585
2024-04-06 22:00:00,22,30,1,2,22,4,1,12,5,2,7,2,18.23333333333333,85.0,3.0,7.25,75.0,0.8888888888888888,242.72261360347323,7.055172413793103,0.75,1.6551724137931034,2.933333333333333
2024-04-06 23:00:00,23,30,0,4,17,8,1,9,6,1,7,1,19.23333333333333,112.0,3.0,7.25,75.0,0.8484848484848485,247.49430680173657,5.575862068965517,0.75,1.2413793103448276,2.8
2024-04-07 00:00:00,0,31,0,3,21,7,0,13,8,1,9,1,20.23333333333333,168.0,3.0,7.25,77.5,0.956989247311828,282.0793068017366,7.372942157953282,0.775,1.793103448275862,2.870967741935484
2024-04-07 01:00:00,1,34,0,1,23,10,0,10,7,1,8,1,21.23333333333333,230.0,3.0,7.25,85.0,0.96875,280.75430680173656,6.097819472616633,0.85,1.3793103448275863,2.735294117647059
2024-04-07 02:00:00,2,23,0,1,18,4,0,1,7,1,8,1,22.23333333333333,290.0,3.0,7.25,57.49999999999999,0.6875,262.79930680173663,2.045802098950525,0.575,0.1379310344827586,2.869565217391304
2024-04-07 03:00:00,3,21,0,1,17,3,0,4,9,0,9,0,23.23333333333333,317.0,3.0,7.25,52.5,0.6559139784946236,276.68100000000004,3.127627257799672,0.525,0.5517241379310345,2.9047619047619047
2024-04-07 04:00:00,4,25,0,2,20,3,0,5,8,0,8,0,24.23333333333333,392.5,3.0,7.25,62.5,0.7708333333333334,277.501,3.891379310344828,0.625,0.6896551724137931,2.96
2024-04-07 05:00:00,5,24,0,2,18,4,0,5,8,0,8,0,25.23333333333333,452.5,3.0,7.25,60.0,0.7291666666666666,280.996,3.7614942528735633,0.6,0.6896551724137931,2.9166666666666665
2024-04-07 06:00:00,6,25,0,4,17,4,0,4,8,1,9,1,26.23333333333333,497.0,3.0,7.25,62.5,0.8064516129032258,303.04930680173663,3.530172413793103,0.625,0.5517241379310345,3.0
2024-04-07 07:00:00,7,23,0,4,17,2,0,3,9,1,10,1,27.23333333333333,513.5,3.0,7.25,57.49999999999999,0.7888888888888889,317.79930680173663,3.0523613193403296,0.575,0.4137931034482758,3.0869565217391304
2024-04-07 08:00:00,8,22,0,5,14,3,0,3,9,2,11,2,28.23333333333333,530.0,3.0,6.65,55.00000000000001,0.7816091954022989,335.5626136034732,3.0943950786056047,0.55,0.4511278195488721,3.090909090909091
2024-04-07 09:00:00,9,25,0,4,18,3,0,7,10,1,11,1,29.23333333333333,577.0,3.0,6.65,62.5,0.8735632183908046,346.76930680173666,5.1,0.625,1.0526315789473684,3.04
2024-04-07 10:00:00,10,29,0,4,23,2,0,13,11,1,12,1,30.23333333333333,307.5,4.0,10.11,72.5,0.7946428571428571,374.3893068017366,6.171246461339064,0.725,1.2858555885262115,3.0689655172413794
2024-04-07 11:00:00,11,29,0,4,23,2,0,14,9,2,11,2,31.23333333333333,73.0,4.0,10.11,72.5,0.7672413793103449,367.49761360347327,6.474803881442069,0.725,1.3847675568743818,3.0689655172413794
2024-04-07 12:00:00,12,24,0,1,22,1,0,6,8,1,9,1,32.233333333333334,86.0,4.0,10.11,60.0,0.5806451612903226,334.7443068017366,3.5804154302670628,0.6,0.5934718100890208,3.0
2024-04-07 13:00:00,13,32,0,1,29,2,0,14,10,1,11,1,33.233333333333334,144.0,4.0,10.11,80.0,0.8189655172413793,384.3443068017366,6.4860286844708215,0.8,1.3847675568743818,2.96875
2024-04-07 14:00:00,14,40,1,1,35,3,0,20,9,2,11,2,34.233333333333334,201.0,4.0,10.11,100.0,1.0344827586206895,408.01261360347326,8.934718100890208,1.0,1.9782393669634024,3.0
2024-04-07 15:00:00,15,39,1,1,36,1,0,18,8,2,10,2,35.233333333333334,195.5,4.0,10.11,97.5,0.9916666666666668,398.1076136034732,8.407549646199499,0.975,1.7804154302670625,3.051282051282051
2024-04-07 16:00:00,16,39,0,1,35,3,0,13,9,2,11,2,36.23333333333333,216.0,4.0,10.11,97.5,0.9913793103448276,417.1476136034733,6.666625453346522,0.975,1.2858555885262115,2.948717948717949
2024-04-07 17:00:00,17,31,0,1,25,4,1,7,10,2,12,2,37.23333333333333,244.0,4.0,10.11,77.5,0.7857142857142857,419.0276136034733,4.165476532337832,0.775,0.6923837784371909,2.838709677419355
2024-04-07 18:00:00,18,30,0,0,24,5,1,10,7,1,8,1,38.23333333333333,287.5,4.0,10.11,75.0,0.6484375,368.05430680173663,4.811564457632707,0.75,0.9891196834817012,2.7666666666666666
2024-04-07 19:00:00,19,24,0,0,20,4,0,8,7,1,8,1,39.23333333333333,295.5,4.0,10.11,60.0,0.53125,360.8243068017366,3.942004615891857,0.6,0.7912957467853611,2.833333333333333
2024-04-07 20:00:00,20,24,0,0,19,5,0,11,7,1,8,1,40.23333333333333,350.5,4.0,10.69,60.0,0.5234375,366.4643068017366,4.5476223885251,0.6,1.0289990645463047,2.7916666666666665
2024-04-07 21:00:00,21,27,0,0,19,8,0,12,6,0,6,0,41.23333333333333,410.5,4.0,10.69,67.5,0.5367647058823529,350.871,4.860027543914354,0.675,1.1225444340505144,2.703703703703704
2024-04-07 22:00:00,22,28,1,0,20,6,1,8,6,0,6,0,42.23333333333333,470.5,3.0,7.23,70.0,0.7647058823529411,358.656,5.032394783639596,0.7,1.106500691562932,2.7857142857142856
2024-04-07 23:00:00,23,26,0,1,17,8,0,9,8,0,8,0,43.23333333333333,240.0,3.0,7.23,65.0,0.7395833333333334,386.806,5.174297797638046,0.65,1.2448132780082988,2.730769230769231
2024-04-08 00:00:00,0,32,0,1,25,6,0,9,10,1,11,1,44.23333333333333,97.0,3.0,7.23,80.0,1.0459770114942528,446.3843068017366,5.814937759336099,0.8,1.2448132780082988,2.84375
2024-04-08 01:00:00,1,29,0,2,24,3,0,9,10,2,12,2,45.23333333333333,141.0,3.0,7.23,72.5,1.0238095238095235,459.8576136034732,5.841515238231508,0.725,1.2448132780082988,2.9655172413793105
2024-04-08 02:00:00,2,23,0,2,20,1,0,2,10,1,11,1,46.23333333333333,203.0,3.0,7.23,57.49999999999999,0.8045977011494253,438.3593068017366,2.591902700102231,0.575,0.276625172890733,3.0434782608695654
2024-04-08 03:00:00,3,22,0,2,18,2,0,6,12,1,13,1,47.23333333333333,259.0,3.0,7.23,55.00000000000001,0.8148148148148148,468.6543068017367,4.139626556016598,0.55,0.8298755186721991,3.0
2024-04-08 04:00:00,4,24,0,3,18,3,0,4,12,1,13,1,48.23333333333333,319.0,3.0,7.23,60.0,0.8888888888888888,478.5843068017366,3.459751037344398,0.6,0.553250345781466,3.0
2024-04-08 05:00:00,5,25,0,3,17,5,0,4,13,1,14,1,49.23333333333333,343.5,3.0,7.23,62.5,0.935897435897436,499.76930680173655,3.4404910096818804,0.625,0.553250345781466,2.92
2024-04-08 06:00:00,6,25,1,3,17,4,0,5,13,1,14,1,50.23333333333333,366.5,3.0,7.23,62.5,0.9743589743589745,505.4093068017367,4.002351313969571,0.625,0.6915629322268326,3.04
2024-04-08 07:00:00,7,31,1,4,21,5,0,6,13,2,15,2,51.23333333333333,425.0,3.0,7.23,77.5,1.2533333333333334,538.1876136034732,4.866396734038282,0.775,0.8298755186721991,3.032258064516129
2024-04-08 08:00:00,8,29,1,4,21,3,0,5,14,2,16,2,52.23333333333333,478.0,3.0,6.59,72.5,1.25,552.9376136034732,4.604664852702633,0.725,0.7587253414264037,3.103448275862069
2024-04-08 09:00:00,9,32,1,4,22,5,0,11,13,2,15,2,53.23333333333333,512.0,3.0,6.59,80.0,1.2933333333333332,551.6126136034732,7.48474962063733,0.8,1.6691957511380882,3.03125
2024-04-08 10:00:00,10,40,1,6,30,3,0,17,16,3,19,3,54.23333333333333,301.0,4.0,9.84,100.0,1.488095238095238,628.8809204052097,8.523882113821138,1.0,1.7276422764227644,3.125
2024-04-08 11:00:00,11,37,1,7,25,4,0,11,16,3,19,3,24.183333333333334,168.0,4.0,9.84,92.5,1.380952380952381,452.9639204052098,6.404724236431553,0.925,1.1178861788617886,3.135135135135135
2024-04-08 12:00:00,12,40,0,8,28,4,0,13,19,3,22,3,25.183333333333334,168.5,4.0,9.84,100.0,1.7222222222222223,505.2389204052099,7.1955284552845535,1.0,1.3211382113821135,3.1
2024-04-08 13:00:00,13,44,0,7,32,5,0,11,21,3,24,3,26.183333333333334,206.0,4.0,9.84,110.0,2.09375,546.2589204052099,6.754471544715447,1.1,1.1178861788617886,3.0454545454545454
2024-04-08 14:00:00,14,42,1,6,32,3,0,7,20,1,21,1,27.183333333333334,208.0,4.0,9.84,105.0,1.7236842105263157,505.6723068017367,5.493834688346884,1.05,0.7113821138211383,3.119047619047619
2024-04-08 15:00:00,15,38,1,5,28,4,0,5,20,1,21,1,28.183333333333334,245.0,4.0,9.84,95.0,1.5394736842105263,502.7323068017366,4.4895057766367135,0.95,0.508130081300813,3.0789473684210527
2024-04-08 16:00:00,16,40,1,3,32,4,0,12,22,0,22,0,29.183333333333334,267.0,4.0,9.84,100.0,1.6805555555555556,525.194,6.714024390243903,1.0,1.2195121951219512,3.025
2024-04-08 17:00:00,17,40,1,3,32,4,0,3,22,0,22,0,18.383333333333333,327.0,4.0,9.84,100.0,1.6805555555555556,464.282,3.947256097560976,1.0,0.3048780487804878,3.025
2024-04-08 18:00:00,18,40,2,3,29,4,2,7,22,1,23,1,19.383333333333333,377.0,4.0,9.84,100.0,1.75,484.1903068017366,5.091361788617887,1.0,0.7113821138211383,2.975
2024-04-08 19:00:00,19,36,2,3,24,5,2,3,21,1,22,1,20.383333333333333,421.0,4.0,9.84,90.0,1.4722222222222223,467.8503068017366,3.5476964769647696,0.9,0.3048780487804878,2.9444444444444446
2024-04-08 20:00:00,20,36,2,4,26,4,0,9,21,2,23,2,21.383333333333333,433.0,4.0,10.5,90.0,1.6470588235294117,487.7586136034732,5.466666666666667,0.9,0.8571428571428571,3.111111111111111
2024-04-08 21:00:00,21,36,1,4,24,7,0,9,23,1,24,1,22.383333333333333,490.0,4.0,10.5,90.0,1.671875,505.9303068017366,5.222619047619048,0.9,0.8571428571428571,2.9722222222222223
2024-04-08 22:00:00,22,33,1,4,24,4,0,7,21,1,22,1,23.383333333333333,534.0,3.0,7.25,82.5,1.8703703703703705,478.3353068017366,5.480067920585162,0.825,0.9655172413793104,3.060606060606061
2024-04-08 23:00:00,23,36,1,5,27,3,0,10,20,1,21,1,24.383333333333333,613.0,3.0,7.25,90.0,1.9649122807017545,477.0103068017367,7.091187739463602,0.9,1.3793103448275863,3.111111111111111
2024-04-09 00:00:00,0,35,1,5,26,3,0,7,22,1,23,1,25.383333333333333,635.0,3.0,7.25,87.5,2.1372549019607843,507.3053068017366,5.731896551724138,0.875,0.9655172413793104,3.1142857142857143
2024-04-09 01:00:00,1,35,1,4,28,2,0,6,22,1,23,1,26.383333333333333,695.0,3.0,7.25,87.5,2.1372549019607843,512.9453068017366,5.302339901477832,0.875,0.8275862068965517,3.1142857142857143
2024-04-09 02:00:00,2,35,1,4,28,2,0,2,22,1,23,1,27.383333333333333,755.0,3.0,7.25,87.5,2.1372549019607843,518.5853068017366,3.584113300492611,0.875,0.2758620689655172,3.1142857142857143
2024-04-09 03:00:00,3,39,1,4,32,2,0,8,22,1,23,1,28.383333333333333,815.0,3.0,7.25,97.5,2.372549019607843,532.8053068017366,6.448519009725906,0.975,1.103448275862069,3.102564102564102
2024-04-09 04:00:00,4,41,1,4,34,2,0,4,22,1,23,1,29.383333333333333,875.0,3.0,7.25,102.5,2.4901960784313726,542.7353068017366,4.883999158957106,1.025,0.5517241379310345,3.097560975609756
2024-04-09 05:00:00,5,36,1,4,29,2,0,3,22,1,23,1,30.383333333333333,935.0,3.0,7.25,90.0,2.196078431372549,537.6503068017366,4.0873563218390805,0.9,0.4137931034482758,3.111111111111111
2024-04-09 06:00:00,6,34,1,4,26,3,0,2,22,1,23,1,31.383333333333333,995.0,3.0,7.25,85.0,2.0588235294117645,539.0003068017365,3.476926977687627,0.85,0.2758620689655172,3.088235294117647
2024-04-09 07:00:00,7,31,1,4,23,3,0,0,22,1,23,1,32.38333333333333,1055.0,3.0,7.25,77.5,1.8823529411764703,538.2053068017366,2.4,0.775,0.0,3.096774193548387
2024-04-09 08:00:00,8,32,1,3,25,3,0,3,22,1,23,1,33.38333333333333,1115.0,3.0,7.74,80.0,1.9215686274509804,545.9903068017366,3.637015503875969,0.8,0.3875968992248061,3.0625
2024-04-09 09:00:00,9,32,1,3,26,2,0,7,18,1,19,1,34.38333333333333,1130.0,3.0,7.74,80.0,1.5714285714285714,498.03030680173663,5.27296511627907,0.8,0.9043927648578812,3.09375
2024-04-09 10:00:00,10,36,1,6,25,4,0,10,20,1,21,1,35.38333333333333,1087.0,4.0,10.99,90.0,1.4736842105263157,539.0503068017366,5.630856334041048,0.9,0.9099181073703366,3.111111111111111
2024-04-09 11:00:00,11,35,1,7,25,2,0,8,23,1,24,1,36.38333333333333,927.5,4.0,10.99,87.5,1.75,582.7453068017367,5.129390354868062,0.875,0.7279344858962693,3.2
2024-04-09 12:00:00,12,32,0,9,22,1,0,7,20,2,22,2,26.633333333333333,764.0,4.0,10.99,80.0,1.4444444444444444,495.3886136034732,4.670063694267516,0.8,0.6369426751592356,3.25
2024-04-09 13:00:00,13,33,0,9,23,1,0,6,20,2,22,2,27.633333333333333,237.0,4.0,10.99,82.5,1.4861111111111112,503.1736136034732,4.445204317975018,0.825,0.545950864422202,3.242424242424242
2024-04-09 14:00:00,14,29,0,8,21,0,0,7,15,2,17,2,28.633333333333333,271.0,4.0,10.99,72.5,1.0326086956521738,433.23361360347326,4.461536349659565,0.725,0.6369426751592356,3.2758620689655173
2024-04-09 15:00:00,15,27,0,6,21,0,0,5,13,1,14,1,29.633333333333333,279.5,4.0,10.99,67.5,0.8365384615384616,393.5153068017366,3.640979172985542,0.675,0.4549590536851683,3.2222222222222223
2024-04-09 16:00:00,16,34,0,7,26,0,1,9,17,1,18,1,30.633333333333333,259.0,4.0,10.99,85.0,1.2159090909090908,467.7703068017366,5.2522092276401,0.85,0.818926296633303,3.147058823529412
2024-04-09 17:00:00,17,35,0,7,26,1,1,10,19,1,20,1,31.633333333333333,261.0,4.0,10.99,87.5,1.3625,502.35530680173656,5.558744962953334,0.875,0.9099181073703366,3.1142857142857143
2024-04-09 18:00:00,18,32,0,6,24,2,0,5,20,1,21,1,32.63333333333333,296.0,4.0,10.99,80.0,1.3157894736842106,514.9603068017367,3.921747042766151,0.8,0.4549590536851683,3.125
2024-04-09 19:00:00,19,31,0,7,21,2,1,5,20,1,21,1,33.63333333333333,356.0,4.0,10.99,77.5,1.263157894736842,518.4553068017366,3.8089054565734246,0.775,0.4549590536851683,3.096774193548387
2024-04-09 20:00:00,20,36,0,8,26,2,0,9,22,1,23,1,34.63333333333333,310.0,4.0,10.16,90.0,1.6764705882352942,561.6203068017367,5.655118110236221,0.9,0.8858267716535433,3.1666666666666665
2024-04-09 21:00:00,21,34,0,7,25,2,0,6,21,1,22,1,35.63333333333333,423.0,4.0,10.16,85.0,1.4861111111111112,549.5703068017366,4.533499305233904,0.85,0.5905511811023622,3.147058823529412
2024-04-09 22:00:00,22,42,0,8,32,2,0,13,25,1,26,1,36.63333333333333,386.0,3.0,6.91,105.0,3.142857142857143,625.9703068017367,9.21275584039694,1.05,1.8813314037626627,3.142857142857143
2024-04-09 23:00:00,23,41,0,6,31,4,0,7,25,0,25,0,37.63333333333333,454.0,3.0,6.91,102.5,2.7777777777777777,615.197,6.213489640323321,1.025,1.0130246020260492,3.048780487804878
2024-04-10 00:00:00,0,42,0,7,31,4,0,6,25,1,26,1,38.63333333333333,506.0,3.0,6.91,105.0,3.071428571428572,637.2503068017367,5.8919423196196,1.05,0.8683068017366136,3.071428571428572
2024-04-10 01:00:00,1,36,0,6,28,2,0,3,26,1,27,1,39.63333333333333,558.0,3.0,6.91,90.0,2.871794871794872,643.4203068017366,4.150699469368066,0.9,0.4341534008683068,3.111111111111111
2024-04-10 02:00:00,2,37,0,6,29,2,0,6,27,1,28,1,40.63333333333333,612.0,3.0,6.91,92.5,3.1944444444444446,664.6053068017366,5.573791410802988,0.925,0.8683068017366136,3.108108108108108
2024-04-10 03:00:00,3,34,0,6,26,2,0,1,27,1,28,1,41.63333333333333,672.0,3.0,6.91,85.0,2.9444444444444446,663.8103068017366,3.1011790244317696,0.85,0.1447178002894356,3.117647058823529
2024-04-10 04:00:00,4,33,0,5,26,2,0,1,27,0,27,0,42.63333333333333,738.0,3.0,6.91,82.5,2.6153846153846154,653.037,2.9973095645309824,0.825,0.1447178002894356,3.090909090909091
2024-04-10 05:00:00,5,32,0,5,25,2,0,0,27,0,27,0,43.63333333333333,798.0,3.0,6.91,80.0,2.5384615384615383,656.5319999999999,2.475,0.8,0.0,3.09375
2024-04-10 06:00:00,6,31,0,5,24,2,0,0,27,0,27,0,44.63333333333333,858.0,3.0,6.91,77.5,2.4615384615384617,660.027,2.4,0.775,0.0,3.096774193548387
2024-04-10 07:00:00,7,31,0,5,24,2,0,2,27,0,27,0,45.63333333333333,918.0,3.0,6.91,77.5,2.4615384615384617,665.6669999999999,3.296316698566826,0.775,0.2894356005788712,3.096774193548387
2024-04-10 08:00:00,8,33,0,5,26,2,0,3,27,0,27,0,46.63333333333333,978.0,3.0,6.449999999999999,82.5,2.6153846153846154,675.597,3.987632135306554,0.825,0.4651162790697675,3.090909090909091
2024-04-10 09:00:00,9,37,0,4,30,3,0,10,26,0,26,0,47.63333333333333,976.5,3.0,6.449999999999999,92.5,2.6666666666666665,676.417,7.493065158181437,0.925,1.550387596899225,3.027027027027027
2024-04-10 10:00:00,10,36,0,3,30,3,0,7,26,0,26,0,48.63333333333333,1028.0,4.0,10.15,90.0,1.9285714285714288,679.912,4.768965517241379,0.9,0.6896551724137931,3.0
2024-04-10 11:00:00,11,33,0,3,29,1,0,10,23,1,24,1,41.41666666666666,977.5,4.0,10.15,82.5,1.578125,606.8433068017366,5.540375429168533,0.825,0.9852216748768474,3.060606060606061
2024-04-10 12:00:00,12,30,0,2,28,0,0,9,17,1,18,1,36.61666666666667,225.5,4.0,10.15,75.0,1.0454545454545454,492.9363068017366,5.0192118226601,0.75,0.8866995073891627,3.066666666666667
2024-04-10 13:00:00,13,31,0,2,29,0,0,4,17,1,18,1,37.61666666666667,285.5,4.0,10.15,77.5,1.0795454545454546,500.7213068017367,3.5826910853329097,0.775,0.394088669950739,3.064516129032258
2024-04-10 14:00:00,14,29,1,2,26,0,0,8,12,2,14,2,24.933333333333334,240.0,4.0,10.15,72.5,0.875,372.1656136034732,4.748246135552913,0.725,0.788177339901478,3.1379310344827585
2024-04-10 15:00:00,15,28,1,1,26,0,0,10,11,1,12,1,25.933333333333334,236.5,4.0,10.15,70.0,0.7767857142857143,347.9923068017366,5.236224489795919,0.7,0.9852216748768474,3.107142857142857
2024-04-10 16:00:00,16,30,2,1,24,3,0,8,12,1,13,1,23.183333333333334,126.0,4.0,10.15,75.0,0.8518518518518519,350.17230680173657,4.717077175697866,0.75,0.788177339901478,3.066666666666667
2024-04-10 17:00:00,17,28,2,3,23,0,0,7,11,2,13,2,8.95,172.0,4.0,10.15,70.0,0.8425925925925926,266.47461360347324,4.516379310344828,0.7,0.6896551724137931,3.25
2024-04-10 18:00:00,18,22,1,4,17,0,0,5,10,1,11,1,8.15,184.0,4.0,10.15,55.00000000000001,0.6206896551724138,221.42430680173663,3.4121809225257507,0.55,0.4926108374384237,3.272727272727273
2024-04-10 19:00:00,19,20,1,4,15,0,0,5,10,1,11,1,9.15,241.0,4.0,10.15,50.0,0.5689655172413793,222.7743068017366,3.275615763546798,0.5,0.4926108374384237,3.3
2024-04-10 20:00:00,20,25,1,4,20,0,0,11,15,1,16,1,10.15,246.5,4.0,10.88,62.5,0.84375,306.1393068017366,5.300735294117648,0.625,1.011029411764706,3.24
2024-04-10 21:00:00,21,30,1,3,22,1,3,12,18,0,18,0,10.85,99.5,4.0,10.88,75.0,1.0,346.744,5.435294117647059,0.75,1.1029411764705883,2.933333333333333
2024-04-10 22:00:00,22,37,1,4,30,0,2,11,22,0,22,0,11.85,136.0,3.0,7.18,92.5,2.092592592592593,420.999,7.50391289618309,0.925,1.532033426183844,3.054054054054054
2024-04-10 23:00:00,23,35,1,4,30,0,0,4,23,0,23,0,12.85,192.0,3.0,7.18,87.5,2.176470588235294,435.749,4.541812574612018,0.875,0.5571030640668524,3.1714285714285717
2024-04-11 00:00:00,0,34,1,4,29,0,0,10,22,0,22,0,13.85,256.0,3.0,7.18,85.0,2.0,425.844,7.124053744060298,0.85,1.392757660167131,3.176470588235294
2024-04-11 01:00:00,1,31,1,4,26,0,0,2,22,0,22,0,14.85,316.0,3.0,7.18,77.5,1.8333333333333333,425.049,3.364567795848684,0.775,0.2785515320334262,3.193548387096774
2024-04-11 02:00:00,2,29,1,4,24,0,0,3,22,0,22,0,15.85,376.0,3.0,7.18,72.5,1.7222222222222223,426.399,3.664928921333205,0.725,0.4178272980501393,3.206896551724138
2024-04-11 03:00:00,3,32,2,4,26,0,0,5,22,1,23,1,16.85,432.0,3.0,7.18,80.0,2.0392156862745097,452.7423068017366,4.863231197771587,0.8,0.6963788300835655,3.25
2024-04-11 04:00:00,4,29,2,3,24,0,0,2,22,1,23,1,17.85,492.0,3.0,7.18,72.5,1.843137254901961,451.9473068017367,3.2528911727980017,0.725,0.2785515320334262,3.2413793103448274
2024-04-11 05:00:00,5,28,1,3,24,0,0,2,22,0,22,0,18.85,556.0,3.0,7.18,70.0,1.648148148148148,441.174,3.110395941106247,0.7,0.2785515320334262,3.1785714285714284
2024-04-11 06:00:00,6,29,1,3,25,0,0,2,23,0,23,0,19.85,612.0,3.0,7.18,72.5,1.803921568627451,462.359,3.183680722312938,0.725,0.2785515320334262,3.1724137931034484
2024-04-11 07:00:00,7,36,1,5,28,2,0,10,25,0,25,0,20.85,667.0,3.0,7.18,90.0,2.511111111111111,509.8140000000001,7.196711544413494,0.9,1.392757660167131,3.138888888888889
2024-04-11 08:00:00,8,33,1,5,27,0,0,2,25,0,25,0,21.85,727.0,3.0,6.4,82.5,2.355555555555556,509.019,3.6537878787878784,0.825,0.3125,3.212121212121212
2024-04-11 09:00:00,9,33,0,5,27,1,0,7,24,1,25,1,22.85,730.0,3.0,6.4,82.5,2.2888888888888888,515.5273068017366,5.988825757575757,0.825,1.09375,3.121212121212121
2024-04-11 10:00:00,10,38,1,5,32,0,0,7,27,1,28,1,23.85,772.0,4.0,9.86,95.0,2.520833333333333,572.0923068017366,5.285595708337781,0.95,0.7099391480730224,3.1842105263157894
2024-04-11 11:00:00,11,32,1,7,24,0,0,8,20,1,21,1,24.85,341.0,4.0,9.86,80.0,1.381578947368421,471.0623068017367,5.287271805273834,0.8,0.8113590263691685,3.28125
2024-04-11 12:00:00,12,31,1,6,23,1,0,9,14,1,15,1,24.03333333333333,223.0,4.0,9.86,77.5,1.0,383.9113068017366,5.44444807956553,0.775,0.9127789046653144,3.225806451612903
2024-04-11 13:00:00,13,30,1,8,20,1,0,6,14,1,15,1,25.03333333333333,283.0,4.0,9.86,75.0,0.99,387.4063068017366,4.483113590263692,0.75,0.6085192697768763,3.3
2024-04-11 14:00:00,14,33,2,9,21,1,0,9,13,1,14,1,16.633333333333333,325.0,4.0,9.86,82.5,1.0673076923076923,333.0653068017366,5.845256315692421,0.825,0.9127789046653144,3.363636363636364
2024-04-11 15:00:00,15,31,2,7,21,1,0,6,14,1,15,1,17.633333333333333,250.0,4.0,9.86,77.5,1.03,347.8153068017366,4.596854347968331,0.775,0.6085192697768763,3.3225806451612905
2024-04-11 16:00:00,16,26,2,7,16,1,0,7,12,1,13,1,17.616666666666667,85.0,4.0,9.86,65.0,0.8148148148148148,310.1963068017366,4.602870962708692,0.65,0.7099391480730224,3.3846153846153846
2024-04-11 17:00:00,17,30,3,4,22,1,0,12,12,3,15,3,18.616666666666667,134.0,4.0,9.86,75.0,0.99,352.9529204052098,6.491227180527384,0.75,1.2170385395537526,3.3
2024-04-11 18:00:00,18,29,2,5,21,1,0,9,11,2,13,2,19.616666666666667,182.0,4.0,9.86,72.5,0.8796296296296297,328.77961360347325,5.365137791144996,0.725,0.9127789046653144,3.2758620689655173
2024-04-11 19:00:00,19,29,1,5,22,1,0,12,13,1,14,1,16.716666666666665,212.0,4.0,9.86,72.5,0.8942307692307693,324.9553068017366,6.227916695810309,0.725,1.2170385395537526,3.206896551724138
2024-04-11 20:00:00,20,27,1,5,20,1,0,7,13,1,14,1,17.716666666666665,223.5,4.0,11.75,67.5,0.8365384615384616,326.3053068017366,4.094621749408984,0.675,0.5957446808510638,3.2222222222222223
2024-04-11 21:00:00,21,28,1,4,23,0,0,9,13,1,14,1,18.716666666666665,228.5,4.0,11.75,70.0,0.8653846153846154,334.0903068017366,4.712006079027356,0.7,0.7659574468085106,3.2142857142857144
2024-04-11 22:00:00,22,29,1,5,23,0,0,8,11,0,11,0,19.716666666666665,229.0,3.0,8.29,72.5,1.0804597701149423,300.807,5.477989684289339,0.725,0.9650180940892644,3.2413793103448274
2024-04-11 23:00:00,23,32,1,6,24,1,0,9,13,0,13,0,20.716666666666665,279.0,3.0,8.29,80.0,1.271604938271605,339.682,6.069420989143547,0.8,1.0856453558504222,3.21875
2024-04-12 00:00:00,0,30,1,5,24,0,0,7,14,0,14,0,21.716666666666665,298.0,3.0,8.29,75.0,1.2435897435897436,354.432,5.155197024527544,0.75,0.8443908323281062,3.2333333333333334
2024-04-12 01:00:00,1,33,1,5,24,3,0,8,16,0,16,0,22.716666666666665,314.5,3.0,8.29,82.5,1.4305555555555556,393.307,5.587026172460431,0.825,0.9650180940892644,3.121212121212121
2024-04-12 02:00:00,2,37,2,7,24,4,0,9,20,0,20,0,23.716666666666665,295.0,3.0,8.29,92.5,1.9666666666666663,461.127,6.412328432171616,0.925,1.0856453558504222,3.189189189189189
2024-04-12 03:00:00,3,34,2,6,23,3,0,4,22,0,22,0,24.716666666666665,274.5,3.0,8.29,85.0,2.0185185185185186,487.132,4.27186723905485,0.85,0.4825090470446321,3.2058823529411766
2024-04-12 04:00:00,4,35,2,6,24,3,0,2,23,0,23,0,25.716666666666665,318.0,3.0,8.29,87.5,2.196078431372549,508.317,3.572014475271412,0.875,0.241254523522316,3.2
2024-04-12 05:00:00,5,35,2,7,23,3,0,2,23,0,23,0,26.716666666666665,378.0,3.0,8.29,87.5,2.215686274509804,513.957,3.603907461657763,0.875,0.241254523522316,3.2285714285714286
2024-04-12 06:00:00,6,37,2,7,25,3,0,2,23,0,23,0,27.716666666666665,438.0,3.0,8.29,92.5,2.333333333333333,523.887,3.7509267107879896,0.925,0.241254523522316,3.216216216216216
2024-04-12 07:00:00,7,38,2,7,25,4,0,2,23,0,23,0,28.716666666666665,498.0,3.0,8.29,95.0,2.372549019607843,531.672,3.793205193321058,0.95,0.241254523522316,3.1842105263157894
2024-04-12 08:00:00,8,34,2,7,23,2,0,2,23,0,23,0,29.716666666666665,558.0,3.0,6.66,85.0,2.176470588235294,528.732,3.755392156862745,0.85,0.3003003003003003,3.264705882352941
2024-04-12 09:00:00,9,30,2,6,21,1,0,1,21,0,21,0,22.166666666666668,586.0,3.0,6.66,75.0,1.736842105263158,450.77,2.970495495495495,0.75,0.1501501501501501,3.3
2024-04-12 10:00:00,10,39,4,6,29,0,0,13,24,2,26,2,23.166666666666668,528.5,4.0,9.75,97.5,2.3392857142857144,544.4516136034732,7.753632478632478,0.975,1.3333333333333333,3.358974358974359
2024-04-12 11:00:00,11,40,0,5,34,1,0,10,21,2,23,2,20.416666666666668,576.0,4.0,9.75,100.0,1.8235294117647056,490.8866136034732,6.279487179487179,1.0,1.0256410256410255,3.1
2024-04-12 12:00:00,12,38,0,4,33,1,0,7,21,2,23,2,21.416666666666668,578.0,4.0,9.75,95.0,1.7205882352941178,492.2366136034732,5.135526315789473,0.95,0.717948717948718,3.0789473684210527
2024-04-12 13:00:00,13,42,2,4,35,1,0,13,20,5,25,5,22.35,216.0,4.0,9.75,105.0,2.216666666666667,535.4855340086831,7.547222222222222,1.05,1.3333333333333333,3.1666666666666665
2024-04-12 14:00:00,14,44,2,6,35,1,0,9,17,4,21,4,18.28333333333333,273.0,4.0,9.75,110.0,1.855263157894737,462.37122720694646,6.483041958041958,1.1,0.9230769230769232,3.2045454545454546
2024-04-12 15:00:00,15,45,1,6,37,1,0,9,15,2,17,2,18.98333333333333,238.0,4.0,9.75,112.5,1.5434782608695652,413.12761360347326,6.462820512820514,1.125,0.9230769230769232,3.1555555555555554
2024-04-12 16:00:00,16,38,1,6,29,2,0,5,12,2,14,2,19.98333333333333,228.5,4.0,9.75,95.0,1.1538461538461535,363.5526136034732,4.619433198380567,0.95,0.5128205128205128,3.1578947368421053
2024-04-12 17:00:00,17,33,1,5,25,2,0,4,13,2,15,2,20.98333333333333,280.0,4.0,9.75,82.5,1.04,371.8676136034732,3.892929292929293,0.825,0.4102564102564102,3.1515151515151514
2024-04-12 18:00:00,18,30,2,2,24,2,0,8,13,1,14,1,21.98333333333333,326.0,4.0,9.75,75.0,0.903846153846154,356.8043068017366,4.920940170940171,0.75,0.8205128205128205,3.1333333333333333
2024-04-12 19:00:00,19,28,3,2,23,0,0,9,10,1,11,1,22.98333333333333,372.0,4.0,9.75,70.0,0.7931034482758621,317.9543068017366,5.332967032967033,0.7,0.9230769230769232,3.2857142857142856
2024-04-12 20:00:00,20,29,3,3,23,0,0,12,10,1,11,1,21.85,116.0,4.0,11.42,72.5,0.8275862068965517,313.7073068017366,5.878470922157135,0.725,1.0507880910683012,3.310344827586207
2024-04-12 21:00:00,21,42,3,4,32,3,0,17,10,2,12,2,22.85,149.5,4.0,11.42,105.0,1.1875,361.5006136034732,8.03895213076474,1.05,1.48861646234676,3.1666666666666665
2024-04-12 22:00:00,22,39,3,4,31,1,0,11,11,1,12,1,23.85,182.0,3.0,8.33,97.5,1.5,359.83730680173664,7.416321913380737,0.975,1.3205282112845138,3.230769230769231
2024-04-12 23:00:00,23,34,2,6,26,0,0,9,13,0,13,0,24.85,205.0,3.0,8.33,85.0,1.382716049382716,367.284,6.359070687098368,0.85,1.0804321728691475,3.294117647058824
2024-04-13 00:00:00,0,40,2,9,29,0,0,15,17,2,19,2,25.85,158.0,3.0,8.33,100.0,2.111111111111111,467.93061360347326,9.312394957983193,1.0,1.800720288115246,3.325
2024-04-13 01:00:00,1,43,2,10,30,1,0,8,17,2,19,2,12.033333333333331,193.0,3.0,8.33,107.5,2.253968253968254,396.4396136034732,6.721501158602976,1.075,0.9603841536614646,3.302325581395349
2024-04-13 02:00:00,2,47,2,10,32,2,1,8,17,2,19,2,13.033333333333331,253.0,3.0,8.33,117.5,2.3968253968253967,410.6596136034732,6.860489514954918,1.175,0.9603841536614646,3.2127659574468086
2024-04-13 03:00:00,3,36,2,8,25,1,0,3,17,2,19,2,14.033333333333331,297.0,3.0,8.33,90.0,1.8888888888888888,392.70461360347326,4.16547619047619,0.9,0.3601440576230492,3.305555555555556
2024-04-13 04:00:00,4,34,1,7,26,0,0,4,18,1,19,1,15.033333333333331,357.0,3.0,8.33,85.0,1.761904761904762,393.1863068017366,4.342685897888567,0.85,0.4801920768307323,3.264705882352941
2024-04-13 05:00:00,5,34,1,8,25,0,0,4,18,1,19,1,16.033333333333335,417.0,3.0,8.33,85.0,1.7777777777777777,398.82630680173656,4.381809194265942,0.85,0.4801920768307323,3.294117647058824
2024-04-13 06:00:00,6,33,2,8,23,0,0,3,19,1,20,1,17.033333333333335,464.0,3.0,8.33,82.5,1.85,415.7213068017366,3.986393648368439,0.825,0.3601440576230492,3.363636363636364
2024-04-13 07:00:00,7,33,2,6,25,0,0,2,19,0,19,0,18.03333333333333,537.0,3.0,8.33,82.5,1.7301587301587302,407.093,3.518044490523482,0.825,0.2400960384153661,3.303030303030303
2024-04-13 08:00:00,8,32,2,7,23,0,0,3,19,0,19,0,19.03333333333333,597.0,3.0,6.6,80.0,1.6984126984126984,410.588,4.194886363636364,0.8,0.4545454545454546,3.34375
2024-04-13 09:00:00,9,28,1,6,21,0,0,3,15,0,15,0,20.03333333333333,657.0,3.0,6.6,70.0,1.2266666666666666,354.048,3.793506493506493,0.7,0.4545454545454546,3.2857142857142856
2024-04-13 10:00:00,10,25,1,5,19,0,0,6,13,1,14,1,21.03333333333333,672.0,4.0,9.96,62.5,0.7884615384615384,340.7213068017366,4.025903614457831,0.625,0.6024096385542169,3.28
2024-04-13 11:00:00,11,21,1,5,15,0,0,5,13,0,13,0,22.03333333333333,713.0,4.0,9.96,52.5,0.6481481481481481,323.51300000000003,3.423360107095047,0.525,0.5020080321285141,3.333333333333333
2024-04-13 12:00:00,12,21,0,3,18,0,0,8,9,0,9,0,17.933333333333334,720.0,4.0,9.96,52.5,0.532258064516129,246.789,4.174383247274814,0.525,0.8032128514056226,3.142857142857143
2024-04-13 13:00:00,13,20,0,3,17,0,0,9,6,1,7,1,14.95,54.0,4.0,9.96,50.0,0.4772727272727273,201.88630680173665,4.421385542168675,0.5,0.9036144578313254,3.15
2024-04-13 14:00:00,14,24,1,5,17,0,1,13,8,1,9,1,15.95,63.0,4.0,9.96,60.0,0.6209677419354839,242.9063068017366,6.112583668005355,0.6,1.3052208835341366,3.208333333333333
2024-04-13 15:00:00,15,17,0,6,11,0,0,5,4,1,5,1,10.766666666666667,123.0,4.0,9.96,42.5,0.4071428571428571,145.05730680173662,3.108203401842665,0.425,0.5020080321285141,3.3529411764705883
2024-04-13 16:00:00,16,14,0,10,4,0,0,6,4,1,5,1,11.766666666666667,160.0,4.0,9.96,35.0,0.3714285714285714,144.2623068017366,3.537521514629949,0.35,0.6024096385542169,3.7142857142857135
2024-04-13 17:00:00,17,17,0,8,9,0,0,12,5,1,6,1,12.766666666666667,69.0,4.0,9.96,42.5,0.4338235294117647,169.73730680173662,5.656431608788094,0.425,1.2048192771084338,3.4705882352941178
2024-04-13 18:00:00,18,16,0,5,11,0,0,6,6,1,7,1,13.766666666666667,122.0,4.0,9.96,40.0,0.4015151515151515,186.6323068017366,3.320481927710844,0.4,0.6024096385542169,3.3125
2024-04-13 19:00:00,19,15,0,3,12,0,0,6,5,0,5,0,14.766666666666667,170.0,4.0,9.96,37.5,0.3428571428571428,162.459,3.127710843373494,0.375,0.6024096385542169,3.2
2024-04-13 20:00:00,20,17,0,3,14,0,0,9,5,0,5,0,15.766666666666667,217.0,4.0,11.69,42.5,0.3857142857142857,172.389,3.795529109847532,0.425,0.7698887938408897,3.176470588235294
2024-04-13 21:00:00,21,22,0,3,19,0,0,11,8,0,8,0,16.766666666666666,36.5,4.0,11.69,55.00000000000001,0.5390625,228.954,4.676240376390077,0.55,0.9409751924721984,3.136363636363636
2024-04-13 22:00:00,22,23,0,3,20,0,0,11,7,0,7,0,17.766666666666666,88.0,3.0,8.33,57.49999999999999,0.7272727272727273,223.339,5.933827444021087,0.575,1.3205282112845138,3.130434782608696
2024-04-13 23:00:00,23,21,1,4,15,1,0,11,4,1,5,1,18.766666666666666,114.0,3.0,8.33,52.5,0.6476190476190476,198.7573068017366,5.975996112730806,0.525,1.3205282112845138,3.238095238095238
2024-04-14 00:00:00,0,19,1,4,14,0,0,7,6,1,7,1,19.766666666666666,104.0,3.0,8.33,47.5,0.6363636363636364,226.90730680173655,4.3613777089783285,0.475,0.8403361344537815,3.3157894736842106
2024-04-14 01:00:00,1,18,1,3,14,0,0,3,6,1,7,1,20.766666666666666,164.0,3.0,8.33,45.0,0.5959595959595959,230.4023068017366,2.65547218887555,0.45,0.3601440576230492,3.2777777777777777
2024-04-14 02:00:00,2,13,0,3,10,0,0,4,7,0,7,0,21.766666666666666,187.0,3.0,8.33,32.5,0.4242424242424242,224.449,2.6013897866839044,0.325,0.4801920768307323,3.230769230769231
2024-04-14 03:00:00,3,16,0,3,12,1,0,4,6,0,6,0,22.766666666666666,300.5,3.0,8.33,40.0,0.4901960784313725,223.124,2.7506002400960385,0.4,0.4801920768307323,3.125
2024-04-14 04:00:00,4,17,0,4,13,0,0,3,7,0,7,0,23.766666666666666,307.0,3.0,8.33,42.5,0.5555555555555556,244.309,2.5401719511333947,0.425,0.3601440576230492,3.235294117647059
2024-04-14 05:00:00,5,15,0,5,10,0,0,2,8,0,8,0,24.766666666666666,350.5,3.0,8.33,37.5,0.5208333333333334,259.059,2.0503201280512204,0.375,0.2400960384153661,3.333333333333333
2024-04-14 06:00:00,6,16,0,6,9,1,0,3,10,0,10,0,25.766666666666666,387.0,3.0,8.33,40.0,0.5888888888888889,293.644,2.517977190876351,0.4,0.3601440576230492,3.3125
2024-04-14 07:00:00,7,18,1,6,9,2,0,3,12,0,12,0,26.766666666666666,339.5,3.0,8.33,45.0,0.7142857142857143,330.374,2.7004801920768307,0.45,0.3601440576230492,3.333333333333333
2024-04-14 08:00:00,8,21,1,6,14,0,0,6,13,1,14,1,17.15,245.0,3.0,6.43,52.5,0.9102564102564102,310.2393068017366,4.929854476782936,0.525,0.9331259720062208,3.380952380952381
2024-04-14 09:00:00,9,25,1,6,18,0,0,8,11,1,12,1,12.383333333333333,215.0,3.0,6.43,62.5,0.988095238095238,265.13530680173665,6.205637636080871,0.625,1.244167962674961,3.32
2024-04-14 10:00:00,10,27,1,6,18,2,0,11,12,1,13,1,13.383333333333333,233.0,4.0,9.79,67.5,0.8055555555555556,288.46530680173663,5.795474406991262,0.675,1.1235955056179776,3.2222222222222223
2024-04-14 11:00:00,11,34,1,9,19,5,0,17,15,1,16,1,14.383333333333333,193.5,4.0,9.79,85.0,1.125,349.3203068017366,8.215832482124618,0.85,1.7364657814096018,3.176470588235294
2024-04-14 12:00:00,12,34,2,8,21,3,0,13,12,1,13,1,13.216666666666669,247.0,4.0,9.79,85.0,1.0277777777777777,302.5403068017366,7.1101559214084,0.85,1.327885597548519,3.264705882352941
2024-04-14 13:00:00,13,34,3,9,19,3,0,9,13,2,15,2,14.216666666666669,228.0,4.0,9.79,85.0,1.14,335.84861360347327,5.932376975304933,0.85,0.9193054136874362,3.3529411764705883
2024-04-14 14:00:00,14,31,2,10,16,3,0,8,13,1,14,1,15.216666666666669,327.5,4.0,9.79,77.5,1.0,320.7853068017366,5.341441233648555,0.775,0.8171603677221655,3.3548387096774195
2024-04-14 15:00:00,15,36,3,12,19,2,0,14,13,2,15,2,16.216666666666665,270.0,4.0,9.79,90.0,1.24,351.4186136034732,8.025661105436386,0.9,1.4300306435137895,3.4444444444444446
2024-04-14 16:00:00,16,33,3,12,16,2,0,9,13,2,15,2,17.216666666666665,330.0,4.0,9.79,82.5,1.15,350.6236136034732,6.078640078001671,0.825,0.9193054136874362,3.484848484848485
2024-04-14 17:00:00,17,27,2,9,16,0,0,10,14,1,15,1,18.216666666666665,390.0,4.0,9.79,67.5,0.94,342.52530680173663,5.906160859531647,0.675,1.021450459652707,3.4814814814814814
2024-04-14 18:00:00,18,29,2,8,14,5,0,7,12,1,13,1,19.216666666666665,450.0,4.0,9.79,72.5,0.8703703703703703,325.65530680173663,4.667635870522348,0.725,0.7150153217568949,3.2413793103448274
2024-04-14 19:00:00,19,31,2,8,14,7,0,14,11,1,12,1,20.216666666666665,496.0,4.0,9.79,77.5,0.875,322.1853068017366,6.970742034333916,0.775,1.4300306435137895,3.161290322580645
2024-04-14 20:00:00,20,33,2,9,18,4,0,17,12,1,13,1,21.216666666666665,542.0,4.0,11.24,82.5,1.0,345.5153068017366,7.649854416046587,0.825,1.5124555160142348,3.272727272727273
2024-04-14 21:00:00,21,42,2,9,22,7,2,13,17,1,18,1,22.216666666666665,470.5,4.0,11.24,105.0,1.4545454545454546,437.4603068017366,6.724826300627012,1.05,1.1565836298932384,3.0476190476190474
2024-04-14 22:00:00,22,38,2,9,21,5,1,9,16,1,17,1,23.216666666666665,561.0,3.0,7.880000000000001,95.0,1.7391304347826086,421.12030680173655,6.606732567459258,0.95,1.1421319796954317,3.1578947368421053
2024-04-14 23:00:00,23,34,3,9,19,3,0,6,18,1,19,1,24.216666666666665,560.0,3.0,7.880000000000001,85.0,1.809523809523809,444.98030680173656,5.403000895789788,0.85,0.7614213197969543,3.3529411764705883
2024-04-15 00:00:00,0,44,3,10,24,7,0,13,20,1,21,1,25.216666666666665,561.0,3.0,7.880000000000001,110.0,2.473684210526316,498.8703068017367,8.811686663590216,1.1,1.6497461928934007,3.2045454545454546
2024-04-15 01:00:00,1,48,3,11,26,8,0,9,21,1,22,1,26.216666666666665,474.5,3.0,7.880000000000001,120.0,2.833333333333333,526.4903068017366,7.465545685279189,1.2,1.1421319796954317,3.1875
2024-04-15 02:00:00,2,42,3,12,21,6,0,4,21,1,22,1,27.216666666666665,534.5,3.0,7.880000000000001,105.0,2.555555555555556,519.2603068017366,5.117875271936185,1.05,0.5076142131979695,3.2857142857142856
2024-04-15 03:00:00,3,45,3,13,22,7,0,7,23,1,24,1,28.216666666666665,421.5,3.0,7.880000000000001,112.5,3.0625,558.1353068017365,6.576861252115059,1.125,0.8883248730964466,3.2666666666666666
2024-04-15 04:00:00,4,41,3,13,21,4,0,2,23,1,24,1,29.216666666666665,481.5,3.0,7.880000000000001,102.5,2.875,555.1953068017366,4.304277578308778,1.025,0.2538071065989847,3.365853658536585
2024-04-15 05:00:00,5,40,3,14,20,3,0,3,23,1,24,1,30.216666666666665,541.5,3.0,7.880000000000001,100.0,2.8541666666666665,558.6903068017366,4.728934010152284,1.0,0.3807106598984771,3.425
2024-04-15 06:00:00,6,38,3,14,19,2,0,1,22,1,23,1,31.216666666666665,628.0,3.0,7.880000000000001,95.0,2.588235294117647,546.6403068017365,3.740822869356132,0.95,0.1269035532994923,3.473684210526316
2024-04-15 07:00:00,7,41,3,14,22,2,0,3,22,1,23,1,32.21666666666667,688.0,3.0,7.880000000000001,102.5,2.764705882352941,558.7153068017366,4.834273245016713,1.025,0.3807106598984771,3.4390243902439024
2024-04-15 08:00:00,8,40,3,14,20,3,0,3,22,1,23,1,33.21666666666667,748.0,3.0,6.41,100.0,2.6862745098039214,562.2103068017366,5.027964118564743,1.0,0.4680187207488299,3.425
2024-04-15 09:00:00,9,39,2,13,21,3,0,7,22,1,23,1,34.21666666666667,738.0,3.0,6.41,97.5,2.5686274509803924,565.7053068017366,6.943146725869035,0.975,1.0920436817472698,3.358974358974359
2024-04-15 10:00:00,10,39,4,11,21,3,0,10,23,2,25,2,28.8,713.0,4.0,10.11,97.5,2.216666666666667,562.8236136034732,6.698151741104263,0.975,0.9891196834817012,3.41025641025641
2024-04-15 11:00:00,11,49,5,12,29,3,0,17,28,3,31,3,27.116666666666667,534.0,4.0,10.11,122.5,4.611111111111111,656.0479204052099,9.846521932215024,1.225,1.6815034619188922,3.3877551020408165
2024-04-15 12:00:00,12,47,7,9,28,3,0,9,24,4,28,4,28.116666666666667,181.0,4.0,10.11,117.5,3.3541666666666665,618.0662272069465,7.074434939074437,1.175,0.8902077151335313,3.425531914893617
2024-04-15 13:00:00,13,45,7,8,28,2,0,6,24,4,28,4,29.116666666666667,220.5,4.0,10.11,112.5,3.2291666666666665,619.4162272069464,5.919180679195517,1.125,0.5934718100890208,3.4444444444444446
2024-04-15 14:00:00,14,43,6,9,26,2,0,5,22,4,26,4,30.116666666666667,248.5,4.0,10.11,107.5,2.642857142857143,593.9662272069465,5.402205966921998,1.075,0.4945598417408506,3.441860465116279
2024-04-15 15:00:00,15,37,7,7,23,0,0,8,20,3,23,3,28.03333333333333,283.0,4.0,10.11,92.5,1.9411764705882355,528.2779204052099,6.123001042585613,0.925,0.7912957467853611,3.5675675675675675
2024-04-15 16:00:00,16,32,7,5,20,0,0,4,14,3,17,3,16.066666666666666,331.0,4.0,10.11,80.0,1.25,369.6609204052098,4.296859545004946,0.8,0.3956478733926805,3.59375
2024-04-15 17:00:00,17,33,7,5,21,0,0,4,16,3,19,3,17.066666666666666,388.0,4.0,10.11,82.5,1.4047619047619049,404.24592040520986,4.364740880616251,0.825,0.3956478733926805,3.575757575757576
2024-04-15 18:00:00,18,33,6,6,21,0,0,7,18,2,20,2,18.066666666666663,435.5,4.0,10.11,82.5,1.4625,422.4176136034732,5.379815214459131,0.825,0.6923837784371909,3.5454545454545454
2024-04-15 19:00:00,19,39,5,6,26,2,0,13,19,1,20,1,19.066666666666663,495.5,4.0,10.11,97.5,1.6375,440.0593068017366,7.594155951203429,0.975,1.2858555885262115,3.358974358974359
2024-04-15 20:00:00,20,42,4,8,26,3,1,14,18,2,20,2,10.5,361.5,4.0,11.58,105.0,1.7125,399.0466136034733,7.368580886586067,1.05,1.2089810017271156,3.261904761904762
2024-04-15 21:00:00,21,43,5,8,24,4,2,13,20,2,22,2,11.5,261.0,4.0,11.58,107.5,1.930555555555556,433.6316136034733,7.1039512792705946,1.075,1.1226252158894643,3.232558139534884
2024-04-15 22:00:00,22,32,5,7,17,3,0,6,20,1,21,1,12.5,337.0,3.0,7.88,80.0,1.9298245614035088,401.4083068017367,5.367385786802031,0.8,0.7614213197969544,3.4375
2024-04-15 23:00:00,23,30,5,7,17,0,1,4,20,0,20,0,13.5,463.5,3.0,7.88,75.0,1.75,388.49,4.401649746192893,0.75,0.5076142131979695,3.5
2024-04-16 00:00:00,0,27,5,8,13,0,1,3,20,0,20,0,14.5,523.5,3.0,7.88,67.5,1.6166666666666667,387.6950000000001,3.792738296672306,0.675,0.3807106598984772,3.592592592592593
2024-04-16 01:00:00,1,30,5,8,17,0,0,4,21,0,21,0,15.5,517.0,3.0,7.88,75.0,1.894736842105263,413.17,4.527411167512691,0.75,0.5076142131979695,3.6
2024-04-16 02:00:00,2,32,5,8,19,0,0,4,22,0,22,0,16.5,561.0,3.0,7.88,80.0,2.111111111111111,436.5,4.658375634517767,0.8,0.5076142131979695,3.5625
2024-04-16 03:00:00,3,31,5,8,18,0,0,0,22,0,22,0,17.5,621.0,3.0,7.88,77.5,2.055555555555556,439.995,2.775,0.775,0.0,3.5806451612903225
2024-04-16 04:00:00,4,32,5,7,19,1,0,5,22,0,22,0,18.5,681.0,3.0,7.88,80.0,2.074074074074074,447.78,5.020812182741117,0.8,0.6345177664974619,3.5
2024-04-16 05:00:00,5,34,5,7,21,1,0,3,22,0,22,0,19.5,741.0,3.0,7.88,85.0,2.185185185185185,457.71,4.271289937294715,0.85,0.3807106598984772,3.4705882352941178
2024-04-16 06:00:00,6,36,5,7,23,1,0,4,22,0,22,0,20.5,801.0,3.0,7.88,90.0,2.2962962962962963,467.64,4.848448956570785,0.9,0.5076142131979695,3.4444444444444446
2024-04-16 07:00:00,7,33,5,7,19,2,0,3,22,0,22,0,21.5,861.0,3.0,7.88,82.5,2.111111111111111,466.845,4.165182279649285,0.825,0.3807106598984772,3.4545454545454546
2024-04-16 08:00:00,8,38,5,7,24,2,0,8,23,0,23,0,22.5,905.0,3.0,6.6,95.0,2.5294117647058822,496.61,7.339832535885168,0.95,1.2121212121212122,3.3947368421052637
2024-04-16 09:00:00,9,42,5,10,25,2,0,7,25,0,25,0,23.5,938.0,3.0,6.6,105.0,3.2,537.63,7.236363636363635,1.05,1.0606060606060606,3.4285714285714284
2024-04-16 10:00:00,10,45,3,9,31,2,0,8,25,0,25,0,24.5,941.0,4.0,9.64,112.5,2.466666666666667,549.7049999999999,6.429368372521899,1.125,0.8298755186721991,3.2888888888888888
2024-04-16 11:00:00,11,38,2,9,26,1,0,3,24,0,24,0,25.166666666666668,947.0,4.0,9.64,95.0,1.96875,525.05,4.181884690980564,0.95,0.3112033195020747,3.3157894736842106
2024-04-16 12:00:00,12,35,2,9,24,0,0,6,20,0,20,0,26.166666666666668,1007.0,4.0,9.64,87.5,1.475,470.655,5.048399525785418,0.875,0.6224066390041494,3.3714285714285714
2024-04-16 13:00:00,13,37,1,10,26,0,0,9,18,0,18,0,27.166666666666668,1067.0,4.0,9.64,92.5,1.3977272727272727,453.785,6.178622294493664,0.925,0.933609958506224,3.324324324324324
2024-04-16 14:00:00,14,33,1,10,22,0,0,6,16,0,16,0,28.116666666666667,706.5,4.0,9.64,82.5,1.15625,423.763,4.868549603923048,0.825,0.6224066390041494,3.363636363636364
2024-04-16 15:00:00,15,34,1,11,22,0,0,10,13,1,14,1,29.116666666666667,430.5,4.0,9.64,85.0,1.1057692307692308,405.6163068017365,6.383664876739077,0.85,1.0373443983402488,3.3823529411764706
2024-04-16 16:00:00,16,26,0,8,18,0,0,7,12,0,12,0,29.55,462.5,4.0,9.64,65.0,0.7678571428571429,363.232,4.551851260772422,0.65,0.7261410788381742,3.3076923076923075
2024-04-16 17:00:00,17,24,0,6,18,0,0,5,12,1,13,1,30.55,511.0,4.0,9.64,60.0,0.7222222222222222,378.8503068017366,3.635684647302905,0.6,0.5186721991701244,3.25
2024-04-16 18:00:00,18,25,0,5,20,0,0,6,12,1,13,1,31.55,544.0,4.0,9.64,62.5,0.7407407407407407,386.6353068017367,3.991701244813278,0.625,0.6224066390041494,3.2
2024-04-16 19:00:00,19,27,0,5,18,2,2,11,13,1,14,1,32.416666666666664,453.0,4.0,9.64,67.5,0.7692307692307693,409.2133068017366,5.380974335331182,0.675,1.1410788381742738,2.962962962962963
2024-04-16 20:00:00,20,31,1,6,23,1,0,15,17,1,18,1,33.416666666666664,134.0,4.0,10.33,77.5,1.1363636363636365,477.0333068017366,7.18413327920557,0.775,1.452081316553727,3.225806451612903
2024-04-16 21:00:00,21,35,1,7,26,1,0,11,16,3,19,3,34.416666666666664,173.0,4.0,10.33,87.5,1.3452380952380951,506.38992040520986,6.262975383764347,0.875,1.0648596321393995,3.2285714285714286
2024-04-16 22:00:00,22,37,1,7,26,3,0,14,19,3,22,3,26.933333333333334,168.0,3.0,7.29,92.5,2.1666666666666665,508.67392040520986,8.997739406072741,0.925,1.9204389574759944,3.1621621621621623
2024-04-16 23:00:00,23,33,1,5,26,1,0,7,18,3,21,3,27.933333333333334,225.0,3.0,7.29,82.5,1.8421052631578947,492.3339204052098,5.680243795984537,0.825,0.9602194787379972,3.1818181818181817
2024-04-17 00:00:00,0,28,1,4,19,4,0,5,20,1,21,1,28.933333333333334,285.0,3.0,7.29,70.0,1.5087719298245614,485.5123068017366,4.25660395845581,0.7,0.6858710562414266,3.071428571428572
2024-04-17 01:00:00,1,33,2,5,24,2,0,8,21,1,22,1,29.933333333333334,340.0,3.0,7.29,82.5,1.962962962962963,515.2773068017366,6.174961549652907,0.825,1.0973936899862826,3.212121212121212
2024-04-17 02:00:00,2,30,2,5,21,2,0,2,21,1,22,1,30.933333333333334,400.0,3.0,7.29,75.0,1.7962962962962965,514.4823068017366,3.3120598994055785,0.75,0.2743484224965706,3.2333333333333334
2024-04-17 03:00:00,3,31,2,6,19,3,1,3,21,1,22,1,31.933333333333334,460.0,3.0,7.29,77.5,1.8148148148148149,522.2673068017366,3.750942519580512,0.775,0.411522633744856,3.161290322580645
2024-04-17 04:00:00,4,30,2,5,21,2,0,3,21,1,22,1,32.93333333333333,520.0,3.0,7.29,75.0,1.7962962962962965,525.7623068017366,3.7555898491083672,0.75,0.411522633744856,3.2333333333333334
2024-04-17 05:00:00,5,31,2,5,22,2,0,2,22,1,23,1,33.93333333333333,575.0,3.0,7.29,77.5,1.96078431372549,546.9473068017365,3.3849949112792603,0.775,0.2743484224965706,3.225806451612903
2024-04-17 06:00:00,6,32,2,4,24,2,0,3,23,1,24,1,34.93333333333333,628.5,3.0,7.29,80.0,2.125,568.1323068017366,3.861728395061729,0.8,0.411522633744856,3.1875
2024-04-17 07:00:00,7,33,2,6,23,2,0,4,23,1,24,1,35.93333333333333,688.5,3.0,7.29,82.5,2.2291666666666665,575.9173068017366,4.454107951947457,0.825,0.5486968449931413,3.242424242424242
2024-04-17 08:00:00,8,37,2,6,27,2,0,7,23,1,24,1,36.93333333333333,748.5,3.0,6.6,92.5,2.4791666666666665,590.1373068017366,6.386138411138411,0.925,1.0606060606060606,3.216216216216216
2024-04-17 09:00:00,9,33,1,8,22,2,0,3,20,1,21,1,37.93333333333333,785.0,3.0,6.6,82.5,1.8771929824561404,546.9973068017366,4.148829201101928,0.825,0.4545454545454546,3.242424242424242
2024-04-17 10:00:00,10,34,2,8,22,2,0,6,20,1,21,1,38.93333333333333,749.0,4.0,10.3,85.0,1.4736842105263157,554.7823068017366,4.718903483723586,0.85,0.5825242718446602,3.294117647058824
2024-04-17 11:00:00,11,34,2,8,21,3,0,8,17,1,18,1,39.93333333333333,743.5,4.0,10.3,85.0,1.2613636363636365,520.2223068017365,5.310693889206168,0.85,0.7766990291262136,3.264705882352941
2024-04-17 12:00:00,12,32,1,7,21,3,0,8,17,1,18,1,40.93333333333333,532.5,4.0,10.3,80.0,1.1590909090909092,521.5723068017367,5.025728155339806,0.8,0.7766990291262136,3.1875
2024-04-17 13:00:00,13,32,1,9,21,1,0,8,17,1,18,1,21.916666666666668,214.5,4.0,10.3,80.0,1.2045454545454546,414.31830680173664,5.222815533980582,0.8,0.7766990291262136,3.3125
2024-04-17 14:00:00,14,38,1,9,25,3,0,9,17,1,18,1,22.916666666666668,247.0,4.0,10.3,95.0,1.3863636363636365,432.82830680173663,5.855314256515074,0.95,0.8737864077669902,3.210526315789474
2024-04-17 15:00:00,15,29,1,8,20,0,0,6,15,1,16,1,23.916666666666668,231.0,4.0,10.3,72.5,1.0104166666666667,392.3633068017366,4.373443254101104,0.725,0.5825242718446602,3.3448275862068964
2024-04-17 16:00:00,16,34,1,8,25,0,0,11,15,1,16,1,24.916666666666668,282.0,4.0,10.3,85.0,1.1666666666666667,408.7283068017366,6.3179897201599085,0.85,1.0679611650485437,3.294117647058824
2024-04-17 17:00:00,17,36,1,8,25,2,0,9,14,1,15,1,24.33333333333333,273.0,4.0,10.3,90.0,1.16,396.32830680173663,5.715533980582524,0.9,0.8737864077669902,3.2222222222222223
2024-04-17 18:00:00,18,32,0,6,23,3,0,8,15,0,15,0,9.4,273.0,4.0,10.3,80.0,0.99,302.656,4.877912621359223,0.8,0.7766990291262136,3.09375
2024-04-17 19:00:00,19,35,0,7,21,6,1,10,14,1,15,1,10.4,333.0,4.0,10.3,87.5,1.04,315.59930680173665,5.484882108183079,0.875,0.9708737864077668,2.9714285714285715
2024-04-17 20:00:00,20,34,0,7,20,6,1,12,17,0,17,0,11.4,338.0,4.0,10.05,85.0,1.0978260869565215,345.026,6.071971027216857,0.85,1.1940298507462686,2.9705882352941178
2024-04-17 21:00:00,21,37,0,7,24,6,0,8,19,0,19,0,12.4,262.0,4.0,10.05,92.5,1.3333333333333333,383.901,5.209573752857335,0.925,0.7960199004975124,3.027027027027027
2024-04-17 22:00:00,22,36,0,8,25,3,0,6,19,0,19,0,13.4,319.0,3.0,6.35,90.0,1.7936507936507935,387.396,5.790879265091864,0.9,0.9448818897637796,3.138888888888889
2024-04-17 23:00:00,23,33,0,9,21,3,0,3,18,0,18,0,14.4,448.5,3.0,6.35,82.5,1.5909090909090908,373.201,4.128221188260558,0.825,0.4724409448818898,3.1818181818181817
2024-04-18 00:00:00,0,30,0,6,21,3,0,8,18,0,18,0,15.4,508.5,3.0,6.35,75.0,1.4090909090909092,372.406,6.230511811023622,0.75,1.2598425196850394,3.1
2024-04-18 01:00:00,1,32,0,7,22,3,0,5,19,0,19,0,16.4,499.0,3.0,6.35,80.0,1.5873015873015872,395.736,4.960629921259844,0.8,0.7874015748031497,3.125
2024-04-18 02:00:00,2,30,0,6,21,3,0,2,19,0,19,0,17.4,559.0,3.0,6.35,75.0,1.4761904761904765,397.086,3.3013779527559053,0.75,0.3149606299212598,3.1
2024-04-18 03:00:00,3,28,0,7,18,3,0,3,19,0,19,0,18.4,619.0,3.0,6.35,70.0,1.3968253968253967,398.4359999999999,3.684814398200225,0.7,0.4724409448818898,3.142857142857143
2024-04-18 04:00:00,4,30,0,7,21,2,0,4,19,0,19,0,19.4,679.0,3.0,6.35,75.0,1.507936507936508,408.366,4.369750656167978,0.75,0.6299212598425197,3.1666666666666665
2024-04-18 05:00:00,5,29,0,6,20,3,0,3,19,0,19,0,20.4,739.0,3.0,6.35,72.5,1.4285714285714286,411.861,3.716196035840348,0.725,0.4724409448818898,3.103448275862069
2024-04-18 06:00:00,6,27,0,5,21,1,0,1,19,0,19,0,21.4,799.0,3.0,6.35,67.5,1.3492063492063493,413.211,2.620771361913094,0.675,0.1574803149606299,3.1481481481481484
2024-04-18 07:00:00,7,30,0,5,25,0,0,4,20,0,20,0,22.4,836.0,3.0,6.35,75.0,1.5833333333333333,438.686,4.369750656167978,0.75,0.6299212598425197,3.1666666666666665
2024-04-18 08:00:00,8,30,0,5,25,0,0,2,20,0,20,0,23.4,896.0,3.0,6.69,75.0,1.5833333333333333,444.326,3.3216865969108125,0.75,0.2989536621823617,3.1666666666666665
2024-04-18 09:00:00,9,28,0,5,22,1,0,3,19,0,19,0,24.4,905.0,3.0,6.69,70.0,1.3968253968253967,432.276,3.609352978859705,0.7,0.4484304932735426,3.142857142857143
2024-04-18 10:00:00,10,37,1,5,30,1,0,11,20,1,21,1,25.4,882.0,4.0,10.01,92.5,1.5394736842105263,484.8893068017366,6.399903474903477,0.925,1.098901098901099,3.1621621621621623
2024-04-18 11:00:00,11,34,2,4,26,2,0,8,19,1,20,1,26.4,898.5,4.0,10.01,85.0,1.35,470.6943068017366,5.23863783275548,0.85,0.7992007992007992,3.176470588235294
2024-04-18 12:00:00,12,36,2,2,28,4,0,8,16,1,17,1,27.4,719.0,4.0,10.01,90.0,1.1956521739130437,440.42430680173663,5.192002442002441,0.9,0.7992007992007992,3.055555555555556
2024-04-18 13:00:00,13,35,1,2,27,5,0,5,16,0,16,0,28.4,894.0,4.0,10.01,87.5,1.0833333333333333,429.651,4.084230055658627,0.875,0.4995004995004995,2.9714285714285715
2024-04-18 14:00:00,14,34,1,4,23,5,1,12,16,0,16,0,29.4,250.5,4.0,10.01,85.0,1.0520833333333333,433.146,6.086144737615326,0.85,1.1988011988011988,2.9705882352941178
2024-04-18 15:00:00,15,34,1,4,23,4,2,9,18,0,18,0,26.616666666666667,261.0,4.0,10.01,85.0,1.1363636363636365,444.248,5.144414409120292,0.85,0.8991008991008991,2.9411764705882355
2024-04-18 16:00:00,16,40,1,3,29,5,2,11,21,0,21,0,27.616666666666667,173.0,4.0,10.01,100.0,1.5263157894736843,502.9580000000001,6.0868131868131865,1.0,1.098901098901099,2.9
2024-04-18 17:00:00,17,39,1,3,28,5,2,5,22,0,22,0,28.616666666666667,224.5,4.0,10.01,97.5,1.5694444444444444,519.8530000000001,4.2722706780399085,0.975,0.4995004995004995,2.8974358974358974
2024-04-18 18:00:00,18,30,1,1,25,2,1,4,22,0,22,0,29.616666666666667,284.5,4.0,10.01,75.0,1.2361111111111112,506.188,3.410481185481186,0.75,0.3996003996003996,2.966666666666667
2024-04-18 19:00:00,19,35,2,1,29,2,1,9,23,1,24,1,30.616666666666667,317.0,4.0,10.01,87.5,1.65625,550.2213068017367,5.372991294419865,0.875,0.8991008991008991,3.0285714285714285
2024-04-18 20:00:00,20,41,2,1,34,3,1,11,25,1,26,1,31.616666666666667,347.5,4.0,11.05,102.5,2.196428571428572,595.5313068017366,6.061425339366515,1.025,0.995475113122172,3.0
2024-04-18 21:00:00,21,42,2,1,36,3,0,10,23,1,24,1,32.61666666666667,407.5,4.0,11.05,105.0,2.0,576.5163068017366,5.958026287438051,1.05,0.9049773755656108,3.0476190476190474
2024-04-18 22:00:00,22,40,1,3,34,2,0,5,25,0,25,0,33.61666666666667,463.0,3.0,7.73,100.0,2.7333333333333334,590.398,5.064003880983183,1.0,0.6468305304010349,3.075
2024-04-18 23:00:00,23,33,1,4,27,1,0,5,25,0,25,0,34.61666666666667,523.0,3.0,7.73,82.5,2.311111111111111,581.0229999999999,4.6384962170214425,0.825,0.6468305304010349,3.1515151515151514
2024-04-19 00:00:00,0,36,1,5,29,1,0,7,27,0,27,0,35.61666666666667,530.0,3.0,7.73,90.0,2.923076923076923,619.8979999999999,5.717615351444588,0.9,0.9055627425614488,3.1666666666666665
2024-04-19 01:00:00,1,34,1,4,28,1,0,3,27,0,27,0,36.61666666666667,590.0,3.0,7.73,85.0,2.743589743589744,621.248,3.896368236816072,0.85,0.3880983182406209,3.147058823529412
2024-04-19 02:00:00,2,36,1,4,29,2,0,4,27,0,27,0,37.61666666666667,650.0,3.0,7.73,90.0,2.871794871794872,631.178,4.409889320109243,0.9,0.517464424320828,3.111111111111111
2024-04-19 03:00:00,3,41,1,4,34,2,0,6,29,0,29,0,38.61666666666667,705.0,3.0,7.73,102.5,3.8484848484848486,674.3430000000001,5.579316410563846,1.025,0.7761966364812418,3.097560975609756
2024-04-19 04:00:00,4,39,1,4,33,1,0,3,30,1,31,1,39.61666666666667,749.0,3.0,7.73,97.5,4.518518518518518,703.3613068017366,4.264051149368096,0.975,0.3880983182406209,3.128205128205128
2024-04-19 05:00:00,5,40,1,5,33,1,0,3,32,1,33,1,40.61666666666667,731.0,3.0,7.73,100.0,6.0,737.9463068017366,4.372509702457956,1.0,0.3880983182406209,3.15
2024-04-19 06:00:00,6,42,1,7,33,1,0,3,33,1,34,1,41.61666666666667,765.0,3.0,7.73,105.0,7.444444444444445,761.2763068017366,4.588218443910553,1.05,0.3880983182406209,3.1904761904761907
2024-04-19 07:00:00,7,44,1,7,35,1,0,2,33,1,34,1,42.61666666666667,825.0,3.0,7.73,110.0,7.777777777777778,771.2063068017366,4.3232388568740445,1.1,0.258732212160414,3.1818181818181817
2024-04-19 08:00:00,8,45,1,9,34,1,0,4,33,1,34,1,43.61666666666667,885.0,3.0,6.67,112.5,8.055555555555555,778.9913068017365,5.557367149758455,1.125,0.5997001499250375,3.2222222222222223
2024-04-19 09:00:00,9,47,1,10,35,1,0,6,30,1,31,1,44.61666666666667,862.0,3.0,6.67,117.5,5.62962962962963,748.7213068017365,6.70918370601933,1.175,0.8995502248875562,3.234042553191489
2024-04-19 10:00:00,10,46,1,9,36,0,0,9,27,1,28,1,45.61666666666667,864.0,4.0,10.37,115.0,3.1041666666666665,712.0163068017366,6.5362028845750695,1.15,0.8678881388621021,3.239130434782609
2024-04-19 11:00:00,11,52,0,10,41,1,0,13,25,1,26,1,41.083333333333336,748.5,4.0,10.37,130.0,2.946428571428572,672.5183068017367,8.1028206364513,1.3,1.253616200578592,3.173076923076923
2024-04-19 12:00:00,12,50,0,8,41,1,0,10,22,1,23,1,42.083333333333336,561.0,4.0,10.37,125.0,2.3088235294117645,633.6683068017365,6.952965284474446,1.25,0.9643201542912246,3.14
2024-04-19 13:00:00,13,50,0,7,42,1,0,13,18,3,21,3,18.366666666666667,529.0,4.0,10.37,125.0,2.0526315789473686,474.8429204052098,7.811282545805207,1.25,1.253616200578592,3.12
2024-04-19 14:00:00,14,49,0,7,41,1,0,8,15,2,17,2,19.366666666666667,570.0,4.0,10.37,122.5,1.6630434782608696,423.8696136034733,6.233832385413182,1.225,0.7714561234329796,3.122448979591837
2024-04-19 15:00:00,15,52,0,7,44,1,0,10,15,1,16,1,20.366666666666667,482.0,4.0,10.37,130.0,1.6875,421.67630680173664,7.0542281729842005,1.3,0.9643201542912246,3.1153846153846154
2024-04-19 16:00:00,16,46,0,5,40,1,0,8,15,0,15,0,21.366666666666667,690.0,4.0,10.37,115.0,1.42,400.178,5.931451511467023,1.15,0.7714561234329796,3.0869565217391304
2024-04-19 17:00:00,17,36,1,5,30,0,0,9,19,0,19,0,22.366666666666667,405.0,4.0,10.37,90.0,1.369047619047619,437.968,5.647420443587271,0.9,0.8678881388621021,3.1944444444444446
2024-04-19 18:00:00,18,33,2,5,26,0,0,8,19,0,19,0,23.366666666666667,366.0,4.0,10.37,82.5,1.2857142857142858,437.173,5.22476549487157,0.825,0.7714561234329796,3.272727272727273
2024-04-19 19:00:00,19,26,2,4,20,0,0,4,18,0,18,0,23.016666666666666,190.0,4.0,10.37,65.0,0.9772727272727272,406.784,3.425869742600697,0.65,0.3857280617164898,3.3076923076923075
2024-04-19 20:00:00,20,27,2,2,23,0,0,6,17,0,17,0,24.016666666666666,226.0,4.0,10.28,67.5,0.9456521739130436,401.169,4.055674448767834,0.675,0.5836575875486381,3.2222222222222223
2024-04-19 21:00:00,21,27,2,4,21,0,0,4,18,0,18,0,25.016666666666666,276.0,4.0,10.28,67.5,1.0113636363636365,420.209,3.5076055627612046,0.675,0.3891050583657587,3.2962962962962963
2024-04-19 22:00:00,22,37,2,5,30,0,0,14,19,0,19,0,26.016666666666666,326.0,3.0,6.58,92.5,1.9047619047619049,460.699,9.90051753881541,0.925,2.127659574468085,3.2432432432432434
2024-04-19 23:00:00,23,30,2,5,21,1,1,9,18,0,18,0,27.016666666666666,396.0,3.0,6.58,75.0,1.4545454545454546,437.924,6.776899696048632,0.75,1.3677811550151977,3.2
2024-04-20 00:00:00,0,31,2,8,21,0,0,9,20,0,20,0,28.016666666666666,442.0,3.0,6.58,77.5,1.75,472.509,7.257807137954701,0.775,1.3677811550151977,3.3870967741935485
2024-04-20 01:00:00,1,33,2,8,23,0,0,5,21,0,21,0,29.016666666666666,498.0,3.0,6.58,82.5,1.947368421052632,495.83900000000006,5.330954683614258,0.825,0.7598784194528875,3.363636363636364
2024-04-20 02:00:00,2,37,2,7,28,0,0,6,22,0,22,0,30.016666666666666,553.5,3.0,6.58,92.5,2.259259259259259,523.4590000000001,6.056654070483858,0.925,0.9118541033434652,3.2972972972972974
2024-04-20 03:00:00,3,35,2,7,25,1,0,3,22,0,22,0,31.016666666666666,613.5,3.0,6.58,87.5,2.1296296296296298,524.809,4.373046026921407,0.875,0.4559270516717325,3.2857142857142856
2024-04-20 04:00:00,4,38,4,8,26,0,0,7,23,2,25,2,32.016666666666666,651.0,3.0,6.58,95.0,2.888888888888889,578.8206136034732,6.889417693169094,0.95,1.0638297872340423,3.421052631578948
2024-04-20 05:00:00,5,33,4,9,20,0,0,1,23,2,25,2,33.016666666666666,711.0,3.0,6.58,82.5,2.577777777777778,573.7356136034732,3.434217555494151,0.825,0.1519756838905775,3.515151515151515
2024-04-20 06:00:00,6,35,4,9,22,0,0,4,23,2,25,2,34.016666666666666,771.0,3.0,6.58,87.5,2.7111111111111112,583.6656136034733,5.168975249674338,0.875,0.60790273556231,3.4857142857142858
2024-04-20 07:00:00,7,34,3,9,22,0,0,1,23,1,24,1,35.016666666666666,840.0,3.0,6.58,85.0,2.4375,572.8923068017366,3.447975147505811,0.85,0.1519756838905775,3.4411764705882355
2024-04-20 08:00:00,8,41,5,9,26,1,0,9,26,1,27,1,36.016666666666666,860.0,3.0,6.5,102.5,3.615384615384616,633.7473068017366,8.28672607879925,1.025,1.3846153846153846,3.4390243902439024
2024-04-20 09:00:00,9,38,4,10,23,1,0,8,22,1,23,1,37.016666666666666,771.0,3.0,6.5,95.0,2.5686274509803924,579.3523068017365,7.517914979757085,0.95,1.2307692307692308,3.4473684210526314
2024-04-20 10:00:00,10,44,4,11,28,1,0,9,24,1,25,1,38.016666666666666,659.0,4.0,9.75,110.0,2.5,624.6623068017366,6.896853146853147,1.1,0.9230769230769232,3.409090909090909
2024-04-20 11:00:00,11,34,3,8,23,0,0,4,17,1,18,1,31.666666666666668,579.5,4.0,9.75,85.0,1.318181818181818,473.5983068017366,4.299698340874811,0.85,0.4102564102564102,3.411764705882353
2024-04-20 12:00:00,12,36,1,11,24,0,0,14,13,2,15,2,32.666666666666664,153.0,4.0,9.75,90.0,1.21,444.1966136034732,7.851210826210827,0.9,1.435897435897436,3.361111111111111
2024-04-20 13:00:00,13,31,0,10,21,0,0,9,14,2,16,2,16.85,92.5,4.0,9.75,77.5,1.0729166666666667,357.6656136034732,5.641997518610423,0.775,0.9230769230769232,3.3225806451612905
2024-04-20 14:00:00,14,33,0,9,24,0,0,8,13,2,15,2,14.366666666666667,140.0,4.0,9.75,82.5,1.08,334.5496136034732,5.385314685314685,0.825,0.8205128205128205,3.272727272727273
2024-04-20 15:00:00,15,31,1,7,23,0,0,7,12,1,13,1,15.366666666666667,196.0,4.0,9.75,77.5,0.9444444444444444,308.23130680173665,4.912282878411912,0.775,0.717948717948718,3.290322580645161
2024-04-20 16:00:00,16,27,0,4,23,0,0,10,10,0,10,0,16.366666666666667,182.5,4.0,9.75,67.5,0.7083333333333334,264.223,5.353869895536563,0.675,1.0256410256410255,3.1481481481481484
2024-04-20 17:00:00,17,31,0,4,27,0,0,11,14,0,14,0,17.366666666666667,194.5,4.0,9.75,77.5,0.9326923076923076,332.043,5.955190239867659,0.775,1.1282051282051282,3.129032258064516
2024-04-20 18:00:00,18,31,0,4,27,0,0,8,14,0,14,0,18.366666666666667,254.5,4.0,9.75,77.5,0.9326923076923076,337.683,4.992411083540116,0.775,0.8205128205128205,3.129032258064516
2024-04-20 19:00:00,19,25,0,4,20,1,0,7,13,1,14,1,19.366666666666667,255.0,4.0,9.75,62.5,0.75,331.3213068017366,4.19,0.625,0.717948717948718,3.12
2024-04-20 20:00:00,20,28,0,3,24,1,0,9,14,0,14,0,20.366666666666667,315.0,4.0,9.95,70.0,0.8269230769230769,342.528,4.928176597272075,0.7,0.9045226130653268,3.071428571428572
2024-04-20 21:00:00,21,30,0,3,27,0,0,11,12,0,12,0,9.266666666666667,347.0,4.0,9.95,75.0,0.8303571428571429,257.414,5.75213567839196,0.75,1.105527638190955,3.1
2024-04-20 22:00:00,22,34,0,4,30,0,0,9,14,1,15,1,10.266666666666667,322.0,3.0,6.699999999999999,85.0,1.413333333333333,312.7023068017366,6.837884108867428,0.85,1.3432835820895523,3.117647058823529
2024-04-20 23:00:00,23,35,0,4,31,0,0,9,14,1,15,1,11.266666666666667,382.0,3.0,6.699999999999999,87.5,1.4533333333333334,320.4873068017366,6.908368869936034,0.875,1.3432835820895523,3.1142857142857143
2024-04-21 00:00:00,0,40,0,6,33,1,0,12,15,1,16,1,12.266666666666667,437.0,3.0,6.699999999999999,100.0,1.7361111111111112,350.2523068017366,8.722014925373136,1.0,1.7910447761194033,3.125
2024-04-21 01:00:00,1,42,0,5,35,2,0,10,15,0,15,0,13.266666666666667,502.0,3.0,6.699999999999999,105.0,1.72,345.91400000000004,7.809221748400854,1.05,1.492537313432836,3.071428571428572
2024-04-21 02:00:00,2,31,0,5,26,0,0,6,15,0,15,0,14.266666666666667,562.0,3.0,6.699999999999999,77.5,1.3066666666666666,327.959,5.2810062590274445,0.775,0.8955223880597016,3.161290322580645
2024-04-21 03:00:00,3,29,0,5,24,0,0,3,15,0,15,0,15.266666666666667,622.0,3.0,6.699999999999999,72.5,1.2266666666666666,329.309,3.720483787956768,0.725,0.4477611940298508,3.1724137931034484
2024-04-21 04:00:00,4,30,0,6,24,0,0,5,15,1,16,1,16.266666666666666,677.0,3.0,6.699999999999999,75.0,1.3333333333333333,351.36230680173657,4.7880597014925375,0.75,0.746268656716418,3.2
2024-04-21 05:00:00,5,28,0,6,22,0,0,3,17,0,17,0,17.266666666666666,732.0,3.0,6.699999999999999,70.0,1.3043478260869563,365.244,3.689232409381664,0.7,0.4477611940298508,3.2142857142857144
2024-04-21 06:00:00,6,33,0,6,26,1,0,6,19,0,19,0,18.266666666666666,790.0,3.0,6.699999999999999,82.5,1.6507936507936507,408.409,5.422252374491181,0.825,0.8955223880597016,3.1515151515151514
2024-04-21 07:00:00,7,31,0,6,24,1,0,3,19,0,19,0,19.266666666666666,850.0,3.0,6.699999999999999,77.5,1.5555555555555556,409.759,3.865503129513722,0.775,0.4477611940298508,3.161290322580645
2024-04-21 08:00:00,8,29,0,6,22,1,0,6,19,0,19,0,20.266666666666666,910.0,3.0,6.41,72.5,1.4603174603174602,411.109,5.269498090268439,0.725,0.93603744149766,3.1724137931034484
2024-04-21 09:00:00,9,34,1,7,24,2,0,8,21,0,21,0,21.266666666666666,962.0,3.0,6.41,85.0,1.912280701754386,454.274,6.726101220519409,0.85,1.24804992199688,3.2058823529411766
2024-04-21 10:00:00,10,41,2,9,29,1,0,12,19,1,20,1,22.266666666666666,813.5,4.0,10.11,102.5,1.6875,462.3973068017366,7.28322899326916,1.025,1.1869436201780417,3.292682926829268
2024-04-21 11:00:00,11,49,2,11,35,1,0,13,18,3,21,3,23.266666666666666,799.0,4.0,10.11,122.5,2.1184210526315788,500.33392040520994,8.249954076586125,1.225,1.2858555885262115,3.2857142857142856
2024-04-21 12:00:00,12,39,1,9,28,1,0,10,18,2,20,2,21.683333333333334,590.5,4.0,10.11,97.5,1.5875,455.6856136034732,6.395979482107078,0.975,0.9891196834817012,3.2564102564102564
2024-04-21 13:00:00,13,44,2,7,31,4,0,13,19,2,21,2,22.683333333333334,481.0,4.0,10.11,110.0,1.8289473684210529,485.4506136034733,7.537134700116897,1.1,1.2858555885262115,3.159090909090909
2024-04-21 14:00:00,14,52,3,9,34,6,0,14,21,5,26,5,23.683333333333334,378.0,4.0,10.11,130.0,2.946428571428572,577.8555340086831,8.518973978543713,1.3,1.3847675568743818,3.173076923076923
2024-04-21 15:00:00,15,43,3,9,28,3,0,9,21,3,24,3,23.816666666666663,438.0,4.0,10.11,107.5,2.203125,530.7659204052098,6.444053205437858,1.075,0.8902077151335313,3.2790697674418605
2024-04-21 16:00:00,16,46,1,10,31,4,0,12,22,4,26,4,24.816666666666663,381.0,4.0,10.11,115.0,2.607142857142857,570.5092272069464,7.417255837956392,1.15,1.1869436201780417,3.1739130434782608
2024-04-21 17:00:00,17,45,1,8,25,8,3,12,24,4,28,4,25.816666666666663,346.5,4.0,10.11,112.5,2.7291666666666665,600.8042272069464,6.730324760962743,1.125,1.1869436201780417,2.911111111111111
2024-04-21 18:00:00,18,52,1,10,23,13,5,15,27,3,30,3,26.816666666666663,369.5,4.0,10.11,130.0,3.625,647.3909204052098,7.762183291485962,1.3,1.483679525222552,2.7884615384615383
2024-04-21 19:00:00,19,55,1,10,24,17,3,11,29,3,32,3,27.816666666666663,406.0,4.0,10.11,137.5,4.8125,686.2659204052098,6.89648862512364,1.375,1.0880316518298714,2.8
2024-04-21 20:00:00,20,45,1,10,25,8,1,11,28,2,30,2,28.816666666666663,466.0,4.0,11.010000000000002,112.5,3.425,642.7876136034732,6.466679281461298,1.125,0.9990917347865576,3.0444444444444443
2024-04-21 21:00:00,21,44,2,10,21,9,2,10,30,2,32,2,29.816666666666663,463.0,4.0,11.010000000000002,110.0,4.15625,673.0826136034732,6.070438031541573,1.1,0.908265213442325,3.022727272727273
2024-04-21 22:00:00,22,39,2,9,22,6,0,7,28,1,29,1,30.816666666666663,517.0,3.0,7.31,97.5,3.757575757575758,626.9293068017366,6.144652565856395,0.975,0.9575923392612858,3.1794871794871797
2024-04-21 23:00:00,23,42,3,11,22,5,1,14,30,1,31,1,31.816666666666663,541.0,3.0,7.31,105.0,5.037037037037037,665.8043068017366,9.601550387596898,1.05,1.915184678522572,3.238095238095238
2024-04-22 00:00:00,0,43,3,11,23,5,1,6,31,1,32,1,32.81666666666667,593.5,3.0,7.31,107.5,5.791666666666667,686.9893068017366,6.128262494830273,1.075,0.8207934336525308,3.232558139534884
2024-04-22 01:00:00,1,47,3,11,26,6,1,8,32,1,33,1,33.81666666666667,646.0,3.0,7.31,117.5,7.142857142857143,714.6093068017366,7.242738015542685,1.175,1.094391244870041,3.191489361702128
2024-04-22 02:00:00,2,44,3,11,24,5,1,8,32,1,33,1,34.81666666666667,706.0,3.0,7.31,110.0,6.761904761904762,713.8143068017366,7.081899017535132,1.1,1.094391244870041,3.227272727272727
2024-04-22 03:00:00,3,44,3,13,22,5,1,5,32,1,33,1,35.81666666666667,766.0,3.0,7.31,110.0,6.857142857142857,719.4543068017366,5.838527546325085,1.1,0.6839945280437756,3.272727272727273
2024-04-22 04:00:00,4,42,3,12,21,5,1,4,32,0,32,0,36.81666666666667,790.0,3.0,7.31,105.0,5.708333333333333,706.5360000000001,5.209900006514234,1.05,0.5471956224350205,3.261904761904762
2024-04-22 05:00:00,5,41,3,12,21,5,0,1,32,1,33,1,37.81666666666667,814.0,3.0,7.31,102.5,6.476190476190476,724.2993068017365,3.85377197958026,1.025,0.1367989056087551,3.317073170731707
2024-04-22 06:00:00,6,43,3,12,23,5,0,2,33,1,34,1,38.81666666666667,818.0,3.0,7.31,107.5,7.888888888888889,747.6293068017367,4.45350905099736,1.075,0.2735978112175102,3.302325581395349
2024-04-22 07:00:00,7,47,3,12,26,6,0,4,33,1,34,1,39.81666666666667,878.0,3.0,7.31,117.5,8.5,761.8493068017367,5.606296387926769,1.175,0.5471956224350205,3.25531914893617
2024-04-22 08:00:00,8,42,3,12,21,6,0,2,33,1,34,1,40.81666666666667,938.0,3.0,8.29,105.0,7.666666666666667,756.7643068017367,4.242693434430467,1.05,0.241254523522316,3.2857142857142856
2024-04-22 09:00:00,9,41,3,9,22,7,0,6,33,1,34,1,41.81666666666667,998.0,3.0,8.29,102.5,7.277777777777778,760.2593068017367,5.587512871811469,1.025,0.7237635705669482,3.1951219512195124
2024-04-22 10:00:00,10,48,3,9,28,8,0,9,34,1,35,1,42.81666666666667,1002.0,4.0,11.61,120.0,7.55,794.3143068017366,6.213630490956072,1.2,0.7751937984496124,3.145833333333333
2024-04-22 11:00:00,11,50,4,13,26,7,0,9,38,1,39,1,43.81666666666667,880.0,4.0,11.61,125.0,41.0,857.8443068017366,6.642635658914728,1.25,0.7751937984496124,3.28
2024-04-22 12:00:00,12,51,4,11,29,7,0,7,35,1,36,1,40.3,901.5,4.0,11.61,127.5,10.3125,799.9553068017367,6.075651061458175,1.275,0.6029285099052542,3.235294117647059
2024-04-22 13:00:00,13,57,4,12,37,4,0,10,35,1,36,1,41.3,907.0,4.0,11.61,142.5,11.6875,818.4653068017367,7.500755171736404,1.425,0.8613264427217916,3.280701754385965
2024-04-22 14:00:00,14,50,2,11,31,6,0,6,29,1,30,1,42.3,853.5,4.0,11.61,125.0,3.975,728.6903068017366,5.618410852713179,1.25,0.516795865633075,3.18
2024-04-22 15:00:00,15,51,2,11,34,4,0,11,29,1,30,1,43.3,482.0,4.0,11.61,127.5,4.1,736.4753068017366,7.146731181706103,1.275,0.9474590869939707,3.215686274509804
2024-04-22 16:00:00,16,47,2,9,32,4,0,7,30,1,31,1,44.3,361.0,4.0,11.61,117.5,4.166666666666667,746.9353068017366,5.674239925229535,1.175,0.6029285099052542,3.191489361702128
2024-04-22 17:00:00,17,48,2,9,32,5,0,9,26,1,27,1,34.016666666666666,398.0,4.0,11.61,120.0,2.923076923076923,637.4823068017365,6.254780361757105,1.2,0.7751937984496124,3.1666666666666665
2024-04-22 18:00:00,18,45,2,9,30,4,0,6,25,1,26,1,35.016666666666666,466.5,4.0,11.61,112.5,2.571428571428572,623.2873068017366,5.253746770025841,1.125,0.516795865633075,3.2
2024-04-22 19:00:00,19,42,2,9,28,3,0,3,24,1,25,1,36.016666666666666,518.0,4.0,11.61,105.0,2.2666666666666666,609.0923068017366,4.236717115786884,1.05,0.2583979328165375,3.238095238095238
2024-04-22 20:00:00,20,42,2,7,29,4,0,8,28,1,29,1,37.016666666666666,568.0,4.0,9.77,105.0,3.022727272727273,668.3323068017366,5.917971682019789,1.05,0.8188331627430911,3.1666666666666665
2024-04-22 21:00:00,21,42,2,7,27,6,0,8,28,0,28,0,38.016666666666666,620.5,4.0,9.77,105.0,2.7291666666666665,659.704,5.82897962665107,1.05,0.8188331627430911,3.119047619047619
2024-04-22 22:00:00,22,46,3,7,29,6,1,11,31,0,31,0,39.016666666666666,666.0,3.0,6.449999999999999,115.0,5.296296296296297,714.124,8.87665149983148,1.15,1.7054263565891474,3.108695652173913
2024-04-22 23:00:00,23,38,3,5,26,4,0,5,31,0,31,0,40.016666666666666,601.0,3.0,6.449999999999999,95.0,4.481481481481482,702.604,5.4933802529579765,0.95,0.7751937984496124,3.1842105263157894
2024-04-23 00:00:00,0,40,3,5,28,4,0,6,32,0,32,0,41.016666666666666,607.0,3.0,6.449999999999999,100.0,5.291666666666667,725.934,6.128488372093023,1.0,0.930232558139535,3.175
2024-04-23 01:00:00,1,45,3,7,29,6,0,6,33,0,33,0,42.016666666666666,613.0,3.0,6.449999999999999,112.5,6.761904761904762,755.6990000000001,6.485400516795865,1.125,0.930232558139535,3.1555555555555554
2024-04-23 02:00:00,2,43,3,7,28,5,0,2,33,0,33,0,43.016666666666666,673.0,3.0,6.449999999999999,107.5,6.523809523809524,757.049,4.412921398954389,1.075,0.310077519379845,3.186046511627907
2024-04-23 03:00:00,3,44,3,8,29,4,0,4,34,0,34,0,44.016666666666666,732.0,3.0,6.449999999999999,110.0,7.888888888888889,778.234,5.551409443269909,1.1,0.62015503875969,3.227272727272727
2024-04-23 04:00:00,4,45,3,9,29,4,0,2,34,0,34,0,45.016666666666666,792.0,3.0,6.449999999999999,112.5,8.11111111111111,786.019,4.656029285099053,1.125,0.310077519379845,3.2444444444444445
2024-04-23 05:00:00,5,44,3,9,28,4,0,2,34,0,34,0,46.016666666666666,852.0,3.0,6.449999999999999,110.0,7.944444444444445,789.514,4.582751937984497,1.1,0.310077519379845,3.25
2024-04-23 06:00:00,6,43,3,9,27,4,0,0,34,0,34,0,47.016666666666666,912.0,3.0,6.449999999999999,107.5,7.777777777777778,793.009,3.5,1.075,0.0,3.255813953488372
2024-04-23 07:00:00,7,43,3,9,27,4,0,0,34,0,34,0,48.016666666666666,972.0,3.0,6.449999999999999,107.5,7.777777777777778,798.649,3.5,1.075,0.0,3.255813953488372
2024-04-23 08:00:00,8,44,3,10,26,5,0,3,35,0,35,0,49.016666666666666,1031.0,3.0,7.23,110.0,9.533333333333331,819.834,4.923547717842324,1.1,0.4149377593360995,3.25
2024-04-23 09:00:00,9,51,3,10,33,5,0,8,35,1,36,1,50.016666666666666,1060.5,3.0,7.23,127.5,13.666666666666666,854.7573068017366,7.658159086594527,1.275,1.106500691562932,3.215686274509804
2024-04-23 10:00:00,10,49,2,9,34,4,0,5,36,1,37,1,51.016666666666666,869.0,4.0,10.48,122.5,13.0,869.5073068017366,5.418928181959807,1.225,0.4770992366412213,3.183673469387755
2024-04-23 11:00:00,11,48,2,7,34,5,0,6,36,1,37,1,52.016666666666666,832.0,4.0,10.48,120.0,12.5,873.0023068017365,5.53912213740458,1.2,0.5725190839694656,3.125
2024-04-23 12:00:00,12,39,2,7,26,4,0,5,27,1,28,1,53.016666666666666,772.0,4.0,10.48,97.5,2.583333333333333,738.7373068017366,4.616930906243883,0.975,0.4770992366412213,3.1794871794871797
2024-04-23 13:00:00,13,44,2,8,32,2,0,9,31,1,32,1,54.016666666666666,711.0,4.0,10.48,110.0,4.4375,808.7023068017367,6.321512838306731,1.1,0.8587786259541984,3.227272727272727
2024-04-23 14:00:00,14,45,1,12,31,1,0,11,28,0,28,0,44.7,381.0,4.0,10.48,112.5,3.083333333333333,703.833,7.152078032230704,1.125,1.049618320610687,3.2888888888888888
2024-04-23 15:00:00,15,45,1,12,32,0,0,10,29,0,29,0,28.1,297.0,4.0,10.48,112.5,3.386363636363636,623.609,6.884457167090753,1.125,0.9541984732824428,3.311111111111111
2024-04-23 16:00:00,16,46,1,12,33,0,0,5,28,1,29,1,29.1,357.0,4.0,10.48,115.0,3.4545454545454546,632.2623068017366,5.376501825423166,1.15,0.4770992366412213,3.3043478260869565
2024-04-23 17:00:00,17,49,1,11,36,0,1,11,35,1,36,1,30.1,316.0,4.0,10.48,122.5,9.875,738.1373068017366,7.334483564418134,1.225,1.049618320610687,3.224489795918368
2024-04-23 18:00:00,18,45,1,10,33,0,1,4,37,0,37,0,31.1,356.0,4.0,10.48,112.5,12.083333333333334,747.729,4.854855810008482,1.125,0.381679389312977,3.2222222222222223
2024-04-23 19:00:00,19,53,2,10,38,2,1,11,38,0,38,0,32.1,411.0,4.0,10.48,132.5,21.125,783.929,7.5718961544001155,1.325,1.049618320610687,3.188679245283019
2024-04-23 20:00:00,20,55,3,10,38,3,1,11,37,0,37,0,33.1,449.0,4.0,9.92,137.5,14.666666666666666,780.459,7.948387096774194,1.375,1.1088709677419355,3.2
2024-04-23 21:00:00,21,64,3,12,38,9,2,12,39,0,39,0,34.1,489.0,4.0,9.92,160.0,49.25,832.204,8.648538306451613,1.6,1.2096774193548387,3.078125
2024-04-23 22:00:00,22,65,3,12,38,8,4,10,41,0,41,0,35.1,507.0,3.0,6.67,162.5,65.66666666666667,866.789,9.468881905201243,1.625,1.4992503748125938,3.0307692307692307
2024-04-23 23:00:00,23,65,3,12,39,6,5,9,41,0,41,0,36.1,567.0,3.0,6.67,162.5,65.66666666666667,872.4289999999999,9.01449371468112,1.625,1.3493253373313343,3.0307692307692307
2024-04-24 00:00:00,0,52,3,12,33,2,2,8,40,0,40,0,37.1,615.5,3.0,6.67,130.0,56.0,836.784,8.074985584131012,1.3,1.199400299850075,3.230769230769231
2024-04-24 01:00:00,1,50,2,13,32,3,0,6,40,0,40,0,38.1,675.5,3.0,6.67,125.0,54.66666666666666,838.134,7.050524737631184,1.25,0.8995502248875562,3.28
2024-04-24 02:00:00,2,49,2,13,31,3,0,4,41,0,41,0,39.1,724.0,3.0,6.67,122.5,53.66666666666666,855.029,5.995443349753695,1.225,0.5997001499250375,3.2857142857142856
2024-04-24 03:00:00,3,49,2,13,31,3,0,1,42,0,42,0,40.1,770.5,3.0,6.67,122.5,53.66666666666666,874.0690000000001,4.517610837438424,1.225,0.1499250374812593,3.2857142857142856
2024-04-24 04:00:00,4,50,2,12,33,3,0,5,41,0,41,0,41.1,844.0,3.0,6.67,125.0,54.333333333333336,868.454,6.518778110944528,1.25,0.7496251874062969,3.26
2024-04-24 05:00:00,5,45,2,12,28,3,0,0,41,0,41,0,42.1,904.0,3.0,6.67,112.5,49.333333333333336,863.3689999999999,3.7,1.125,0.0,3.2888888888888888
2024-04-24 06:00:00,6,46,2,12,29,3,0,3,42,0,42,0,43.1,950.5,3.0,6.67,115.0,50.333333333333336,884.5540000000001,5.25143569519588,1.15,0.4497751124437781,3.282608695652174
2024-04-24 07:00:00,7,48,2,12,31,3,0,2,43,0,43,0,44.1,997.0,3.0,6.67,120.0,52.333333333333336,907.884,4.905759620189905,1.2,0.2998500749625187,3.270833333333333
2024-04-24 08:00:00,8,48,2,12,30,4,0,1,44,0,44,0,45.1,1049.0,3.0,6.3,120.0,52.0,926.924,4.415873015873016,1.2,0.1587301587301587,3.25
2024-04-24 09:00:00,9,47,2,11,30,4,0,1,43,0,43,0,46.1,1101.0,3.0,6.3,117.5,50.66666666666666,917.019,4.313340087808173,1.175,0.1587301587301587,3.234042553191489
2024-04-24 10:00:00,10,46,2,10,29,5,0,4,40,1,41,1,47.1,1070.0,4.0,10.0,115.0,36.75,894.5823068017365,4.9532608695652165,1.15,0.4,3.1956521739130435
2024-04-24 11:00:00,11,40,2,8,24,6,0,5,31,1,32,1,48.1,1098.0,4.0,10.0,100.0,3.9375,766.7523068017366,4.725,1.0,0.5,3.15
2024-04-24 12:00:00,12,37,1,6,24,6,0,8,27,1,28,1,38.86666666666667,1014.5,4.0,10.0,92.5,2.3541666666666665,654.6413068017366,5.268243243243243,0.925,0.8,3.054054054054054
2024-04-24 13:00:00,13,34,1,5,25,3,0,6,21,1,22,1,24.933333333333334,1043.0,4.0,10.0,85.0,1.4722222222222223,489.22230680173664,4.520588235294118,0.85,0.6,3.117647058823529
2024-04-24 14:00:00,14,37,1,5,29,2,0,10,22,2,24,2,24.066666666666663,728.0,4.0,10.0,92.5,1.8125,518.4376136034732,6.035135135135135,0.925,1.0,3.135135135135135
2024-04-24 15:00:00,15,36,1,7,26,2,0,7,25,2,27,2,23.516666666666666,300.0,4.0,10.0,90.0,2.2115384615384617,553.3906136034732,5.111111111111112,0.9,0.7,3.1944444444444446
2024-04-24 16:00:00,16,39,2,7,28,2,0,8,22,3,25,3,24.516666666666666,272.0,4.0,10.0,97.5,2.1,539.5339204052099,5.734615384615385,0.975,0.8,3.230769230769231
2024-04-24 17:00:00,17,35,2,7,25,1,0,4,21,2,23,2,25.516666666666666,286.0,4.0,10.0,87.5,1.6911764705882353,508.92561360347327,4.189285714285714,0.875,0.4,3.2857142857142856
2024-04-24 18:00:00,18,29,1,7,18,3,0,4,20,1,21,1,26.516666666666666,392.0,4.0,10.0,72.5,1.2236842105263157,474.02730680173664,3.6077586206896552,0.725,0.4,3.206896551724138
2024-04-24 19:00:00,19,30,1,6,20,3,0,6,20,1,21,1,26.633333333333333,452.0,4.0,10.0,75.0,1.25,476.83030680173664,4.275,0.75,0.6,3.1666666666666665
2024-04-24 20:00:00,20,31,1,6,23,1,0,8,21,1,22,1,27.633333333333333,489.0,4.0,10.38,77.5,1.3888888888888888,498.01530680173664,4.986170675616881,0.775,0.7707129094412332,3.225806451612903
2024-04-24 21:00:00,21,31,1,6,22,2,0,2,21,1,22,1,28.633333333333333,549.0,4.0,10.38,77.5,1.375,503.65530680173663,3.090327242215178,0.775,0.1926782273603083,3.193548387096774
2024-04-24 22:00:00,22,31,1,6,21,3,0,3,21,0,21,0,29.633333333333333,632.0,3.0,6.68,77.5,1.719298245614035,495.027,3.869741162835619,0.775,0.4491017964071856,3.161290322580645
2024-04-24 23:00:00,23,31,1,6,21,2,1,7,22,0,22,0,30.633333333333333,669.0,3.0,6.68,77.5,1.7962962962962965,514.067,5.703926018929883,0.775,1.0479041916167666,3.129032258064516
2024-04-25 00:00:00,0,34,1,6,22,5,0,9,23,0,23,0,31.633333333333333,706.0,3.0,6.68,85.0,2.0588235294117645,539.5419999999999,6.785796054948926,0.85,1.347305389221557,3.088235294117647
2024-04-25 01:00:00,1,34,1,6,25,2,0,7,24,0,24,0,32.63333333333333,730.0,3.0,6.68,85.0,2.25,558.582,6.0286368439591405,0.85,1.0479041916167666,3.176470588235294
2024-04-25 02:00:00,2,32,1,6,23,2,0,3,24,0,24,0,33.63333333333333,790.0,3.0,6.68,80.0,2.125,559.932,3.981511976047905,0.8,0.4491017964071856,3.1875
2024-04-25 03:00:00,3,35,1,6,25,3,0,3,24,0,24,0,34.63333333333333,850.0,3.0,6.68,87.5,2.2916666666666665,572.0070000000001,4.161462788708298,0.875,0.4491017964071856,3.142857142857143
2024-04-25 04:00:00,4,33,1,6,24,2,0,2,24,0,24,0,35.63333333333333,910.0,3.0,6.68,82.5,2.1875,573.357,3.5776401741970605,0.825,0.2994011976047904,3.1818181818181817
2024-04-25 05:00:00,5,35,1,7,25,2,0,4,24,0,24,0,36.63333333333333,970.0,3.0,6.68,87.5,2.333333333333333,583.287,4.716167664670659,0.875,0.5988023952095809,3.2
2024-04-25 06:00:00,6,35,1,7,25,2,0,1,24,0,24,0,37.63333333333333,1030.0,3.0,6.68,87.5,2.333333333333333,588.927,3.2790419161676647,0.875,0.1497005988023952,3.2
2024-04-25 07:00:00,7,36,1,6,27,2,0,4,25,0,25,0,38.63333333333333,1054.0,3.0,6.68,90.0,2.533333333333333,610.1120000000001,4.74620758483034,0.9,0.5988023952095809,3.1666666666666665
2024-04-25 08:00:00,8,35,1,7,24,3,0,5,25,0,25,0,39.63333333333333,1114.0,3.0,7.76,87.5,2.466666666666667,613.607,4.818446244477172,0.875,0.6443298969072165,3.1714285714285717
2024-04-25 09:00:00,9,38,2,7,27,2,0,7,24,0,24,0,40.63333333333333,1172.0,3.0,7.76,95.0,2.5625,612.282,5.994831795984807,0.95,0.9020618556701032,3.236842105263158
2024-04-25 10:00:00,10,42,2,7,31,2,0,9,23,0,23,0,41.63333333333333,1230.0,4.0,11.73,105.0,1.9852941176470589,613.102,5.84120387285349,1.05,0.7672634271099744,3.2142857142857144
2024-04-25 11:00:00,11,38,2,7,27,2,0,6,19,0,19,0,41.96666666666667,1233.0,4.0,11.73,95.0,1.4642857142857142,552.802,4.7306737111320505,0.95,0.5115089514066496,3.236842105263158
2024-04-25 12:00:00,12,35,3,5,26,1,0,8,17,0,17,0,41.0,218.0,4.0,11.73,87.5,1.25,514.115,5.1158963585434165,0.875,0.6820119352088662,3.2857142857142856
2024-04-25 13:00:00,13,34,3,7,23,1,0,9,18,0,18,0,42.0,225.0,4.0,11.73,85.0,1.2954545454545454,531.01,5.422589137956973,0.85,0.7672634271099744,3.3529411764705883
2024-04-25 14:00:00,14,34,3,6,24,1,0,7,21,0,21,0,43.0,232.0,4.0,11.73,85.0,1.486842105263158,576.85,4.808350885111078,0.85,0.5967604433077579,3.323529411764706
2024-04-25 15:00:00,15,31,2,6,22,1,0,5,17,0,17,0,25.566666666666663,286.0,4.0,11.73,77.5,1.108695652173913,418.491,3.952524544179524,0.775,0.4262574595055413,3.290322580645161
2024-04-25 16:00:00,16,34,4,5,24,1,0,9,17,0,17,0,26.566666666666663,298.0,4.0,11.73,85.0,1.2391304347826086,430.566,5.422589137956973,0.85,0.7672634271099744,3.3529411764705883
2024-04-25 17:00:00,17,35,4,6,24,1,0,8,19,0,19,0,27.566666666666663,347.0,4.0,11.73,87.5,1.4047619047619049,465.151,5.249354524418463,0.875,0.6820119352088662,3.3714285714285714
2024-04-25 18:00:00,18,37,4,5,26,2,0,8,22,1,23,1,28.566666666666663,347.0,4.0,11.73,92.5,1.7941176470588236,529.5493068017365,5.298796110688694,0.925,0.6820119352088662,3.2972972972972974
2024-04-25 19:00:00,19,38,3,5,29,1,0,8,23,1,24,1,29.566666666666663,376.5,4.0,11.73,95.0,1.9375,550.7343068017366,5.325512630681564,0.95,0.6820119352088662,3.263157894736842
2024-04-25 20:00:00,20,41,2,5,31,3,0,11,24,1,25,1,30.566666666666663,384.0,4.0,10.61,102.5,2.15,576.2093068017366,6.486993977149951,1.025,1.0367577756833175,3.1463414634146343
2024-04-25 21:00:00,21,45,2,6,35,2,0,12,26,1,27,1,31.566666666666663,435.0,4.0,10.61,112.5,2.75,617.2293068017366,7.169093622368834,1.125,1.1310084825636193,3.1777777777777776
2024-04-25 22:00:00,22,43,2,8,29,4,0,7,28,1,29,1,32.56666666666667,370.0,3.0,6.64,107.5,4.151515151515151,645.3793068017367,6.783783973101709,1.075,1.0542168674698795,3.186046511627907
2024-04-25 23:00:00,23,36,2,7,25,2,0,9,27,1,28,1,33.56666666666667,435.5,3.0,6.64,90.0,3.25,622.6043068017366,7.33012048192771,0.9,1.355421686746988,3.25
2024-04-26 00:00:00,0,44,2,10,31,1,0,11,28,2,30,2,34.56666666666667,480.0,3.0,6.64,110.0,4.833333333333333,673.0726136034732,9.084337349397591,1.1,1.6566265060240966,3.2954545454545454
2024-04-26 01:00:00,1,43,2,10,31,0,0,4,29,2,31,2,35.56666666666667,512.0,3.0,6.64,107.5,5.296296296296297,689.9676136034733,5.5783622863547215,1.075,0.6024096385542169,3.3255813953488373
2024-04-26 02:00:00,2,40,2,9,27,2,0,4,28,2,30,2,36.56666666666667,581.0,3.0,6.64,100.0,4.366666666666666,675.7726136034732,5.24789156626506,1.0,0.6024096385542169,3.275
2024-04-26 03:00:00,3,40,2,9,27,2,0,4,28,2,30,2,37.56666666666667,641.0,3.0,6.64,100.0,4.366666666666666,681.4126136034732,5.24789156626506,1.0,0.6024096385542169,3.275
2024-04-26 04:00:00,4,38,2,8,26,2,0,2,28,1,29,1,38.56666666666667,710.0,3.0,6.64,95.0,3.757575757575758,668.4943068017367,4.08287888395688,0.95,0.3012048192771084,3.263157894736842
2024-04-26 05:00:00,5,43,2,8,30,3,0,7,28,1,29,1,39.56666666666667,770.0,3.0,6.64,107.5,4.181818181818182,684.8593068017367,6.833300644438218,1.075,1.0542168674698795,3.2093023255813957
2024-04-26 06:00:00,6,42,2,9,29,2,0,3,30,1,31,1,40.56666666666667,812.0,3.0,6.64,105.0,5.074074074074074,715.1543068017367,4.898752151462995,1.05,0.4518072289156626,3.261904761904762
2024-04-26 07:00:00,7,37,2,9,24,2,0,2,30,1,31,1,41.56666666666667,872.0,3.0,6.64,92.5,4.518518518518518,710.0693068017366,4.04316183653533,0.925,0.3012048192771084,3.2972972972972974
2024-04-26 08:00:00,8,39,2,9,26,2,0,3,32,1,33,1,42.56666666666667,887.0,3.0,6.6,97.5,6.095238095238095,746.7993068017366,4.691841491841492,0.975,0.4545454545454546,3.282051282051282
2024-04-26 09:00:00,9,43,2,10,28,3,0,8,31,1,32,1,43.56666666666667,926.5,3.0,6.6,107.5,5.833333333333333,747.6193068017366,7.446441155743481,1.075,1.2121212121212122,3.255813953488372
2024-04-26 10:00:00,10,49,2,12,31,4,0,13,30,1,31,1,44.56666666666667,923.0,4.0,9.85,122.5,4.416666666666667,752.7293068017366,8.257606443592666,1.225,1.3197969543147208,3.2448979591836733
2024-04-26 11:00:00,11,40,1,8,29,2,0,5,28,1,29,1,26.53333333333333,823.0,4.0,9.85,100.0,2.909090909090909,604.9163068017366,4.824365482233503,1.0,0.5076142131979695,3.2
2024-04-26 12:00:00,12,40,1,9,28,2,0,7,27,1,28,1,27.53333333333333,811.0,4.0,9.85,100.0,2.6875,597.1563068017366,5.516878172588832,1.0,0.7106598984771574,3.225
2024-04-26 13:00:00,13,38,1,9,27,1,0,6,25,1,26,1,28.53333333333333,407.0,4.0,9.85,95.0,2.2142857142857144,571.7063068017367,5.0877103927331015,0.95,0.6091370558375635,3.263157894736842
2024-04-26 14:00:00,14,38,0,11,26,1,0,8,22,2,24,2,22.166666666666668,390.5,4.0,9.85,95.0,1.9375,509.8666136034733,5.750280523644135,0.95,0.8121827411167513,3.263157894736842
2024-04-26 15:00:00,15,39,1,7,29,2,0,8,21,3,24,3,23.166666666666668,288.0,4.0,9.85,97.5,1.9375,518.5199204052099,5.682324612781465,0.975,0.8121827411167513,3.1794871794871797
2024-04-26 16:00:00,16,47,1,10,34,2,0,12,23,3,26,3,24.166666666666668,243.5,4.0,9.85,117.5,2.696428571428572,568.1199204052099,7.689029592828599,1.175,1.218274111675127,3.2127659574468086
2024-04-26 17:00:00,17,44,1,8,34,1,0,7,26,2,28,2,25.166666666666668,241.0,4.0,9.85,110.0,2.9375,593.2566136034732,5.8023419473927085,1.1,0.7106598984771574,3.2045454545454546
2024-04-26 18:00:00,18,40,0,6,33,1,0,3,26,1,27,1,26.166666666666668,351.0,4.0,9.85,100.0,2.4038461538461537,576.0483068017367,4.076776649746193,1.0,0.3045685279187817,3.125
2024-04-26 19:00:00,19,35,0,5,25,5,0,5,24,0,24,0,27.166666666666668,423.5,4.0,9.85,87.5,1.640625,529.895,4.147842639593908,0.875,0.5076142131979695,3.0
2024-04-26 20:00:00,20,37,0,6,24,7,0,10,23,0,23,0,24.716666666666665,345.0,4.0,10.54,92.5,1.6176470588235294,506.967,5.570657469613827,0.925,0.94876660341556,2.972972972972973
2024-04-26 21:00:00,21,44,0,6,30,8,0,11,25,0,25,0,25.716666666666665,394.0,4.0,10.54,110.0,2.1666666666666665,554.422,6.333491461100569,1.1,1.0436432637571158,2.9545454545454546
2024-04-26 22:00:00,22,42,0,6,27,9,0,11,24,0,24,0,26.716666666666665,440.5,3.0,7.29,105.0,2.5625,542.3720000000001,7.493969233784049,1.05,1.5089163237311385,2.9285714285714284
2024-04-26 23:00:00,23,39,0,7,25,7,0,10,23,1,24,1,27.716666666666665,500.5,3.0,7.29,97.5,2.4375,542.4453068017366,7.040226337448559,0.975,1.3717421124828533,3.0
2024-04-27 00:00:00,0,32,0,8,21,3,0,3,23,1,24,1,28.716666666666665,560.5,3.0,7.29,80.0,2.1041666666666665,533.0703068017366,3.8238683127572015,0.8,0.411522633744856,3.15625
2024-04-27 01:00:00,1,34,0,9,22,3,0,6,23,1,24,1,29.716666666666665,620.5,3.0,7.29,85.0,2.25,543.0003068017365,5.31437908496732,0.85,0.823045267489712,3.176470588235294
2024-04-27 02:00:00,2,37,0,11,22,4,0,6,24,1,25,1,30.716666666666665,667.0,3.0,7.29,92.5,2.6222222222222222,568.4753068017366,5.574847069291514,0.925,0.823045267489712,3.189189189189189
2024-04-27 03:00:00,3,35,0,9,22,4,0,6,25,0,25,0,31.716666666666665,727.0,3.0,7.29,87.5,2.4444444444444446,568.957,5.336713697824809,0.875,0.823045267489712,3.142857142857143
2024-04-27 04:00:00,4,35,0,7,25,3,0,6,24,1,25,1,32.71666666666667,761.0,3.0,7.29,87.5,2.422222222222222,575.4653068017367,5.288198118753675,0.875,0.823045267489712,3.1142857142857143
2024-04-27 05:00:00,5,35,0,7,24,4,0,1,24,1,25,1,33.71666666666667,821.0,3.0,7.29,87.5,2.4,581.1053068017367,3.123280423280424,0.875,0.1371742112482853,3.085714285714286
2024-04-27 06:00:00,6,31,1,6,21,3,0,1,24,1,25,1,34.71666666666667,881.0,3.0,7.29,77.5,2.1777777777777776,578.1653068017366,2.883647506526837,0.775,0.1371742112482853,3.161290322580645
2024-04-27 07:00:00,7,33,0,7,23,3,0,4,26,0,26,0,35.71666666666667,931.5,3.0,7.29,82.5,2.452380952380953,600.6270000000001,4.287599243463441,0.825,0.5486968449931413,3.121212121212121
2024-04-27 08:00:00,8,33,0,8,21,4,0,3,27,0,27,0,36.71666666666667,982.0,3.0,6.35,82.5,2.641025641025641,619.667,4.049588403722262,0.825,0.4724409448818898,3.121212121212121
2024-04-27 09:00:00,9,31,1,7,19,4,0,8,20,0,20,0,37.71666666666667,1013.5,3.0,6.35,77.5,1.6333333333333333,527.217,6.43272796545593,0.775,1.2598425196850394,3.161290322580645
2024-04-27 10:00:00,10,31,1,8,19,3,0,3,19,1,20,1,38.71666666666667,1073.5,4.0,10.05,77.5,1.25,533.7253068017366,3.4629272989889257,0.775,0.2985074626865671,3.225806451612903
2024-04-27 11:00:00,11,25,0,6,16,3,0,5,17,0,17,0,39.71666666666667,1114.0,4.0,10.05,62.5,0.8478260869565217,485.427,3.502238805970149,0.625,0.4975124378109452,3.12
2024-04-27 12:00:00,12,21,0,3,17,1,0,8,10,0,10,0,24.0,327.0,4.0,10.05,52.5,0.5416666666666666,294.405,4.088871120587538,0.525,0.7960199004975124,3.095238095238096
2024-04-27 13:00:00,13,21,0,4,17,0,0,6,9,0,9,0,25.0,267.0,4.0,10.05,52.5,0.5403225806451613,286.645,3.5797619047619045,0.525,0.5970149253731343,3.1904761904761907
2024-04-27 14:00:00,14,18,0,2,16,0,0,7,6,0,6,0,26.0,140.5,4.0,10.05,45.0,0.4117647058823529,245.65,3.5669430624654503,0.45,0.6965174129353233,3.111111111111111
2024-04-27 15:00:00,15,27,0,4,22,1,0,15,8,0,8,0,27.0,112.0,4.0,10.05,67.5,0.65625,297.395,6.7434494195688215,0.675,1.4925373134328357,3.111111111111111
2024-04-27 16:00:00,16,20,1,4,15,0,0,7,7,0,7,0,28.0,159.0,4.0,10.05,50.0,0.5,274.62,3.948507462686567,0.5,0.6965174129353233,3.3
2024-04-27 17:00:00,17,24,1,4,17,2,0,8,7,0,7,0,29.0,219.0,4.0,10.05,60.0,0.5757575757575758,288.84000000000003,4.420729684908789,0.6,0.7960199004975124,3.1666666666666665
2024-04-27 18:00:00,18,26,1,3,20,2,0,11,8,0,8,0,11.783333333333331,214.0,4.0,10.05,65.0,0.6328125,209.428,5.43487370838117,0.65,1.0945273631840795,3.1153846153846154
2024-04-27 19:00:00,19,23,1,3,19,0,0,6,7,1,8,1,12.783333333333331,179.0,4.0,10.05,57.49999999999999,0.578125,209.50130680173663,3.770830629461389,0.575,0.5970149253731343,3.217391304347826
2024-04-27 20:00:00,20,22,0,3,19,0,0,6,8,1,9,1,13.783333333333331,121.0,4.0,11.21,55.00000000000001,0.5564516129032258,226.3963068017366,3.403695969507744,0.55,0.535236396074933,3.136363636363636
2024-04-27 21:00:00,21,25,0,3,21,1,0,15,7,1,8,1,14.783333333333331,169.0,4.0,11.21,62.5,0.6015625,225.07130680173665,6.046320249776985,0.625,1.3380909901873326,3.08
2024-04-27 22:00:00,22,28,0,2,26,0,0,12,8,0,8,0,15.783333333333331,229.0,3.0,7.51,70.0,0.8958333333333334,236.278,7.057742058208103,0.7,1.5978695073235687,3.071428571428572
2024-04-27 23:00:00,23,23,0,2,20,1,0,8,8,0,8,0,16.783333333333335,289.0,3.0,7.51,57.49999999999999,0.7291666666666666,231.193,4.992054072830429,0.575,1.0652463382157125,3.0434782608695654
2024-04-28 00:00:00,0,17,0,3,14,0,0,6,10,0,10,0,17.783333333333335,295.5,3.0,7.51,42.5,0.6,250.76300000000003,3.887792746925668,0.425,0.7989347536617843,3.176470588235294
2024-04-28 01:00:00,1,22,0,4,15,3,0,8,10,0,10,0,18.78333333333333,355.5,3.0,7.51,55.00000000000001,0.7444444444444445,267.128,4.919159302747851,0.55,1.0652463382157125,3.0454545454545454
2024-04-28 02:00:00,2,21,0,4,15,2,0,6,10,0,10,0,19.78333333333333,415.5,3.0,7.51,52.5,0.7222222222222222,270.62300000000005,4.097893285143619,0.525,0.7989347536617843,3.095238095238096
2024-04-28 03:00:00,3,20,0,3,17,0,0,4,10,0,10,0,20.78333333333333,475.5,3.0,7.51,50.0,0.7,274.118,3.252762982689747,0.5,0.5326231691078562,3.15
2024-04-28 04:00:00,4,23,0,3,18,2,0,5,10,0,10,0,21.78333333333333,535.5,3.0,7.51,57.49999999999999,0.7777777777777778,286.193,3.7762837955190185,0.575,0.6657789613848203,3.0434782608695654
2024-04-28 05:00:00,5,22,0,3,18,1,0,3,11,0,11,0,22.78333333333333,554.0,3.0,7.51,55.00000000000001,0.7816091954022989,303.088,2.9347173465682124,0.55,0.3994673768308922,3.090909090909091
2024-04-28 06:00:00,6,23,0,3,20,0,0,4,13,0,13,0,23.78333333333333,609.0,3.0,7.51,57.49999999999999,0.8888888888888888,337.673,3.4673420945985063,0.575,0.5326231691078562,3.130434782608696
2024-04-28 07:00:00,7,21,0,3,18,0,0,2,12,0,12,0,24.78333333333333,671.5,3.0,7.51,52.5,0.7857142857142857,325.62300000000005,2.486979265740917,0.525,0.2663115845539281,3.142857142857143
2024-04-28 08:00:00,8,20,0,3,15,2,0,3,13,0,13,0,25.78333333333333,729.0,3.0,6.779999999999999,50.0,0.7530864197530864,342.51800000000003,2.8745575221238937,0.5,0.4424778761061947,3.05
2024-04-28 09:00:00,9,20,0,4,15,1,0,5,12,0,12,0,26.78333333333333,791.5,3.0,6.779999999999999,50.0,0.75,334.75800000000004,3.898008849557522,0.5,0.7374631268436579,3.15
2024-04-28 10:00:00,10,20,0,4,15,1,0,6,11,0,11,0,23.55,743.0,4.0,10.03,50.0,0.5431034482758621,303.122,3.459346959122632,0.5,0.5982053838484547,3.15
2024-04-28 11:00:00,11,25,0,4,20,1,0,12,11,0,11,0,24.55,711.0,4.0,10.03,62.5,0.6724137931034483,319.487,5.682801595214357,0.625,1.1964107676969091,3.12
2024-04-28 12:00:00,12,27,0,8,18,1,0,12,11,1,12,1,25.55,357.5,4.0,10.03,67.5,0.7857142857142857,343.6853068017366,6.09941287249363,0.675,1.1964107676969091,3.259259259259259
2024-04-28 13:00:00,13,24,0,5,18,1,0,5,12,0,12,0,18.616666666666667,417.5,4.0,10.03,60.0,0.6785714285714286,297.278,3.4785975407111995,0.6,0.4985044865403789,3.1666666666666665
2024-04-28 14:00:00,14,31,0,7,24,0,0,13,13,1,14,1,19.616666666666667,343.0,4.0,10.03,77.5,0.9615384615384616,345.6013068017366,6.681005370983822,0.775,1.296111665004985,3.225806451612903
2024-04-28 15:00:00,15,36,0,6,30,0,0,11,13,1,14,1,20.616666666666667,403.0,4.0,10.03,90.0,1.0961538461538465,361.96630680173655,6.322914589564639,0.9,1.0967098703888336,3.1666666666666665
2024-04-28 16:00:00,16,31,0,4,27,0,0,8,15,0,15,0,21.616666666666667,416.0,4.0,10.03,77.5,0.97,369.413,4.920738590679575,0.775,0.7976071784646063,3.129032258064516
2024-04-28 17:00:00,17,34,1,5,24,4,0,13,16,1,17,1,22.616666666666667,367.0,4.0,10.03,85.0,1.141304347826087,409.1563068017366,6.627697788985984,0.85,1.296111665004985,3.088235294117647
2024-04-28 18:00:00,18,33,1,5,24,3,0,9,16,1,17,1,23.616666666666667,378.0,4.0,10.03,82.5,1.1195652173913044,412.6513068017366,5.3756888425632186,0.825,0.897308075772682,3.121212121212121
2024-04-28 19:00:00,19,36,1,5,28,1,1,11,16,1,17,1,24.616666666666667,438.0,4.0,10.03,90.0,1.2173913043478262,424.7263068017367,6.211986263431927,0.9,1.0967098703888336,3.111111111111111
2024-04-28 20:00:00,20,34,1,5,25,3,0,7,16,2,18,2,25.616666666666667,462.0,4.0,10.56,85.0,1.2045454545454546,440.3446136034733,4.7166221033868085,0.85,0.6628787878787878,3.117647058823529
2024-04-28 21:00:00,21,37,3,4,29,1,0,12,16,2,18,2,26.616666666666667,522.0,4.0,10.56,92.5,1.3636363636363635,452.4196136034733,6.685503685503687,0.925,1.1363636363636362,3.2432432432432434
2024-04-28 22:00:00,22,32,3,2,25,2,0,8,15,1,16,1,27.616666666666667,582.0,3.0,7.31,80.0,1.4166666666666667,419.6663068017366,6.038372093023256,0.8,1.094391244870041,3.1875
2024-04-28 23:00:00,23,39,4,2,30,3,0,12,17,1,18,1,28.616666666666667,573.5,3.0,7.31,97.5,1.878787878787879,467.12130680173664,8.319404398610963,0.975,1.6415868673050615,3.1794871794871797
2024-04-29 00:00:00,0,36,3,2,26,5,0,10,17,0,17,0,29.616666666666667,666.0,3.0,7.31,90.0,1.608695652173913,452.058,6.992966256269949,0.9,1.3679890560875512,3.083333333333333
2024-04-29 01:00:00,1,31,3,3,25,0,0,6,18,0,18,0,30.616666666666667,693.5,3.0,7.31,77.5,1.5454545454545454,460.3730000000001,5.250675168792198,0.775,0.8207934336525308,3.290322580645161
2024-04-29 02:00:00,2,32,4,3,24,1,0,4,18,1,19,1,31.616666666666667,721.0,3.0,7.31,80.0,1.6825396825396826,482.4263068017366,4.462585499316005,0.8,0.5471956224350205,3.3125
2024-04-29 03:00:00,3,33,4,3,25,1,0,4,18,1,19,1,32.61666666666667,781.0,3.0,7.31,82.5,1.7301587301587302,490.21130680173655,4.532403722588401,0.825,0.5471956224350205,3.303030303030303
2024-04-29 04:00:00,4,31,3,3,24,1,0,1,18,0,18,0,33.61666666666667,873.5,3.0,7.31,77.5,1.5303030303030305,477.293,2.97069966020917,0.775,0.1367989056087551,3.2580645161290325
2024-04-29 05:00:00,5,31,3,3,25,0,0,4,19,0,19,0,34.61666666666667,901.0,3.0,7.31,77.5,1.619047619047619,496.3330000000001,4.350450112528133,0.775,0.5471956224350205,3.290322580645161
2024-04-29 06:00:00,6,34,3,4,25,2,0,5,19,0,19,0,35.61666666666667,961.0,3.0,7.31,85.0,1.746031746031746,508.4079999999999,4.962923473082804,0.85,0.6839945280437756,3.235294117647059
2024-04-29 07:00:00,7,30,3,4,22,1,0,0,19,0,19,0,36.61666666666667,1021.0,3.0,7.31,75.0,1.5714285714285714,505.468,2.475,0.75,0.0,3.3
2024-04-29 08:00:00,8,31,3,4,23,1,0,6,20,0,20,0,37.61666666666667,1050.5,3.0,6.66,77.5,1.7,526.653,5.514254577157804,0.775,0.9009009009009008,3.290322580645161
2024-04-29 09:00:00,9,38,3,5,29,1,0,11,19,0,19,0,37.23333333333333,1068.0,3.0,6.66,95.0,1.968253968253968,526.106,8.48960012644223,0.95,1.6516516516516515,3.263157894736842
2024-04-29 10:00:00,10,37,3,9,25,0,0,8,23,1,24,1,38.23333333333333,896.5,4.0,10.02,92.5,1.96875,597.4693068017366,5.86888655122188,0.925,0.7984031936127745,3.4054054054054053
2024-04-29 11:00:00,11,42,3,12,27,0,0,9,24,1,25,1,35.85,749.0,4.0,10.02,105.0,2.4,608.1523068017366,6.679555175363558,1.05,0.8982035928143713,3.4285714285714284
2024-04-29 12:00:00,12,42,3,11,28,0,0,9,22,1,23,1,31.416666666666668,717.0,4.0,10.02,105.0,2.1029411764705883,556.3483068017366,6.633169375534645,1.05,0.8982035928143713,3.4047619047619047
2024-04-29 13:00:00,13,41,3,11,26,0,1,9,23,1,24,1,32.416666666666664,533.0,4.0,10.02,102.5,2.15625,573.2433068017366,6.473221848984957,1.025,0.8982035928143713,3.365853658536585
2024-04-29 14:00:00,14,46,4,14,27,0,1,10,23,4,27,4,33.416666666666664,278.0,4.0,10.02,115.0,3.0384615384615383,632.4132272069464,7.377926755185282,1.15,0.998003992015968,3.4347826086956523
2024-04-29 15:00:00,15,38,4,14,20,0,0,8,20,3,23,3,27.3,338.0,4.0,10.02,95.0,2.0,526.2869204052098,6.257443008719403,0.95,0.7984031936127745,3.5789473684210527
2024-04-29 16:00:00,16,35,3,13,19,0,0,10,16,2,18,2,28.3,327.0,4.0,10.02,87.5,1.4090909090909092,457.6236136034733,6.635785571713716,0.875,0.998003992015968,3.5428571428571427
2024-04-29 17:00:00,17,31,4,10,16,1,0,6,15,3,18,3,27.016666666666666,365.5,4.0,10.02,77.5,1.25,442.67392040520986,4.874782692679158,0.775,0.5988023952095809,3.548387096774193
2024-04-29 18:00:00,18,33,3,9,18,3,0,10,16,2,18,2,28.016666666666666,425.5,4.0,10.02,82.5,1.2613636363636365,451.7356136034732,6.131922518599165,0.825,0.998003992015968,3.363636363636364
2024-04-29 19:00:00,19,31,3,10,16,2,0,9,16,3,19,3,29.016666666666666,481.0,4.0,10.02,77.5,1.2738095238095235,467.3539204052098,5.775251110681863,0.775,0.8982035928143713,3.4516129032258065
2024-04-29 20:00:00,20,35,3,11,21,0,0,12,16,2,18,2,30.016666666666666,545.5,4.0,10.14,87.5,1.3863636363636365,467.30561360347326,7.1751056635672015,0.875,1.183431952662722,3.4857142857142858
2024-04-29 21:00:00,21,31,3,11,15,2,0,5,18,2,20,2,31.016666666666666,546.5,4.0,10.14,77.5,1.35,491.1656136034733,4.417885092574919,0.775,0.4930966469428008,3.4838709677419355
2024-04-29 22:00:00,22,32,4,11,16,1,0,9,18,0,18,0,32.016666666666666,665.5,3.0,6.779999999999999,80.0,1.7272727272727273,470.414,7.578982300884956,0.8,1.327433628318584,3.5625
2024-04-29 23:00:00,23,41,4,12,23,2,0,14,19,0,19,0,33.016666666666666,721.0,3.0,6.779999999999999,102.5,2.238095238095238,508.7589999999999,10.626230304338442,1.025,2.064896755162242,3.4390243902439024
2024-04-30 00:00:00,0,33,4,10,16,3,0,5,20,0,20,0,34.016666666666666,726.5,3.0,6.779999999999999,82.5,1.9,510.6389999999999,5.397599892732637,0.825,0.7374631268436579,3.4545454545454546
2024-04-30 01:00:00,1,35,4,9,18,4,0,10,20,0,20,0,35.016666666666666,786.5,3.0,6.779999999999999,87.5,1.9666666666666663,520.569,7.922608512431521,0.875,1.4749262536873158,3.3714285714285714
2024-04-30 02:00:00,2,34,4,10,15,5,0,4,20,1,21,1,36.016666666666666,792.0,3.0,6.779999999999999,85.0,2.017543859649123,538.3323068017366,4.870488460871074,0.85,0.5899705014749264,3.3823529411764706
2024-04-30 03:00:00,3,36,3,11,19,3,0,8,20,1,21,1,37.016666666666666,852.0,3.0,6.779999999999999,90.0,2.1403508771929824,548.2623068017366,7.048688954441167,0.9,1.1799410029498527,3.388888888888889
2024-04-30 04:00:00,4,35,3,11,18,2,1,5,21,1,22,1,38.016666666666666,894.0,3.0,6.779999999999999,87.5,2.185185185185185,565.1573068017366,5.43630425621576,0.875,0.7374631268436579,3.3714285714285714
2024-04-30 05:00:00,5,32,3,12,16,1,0,4,24,1,25,1,39.016666666666666,806.0,3.0,6.779999999999999,80.0,2.511111111111111,604.5623068017366,4.908333333333334,0.8,0.5899705014749264,3.53125
2024-04-30 06:00:00,6,31,3,10,17,1,0,1,25,0,25,0,40.016666666666666,866.0,3.0,6.779999999999999,77.5,2.4,607.189,3.2138452754781617,0.775,0.1474926253687316,3.4838709677419355
2024-04-30 07:00:00,7,31,3,10,17,1,0,2,25,0,25,0,41.016666666666666,926.0,3.0,6.779999999999999,77.5,2.4,612.829,3.727690550956324,0.775,0.2949852507374632,3.4838709677419355
2024-04-30 08:00:00,8,32,3,9,19,1,0,3,26,0,26,0,42.016666666666666,923.5,3.0,7.51,80.0,2.619047619047619,634.014,4.123169107856191,0.8,0.3994673768308922,3.4375
2024-04-30 09:00:00,9,35,4,8,22,1,0,9,22,1,23,1,36.56666666666667,778.0,3.0,7.51,87.5,2.3529411764705883,570.3793068017366,7.108807304546319,0.875,1.1984021304926764,3.4285714285714284
2024-04-30 10:00:00,10,39,4,9,25,1,0,7,23,1,24,1,37.56666666666667,784.5,4.0,10.85,97.5,2.078125,597.9993068017367,5.525165425971878,0.975,0.6451612903225806,3.41025641025641
2024-04-30 11:00:00,11,37,2,8,26,1,0,10,21,1,22,1,36.43333333333333,399.5,4.0,10.85,92.5,1.6944444444444444,560.5173068017366,6.088983684144975,0.925,0.9216589861751152,3.2972972972972974
2024-04-30 12:00:00,12,37,2,8,27,0,0,8,22,1,23,1,37.43333333333333,209.0,4.0,10.85,92.5,1.8088235294117647,579.5573068017366,5.526114709179225,0.925,0.7373271889400922,3.324324324324324
2024-04-30 13:00:00,13,41,2,10,28,1,0,8,23,0,23,0,23.6,199.0,4.0,10.85,102.5,2.0,509.249,5.845768236484207,1.025,0.7373271889400922,3.317073170731707
2024-04-30 14:00:00,14,40,1,10,26,3,0,10,19,0,19,0,22.666666666666668,216.0,4.0,10.85,100.0,1.5357142857142858,448.24,6.197350230414747,1.0,0.9216589861751152,3.225
2024-04-30 15:00:00,15,39,1,7,28,3,0,9,18,1,19,1,23.666666666666668,231.0,4.0,10.85,97.5,1.4642857142857142,452.6033068017366,5.691093583835519,0.975,0.8294930875576038,3.1538461538461537
2024-04-30 16:00:00,16,36,0,7,25,4,0,7,15,1,16,1,24.666666666666668,243.0,4.0,10.85,90.0,1.15625,411.6083068017366,4.764247311827957,0.9,0.6451612903225806,3.083333333333333
2024-04-30 17:00:00,17,31,0,8,18,5,0,6,16,1,17,1,25.666666666666668,286.0,4.0,10.85,77.5,1.0434782608695652,419.9233068017366,4.112501858183441,0.775,0.5529953917050692,3.096774193548387
2024-04-30 18:00:00,18,32,2,9,16,5,0,6,16,1,17,1,26.666666666666668,316.0,4.0,10.85,80.0,1.1304347826086956,427.7083068017366,4.397235023041475,0.8,0.5529953917050692,3.25
2024-04-30 19:00:00,19,30,2,10,16,2,0,8,18,1,19,1,27.666666666666668,358.0,4.0,10.85,75.0,1.2142857142857142,455.8583068017366,5.056912442396313,0.75,0.7373271889400922,3.4
2024-04-30 20:00:00,20,36,4,10,19,2,1,7,19,2,21,2,28.666666666666668,348.0,4.0,9.84,90.0,1.605263157894737,502.03661360347326,5.460794941282746,0.9,0.7113821138211383,3.388888888888889
2024-04-30 21:00:00,21,38,2,9,25,1,1,11,18,1,19,1,29.666666666666668,478.0,4.0,9.84,95.0,1.4761904761904765,484.2983068017366,6.747839109970047,0.95,1.1178861788617886,3.263157894736842
2024-04-30 22:00:00,22,42,3,9,26,3,1,14,18,2,20,2,30.666666666666668,386.5,3.0,6.5,105.0,2.2666666666666666,512.7866136034733,10.374358974358977,1.05,2.1538461538461537,3.238095238095238
2024-04-30 23:00:00,23,41,2,9,22,7,1,15,18,1,19,1,31.666666666666668,360.0,3.0,6.5,102.5,2.015873015873016,502.0133068017366,10.323217636022514,1.025,2.3076923076923075,3.097560975609756
