ts,hour,census,l1,l2,l3,l4,l5,arrivals,waitBed,waitICU,D_board,vent,maxLOS_h,awt_curr_min,Na,cap_sum,OCCUPANCY,EDWIN,NEDOCS,READI,READI_BR,READI_PR,READI_AR
2024-08-01 00:00:00,0,39,1,7,31,0,0,6,28,0,28,0,53.48333333333333,933.5,3.0,6.95,97.5,3.5,740.501,5.939153292750415,0.975,0.8633093525179856,3.230769230769231
2024-08-01 01:00:00,1,37,1,8,27,1,0,5,28,0,28,0,54.48333333333333,993.5,3.0,6.95,92.5,3.333333333333333,741.851,5.333268520318881,0.925,0.7194244604316546,3.2432432432432434
2024-08-01 02:00:00,2,36,1,7,27,1,0,6,27,0,27,0,55.48333333333333,1058.0,3.0,6.95,90.0,2.9743589743589745,731.9459999999999,5.681774580335731,0.9,0.8633093525179856,3.2222222222222223
2024-08-01 03:00:00,3,32,1,6,25,0,0,4,26,0,26,0,56.48333333333333,1139.5,3.0,6.95,80.0,2.4761904761904763,715.606,4.470503597122303,0.8,0.5755395683453237,3.25
2024-08-01 04:00:00,4,33,1,6,26,0,0,2,26,0,26,0,57.48333333333333,1199.5,3.0,6.95,82.5,2.5476190476190474,723.3910000000001,3.608071724438631,0.825,0.2877697841726618,3.242424242424242
2024-08-01 05:00:00,5,32,1,7,24,0,0,1,27,0,27,0,58.48333333333333,1238.0,3.0,6.95,80.0,2.6923076923076925,740.2860000000001,3.0971223021582737,0.8,0.1438848920863309,3.28125
2024-08-01 06:00:00,6,31,1,7,23,0,0,1,27,0,27,0,59.48333333333333,1298.0,3.0,6.95,77.5,2.6153846153846154,743.781,3.0234277094453472,0.775,0.1438848920863309,3.290322580645161
2024-08-01 07:00:00,7,32,1,7,23,1,0,3,27,0,27,0,60.48333333333333,1358.0,3.0,6.95,80.0,2.6666666666666665,751.566,4.002877697841726,0.8,0.4316546762589928,3.25
2024-08-01 08:00:00,8,34,1,8,25,0,0,5,28,0,28,0,61.48333333333333,1413.5,3.0,6.43,85.0,3.111111111111111,774.896,5.361522276095508,0.85,0.7776049766718507,3.294117647058824
2024-08-01 09:00:00,9,41,2,9,29,1,0,9,30,0,30,0,62.48333333333333,1386.0,3.0,6.43,102.5,4.5,822.351,7.983731934908773,1.025,1.3996889580093312,3.292682926829268
2024-08-01 10:00:00,10,46,2,9,33,2,0,10,30,0,30,0,57.63333333333333,1357.0,4.0,9.75,115.0,3.725,805.722,7.047185061315496,1.15,1.0256410256410255,3.239130434782609
2024-08-01 11:00:00,11,48,2,8,36,2,0,9,29,0,29,0,48.91666666666666,1219.0,4.0,9.75,120.0,3.5,747.45,6.811538461538462,1.2,0.9230769230769232,3.208333333333333
2024-08-01 12:00:00,12,47,2,10,34,1,0,9,28,0,28,0,49.91666666666666,1019.5,4.0,9.75,117.5,3.208333333333333,737.545,6.87454991816694,1.175,0.9230769230769232,3.276595744680851
2024-08-01 13:00:00,13,48,3,12,30,3,0,11,30,1,31,1,50.91666666666666,879.0,4.0,9.75,120.0,4.416666666666667,786.3983068017366,7.712179487179486,1.2,1.1282051282051282,3.3125
2024-08-01 14:00:00,14,40,1,9,27,3,0,5,24,1,25,1,51.91666666666666,574.0,4.0,9.75,100.0,2.1333333333333333,694.4783068017366,4.841025641025642,1.0,0.5128205128205128,3.2
2024-08-01 15:00:00,15,42,1,11,27,3,0,9,27,2,29,2,52.91666666666666,398.0,4.0,9.75,105.0,3.090909090909091,758.8766136034733,6.389010989010989,1.05,0.9230769230769232,3.238095238095238
2024-08-01 16:00:00,16,42,3,12,24,3,0,7,25,2,27,2,42.88333333333333,445.0,4.0,9.75,105.0,2.7115384615384617,675.4886136034733,5.93525641025641,1.05,0.717948717948718,3.357142857142857
2024-08-01 17:00:00,17,39,3,10,23,3,0,5,25,1,26,1,43.88333333333333,511.5,4.0,9.75,97.5,2.321428571428572,660.4253068017366,4.9594017094017095,0.975,0.5128205128205128,3.333333333333333
2024-08-01 18:00:00,18,43,3,11,22,5,2,9,27,1,28,1,44.88333333333333,558.0,4.0,9.75,107.5,2.8541666666666665,701.4453068017366,6.365966010733453,1.075,0.9230769230769232,3.186046511627907
2024-08-01 19:00:00,19,46,3,14,22,4,3,9,27,1,28,1,45.88333333333333,618.0,4.0,9.75,115.0,3.083333333333333,713.5203068017365,6.669899665551839,1.15,0.9230769230769232,3.217391304347826
2024-08-01 20:00:00,20,42,3,13,18,5,3,2,26,1,27,1,46.88333333333333,685.0,4.0,11.71,105.0,2.576923076923077,697.1803068017366,3.894914806229922,1.05,0.1707941929974381,3.1904761904761907
2024-08-01 21:00:00,21,50,3,12,23,9,3,12,27,1,28,1,47.88333333333333,714.5,4.0,11.71,125.0,3.1875,733.3803068017365,6.960781383432964,1.25,1.0247651579846284,3.06
2024-08-01 22:00:00,22,43,3,11,19,7,3,6,26,3,29,3,48.88333333333333,602.0,3.0,8.39,107.5,4.03030303030303,739.1419204052099,5.536935582226904,1.075,0.7151370679380215,3.0930232558139537
2024-08-01 23:00:00,23,44,3,10,21,9,1,7,24,2,26,2,49.88333333333333,774.5,3.0,8.39,110.0,3.261904761904762,705.8586136034733,6.022789576335464,1.1,0.8343265792610249,3.113636363636364
2024-08-02 00:00:00,0,42,2,10,20,9,1,5,24,2,26,2,50.88333333333333,834.5,3.0,8.39,105.0,3.071428571428572,707.2086136034732,5.055410352460412,1.05,0.5959475566150179,3.071428571428572
2024-08-02 01:00:00,1,45,2,10,25,7,1,6,24,2,26,2,51.88333333333333,894.5,3.0,8.39,112.5,3.333333333333333,719.2836136034732,5.7248708780294,1.125,0.7151370679380215,3.111111111111111
2024-08-02 02:00:00,2,46,2,11,25,7,1,7,25,1,26,1,52.88333333333333,954.5,3.0,8.39,115.0,3.4285714285714284,726.2003068017366,6.211804943773643,1.15,0.8343265792610249,3.130434782608696
2024-08-02 03:00:00,3,45,3,11,24,6,1,4,25,1,26,1,53.88333333333333,1014.5,3.0,8.39,112.5,3.4285714285714284,729.6953068017367,5.125625744934446,1.125,0.4767580452920142,3.2
2024-08-02 04:00:00,4,43,3,11,22,6,1,1,25,1,26,1,54.88333333333333,1074.5,3.0,8.39,107.5,3.2857142857142856,731.0453068017366,3.8325151758738247,1.075,0.1191895113230035,3.2093023255813957
2024-08-02 05:00:00,5,43,3,11,22,6,1,1,25,1,26,1,55.88333333333333,1134.5,3.0,8.39,107.5,3.2857142857142856,736.6853068017366,3.8325151758738247,1.075,0.1191895113230035,3.2093023255813957
2024-08-02 06:00:00,6,42,3,12,21,5,1,2,26,1,27,1,56.88333333333333,1165.0,3.0,8.39,105.0,3.5128205128205128,753.5803068017367,4.202569669107214,1.05,0.2383790226460071,3.261904761904762
2024-08-02 07:00:00,7,44,3,14,21,5,1,5,26,2,28,2,57.88333333333333,1183.5,3.0,8.39,110.0,4.027777777777778,777.7786136034732,5.5889180842994906,1.1,0.5959475566150179,3.2954545454545454
2024-08-02 08:00:00,8,43,3,14,21,5,0,4,26,3,29,3,58.88333333333333,1202.0,3.0,7.029999999999999,107.5,4.363636363636363,795.5419204052098,5.505455026630057,1.075,0.5689900426742532,3.3488372093023258
2024-08-02 09:00:00,9,45,4,11,25,5,0,5,27,3,30,3,59.88333333333333,1207.5,3.0,7.029999999999999,112.5,4.966666666666667,818.8719204052097,6.079986565512881,1.125,0.7112375533428166,3.311111111111111
2024-08-02 10:00:00,10,51,3,13,30,5,0,11,28,3,31,3,50.35,1185.0,4.0,10.12,127.5,4.638888888888889,791.3739204052099,7.73424978687127,1.275,1.0869565217391306,3.2745098039215685
2024-08-02 11:00:00,11,55,2,13,31,9,0,13,26,5,31,5,51.35,849.0,4.0,10.12,137.5,4.805555555555555,807.3305340086831,8.365603665109594,1.375,1.2845849802371545,3.145454545454545
2024-08-02 12:00:00,12,50,2,12,26,10,0,9,24,5,29,5,52.35,725.0,4.0,10.12,125.0,3.5454545454545454,775.4455340086831,6.674703557312254,1.25,0.8893280632411068,3.12
2024-08-02 13:00:00,13,47,2,12,23,10,0,7,22,5,27,5,38.65,475.0,4.0,10.12,117.5,2.826923076923077,664.9425340086831,5.838400891430494,1.175,0.691699604743083,3.127659574468085
2024-08-02 14:00:00,14,47,1,10,27,9,0,11,21,5,26,5,29.633333333333333,268.0,4.0,10.12,117.5,2.571428571428572,600.6885340086831,6.930249768732655,1.175,1.0869565217391306,3.0638297872340425
2024-08-02 15:00:00,15,46,1,8,29,8,0,7,21,5,26,5,30.633333333333333,328.0,4.0,10.12,115.0,2.5,604.1835340086831,5.605172710087644,1.15,0.691699604743083,3.0434782608695654
2024-08-02 16:00:00,16,42,3,5,28,6,0,10,20,4,24,4,31.416666666666668,337.5,4.0,10.12,105.0,2.046875,572.3532272069465,6.357062864671561,1.05,0.9881422924901186,3.119047619047619
2024-08-02 17:00:00,17,45,3,5,32,5,0,10,23,4,27,4,32.416666666666664,386.0,4.0,10.12,112.5,2.7115384615384617,624.6282272069463,6.621179183135705,1.125,0.9881422924901186,3.1333333333333333
2024-08-02 18:00:00,18,47,4,4,34,5,0,8,22,4,26,4,33.416666666666664,440.5,4.0,10.12,117.5,2.642857142857143,621.1582272069465,6.189277604911278,1.175,0.790513833992095,3.148936170212766
2024-08-02 19:00:00,19,38,3,4,27,4,0,4,20,3,23,3,28.75,359.0,4.0,10.12,95.0,1.7647058823529411,534.4649204052098,4.248179737882255,0.95,0.3952569169960475,3.1578947368421053
2024-08-02 20:00:00,20,39,2,4,28,5,0,10,20,3,23,3,29.75,419.0,4.0,10.84,97.5,1.7647058823529411,542.2499204052098,5.838489923360773,0.975,0.922509225092251,3.076923076923077
2024-08-02 21:00:00,21,38,3,4,28,3,0,8,20,3,23,3,30.75,469.0,4.0,10.84,95.0,1.7794117647058822,545.7449204052098,5.374970868129734,0.95,0.7380073800738007,3.1842105263157894
2024-08-02 22:00:00,22,46,3,5,35,3,0,15,22,3,25,3,31.75,442.0,3.0,7.75,115.0,3.2444444444444445,595.3449204052099,9.793057503506311,1.15,1.935483870967742,3.1739130434782608
2024-08-02 23:00:00,23,50,3,5,38,4,0,10,25,3,28,3,32.75,422.5,3.0,7.75,125.0,4.361111111111111,649.7649204052098,7.976612903225805,1.25,1.2903225806451613,3.14
2024-08-03 00:00:00,0,51,3,6,38,4,0,12,25,3,28,3,33.75,482.5,3.0,7.75,127.5,4.472222222222222,657.5499204052098,8.913045540796963,1.275,1.5483870967741935,3.156862745098039
2024-08-03 01:00:00,1,53,3,6,37,7,0,12,25,3,28,3,34.75,542.5,3.0,7.75,132.5,4.555555555555555,667.4799204052098,8.89123554473524,1.325,1.5483870967741935,3.0943396226415096
2024-08-03 02:00:00,2,43,3,6,31,3,0,5,25,2,27,2,35.75,594.0,3.0,7.75,107.5,3.5384615384615383,637.4016136034733,5.520517629407352,1.075,0.6451612903225806,3.2093023255813957
2024-08-03 03:00:00,3,40,3,7,27,3,0,4,26,2,28,2,36.75,644.5,3.0,7.75,100.0,3.611111111111111,650.0066136034732,4.92741935483871,1.0,0.5161290322580645,3.25
2024-08-03 04:00:00,4,36,3,7,24,2,0,0,26,2,28,2,37.75,704.5,3.0,7.75,90.0,3.305555555555556,647.0666136034732,2.975,0.9,0.0,3.305555555555556
2024-08-03 05:00:00,5,38,3,7,26,2,0,2,26,2,28,2,38.75,764.5,3.0,7.75,95.0,3.4722222222222223,656.9966136034732,3.973896434634974,0.95,0.2580645161290322,3.289473684210526
2024-08-03 06:00:00,6,39,3,7,25,4,0,3,26,2,28,2,39.75,824.5,3.0,7.75,97.5,3.5,664.7816136034733,4.400620347394541,0.975,0.3870967741935484,3.230769230769231
2024-08-03 07:00:00,7,35,3,7,23,2,0,2,27,2,29,2,40.75,875.0,3.0,7.75,87.5,3.515151515151515,675.2416136034733,3.7552995391705073,0.875,0.2580645161290322,3.3142857142857145
2024-08-03 08:00:00,8,38,3,8,25,2,0,4,27,2,29,2,41.75,935.0,3.0,7.21,95.0,3.8181818181818175,687.3166136034732,4.989550332141032,0.95,0.5547850208044383,3.3157894736842106
2024-08-03 09:00:00,9,36,3,6,23,4,0,3,24,2,26,2,42.75,1022.5,3.0,7.21,90.0,2.761904761904762,648.4666136034732,4.24073046694406,0.9,0.4160887656033287,3.2222222222222223
2024-08-03 10:00:00,10,38,2,6,24,6,0,6,23,2,25,2,43.75,1091.0,4.0,10.67,95.0,1.9666666666666663,644.9966136034732,4.696164849800227,0.95,0.5623242736644799,3.1052631578947367
2024-08-03 11:00:00,11,38,2,7,25,4,0,8,24,2,26,2,44.75,1124.5,4.0,10.67,95.0,2.1607142857142856,664.0366136034733,5.412411828540424,0.95,0.7497656982193065,3.1842105263157894
2024-08-03 12:00:00,12,40,1,8,24,7,0,13,22,2,24,2,45.75,1033.0,4.0,10.67,100.0,1.921875,647.1666136034733,6.821485473289597,1.0,1.218369259606373,3.075
2024-08-03 13:00:00,13,42,1,7,31,2,1,13,21,2,23,2,39.1,921.0,4.0,10.67,105.0,1.9264705882352944,600.5506136034733,7.075151738296069,1.05,1.218369259606373,3.119047619047619
2024-08-03 14:00:00,14,35,1,5,27,2,0,6,22,1,23,1,40.1,950.0,4.0,10.67,87.5,1.6176470588235294,590.3073068017366,4.517304860088365,0.875,0.5623242736644799,3.142857142857143
2024-08-03 15:00:00,15,26,0,6,18,2,0,7,16,0,16,0,41.1,866.5,4.0,10.67,65.0,0.8541666666666666,481.9740000000001,4.1190649556628935,0.65,0.6560449859418932,3.1538461538461537
2024-08-03 16:00:00,16,33,0,8,23,2,0,13,21,0,21,0,42.1,315.0,4.0,10.67,82.5,1.381578947368421,569.629,6.501629462383914,0.825,1.218369259606373,3.1818181818181817
2024-08-03 17:00:00,17,37,0,7,28,2,0,8,24,0,24,0,43.1,315.5,4.0,10.67,92.5,1.8125,624.049,5.250616783606475,0.925,0.7497656982193065,3.135135135135135
2024-08-03 18:00:00,18,35,0,8,27,0,0,8,23,0,23,0,44.1,346.0,4.0,10.67,87.5,1.661764705882353,611.999,5.245672111393761,0.875,0.7497656982193065,3.2285714285714286
2024-08-03 19:00:00,19,43,0,8,34,1,0,14,25,0,25,0,45.1,357.0,4.0,10.67,107.5,2.2666666666666666,661.599,7.549865957585928,1.075,1.3120899718837864,3.1627906976744184
2024-08-03 20:00:00,20,36,0,8,28,0,0,8,23,0,23,0,46.1,294.0,4.0,10.57,90.0,1.7058823529411764,625.424,5.33876800168191,0.9,0.7568590350047304,3.2222222222222223
2024-08-03 21:00:00,21,36,1,8,27,0,0,9,23,1,24,1,47.1,348.5,4.0,10.57,90.0,1.84375,645.3323068017366,5.740917691579943,0.9,0.8514664143803217,3.2777777777777777
2024-08-03 22:00:00,22,48,2,8,34,3,1,16,27,1,28,1,48.1,388.5,3.0,7.109999999999999,120.0,4.194444444444445,730.3123068017366,10.854231129864043,1.2,2.2503516174402254,3.145833333333333
2024-08-03 23:00:00,23,50,2,9,33,5,1,9,27,1,28,1,49.1,400.0,3.0,7.109999999999999,125.0,4.333333333333333,740.2423068017365,7.849367088607596,1.25,1.2658227848101269,3.12
2024-08-04 00:00:00,0,49,2,9,34,4,0,5,27,1,28,1,50.1,460.0,3.0,7.109999999999999,122.5,4.333333333333333,743.7373068017366,6.138870231636959,1.225,0.7032348804500704,3.183673469387755
2024-08-04 01:00:00,1,47,2,8,34,3,0,4,27,1,28,1,51.1,520.0,3.0,7.109999999999999,117.5,4.166666666666667,745.0873068017365,5.545493311787414,1.175,0.5625879043600563,3.191489361702128
2024-08-04 02:00:00,2,40,2,8,29,1,0,1,25,1,26,1,52.1,580.0,3.0,7.109999999999999,100.0,3.119047619047619,708.9123068017366,3.735618846694796,1.0,0.1406469760900141,3.275
2024-08-04 03:00:00,3,41,2,8,30,1,0,6,24,1,25,1,53.1,647.0,3.0,7.109999999999999,102.5,2.977777777777778,703.2973068017366,6.108052896984665,1.025,0.8438818565400844,3.268292682926829
2024-08-04 04:00:00,4,42,2,8,31,1,0,4,25,1,26,1,54.1,700.0,3.0,7.109999999999999,105.0,3.261904761904762,724.4823068017366,5.260108164222089,1.05,0.5625879043600563,3.261904761904762
2024-08-04 05:00:00,5,42,2,8,31,1,0,2,25,1,26,1,55.1,760.0,3.0,7.109999999999999,105.0,3.261904761904762,730.1223068017366,4.342554082111044,1.05,0.2812939521800282,3.261904761904762
2024-08-04 06:00:00,6,38,2,8,27,1,0,2,24,2,26,2,56.1,820.0,3.0,7.109999999999999,95.0,2.9761904761904763,728.0506136034733,4.050309053223777,0.95,0.2812939521800282,3.289473684210526
2024-08-04 07:00:00,7,40,2,9,28,1,0,3,24,2,26,2,57.1,880.0,3.0,7.109999999999999,100.0,3.142857142857143,737.9806136034732,4.6924050632911385,1.0,0.4219409282700422,3.3
2024-08-04 08:00:00,8,42,3,8,30,1,0,6,25,3,28,3,58.1,911.0,3.0,7.74,105.0,3.861111111111111,775.5789204052098,6.040522332964192,1.05,0.7751937984496123,3.3095238095238093
2024-08-04 09:00:00,9,42,4,7,29,2,0,6,25,3,28,3,59.1,899.5,3.0,7.74,105.0,3.861111111111111,781.2189204052099,6.040522332964192,1.05,0.7751937984496123,3.3095238095238093
2024-08-04 10:00:00,10,47,4,8,33,2,0,11,28,3,31,3,60.1,872.0,4.0,11.08,117.5,4.305555555555555,837.7839204052098,7.149060987787081,1.175,0.9927797833935018,3.297872340425532
2024-08-04 11:00:00,11,51,3,8,38,2,0,10,26,3,29,3,61.1,932.0,4.0,11.08,127.5,3.75,825.2039204052098,7.044940539392652,1.275,0.9025270758122744,3.235294117647059
2024-08-04 12:00:00,12,51,3,8,36,4,0,11,27,3,30,3,62.1,981.0,4.0,11.08,127.5,4.075,844.2439204052098,7.248002052806682,1.275,0.9927797833935018,3.196078431372549
2024-08-04 13:00:00,13,46,3,8,33,2,0,6,29,3,32,3,63.1,1016.5,4.0,11.08,115.0,4.6875,865.9589204052098,5.515813843980537,1.15,0.5415162454873647,3.260869565217391
2024-08-04 14:00:00,14,51,3,9,37,2,0,11,31,3,34,3,64.1,1060.5,4.0,11.08,127.5,6.916666666666667,909.1239204052096,7.381400863594535,1.275,0.9927797833935018,3.2549019607843137
2024-08-04 15:00:00,15,60,3,9,47,1,0,15,33,3,36,3,65.1,1099.5,4.0,11.08,150.0,12.125,960.8689204052098,9.22725631768953,1.5,1.3537906137184117,3.2333333333333334
2024-08-04 16:00:00,16,52,2,8,41,1,0,7,32,2,34,2,66.1,1180.5,4.0,11.08,130.0,6.958333333333333,921.6806136034731,6.203950291585671,1.3,0.631768953068592,3.2115384615384617
2024-08-04 17:00:00,17,51,2,8,38,3,0,7,31,2,33,2,67.1,1243.0,4.0,11.08,127.5,5.785714285714286,911.7756136034732,6.056795497982586,1.275,0.631768953068592,3.176470588235294
2024-08-04 18:00:00,18,47,2,9,36,0,0,6,32,2,34,2,68.1,1300.5,4.0,11.08,117.5,6.416666666666667,922.2356136034732,5.62432982563945,1.175,0.5415162454873647,3.276595744680851
2024-08-04 19:00:00,19,51,2,11,35,3,0,12,33,2,35,2,69.1,1214.0,4.0,11.08,127.5,8.25,949.8556136034732,7.628928647271183,1.275,1.083032490974729,3.235294117647059
2024-08-04 20:00:00,20,49,2,12,30,5,0,4,32,2,34,2,70.1,1063.5,4.0,10.65,122.5,6.583333333333333,937.8056136034731,5.16107597968765,1.225,0.3755868544600939,3.224489795918368
2024-08-04 21:00:00,21,50,2,13,31,4,0,8,32,2,34,2,71.1,1123.5,4.0,10.65,125.0,6.791666666666667,945.5906136034732,6.523826291079812,1.25,0.7511737089201878,3.26
2024-08-04 22:00:00,22,50,2,13,32,3,0,6,31,2,33,2,72.1,1394.0,3.0,7.31,125.0,7.809523809523809,937.8306136034732,6.792202462380301,1.25,0.8207934336525308,3.28
2024-08-04 23:00:00,23,47,2,13,31,1,0,3,31,2,33,2,73.1,1454.0,3.0,7.31,117.5,7.476190476190476,937.0356136034732,5.295899671100504,1.175,0.4103967168262654,3.3404255319148937
2024-08-05 00:00:00,0,47,2,12,32,1,0,7,31,2,33,2,74.1,1514.0,3.0,7.31,117.5,7.428571428571429,942.675613603473,7.078391594143842,1.175,0.9575923392612858,3.3191489361702127
2024-08-05 01:00:00,1,51,2,13,35,1,0,7,32,3,35,3,75.1,1153.0,3.0,7.31,127.5,11.266666666666667,984.5639204052098,7.398198143826614,1.275,0.9575923392612858,3.313725490196078
2024-08-05 02:00:00,2,45,2,12,31,0,0,3,33,2,35,2,76.1,1213.0,3.0,7.31,112.5,10.066666666666666,976.4656136034732,5.152108983128136,1.125,0.4103967168262654,3.355555555555556
2024-08-05 03:00:00,3,47,2,12,33,0,0,3,33,3,36,3,77.1,1229.0,3.0,7.31,117.5,13.083333333333334,1000.6639204052098,5.295899671100504,1.175,0.4103967168262654,3.3404255319148937
2024-08-05 04:00:00,4,49,2,12,35,0,0,5,33,2,35,2,78.1,1245.0,3.0,7.31,122.5,10.866666666666667,996.3256136034732,6.350328736145621,1.225,0.6839945280437756,3.326530612244898
2024-08-05 05:00:00,5,51,2,13,36,0,0,3,34,2,36,2,79.1,1288.5,3.0,7.31,127.5,14.166666666666666,1019.6556136034732,5.617989056087551,1.275,0.4103967168262654,3.333333333333333
2024-08-05 06:00:00,6,50,2,13,35,0,0,3,34,2,36,2,80.1,1348.5,3.0,7.31,125.0,13.916666666666666,1023.1506136034732,5.545725034199727,1.25,0.4103967168262654,3.34
2024-08-05 07:00:00,7,56,2,14,40,0,0,9,35,2,37,2,81.1,1392.0,3.0,7.31,140.0,20.666666666666668,1055.0606136034733,8.739310142661715,1.4,1.231190150478796,3.321428571428572
2024-08-05 08:00:00,8,55,2,14,39,0,0,3,35,2,37,2,82.1,1452.0,3.0,6.779999999999999,137.5,20.33333333333333,1058.5556136034731,6.047244569589703,1.375,0.4424778761061947,3.327272727272727
2024-08-05 09:00:00,9,52,2,14,35,1,0,4,33,2,35,2,83.1,1512.0,3.0,6.779999999999999,130.0,11.533333333333331,1030.9606136034731,6.2877864760608135,1.3,0.5899705014749264,3.326923076923077
2024-08-05 10:00:00,10,57,2,15,40,0,0,6,36,3,39,3,84.1,1499.0,4.0,10.48,142.5,47.5,1101.79392040521,6.658396946564886,1.425,0.5725190839694656,3.333333333333333
2024-08-05 11:00:00,11,57,3,16,37,1,0,5,34,4,38,4,85.1,1572.5,4.0,10.48,142.5,24.0,1094.9022272069465,6.4070711128967455,1.425,0.4770992366412213,3.3684210526315788
2024-08-05 12:00:00,12,57,3,16,37,1,0,5,31,5,36,5,86.1,1593.5,4.0,10.48,142.5,12.0,1074.6105340086829,6.4070711128967455,1.425,0.4770992366412213,3.3684210526315788
2024-08-05 13:00:00,13,59,3,16,39,1,0,7,30,5,35,5,87.1,1679.0,4.0,10.48,147.5,9.9,1071.140534008683,7.191557769439773,1.475,0.6679389312977099,3.3559322033898304
2024-08-05 14:00:00,14,61,3,16,41,1,0,5,31,5,36,5,88.1,1684.0,4.0,10.48,152.5,12.75,1094.470534008683,6.695544988111625,1.525,0.4770992366412213,3.344262295081968
2024-08-05 15:00:00,15,61,3,16,41,1,0,8,29,5,34,5,89.1,1679.0,4.0,10.48,152.5,8.5,1073.310534008683,7.652871980978601,1.525,0.7633587786259541,3.344262295081968
2024-08-05 16:00:00,16,61,3,14,43,1,0,10,30,4,34,4,90.1,1601.0,4.0,10.48,152.5,8.416666666666666,1078.0822272069463,8.209804780377926,1.525,0.9541984732824428,3.3114754098360657
2024-08-05 17:00:00,17,65,3,14,45,3,0,9,30,3,33,3,91.1,1679.0,4.0,10.48,162.5,7.571428571428571,1078.0339204052098,8.10093951849677,1.625,0.8587786259541984,3.261538461538461
2024-08-05 18:00:00,18,56,3,13,40,0,0,6,30,3,33,3,92.1,1703.0,4.0,10.48,140.0,6.678571428571429,1064.3689204052098,6.58680479825518,1.4,0.5725190839694656,3.3392857142857144
2024-08-05 19:00:00,19,54,3,14,37,0,0,4,31,3,34,3,93.1,1633.5,4.0,10.48,135.0,7.583333333333333,1079.1189204052098,5.836400904721516,1.35,0.381679389312977,3.3703703703703702
2024-08-05 20:00:00,20,53,2,15,36,0,0,8,35,2,37,2,94.1,1546.0,4.0,10.95,132.5,14.833333333333334,1121.9456136034732,6.903691737744465,1.325,0.7305936073059361,3.358490566037736
2024-08-05 21:00:00,21,63,2,13,43,5,0,14,34,2,36,2,95.1,1539.5,4.0,10.95,157.5,12.5625,1135.6356136034733,9.104147640791478,1.575,1.2785388127853885,3.1904761904761907
2024-08-05 22:00:00,22,67,2,15,45,5,0,10,37,2,39,2,96.1,1293.0,3.0,7.25,167.5,71.66666666666667,1190.0556136034731,9.801145136387031,1.675,1.3793103448275863,3.208955223880597
2024-08-05 23:00:00,23,68,2,15,45,5,1,7,39,1,40,1,97.1,1229.0,3.0,7.25,170.0,72.0,1210.3723068017366,8.466937119675455,1.7,0.9655172413793104,3.176470588235294
2024-08-06 00:00:00,0,62,2,15,43,1,1,6,39,1,40,1,98.1,1289.0,3.0,7.25,155.0,67.33333333333333,1203.1423068017366,7.746329254727476,1.55,0.8275862068965517,3.2580645161290325
2024-08-06 01:00:00,1,67,2,16,45,3,1,7,38,1,39,1,99.1,1473.0,3.0,7.25,167.5,72.0,1206.1073068017367,8.512712300566134,1.675,0.9655172413793104,3.2238805970149254
2024-08-06 02:00:00,2,60,2,16,41,1,0,3,39,1,40,1,100.1,1409.0,3.0,7.25,150.0,66.33333333333333,1210.1323068017366,6.347413793103448,1.5,0.4137931034482758,3.316666666666667
2024-08-06 03:00:00,3,59,2,16,40,1,0,4,38,1,39,1,101.1,1593.0,3.0,7.25,147.5,65.33333333333333,1200.2273068017366,6.732846288720046,1.475,0.5517241379310345,3.3220338983050848
2024-08-06 04:00:00,4,55,2,15,38,0,0,1,38,1,39,1,102.1,1653.0,3.0,7.25,137.5,61.333333333333336,1197.2873068017366,5.061442006269592,1.375,0.1379310344827586,3.345454545454545
2024-08-06 05:00:00,5,59,2,17,40,0,0,5,39,1,40,1,103.1,1589.0,3.0,7.25,147.5,66.0,1224.9073068017365,7.264436002337814,1.475,0.6896551724137931,3.3559322033898304
2024-08-06 06:00:00,6,61,2,18,40,1,0,4,39,1,40,1,104.1,1649.0,3.0,7.25,152.5,68.0,1234.8373068017363,6.945110231769361,1.525,0.5517241379310345,3.344262295081968
2024-08-06 07:00:00,7,61,2,18,41,0,0,4,39,1,40,1,105.1,1709.0,3.0,7.25,152.5,68.33333333333333,1240.4773068017366,6.979154889768229,1.525,0.5517241379310345,3.360655737704918
2024-08-06 08:00:00,8,59,2,14,42,1,0,4,40,1,41,1,106.1,1645.0,3.0,6.3,147.5,64.66666666666667,1255.2273068017366,6.937705138552596,1.475,0.6349206349206349,3.288135593220339
2024-08-06 09:00:00,9,56,2,14,39,1,0,2,40,1,41,1,107.1,1705.0,3.0,6.3,140.0,61.66666666666666,1254.4323068017366,5.67375283446712,1.4,0.3174603174603174,3.3035714285714284
2024-08-06 10:00:00,10,56,2,14,39,1,0,4,37,2,39,2,108.1,2013.0,4.0,9.62,140.0,46.25,1234.1406136034732,5.998626373626373,1.4,0.4158004158004158,3.3035714285714284
2024-08-06 11:00:00,11,60,2,14,43,1,0,9,37,2,39,2,109.1,1825.0,4.0,9.62,150.0,49.25,1248.3606136034732,7.996725571725571,1.5,0.9355509355509356,3.283333333333333
2024-08-06 12:00:00,12,62,2,15,43,2,0,9,36,2,38,2,110.1,1662.5,4.0,9.62,155.0,25.375,1244.8906136034732,8.138174837368387,1.55,0.9355509355509356,3.274193548387097
2024-08-06 13:00:00,13,69,2,15,47,4,1,10,34,2,36,2,111.1,1656.0,4.0,9.62,172.5,13.75,1238.7456136034732,8.814351140438099,1.725,1.0395010395010396,3.188405797101449
2024-08-06 14:00:00,14,66,1,14,48,2,1,9,33,2,35,2,112.1,1337.0,4.0,9.62,165.0,10.5,1224.5506136034733,8.226752976752977,1.65,0.9355509355509356,3.1818181818181817
2024-08-06 15:00:00,15,66,1,15,49,1,0,6,35,3,38,3,113.1,1255.5,4.0,9.62,165.0,26.75,1271.2589204052097,7.372302022302021,1.65,0.6237006237006237,3.242424242424242
2024-08-06 16:00:00,16,62,1,13,46,2,0,3,34,3,37,3,114.1,1282.0,4.0,9.62,155.0,16.583333333333332,1254.9189204052095,5.97593890416471,1.55,0.3118503118503118,3.2096774193548385
2024-08-06 17:00:00,17,60,1,12,46,1,0,5,34,3,37,3,115.1,1342.0,4.0,9.62,150.0,16.083333333333332,1256.26892040521,6.496864171864172,1.5,0.5197505197505198,3.216666666666667
2024-08-06 18:00:00,18,58,1,10,47,0,0,7,34,2,36,2,73.55,1387.5,4.0,9.62,145.0,11.625,1003.3686136034732,6.983500609362678,1.45,0.7276507276507277,3.206896551724138
2024-08-06 19:00:00,19,55,0,10,45,0,0,4,33,1,34,1,74.55,1495.5,4.0,9.62,137.5,7.291666666666667,974.9053068017364,5.698001323001323,1.375,0.4158004158004158,3.1818181818181817
2024-08-06 20:00:00,20,59,0,10,49,0,0,8,37,1,38,1,75.55,1473.5,4.0,11.06,147.5,23.375,1042.725306801737,6.967579765225121,1.475,0.7233273056057866,3.169491525423729
2024-08-06 21:00:00,21,70,1,12,56,1,0,15,40,1,41,1,76.55,1394.0,4.0,11.06,175.0,55.75,1112.1603068017366,9.895588995091709,1.75,1.3562386980108498,3.185714285714285
2024-08-06 22:00:00,22,73,0,11,62,0,0,11,43,1,44,1,77.55,1236.5,3.0,7.74,182.5,76.66666666666667,1164.4353068017367,10.22771760291671,1.825,1.421188630490956,3.150684931506849
2024-08-06 23:00:00,23,74,0,12,62,0,0,9,44,1,45,1,78.55,1100.0,3.0,7.74,185.0,78.0,1185.620306801737,9.526932746700188,1.85,1.162790697674419,3.1621621621621623
2024-08-07 00:00:00,0,69,0,12,57,0,0,6,44,1,45,1,79.55,1160.0,3.0,7.74,172.5,73.0,1180.5353068017366,7.935397708122683,1.725,0.7751937984496123,3.1739130434782608
2024-08-07 01:00:00,1,70,0,12,58,0,0,6,44,1,45,1,80.55,1220.0,3.0,7.74,175.0,74.0,1188.3203068017365,8.008471760797342,1.75,0.7751937984496123,3.1714285714285717
2024-08-07 02:00:00,2,59,0,12,47,0,0,0,44,1,45,1,81.55,1280.0,3.0,7.74,147.5,63.0,1170.3653068017366,4.7250000000000005,1.475,0.0,3.2033898305084745
2024-08-07 03:00:00,3,59,0,12,47,0,0,1,44,1,45,1,82.55,1340.0,3.0,7.74,147.5,63.0,1176.0053068017369,5.138874655104454,1.475,0.1291989664082687,3.2033898305084745
2024-08-07 04:00:00,4,60,0,12,48,0,0,2,44,1,45,1,83.55,1400.0,3.0,7.74,150.0,64.0,1183.7903068017367,5.62687338501292,1.5,0.2583979328165374,3.2
2024-08-07 05:00:00,5,61,0,12,48,1,0,3,43,1,44,1,84.55,1656.5,3.0,7.74,152.5,64.66666666666667,1178.1753068017365,6.082685220485449,1.525,0.3875968992248061,3.180327868852459
2024-08-07 06:00:00,6,60,0,12,48,0,0,3,43,1,44,1,85.55,1716.5,3.0,7.74,150.0,64.0,1181.6703068017366,6.04031007751938,1.5,0.3875968992248061,3.2
2024-08-07 07:00:00,7,60,0,13,47,0,0,2,44,1,45,1,86.55,1580.0,3.0,7.74,150.0,64.33333333333333,1200.7103068017366,5.656180017226529,1.5,0.2583979328165374,3.216666666666667
2024-08-07 08:00:00,8,59,0,13,46,0,0,3,44,1,45,1,87.55,1640.0,3.0,6.67,147.5,63.333333333333336,1204.2053068017367,6.198428328208777,1.475,0.4497751124437781,3.2203389830508478
2024-08-07 09:00:00,9,62,0,13,49,0,0,8,42,1,43,1,88.55,2093.0,3.0,6.67,155.0,66.33333333333333,1189.4803068017366,8.824688059196209,1.55,1.199400299850075,3.2096774193548385
2024-08-07 10:00:00,10,64,0,14,49,1,0,8,39,1,40,1,89.55,2234.0,4.0,10.01,160.0,51.25,1159.2103068017366,7.68494005994006,1.6,0.7992007992007992,3.203125
2024-08-07 11:00:00,11,63,1,17,44,1,0,7,36,1,37,1,90.55,2213.0,4.0,10.01,157.5,17.25,1122.5053068017369,7.472702297702297,1.575,0.6993006993006993,3.2857142857142856
2024-08-07 12:00:00,12,56,0,16,38,2,0,7,33,1,34,1,89.16666666666667,2034.5,4.0,10.01,140.0,7.583333333333333,1059.4883068017366,6.822727272727272,1.4,0.6993006993006993,3.25
2024-08-07 13:00:00,13,50,0,15,35,0,0,2,33,1,34,1,90.16666666666669,1738.5,4.0,10.01,125.0,6.875,1052.2583068017366,4.784340659340659,1.25,0.1998001998001998,3.3
2024-08-07 14:00:00,14,50,0,14,36,0,0,11,31,1,32,1,91.16666666666669,1605.5,4.0,10.01,125.0,5.125,1031.0983068017367,7.704395604395605,1.25,1.098901098901099,3.28
2024-08-07 15:00:00,15,51,0,14,37,0,0,7,30,1,31,1,92.16666666666669,1700.0,4.0,10.01,127.5,4.638888888888889,1025.4833068017367,6.464866995749348,1.275,0.6993006993006993,3.2745098039215685
2024-08-07 16:00:00,16,50,0,14,36,0,0,7,30,1,31,1,93.16666666666669,1691.0,4.0,10.01,125.0,4.555555555555555,1028.9783068017368,6.393706293706293,1.25,0.6993006993006993,3.28
2024-08-07 17:00:00,17,52,0,14,38,0,0,6,31,1,32,1,94.16666666666669,1705.5,4.0,10.01,130.0,5.3125,1052.3083068017368,6.209578882655806,1.3,0.5994005994005994,3.269230769230769
2024-08-07 18:00:00,18,49,0,15,34,0,0,6,31,1,32,1,95.16666666666669,1765.5,4.0,10.01,122.5,5.0625,1051.5133068017367,6.0316917776101455,1.225,0.5994005994005994,3.306122448979592
2024-08-07 19:00:00,19,45,0,15,30,0,0,5,32,1,33,1,96.16666666666669,1783.0,4.0,10.01,112.5,5.357142857142857,1061.9733068017367,5.4150016650016655,1.125,0.4995004995004995,3.333333333333333
2024-08-07 20:00:00,20,49,0,14,33,2,0,9,32,2,34,2,97.16666666666669,1835.0,4.0,11.67,122.5,6.625,1090.461613603473,6.477491999370442,1.225,0.7712082262210797,3.2448979591836733
2024-08-07 21:00:00,21,53,0,15,35,3,0,8,31,3,34,3,83.98333333333333,1695.5,4.0,11.67,132.5,7.125,1025.55592040521,6.486766988407625,1.325,0.6855184233076264,3.2264150943396226
2024-08-07 22:00:00,22,56,0,16,38,2,0,10,31,3,34,3,84.98333333333333,1755.5,3.0,8.33,140.0,10.11111111111111,1037.6309204052095,8.4515606242497,1.4,1.2004801920768309,3.25
2024-08-07 23:00:00,23,55,0,14,38,3,0,7,30,2,32,2,85.98333333333333,2015.0,3.0,8.33,137.5,7.333333333333333,1013.4576136034732,7.089075630252101,1.375,0.8403361344537815,3.2
2024-08-08 00:00:00,0,50,0,14,34,2,0,6,30,2,32,2,86.98333333333333,2075.0,3.0,8.33,125.0,6.75,1008.3726136034732,6.38373349339736,1.25,0.7202881152460985,3.24
2024-08-08 01:00:00,1,49,1,14,31,3,0,5,30,3,33,3,87.98333333333333,2127.0,3.0,8.33,122.5,7.619047619047619,1026.1359204052098,5.959967660533602,1.225,0.6002400960384153,3.26530612244898
2024-08-08 02:00:00,2,49,1,15,31,2,0,5,31,3,34,3,88.98333333333333,1995.5,3.0,8.33,122.5,9.0,1045.1759204052098,6.034467256290272,1.225,0.6002400960384153,3.306122448979592
2024-08-08 03:00:00,3,48,1,15,32,0,0,4,31,3,34,3,89.98333333333333,2055.5,3.0,8.33,120.0,8.944444444444445,1048.67092040521,5.635644257703081,1.2,0.4801920768307323,3.3541666666666665
2024-08-08 04:00:00,4,50,1,15,34,0,0,4,31,3,34,3,90.98333333333332,2115.5,3.0,8.33,125.0,9.27777777777778,1058.6009204052098,5.778841536614645,1.25,0.4801920768307323,3.34
2024-08-08 05:00:00,5,49,1,14,34,0,0,1,32,3,35,3,91.98333333333332,1984.0,3.0,8.33,122.5,10.866666666666667,1075.4959204052095,4.474343410833722,1.225,0.120048019207683,3.326530612244898
2024-08-08 06:00:00,6,48,2,14,32,0,0,4,32,3,35,3,92.98333333333332,2044.0,3.0,8.33,120.0,10.8,1078.9909204052096,5.6706482593037215,1.2,0.4801920768307323,3.375
2024-08-08 07:00:00,7,48,2,14,29,3,0,5,33,4,37,4,93.98333333333332,2086.0,3.0,8.33,120.0,17.666666666666668,1112.2992272069464,5.96329531812725,1.2,0.6002400960384153,3.3125
2024-08-08 08:00:00,8,49,2,14,30,3,0,4,35,4,39,4,94.98333333333332,2135.0,3.0,6.59,122.5,54.0,1146.8842272069464,6.056751107119632,1.225,0.6069802731411229,3.306122448979592
2024-08-08 09:00:00,9,48,2,13,31,2,0,4,33,4,37,4,95.98333333333332,2195.0,3.0,6.59,120.0,17.666666666666668,1123.5792272069466,5.9856221547799695,1.2,0.6069802731411229,3.3125
2024-08-08 10:00:00,10,45,2,10,32,1,0,5,32,3,35,3,93.96666666666668,2255.0,4.0,9.95,112.5,7.4,1078.10192040521,5.352707984366275,1.125,0.5025125628140704,3.2888888888888888
2024-08-08 11:00:00,11,43,2,10,29,2,0,2,31,3,34,3,93.38333333333334,2290.0,4.0,9.95,107.5,5.875,1057.12192040521,4.184109500993339,1.075,0.2010050251256281,3.2790697674418605
2024-08-08 12:00:00,12,49,2,7,37,2,1,12,30,2,32,2,86.9,2235.0,4.0,9.95,122.5,4.8125,1005.7576136034731,7.640380473797561,1.225,1.206030150753769,3.142857142857143
2024-08-08 13:00:00,13,46,2,6,36,2,0,5,28,2,30,2,87.9,2295.0,4.0,9.95,115.0,3.65,978.1626136034732,5.244931177627266,1.15,0.5025125628140704,3.1739130434782608
2024-08-08 14:00:00,14,42,2,6,33,1,0,5,30,2,32,2,88.9,1902.5,4.0,9.95,105.0,4.21875,1002.0226136034732,4.99021895190237,1.05,0.5025125628140704,3.2142857142857144
2024-08-08 15:00:00,15,45,2,8,34,1,0,7,33,1,34,1,89.9,1491.0,4.0,9.95,112.5,6.083333333333333,1040.0293068017363,5.932523729759911,1.125,0.7035175879396985,3.2444444444444445
2024-08-08 16:00:00,16,50,1,9,37,3,0,8,33,1,34,1,90.9,1551.0,4.0,9.95,125.0,6.583333333333333,1056.3943068017363,6.49070351758794,1.25,0.8040201005025126,3.16
2024-08-08 17:00:00,17,55,1,9,38,6,1,10,34,2,36,2,91.9,1486.5,4.0,9.95,137.5,10.5,1100.4276136034732,7.269894929191412,1.375,1.0050251256281408,3.0545454545454547
2024-08-08 18:00:00,18,50,1,8,37,4,0,7,35,2,37,2,92.9,1401.0,4.0,9.95,125.0,13.0,1108.7426136034733,6.094974874371859,1.25,0.7035175879396985,3.12
2024-08-08 19:00:00,19,44,1,8,33,2,0,3,32,2,34,2,73.48333333333333,1097.5,4.0,9.95,110.0,5.833333333333333,946.1626136034732,4.459342165372316,1.1,0.3015075376884422,3.1818181818181817
2024-08-08 20:00:00,20,53,1,10,37,5,0,13,32,2,34,2,74.48333333333333,1157.5,4.0,11.24,132.5,6.916666666666667,971.1076136034732,7.772507218156181,1.325,1.1565836298932384,3.1320754716981134
2024-08-08 21:00:00,21,56,1,9,40,6,0,7,31,2,33,2,75.48333333333333,1581.0,4.0,11.24,140.0,6.178571428571429,969.7826136034732,6.248932384341638,1.4,0.6227758007117438,3.0892857142857144
2024-08-08 22:00:00,22,47,0,8,34,5,0,5,29,1,30,1,76.48333333333333,1786.5,3.0,7.880000000000001,117.5,4.8,915.0493068017364,5.544054433524138,1.175,0.6345177664974618,3.0638297872340425
2024-08-08 23:00:00,23,45,0,7,32,6,0,5,29,1,30,1,77.48333333333333,1846.5,3.0,7.880000000000001,112.5,4.533333333333333,916.3993068017364,5.31765369430344,1.125,0.6345177664974618,3.022222222222222
2024-08-09 00:00:00,0,44,0,8,31,5,0,5,30,2,32,2,78.48333333333333,1810.5,3.0,7.880000000000001,110.0,5.625,947.5626136034732,5.321815874480849,1.1,0.6345177664974618,3.0681818181818183
2024-08-09 01:00:00,1,46,0,9,33,4,0,6,31,2,33,2,79.48333333333333,1821.0,3.0,7.880000000000001,115.0,6.809523809523809,970.8926136034733,5.942027146325314,1.15,0.7614213197969543,3.108695652173913
2024-08-09 02:00:00,2,43,0,10,29,4,0,2,33,1,34,1,80.48333333333333,1517.5,3.0,7.880000000000001,107.5,7.5,982.6293068017368,4.171836264903789,1.075,0.2538071065989847,3.13953488372093
2024-08-09 03:00:00,3,42,0,10,28,4,0,2,33,1,34,1,81.48333333333333,1577.5,3.0,7.880000000000001,105.0,7.333333333333333,986.1243068017366,4.097679477882523,1.05,0.2538071065989847,3.142857142857143
2024-08-09 04:00:00,4,43,0,10,30,3,0,3,33,1,34,1,82.48333333333333,1637.5,3.0,7.880000000000001,107.5,7.555555555555555,993.9093068017366,4.604108133632392,1.075,0.3807106598984771,3.1627906976744184
2024-08-09 05:00:00,5,47,0,11,32,4,0,6,33,2,35,2,83.48333333333333,1334.0,3.0,7.880000000000001,117.5,9.866666666666667,1022.3976136034732,6.097667134679772,1.175,0.7614213197969543,3.148936170212766
2024-08-09 06:00:00,6,48,0,12,33,3,0,5,34,2,36,2,84.48333333333333,1378.0,3.0,7.880000000000001,120.0,12.75,1043.5826136034734,5.84752538071066,1.2,0.6345177664974618,3.1875
2024-08-09 07:00:00,7,47,0,12,32,3,0,3,34,2,36,2,85.48333333333333,1438.0,3.0,7.880000000000001,117.5,12.5,1047.0776136034733,4.9650340209525865,1.175,0.3807106598984771,3.191489361702128
2024-08-09 08:00:00,8,52,0,11,38,3,0,7,34,1,35,1,86.48333333333333,1514.0,3.0,6.58,130.0,10.933333333333334,1049.1743068017367,7.455155482815057,1.3,1.0638297872340423,3.1538461538461537
2024-08-09 09:00:00,9,52,0,11,38,3,0,6,34,1,35,1,87.48333333333333,1574.0,3.0,6.58,130.0,10.933333333333334,1054.8143068017366,6.9758475566986204,1.3,0.9118541033434652,3.1538461538461537
2024-08-09 10:00:00,10,50,0,12,34,4,0,6,33,1,34,1,88.48333333333333,1535.0,4.0,9.83,125.0,6.583333333333333,1042.764306801737,5.878789420142422,1.25,0.6103763987792472,3.16
2024-08-09 11:00:00,11,47,0,11,33,3,0,7,33,1,34,1,89.48333333333333,1144.5,4.0,9.83,117.5,6.208333333333333,1041.9693068017366,5.982526893357286,1.175,0.7121057985757884,3.1702127659574466
2024-08-09 12:00:00,12,55,0,14,36,5,0,14,37,1,38,1,72.18333333333334,735.5,4.0,9.83,137.5,21.75,1015.1573068017364,8.855687598261351,1.375,1.4242115971515767,3.163636363636364
2024-08-09 13:00:00,13,52,0,15,31,6,0,7,34,1,35,1,73.18333333333334,676.0,4.0,9.83,130.0,8.25,974.1623068017368,6.384566476250098,1.3,0.7121057985757884,3.173076923076923
2024-08-09 14:00:00,14,50,0,16,29,5,0,7,33,3,36,3,74.18333333333334,228.5,4.0,9.83,125.0,10.0625,990.64892040521,6.317980671414039,1.25,0.7121057985757884,3.22
2024-08-09 15:00:00,15,45,0,14,27,4,0,8,26,3,29,3,75.18333333333334,242.0,4.0,9.83,112.5,3.2954545454545454,891.7639204052098,6.247357861421952,1.125,0.8138351983723296,3.2222222222222223
2024-08-09 16:00:00,16,41,0,12,26,3,0,9,20,3,23,3,67.51666666666667,269.0,4.0,9.83,102.5,1.9411764705882355,759.5439204052097,6.247671389226608,1.025,0.9155645981688708,3.2195121951219514
2024-08-09 17:00:00,17,42,0,13,26,3,0,3,22,3,25,3,68.51666666666667,327.0,4.0,9.83,105.0,2.2666666666666666,794.1289204052098,4.3882284551664,1.05,0.3051881993896236,3.238095238095238
2024-08-09 18:00:00,18,47,0,13,31,3,0,8,25,3,28,3,69.51666666666667,369.5,4.0,9.83,117.5,3.145833333333333,850.6939204052098,6.389662020302591,1.175,0.8138351983723296,3.2127659574468086
2024-08-09 19:00:00,19,52,0,12,37,3,0,10,25,1,26,1,70.51666666666667,444.0,4.0,9.83,130.0,2.946428571428572,838.5223068017367,7.352952108928711,1.3,1.017293997965412,3.173076923076923
2024-08-09 20:00:00,20,49,0,11,36,2,0,5,26,1,27,1,71.51666666666667,478.0,4.0,11.01,122.5,3.0,851.1273068017366,5.345809931602069,1.225,0.4541326067211625,3.183673469387755
2024-08-09 21:00:00,21,58,0,11,43,4,0,13,26,1,27,1,72.51666666666667,538.0,4.0,11.01,145.0,3.480769230769231,876.0723068017367,8.209738012465158,1.45,1.1807447774750228,3.1206896551724137
2024-08-09 22:00:00,22,57,0,12,42,3,0,9,24,2,26,2,73.51666666666667,507.0,3.0,7.76,142.5,4.285714285714286,867.0356136034732,8.162506782419968,1.425,1.1597938144329898,3.1578947368421053
2024-08-09 23:00:00,23,55,0,12,41,2,0,7,23,2,25,2,74.51666666666667,562.0,3.0,7.76,137.5,3.888888888888889,854.9856136034732,7.245196813495782,1.375,0.9020618556701032,3.1818181818181817
2024-08-10 00:00:00,0,55,1,12,39,3,0,8,25,3,28,3,75.51666666666667,556.0,3.0,7.76,137.5,4.888888888888889,901.6939204052098,7.698969072164949,1.375,1.0309278350515465,3.2
2024-08-10 01:00:00,1,48,1,12,32,3,0,2,25,3,28,3,76.51666666666667,616.0,3.0,7.76,120.0,4.305555555555555,892.3189204052098,4.707259450171821,1.2,0.2577319587628866,3.2291666666666665
2024-08-10 02:00:00,2,45,0,12,31,2,0,3,24,2,26,2,77.51666666666667,737.5,3.0,7.76,112.5,3.452380952380953,863.8556136034732,4.870704467353952,1.125,0.3865979381443299,3.2222222222222223
2024-08-10 03:00:00,3,45,0,13,29,3,0,6,23,2,25,2,78.51666666666667,802.0,3.0,7.76,112.5,3.2222222222222223,856.0956136034731,6.116408934707904,1.125,0.7731958762886598,3.2222222222222223
2024-08-10 04:00:00,4,44,0,13,28,2,1,3,23,2,25,2,79.51666666666667,862.0,3.0,7.76,110.0,3.1333333333333333,859.5906136034732,4.763870665417057,1.1,0.3865979381443299,3.2045454545454546
2024-08-10 05:00:00,5,45,1,13,28,3,0,3,23,2,25,2,80.51666666666667,922.0,3.0,7.76,112.5,3.2666666666666666,867.3756136034732,4.937886597938144,1.125,0.3865979381443299,3.2666666666666666
2024-08-10 06:00:00,6,43,0,13,27,3,0,0,23,2,25,2,81.51666666666667,982.0,3.0,7.76,107.5,3.088888888888889,868.7256136034732,3.475,1.075,0.0,3.232558139534884
2024-08-10 07:00:00,7,43,0,13,28,2,0,3,23,2,25,2,82.51666666666667,1042.0,3.0,7.76,107.5,3.111111111111111,874.3656136034731,4.758690961400144,1.075,0.3865979381443299,3.255813953488372
2024-08-10 08:00:00,8,43,0,12,30,1,0,7,23,2,25,2,83.51666666666667,1102.0,3.0,6.5,107.5,3.111111111111111,880.0056136034732,7.006261180679785,1.075,1.0769230769230769,3.255813953488372
2024-08-10 09:00:00,9,38,0,12,26,0,0,4,21,2,23,2,64.0,1153.0,3.0,6.5,95.0,2.4705882352941178,732.4066136034733,5.190485829959514,0.95,0.6153846153846154,3.3157894736842106
2024-08-10 10:00:00,10,44,0,13,31,0,0,8,21,2,23,2,65.0,1213.0,4.0,9.59,110.0,2.1323529411764706,750.9166136034733,6.374075741776472,1.1,0.8342022940563086,3.2954545454545454
2024-08-10 11:00:00,11,44,0,10,34,0,0,7,19,2,21,2,66.0,1273.0,4.0,9.59,110.0,1.868421052631579,729.7566136034732,5.905673523556735,1.1,0.7299270072992701,3.227272727272727
2024-08-10 12:00:00,12,38,0,6,32,0,0,7,14,2,16,2,67.0,1117.0,4.0,9.59,95.0,1.25,655.5266136034732,5.305032654629274,0.95,0.7299270072992701,3.1578947368421053
2024-08-10 13:00:00,13,40,0,6,32,2,0,11,15,2,17,2,68.0,1159.0,4.0,9.59,100.0,1.3478260869565215,678.8566136034732,6.655787278415016,1.0,1.1470281543274243,3.1
2024-08-10 14:00:00,14,34,0,6,25,2,1,12,8,3,11,3,39.56666666666667,247.0,4.0,9.59,85.0,0.896551724137931,426.0909204052098,6.427516408023062,0.85,1.251303441084463,3.0588235294117645
2024-08-10 15:00:00,15,33,0,7,25,1,0,9,8,3,11,3,40.56666666666667,130.0,4.0,9.59,82.5,0.9051724137931034,429.5859204052098,5.61106502986065,0.825,0.9384775808133472,3.1818181818181817
2024-08-10 16:00:00,16,29,0,5,23,1,0,5,7,2,9,2,41.56666666666667,131.0,4.0,9.59,72.5,0.7338709677419355,398.9776136034733,3.911043292222501,0.725,0.5213764337851929,3.1379310344827585
2024-08-10 17:00:00,17,25,0,3,21,1,0,7,7,2,9,2,42.56666666666667,185.0,4.0,9.59,62.5,0.6209677419354839,396.0376136034732,4.173175182481752,0.625,0.7299270072992701,3.08
2024-08-10 18:00:00,18,30,0,5,24,1,0,10,9,2,11,2,43.56666666666667,142.0,4.0,9.59,75.0,0.8103448275862069,439.20261360347325,5.617292318387209,0.75,1.042752867570386,3.1333333333333333
2024-08-10 19:00:00,19,28,0,5,22,1,0,9,10,2,12,2,44.56666666666667,142.0,4.0,9.59,70.0,0.7857142857142857,453.9526136034732,5.14950096827052,0.7,0.9384775808133472,3.142857142857143
2024-08-10 20:00:00,20,29,0,5,21,3,0,12,10,1,11,1,45.56666666666667,178.0,4.0,9.75,72.5,0.7672413793103449,447.4693068017366,6.002188328912467,0.725,1.2307692307692308,3.0689655172413794
2024-08-10 21:00:00,21,36,1,5,28,2,0,14,10,1,11,1,46.56666666666667,238.0,4.0,9.75,90.0,0.9741379310344828,468.1243068017366,7.332122507122508,0.9,1.435897435897436,3.138888888888889
2024-08-10 22:00:00,22,37,0,6,29,2,0,12,10,1,11,1,39.9,213.0,3.0,6.66,92.5,1.3218390804597702,432.6693068017366,8.475194789383979,0.925,1.8018018018018016,3.108108108108108
2024-08-10 23:00:00,23,29,0,6,23,0,0,7,11,1,12,1,40.9,241.5,3.0,6.66,72.5,1.1071428571428572,434.54930680173663,5.695611991301647,0.725,1.0510510510510511,3.206896551724138
2024-08-11 00:00:00,0,25,0,6,19,0,0,3,11,1,12,1,41.9,301.5,3.0,6.66,62.5,0.9642857142857144,431.6093068017366,3.48445945945946,0.625,0.4504504504504504,3.24
2024-08-11 01:00:00,1,28,1,5,22,0,0,8,11,2,13,2,42.9,344.0,3.0,6.66,70.0,1.123456790123457,457.9526136034732,6.178903903903904,0.7,1.2012012012012012,3.25
2024-08-11 02:00:00,2,27,1,5,21,0,0,5,12,2,14,2,43.9,389.5,3.0,6.66,67.5,1.1282051282051282,474.8476136034732,4.646891335780224,0.675,0.7507507507507507,3.259259259259259
2024-08-11 03:00:00,3,26,1,5,20,0,0,1,12,2,14,2,44.9,449.5,3.0,6.66,65.0,1.0897435897435896,478.3426136034732,2.615875490875491,0.65,0.1501501501501501,3.269230769230769
2024-08-11 04:00:00,4,28,0,6,22,0,0,4,14,1,15,1,45.9,495.0,3.0,6.66,70.0,1.2,500.80430680173663,4.18050193050193,0.7,0.6006006006006006,3.2142857142857144
2024-08-11 05:00:00,5,28,0,7,21,0,0,5,15,0,15,0,46.9,481.0,3.0,6.66,70.0,1.2133333333333334,505.576,4.714939939939939,0.7,0.7507507507507507,3.25
2024-08-11 06:00:00,6,27,0,7,20,0,0,2,15,0,15,0,47.9,541.0,3.0,6.66,67.5,1.1733333333333331,509.0709999999999,3.17875653431209,0.675,0.3003003003003003,3.259259259259259
2024-08-11 07:00:00,7,25,0,7,18,0,0,4,14,0,14,0,48.9,638.0,3.0,6.66,62.5,1.051282051282051,497.021,4.01996996996997,0.625,0.6006006006006006,3.28
2024-08-11 08:00:00,8,23,0,7,16,0,0,2,14,0,14,0,49.9,698.0,3.0,7.23,57.49999999999999,0.9743589743589745,498.371,2.814065788682422,0.575,0.276625172890733,3.3043478260869565
2024-08-11 09:00:00,9,29,0,7,19,3,0,10,14,0,14,0,50.9,706.5,3.0,7.23,72.5,1.1666666666666667,516.881,6.61515357466495,0.725,1.3831258644536653,3.1379310344827585
2024-08-11 10:00:00,10,33,0,8,24,1,0,8,14,0,14,0,51.9,766.5,4.0,10.48,82.5,1.0192307692307692,531.1009999999999,5.102000925283368,0.825,0.7633587786259541,3.212121212121212
2024-08-11 11:00:00,11,30,1,10,19,0,0,7,18,0,18,0,52.9,729.5,4.0,10.48,75.0,1.1590909090909092,583.906,4.820992366412214,0.75,0.6679389312977099,3.4
2024-08-11 12:00:00,12,29,1,8,20,0,0,3,16,0,16,0,53.9,705.5,4.0,10.48,72.5,1.0104166666666667,560.601,3.382488812845485,0.725,0.2862595419847328,3.3448275862068964
2024-08-11 13:00:00,13,36,1,9,26,0,0,10,17,0,17,0,54.9,685.0,4.0,10.48,90.0,1.2934782608695652,594.656,6.129156064461408,0.9,0.9541984732824428,3.305555555555556
2024-08-11 14:00:00,14,33,2,9,21,1,0,6,17,0,17,0,55.9,651.0,4.0,10.48,82.5,1.2065217391304348,593.861,4.700746009715475,0.825,0.5725190839694656,3.363636363636364
2024-08-11 15:00:00,15,33,2,9,20,2,0,9,20,0,20,0,56.9,331.5,4.0,10.48,82.5,1.375,639.701,5.612595419847328,0.825,0.8587786259541984,3.333333333333333
2024-08-11 16:00:00,16,38,2,8,28,0,0,12,21,0,21,0,57.9,357.0,4.0,10.48,95.0,1.6578947368421053,669.466,6.946705504218561,0.95,1.1450381679389312,3.3157894736842106
2024-08-11 17:00:00,17,41,1,8,31,1,0,14,24,1,25,1,58.9,365.0,4.0,10.48,102.5,2.2,736.0093068017366,7.600875069819399,1.025,1.3358778625954195,3.2195121951219514
2024-08-11 18:00:00,18,51,1,8,38,4,0,16,27,1,28,1,59.9,296.0,4.0,10.48,127.5,3.3125,803.2993068017365,8.734766502020655,1.275,1.5267175572519085,3.117647058823529
2024-08-11 19:00:00,19,51,2,7,42,0,0,10,30,1,31,1,60.9,299.0,4.0,10.48,127.5,4.555555555555555,849.1393068017367,7.168402933692562,1.275,0.9541984732824428,3.215686274509804
2024-08-11 20:00:00,20,48,2,7,39,0,0,6,28,1,29,1,61.9,359.0,4.0,11.64,120.0,3.522727272727273,821.5443068017366,5.5395189003436425,1.2,0.5154639175257731,3.2291666666666665
2024-08-11 21:00:00,21,47,2,7,38,0,0,9,27,0,27,0,62.9,422.0,4.0,11.64,117.5,2.923076923076923,797.371,6.300548365869708,1.175,0.7731958762886597,3.234042553191489
2024-08-11 22:00:00,22,50,2,9,38,1,0,12,27,0,27,0,63.9,482.0,3.0,8.39,125.0,4.153846153846154,809.4459999999999,8.68408820023838,1.25,1.430274135876043,3.24
2024-08-11 23:00:00,23,49,2,9,38,0,0,7,27,1,28,1,64.9,525.5,3.0,8.39,122.5,4.444444444444445,827.2093068017366,6.724331687382938,1.225,0.8343265792610249,3.26530612244898
2024-08-12 00:00:00,0,52,2,8,42,0,0,7,27,1,28,1,65.9,585.5,3.0,8.39,130.0,4.666666666666667,839.2843068017366,6.895516640689466,1.3,0.8343265792610249,3.230769230769231
2024-08-12 01:00:00,1,47,2,10,35,0,0,3,27,1,28,1,66.9,645.5,3.0,8.39,117.5,4.305555555555555,834.1993068017366,5.054215377982908,1.175,0.3575685339690107,3.297872340425532
2024-08-12 02:00:00,2,49,2,9,38,0,0,4,27,1,28,1,67.9,705.5,3.0,8.39,122.5,4.444444444444445,844.1293068017367,5.556760964218823,1.225,0.4767580452920142,3.26530612244898
2024-08-12 03:00:00,3,56,2,10,44,0,0,8,28,1,29,1,68.9,749.0,3.0,8.39,140.0,5.515151515151516,878.1843068017366,7.648927294398092,1.4,0.9535160905840284,3.25
2024-08-12 04:00:00,4,54,2,10,42,0,0,3,28,1,29,1,69.9,809.0,3.0,8.39,135.0,5.333333333333333,879.5343068017366,5.565408555158257,1.35,0.3575685339690107,3.259259259259259
2024-08-12 05:00:00,5,53,2,9,42,0,0,4,28,1,29,1,70.9,869.0,3.0,8.39,132.5,5.212121212121212,883.0293068017367,5.8472147884948384,1.325,0.4767580452920142,3.2452830188679247
2024-08-12 06:00:00,6,47,2,8,37,0,0,1,28,0,28,0,71.9,945.5,3.0,8.39,117.5,4.25,861.531,4.212999898562118,1.175,0.1191895113230035,3.25531914893617
2024-08-12 07:00:00,7,47,2,8,37,0,0,3,28,0,28,0,72.9,1005.5,3.0,8.39,117.5,4.25,867.171,4.988999695686354,1.175,0.3575685339690107,3.25531914893617
2024-08-12 08:00:00,8,51,2,10,39,0,0,8,31,0,31,0,73.9,1036.0,3.0,7.09,127.5,6.185185185185185,921.591,7.869792444481318,1.275,1.1283497884344147,3.2745098039215685
2024-08-12 09:00:00,9,57,2,10,44,1,0,8,31,0,31,0,74.9,1049.0,3.0,7.09,142.5,6.814814814814815,940.101,8.242392299507584,1.425,1.1283497884344147,3.2280701754385963
2024-08-12 10:00:00,10,66,3,10,51,2,0,12,35,0,35,0,75.9,1054.0,4.0,10.43,165.0,10.6,1018.646,8.995633225834567,1.65,1.1505273250239694,3.212121212121212
2024-08-12 11:00:00,11,68,3,11,51,2,1,8,35,0,35,0,76.9,1114.0,4.0,10.43,170.0,10.85,1028.576,7.87269048559021,1.7,0.7670182166826462,3.1911764705882355
2024-08-12 12:00:00,12,59,4,8,46,1,0,5,33,0,33,0,77.9,1130.0,4.0,10.43,147.5,6.857142857142857,988.111,6.36003705087996,1.475,0.4793863854266539,3.254237288135593
2024-08-12 13:00:00,13,58,5,8,43,1,1,10,35,1,36,1,78.9,1109.0,4.0,10.43,145.0,11.8125,1032.6743068017367,7.849276787780607,1.45,0.9587727708533078,3.2586206896551726
2024-08-12 14:00:00,14,62,5,9,45,3,0,10,34,2,36,2,79.9,903.5,4.0,10.43,155.0,12.625,1047.7626136034733,8.173743543747875,1.55,0.9587727708533078,3.2580645161290325
2024-08-12 15:00:00,15,60,4,8,43,5,0,5,34,2,36,2,80.9,819.0,4.0,10.43,150.0,11.9375,1049.1126136034732,6.3010466602748485,1.5,0.4793863854266539,3.183333333333333
2024-08-12 16:00:00,16,60,4,7,44,5,0,4,35,2,37,2,81.9,494.0,4.0,10.43,150.0,15.833333333333334,1068.1526136034731,5.964445509747523,1.5,0.3835091083413231,3.1666666666666665
2024-08-12 17:00:00,17,59,4,7,45,3,0,2,35,2,37,2,82.9,554.0,4.0,10.43,147.5,15.75,1071.6476136034732,5.339264588783983,1.475,0.1917545541706615,3.2033898305084745
2024-08-12 18:00:00,18,57,4,7,43,3,0,5,36,2,38,2,83.9,588.0,4.0,10.43,142.5,22.875,1086.3976136034732,6.114082605843468,1.425,0.4793863854266539,3.210526315789474
2024-08-12 19:00:00,19,60,4,8,46,2,0,8,37,2,39,2,84.9,622.0,4.0,10.43,150.0,48.5,1111.8726136034734,7.33002556727389,1.5,0.7670182166826462,3.2333333333333334
2024-08-12 20:00:00,20,55,3,9,43,0,0,5,37,1,38,1,39.016666666666666,664.0,4.0,10.77,137.5,22.5,828.0973068017365,6.019371992909598,1.375,0.4642525533890436,3.272727272727273
2024-08-12 21:00:00,21,55,4,9,42,0,0,7,36,2,38,2,36.1,724.0,4.0,10.77,137.5,22.75,812.5156136034732,6.700755465518697,1.375,0.6499535747446611,3.309090909090909
2024-08-12 22:00:00,22,54,4,7,43,0,0,8,34,1,35,1,37.1,802.0,3.0,7.43,135.0,11.8,774.9423068017367,7.954235830716315,1.35,1.0767160161507403,3.2777777777777777
2024-08-12 23:00:00,23,58,4,8,46,0,0,8,34,1,35,1,38.1,862.0,3.0,7.43,145.0,12.666666666666666,789.1623068017366,8.277173156355873,1.45,1.0767160161507403,3.2758620689655173
2024-08-13 00:00:00,0,56,4,8,44,0,0,4,34,1,35,1,39.1,922.0,3.0,7.43,140.0,12.266666666666667,790.5123068017366,6.36889059796193,1.4,0.5383580080753702,3.2857142857142856
2024-08-13 01:00:00,1,51,4,7,40,0,0,1,34,1,35,1,40.1,982.0,3.0,7.43,127.5,11.2,785.4273068017366,4.643353653709128,1.275,0.1345895020188425,3.294117647058824
2024-08-13 02:00:00,2,51,4,7,40,0,0,5,34,1,35,1,41.1,1042.0,3.0,7.43,127.5,11.2,791.0673068017365,6.416768268545642,1.275,0.6729475100942127,3.294117647058824
2024-08-13 03:00:00,3,53,4,9,40,0,0,5,34,1,35,1,42.1,1102.0,3.0,7.43,132.5,11.733333333333333,800.9973068017366,6.6346936184260645,1.325,0.6729475100942127,3.320754716981132
2024-08-13 04:00:00,4,54,4,8,42,0,0,7,36,1,37,1,43.1,1126.0,3.0,7.43,135.0,19.77777777777778,835.5823068017366,7.555528139175514,1.35,0.9421265141318976,3.2962962962962963
2024-08-13 05:00:00,5,52,4,8,40,0,0,4,35,1,36,1,44.1,1204.0,3.0,7.43,130.0,14.333333333333334,823.5323068017367,6.080722642095455,1.3,0.5383580080753702,3.3076923076923075
2024-08-13 06:00:00,6,51,5,8,38,0,0,4,37,1,38,1,45.1,1232.5,3.0,7.43,127.5,28.5,853.8273068017367,6.080082732958594,1.275,0.5383580080753702,3.3529411764705883
2024-08-13 07:00:00,7,49,5,7,37,0,0,2,37,1,38,1,46.1,1292.5,3.0,7.43,122.5,27.33333333333333,855.1773068017366,5.000925646166947,1.225,0.2691790040376851,3.346938775510204
2024-08-13 08:00:00,8,55,5,8,42,0,0,7,38,1,39,1,47.1,1339.0,3.0,7.1,137.5,61.0,887.0873068017366,7.855409731113956,1.375,0.9859154929577464,3.327272727272727
2024-08-13 09:00:00,9,62,5,10,47,0,0,12,39,3,42,3,48.1,1382.5,3.0,7.1,155.0,68.66666666666667,949.67892040521,10.765629259427534,1.55,1.6901408450704227,3.3225806451612905
2024-08-13 10:00:00,10,63,6,9,46,2,0,9,39,3,42,3,49.1,1436.0,4.0,10.14,157.5,52.0,957.4639204052098,8.13040293040293,1.575,0.8875739644970414,3.3015873015873014
2024-08-13 11:00:00,11,61,6,9,46,0,0,3,41,3,44,3,50.1,1378.5,4.0,10.14,152.5,51.0,985.6139204052098,6.089426714521292,1.525,0.2958579881656804,3.344262295081968
2024-08-13 12:00:00,12,65,6,10,47,2,0,10,40,3,43,3,51.1,1448.0,4.0,10.14,162.5,53.75,986.4339204052098,8.637023972083142,1.625,0.9861932938856016,3.3076923076923075
2024-08-13 13:00:00,13,71,8,10,52,1,0,11,43,3,46,3,52.1,1483.0,4.0,10.14,177.5,59.5,1045.14392040521,9.586414145623246,1.775,1.0848126232741615,3.352112676056338
2024-08-13 14:00:00,14,65,7,10,47,1,0,7,41,3,44,3,51.75,1441.5,4.0,10.14,162.5,54.5,1003.49992040521,7.765278409952966,1.625,0.6903353057199211,3.353846153846154
2024-08-13 15:00:00,15,63,6,10,46,1,0,8,40,2,42,2,52.75,1419.0,4.0,10.14,157.5,52.5,977.1816136034732,7.879848783694937,1.575,0.7889546351084812,3.333333333333333
2024-08-13 16:00:00,16,63,4,14,44,1,0,11,37,2,39,2,45.55,1259.0,4.0,10.14,157.5,52.5,896.3736136034731,8.86604207758054,1.575,1.0848126232741615,3.333333333333333
2024-08-13 17:00:00,17,60,4,13,38,5,0,10,36,2,38,2,46.55,1325.5,4.0,10.14,150.0,24.5,882.1786136034732,8.121564760026297,1.5,0.9861932938856016,3.2666666666666666
2024-08-13 18:00:00,18,62,4,15,39,4,0,8,37,2,39,2,47.55,1379.0,4.0,10.14,155.0,51.25,905.5086136034732,7.733640325761914,1.55,0.7889546351084812,3.306451612903226
2024-08-13 19:00:00,19,61,3,13,43,2,0,6,36,1,37,1,47.46666666666667,1439.0,4.0,10.14,152.5,16.666666666666668,875.2253068017367,6.940052381414298,1.525,0.5917159763313609,3.278688524590164
2024-08-13 20:00:00,20,62,4,11,46,1,0,12,41,1,42,1,48.46666666666667,930.5,4.0,10.33,155.0,51.0,950.0103068017366,8.922252755831746,1.55,1.1616650532429815,3.290322580645161
2024-08-13 21:00:00,21,60,4,11,42,3,0,6,40,1,41,1,49.46666666666667,1031.0,4.0,10.33,150.0,49.0,937.9603068017366,6.797386253630203,1.5,0.5808325266214908,3.2666666666666666
2024-08-13 22:00:00,22,64,4,11,46,3,0,11,41,1,42,1,50.46666666666667,1050.5,3.0,7.29,160.0,69.33333333333333,965.5803068017368,10.1039780521262,1.6,1.5089163237311385,3.25
2024-08-13 23:00:00,23,62,4,12,43,3,0,6,41,1,42,1,51.46666666666667,1110.5,3.0,7.29,155.0,67.66666666666667,966.9303068017366,7.769809504845348,1.55,0.823045267489712,3.274193548387097
2024-08-14 00:00:00,0,57,4,11,38,4,0,7,42,1,43,1,52.46666666666667,1130.0,3.0,7.29,142.5,62.0,975.2453068017368,7.783347772723991,1.425,0.9602194787379972,3.263157894736842
2024-08-14 01:00:00,1,55,4,12,35,4,0,4,42,1,43,1,53.46666666666667,1190.0,3.0,7.29,137.5,60.333333333333336,976.5953068017368,6.330711435341065,1.375,0.5486968449931413,3.290909090909091
2024-08-14 02:00:00,2,53,4,12,34,3,0,3,43,1,44,1,54.46666666666667,1157.5,3.0,7.29,132.5,58.66666666666666,991.3453068017366,5.76656572715273,1.325,0.411522633744856,3.320754716981132
2024-08-14 03:00:00,3,50,4,12,33,1,0,3,43,0,43,0,55.46666666666667,1310.0,3.0,7.29,125.0,56.333333333333336,976.282,5.6159465020576125,1.25,0.411522633744856,3.38
2024-08-14 04:00:00,4,51,4,12,33,2,0,6,43,0,43,0,56.46666666666667,1370.0,3.0,7.29,127.5,57.0,984.067,7.034622367465506,1.275,0.823045267489712,3.3529411764705883
2024-08-14 05:00:00,5,48,4,12,32,0,0,0,43,0,43,0,57.46666666666667,1430.0,3.0,7.29,120.0,54.66666666666666,983.272,4.1,1.2,0.0,3.4166666666666665
2024-08-14 06:00:00,6,52,4,12,36,0,0,4,43,0,43,0,58.46666666666667,1490.0,3.0,7.29,130.0,58.66666666666666,997.492,6.2571277830537095,1.3,0.5486968449931413,3.3846153846153846
2024-08-14 07:00:00,7,52,5,12,35,0,0,3,44,0,44,0,59.46666666666667,1409.0,3.0,7.29,130.0,59.333333333333336,1016.532,5.858673630895853,1.3,0.411522633744856,3.423076923076923
2024-08-14 08:00:00,8,55,5,12,36,2,0,11,44,0,44,0,60.46666666666667,1469.0,3.0,6.43,137.5,61.66666666666666,1028.607,10.379276827371696,1.375,1.7107309486780715,3.363636363636364
2024-08-14 09:00:00,9,57,5,13,36,3,0,5,42,0,42,0,61.46666666666667,1354.0,3.0,6.43,142.5,63.66666666666666,1011.737,7.380658781479361,1.425,0.7776049766718507,3.3508771929824563
2024-08-14 10:00:00,10,65,6,13,44,2,0,11,42,1,43,1,62.46666666666667,1380.0,4.0,10.13,162.5,54.5,1048.8053068017366,9.091886248006684,1.625,1.0858835143139192,3.353846153846154
2024-08-14 11:00:00,11,64,6,10,45,3,0,7,40,2,42,2,61.3,1376.0,4.0,10.13,160.0,52.75,1027.5486136034733,7.553195952615993,1.6,0.6910167818361304,3.296875
2024-08-14 12:00:00,12,63,5,14,40,4,0,7,41,1,42,1,62.3,1343.0,4.0,10.13,157.5,52.25,1030.1753068017365,7.517420752440497,1.575,0.6910167818361304,3.3174603174603177
2024-08-14 13:00:00,13,63,3,15,41,4,0,9,40,1,41,1,63.3,1310.0,4.0,10.13,157.5,51.5,1022.4153068017364,8.055090960372302,1.575,0.8884501480750248,3.2698412698412698
2024-08-14 14:00:00,14,57,4,14,36,3,0,8,38,0,38,0,61.81666666666667,1320.5,4.0,10.13,142.5,23.75,960.111,7.38244488318526,1.425,0.7897334649555776,3.333333333333333
2024-08-14 15:00:00,15,51,4,11,34,2,0,5,36,0,36,0,50.61666666666667,1196.5,4.0,10.13,127.5,10.625,857.2730000000001,5.895278051990787,1.275,0.493583415597236,3.333333333333333
2024-08-14 16:00:00,16,47,4,10,32,1,0,2,34,1,35,1,50.86666666666667,1241.0,4.0,10.13,117.5,7.9,837.5713068017367,4.613712167356283,1.175,0.1974333662388944,3.3617021276595747
2024-08-14 17:00:00,17,45,4,9,29,3,0,5,34,1,35,1,51.86666666666667,1278.0,4.0,10.13,112.5,7.45,838.9213068017366,5.359309531644182,1.125,0.493583415597236,3.311111111111111
2024-08-14 18:00:00,18,46,4,8,32,2,0,5,34,1,35,1,52.86666666666667,1331.0,4.0,10.13,115.0,7.6,846.7063068017366,5.430971286321301,1.15,0.493583415597236,3.3043478260869565
2024-08-14 19:00:00,19,54,5,10,34,5,0,12,34,1,35,1,53.86666666666667,1391.0,4.0,10.13,135.0,8.85,869.5063068017366,8.307856202698257,1.35,1.1846001974333664,3.2777777777777777
2024-08-14 20:00:00,20,50,4,9,35,2,0,6,32,1,33,1,54.86666666666667,1451.0,4.0,10.61,125.0,5.892857142857143,839.7663068017366,5.991163996229972,1.25,0.5655042412818096,3.3
2024-08-14 21:00:00,21,50,3,10,35,2,0,5,32,1,33,1,55.86666666666667,1511.0,4.0,10.61,125.0,5.857142857142857,845.4063068017366,5.645711592836946,1.25,0.471253534401508,3.28
2024-08-14 22:00:00,22,49,3,11,34,1,0,8,33,1,34,1,56.86666666666667,1497.5,3.0,6.91,122.5,9.055555555555555,862.3013068017367,7.926265542396409,1.225,1.1577424023154848,3.326530612244898
2024-08-14 23:00:00,23,43,3,10,29,1,0,4,32,0,32,0,57.86666666666667,1634.5,3.0,6.91,107.5,6.0,827.403,5.538545417830579,1.075,0.5788712011577424,3.3488372093023258
2024-08-15 00:00:00,0,42,3,9,29,1,0,2,32,0,32,0,58.86666666666667,1694.5,3.0,6.91,105.0,5.833333333333333,830.8979999999999,4.4647853352629046,1.05,0.2894356005788712,3.333333333333333
2024-08-15 01:00:00,1,40,3,9,27,1,0,1,32,0,32,0,59.86666666666667,1754.5,3.0,6.91,100.0,5.583333333333333,832.248,3.8348046309696096,1.0,0.1447178002894356,3.35
2024-08-15 02:00:00,2,40,3,9,26,2,0,5,32,0,32,0,60.86666666666667,1814.5,3.0,6.91,100.0,5.541666666666667,837.888,5.730933429811867,1.0,0.723589001447178,3.325
2024-08-15 03:00:00,3,39,3,9,25,2,0,0,32,0,32,0,61.86666666666667,1874.5,3.0,6.91,97.5,5.416666666666667,841.383,3.25,0.975,0.0,3.333333333333333
2024-08-15 04:00:00,4,43,4,9,28,2,0,4,32,1,33,1,62.86666666666667,1931.0,3.0,6.91,107.5,6.857142857142857,869.8713068017366,5.538545417830579,1.075,0.5788712011577424,3.3488372093023258
2024-08-15 05:00:00,5,41,4,9,25,3,0,2,32,1,33,1,63.86666666666667,1991.0,3.0,6.91,102.5,6.523809523809524,871.2213068017365,4.39213847022696,1.025,0.2894356005788712,3.341463414634146
2024-08-15 06:00:00,6,41,4,9,26,2,0,1,33,1,34,1,64.86666666666666,1977.5,3.0,6.91,102.5,7.666666666666667,890.2613068017366,3.937098937559563,1.025,0.1447178002894356,3.365853658536585
2024-08-15 07:00:00,7,45,4,11,26,4,0,5,35,1,36,1,65.86666666666666,1805.5,3.0,6.91,112.5,12.5,931.2813068017366,6.1619633381572605,1.125,0.723589001447178,3.333333333333333
2024-08-15 08:00:00,8,49,4,11,31,3,0,6,39,1,40,1,66.86666666666666,1405.0,3.0,6.8,122.5,54.333333333333336,999.1013068017364,7.010174069627851,1.225,0.8823529411764706,3.326530612244898
2024-08-15 09:00:00,9,50,3,11,33,3,0,3,38,2,40,2,67.86666666666666,1334.0,3.0,6.8,125.0,54.66666666666666,1007.754613603473,5.547058823529412,1.25,0.4411764705882353,3.28
2024-08-15 10:00:00,10,58,4,13,38,3,0,12,39,3,42,3,68.86666666666666,1354.0,4.0,10.05,145.0,48.0,1058.2229204052098,8.752650540401442,1.45,1.1940298507462686,3.310344827586207
2024-08-15 11:00:00,11,62,4,13,37,8,0,13,36,3,39,3,69.86666666666666,1311.0,4.0,10.05,155.0,49.75,1032.2429204052098,9.12682153747392,1.55,1.2935323383084576,3.2096774193548385
2024-08-15 12:00:00,12,57,3,13,36,5,0,9,35,3,38,3,70.86666666666666,1271.0,4.0,10.05,142.5,23.125,1013.7579204052096,7.531520031421837,1.425,0.8955223880597014,3.245614035087719
2024-08-15 13:00:00,13,54,3,15,32,4,0,6,32,3,35,3,71.86666666666666,1327.0,4.0,10.05,135.0,8.95,972.7629204052098,6.453993919292427,1.35,0.5970149253731343,3.314814814814815
2024-08-15 14:00:00,14,48,2,15,27,4,0,5,26,3,29,3,72.86666666666666,1010.0,4.0,10.05,120.0,3.613636363636364,885.1329204052098,5.623009950248756,1.2,0.4975124378109452,3.3125
2024-08-15 15:00:00,15,48,2,12,23,11,0,10,25,2,27,2,73.86666666666666,1041.0,4.0,10.05,120.0,2.8653846153846154,863.1046136034731,6.813723051409618,1.2,0.9950248756218903,3.1041666666666665
2024-08-15 16:00:00,16,41,2,12,21,6,0,6,27,2,29,2,74.86666666666666,578.0,4.0,10.05,102.5,3.022727272727273,880.5296136034732,5.261658172551875,1.025,0.5970149253731343,3.2439024390243905
2024-08-15 17:00:00,17,40,3,12,20,5,0,7,29,2,31,2,75.86666666666666,604.0,4.0,10.05,100.0,3.6944444444444446,910.8246136034732,5.640920398009951,1.0,0.6965174129353233,3.325
2024-08-15 18:00:00,18,41,3,11,21,6,0,6,30,2,32,2,76.86666666666666,660.0,4.0,10.05,102.5,4.1875,932.0096136034732,5.3012195121951216,1.025,0.5970149253731343,3.268292682926829
2024-08-15 19:00:00,19,39,3,10,22,4,0,6,29,1,30,1,58.36666666666667,720.0,4.0,10.05,97.5,3.225,795.7113068017366,5.199741676234213,0.975,0.5970149253731343,3.3076923076923075
2024-08-15 20:00:00,20,38,3,9,22,4,0,7,27,1,28,1,59.36666666666667,780.0,4.0,11.09,95.0,2.6041666666666665,772.4063068017365,5.201313416544065,0.95,0.6311992786293958,3.289473684210526
2024-08-15 21:00:00,21,35,3,9,20,3,0,4,27,1,28,1,60.36666666666667,826.0,4.0,11.09,87.5,2.4375,771.6113068017365,4.130719438361458,0.875,0.3606853020739405,3.342857142857143
2024-08-15 22:00:00,22,36,3,9,20,4,0,9,27,1,28,1,61.36666666666667,886.0,3.0,7.84,90.0,3.305555555555556,779.3963068017366,6.769642857142856,0.9,1.1479591836734695,3.305555555555556
2024-08-15 23:00:00,23,42,3,11,21,7,0,11,29,1,30,1,62.36666666666667,873.5,3.0,7.84,105.0,4.533333333333333,824.7063068017367,7.943245869776482,1.05,1.403061224489796,3.238095238095238
2024-08-16 00:00:00,0,44,3,12,21,8,0,8,29,1,30,1,63.36666666666667,933.5,3.0,7.84,110.0,4.733333333333333,834.6363068017365,6.843135435992579,1.1,1.020408163265306,3.227272727272727
2024-08-16 01:00:00,1,39,3,12,21,3,0,4,29,1,30,1,64.36666666666666,993.5,3.0,7.84,97.5,4.4,829.5513068017366,5.026844583987441,0.975,0.5102040816326531,3.3846153846153846
2024-08-16 02:00:00,2,35,3,11,19,2,0,2,29,1,30,1,65.36666666666666,1053.5,3.0,7.84,87.5,4.0,826.6113068017366,3.8746355685131193,0.875,0.2551020408163265,3.4285714285714284
2024-08-16 03:00:00,3,38,3,11,22,2,0,5,30,1,31,1,66.36666666666666,1051.0,3.0,7.84,95.0,4.777777777777778,852.0863068017366,5.3900107411385605,0.95,0.6377551020408163,3.3947368421052637
2024-08-16 04:00:00,4,38,3,11,21,3,0,4,30,1,31,1,67.36666666666666,1111.0,3.0,7.84,95.0,4.7407407407407405,857.7263068017365,4.918582169709989,0.95,0.5102040816326531,3.3684210526315788
2024-08-16 05:00:00,5,35,3,11,19,2,0,1,31,1,32,1,68.36666666666666,1164.5,3.0,7.84,87.5,5.0,870.3313068017366,3.43731778425656,0.875,0.1275510204081632,3.4285714285714284
2024-08-16 06:00:00,6,37,3,11,21,2,0,2,33,1,34,1,69.36666666666666,1211.0,3.0,7.84,92.5,7.0,907.0613068017366,4.018725868725869,0.925,0.2551020408163265,3.4054054054054053
2024-08-16 07:00:00,7,42,3,11,26,2,0,5,33,1,34,1,70.36666666666666,1271.0,3.0,7.84,105.0,7.833333333333333,923.4263068017366,5.6660349854227405,1.05,0.6377551020408163,3.357142857142857
2024-08-16 08:00:00,8,44,3,12,27,2,0,4,35,1,36,1,71.36666666666666,1301.5,3.0,7.74,110.0,12.333333333333334,960.1563068017366,5.438313366220343,1.1,0.5167958656330749,3.363636363636364
2024-08-16 09:00:00,9,51,3,12,32,4,0,8,34,1,35,1,72.36666666666666,1384.0,3.0,7.74,127.5,11.133333333333333,967.4113068017366,7.559506257283274,1.275,1.0335917312661498,3.2745098039215685
2024-08-16 10:00:00,10,56,4,11,37,4,0,10,36,0,36,0,73.36666666666666,1240.0,4.0,10.99,140.0,11.4375,996.308,7.548482386585206,1.4,0.9099181073703366,3.267857142857143
2024-08-16 11:00:00,11,52,5,10,34,3,0,8,34,1,35,1,74.36666666666666,1172.0,4.0,10.99,130.0,8.65,980.8363068017366,6.746782039616434,1.3,0.7279344858962693,3.326923076923077
2024-08-16 12:00:00,12,43,4,10,27,2,0,5,27,1,28,1,75.36666666666666,1045.0,4.0,10.99,107.5,3.020833333333333,873.3713068017365,5.159164250798823,1.075,0.4549590536851683,3.372093023255814
2024-08-16 13:00:00,13,37,4,8,21,4,0,4,22,1,23,1,76.36666666666666,424.0,4.0,10.99,92.5,1.8088235294117647,799.1413068017365,4.2849451589897445,0.925,0.3639672429481346,3.324324324324324
2024-08-16 14:00:00,14,31,3,6,20,2,0,6,16,1,17,1,77.36666666666666,275.0,4.0,10.99,77.5,1.1195652173913044,711.5113068017365,4.388965775338285,0.775,0.545950864422202,3.3225806451612905
2024-08-16 15:00:00,15,33,2,7,20,3,1,6,16,1,17,1,78.36666666666666,307.0,4.0,10.99,82.5,1.141304347826087,721.4413068017366,4.362116386797915,0.825,0.545950864422202,3.1818181818181817
2024-08-16 16:00:00,16,25,1,6,12,5,1,9,9,1,10,1,79.36666666666666,189.5,4.0,10.99,62.5,0.6333333333333333,616.1213068017365,4.389535941765241,0.625,0.818926296633303,3.04
2024-08-16 17:00:00,17,27,1,6,16,4,0,10,10,2,12,2,80.36666666666666,143.0,4.0,10.99,67.5,0.7589285714285714,653.7196136034731,4.989557004684394,0.675,0.9099181073703366,3.1481481481481484
2024-08-16 18:00:00,18,27,1,6,17,3,0,5,10,2,12,2,81.36666666666666,203.0,4.0,10.99,67.5,0.7678571428571429,659.3596136034732,3.5991288376638693,0.675,0.4549590536851683,3.185185185185185
2024-08-16 19:00:00,19,26,0,7,16,3,0,5,10,2,12,2,82.36666666666666,205.0,4.0,10.99,65.0,0.7321428571428571,662.8546136034731,3.4848708616224537,0.65,0.4549590536851683,3.1538461538461537
2024-08-16 20:00:00,20,28,0,7,16,5,0,8,10,2,12,2,83.36666666666666,232.5,4.0,10.52,70.0,0.7678571428571429,672.7846136034732,4.485687126561651,0.7,0.7604562737642586,3.071428571428572
2024-08-16 21:00:00,21,29,0,7,18,4,0,9,11,1,12,1,84.36666666666666,292.5,4.0,10.52,72.5,0.8035714285714286,679.7013068017366,4.905041300642455,0.725,0.8555133079847909,3.103448275862069
2024-08-16 22:00:00,22,26,1,6,16,3,0,4,8,2,10,2,85.36666666666666,338.5,3.0,7.27,65.0,0.9222222222222224,652.9746136034732,3.8314278912284414,0.65,0.5502063273727649,3.1923076923076925
2024-08-16 23:00:00,23,27,1,6,18,2,0,8,8,1,9,1,86.36666666666666,422.0,3.0,7.27,67.5,0.935483870967742,646.4913068017365,5.720774109735596,0.675,1.1004126547455295,3.2222222222222223
2024-08-17 00:00:00,0,23,1,6,15,1,0,7,8,1,9,1,87.36666666666666,482.0,3.0,7.27,57.49999999999999,0.8172043010752689,643.5513068017366,5.081627893068596,0.575,0.9628610729023384,3.3043478260869565
2024-08-17 01:00:00,1,26,1,7,17,1,0,6,9,1,10,1,88.36666666666666,518.5,3.0,7.27,65.0,0.9555555555555556,669.0263068017366,4.879869855041795,0.65,0.8253094910591472,3.3076923076923075
2024-08-17 02:00:00,2,22,1,7,13,1,0,2,10,1,11,1,89.36666666666666,555.0,3.0,7.27,55.00000000000001,0.8505747126436781,679.4863068017365,2.775347005126923,0.55,0.2751031636863824,3.363636363636364
2024-08-17 03:00:00,3,27,1,8,17,1,0,6,10,2,12,2,90.36666666666666,546.0,3.0,7.27,67.5,1.0714285714285714,710.1196136034732,5.001031636863824,0.675,0.8253094910591472,3.333333333333333
2024-08-17 04:00:00,4,24,0,6,17,1,0,3,10,0,10,0,16.6,698.5,3.0,7.27,60.0,0.8555555555555555,259.104,3.248933975240716,0.6,0.4126547455295736,3.208333333333333
2024-08-17 05:00:00,5,20,0,5,14,1,0,4,10,0,10,0,17.6,758.5,3.0,7.27,50.0,0.7111111111111111,256.164,3.360660247592848,0.5,0.5502063273727649,3.2
2024-08-17 06:00:00,6,20,0,5,14,1,0,3,11,0,11,0,18.6,795.0,3.0,7.27,50.0,0.735632183908046,275.204,2.9204951856946355,0.5,0.4126547455295736,3.2
2024-08-17 07:00:00,7,21,0,5,15,1,0,3,11,0,11,0,19.6,855.0,3.0,7.27,52.5,0.7701149425287356,282.989,2.991565140499116,0.525,0.4126547455295736,3.1904761904761907
2024-08-17 08:00:00,8,24,1,5,17,1,0,6,15,1,16,1,20.6,432.0,3.0,6.6,60.0,1.0833333333333333,362.93230680173656,4.904545454545455,0.6,0.9090909090909092,3.25
2024-08-17 09:00:00,9,29,1,5,20,3,0,8,15,1,16,1,21.6,492.0,3.0,6.6,72.5,1.2638888888888888,379.2973068017366,6.07855276907001,0.725,1.2121212121212122,3.1379310344827585
2024-08-17 10:00:00,10,33,0,6,19,7,1,10,16,0,16,0,22.6,470.5,4.0,10.3,82.5,1.0,392.649,5.224360105913504,0.825,0.9708737864077668,2.909090909090909
2024-08-17 11:00:00,11,39,1,6,23,8,1,13,17,0,17,0,20.716666666666665,327.0,4.0,10.3,97.5,1.25,408.297,6.5966828478964405,0.975,1.262135922330097,2.948717948717949
2024-08-17 12:00:00,12,33,1,4,23,5,0,12,17,0,17,0,21.716666666666665,241.0,4.0,10.3,82.5,1.0869565217391304,401.067,6.03045013239188,0.825,1.1650485436893203,3.0303030303030303
2024-08-17 13:00:00,13,30,1,2,23,4,0,3,15,0,15,0,22.716666666666665,232.0,4.0,10.3,75.0,0.9,373.472,3.12378640776699,0.75,0.2912621359223301,3.0
2024-08-17 14:00:00,14,23,1,2,18,2,0,8,9,0,9,0,14.55,213.0,4.0,10.3,57.49999999999999,0.5725806451612904,231.997,4.172636133389616,0.575,0.7766990291262136,3.0869565217391304
2024-08-17 15:00:00,15,20,0,2,16,2,0,6,6,0,6,0,14.466666666666669,217.5,4.0,10.3,50.0,0.4411764705882353,184.892,3.2475728155339807,0.5,0.5825242718446602,3.0
2024-08-17 16:00:00,16,23,0,2,19,2,0,12,9,0,9,0,15.466666666666669,124.0,4.0,10.3,57.49999999999999,0.5564516129032258,237.16700000000003,5.220145631067961,0.575,1.1650485436893203,3.0
2024-08-17 17:00:00,17,20,0,2,17,1,0,9,8,0,8,0,16.466666666666665,139.5,4.0,10.3,50.0,0.4765625,222.972,4.19004854368932,0.5,0.8737864077669902,3.05
2024-08-17 18:00:00,18,21,0,2,17,2,0,7,9,0,9,0,17.466666666666665,155.0,4.0,10.3,52.5,0.5080645161290323,244.157,3.613834951456311,0.525,0.6796116504854368,3.0
2024-08-17 19:00:00,19,21,0,2,17,2,0,10,8,0,8,0,18.466666666666665,252.0,4.0,10.3,52.5,0.4921875,236.397,4.487621359223301,0.525,0.9708737864077668,3.0
2024-08-17 20:00:00,20,24,0,2,22,0,0,10,7,0,7,0,19.466666666666665,364.0,4.0,10.37,60.0,0.5606060606060606,235.072,4.823320475731276,0.6,0.9643201542912246,3.083333333333333
2024-08-17 21:00:00,21,21,0,2,18,1,0,8,8,0,8,0,20.466666666666665,276.0,4.0,10.37,52.5,0.5,247.677,3.9511043761767,0.525,0.7714561234329796,3.0476190476190474
2024-08-17 22:00:00,22,23,0,3,19,1,0,11,9,0,9,0,21.466666666666665,186.0,3.0,6.67,57.49999999999999,0.7634408602150538,271.007,6.865932794472329,0.575,1.6491754122938531,3.0869565217391304
2024-08-17 23:00:00,23,23,0,3,18,2,0,8,11,0,11,0,22.466666666666665,175.0,3.0,6.67,57.49999999999999,0.8045977011494253,303.447,5.400348738674142,0.575,1.199400299850075,3.0434782608695654
2024-08-18 00:00:00,0,22,0,3,18,1,0,7,10,0,10,0,23.466666666666665,212.5,3.0,6.67,55.00000000000001,0.7555555555555555,293.542,4.943832629139975,0.55,1.0494752623688155,3.090909090909091
2024-08-18 01:00:00,1,20,0,2,16,2,0,2,10,0,10,0,24.466666666666665,272.5,3.0,6.67,50.0,0.6666666666666666,294.892,2.399550224887556,0.5,0.2998500749625187,3.0
2024-08-18 02:00:00,2,19,0,2,15,2,0,3,10,0,10,0,25.466666666666665,332.5,3.0,6.67,47.5,0.6333333333333333,298.38699999999994,2.774325337331334,0.475,0.4497751124437781,3.0
2024-08-18 03:00:00,3,18,0,2,15,1,0,5,11,0,11,0,26.466666666666665,370.0,3.0,6.67,45.0,0.632183908045977,315.282,3.665521405963685,0.45,0.7496251874062969,3.055555555555556
2024-08-18 04:00:00,4,18,0,2,16,0,0,2,11,0,11,0,27.466666666666665,430.0,3.0,6.67,45.0,0.6436781609195402,320.922,2.332866899883392,0.45,0.2998500749625187,3.111111111111111
2024-08-18 05:00:00,5,18,0,3,15,0,0,2,11,0,11,0,28.466666666666665,490.0,3.0,6.67,45.0,0.6551724137931034,326.562,2.374525237381309,0.45,0.2998500749625187,3.1666666666666665
2024-08-18 06:00:00,6,20,0,3,16,1,0,3,11,0,11,0,29.466666666666665,550.0,3.0,6.67,50.0,0.7126436781609196,336.492,2.9443028485757123,0.5,0.4497751124437781,3.1
2024-08-18 07:00:00,7,25,0,3,21,1,0,7,11,0,11,0,30.466666666666665,610.0,3.0,6.67,62.5,0.8850574712643678,352.857,5.157383808095952,0.625,1.0494752623688155,3.08
2024-08-18 08:00:00,8,23,0,3,19,1,0,7,11,0,11,0,31.466666666666665,670.0,3.0,7.88,57.49999999999999,0.8160919540229885,354.207,4.517220260428162,0.575,0.8883248730964467,3.0869565217391304
2024-08-18 09:00:00,9,24,0,3,19,2,0,8,9,1,10,1,32.46666666666667,724.5,3.0,7.88,60.0,0.8111111111111111,349.4603068017366,4.912986463620981,0.6,1.015228426395939,3.0416666666666665
2024-08-18 10:00:00,10,20,0,3,17,0,0,4,10,1,11,1,33.46666666666667,779.0,4.0,11.2,50.0,0.5431034482758621,359.9203068017366,2.7,0.5,0.3571428571428571,3.15
2024-08-18 11:00:00,11,29,1,3,24,1,0,16,10,2,12,2,34.46666666666667,615.5,4.0,11.2,72.5,0.8125,399.1336136034733,6.757758620689654,0.725,1.4285714285714286,3.1379310344827585
2024-08-18 12:00:00,12,30,1,2,26,1,0,14,7,3,10,3,26.15,126.5,4.0,11.2,75.0,0.775,328.4409204052098,6.2,0.75,1.25,3.1
2024-08-18 13:00:00,13,20,1,3,16,0,0,7,6,3,9,3,27.15,200.0,4.0,11.2,50.0,0.5241935483870968,299.2309204052098,3.65625,0.5,0.625,3.25
2024-08-18 14:00:00,14,25,0,4,21,0,0,9,9,2,11,2,28.15,150.0,4.0,11.2,62.5,0.6810344827586207,341.52761360347324,4.514285714285714,0.625,0.8035714285714286,3.16
2024-08-18 15:00:00,15,27,0,5,21,1,0,13,11,2,13,2,29.15,190.0,4.0,11.2,67.5,0.7870370370370371,378.25761360347326,5.77910052910053,0.675,1.1607142857142858,3.1481481481481484
2024-08-18 16:00:00,16,27,0,5,21,1,0,11,14,1,15,1,30.15,150.0,4.0,11.2,67.5,0.85,409.8293068017366,5.216931216931218,0.675,0.9821428571428572,3.1481481481481484
2024-08-18 17:00:00,17,31,0,5,24,2,0,7,14,1,15,1,31.15,210.0,4.0,11.2,77.5,0.96,424.0493068017366,4.3354838709677415,0.775,0.625,3.096774193548387
2024-08-18 18:00:00,18,31,0,4,23,4,0,10,13,1,14,1,32.15,247.0,4.0,11.2,77.5,0.8942307692307693,416.28930680173664,5.003571428571429,0.775,0.8928571428571429,3.0
2024-08-18 19:00:00,19,23,0,5,17,1,0,7,12,1,13,1,33.15,286.0,4.0,11.2,57.49999999999999,0.6759259259259259,391.36930680173657,3.808695652173913,0.575,0.625,3.1739130434782608
2024-08-18 20:00:00,20,26,1,5,19,1,0,10,12,1,13,1,34.15,346.0,4.0,9.96,65.0,0.7777777777777778,403.4443068017366,5.343744207599629,0.65,1.004016064257028,3.230769230769231
2024-08-18 21:00:00,21,32,1,5,25,1,0,16,14,0,14,0,35.15,358.5,4.0,9.96,80.0,0.9807692307692308,434.486,7.670481927710843,0.8,1.6064257028112447,3.1875
2024-08-18 22:00:00,22,27,1,6,17,3,0,10,12,0,12,0,36.15,418.5,3.0,6.640000000000001,67.5,1.0238095238095235,402.601,6.946965640339134,0.675,1.506024096385542,3.185185185185185
2024-08-18 23:00:00,23,33,1,6,23,3,0,13,13,0,13,0,37.15,472.0,3.0,6.640000000000001,82.5,1.2839506172839503,434.511,8.770135085797735,0.825,1.9578313253012047,3.1515151515151514
2024-08-19 00:00:00,0,25,1,6,16,2,0,4,13,0,13,0,38.15,532.0,3.0,6.640000000000001,62.5,1.0,422.991,3.976807228915663,0.625,0.6024096385542168,3.24
2024-08-19 01:00:00,1,21,1,6,12,2,0,2,13,0,13,0,39.15,592.0,3.0,6.640000000000001,52.5,0.8518518518518519,420.051,2.714672977624785,0.525,0.3012048192771084,3.2857142857142856
2024-08-19 02:00:00,2,20,1,6,12,1,0,5,12,0,12,0,40.15,658.5,3.0,6.640000000000001,50.0,0.7976190476190477,410.146,4.197590361445784,0.5,0.753012048192771,3.35
2024-08-19 03:00:00,3,20,1,6,12,1,0,3,12,0,12,0,41.15,718.5,3.0,6.640000000000001,50.0,0.7976190476190477,415.786,3.1885542168674696,0.5,0.4518072289156626,3.35
2024-08-19 04:00:00,4,22,1,6,14,1,0,3,12,0,12,0,42.15,778.5,3.0,6.640000000000001,55.00000000000001,0.8690476190476191,425.716,3.324178532311063,0.55,0.4518072289156626,3.3181818181818183
2024-08-19 05:00:00,5,27,1,6,19,1,0,6,12,0,12,0,43.15,838.5,3.0,6.640000000000001,67.5,1.0476190476190477,442.081,5.145113788487282,0.675,0.9036144578313252,3.259259259259259
2024-08-19 06:00:00,6,25,1,6,17,1,0,1,12,0,12,0,44.15,898.5,3.0,6.640000000000001,62.5,0.9761904761904762,443.431,2.5439759036144576,0.625,0.1506024096385542,3.28
2024-08-19 07:00:00,7,25,1,6,18,0,0,4,12,0,12,0,45.15,958.5,3.0,6.640000000000001,62.5,0.988095238095238,449.071,4.074999999999999,0.625,0.6024096385542168,3.32
2024-08-19 08:00:00,8,29,1,6,21,1,0,8,14,0,14,0,46.15,901.5,3.0,7.74,72.5,1.205128205128205,490.091,5.700262853069589,0.725,1.0335917312661498,3.2413793103448274
2024-08-19 09:00:00,9,34,1,8,21,4,0,6,16,0,16,0,47.15,837.0,3.0,7.74,85.0,1.5,533.256,5.162380300957592,0.85,0.7751937984496123,3.176470588235294
2024-08-19 10:00:00,10,41,1,12,25,3,0,12,19,0,19,0,48.15,808.0,4.0,11.1,102.5,1.5952380952380951,594.1109999999999,6.883289386947923,1.025,1.0810810810810811,3.268292682926829
2024-08-19 11:00:00,11,45,1,14,27,3,0,9,20,0,20,0,49.15,826.5,4.0,11.1,112.5,1.85,621.731,6.366666666666667,1.125,0.8108108108108109,3.2888888888888888
2024-08-19 12:00:00,12,46,1,13,29,3,0,9,20,0,20,0,48.98333333333333,566.0,4.0,11.1,115.0,1.875,622.9359999999999,6.393948296122209,1.15,0.8108108108108109,3.260869565217391
2024-08-19 13:00:00,13,47,1,14,27,4,1,10,21,0,21,0,49.98333333333333,285.0,4.0,11.1,117.5,1.986842105263158,644.1210000000001,6.669383745447576,1.175,0.9009009009009008,3.2127659574468086
2024-08-19 14:00:00,14,48,0,10,29,8,1,14,19,1,20,1,50.98333333333333,289.5,4.0,11.1,120.0,1.8,639.3743068017366,7.383783783783783,1.2,1.2612612612612613,3.0
2024-08-19 15:00:00,15,39,0,9,24,5,1,6,17,1,18,1,51.98333333333333,257.5,4.0,11.1,97.5,1.3522727272727273,598.9093068017366,4.624341649341649,0.975,0.5405405405405406,3.051282051282051
2024-08-19 16:00:00,16,40,0,9,27,4,0,9,15,0,15,0,52.98333333333333,333.0,4.0,11.1,100.0,1.25,565.626,5.658783783783784,1.0,0.8108108108108109,3.125
2024-08-19 17:00:00,17,43,0,11,28,4,0,11,16,0,16,0,53.98333333333333,358.0,4.0,11.1,107.5,1.4166666666666667,591.101,6.534297087785459,1.075,0.990990990990991,3.1627906976744184
2024-08-19 18:00:00,18,34,0,11,21,2,0,6,18,0,18,0,54.98333333333333,380.0,4.0,11.1,85.0,1.2613636363636365,604.236,4.539705882352941,0.85,0.5405405405405406,3.264705882352941
2024-08-19 19:00:00,19,25,0,9,15,1,0,6,13,0,13,0,27.866666666666667,406.0,4.0,11.1,62.5,0.7685185185185185,364.99300000000005,3.869594594594594,0.625,0.5405405405405406,3.32
2024-08-19 20:00:00,20,26,0,7,17,2,0,10,12,0,12,0,28.866666666666667,416.5,4.0,10.79,65.0,0.7410714285714286,359.37800000000004,5.033579881656805,0.65,0.9267840593141798,3.1923076923076925
2024-08-19 21:00:00,21,27,0,6,20,1,0,10,12,0,12,0,29.866666666666667,476.5,4.0,10.79,67.5,0.7678571428571429,367.163,5.101978855593313,0.675,0.9267840593141798,3.185185185185185
2024-08-19 22:00:00,22,23,0,7,15,1,0,6,11,0,11,0,30.866666666666667,586.0,3.0,7.43,57.49999999999999,0.8620689655172413,350.823,4.508272865586049,0.575,0.8075370121130552,3.260869565217391
2024-08-19 23:00:00,23,17,0,4,12,1,0,4,12,0,12,0,31.866666666666667,466.0,3.0,7.43,42.5,0.6428571428571429,356.993,3.060078378592352,0.425,0.5383580080753702,3.176470588235294
2024-08-20 00:00:00,0,19,0,5,13,1,0,5,12,0,12,0,32.86666666666667,526.0,3.0,7.43,47.5,0.7261904761904762,366.923,3.6855156903024726,0.475,0.6729475100942127,3.210526315789474
2024-08-20 01:00:00,1,20,0,5,14,1,0,4,12,1,13,1,33.86666666666667,505.0,3.0,7.43,50.0,0.7901234567901234,388.9763068017366,3.322745625841185,0.5,0.5383580080753702,3.2
2024-08-20 02:00:00,2,22,0,5,16,1,0,3,12,1,13,1,34.86666666666667,565.0,3.0,7.43,55.00000000000001,0.8641975308641975,398.9063068017366,3.034717973816224,0.55,0.4037685060565276,3.1818181818181817
2024-08-20 03:00:00,3,21,0,5,15,1,0,2,12,1,13,1,35.86666666666667,625.0,3.0,7.43,52.5,0.8271604938271605,402.4013068017366,2.5338092033583286,0.525,0.2691790040376851,3.1904761904761907
2024-08-20 04:00:00,4,19,0,5,12,2,0,1,12,1,13,1,36.86666666666667,685.0,3.0,7.43,47.5,0.7407407407407407,403.75130680173663,1.9250194800595029,0.475,0.1345895020188425,3.1578947368421053
2024-08-20 05:00:00,5,19,0,4,13,2,0,1,12,1,13,1,37.86666666666667,745.0,3.0,7.43,47.5,0.7283950617283951,409.3913068017366,1.892935822058511,0.475,0.1345895020188425,3.1052631578947367
2024-08-20 06:00:00,6,18,0,4,12,2,0,0,12,0,12,0,38.86666666666667,886.0,3.0,7.43,45.0,0.6666666666666666,398.61800000000005,1.4,0.45,0.0,3.111111111111111
2024-08-20 07:00:00,7,21,0,5,13,3,0,5,12,0,12,0,39.86666666666667,946.0,3.0,7.43,52.5,0.7738095238095238,410.693,3.70793276933923,0.525,0.6729475100942127,3.095238095238096
2024-08-20 08:00:00,8,21,0,5,14,2,0,2,12,0,12,0,40.86666666666667,1006.0,3.0,8.07,52.5,0.7857142857142857,416.333,2.428898920162861,0.525,0.2478314745972738,3.142857142857143
2024-08-20 09:00:00,9,29,0,4,20,5,0,9,13,0,13,0,41.86666666666667,985.0,3.0,8.07,72.5,1.0617283950617284,452.533,5.457268298936034,0.725,1.1152416356877324,2.9655172413793105
2024-08-20 10:00:00,10,32,0,4,21,6,1,9,14,0,14,0,42.86666666666667,1005.5,4.0,11.32,80.0,0.8846153846153846,478.008,4.585777385159011,0.8,0.7950530035335689,2.875
2024-08-20 11:00:00,11,34,0,4,23,7,0,5,17,0,17,0,43.86666666666667,976.0,4.0,11.32,85.0,1.076086956521739,528.138,3.7611151527748894,0.85,0.4416961130742049,2.911764705882353
2024-08-20 12:00:00,12,37,0,6,21,10,0,9,15,1,16,1,44.86666666666667,934.5,4.0,11.32,92.5,1.1145833333333333,527.6813068017366,4.974207334543024,0.925,0.7950530035335689,2.891891891891892
2024-08-20 13:00:00,13,36,0,6,22,8,0,7,16,1,17,1,45.86666666666667,270.0,4.0,11.32,90.0,1.1521739130434785,544.5763068017366,4.470769532783667,0.9,0.6183745583038869,2.9444444444444446
2024-08-20 14:00:00,14,35,1,5,22,6,1,6,15,1,16,1,46.86666666666667,289.5,4.0,11.32,87.5,1.0833333333333333,534.6713068017366,4.174962140333165,0.875,0.5300353356890459,2.9714285714285715
2024-08-20 15:00:00,15,30,1,5,18,4,2,7,12,1,13,1,47.86666666666667,280.0,4.0,11.32,75.0,0.8240740740740741,489.38630680173657,4.059511189634865,0.75,0.6183745583038869,2.966666666666667
2024-08-20 16:00:00,16,25,1,3,16,4,1,5,8,1,9,1,48.86666666666667,254.0,4.0,11.32,62.5,0.5967741935483871,430.7013068017366,3.1574204946996467,0.625,0.4416961130742049,2.96
2024-08-20 17:00:00,17,29,1,3,21,3,1,9,10,1,11,1,49.86666666666667,223.0,4.0,11.32,72.5,0.75,471.7213068017366,4.560159010600707,0.725,0.7950530035335689,3.0
2024-08-20 18:00:00,18,28,1,3,21,3,0,5,11,2,13,2,50.86666666666667,215.0,4.0,11.32,70.0,0.7962962962962963,502.8846136034732,3.506638061585058,0.7,0.4416961130742049,3.071428571428572
2024-08-20 19:00:00,19,30,1,2,24,3,0,7,11,1,12,1,51.86666666666667,258.0,4.0,11.32,75.0,0.8125,498.5463068017366,4.1507361601884565,0.75,0.6183745583038869,3.033333333333333
2024-08-20 20:00:00,20,32,1,4,25,2,0,8,11,1,12,1,52.86666666666667,318.0,4.0,10.99,80.0,0.8928571428571429,508.4763068017367,4.774795268425842,0.8,0.7279344858962693,3.125
2024-08-20 21:00:00,21,34,2,3,26,3,0,7,12,1,13,1,53.86666666666667,361.0,4.0,10.99,85.0,0.9814814814814816,531.8063068017366,4.635762457849381,0.85,0.6369426751592356,3.117647058823529
2024-08-20 22:00:00,22,33,2,1,25,5,0,8,14,2,16,2,54.86666666666667,308.0,3.0,7.74,82.5,1.375,576.3696136034732,5.575775193798449,0.825,1.0335917312661498,3.0
2024-08-20 23:00:00,23,28,2,1,24,1,0,4,15,2,17,2,55.86666666666667,334.0,3.0,7.74,70.0,1.2753623188405796,584.6846136034732,3.824215577703949,0.7,0.5167958656330749,3.142857142857143
2024-08-21 00:00:00,0,30,2,1,24,3,0,8,16,1,17,1,56.86666666666667,394.0,3.0,7.74,75.0,1.3333333333333333,593.7463068017366,5.469681309216193,0.75,1.0335917312661498,3.066666666666667
2024-08-21 01:00:00,1,31,2,1,26,2,0,7,16,1,17,1,57.86666666666667,454.0,3.0,7.74,77.5,1.391304347826087,601.5313068017366,5.20070017504376,0.775,0.9043927648578812,3.096774193548387
2024-08-21 02:00:00,2,28,1,2,24,1,0,4,16,1,17,1,58.86666666666667,514.0,3.0,7.74,70.0,1.2608695652173914,600.7363068017366,3.780758582502768,0.7,0.5167958656330749,3.107142857142857
2024-08-21 03:00:00,3,26,1,2,22,1,0,1,16,1,17,1,59.86666666666667,574.0,3.0,7.74,65.0,1.173913043478261,602.0863068017366,2.4275044722719143,0.65,0.1291989664082687,3.1153846153846154
2024-08-21 04:00:00,4,26,1,2,21,2,0,2,15,1,16,1,60.86666666666667,668.0,3.0,7.74,65.0,1.1111111111111112,594.3263068017366,2.7950705625124237,0.65,0.2583979328165374,3.076923076923077
2024-08-21 05:00:00,5,29,1,4,22,2,0,4,16,1,17,1,61.86666666666667,694.0,3.0,7.74,72.5,1.318840579710145,619.8013068017367,3.896669785262407,0.725,0.5167958656330749,3.1379310344827585
2024-08-21 06:00:00,6,28,1,5,21,1,0,1,17,1,18,1,62.86666666666667,712.5,3.0,7.74,70.0,1.3636363636363635,636.6963068017367,2.665282392026578,0.7,0.1291989664082687,3.2142857142857144
2024-08-21 07:00:00,7,27,1,4,21,1,0,2,17,1,18,1,63.86666666666667,772.5,3.0,7.74,67.5,1.303030303030303,640.1913068017366,2.973045267489712,0.675,0.2583979328165374,3.185185185185185
2024-08-21 08:00:00,8,25,1,3,20,1,0,1,17,1,18,1,64.86666666666666,832.5,3.0,6.63,62.5,1.196969696969697,641.5413068017366,2.451621417797889,0.625,0.1508295625942684,3.16
2024-08-21 09:00:00,9,31,0,4,26,1,0,8,18,1,19,1,65.86666666666666,778.0,3.0,6.63,77.5,1.5238095238095235,673.4513068017366,6.136680776528974,0.775,1.2066365007541475,3.096774193548387
2024-08-21 10:00:00,10,35,0,2,30,3,0,10,19,1,20,1,66.86666666666666,739.0,4.0,9.67,87.5,1.3,701.0713068017366,5.672832028364604,0.875,1.034126163391934,2.9714285714285715
2024-08-21 11:00:00,11,37,0,1,29,7,0,11,16,1,17,1,37.66666666666666,597.0,4.0,9.67,92.5,1.141304347826087,500.4733068017366,5.853150591128874,0.925,1.1375387797311272,2.8378378378378377
2024-08-21 12:00:00,12,38,1,1,32,4,0,10,18,1,19,1,38.66666666666666,140.0,4.0,9.67,95.0,1.3452380952380951,535.0583068017365,5.900164643770751,0.95,1.034126163391934,2.973684210526316
2024-08-21 13:00:00,13,31,1,0,28,2,0,1,17,1,18,1,20.7,177.0,4.0,9.67,77.5,1.056818181818182,405.31130680173663,2.6352378490175803,0.775,0.1034126163391933,3.0
2024-08-21 14:00:00,14,27,1,0,23,3,0,7,13,1,14,1,12.95,196.0,4.0,9.67,67.5,0.7692307692307693,299.4213068017366,4.144854264812899,0.675,0.7238883143743536,2.962962962962963
2024-08-21 15:00:00,15,24,1,1,19,3,0,6,13,1,14,1,8.0,211.5,4.0,9.67,60.0,0.6923076923076923,265.0683068017366,3.661427094105481,0.6,0.6204756980351603,3.0
2024-08-21 16:00:00,16,26,2,1,20,3,0,5,15,2,17,2,9.0,259.0,4.0,9.67,65.0,0.8695652173913043,316.06661360347323,3.5909633282952838,0.65,0.5170630816959669,3.076923076923077
2024-08-21 17:00:00,17,25,2,2,20,1,0,6,15,2,17,2,10.0,319.0,4.0,9.67,62.5,0.8695652173913043,319.56161360347323,3.985522233712513,0.625,0.6204756980351603,3.2
2024-08-21 18:00:00,18,24,2,2,19,1,0,4,15,2,17,2,8.55,275.0,4.0,9.67,60.0,0.8369565217391305,309.2386136034732,3.2521285763529817,0.6,0.4136504653567735,3.208333333333333
2024-08-21 19:00:00,19,21,2,2,17,0,0,3,12,2,14,2,9.55,314.5,4.0,9.67,52.5,0.6634615384615384,268.24361360347325,2.744352932486335,0.525,0.3102378490175801,3.2857142857142856
2024-08-21 20:00:00,20,25,1,6,18,0,0,9,12,1,13,1,10.55,354.0,4.0,9.72,62.5,0.7685185185185185,268.19530680173665,5.149074074074075,0.625,0.925925925925926,3.32
2024-08-21 21:00:00,21,27,1,5,21,0,0,9,15,1,16,1,11.55,292.0,4.0,9.72,67.5,0.9166666666666666,318.32530680173664,5.217832647462277,0.675,0.925925925925926,3.259259259259259
2024-08-21 22:00:00,22,29,1,5,23,0,0,4,16,0,16,0,12.55,352.0,3.0,6.68,72.5,1.3055555555555556,327.387,4.290945694817261,0.725,0.5988023952095809,3.2413793103448274
2024-08-21 23:00:00,23,25,1,2,21,1,0,6,17,0,17,0,13.55,367.0,3.0,6.68,62.5,1.1304347826086956,337.847,4.752395209580839,0.625,0.8982035928143713,3.12
2024-08-22 00:00:00,0,26,1,2,23,0,0,7,17,0,17,0,14.55,427.0,3.0,6.68,65.0,1.1884057971014492,345.632,5.354928604329802,0.65,1.0479041916167666,3.1538461538461537
2024-08-22 01:00:00,1,24,1,2,21,0,0,2,18,0,18,0,15.55,457.0,3.0,6.68,60.0,1.1515151515151516,360.382,2.848103792415169,0.6,0.2994011976047904,3.1666666666666665
2024-08-22 02:00:00,2,22,1,3,18,0,0,3,19,0,19,0,16.55,487.0,3.0,6.68,55.00000000000001,1.126984126984127,375.132,3.2243739793140995,0.55,0.4491017964071856,3.227272727272727
2024-08-22 03:00:00,3,22,1,3,18,0,0,1,20,0,20,0,17.55,525.5,3.0,6.68,55.00000000000001,1.1833333333333331,394.172,2.2581246597713664,0.55,0.1497005988023952,3.227272727272727
2024-08-22 04:00:00,4,22,1,3,18,0,0,1,20,0,20,0,18.55,585.5,3.0,6.68,55.00000000000001,1.1833333333333331,399.812,2.2581246597713664,0.55,0.1497005988023952,3.227272727272727
2024-08-22 05:00:00,5,21,1,2,18,0,0,0,20,0,20,0,19.55,645.5,3.0,6.68,52.5,1.1166666666666667,403.307,1.6750000000000005,0.525,0.0,3.1904761904761907
2024-08-22 06:00:00,6,21,1,2,18,0,0,1,20,0,20,0,20.55,705.5,3.0,6.68,52.5,1.1166666666666667,408.947,2.152616196179071,0.525,0.1497005988023952,3.1904761904761907
2024-08-22 07:00:00,7,21,1,2,18,0,0,1,21,0,21,0,21.55,744.0,3.0,6.68,52.5,1.1754385964912282,427.9870000000001,2.152616196179071,0.525,0.1497005988023952,3.1904761904761907
2024-08-22 08:00:00,8,24,1,2,21,0,0,4,21,0,21,0,22.55,804.0,3.0,7.13,60.0,1.3333333333333333,440.06200000000007,3.676531089294063,0.6,0.5610098176718092,3.1666666666666665
2024-08-22 09:00:00,9,28,1,2,24,1,0,8,20,0,20,0,23.55,839.0,3.0,7.13,70.0,1.45,440.882,5.661275295531957,0.7,1.1220196353436185,3.107142857142857
2024-08-22 10:00:00,10,34,1,2,30,1,0,10,24,1,25,1,24.55,742.0,4.0,10.17,85.0,1.75,527.2603068017365,5.661612875238592,0.85,0.9832841691248771,3.088235294117647
2024-08-22 11:00:00,11,33,0,3,27,3,0,8,21,1,22,1,25.55,712.5,4.0,10.17,82.5,1.375,490.5553068017366,4.834882005899704,0.825,0.7866273352999017,3.0
2024-08-22 12:00:00,12,32,0,4,25,3,0,11,16,1,17,1,21.6,596.0,4.0,10.17,80.0,1.0543478260869563,399.1323068017367,5.703638151425762,0.8,1.0816125860373649,3.03125
2024-08-22 13:00:00,13,30,0,4,22,4,0,6,15,1,16,1,22.6,264.0,4.0,10.17,75.0,0.9375,387.0823068017366,4.019911504424778,0.75,0.5899705014749262,3.0
2024-08-22 14:00:00,14,33,0,3,27,3,0,7,17,1,18,1,23.6,292.0,4.0,10.17,82.5,1.125,425.9573068017367,4.539896755162242,0.825,0.688298918387414,3.0
2024-08-22 15:00:00,15,33,1,2,27,3,0,6,16,2,18,2,24.6,345.5,4.0,10.17,82.5,1.1363636363636365,432.4656136034732,4.287789398408868,0.825,0.5899705014749262,3.0303030303030303
2024-08-22 16:00:00,16,31,1,3,25,2,0,5,15,3,18,3,25.6,399.0,4.0,10.17,77.5,1.0909090909090908,434.68392040520985,3.922504519935294,0.775,0.4916420845624386,3.096774193548387
2024-08-22 17:00:00,17,35,1,2,28,4,0,6,17,2,19,2,26.6,455.0,4.0,10.17,87.5,1.25,461.43561360347326,4.394911504424778,0.875,0.5899705014749262,3.0
2024-08-22 18:00:00,18,34,1,1,29,3,0,7,16,1,17,1,27.6,515.0,4.0,10.17,85.0,1.108695652173913,437.2623068017366,4.614896755162242,0.85,0.688298918387414,3.0
2024-08-22 19:00:00,19,32,1,0,28,3,0,8,14,1,15,1,28.6,363.0,4.0,10.17,80.0,0.95,411.81230680173655,4.710299901671583,0.8,0.7866273352999017,2.96875
2024-08-22 20:00:00,20,26,0,1,23,2,0,4,14,0,14,0,29.6,529.0,4.0,9.68,65.0,0.7403846153846154,390.314,3.148776223776224,0.65,0.4132231404958678,2.9615384615384617
2024-08-22 21:00:00,21,39,2,5,30,2,0,18,17,1,18,1,30.6,428.0,4.0,9.68,97.5,1.4090909090909092,478.3073068017366,9.012269548633183,0.975,1.859504132231405,3.1794871794871797
2024-08-22 22:00:00,22,39,2,4,29,3,1,10,20,1,21,1,31.6,405.0,3.0,6.64,97.5,2.1052631578947367,524.1473068017367,7.6339202965709,0.975,1.5060240963855422,3.076923076923077
2024-08-22 23:00:00,23,39,2,3,32,2,0,9,21,1,22,1,32.6,235.5,3.0,6.64,97.5,2.259259259259259,543.1873068017367,7.290037071362373,0.975,1.355421686746988,3.128205128205128
2024-08-23 00:00:00,0,41,2,4,35,0,0,9,21,1,22,1,33.6,295.5,3.0,6.64,102.5,2.425925925925926,553.1173068017366,7.605737584484278,1.025,1.355421686746988,3.1951219512195124
2024-08-23 01:00:00,1,33,2,3,28,0,0,3,21,1,22,1,34.6,355.5,3.0,6.64,82.5,1.962962962962963,541.5973068017366,4.101259583789704,0.825,0.4518072289156626,3.212121212121212
2024-08-23 02:00:00,2,30,2,4,24,0,0,3,21,1,22,1,35.6,415.5,3.0,6.64,75.0,1.8148148148148149,540.8023068017367,3.925903614457832,0.75,0.4518072289156626,3.2666666666666666
2024-08-23 03:00:00,3,30,2,4,23,1,0,1,21,1,22,1,36.6,475.5,3.0,6.64,75.0,1.7962962962962965,546.4423068017367,2.9119477911646587,0.75,0.1506024096385542,3.2333333333333334
2024-08-23 04:00:00,4,28,2,3,23,0,0,2,21,1,22,1,37.6,535.5,3.0,6.64,70.0,1.6851851851851851,547.7923068017366,3.253915662650602,0.7,0.3012048192771084,3.25
2024-08-23 05:00:00,5,29,2,3,24,0,0,2,22,1,23,1,38.6,541.0,3.0,6.64,72.5,1.843137254901961,568.9773068017366,3.3263190693809723,0.725,0.3012048192771084,3.2413793103448274
2024-08-23 06:00:00,6,32,2,3,27,0,0,4,23,1,24,1,39.6,600.0,3.0,6.64,80.0,2.145833333333333,594.4523068017365,4.514006024096386,0.8,0.6024096385542169,3.21875
2024-08-23 07:00:00,7,32,2,3,27,0,0,4,24,1,25,1,40.6,659.0,3.0,6.64,80.0,2.2888888888888888,613.4923068017366,4.514006024096386,0.8,0.6024096385542169,3.21875
2024-08-23 08:00:00,8,34,2,3,29,0,0,2,26,1,27,1,41.6,713.0,3.0,6.35,85.0,2.7948717948717947,650.2223068017366,3.734726725335804,0.85,0.3149606299212598,3.2058823529411766
2024-08-23 09:00:00,9,33,2,3,28,0,0,0,26,1,27,1,42.6,773.0,3.0,6.35,82.5,2.717948717948718,653.7173068017366,2.65,0.825,0.0,3.212121212121212
2024-08-23 10:00:00,10,36,2,4,30,0,0,10,27,1,28,1,43.6,770.0,4.0,9.6,90.0,2.4166666666666665,679.1923068017365,6.256481481481482,0.9,1.0416666666666667,3.2222222222222223
2024-08-23 11:00:00,11,38,2,5,31,0,0,7,29,1,30,1,44.6,776.0,4.0,9.6,95.0,3.075,715.9223068017366,5.435197368421053,0.95,0.7291666666666667,3.236842105263158
2024-08-23 12:00:00,12,38,2,7,29,0,0,8,28,0,28,0,45.6,592.5,4.0,9.6,95.0,2.6041666666666665,693.894,5.8662280701754375,0.95,0.8333333333333334,3.289473684210526
2024-08-23 13:00:00,13,35,1,6,28,0,0,5,26,0,26,0,46.6,332.0,4.0,9.6,87.5,2.017857142857143,666.299,4.50654761904762,0.875,0.5208333333333334,3.2285714285714286
2024-08-23 14:00:00,14,36,3,5,28,0,0,9,23,0,23,0,47.6,292.0,4.0,9.6,90.0,1.75,633.884,6.073958333333333,0.9,0.9375,3.305555555555556
2024-08-23 15:00:00,15,30,2,4,23,1,0,6,17,1,18,1,48.6,324.0,4.0,9.6,75.0,1.1022727272727273,560.5223068017366,4.445833333333334,0.75,0.625,3.2333333333333334
2024-08-23 16:00:00,16,23,1,3,19,0,0,2,14,0,14,0,49.6,357.0,4.0,9.6,57.49999999999999,0.7115384615384616,496.679,2.520289855072464,0.575,0.2083333333333333,3.217391304347826
2024-08-23 17:00:00,17,29,1,5,23,0,0,8,15,1,16,1,50.6,354.0,4.0,9.6,72.5,0.9791666666666666,542.8573068017366,5.051149425287356,0.725,0.8333333333333334,3.2413793103448274
2024-08-23 18:00:00,18,30,2,5,23,0,0,6,16,2,18,2,51.6,279.5,4.0,9.6,75.0,1.125,578.3106136034733,4.5375,0.75,0.625,3.3
2024-08-23 19:00:00,19,24,1,4,19,0,0,3,12,1,13,1,52.6,258.0,4.0,9.6,60.0,0.7222222222222222,503.21230680173664,2.965625,0.6,0.3125,3.25
2024-08-23 20:00:00,20,29,1,4,23,1,0,9,11,1,12,1,53.6,223.5,4.0,10.07,72.5,0.8214285714285714,506.17730680173656,5.135325137828305,0.725,0.8937437934458788,3.1724137931034484
2024-08-23 21:00:00,21,27,1,3,23,0,0,8,9,0,9,0,54.6,268.0,4.0,10.07,67.5,0.6935483870967742,466.45900000000006,4.68043510243113,0.675,0.7944389275074478,3.185185185185185
2024-08-23 22:00:00,22,20,0,3,17,0,0,6,7,1,8,1,55.6,316.0,3.0,6.82,50.0,0.65625,444.5523068017366,4.346260997067449,0.5,0.8797653958944281,3.15
2024-08-23 23:00:00,23,21,1,3,17,0,0,7,7,1,8,1,56.6,376.0,3.0,6.82,52.5,0.7083333333333334,452.33730680173664,5.02355816226784,0.525,1.0263929618768328,3.238095238095238
2024-08-24 00:00:00,0,20,1,3,16,0,0,5,8,1,9,1,57.6,424.0,3.0,6.82,50.0,0.6989247311827957,469.2323068017366,4.007697947214076,0.5,0.7331378299120235,3.25
2024-08-24 01:00:00,1,19,1,4,14,0,0,5,10,1,11,1,58.6,477.0,3.0,6.82,47.5,0.7241379310344828,499.5273068017366,4.005930699181972,0.475,0.7331378299120235,3.3157894736842106
2024-08-24 02:00:00,2,17,0,3,14,0,0,4,11,0,11,0,59.6,537.0,3.0,6.82,42.5,0.6206896551724138,500.009,3.2130326030705536,0.425,0.5865102639296187,3.176470588235294
2024-08-24 03:00:00,3,19,0,3,16,0,0,5,10,0,10,0,60.6,600.5,3.0,6.82,47.5,0.6666666666666666,496.539,3.815172094459021,0.475,0.7331378299120235,3.1578947368421053
2024-08-24 04:00:00,4,15,0,3,12,0,0,3,10,0,10,0,61.6,660.5,3.0,6.82,37.5,0.5333333333333333,493.59899999999993,2.6076246334310853,0.375,0.4398826979472141,3.2
2024-08-24 05:00:00,5,17,0,4,13,0,0,4,10,0,10,0,62.6,720.5,3.0,6.82,42.5,0.6111111111111112,503.529,3.2725332068311195,0.425,0.5865102639296187,3.235294117647059
2024-08-24 06:00:00,6,18,0,4,14,0,0,2,10,0,10,0,63.6,780.5,3.0,6.82,45.0,0.6444444444444445,511.3140000000001,2.394933202997719,0.45,0.2932551319648093,3.2222222222222223
2024-08-24 07:00:00,7,18,0,3,15,0,0,2,10,0,10,0,64.6,840.5,3.0,6.82,45.0,0.6333333333333333,516.954,2.353641251221896,0.45,0.2932551319648093,3.1666666666666665
2024-08-24 08:00:00,8,19,0,4,15,0,0,3,10,1,11,1,65.6,897.0,3.0,6.359999999999999,47.5,0.7011494252873564,539.0073068017366,3.039399205561073,0.475,0.4716981132075472,3.210526315789474
2024-08-24 09:00:00,9,19,0,6,12,1,0,4,10,1,11,1,63.11666666666667,567.0,3.0,6.359999999999999,47.5,0.7126436781609196,525.0013068017366,3.602300562727573,0.475,0.628930817610063,3.263157894736842
2024-08-24 10:00:00,10,23,0,8,14,1,0,7,10,1,11,1,64.11666666666666,599.0,4.0,10.23,57.49999999999999,0.6551724137931034,539.2213068017365,4.161039568192443,0.575,0.6842619745845552,3.3043478260869565
2024-08-24 11:00:00,11,34,1,10,23,0,0,16,12,1,13,1,65.11666666666666,137.0,4.0,10.23,85.0,1.0555555555555556,595.2563068017365,8.094091771606003,0.85,1.564027370478983,3.3529411764705883
2024-08-24 12:00:00,12,35,1,9,24,1,0,13,10,1,11,1,20.1,121.0,4.0,10.23,87.5,0.9913793103448276,316.70730680173665,7.050394497975142,0.875,1.270772238514174,3.2857142857142856
2024-08-24 13:00:00,13,29,2,6,20,1,0,6,11,2,13,2,20.066666666666663,148.0,4.0,10.23,72.5,0.8888888888888888,331.3176136034732,4.341551218525635,0.725,0.5865102639296187,3.310344827586207
2024-08-24 14:00:00,14,23,1,4,18,0,0,12,8,1,9,1,12.85,72.0,4.0,10.23,57.49999999999999,0.6048387096774194,223.2773068017366,5.7000669386714256,0.575,1.1730205278592374,3.260869565217391
2024-08-24 15:00:00,15,20,1,5,13,1,0,6,7,1,8,1,13.85,129.0,4.0,10.23,50.0,0.515625,209.0823068017366,3.585483870967741,0.5,0.5865102639296187,3.3
2024-08-24 16:00:00,16,23,1,5,16,1,0,11,11,1,12,1,14.85,55.5,4.0,10.23,57.49999999999999,0.6696428571428571,274.7573068017366,5.381311360448807,0.575,1.075268817204301,3.260869565217391
2024-08-24 17:00:00,17,25,0,6,18,1,0,11,11,0,11,0,15.85,113.0,4.0,10.23,62.5,0.6896551724137931,270.419,5.440860215053764,0.625,1.075268817204301,3.2
2024-08-24 18:00:00,18,30,0,6,22,2,0,8,11,0,11,0,16.85,173.0,4.0,10.23,75.0,0.8103448275862069,286.784,4.8003095470837405,0.75,0.7820136852394917,3.1333333333333333
2024-08-24 19:00:00,19,25,0,6,18,1,0,8,9,0,9,0,17.85,196.0,4.0,10.23,62.5,0.6451612903225806,254.899,4.502443792766374,0.625,0.7820136852394917,3.2
2024-08-24 20:00:00,20,29,0,5,22,2,0,15,7,0,7,0,18.85,118.0,4.0,11.14,72.5,0.6818181818181818,242.319,6.428790317588064,0.725,1.3464991023339317,3.103448275862069
2024-08-24 21:00:00,21,37,0,8,28,1,0,15,9,2,11,2,19.85,112.0,4.0,11.14,92.5,1.0172413793103448,320.45561360347324,7.244240380416323,0.925,1.3464991023339317,3.189189189189189
2024-08-24 22:00:00,22,34,1,8,24,1,0,10,8,2,10,2,20.85,168.5,3.0,7.27,85.0,1.2333333333333334,306.26061360347325,7.265654583704183,0.85,1.375515818431912,3.264705882352941
2024-08-24 23:00:00,23,32,1,8,22,1,0,3,8,2,10,2,21.85,228.5,3.0,7.27,80.0,1.1666666666666667,307.6106136034732,3.9790233837689137,0.8,0.4126547455295736,3.28125
2024-08-25 00:00:00,0,26,1,7,17,1,0,9,9,1,10,1,22.85,288.5,3.0,7.27,65.0,0.9555555555555556,299.5123068017366,6.244804782562691,0.65,1.237964236588721,3.3076923076923075
2024-08-25 01:00:00,1,27,1,6,14,6,0,8,9,1,10,1,23.85,348.5,3.0,7.27,67.5,0.9222222222222224,307.2973068017366,5.457750012736258,0.675,1.1004126547455295,3.074074074074074
2024-08-25 02:00:00,2,22,1,5,13,3,0,10,11,0,11,0,24.85,405.0,3.0,7.27,55.00000000000001,0.8045977011494253,314.744,6.126641240465174,0.55,1.375515818431912,3.1818181818181817
2024-08-25 03:00:00,3,23,1,5,16,1,0,4,11,0,11,0,25.85,465.0,3.0,7.27,57.49999999999999,0.8620689655172413,322.529,3.669151067519885,0.575,0.5502063273727649,3.260869565217391
2024-08-25 04:00:00,4,23,2,5,15,1,0,3,11,1,12,1,26.85,483.5,3.0,7.27,57.49999999999999,0.9166666666666666,342.4373068017366,3.306496321990312,0.575,0.4126547455295736,3.347826086956522
2024-08-25 05:00:00,5,21,1,5,14,1,0,5,13,0,13,0,27.85,502.0,3.0,7.27,52.5,0.8518518518518519,356.319,3.984775987423856,0.525,0.687757909215956,3.2857142857142856
2024-08-25 06:00:00,6,22,1,6,14,1,0,3,13,0,13,0,28.85,562.0,3.0,7.27,55.00000000000001,0.9012345679012346,364.104,3.1942634738026765,0.55,0.4126547455295736,3.3181818181818183
2024-08-25 07:00:00,7,26,1,5,19,1,0,8,14,0,14,0,29.85,593.5,3.0,7.27,65.0,1.0769230769230769,391.724,5.655179346100942,0.65,1.1004126547455295,3.230769230769231
2024-08-25 08:00:00,8,27,1,4,21,1,0,7,14,0,14,0,30.85,653.5,3.0,7.16,67.5,1.1025641025641026,399.509,5.264007862611215,0.675,0.9776536312849162,3.185185185185185
2024-08-25 09:00:00,9,30,2,5,22,1,0,8,16,0,16,0,31.85,619.5,3.0,7.16,75.0,1.3611111111111112,438.384,6.099906890130353,0.75,1.11731843575419,3.2666666666666666
2024-08-25 10:00:00,10,33,2,5,26,0,0,14,16,0,16,0,32.85,439.5,4.0,10.41,82.5,1.125,450.459,7.101362326434373,0.825,1.344860710854947,3.272727272727273
2024-08-25 11:00:00,11,41,2,7,31,1,0,13,19,0,19,0,19.633333333333333,142.0,4.0,10.41,102.5,1.5833333333333333,433.27699999999993,7.375982872941121,1.025,1.2487992315081653,3.2439024390243905
2024-08-25 12:00:00,12,43,2,7,34,0,0,14,20,0,20,0,20.633333333333333,170.5,4.0,10.41,107.5,1.75,456.607,7.878616267899829,1.075,1.344860710854947,3.255813953488372
2024-08-25 13:00:00,13,35,2,5,26,2,0,9,16,0,16,0,17.866666666666667,230.5,4.0,10.41,87.5,1.1666666666666667,370.24300000000005,5.56657060518732,0.875,0.8645533141210374,3.2
2024-08-25 14:00:00,14,37,2,6,26,3,0,14,15,1,16,1,18.866666666666667,248.5,4.0,10.41,92.5,1.2291666666666667,381.0413068017366,7.2390152400238845,0.925,1.344860710854947,3.189189189189189
2024-08-25 15:00:00,15,34,1,5,26,2,0,11,11,1,12,1,19.866666666666667,281.0,4.0,10.41,85.0,0.9553571428571428,326.6463068017366,6.000422387975362,0.85,1.0566762728146013,3.147058823529412
2024-08-25 16:00:00,16,27,1,4,20,2,0,8,11,0,11,0,19.366666666666667,326.0,4.0,10.41,67.5,0.7327586206896551,294.543,4.544326146511546,0.675,0.7684918347742555,3.1481481481481484
2024-08-25 17:00:00,17,28,1,4,23,0,0,7,12,0,12,0,20.366666666666667,379.0,4.0,10.41,70.0,0.8035714285714286,315.728,4.411383285302594,0.7,0.6724303554274735,3.2142857142857144
2024-08-25 18:00:00,18,33,1,4,28,0,0,11,14,0,14,0,21.366666666666667,425.0,4.0,10.41,82.5,1.0096153846153846,358.893,5.987151777137368,0.825,1.0566762728146013,3.1818181818181817
2024-08-25 19:00:00,19,20,1,3,16,0,0,4,11,0,11,0,21.416666666666668,478.0,4.0,10.41,50.0,0.5603448275862069,291.09000000000003,2.873799231508165,0.5,0.3842459173871277,3.25
2024-08-25 20:00:00,20,24,1,3,18,2,0,10,11,0,11,0,22.416666666666668,538.0,4.0,11.13,60.0,0.646551724137931,305.31,4.682726864330637,0.6,0.898472596585804,3.125
2024-08-25 21:00:00,21,22,1,1,15,5,0,9,10,0,10,0,23.416666666666668,605.0,4.0,11.13,55.00000000000001,0.5333333333333333,293.26,3.9523646165155606,0.55,0.8086253369272237,2.909090909090909
2024-08-25 22:00:00,22,21,1,1,17,2,0,7,10,0,10,0,24.416666666666668,665.0,3.0,7.880000000000001,52.5,0.7111111111111111,296.755,4.307275803722503,0.525,0.8883248730964466,3.0476190476190474
2024-08-25 23:00:00,23,19,1,2,16,0,0,6,10,0,10,0,25.416666666666668,725.0,3.0,7.880000000000001,47.5,0.6777777777777778,298.105,3.969563184611274,0.475,0.7614213197969543,3.210526315789474
2024-08-26 00:00:00,0,20,1,3,15,1,0,6,10,0,10,0,26.416666666666668,785.0,3.0,7.880000000000001,50.0,0.7111111111111111,305.89,4.036548223350254,0.5,0.7614213197969543,3.2
2024-08-26 01:00:00,1,24,1,2,17,4,0,9,10,0,10,0,27.416666666666668,845.0,3.0,7.880000000000001,60.0,0.8,320.11,5.226395939086295,0.6,1.1421319796954317,3.0
2024-08-26 02:00:00,2,21,1,3,16,1,0,4,11,0,11,0,28.416666666666668,898.0,3.0,7.880000000000001,52.5,0.7701149425287356,332.71500000000003,3.294531061155427,0.525,0.5076142131979695,3.1904761904761907
2024-08-26 03:00:00,3,18,1,2,14,1,0,2,11,0,11,0,29.416666666666668,958.0,3.0,7.880000000000001,45.0,0.6551724137931034,331.92,2.2287225042301184,0.45,0.2538071065989847,3.1666666666666665
2024-08-26 04:00:00,4,18,1,2,14,1,0,2,11,0,11,0,30.416666666666668,1018.0,3.0,7.880000000000001,45.0,0.6551724137931034,337.55999999999995,2.2287225042301184,0.45,0.2538071065989847,3.1666666666666665
2024-08-26 05:00:00,5,19,1,2,15,1,0,2,11,0,11,0,31.416666666666668,1078.0,3.0,7.880000000000001,47.5,0.6896551724137931,345.345,2.301496126102057,0.475,0.2538071065989847,3.1578947368421053
2024-08-26 06:00:00,6,19,1,2,14,2,0,3,11,0,11,0,32.416666666666664,1138.0,3.0,7.880000000000001,47.5,0.6781609195402298,350.985,2.6572067860005344,0.475,0.3807106598984771,3.1052631578947367
2024-08-26 07:00:00,7,16,1,2,12,1,0,1,11,0,11,0,33.416666666666664,1198.0,3.0,7.880000000000001,40.0,0.5862068965517241,350.18999999999994,1.679505076142132,0.4,0.1269035532994923,3.1875
2024-08-26 08:00:00,8,18,1,3,13,1,0,3,13,0,13,0,34.416666666666664,995.0,3.0,8.120000000000001,45.0,0.7160493827160493,386.92,2.6404761904761904,0.45,0.3694581280788176,3.2222222222222223
2024-08-26 09:00:00,9,20,1,5,13,1,0,4,13,1,14,1,35.416666666666664,966.5,3.0,8.120000000000001,50.0,0.8461538461538461,411.1183068017366,3.275615763546797,0.5,0.4926108374384236,3.3
2024-08-26 10:00:00,10,26,1,6,19,0,0,10,13,3,16,3,36.41666666666666,702.0,4.0,11.37,65.0,0.8958333333333334,458.1649204052098,5.059140112306339,0.65,0.8795074758135444,3.3076923076923075
2024-08-26 11:00:00,11,27,1,7,19,0,0,8,13,3,16,3,37.41666666666666,189.0,4.0,11.37,67.5,0.9375,465.9499204052098,4.595353268836119,0.675,0.7036059806508355,3.333333333333333
2024-08-26 12:00:00,12,25,1,5,19,0,0,6,13,2,15,2,38.41666666666666,214.0,4.0,11.37,62.5,0.82,453.03161360347326,3.780870712401055,0.625,0.5277044854881267,3.28
2024-08-26 13:00:00,13,27,2,4,20,1,0,8,11,3,14,3,39.41666666666666,201.0,4.0,11.37,67.5,0.8461538461538461,450.4299204052098,4.493234307306427,0.675,0.7036059806508355,3.259259259259259
2024-08-26 14:00:00,14,17,1,2,14,0,0,2,6,3,9,3,20.316666666666663,204.0,4.0,11.37,42.5,0.4435483870967742,254.25592040520985,1.9440930725852343,0.425,0.1759014951627088,3.235294117647059
2024-08-26 15:00:00,15,16,0,2,13,1,0,10,7,1,8,1,5.183333333333334,181.5,4.0,11.37,40.0,0.3828125,151.62230680173664,3.91849164467898,0.4,0.8795074758135444,3.0625
2024-08-26 16:00:00,16,17,0,3,12,2,0,6,6,1,7,1,6.183333333333334,193.0,4.0,11.37,42.5,0.3939393939393939,146.0073068017366,2.91415489678721,0.425,0.5277044854881267,3.0588235294117645
2024-08-26 17:00:00,17,13,0,3,9,1,0,3,5,1,6,1,7.183333333333334,213.0,4.0,11.37,32.5,0.3014705882352941,129.66730680173663,1.8571493809620456,0.325,0.2638522427440633,3.1538461538461537
2024-08-26 18:00:00,18,18,0,3,13,2,0,8,5,1,6,1,8.183333333333334,255.5,4.0,11.37,45.0,0.4044117647058823,146.0323068017366,3.524907163099775,0.45,0.7036059806508355,3.055555555555556
2024-08-26 19:00:00,19,22,0,5,15,2,0,8,5,1,6,1,9.183333333333334,315.5,4.0,11.37,55.00000000000001,0.5073529411764706,160.2523068017366,3.931764212041257,0.55,0.7036059806508355,3.136363636363636
2024-08-26 20:00:00,20,17,0,3,13,1,0,7,5,1,6,1,10.183333333333334,121.5,4.0,12.2,42.5,0.3897058823529412,155.16730680173663,3.113813886210222,0.425,0.5737704918032787,3.117647058823529
2024-08-26 21:00:00,21,22,0,4,16,2,0,11,6,1,7,1,10.35,67.0,4.0,12.2,55.00000000000001,0.5151515151515151,180.2323068017366,4.486885245901639,0.55,0.901639344262295,3.090909090909091
2024-08-26 22:00:00,22,23,0,6,15,2,0,9,7,2,9,2,11.35,99.0,3.0,8.950000000000001,57.49999999999999,0.7849462365591398,215.68561360347329,5.016644401263055,0.575,1.0055865921787708,3.1739130434782608
2024-08-26 23:00:00,23,20,0,5,13,2,0,3,8,1,9,1,12.35,159.0,3.0,8.950000000000001,50.0,0.6774193548387096,214.02230680173665,2.6308659217877093,0.5,0.3351955307262569,3.15
2024-08-27 00:00:00,0,18,0,6,11,1,0,5,8,0,8,0,13.35,212.5,3.0,8.950000000000001,45.0,0.6145833333333334,201.104,3.306160769708256,0.45,0.5586592178770949,3.2777777777777777
2024-08-27 01:00:00,1,19,0,6,12,1,0,5,9,0,9,0,14.35,251.0,3.0,8.950000000000001,47.5,0.6666666666666666,222.289,3.372993237283152,0.475,0.5586592178770949,3.263157894736842
2024-08-27 02:00:00,2,20,0,7,12,1,0,4,10,0,10,0,15.35,295.5,3.0,8.950000000000001,50.0,0.7333333333333333,243.474,3.1248603351955304,0.5,0.4469273743016759,3.3
2024-08-27 03:00:00,3,20,0,9,9,2,0,5,9,2,11,2,16.35,340.0,3.0,8.950000000000001,50.0,0.7701149425287356,264.2506136034732,3.5465083798882686,0.5,0.5586592178770949,3.35
2024-08-27 04:00:00,4,20,0,9,9,2,0,3,9,2,11,2,17.35,400.0,3.0,8.950000000000001,50.0,0.7701149425287356,269.89061360347324,2.797905027932961,0.5,0.3351955307262569,3.35
2024-08-27 05:00:00,5,19,0,7,10,2,0,3,9,1,10,1,18.35,475.5,3.0,8.950000000000001,47.5,0.6888888888888889,259.1173068017366,2.643795942369891,0.475,0.3351955307262569,3.263157894736842
2024-08-27 06:00:00,6,19,0,7,10,2,0,3,9,1,10,1,19.35,535.5,3.0,8.950000000000001,47.5,0.6888888888888889,264.7573068017366,2.643795942369891,0.475,0.3351955307262569,3.263157894736842
2024-08-27 07:00:00,7,15,0,6,8,1,0,1,9,0,9,0,20.35,611.0,3.0,8.950000000000001,37.5,0.5376344086021505,247.549,1.62243947858473,0.375,0.1117318435754189,3.333333333333333
2024-08-27 08:00:00,8,20,0,7,12,1,0,8,10,1,11,1,21.35,640.0,3.0,6.4,50.0,0.7586206896551724,291.5823068017366,5.775,0.5,1.25,3.3
2024-08-27 09:00:00,9,21,0,7,13,1,0,6,9,1,10,1,22.35,687.0,3.0,6.4,52.5,0.7666666666666667,285.96730680173664,4.805357142857142,0.525,0.9375,3.2857142857142856
2024-08-27 10:00:00,10,25,1,7,16,1,0,7,10,2,12,2,23.35,634.0,4.0,9.86,62.5,0.7410714285714286,327.8556136034732,4.431997971602434,0.625,0.7099391480730224,3.32
2024-08-27 11:00:00,11,24,1,6,16,1,0,4,11,2,13,2,24.35,594.0,4.0,9.86,60.0,0.7314814814814815,344.75061360347325,3.310361730899256,0.6,0.4056795131845842,3.2916666666666665
2024-08-27 12:00:00,12,21,2,4,14,1,0,7,12,1,13,1,25.35,296.0,4.0,9.86,52.5,0.6481481481481481,343.08730680173664,4.116463826910075,0.525,0.7099391480730224,3.333333333333333
2024-08-27 13:00:00,13,18,1,4,12,1,0,5,11,0,11,0,26.35,242.0,4.0,9.86,45.0,0.5086206896551724,314.624,3.1371591165201718,0.45,0.5070993914807302,3.2777777777777777
2024-08-27 14:00:00,14,8,0,2,5,1,0,0,3,0,3,0,27.35,82.0,4.0,9.86,20.0,0.1689189189189189,191.614,0.625,0.2,0.0,3.125
2024-08-27 15:00:00,15,12,0,1,10,1,0,9,1,0,1,0,20.83333333333333,59.0,4.0,9.86,30.0,0.2307692307692307,136.64,3.638336713995943,0.3,0.9127789046653144,3.0
2024-08-27 16:00:00,16,15,0,4,10,1,0,10,4,0,4,0,21.83333333333333,51.0,4.0,9.86,37.5,0.3333333333333333,188.915,4.445436105476674,0.375,1.0141987829614605,3.2
2024-08-27 17:00:00,17,17,0,4,10,3,0,10,5,0,5,0,22.83333333333333,109.0,4.0,9.86,42.5,0.3714285714285714,212.245,4.40225510082329,0.425,1.0141987829614605,3.0588235294117645
2024-08-27 18:00:00,18,20,1,5,12,2,0,9,5,0,5,0,23.83333333333333,169.0,4.0,9.86,50.0,0.4642857142857143,224.32,4.591531440162273,0.5,0.9127789046653144,3.25
2024-08-27 19:00:00,19,14,1,2,10,1,0,3,3,0,3,0,24.83333333333333,160.0,4.0,9.86,35.0,0.304054054054054,190.29,2.1029773978556943,0.35,0.3042596348884381,3.2142857142857144
2024-08-27 20:00:00,20,15,0,4,10,1,0,9,3,1,4,1,25.83333333333333,32.0,4.0,10.67,37.5,0.3333333333333333,212.34330680173665,3.899156513589503,0.375,0.8434864104967198,3.2
2024-08-27 21:00:00,21,19,0,4,14,1,0,9,4,1,5,1,26.83333333333333,88.0,4.0,10.67,47.5,0.4285714285714285,239.96330680173665,4.163641296305431,0.475,0.8434864104967198,3.1578947368421053
2024-08-27 22:00:00,22,15,0,4,10,1,0,6,3,1,4,1,27.83333333333333,116.5,3.0,7.21,37.5,0.4444444444444444,223.6233068017366,3.862968099861304,0.375,0.8321775312066574,3.2
2024-08-27 23:00:00,23,15,0,3,11,1,0,7,2,0,2,0,28.83333333333333,119.0,3.0,7.21,37.5,0.4122807017543859,201.595,4.217071197411003,0.375,0.970873786407767,3.1333333333333333
2024-08-28 00:00:00,0,12,0,2,8,2,0,5,2,0,2,0,29.83333333333333,179.0,3.0,7.21,30.0,0.3157894736842105,200.8,2.9804438280166434,0.3,0.6934812760055479,3.0
2024-08-28 01:00:00,1,10,0,2,6,2,0,1,2,0,2,0,30.83333333333333,239.0,3.0,7.21,25.0,0.2631578947368421,202.15,1.1660887656033287,0.25,0.1386962552011095,3.0
2024-08-28 02:00:00,2,9,0,3,5,1,0,4,2,0,2,0,31.83333333333333,299.0,3.0,7.21,22.5,0.2543859649122807,205.645,2.512640622592079,0.225,0.5547850208044383,3.2222222222222223
2024-08-28 03:00:00,3,7,0,3,3,1,0,1,2,0,2,0,32.833333333333336,359.0,3.0,7.21,17.5,0.2017543859649122,206.995,1.03071626708936,0.175,0.1386962552011095,3.2857142857142856
2024-08-28 04:00:00,4,9,0,3,5,1,0,3,2,0,2,0,33.833333333333336,419.0,3.0,7.21,22.5,0.2543859649122807,216.925,2.0657304669440597,0.225,0.4160887656033287,3.2222222222222223
2024-08-28 05:00:00,5,8,0,2,5,1,0,0,2,0,2,0,34.833333333333336,479.0,3.0,7.21,20.0,0.219298245614035,220.42,0.625,0.2,0.0,3.125
2024-08-28 06:00:00,6,11,0,2,8,1,0,4,2,0,2,0,35.833333333333336,539.0,3.0,7.21,27.500000000000004,0.2982456140350877,232.495,2.5647900643046277,0.275,0.5547850208044383,3.090909090909091
2024-08-28 07:00:00,7,15,0,2,11,2,0,5,3,0,3,0,36.833333333333336,545.0,3.0,7.21,37.5,0.4054054054054054,260.115,3.205443828016644,0.375,0.6934812760055479,3.0
2024-08-28 08:00:00,8,16,0,2,12,2,0,5,4,0,4,0,17.533333333333335,338.0,3.0,6.4,40.0,0.4444444444444444,166.808,3.54375,0.4,0.78125,3.0
2024-08-28 09:00:00,9,15,0,3,10,2,0,6,5,0,5,0,18.53333333333333,131.0,3.0,6.4,37.5,0.4380952380952381,183.703,4.025,0.375,0.9375,3.066666666666667
2024-08-28 10:00:00,10,20,0,4,13,3,0,8,7,0,7,0,19.53333333333333,155.0,4.0,10.1,50.0,0.4621212121212121,226.868,3.9408415841584152,0.5,0.792079207920792,3.05
2024-08-28 11:00:00,11,20,0,4,15,1,0,7,9,1,10,1,20.53333333333333,135.5,4.0,10.1,50.0,0.525,273.5763068017366,3.758168316831683,0.5,0.693069306930693,3.15
2024-08-28 12:00:00,12,24,0,5,17,2,0,8,11,1,12,1,15.883333333333333,163.5,4.0,10.1,60.0,0.6696428571428571,282.7303068017366,4.350247524752475,0.6,0.792079207920792,3.125
2024-08-28 13:00:00,13,22,0,5,16,1,0,5,12,1,13,1,16.883333333333333,154.0,4.0,10.1,55.00000000000001,0.6481481481481481,297.4803068017366,3.325157515751575,0.55,0.495049504950495,3.1818181818181817
2024-08-28 14:00:00,14,18,0,3,14,1,0,3,8,1,9,1,17.166666666666668,168.0,4.0,10.1,45.0,0.4516129032258064,236.89830680173665,2.324092409240924,0.45,0.2970297029702969,3.111111111111111
2024-08-28 15:00:00,15,20,0,4,14,2,0,9,7,1,8,1,18.166666666666668,200.0,4.0,10.1,50.0,0.484375,233.42830680173665,4.312376237623762,0.5,0.891089108910891,3.1
2024-08-28 16:00:00,16,16,0,4,10,1,1,6,4,1,5,1,19.166666666666668,308.0,4.0,10.1,40.0,0.35,190.2883068017366,3.044306930693069,0.4,0.5940594059405939,3.0625
2024-08-28 17:00:00,17,15,0,3,10,2,0,7,3,2,5,2,20.166666666666668,348.0,4.0,10.1,37.5,0.3285714285714285,194.6516136034732,3.2754125412541253,0.375,0.693069306930693,3.066666666666667
2024-08-28 18:00:00,18,15,0,2,12,1,0,5,2,2,4,2,21.166666666666668,320.5,4.0,10.1,37.5,0.3194444444444444,186.8916136034732,2.6681518151815182,0.375,0.495049504950495,3.066666666666667
2024-08-28 19:00:00,19,13,0,3,8,2,0,4,2,2,4,2,11.133333333333333,380.5,4.0,10.1,32.5,0.2777777777777778,126.01361360347325,2.2185833968012187,0.325,0.396039603960396,3.076923076923077
2024-08-28 20:00:00,20,16,0,2,12,2,0,10,1,2,3,2,12.133333333333333,353.0,4.0,11.990000000000002,40.0,0.3243243243243243,124.6886136034732,3.7020850708924105,0.4,0.8340283569641367,3.0
2024-08-28 21:00:00,21,18,0,1,16,1,0,7,1,1,2,1,13.133333333333333,56.5,4.0,11.990000000000002,45.0,0.3552631578947368,120.35030680173662,3.101459549624687,0.45,0.5838198498748957,3.0
2024-08-28 22:00:00,22,24,0,1,22,1,0,13,2,1,3,1,14.133333333333333,110.0,3.0,8.290000000000001,60.0,0.6486486486486487,152.2603068017366,6.504463208685163,0.6,1.568154402895054,3.0
2024-08-28 23:00:00,23,15,0,1,14,0,0,4,1,0,1,0,5.683333333333334,102.0,3.0,8.290000000000001,37.5,0.3931623931623931,57.62899999999999,2.629694410936872,0.375,0.482509047044632,3.066666666666667
2024-08-29 00:00:00,0,9,1,1,7,0,0,5,2,0,2,0,6.683333333333334,103.0,3.0,8.290000000000001,22.5,0.2631578947368421,63.79900000000001,2.760454362685967,0.225,0.6031363088057901,3.333333333333333
2024-08-29 01:00:00,1,13,1,1,10,1,0,8,2,0,2,0,7.683333333333334,163.0,3.0,8.290000000000001,32.5,0.3596491228070175,78.019,4.068518604435371,0.325,0.965018094089264,3.1538461538461537
2024-08-29 02:00:00,2,14,1,1,11,1,0,5,2,0,2,0,8.683333333333334,223.0,3.0,8.290000000000001,35.0,0.3859649122807017,85.804,2.9955712562467687,0.35,0.6031363088057901,3.142857142857143
2024-08-29 03:00:00,3,13,1,1,10,1,0,2,2,0,2,0,9.683333333333334,283.0,3.0,8.290000000000001,32.5,0.3596491228070175,89.299,1.7858796511088426,0.325,0.241254523522316,3.1538461538461537
2024-08-29 04:00:00,4,10,1,1,7,1,0,0,2,0,2,0,10.683333333333334,343.0,3.0,8.290000000000001,25.0,0.2807017543859649,88.50399999999999,0.8,0.25,0.0,3.2
2024-08-29 05:00:00,5,11,2,1,7,1,0,1,2,0,2,0,11.683333333333334,403.0,3.0,8.290000000000001,27.500000000000004,0.3245614035087719,96.289,1.3307462441057134,0.275,0.120627261761158,3.363636363636364
2024-08-29 06:00:00,6,13,2,1,9,1,0,2,3,0,3,0,12.683333333333334,404.0,3.0,8.290000000000001,32.5,0.3873873873873873,119.619,1.8729957316507373,0.325,0.241254523522316,3.3076923076923075
2024-08-29 07:00:00,7,10,2,2,6,0,0,2,2,0,2,0,13.683333333333334,523.0,3.0,8.290000000000001,25.0,0.3157894736842105,105.424,1.7685162846803375,0.25,0.241254523522316,3.6
2024-08-29 08:00:00,8,16,2,4,9,1,0,9,5,0,5,0,10.8,28.0,3.0,7.68,40.0,0.5238095238095238,142.232,5.4033203125,0.4,1.171875,3.4375
2024-08-29 09:00:00,9,17,1,5,9,2,0,5,7,0,7,0,11.8,73.0,3.0,7.68,42.5,0.5656565656565656,176.817,3.544607843137255,0.425,0.6510416666666667,3.294117647058824
2024-08-29 10:00:00,10,20,2,5,12,1,0,7,10,0,10,0,12.8,102.5,4.0,10.93,50.0,0.5666666666666667,229.092,3.877493138151876,0.5,0.6404391582799634,3.4
2024-08-29 11:00:00,11,24,2,5,15,2,0,8,12,0,12,0,13.8,102.0,4.0,10.93,60.0,0.7053571428571429,270.112,4.384271119243672,0.6,0.7319304666056725,3.2916666666666665
2024-08-29 12:00:00,12,31,2,5,22,2,0,12,13,0,13,0,14.8,72.0,4.0,10.93,77.5,0.925925925925926,304.16700000000003,6.041599031962931,0.775,1.0978956999085088,3.225806451612903
2024-08-29 13:00:00,13,31,1,3,25,2,0,8,13,0,13,0,15.8,120.0,4.0,10.93,77.5,0.8888888888888888,309.807,4.666623380456276,0.775,0.7319304666056725,3.096774193548387
2024-08-29 14:00:00,14,29,1,2,22,4,0,6,11,0,11,0,6.15,185.0,4.0,10.93,72.5,0.75,224.29100000000005,3.8218435498627623,0.725,0.5489478499542544,3.0
2024-08-29 15:00:00,15,31,1,3,22,5,0,10,12,0,12,0,7.15,201.0,4.0,10.93,77.5,0.8303571428571429,247.62100000000004,5.069739249771272,0.775,0.9149130832570906,3.0
2024-08-29 16:00:00,16,27,1,2,21,3,0,8,13,0,13,0,7.85,141.0,4.0,10.93,67.5,0.7592592592592593,256.389,4.272899935617228,0.675,0.7319304666056725,3.037037037037037
2024-08-29 17:00:00,17,31,0,4,24,3,0,9,17,0,17,0,7.833333333333333,122.0,4.0,10.93,77.5,1.0217391304347827,318.475,4.846827317533867,0.775,0.8234217749313816,3.032258064516129
2024-08-29 18:00:00,18,32,0,5,26,1,0,8,17,0,17,0,8.833333333333334,177.0,4.0,10.93,80.0,1.0869565217391304,326.26,4.787282708142727,0.8,0.7319304666056725,3.125
2024-08-29 19:00:00,19,28,0,4,23,1,0,11,14,0,14,0,9.833333333333334,202.0,4.0,10.93,70.0,0.8365384615384616,283.12,5.302042216703699,0.7,1.0064043915827996,3.107142857142857
2024-08-29 20:00:00,20,21,0,4,17,0,0,4,11,0,11,0,10.833333333333334,197.0,4.0,9.75,52.5,0.5775862068965517,233.545,2.983913308913309,0.525,0.4102564102564102,3.1904761904761907
2024-08-29 21:00:00,21,9,0,1,8,0,0,2,5,0,5,0,11.75,244.0,4.0,9.75,22.5,0.2,132.575,1.3381766381766382,0.225,0.2051282051282051,3.111111111111111
2024-08-29 22:00:00,22,9,0,0,8,1,0,8,1,0,1,0,12.75,730.0,3.0,6.5,22.5,0.2222222222222222,84.615,4.205555555555556,0.225,1.2307692307692308,2.888888888888889
2024-08-29 23:00:00,23,13,0,2,11,0,0,7,2,0,2,0,13.75,410.0,3.0,6.5,32.5,0.3596491228070175,112.235,4.421449704142011,0.325,1.0769230769230769,3.1538461538461537
2024-08-30 00:00:00,0,13,0,3,9,1,0,9,3,0,3,0,14.75,90.0,3.0,6.5,32.5,0.3693693693693693,131.275,5.391863905325444,0.325,1.3846153846153846,3.1538461538461537
2024-08-30 01:00:00,1,21,0,4,15,2,0,9,4,0,4,0,15.75,113.5,3.0,6.5,52.5,0.6018518518518519,167.47500000000002,5.910714285714286,0.525,1.3846153846153846,3.095238095238096
2024-08-30 02:00:00,2,16,0,4,11,1,0,2,4,0,4,0,16.75,173.5,3.0,6.5,40.0,0.4722222222222222,162.39,2.2557692307692307,0.4,0.3076923076923077,3.1875
2024-08-30 03:00:00,3,18,0,4,13,1,0,4,4,0,4,0,17.75,233.5,3.0,6.5,45.0,0.5277777777777778,172.32,3.3737179487179487,0.45,0.6153846153846154,3.1666666666666665
2024-08-30 04:00:00,4,15,0,4,10,1,0,1,4,0,4,0,18.75,293.5,3.0,6.5,37.5,0.4444444444444444,171.525,1.6923076923076923,0.375,0.1538461538461538,3.2
2024-08-30 05:00:00,5,14,0,3,10,1,0,1,4,0,4,0,19.75,353.5,3.0,6.5,35.0,0.4074074074074074,175.01999999999998,1.5835164835164834,0.35,0.1538461538461538,3.142857142857143
2024-08-30 06:00:00,6,12,0,3,8,1,0,1,4,0,4,0,20.75,413.5,3.0,6.5,30.0,0.3518518518518518,176.37,1.4371794871794872,0.3,0.1538461538461538,3.1666666666666665
2024-08-30 07:00:00,7,13,0,3,9,1,0,3,4,0,4,0,21.75,473.5,3.0,6.5,32.5,0.3796296296296296,184.155,2.480621301775148,0.325,0.4615384615384615,3.1538461538461537
2024-08-30 08:00:00,8,14,0,4,10,0,0,4,5,0,5,0,22.75,497.0,3.0,9.4,35.0,0.4380952380952381,205.34,2.5481762917933133,0.35,0.425531914893617,3.2857142857142856
2024-08-30 09:00:00,9,17,0,3,12,2,0,8,5,0,5,0,23.75,557.0,3.0,9.4,42.5,0.4952380952380952,217.415,3.90325406758448,0.425,0.851063829787234,3.0588235294117645
2024-08-30 10:00:00,10,19,0,4,13,2,0,4,5,1,6,1,24.75,369.0,4.0,13.1,47.5,0.4338235294117647,241.6133068017366,2.4231719566090795,0.475,0.3053435114503816,3.1052631578947367
2024-08-30 11:00:00,11,17,0,3,13,1,0,5,6,1,7,1,25.75,164.0,4.0,13.1,42.5,0.4015151515151515,256.3633068017366,2.514941625505164,0.425,0.381679389312977,3.117647058823529
2024-08-30 12:00:00,12,21,0,4,14,3,0,7,9,1,10,1,26.75,107.5,4.0,13.1,52.5,0.5333333333333333,310.7833068017366,3.2284987277353685,0.525,0.5343511450381678,3.0476190476190474
2024-08-30 13:00:00,13,21,1,5,13,2,0,8,10,0,10,0,27.75,87.0,4.0,13.1,52.5,0.5666666666666667,315.555,3.67746274082152,0.525,0.6106870229007633,3.238095238095238
2024-08-30 14:00:00,14,25,1,3,19,2,0,9,8,0,8,0,28.75,135.5,4.0,13.1,62.5,0.609375,302.975,4.09351145038168,0.625,0.6870229007633587,3.12
2024-08-30 15:00:00,15,27,2,2,20,3,0,8,6,0,6,0,29.75,181.0,4.0,13.1,67.5,0.6176470588235294,286.105,3.99991518235793,0.675,0.6106870229007633,3.111111111111111
2024-08-30 16:00:00,16,22,3,1,17,1,0,8,5,1,6,1,7.833333333333333,112.0,4.0,13.1,55.00000000000001,0.5294117647058824,152.63830680173663,3.798612074947953,0.55,0.6106870229007633,3.272727272727273
2024-08-30 17:00:00,17,25,3,1,18,3,0,9,5,1,6,1,8.833333333333334,118.0,4.0,13.1,62.5,0.5808823529411765,164.71330680173662,4.145992366412214,0.625,0.6870229007633587,3.16
2024-08-30 18:00:00,18,18,1,1,12,4,0,3,4,0,4,0,9.833333333333334,233.5,4.0,13.1,45.0,0.3680555555555556,127.67000000000002,1.9993002544529264,0.45,0.2290076335877862,2.9444444444444446
2024-08-30 19:00:00,19,15,0,1,11,3,0,4,3,1,4,1,10.833333333333334,151.5,4.0,13.1,37.5,0.2986111111111111,127.74330680173662,1.9503180661577608,0.375,0.3053435114503816,2.8666666666666667
2024-08-30 20:00:00,20,20,0,1,14,5,0,8,5,1,6,1,11.833333333333334,152.0,4.0,10.47,50.0,0.4117647058823529,170.9083068017366,3.5394460362941738,0.5,0.7640878701050622,2.8
2024-08-30 21:00:00,21,12,0,0,9,3,0,3,3,0,3,0,12.833333333333334,78.0,4.0,10.47,30.0,0.2229729729729729,118.32,1.6129656160458454,0.3,0.2865329512893983,2.75
2024-08-30 22:00:00,22,11,0,0,9,2,0,6,0,0,0,0,13.833333333333334,0.0,3.0,6.77,27.500000000000004,0.2583333333333333,81.615,3.272650060427018,0.275,0.8862629246676514,2.8181818181818183
2024-08-30 23:00:00,23,15,0,2,11,2,0,9,3,0,3,0,14.833333333333334,46.0,3.0,6.77,37.5,0.4054054054054054,136.035,5.113183161004432,0.375,1.3293943870014773,3.0
2024-08-31 00:00:00,0,21,0,2,16,3,0,10,4,0,4,0,15.833333333333334,103.0,3.0,6.77,52.5,0.5740740740740741,167.945,5.910976295983683,0.525,1.4771048744460855,2.952380952380953
2024-08-31 01:00:00,1,15,0,2,10,3,0,4,5,0,5,0,16.833333333333332,160.0,3.0,6.77,37.5,0.419047619047619,174.11499999999998,2.8331363860167404,0.375,0.5908419497784343,2.933333333333333
2024-08-31 02:00:00,2,17,0,2,12,3,0,6,7,0,7,0,17.833333333333332,168.0,3.0,6.77,42.5,0.5050505050505051,210.845,3.8566556607872102,0.425,0.8862629246676514,2.9411764705882355
2024-08-31 03:00:00,3,16,0,2,11,3,0,3,5,0,5,0,18.83333333333333,280.0,3.0,6.77,40.0,0.4476190476190476,187.54,2.476698670605613,0.4,0.4431314623338257,2.9375
2024-08-31 04:00:00,4,17,0,2,11,4,0,2,5,0,5,0,19.83333333333333,340.0,3.0,6.77,42.5,0.4666666666666667,195.325,2.0765075158571555,0.425,0.2954209748892171,2.8823529411764706
2024-08-31 05:00:00,5,14,0,2,8,4,0,1,5,0,5,0,20.83333333333333,400.0,3.0,6.77,35.0,0.3809523809523809,194.53,1.422029964127453,0.35,0.1477104874446085,2.857142857142857
2024-08-31 06:00:00,6,16,0,3,9,4,0,4,5,0,5,0,21.83333333333333,460.0,3.0,6.77,40.0,0.4476190476190476,204.46,2.910598227474151,0.4,0.5908419497784343,2.9375
2024-08-31 07:00:00,7,14,0,3,9,2,0,2,6,0,6,0,8.8,494.0,3.0,6.77,35.0,0.4215686274509804,140.062,1.9823644228740245,0.35,0.2954209748892171,3.071428571428572
2024-08-31 08:00:00,8,11,0,3,7,1,0,0,6,0,6,0,9.8,554.0,3.0,8.31,27.500000000000004,0.3431372549019608,139.267,0.875,0.275,0.0,3.1818181818181817
2024-08-31 09:00:00,9,13,0,2,10,1,0,6,5,0,5,0,10.766666666666667,441.0,3.0,8.31,32.5,0.3809523809523809,135.609,3.2216051096917524,0.325,0.7220216606498194,3.076923076923077
2024-08-31 10:00:00,10,16,0,4,11,1,0,7,4,1,5,1,11.766666666666667,196.0,4.0,12.010000000000002,40.0,0.3642857142857142,148.55230680173662,3.132826810990841,0.4,0.5828476269775187,3.1875
2024-08-31 11:00:00,11,24,0,5,18,1,0,12,9,1,10,1,12.766666666666667,54.5,4.0,12.010000000000002,60.0,0.6333333333333333,238.35230680173663,5.064029975020815,0.6,0.9991673605328892,3.1666666666666665
2024-08-31 12:00:00,12,27,0,4,22,1,0,11,11,0,11,0,13.766666666666667,82.0,4.0,12.010000000000002,67.5,0.7241379310344828,262.959,4.949477287445647,0.675,0.9159034138218152,3.111111111111111
2024-08-31 13:00:00,13,25,0,5,19,1,0,5,12,0,12,0,14.766666666666667,133.0,4.0,12.010000000000002,62.5,0.7053571428571429,277.709,3.290570358034971,0.625,0.4163197335553705,3.16
2024-08-31 14:00:00,14,24,0,7,16,1,0,10,9,1,10,1,15.766666666666667,118.0,4.0,12.010000000000002,60.0,0.65,255.2723068017366,4.656078268109908,0.6,0.832639467110741,3.25
2024-08-31 15:00:00,15,27,1,8,17,1,0,10,8,2,10,2,16.766666666666666,81.5,4.0,12.010000000000002,67.5,0.75,268.21561360347323,5.025464890369137,0.675,0.832639467110741,3.333333333333333
2024-08-31 16:00:00,16,26,1,6,18,1,0,8,8,2,10,2,17.766666666666666,101.0,4.0,12.010000000000002,65.0,0.7083333333333334,271.71061360347323,4.302672452443477,0.65,0.6661115736885928,3.269230769230769
2024-08-31 17:00:00,17,33,1,6,24,2,0,12,10,2,12,2,18.766666666666666,139.0,4.0,12.010000000000002,82.5,0.9375,319.1656136034732,5.804168874422828,0.825,0.9991673605328892,3.1818181818181817
2024-08-31 18:00:00,18,31,2,7,20,2,0,5,12,2,14,2,19.766666666666666,177.0,4.0,12.010000000000002,77.5,0.9807692307692308,347.3156136034732,3.9198262200854126,0.775,0.4163197335553705,3.290322580645161
2024-08-31 19:00:00,19,27,1,5,20,1,0,11,7,1,8,1,20.766666666666666,244.5,4.0,12.010000000000002,67.5,0.6796875,263.10730680173657,5.1262443334258485,0.675,0.9159034138218152,3.2222222222222223
2024-08-31 20:00:00,20,28,1,4,22,1,0,11,4,0,4,0,9.55,144.5,4.0,10.36,70.0,0.6180555555555556,147.522,5.599931053502482,0.7,1.061776061776062,3.1785714285714284
2024-08-31 21:00:00,21,25,1,5,19,0,0,10,4,1,5,1,10.55,180.0,4.0,10.36,62.5,0.5857142857142857,160.99530680173663,5.216023166023166,0.625,0.9652509652509652,3.28
2024-08-31 22:00:00,22,22,0,4,17,1,0,9,2,1,3,1,11.55,171.0,3.0,6.66,55.00000000000001,0.6216216216216216,133.40030680173663,5.963329238329238,0.55,1.351351351351351,3.136363636363636
2024-08-31 23:00:00,23,21,0,4,16,1,0,10,6,1,7,1,12.55,59.0,3.0,6.66,52.5,0.6666666666666666,190.4953068017366,6.369004719004718,0.525,1.5015015015015014,3.142857142857143
