ts,hour,census,l1,l2,l3,l4,l5,arrivals,waitBed,waitICU,D_board,vent,maxLOS_h,awt_curr_min,Na,cap_sum,OCCUPANCY,EDWIN,NEDOCS,READI,READI_BR,READI_PR,READI_AR
2023-03-01 00:00:00,0,33,2,6,14,10,1,7,8,1,9,1,32.0,401.0,3.0,6.8,82.5,1.043010752688172,352.7333068017366,5.450846702317291,0.825,1.0294117647058825,2.9393939393939394
2023-03-01 01:00:00,1,25,2,5,15,3,0,5,9,1,10,1,33.0,389.0,3.0,6.8,62.5,0.9,354.6133068017366,4.407352941176471,0.625,0.7352941176470589,3.24
2023-03-01 02:00:00,2,25,1,6,16,2,0,5,10,1,11,1,34.0,428.0,3.0,6.8,62.5,0.9310344827586208,373.6533068017366,4.407352941176471,0.625,0.7352941176470589,3.24
2023-03-01 03:00:00,3,25,1,6,16,2,0,1,9,1,10,1,35.0,509.0,3.0,6.8,62.5,0.9,365.89330680173657,2.5014705882352946,0.625,0.1470588235294117,3.24
2023-03-01 04:00:00,4,24,1,5,16,2,0,3,10,1,11,1,36.0,548.0,3.0,6.8,60.0,0.8850574712643678,382.7883068017366,3.340441176470588,0.6,0.4411764705882353,3.208333333333333
2023-03-01 05:00:00,5,25,1,5,17,2,0,1,10,1,11,1,37.0,608.0,3.0,6.8,62.5,0.9195402298850576,390.57330680173663,2.4705882352941178,0.625,0.1470588235294117,3.2
2023-03-01 06:00:00,6,27,1,7,17,2,0,3,11,1,12,1,38.0,505.5,3.0,6.8,67.5,1.0476190476190477,413.9033068017366,3.637908496732026,0.675,0.4411764705882353,3.259259259259259
2023-03-01 07:00:00,7,31,1,7,22,1,0,8,12,1,13,1,39.0,403.0,3.0,6.8,77.5,1.2469135802469136,441.5233068017366,6.358017077798863,0.775,1.1764705882352942,3.2580645161290325
2023-03-01 08:00:00,8,31,2,6,23,0,0,6,15,2,17,2,40.0,408.0,3.0,7.01,77.5,1.4927536231884058,501.6316136034733,5.418863604988266,0.775,0.8559201141226819,3.3225806451612905
2023-03-01 09:00:00,9,36,3,8,25,0,0,9,16,2,18,2,41.0,406.0,3.0,7.01,90.0,1.8484848484848484,531.3966136034733,7.4009272467903,0.9,1.2838801711840229,3.388888888888889
2023-03-01 10:00:00,10,42,3,8,31,0,0,9,18,2,20,2,42.0,345.5,4.0,10.1,105.0,1.75,576.7066136034732,6.470297029702971,1.05,0.8910891089108911,3.333333333333333
2023-03-01 11:00:00,11,46,2,11,32,1,0,10,21,2,23,2,43.0,266.0,4.0,10.1,115.0,2.235294117647059,631.1266136034732,7.071631510977184,1.15,0.99009900990099,3.3043478260869565
2023-03-01 12:00:00,12,47,3,12,31,1,0,13,24,4,28,4,44.0,180.5,4.0,10.1,117.5,3.2916666666666665,707.6482272069464,8.276943332631136,1.175,1.2871287128712872,3.3617021276595747
2023-03-01 13:00:00,13,51,1,11,38,1,0,9,27,3,30,3,45.0,155.5,4.0,10.1,127.5,4.125,747.7999204052098,7.007935352358765,1.275,0.8910891089108911,3.235294117647059
2023-03-01 14:00:00,14,49,2,7,39,1,0,11,24,3,27,3,46.0,158.0,4.0,10.1,122.5,3.019230769230769,708.9499204052099,7.414593857344919,1.225,1.0891089108910892,3.204081632653061
2023-03-01 15:00:00,15,41,1,8,32,0,0,11,20,2,22,2,47.0,209.5,4.0,10.1,102.5,1.8472222222222223,629.5616136034732,6.857963052402802,1.025,1.0891089108910892,3.2439024390243905
2023-03-01 16:00:00,16,36,1,9,24,2,0,7,15,2,17,2,48.0,268.0,4.0,10.1,90.0,1.2717391304347827,557.4766136034732,5.177475247524753,0.9,0.6930693069306931,3.25
2023-03-01 17:00:00,17,35,1,10,22,2,0,9,16,2,18,2,49.0,320.5,4.0,10.1,87.5,1.306818181818182,574.3716136034732,5.802864214992927,0.875,0.8910891089108911,3.2857142857142856
2023-03-01 18:00:00,18,27,1,10,16,0,0,4,15,2,17,2,50.0,388.0,4.0,10.1,67.5,1.0108695652173914,549.4516136034732,3.689136413641365,0.675,0.396039603960396,3.4444444444444446
2023-03-01 19:00:00,19,27,1,9,17,0,0,7,16,2,18,2,51.0,437.5,4.0,10.1,67.5,1.0454545454545454,568.4916136034733,4.6615694902823614,0.675,0.6930693069306931,3.4074074074074074
2023-03-01 20:00:00,20,28,1,10,17,0,0,7,13,3,16,3,52.0,377.0,4.0,12.04,70.0,1.0,550.3449204052098,4.393355481727574,0.7,0.5813953488372092,3.4285714285714284
2023-03-01 21:00:00,21,27,1,9,16,1,0,11,11,2,13,2,48.95,299.0,4.0,12.04,67.5,0.8425925925925926,489.9296136034732,5.354242032730404,0.675,0.9136212624584716,3.3703703703703702
2023-03-01 22:00:00,22,24,1,5,17,1,0,8,11,2,13,2,49.95,274.0,3.0,8.950000000000001,60.0,0.9629629629629628,489.13461360347327,4.855027932960894,0.6,0.8938547486033519,3.25
2023-03-01 23:00:00,23,25,1,6,18,0,0,7,10,2,12,2,50.95,288.5,3.0,8.950000000000001,62.5,0.988095238095238,483.51961360347326,4.671648044692737,0.625,0.7821229050279329,3.32
2023-03-02 00:00:00,0,25,1,7,17,0,0,7,11,2,13,2,51.95,293.0,3.0,8.950000000000001,62.5,1.037037037037037,502.5596136034733,4.727932960893854,0.625,0.7821229050279329,3.36
2023-03-02 01:00:00,1,26,1,5,20,0,0,7,11,2,13,2,52.95,353.0,3.0,8.950000000000001,65.0,1.0493827160493827,510.3446136034733,4.681940266437473,0.65,0.7821229050279329,3.269230769230769
2023-03-02 02:00:00,2,24,1,4,19,0,0,5,12,1,13,1,53.95,413.0,3.0,8.950000000000001,60.0,0.9629629629629628,510.8263068017367,3.7656424581005594,0.6,0.5586592178770949,3.25
2023-03-02 03:00:00,3,19,1,3,15,0,0,5,10,2,12,2,54.95,528.5,3.0,8.950000000000001,47.5,0.7380952380952381,493.20961360347326,3.372993237283152,0.475,0.5586592178770949,3.263157894736842
2023-03-02 04:00:00,4,20,1,4,15,0,0,2,11,2,13,2,55.95,533.0,3.0,8.950000000000001,50.0,0.8148148148148148,514.3946136034732,2.387430167597765,0.5,0.2234636871508379,3.3
2023-03-02 05:00:00,5,19,1,4,14,0,0,2,11,2,13,2,56.95,593.0,3.0,8.950000000000001,47.5,0.7777777777777778,517.8896136034732,2.31595854160541,0.475,0.2234636871508379,3.3157894736842106
2023-03-02 06:00:00,6,24,2,4,18,0,0,6,12,2,14,2,57.95,649.5,3.0,8.950000000000001,60.0,1.0256410256410255,547.6546136034733,4.234636871508379,0.6,0.6703910614525139,3.333333333333333
2023-03-02 07:00:00,7,21,2,4,15,0,0,2,12,2,14,2,58.95,709.5,3.0,8.950000000000001,52.5,0.9102564102564102,546.8596136034732,2.5305200851290235,0.525,0.2234636871508379,3.380952380952381
2023-03-02 08:00:00,8,22,2,6,14,0,0,4,14,2,16,2,59.95,720.0,3.0,7.21,55.00000000000001,1.0555555555555556,581.4446136034733,3.816530071869878,0.55,0.5547850208044383,3.4545454545454546
2023-03-02 09:00:00,9,27,2,7,18,0,0,9,13,2,15,2,60.95,664.0,3.0,7.21,67.5,1.2266666666666666,584.4096136034732,6.55335182616736,0.675,1.2482662968099862,3.4074074074074074
2023-03-02 10:00:00,10,32,1,9,22,0,0,11,17,2,19,2,61.95,370.0,4.0,10.46,80.0,1.2738095238095235,654.3746136034732,6.191371892925431,0.8,1.051625239005736,3.34375
2023-03-02 11:00:00,11,35,1,9,25,0,0,13,22,2,24,2,37.55,150.5,4.0,10.46,87.5,1.8125,590.1936136034733,7.01909314394974,0.875,1.2428298279158698,3.3142857142857145
2023-03-02 12:00:00,12,34,1,11,22,0,0,7,23,2,25,2,22.33333333333333,170.0,4.0,10.46,85.0,1.9166666666666667,515.6266136034733,5.138524912833202,0.85,0.6692160611854684,3.3823529411764706
2023-03-02 13:00:00,13,35,1,10,24,0,0,3,23,2,25,2,23.33333333333333,226.0,4.0,10.46,87.5,1.95,523.4116136034733,3.8837544386779568,0.875,0.2868068833652007,3.342857142857143
2023-03-02 14:00:00,14,33,1,12,20,0,0,8,18,2,20,2,24.33333333333333,246.5,4.0,10.46,82.5,1.4125,457.7616136034732,5.443923460223652,0.825,0.7648183556405354,3.4242424242424243
2023-03-02 15:00:00,15,32,2,12,18,0,0,5,18,3,21,3,25.33333333333333,289.0,4.0,10.46,80.0,1.4736842105263157,475.52492040520985,4.473040152963671,0.8,0.4780114722753346,3.5
2023-03-02 16:00:00,16,28,2,8,18,0,0,7,16,1,17,1,26.33333333333333,280.0,4.0,10.46,70.0,1.0434782608695652,417.2483068017366,4.694455066921606,0.7,0.6692160611854684,3.4285714285714284
2023-03-02 17:00:00,17,29,2,7,20,0,0,7,17,1,18,1,27.33333333333333,291.0,4.0,10.46,72.5,1.1136363636363635,438.4333068017367,4.711488758488824,0.725,0.6692160611854684,3.3793103448275863
2023-03-02 18:00:00,18,32,0,8,23,1,0,10,19,0,19,0,9.266666666666667,315.0,4.0,10.46,80.0,1.2261904761904765,355.504,5.652198852772466,0.8,0.9560229445506692,3.21875
2023-03-02 19:00:00,19,22,0,6,16,0,0,4,12,0,12,0,10.266666666666667,209.0,4.0,10.46,55.00000000000001,0.6428571428571429,245.894,3.0515209455936034,0.55,0.3824091778202677,3.272727272727273
2023-03-02 20:00:00,20,25,0,6,19,0,0,7,13,0,13,0,11.266666666666667,211.0,4.0,9.75,62.5,0.75,271.369,4.351153846153847,0.625,0.717948717948718,3.24
2023-03-02 21:00:00,21,31,0,6,24,1,0,10,14,0,14,0,12.266666666666667,233.0,4.0,9.75,77.5,0.9423076923076924,303.279,5.6923490488006605,0.775,1.0256410256410255,3.161290322580645
2023-03-02 22:00:00,22,26,0,5,20,1,0,8,12,0,12,0,13.266666666666667,318.0,3.0,6.5,65.0,0.9761904761904762,271.394,5.931656804733728,0.65,1.2307692307692308,3.1538461538461537
2023-03-02 23:00:00,23,33,0,9,23,1,0,14,13,0,13,0,14.266666666666667,365.0,3.0,6.5,82.5,1.3209876543209875,305.449,9.65868298368298,0.825,2.1538461538461537,3.242424242424242
2023-03-03 00:00:00,0,25,0,9,15,1,0,4,14,0,14,0,15.266666666666667,413.0,3.0,6.5,62.5,1.064102564102564,307.329,4.118076923076923,0.625,0.6153846153846154,3.32
2023-03-03 01:00:00,1,24,0,7,15,2,0,4,14,0,14,0,16.266666666666666,473.0,3.0,6.5,60.0,0.9871794871794872,310.824,3.899358974358975,0.6,0.6153846153846154,3.208333333333333
2023-03-03 02:00:00,2,23,0,6,17,0,0,3,14,0,14,0,17.266666666666666,533.0,3.0,6.5,57.49999999999999,0.9615384615384616,314.319,3.380016722408026,0.575,0.4615384615384615,3.260869565217391
2023-03-03 03:00:00,3,22,0,6,16,0,0,1,14,0,14,0,18.266666666666666,593.0,3.0,6.5,55.00000000000001,0.9230769230769232,317.814,2.303496503496504,0.55,0.1538461538461538,3.272727272727273
2023-03-03 04:00:00,4,21,0,6,15,0,0,1,14,0,14,0,19.266666666666666,653.0,3.0,6.5,52.5,0.8846153846153846,321.309,2.2304945054945056,0.525,0.1538461538461538,3.2857142857142856
2023-03-03 05:00:00,5,21,0,6,15,0,0,2,14,1,15,1,20.266666666666666,701.0,3.0,6.5,52.5,0.92,341.2173068017366,2.735989010989011,0.525,0.3076923076923077,3.2857142857142856
2023-03-03 06:00:00,6,19,0,6,13,0,0,0,14,0,14,0,21.266666666666666,773.0,3.0,6.5,47.5,0.8076923076923077,328.299,1.575,0.475,0.0,3.3157894736842106
2023-03-03 07:00:00,7,24,0,6,18,0,0,5,15,0,15,0,22.266666666666666,821.0,3.0,6.5,60.0,1.04,358.064,4.45,0.6,0.7692307692307693,3.25
2023-03-03 08:00:00,8,29,0,8,20,1,0,6,17,1,18,1,23.266666666666666,860.0,3.0,7.02,72.5,1.4242424242424243,415.4973068017366,5.120409666961391,0.725,0.8547008547008548,3.2413793103448274
2023-03-03 09:00:00,9,32,0,9,21,2,0,8,17,1,18,1,24.266666666666666,920.0,3.0,7.02,80.0,1.5606060606060606,427.5723068017366,6.243091168091168,0.8,1.1396011396011396,3.21875
2023-03-03 10:00:00,10,35,1,8,24,2,0,8,18,1,19,1,25.266666666666666,845.0,4.0,10.27,87.5,1.3452380952380951,453.04730680173657,5.339953401029351,0.875,0.7789678675754625,3.2285714285714286
2023-03-03 11:00:00,11,35,2,8,20,5,0,9,18,2,20,2,26.266666666666666,716.0,4.0,10.27,87.5,1.4,472.9556136034733,5.604284323271665,0.875,0.8763388510223954,3.2
2023-03-03 12:00:00,12,36,3,9,21,3,0,8,19,3,22,3,27.266666666666666,284.0,4.0,10.27,90.0,1.6666666666666667,508.4089204052098,5.596559558584876,0.9,0.7789678675754625,3.333333333333333
2023-03-03 13:00:00,13,37,3,8,23,3,0,5,20,2,22,2,27.83333333333333,252.0,4.0,10.27,92.5,1.6944444444444444,512.8816136034733,4.655305402773758,0.925,0.486854917234664,3.2972972972972974
2023-03-03 14:00:00,14,36,3,8,19,6,0,8,18,2,20,2,25.25,236.5,4.0,10.27,90.0,1.45,469.3666136034732,5.410007573298714,0.9,0.7789678675754625,3.2222222222222223
2023-03-03 15:00:00,15,38,3,8,22,5,0,9,17,2,19,2,26.25,204.0,4.0,10.27,95.0,1.4642857142857142,465.8966136034732,5.911570491467227,0.95,0.8763388510223954,3.236842105263158
2023-03-03 16:00:00,16,34,2,3,20,9,0,10,15,2,17,2,27.25,157.0,4.0,10.27,85.0,1.0869565217391304,436.1566136034732,5.363852454321553,0.85,0.973709834469328,2.9411764705882355
2023-03-03 17:00:00,17,28,1,2,20,5,0,4,13,2,15,2,23.683333333333334,186.0,4.0,10.27,70.0,0.83,376.3706136034732,3.2295416608707743,0.7,0.3894839337877313,2.9642857142857144
2023-03-03 18:00:00,18,31,2,2,23,4,0,7,16,2,18,2,24.683333333333334,192.5,4.0,10.27,77.5,1.0795454545454546,428.6456136034733,4.46376464491001,0.775,0.6815968841285297,3.064516129032258
2023-03-03 19:00:00,19,28,3,2,22,1,0,10,12,3,15,3,10.333333333333334,251.0,4.0,10.27,70.0,0.91,301.9449204052098,5.439556962025316,0.7,0.973709834469328,3.25
2023-03-03 20:00:00,20,25,3,2,18,2,0,6,9,3,12,3,11.333333333333334,174.5,4.0,11.27,62.5,0.7232142857142857,260.94992040520987,3.7499334516415264,0.625,0.5323868677905945,3.24
2023-03-03 21:00:00,21,25,3,2,18,2,0,7,9,3,12,3,12.333333333333334,209.0,4.0,11.27,62.5,0.7232142857142857,266.58992040520985,4.037422360248447,0.625,0.6211180124223603,3.24
2023-03-03 22:00:00,22,21,2,0,18,1,0,7,10,1,11,1,10.4,239.0,3.0,8.02,52.5,0.7586206896551724,231.96930680173665,4.393142144638404,0.525,0.8728179551122195,3.142857142857143
2023-03-03 23:00:00,23,21,1,2,17,1,0,7,10,0,10,0,11.4,216.5,3.0,8.02,52.5,0.7333333333333333,223.341,4.393142144638404,0.525,0.8728179551122195,3.142857142857143
2023-03-04 00:00:00,0,18,1,2,13,2,0,2,9,0,9,0,12.4,194.0,3.0,8.02,45.0,0.6021505376344086,209.146,2.175838182321973,0.45,0.2493765586034912,3.111111111111111
2023-03-04 01:00:00,1,18,1,2,13,2,0,4,10,0,10,0,13.4,247.5,3.0,8.02,45.0,0.6222222222222222,228.186,2.9516763646439457,0.45,0.4987531172069825,3.111111111111111
2023-03-04 02:00:00,2,17,1,2,13,1,0,1,10,0,10,0,14.4,307.5,3.0,8.02,42.5,0.6,231.681,1.7460686518996626,0.425,0.1246882793017456,3.176470588235294
2023-03-04 03:00:00,3,15,1,2,11,1,0,2,10,0,10,0,15.4,367.5,3.0,8.02,37.5,0.5333333333333333,233.031,1.9980049875311725,0.375,0.2493765586034912,3.2
2023-03-04 04:00:00,4,17,1,2,12,2,0,4,10,0,10,0,16.4,427.5,3.0,8.02,42.5,0.5888888888888889,242.961,2.8799361889394164,0.425,0.4987531172069825,3.117647058823529
2023-03-04 05:00:00,5,15,1,2,10,2,0,1,10,0,10,0,17.4,487.5,3.0,8.02,37.5,0.5222222222222223,244.311,1.5656899418121364,0.375,0.1246882793017456,3.1333333333333333
2023-03-04 06:00:00,6,17,1,1,13,2,0,4,11,0,11,0,18.4,541.0,3.0,8.02,42.5,0.5977011494252874,267.641,2.825597770280182,0.425,0.4987531172069825,3.0588235294117645
2023-03-04 07:00:00,7,19,1,2,12,4,0,5,12,0,12,0,19.4,593.5,3.0,8.02,47.5,0.6785714285714286,290.971,3.295324189526185,0.475,0.6234413965087282,3.0
2023-03-04 08:00:00,8,19,1,4,11,3,0,3,13,1,14,1,20.4,632.5,3.0,6.65,47.5,0.7692307692307693,324.2793068017366,2.9246141669964385,0.475,0.4511278195488721,3.1578947368421053
2023-03-04 09:00:00,9,26,1,5,17,3,0,10,16,2,18,2,21.4,562.5,3.0,6.65,65.0,1.2424242424242424,399.4026136034732,6.792625795257374,0.65,1.5037593984962403,3.1538461538461537
2023-03-04 10:00:00,10,24,1,5,15,3,0,6,15,2,17,2,22.4,558.0,4.0,9.97,60.0,0.8260869565217391,387.3526136034732,3.805717151454363,0.6,0.6018054162487462,3.1666666666666665
2023-03-04 11:00:00,11,26,2,4,18,2,0,8,16,1,17,1,23.4,618.0,4.0,9.97,65.0,0.9130434782608696,396.41430680173664,4.692392562302291,0.65,0.8024072216649949,3.230769230769231
2023-03-04 12:00:00,12,29,2,3,22,2,0,9,16,0,16,0,24.4,544.5,4.0,9.97,72.5,0.9583333333333334,394.221,5.163763704907827,0.725,0.9027081243731192,3.1724137931034484
2023-03-04 13:00:00,13,32,2,4,24,2,0,7,17,0,17,0,25.4,471.0,4.0,9.97,80.0,1.108695652173913,419.696,4.787963891675025,0.8,0.7021063189568706,3.1875
2023-03-04 14:00:00,14,27,1,3,21,2,0,5,15,0,15,0,26.4,386.0,4.0,9.97,67.5,0.84,387.811,3.660236264348602,0.675,0.5015045135406219,3.111111111111111
2023-03-04 15:00:00,15,14,0,0,13,1,0,2,5,0,5,0,27.4,305.0,4.0,9.97,35.0,0.2928571428571428,231.566,1.6124767158618711,0.35,0.2006018054162487,2.9285714285714284
2023-03-04 16:00:00,16,17,2,2,12,1,0,8,5,1,6,1,28.4,29.0,4.0,9.97,42.5,0.4117647058823529,257.9093068017366,4.0432237890141005,0.425,0.8024072216649949,3.294117647058824
2023-03-04 17:00:00,17,20,2,2,15,1,0,5,6,1,7,1,29.4,87.0,4.0,9.97,50.0,0.4924242424242424,283.38430680173656,3.254889669007021,0.5,0.5015045135406219,3.25
2023-03-04 18:00:00,18,22,2,2,14,4,0,9,6,1,7,1,30.4,147.0,4.0,9.97,55.00000000000001,0.5151515151515151,293.3143068017366,4.490188748062368,0.55,0.9027081243731192,3.090909090909091
2023-03-04 19:00:00,19,23,0,3,16,4,0,9,6,0,6,0,31.4,188.5,4.0,9.97,57.49999999999999,0.5,286.831,4.368876193798787,0.575,0.9027081243731192,2.9565217391304346
2023-03-04 20:00:00,20,21,0,2,17,2,0,6,7,0,7,0,32.4,88.0,4.0,10.12,52.5,0.4772727272727273,301.581,3.3536561264822136,0.525,0.5928853754940712,3.0
2023-03-04 21:00:00,21,22,0,2,17,3,0,5,7,0,7,0,33.4,148.0,4.0,10.12,55.00000000000001,0.4924242424242424,309.366,3.084755659360402,0.55,0.4940711462450593,2.9545454545454546
2023-03-04 22:00:00,22,17,0,1,13,3,0,5,5,0,5,0,34.4,350.0,3.0,6.8,42.5,0.4666666666666667,277.481,3.344377162629758,0.425,0.7352941176470589,2.8823529411764706
2023-03-04 23:00:00,23,19,0,1,15,3,0,8,5,0,5,0,35.4,410.0,3.0,6.8,47.5,0.5238095238095238,287.41099999999994,4.780572755417957,0.475,1.1764705882352942,2.8947368421052637
2023-03-05 00:00:00,0,21,0,2,13,6,0,10,5,0,5,0,36.4,470.0,3.0,6.8,52.5,0.5619047619047619,297.341,5.606652661064426,0.525,1.4705882352941178,2.8095238095238093
2023-03-05 01:00:00,1,23,1,4,13,5,0,8,5,1,6,1,37.4,423.0,3.0,6.8,57.49999999999999,0.6862745098039216,321.5393068017366,5.330562659846548,0.575,1.1764705882352942,3.0434782608695654
2023-03-05 02:00:00,2,19,1,3,11,4,0,3,6,1,7,1,38.4,376.0,3.0,6.8,47.5,0.5858585858585859,331.99930680173657,2.796749226006192,0.475,0.4411764705882353,3.0526315789473686
2023-03-05 03:00:00,3,16,0,2,11,3,0,1,6,0,6,0,39.4,543.0,3.0,6.8,40.0,0.4607843137254901,316.936,1.6069852941176472,0.4,0.1470588235294117,2.9375
2023-03-05 04:00:00,4,20,0,2,14,4,0,5,6,0,6,0,40.4,603.0,3.0,6.8,50.0,0.5686274509803921,331.15599999999995,3.5823529411764707,0.5,0.7352941176470589,2.9
2023-03-05 05:00:00,5,20,0,2,14,4,0,3,7,0,7,0,41.4,556.0,3.0,6.8,50.0,0.5858585858585859,350.196,2.7294117647058824,0.5,0.4411764705882353,2.9
2023-03-05 06:00:00,6,20,0,2,15,3,0,2,6,0,6,0,42.4,723.0,3.0,6.8,50.0,0.5784313725490197,342.436,2.342647058823529,0.5,0.2941176470588235,2.95
2023-03-05 07:00:00,7,25,0,2,20,3,0,5,7,0,7,0,43.4,676.0,3.0,6.8,62.5,0.7474747474747475,372.201,4.026470588235294,0.625,0.7352941176470589,2.96
2023-03-05 08:00:00,8,27,0,3,21,3,0,6,8,1,9,1,44.4,506.0,3.0,7.73,67.5,0.8709677419354839,409.79930680173663,4.353589909443725,0.675,0.7761966364812418,3.0
2023-03-05 09:00:00,9,29,0,7,19,3,0,13,8,2,10,2,45.4,209.0,3.0,7.73,72.5,1.011111111111111,433.9976136034732,7.552244948030512,0.725,1.6817593790426908,3.1379310344827585
2023-03-05 10:00:00,10,33,0,10,18,4,1,13,12,1,13,1,46.4,166.0,4.0,10.98,82.5,0.9537037037037036,487.5493068017366,6.270424187227466,0.825,1.1839708561020037,3.121212121212121
2023-03-05 11:00:00,11,37,2,9,20,5,1,15,15,2,17,2,47.4,147.0,4.0,10.98,92.5,1.2717391304347827,556.2376136034732,7.24489366415596,0.925,1.366120218579235,3.1621621621621623
2023-03-05 12:00:00,12,37,2,8,24,3,0,12,15,1,16,1,48.4,193.0,4.0,10.98,92.5,1.25,547.6093068017366,6.54452813469207,0.925,1.092896174863388,3.2432432432432434
2023-03-05 13:00:00,13,39,2,8,25,4,0,12,16,2,18,2,49.4,224.0,4.0,10.98,97.5,1.4204545454545454,585.2076136034732,6.627872355331372,0.975,1.092896174863388,3.2051282051282053
2023-03-05 14:00:00,14,37,1,8,25,2,1,9,15,2,17,2,50.4,243.0,4.0,10.98,92.5,1.2717391304347827,573.1576136034732,5.516936198493576,0.925,0.819672131147541,3.1621621621621623
2023-03-05 15:00:00,15,42,1,9,29,3,0,15,20,0,20,0,51.4,261.5,4.0,10.98,105.0,1.675,627.986,7.708574030705178,1.05,1.366120218579235,3.1904761904761907
2023-03-05 16:00:00,16,46,1,11,32,2,0,17,23,0,23,0,52.4,244.0,4.0,10.98,115.0,2.1911764705882355,682.406,8.740047121248118,1.15,1.5482695810564662,3.239130434782609
2023-03-05 17:00:00,17,43,1,9,31,2,0,9,23,0,23,0,53.4,304.0,4.0,10.98,107.5,2.0294117647058822,681.611,6.0805756767060615,1.075,0.819672131147541,3.2093023255813957
2023-03-05 18:00:00,18,43,2,8,31,2,0,15,23,0,23,0,54.4,342.0,4.0,10.98,107.5,2.044117647058824,687.251,7.89106303215148,1.075,1.366120218579235,3.232558139534884
2023-03-05 19:00:00,19,43,2,7,29,4,1,19,20,0,20,0,55.4,291.0,4.0,10.98,107.5,1.675,652.691,8.742468335663151,1.075,1.7304189435336976,3.116279069767442
2023-03-05 20:00:00,20,36,2,7,25,1,1,10,20,0,20,0,56.4,313.5,4.0,11.69,90.0,1.45,643.316,5.656391977948863,0.9,0.855431993156544,3.2222222222222223
2023-03-05 21:00:00,21,38,2,9,24,2,1,13,22,0,22,0,57.4,359.5,4.0,11.69,95.0,1.7083333333333333,680.046,6.674567781729774,0.95,1.1120615911035072,3.236842105263158
2023-03-05 22:00:00,22,37,2,8,24,2,1,13,22,0,22,0,58.4,419.5,3.0,8.440000000000001,92.5,2.203703703703704,683.5409999999999,7.928887536825925,0.925,1.5402843601895733,3.216216216216216
2023-03-05 23:00:00,23,39,3,7,26,2,1,13,22,0,22,0,59.4,464.5,3.0,8.440000000000001,97.5,2.333333333333333,693.471,8.126303317535545,0.975,1.5402843601895733,3.230769230769231
2023-03-06 00:00:00,0,33,3,6,23,0,1,5,22,0,22,0,60.4,524.5,3.0,8.440000000000001,82.5,2.0185185185185186,686.241,4.681771506534539,0.825,0.5924170616113743,3.303030303030303
2023-03-06 01:00:00,1,35,3,6,25,0,1,7,21,0,21,0,61.4,592.0,3.0,8.440000000000001,87.5,2.017543859649123,682.771,5.600118483412322,0.875,0.8293838862559241,3.2857142857142856
2023-03-06 02:00:00,2,35,3,7,24,0,1,8,22,0,22,0,62.4,644.5,3.0,8.440000000000001,87.5,2.1481481481481484,701.8109999999999,6.0415030467163175,0.875,0.947867298578199,3.3142857142857145
2023-03-06 03:00:00,3,28,3,7,17,0,1,1,22,0,22,0,63.4,704.5,3.0,8.440000000000001,70.0,1.7592592592592593,692.4359999999999,2.776997291807718,0.7,0.1184834123222748,3.392857142857143
2023-03-06 04:00:00,4,29,3,7,17,1,1,4,22,0,22,0,64.4,764.5,3.0,8.440000000000001,72.5,1.7962962962962965,700.221,4.010226344173884,0.725,0.4739336492890995,3.3448275862068964
2023-03-06 05:00:00,5,32,3,7,20,1,1,4,22,0,22,0,65.4,824.5,3.0,8.440000000000001,80.0,1.962962962962963,712.296,4.219905213270143,0.8,0.4739336492890995,3.3125
2023-03-06 06:00:00,6,35,4,10,19,1,1,6,23,0,23,0,66.4,877.0,3.0,8.440000000000001,87.5,2.3529411764705883,737.771,5.437373053486797,0.875,0.7109004739336492,3.4285714285714284
2023-03-06 07:00:00,7,40,4,10,24,1,1,8,24,0,24,0,67.4,917.0,3.0,8.440000000000001,100.0,2.8125,767.5360000000001,6.574052132701421,1.0,0.947867298578199,3.375
2023-03-06 08:00:00,8,34,3,8,23,0,0,3,24,0,24,0,68.4,977.0,3.0,7.29,85.0,2.4166666666666665,760.306,4.30401839748245,0.85,0.411522633744856,3.411764705882353
2023-03-06 09:00:00,9,37,3,6,27,1,0,6,24,0,24,0,69.4,981.0,3.0,7.29,92.5,2.5416666666666665,772.3810000000001,5.763824936047159,0.925,0.823045267489712,3.2972972972972974
2023-03-06 10:00:00,10,39,3,8,28,0,0,9,28,0,28,0,70.4,945.0,4.0,10.54,97.5,2.7291666666666665,835.9110000000001,6.143194424171655,0.975,0.8538899430740039,3.358974358974359
2023-03-06 11:00:00,11,47,4,9,34,0,0,14,31,1,32,1,71.4,853.5,4.0,10.54,117.5,4.9375,913.1793068017366,8.41525899309621,1.175,1.3282732447817838,3.3617021276595747
2023-03-06 12:00:00,12,55,4,9,40,2,0,14,33,2,35,2,72.4,864.0,4.0,10.54,137.5,9.0,977.0476136034732,8.847076073831293,1.375,1.3282732447817838,3.272727272727273
2023-03-06 13:00:00,13,58,5,9,43,1,0,9,34,3,37,3,73.4,710.0,4.0,10.54,145.0,16.0,1016.7909204052098,7.626670156382908,1.45,0.8538899430740039,3.310344827586207
2023-03-06 14:00:00,14,54,4,8,42,0,0,7,31,3,34,3,74.4,414.0,4.0,10.54,135.0,7.416666666666667,973.6509204052098,6.639191088621828,1.35,0.6641366223908919,3.2962962962962963
2023-03-06 15:00:00,15,52,3,9,40,0,0,6,27,4,31,4,46.833333333333336,407.0,4.0,10.54,130.0,4.75,774.5532272069464,6.146989490585316,1.3,0.5692599620493359,3.2884615384615383
2023-03-06 16:00:00,16,46,1,8,37,0,0,7,22,3,25,3,47.833333333333336,411.0,4.0,10.54,115.0,2.466666666666667,686.0549204052098,5.836787393779391,1.15,0.6641366223908919,3.217391304347826
2023-03-06 17:00:00,17,49,0,10,39,0,0,11,22,3,25,3,48.833333333333336,471.0,4.0,10.54,122.5,2.6166666666666667,698.1299204052099,7.268918212446268,1.225,1.0436432637571158,3.204081632653061
2023-03-06 18:00:00,18,47,0,11,35,0,1,10,22,3,25,3,49.833333333333336,317.0,4.0,10.54,117.5,2.5,699.4799204052099,6.777978521539021,1.175,0.94876660341556,3.191489361702128
2023-03-06 19:00:00,19,50,1,12,37,0,0,11,22,5,27,5,50.833333333333336,273.0,4.0,10.54,125.0,3.1538461538461537,740.0915340086831,7.52314990512334,1.25,1.0436432637571158,3.28
2023-03-06 20:00:00,20,54,2,11,39,1,1,13,23,4,27,4,51.833333333333336,194.0,4.0,9.6,135.0,3.3461538461538463,753.4432272069464,8.713425925925925,1.35,1.3541666666666667,3.2222222222222223
2023-03-06 21:00:00,21,56,2,13,40,1,0,15,25,3,28,3,52.833333333333336,226.0,4.0,9.6,140.0,3.8333333333333335,775.9049204052099,9.73392857142857,1.4,1.5625,3.2857142857142856
2023-03-06 22:00:00,22,49,2,13,34,0,0,5,22,4,26,4,53.833333333333336,280.0,3.0,6.35,122.5,3.9047619047619047,740.5982272069465,6.735384862606461,1.225,0.7874015748031497,3.346938775510204
2023-03-06 23:00:00,23,51,3,12,35,0,1,11,21,3,24,3,54.833333333333336,291.5,3.0,6.35,127.5,3.520833333333333,722.8599204052098,9.965311872780608,1.275,1.7322834645669292,3.313725490196078
2023-03-07 00:00:00,0,49,3,12,33,1,0,8,21,3,24,3,55.833333333333336,351.5,3.0,6.35,122.5,3.4166666666666665,724.2099204052099,8.316615780170336,1.225,1.2598425196850394,3.346938775510204
2023-03-07 01:00:00,1,52,3,14,31,4,0,7,21,3,24,3,56.833333333333336,411.5,3.0,6.35,130.0,3.583333333333333,736.28492040521,7.946274984857662,1.3,1.1023622047244095,3.3076923076923075
2023-03-07 02:00:00,2,50,4,15,27,4,0,3,21,4,25,4,57.833333333333336,465.0,3.0,6.35,125.0,3.755555555555556,751.9032272069464,5.821850393700787,1.25,0.4724409448818898,3.38
2023-03-07 03:00:00,3,45,4,15,24,2,0,5,21,5,26,5,58.833333333333336,523.5,3.0,6.35,112.5,3.7142857142857135,761.0865340086831,6.629658792650918,1.125,0.7874015748031497,3.466666666666667
2023-03-07 04:00:00,4,42,4,13,23,2,0,1,21,3,24,3,59.833333333333336,591.5,3.0,6.35,105.0,3.020833333333333,731.7549204052098,4.168682039745032,1.05,0.1574803149606299,3.452380952380953
2023-03-07 05:00:00,5,37,3,12,22,0,0,2,21,2,23,2,60.833333333333336,658.0,3.0,6.35,92.5,2.5294117647058822,712.4016136034732,4.323105979995744,0.925,0.3149606299212598,3.4864864864864864
2023-03-07 06:00:00,6,35,3,12,20,0,0,2,21,2,23,2,61.833333333333336,718.0,3.0,6.35,87.5,2.411764705882353,713.7516136034733,4.181861642294713,0.875,0.3149606299212598,3.5142857142857142
2023-03-07 07:00:00,7,35,3,12,20,0,0,2,21,2,23,2,62.833333333333336,778.0,3.0,6.35,87.5,2.411764705882353,719.3916136034732,4.181861642294713,0.875,0.3149606299212598,3.5142857142857142
2023-03-07 08:00:00,8,39,4,13,22,0,0,6,25,2,27,2,63.833333333333336,822.0,3.0,8.39,97.5,3.5384615384615383,787.2116136034732,5.980485009626845,0.975,0.7151370679380215,3.5384615384615383
2023-03-07 09:00:00,9,44,4,12,28,0,0,9,27,2,29,2,64.83333333333333,815.0,3.0,8.39,110.0,4.606060606060606,830.3766136034733,7.505710261133385,1.1,1.072705601907032,3.4545454545454546
2023-03-07 10:00:00,10,44,4,13,27,0,0,8,27,3,30,3,65.83333333333333,863.5,4.0,11.71,110.0,3.825,850.2849204052097,6.200591957146184,1.1,0.6831767719897524,3.477272727272727
2023-03-07 11:00:00,11,47,3,12,30,1,1,13,27,3,30,3,66.83333333333333,910.0,4.0,11.71,117.5,3.9,862.3599204052098,7.584793865944728,1.175,1.1101622544833474,3.3191489361702127
2023-03-07 12:00:00,12,51,2,12,34,2,1,10,26,3,29,3,67.83333333333333,972.0,4.0,11.71,127.5,3.75,863.1799204052097,6.887847239664439,1.275,0.8539709649871904,3.235294117647059
2023-03-07 13:00:00,13,46,1,10,31,4,0,10,21,3,24,3,68.83333333333333,870.0,4.0,11.71,115.0,2.28125,791.0949204052099,6.36042958452456,1.15,0.8539709649871904,3.1739130434782608
2023-03-07 14:00:00,14,44,0,8,32,4,0,12,20,3,23,3,69.83333333333333,292.0,4.0,11.71,110.0,2.0,779.0449204052097,6.567455942861579,1.1,1.0247651579846284,3.090909090909091
2023-03-07 15:00:00,15,44,0,5,34,5,0,12,16,2,18,2,70.83333333333333,297.0,4.0,11.71,110.0,1.5,716.8166136034731,6.374295473953886,1.1,1.0247651579846284,3.0
2023-03-07 16:00:00,16,39,0,5,29,5,0,10,19,1,20,1,71.83333333333333,204.0,4.0,11.71,97.5,1.4625,737.6633068017366,5.486912894961571,0.975,0.8539709649871904,3.0
2023-03-07 17:00:00,17,38,0,5,28,5,0,5,20,1,21,1,72.83333333333333,242.0,4.0,11.71,95.0,1.5,754.5583068017365,4.130956447480786,0.95,0.4269854824935952,3.0
2023-03-07 18:00:00,18,32,1,4,22,5,0,7,18,2,20,2,73.83333333333333,298.0,4.0,11.71,80.0,1.2125,734.7966136034731,4.2370196413321946,0.8,0.5977796754910333,3.03125
2023-03-07 19:00:00,19,33,2,5,22,4,0,9,18,2,20,2,74.83333333333333,325.5,4.0,11.71,82.5,1.3,742.5816136034732,5.02217219160003,0.825,0.7685738684884713,3.1515151515151514
2023-03-07 20:00:00,20,37,2,6,25,3,1,11,16,2,18,2,75.83333333333333,385.5,4.0,11.760000000000002,92.5,1.318181818181818,730.0016136034732,5.832524361095789,0.925,0.935374149659864,3.135135135135135
2023-03-07 21:00:00,21,41,2,6,25,6,2,12,17,1,18,1,76.83333333333333,288.0,4.0,11.760000000000002,102.5,1.3977272727272727,743.3533068017366,6.136224489795918,1.025,1.020408163265306,3.0
2023-03-07 22:00:00,22,33,2,5,20,5,1,2,17,0,17,0,77.83333333333333,319.0,3.0,8.440000000000001,82.5,1.463768115942029,717.565,3.2502620996696825,0.825,0.2369668246445497,3.060606060606061
2023-03-07 23:00:00,23,26,2,4,16,3,1,4,16,1,17,1,78.83333333333333,379.0,3.0,8.440000000000001,65.0,1.173913043478261,709.0583068017365,3.5014855997083485,0.65,0.4739336492890995,3.1153846153846154
2023-03-08 00:00:00,0,26,2,4,16,3,1,5,14,1,15,1,79.83333333333333,497.0,3.0,8.440000000000001,65.0,1.08,687.8983068017366,3.8706069996354353,0.65,0.5924170616113743,3.1153846153846154
2023-03-08 01:00:00,1,24,1,4,16,2,1,3,14,1,15,1,80.83333333333333,557.0,3.0,8.440000000000001,60.0,0.9866666666666668,689.2483068017366,2.9459715639810424,0.6,0.3554502369668246,3.083333333333333
2023-03-08 02:00:00,2,21,1,4,14,1,1,1,14,1,15,1,81.83333333333333,617.0,3.0,8.440000000000001,52.5,0.88,688.4533068017365,2.0223764387271497,0.525,0.1184834123222748,3.142857142857143
2023-03-08 03:00:00,3,22,2,4,13,2,1,3,16,1,17,1,82.83333333333333,619.0,3.0,8.440000000000001,55.00000000000001,1.0144927536231885,723.0383068017366,2.880978026712624,0.55,0.3554502369668246,3.1818181818181817
2023-03-08 04:00:00,4,22,2,4,14,1,1,2,16,1,17,1,83.83333333333333,679.0,3.0,8.440000000000001,55.00000000000001,1.0289855072463767,728.6783068017365,2.539756570443774,0.55,0.2369668246445497,3.227272727272727
2023-03-08 05:00:00,5,24,2,5,14,2,1,3,17,1,18,1,84.83333333333333,684.5,3.0,8.440000000000001,60.0,1.1666666666666667,752.0083068017366,3.065402843601896,0.6,0.3554502369668246,3.208333333333333
2023-03-08 06:00:00,6,24,2,5,13,3,1,1,17,1,18,1,85.83333333333333,744.5,3.0,8.440000000000001,60.0,1.1515151515151516,757.6483068017367,2.27519747235387,0.6,0.1184834123222748,3.1666666666666665
2023-03-08 07:00:00,7,25,2,6,13,3,1,3,18,1,19,1,86.83333333333333,750.0,3.0,8.440000000000001,62.5,1.2698412698412698,778.8333068017366,3.137440758293839,0.625,0.3554502369668246,3.2
2023-03-08 08:00:00,8,30,3,6,17,2,2,7,18,2,20,2,87.83333333333333,791.5,3.0,6.38,75.0,1.6,809.4666136034732,5.910971786833856,0.75,1.09717868338558,3.2
2023-03-08 09:00:00,9,37,4,6,20,4,3,10,18,2,20,2,88.83333333333333,851.5,3.0,6.38,92.5,1.9166666666666667,830.1216136034732,7.746642802677285,0.925,1.567398119122257,3.108108108108108
2023-03-08 10:00:00,10,36,3,8,23,2,0,8,21,2,23,2,89.83333333333333,839.0,4.0,10.08,90.0,1.7647058823529411,873.8166136034731,5.645502645502646,0.9,0.7936507936507936,3.333333333333333
2023-03-08 11:00:00,11,37,5,5,23,4,0,9,23,2,25,2,90.83333333333331,511.0,4.0,10.08,92.5,2.033333333333333,908.4016136034732,5.994015444015445,0.925,0.8928571428571429,3.2972972972972974
2023-03-08 12:00:00,12,39,5,5,21,8,0,10,21,2,23,2,91.83333333333331,542.0,4.0,10.08,97.5,1.8235294117647056,891.5316136034731,6.2542531542531545,0.975,0.992063492063492,3.1794871794871797
2023-03-08 13:00:00,13,36,5,6,18,7,0,3,22,2,24,2,92.83333333333331,422.5,4.0,10.08,90.0,1.828125,904.1366136034732,3.892261904761905,0.9,0.2976190476190476,3.25
2023-03-08 14:00:00,14,33,3,6,16,8,0,7,17,1,18,1,93.83333333333331,253.0,4.0,10.08,82.5,1.1704545454545454,822.0733068017365,4.742508417508417,0.825,0.6944444444444444,3.121212121212121
2023-03-08 15:00:00,15,36,4,6,18,8,0,9,15,2,17,2,94.83333333333331,268.0,4.0,10.08,90.0,1.2391304347826086,821.6166136034731,5.677380952380952,0.9,0.8928571428571429,3.1666666666666665
2023-03-08 16:00:00,16,34,4,6,19,5,0,9,19,1,20,1,95.83333333333331,250.5,4.0,10.08,85.0,1.3875,862.2983068017365,5.689915966386555,0.85,0.8928571428571429,3.264705882352941
2023-03-08 17:00:00,17,42,4,8,24,6,0,10,22,1,23,1,96.83333333333331,242.0,4.0,10.08,105.0,2.0,925.2983068017364,6.612396069538926,1.05,0.992063492063492,3.238095238095238
2023-03-08 18:00:00,18,40,6,6,23,5,0,7,21,2,23,2,97.83333333333331,190.0,4.0,10.08,100.0,1.9558823529411764,927.5166136034732,5.634027777777778,1.0,0.6944444444444444,3.325
2023-03-08 19:00:00,19,35,6,4,23,2,0,6,21,1,22,1,98.83333333333331,218.5,4.0,10.08,87.5,1.6527777777777777,908.1633068017366,4.998809523809524,0.875,0.5952380952380952,3.4
2023-03-08 20:00:00,20,31,6,3,19,3,0,3,18,1,19,1,99.83333333333331,259.0,4.0,11.43,77.5,1.25,865.0233068017366,3.514001778003556,0.775,0.2624671916010498,3.3870967741935485
2023-03-08 21:00:00,21,32,6,3,22,1,0,9,17,0,17,0,100.83333333333331,334.0,4.0,11.43,80.0,1.1956521739130437,845.1399999999999,5.456692913385828,0.8,0.7874015748031497,3.4375
2023-03-08 22:00:00,22,33,7,4,20,2,0,9,17,1,18,1,101.83333333333331,380.0,3.0,7.73,82.5,1.7424242424242424,867.1933068017365,6.932391508879219,0.825,1.1642949547218628,3.484848484848485
2023-03-08 23:00:00,23,31,7,4,19,1,0,6,17,1,18,1,102.83333333333331,440.0,3.0,7.73,77.5,1.6666666666666667,868.5433068017365,5.504246129449569,0.775,0.7761966364812418,3.548387096774193
2023-03-09 00:00:00,0,34,7,6,19,2,0,9,19,1,20,1,27.7,442.5,3.0,7.73,85.0,2.0,478.0263068017366,7.109276310783045,0.85,1.1642949547218628,3.5294117647058822
2023-03-09 01:00:00,1,33,7,6,19,1,0,3,20,1,21,1,28.7,486.0,3.0,7.73,82.5,2.0701754385964914,494.9213068017366,4.337745501587675,0.825,0.3880983182406209,3.575757575757576
2023-03-09 02:00:00,2,28,5,6,17,0,0,2,19,0,19,0,21.766666666666666,579.0,3.0,7.73,70.0,1.5873015873015872,417.424,3.424043614858621,0.7,0.258732212160414,3.571428571428572
2023-03-09 03:00:00,3,26,5,5,16,0,0,2,19,0,19,0,22.766666666666666,639.0,3.0,7.73,65.0,1.4761904761904765,418.774,3.2504652204199425,0.65,0.258732212160414,3.576923076923077
2023-03-09 04:00:00,4,25,5,4,16,0,0,1,19,0,19,0,23.766666666666666,699.0,3.0,7.73,62.5,1.4126984126984128,422.269,2.685543337645537,0.625,0.129366106080207,3.56
2023-03-09 05:00:00,5,28,5,7,16,0,0,3,21,1,22,1,24.766666666666666,708.0,3.0,7.73,70.0,1.8703703703703705,475.4123068017366,3.924926076510812,0.7,0.3880983182406209,3.607142857142857
2023-03-09 06:00:00,6,30,6,7,17,0,0,3,22,2,24,2,25.766666666666666,738.5,3.0,7.73,75.0,2.270833333333333,513.0106136034732,4.135090556274256,0.75,0.3880983182406209,3.633333333333333
2023-03-09 07:00:00,7,30,6,6,18,0,0,1,22,2,24,2,26.766666666666666,798.5,3.0,7.73,75.0,2.25,518.6506136034732,3.165717981888745,0.75,0.129366106080207,3.6
2023-03-09 08:00:00,8,31,6,6,19,0,0,7,23,2,25,2,27.766666666666666,847.0,3.0,6.43,77.5,2.466666666666667,539.8356136034732,6.67305849596147,0.775,1.088646967340591,3.5806451612903225
2023-03-09 09:00:00,9,32,6,6,19,1,0,2,23,2,25,2,28.766666666666666,863.0,3.0,6.43,80.0,2.511111111111111,547.6206136034732,3.923367029548989,0.8,0.3110419906687403,3.53125
2023-03-09 10:00:00,10,37,6,8,22,1,0,10,27,1,28,1,29.766666666666666,726.0,4.0,9.68,92.5,2.708333333333333,603.3173068017365,6.879662720571813,0.925,1.0330578512396695,3.5135135135135136
2023-03-09 11:00:00,11,50,6,8,33,3,0,16,31,1,32,1,30.766666666666666,519.5,4.0,9.68,125.0,5.21875,690.4423068017367,9.695661157024793,1.25,1.6528925619834711,3.34
2023-03-09 12:00:00,12,44,6,7,30,1,0,3,30,1,31,1,31.766666666666666,455.0,4.0,9.68,110.0,4.166666666666667,669.8123068017367,4.806536438767844,1.1,0.3099173553719008,3.409090909090909
2023-03-09 13:00:00,13,44,5,7,32,0,0,8,26,1,27,1,25.366666666666667,426.0,4.0,9.68,110.0,2.8653846153846154,580.1163068017366,6.523647633358377,1.1,0.8264462809917356,3.386363636363636
2023-03-09 14:00:00,14,48,6,6,36,0,0,10,22,1,23,1,26.366666666666667,364.0,4.0,9.68,120.0,2.3823529411764706,540.7363068017365,7.536570247933884,1.2,1.0330578512396695,3.375
2023-03-09 15:00:00,15,45,4,7,33,1,0,10,20,1,21,1,25.216666666666665,353.0,4.0,9.68,112.5,1.9605263157894737,501.01530680173664,7.145569329660238,1.125,1.0330578512396695,3.311111111111111
2023-03-09 16:00:00,16,43,2,7,34,0,0,8,20,0,20,0,26.216666666666665,380.5,4.0,9.68,107.5,1.75,488.097,6.190755333461465,1.075,0.8264462809917356,3.255813953488372
2023-03-09 17:00:00,17,45,1,7,35,1,1,11,22,0,22,0,27.216666666666665,407.5,4.0,9.68,112.5,1.9583333333333333,524.827,7.085606060606062,1.125,1.1363636363636365,3.1333333333333333
2023-03-09 18:00:00,18,41,1,7,33,0,0,5,23,0,23,0,28.216666666666665,451.0,4.0,9.68,102.5,1.9411764705882355,535.2869999999999,4.962971175166297,1.025,0.5165289256198348,3.2195121951219514
2023-03-09 19:00:00,19,40,1,5,33,1,0,9,19,0,19,0,24.383333333333333,375.0,4.0,9.68,100.0,1.5,457.922,6.078719008264462,1.0,0.9297520661157024,3.15
2023-03-09 20:00:00,20,46,2,3,39,1,1,10,21,1,22,1,25.383333333333333,308.5,4.0,10.58,115.0,1.9722222222222223,517.5003068017365,6.467728281416948,1.15,0.945179584120983,3.0869565217391304
2023-03-09 21:00:00,21,43,2,3,35,2,1,8,20,2,22,2,26.383333333333333,335.0,4.0,10.58,107.5,1.8333333333333333,517.5736136034733,5.621185211236647,1.075,0.7561436672967864,3.069767441860465
2023-03-09 22:00:00,22,42,2,4,33,3,0,10,17,2,19,2,27.383333333333333,358.0,3.0,7.33,105.0,2.0793650793650795,480.8686136034733,7.530180926395115,1.05,1.364256480218281,3.119047619047619
2023-03-09 23:00:00,23,42,1,6,31,4,0,10,16,2,18,2,28.383333333333333,390.5,3.0,7.33,105.0,1.9696969696969695,473.10861360347326,7.472698629247061,1.05,1.364256480218281,3.095238095238096
2023-03-10 00:00:00,0,30,1,6,21,2,0,1,15,2,17,2,29.383333333333333,469.0,3.0,7.33,75.0,1.391304347826087,439.6086136034732,2.83656207366985,0.75,0.1364256480218281,3.2
2023-03-10 01:00:00,1,32,1,8,21,2,0,7,15,2,17,2,30.383333333333333,529.0,3.0,7.33,80.0,1.5072463768115942,449.5386136034732,5.70368349249659,0.8,0.9549795361527968,3.25
2023-03-10 02:00:00,2,30,1,7,20,2,0,2,14,2,16,2,31.383333333333333,593.5,3.0,7.33,75.0,1.3472222222222223,437.48861360347325,3.307219190541155,0.75,0.2728512960436562,3.2333333333333334
2023-03-10 03:00:00,3,26,1,5,18,2,0,3,14,2,16,2,32.38333333333333,653.5,3.0,7.33,65.0,1.1527777777777777,434.54861360347326,3.381537936824431,0.65,0.4092769440654843,3.1923076923076925
2023-03-10 04:00:00,4,25,1,4,18,2,0,2,14,2,16,2,33.38333333333333,713.5,3.0,7.33,62.5,1.0972222222222223,438.0436136034732,2.8372100954979538,0.625,0.2728512960436562,3.16
2023-03-10 05:00:00,5,24,1,4,17,2,0,3,14,2,16,2,34.38333333333333,773.5,3.0,7.33,60.0,1.0555555555555556,441.5386136034732,3.196043656207366,0.6,0.4092769440654843,3.1666666666666665
2023-03-10 06:00:00,6,24,1,4,17,2,0,2,14,2,16,2,35.38333333333333,833.5,3.0,7.33,60.0,1.0555555555555556,447.1786136034732,2.7640291041382445,0.6,0.2728512960436562,3.1666666666666665
2023-03-10 07:00:00,7,25,1,5,17,2,0,3,14,2,16,2,36.38333333333333,893.5,3.0,7.33,62.5,1.1111111111111112,454.9636136034732,3.309686221009549,0.625,0.4092769440654843,3.2
2023-03-10 08:00:00,8,25,1,6,17,1,0,4,15,2,17,2,37.38333333333333,949.0,3.0,8.059999999999999,62.5,1.1884057971014492,474.0036136034733,3.677791563275434,0.625,0.4962779156327544,3.28
2023-03-10 09:00:00,9,30,0,9,20,1,0,10,14,3,17,3,33.03333333333333,972.0,3.0,8.059999999999999,75.0,1.420289855072464,461.06292040520987,6.502936311000828,0.75,1.240694789081886,3.2666666666666666
2023-03-10 10:00:00,10,34,0,9,25,0,0,7,16,3,19,3,34.03333333333333,780.0,4.0,11.759999999999998,85.0,1.3214285714285714,502.0829204052097,4.71827731092437,0.85,0.5952380952380953,3.264705882352941
2023-03-10 11:00:00,11,44,0,8,32,4,0,13,21,3,24,3,35.03333333333333,753.0,4.0,11.759999999999998,110.0,2.125,596.1729204052099,6.816821273964132,1.1,1.1054421768707483,3.090909090909091
2023-03-10 12:00:00,12,42,0,7,33,2,0,7,18,3,21,3,36.03333333333333,817.0,4.0,11.759999999999998,105.0,1.7236842105263157,557.3229204052099,5.131575963718821,1.05,0.5952380952380953,3.119047619047619
2023-03-10 13:00:00,13,32,0,7,24,1,0,4,15,3,18,3,37.03333333333333,873.0,4.0,11.759999999999998,80.0,1.1590909090909092,501.31292040520987,3.634183673469389,0.8,0.3401360544217687,3.1875
2023-03-10 14:00:00,14,31,0,7,23,1,0,8,14,3,17,3,38.03333333333333,929.0,4.0,11.759999999999998,77.5,1.076086956521739,491.4079204052098,4.647481895984201,0.775,0.6802721088435375,3.193548387096774
2023-03-10 15:00:00,15,25,0,5,19,1,0,7,9,1,10,1,28.066666666666663,308.5,4.0,11.759999999999998,62.5,0.6583333333333333,326.78930680173664,3.8559523809523815,0.625,0.5952380952380953,3.16
2023-03-10 16:00:00,16,22,0,2,18,2,0,5,9,1,10,1,29.066666666666663,244.0,4.0,11.759999999999998,55.00000000000001,0.55,325.99430680173657,2.925510204081633,0.55,0.4251700680272109,3.0
2023-03-10 17:00:00,17,28,0,2,21,5,0,14,12,1,13,1,30.066666666666663,136.0,4.0,11.759999999999998,70.0,0.75,384.7043068017366,5.468877551020409,0.7,1.190476190476191,2.892857142857143
2023-03-10 18:00:00,18,34,1,3,25,5,0,10,15,1,16,1,31.066666666666663,170.0,4.0,11.759999999999998,85.0,1.0625,443.41430680173664,5.101020408163266,0.85,0.8503401360544219,3.0
2023-03-10 19:00:00,19,33,2,4,23,4,0,10,15,1,16,1,32.06666666666667,157.0,4.0,11.759999999999998,82.5,1.0729166666666667,446.9093068017366,5.229091939806225,0.825,0.8503401360544219,3.121212121212121
2023-03-10 20:00:00,20,33,2,5,18,8,0,12,9,1,10,1,33.06666666666667,130.0,4.0,11.48,82.5,0.8333333333333334,372.1493068017367,5.667564143173899,0.825,1.0452961672473868,3.0303030303030303
2023-03-10 21:00:00,21,28,1,5,17,5,0,6,9,1,10,1,34.06666666666667,190.0,4.0,11.48,70.0,0.7166666666666667,367.0643068017366,3.755276256844201,0.7,0.5226480836236934,3.071428571428572
2023-03-10 22:00:00,22,23,0,6,12,4,1,8,6,0,6,0,35.06666666666667,260.5,3.0,7.779999999999999,57.49999999999999,0.6764705882352942,307.511,4.809832904884319,0.575,1.0282776349614398,3.0
2023-03-10 23:00:00,23,22,1,4,11,6,0,10,5,2,7,2,36.06666666666667,253.0,3.0,7.779999999999999,55.00000000000001,0.6666666666666666,326.14261360347325,5.506041131105398,0.55,1.2853470437017995,3.0
2023-03-11 00:00:00,0,19,1,3,11,4,0,7,7,2,9,2,37.06666666666667,240.0,3.0,7.779999999999999,47.5,0.6236559139784946,352.14761360347325,4.19658368285753,0.475,0.8997429305912598,3.0526315789473686
2023-03-11 01:00:00,1,19,1,3,12,3,0,6,7,2,9,2,38.06666666666667,300.0,3.0,7.779999999999999,47.5,0.6344086021505376,357.78761360347323,3.869804491949669,0.475,0.7712082262210798,3.1052631578947367
2023-03-11 02:00:00,2,19,0,3,12,4,0,3,6,1,7,1,39.06666666666667,360.0,3.0,7.779999999999999,47.5,0.5656565656565656,335.7593068017366,2.536517386010012,0.475,0.3856041131105399,2.9473684210526314
2023-03-11 03:00:00,3,20,0,3,12,5,0,4,6,1,7,1,40.06666666666667,420.0,3.0,7.779999999999999,50.0,0.5858585858585859,343.54430680173664,2.941002570694088,0.5,0.5141388174807199,2.9
2023-03-11 04:00:00,4,17,0,3,12,2,0,2,6,1,7,1,41.06666666666667,480.0,3.0,7.779999999999999,42.5,0.5252525252525253,342.7493068017366,2.086329956146983,0.425,0.2570694087403599,3.0588235294117645
2023-03-11 05:00:00,5,15,0,2,10,3,0,3,6,1,7,1,42.06666666666667,540.0,3.0,7.779999999999999,37.5,0.4444444444444444,344.0993068017366,2.231105398457584,0.375,0.3856041131105399,2.933333333333333
2023-03-11 06:00:00,6,19,0,2,13,4,0,6,6,1,7,1,43.06666666666667,600.0,3.0,7.779999999999999,47.5,0.5555555555555556,358.3193068017366,3.6074448653768094,0.475,0.7712082262210798,2.8947368421052637
2023-03-11 07:00:00,7,15,0,2,11,2,0,2,6,1,7,1,44.06666666666667,660.0,3.0,7.779999999999999,37.5,0.4545454545454545,355.3793068017366,1.89620822622108,0.375,0.2570694087403599,3.0
2023-03-11 08:00:00,8,20,1,2,11,6,0,7,8,1,9,1,45.06666666666667,552.0,3.0,6.13,50.0,0.6236559139784946,398.54430680173664,4.761582381729201,0.5,1.1419249592169658,2.9
2023-03-11 09:00:00,9,21,1,3,12,5,0,6,9,1,10,1,46.06666666666667,602.5,3.0,6.13,52.5,0.7,419.72930680173664,4.511378466557912,0.525,0.9787928221859706,3.0
2023-03-11 10:00:00,10,20,1,3,13,3,0,8,10,1,11,1,47.06666666666667,607.0,4.0,11.11,50.0,0.5344827586206896,436.6243068017366,3.782223222322232,0.5,0.7200720072007201,3.1
2023-03-11 11:00:00,11,22,2,4,13,2,1,8,12,2,14,2,17.783333333333335,225.5,4.0,11.11,55.00000000000001,0.6730769230769231,316.8246136034732,4.041138204729564,0.55,0.7200720072007201,3.1818181818181817
2023-03-11 12:00:00,12,25,3,3,18,1,0,11,12,2,14,2,18.78333333333333,114.5,4.0,11.11,62.5,0.7980769230769231,328.8996136034732,5.362128712871287,0.625,0.9900990099009902,3.32
2023-03-11 13:00:00,13,28,3,3,18,4,0,11,13,2,15,2,19.78333333333333,138.0,4.0,11.11,70.0,0.89,354.3746136034732,5.372100424328147,0.7,0.9900990099009902,3.1785714285714284
2023-03-11 14:00:00,14,31,2,5,19,5,0,11,15,1,16,1,19.9,121.5,4.0,11.11,77.5,1.0104166666666667,373.9993068017366,5.523051740657937,0.775,0.9900990099009902,3.129032258064516
2023-03-11 15:00:00,15,34,2,5,19,7,1,11,14,1,15,1,7.216666666666667,108.0,4.0,11.11,85.0,1.02,295.5003068017366,5.52029702970297,0.85,0.9900990099009902,3.0
2023-03-11 16:00:00,16,33,2,4,19,6,2,9,13,1,14,1,8.216666666666667,173.5,4.0,11.11,82.5,0.9326923076923076,285.59530680173657,4.806147205629654,0.825,0.8100810081008101,2.9393939393939394
2023-03-11 17:00:00,17,36,2,5,22,5,2,8,14,2,16,2,9.216666666666669,225.5,4.0,11.11,90.0,1.125,325.3386136034733,4.86021602160216,0.9,0.7200720072007201,3.0
2023-03-11 18:00:00,18,29,1,6,18,4,0,7,12,2,14,2,10.216666666666669,196.0,4.0,11.11,72.5,0.875,289.1636136034732,4.252094261150253,0.725,0.6300630063006301,3.1379310344827585
2023-03-11 19:00:00,19,37,3,4,25,4,1,13,12,2,14,2,11.216666666666669,197.5,4.0,11.11,92.5,1.1057692307692308,311.9636136034732,6.511850171503636,0.925,1.17011701170117,3.108108108108108
2023-03-11 20:00:00,20,36,3,3,26,3,1,13,9,3,12,3,12.216666666666669,147.0,4.0,12.76,90.0,1.0,289.52692040520986,5.969627307558343,0.9,1.0188087774294672,3.111111111111111
2023-03-11 21:00:00,21,42,2,2,32,5,1,18,7,3,10,3,13.216666666666669,134.0,4.0,12.76,105.0,1.0416666666666667,281.23692040520984,7.323387819077474,1.05,1.4106583072100314,2.9761904761904763
2023-03-11 22:00:00,22,46,2,3,36,4,1,12,10,3,13,3,14.216666666666669,182.0,3.0,7.779999999999999,115.0,1.7160493827160497,335.65692040520986,8.135780149770873,1.15,1.5424164524421595,3.0217391304347827
2023-03-11 23:00:00,23,37,1,5,29,2,0,10,11,2,13,2,10.45,210.0,3.0,7.779999999999999,92.5,1.432098765432099,294.23961360347323,6.929736677551587,0.925,1.2853470437017995,3.135135135135135
2023-03-12 00:00:00,0,30,0,8,20,2,0,16,14,1,15,1,11.45,173.0,3.0,7.779999999999999,75.0,1.28,310.7963068017366,8.980976863753215,0.75,2.0565552699228795,3.2
2023-03-12 01:00:00,1,26,0,8,15,3,0,2,13,1,14,1,12.45,230.0,3.0,7.779999999999999,65.0,1.064102564102564,294.45630680173656,2.8956446509788414,0.65,0.2570694087403599,3.1923076923076925
2023-03-12 02:00:00,2,27,0,6,17,4,0,6,12,1,13,1,13.45,293.0,3.0,7.779999999999999,67.5,1.0246913580246917,288.8413068017366,4.445751213938875,0.675,0.7712082262210798,3.074074074074074
2023-03-12 03:00:00,3,27,0,7,16,4,0,6,12,1,13,1,14.45,353.0,3.0,7.779999999999999,67.5,1.037037037037037,294.48130680173665,4.499314481576693,0.675,0.7712082262210798,3.111111111111111
2023-03-12 04:00:00,4,22,0,7,13,2,0,1,13,0,13,0,15.45,407.0,3.0,7.779999999999999,55.00000000000001,0.8765432098765432,288.528,2.1898165459219445,0.55,0.1285347043701799,3.227272727272727
2023-03-12 05:00:00,5,24,0,7,15,1,1,4,13,0,13,0,16.45,467.0,3.0,7.779999999999999,60.0,0.9382716049382716,298.458,3.528106255355613,0.6,0.5141388174807199,3.1666666666666665
2023-03-12 06:00:00,6,24,0,7,15,1,1,1,13,0,13,0,17.45,527.0,3.0,7.779999999999999,60.0,0.9382716049382716,304.098,2.307026563838903,0.6,0.1285347043701799,3.1666666666666665
2023-03-12 07:00:00,7,23,0,8,12,2,1,2,13,1,14,1,18.45,583.0,3.0,7.779999999999999,57.49999999999999,0.935897435897436,321.8613068017366,2.6409159494802728,0.575,0.2570694087403599,3.1739130434782608
2023-03-12 08:00:00,8,29,0,8,17,3,1,7,14,1,15,1,19.45,639.0,3.0,7.0600000000000005,72.5,1.2,353.7713068017366,5.327073361336329,0.725,0.9915014164305948,3.103448275862069
2023-03-12 09:00:00,9,24,0,8,13,2,1,6,11,1,12,1,19.15,612.0,3.0,7.0600000000000005,60.0,0.9047619047619048,301.1543068017366,4.591218130311614,0.6,0.8498583569405098,3.1666666666666665
2023-03-12 10:00:00,10,30,1,9,20,0,0,14,12,0,12,0,16.716666666666665,569.0,4.0,10.760000000000002,75.0,0.9017857142857144,299.432,6.905421313506816,0.75,1.3011152416356877,3.3666666666666667
2023-03-12 11:00:00,11,32,1,5,25,0,1,16,15,0,15,0,17.716666666666665,140.0,4.0,10.760000000000002,80.0,1.01,349.56199999999995,7.218308550185872,0.8,1.4869888475836428,3.15625
2023-03-12 12:00:00,12,24,0,5,18,1,0,10,11,2,13,2,18.716666666666665,152.0,4.0,10.760000000000002,60.0,0.7037037037037037,312.97861360347326,4.842998760842626,0.6,0.9293680297397768,3.1666666666666665
2023-03-12 13:00:00,13,29,1,4,22,2,0,16,12,2,14,2,19.716666666666665,180.5,4.0,10.760000000000002,72.5,0.875,342.7436136034732,6.941068452762464,0.725,1.4869888475836428,3.1379310344827585
2023-03-12 14:00:00,14,29,1,4,19,5,0,7,13,2,15,2,20.716666666666665,225.0,4.0,10.760000000000002,72.5,0.88,361.7836136034732,4.174105883861043,0.725,0.6505576208178437,3.034482758620689
2023-03-12 15:00:00,15,32,1,4,21,6,0,10,15,2,17,2,21.716666666666665,220.0,4.0,10.760000000000002,80.0,1.0434782608695652,400.6586136034732,5.188104089219331,0.8,0.9293680297397768,3.0
2023-03-12 16:00:00,16,33,1,3,23,6,0,11,16,1,17,1,22.716666666666665,267.0,4.0,10.760000000000002,82.5,1.065217391304348,407.5753068017366,5.4859355638166045,0.825,1.0223048327137545,2.9696969696969697
2023-03-12 17:00:00,17,31,1,6,20,4,0,10,17,1,18,1,23.716666666666665,278.5,4.0,10.760000000000002,77.5,1.1022727272727273,422.3253068017366,5.333022544669625,0.775,0.9293680297397768,3.129032258064516
2023-03-12 18:00:00,18,38,1,6,23,7,1,13,18,1,19,1,24.716666666666665,335.0,4.0,10.760000000000002,95.0,1.3452380952380951,456.3803068017366,6.417741146546664,0.95,1.2081784386617098,2.973684210526316
2023-03-12 19:00:00,19,37,1,6,22,7,1,9,17,1,18,1,25.716666666666665,369.5,4.0,10.760000000000002,92.5,1.25,446.4753068017366,5.236687430925349,0.925,0.8364312267657992,2.972972972972973
2023-03-12 20:00:00,20,35,1,7,20,6,1,8,15,1,16,1,26.716666666666665,381.5,4.0,10.1,87.5,1.1041666666666667,421.02530680173663,5.048868458274399,0.875,0.792079207920792,3.0285714285714285
2023-03-12 21:00:00,21,38,1,7,22,7,1,10,15,2,17,2,27.716666666666665,408.0,4.0,10.1,95.0,1.2391304347826086,447.3686136034733,5.820297029702969,0.95,0.99009900990099,3.0
2023-03-12 22:00:00,22,33,1,6,18,7,1,10,14,2,16,2,28.716666666666665,500.0,3.0,6.4,82.5,1.3611111111111112,428.8836136034733,7.090151515151516,0.825,1.5625,2.9696969696969697
2023-03-12 23:00:00,23,28,1,6,16,5,0,5,13,2,15,2,29.716666666666665,595.0,3.0,6.4,70.0,1.16,410.3986136034732,4.6024553571428575,0.7,0.78125,3.107142857142857
2023-03-13 00:00:00,0,26,1,6,15,4,0,7,14,2,16,2,30.716666666666665,620.0,3.0,6.4,65.0,1.1388888888888888,425.1486136034732,5.499519230769231,0.65,1.09375,3.1538461538461537
2023-03-13 01:00:00,1,27,1,6,18,2,0,4,15,2,17,2,31.716666666666665,645.0,3.0,6.4,67.5,1.2608695652173914,446.3336136034732,4.188888888888889,0.675,0.625,3.2222222222222223
2023-03-13 02:00:00,2,25,1,6,16,2,0,4,15,2,17,2,32.71666666666667,705.0,3.0,6.4,62.5,1.173913043478261,447.6836136034733,4.050000000000001,0.625,0.625,3.24
2023-03-13 03:00:00,3,25,1,6,16,2,0,4,15,2,17,2,33.71666666666667,765.0,3.0,6.4,62.5,1.173913043478261,453.3236136034733,4.050000000000001,0.625,0.625,3.24
2023-03-13 04:00:00,4,26,1,6,17,2,0,3,16,2,18,2,34.71666666666667,818.0,3.0,6.4,65.0,1.2727272727272727,474.5086136034733,3.6144230769230767,0.65,0.46875,3.230769230769231
2023-03-13 05:00:00,5,28,2,6,18,2,0,3,18,2,20,2,35.71666666666667,847.0,3.0,6.4,70.0,1.5333333333333334,511.23861360347325,3.840178571428571,0.7,0.46875,3.2857142857142856
2023-03-13 06:00:00,6,24,2,6,14,2,0,2,17,1,18,1,36.71666666666667,938.0,3.0,6.4,60.0,1.2121212121212122,480.6303068017367,3.0416666666666665,0.6,0.3125,3.333333333333333
2023-03-13 07:00:00,7,24,2,7,13,2,0,3,17,1,18,1,37.71666666666667,998.0,3.0,6.4,60.0,1.2272727272727273,486.27030680173664,3.60703125,0.6,0.46875,3.375
2023-03-13 08:00:00,8,25,2,6,15,2,0,5,19,1,20,1,24.366666666666667,1027.0,3.0,7.28,62.5,1.3833333333333333,439.9213068017366,4.35521978021978,0.625,0.6868131868131868,3.32
2023-03-13 09:00:00,9,29,2,6,17,4,0,6,19,1,20,1,25.366666666666667,1087.0,3.0,7.28,72.5,1.55,454.1413068017366,4.968046608563849,0.725,0.8241758241758241,3.206896551724138
2023-03-13 10:00:00,10,38,2,7,24,5,0,18,18,2,20,2,26.366666666666667,1147.0,4.0,10.62,95.0,1.5,479.95461360347326,8.352363960749331,0.95,1.694915254237288,3.1578947368421053
2023-03-13 11:00:00,11,43,2,8,25,7,1,10,20,2,22,2,27.366666666666667,1140.5,4.0,10.62,107.5,1.8333333333333333,523.1196136034732,6.190553146761266,1.075,0.9416195856873822,3.069767441860465
2023-03-13 12:00:00,12,40,2,8,22,7,1,8,20,3,23,3,28.366666666666667,1158.0,4.0,10.62,100.0,1.8088235294117647,536.5929204052098,5.39138418079096,1.0,0.7532956685499058,3.075
2023-03-13 13:00:00,13,40,2,8,24,6,0,6,19,3,22,3,29.366666666666667,1163.5,4.0,10.62,100.0,1.75,528.8329204052098,4.929661016949152,1.0,0.5649717514124293,3.15
2023-03-13 14:00:00,14,41,2,8,27,4,0,8,20,3,23,3,30.366666666666667,703.0,4.0,10.62,102.5,1.9264705882352944,550.0179204052098,5.681871526342381,1.025,0.7532956685499058,3.1951219512195124
2023-03-13 15:00:00,15,33,1,7,20,5,0,9,15,3,18,3,31.366666666666667,396.5,4.0,10.62,82.5,1.1704545454545454,471.4979204052098,5.220095017976374,0.825,0.847457627118644,3.121212121212121
2023-03-13 16:00:00,16,27,1,5,16,5,0,6,12,2,14,2,32.36666666666667,350.5,4.0,10.62,67.5,0.7980769230769231,409.7996136034732,3.811765013601172,0.675,0.5649717514124293,3.074074074074074
2023-03-13 17:00:00,17,27,1,6,15,5,0,7,13,2,15,2,33.36666666666667,314.0,4.0,10.62,67.5,0.84,428.8396136034732,4.1506382088303,0.675,0.6591337099811675,3.111111111111111
2023-03-13 18:00:00,18,23,2,4,15,2,0,4,13,3,16,3,34.36666666666667,323.0,4.0,10.62,57.49999999999999,0.78125,440.1679204052099,3.103199459592237,0.575,0.3766478342749529,3.260869565217391
2023-03-13 19:00:00,19,21,2,3,11,5,0,8,10,1,11,1,35.36666666666667,283.0,4.0,10.62,52.5,0.5603448275862069,372.7813068017366,3.9566294502735184,0.525,0.7532956685499058,3.095238095238096
2023-03-13 20:00:00,20,26,1,4,15,6,0,14,10,0,10,0,31.58333333333333,267.0,4.0,11.63,65.0,0.65,347.9,5.56134995700774,0.65,1.2037833190025795,3.0
2023-03-13 21:00:00,21,21,1,2,15,3,0,6,9,0,9,0,32.583333333333336,376.0,4.0,11.63,52.5,0.5161290322580645,329.415,3.1722884166564302,0.525,0.5159071367153912,3.0476190476190474
2023-03-13 22:00:00,22,28,1,2,22,3,0,12,10,0,10,0,14.283333333333331,238.5,3.0,8.29,70.0,0.9444444444444444,254.618,6.519278821299328,0.7,1.4475271411338964,3.0357142857142856
2023-03-13 23:00:00,23,26,1,2,22,1,0,13,10,0,10,0,15.283333333333331,161.0,3.0,8.29,65.0,0.9,255.968,6.9104041013269,0.65,1.5681544028950545,3.1153846153846154
2023-03-14 00:00:00,0,21,2,2,16,1,0,6,10,0,10,0,16.283333333333335,221.0,3.0,8.29,52.5,0.7555555555555555,250.88300000000004,4.043615371359642,0.525,0.7237635705669482,3.238095238095238
2023-03-14 01:00:00,1,17,1,2,13,1,0,4,10,0,10,0,17.283333333333335,281.0,3.0,8.29,42.5,0.6,247.943,2.8826757964947136,0.425,0.4825090470446321,3.176470588235294
2023-03-14 02:00:00,2,19,1,3,14,1,0,6,10,0,10,0,18.28333333333333,341.0,3.0,8.29,47.5,0.6777777777777778,257.873,3.8486619897149392,0.475,0.7237635705669482,3.210526315789474
2023-03-14 03:00:00,3,17,1,3,12,1,0,2,10,0,10,0,19.28333333333333,401.0,3.0,8.29,42.5,0.6111111111111112,259.223,2.1555293408074934,0.425,0.241254523522316,3.235294117647059
2023-03-14 04:00:00,4,15,1,4,9,1,0,1,11,0,11,0,20.28333333333333,415.0,3.0,8.29,37.5,0.5747126436781609,273.973,1.6520908725371934,0.375,0.120627261761158,3.333333333333333
2023-03-14 05:00:00,5,15,1,4,9,1,0,0,11,0,11,0,21.28333333333333,475.0,3.0,8.29,37.5,0.5747126436781609,279.613,1.25,0.375,0.0,3.333333333333333
2023-03-14 06:00:00,6,17,1,4,11,1,0,2,11,0,11,0,22.28333333333333,535.0,3.0,8.29,42.5,0.6436781609195402,289.543,2.194720783367629,0.425,0.241254523522316,3.294117647058824
2023-03-14 07:00:00,7,17,1,4,11,1,0,0,11,0,11,0,23.28333333333333,595.0,3.0,8.29,42.5,0.6436781609195402,295.183,1.4,0.425,0.0,3.294117647058824
2023-03-14 08:00:00,8,19,1,5,12,1,0,4,11,2,13,2,24.28333333333333,619.0,3.0,6.43,47.5,0.7777777777777778,333.6496136034732,3.637699517066383,0.475,0.6220839813374806,3.3157894736842106
2023-03-14 09:00:00,9,21,1,5,15,0,0,6,11,3,14,3,25.28333333333333,668.0,3.0,6.43,52.5,0.8974358974358975,357.84792040520983,4.860419906687403,0.525,0.9331259720062208,3.333333333333333
2023-03-14 10:00:00,10,22,2,5,15,0,0,6,10,4,14,4,24.766666666666666,579.0,4.0,9.68,55.00000000000001,0.7211538461538461,357.9472272069464,3.988072877535688,0.55,0.6198347107438017,3.409090909090909
2023-03-14 11:00:00,11,28,3,6,18,1,0,11,10,6,16,6,25.766666666666666,343.5,4.0,9.68,70.0,0.9895833333333334,404.99384081041967,6.23051948051948,0.7,1.1363636363636365,3.392857142857143
2023-03-14 12:00:00,12,32,3,6,21,1,1,12,13,7,20,7,26.766666666666666,213.5,4.0,9.68,80.0,1.3125,473.6821476121563,6.692665289256198,0.8,1.2396694214876034,3.28125
2023-03-14 13:00:00,13,31,3,7,18,3,0,8,13,7,20,7,27.766666666666666,236.0,4.0,9.68,77.5,1.2875,477.17714761215626,5.32093441748867,0.775,0.8264462809917356,3.3225806451612905
2023-03-14 14:00:00,14,34,3,8,21,2,0,9,14,7,21,7,28.766666666666666,246.0,4.0,9.68,85.0,1.5,502.65214761215634,5.967403986387944,0.85,0.9297520661157024,3.3529411764705883
2023-03-14 15:00:00,15,28,3,7,17,1,0,6,10,6,16,6,29.766666666666666,287.5,4.0,9.68,70.0,1.0,427.5538408104197,4.5251475796930345,0.7,0.6198347107438017,3.4285714285714284
2023-03-14 16:00:00,16,30,3,5,21,1,0,7,10,5,15,5,30.766666666666666,336.0,4.0,9.68,75.0,1.0,423.215534008683,4.910468319559229,0.75,0.7231404958677686,3.333333333333333
2023-03-14 17:00:00,17,29,2,5,20,2,0,4,9,4,13,4,31.766666666666666,396.0,4.0,9.68,72.5,0.8703703703703703,399.0422272069465,3.68941293815902,0.725,0.4132231404958678,3.2413793103448274
2023-03-14 18:00:00,18,24,2,3,19,0,0,2,10,4,14,4,32.766666666666666,427.0,4.0,9.68,60.0,0.7596153846153846,407.3572272069464,2.655096418732782,0.6,0.2066115702479339,3.2916666666666665
2023-03-14 19:00:00,19,23,1,2,18,1,1,9,10,2,12,2,33.766666666666666,442.0,4.0,9.68,57.49999999999999,0.625,382.31561360347325,4.579680201221704,0.575,0.9297520661157024,3.0434782608695654
2023-03-14 20:00:00,20,23,0,3,19,1,0,8,11,0,11,0,24.45,472.0,4.0,11.03,57.49999999999999,0.6120689655172413,314.63300000000004,4.013953052938626,0.575,0.7252946509519492,3.0869565217391304
2023-03-14 21:00:00,21,22,0,3,18,1,0,10,8,0,8,0,25.45,487.5,4.0,11.03,55.00000000000001,0.53125,277.928,4.502274787768895,0.55,0.9066183136899366,3.090909090909091
2023-03-14 22:00:00,22,24,0,2,21,1,0,11,7,1,8,1,26.45,409.5,3.0,7.779999999999999,60.0,0.7604166666666666,288.7263068017366,6.125556983718937,0.6,1.4138817480719796,3.0416666666666665
2023-03-14 23:00:00,23,19,0,1,17,1,0,3,7,1,8,1,27.45,469.5,3.0,7.779999999999999,47.5,0.59375,283.6413068017366,2.5818123393316195,0.475,0.3856041131105399,3.0
2023-03-15 00:00:00,0,20,1,1,17,1,0,5,8,0,8,0,28.45,529.5,3.0,7.779999999999999,50.0,0.6458333333333334,290.558,3.542287917737789,0.5,0.6426735218508998,3.1
2023-03-15 01:00:00,1,18,1,1,15,1,0,3,8,0,8,0,29.45,589.5,3.0,7.779999999999999,45.0,0.5833333333333334,291.908,2.5996572407883463,0.45,0.3856041131105399,3.111111111111111
2023-03-15 02:00:00,2,21,1,1,18,1,0,5,8,0,8,0,30.45,649.5,3.0,7.779999999999999,52.5,0.6770833333333334,303.983,3.6142275676337374,0.525,0.6426735218508998,3.095238095238096
2023-03-15 03:00:00,3,22,1,1,19,1,0,3,9,0,9,0,31.45,527.0,3.0,7.779999999999999,55.00000000000001,0.7311827956989247,325.168,2.891867258705305,0.55,0.3856041131105399,3.090909090909091
2023-03-15 04:00:00,4,21,1,1,18,1,0,2,9,0,9,0,32.45,587.0,3.0,7.779999999999999,52.5,0.6989247311827957,328.663,2.420691027053495,0.525,0.2570694087403599,3.095238095238096
2023-03-15 05:00:00,5,24,1,1,21,1,0,3,10,0,10,0,33.45,612.5,3.0,7.779999999999999,60.0,0.8222222222222222,354.13800000000003,3.0389460154241648,0.6,0.3856041131105399,3.083333333333333
2023-03-15 06:00:00,6,23,1,1,19,2,0,1,10,0,10,0,34.45,672.5,3.0,7.779999999999999,57.49999999999999,0.7777777777777778,357.633,2.141192578517939,0.575,0.1285347043701799,3.0434782608695654
2023-03-15 07:00:00,7,23,1,2,20,0,0,5,11,0,11,0,35.45,698.0,3.0,7.779999999999999,57.49999999999999,0.8390804597701149,376.673,3.864789873700682,0.575,0.6426735218508998,3.1739130434782608
2023-03-15 08:00:00,8,26,1,1,22,2,0,7,12,0,12,0,36.45,680.5,3.0,6.35,65.0,0.9404761904761904,402.148,5.324485160508782,0.65,1.1023622047244095,3.0384615384615383
2023-03-15 09:00:00,9,29,1,2,24,2,0,8,14,0,14,0,37.45,625.0,3.0,6.35,72.5,1.141025641025641,441.023,6.09141325006788,0.725,1.2598425196850394,3.0689655172413794
2023-03-15 10:00:00,10,33,1,4,26,2,0,6,16,0,16,0,38.45,391.5,4.0,10.05,82.5,1.0729166666666667,482.043,4.4384102216191765,0.825,0.5970149253731343,3.121212121212121
2023-03-15 11:00:00,11,34,2,6,23,3,0,11,14,1,15,1,39.45,235.0,4.0,10.05,85.0,1.09,477.2963068017366,6.233925958443079,0.85,1.0945273631840795,3.2058823529411766
2023-03-15 12:00:00,12,42,3,10,28,1,0,17,17,1,18,1,17.783333333333335,174.5,4.0,10.05,105.0,1.6022727272727273,412.4563068017366,9.203749111584932,1.05,1.6915422885572138,3.357142857142857
2023-03-15 13:00:00,13,44,2,11,30,1,0,8,19,2,21,2,18.78333333333333,182.0,4.0,10.05,110.0,1.9210526315789476,463.45461360347326,6.291338760741747,1.1,0.7960199004975124,3.3181818181818183
2023-03-15 14:00:00,14,41,2,9,29,1,0,10,18,2,20,2,19.78333333333333,178.0,4.0,10.05,102.5,1.6875,449.2596136034732,6.651301419730614,1.025,0.9950248756218903,3.292682926829268
2023-03-15 15:00:00,15,35,1,8,23,3,0,8,11,2,13,2,17.0,195.0,4.0,10.05,87.5,1.037037037037037,326.8916136034733,5.34726368159204,0.875,0.7960199004975124,3.2
2023-03-15 16:00:00,16,28,0,4,24,0,0,6,11,0,11,0,13.35,218.0,4.0,10.05,70.0,0.7586206896551724,262.754,4.076332622601279,0.7,0.5970149253731343,3.142857142857143
2023-03-15 17:00:00,17,30,1,3,23,3,0,8,14,0,14,0,14.35,239.0,4.0,10.05,75.0,0.8846153846153846,312.884,4.741127694859038,0.75,0.7960199004975124,3.066666666666667
2023-03-15 18:00:00,18,28,2,3,23,0,0,6,14,2,16,2,15.35,261.5,4.0,10.05,70.0,0.9479166666666666,342.77061360347324,4.215298507462686,0.7,0.5970149253731343,3.25
2023-03-15 19:00:00,19,30,3,3,23,1,0,9,15,2,17,2,16.35,198.0,4.0,10.05,75.0,1.065217391304348,366.1006136034732,5.375373134328358,0.75,0.8955223880597014,3.2666666666666666
2023-03-15 20:00:00,20,30,5,3,20,2,0,7,12,4,16,4,17.35,224.5,4.0,10.93,75.0,1.0520833333333333,360.0772272069465,4.681145166209211,0.75,0.6404391582799634,3.3666666666666667
2023-03-15 21:00:00,21,28,5,4,16,3,0,9,11,3,14,3,10.766666666666667,256.5,4.0,10.93,70.0,0.9134615384615384,290.98892040520985,5.168752450660045,0.7,0.8234217749313816,3.392857142857143
2023-03-15 22:00:00,22,24,3,5,13,3,0,6,9,2,11,2,11.766666666666667,318.0,3.0,7.23,60.0,0.9195402298850576,246.9806136034732,4.7662517289073305,0.6,0.8298755186721991,3.333333333333333
2023-03-15 23:00:00,23,23,2,2,16,3,0,9,9,1,10,1,12.366666666666667,376.5,3.0,7.23,57.49999999999999,0.8,233.95130680173665,5.696806783330326,0.575,1.2448132780082988,3.130434782608696
2023-03-16 00:00:00,0,25,1,3,16,5,0,7,9,0,9,0,13.366666666666667,438.0,3.0,7.23,62.5,0.8064516129032258,229.61300000000003,4.7795643153526965,0.625,0.9681881051175656,3.0
2023-03-16 01:00:00,1,23,0,3,18,2,0,6,10,0,10,0,14.366666666666667,496.5,3.0,7.23,57.49999999999999,0.7777777777777778,244.36299999999997,4.2757081003066935,0.575,0.8298755186721991,3.0434782608695654
2023-03-16 02:00:00,2,19,0,2,16,1,0,3,10,0,10,0,15.366666666666667,556.5,3.0,7.23,47.5,0.6444444444444445,241.423,2.716652107447041,0.475,0.4149377593360995,3.0526315789473686
2023-03-16 03:00:00,3,17,0,3,13,1,0,3,11,0,11,0,16.366666666666667,615.0,3.0,7.23,42.5,0.6091954022988506,256.173,2.618629484989016,0.425,0.4149377593360995,3.117647058823529
2023-03-16 04:00:00,4,16,0,3,12,1,0,0,11,0,11,0,17.366666666666667,675.0,3.0,7.23,40.0,0.5747126436781609,259.668,1.25,0.4,0.0,3.125
2023-03-16 05:00:00,5,20,1,3,14,2,0,5,12,1,13,1,18.366666666666667,611.0,3.0,7.23,50.0,0.7777777777777778,301.5563068017366,3.753423236514523,0.5,0.6915629322268326,3.15
2023-03-16 06:00:00,6,20,0,5,14,1,0,3,13,0,13,0,19.366666666666667,671.0,3.0,7.23,50.0,0.7901234567901234,306.32800000000003,2.927800829875519,0.5,0.4149377593360995,3.2
2023-03-16 07:00:00,7,21,0,5,15,1,0,1,13,0,13,0,20.366666666666667,731.0,3.0,7.23,52.5,0.8271604938271605,314.113,2.116283013897122,0.525,0.1383125864453665,3.1904761904761907
2023-03-16 08:00:00,8,25,0,5,19,1,0,6,13,0,13,0,21.366666666666667,791.0,3.0,7.43,62.5,0.9753086419753086,328.333,4.526816958277254,0.625,0.8075370121130552,3.16
2023-03-16 09:00:00,9,31,0,8,22,1,0,10,15,0,15,0,22.366666666666667,606.0,3.0,7.43,77.5,1.3333333333333333,373.643,6.841596839317502,0.775,1.3458950201884254,3.225806451612903
2023-03-16 10:00:00,10,36,2,9,25,0,0,13,18,0,18,0,23.366666666666667,432.0,4.0,10.68,90.0,1.375,430.208,7.116240116521015,0.9,1.2172284644194755,3.361111111111111
2023-03-16 11:00:00,11,37,2,9,26,0,0,9,19,0,19,0,24.366666666666667,191.0,4.0,10.68,92.5,1.4761904761904765,451.393,5.924172487093836,0.925,0.8426966292134832,3.3513513513513518
2023-03-16 12:00:00,12,34,1,9,24,0,0,7,17,2,19,2,25.366666666666667,197.0,4.0,10.68,85.0,1.3452380952380951,452.3346136034732,5.003343247411324,0.85,0.6554307116104869,3.323529411764706
2023-03-16 13:00:00,13,32,2,10,20,0,0,9,16,2,18,2,26.366666666666667,175.0,4.0,10.68,80.0,1.25,440.2846136034732,5.646769662921349,0.8,0.8426966292134832,3.4375
2023-03-16 14:00:00,14,32,2,11,18,1,0,9,13,2,15,2,27.366666666666667,169.0,4.0,10.68,80.0,1.1,405.7246136034733,5.646769662921349,0.8,0.8426966292134832,3.4375
2023-03-16 15:00:00,15,29,2,7,19,1,0,9,13,2,15,2,16.133333333333333,154.0,4.0,10.68,72.5,0.97,335.9336136034732,5.243674932196823,0.725,0.8426966292134832,3.3448275862068964
2023-03-16 16:00:00,16,33,3,9,21,0,0,9,15,3,18,3,17.133333333333333,173.5,4.0,10.68,82.5,1.2954545454545454,391.22192040520986,5.761133810010215,0.825,0.8426966292134832,3.4545454545454546
2023-03-16 17:00:00,17,33,3,6,23,1,0,8,20,2,22,2,18.1,145.5,4.0,10.68,82.5,1.5277777777777777,449.4056136034732,5.246878901373283,0.825,0.7490636704119851,3.333333333333333
2023-03-16 18:00:00,18,36,2,6,24,4,0,10,18,2,20,2,19.1,205.5,4.0,10.68,90.0,1.425,434.6806136034732,5.815043695380774,0.9,0.9363295880149812,3.1666666666666665
2023-03-16 19:00:00,19,33,1,6,23,2,1,7,16,1,17,1,20.1,294.0,4.0,10.68,82.5,1.1195652173913044,392.8173068017367,4.620738281693337,0.825,0.6554307116104869,3.121212121212121
2023-03-16 20:00:00,20,32,1,5,25,1,0,10,15,0,15,0,21.1,336.0,4.0,10.99,80.0,1.02,368.644,5.450363967242948,0.8,0.9099181073703366,3.1875
2023-03-16 21:00:00,21,32,1,6,25,0,0,7,16,0,16,0,22.1,385.5,4.0,10.99,80.0,1.0833333333333333,387.684,4.670063694267516,0.8,0.6369426751592356,3.25
2023-03-16 22:00:00,22,33,1,5,25,2,0,11,12,1,13,1,23.1,435.0,3.0,7.74,82.5,1.2839506172839503,356.1373068017366,7.078897502153316,0.825,1.421188630490956,3.1515151515151514
2023-03-16 23:00:00,23,34,1,3,28,2,0,9,12,1,13,1,14.6,486.0,3.0,7.74,85.0,1.2962962962962965,310.34230680173664,6.215971272229822,0.85,1.162790697674419,3.088235294117647
2023-03-17 00:00:00,0,28,1,3,23,1,0,4,13,0,13,0,15.6,546.0,3.0,7.74,70.0,1.0864197530864197,302.244,3.824215577703949,0.7,0.5167958656330749,3.142857142857143
2023-03-17 01:00:00,1,28,2,4,22,0,0,5,13,2,15,2,16.6,537.0,3.0,7.74,70.0,1.2266666666666666,336.42061360347327,4.422554448135843,0.7,0.6459948320413437,3.2857142857142856
2023-03-17 02:00:00,2,27,2,5,20,0,0,3,15,2,17,2,17.6,446.0,3.0,7.74,67.5,1.3043478260869563,366.7156136034732,3.541989664082688,0.675,0.3875968992248061,3.333333333333333
2023-03-17 03:00:00,3,30,3,5,21,1,0,6,17,2,19,2,18.6,456.0,3.0,7.74,75.0,1.5873015873015872,405.5906136034732,5.083979328165375,0.75,0.7751937984496123,3.333333333333333
2023-03-17 04:00:00,4,26,3,5,18,0,0,0,17,2,19,2,19.6,516.0,3.0,7.74,65.0,1.4126984126984128,402.6506136034732,2.225,0.65,0.0,3.423076923076923
2023-03-17 05:00:00,5,30,4,6,20,0,0,5,20,2,22,2,20.6,463.5,3.0,7.74,75.0,1.9259259259259256,457.0706136034733,4.839448751076659,0.75,0.6459948320413437,3.466666666666667
2023-03-17 06:00:00,6,30,3,6,21,0,0,1,20,1,21,1,21.6,585.0,3.0,7.74,75.0,1.7894736842105263,448.4423068017367,2.9892764857881136,0.75,0.1291989664082687,3.4
2023-03-17 07:00:00,7,32,3,7,22,0,0,4,21,1,22,1,22.6,583.5,3.0,7.74,80.0,2.0185185185185186,471.7723068017367,4.4853359173126615,0.8,0.5167958656330749,3.40625
2023-03-17 08:00:00,8,39,5,7,27,0,0,9,24,1,25,1,23.6,507.0,3.0,7.01,97.5,2.977777777777778,532.6273068017366,7.761280588170745,0.975,1.2838801711840229,3.435897435897436
2023-03-17 09:00:00,9,36,5,8,21,2,0,8,22,3,25,3,24.6,495.0,3.0,7.01,90.0,2.7555555555555555,533.5689204052098,7.030892375970836,0.9,1.1412268188302426,3.4444444444444446
2023-03-17 10:00:00,10,43,5,9,27,2,0,11,27,3,30,3,25.6,412.5,4.0,10.71,107.5,3.65,621.2239204052098,7.137286387423186,1.075,1.0270774976657329,3.395348837209302
2023-03-17 11:00:00,11,44,6,7,28,3,0,7,27,4,31,4,26.6,378.0,4.0,10.71,110.0,4.111111111111111,643.2772272069465,5.8984551396316105,1.1,0.65359477124183,3.363636363636364
2023-03-17 12:00:00,12,50,6,6,33,5,0,9,28,4,32,4,27.6,276.0,4.0,10.71,125.0,5.09375,675.1872272069464,6.814495798319326,1.25,0.8403361344537814,3.26
2023-03-17 13:00:00,13,46,5,7,31,3,0,7,28,4,32,4,28.6,307.0,4.0,10.71,115.0,4.75,672.2472272069464,5.959704461494742,1.15,0.65359477124183,3.3043478260869565
2023-03-17 14:00:00,14,44,3,5,30,6,0,11,22,4,26,4,29.6,292.5,4.0,10.71,110.0,2.446428571428572,593.1972272069464,6.6229458450046685,1.1,1.0270774976657329,3.113636363636364
2023-03-17 15:00:00,15,44,2,4,27,10,1,13,20,4,24,4,30.6,324.0,4.0,10.71,110.0,2.0,572.0372272069465,6.731109413462354,1.1,1.2138188608776843,2.909090909090909
2023-03-17 16:00:00,16,46,1,4,29,11,1,10,20,4,24,4,26.73333333333333,305.0,4.0,10.71,115.0,2.046875,554.5192272069464,5.934034628344091,1.15,0.9337068160597572,2.847826086956522
2023-03-17 17:00:00,17,43,0,5,28,9,1,7,22,3,25,3,27.73333333333333,265.0,4.0,10.71,107.5,2.05,566.2559204052098,4.944585043319654,1.075,0.65359477124183,2.86046511627907
2023-03-17 18:00:00,18,46,0,5,31,9,1,12,23,3,26,3,28.73333333333333,290.0,4.0,10.71,115.0,2.357142857142857,591.7309204052099,6.515199123127512,1.15,1.1204481792717087,2.869565217391304
2023-03-17 19:00:00,19,41,0,6,27,8,0,6,19,3,22,3,29.73333333333333,350.0,4.0,10.71,102.5,1.6805555555555556,533.0459204052098,4.678344264535082,1.025,0.5602240896358543,2.951219512195122
2023-03-17 20:00:00,20,36,1,5,23,7,0,8,14,3,17,3,30.73333333333333,442.0,4.0,10.93,90.0,1.173913043478261,460.9609204052099,4.895791399817018,0.9,0.7319304666056725,3.0
2023-03-17 21:00:00,21,36,1,2,27,6,0,14,9,2,11,2,13.25,244.0,4.0,10.93,90.0,0.913793103448276,281.0866136034732,6.421475043204231,0.9,1.280878316559927,2.9444444444444446
2023-03-17 22:00:00,22,35,1,2,23,8,1,9,9,2,11,2,14.25,143.0,3.0,7.23,87.5,1.137931034482759,284.5816136034732,5.996043272080617,0.875,1.2448132780082988,2.8285714285714287
2023-03-17 23:00:00,23,30,1,2,20,7,0,7,9,2,11,2,15.25,203.0,3.0,7.23,75.0,1.0,279.49661360347324,4.98274550484094,0.75,0.9681881051175656,2.9
2023-03-18 00:00:00,0,27,1,3,16,7,0,9,9,1,10,1,15.733333333333333,223.5,3.0,7.23,67.5,0.8777777777777778,261.5193068017366,5.617231443061319,0.675,1.2448132780082988,2.925925925925926
2023-03-18 01:00:00,1,25,1,4,16,4,0,5,11,1,12,1,16.733333333333334,257.5,3.0,7.23,62.5,0.9166666666666666,289.66930680173664,4.055013831258645,0.625,0.6915629322268326,3.08
2023-03-18 02:00:00,2,22,1,3,15,3,0,4,12,1,13,1,17.733333333333334,309.0,3.0,7.23,55.00000000000001,0.8395061728395061,302.27430680173666,3.410046523324532,0.55,0.553250345781466,3.090909090909091
2023-03-18 03:00:00,3,24,1,2,18,3,0,4,12,1,13,1,18.73333333333333,369.0,3.0,7.23,60.0,0.9012345679012346,312.2043068017366,3.5078031350852923,0.6,0.553250345781466,3.0416666666666665
2023-03-18 04:00:00,4,21,1,2,15,3,0,1,12,1,13,1,19.73333333333333,429.0,3.0,7.23,52.5,0.7901234567901234,311.40930680173665,2.021524072976355,0.525,0.1383125864453665,3.0476190476190474
2023-03-18 05:00:00,5,20,1,2,14,3,0,1,12,1,13,1,20.73333333333333,489.0,3.0,7.23,50.0,0.7530864197530864,314.9043068017366,1.946853388658368,0.5,0.1383125864453665,3.05
2023-03-18 06:00:00,6,20,1,2,14,3,0,2,12,1,13,1,21.73333333333333,549.0,3.0,7.23,50.0,0.7530864197530864,320.54430680173664,2.3687067773167354,0.5,0.276625172890733,3.05
2023-03-18 07:00:00,7,21,1,2,15,3,0,1,12,1,13,1,22.73333333333333,609.0,3.0,7.23,52.5,0.7901234567901234,328.3293068017366,2.021524072976355,0.525,0.1383125864453665,3.0476190476190474
2023-03-18 08:00:00,8,26,1,2,20,3,0,5,13,1,14,1,23.73333333333333,645.5,3.0,8.39,65.0,1.0128205128205128,358.0943068017366,3.7857637297148616,0.65,0.5959475566150179,3.0384615384615383
2023-03-18 09:00:00,9,28,1,2,23,2,0,6,13,1,14,1,24.73333333333333,705.5,3.0,8.39,70.0,1.1025641025641026,368.0243068017367,4.346492422952495,0.7,0.7151370679380215,3.071428571428572
2023-03-18 10:00:00,10,30,2,2,22,3,1,6,12,1,13,1,25.73333333333333,789.0,4.0,11.85,75.0,0.8425925925925926,364.55430680173663,3.8108649789029534,0.75,0.5063291139240506,3.033333333333333
2023-03-18 11:00:00,11,31,3,3,23,2,0,9,13,2,15,2,26.73333333333333,802.0,4.0,11.85,77.5,1.0,400.00761360347326,4.94997958350347,0.775,0.7594936708860759,3.225806451612903
2023-03-18 12:00:00,12,31,3,4,20,4,0,8,14,3,17,3,27.73333333333333,671.0,4.0,11.85,77.5,1.076086956521739,433.31592040520985,4.630982033483054,0.775,0.6751054852320675,3.193548387096774
2023-03-18 13:00:00,13,35,2,6,24,3,0,12,12,4,16,4,28.73333333333333,246.5,4.0,11.85,87.5,1.1666666666666667,435.0042272069464,6.040506329113924,0.875,1.0126582278481011,3.2
2023-03-18 14:00:00,14,25,1,5,18,1,0,5,7,4,11,4,29.73333333333333,224.0,4.0,11.85,62.5,0.6982758620689655,352.1942272069465,3.392088607594937,0.625,0.4219409282700421,3.24
2023-03-18 15:00:00,15,31,0,5,24,2,0,13,7,4,11,4,30.73333333333333,284.0,4.0,11.85,77.5,0.8275862068965517,370.7042272069465,5.797305022458145,0.775,1.0970464135021096,3.096774193548387
2023-03-18 16:00:00,16,29,0,5,22,2,0,7,9,2,11,2,30.55,241.0,4.0,11.85,72.5,0.7758620689655172,363.6436136034732,4.083260584897425,0.725,0.590717299578059,3.103448275862069
2023-03-18 17:00:00,17,33,0,7,23,3,0,14,10,2,12,2,31.55,252.0,4.0,11.85,82.5,0.9196428571428572,391.2636136034732,6.262507991305459,0.825,1.181434599156118,3.121212121212121
2023-03-18 18:00:00,18,27,0,7,17,3,0,11,12,2,14,2,32.55,216.5,4.0,11.85,67.5,0.8173076923076923,410.8336136034732,5.0473316143147375,0.675,0.9282700421940928,3.1481481481481484
2023-03-18 19:00:00,19,22,0,5,14,3,0,4,9,2,11,2,33.55,361.0,4.0,11.85,55.00000000000001,0.5862068965517241,365.5486136034732,2.743344840813195,0.55,0.3375527426160337,3.090909090909091
2023-03-18 20:00:00,20,25,1,4,17,3,0,9,10,2,12,2,34.55,231.0,4.0,10.67,62.5,0.6964285714285714,391.0236136034732,4.5816776007497655,0.625,0.8434864104967198,3.12
2023-03-18 21:00:00,21,28,1,5,16,6,0,12,10,2,12,2,35.55,230.0,4.0,10.67,70.0,0.7589285714285714,403.0986136034732,5.539111661534342,0.7,1.1246485473289598,3.0357142857142856
2023-03-18 22:00:00,22,26,1,5,14,6,0,9,8,2,10,2,36.55,290.0,3.0,7.21,65.0,0.8777777777777778,377.6486136034732,5.767809132614959,0.65,1.2482662968099862,3.0384615384615383
2023-03-18 23:00:00,23,21,1,3,12,5,0,4,8,2,10,2,37.55,282.0,3.0,7.21,52.5,0.7,372.5636136034732,3.239355062413315,0.525,0.5547850208044383,3.0
2023-03-19 00:00:00,0,23,1,4,14,4,0,7,8,1,9,1,38.55,408.0,3.0,7.21,57.49999999999999,0.7634408602150538,368.22530680173656,4.77204516673702,0.575,0.970873786407767,3.0869565217391304
2023-03-19 01:00:00,1,17,1,4,10,2,0,2,9,1,10,1,39.55,402.0,3.0,7.21,42.5,0.6111111111111112,374.39530680173664,2.2724463571836497,0.425,0.2773925104022191,3.235294117647059
2023-03-19 02:00:00,2,14,1,3,8,2,0,2,8,0,8,0,40.55,462.0,3.0,7.21,35.0,0.46875,345.932,2.016618783435705,0.35,0.2773925104022191,3.2142857142857144
2023-03-19 03:00:00,3,18,1,5,10,2,0,5,9,0,9,0,41.55,456.0,3.0,7.21,45.0,0.6344086021505376,373.552,3.7480775157959623,0.45,0.6934812760055479,3.2777777777777777
2023-03-19 04:00:00,4,20,1,6,11,2,0,5,10,0,10,0,42.55,506.0,3.0,7.21,50.0,0.7333333333333333,396.882,3.938488210818308,0.5,0.6934812760055479,3.3
2023-03-19 05:00:00,5,20,1,7,10,2,0,4,12,0,12,0,43.55,516.0,3.0,7.21,50.0,0.7976190476190477,429.322,3.533529819694868,0.5,0.5547850208044383,3.35
2023-03-19 06:00:00,6,21,1,6,12,2,0,4,13,0,13,0,44.55,536.0,3.0,7.21,52.5,0.8518518518518519,450.507,3.5478650683574404,0.525,0.5547850208044383,3.2857142857142856
2023-03-19 07:00:00,7,21,1,5,13,2,0,5,13,0,13,0,45.55,596.0,3.0,7.21,52.5,0.8395061728395061,456.147,3.945558417541774,0.525,0.6934812760055479,3.238095238095238
2023-03-19 08:00:00,8,23,1,5,16,1,0,6,13,0,13,0,46.55,656.0,3.0,7.73,57.49999999999999,0.925925925925926,466.077,4.406075988525788,0.575,0.7761966364812418,3.260869565217391
2023-03-19 09:00:00,9,22,1,5,15,1,0,4,10,0,10,0,47.55,766.0,3.0,7.73,55.00000000000001,0.8,429.372,3.493519934140892,0.55,0.517464424320828,3.272727272727273
2023-03-19 10:00:00,10,26,2,6,17,1,0,12,8,0,8,0,48.55,618.0,4.0,12.71,65.0,0.6796875,416.7919999999999,5.334232584881681,0.65,0.9441384736428008,3.3461538461538463
2023-03-19 11:00:00,11,38,3,9,24,2,0,18,8,1,9,1,49.55,520.0,4.0,12.71,95.0,1.0241935483870968,462.4403068017366,7.9081152428672,0.95,1.4162077104642012,3.3421052631578947
2023-03-19 12:00:00,12,27,3,7,17,0,0,11,6,3,9,3,45.38333333333333,73.0,4.0,12.71,67.5,0.7580645161290323,417.0819204052098,5.363083894279803,0.675,0.8654602675059008,3.4814814814814814
2023-03-19 13:00:00,13,29,2,9,16,2,0,15,6,4,10,4,46.38333333333333,108.0,4.0,12.71,72.5,0.8166666666666667,441.2802272069464,6.438171138663556,0.725,1.1801730920535012,3.3793103448275863
2023-03-19 14:00:00,14,33,1,10,16,5,1,13,9,4,13,4,47.38333333333333,120.0,4.0,12.71,82.5,0.9629629629629628,495.70022720694647,5.823422263548148,0.825,1.022816679779701,3.1515151515151514
2023-03-19 15:00:00,15,29,2,10,16,1,0,11,8,4,12,4,48.38333333333333,152.5,4.0,12.71,72.5,0.8928571428571429,479.3602272069464,5.484345750020347,0.725,0.8654602675059008,3.4482758620689653
2023-03-19 16:00:00,16,28,2,11,14,1,0,9,7,3,10,3,49.38333333333333,212.5,4.0,12.71,70.0,0.8166666666666667,455.1869204052098,4.928363493312352,0.7,0.7081038552321006,3.5
2023-03-19 17:00:00,17,28,2,8,16,1,1,8,8,2,10,2,50.38333333333333,231.5,4.0,12.71,70.0,0.775,459.9586136034732,4.415592334494773,0.7,0.6294256490952006,3.321428571428572
2023-03-19 18:00:00,18,21,1,6,13,1,0,11,6,1,7,1,51.38333333333333,306.0,4.0,12.71,52.5,0.5303030303030303,409.5153068017366,4.634867558353003,0.525,0.8654602675059008,3.333333333333333
2023-03-19 19:00:00,19,20,0,6,11,3,0,11,6,0,6,0,52.38333333333333,351.5,4.0,12.71,50.0,0.4632352941176471,398.742,4.301199842643587,0.5,0.8654602675059008,3.15
2023-03-19 20:00:00,20,26,1,6,15,4,0,16,8,0,8,0,53.38333333333333,79.5,4.0,12.19,65.0,0.640625,444.052,6.189584779453523,0.65,1.3125512715340442,3.1538461538461537
2023-03-19 21:00:00,21,20,1,5,13,1,0,6,8,0,8,0,54.38333333333333,124.5,4.0,12.19,50.0,0.515625,436.822,3.2742821985233794,0.5,0.4922067268252665,3.3
2023-03-19 22:00:00,22,18,1,2,14,1,0,9,6,1,7,1,55.38333333333333,97.0,3.0,7.21,45.0,0.5757575757575758,425.6403068017366,5.377843273231623,0.45,1.2482662968099862,3.1666666666666665
2023-03-19 23:00:00,23,28,0,4,21,1,2,16,6,2,8,2,56.38333333333333,72.5,3.0,7.21,70.0,0.8645833333333334,466.9986136034732,8.653165246681198,0.7,2.219140083217753,2.9642857142857144
2023-03-20 00:00:00,0,19,0,4,14,1,0,3,6,2,8,2,57.38333333333333,132.5,3.0,7.21,47.5,0.625,453.3336136034732,2.81396452295788,0.475,0.4160887656033287,3.1578947368421053
2023-03-20 01:00:00,1,21,1,5,13,2,0,6,9,2,11,2,58.38333333333333,178.0,3.0,7.21,52.5,0.7816091954022989,503.4636136034733,4.394670101050129,0.525,0.8321775312066574,3.238095238095238
2023-03-20 02:00:00,2,19,2,5,10,2,0,3,10,2,12,2,59.38333333333333,233.0,3.0,7.21,47.5,0.7619047619047619,518.2136136034733,3.001562157821738,0.475,0.4160887656033287,3.3684210526315788
2023-03-20 03:00:00,3,21,2,5,13,1,0,4,11,2,13,2,60.38333333333333,288.0,3.0,7.21,52.5,0.8765432098765432,541.5436136034732,3.650701737005482,0.525,0.5547850208044383,3.380952380952381
2023-03-20 04:00:00,4,24,2,5,16,1,0,4,11,2,13,2,61.38333333333333,348.0,3.0,7.21,60.0,0.9876543209876544,553.6186136034732,3.849283402681461,0.6,0.5547850208044383,3.333333333333333
2023-03-20 05:00:00,5,26,3,6,16,1,0,5,12,2,14,2,62.38333333333333,347.5,3.0,7.21,65.0,1.141025641025641,576.9486136034732,4.598839752480529,0.65,0.6934812760055479,3.423076923076923
2023-03-20 06:00:00,6,27,3,6,17,1,0,2,12,2,14,2,63.38333333333333,407.5,3.0,7.21,67.5,1.1794871794871795,584.7336136034733,3.245189294703858,0.675,0.2773925104022191,3.4074074074074074
2023-03-20 07:00:00,7,26,3,5,17,1,0,3,13,2,15,2,64.38333333333334,407.0,3.0,7.21,65.0,1.1733333333333331,601.6286136034732,3.6083004374266503,0.65,0.4160887656033287,3.3846153846153846
2023-03-20 08:00:00,8,26,5,5,15,1,0,4,15,2,17,2,65.38333333333334,455.0,3.0,6.79,65.0,1.3333333333333333,634.0686136034733,4.384513424719611,0.65,0.5891016200294551,3.5384615384615383
2023-03-20 09:00:00,9,28,4,8,16,0,0,9,15,3,18,3,66.38333333333334,441.0,3.0,6.79,70.0,1.5151515151515151,658.2669204052099,7.2338523038081215,0.7,1.325478645066274,3.571428571428572
2023-03-20 10:00:00,10,30,2,10,17,1,0,9,12,3,15,3,67.38333333333334,203.0,4.0,9.83,75.0,1.03,627.9969204052098,5.718438453713122,0.75,0.9155645981688708,3.433333333333333
2023-03-20 11:00:00,11,32,2,12,16,2,0,13,13,3,16,3,68.38333333333334,245.0,4.0,9.83,80.0,1.1458333333333333,651.3269204052099,7.296032553407935,0.8,1.3224821973550356,3.4375
2023-03-20 12:00:00,12,37,2,14,20,1,0,11,16,3,19,3,69.38333333333334,282.0,4.0,9.83,92.5,1.5238095238095235,707.8919204052098,7.071216078744056,0.925,1.1190233977619533,3.45945945945946
2023-03-20 13:00:00,13,33,0,12,20,1,0,7,15,3,18,3,70.38333333333334,263.0,4.0,9.83,82.5,1.25,691.5519204052098,5.123685995252628,0.825,0.7121057985757884,3.333333333333333
2023-03-20 14:00:00,14,28,0,12,16,0,0,5,11,3,14,3,71.38333333333334,227.0,4.0,9.83,70.0,0.9230769230769232,632.8669204052098,4.143932567940706,0.7,0.508646998982706,3.4285714285714284
2023-03-20 15:00:00,15,25,0,12,13,0,0,6,9,3,12,3,72.38333333333334,278.5,4.0,9.83,62.5,0.7767857142857143,605.2719204052098,4.29910986775178,0.625,0.6103763987792472,3.48
2023-03-20 16:00:00,16,29,0,14,14,1,0,13,11,2,13,2,73.38333333333334,281.0,4.0,9.83,72.5,0.925925925925926,632.0236136034732,7.060283439155294,0.725,1.3224821973550356,3.4482758620689653
2023-03-20 17:00:00,17,23,0,11,11,1,0,5,13,2,15,2,74.38333333333334,252.0,4.0,9.83,57.49999999999999,0.79,651.5936136034732,3.722091866071034,0.575,0.508646998982706,3.4347826086956523
2023-03-20 18:00:00,18,25,0,9,16,0,0,8,16,1,17,1,75.38333333333334,280.0,4.0,9.83,62.5,0.9130434782608696,687.4553068017367,4.834486266531028,0.625,0.8138351983723296,3.36
2023-03-20 19:00:00,19,30,1,13,16,0,0,10,16,1,17,1,76.38333333333334,340.0,4.0,9.83,75.0,1.141304347826087,703.8203068017367,6.185528992878942,0.75,1.017293997965412,3.5
2023-03-20 20:00:00,20,23,0,9,14,0,0,3,14,1,15,1,77.38333333333334,400.0,4.0,9.739999999999998,57.49999999999999,0.78,667.6453068017366,2.9945495937862687,0.575,0.3080082135523614,3.391304347826087
2023-03-20 21:00:00,21,27,0,8,17,2,0,9,17,1,18,1,78.38333333333334,293.5,4.0,9.739999999999998,67.5,0.9886363636363636,722.0653068017366,5.1524127310061605,0.675,0.9240246406570845,3.2222222222222223
2023-03-20 22:00:00,22,24,0,7,16,1,0,12,16,1,17,1,79.38333333333334,268.0,3.0,6.699999999999999,60.0,1.1304347826086956,707.8703068017367,7.770895522388061,0.6,1.7910447761194033,3.25
2023-03-20 23:00:00,23,26,1,7,16,2,0,7,17,1,18,1,27.95,169.5,3.0,6.699999999999999,65.0,1.2878787878787878,435.4763068017366,5.54061423650976,0.65,1.0447761194029852,3.269230769230769
2023-03-21 00:00:00,0,24,1,8,14,1,0,7,14,1,15,1,28.95,388.0,3.0,6.699999999999999,60.0,1.08,396.62630680173663,5.551119402985075,0.6,1.0447761194029852,3.375
2023-03-21 01:00:00,1,25,1,7,16,1,0,5,14,1,15,1,29.95,448.0,3.0,6.699999999999999,62.5,1.106666666666667,404.4113068017366,4.552611940298507,0.625,0.746268656716418,3.32
2023-03-21 02:00:00,2,21,1,7,12,1,0,1,13,1,14,1,30.95,527.0,3.0,6.699999999999999,52.5,0.9102564102564102,388.07130680173657,2.2796197583511018,0.525,0.1492537313432836,3.380952380952381
2023-03-21 03:00:00,3,24,1,7,14,2,0,4,13,1,14,1,31.95,587.0,3.0,6.699999999999999,60.0,1.0128205128205128,400.1463068017366,3.9401741293532337,0.6,0.5970149253731344,3.2916666666666665
2023-03-21 04:00:00,4,28,1,9,17,1,0,7,13,1,14,1,32.95,647.0,3.0,6.699999999999999,70.0,1.205128205128205,414.36630680173664,5.857462686567165,0.7,1.0447761194029852,3.357142857142857
2023-03-21 05:00:00,5,29,1,10,16,2,0,3,14,1,15,1,33.95,688.0,3.0,6.699999999999999,72.5,1.2933333333333332,435.55130680173664,3.9226839938239833,0.725,0.4477611940298508,3.3448275862068964
2023-03-21 06:00:00,6,29,1,12,13,3,0,4,14,2,16,2,34.95,650.0,3.0,6.699999999999999,72.5,1.3611111111111112,455.4596136034732,4.467498713329903,0.725,0.5970149253731344,3.3793103448275863
2023-03-21 07:00:00,7,33,1,13,16,3,0,4,15,2,17,2,35.95,612.0,3.0,6.699999999999999,82.5,1.608695652173913,483.07961360347326,4.7831411126187255,0.825,0.5970149253731344,3.363636363636364
2023-03-21 08:00:00,8,28,1,11,14,2,0,3,16,2,18,2,36.95,670.5,3.0,6.71,70.0,1.4393939393939394,491.3946136034732,3.891925697253566,0.7,0.4470938897168405,3.392857142857143
2023-03-21 09:00:00,9,28,0,9,18,1,0,7,14,3,17,3,37.95,729.0,3.0,6.71,70.0,1.3333333333333333,484.50292040520986,5.727719821162443,0.7,1.0432190760059612,3.2857142857142856
2023-03-21 10:00:00,10,29,0,8,19,2,0,8,16,3,19,3,38.95,281.0,4.0,10.03,72.5,1.1071428571428572,519.0879204052098,4.882843710248565,0.725,0.7976071784646063,3.206896551724138
2023-03-21 11:00:00,11,38,0,13,23,2,0,14,20,3,23,3,39.95,151.0,4.0,10.03,95.0,1.838235294117647,597.6329204052098,7.716488691819277,0.95,1.3958125623130608,3.289473684210526
2023-03-21 12:00:00,12,38,0,11,23,4,0,8,18,3,21,3,40.95,203.0,4.0,10.03,95.0,1.5921052631578947,576.4729204052098,5.564749173532035,0.95,0.7976071784646063,3.1842105263157894
2023-03-21 13:00:00,13,39,0,9,26,4,0,9,18,2,20,2,41.95,184.0,4.0,10.03,97.5,1.525,569.9896136034732,5.85696372421198,0.975,0.897308075772682,3.128205128205128
2023-03-21 14:00:00,14,38,0,8,26,4,0,7,19,2,21,2,42.95,237.0,4.0,10.03,95.0,1.5526315789473684,586.8846136034733,5.117182662538699,0.95,0.6979062811565304,3.1052631578947367
2023-03-21 15:00:00,15,42,1,9,29,3,0,13,19,2,21,2,43.95,282.0,4.0,10.03,105.0,1.763157894736842,601.1046136034732,7.4852134073968575,1.05,1.296111665004985,3.1904761904761907
2023-03-21 16:00:00,16,38,0,9,27,2,0,8,17,2,19,2,41.8,303.0,4.0,10.03,95.0,1.4404761904761905,553.5986136034732,5.564749173532035,0.95,0.7976071784646063,3.1842105263157894
2023-03-21 17:00:00,17,36,0,10,23,3,0,5,16,3,19,3,42.8,363.0,4.0,10.03,90.0,1.369047619047619,555.8169204052098,4.467444887559544,0.9,0.4985044865403789,3.1944444444444446
2023-03-21 18:00:00,18,33,0,11,20,2,0,8,19,3,22,3,43.8,294.5,4.0,10.03,82.5,1.5,595.2219204052099,5.3103507658841655,0.825,0.7976071784646063,3.272727272727273
2023-03-21 19:00:00,19,38,1,10,24,3,0,8,19,4,23,4,44.8,309.0,4.0,10.03,95.0,1.8088235294117647,625.8552272069464,5.656728498714383,0.95,0.7976071784646063,3.236842105263158
2023-03-21 20:00:00,20,39,1,9,26,3,0,7,22,3,25,3,20.116666666666667,282.0,4.0,10.6,97.5,2.083333333333333,514.7179204052098,5.241594097726174,0.975,0.6603773584905661,3.2051282051282053
2023-03-21 21:00:00,21,38,1,8,26,3,0,7,24,3,27,3,12.516666666666667,308.0,4.0,10.6,95.0,2.326923076923077,496.5089204052099,5.127780536246276,0.95,0.6603773584905661,3.1842105263157894
2023-03-21 22:00:00,22,35,0,8,24,3,0,4,24,2,26,2,13.516666666666667,385.0,3.0,7.28,87.5,2.619047619047619,481.4456136034733,4.4768445839874405,0.875,0.5494505494505494,3.142857142857143
2023-03-21 23:00:00,23,39,0,9,28,2,0,11,25,2,27,2,14.516666666666667,406.0,3.0,7.28,97.5,3.1794871794871797,509.06561360347325,7.904170188785573,0.975,1.510989010989011,3.1794871794871797
2023-03-22 00:00:00,0,43,0,9,32,2,0,8,25,2,27,2,15.516666666666667,466.0,3.0,7.28,107.5,3.4871794871794872,523.2856136034733,6.875594173268591,1.075,1.0989010989010988,3.1627906976744184
2023-03-22 01:00:00,1,43,0,9,31,3,0,6,25,2,27,2,16.516666666666666,526.0,3.0,7.28,107.5,3.4615384615384617,528.9256136034733,5.962528750319447,1.075,0.8241758241758241,3.13953488372093
2023-03-22 02:00:00,2,40,0,10,29,1,0,2,25,2,27,2,17.516666666666666,586.0,3.0,7.28,100.0,3.3076923076923075,528.1306136034732,4.110989010989011,1.0,0.2747252747252747,3.225
2023-03-22 03:00:00,3,42,0,10,30,2,0,5,26,2,28,2,18.516666666666666,621.0,3.0,7.28,105.0,3.7222222222222223,551.4606136034732,5.541261119832549,1.05,0.6868131868131868,3.1904761904761907
2023-03-22 04:00:00,4,40,0,10,28,2,0,3,27,1,28,1,19.516666666666666,681.0,3.0,7.28,100.0,3.555555555555556,551.9423068017365,4.518681318681319,1.0,0.412087912087912,3.2
2023-03-22 05:00:00,5,40,0,10,29,1,0,1,27,1,28,1,20.516666666666666,741.0,3.0,7.28,100.0,3.583333333333333,557.5823068017365,3.6679945054945056,1.0,0.1373626373626373,3.225
2023-03-22 06:00:00,6,44,0,10,33,1,0,4,27,1,28,1,21.516666666666666,801.0,3.0,7.28,110.0,3.9166666666666665,571.8023068017367,5.285739260739261,1.1,0.5494505494505494,3.2045454545454546
2023-03-22 07:00:00,7,39,0,10,28,1,0,2,28,1,29,1,22.516666666666666,836.0,3.0,7.28,97.5,3.8181818181818175,580.1173068017366,4.037573964497041,0.975,0.2747252747252747,3.230769230769231
2023-03-22 08:00:00,8,35,0,10,24,1,0,1,28,1,29,1,23.516666666666666,896.0,3.0,7.23,87.5,3.4545454545454546,577.1773068017367,3.30050385299348,0.875,0.1383125864453665,3.257142857142857
2023-03-22 09:00:00,9,40,1,11,26,2,0,8,29,2,31,2,24.516666666666666,906.0,3.0,7.23,100.0,4.851851851851852,621.2106136034732,6.898789764868601,1.0,1.106500691562932,3.275
2023-03-22 10:00:00,10,44,1,12,27,4,0,9,31,2,33,2,25.516666666666666,909.0,4.0,10.93,110.0,5.071428571428571,662.2306136034732,6.207406637278549,1.1,0.8234217749313816,3.227272727272727
2023-03-22 11:00:00,11,48,3,11,26,8,0,8,32,2,34,2,26.516666666666666,954.0,4.0,10.93,120.0,6.375,689.8506136034732,6.158028362305581,1.2,0.7319304666056725,3.1875
2023-03-22 12:00:00,12,44,2,10,21,10,1,9,29,0,29,0,27.516666666666666,960.0,4.0,10.93,110.0,3.0454545454545454,618.174,5.857693587291026,1.1,0.8234217749313816,3.0454545454545454
2023-03-22 13:00:00,13,49,2,10,27,10,0,12,28,0,28,0,28.516666666666666,1024.0,4.0,10.93,122.5,3.145833333333333,621.139,7.158311238493568,1.225,1.0978956999085088,3.0816326530612246
2023-03-22 14:00:00,14,42,2,9,24,7,0,6,21,0,21,0,29.516666666666666,1058.0,4.0,10.93,105.0,1.736842105263158,517.9639999999999,5.025264671284799,1.05,0.5489478499542544,3.142857142857143
2023-03-22 15:00:00,15,33,2,6,19,6,0,8,17,0,17,0,28.7,392.0,4.0,10.93,82.5,1.1195652173913044,440.453,4.859510244254069,0.825,0.7319304666056725,3.121212121212121
2023-03-22 16:00:00,16,34,2,3,21,8,0,9,17,0,17,0,26.15,405.0,4.0,10.93,85.0,1.0978260869565215,428.216,4.971047037296163,0.85,0.8234217749313816,2.9705882352941178
2023-03-22 17:00:00,17,29,1,2,18,7,1,2,16,0,16,0,27.15,473.5,4.0,10.93,72.5,0.8541666666666666,409.731,2.567399122945389,0.725,0.1829826166514181,2.827586206896552
2023-03-22 18:00:00,18,28,1,2,19,5,1,4,17,0,17,0,28.15,525.0,4.0,10.93,70.0,0.8804347826086957,426.626,3.0836851391974904,0.7,0.3659652333028362,2.892857142857143
2023-03-22 19:00:00,19,33,1,2,23,6,1,9,19,0,19,0,29.15,330.0,4.0,10.93,82.5,1.130952380952381,469.791,4.745456624802462,0.825,0.8234217749313816,2.878787878787879
2023-03-22 20:00:00,20,31,1,3,24,2,1,11,14,1,15,1,25.15,148.0,4.0,9.83,77.5,0.94,390.2093068017366,5.743167722245923,0.775,1.1190233977619533,3.032258064516129
2023-03-22 21:00:00,21,29,1,2,23,2,1,9,13,0,13,0,26.15,208.0,4.0,9.83,72.5,0.8055555555555556,363.891,4.921693794506613,0.725,0.9155645981688708,3.0
2023-03-22 22:00:00,22,27,1,3,20,2,1,11,14,0,14,0,27.15,246.5,3.0,6.13,67.5,1.051282051282051,378.641,7.499821763035467,0.675,1.7944535073409462,3.037037037037037
2023-03-22 23:00:00,23,25,1,4,16,3,1,7,13,0,13,0,26.916666666666668,285.0,3.0,6.13,62.5,0.9382716049382716,359.635,5.371451876019576,0.625,1.1419249592169658,3.04
2023-03-23 00:00:00,0,24,1,4,15,2,2,7,13,0,13,0,27.916666666666668,345.0,3.0,6.13,60.0,0.8888888888888888,363.13,5.225774877650897,0.6,1.1419249592169658,3.0
2023-03-23 01:00:00,1,27,3,4,16,3,1,6,15,1,16,1,28.916666666666668,376.0,3.0,6.13,67.5,1.1944444444444444,416.2733068017367,5.267636396592351,0.675,0.9787928221859706,3.185185185185185
2023-03-23 02:00:00,2,25,2,4,15,3,1,6,16,0,16,0,29.916666666666668,436.0,3.0,6.13,62.5,1.0833333333333333,416.755,5.003833605220229,0.625,0.9787928221859706,3.12
2023-03-23 03:00:00,3,22,3,4,12,2,1,3,17,0,17,0,30.916666666666668,484.0,3.0,6.13,55.00000000000001,1.0434782608695652,429.36,3.401660981758861,0.55,0.4893964110929853,3.272727272727273
2023-03-23 04:00:00,4,20,3,3,11,2,1,1,17,0,17,0,31.916666666666668,544.0,3.0,6.13,50.0,0.9420289855072465,430.71,2.155179445350734,0.5,0.1631321370309951,3.25
2023-03-23 05:00:00,5,21,3,3,12,2,1,2,17,0,17,0,32.916666666666664,604.0,3.0,6.13,52.5,0.9855072463768116,438.495,2.75647479220073,0.525,0.3262642740619902,3.238095238095238
2023-03-23 06:00:00,6,18,3,3,10,1,1,0,16,0,16,0,33.916666666666664,676.0,3.0,6.13,45.0,0.8333333333333334,424.3,1.5,0.45,0.0,3.333333333333333
2023-03-23 07:00:00,7,19,3,3,11,1,1,1,17,0,17,0,34.916666666666664,724.0,3.0,6.13,47.5,0.9130434782608696,445.485,2.115911822786984,0.475,0.1631321370309951,3.3157894736842106
2023-03-23 08:00:00,8,27,3,5,17,1,1,8,21,0,21,0,35.916666666666664,729.0,3.0,7.23,67.5,1.5614035087719298,521.885,5.872354131448184,0.675,1.106500691562932,3.2962962962962963
2023-03-23 09:00:00,9,33,3,6,22,1,1,8,22,0,22,0,36.91666666666666,788.0,3.0,7.23,82.5,2.0,553.7950000000001,6.321274990569596,0.825,1.106500691562932,3.272727272727273
2023-03-23 10:00:00,10,40,3,4,30,2,1,13,26,0,26,0,37.91666666666666,657.5,4.0,10.57,100.0,2.25,628.05,7.024172185430462,1.0,1.2298959318826868,3.15
2023-03-23 11:00:00,11,47,4,8,28,6,1,15,26,2,28,2,38.91666666666666,544.0,4.0,10.57,117.5,3.1041666666666665,677.2416136034732,8.223882827754181,1.175,1.4191106906338693,3.1702127659574466
2023-03-23 12:00:00,12,44,4,8,28,3,1,7,26,2,28,2,39.91666666666666,465.5,4.0,10.57,110.0,2.9791666666666665,676.4466136034732,5.727317880794701,1.1,0.662251655629139,3.25
2023-03-23 13:00:00,13,41,4,6,25,5,1,5,25,2,27,2,40.91666666666666,416.0,4.0,10.57,102.5,2.5,662.2516136034733,4.749873087661813,1.025,0.4730368968779564,3.1707317073170733
2023-03-23 14:00:00,14,34,4,4,21,4,1,6,19,2,21,2,29.03333333333333,270.0,4.0,10.57,85.0,1.4210526315789471,499.8146136034732,4.5031053480995045,0.85,0.5676442762535477,3.176470588235294
2023-03-23 15:00:00,15,36,4,3,23,5,1,13,17,3,20,3,30.03333333333333,231.0,4.0,10.57,90.0,1.4,497.2129204052098,6.626342899190582,0.9,1.2298959318826868,3.111111111111111
2023-03-23 16:00:00,16,38,4,2,26,5,1,8,16,3,19,3,31.03333333333333,255.0,4.0,10.57,95.0,1.3928571428571428,493.7429204052098,5.255329134093512,0.95,0.7568590350047304,3.0789473684210527
2023-03-23 17:00:00,17,34,4,4,22,3,1,4,16,3,19,3,32.03333333333333,315.0,4.0,10.57,85.0,1.2976190476190477,490.80292040520976,3.9382005119928767,0.85,0.3784295175023652,3.2058823529411766
2023-03-23 18:00:00,18,34,4,3,24,2,1,7,16,3,19,3,33.03333333333333,375.0,4.0,10.57,85.0,1.2976190476190477,496.44292040520986,4.848100895987535,0.85,0.662251655629139,3.2058823529411766
2023-03-23 19:00:00,19,33,1,3,25,3,1,9,17,1,18,1,26.3,296.0,4.0,10.57,82.5,1.125,441.1853068017366,5.029399243140965,0.825,0.8514664143803217,3.0
2023-03-23 20:00:00,20,36,1,3,27,4,1,10,17,1,18,1,27.3,356.0,4.0,9.69,90.0,1.2159090909090908,453.2603068017367,5.742308794862975,0.9,1.0319917440660475,2.9722222222222223
2023-03-23 21:00:00,21,27,1,1,22,2,1,6,16,1,17,1,28.3,398.0,4.0,9.69,67.5,0.8695652173913043,426.1953068017366,3.834651989450751,0.675,0.6191950464396285,2.962962962962963
2023-03-23 22:00:00,22,29,2,2,18,6,1,12,17,1,18,1,29.3,415.0,3.0,6.35,72.5,1.2878787878787878,449.52530680173663,7.663962802063535,0.725,1.8897637795275597,2.931034482758621
2023-03-23 23:00:00,23,33,2,2,26,2,1,12,19,1,20,1,30.3,296.5,3.0,6.35,82.5,1.6833333333333331,490.5453068017366,8.308822476735864,0.825,1.8897637795275597,3.060606060606061
2023-03-24 00:00:00,0,33,2,2,27,1,1,5,19,1,20,1,31.3,356.5,3.0,6.35,82.5,1.7,496.1853068017366,4.98378668575519,0.825,0.7874015748031497,3.090909090909091
2023-03-24 01:00:00,1,39,2,3,32,1,1,8,20,1,21,1,32.3,361.0,3.0,6.35,97.5,2.12280701754386,528.0953068017366,6.933742176458712,0.975,1.2598425196850394,3.102564102564102
2023-03-24 02:00:00,2,32,2,2,26,1,1,3,20,1,21,1,33.3,421.0,3.0,6.35,80.0,1.736842105263158,518.7203068017367,3.936614173228347,0.8,0.4724409448818898,3.09375
2023-03-24 03:00:00,3,30,2,3,23,1,1,1,20,1,21,1,34.3,481.0,3.0,6.35,75.0,1.649122807017544,520.0703068017366,2.8434383202099736,0.75,0.1574803149606299,3.1333333333333333
2023-03-24 04:00:00,4,29,2,2,23,1,1,0,20,1,21,1,35.3,541.0,3.0,6.35,72.5,1.5789473684210529,523.5653068017366,2.25,0.725,0.0,3.103448275862069
2023-03-24 05:00:00,5,32,2,3,24,2,1,4,22,0,22,0,36.3,565.0,3.0,6.35,80.0,1.8333333333333333,548.172,4.423818897637795,0.8,0.6299212598425197,3.09375
2023-03-24 06:00:00,6,31,2,4,23,2,0,1,22,0,22,0,20.75,625.0,3.0,6.35,77.5,1.8333333333333333,458.325,2.977921005842012,0.775,0.1574803149606299,3.193548387096774
2023-03-24 07:00:00,7,30,2,3,23,2,0,1,22,0,22,0,21.75,685.0,3.0,6.35,75.0,1.7592592592592593,461.82,2.8736876640419946,0.75,0.1574803149606299,3.1666666666666665
2023-03-24 08:00:00,8,29,2,4,21,2,0,1,21,0,21,0,22.75,741.0,3.0,7.33,72.5,1.631578947368421,451.915,2.7625029402079315,0.725,0.1364256480218281,3.206896551724138
2023-03-24 09:00:00,9,29,2,3,23,1,0,4,21,0,21,0,23.75,801.0,3.0,7.33,72.5,1.631578947368421,457.555,4.0750117608317264,0.725,0.5457025920873124,3.206896551724138
2023-03-24 10:00:00,10,32,2,3,26,1,0,8,23,0,23,0,24.75,805.0,4.0,10.67,80.0,1.5,496.43,4.93987816307404,0.8,0.7497656982193065,3.1875
2023-03-24 11:00:00,11,36,3,4,28,1,0,8,25,0,25,0,25.75,842.0,4.0,10.67,90.0,1.95,537.45,5.3617385192127465,0.9,0.7497656982193065,3.25
2023-03-24 12:00:00,12,39,4,4,30,1,0,7,24,0,24,0,26.75,879.5,4.0,10.67,97.5,2.0,536.125,5.353173287193906,0.975,0.6560449859418932,3.282051282051282
2023-03-24 13:00:00,13,43,4,6,32,1,0,12,23,1,24,1,27.75,860.0,4.0,10.67,107.5,2.21875,551.2133068017366,7.263955667923541,1.075,1.1246485473289598,3.302325581395349
2023-03-24 14:00:00,14,39,4,7,27,1,0,9,22,3,25,3,28.08333333333333,566.0,4.0,10.67,97.5,2.183333333333333,559.6499204052099,6.108249225001803,0.975,0.8434864104967198,3.358974358974359
2023-03-24 15:00:00,15,31,4,8,19,0,0,7,16,3,19,3,19.35,207.0,4.0,10.67,77.5,1.2976190476190477,412.8339204052098,5.031738821537624,0.775,0.6560449859418932,3.5161290322580645
2023-03-24 16:00:00,16,30,3,8,18,1,0,13,15,2,17,2,19.03333333333333,171.0,4.0,10.67,75.0,1.1195652173913044,381.2346136034733,6.758067791315214,0.75,1.218369259606373,3.433333333333333
2023-03-24 17:00:00,17,23,3,7,13,0,0,4,16,1,17,1,20.03333333333333,231.0,4.0,10.67,57.49999999999999,0.8913043478260869,370.99130680173664,3.3865388533474587,0.575,0.3748828491096532,3.565217391304348
2023-03-24 18:00:00,18,28,3,8,17,0,0,9,17,1,18,1,21.03333333333333,274.5,4.0,10.67,70.0,1.1136363636363635,400.7563068017366,5.40220243673852,0.7,0.8434864104967198,3.5
2023-03-24 19:00:00,19,33,4,9,20,0,0,12,21,1,22,1,22.03333333333333,242.5,4.0,10.67,82.5,1.6111111111111112,470.7213068017367,6.853310045156343,0.825,1.1246485473289598,3.515151515151515
2023-03-24 20:00:00,20,31,4,9,18,0,0,9,19,2,21,2,19.8,240.0,4.0,10.4,77.5,1.4473684210526316,441.3036136034733,5.820719602977667,0.775,0.8653846153846153,3.548387096774193
2023-03-24 21:00:00,21,37,3,10,24,0,0,13,20,1,21,1,20.8,225.0,4.0,10.4,92.5,1.6710526315789471,458.9453068017367,7.46554054054054,0.925,1.25,3.4324324324324325
2023-03-24 22:00:00,22,29,2,9,18,0,0,7,16,1,17,1,21.8,285.0,3.0,7.0600000000000005,72.5,1.4492753623188406,393.82530680173664,5.91897040148481,0.725,0.9915014164305948,3.4482758620689653
2023-03-24 23:00:00,23,36,0,11,25,0,0,13,17,0,17,0,22.8,345.0,3.0,7.0600000000000005,90.0,1.7246376811594204,413.612,9.061717028643374,0.9,1.841359773371105,3.305555555555556
2023-03-25 00:00:00,0,33,0,11,22,0,0,9,18,0,18,0,23.8,368.0,3.0,7.0600000000000005,82.5,1.6666666666666667,426.217,6.9992917847025495,0.825,1.2747875354107647,3.333333333333333
2023-03-25 01:00:00,1,27,0,11,16,0,0,3,18,0,18,0,24.8,428.0,3.0,7.0600000000000005,67.5,1.393939393939394,418.987,3.747906830343091,0.675,0.4249291784702549,3.4074074074074074
2023-03-25 02:00:00,2,29,0,11,17,1,0,4,18,0,18,0,25.8,488.0,3.0,7.0600000000000005,72.5,1.4696969696969695,428.917,4.320086451108723,0.725,0.56657223796034,3.3448275862068964
2023-03-25 03:00:00,3,30,0,11,17,2,0,4,18,0,18,0,26.8,548.0,3.0,7.0600000000000005,75.0,1.5,436.702,4.344688385269122,0.75,0.56657223796034,3.3
2023-03-25 04:00:00,4,25,0,12,13,0,0,1,19,0,19,0,27.8,571.0,3.0,7.0600000000000005,62.5,1.380952380952381,445.01700000000005,2.667917847025496,0.625,0.141643059490085,3.48
2023-03-25 05:00:00,5,24,0,12,12,0,0,1,19,0,19,0,28.8,631.0,3.0,7.0600000000000005,60.0,1.3333333333333333,448.512,2.5957507082152973,0.6,0.141643059490085,3.5
2023-03-25 06:00:00,6,27,0,12,15,0,0,4,20,0,20,0,29.8,682.5,3.0,7.0600000000000005,67.5,1.55,473.987,4.2765265974189495,0.675,0.56657223796034,3.4444444444444446
2023-03-25 07:00:00,7,29,0,13,16,0,0,4,22,0,22,0,30.8,704.5,3.0,7.0600000000000005,72.5,1.851851851851852,510.717,4.453697372277033,0.725,0.56657223796034,3.4482758620689653
2023-03-25 08:00:00,8,27,0,12,15,0,0,5,20,0,20,0,31.8,802.5,3.0,6.4,67.5,1.55,485.26700000000005,5.015972222222223,0.675,0.78125,3.4444444444444446
2023-03-25 09:00:00,9,31,1,13,17,0,0,7,23,0,23,0,32.8,795.0,3.0,6.4,77.5,2.117647058823529,539.6869999999999,6.510483870967741,0.775,1.09375,3.4838709677419355
2023-03-25 10:00:00,10,39,2,17,20,0,0,9,26,0,26,0,33.8,845.0,4.0,9.65,97.5,2.4642857142857144,602.687,6.750119569549621,0.975,0.932642487046632,3.5384615384615383
2023-03-25 11:00:00,11,44,2,21,21,0,0,11,28,0,28,0,34.8,840.0,4.0,9.65,110.0,3.270833333333333,645.852,7.992357512953369,1.1,1.1398963730569949,3.5681818181818183
2023-03-25 12:00:00,12,45,2,22,21,0,0,7,28,0,28,0,35.8,900.0,4.0,9.65,112.5,3.3541666666666665,653.637,6.620279217040875,1.125,0.7253886010362695,3.577777777777778
2023-03-25 13:00:00,13,39,2,17,18,2,0,9,24,0,24,0,23.85,705.5,4.0,9.65,97.5,2.125,519.769,6.652291749701075,0.975,0.932642487046632,3.4871794871794872
2023-03-25 14:00:00,14,31,2,10,17,2,0,5,18,0,18,0,23.25,421.0,4.0,9.65,77.5,1.193181818181818,418.8250000000001,4.379972421861942,0.775,0.5181347150259067,3.3870967741935485
2023-03-25 15:00:00,15,23,1,5,15,2,0,11,9,0,9,0,23.83333333333333,339.0,4.0,9.65,57.49999999999999,0.5967741935483871,284.355,5.517492678531201,0.575,1.1398963730569949,3.217391304347826
2023-03-25 16:00:00,16,19,1,4,13,1,0,5,8,0,8,0,24.83333333333333,298.0,4.0,9.65,47.5,0.484375,268.015,3.240755385874011,0.475,0.5181347150259067,3.263157894736842
2023-03-25 17:00:00,17,17,1,2,12,2,0,6,8,0,8,0,21.15,215.5,4.0,9.65,42.5,0.4140625,242.951,3.263433404449863,0.425,0.6217616580310881,3.117647058823529
2023-03-25 18:00:00,18,23,1,2,17,3,0,9,8,0,8,0,22.15,275.5,4.0,9.65,57.49999999999999,0.546875,261.461,4.58847713448975,0.575,0.932642487046632,3.0434782608695654
2023-03-25 19:00:00,19,24,1,2,15,6,0,10,9,0,9,0,23.15,294.0,4.0,9.65,60.0,0.5645161290322581,282.646,4.772452504317789,0.6,1.0362694300518134,2.9166666666666665
2023-03-25 20:00:00,20,25,1,3,13,8,0,10,9,1,10,1,10.916666666666666,113.0,4.0,10.31,62.5,0.6,230.06330680173664,4.5934044616876815,0.625,0.9699321047526672,2.88
2023-03-25 21:00:00,21,19,1,4,10,4,0,2,9,1,10,1,11.916666666666666,173.0,4.0,10.31,47.5,0.4916666666666666,222.83330680173663,2.077378886109551,0.475,0.1939864209505334,3.1052631578947367
2023-03-25 22:00:00,22,27,1,5,16,5,0,14,10,1,11,1,12.916666666666666,212.0,3.0,7.0600000000000005,67.5,0.9540229885057472,259.0333068017366,8.170897597314028,0.675,1.9830028328611895,3.074074074074074
2023-03-25 23:00:00,23,29,0,4,21,3,1,17,10,0,10,0,13.916666666666666,280.0,3.0,7.0600000000000005,72.5,0.9555555555555556,254.695,9.29076389567256,0.725,2.4079320113314444,2.9655172413793105
2023-03-26 00:00:00,0,24,0,4,17,3,0,8,12,0,12,0,14.916666666666666,288.0,3.0,7.0600000000000005,60.0,0.8690476190476191,276.41,5.271647780925401,0.6,1.13314447592068,3.0416666666666665
2023-03-26 01:00:00,1,19,0,4,12,3,0,4,12,0,12,0,15.916666666666666,348.0,3.0,7.0600000000000005,47.5,0.6904761904761905,271.325,3.1795363053526167,0.475,0.56657223796034,3.0526315789473686
2023-03-26 02:00:00,2,20,0,3,14,3,0,6,14,0,14,0,16.916666666666668,381.0,3.0,7.0600000000000005,50.0,0.7692307692307693,305.91,4.049575070821529,0.5,0.8498583569405098,3.0
2023-03-26 03:00:00,3,23,0,3,16,4,0,3,14,0,14,0,17.916666666666668,441.0,3.0,7.0600000000000005,57.49999999999999,0.8717948717948718,317.985,2.9563123537381446,0.575,0.4249291784702549,2.9565217391304346
2023-03-26 04:00:00,4,25,0,3,16,6,0,6,15,0,15,0,18.916666666666668,492.0,3.0,7.0600000000000005,62.5,0.96,341.315,4.247592067988668,0.625,0.8498583569405098,2.88
2023-03-26 05:00:00,5,25,0,4,15,6,0,3,14,0,14,0,19.916666666666668,561.0,3.0,7.0600000000000005,62.5,0.935897435897436,333.555,3.065793201133144,0.625,0.4249291784702549,2.92
2023-03-26 06:00:00,6,21,0,4,12,5,0,0,14,0,14,0,20.916666666666668,621.0,3.0,7.0600000000000005,52.5,0.7948717948717948,330.615,1.55,0.525,0.0,2.952380952380953
2023-03-26 07:00:00,7,22,0,4,13,5,0,2,14,0,14,0,21.916666666666668,681.0,3.0,7.0600000000000005,55.00000000000001,0.8333333333333334,338.4,2.461981715168684,0.55,0.28328611898017,2.9545454545454546
2023-03-26 08:00:00,8,24,0,5,13,6,0,3,14,0,14,0,22.916666666666668,741.0,3.0,6.68,60.0,0.9102564102564102,348.33,3.103592814371257,0.6,0.4491017964071856,2.958333333333333
2023-03-26 09:00:00,9,24,1,4,15,4,0,5,15,0,15,0,23.916666666666668,688.0,3.0,6.68,60.0,0.9866666666666668,367.37,4.157884231536927,0.6,0.7485029940119761,3.083333333333333
2023-03-26 10:00:00,10,34,1,6,24,3,0,15,16,1,17,1,24.916666666666668,615.0,4.0,10.38,85.0,1.1630434782608696,422.1283068017366,7.222772866371982,0.85,1.4450867052023122,3.147058823529412
2023-03-26 11:00:00,11,36,2,6,25,3,0,9,15,2,17,2,25.916666666666668,552.0,4.0,10.38,90.0,1.25,432.9266136034733,5.644749518304433,0.9,0.8670520231213874,3.1944444444444446
2023-03-26 12:00:00,12,36,2,5,28,1,0,11,15,2,17,2,26.916666666666668,612.0,4.0,10.38,90.0,1.2608695652173914,438.5666136034732,6.314686362663243,0.9,1.0597302504816957,3.2222222222222223
2023-03-26 13:00:00,13,35,2,4,27,2,0,6,15,2,17,2,27.916666666666668,672.0,4.0,10.38,87.5,1.2065217391304348,442.0616136034732,4.608195706028075,0.875,0.5780346820809249,3.1714285714285717
2023-03-26 14:00:00,14,33,2,5,24,2,0,7,15,2,17,2,28.916666666666668,339.0,4.0,10.38,82.5,1.1521739130434785,443.41161360347326,4.816170374262859,0.825,0.674373795761079,3.212121212121212
2023-03-26 15:00:00,15,34,2,5,27,0,0,11,18,2,20,2,29.916666666666668,358.5,4.0,10.38,85.0,1.3875,491.39661360347327,6.234707582454947,0.85,1.0597302504816957,3.264705882352941
2023-03-26 16:00:00,16,35,2,5,27,1,0,15,14,2,16,2,25.9,415.0,4.0,10.38,87.5,1.1770833333333333,417.2876136034732,7.490565648224609,0.875,1.4450867052023122,3.2285714285714286
2023-03-26 17:00:00,17,30,1,5,22,2,0,7,15,2,17,2,26.9,473.0,4.0,10.38,75.0,1.0326086956521738,425.6026136034732,4.510517019910084,0.75,0.674373795761079,3.1666666666666665
2023-03-26 18:00:00,18,31,1,6,23,1,0,9,16,2,18,2,27.9,507.0,4.0,10.38,77.5,1.1363636363636365,446.7876136034732,5.296942010068992,0.775,0.8670520231213874,3.225806451612903
2023-03-26 19:00:00,19,24,1,2,20,1,0,6,15,0,15,0,28.9,597.0,4.0,10.38,60.0,0.75,395.476,3.68135838150289,0.6,0.5780346820809249,3.125
2023-03-26 20:00:00,20,29,1,2,24,2,0,13,15,0,15,0,29.9,657.0,4.0,10.08,72.5,0.89,411.841,6.182991242474001,0.725,1.2896825396825398,3.0689655172413794
2023-03-26 21:00:00,21,22,2,2,17,1,0,6,16,1,17,1,30.9,713.0,4.0,10.08,55.00000000000001,0.7717391304347826,430.13430680173656,3.6959956709956714,0.55,0.5952380952380952,3.227272727272727
2023-03-26 22:00:00,22,27,2,3,21,1,0,9,16,1,17,1,31.9,773.0,3.0,6.38,67.5,1.2608695652173914,446.49930680173657,6.720454545454545,0.675,1.4106583072100314,3.2222222222222223
2023-03-26 23:00:00,23,21,1,2,18,0,0,4,15,0,15,0,32.9,837.0,3.0,6.38,52.5,0.8933333333333333,411.601,3.6752985520226895,0.525,0.6269592476489029,3.1904761904761907
2023-03-27 00:00:00,0,24,1,5,17,1,0,8,18,0,18,0,33.9,857.0,3.0,6.38,60.0,1.181818181818182,463.876,6.025235109717868,0.6,1.2539184952978055,3.25
2023-03-27 01:00:00,1,22,1,4,17,0,0,5,17,0,17,0,34.9,953.0,3.0,6.38,55.00000000000001,1.0434782608695652,451.826,4.364833285836421,0.55,0.7836990595611285,3.272727272727273
2023-03-27 02:00:00,2,21,1,4,15,1,0,3,17,0,17,0,35.9,1013.0,3.0,6.38,52.5,0.9855072463768116,455.321,3.2226153157187643,0.525,0.4702194357366771,3.238095238095238
2023-03-27 03:00:00,3,24,1,5,17,1,0,5,18,0,18,0,36.9,1037.0,3.0,6.38,60.0,1.181818181818182,480.796,4.497021943573667,0.6,0.7836990595611285,3.25
2023-03-27 04:00:00,4,19,1,4,14,0,0,0,17,0,17,0,37.9,1133.0,3.0,6.38,47.5,0.9130434782608696,462.311,1.575,0.475,0.0,3.3157894736842106
2023-03-27 05:00:00,5,21,1,4,16,0,0,3,17,0,17,0,38.9,1193.0,3.0,6.38,52.5,1.0,472.241,3.2700067174205105,0.525,0.4702194357366771,3.2857142857142856
2023-03-27 06:00:00,6,20,1,4,14,1,0,3,17,0,17,0,39.9,1253.0,3.0,6.38,50.0,0.9420289855072465,475.736,3.1532131661442007,0.5,0.4702194357366771,3.25
2023-03-27 07:00:00,7,25,2,5,18,0,0,6,17,2,19,2,40.9,1241.0,3.0,6.38,62.5,1.3333333333333333,520.6376136034733,5.25987460815047,0.625,0.9404388714733544,3.36
2023-03-27 08:00:00,8,24,3,5,16,0,0,3,17,2,19,2,41.9,1301.0,3.0,7.779999999999999,60.0,1.3174603174603174,524.1326136034731,3.408547557840617,0.6,0.3856041131105399,3.458333333333333
2023-03-27 09:00:00,9,30,3,5,21,1,0,9,19,1,20,1,42.9,1254.5,3.0,7.779999999999999,75.0,1.6666666666666667,555.1743068017366,6.356041131105399,0.75,1.1568123393316196,3.333333333333333
2023-03-27 10:00:00,10,36,2,7,26,1,0,11,20,1,21,1,43.9,1208.0,4.0,11.48,90.0,1.5526315789473684,587.0843068017366,6.090727835849787,0.9,0.9581881533101044,3.2777777777777777
2023-03-27 11:00:00,11,38,1,7,29,1,0,9,22,2,24,2,44.9,1092.0,4.0,11.48,95.0,1.90625,638.0826136034732,5.566963139556208,0.95,0.7839721254355401,3.210526315789474
2023-03-27 12:00:00,12,44,2,7,33,2,0,9,23,2,25,2,45.9,963.0,4.0,11.48,110.0,2.35,669.9926136034733,6.037274311054799,1.1,0.7839721254355401,3.2045454545454546
2023-03-27 13:00:00,13,38,2,7,28,1,0,6,23,2,25,2,46.9,823.0,4.0,11.48,95.0,2.066666666666667,662.7626136034733,4.805483220245736,0.95,0.5226480836236934,3.263157894736842
2023-03-27 14:00:00,14,38,2,7,29,0,0,7,22,4,26,4,47.9,294.0,4.0,11.48,95.0,2.232142857142857,683.5392272069464,5.130776636713735,0.95,0.6097560975609756,3.289473684210526
2023-03-27 15:00:00,15,35,1,4,30,0,0,7,18,4,22,4,48.9,280.0,4.0,11.48,87.5,1.5416666666666667,629.1442272069464,4.708797909407665,0.875,0.6097560975609756,3.1714285714285717
2023-03-27 16:00:00,16,31,1,5,25,0,0,6,16,3,19,3,49.9,324.0,4.0,11.48,77.5,1.1904761904761905,585.1359204052098,4.18596156007643,0.775,0.5226480836236934,3.225806451612903
2023-03-27 17:00:00,17,29,1,5,23,0,0,3,18,3,21,3,50.9,379.0,4.0,11.48,72.5,1.236842105263158,613.2859204052098,3.197050342424606,0.725,0.2613240418118467,3.2413793103448274
2023-03-27 18:00:00,18,32,1,6,25,0,0,5,20,3,23,3,51.9,376.0,4.0,11.48,80.0,1.5294117647058822,652.1609204052097,4.015505226480836,0.8,0.4355400696864111,3.25
2023-03-27 19:00:00,19,38,1,6,29,2,0,11,23,2,25,2,52.9,418.0,4.0,11.48,95.0,2.0,696.6026136034732,6.025857326242436,0.95,0.9581881533101044,3.1578947368421053
2023-03-27 20:00:00,20,39,0,8,30,1,0,9,21,2,23,2,53.9,424.0,4.0,11.010000000000002,97.5,1.8235294117647056,677.5876136034732,5.699035841542653,0.975,0.8174386920980925,3.1794871794871797
2023-03-27 21:00:00,21,48,0,9,38,1,0,17,22,3,25,3,54.9,385.0,4.0,11.010000000000002,120.0,2.533333333333333,730.2009204052098,8.689494399031181,1.2,1.5440508628519525,3.1666666666666665
2023-03-27 22:00:00,22,50,0,8,39,2,1,13,23,3,26,3,29.816666666666663,371.5,3.0,7.31,125.0,3.6666666666666665,606.4209204052099,9.327428180574556,1.25,1.7783857729138166,3.08
2023-03-27 23:00:00,23,47,0,9,37,1,0,9,24,3,27,3,30.816666666666663,384.0,3.0,7.31,117.5,3.8205128205128207,619.0259204052098,7.628134732368949,1.175,1.231190150478796,3.1702127659574466
2023-03-28 00:00:00,0,43,0,8,33,2,0,5,24,2,26,2,31.816666666666663,491.5,3.0,7.31,107.5,3.2142857142857144,601.8176136034733,5.522424681067667,1.075,0.6839945280437756,3.13953488372093
2023-03-28 01:00:00,1,45,0,9,33,3,0,4,24,3,27,3,32.81666666666667,504.0,3.0,7.31,112.5,3.615384615384616,626.0159204052098,5.239546283629731,1.125,0.5471956224350205,3.1333333333333333
2023-03-28 02:00:00,2,43,0,10,31,2,0,8,25,4,29,4,33.81666666666667,560.0,3.0,7.31,107.5,4.151515151515151,655.0342272069465,6.911781408074316,1.075,1.094391244870041,3.186046511627907
2023-03-28 03:00:00,3,41,0,10,29,2,0,3,23,4,27,4,34.81666666666667,624.0,3.0,7.31,102.5,3.358974358974359,629.5842272069465,4.586267558640019,1.025,0.4103967168262654,3.1951219512195124
2023-03-28 04:00:00,4,41,0,9,29,3,0,2,25,4,29,4,35.81666666666667,680.0,3.0,7.31,102.5,3.909090909090909,662.0242272069464,4.085832137733141,1.025,0.2735978112175102,3.1463414634146343
2023-03-28 05:00:00,5,42,0,9,31,2,0,3,25,4,29,4,36.81666666666667,740.0,3.0,7.31,105.0,4.03030303030303,669.8092272069465,4.624589603283174,1.05,0.4103967168262654,3.1666666666666665
2023-03-28 06:00:00,6,40,0,9,29,2,0,1,26,3,29,3,37.81666666666667,800.0,3.0,7.31,100.0,3.8484848484848486,670.2909204052098,3.609336525307797,1.0,0.1367989056087551,3.175
2023-03-28 07:00:00,7,40,0,7,31,2,0,2,26,2,28,2,38.81666666666667,862.0,3.0,7.31,100.0,3.4722222222222223,661.6626136034732,3.979993160054719,1.0,0.2735978112175102,3.125
2023-03-28 08:00:00,8,43,0,7,33,3,0,4,26,1,27,1,39.81666666666667,924.0,3.0,8.29,107.5,3.41025641025641,659.4693068017366,4.817411703649677,1.075,0.4825090470446321,3.0930232558139537
2023-03-28 09:00:00,9,47,0,9,35,3,0,5,28,1,29,1,40.81666666666667,957.0,3.0,8.29,117.5,4.454545454545454,700.4893068017366,5.561405050945769,1.175,0.6031363088057902,3.127659574468085
2023-03-28 10:00:00,10,54,0,11,41,2,0,10,29,2,31,2,41.81666666666667,1014.0,4.0,11.61,135.0,4.75,748.8126136034732,7.002533735285674,1.35,0.8613264427217916,3.1666666666666665
2023-03-28 11:00:00,11,53,0,10,41,2,0,5,30,2,32,2,42.81666666666667,1047.5,4.0,11.61,132.5,5.21875,765.7076136034732,5.53199543334471,1.325,0.4306632213608958,3.150943396226415
2023-03-28 12:00:00,12,47,0,10,37,0,0,6,27,2,29,2,43.81666666666667,1081.0,4.0,11.61,117.5,3.4318181818181817,718.2776136034732,5.435344164055199,1.175,0.516795865633075,3.2127659574468086
2023-03-28 13:00:00,13,45,0,9,34,2,0,7,24,2,26,2,44.81666666666667,1050.5,4.0,11.61,112.5,2.5357142857142856,679.4276136034732,5.452574409034358,1.125,0.6029285099052542,3.1555555555555554
2023-03-28 14:00:00,14,48,0,11,35,2,0,11,24,2,26,2,45.81666666666667,959.5,4.0,11.61,120.0,2.732142857142857,691.5026136034733,6.845025839793282,1.2,0.9474590869939707,3.1875
2023-03-28 15:00:00,15,47,1,9,35,2,0,7,22,2,24,2,46.81666666666667,488.5,4.0,11.61,117.5,2.34375,668.1976136034732,5.674239925229535,1.175,0.6029285099052542,3.191489361702128
2023-03-28 16:00:00,16,48,2,9,36,1,0,12,20,3,23,3,28.266666666666666,397.0,4.0,11.61,120.0,2.294117647058824,553.1889204052097,7.2591731266149875,1.2,1.03359173126615,3.25
2023-03-28 17:00:00,17,44,2,9,32,1,0,4,21,3,24,3,29.266666666666666,448.5,4.0,11.61,110.0,2.25,563.6489204052099,4.727554615926709,1.1,0.3445305770887166,3.272727272727273
2023-03-28 18:00:00,18,50,2,9,38,1,0,11,24,3,27,3,30.266666666666666,408.0,4.0,11.61,125.0,3.1153846153846154,622.3589204052098,7.119767441860465,1.25,0.9474590869939707,3.24
2023-03-28 19:00:00,19,48,1,9,37,1,0,6,25,1,26,1,31.266666666666666,379.0,4.0,11.61,120.0,2.75,608.5723068017367,5.508053402239448,1.2,0.516795865633075,3.208333333333333
2023-03-28 20:00:00,20,37,1,7,28,1,0,4,25,1,26,1,32.266666666666666,439.0,4.0,9.75,92.5,2.125,590.6173068017366,4.29447331947332,0.925,0.4102564102564102,3.216216216216216
2023-03-28 21:00:00,21,34,1,7,25,1,0,4,25,0,25,0,33.266666666666666,462.0,4.0,9.75,85.0,1.8333333333333333,575.554,4.077300150829562,0.85,0.4102564102564102,3.235294117647059
2023-03-28 22:00:00,22,36,1,7,26,2,0,11,24,0,24,0,33.06666666666667,495.5,3.0,6.43,90.0,2.395833333333333,565.316,8.33983497494384,0.9,1.7107309486780715,3.1944444444444446
2023-03-28 23:00:00,23,37,2,8,26,1,0,7,24,2,26,2,34.06666666666667,537.5,3.0,6.43,92.5,2.9047619047619047,601.6376136034733,6.63959270312303,0.925,1.088646967340591,3.2972972972972974
2023-03-29 00:00:00,0,36,3,8,25,0,0,6,25,3,28,3,35.06666666666667,580.0,3.0,6.43,90.0,3.388888888888889,632.8009204052098,6.212260238465526,0.9,0.9331259720062208,3.388888888888889
2023-03-29 01:00:00,1,34,2,7,25,0,0,2,25,3,28,3,36.06666666666667,640.0,3.0,6.43,85.0,3.138888888888889,634.1509204052098,3.858757204281402,0.85,0.3110419906687403,3.323529411764706
2023-03-29 02:00:00,2,37,2,7,27,1,0,7,25,2,27,2,37.06666666666667,705.0,3.0,6.43,92.5,3.102564102564102,631.9576136034733,6.585169812113826,0.925,1.088646967340591,3.27027027027027
2023-03-29 03:00:00,3,36,2,7,25,2,0,2,25,1,26,1,38.06666666666667,777.5,3.0,6.43,90.0,2.7857142857142856,621.1843068017366,3.9358864696734055,0.9,0.3110419906687403,3.25
2023-03-29 04:00:00,4,36,2,8,25,1,0,2,27,1,28,1,39.06666666666667,820.0,3.0,6.43,90.0,3.305555555555556,653.6243068017366,4.003166580266113,0.9,0.3110419906687403,3.305555555555556
2023-03-29 05:00:00,5,37,2,8,26,1,0,3,27,1,28,1,40.06666666666667,880.0,3.0,6.43,92.5,3.388888888888889,661.4093068017366,4.588396872767013,0.925,0.4665629860031104,3.2972972972972974
2023-03-29 06:00:00,6,39,2,8,27,2,0,5,27,1,28,1,41.06666666666667,940.0,3.0,6.43,97.5,3.5277777777777777,671.3393068017366,5.707200821469873,0.975,0.7776049766718507,3.2564102564102564
2023-03-29 07:00:00,7,38,1,7,29,1,0,3,29,0,29,0,42.06666666666667,995.0,3.0,6.43,95.0,3.696969696969697,687.366,4.547912744536302,0.95,0.4665629860031104,3.210526315789474
2023-03-29 08:00:00,8,37,1,7,27,2,0,2,29,0,29,0,43.06666666666667,1055.0,3.0,6.609999999999999,92.5,3.575757575757576,690.8610000000001,3.914958907470254,0.925,0.302571860816944,3.189189189189189
2023-03-29 09:00:00,9,39,1,9,27,2,0,6,29,0,29,0,44.06666666666667,1115.0,3.0,6.609999999999999,97.5,3.8181818181818175,700.7909999999999,6.082619574071919,0.975,0.9077155824508322,3.230769230769231
2023-03-29 10:00:00,10,44,1,8,33,2,0,8,32,0,32,0,45.06666666666667,1061.0,4.0,10.48,110.0,4.375,757.3560000000001,5.928868841082581,1.1,0.7633587786259541,3.1818181818181817
2023-03-29 11:00:00,11,52,1,8,37,6,0,14,30,0,30,0,46.06666666666667,1057.5,4.0,10.48,130.0,4.0,753.356,8.110393423370523,1.3,1.3358778625954195,3.076923076923077
2023-03-29 12:00:00,12,54,1,9,40,4,0,12,35,0,35,0,47.06666666666667,1000.0,4.0,10.48,135.0,8.45,830.2860000000001,7.808545377438508,1.35,1.1450381679389312,3.1296296296296298
2023-03-29 13:00:00,13,49,1,10,38,0,0,9,33,0,33,0,48.06666666666667,1060.0,4.0,10.48,122.5,5.678571428571429,798.401,6.761649010749338,1.225,0.8587786259541984,3.2448979591836733
2023-03-29 14:00:00,14,54,2,9,40,3,0,13,32,0,32,0,49.06666666666667,639.5,4.0,10.48,135.0,5.375,801.366,8.251088493073226,1.35,1.2404580152671756,3.185185185185185
2023-03-29 15:00:00,15,49,1,10,35,3,0,9,25,0,25,0,45.016666666666666,347.0,4.0,10.48,122.5,2.6,673.999,6.634070727527652,1.225,0.8587786259541984,3.183673469387755
2023-03-29 16:00:00,16,44,1,10,31,2,0,5,25,0,25,0,31.95,290.0,4.0,10.48,110.0,2.3666666666666667,589.578,5.0897293546148505,1.1,0.4770992366412213,3.227272727272727
2023-03-29 17:00:00,17,38,1,9,27,1,0,7,23,0,23,0,32.95,350.0,4.0,10.48,95.0,1.8235294117647056,555.548,5.27959019686621,0.95,0.6679389312977099,3.263157894736842
2023-03-29 18:00:00,18,44,1,9,31,2,1,8,23,0,23,0,33.95,381.0,4.0,10.48,110.0,2.044117647058824,574.058,5.886519777931992,1.1,0.7633587786259541,3.159090909090909
2023-03-29 19:00:00,19,41,1,8,29,2,1,4,23,1,24,1,31.8,404.0,4.0,10.48,102.5,2.015625,569.7653068017366,4.425893688326196,1.025,0.381679389312977,3.1463414634146343
2023-03-29 20:00:00,20,42,3,5,26,7,1,11,23,1,24,1,32.8,405.0,4.0,10.27,105.0,2.0,577.5503068017366,6.464246302220985,1.05,1.071080817916261,3.0476190476190474
2023-03-29 21:00:00,21,47,3,7,28,9,0,13,25,2,27,2,33.8,417.0,4.0,10.27,117.5,2.7884615384615383,634.9836136034733,7.530197953137626,1.175,1.2658227848101269,3.0851063829787235
2023-03-29 22:00:00,22,46,3,8,28,7,0,9,26,2,28,2,34.8,446.5,3.0,6.4,115.0,4.027777777777778,651.8786136034731,8.05774456521739,1.15,1.40625,3.152173913043478
2023-03-29 23:00:00,23,46,2,8,30,6,0,7,27,2,29,2,35.8,476.0,3.0,6.4,115.0,4.363636363636363,670.9186136034732,7.023913043478261,1.15,1.09375,3.130434782608696
2023-03-30 00:00:00,0,44,2,9,27,6,0,6,26,2,28,2,36.8,566.5,3.0,6.4,110.0,3.861111111111111,658.8686136034732,6.436647727272728,1.1,0.9375,3.159090909090909
2023-03-30 01:00:00,1,41,1,10,26,4,0,7,28,1,29,1,37.8,596.0,3.0,6.4,102.5,3.9696969696969697,670.6053068017366,6.769664634146341,1.025,1.09375,3.1951219512195124
2023-03-30 02:00:00,2,42,1,10,26,5,0,4,28,0,28,0,38.8,686.5,3.0,6.4,105.0,3.6944444444444446,664.122,5.304166666666666,1.05,0.625,3.1666666666666665
2023-03-30 03:00:00,3,40,1,9,25,5,0,1,28,1,29,1,39.8,716.0,3.0,6.4,100.0,3.8181818181818175,679.7403068017366,3.6421875,1.0,0.15625,3.15
2023-03-30 04:00:00,4,37,1,8,22,6,0,1,27,0,27,0,40.8,837.0,3.0,6.4,92.5,2.948717948717949,651.277,3.360641891891892,0.925,0.15625,3.108108108108108
2023-03-30 05:00:00,5,38,1,9,22,6,0,2,27,0,27,0,41.8,897.0,3.0,6.4,95.0,3.051282051282051,659.062,3.953618421052632,0.95,0.3125,3.131578947368421
2023-03-30 06:00:00,6,38,1,9,22,6,0,1,27,0,27,0,42.8,957.0,3.0,6.4,95.0,3.051282051282051,664.702,3.464309210526316,0.95,0.15625,3.131578947368421
2023-03-30 07:00:00,7,41,1,8,26,6,0,4,27,1,28,1,43.8,986.5,3.0,6.4,102.5,3.5277777777777777,691.0453068017366,5.110975609756097,1.025,0.625,3.097560975609756
2023-03-30 08:00:00,8,41,1,9,26,5,0,4,28,1,29,1,44.8,1016.0,3.0,6.38,102.5,3.909090909090909,710.0853068017366,5.197627876748987,1.025,0.6269592476489029,3.1463414634146343
2023-03-30 09:00:00,9,41,1,9,28,3,0,5,29,1,30,1,45.8,1069.0,3.0,6.38,102.5,4.366666666666666,729.1253068017365,5.779014068353849,1.025,0.7836990595611285,3.1951219512195124
2023-03-30 10:00:00,10,43,2,10,29,2,0,7,27,1,28,1,46.8,1053.0,4.0,9.7,107.5,2.9375,712.2553068017365,5.891339007432271,1.075,0.7216494845360826,3.2790697674418605
2023-03-30 11:00:00,11,40,1,10,27,2,0,8,24,1,25,1,47.8,972.0,4.0,9.7,100.0,2.1666666666666665,671.2603068017365,5.930412371134021,1.0,0.8247422680412372,3.25
2023-03-30 12:00:00,12,37,1,12,24,0,0,6,26,1,27,1,48.8,1024.0,4.0,9.7,92.5,2.4038461538461537,697.2653068017366,5.214718584563946,0.925,0.6185567010309279,3.3783783783783785
2023-03-30 13:00:00,13,34,1,10,23,0,0,3,25,1,26,1,49.8,1076.5,4.0,9.7,85.0,2.0357142857142856,683.0703068017366,3.886992116434202,0.85,0.3092783505154639,3.3529411764705883
2023-03-30 14:00:00,14,38,1,10,27,0,0,13,21,1,22,1,50.8,1052.0,4.0,9.7,95.0,1.75,643.6903068017366,7.59384156266956,0.95,1.3402061855670104,3.3157894736842106
2023-03-30 15:00:00,15,38,1,10,26,0,1,7,20,1,21,1,35.95,1107.0,4.0,9.7,95.0,1.631578947368421,546.5363068017366,5.45485621269669,0.95,0.7216494845360826,3.263157894736842
2023-03-30 16:00:00,16,33,1,10,22,0,0,7,19,2,21,2,33.05,332.0,4.0,9.7,82.5,1.4605263157894737,520.3236136034732,5.202366447985005,0.825,0.7216494845360826,3.363636363636364
2023-03-30 17:00:00,17,35,1,9,25,0,0,8,22,2,24,2,34.05,291.5,4.0,9.7,87.5,1.8125,570.4536136034733,5.633431516936673,0.875,0.8247422680412372,3.3142857142857145
2023-03-30 18:00:00,18,42,2,12,28,0,0,11,25,2,27,2,35.05,211.0,4.0,9.7,105.0,2.730769230769231,631.3086136034732,7.384069710358371,1.05,1.1340206185567012,3.380952380952381
2023-03-30 19:00:00,19,38,2,10,25,1,0,4,23,2,25,2,36.05,271.0,4.0,9.7,95.0,2.1166666666666667,601.5686136034732,4.5531877373846985,0.95,0.4123711340206186,3.3421052631578947
2023-03-30 20:00:00,20,41,2,10,25,4,0,13,23,3,26,3,26.35,234.0,4.0,10.09,102.5,2.375,567.5639204052098,7.504458048297034,1.025,1.288404360753221,3.2439024390243905
2023-03-30 21:00:00,21,41,2,9,26,4,0,7,22,3,25,3,27.35,282.0,4.0,10.09,102.5,2.2,559.8039204052099,5.533556527834852,1.025,0.6937561942517344,3.2195121951219514
2023-03-30 22:00:00,22,34,2,7,21,4,0,4,20,2,22,2,28.35,304.5,3.0,6.77,85.0,2.0185185185185186,509.3606136034732,4.61916978017204,0.85,0.5908419497784343,3.2058823529411766
2023-03-30 23:00:00,23,36,2,6,23,5,0,10,18,1,19,1,29.35,362.0,3.0,6.77,90.0,1.7936507936507935,478.2223068017366,7.461468078122436,0.9,1.4771048744460855,3.138888888888889
2023-03-31 00:00:00,0,36,3,7,23,3,0,8,20,1,21,1,30.35,391.0,3.0,6.77,90.0,2.0701754385964914,510.6623068017367,6.823297226325291,0.9,1.1816838995568686,3.2777777777777777
2023-03-31 01:00:00,1,36,2,9,20,4,1,7,22,1,23,1,31.35,447.0,3.0,6.77,90.0,2.2549019607843137,543.1023068017366,6.177970622025276,0.9,1.03397341211226,3.1944444444444446
2023-03-31 02:00:00,2,33,2,9,19,3,0,3,22,1,23,1,32.35,507.0,3.0,6.77,82.5,2.1372549019607843,542.3073068017366,4.188676648314758,0.825,0.4431314623338257,3.303030303030303
2023-03-31 03:00:00,3,34,2,9,20,3,0,6,23,1,24,1,33.35,566.0,3.0,6.77,85.0,2.333333333333333,563.4923068017366,5.719454340081675,0.85,0.8862629246676514,3.294117647058824
2023-03-31 04:00:00,4,32,2,9,18,3,0,2,23,1,24,1,34.35,626.0,3.0,6.77,80.0,2.208333333333333,564.8423068017366,3.628581979320532,0.8,0.2954209748892171,3.3125
2023-03-31 05:00:00,5,31,2,9,18,2,0,4,24,1,25,1,35.35,685.0,3.0,6.77,77.5,2.311111111111111,581.7373068017366,4.582179444417973,0.775,0.5908419497784343,3.3548387096774195
2023-03-31 06:00:00,6,30,2,9,17,2,0,2,24,1,25,1,36.35,745.0,3.0,6.77,75.0,2.2444444444444445,585.2323068017366,3.5195839487936977,0.75,0.2954209748892171,3.3666666666666667
2023-03-31 07:00:00,7,27,2,9,15,1,0,0,24,1,25,1,37.35,805.0,3.0,6.77,67.5,2.066666666666667,584.4373068017367,2.325,0.675,0.0,3.4444444444444446
2023-03-31 08:00:00,8,28,2,9,16,1,0,4,23,1,24,1,38.35,862.0,3.0,8.059999999999999,70.0,2.0,578.8223068017367,4.101524282169443,0.7,0.4962779156327544,3.4285714285714284
2023-03-31 09:00:00,9,31,2,8,19,2,0,7,21,1,22,1,39.35,922.0,3.0,8.059999999999999,77.5,1.9074074074074077,564.0973068017366,5.460615944929161,0.775,0.8684863523573202,3.3225806451612905
2023-03-31 10:00:00,10,32,1,8,21,2,0,5,20,1,21,1,40.35,979.0,4.0,11.93,80.0,1.368421052631579,558.4823068017366,3.96211232187762,0.8,0.4191114836546522,3.25
2023-03-31 11:00:00,11,32,1,7,22,2,0,7,17,1,18,1,41.35,1033.5,4.0,11.93,80.0,1.1704545454545454,523.9223068017366,4.463621123218776,0.8,0.586756077116513,3.21875
2023-03-31 12:00:00,12,30,2,7,19,2,0,8,16,1,17,1,42.35,960.0,4.0,11.93,75.0,1.076086956521739,511.8723068017366,4.687908633696564,0.75,0.6705783738474435,3.3
2023-03-31 13:00:00,13,31,2,7,21,1,0,10,19,1,20,1,43.35,672.0,4.0,11.93,77.5,1.2875,559.8573068017366,5.36006340751156,0.775,0.8382229673093043,3.3225806451612905
2023-03-31 14:00:00,14,29,2,6,20,1,0,6,18,0,18,0,44.35,162.0,4.0,11.93,72.5,1.0909090909090908,533.539,4.064884238517791,0.725,0.5029337803855826,3.310344827586207
2023-03-31 15:00:00,15,28,2,6,20,0,0,7,16,0,16,0,44.2,158.0,4.0,11.93,70.0,0.9791666666666666,503.7480000000001,4.319823973176865,0.7,0.586756077116513,3.357142857142857
2023-03-31 16:00:00,16,27,2,8,17,0,0,6,14,1,15,1,45.2,201.0,4.0,11.93,67.5,0.93,494.71130680173655,4.057327465772563,0.675,0.5029337803855826,3.4444444444444446
2023-03-31 17:00:00,17,36,3,10,23,0,0,13,15,1,16,1,46.2,207.5,4.0,11.93,90.0,1.2916666666666667,533.0563068017366,6.853376175840553,0.9,1.0896898575020957,3.4444444444444446
2023-03-31 18:00:00,18,33,2,8,23,0,0,7,17,1,18,1,47.2,250.5,4.0,11.93,82.5,1.2613636363636365,559.0613068017367,4.748634077573725,0.825,0.586756077116513,3.363636363636364
2023-03-31 19:00:00,19,27,2,5,19,1,0,6,12,1,13,1,48.2,221.0,4.0,11.93,67.5,0.8240740740740741,484.8313068017367,3.882818757567291,0.675,0.5029337803855826,3.2962962962962963
2023-03-31 20:00:00,20,25,1,5,17,2,0,7,9,1,10,1,20.966666666666665,314.5,4.0,11.16,62.5,0.6666666666666666,286.7453068017366,4.007168458781362,0.625,0.6272401433691757,3.2
2023-03-31 21:00:00,21,23,0,4,16,3,0,10,9,1,10,1,9.766666666666667,293.0,4.0,11.16,57.49999999999999,0.5833333333333334,219.2873068017366,4.477131058126851,0.575,0.8960573476702509,3.0434782608695654
2023-03-31 22:00:00,22,24,0,5,15,4,0,10,8,1,9,1,10.766666666666667,161.0,3.0,7.29,60.0,0.7849462365591398,213.67230680173665,5.997382258802011,0.6,1.3717421124828533,3.0416666666666665
2023-03-31 23:00:00,23,17,0,4,10,3,0,3,5,0,5,0,8.816666666666666,171.0,3.0,7.29,42.5,0.4952380952380952,133.191,2.558775114984265,0.425,0.411522633744856,3.0588235294117645
