ts,hour,census,l1,l2,l3,l4,l5,arrivals,waitBed,waitICU,D_board,vent,maxLOS_h,awt_curr_min,Na,cap_sum,OCCUPANCY,EDWIN,NEDOCS,READI,READI_BR,READI_PR,READI_AR
2021-10-01 00:00:00,0,24,1,3,18,2,0,10,5,3,8,3,16.633333333333333,293.5,3.0,6.13,60.0,0.78125,235.09692040520983,6.972879282218597,0.6,1.6313213703099512,3.125
2021-10-01 01:00:00,1,22,0,3,17,0,2,6,5,1,6,1,17.633333333333333,353.5,3.0,6.13,55.00000000000001,0.6372549019607843,207.91030680173665,4.516887883731277,0.55,0.9787928221859706,2.9545454545454546
2021-10-01 02:00:00,2,20,0,5,14,1,0,3,6,1,7,1,18.633333333333333,397.0,3.0,6.13,50.0,0.6464646464646465,222.6603068017366,3.166068515497553,0.5,0.4893964110929853,3.2
2021-10-01 03:00:00,3,16,0,4,11,1,0,0,6,0,6,0,19.633333333333333,473.5,3.0,6.13,40.0,0.5,205.452,1.275,0.4,0.0,3.1875
2021-10-01 04:00:00,4,17,0,3,13,1,0,2,7,0,7,0,20.633333333333333,517.0,3.0,6.13,42.5,0.5353535353535354,226.637,2.342176854428557,0.425,0.3262642740619902,3.117647058823529
2021-10-01 05:00:00,5,19,0,3,15,1,0,3,8,0,8,0,21.633333333333333,495.5,3.0,6.13,47.5,0.6145833333333334,249.967,2.994704644972954,0.475,0.4893964110929853,3.1052631578947367
2021-10-01 06:00:00,6,22,0,4,17,1,0,4,9,0,9,0,22.633333333333333,474.0,3.0,6.13,55.00000000000001,0.7419354838709677,275.442,3.7715668100252113,0.55,0.6525285481239804,3.136363636363636
2021-10-01 07:00:00,7,21,0,4,16,1,0,0,9,0,9,0,23.633333333333333,534.0,3.0,6.13,52.5,0.7096774193548387,278.937,1.65,0.525,0.0,3.142857142857143
2021-10-01 08:00:00,8,23,0,4,18,1,0,6,10,0,10,0,20.433333333333334,503.0,3.0,8.69,57.49999999999999,0.8,278.57899999999995,3.961404913193576,0.575,0.6904487917146145,3.130434782608696
2021-10-01 09:00:00,9,25,0,4,20,1,0,6,9,0,9,0,21.433333333333334,472.0,3.0,8.69,62.5,0.8387096774193549,275.10900000000004,4.104200230149598,0.625,0.6904487917146145,3.12
2021-10-01 10:00:00,10,29,0,3,25,1,0,9,12,0,12,0,22.433333333333334,292.5,4.0,12.39,72.5,0.7946428571428571,329.529,4.454272772814561,0.725,0.7263922518159805,3.0689655172413794
2021-10-01 11:00:00,11,29,0,1,27,1,0,7,11,0,11,0,17.316666666666666,200.0,4.0,12.39,72.5,0.75,287.271,3.869915254237288,0.725,0.5649717514124294,3.0
2021-10-01 12:00:00,12,29,0,2,27,0,0,8,12,0,12,0,18.316666666666663,216.0,4.0,12.39,72.5,0.7946428571428571,306.311,4.206575798057388,0.725,0.645682001614205,3.0689655172413794
2021-10-01 13:00:00,13,34,0,6,28,0,0,12,14,1,15,1,19.316666666666663,184.0,4.0,12.39,85.0,1.08,363.74430680173657,5.776484831220624,0.85,0.9685230024213076,3.176470588235294
2021-10-01 14:00:00,14,23,0,5,18,0,0,1,13,1,14,1,20.316666666666663,194.0,4.0,12.39,57.49999999999999,0.7115384615384616,332.3893068017366,2.10967645717093,0.575,0.0807102502017756,3.217391304347826
2021-10-01 15:00:00,15,22,1,4,17,0,0,8,11,1,12,1,20.166666666666668,129.0,4.0,12.39,55.00000000000001,0.6428571428571429,302.5983068017366,3.913141096191944,0.55,0.645682001614205,3.272727272727273
2021-10-01 16:00:00,16,23,1,4,18,0,0,6,9,1,10,1,21.166666666666668,154.5,4.0,12.39,57.49999999999999,0.625,283.5833068017366,3.454113590904305,0.575,0.4842615012106537,3.260869565217391
2021-10-01 17:00:00,17,26,1,5,20,0,0,11,12,1,13,1,22.166666666666668,160.0,4.0,12.39,65.0,0.7870370370370371,335.8583068017366,5.027464766871546,0.65,0.8878127522195318,3.269230769230769
2021-10-01 18:00:00,18,27,1,3,23,0,0,7,11,0,11,0,23.166666666666668,213.0,4.0,12.39,67.5,0.7413793103448276,315.975,3.949539652646997,0.675,0.5649717514124294,3.185185185185185
2021-10-01 19:00:00,19,22,1,2,19,0,0,5,7,0,7,0,24.066666666666663,244.0,4.0,12.39,55.00000000000001,0.5303030303030303,256.726,3.034026707755521,0.55,0.4035512510088781,3.1818181818181817
2021-10-01 20:00:00,20,18,2,3,13,0,0,5,8,0,8,0,25.066666666666663,209.5,4.0,10.33,45.0,0.4765625,267.18600000000004,3.165314079810692,0.45,0.484027105517909,3.388888888888889
2021-10-01 21:00:00,21,24,1,3,19,1,0,10,9,0,9,0,26.066666666666663,74.0,4.0,10.33,60.0,0.6129032258064516,299.096,4.965505001613424,0.6,0.968054211035818,3.1666666666666665
2021-10-01 22:00:00,22,24,1,1,21,1,0,8,9,0,9,0,27.066666666666663,117.0,3.0,6.63,60.0,0.7956989247311828,304.736,5.570462543991956,0.6,1.2066365007541475,3.083333333333333
2021-10-01 23:00:00,23,26,1,3,21,1,0,9,9,1,10,1,28.066666666666663,152.0,3.0,6.63,65.0,0.9111111111111112,328.9343068017366,6.331239122868082,0.65,1.3574660633484164,3.1538461538461537
2021-10-02 00:00:00,0,26,1,3,20,2,0,8,9,1,10,1,29.066666666666663,212.0,3.0,6.63,65.0,0.9,334.5743068017366,5.784136790810999,0.65,1.2066365007541475,3.1153846153846154
2021-10-02 01:00:00,1,27,1,5,18,3,0,6,11,1,12,1,30.066666666666663,246.5,3.0,6.63,67.5,1.011904761904762,369.1593068017367,4.97400284900285,0.675,0.9049773755656108,3.1481481481481484
2021-10-02 02:00:00,2,25,1,5,15,4,0,2,12,1,13,1,31.066666666666663,283.0,3.0,6.63,62.5,0.9629629629629628,383.9093068017367,2.891176470588236,0.625,0.3016591251885369,3.12
2021-10-02 03:00:00,3,19,1,3,12,3,0,2,12,0,12,0,32.06666666666667,366.5,3.0,6.63,47.5,0.7023809523809523,362.411,2.4117309676907195,0.475,0.3016591251885369,3.1052631578947367
2021-10-02 04:00:00,4,22,1,3,15,3,0,3,12,0,12,0,33.06666666666667,426.5,3.0,6.63,55.00000000000001,0.8095238095238095,374.486,3.0986013986013985,0.55,0.4524886877828054,3.090909090909091
2021-10-02 05:00:00,5,21,1,3,15,2,0,3,12,0,12,0,34.06666666666667,486.5,3.0,6.63,52.5,0.7857142857142857,377.981,3.072107304460246,0.525,0.4524886877828054,3.142857142857143
2021-10-02 06:00:00,6,21,1,3,15,2,0,2,13,0,13,0,35.06666666666667,523.0,3.0,6.63,52.5,0.8148148148148148,397.021,2.59807153630683,0.525,0.3016591251885369,3.142857142857143
2021-10-02 07:00:00,7,21,1,3,15,2,0,1,13,0,13,0,36.06666666666667,583.0,3.0,6.63,52.5,0.8148148148148148,402.661,2.124035768153415,0.525,0.1508295625942684,3.142857142857143
2021-10-02 08:00:00,8,16,1,3,11,1,0,3,11,0,11,0,26.73333333333333,643.0,3.0,6.8,40.0,0.5977011494252874,312.496,2.7338235294117648,0.4,0.4411764705882353,3.25
2021-10-02 09:00:00,9,15,1,4,9,1,0,7,7,0,7,0,27.73333333333333,55.0,3.0,6.8,37.5,0.5050505050505051,262.391,4.681372549019608,0.375,1.0294117647058825,3.333333333333333
2021-10-02 10:00:00,10,17,1,3,12,1,0,6,8,0,8,0,28.73333333333333,113.5,4.0,9.89,42.5,0.4296875,285.721,3.3377669065603994,0.425,0.6066734074823054,3.235294117647059
2021-10-02 11:00:00,11,22,1,4,16,1,0,11,11,0,11,0,29.73333333333333,130.0,4.0,9.89,55.00000000000001,0.6120689655172413,342.286,5.364484327603639,0.55,1.1122345803842264,3.227272727272727
2021-10-02 12:00:00,12,22,1,2,19,0,0,9,11,0,11,0,16.233333333333334,100.0,4.0,9.89,55.00000000000001,0.603448275862069,266.146,4.6454867175291845,0.55,0.910010111223458,3.1818181818181817
2021-10-02 13:00:00,13,18,1,2,15,0,0,3,12,0,12,0,17.233333333333334,158.0,4.0,9.89,45.0,0.5178571428571429,276.606,2.427418267610381,0.45,0.3033367037411527,3.2222222222222223
2021-10-02 14:00:00,14,23,1,3,19,0,0,11,11,0,11,0,18.23333333333333,184.0,4.0,9.89,57.49999999999999,0.6379310344827587,279.571,5.428493867323163,0.575,1.1122345803842264,3.217391304347826
2021-10-02 15:00:00,15,23,1,2,18,2,0,5,8,0,8,0,19.23333333333333,266.0,4.0,9.89,57.49999999999999,0.5546875,245.011,3.3356453598276694,0.575,0.5055611729019212,3.0869565217391304
2021-10-02 16:00:00,16,19,0,2,15,2,0,6,6,0,6,0,7.283333333333333,187.0,4.0,9.89,47.5,0.4191176470588235,142.233,3.245020222446916,0.475,0.6066734074823054,3.0
2021-10-02 17:00:00,17,18,1,1,16,0,0,9,7,2,9,2,8.283333333333333,105.0,4.0,9.89,45.0,0.4596774193548387,187.6646136034732,4.30669868554095,0.45,0.910010111223458,3.1666666666666665
2021-10-02 18:00:00,18,23,1,2,20,0,0,8,9,2,11,2,9.283333333333331,119.0,4.0,9.89,57.49999999999999,0.6293103448275862,230.82961360347323,4.392371521519321,0.575,0.8088978766430738,3.1739130434782608
2021-10-02 19:00:00,19,23,1,3,19,0,0,9,7,3,10,3,10.283333333333331,160.5,4.0,9.89,57.49999999999999,0.6166666666666667,223.9379204052098,4.777858618718952,0.575,0.910010111223458,3.217391304347826
2021-10-02 20:00:00,20,27,1,5,21,0,0,9,6,3,9,3,11.283333333333331,184.0,4.0,9.74,67.5,0.7096774193548387,224.75792040520983,5.211635865845311,0.675,0.924024640657084,3.259259259259259
2021-10-02 21:00:00,21,31,1,7,23,0,0,10,6,3,9,3,9.016666666666667,185.0,4.0,9.74,77.5,0.8225806451612904,220.55392040520985,5.928154600251705,0.775,1.026694045174538,3.290322580645161
2021-10-02 22:00:00,22,28,1,6,21,0,0,8,6,0,6,0,10.016666666666667,211.0,3.0,6.65,70.0,0.9019607843137256,176.954,6.252738990332975,0.7,1.2030075187969924,3.2857142857142856
2021-10-02 23:00:00,23,23,1,4,18,0,0,6,4,0,4,0,7.35,195.0,3.0,6.65,57.49999999999999,0.6944444444444444,124.389,4.817137953579601,0.575,0.9022556390977444,3.260869565217391
2021-10-03 00:00:00,0,19,1,5,13,0,0,7,6,0,6,0,8.35,203.5,3.0,6.65,47.5,0.6274509803921569,148.249,5.145706371191134,0.475,1.0526315789473684,3.3684210526315788
2021-10-03 01:00:00,1,17,1,5,11,0,0,3,6,0,6,0,9.35,263.5,3.0,6.65,42.5,0.5686274509803921,149.599,2.989141972578505,0.425,0.4511278195488721,3.411764705882353
2021-10-03 02:00:00,2,19,1,5,13,0,0,4,6,0,6,0,10.35,323.5,3.0,6.65,47.5,0.6274509803921569,159.529,3.626117926394935,0.475,0.6015037593984962,3.3684210526315788
2021-10-03 03:00:00,3,16,1,5,9,0,1,3,6,0,6,0,11.35,383.5,3.0,6.65,40.0,0.5196078431372549,158.73399999999998,2.819360902255639,0.4,0.4511278195488721,3.3125
2021-10-03 04:00:00,4,14,1,5,8,0,0,2,6,0,6,0,12.35,443.5,3.0,6.65,35.0,0.4803921568627451,160.084,2.277631578947368,0.35,0.3007518796992481,3.5
2021-10-03 05:00:00,5,15,1,5,9,0,0,4,6,1,7,1,13.35,494.0,3.0,6.65,37.5,0.5252525252525253,182.1373068017366,3.385213032581454,0.375,0.6015037593984962,3.466666666666667
2021-10-03 06:00:00,6,17,1,5,11,0,0,4,7,1,8,1,14.35,485.0,3.0,6.65,42.5,0.6041666666666666,205.4673068017366,3.50218929677134,0.425,0.6015037593984962,3.411764705882353
2021-10-03 07:00:00,7,18,1,5,12,0,0,1,7,2,9,2,15.35,476.0,3.0,6.65,45.0,0.6559139784946236,227.52061360347324,2.034607351712615,0.45,0.150375939849624,3.388888888888889
2021-10-03 08:00:00,8,21,0,5,16,0,0,5,8,2,10,2,14.083333333333334,527.5,3.0,7.43,52.5,0.7555555555555555,240.2116136034732,3.8790681279241177,0.525,0.6729475100942127,3.238095238095238
2021-10-03 09:00:00,9,19,0,1,17,1,0,5,4,2,6,2,13.633333333333333,214.5,3.0,7.43,47.5,0.5588235294117647,179.7836136034732,3.4438425302826383,0.475,0.6729475100942127,3.0
2021-10-03 10:00:00,10,17,0,1,14,2,0,5,4,2,6,2,14.633333333333333,234.0,4.0,10.47,42.5,0.3676470588235294,181.13361360347324,2.6545732906343056,0.425,0.4775549188156638,2.9411764705882355
2021-10-03 11:00:00,11,14,0,0,12,2,0,8,4,1,5,1,11.65,286.0,4.0,10.47,35.0,0.2857142857142857,143.6043068017366,3.183108200300178,0.35,0.7640878701050622,2.857142857142857
2021-10-03 12:00:00,12,15,0,3,11,1,0,10,4,1,5,1,4.8,42.0,4.0,10.47,37.5,0.3357142857142857,107.1153068017366,4.167677491244826,0.375,0.9551098376313276,3.1333333333333333
2021-10-03 13:00:00,13,19,0,3,15,1,0,8,5,1,6,1,5.8,85.5,4.0,10.47,47.5,0.4338235294117647,134.7353068017366,3.847693912431509,0.475,0.7640878701050622,3.1052631578947367
2021-10-03 14:00:00,14,19,0,4,14,1,0,10,6,1,7,1,2.8,81.0,4.0,10.47,47.5,0.4545454545454545,131.2153068017366,4.516136329362087,0.475,0.9551098376313276,3.1578947368421053
2021-10-03 15:00:00,15,18,0,2,15,1,0,8,7,0,7,0,3.8,68.0,4.0,10.47,45.0,0.4166666666666667,133.84199999999998,3.709712936432134,0.45,0.7640878701050622,3.055555555555556
2021-10-03 16:00:00,16,24,0,3,18,3,0,12,6,1,7,1,4.65,125.0,4.0,10.47,60.0,0.5454545454545454,152.37430680173662,5.238395415472779,0.6,1.1461318051575933,3.0
2021-10-03 17:00:00,17,27,0,2,22,3,0,9,6,1,7,1,5.65,156.0,4.0,10.47,67.5,0.6060606060606061,164.4493068017366,4.546959567016874,0.675,0.8595988538681949,2.962962962962963
2021-10-03 18:00:00,18,22,0,2,16,4,0,10,5,2,7,2,4.6,88.0,4.0,10.47,55.00000000000001,0.4848484848484848,148.6706136034732,4.378501345836591,0.55,0.9551098376313276,2.909090909090909
2021-10-03 19:00:00,19,25,0,2,21,2,0,11,7,2,9,2,4.716666666666667,85.0,4.0,10.47,62.5,0.6048387096774194,182.56361360347324,5.026862464183382,0.625,1.0506208213944606,3.0
2021-10-03 20:00:00,20,21,0,1,18,2,0,10,7,2,9,2,4.75,94.0,4.0,9.64,52.5,0.5,174.17161360347322,4.61263584271883,0.525,1.0373443983402488,2.952380952380953
2021-10-03 21:00:00,21,29,0,2,22,5,0,17,7,2,9,2,5.75,154.0,4.0,9.64,72.5,0.6774193548387096,196.9716136034733,7.208026899413364,0.725,1.7634854771784232,2.896551724137931
2021-10-03 22:00:00,22,27,0,3,17,5,2,10,5,2,7,2,5.116666666666666,174.0,3.0,6.6,67.5,0.7575757575757576,162.30961360347322,6.083754208754209,0.675,1.5151515151515151,2.7777777777777777
2021-10-03 23:00:00,23,25,0,2,20,2,1,8,5,1,6,1,6.116666666666666,192.0,3.0,6.6,62.5,0.7156862745098039,149.39130680173662,5.364393939393939,0.625,1.2121212121212122,2.92
2021-10-04 00:00:00,0,15,0,1,12,1,1,7,4,1,5,1,4.9,236.0,3.0,6.6,37.5,0.4095238095238095,107.6793068017366,4.11540404040404,0.375,1.0606060606060606,2.8666666666666667
2021-10-04 01:00:00,1,16,0,2,13,0,1,8,5,1,6,1,5.9,238.5,3.0,6.6,40.0,0.4705882352941176,128.86430680173663,4.836363636363637,0.4,1.2121212121212122,3.0
2021-10-04 02:00:00,2,16,0,1,12,2,1,7,6,0,6,0,6.9,210.5,3.0,6.6,40.0,0.4411764705882353,133.636,4.107954545454545,0.4,1.0606060606060606,2.8125
2021-10-04 03:00:00,3,16,0,2,13,0,1,3,6,0,6,0,7.9,270.5,3.0,6.6,40.0,0.4705882352941176,139.276,2.563636363636364,0.4,0.4545454545454546,3.0
2021-10-04 04:00:00,4,14,0,2,11,0,1,2,7,0,7,0,8.9,300.0,3.0,6.6,35.0,0.4242424242424242,154.026,1.9590909090909088,0.35,0.303030303030303,3.0
2021-10-04 05:00:00,5,16,0,1,13,1,1,3,10,0,10,0,9.9,255.0,3.0,6.6,40.0,0.5111111111111111,204.156,2.456818181818182,0.4,0.4545454545454546,2.875
2021-10-04 06:00:00,6,18,0,1,15,1,1,2,11,0,11,0,10.9,282.0,3.0,6.6,45.0,0.5977011494252874,227.486,2.1754208754208757,0.45,0.303030303030303,2.888888888888889
2021-10-04 07:00:00,7,21,0,1,18,1,1,3,11,1,12,1,11.9,270.5,3.0,6.6,52.5,0.7261904761904762,253.8293068017366,2.8453463203463203,0.525,0.4545454545454546,2.9047619047619047
2021-10-04 08:00:00,8,24,0,1,21,1,1,4,12,1,13,1,12.9,259.0,3.0,8.39,60.0,0.8641975308641975,279.30430680173663,3.1405442987683747,0.6,0.4767580452920142,2.9166666666666665
2021-10-04 09:00:00,9,22,0,2,19,0,1,4,9,2,11,2,13.9,244.0,3.0,8.39,55.00000000000001,0.7586206896551724,254.72261360347323,3.0802741358760426,0.55,0.4767580452920142,3.0
2021-10-04 10:00:00,10,25,0,5,19,1,0,13,8,2,10,2,13.05,71.0,4.0,11.64,62.5,0.6583333333333333,242.96361360347328,5.504209621993128,0.625,1.1168384879725086,3.16
2021-10-04 11:00:00,11,25,0,4,21,0,0,6,9,2,11,2,13.016666666666667,119.0,4.0,11.64,62.5,0.6810344827586207,256.1756136034732,3.6038659793814434,0.625,0.5154639175257731,3.16
2021-10-04 12:00:00,12,18,0,3,15,0,0,4,9,2,11,2,14.016666666666667,177.0,4.0,11.64,45.0,0.4913793103448275,246.80061360347327,2.513201603665521,0.45,0.3436426116838488,3.1666666666666665
2021-10-04 13:00:00,13,26,0,5,19,2,0,13,10,4,14,4,15.016666666666667,187.0,4.0,11.64,65.0,0.7788461538461539,311.53722720694645,5.504381443298969,0.65,1.1168384879725086,3.1153846153846154
2021-10-04 14:00:00,14,31,0,7,20,4,0,11,11,2,13,2,16.016666666666666,228.0,4.0,11.64,77.5,0.8888888888888888,312.76561360347324,5.32650482208181,0.775,0.9450171821305842,3.096774193548387
2021-10-04 15:00:00,15,34,1,8,22,3,0,11,11,2,13,2,16.0,144.0,4.0,11.64,85.0,1.0092592592592593,319.10661360347325,5.754613907418637,0.85,0.9450171821305842,3.2058823529411766
2021-10-04 16:00:00,16,35,1,8,23,3,0,9,10,2,12,2,6.983333333333333,156.5,4.0,11.64,87.5,1.0,256.99761360347327,5.274226804123711,0.875,0.7731958762886597,3.2
2021-10-04 17:00:00,17,33,1,8,21,3,0,4,10,2,12,2,7.983333333333333,176.0,4.0,11.64,82.5,0.9464285714285714,258.34761360347323,3.753821722378423,0.825,0.3436426116838488,3.212121212121212
2021-10-04 18:00:00,18,31,0,7,20,4,0,9,9,2,11,2,8.983333333333333,222.0,4.0,11.64,77.5,0.8275862068965517,246.2976136034732,4.794413036248752,0.775,0.7731958762886597,3.096774193548387
2021-10-04 19:00:00,19,30,0,8,19,3,0,9,9,3,12,3,9.983333333333333,262.5,4.0,11.64,75.0,0.8482142857142857,264.06092040520986,4.823453608247422,0.75,0.7731958762886597,3.1666666666666665
2021-10-04 20:00:00,20,22,0,4,15,3,0,8,5,2,7,2,6.35,153.0,4.0,9.9,55.00000000000001,0.5075757575757576,158.54061360347322,4.13597337006428,0.55,0.8080808080808081,3.0454545454545454
2021-10-04 21:00:00,21,26,0,4,19,3,0,10,6,1,7,1,6.7,177.0,4.0,9.9,65.0,0.5984848484848485,168.2263068017366,5.04415306915307,0.65,1.0101010101010102,3.0384615384615383
2021-10-04 22:00:00,22,25,1,2,18,4,0,7,3,1,4,1,7.4,156.5,3.0,6.65,62.5,0.6944444444444444,129.8293068017366,5.032894736842105,0.625,1.0526315789473684,3.0
2021-10-04 23:00:00,23,22,1,0,17,4,0,8,1,1,2,1,8.4,192.5,3.0,6.65,55.00000000000001,0.5614035087719298,102.2343068017366,5.099658236500342,0.55,1.2030075187969924,2.909090909090909
2021-10-05 00:00:00,0,23,0,0,19,4,0,7,2,1,3,1,9.4,148.0,3.0,6.65,57.49999999999999,0.5855855855855856,123.4193068017366,4.599828375286041,0.575,1.0526315789473684,2.8260869565217392
2021-10-05 01:00:00,1,18,0,1,15,2,0,4,2,1,3,1,10.4,208.0,3.0,6.65,45.0,0.4774774774774775,118.33430680173664,3.09609440267335,0.45,0.6015037593984962,2.9444444444444446
2021-10-05 02:00:00,2,24,1,3,18,2,0,10,1,1,2,1,11.4,152.0,3.0,6.65,60.0,0.6578947368421053,123.44430680173662,6.574248120300752,0.6,1.5037593984962403,3.125
2021-10-05 03:00:00,3,20,0,3,15,2,0,3,1,0,1,0,12.4,328.0,3.0,6.65,50.0,0.5213675213675214,106.236,2.90093984962406,0.5,0.4511278195488721,3.05
2021-10-05 04:00:00,4,20,0,2,15,3,0,4,3,0,3,0,13.4,51.0,3.0,6.65,50.0,0.5315315315315315,138.676,3.249436090225564,0.5,0.6015037593984962,2.95
2021-10-05 05:00:00,5,20,0,2,16,2,0,1,3,0,3,0,14.4,111.0,3.0,6.65,50.0,0.5405405405405406,144.31599999999997,1.951127819548872,0.5,0.150375939849624,3.0
2021-10-05 06:00:00,6,20,0,3,15,2,0,3,3,0,3,0,15.4,171.0,3.0,6.65,50.0,0.5495495495495496,149.956,2.90093984962406,0.5,0.4511278195488721,3.05
2021-10-05 07:00:00,7,20,0,4,14,2,0,2,3,0,3,0,16.4,231.0,3.0,6.65,50.0,0.5585585585585585,155.59599999999998,2.482330827067669,0.5,0.3007518796992481,3.1
2021-10-05 08:00:00,8,12,1,1,8,2,0,1,4,0,4,0,14.916666666666666,270.0,3.0,7.31,30.0,0.3425925925925926,143.47,1.346796625626995,0.3,0.1367989056087551,3.083333333333333
2021-10-05 09:00:00,9,14,1,1,11,1,0,5,5,0,5,0,15.916666666666666,84.0,3.0,7.31,35.0,0.419047619047619,166.8,3.2496970881375806,0.35,0.6839945280437756,3.142857142857143
2021-10-05 10:00:00,10,26,0,2,24,0,0,17,8,0,8,0,16.916666666666668,63.5,4.0,10.77,65.0,0.625,238.38,6.856795943146918,0.65,1.5784586815227484,3.076923076923077
2021-10-05 11:00:00,11,30,1,3,25,1,0,10,6,2,8,2,17.916666666666668,84.5,4.0,10.77,75.0,0.734375,254.3366136034732,5.259316001238006,0.75,0.9285051067780872,3.1333333333333333
2021-10-05 12:00:00,12,31,1,4,24,2,0,8,6,1,7,1,12.516666666666667,158.0,4.0,10.77,77.5,0.7348484848484849,211.7573068017366,4.749257944709019,0.775,0.7428040854224699,3.129032258064516
2021-10-05 13:00:00,13,25,1,3,20,1,0,7,6,1,7,1,4.85,191.0,4.0,10.77,62.5,0.5984848484848485,155.6473068017366,4.028853296193129,0.625,0.6499535747446611,3.16
2021-10-05 14:00:00,14,25,0,2,23,0,0,11,8,0,8,0,5.85,177.0,4.0,10.77,62.5,0.6015625,173.819,5.07077530176416,0.625,1.021355617455896,3.08
2021-10-05 15:00:00,15,24,0,3,21,0,0,6,6,0,6,0,6.85,139.0,4.0,10.77,60.0,0.5514705882352942,150.51399999999998,3.615947075208914,0.6,0.5571030640668524,3.125
2021-10-05 16:00:00,16,19,0,2,17,0,0,2,7,0,7,0,7.85,165.0,4.0,10.77,47.5,0.4469696969696969,158.829,2.051650539999023,0.475,0.1857010213556174,3.1052631578947367
2021-10-05 17:00:00,17,21,0,2,19,0,0,7,8,0,8,0,8.85,216.0,4.0,10.77,52.5,0.5078125,182.159,3.636761064685856,0.525,0.6499535747446611,3.095238095238096
2021-10-05 18:00:00,18,24,0,4,20,0,0,11,9,0,9,0,9.85,247.0,4.0,10.77,60.0,0.6129032258064516,207.634,5.134292788610337,0.6,1.021355617455896,3.1666666666666665
2021-10-05 19:00:00,19,22,0,5,17,0,0,7,5,0,5,0,6.883333333333334,219.0,4.0,10.77,55.00000000000001,0.5071428571428571,133.012,3.872577445766861,0.55,0.6499535747446611,3.227272727272727
2021-10-05 20:00:00,20,20,1,3,15,1,0,7,2,0,2,0,6.333333333333333,52.0,4.0,10.09,50.0,0.4210526315789473,85.42,3.82001982160555,0.5,0.6937561942517344,3.2
2021-10-05 21:00:00,21,22,1,3,17,0,1,11,7,0,7,0,7.333333333333333,45.0,4.0,10.09,55.00000000000001,0.5227272727272727,162.35000000000002,5.144226957383548,0.55,1.0901883052527257,3.136363636363636
2021-10-05 22:00:00,22,24,1,4,16,2,1,8,7,0,7,0,8.333333333333334,102.0,3.0,6.63,60.0,0.7474747474747475,172.28,5.570462543991956,0.6,1.2066365007541475,3.083333333333333
2021-10-05 23:00:00,23,27,1,7,17,1,1,7,8,1,9,1,9.333333333333334,125.0,3.0,6.63,67.5,0.935483870967742,212.02330680173665,5.577044578515167,0.675,1.0558069381598794,3.2222222222222223
2021-10-06 00:00:00,0,32,1,7,22,1,1,8,10,1,11,1,10.333333333333334,182.0,3.0,6.63,80.0,1.1724137931034482,255.18830680173664,6.396153846153846,0.8,1.2066365007541475,3.1875
2021-10-06 01:00:00,1,28,1,8,17,1,1,5,11,1,12,1,11.333333333333334,226.0,3.0,6.63,70.0,1.0833333333333333,265.6483068017366,4.725980392156862,0.7,0.7541478129713424,3.25
2021-10-06 02:00:00,2,28,1,5,19,2,1,6,11,1,12,1,12.333333333333334,269.0,3.0,6.63,70.0,1.0357142857142858,271.2883068017366,4.986893988364577,0.7,0.9049773755656108,3.107142857142857
2021-10-06 03:00:00,3,28,2,4,19,2,1,2,12,1,13,1,13.333333333333334,237.0,3.0,6.63,70.0,1.0864197530864197,290.32830680173663,3.1480715363068303,0.7,0.3016591251885369,3.142857142857143
2021-10-06 04:00:00,4,29,2,4,20,2,1,3,13,1,14,1,14.333333333333334,275.0,3.0,6.63,72.5,1.1666666666666667,311.5133068017366,3.6948782961460447,0.725,0.4524886877828054,3.1379310344827585
2021-10-06 05:00:00,5,30,2,4,21,2,1,3,13,1,14,1,15.333333333333334,335.0,3.0,6.63,75.0,1.205128205128205,319.2983068017366,3.767797888386124,0.75,0.4524886877828054,3.1333333333333333
2021-10-06 06:00:00,6,29,1,5,20,2,1,2,14,0,14,0,16.333333333333332,395.0,3.0,6.63,72.5,1.1538461538461535,321.925,3.1861834919644245,0.725,0.3016591251885369,3.103448275862069
2021-10-06 07:00:00,7,25,1,4,18,1,1,1,12,0,12,0,17.333333333333332,455.0,3.0,6.63,62.5,0.9285714285714286,292.185,2.420588235294118,0.625,0.1508295625942684,3.12
2021-10-06 08:00:00,8,23,1,4,16,1,1,2,12,0,12,0,18.33333333333333,515.0,3.0,6.6,57.49999999999999,0.8571428571428571,293.535,2.748616600790513,0.575,0.303030303030303,3.130434782608696
2021-10-06 09:00:00,9,24,1,3,18,1,1,6,12,0,12,0,19.33333333333333,444.5,3.0,6.6,60.0,0.8809523809523809,301.32,4.653030303030304,0.6,0.9090909090909092,3.083333333333333
2021-10-06 10:00:00,10,30,1,4,23,1,1,9,13,0,13,0,16.8,387.0,4.0,9.85,75.0,0.8611111111111112,313.302,5.157487309644671,0.75,0.9137055837563453,3.1
2021-10-06 11:00:00,11,28,2,4,19,3,0,9,14,0,14,0,15.283333333333331,144.0,4.0,9.85,70.0,0.8557692307692307,313.858,5.129278462654097,0.7,0.9137055837563453,3.1785714285714284
2021-10-06 12:00:00,12,35,3,6,23,3,0,11,14,0,14,0,16.283333333333335,142.0,4.0,9.85,87.5,1.0961538461538465,334.51300000000003,6.487418419144308,0.875,1.116751269035533,3.257142857142857
2021-10-06 13:00:00,13,35,2,5,26,2,0,9,12,1,13,1,17.283333333333335,147.0,4.0,9.85,87.5,1.037037037037037,327.62130680173664,5.723857868020305,0.875,0.9137055837563453,3.2
2021-10-06 14:00:00,14,35,4,5,24,2,0,7,11,3,14,3,18.28333333333333,144.0,4.0,9.85,87.5,1.1153846153846154,348.39792040520985,5.255329949238579,0.875,0.7106598984771574,3.3142857142857145
2021-10-06 15:00:00,15,38,4,4,30,0,0,11,8,4,12,4,19.28333333333333,155.0,4.0,9.85,95.0,1.125,334.5412272069465,6.852912102591504,0.95,1.116751269035533,3.3157894736842106
2021-10-06 16:00:00,16,33,3,3,27,0,0,5,7,4,11,4,20.28333333333333,185.0,4.0,9.85,82.5,0.9310344827586208,316.05622720694646,4.361282879556991,0.825,0.5076142131979695,3.272727272727273
2021-10-06 17:00:00,17,37,3,5,29,0,0,8,11,4,15,4,21.28333333333333,188.0,4.0,9.85,92.5,1.22,383.87622720694645,5.728007957195775,0.925,0.8121827411167513,3.2972972972972974
2021-10-06 18:00:00,18,32,2,5,25,0,0,5,12,2,14,2,8.816666666666666,234.5,4.0,9.85,80.0,1.0096153846153846,287.7026136034732,4.290609137055838,0.8,0.5076142131979695,3.28125
2021-10-06 19:00:00,19,25,0,5,20,0,0,2,11,2,13,2,8.45,281.0,4.0,9.85,62.5,0.7407407407407407,257.21961360347325,2.649746192893401,0.625,0.2030456852791878,3.2
2021-10-06 20:00:00,20,29,1,5,23,0,0,11,12,1,13,1,9.366666666666667,201.0,4.0,9.61,72.5,0.8703703703703703,270.10130680173665,6.06021565179949,0.725,1.1446409989594173,3.2413793103448274
2021-10-06 21:00:00,21,31,1,5,24,1,0,10,12,0,12,0,10.366666666666667,257.5,4.0,9.61,77.5,0.8839285714285714,265.76300000000003,5.798151287301534,0.775,1.040582726326743,3.193548387096774
2021-10-06 22:00:00,22,28,1,5,21,1,0,8,11,1,12,1,11.366666666666667,284.5,3.0,6.359999999999999,70.0,1.0714285714285714,265.8363068017366,6.293126684636119,0.7,1.257861635220126,3.2142857142857144
2021-10-06 23:00:00,23,26,1,5,19,1,0,4,11,1,12,1,12.366666666666667,344.5,3.0,6.359999999999999,65.0,1.0,267.18630680173663,4.131930333817127,0.65,0.628930817610063,3.230769230769231
2021-10-07 00:00:00,0,24,1,5,17,1,0,4,11,2,13,2,13.366666666666667,375.0,3.0,6.359999999999999,60.0,0.9629629629629628,282.8046136034733,3.994025157232704,0.6,0.628930817610063,3.25
2021-10-07 01:00:00,1,27,1,5,19,2,0,9,13,1,14,1,14.366666666666667,383.0,3.0,6.359999999999999,67.5,1.1025641025641026,307.4113068017366,6.657337526205451,0.675,1.4150943396226416,3.185185185185185
2021-10-07 02:00:00,2,27,1,5,20,1,0,4,15,1,16,1,15.366666666666667,389.0,3.0,6.359999999999999,67.5,1.2083333333333333,339.85130680173665,4.201554856743536,0.675,0.628930817610063,3.2222222222222223
2021-10-07 03:00:00,3,22,1,5,15,1,0,1,15,1,16,1,16.366666666666667,449.0,3.0,6.359999999999999,55.00000000000001,1.0,334.7663068017366,2.314579759862779,0.55,0.1572327044025157,3.272727272727273
2021-10-07 04:00:00,4,25,1,5,17,2,0,3,15,1,16,1,17.366666666666667,509.0,3.0,6.359999999999999,62.5,1.1111111111111112,346.8413068017366,3.5094339622641515,0.625,0.4716981132075472,3.2
2021-10-07 05:00:00,5,28,1,5,20,2,0,4,17,0,17,0,18.366666666666667,567.0,3.0,6.359999999999999,70.0,1.289855072463768,371.448,4.224101527403414,0.7,0.628930817610063,3.1785714285714284
2021-10-07 06:00:00,6,27,1,5,20,1,0,3,17,0,17,0,19.366666666666667,627.0,3.0,6.359999999999999,67.5,1.2608695652173914,374.943,3.694916142557653,0.675,0.4716981132075472,3.2222222222222223
2021-10-07 07:00:00,7,26,1,5,19,1,0,3,17,0,17,0,20.366666666666667,687.0,3.0,6.359999999999999,65.0,1.2173913043478262,378.438,3.623947750362845,0.65,0.4716981132075472,3.230769230769231
2021-10-07 08:00:00,8,25,1,5,18,1,0,3,18,0,18,0,21.366666666666667,726.5,3.0,7.31,62.5,1.2272727272727273,395.333,3.3546853625171003,0.625,0.4103967168262654,3.24
2021-10-07 09:00:00,9,25,1,4,18,2,0,6,13,0,13,0,22.366666666666667,484.0,3.0,7.31,62.5,0.9753086419753086,333.973,4.568707250341998,0.625,0.8207934336525308,3.16
2021-10-07 10:00:00,10,28,1,4,17,6,0,9,15,0,15,0,23.366666666666667,480.0,4.0,11.010000000000002,70.0,0.84,372.848,4.552316076294277,0.7,0.8174386920980925,3.0
2021-10-07 11:00:00,11,32,1,5,19,7,0,11,18,1,19,1,24.366666666666667,199.0,4.0,11.010000000000002,80.0,1.1428571428571428,441.5363068017366,5.397275204359673,0.8,0.9990917347865576,3.0
2021-10-07 12:00:00,12,29,0,5,19,5,0,7,18,1,19,1,25.366666666666667,159.0,4.0,11.010000000000002,72.5,1.0357142857142858,440.7413068017366,4.082356948228883,0.725,0.6357856494096276,3.0
2021-10-07 13:00:00,13,31,2,4,20,5,0,8,17,2,19,2,16.766666666666666,162.0,4.0,11.010000000000002,77.5,1.1428571428571428,397.3956136034732,4.650153819108728,0.775,0.72661217075386,3.096774193548387
2021-10-07 14:00:00,14,28,2,4,20,2,0,7,11,2,13,2,13.0,192.0,4.0,11.010000000000002,70.0,0.8333333333333334,289.31661360347323,4.293596730245231,0.7,0.6357856494096276,3.2142857142857144
2021-10-07 15:00:00,15,27,2,6,19,0,0,9,11,2,13,2,14.0,178.0,4.0,11.010000000000002,67.5,0.8425925925925926,292.81161360347323,5.030071147441719,0.675,0.8174386920980925,3.3703703703703702
2021-10-07 16:00:00,16,20,0,7,13,0,0,2,9,1,10,1,15.0,185.5,4.0,11.010000000000002,50.0,0.5583333333333333,242.3683068017366,2.283537693006358,0.5,0.181653042688465,3.35
2021-10-07 17:00:00,17,17,0,6,11,0,0,5,8,0,8,0,7.65,245.5,4.0,11.010000000000002,42.5,0.4453125,166.81099999999998,2.9476799166533096,0.425,0.4541326067211625,3.3529411764705883
2021-10-07 18:00:00,18,16,0,3,13,0,0,7,8,0,8,0,8.65,201.5,4.0,11.010000000000002,40.0,0.3984375,170.306,3.301566757493188,0.4,0.6357856494096276,3.1875
2021-10-07 19:00:00,19,15,0,2,13,0,0,1,7,1,8,1,7.25,254.5,4.0,11.010000000000002,37.5,0.3671875,161.13330680173664,1.459589766878595,0.375,0.0908265213442325,3.1333333333333333
2021-10-07 20:00:00,20,13,0,1,12,0,0,5,2,1,3,1,7.266666666666667,136.0,4.0,9.83,32.5,0.2702702702702703,89.93730680173661,2.565067689177557,0.325,0.508646998982706,3.076923076923077
2021-10-07 21:00:00,21,17,2,2,13,0,0,10,3,2,5,2,8.266666666666667,172.0,4.0,9.83,42.5,0.4071428571428571,131.82561360347322,4.835926934354617,0.425,1.017293997965412,3.3529411764705883
2021-10-07 22:00:00,22,13,1,2,9,1,0,5,3,1,4,1,9.266666666666667,175.5,3.0,6.13,32.5,0.3888888888888889,114.61730680173662,3.685211444346845,0.325,0.8156606851549756,3.230769230769231
2021-10-07 23:00:00,23,20,1,4,14,1,0,11,2,2,4,2,10.266666666666667,138.0,3.0,6.13,50.0,0.6018518518518519,136.1406136034732,7.456973898858075,0.5,1.7944535073409462,3.25
2021-10-08 00:00:00,0,21,0,4,15,2,0,8,2,2,4,2,11.266666666666667,198.0,3.0,6.13,52.5,0.6018518518518519,143.92561360347324,5.6644624407674975,0.525,1.3050570962479608,3.095238095238096
2021-10-08 01:00:00,1,20,0,3,15,2,0,5,2,1,3,1,12.266666666666667,275.0,3.0,6.13,50.0,0.5495495495495496,133.1523068017366,4.012765089722675,0.5,0.8156606851549756,3.05
2021-10-08 02:00:00,2,16,0,3,11,2,0,2,2,0,2,0,13.266666666666667,565.5,3.0,6.13,40.0,0.4298245614035088,115.94400000000002,2.2241843393148453,0.4,0.3262642740619902,3.0625
2021-10-08 03:00:00,3,13,0,3,9,1,0,1,2,0,2,0,14.266666666666667,625.5,3.0,6.13,32.5,0.3596491228070175,115.149,1.5394936629439075,0.325,0.1631321370309951,3.1538461538461537
2021-10-08 04:00:00,4,10,0,2,7,1,0,2,2,0,2,0,15.266666666666667,685.5,3.0,6.13,25.0,0.2719298245614035,114.35399999999998,1.7864192495921698,0.25,0.3262642740619902,3.1
2021-10-08 05:00:00,5,9,0,3,5,1,0,2,2,0,2,0,16.266666666666666,745.5,3.0,6.13,22.5,0.2543859649122807,117.849,1.7762959941997465,0.225,0.3262642740619902,3.2222222222222223
2021-10-08 06:00:00,6,11,0,3,6,1,1,3,3,1,4,1,17.266666666666666,308.5,3.0,6.13,27.500000000000004,0.3055555555555556,155.4473068017366,2.293189233278956,0.275,0.4893964110929853,3.0
2021-10-08 07:00:00,7,10,0,3,5,1,1,1,3,0,3,0,18.266666666666666,635.0,3.0,6.13,25.0,0.2702702702702703,144.67399999999998,1.2393964110929854,0.25,0.1631321370309951,3.0
2021-10-08 08:00:00,8,11,0,2,7,1,1,3,4,0,4,0,19.266666666666666,416.0,3.0,7.97,27.500000000000004,0.2962962962962963,165.85899999999998,1.895015398654044,0.275,0.3764115432873275,2.909090909090909
2021-10-08 09:00:00,9,20,0,2,15,2,1,10,6,0,6,0,20.266666666666666,131.0,3.0,7.97,50.0,0.5686274509803921,217.604,5.0886449184441656,0.5,1.2547051442910917,2.9
2021-10-08 10:00:00,10,25,0,2,21,1,1,9,10,0,10,0,21.266666666666666,92.0,4.0,11.31,62.5,0.6166666666666667,287.569,4.205437665782494,0.625,0.7957559681697614,2.96
2021-10-08 11:00:00,11,19,0,2,17,0,0,4,10,1,11,1,22.266666666666666,118.0,4.0,11.31,47.5,0.5086206896551724,294.6073068017366,2.5732363069477406,0.475,0.3536693191865606,3.1052631578947367
2021-10-08 12:00:00,12,25,0,3,21,1,0,9,14,1,15,1,23.266666666666666,137.0,4.0,11.31,62.5,0.77,366.71730680173664,4.375928381962866,0.625,0.7957559681697614,3.08
2021-10-08 13:00:00,13,24,0,2,21,1,0,8,9,1,10,1,7.283333333333333,122.5,4.0,11.31,60.0,0.6083333333333333,207.42630680173664,3.97648835838491,0.6,0.7073386383731212,3.0416666666666665
2021-10-08 14:00:00,14,19,0,2,16,1,0,4,6,0,6,0,8.283333333333333,213.0,4.0,11.31,47.5,0.4264705882352941,147.873,2.529622132253712,0.475,0.3536693191865606,3.0526315789473686
2021-10-08 15:00:00,15,18,0,3,14,1,0,5,5,1,6,1,9.283333333333331,116.5,4.0,11.31,45.0,0.4117647058823529,152.23630680173662,2.775380685725513,0.45,0.4420866489832007,3.111111111111111
2021-10-08 16:00:00,16,19,0,3,15,1,0,6,4,1,5,1,7.633333333333334,99.0,4.0,11.31,47.5,0.4214285714285714,131.6753068017366,3.1223544604216107,0.475,0.5305039787798409,3.1052631578947367
2021-10-08 17:00:00,17,20,0,3,16,1,0,6,6,1,7,1,8.633333333333333,143.0,4.0,11.31,50.0,0.4696969696969697,166.2603068017366,3.194562334217507,0.5,0.5305039787798409,3.1
2021-10-08 18:00:00,18,17,0,2,15,0,0,4,5,1,6,1,9.633333333333333,129.5,4.0,11.31,42.5,0.3897058823529412,152.0653068017366,2.4276161127581006,0.425,0.3536693191865606,3.117647058823529
2021-10-08 19:00:00,19,17,0,1,14,2,0,6,5,0,5,0,4.266666666666667,163.0,4.0,11.31,42.5,0.3571428571428571,107.529,2.8103058199407087,0.425,0.5305039787798409,2.9411764705882355
2021-10-08 20:00:00,20,23,1,3,19,0,0,14,8,1,9,1,4.333333333333333,96.0,4.0,10.85,57.49999999999999,0.5967741935483871,175.24330680173662,6.0014726507713885,0.575,1.2903225806451613,3.217391304347826
2021-10-08 21:00:00,21,30,2,4,20,4,0,9,11,2,13,2,5.333333333333333,104.0,4.0,10.85,75.0,0.8703703703703703,250.36661360347324,4.949078341013824,0.75,0.8294930875576038,3.1333333333333333
2021-10-08 22:00:00,22,28,1,4,18,5,0,5,11,1,12,1,5.983333333333333,141.0,3.0,7.51,70.0,1.011904761904762,235.4743068017366,4.146114704203919,0.7,0.6657789613848203,3.0357142857142856
2021-10-08 23:00:00,23,27,1,3,20,3,0,12,9,0,9,0,6.983333333333333,171.0,3.0,7.51,67.5,0.8924731182795699,197.901,6.986969226216897,0.675,1.5978695073235687,3.074074074074074
2021-10-09 00:00:00,0,29,1,3,21,4,0,11,9,0,9,0,7.983333333333333,222.0,3.0,7.51,72.5,0.946236559139785,207.831,6.644648514624179,0.725,1.4647137150466043,3.034482758620689
2021-10-09 01:00:00,1,26,1,3,18,4,0,6,9,0,9,0,8.983333333333333,282.0,3.0,7.51,65.0,0.8494623655913979,207.036,4.402532520741576,0.65,0.7989347536617843,3.0384615384615383
2021-10-09 02:00:00,2,26,2,3,16,5,0,6,8,0,8,0,9.983333333333333,330.5,3.0,7.51,65.0,0.8333333333333334,199.276,4.458260780497799,0.65,0.7989347536617843,3.076923076923077
2021-10-09 03:00:00,3,18,1,4,10,3,0,2,9,0,9,0,10.983333333333333,379.0,3.0,7.51,45.0,0.6129032258064516,201.156,2.2683200177541054,0.45,0.2663115845539281,3.1666666666666665
2021-10-09 04:00:00,4,20,1,5,10,4,0,2,9,1,10,1,11.983333333333333,426.5,3.0,7.51,50.0,0.7,225.35430680173664,2.4138814913448736,0.5,0.2663115845539281,3.15
2021-10-09 05:00:00,5,20,1,5,11,3,0,2,10,1,11,1,12.983333333333333,474.0,3.0,7.51,50.0,0.735632183908046,244.3943068017366,2.45219707057257,0.5,0.2663115845539281,3.2
2021-10-09 06:00:00,6,21,1,5,12,3,0,2,10,1,11,1,13.983333333333333,534.0,3.0,7.51,52.5,0.7701149425287356,252.17930680173663,2.5246607697672947,0.525,0.2663115845539281,3.1904761904761907
2021-10-09 07:00:00,7,23,1,6,13,3,0,3,12,1,13,1,14.983333333333333,583.0,3.0,7.51,57.49999999999999,0.9135802469135802,288.9093068017366,3.1352428645863486,0.575,0.3994673768308922,3.217391304347826
2021-10-09 08:00:00,8,20,2,6,9,3,0,3,11,2,13,2,15.983333333333333,643.0,3.0,6.66,50.0,0.8271604938271605,288.9826136034732,3.184009009009009,0.5,0.4504504504504504,3.35
2021-10-09 09:00:00,9,16,1,5,9,1,0,5,6,2,8,2,16.983333333333334,235.5,3.0,6.66,40.0,0.5625,219.04261360347323,3.883783783783784,0.4,0.7507507507507507,3.375
2021-10-09 10:00:00,10,18,1,3,12,2,0,9,8,0,8,0,11.2,42.0,4.0,10.36,45.0,0.4453125,188.978,4.175965250965251,0.45,0.8687258687258688,3.1666666666666665
2021-10-09 11:00:00,11,20,1,4,13,2,0,7,9,0,9,0,12.2,98.0,4.0,10.36,50.0,0.5161290322580645,212.308,3.7621621621621615,0.5,0.6756756756756757,3.2
2021-10-09 12:00:00,12,25,1,5,16,3,0,10,11,0,11,0,13.2,124.0,4.0,10.36,62.5,0.6810344827586207,255.473,5.02519305019305,0.625,0.9652509652509652,3.16
2021-10-09 13:00:00,13,27,2,6,17,2,0,9,12,1,13,1,14.2,145.0,4.0,10.36,67.5,0.8240740740740741,293.0713068017366,5.088577863577864,0.675,0.8687258687258688,3.2962962962962963
2021-10-09 14:00:00,14,23,2,4,16,1,0,7,11,1,12,1,7.25,195.5,4.0,10.36,57.49999999999999,0.6785714285714286,231.89330680173663,4.132667450058754,0.575,0.6756756756756757,3.3043478260869565
2021-10-09 15:00:00,15,25,2,5,16,2,0,12,9,1,10,1,5.633333333333334,180.5,4.0,10.36,62.5,0.6833333333333333,200.2653068017366,5.8492277992278,0.625,1.1583011583011584,3.28
2021-10-09 16:00:00,16,19,2,4,12,1,0,6,5,2,7,2,6.066666666666666,194.0,4.0,10.36,47.5,0.4848484848484848,150.5076136034732,3.5508230034545822,0.475,0.5791505791505792,3.3684210526315788
2021-10-09 17:00:00,17,20,2,4,14,0,0,8,4,2,6,2,7.066666666666666,194.0,4.0,10.36,50.0,0.5,144.89261360347322,4.325482625482626,0.5,0.7722007722007722,3.4
2021-10-09 18:00:00,18,22,2,4,16,0,0,8,6,2,8,2,8.066666666666666,188.5,4.0,10.36,55.00000000000001,0.578125,181.6226136034732,4.447402597402598,0.55,0.7722007722007722,3.363636363636364
2021-10-09 19:00:00,19,17,2,4,11,0,0,2,5,1,6,1,9.066666666666666,226.0,4.0,10.36,42.5,0.4338235294117647,148.86930680173663,2.144997728821258,0.425,0.193050193050193,3.4705882352941178
2021-10-09 20:00:00,20,16,1,4,11,0,0,9,3,1,4,1,8.05,286.0,4.0,11.46,40.0,0.375,114.1903068017366,4.000523560209424,0.4,0.7853403141361256,3.375
2021-10-09 21:00:00,21,28,2,4,21,1,0,16,4,2,6,2,9.05,276.5,4.0,11.46,70.0,0.6691176470588235,173.23861360347323,6.812521815008727,0.7,1.3961605584642234,3.25
2021-10-09 22:00:00,22,25,0,3,19,2,1,12,3,0,3,0,10.05,434.0,3.0,7.76,62.5,0.6666666666666666,130.507,6.427319587628865,0.625,1.5463917525773196,2.96
2021-10-09 23:00:00,23,16,0,3,12,0,1,5,4,0,4,0,11.05,323.5,3.0,7.76,40.0,0.4537037037037037,130.24200000000002,3.198260309278351,0.4,0.6443298969072165,3.0625
2021-10-10 00:00:00,0,15,0,4,10,0,1,4,4,0,4,0,12.05,383.5,3.0,7.76,37.5,0.4351851851851852,133.73700000000002,2.7901202749140896,0.375,0.5154639175257733,3.1333333333333333
2021-10-10 01:00:00,1,17,0,4,12,0,1,7,6,0,6,0,13.05,205.5,3.0,7.76,42.5,0.5196078431372549,170.467,4.137310491206792,0.425,0.9020618556701032,3.117647058823529
2021-10-10 02:00:00,2,17,0,4,12,0,1,2,6,0,6,0,14.05,265.5,3.0,7.76,42.5,0.5196078431372549,176.10700000000003,2.128517283201941,0.425,0.2577319587628866,3.117647058823529
2021-10-10 03:00:00,3,18,0,4,13,0,1,1,6,0,6,0,15.05,325.5,3.0,7.76,45.0,0.5490196078431373,183.892,1.800916380297824,0.45,0.1288659793814433,3.111111111111111
2021-10-10 04:00:00,4,16,0,4,11,0,1,0,6,0,6,0,16.05,385.5,3.0,7.76,40.0,0.4901960784313725,185.242,1.25,0.4,0.0,3.125
2021-10-10 05:00:00,5,15,0,4,10,0,1,2,6,0,6,0,17.05,445.5,3.0,7.76,37.5,0.4607843137254901,188.737,1.9825601374570443,0.375,0.2577319587628866,3.1333333333333333
2021-10-10 06:00:00,6,13,0,2,10,0,1,0,6,0,6,0,18.05,505.5,3.0,7.76,32.5,0.3823529411764705,190.087,0.975,0.325,0.0,3.0
2021-10-10 07:00:00,7,15,0,2,12,0,1,4,9,0,9,0,19.05,409.0,3.0,7.76,37.5,0.4838709677419355,240.217,2.67139175257732,0.375,0.5154639175257733,3.0
2021-10-10 08:00:00,8,16,0,3,12,0,1,2,9,0,9,0,20.05,449.0,3.0,7.21,40.0,0.5268817204301075,248.002,2.074514563106796,0.4,0.2773925104022191,3.0625
2021-10-10 09:00:00,9,16,0,4,11,0,1,5,8,0,8,0,21.05,144.5,3.0,7.21,40.0,0.5208333333333334,240.242,3.417128987517337,0.4,0.6934812760055479,3.125
2021-10-10 10:00:00,10,23,0,4,18,0,1,15,10,0,10,0,22.05,65.5,4.0,10.47,57.49999999999999,0.5916666666666667,287.697,6.197573813379843,0.575,1.4326647564469916,3.0869565217391304
2021-10-10 11:00:00,11,24,0,4,20,0,0,10,11,0,11,0,10.95,68.0,4.0,10.47,60.0,0.6551724137931034,240.638,4.924514485832537,0.6,0.9551098376313276,3.1666666666666665
2021-10-10 12:00:00,12,27,0,5,22,0,0,10,10,0,10,0,11.95,118.0,4.0,10.47,67.5,0.7166666666666667,239.313,5.192201705047933,0.675,0.9551098376313276,3.185185185185185
2021-10-10 13:00:00,13,26,0,4,21,1,0,4,9,0,9,0,12.95,184.0,4.0,10.47,65.0,0.6532258064516129,229.408,3.215213797663655,0.65,0.3820439350525311,3.1153846153846154
2021-10-10 14:00:00,14,24,0,3,21,0,0,8,7,0,7,0,13.95,217.0,4.0,10.47,60.0,0.5681818181818182,203.958,4.262774594078319,0.6,0.7640878701050622,3.125
2021-10-10 15:00:00,15,24,0,4,20,0,0,12,7,0,7,0,14.95,237.0,4.0,10.47,60.0,0.5757575757575758,209.598,5.5294173829990445,0.6,1.1461318051575933,3.1666666666666665
2021-10-10 16:00:00,16,24,0,3,21,0,0,8,7,0,7,0,15.95,101.0,4.0,10.47,60.0,0.5681818181818182,215.238,4.262774594078319,0.6,0.7640878701050622,3.125
2021-10-10 17:00:00,17,31,0,3,21,7,0,12,7,0,7,0,16.95,100.0,4.0,10.47,77.5,0.6742424242424242,235.893,5.515507440613736,0.775,1.1461318051575933,2.870967741935484
2021-10-10 18:00:00,18,29,1,2,23,3,0,9,8,0,8,0,17.95,119.0,4.0,10.47,72.5,0.6875,250.643,4.808437901393143,0.725,0.8595988538681949,3.034482758620689
2021-10-10 19:00:00,19,34,0,2,31,1,0,11,9,0,9,0,18.95,108.0,4.0,10.47,85.0,0.8306451612903226,280.408,5.757763076577336,0.85,1.0506208213944606,3.0294117647058822
2021-10-10 20:00:00,20,35,0,2,29,4,0,10,8,1,9,1,19.95,162.0,4.0,10.77,87.5,0.8306451612903226,289.0613068017366,5.307457885661228,0.875,0.9285051067780872,2.942857142857143
2021-10-10 21:00:00,21,34,0,3,30,1,0,8,10,1,11,1,20.95,219.0,4.0,10.77,85.0,0.896551724137931,319.3563068017366,4.872106614233437,0.85,0.7428040854224699,3.0588235294117645
2021-10-10 22:00:00,22,31,0,3,25,3,0,8,9,1,10,1,21.95,170.5,3.0,7.51,77.5,1.0333333333333334,305.1613068017366,5.520739014647138,0.775,1.0652463382157125,3.0
2021-10-10 23:00:00,23,27,0,3,21,2,1,8,10,0,10,0,22.95,158.0,3.0,7.51,67.5,0.8888888888888888,301.35299999999995,5.156285446565073,0.675,1.0652463382157125,2.962962962962963
2021-10-11 00:00:00,0,25,0,3,20,2,0,9,10,0,10,0,23.95,144.5,3.0,7.51,62.5,0.8444444444444444,302.703,5.543142476697736,0.625,1.1984021304926764,3.04
2021-10-11 01:00:00,1,27,0,3,24,0,0,6,10,0,10,0,24.95,204.5,3.0,7.51,67.5,0.9333333333333332,312.633,4.585574789169996,0.675,0.7989347536617843,3.111111111111111
2021-10-11 02:00:00,2,23,0,3,20,0,0,3,11,0,11,0,25.95,239.0,3.0,7.51,57.49999999999999,0.8275862068965517,323.093,3.05050657094888,0.575,0.3994673768308922,3.130434782608696
2021-10-11 03:00:00,3,27,0,3,24,0,0,6,12,0,12,0,26.95,287.0,3.0,7.51,67.5,1.0,350.713,4.585574789169996,0.675,0.7989347536617843,3.111111111111111
2021-10-11 04:00:00,4,27,0,4,23,0,0,3,12,2,14,2,27.95,318.5,3.0,7.51,67.5,1.0897435897435896,384.8896136034732,3.3825824826157715,0.675,0.3994673768308922,3.1481481481481484
2021-10-11 05:00:00,5,25,0,4,21,0,0,0,12,2,14,2,28.95,378.5,3.0,7.51,62.5,1.0128205128205128,386.2396136034732,1.975,0.625,0.0,3.16
2021-10-11 06:00:00,6,28,0,4,23,1,0,3,12,2,14,2,29.95,438.5,3.0,7.51,70.0,1.1153846153846154,398.3146136034732,3.4162022065817004,0.7,0.3994673768308922,3.107142857142857
2021-10-11 07:00:00,7,27,0,5,22,0,0,2,12,2,14,2,30.95,498.5,3.0,7.51,67.5,1.1025641025641026,401.8096136034732,2.998251713764364,0.675,0.2663115845539281,3.185185185185185
2021-10-11 08:00:00,8,29,0,5,22,2,0,7,13,2,15,2,31.95,542.0,3.0,7.43,72.5,1.2,425.1396136034732,5.173840905926578,0.725,0.9421265141318976,3.103448275862069
2021-10-11 09:00:00,9,30,0,4,24,2,0,9,9,2,11,2,32.95,452.0,3.0,7.43,75.0,1.057471264367816,379.32461360347327,6.014670255720055,0.75,1.2113055181695829,3.066666666666667
2021-10-11 10:00:00,10,26,0,2,22,2,0,3,9,1,10,1,33.95,436.0,4.0,11.13,65.0,0.65,362.11630680173664,2.758625336927224,0.65,0.2695417789757413,3.0
2021-10-11 11:00:00,11,25,0,3,21,1,0,8,8,1,9,1,34.95,177.0,4.0,11.13,62.5,0.6209677419354839,352.2113068017366,4.138836477987422,0.625,0.7187780772686434,3.08
2021-10-11 12:00:00,12,28,0,3,23,2,0,7,7,2,9,2,35.95,237.0,4.0,11.13,70.0,0.6854838709677419,365.1546136034732,4.034254267744834,0.7,0.628930817610063,3.0357142857142856
2021-10-11 13:00:00,13,22,0,3,18,1,0,5,6,2,8,2,36.95,143.0,4.0,11.13,55.00000000000001,0.53125,344.5246136034732,3.0885485583598795,0.55,0.4492362982929021,3.090909090909091
2021-10-11 14:00:00,14,31,0,5,23,3,0,16,7,4,11,4,37.95,116.0,4.0,11.13,77.5,0.8189655172413793,411.4062272069465,6.780414021969104,0.775,1.4375561545372868,3.064516129032258
2021-10-11 15:00:00,15,33,0,6,25,2,0,10,7,4,11,4,38.95,173.0,4.0,11.13,82.5,0.8879310344827587,421.3362272069464,5.37932355904054,0.825,0.8984725965858043,3.121212121212121
2021-10-11 16:00:00,16,32,1,6,24,1,0,9,7,3,10,3,39.95,160.0,4.0,11.13,80.0,0.8583333333333333,410.56292040520987,5.1777628032345016,0.8,0.8086253369272238,3.21875
2021-10-11 17:00:00,17,29,1,5,22,1,0,7,7,2,9,2,40.95,194.0,4.0,11.13,72.5,0.75,395.4996136034732,4.341916070266754,0.725,0.628930817610063,3.206896551724138
2021-10-11 18:00:00,18,32,1,4,25,2,0,9,7,1,8,1,41.95,268.5,4.0,11.13,80.0,0.78125,393.30630680173664,5.026954177897575,0.8,0.8086253369272238,3.125
2021-10-11 19:00:00,19,27,2,2,20,2,1,9,6,0,6,0,42.95,307.0,4.0,11.13,67.5,0.6102941176470589,360.553,4.560774183887392,0.675,0.8086253369272238,3.074074074074074
2021-10-11 20:00:00,20,28,2,5,18,2,1,10,10,0,10,0,43.95,77.5,4.0,9.83,70.0,0.7416666666666667,421.938,5.458541636390059,0.7,1.017293997965412,3.1785714285714284
2021-10-11 21:00:00,21,31,2,5,21,3,0,8,12,0,12,0,44.95,117.0,4.0,9.83,77.5,0.8839285714285714,460.813,5.074022085124536,0.775,0.8138351983723296,3.193548387096774
2021-10-11 22:00:00,22,26,1,2,19,3,1,5,9,0,9,0,45.95,136.0,3.0,6.13,65.0,0.8279569892473119,415.528,4.340610490651274,0.65,0.8156606851549756,2.9615384615384617
2021-10-11 23:00:00,23,19,1,1,15,1,1,4,7,0,7,0,46.95,183.0,3.0,6.13,47.5,0.5757575757575758,379.353,3.382585644371941,0.475,0.6525285481239804,3.0
2021-10-12 00:00:00,0,24,1,1,19,2,1,7,8,0,8,0,47.95,238.5,3.0,6.13,60.0,0.7395833333333334,409.118,5.153194671016857,0.6,1.1419249592169658,2.958333333333333
2021-10-12 01:00:00,1,27,1,1,23,1,1,8,8,0,8,0,48.95,298.5,3.0,6.13,67.5,0.84375,421.193,5.940171288743882,0.675,1.3050570962479608,3.0
2021-10-12 02:00:00,2,23,1,1,19,1,1,2,8,0,8,0,49.95,358.5,3.0,6.13,57.49999999999999,0.71875,418.253,2.7037928221859704,0.575,0.3262642740619902,3.0
2021-10-12 03:00:00,3,21,1,1,17,1,1,3,9,0,9,0,50.95,414.0,3.0,6.13,52.5,0.6774193548387096,433.003,3.043189233278956,0.525,0.4893964110929853,3.0
2021-10-12 04:00:00,4,21,1,1,17,1,1,1,9,0,9,0,51.95,474.0,3.0,6.13,52.5,0.6774193548387096,438.643,2.0643964110929858,0.525,0.1631321370309951,3.0
2021-10-12 05:00:00,5,23,1,3,17,1,1,3,9,2,11,2,52.95,482.0,3.0,6.13,57.49999999999999,0.8160919540229885,477.1096136034733,3.2857454429392154,0.575,0.4893964110929853,3.0869565217391304
2021-10-12 06:00:00,6,25,2,3,17,2,1,4,10,2,12,2,53.95,535.5,3.0,6.13,62.5,0.9285714285714286,500.4396136034733,3.9858890701468193,0.625,0.6525285481239804,3.12
2021-10-12 07:00:00,7,22,1,3,16,1,1,2,10,1,11,1,54.95,602.0,3.0,6.13,55.00000000000001,0.7816091954022989,485.37630680173663,2.7084532107370607,0.55,0.3262642740619902,3.090909090909091
2021-10-12 08:00:00,8,24,1,3,18,1,1,3,11,1,12,1,55.95,655.5,3.0,7.57,60.0,0.8809523809523809,508.7063068017367,3.071928665785997,0.6,0.3963011889035667,3.083333333333333
2021-10-12 09:00:00,9,24,1,3,18,1,1,6,8,1,9,1,56.95,722.0,3.0,7.57,60.0,0.7956989247311828,474.1463068017366,4.293857331571995,0.6,0.7926023778071334,3.083333333333333
2021-10-12 10:00:00,10,32,1,5,24,1,1,11,7,3,10,3,57.95,292.5,4.0,10.89,80.0,0.8333333333333334,512.0829204052098,5.656565656565657,0.8,1.01010101010101,3.125
2021-10-12 11:00:00,11,40,1,7,31,1,0,12,12,4,16,4,58.95,132.0,4.0,10.89,100.0,1.3333333333333333,616.1512272069465,6.726170798898072,1.0,1.1019283746556474,3.2
2021-10-12 12:00:00,12,42,1,8,31,2,0,9,13,5,18,5,50.8,125.0,4.0,10.89,105.0,1.5227272727272727,602.143534008683,5.986757182211728,1.05,0.8264462809917354,3.1904761904761907
2021-10-12 13:00:00,13,45,0,10,33,2,0,8,15,5,20,5,51.8,149.5,4.0,10.89,112.5,1.7875,641.018534008683,5.909455667789,1.125,0.7346189164370982,3.1777777777777776
2021-10-12 14:00:00,14,53,1,11,40,1,0,13,17,5,22,5,52.8,201.0,4.0,10.89,132.5,2.375,690.6185340086831,8.126551535942616,1.325,1.1937557392102849,3.2264150943396226
2021-10-12 15:00:00,15,48,1,6,40,1,0,6,18,3,21,3,53.8,255.0,4.0,10.89,120.0,1.986842105263158,670.3969204052098,5.508241505968779,1.2,0.5509641873278237,3.145833333333333
2021-10-12 16:00:00,16,36,1,5,29,1,0,9,14,2,16,2,15.783333333333331,244.5,4.0,10.89,90.0,1.1875,362.3746136034732,5.467079889807161,0.9,0.8264462809917354,3.1666666666666665
2021-10-12 17:00:00,17,30,1,4,23,2,0,6,14,2,16,2,16.783333333333335,263.0,4.0,10.89,75.0,0.9791666666666666,355.14461360347326,4.0763544536271805,0.75,0.5509641873278237,3.1333333333333333
2021-10-12 18:00:00,18,29,0,6,21,2,0,7,15,2,17,2,17.783333333333335,293.0,4.0,10.89,72.5,0.9891304347826086,372.0396136034733,4.292035559355308,0.725,0.642791551882461,3.1379310344827585
2021-10-12 19:00:00,19,25,2,5,17,1,0,8,11,4,15,4,18.78333333333333,147.0,4.0,10.89,62.5,0.83,344.0362272069464,4.513934802571166,0.625,0.7346189164370982,3.32
2021-10-12 20:00:00,20,27,2,4,20,1,0,5,12,3,15,3,19.78333333333333,158.0,4.0,11.08,67.5,0.88,353.09792040520983,3.670784864286669,0.675,0.4512635379061371,3.259259259259259
2021-10-12 21:00:00,21,27,2,4,20,1,0,5,13,3,16,3,20.78333333333333,185.5,4.0,11.08,67.5,0.9166666666666666,372.13792040520985,3.670784864286669,0.675,0.4512635379061371,3.259259259259259
2021-10-12 22:00:00,22,28,1,3,22,2,0,6,13,2,15,2,21.78333333333333,237.0,3.0,7.76,70.0,1.16,365.6546136034733,4.577430044182622,0.7,0.7731958762886598,3.107142857142857
2021-10-12 23:00:00,23,35,1,3,26,5,0,11,17,1,18,1,22.78333333333333,167.0,3.0,7.76,87.5,1.5909090909090908,425.6413068017366,6.87757731958763,0.875,1.4175257731958764,3.0
2021-10-13 00:00:00,0,31,0,3,26,2,0,4,17,0,17,0,23.78333333333333,239.0,3.0,7.76,77.5,1.3623188405797102,408.433,3.913019620884602,0.775,0.5154639175257733,3.032258064516129
2021-10-13 01:00:00,1,28,0,4,23,1,0,3,17,0,17,0,24.78333333333333,299.0,3.0,7.76,70.0,1.2608695652173914,407.638,3.3762150220913107,0.7,0.3865979381443299,3.107142857142857
2021-10-13 02:00:00,2,27,0,4,21,2,0,2,18,0,18,0,25.78333333333333,338.0,3.0,7.76,67.5,1.2575757575757576,424.533,2.867287132493318,0.675,0.2577319587628866,3.074074074074074
2021-10-13 03:00:00,3,27,0,4,21,2,0,2,17,0,17,0,26.78333333333333,419.0,3.0,7.76,67.5,1.2028985507246377,416.773,2.867287132493318,0.675,0.2577319587628866,3.074074074074074
2021-10-13 04:00:00,4,28,0,4,22,2,0,1,17,0,17,0,27.78333333333333,479.0,3.0,7.76,70.0,1.2463768115942029,424.558,2.54580265095729,0.7,0.1288659793814433,3.071428571428572
2021-10-13 05:00:00,5,27,0,4,21,2,0,1,17,0,17,0,28.78333333333333,539.0,3.0,7.76,67.5,1.2028985507246377,428.053,2.471143566246659,0.675,0.1288659793814433,3.074074074074074
2021-10-13 06:00:00,6,29,0,4,23,2,0,4,18,0,18,0,29.78333333333333,578.0,3.0,7.76,72.5,1.3484848484848484,451.383,3.8069409882687526,0.725,0.5154639175257733,3.0689655172413794
2021-10-13 07:00:00,7,26,0,4,21,1,0,2,18,0,18,0,30.78333333333333,638.0,3.0,7.76,65.0,1.2272727272727273,450.588,2.827934179222839,0.65,0.2577319587628866,3.1153846153846154
2021-10-13 08:00:00,8,25,0,5,19,1,0,1,18,0,18,0,31.78333333333333,698.0,3.0,7.21,62.5,1.196969696969697,454.0830000000001,2.413280166435506,0.625,0.1386962552011095,3.16
2021-10-13 09:00:00,9,25,0,6,18,1,0,7,15,0,15,0,32.78333333333333,779.0,3.0,7.21,62.5,1.0666666666666669,419.523,5.106796116504855,0.625,0.970873786407767,3.2
2021-10-13 10:00:00,10,37,0,8,28,1,0,13,18,1,19,1,33.78333333333333,739.0,4.0,10.46,92.5,1.4047619047619049,505.37130680173664,6.913619451191153,0.925,1.2428298279158698,3.189189189189189
2021-10-13 11:00:00,11,30,0,8,22,0,0,4,16,1,17,1,34.78333333333333,752.0,4.0,10.46,75.0,1.065217391304348,469.19630680173657,3.699203314212874,0.75,0.3824091778202677,3.2666666666666666
2021-10-13 12:00:00,12,26,0,9,17,0,0,6,13,1,14,1,35.78333333333333,427.0,4.0,10.46,65.0,0.8365384615384616,426.0563068017366,4.0943999117517285,0.65,0.5736137667304014,3.3461538461538463
2021-10-13 13:00:00,13,29,0,6,23,0,0,8,12,1,13,1,36.78333333333333,229.0,4.0,10.46,72.5,0.8611111111111112,424.7313068017366,4.777693347398958,0.725,0.7648183556405354,3.206896551724138
2021-10-13 14:00:00,14,28,0,7,21,0,0,2,13,1,14,1,37.78333333333333,284.0,4.0,10.46,70.0,0.875,441.62630680173663,2.8964149139579347,0.7,0.1912045889101338,3.25
2021-10-13 15:00:00,15,31,0,7,24,0,0,9,13,2,15,2,38.78333333333333,213.0,4.0,10.46,77.5,1.0,467.9696136034733,5.2755504841793615,0.775,0.8604206500956022,3.225806451612903
2021-10-13 16:00:00,16,30,0,6,24,0,0,4,11,2,13,2,24.316666666666663,273.0,4.0,10.46,75.0,0.8888888888888888,357.4326136034732,3.6237093690248567,0.75,0.3824091778202677,3.2
2021-10-13 17:00:00,17,27,1,4,21,1,0,7,12,2,14,2,25.316666666666663,228.0,4.0,10.46,67.5,0.8269230769230769,370.0376136034732,4.281577083775937,0.675,0.6692160611854684,3.185185185185185
2021-10-13 18:00:00,18,27,1,4,20,2,0,7,14,2,16,2,26.316666666666663,214.5,4.0,10.46,67.5,0.8854166666666666,402.4776136034732,4.231791303732031,0.675,0.6692160611854684,3.1481481481481484
2021-10-13 19:00:00,19,22,0,1,20,1,0,5,12,1,13,1,27.316666666666663,178.0,4.0,10.46,55.00000000000001,0.6111111111111112,356.3243068017366,3.084034416826004,0.55,0.4780114722753346,3.0
2021-10-13 20:00:00,20,23,0,0,22,1,0,10,9,0,9,0,28.316666666666663,194.0,4.0,9.38,57.49999999999999,0.5483870967741935,309.641,4.851942152591082,0.575,1.0660980810234544,2.9565217391304346
2021-10-13 21:00:00,21,24,0,0,20,3,1,4,9,0,9,0,11.816666666666666,254.0,4.0,9.38,60.0,0.5403225806451613,218.726,2.86547619047619,0.6,0.4264392324093817,2.7916666666666665
2021-10-13 22:00:00,22,11,0,0,9,1,1,2,6,0,6,0,12.816666666666666,294.5,3.0,6.13,27.500000000000004,0.2941176470588235,156.281,1.6398116565327006,0.275,0.3262642740619902,2.727272727272727
2021-10-13 23:00:00,23,15,1,1,10,2,1,7,7,0,7,0,13.816666666666666,180.0,3.0,6.13,37.5,0.4444444444444444,183.901,4.449646547036433,0.375,1.1419249592169658,2.933333333333333
2021-10-14 00:00:00,0,15,1,1,12,0,1,5,7,0,7,0,14.816666666666666,240.0,3.0,6.13,37.5,0.4646464646464646,189.541,3.651359434475259,0.375,0.8156606851549756,3.066666666666667
2021-10-14 01:00:00,1,14,1,1,11,0,1,2,7,0,7,0,15.816666666666666,300.0,3.0,6.13,35.0,0.4343434343434343,193.036,2.0770974131903985,0.35,0.3262642740619902,3.071428571428572
2021-10-14 02:00:00,2,13,1,1,10,0,1,1,7,0,7,0,16.816666666666666,360.0,3.0,6.13,32.5,0.404040404040404,196.531,1.5019450370184466,0.325,0.1631321370309951,3.076923076923077
2021-10-14 03:00:00,3,12,1,1,9,0,1,0,7,0,7,0,17.816666666666666,420.0,3.0,6.13,30.0,0.3737373737373737,200.026,0.925,0.3,0.0,3.083333333333333
2021-10-14 04:00:00,4,13,1,1,10,0,1,1,8,0,8,0,18.816666666666663,405.5,3.0,6.13,32.5,0.4166666666666667,221.211,1.5019450370184466,0.325,0.1631321370309951,3.076923076923077
2021-10-14 05:00:00,5,15,2,1,11,0,1,2,9,1,10,1,19.816666666666663,390.0,3.0,6.13,37.5,0.5333333333333333,258.8093068017366,2.2440456769983688,0.375,0.3262642740619902,3.2
2021-10-14 06:00:00,6,17,2,1,13,0,1,2,9,1,10,1,20.816666666666663,450.0,3.0,6.13,42.5,0.6,268.73930680173663,2.386368870549851,0.425,0.3262642740619902,3.176470588235294
2021-10-14 07:00:00,7,16,2,1,11,1,1,2,10,1,11,1,21.816666666666663,509.0,3.0,6.13,40.0,0.5747126436781609,285.6343068017366,2.26957585644372,0.4,0.3262642740619902,3.125
2021-10-14 08:00:00,8,16,2,1,11,1,1,3,11,1,12,1,22.816666666666663,558.5,3.0,7.31,40.0,0.5952380952380952,304.67430680173663,2.532489740082079,0.4,0.4103967168262654,3.125
2021-10-14 09:00:00,9,20,1,2,14,2,1,8,10,2,12,2,23.816666666666663,320.5,3.0,7.31,50.0,0.7142857142857143,319.76261360347326,4.783173734610124,0.5,1.094391244870041,3.0
2021-10-14 10:00:00,10,18,0,5,12,0,1,9,9,1,10,1,24.816666666666663,89.5,4.0,10.56,45.0,0.475,293.4443068017366,4.1238636363636365,0.45,0.8522727272727272,3.1666666666666665
2021-10-14 11:00:00,11,20,0,8,12,0,0,5,10,2,12,2,25.816666666666663,106.0,4.0,10.56,50.0,0.6071428571428571,331.0426136034732,3.3098484848484846,0.5,0.4734848484848484,3.4
2021-10-14 12:00:00,12,23,0,9,14,0,0,6,9,2,11,2,16.0,132.0,4.0,10.56,57.49999999999999,0.6724137931034483,268.7116136034732,3.8768774703557303,0.575,0.5681818181818181,3.391304347826087
2021-10-14 13:00:00,13,28,0,9,17,2,0,11,10,2,12,2,17.0,170.0,4.0,10.56,70.0,0.8125,298.4766136034732,5.660416666666666,0.7,1.0416666666666663,3.25
2021-10-14 14:00:00,14,26,0,8,16,2,0,5,9,2,11,2,5.266666666666667,187.0,4.0,10.56,65.0,0.7241379310344828,214.61061360347324,3.62972027972028,0.65,0.4734848484848484,3.230769230769231
2021-10-14 15:00:00,15,26,0,9,16,1,0,4,8,2,10,2,6.266666666666667,263.0,4.0,10.56,65.0,0.7166666666666667,206.8506136034732,3.402913752913753,0.65,0.3787878787878788,3.3076923076923075
2021-10-14 16:00:00,16,26,0,7,18,1,0,8,11,2,13,2,7.266666666666667,201.0,4.0,10.56,65.0,0.7777777777777778,252.69061360347325,4.547552447552448,0.65,0.7575757575757576,3.230769230769231
2021-10-14 17:00:00,17,29,0,6,22,1,0,8,13,2,15,2,8.266666666666667,240.0,4.0,10.56,72.5,0.92,291.56561360347325,4.703343782654128,0.725,0.7575757575757576,3.1724137931034484
2021-10-14 18:00:00,18,26,0,5,20,1,0,6,11,2,13,2,9.266666666666667,171.0,4.0,10.56,65.0,0.7592592592592593,263.9706136034732,3.841958041958042,0.65,0.5681818181818181,3.1538461538461537
2021-10-14 19:00:00,19,21,0,3,17,1,0,6,8,2,10,2,10.266666666666667,180.0,4.0,10.56,52.5,0.5416666666666666,218.68561360347323,3.383658008658009,0.525,0.5681818181818181,3.095238095238096
2021-10-14 20:00:00,20,12,0,3,8,1,0,5,5,2,7,2,11.266666666666667,156.0,4.0,11.13,30.0,0.2878787878787879,164.82061360347322,2.372581611260857,0.3,0.4492362982929021,3.1666666666666665
2021-10-14 21:00:00,21,18,0,3,13,2,0,11,6,1,7,1,4.733333333333333,170.0,4.0,11.13,45.0,0.4166666666666667,139.97430680173662,4.394866227413397,0.45,0.9883198562443848,3.055555555555556
2021-10-14 22:00:00,22,21,0,4,16,1,0,9,5,1,6,1,5.733333333333333,183.5,3.0,7.88,52.5,0.6470588235294118,138.6493068017366,5.239557650471356,0.525,1.1421319796954317,3.142857142857143
2021-10-14 23:00:00,23,16,0,4,12,0,0,5,5,1,6,1,6.733333333333333,243.5,3.0,7.88,40.0,0.5098039215686274,133.56430680173662,3.362182741116752,0.4,0.6345177664974619,3.25
2021-10-15 00:00:00,0,15,0,3,12,0,0,3,6,1,7,1,7.733333333333333,263.0,3.0,7.88,37.5,0.4848484848484848,150.4593068017366,2.418274111675127,0.375,0.3807106598984772,3.2
2021-10-15 01:00:00,1,17,0,3,12,2,0,8,6,2,8,2,8.733333333333333,265.0,3.0,7.88,42.5,0.5416666666666666,174.6576136034732,4.405404598387578,0.425,1.015228426395939,3.0588235294117645
2021-10-15 02:00:00,2,12,0,3,8,1,0,0,6,2,8,2,9.733333333333333,325.0,3.0,7.88,30.0,0.3958333333333333,169.57261360347323,0.95,0.3,0.0,3.1666666666666665
2021-10-15 03:00:00,3,14,0,3,10,1,0,3,6,2,8,2,10.733333333333333,385.0,3.0,7.88,35.0,0.4583333333333333,179.50261360347324,2.296519216823785,0.35,0.3807106598984772,3.142857142857143
2021-10-15 04:00:00,4,15,0,3,11,1,0,3,7,2,9,2,11.733333333333333,387.0,3.0,7.88,37.5,0.5053763440860215,200.6876136034732,2.3678934010152286,0.375,0.3807106598984772,3.1333333333333333
2021-10-15 05:00:00,5,12,0,3,8,1,0,1,7,2,9,2,12.733333333333333,447.0,3.0,7.88,30.0,0.4086021505376344,199.8926136034732,1.351861252115059,0.3,0.1269035532994923,3.1666666666666665
2021-10-15 06:00:00,6,15,0,4,10,1,0,3,8,2,10,2,13.733333333333333,498.5,3.0,7.88,37.5,0.5333333333333333,225.3676136034732,2.418274111675127,0.375,0.3807106598984772,3.2
2021-10-15 07:00:00,7,18,1,4,11,2,0,5,9,3,12,3,14.733333333333333,485.5,3.0,7.88,45.0,0.6904761904761905,265.11092040520987,3.4945572476029327,0.45,0.6345177664974619,3.2222222222222223
2021-10-15 08:00:00,8,15,0,4,9,2,0,1,9,2,11,2,15.733333333333333,610.0,3.0,7.21,37.5,0.5402298850574713,250.0476136034732,1.609581599630143,0.375,0.1386962552011095,3.1333333333333333
2021-10-15 09:00:00,9,16,0,5,10,1,0,6,7,2,9,2,16.733333333333334,505.0,3.0,7.21,40.0,0.5591397849462365,231.03261360347324,4.004576976421637,0.4,0.8321775312066574,3.25
2021-10-15 10:00:00,10,21,0,6,13,2,0,7,10,2,12,2,17.733333333333334,252.5,4.0,10.91,52.5,0.5982142857142857,287.59761360347323,3.722051634586007,0.525,0.6416131989000916,3.1904761904761907
2021-10-15 11:00:00,11,24,0,5,17,2,0,8,10,3,13,3,18.73333333333333,111.0,4.0,10.91,60.0,0.6944444444444444,313.94092040520985,4.16647571035747,0.6,0.7332722273143905,3.125
2021-10-15 12:00:00,12,24,0,6,16,2,0,5,13,1,14,1,19.73333333333333,157.5,4.0,10.91,60.0,0.7307692307692307,331.24430680173657,3.351267949893064,0.6,0.458295142071494,3.1666666666666665
2021-10-15 13:00:00,13,26,0,6,20,0,0,5,14,1,15,1,20.73333333333333,157.0,4.0,10.91,65.0,0.84,354.5743068017366,3.580645843615597,0.65,0.458295142071494,3.230769230769231
2021-10-15 14:00:00,14,19,0,4,14,1,0,4,12,0,12,0,21.73333333333333,176.0,4.0,10.91,47.5,0.5357142857142857,304.131,2.657798253654301,0.475,0.3666361136571952,3.1578947368421053
2021-10-15 15:00:00,15,18,0,4,14,0,0,4,10,0,10,0,22.73333333333333,270.0,4.0,10.91,45.0,0.4833333333333333,280.826,2.631383032895407,0.45,0.3666361136571952,3.2222222222222223
2021-10-15 16:00:00,16,17,1,3,12,1,0,7,11,0,11,0,6.8,202.0,4.0,10.91,42.5,0.4741379310344827,202.217,3.4508074082061784,0.425,0.6416131989000916,3.235294117647059
2021-10-15 17:00:00,17,21,1,3,14,3,0,8,13,0,13,0,7.8,200.0,4.0,10.91,52.5,0.6018518518518519,243.237,3.8946521321635896,0.525,0.7332722273143905,3.095238095238096
2021-10-15 18:00:00,18,20,0,3,12,5,0,5,9,0,9,0,8.8,176.0,4.0,10.91,50.0,0.4677419354838709,193.132,2.7790559120073324,0.5,0.458295142071494,2.9
2021-10-15 19:00:00,19,21,0,2,16,3,0,6,8,1,9,1,9.8,227.0,4.0,10.91,52.5,0.5,201.78530680173665,3.1736742176247223,0.525,0.5499541704857929,2.952380952380953
2021-10-15 20:00:00,20,19,1,4,13,1,0,9,7,3,10,3,10.8,83.5,4.0,10.0,47.5,0.5166666666666667,218.27192040520984,4.4868421052631575,0.475,0.9,3.263157894736842
2021-10-15 21:00:00,21,19,0,3,12,3,1,11,6,3,9,3,10.433333333333334,112.0,4.0,10.0,47.5,0.4435483870967742,202.80392040520985,4.55921052631579,0.475,1.1,2.8947368421052637
2021-10-15 22:00:00,22,21,0,5,14,1,1,11,5,2,7,2,11.433333333333334,150.0,3.0,6.3,52.5,0.6565656565656566,185.0656136034732,7.029383975812547,0.525,1.746031746031746,3.095238095238096
2021-10-15 23:00:00,23,17,0,3,12,1,1,4,5,1,6,1,12.433333333333334,125.5,3.0,6.3,42.5,0.5,167.85730680173663,3.179761904761905,0.425,0.6349206349206349,3.0
2021-10-16 00:00:00,0,21,0,5,14,1,1,6,7,1,8,1,13.433333333333334,122.0,3.0,6.3,52.5,0.6770833333333334,208.8773068017366,4.572845804988662,0.525,0.9523809523809524,3.095238095238096
2021-10-16 01:00:00,1,19,0,5,12,1,1,3,8,1,9,1,14.433333333333334,133.0,3.0,6.3,47.5,0.6344086021505376,223.6273068017366,2.9536967418546363,0.475,0.4761904761904762,3.1052631578947367
2021-10-16 02:00:00,2,19,0,4,12,2,1,5,8,1,9,1,15.433333333333334,193.0,3.0,6.3,47.5,0.6129032258064516,229.2673068017366,3.8059523809523808,0.475,0.7936507936507937,3.0
2021-10-16 03:00:00,3,15,0,3,10,1,1,0,8,1,9,1,16.433333333333334,253.0,3.0,6.3,37.5,0.4838709677419355,226.32730680173665,1.125,0.375,0.0,3.0
2021-10-16 04:00:00,4,20,0,2,16,1,1,6,10,1,11,1,17.433333333333334,304.0,3.0,6.3,50.0,0.6781609195402298,269.4923068017366,4.28452380952381,0.5,0.9523809523809524,2.95
2021-10-16 05:00:00,5,19,0,2,16,0,1,1,10,1,11,1,18.433333333333334,364.0,3.0,6.3,47.5,0.6551724137931034,272.9873068017366,1.901190476190476,0.475,0.1587301587301587,3.0
2021-10-16 06:00:00,6,18,0,2,15,0,1,2,10,1,11,1,19.433333333333334,424.0,3.0,6.3,45.0,0.6206896551724138,276.4823068017366,2.302380952380952,0.45,0.3174603174603174,3.0
2021-10-16 07:00:00,7,20,0,2,17,0,1,4,10,1,11,1,20.433333333333334,484.0,3.0,6.3,50.0,0.6896551724137931,286.4123068017366,3.4047619047619047,0.5,0.6349206349206349,3.0
2021-10-16 08:00:00,8,18,0,2,15,0,1,2,11,1,12,1,21.433333333333334,526.0,3.0,6.41,45.0,0.6428571428571429,301.16230680173663,2.28603744149766,0.45,0.31201248049922,3.0
2021-10-16 09:00:00,9,19,0,2,16,0,1,5,9,1,10,1,22.433333333333334,565.5,3.0,6.41,47.5,0.6333333333333333,282.1473068017366,3.76509360374415,0.475,0.7800312012480499,3.0
2021-10-16 10:00:00,10,26,1,5,19,0,1,11,11,2,13,2,23.433333333333334,373.0,4.0,10.11,65.0,0.7685185185185185,343.8706136034732,5.548331811610743,0.65,1.0880316518298714,3.1923076923076925
2021-10-16 11:00:00,11,28,1,6,21,0,0,10,11,3,14,3,24.433333333333334,105.0,4.0,10.11,70.0,0.8846153846153846,368.0689204052098,5.549964674297018,0.7,0.9891196834817012,3.2857142857142856
2021-10-16 12:00:00,12,33,1,5,25,2,0,14,12,3,15,3,25.433333333333334,130.0,4.0,10.11,82.5,1.04,397.8339204052098,6.964115936816232,0.825,1.3847675568743818,3.1515151515151514
2021-10-16 13:00:00,13,35,1,4,30,0,0,9,12,2,14,2,26.433333333333334,132.0,4.0,10.11,87.5,1.0673076923076923,393.49561360347326,5.598230182280627,0.875,0.8902077151335313,3.1714285714285717
2021-10-16 14:00:00,14,38,1,6,31,0,0,11,11,2,13,2,27.433333333333334,149.0,4.0,10.11,95.0,1.1296296296296295,392.1706136034732,6.543154250611692,0.95,1.0880316518298714,3.210526315789474
2021-10-16 15:00:00,15,42,2,7,33,0,0,11,11,3,14,3,28.433333333333334,162.5,4.0,10.11,105.0,1.3173076923076923,420.6589204052098,6.974055626206963,1.05,1.0880316518298714,3.261904761904762
2021-10-16 16:00:00,16,40,2,5,33,0,0,7,10,3,13,3,29.433333333333334,199.0,4.0,10.11,100.0,1.1944444444444444,408.6089204052098,5.457937685459941,1.0,0.6923837784371909,3.225
2021-10-16 17:00:00,17,34,2,5,27,0,0,12,8,2,10,2,24.383333333333333,191.0,4.0,10.11,85.0,0.925,326.1886136034732,6.650021818816548,0.85,1.1869436201780417,3.264705882352941
2021-10-16 18:00:00,18,31,2,7,22,0,0,11,7,1,8,1,25.383333333333333,214.0,4.0,10.11,77.5,0.8125,297.72530680173656,6.250170702913117,0.775,1.0880316518298714,3.3548387096774195
2021-10-16 19:00:00,19,30,3,6,21,0,0,5,7,1,8,1,26.383333333333333,238.0,4.0,10.11,75.0,0.796875,301.22030680173657,4.231503461918892,0.75,0.4945598417408506,3.4
2021-10-16 20:00:00,20,28,2,5,20,1,0,7,6,1,7,1,27.383333333333333,138.0,4.0,10.61,70.0,0.696969696969697,289.1703068017366,4.467766258246937,0.7,0.6597549481621112,3.2857142857142856
2021-10-16 21:00:00,21,28,2,3,22,1,0,8,5,0,5,0,28.383333333333333,136.0,4.0,10.61,70.0,0.6428571428571429,267.142,4.673589605493469,0.7,0.7540056550424129,3.2142857142857144
2021-10-16 22:00:00,22,28,1,4,21,2,0,9,3,2,5,2,29.383333333333333,196.0,3.0,6.91,70.0,0.8380952380952381,274.5186136034732,6.293446351044036,0.7,1.3024602026049203,3.142857142857143
2021-10-16 23:00:00,23,19,1,4,12,2,0,4,2,2,4,2,30.383333333333333,187.5,3.0,6.91,47.5,0.5648148148148148,247.45361360347323,3.3834812247695942,0.475,0.5788712011577424,3.210526315789474
2021-10-17 00:00:00,0,19,1,2,15,1,0,7,2,1,3,1,31.383333333333333,316.0,3.0,6.91,47.5,0.5405405405405406,238.8253068017366,4.699025059029629,0.475,1.0130246020260492,3.1578947368421053
2021-10-17 01:00:00,1,12,1,1,9,1,0,2,2,1,3,1,32.38333333333333,376.0,3.0,6.91,30.0,0.3423423423423423,229.45030680173664,1.8665460684997588,0.3,0.2894356005788712,3.1666666666666665
2021-10-17 02:00:00,2,12,1,1,10,0,0,4,3,1,4,1,33.38333333333333,356.5,3.0,6.91,30.0,0.3611111111111111,248.4903068017366,2.856331403762663,0.3,0.5788712011577424,3.25
2021-10-17 03:00:00,3,14,1,2,11,0,0,5,4,0,4,0,34.38333333333333,292.5,3.0,6.91,35.0,0.4259259259259259,257.552,3.527506719040728,0.35,0.723589001447178,3.2857142857142856
2021-10-17 04:00:00,4,14,1,3,10,0,0,1,4,0,4,0,35.38333333333333,352.5,3.0,6.91,35.0,0.4351851851851852,263.192,1.660838329543105,0.35,0.1447178002894356,3.357142857142857
2021-10-17 05:00:00,5,14,1,3,9,1,0,3,4,0,4,0,36.38333333333333,412.5,3.0,6.91,35.0,0.4259259259259259,268.832,2.5765040314244363,0.35,0.4341534008683068,3.2857142857142856
2021-10-17 06:00:00,6,14,0,4,10,0,0,3,6,0,6,0,37.38333333333333,237.0,3.0,6.91,35.0,0.4509803921568627,301.272,2.5765040314244363,0.35,0.4341534008683068,3.2857142857142856
2021-10-17 07:00:00,7,9,0,2,7,0,0,0,6,0,6,0,38.38333333333333,297.0,3.0,6.91,22.5,0.284313725490196,296.187,0.7250000000000001,0.225,0.0,3.2222222222222223
2021-10-17 08:00:00,8,12,0,2,9,1,0,4,7,0,7,0,39.38333333333333,325.0,3.0,6.63,30.0,0.3737373737373737,321.662,2.7852312719959778,0.3,0.6033182503770739,3.083333333333333
2021-10-17 09:00:00,9,12,0,2,10,0,0,5,6,1,7,1,40.38333333333333,206.0,3.0,6.63,30.0,0.3838383838383838,328.1703068017366,3.3381347410759177,0.3,0.7541478129713424,3.1666666666666665
2021-10-17 10:00:00,10,14,0,1,11,2,0,8,3,2,5,2,41.38333333333333,107.0,4.0,9.88,35.0,0.2928571428571428,312.1686136034732,3.396312897628688,0.35,0.8097165991902835,2.9285714285714284
2021-10-17 11:00:00,11,21,0,1,17,3,0,11,7,2,9,2,42.38333333333333,61.0,4.0,9.88,52.5,0.4919354838709677,386.4236136034732,4.759046655099287,0.525,1.11336032388664,2.9047619047619047
2021-10-17 12:00:00,12,16,0,1,13,2,0,4,4,1,5,1,43.38333333333333,104.0,4.0,9.88,40.0,0.3357142857142857,326.8703068017366,2.364271255060729,0.4,0.4048582995951417,2.9375
2021-10-17 13:00:00,13,18,0,2,15,1,0,7,6,0,6,0,44.38333333333333,143.5,4.0,9.88,45.0,0.4044117647058823,349.332,3.539867296446244,0.45,0.708502024291498,3.055555555555556
2021-10-17 14:00:00,14,24,0,3,17,3,1,14,8,1,9,1,45.38333333333333,86.0,4.0,9.88,60.0,0.5645161290322581,408.9103068017366,5.882928475033737,0.6,1.417004048582996,2.9166666666666665
2021-10-17 15:00:00,15,26,0,4,18,3,1,7,9,2,11,2,46.38333333333333,135.0,4.0,9.88,65.0,0.6637931034482759,446.5086136034733,4.023255995017129,0.65,0.708502024291498,2.9615384615384617
2021-10-17 16:00:00,16,27,0,3,22,2,0,14,6,2,8,2,47.38333333333333,133.5,4.0,9.88,67.5,0.640625,414.0936136034732,6.353493777177988,0.675,1.417004048582996,3.037037037037037
2021-10-17 17:00:00,17,26,0,4,21,1,0,9,7,2,9,2,48.38333333333333,183.0,4.0,9.88,65.0,0.6532258064516129,430.98861360347325,4.86290096543133,0.65,0.9109311740890688,3.1153846153846154
2021-10-17 18:00:00,18,23,0,5,18,0,0,9,4,1,5,1,49.38333333333333,182.0,4.0,9.88,57.49999999999999,0.5285714285714286,375.72530680173656,4.780822038373526,0.575,0.9109311740890688,3.217391304347826
2021-10-17 19:00:00,19,18,0,5,13,0,0,3,4,1,5,1,50.38333333333333,242.0,4.0,9.88,45.0,0.4214285714285714,370.6403068017366,2.47027665317139,0.45,0.3036437246963563,3.2777777777777777
2021-10-17 20:00:00,20,16,0,4,11,1,0,7,4,1,5,1,51.38333333333333,275.0,4.0,10.16,40.0,0.3642857142857142,371.99030680173655,3.4711122047244096,0.4,0.6889763779527559,3.1875
2021-10-17 21:00:00,21,20,0,3,16,0,1,10,4,1,5,1,52.38333333333333,335.0,4.0,10.16,50.0,0.4357142857142857,386.21030680173664,4.526968503937008,0.5,0.984251968503937,3.05
2021-10-17 22:00:00,22,20,0,5,14,0,1,6,5,1,6,1,53.38333333333333,308.5,3.0,6.91,50.0,0.6176470588235294,405.2503068017366,4.3101664254703325,0.5,0.8683068017366136,3.15
2021-10-17 23:00:00,23,21,0,6,14,0,1,7,5,1,6,1,54.38333333333333,251.0,3.0,6.91,52.5,0.6568627450980392,413.0353068017366,4.907030873130728,0.525,1.0130246020260492,3.1904761904761907
2021-10-18 00:00:00,0,24,0,6,17,0,1,11,9,1,10,1,55.38333333333333,123.5,3.0,6.91,60.0,0.8444444444444444,478.7103068017366,6.941003376748673,0.6,1.5918958031837915,3.1666666666666665
2021-10-18 01:00:00,1,22,0,6,13,2,1,3,9,1,10,1,56.38333333333333,183.5,3.0,6.91,55.00000000000001,0.7555555555555555,480.0603068017366,3.0419286935929484,0.55,0.4341534008683068,3.090909090909091
2021-10-18 02:00:00,2,22,0,6,12,2,2,5,9,1,10,1,57.38333333333333,203.5,3.0,6.91,55.00000000000001,0.7333333333333333,485.7003068017366,3.8207670043415343,0.55,0.723589001447178,3.0
2021-10-18 03:00:00,3,17,0,3,12,1,1,1,9,1,10,1,58.38333333333333,263.5,3.0,6.91,42.5,0.5666666666666667,480.6153068017366,1.709153400868307,0.425,0.1447178002894356,3.0
2021-10-18 04:00:00,4,16,0,3,12,0,1,1,9,1,10,1,59.38333333333333,323.5,3.0,6.91,40.0,0.5444444444444444,484.11030680173656,1.6681982633863963,0.4,0.1447178002894356,3.0625
2021-10-18 05:00:00,5,16,0,4,11,0,1,2,10,1,11,1,60.38333333333333,359.0,3.0,6.91,40.0,0.5747126436781609,503.15030680173663,2.1544862518089727,0.4,0.2894356005788712,3.125
2021-10-18 06:00:00,6,19,0,6,12,0,1,3,11,1,12,1,61.38333333333333,411.0,3.0,6.91,47.5,0.7261904761904762,528.6253068017367,2.918860918577196,0.475,0.4341534008683068,3.210526315789474
2021-10-18 07:00:00,7,24,0,6,17,0,1,5,12,1,13,1,62.38333333333333,463.0,3.0,6.91,60.0,0.9382716049382716,558.3903068017366,4.191365171249397,0.6,0.723589001447178,3.1666666666666665
2021-10-18 08:00:00,8,22,0,6,15,0,1,2,13,1,14,1,63.38333333333333,518.0,3.0,6.43,55.00000000000001,0.8974358974358975,573.1403068017366,2.739679061218719,0.55,0.3110419906687403,3.1818181818181817
2021-10-18 09:00:00,9,24,0,5,19,0,0,10,11,1,12,1,64.38333333333334,492.0,3.0,6.43,60.0,0.9166666666666666,556.2703068017366,6.914631933644376,0.6,1.5552099533437014,3.208333333333333
2021-10-18 10:00:00,10,28,0,5,22,1,0,10,11,2,13,2,65.38333333333334,104.0,4.0,11.15,70.0,0.8148148148148148,584.7586136034732,5.018705957719411,0.7,0.8968609865470853,3.142857142857143
2021-10-18 11:00:00,11,37,0,5,31,1,0,14,17,2,19,2,66.38333333333334,94.0,4.0,11.15,92.5,1.369047619047619,690.1036136034733,6.777557265785965,0.925,1.2556053811659194,3.108108108108108
2021-10-18 12:00:00,12,41,0,5,35,1,0,9,18,2,20,2,67.38333333333334,132.5,4.0,11.15,102.5,1.5875,717.7236136034733,5.675273433227607,1.025,0.8071748878923768,3.097560975609756
2021-10-18 13:00:00,13,47,0,4,42,1,0,12,19,1,20,1,68.38333333333334,162.0,4.0,11.15,117.5,1.8,735.3653068017366,6.897395286709284,1.175,1.0762331838565025,3.0638297872340425
2021-10-18 14:00:00,14,43,0,5,37,1,0,5,15,1,16,1,69.38333333333334,204.0,4.0,11.15,107.5,1.3854166666666667,678.8253068017366,4.712005944311191,1.075,0.4484304932735427,3.0930232558139537
2021-10-18 15:00:00,15,49,2,5,40,2,0,14,14,2,16,2,70.38333333333334,238.5,4.0,11.15,122.5,1.6041666666666667,698.2036136034733,7.796188340807175,1.225,1.2556053811659194,3.142857142857143
2021-10-18 16:00:00,16,41,2,5,32,2,0,3,14,2,16,2,71.38333333333334,298.5,4.0,11.15,102.5,1.3541666666666667,686.6836136034733,4.103111670130154,1.025,0.2690582959641256,3.1707317073170733
2021-10-18 17:00:00,17,42,2,5,34,1,0,8,15,2,17,2,72.38333333333334,350.0,4.0,11.15,105.0,1.4565217391304348,707.8686136034732,5.63913089899637,1.05,0.7174887892376682,3.1904761904761907
2021-10-18 18:00:00,18,37,1,3,31,2,0,9,14,1,15,1,73.38333333333334,413.0,4.0,11.15,92.5,1.14,675.1153068017366,5.336971276208945,0.925,0.8071748878923768,3.081081081081081
2021-10-18 19:00:00,19,31,0,4,26,1,0,9,13,1,14,1,74.38333333333334,441.0,4.0,11.15,77.5,0.9230769230769232,654.4853068017367,4.899638362505424,0.775,0.8071748878923768,3.096774193548387
2021-10-18 20:00:00,20,27,0,4,22,1,0,7,11,1,12,1,75.38333333333334,438.5,4.0,11.52,67.5,0.75,624.7453068017367,3.990432098765433,0.675,0.607638888888889,3.111111111111111
2021-10-18 21:00:00,21,30,0,3,25,2,0,10,10,2,12,2,76.38333333333334,324.5,4.0,11.52,75.0,0.8125,637.6886136034732,4.908101851851852,0.75,0.8680555555555556,3.033333333333333
2021-10-18 22:00:00,22,23,0,3,19,1,0,5,8,1,9,1,77.38333333333334,149.0,3.0,6.8,57.49999999999999,0.7634408602150538,587.2453068017367,4.044820971867008,0.575,0.7352941176470589,3.0869565217391304
2021-10-18 23:00:00,23,19,0,3,15,1,0,4,7,1,8,1,78.38333333333334,204.5,3.0,6.8,47.5,0.6145833333333334,570.9053068017366,3.301625386996904,0.475,0.5882352941176471,3.1052631578947367
2021-10-19 00:00:00,0,16,0,2,13,1,0,2,7,1,8,1,79.38333333333334,264.5,3.0,6.8,40.0,0.5104166666666666,570.1103068017367,2.125735294117647,0.4,0.2941176470588235,3.0625
2021-10-19 01:00:00,1,17,0,1,14,2,0,3,7,0,7,0,80.38333333333334,329.0,3.0,6.8,42.5,0.5050505050505051,563.627,2.5475778546712804,0.425,0.4411764705882353,2.9411764705882355
2021-10-19 02:00:00,2,15,0,1,13,1,0,2,7,0,7,0,81.38333333333334,389.0,3.0,6.8,37.5,0.4545454545454545,564.977,2.007352941176471,0.375,0.2941176470588235,3.0
2021-10-19 03:00:00,3,21,0,2,17,2,0,6,7,0,7,0,82.38333333333334,449.0,3.0,6.8,52.5,0.6363636363636364,583.487,4.222058823529411,0.525,0.8823529411764706,3.0
2021-10-19 04:00:00,4,21,1,2,16,2,0,2,7,1,8,1,83.38333333333334,504.5,3.0,6.8,52.5,0.6770833333333334,603.3953068017366,2.535364145658263,0.525,0.2941176470588235,3.095238095238096
2021-10-19 05:00:00,5,20,1,2,15,2,0,1,7,1,8,1,84.38333333333334,564.5,3.0,6.8,50.0,0.6458333333333334,606.8903068017366,2.0058823529411764,0.5,0.1470588235294117,3.1
2021-10-19 06:00:00,6,18,1,2,14,1,0,0,7,1,8,1,85.38333333333334,624.5,3.0,6.8,45.0,0.59375,608.2403068017367,1.425,0.45,0.0,3.1666666666666665
2021-10-19 07:00:00,7,22,1,2,18,1,0,5,8,1,9,1,86.38333333333334,680.0,3.0,6.8,55.00000000000001,0.7419354838709677,635.8603068017367,4.031149732620321,0.55,0.7352941176470589,3.136363636363636
2021-10-19 08:00:00,8,22,1,2,18,1,0,3,8,1,9,1,87.38333333333334,740.0,3.0,6.35,55.00000000000001,0.7419354838709677,641.5003068017365,3.206746599856836,0.55,0.4724409448818898,3.136363636363636
2021-10-19 09:00:00,9,22,1,3,16,2,0,5,8,1,9,1,88.38333333333334,741.0,3.0,6.35,55.00000000000001,0.7419354838709677,647.1403068017366,4.194577666428061,0.55,0.7874015748031497,3.136363636363636
2021-10-19 10:00:00,10,21,0,3,17,1,0,7,8,0,8,0,89.38333333333334,835.0,4.0,9.67,52.5,0.5078125,636.367,3.86560668734919,0.525,0.7238883143743536,3.095238095238096
2021-10-19 11:00:00,11,23,2,2,19,0,0,8,11,0,11,0,90.38333333333334,258.0,4.0,9.67,57.49999999999999,0.646551724137931,686.4970000000001,4.572720426239827,0.575,0.827300930713547,3.260869565217391
2021-10-19 12:00:00,12,30,2,3,23,2,0,10,11,0,11,0,91.38333333333334,206.0,4.0,9.67,75.0,0.8189655172413793,707.152,5.649732850741124,0.75,1.034126163391934,3.1666666666666665
2021-10-19 13:00:00,13,33,2,2,26,3,0,7,11,0,11,0,92.38333333333334,145.0,4.0,9.67,82.5,0.8793103448275862,719.2270000000001,4.787472971702547,0.825,0.7238883143743536,3.090909090909091
2021-10-19 14:00:00,14,30,2,5,21,2,0,4,12,1,13,1,93.38333333333334,182.0,4.0,9.67,75.0,0.8981481481481481,746.1003068017367,3.7624698379869015,0.75,0.4136504653567735,3.2333333333333334
2021-10-19 15:00:00,15,30,1,5,21,3,0,9,13,1,14,1,94.38333333333334,88.5,4.0,9.67,75.0,0.903846153846154,765.1403068017366,5.266235780765253,0.75,0.9307135470527405,3.1333333333333333
2021-10-19 16:00:00,16,32,2,4,24,2,0,6,13,1,14,1,95.38333333333334,121.0,4.0,9.67,80.0,0.9807692307692308,775.0703068017366,4.527766287487074,0.8,0.6204756980351603,3.1875
2021-10-19 17:00:00,17,30,2,5,21,2,0,8,11,2,13,2,96.38333333333334,166.0,4.0,9.67,75.0,0.8981481481481481,763.8886136034732,5.099939675973802,0.75,0.827300930713547,3.2333333333333334
2021-10-19 18:00:00,18,25,2,4,18,1,0,3,11,2,13,2,97.38333333333334,226.0,4.0,9.67,62.5,0.7592592592592593,758.8036136034732,3.0675801447776627,0.625,0.3102378490175801,3.28
2021-10-19 19:00:00,19,26,1,6,18,1,0,10,9,4,13,4,98.38333333333334,141.0,4.0,9.67,65.0,0.7870370370370371,768.3252272069465,5.505797072627476,0.65,1.034126163391934,3.269230769230769
2021-10-19 20:00:00,20,25,1,4,19,1,0,5,7,3,10,3,99.38333333333334,99.0,4.0,10.5,62.5,0.6666666666666666,730.7519204052098,3.523809523809524,0.625,0.4761904761904761,3.2
2021-10-19 21:00:00,21,26,0,5,19,1,1,9,7,1,8,1,100.38333333333334,159.0,4.0,10.5,65.0,0.625,710.0003068017367,4.637362637362638,0.65,0.8571428571428571,3.076923076923077
2021-10-19 22:00:00,22,21,0,3,17,0,1,5,6,0,6,0,101.38333333333334,206.5,3.0,7.18,52.5,0.6274509803921569,677.2470000000001,3.7222973869213423,0.525,0.6963788300835655,3.0476190476190474
2021-10-19 23:00:00,23,24,1,3,19,0,1,7,7,0,7,0,102.38333333333334,186.0,3.0,7.18,60.0,0.7575757575757576,702.722,4.921657381615599,0.6,0.9749303621169916,3.125
2021-10-20 00:00:00,0,24,1,2,19,0,2,6,6,0,6,0,103.38333333333334,283.0,3.0,7.18,60.0,0.7058823529411765,694.962,4.306963788300836,0.6,0.8356545961002786,3.0
2021-10-20 01:00:00,1,23,0,2,19,0,2,5,7,0,7,0,104.38333333333334,306.0,3.0,7.18,57.49999999999999,0.6767676767676768,711.857,3.703581809373864,0.575,0.6963788300835655,2.9130434782608696
2021-10-20 02:00:00,2,19,0,2,15,0,2,3,7,0,7,0,105.38333333333334,366.0,3.0,7.18,47.5,0.5555555555555556,708.9169999999999,2.584500073303035,0.475,0.4178272980501393,2.8947368421052637
2021-10-20 03:00:00,3,16,1,2,11,0,2,1,7,0,7,0,106.38333333333334,426.0,3.0,7.18,40.0,0.4848484848484848,708.122,1.6178272980501394,0.4,0.1392757660167131,3.0
2021-10-20 04:00:00,4,16,1,1,12,0,2,2,7,0,7,0,107.38333333333334,486.0,3.0,7.18,40.0,0.4747474747474747,713.7620000000001,1.993245125348189,0.4,0.2785515320334262,2.9375
2021-10-20 05:00:00,5,21,1,1,17,0,2,5,8,0,8,0,108.38333333333334,474.0,3.0,7.18,52.5,0.6458333333333334,743.527,3.605975593580051,0.525,0.6963788300835655,2.952380952380953
2021-10-20 06:00:00,6,23,1,2,18,0,2,3,9,1,10,1,109.38333333333334,444.5,3.0,7.18,57.49999999999999,0.7666666666666667,781.1253068017367,2.9784818941504176,0.575,0.4178272980501393,3.0
2021-10-20 07:00:00,7,24,1,2,19,1,1,4,10,1,11,1,110.38333333333334,487.0,3.0,7.18,60.0,0.8390804597701149,802.3103068017366,3.5195218198700093,0.6,0.5571030640668524,3.0416666666666665
2021-10-20 08:00:00,8,21,1,2,17,0,1,2,10,1,11,1,111.38333333333334,547.0,3.0,6.29,52.5,0.7471264367816092,801.5153068017366,2.6091774547656903,0.525,0.3179650238473768,3.095238095238096
2021-10-20 09:00:00,9,23,0,4,18,0,1,6,9,0,9,0,112.38333333333334,607.0,3.0,6.29,57.49999999999999,0.7634408602150538,783.777,4.719632612151794,0.575,0.9538950715421304,3.0869565217391304
2021-10-20 10:00:00,10,28,0,5,22,0,1,10,10,0,10,0,113.38333333333334,236.5,4.0,9.61,70.0,0.725,813.5419999999999,5.408239185372381,0.7,1.040582726326743,3.107142857142857
2021-10-20 11:00:00,11,30,0,8,22,0,0,4,13,0,13,0,114.38333333333334,175.0,4.0,9.61,75.0,0.9074074074074074,863.672,3.8096947624002775,0.75,0.4162330905306972,3.2666666666666666
2021-10-20 12:00:00,12,30,1,10,19,0,0,8,13,1,14,1,115.38333333333334,199.5,4.0,9.61,75.0,0.9807692307692308,883.5803068017367,5.380385015608741,0.75,0.8324661810613945,3.4
2021-10-20 13:00:00,13,34,2,10,21,1,0,11,11,1,12,1,116.38333333333334,149.0,4.0,9.61,85.0,1.0267857142857142,871.0003068017367,6.746579849421559,0.85,1.1446409989594173,3.3823529411764706
2021-10-20 14:00:00,14,37,3,8,26,0,0,9,12,1,13,1,117.38333333333334,166.0,4.0,9.61,92.5,1.1574074074074074,896.4753068017367,6.288933965182665,0.925,0.9365244536940688,3.3783783783783785
2021-10-20 15:00:00,15,29,1,7,21,0,0,2,9,1,10,1,118.38333333333334,212.0,4.0,9.61,72.5,0.8,844.7553068017367,3.0889375291542573,0.725,0.2081165452653486,3.310344827586207
2021-10-20 16:00:00,16,30,0,8,22,0,0,11,7,2,9,2,119.38333333333334,159.0,4.0,9.61,75.0,0.7903225806451613,840.0086136034732,6.189160596600763,0.75,1.1446409989594173,3.2666666666666666
2021-10-20 17:00:00,17,32,0,8,24,0,0,8,9,3,12,3,120.38333333333334,145.0,4.0,9.61,80.0,0.9285714285714286,891.0069204052098,5.305515088449532,0.8,0.8324661810613945,3.25
2021-10-20 18:00:00,18,31,0,7,24,0,0,5,11,1,12,1,121.38333333333334,132.5,4.0,9.61,77.5,0.8928571428571429,892.7653068017366,4.178359236010876,0.775,0.5202913631633715,3.225806451612903
2021-10-20 19:00:00,19,29,1,5,23,0,0,8,10,1,11,1,122.38333333333334,146.0,4.0,9.61,72.5,0.8103448275862069,880.7153068017366,5.048338655854176,0.725,0.8324661810613945,3.2413793103448274
2021-10-20 20:00:00,20,28,1,5,22,0,0,7,8,1,9,1,123.38333333333334,169.0,4.0,10.53,70.0,0.7338709677419355,857.4103068017366,4.435493827160494,0.7,0.6647673314339981,3.25
2021-10-20 21:00:00,21,26,2,5,19,0,0,6,8,2,10,2,124.38333333333334,175.0,4.0,10.53,65.0,0.725,873.0286136034733,4.08164036817883,0.65,0.5698005698005698,3.3461538461538463
2021-10-20 22:00:00,22,25,1,6,18,0,0,8,7,1,8,1,125.38333333333334,208.5,3.0,7.21,62.5,0.8645833333333334,848.8553068017367,5.75877253814147,0.625,1.1095700416088763,3.32
2021-10-20 23:00:00,23,24,1,5,18,0,0,4,7,1,8,1,126.38333333333334,268.5,3.0,7.21,60.0,0.8229166666666666,852.3503068017367,3.801167360147942,0.6,0.5547850208044383,3.2916666666666665
2021-10-21 00:00:00,0,19,0,5,14,0,0,1,7,0,7,0,127.38333333333334,409.0,3.0,7.21,47.5,0.6262626262626263,832.9970000000001,2.0025877801299363,0.475,0.1386962552011095,3.263157894736842
2021-10-21 01:00:00,1,22,0,5,17,0,0,5,7,0,7,0,128.38333333333333,469.0,3.0,7.21,55.00000000000001,0.7171717171717171,845.0719999999999,4.013053208926995,0.55,0.6934812760055479,3.227272727272727
2021-10-21 02:00:00,2,16,0,5,11,0,0,2,8,0,8,0,129.38333333333333,448.5,3.0,7.21,40.0,0.5520833333333334,851.2419999999998,2.243862690707351,0.4,0.2773925104022191,3.3125
2021-10-21 03:00:00,3,17,0,5,12,0,0,2,9,0,9,0,130.38333333333333,428.0,3.0,7.21,42.5,0.6021505376344086,872.4269999999999,2.313763563677898,0.425,0.2773925104022191,3.294117647058824
2021-10-21 04:00:00,4,17,0,5,12,0,0,1,9,0,9,0,131.38333333333333,488.0,3.0,7.21,42.5,0.6021505376344086,878.067,1.856881781838949,0.425,0.1386962552011095,3.294117647058824
2021-10-21 05:00:00,5,20,1,5,14,0,0,3,11,0,11,0,132.38333333333333,512.0,3.0,7.21,50.0,0.7701149425287356,916.942,3.0688973647711517,0.5,0.4160887656033287,3.35
2021-10-21 06:00:00,6,22,1,6,15,0,0,3,11,0,11,0,133.38333333333333,572.0,3.0,7.21,55.00000000000001,0.8505747126436781,926.872,3.249571302483924,0.55,0.4160887656033287,3.363636363636364
2021-10-21 07:00:00,7,21,1,5,15,0,0,3,11,0,11,0,134.38333333333333,632.0,3.0,7.21,52.5,0.8045977011494253,930.367,3.1369625520110955,0.525,0.4160887656033287,3.333333333333333
2021-10-21 08:00:00,8,24,1,5,18,0,0,4,12,0,12,0,135.38333333333333,666.0,3.0,7.51,60.0,0.9404761904761904,955.842,3.7282179316466935,0.6,0.5326231691078562,3.2916666666666665
2021-10-21 09:00:00,9,22,2,5,14,0,1,3,13,0,13,0,136.38333333333333,700.0,3.0,7.51,55.00000000000001,0.9012345679012346,970.592,3.150505386757052,0.55,0.3994673768308922,3.3181818181818183
2021-10-21 10:00:00,10,27,2,4,20,0,1,10,17,0,17,0,137.38333333333333,311.0,4.0,10.76,67.5,0.9456521739130436,1040.5569999999998,5.169630318050392,0.675,0.929368029739777,3.2222222222222223
2021-10-21 11:00:00,11,28,2,5,20,0,1,4,19,0,19,0,38.266666666666666,222.0,4.0,10.76,70.0,1.0833333333333333,510.4839999999999,3.48317843866171,0.7,0.3717472118959108,3.25
2021-10-21 12:00:00,12,27,2,6,18,0,1,2,18,0,18,0,39.266666666666666,356.5,4.0,10.76,67.5,1.0113636363636365,500.579,2.8376944788654828,0.675,0.1858736059479554,3.2962962962962963
2021-10-21 13:00:00,13,26,2,4,19,0,1,4,16,0,16,0,40.266666666666666,309.5,4.0,10.76,65.0,0.875,477.274,3.301029453817558,0.65,0.3717472118959108,3.230769230769231
2021-10-21 14:00:00,14,19,2,1,15,0,1,4,9,0,9,0,41.266666666666666,285.0,4.0,10.76,47.5,0.4838709677419355,374.099,2.673938563881824,0.475,0.3717472118959108,3.1578947368421053
2021-10-21 15:00:00,15,23,3,1,18,0,1,7,10,0,10,0,42.266666666666666,303.0,4.0,10.76,57.49999999999999,0.6166666666666667,401.719,3.943098432196541,0.575,0.6505576208178439,3.217391304347826
2021-10-21 16:00:00,16,24,2,1,19,1,1,11,11,0,11,0,43.266666666666666,69.0,4.0,10.76,60.0,0.6379310344827587,422.904,5.002106567534077,0.6,1.0223048327137547,3.083333333333333
2021-10-21 17:00:00,17,22,1,0,19,1,1,4,9,0,9,0,44.266666666666666,107.0,4.0,10.76,55.00000000000001,0.5241935483870968,397.454,2.7233440351470097,0.55,0.3717472118959108,2.9545454545454546
2021-10-21 18:00:00,18,19,1,0,16,1,1,5,10,0,10,0,45.266666666666666,166.0,4.0,10.76,47.5,0.4666666666666667,410.059,2.7695949911954605,0.475,0.4646840148698885,2.9473684210526314
2021-10-21 19:00:00,19,19,1,1,14,1,2,6,6,0,6,0,46.266666666666666,226.0,4.0,10.76,47.5,0.4044117647058823,362.09899999999993,2.989165525337507,0.475,0.5576208178438662,2.8947368421052637
2021-10-21 20:00:00,20,25,0,3,19,1,2,11,5,0,5,0,47.266666666666666,159.0,4.0,10.56,62.5,0.5214285714285715,367.209,4.866666666666666,0.625,1.0416666666666663,2.92
2021-10-21 21:00:00,21,24,0,7,14,1,2,6,4,2,6,2,48.266666666666666,62.5,4.0,10.56,60.0,0.5441176470588235,385.8406136034732,3.601893939393939,0.6,0.5681818181818181,3.083333333333333
2021-10-21 22:00:00,22,23,1,7,13,0,2,6,4,2,6,2,49.266666666666666,91.0,3.0,7.31,57.49999999999999,0.7254901960784313,389.3356136034732,4.490813656099446,0.575,0.8207934336525308,3.217391304347826
2021-10-21 23:00:00,23,24,1,5,16,0,2,6,5,1,6,1,50.266666666666666,113.0,3.0,7.31,60.0,0.7352941176470589,396.2523068017366,4.439979480164158,0.6,0.8207934336525308,3.125
2021-10-22 00:00:00,0,26,0,5,19,0,2,10,5,0,5,0,51.266666666666666,186.0,3.0,7.31,65.0,0.7523809523809524,391.914,6.131582131958328,0.65,1.3679890560875512,3.0384615384615383
2021-10-22 01:00:00,1,24,0,5,17,0,2,3,5,0,5,0,52.266666666666666,246.0,3.0,7.31,60.0,0.6952380952380952,393.264,3.07329001367989,0.6,0.4103967168262654,3.0416666666666665
2021-10-22 02:00:00,2,19,0,5,12,0,2,1,5,0,5,0,53.266666666666666,306.0,3.0,7.31,47.5,0.5523809523809524,388.179,1.8675966592267264,0.475,0.1367989056087551,3.0526315789473686
2021-10-22 03:00:00,3,20,0,5,13,0,2,3,5,0,5,0,54.266666666666666,366.0,3.0,7.31,50.0,0.580952380952381,395.964,2.776709986320109,0.5,0.4103967168262654,3.05
2021-10-22 04:00:00,4,20,0,4,14,0,2,2,5,0,5,0,55.266666666666666,426.0,3.0,7.31,50.0,0.5714285714285714,401.6039999999999,2.320793433652531,0.5,0.2735978112175102,3.0
2021-10-22 05:00:00,5,22,1,4,15,0,2,3,5,1,6,1,56.266666666666666,471.5,3.0,7.31,55.00000000000001,0.6666666666666666,425.8023068017366,2.968498942917548,0.55,0.4103967168262654,3.090909090909091
2021-10-22 06:00:00,6,21,1,4,14,0,2,3,5,1,6,1,57.266666666666666,531.5,3.0,7.31,52.5,0.6372549019607843,429.29730680173657,2.895275552081298,0.525,0.4103967168262654,3.095238095238096
2021-10-22 07:00:00,7,19,0,4,13,0,2,1,5,0,5,0,58.266666666666666,606.0,3.0,7.31,47.5,0.5428571428571428,416.379,1.8353967168262653,0.475,0.1367989056087551,3.0
2021-10-22 08:00:00,8,19,0,4,13,0,2,2,5,0,5,0,59.266666666666666,666.0,3.0,6.13,47.5,0.5428571428571428,422.019,2.4037928221859706,0.475,0.3262642740619902,3.0
2021-10-22 09:00:00,9,21,0,4,15,0,2,7,6,0,6,0,60.266666666666666,711.5,3.0,6.13,52.5,0.6176470588235294,445.349,5.000774877650898,0.525,1.1419249592169658,3.0
2021-10-22 10:00:00,10,22,0,2,18,1,1,7,2,0,2,0,61.266666666666666,97.5,4.0,9.45,55.00000000000001,0.4276315789473684,399.534,3.8135521885521886,0.55,0.7407407407407408,2.9545454545454546
2021-10-22 11:00:00,11,25,1,2,21,1,0,8,4,0,4,0,62.266666666666666,42.0,4.0,9.45,62.5,0.5416666666666666,438.409,4.591269841269841,0.625,0.8465608465608466,3.12
2021-10-22 12:00:00,12,22,1,1,19,1,0,4,3,0,3,0,63.266666666666666,92.0,4.0,9.45,55.00000000000001,0.4594594594594595,424.214,3.0083213083213085,0.55,0.4232804232804233,3.090909090909091
2021-10-22 13:00:00,13,19,1,2,15,1,0,4,4,1,5,1,64.26666666666667,47.0,4.0,9.45,47.5,0.4285714285714285,451.08730680173664,2.836675020885548,0.475,0.4232804232804233,3.1578947368421053
2021-10-22 14:00:00,14,20,1,4,15,0,0,7,5,1,6,1,65.26666666666667,90.0,4.0,9.45,50.0,0.4852941176470588,472.2723068017366,4.094444444444445,0.5,0.7407407407407408,3.3
2021-10-22 15:00:00,15,20,1,4,15,0,0,5,6,2,8,2,66.26666666666667,115.5,4.0,9.45,50.0,0.515625,505.5806136034733,3.3960317460317464,0.5,0.5291005291005292,3.3
2021-10-22 16:00:00,16,25,2,7,16,0,0,9,7,3,10,3,67.26666666666667,107.0,4.0,9.45,62.5,0.7166666666666667,549.6139204052098,5.4261904761904765,0.625,0.9523809523809524,3.44
2021-10-22 17:00:00,17,23,2,6,15,0,0,4,9,2,11,2,68.26666666666667,154.0,4.0,9.45,57.49999999999999,0.6810344827586207,563.4956136034732,3.428876236484932,0.575,0.4232804232804233,3.4347826086956523
2021-10-22 18:00:00,18,21,2,6,13,0,0,4,9,1,10,1,69.26666666666667,138.5,4.0,9.45,52.5,0.6083333333333333,550.5773068017365,3.2964033761652813,0.525,0.4232804232804233,3.4761904761904763
2021-10-22 19:00:00,19,19,0,6,11,2,0,5,8,0,8,0,70.26666666666667,185.5,4.0,9.45,47.5,0.4765625,524.259,3.2236911723753834,0.475,0.5291005291005292,3.210526315789474
2021-10-22 20:00:00,20,16,0,6,10,0,0,8,8,0,8,0,71.26666666666667,223.5,4.0,10.75,40.0,0.421875,523.4639999999999,3.861627906976744,0.4,0.7441860465116279,3.375
2021-10-22 21:00:00,21,20,0,7,13,0,0,10,10,1,11,1,72.26666666666667,106.0,4.0,10.75,50.0,0.5775862068965517,578.7523068017365,4.791279069767442,0.5,0.9302325581395348,3.35
2021-10-22 22:00:00,22,25,0,6,16,3,0,8,10,1,11,1,73.26666666666667,162.0,3.0,7.43,62.5,0.896551724137931,595.1173068017366,5.30935397039031,0.625,1.0767160161507403,3.12
2021-10-22 23:00:00,23,21,0,5,13,3,0,6,8,0,8,0,74.26666666666667,171.5,3.0,7.43,52.5,0.6770833333333334,551.1089999999999,4.1245193232070765,0.525,0.8075370121130552,3.095238095238096
2021-10-23 00:00:00,0,20,0,5,10,5,0,7,8,0,8,0,75.26666666666667,231.5,3.0,7.43,50.0,0.625,554.6039999999999,4.326379542395693,0.5,0.9421265141318976,3.0
2021-10-23 01:00:00,1,15,0,4,8,3,0,3,8,0,8,0,76.26666666666667,291.5,3.0,7.43,37.5,0.4791666666666667,549.519,2.3882234185733515,0.375,0.4037685060565276,3.066666666666667
2021-10-23 02:00:00,2,14,0,4,9,1,0,1,8,0,8,0,77.26666666666667,351.5,3.0,7.43,35.0,0.46875,553.014,1.557609113631994,0.35,0.1345895020188425,3.2142857142857144
2021-10-23 03:00:00,3,14,0,4,9,1,0,2,8,0,8,0,78.26666666666667,411.5,3.0,7.43,35.0,0.46875,558.654,1.990218227263988,0.35,0.2691790040376851,3.2142857142857144
2021-10-23 04:00:00,4,14,0,4,9,1,0,1,8,0,8,0,79.26666666666667,471.5,3.0,7.43,35.0,0.46875,564.294,1.557609113631994,0.35,0.1345895020188425,3.2142857142857144
2021-10-23 05:00:00,5,16,0,4,11,1,0,5,8,1,9,1,80.26666666666667,527.0,3.0,7.43,40.0,0.5483870967741935,588.4923068017365,3.420020188425303,0.4,0.6729475100942127,3.1875
2021-10-23 06:00:00,6,16,0,5,10,1,0,1,8,2,10,2,81.26666666666667,582.5,3.0,7.43,40.0,0.5777777777777777,608.4006136034732,1.7374158815612384,0.4,0.1345895020188425,3.25
2021-10-23 07:00:00,7,17,1,5,10,1,0,1,8,2,10,2,82.26666666666667,642.5,3.0,7.43,42.5,0.6333333333333333,616.1856136034733,1.8762706832396483,0.425,0.1345895020188425,3.3529411764705883
2021-10-23 08:00:00,8,21,0,7,13,1,0,5,10,2,12,2,83.26666666666667,673.5,3.0,7.21,52.5,0.8214285714285714,657.2056136034732,4.0035813354468,0.525,0.6934812760055479,3.2857142857142856
2021-10-23 09:00:00,9,20,0,4,14,2,0,4,5,2,7,2,84.26666666666667,266.0,3.0,7.21,50.0,0.6262626262626263,593.7006136034731,3.2698335644937586,0.5,0.5547850208044383,3.1
2021-10-23 10:00:00,10,20,1,3,15,1,0,8,4,2,6,2,19.7,165.5,4.0,10.91,50.0,0.4705882352941176,216.1446136034732,3.946471127406049,0.5,0.7332722273143905,3.2
2021-10-23 11:00:00,11,23,1,4,16,2,0,5,7,2,9,2,20.7,66.0,4.0,10.91,57.49999999999999,0.5887096774193549,268.41961360347324,3.2795889291834373,0.575,0.458295142071494,3.1739130434782608
2021-10-23 12:00:00,12,24,1,6,14,3,0,8,5,2,7,2,16.05,126.0,4.0,10.91,60.0,0.5833333333333334,217.5386136034732,4.277581729300336,0.6,0.7332722273143905,3.208333333333333
2021-10-23 13:00:00,13,21,2,4,12,3,0,6,4,2,6,2,17.05,174.5,4.0,10.91,52.5,0.5,203.3436136034732,3.480803980620663,0.525,0.5499541704857929,3.238095238095238
2021-10-23 14:00:00,14,19,2,5,10,2,0,6,4,1,5,1,18.05,229.0,4.0,10.91,47.5,0.4571428571428571,190.4253068017366,3.4524772058468804,0.475,0.5499541704857929,3.3684210526315788
2021-10-23 15:00:00,15,19,2,3,12,2,0,6,4,0,4,0,19.05,229.5,4.0,10.91,47.5,0.4305555555555556,181.797,3.3445872931641656,0.475,0.5499541704857929,3.263157894736842
2021-10-23 16:00:00,16,18,2,3,13,0,0,7,3,0,3,0,20.05,230.0,4.0,10.91,45.0,0.4121621621621621,171.892,3.699355840716977,0.45,0.6416131989000916,3.388888888888889
2021-10-23 17:00:00,17,17,3,1,13,0,0,4,3,0,3,0,21.05,290.0,4.0,10.91,42.5,0.3918918918918919,175.387,2.7008761524774894,0.425,0.3666361136571952,3.411764705882353
2021-10-23 18:00:00,18,12,1,0,11,0,0,4,1,0,1,0,22.05,303.0,4.0,10.91,30.0,0.2435897435897435,143.502,2.1110143599144515,0.3,0.3666361136571952,3.1666666666666665
2021-10-23 19:00:00,19,16,0,1,15,0,0,9,4,0,4,0,23.05,33.5,4.0,10.91,40.0,0.3402777777777778,197.92200000000005,3.751351970669111,0.4,0.8249312557286893,3.0625
2021-10-23 20:00:00,20,22,0,3,19,0,0,12,6,1,7,1,24.05,72.0,4.0,10.93,55.00000000000001,0.5227272727272727,257.5003068017366,5.16840014971305,0.55,1.0978956999085088,3.136363636363636
2021-10-23 21:00:00,21,22,0,4,18,0,0,6,5,1,6,1,25.05,117.0,4.0,10.93,55.00000000000001,0.5147058823529411,249.7403068017366,3.4966522498544457,0.55,0.5489478499542544,3.1818181818181817
2021-10-23 22:00:00,22,20,0,7,13,0,0,6,6,1,7,1,26.05,156.0,3.0,7.23,50.0,0.6767676767676768,264.4903068017366,4.455082987551867,0.5,0.8298755186721991,3.35
2021-10-23 23:00:00,23,18,1,5,12,0,0,5,6,0,6,0,27.05,206.0,3.0,7.23,45.0,0.5980392156862745,251.572,3.8686299369909327,0.45,0.6915629322268326,3.388888888888889
2021-10-24 00:00:00,0,24,1,5,18,0,0,8,6,0,6,0,28.05,266.0,3.0,7.23,60.0,0.7745098039215687,270.082,5.617231443061318,0.6,1.106500691562932,3.2916666666666665
2021-10-24 01:00:00,1,29,1,6,22,0,0,7,8,0,8,0,29.05,264.5,3.0,7.23,72.5,0.9895833333333334,313.247,5.546650689178232,0.725,0.9681881051175656,3.2758620689655173
2021-10-24 02:00:00,2,29,1,8,20,0,0,6,10,0,10,0,30.05,234.5,3.0,7.23,72.5,1.0777777777777775,345.687,5.200790527972528,0.725,0.8298755186721991,3.3448275862068964
2021-10-24 03:00:00,3,28,1,8,19,0,0,2,10,0,10,0,31.05,294.5,3.0,7.23,70.0,1.0444444444444445,349.182,3.278670223276032,0.7,0.276625172890733,3.357142857142857
2021-10-24 04:00:00,4,26,1,9,16,0,0,2,10,0,10,0,32.05,354.5,3.0,7.23,65.0,0.9888888888888888,350.532,3.171909245664432,0.65,0.276625172890733,3.423076923076923
2021-10-24 05:00:00,5,29,1,10,18,0,0,4,11,1,12,1,33.05,333.5,3.0,7.23,72.5,1.1785714285714286,390.27530680173663,4.363682214909143,0.725,0.553250345781466,3.413793103448276
2021-10-24 06:00:00,6,33,1,10,22,0,0,5,10,2,12,2,34.05,393.5,3.0,7.23,82.5,1.3214285714285714,405.3636136034732,5.101166226581165,0.825,0.6915629322268326,3.363636363636364
2021-10-24 07:00:00,7,31,1,9,21,0,0,3,12,1,13,1,35.05,411.0,3.0,7.23,77.5,1.2839506172839503,419.2453068017366,3.99204925712756,0.775,0.4149377593360995,3.3548387096774195
2021-10-24 08:00:00,8,25,1,7,17,0,0,2,13,1,14,1,36.05,457.5,3.0,7.18,62.5,1.0769230769230769,425.4153068017366,3.035933147632312,0.625,0.2785515320334262,3.36
2021-10-24 09:00:00,9,19,0,6,13,0,0,4,10,0,10,0,37.05,117.0,3.0,7.18,47.5,0.7,363.717,3.42223647559009,0.475,0.5571030640668524,3.3157894736842106
2021-10-24 10:00:00,10,21,0,3,17,1,0,9,12,0,12,0,38.05,116.5,4.0,10.43,52.5,0.5803571428571429,400.447,4.295867004519929,0.525,0.862895493767977,3.095238095238096
2021-10-24 11:00:00,11,28,0,3,24,1,0,11,11,0,11,0,39.05,137.0,4.0,10.43,70.0,0.7413793103448276,407.702,5.389282290097247,0.7,1.0546500479386385,3.071428571428572
2021-10-24 12:00:00,12,33,0,6,26,1,0,12,10,2,12,2,40.05,171.0,4.0,10.43,82.5,0.9285714285714286,439.2036136034732,6.225904297045236,0.825,1.1505273250239694,3.1515151515151514
2021-10-24 13:00:00,13,29,1,6,22,0,0,4,8,2,10,2,41.05,181.5,4.0,10.43,72.5,0.7916666666666666,409.4636136034732,3.631322941118128,0.725,0.3835091083413231,3.2758620689655173
2021-10-24 14:00:00,14,33,1,7,25,0,0,12,10,2,12,2,13.85,122.5,4.0,10.43,82.5,0.9642857142857144,291.4356136034732,6.4653621546239,0.825,1.1505273250239694,3.272727272727273
2021-10-24 15:00:00,15,30,0,6,23,1,0,11,10,1,11,1,6.983333333333333,95.0,4.0,10.43,75.0,0.8189655172413793,232.0043068017366,5.7147251518056885,0.75,1.0546500479386385,3.1666666666666665
2021-10-24 16:00:00,16,28,1,6,21,0,0,9,11,3,14,3,7.983333333333333,129.5,4.0,10.43,70.0,0.8846153846153846,275.2909204052098,5.135228050951924,0.7,0.862895493767977,3.2857142857142856
2021-10-24 17:00:00,17,39,1,6,30,2,0,13,13,2,15,2,8.983333333333333,159.0,4.0,10.43,97.5,1.23,317.0576136034732,7.005968360498561,0.975,1.2464046021093,3.1538461538461537
2021-10-24 18:00:00,18,32,3,5,24,0,0,7,14,3,17,3,9.983333333333333,177.0,4.0,10.43,80.0,1.1630434782608696,335.3509204052098,4.9191275167785244,0.8,0.6711409395973155,3.34375
2021-10-24 19:00:00,19,27,2,2,23,0,0,8,10,1,11,1,8.866666666666667,132.0,4.0,10.43,67.5,0.75,236.19130680173663,4.646503142644082,0.675,0.7670182166826462,3.2222222222222223
2021-10-24 20:00:00,20,18,0,2,16,0,0,7,8,0,8,0,6.516666666666667,174.0,4.0,9.85,45.0,0.4375,162.564,3.610941906373379,0.45,0.7106598984771574,3.111111111111111
2021-10-24 21:00:00,21,26,0,3,23,0,0,13,9,1,10,1,7.516666666666667,82.5,4.0,9.85,65.0,0.675,213.03230680173664,6.136675126903553,0.65,1.3197969543147208,3.1153846153846154
2021-10-24 22:00:00,22,22,0,4,16,2,0,7,8,1,9,1,8.516666666666667,110.0,3.0,6.6,55.00000000000001,0.7311827956989247,196.6923068017366,4.978236914600551,0.55,1.0606060606060606,3.090909090909091
2021-10-24 23:00:00,23,23,0,6,17,0,0,9,8,2,10,2,9.516666666666667,159.0,3.0,6.6,57.49999999999999,0.8333333333333334,218.74561360347323,6.321640316205533,0.575,1.3636363636363638,3.260869565217391
2021-10-25 00:00:00,0,23,0,5,18,0,0,5,10,1,11,1,10.516666666666667,208.0,3.0,6.6,57.49999999999999,0.8505747126436781,236.91730680173663,4.28741765480896,0.575,0.7575757575757576,3.217391304347826
2021-10-25 01:00:00,1,21,0,5,16,0,0,4,10,2,12,2,11.516666666666667,254.0,3.0,6.6,52.5,0.8095238095238095,252.53561360347328,3.6624819624819622,0.525,0.6060606060606061,3.238095238095238
2021-10-25 02:00:00,2,21,0,4,17,0,0,2,11,1,12,1,12.516666666666667,314.0,3.0,6.6,52.5,0.7976190476190477,257.3073068017366,2.6418109668109677,0.525,0.303030303030303,3.1904761904761907
2021-10-25 03:00:00,3,17,0,4,13,0,0,1,11,1,12,1,13.516666666666667,374.0,3.0,6.6,42.5,0.6547619047619048,254.36730680173665,1.8651960784313728,0.425,0.1515151515151515,3.235294117647059
2021-10-25 04:00:00,4,17,0,4,13,0,0,1,11,1,12,1,14.516666666666667,434.0,3.0,6.6,42.5,0.6547619047619048,260.0073068017366,1.8651960784313728,0.425,0.1515151515151515,3.235294117647059
2021-10-25 05:00:00,5,16,0,4,12,0,0,0,11,0,11,0,15.516666666666667,498.0,3.0,6.6,40.0,0.5977011494252874,249.234,1.3,0.4,0.0,3.25
2021-10-25 06:00:00,6,15,0,4,11,0,0,0,11,0,11,0,16.516666666666666,558.0,3.0,6.6,37.5,0.5632183908045977,252.729,1.225,0.375,0.0,3.2666666666666666
2021-10-25 07:00:00,7,17,0,4,13,0,0,3,12,0,12,0,15.25,614.0,3.0,6.6,42.5,0.6547619047619048,263.275,2.8455882352941178,0.425,0.4545454545454546,3.235294117647059
2021-10-25 08:00:00,8,21,0,4,17,0,0,4,12,0,12,0,16.25,674.0,3.0,6.55,52.5,0.7976190476190477,277.495,3.623382406397674,0.525,0.6106870229007634,3.1904761904761907
2021-10-25 09:00:00,9,21,0,5,16,0,0,5,10,0,10,0,17.25,712.0,3.0,6.55,52.5,0.7555555555555555,256.33500000000004,4.1718284260269,0.525,0.7633587786259542,3.238095238095238
2021-10-25 10:00:00,10,24,1,3,19,1,0,11,10,1,11,1,18.25,190.0,4.0,9.8,60.0,0.6551724137931034,282.6783068017366,5.454421768707482,0.6,1.1224489795918366,3.1666666666666665
2021-10-25 11:00:00,11,26,1,2,22,1,0,13,11,1,12,1,19.25,71.5,4.0,9.8,65.0,0.7232142857142857,306.00830680173664,6.157653061224489,0.65,1.326530612244898,3.1153846153846154
2021-10-25 12:00:00,12,27,1,2,24,0,0,9,13,1,14,1,20.25,109.5,4.0,9.8,67.5,0.8173076923076923,340.5933068017366,5.016156462585034,0.675,0.9183673469387754,3.1481481481481484
2021-10-25 13:00:00,13,32,0,4,28,0,0,10,16,0,16,0,17.183333333333334,99.0,4.0,9.8,80.0,1.0416666666666667,359.954,5.688775510204082,0.8,1.020408163265306,3.125
2021-10-25 14:00:00,14,35,0,4,31,0,0,8,14,0,14,0,15.7,131.5,4.0,9.8,87.5,1.0480769230769231,331.223,5.267274052478134,0.875,0.8163265306122448,3.1142857142857143
2021-10-25 15:00:00,15,44,0,5,36,3,0,12,15,0,15,0,16.7,164.0,4.0,9.8,110.0,1.34,369.568,7.079128014842301,1.1,1.2244897959183672,3.0454545454545454
2021-10-25 16:00:00,16,41,0,5,32,4,0,8,15,0,15,0,17.7,210.0,4.0,9.8,102.5,1.24,368.773,5.568889995022399,1.025,0.8163265306122448,3.024390243902439
2021-10-25 17:00:00,17,36,0,6,28,2,0,6,15,0,15,0,18.7,253.0,4.0,9.8,90.0,1.12,363.688,4.704761904761905,0.9,0.6122448979591836,3.111111111111111
2021-10-25 18:00:00,18,30,0,5,23,2,0,5,13,0,13,0,19.7,330.0,4.0,9.8,75.0,0.8611111111111112,329.658,3.906632653061224,0.75,0.5102040816326531,3.1
2021-10-25 19:00:00,19,36,0,5,29,2,0,14,17,1,18,1,20.7,263.5,4.0,9.8,90.0,1.2613636363636365,416.0363068017366,7.179761904761905,0.9,1.4285714285714284,3.083333333333333
2021-10-25 20:00:00,20,36,0,5,30,1,0,6,15,1,16,1,21.7,245.5,4.0,10.26,90.0,1.1666666666666667,394.8763068017366,4.619363222871995,0.9,0.5847953216374269,3.111111111111111
2021-10-25 21:00:00,21,33,0,6,26,1,0,8,14,1,15,1,22.7,208.0,4.0,10.26,82.5,1.04,380.6813068017366,5.0573217555673695,0.825,0.7797270955165693,3.1515151515151514
2021-10-25 22:00:00,22,24,0,1,22,1,0,6,7,0,7,0,23.7,209.0,3.0,7.01,60.0,0.7272727272727273,258.948,4.367760342368046,0.6,0.8559201141226819,3.0
2021-10-25 23:00:00,23,18,0,1,16,1,0,4,5,0,5,0,24.7,250.0,3.0,7.01,45.0,0.5142857142857142,224.918,3.061840228245364,0.45,0.5706134094151213,3.0
2021-10-26 00:00:00,0,15,0,4,11,0,0,6,5,1,6,1,25.7,220.5,3.0,7.01,37.5,0.4803921568627451,238.39130680173665,4.021005706134094,0.375,0.8559201141226819,3.2666666666666666
2021-10-26 01:00:00,1,19,0,5,14,0,0,5,5,2,7,2,26.7,191.0,3.0,7.01,47.5,0.6262626262626263,266.8796136034732,3.8775020647195735,0.475,0.7132667617689016,3.263157894736842
2021-10-26 02:00:00,2,19,0,5,14,0,0,2,5,2,7,2,27.7,251.0,3.0,7.01,47.5,0.6262626262626263,272.5196136034732,2.4810008258878296,0.475,0.2853067047075606,3.263157894736842
2021-10-26 03:00:00,3,16,1,3,12,0,0,3,5,2,7,2,28.7,311.0,3.0,7.01,40.0,0.5353535353535354,271.72461360347324,2.742617689015692,0.4,0.4279600570613409,3.3125
2021-10-26 04:00:00,4,14,1,2,11,0,0,0,5,1,6,1,29.7,460.5,3.0,7.01,35.0,0.4509803921568627,258.8063068017366,1.15,0.35,0.0,3.2857142857142856
2021-10-26 05:00:00,5,14,1,2,11,0,0,1,5,1,6,1,30.7,520.5,3.0,7.01,35.0,0.4509803921568627,264.4463068017366,1.6187181577338494,0.35,0.1426533523537803,3.2857142857142856
2021-10-26 06:00:00,6,16,0,2,14,0,0,3,5,0,5,0,31.7,670.0,3.0,7.01,40.0,0.4761904761904761,260.10799999999995,2.5873751783166905,0.4,0.4279600570613409,3.125
2021-10-26 07:00:00,7,12,0,2,10,0,0,1,5,0,5,0,32.7,730.0,3.0,7.01,30.0,0.3619047619047619,257.168,1.401735615786971,0.3,0.1426533523537803,3.1666666666666665
2021-10-26 08:00:00,8,10,0,2,8,0,0,0,5,0,5,0,33.7,790.0,3.0,7.18,25.0,0.3047619047619048,258.51800000000003,0.8,0.25,0.0,3.2
2021-10-26 09:00:00,9,15,0,3,11,1,0,7,6,0,6,0,34.7,634.0,3.0,7.18,37.5,0.4607843137254901,288.283,4.229781801299907,0.375,0.9749303621169916,3.1333333333333333
2021-10-26 10:00:00,10,18,0,7,11,0,0,9,8,0,8,0,22.73333333333333,68.5,4.0,10.88,45.0,0.4765625,254.026,4.3283088235294125,0.45,0.8272058823529412,3.388888888888889
2021-10-26 11:00:00,11,22,0,6,15,1,0,10,11,0,11,0,23.73333333333333,99.0,4.0,10.88,55.00000000000001,0.6120689655172413,308.446,4.741243315508021,0.55,0.9191176470588236,3.227272727272727
2021-10-26 12:00:00,12,20,0,6,13,1,0,3,11,0,11,0,24.73333333333333,159.0,4.0,10.88,50.0,0.5603448275862069,309.79600000000005,2.521139705882353,0.5,0.2757352941176471,3.25
2021-10-26 13:00:00,13,23,0,5,16,2,0,8,12,0,12,0,25.73333333333333,187.5,4.0,10.88,57.49999999999999,0.6428571428571429,335.271,4.101790281329923,0.575,0.7352941176470589,3.130434782608696
2021-10-26 14:00:00,14,19,1,2,14,2,0,4,9,0,9,0,26.73333333333333,104.0,4.0,10.88,47.5,0.4758064516129032,292.13100000000003,2.6166408668730647,0.475,0.3676470588235294,3.1052631578947367
2021-10-26 15:00:00,15,20,1,1,16,2,0,7,10,0,10,0,27.73333333333333,143.5,4.0,10.88,50.0,0.5083333333333333,313.31600000000003,3.4873161764705887,0.5,0.6433823529411765,3.05
2021-10-26 16:00:00,16,25,1,3,17,4,0,8,13,1,14,1,6.466666666666667,112.5,4.0,10.88,62.5,0.7307692307692307,258.5653068017366,4.135294117647059,0.625,0.7352941176470589,3.04
2021-10-26 17:00:00,17,26,1,5,17,3,0,8,16,2,18,2,7.466666666666667,116.5,4.0,10.88,65.0,0.9318181818181818,320.8186136034732,4.369004524886877,0.65,0.7352941176470589,3.1538461538461537
2021-10-26 18:00:00,18,29,1,7,19,2,0,9,15,2,17,2,8.466666666666667,148.0,4.0,10.88,72.5,1.0217391304347827,319.49361360347325,5.031288032454361,0.725,0.8272058823529412,3.2413793103448274
2021-10-26 19:00:00,19,28,1,6,19,2,0,9,13,1,14,1,8.25,168.0,4.0,10.88,70.0,0.8653846153846154,275.0583068017366,4.908876050420169,0.7,0.8272058823529412,3.2142857142857144
2021-10-26 20:00:00,20,35,0,7,26,2,0,15,12,0,12,0,5.5,197.5,4.0,10.25,87.5,0.9821428571428572,246.895,7.349303135888501,0.875,1.4634146341463414,3.142857142857143
2021-10-26 21:00:00,21,31,0,9,20,2,0,11,13,1,14,1,6.5,185.5,4.0,10.25,77.5,0.9615384615384616,271.6233068017366,5.961841070023603,0.775,1.0731707317073171,3.225806451612903
2021-10-26 22:00:00,22,28,0,7,19,2,0,4,10,1,11,1,7.5,182.0,3.0,6.55,70.0,1.0229885057471264,230.62830680173664,4.166112322791712,0.7,0.6106870229007634,3.1785714285714284
2021-10-26 23:00:00,23,27,0,4,20,3,0,10,9,1,10,1,8.5,169.0,3.0,6.55,67.5,0.9111111111111112,220.7233068017366,6.686697766468759,0.675,1.5267175572519085,3.037037037037037
2021-10-27 00:00:00,0,23,0,6,15,2,0,8,9,1,10,1,9.5,208.5,3.0,6.55,57.49999999999999,0.8111111111111111,217.7833068017366,5.70153501493528,0.575,1.2213740458015268,3.1739130434782608
2021-10-27 01:00:00,1,26,0,7,17,2,0,5,9,1,10,1,10.5,268.5,3.0,6.55,65.0,0.9222222222222224,229.85830680173663,4.511876100998239,0.65,0.7633587786259542,3.1923076923076925
2021-10-27 02:00:00,2,21,0,7,12,2,0,2,9,1,10,1,11.5,328.5,3.0,6.55,52.5,0.7555555555555555,224.77330680173665,2.68873137041076,0.525,0.3053435114503817,3.238095238095238
2021-10-27 03:00:00,3,25,0,9,14,2,0,5,9,1,10,1,12.5,388.5,3.0,6.55,62.5,0.9111111111111112,238.9933068017366,4.553816793893129,0.625,0.7633587786259542,3.28
2021-10-27 04:00:00,4,24,0,9,13,2,0,1,9,1,10,1,13.5,448.5,3.0,6.55,60.0,0.8777777777777778,242.4883068017366,2.4775445292620866,0.6,0.1526717557251908,3.2916666666666665
2021-10-27 05:00:00,5,22,0,9,11,2,0,0,9,1,10,1,14.5,508.5,3.0,6.55,55.00000000000001,0.8111111111111111,243.83830680173665,1.825,0.55,0.0,3.3181818181818183
2021-10-27 06:00:00,6,23,0,9,12,2,0,2,10,1,11,1,15.5,546.0,3.0,6.55,57.49999999999999,0.8735632183908046,265.0233068017366,2.9089611682708263,0.575,0.3053435114503817,3.3043478260869565
2021-10-27 07:00:00,7,22,1,8,11,2,0,2,12,1,13,1,16.5,531.0,3.0,6.55,55.00000000000001,0.9135802469135802,295.31830680173664,2.8770645385149205,0.55,0.3053435114503817,3.363636363636364
2021-10-27 08:00:00,8,22,1,7,12,2,0,4,13,1,14,1,17.5,568.5,3.0,7.13,55.00000000000001,0.935897435897436,314.3583068017366,3.6865325768200954,0.55,0.5610098176718092,3.3181818181818183
2021-10-27 09:00:00,9,26,1,7,16,2,0,6,12,1,13,1,18.5,606.0,3.0,7.13,65.0,1.0493827160493827,315.1783068017366,4.876105836659834,0.65,0.8415147265077139,3.269230769230769
2021-10-27 10:00:00,10,32,1,7,22,2,0,8,15,1,16,1,19.5,621.5,4.0,10.38,80.0,1.0729166666666667,373.8883068017366,5.05573217726397,0.8,0.7707129094412332,3.21875
2021-10-27 11:00:00,11,38,1,8,26,3,0,12,17,1,18,1,20.5,498.5,4.0,10.38,95.0,1.375,419.19830680173663,6.706168238515364,0.95,1.1560693641618498,3.1842105263157894
2021-10-27 12:00:00,12,35,0,8,26,1,0,7,16,1,17,1,21.5,292.0,4.0,10.38,87.5,1.2173913043478262,405.0033068017366,4.957996146435453,0.875,0.674373795761079,3.2
2021-10-27 13:00:00,13,35,0,7,27,1,0,4,16,1,17,1,22.5,194.0,4.0,10.38,87.5,1.2065217391304348,410.64330680173657,3.997130470685384,0.875,0.3853564547206166,3.1714285714285717
2021-10-27 14:00:00,14,34,0,12,22,0,0,9,16,3,19,3,19.03333333333333,157.0,4.0,10.38,85.0,1.3571428571428572,417.4829204052098,5.757174430465828,0.85,0.8670520231213874,3.3529411764705883
2021-10-27 15:00:00,15,39,1,10,28,0,0,10,13,3,16,3,20.03333333333333,180.5,4.0,10.38,97.5,1.34375,393.64792040520985,6.411601452497406,0.975,0.9633911368015416,3.3076923076923075
2021-10-27 16:00:00,16,42,2,10,28,2,0,10,14,3,17,3,21.03333333333333,178.0,4.0,10.38,105.0,1.5,419.12292040520987,6.61542802091935,1.05,0.9633911368015416,3.2857142857142856
2021-10-27 17:00:00,17,39,2,10,25,2,0,5,11,3,14,3,21.266666666666666,214.0,4.0,10.38,97.5,1.2403846153846154,373.80392040520985,4.818300726248703,0.975,0.4816955684007707,3.3076923076923075
2021-10-27 18:00:00,18,37,2,11,22,2,0,5,11,3,14,3,22.266666666666666,251.5,4.0,10.38,92.5,1.1923076923076923,375.1539204052098,4.714331094099881,0.925,0.4816955684007707,3.3513513513513518
2021-10-27 19:00:00,19,36,1,9,25,1,0,8,9,1,10,1,12.583333333333334,261.5,4.0,10.38,90.0,0.9833333333333332,263.05830680173665,5.476225647612931,0.9,0.7707129094412332,3.2777777777777777
2021-10-27 20:00:00,20,27,1,4,20,2,0,9,9,0,9,0,9.216666666666669,219.0,4.0,9.8,67.5,0.6854838709677419,210.497,5.016156462585034,0.675,0.9183673469387754,3.1481481481481484
2021-10-27 21:00:00,21,23,1,3,18,1,0,7,8,0,8,0,10.216666666666669,230.5,4.0,9.8,57.49999999999999,0.5703125,194.157,4.092080745341614,0.575,0.7142857142857142,3.1739130434782608
2021-10-27 22:00:00,22,23,1,3,19,0,0,9,9,1,10,1,11.216666666666669,122.5,3.0,6.55,57.49999999999999,0.8222222222222222,227.4653068017366,6.2708430136077,0.575,1.3740458015267176,3.217391304347826
2021-10-27 23:00:00,23,26,1,6,19,0,0,7,12,1,13,1,12.216666666666669,90.0,3.0,6.55,65.0,1.0617283950617284,279.7403068017366,5.684938344098649,0.65,1.068702290076336,3.3076923076923075
2021-10-28 00:00:00,0,28,1,7,20,0,0,6,13,1,14,1,13.216666666666669,143.0,3.0,6.55,70.0,1.1923076923076923,303.0703068017366,5.367529989094875,0.7,0.916030534351145,3.321428571428572
2021-10-28 01:00:00,1,26,1,7,18,0,0,1,13,1,14,1,14.216666666666669,203.0,3.0,6.55,65.0,1.1153846153846154,304.4203068017366,2.685863182618908,0.65,0.1526717557251908,3.3461538461538463
2021-10-28 02:00:00,2,24,1,7,16,0,0,2,12,1,13,1,15.216666666666669,256.0,3.0,6.55,60.0,1.0,292.37030680173666,3.055534351145038,0.6,0.3053435114503817,3.375
2021-10-28 03:00:00,3,21,1,6,14,0,0,1,13,0,13,0,16.216666666666665,316.0,3.0,6.55,52.5,0.8765432098765432,290.707,2.2911759360232646,0.525,0.1526717557251908,3.380952380952381
2021-10-28 04:00:00,4,22,1,7,14,0,0,1,13,1,14,1,17.216666666666665,366.0,3.0,6.55,55.00000000000001,0.9615384615384616,312.7603068017366,2.3954718945176965,0.55,0.1526717557251908,3.409090909090909
2021-10-28 05:00:00,5,22,1,7,14,0,0,0,13,1,14,1,18.216666666666665,426.0,3.0,6.55,55.00000000000001,0.9615384615384616,318.40030680173663,1.875,0.55,0.0,3.409090909090909
2021-10-28 06:00:00,6,24,2,7,14,1,0,2,14,1,15,1,19.216666666666665,476.0,3.0,6.55,60.0,1.0933333333333333,341.7303068017366,3.0932569974554704,0.6,0.3053435114503817,3.4166666666666665
2021-10-28 07:00:00,7,24,2,7,15,0,0,3,14,1,15,1,20.216666666666665,536.0,3.0,6.55,60.0,1.106666666666667,347.3703068017366,3.658969465648855,0.6,0.4580152671755725,3.458333333333333
2021-10-28 08:00:00,8,19,1,7,11,0,0,1,14,1,15,1,18.816666666666663,596.0,3.0,7.76,47.5,0.88,328.7493068017366,2.097639717851329,0.475,0.1288659793814433,3.473684210526316
2021-10-28 09:00:00,9,24,1,7,15,1,0,12,14,0,14,0,19.816666666666663,645.5,3.0,7.76,60.0,1.0256410256410255,330.846,7.154639175257732,0.6,1.5463917525773196,3.333333333333333
2021-10-28 10:00:00,10,29,1,9,18,1,0,10,14,0,14,0,20.816666666666663,705.5,4.0,11.1,72.5,0.9326923076923076,347.211,5.438358185771978,0.725,0.9009009009009008,3.3448275862068964
2021-10-28 11:00:00,11,31,1,8,20,2,0,7,13,0,13,0,21.816666666666663,735.0,4.0,11.1,77.5,0.9351851851851852,343.741,4.579635280441733,0.775,0.6306306306306306,3.2580645161290325
2021-10-28 12:00:00,12,28,1,8,18,1,0,7,13,0,13,0,22.316666666666663,204.0,4.0,11.1,70.0,0.8611111111111112,340.126,4.419594594594595,0.7,0.6306306306306306,3.321428571428572
2021-10-28 13:00:00,13,27,2,7,18,0,0,6,11,1,12,1,23.316666666666663,216.5,4.0,11.1,67.5,0.8214285714285714,331.0893068017366,4.141841841841842,0.675,0.5405405405405406,3.4074074074074074
2021-10-28 14:00:00,14,23,1,3,19,0,0,7,7,1,8,1,22.58333333333333,205.5,4.0,11.1,57.49999999999999,0.578125,264.7733068017366,3.8789855072463766,0.575,0.6306306306306306,3.217391304347826
2021-10-28 15:00:00,15,30,2,4,24,0,0,13,7,3,10,3,23.58333333333333,197.0,4.0,11.1,75.0,0.8166666666666667,313.9649204052098,6.275825825825826,0.75,1.1711711711711712,3.2666666666666666
2021-10-28 16:00:00,16,27,1,3,22,1,0,6,7,2,9,2,18.5,116.0,4.0,11.1,67.5,0.6854838709677419,264.5916136034732,3.826701701701702,0.675,0.5405405405405406,3.1481481481481484
2021-10-28 17:00:00,17,26,0,3,22,1,0,6,8,1,9,1,19.5,137.0,4.0,11.1,65.0,0.6451612903225806,267.2183068017366,3.663201663201664,0.65,0.5405405405405406,3.076923076923077
2021-10-28 18:00:00,18,22,0,2,20,0,0,7,4,0,4,0,9.15,163.5,4.0,11.1,55.00000000000001,0.4722222222222222,132.39600000000002,3.649221949221949,0.55,0.6306306306306306,3.090909090909091
2021-10-28 19:00:00,19,18,0,2,16,0,0,10,3,0,3,0,6.616666666666666,37.0,4.0,11.1,45.0,0.3783783783783784,96.128,4.202802802802803,0.45,0.9009009009009008,3.111111111111111
2021-10-28 20:00:00,20,17,0,2,15,0,0,6,5,0,5,0,3.633333333333333,89.0,4.0,10.65,42.5,0.3785714285714285,103.957,3.081420878210439,0.425,0.5633802816901409,3.117647058823529
2021-10-28 21:00:00,21,18,0,1,17,0,0,8,5,0,5,0,3.2666666666666666,108.0,4.0,10.65,45.0,0.3928571428571428,104.034,3.6702529994783513,0.45,0.7511737089201878,3.055555555555556
2021-10-28 22:00:00,22,17,0,1,15,0,1,6,5,0,5,0,4.266666666666667,168.0,3.0,7.31,42.5,0.4761904761904761,107.529,3.6640983342721496,0.425,0.8207934336525308,2.9411764705882355
2021-10-28 23:00:00,23,23,0,2,20,0,1,15,5,0,5,0,4.616666666666666,209.0,3.0,7.31,57.49999999999999,0.6571428571428571,122.373,7.8809507523939795,0.575,2.0519835841313268,3.0
2021-10-29 00:00:00,0,24,0,2,21,0,1,7,5,0,5,0,5.616666666666666,269.0,3.0,7.31,60.0,0.6857142857142857,130.158,4.672777017783858,0.6,0.9575923392612858,3.0
2021-10-29 01:00:00,1,18,0,2,15,0,1,3,5,0,5,0,6.616666666666666,329.0,3.0,7.31,45.0,0.5142857142857142,122.928,2.581190150478796,0.45,0.4103967168262654,3.0
2021-10-29 02:00:00,2,15,0,4,10,0,1,5,5,0,5,0,7.616666666666666,389.0,3.0,7.31,37.5,0.4476190476190476,122.13299999999998,3.3181828545371634,0.375,0.6839945280437756,3.1333333333333333
2021-10-29 03:00:00,3,13,0,3,9,0,1,1,5,0,5,0,8.616666666666667,449.0,3.0,7.31,32.5,0.3809523809523809,123.483,1.4209197095654005,0.325,0.1367989056087551,3.076923076923077
2021-10-29 04:00:00,4,16,0,3,12,0,1,3,5,0,5,0,9.616666666666667,509.0,3.0,7.31,40.0,0.4666666666666667,135.558,2.481839945280438,0.4,0.4103967168262654,3.0625
2021-10-29 05:00:00,5,13,0,2,10,0,1,1,5,0,5,0,10.616666666666667,569.0,3.0,7.31,32.5,0.3714285714285714,134.763,1.3853967168262655,0.325,0.1367989056087551,3.0
2021-10-29 06:00:00,6,14,1,2,10,0,1,1,6,0,6,0,11.616666666666667,609.0,3.0,7.31,35.0,0.4313725490196078,155.948,1.529939417627516,0.35,0.1367989056087551,3.142857142857143
2021-10-29 07:00:00,7,13,1,2,9,0,1,0,6,0,6,0,12.616666666666667,669.0,3.0,7.31,32.5,0.4019607843137255,159.443,1.025,0.325,0.0,3.1538461538461537
2021-10-29 08:00:00,8,13,2,3,7,0,1,2,6,2,8,2,13.616666666666667,627.5,3.0,6.35,32.5,0.4583333333333333,193.61961360347323,2.166020593579649,0.325,0.3149606299212598,3.3846153846153846
2021-10-29 09:00:00,9,19,2,3,11,2,1,9,7,2,9,2,14.616666666666667,84.0,3.0,6.35,47.5,0.6451612903225806,225.52961360347325,5.975756319933693,0.475,1.4173228346456694,3.1578947368421053
2021-10-29 10:00:00,10,21,1,4,14,1,1,10,9,1,10,1,15.616666666666667,89.0,4.0,9.6,52.5,0.55,247.99130680173664,4.923809523809524,0.525,1.0416666666666667,3.142857142857143
2021-10-29 11:00:00,11,24,1,5,16,2,0,6,9,1,10,1,16.616666666666667,149.0,4.0,9.6,60.0,0.6416666666666667,260.06630680173663,3.9302083333333337,0.6,0.625,3.208333333333333
2021-10-29 12:00:00,12,29,2,4,22,1,0,10,10,2,12,2,17.616666666666667,183.5,4.0,9.6,72.5,0.8392857142857143,304.09961360347324,5.726436781609195,0.725,1.0416666666666667,3.2413793103448274
2021-10-29 13:00:00,13,28,1,7,20,0,0,5,9,2,11,2,18.616666666666667,236.0,4.0,9.6,70.0,0.8017241379310345,294.1946136034732,4.054910714285714,0.7,0.5208333333333334,3.321428571428572
2021-10-29 14:00:00,14,27,1,5,20,1,0,7,6,1,7,1,19.48333333333333,143.0,4.0,9.6,67.5,0.6590909090909091,242.4693068017366,4.524537037037038,0.675,0.7291666666666667,3.2222222222222223
2021-10-29 15:00:00,15,37,1,8,28,0,0,15,11,2,13,2,20.48333333333333,121.0,4.0,9.6,92.5,1.1203703703703705,350.82761360347325,8.134797297297297,0.925,1.5625,3.27027027027027
2021-10-29 16:00:00,16,31,0,6,25,0,0,4,11,1,12,1,7.516666666666667,106.0,4.0,9.6,77.5,0.8839285714285714,250.55730680173664,3.805645161290322,0.775,0.4166666666666667,3.193548387096774
2021-10-29 17:00:00,17,32,0,7,25,0,0,9,13,1,14,1,7.933333333333334,145.5,4.0,9.6,80.0,0.9903846153846154,281.85230680173663,5.592578125,0.8,0.9375,3.21875
2021-10-29 18:00:00,18,29,0,6,23,0,0,6,13,1,14,1,8.7,198.0,4.0,9.6,72.5,0.8942307692307693,279.7413068017366,4.3293103448275865,0.725,0.625,3.206896551724138
2021-10-29 19:00:00,19,23,0,4,19,0,0,5,10,1,11,1,9.7,219.0,4.0,9.6,57.49999999999999,0.6293103448275862,232.3113068017366,3.478079710144927,0.575,0.5208333333333334,3.1739130434782608
2021-10-29 20:00:00,20,25,1,6,18,0,0,9,8,2,10,2,10.7,126.0,4.0,10.46,62.5,0.6916666666666667,229.70961360347323,4.931596558317399,0.625,0.8604206500956022,3.32
2021-10-29 21:00:00,21,36,1,6,29,0,0,17,11,1,12,1,8.016666666666667,92.0,4.0,10.46,90.0,1.0357142857142858,264.10230680173663,8.136881240705332,0.9,1.6252390057361374,3.2222222222222223
2021-10-29 22:00:00,22,43,1,5,37,0,0,17,11,1,12,1,8.85,112.5,3.0,7.21,107.5,1.619047619047619,283.8173068017366,10.85734283778989,1.075,2.3578363384188625,3.1627906976744184
2021-10-29 23:00:00,23,39,0,6,33,0,0,8,11,0,11,0,9.85,166.0,3.0,7.21,97.5,1.4137931034482758,266.609,6.574413208151072,0.975,1.1095700416088763,3.1538461538461537
2021-10-30 00:00:00,0,32,0,5,26,1,0,10,10,0,10,0,9.6,222.0,3.0,7.21,80.0,1.1111111111111112,236.784,6.834257975034674,0.8,1.3869625520110958,3.125
2021-10-30 01:00:00,1,27,0,5,21,1,0,4,10,0,10,0,7.433333333333334,282.0,3.0,7.21,67.5,0.9444444444444444,213.839,3.871545435865825,0.675,0.5547850208044383,3.1481481481481484
2021-10-30 02:00:00,2,27,1,4,18,4,0,5,10,1,11,1,8.433333333333334,333.0,3.0,7.21,67.5,0.9540229885057472,233.7473068017366,4.206812811424462,0.675,0.6934812760055479,3.074074074074074
2021-10-30 03:00:00,3,22,1,3,17,1,0,2,10,1,11,1,9.433333333333334,393.0,3.0,7.21,55.00000000000001,0.8045977011494253,228.66230680173663,2.63261253309797,0.55,0.2773925104022191,3.1818181818181817
2021-10-30 04:00:00,4,22,1,3,18,0,0,2,11,1,12,1,10.433333333333334,432.5,3.0,7.21,55.00000000000001,0.8452380952380952,247.70230680173665,2.670221283570798,0.55,0.2773925104022191,3.227272727272727
2021-10-30 05:00:00,5,20,1,3,16,0,0,0,11,1,12,1,11.433333333333334,492.5,3.0,7.21,50.0,0.7738095238095238,249.05230680173665,1.625,0.5,0.0,3.25
2021-10-30 06:00:00,6,21,1,3,16,1,0,2,12,1,13,1,12.433333333333334,532.0,3.0,7.21,52.5,0.8271604938271605,270.2373068017366,2.5600141998546992,0.525,0.2773925104022191,3.1904761904761907
2021-10-30 07:00:00,7,22,1,4,17,0,0,3,13,1,14,1,13.433333333333334,585.0,3.0,7.21,55.00000000000001,0.9230769230769232,291.4223068017366,3.16174505106544,0.55,0.4160887656033287,3.272727272727273
2021-10-30 08:00:00,8,26,1,5,19,1,0,6,13,2,15,2,14.433333333333334,638.0,3.0,7.88,65.0,1.12,319.9106136034732,4.559976571651699,0.65,0.7614213197969544,3.230769230769231
2021-10-30 09:00:00,9,22,1,5,15,1,0,2,10,2,12,2,15.433333333333334,564.0,3.0,7.88,55.00000000000001,0.8571428571428571,276.77061360347324,2.630641439778496,0.55,0.2538071065989847,3.272727272727273
2021-10-30 10:00:00,10,17,1,3,12,1,0,7,6,2,8,2,16.433333333333334,114.0,4.0,12.6,42.5,0.4296875,218.0856136034732,3.172385620915033,0.425,0.5555555555555556,3.235294117647059
2021-10-30 11:00:00,11,19,0,3,15,1,0,10,8,0,8,0,17.433333333333334,82.5,4.0,12.6,47.5,0.4609375,226.279,3.939494569757728,0.475,0.7936507936507937,3.1052631578947367
2021-10-30 12:00:00,12,20,0,3,16,1,0,9,7,0,7,0,18.433333333333334,131.0,4.0,12.6,50.0,0.4696969696969697,220.664,3.7642857142857142,0.5,0.7142857142857143,3.1
2021-10-30 13:00:00,13,19,0,2,17,0,0,8,6,1,7,1,19.433333333333334,138.0,4.0,12.6,47.5,0.4469696969696969,225.0273068017366,3.446595655806182,0.475,0.6349206349206349,3.1052631578947367
2021-10-30 14:00:00,14,24,1,6,17,0,0,11,9,3,12,3,20.433333333333334,63.5,4.0,12.6,60.0,0.7142857142857143,310.12892040520984,4.910052910052911,0.6,0.873015873015873,3.333333333333333
2021-10-30 15:00:00,15,22,1,6,15,0,0,8,8,3,11,3,21.433333333333334,102.0,4.0,12.6,55.00000000000001,0.6379310344827587,298.07892040520983,3.985642135642136,0.55,0.6349206349206349,3.363636363636364
2021-10-30 16:00:00,16,20,2,4,14,0,0,5,6,4,10,4,5.633333333333334,155.0,4.0,12.6,50.0,0.5666666666666667,192.1452272069465,3.049206349206349,0.5,0.3968253968253968,3.4
2021-10-30 17:00:00,17,25,2,5,18,0,0,10,9,4,13,4,6.633333333333334,149.0,4.0,12.6,62.5,0.7777777777777778,248.71022720694648,4.766666666666667,0.625,0.7936507936507937,3.36
2021-10-30 18:00:00,18,20,1,6,13,0,0,2,9,3,12,3,7.633333333333334,119.5,4.0,12.6,50.0,0.6071428571428571,229.35692040520985,2.23968253968254,0.5,0.1587301587301587,3.4
2021-10-30 19:00:00,19,20,0,6,13,1,0,6,8,2,10,2,8.3,151.0,4.0,12.6,50.0,0.5416666666666666,205.44861360347323,3.172619047619048,0.5,0.4761904761904762,3.25
2021-10-30 20:00:00,20,26,0,4,21,1,0,11,10,2,12,2,9.3,161.0,4.0,12.03,65.0,0.7232142857142857,250.75861360347324,4.873647611739881,0.65,0.914380714879468,3.1153846153846154
2021-10-30 21:00:00,21,19,0,3,16,0,0,5,8,2,10,2,10.3,148.5,4.0,12.03,47.5,0.5,214.5836136034732,2.8125082031762694,0.475,0.4156275976724854,3.1578947368421053
2021-10-30 22:00:00,22,20,1,2,17,0,0,12,7,2,9,2,11.3,124.0,3.0,7.31,50.0,0.6881720430107527,208.96861360347324,6.853077975376198,0.5,1.6415868673050615,3.2
2021-10-30 23:00:00,23,17,0,4,12,0,1,7,5,1,6,1,6.95,186.5,3.0,7.31,42.5,0.5196078431372549,136.9313068017366,4.310434940049891,0.425,0.9575923392612858,3.117647058823529
2021-10-31 00:00:00,0,16,0,5,10,1,0,5,5,2,7,2,7.95,244.0,3.0,7.31,40.0,0.5252525252525253,154.6946136034732,3.52298221614227,0.4,0.6839945280437756,3.25
2021-10-31 01:00:00,1,18,0,7,11,0,0,6,6,2,8,2,8.95,255.5,3.0,7.31,45.0,0.6354166666666666,178.02461360347326,4.306577747378021,0.45,0.8207934336525308,3.388888888888889
2021-10-31 02:00:00,2,16,0,3,12,1,0,5,5,0,5,0,9.95,364.0,3.0,7.31,40.0,0.4761904761904761,137.438,3.3874829001367983,0.4,0.6839945280437756,3.125
2021-10-31 03:00:00,3,14,0,3,11,0,0,1,5,0,5,0,10.95,424.0,3.0,7.31,35.0,0.4285714285714285,138.788,1.5647107680281416,0.35,0.1367989056087551,3.2142857142857144
2021-10-31 04:00:00,4,12,0,2,9,1,0,2,5,0,5,0,11.95,484.0,3.0,7.31,30.0,0.3523809523809524,140.13799999999998,1.76859325125399,0.3,0.2735978112175102,3.083333333333333
2021-10-31 05:00:00,5,12,0,3,9,0,0,3,6,0,6,0,12.95,485.5,3.0,7.31,30.0,0.3823529411764705,159.178,2.3087893296853625,0.3,0.4103967168262654,3.25
2021-10-31 06:00:00,6,11,1,3,7,0,0,3,7,1,8,1,13.95,407.5,3.0,7.31,27.500000000000004,0.3958333333333333,190.3413068017366,2.367734112672553,0.275,0.4103967168262654,3.4545454545454546
2021-10-31 07:00:00,7,15,2,3,9,1,0,5,10,1,11,1,14.95,142.0,3.0,7.31,37.5,0.5862068965517241,244.76130680173665,3.600581395348837,0.375,0.6839945280437756,3.4
2021-10-31 08:00:00,8,21,2,4,14,1,0,6,10,1,11,1,15.95,202.0,3.0,7.88,52.5,0.8045977011494253,263.2713068017366,4.288071065989849,0.525,0.7614213197969544,3.333333333333333
2021-10-31 09:00:00,9,17,2,1,11,3,0,4,4,1,5,1,16.95,198.0,3.0,7.88,42.5,0.5047619047619047,179.93130680173658,2.9075619587936696,0.425,0.5076142131979695,3.117647058823529
2021-10-31 10:00:00,10,13,1,0,10,2,0,6,6,0,6,0,17.95,209.0,4.0,12.6,32.5,0.2867647058823529,189.523,2.4035714285714285,0.325,0.4761904761904762,3.0
2021-10-31 11:00:00,11,21,1,0,16,4,0,12,8,0,8,0,18.95,186.5,4.0,12.6,52.5,0.4765625,239.123,4.291439909297052,0.525,0.9523809523809524,2.9047619047619047
2021-10-31 12:00:00,12,25,1,0,17,7,0,12,10,0,10,0,19.95,112.5,4.0,12.6,62.5,0.5833333333333334,280.143,4.416666666666667,0.625,0.9523809523809524,2.8
2021-10-31 13:00:00,13,27,1,2,20,4,0,11,11,1,12,1,6.533333333333333,90.5,4.0,12.6,67.5,0.7232142857142857,236.43130680173664,4.644047619047619,0.675,0.873015873015873,3.0
2021-10-31 14:00:00,14,25,2,2,17,4,0,13,11,1,12,1,7.533333333333333,127.5,4.0,12.6,62.5,0.6875,237.7813068017366,5.102777777777778,0.625,1.031746031746032,3.08
2021-10-31 15:00:00,15,27,2,6,15,4,0,11,12,1,13,1,8.533333333333333,160.0,4.0,12.6,67.5,0.8055555555555556,261.11130680173665,4.98805114638448,0.675,0.873015873015873,3.2222222222222223
2021-10-31 16:00:00,16,30,2,5,20,3,0,10,10,1,11,1,9.533333333333331,226.0,4.0,12.6,75.0,0.8275862068965517,246.38630680173657,4.93968253968254,0.75,0.7936507936507937,3.2
2021-10-31 17:00:00,17,30,2,7,18,2,1,10,12,1,13,1,10.533333333333331,243.0,4.0,12.6,75.0,0.8981481481481481,278.8263068017366,4.991137566137566,0.75,0.7936507936507937,3.2333333333333334
2021-10-31 18:00:00,18,28,2,6,17,2,1,8,10,1,11,1,11.533333333333331,280.0,4.0,12.6,70.0,0.7758620689655172,253.37630680173663,4.290816326530612,0.7,0.6349206349206349,3.2142857142857144
2021-10-31 19:00:00,19,16,1,1,12,1,1,8,5,0,5,0,12.533333333333331,406.0,4.0,12.6,40.0,0.3428571428571428,152.00799999999998,3.1047619047619044,0.4,0.6349206349206349,3.0
2021-10-31 20:00:00,20,19,1,2,13,1,2,8,6,0,6,0,13.533333333333331,326.0,4.0,12.03,47.5,0.4117647058823529,177.483,3.3600122500765623,0.475,0.6650041562759766,2.9473684210526314
2021-10-31 21:00:00,21,24,1,4,14,3,2,12,7,2,9,2,14.533333333333331,58.0,4.0,12.03,60.0,0.5725806451612904,235.7846136034732,4.725955943474647,0.6,0.997506234413965,2.958333333333333
2021-10-31 22:00:00,22,26,1,1,20,2,2,12,7,2,9,2,5.216666666666667,94.0,3.0,7.31,65.0,0.8064516129032258,187.52861360347325,6.610346732610755,0.65,1.6415868673050615,2.8846153846153846
2021-10-31 23:00:00,23,27,1,1,23,0,2,8,7,2,9,2,6.216666666666667,132.0,3.0,7.31,67.5,0.8602150537634409,195.31361360347324,5.242640725540862,0.675,1.094391244870041,2.962962962962963
