ts,hour,census,l1,l2,l3,l4,l5,arrivals,waitBed,waitICU,D_board,vent,maxLOS_h,awt_curr_min,Na,cap_sum,OCCUPANCY,EDWIN,NEDOCS,READI,READI_BR,READI_PR,READI_AR
2024-09-01 00:00:00,0,20,0,4,16,0,0,5,7,1,8,1,13.55,106.5,3.0,6.66,50.0,0.6666666666666666,207.3903068017366,4.002402402402402,0.5,0.7507507507507507,3.2
2024-09-01 01:00:00,1,25,1,5,19,0,0,8,9,1,10,1,14.55,152.0,3.0,6.66,62.5,0.9111111111111112,250.5553068017366,5.98993993993994,0.625,1.2012012012012012,3.28
2024-09-01 02:00:00,2,20,0,5,15,0,0,3,9,1,10,1,15.55,212.0,3.0,6.66,50.0,0.7222222222222222,245.47030680173663,3.0889639639639643,0.5,0.4504504504504504,3.25
2024-09-01 03:00:00,3,19,0,5,14,0,0,3,9,1,10,1,16.55,272.0,3.0,6.66,47.5,0.6888888888888889,248.96530680173663,3.0198909435751538,0.475,0.4504504504504504,3.263157894736842
2024-09-01 04:00:00,4,20,0,5,15,0,0,2,9,1,10,1,17.55,332.0,3.0,6.66,50.0,0.7222222222222222,256.75030680173666,2.600975975975976,0.5,0.3003003003003003,3.25
2024-09-01 05:00:00,5,24,0,5,19,0,0,6,11,1,12,1,18.55,372.0,3.0,6.66,60.0,0.9166666666666666,297.77030680173664,4.815390390390391,0.6,0.9009009009009008,3.208333333333333
2024-09-01 06:00:00,6,23,0,7,16,0,0,4,13,0,13,0,19.55,401.0,3.0,6.66,57.49999999999999,0.9382716049382716,313.797,3.8845932889411143,0.575,0.6006006006006006,3.3043478260869565
2024-09-01 07:00:00,7,22,0,7,15,0,0,2,13,0,13,0,20.55,461.0,3.0,6.66,55.00000000000001,0.9012345679012346,317.29200000000003,2.821450996450997,0.55,0.3003003003003003,3.3181818181818183
2024-09-01 08:00:00,8,24,0,7,17,0,0,6,15,0,15,0,18.3,469.0,3.0,8.18,60.0,1.0533333333333332,335.692,4.389425427872861,0.6,0.7334963325183375,3.2916666666666665
2024-09-01 09:00:00,9,31,0,7,24,0,0,11,14,0,14,0,19.3,391.0,3.0,8.18,77.5,1.2820512820512822,342.947,6.83788153639877,0.775,1.344743276283619,3.225806451612903
2024-09-01 10:00:00,10,32,2,5,24,1,0,10,15,1,16,1,20.3,249.0,4.0,11.51,80.0,1.0833333333333333,378.40030680173663,5.423631624674196,0.8,0.8688097306689835,3.25
2024-09-01 11:00:00,11,25,2,4,18,1,0,7,13,1,14,1,21.3,202.0,4.0,11.51,62.5,0.7884615384615384,342.2253068017366,4.044787141615985,0.625,0.6081668114682884,3.28
2024-09-01 12:00:00,12,20,2,3,14,1,0,10,9,1,10,1,20.55,156.0,4.0,11.51,50.0,0.55,273.6703068017366,4.5170721112076455,0.5,0.8688097306689835,3.3
2024-09-01 13:00:00,13,24,0,4,19,1,0,11,8,0,8,0,21.55,323.0,4.0,11.51,60.0,0.5859375,260.222,4.861533449174631,0.6,0.9556907037358818,3.125
2024-09-01 14:00:00,14,30,1,4,23,2,0,14,8,1,9,1,22.55,121.0,4.0,11.51,75.0,0.7580645161290323,293.0003068017366,6.161178685201274,0.75,1.2163336229365769,3.1333333333333333
2024-09-01 15:00:00,15,19,0,1,16,2,0,10,9,0,9,0,23.55,79.0,4.0,11.51,47.5,0.4516129032258064,274.177,3.960702364077003,0.475,0.8688097306689835,2.9473684210526314
2024-09-01 16:00:00,16,19,0,1,16,2,0,10,8,0,8,0,6.0,114.5,4.0,11.51,47.5,0.4375,161.795,3.960702364077003,0.475,0.8688097306689835,2.9473684210526314
2024-09-01 17:00:00,17,19,0,1,17,1,0,8,9,0,9,0,7.0,162.0,4.0,11.51,47.5,0.4596774193548387,180.835,3.5101433536055606,0.475,0.6950477845351868,3.0
2024-09-01 18:00:00,18,31,0,1,25,5,0,16,11,0,11,0,8.0,182.0,4.0,11.51,77.5,0.7672413793103449,239.015,6.215919537008491,0.775,1.3900955690703736,2.870967741935484
2024-09-01 19:00:00,19,23,0,0,20,3,0,12,4,0,4,0,6.033333333333333,120.0,4.0,11.51,57.49999999999999,0.4583333333333333,116.963,4.641727420390586,0.575,1.0425716768027802,2.869565217391304
2024-09-01 20:00:00,20,23,0,3,19,1,0,12,3,0,3,0,7.033333333333333,64.0,4.0,11.09,57.49999999999999,0.4797297297297297,109.203,5.115259536597796,0.575,1.0820559062218216,3.0869565217391304
2024-09-01 21:00:00,21,24,0,3,20,1,0,9,4,0,4,0,8.033333333333333,103.5,4.0,11.09,60.0,0.5138888888888888,130.388,4.352254283137962,0.6,0.8115419296663661,3.083333333333333
2024-09-01 22:00:00,22,23,0,2,21,0,0,10,3,0,3,0,9.033333333333331,143.0,3.0,7.76,57.49999999999999,0.6396396396396397,120.483,5.753036754818467,0.575,1.288659793814433,3.0869565217391304
2024-09-01 23:00:00,23,23,1,4,16,2,0,10,5,1,6,1,10.033333333333331,96.0,3.0,7.76,57.49999999999999,0.7156862745098039,167.1913068017366,5.915094128193635,0.575,1.288659793814433,3.1739130434782608
2024-09-02 00:00:00,0,23,1,5,17,0,0,9,9,1,10,1,9.7,90.5,3.0,7.76,57.49999999999999,0.8444444444444444,218.9113068017366,5.732362169430749,0.575,1.1597938144329898,3.3043478260869565
2024-09-02 01:00:00,1,23,0,4,19,0,0,5,9,0,9,0,10.7,111.0,3.0,7.76,57.49999999999999,0.7849462365591398,210.283,3.8700470640968176,0.575,0.6443298969072165,3.1739130434782608
2024-09-02 02:00:00,2,21,0,4,17,0,0,5,9,0,9,0,11.7,171.0,3.0,7.76,52.5,0.7204301075268817,211.633,3.730719194894453,0.525,0.6443298969072165,3.1904761904761907
2024-09-02 03:00:00,3,23,0,6,17,0,0,4,9,2,11,2,12.7,226.0,3.0,7.76,57.49999999999999,0.8620689655172413,250.09961360347324,3.555860600627521,0.575,0.5154639175257733,3.260869565217391
2024-09-02 04:00:00,4,23,0,5,18,0,0,4,9,1,10,1,13.7,288.5,3.0,7.76,57.49999999999999,0.8222222222222222,241.4713068017366,3.508449125952488,0.575,0.5154639175257733,3.217391304347826
2024-09-02 05:00:00,5,23,0,5,18,0,0,3,9,1,10,1,14.7,348.5,3.0,7.76,57.49999999999999,0.8222222222222222,247.1113068017366,3.0938368444643656,0.575,0.3865979381443299,3.217391304347826
2024-09-02 06:00:00,6,21,0,4,17,0,0,1,9,0,9,0,15.7,411.0,3.0,7.76,52.5,0.7204301075268817,234.193,2.0861438389788907,0.525,0.1288659793814433,3.1904761904761907
2024-09-02 07:00:00,7,19,0,5,14,0,0,3,10,0,10,0,16.7,468.5,3.0,7.76,47.5,0.6888888888888889,248.943,2.811530113944656,0.475,0.3865979381443299,3.263157894736842
2024-09-02 08:00:00,8,18,0,5,13,0,0,3,10,1,11,1,17.7,526.0,3.0,6.5,45.0,0.6781609195402298,266.7063068017366,2.987820512820513,0.45,0.4615384615384615,3.2777777777777777
2024-09-02 09:00:00,9,24,0,5,17,2,0,8,11,1,12,1,18.7,568.5,3.0,6.5,60.0,0.8928571428571429,298.61630680173664,5.721153846153847,0.6,1.2307692307692308,3.125
2024-09-02 10:00:00,10,21,0,4,16,1,0,6,12,1,13,1,19.7,554.0,4.0,10.2,52.5,0.6111111111111112,311.2213068017366,3.4987394957983198,0.525,0.5882352941176471,3.142857142857143
2024-09-02 11:00:00,11,29,0,6,17,6,0,12,14,1,15,1,20.7,229.0,4.0,10.2,72.5,0.87,360.8213068017366,5.704411764705882,0.725,1.1764705882352942,3.0
2024-09-02 12:00:00,12,34,1,5,25,3,0,17,13,1,14,1,21.35,117.0,4.0,10.2,85.0,1.0192307692307692,361.81230680173655,7.846078431372549,0.85,1.6666666666666667,3.117647058823529
2024-09-02 13:00:00,13,28,1,6,19,2,0,5,13,1,14,1,5.816666666666666,111.5,4.0,10.2,70.0,0.8653846153846154,261.3343068017366,3.825630252100841,0.7,0.4901960784313726,3.2142857142857144
2024-09-02 14:00:00,14,29,1,6,16,6,0,11,12,2,14,2,6.816666666666666,136.0,4.0,10.2,72.5,0.8557692307692307,269.9876136034732,5.534668695064234,0.725,1.0784313725490198,3.0689655172413794
2024-09-02 15:00:00,15,33,0,8,17,8,0,9,13,1,14,1,5.966666666666667,135.5,4.0,10.2,82.5,0.9519230769230768,272.9053068017366,5.122058823529413,0.825,0.8823529411764707,3.0
2024-09-02 16:00:00,16,29,1,6,18,4,0,10,11,3,14,3,6.283333333333333,144.0,4.0,10.2,72.5,0.875,267.84792040520983,5.351402974983097,0.725,0.9803921568627452,3.1379310344827585
2024-09-02 17:00:00,17,30,1,7,18,4,0,6,13,3,16,3,7.283333333333333,186.0,4.0,10.2,75.0,0.9895833333333334,302.4329204052098,4.237745098039216,0.75,0.5882352941176471,3.1666666666666665
2024-09-02 18:00:00,18,37,2,7,26,2,0,11,18,3,21,3,8.283333333333333,178.0,4.0,10.2,92.5,1.5789473684210529,390.0879204052099,6.497615262321147,0.925,1.0784313725490198,3.2432432432432434
2024-09-02 19:00:00,19,40,2,5,30,3,0,8,17,3,20,3,9.283333333333331,203.0,4.0,10.2,100.0,1.575,388.76292040520985,5.620588235294118,1.0,0.7843137254901962,3.15
2024-09-02 20:00:00,20,38,1,7,27,2,1,7,19,2,21,2,10.283333333333331,236.0,4.0,12.09,95.0,1.5657894736842106,402.64461360347326,4.7881557180793175,0.95,0.5789909015715468,3.131578947368421
2024-09-02 21:00:00,21,36,1,6,26,2,1,6,18,2,20,2,11.283333333333331,278.5,4.0,12.09,90.0,1.4,390.5946136034732,4.343975737524125,0.9,0.4962779156327543,3.111111111111111
2024-09-02 22:00:00,22,31,1,5,23,2,0,7,17,2,19,2,12.283333333333331,260.0,3.0,8.39,77.5,1.5555555555555556,372.1096136034733,5.087548540889691,0.775,0.8343265792610249,3.161290322580645
2024-09-02 23:00:00,23,36,1,4,28,3,0,9,21,1,22,1,13.283333333333331,282.0,3.0,8.39,90.0,2.055555555555556,427.80630680173664,6.08250893921335,0.9,1.072705601907032,3.083333333333333
2024-09-03 00:00:00,0,38,1,6,29,2,0,6,22,1,23,1,14.283333333333331,324.0,3.0,8.39,95.0,2.3529411764705883,451.13630680173657,5.258327582962173,0.95,0.7151370679380215,3.1578947368421053
2024-09-03 01:00:00,1,39,1,6,30,2,0,5,22,2,24,2,15.283333333333331,376.5,3.0,8.39,97.5,2.5625,473.1896136034732,4.954526909324287,0.975,0.5959475566150179,3.1538461538461537
2024-09-03 02:00:00,2,36,1,6,27,2,0,4,22,2,24,2,16.283333333333335,436.5,3.0,8.39,90.0,2.375,472.39461360347326,4.359733810091378,0.9,0.4767580452920142,3.1666666666666665
2024-09-03 03:00:00,3,36,1,7,27,1,0,5,23,1,24,1,17.283333333333335,478.0,3.0,8.39,90.0,2.4166666666666665,477.1663068017367,4.820275460203947,0.9,0.5959475566150179,3.2222222222222223
2024-09-03 04:00:00,4,33,1,7,24,1,0,1,23,1,24,1,18.28333333333333,538.0,3.0,8.39,82.5,2.2291666666666665,476.37130680173664,3.061462960956405,0.825,0.1191895113230035,3.242424242424242
2024-09-03 05:00:00,5,32,1,6,24,1,0,1,22,1,23,1,19.28333333333333,587.0,3.0,8.39,80.0,2.019607843137255,466.4663068017367,2.958641239570918,0.8,0.1191895113230035,3.21875
2024-09-03 06:00:00,6,35,2,6,26,1,0,5,23,2,25,2,20.28333333333333,634.0,3.0,8.39,87.5,2.533333333333333,506.20961360347326,4.791086327260344,0.875,0.5959475566150179,3.257142857142857
2024-09-03 07:00:00,7,34,2,6,25,1,0,4,23,2,25,2,21.28333333333333,694.0,3.0,8.39,85.0,2.466666666666667,509.70461360347326,4.3314747949239285,0.85,0.4767580452920142,3.264705882352941
2024-09-03 08:00:00,8,35,3,7,23,2,0,5,23,3,26,3,22.28333333333333,675.0,3.0,6.65,87.5,2.761904761904762,531.7579204052099,5.391944146079485,0.875,0.7518796992481203,3.3142857142857145
2024-09-03 09:00:00,9,41,3,7,27,2,2,7,24,3,27,3,23.28333333333333,675.0,3.0,6.65,102.5,3.333333333333333,563.6679204052099,6.587612323491657,1.025,1.0526315789473684,3.1707317073170733
2024-09-03 10:00:00,10,46,3,8,31,2,2,11,24,2,26,2,24.28333333333333,724.0,4.0,10.35,115.0,2.607142857142857,565.7646136034732,7.023240915773996,1.15,1.0628019323671496,3.1739130434782608
2024-09-03 11:00:00,11,42,2,9,30,1,0,9,23,2,25,2,25.28333333333333,666.0,4.0,10.35,105.0,2.3,549.4246136034733,6.307142857142857,1.05,0.8695652173913042,3.2857142857142856
2024-09-03 12:00:00,12,39,2,8,26,3,0,5,19,2,21,2,26.28333333333333,404.0,4.0,10.35,97.5,1.6578947368421053,495.0296136034733,4.710758082497213,0.975,0.4830917874396134,3.230769230769231
2024-09-03 13:00:00,13,37,2,9,23,3,0,4,20,2,22,2,27.28333333333333,452.0,4.0,10.35,92.5,1.6805555555555556,509.7796136034733,4.288872568220394,0.925,0.3864734299516907,3.27027027027027
2024-09-03 14:00:00,14,34,1,8,23,2,0,4,18,1,19,1,28.28333333333333,414.0,4.0,10.35,85.0,1.3095238095238095,467.9163068017366,4.000355214549588,0.85,0.3864734299516907,3.235294117647059
2024-09-03 15:00:00,15,33,1,6,23,3,0,9,15,2,17,2,29.28333333333333,335.0,4.0,10.35,82.5,1.1304347826086956,445.4796136034733,5.340447957839261,0.825,0.8695652173913042,3.1515151515151514
2024-09-03 16:00:00,16,32,2,5,23,2,0,8,14,2,16,2,30.28333333333333,363.0,4.0,10.35,80.0,1.0729166666666667,435.57461360347327,5.062922705314009,0.8,0.7729468599033815,3.21875
2024-09-03 17:00:00,17,31,1,4,23,3,0,5,13,2,15,2,31.28333333333333,391.0,4.0,10.35,77.5,0.96,425.6696136034733,3.896026180458157,0.775,0.4830917874396134,3.096774193548387
2024-09-03 18:00:00,18,31,1,3,26,1,0,8,16,2,18,2,32.28333333333333,424.5,4.0,10.35,77.5,1.1022727272727273,471.5096136034732,4.843575658407355,0.775,0.7729468599033815,3.129032258064516
2024-09-03 19:00:00,19,29,0,3,24,2,0,5,15,2,17,2,33.28333333333333,363.0,4.0,10.35,72.5,0.9565217391304348,459.45961360347326,3.665933699816758,0.725,0.4830917874396134,3.034482758620689
2024-09-03 20:00:00,20,31,0,4,26,1,0,9,16,1,17,1,34.28333333333333,423.0,4.0,12.09,77.5,1.0434782608695652,468.5213068017366,4.705290962939246,0.775,0.7444168734491315,3.096774193548387
2024-09-03 21:00:00,21,32,0,4,27,1,0,6,17,1,18,1,35.28333333333333,437.5,4.0,12.09,80.0,1.125,489.7063068017366,4.010359801488834,0.8,0.4962779156327543,3.09375
2024-09-03 22:00:00,22,32,0,2,29,1,0,7,18,1,19,1,36.28333333333333,452.0,3.0,8.39,80.0,1.5396825396825398,508.74630680173664,4.954052443384982,0.8,0.8343265792610249,3.03125
2024-09-03 23:00:00,23,33,0,1,29,3,0,12,20,1,21,1,37.28333333333333,455.0,3.0,8.39,82.5,1.7017543859649122,543.3313068017367,6.629139126665945,0.825,1.430274135876043,2.9393939393939394
2024-09-04 00:00:00,0,39,1,1,35,2,0,12,23,1,24,1,38.28333333333333,445.0,3.0,8.39,97.5,2.458333333333333,602.0413068017366,7.277496103419821,0.975,1.430274135876043,3.025641025641025
2024-09-04 01:00:00,1,38,1,3,34,0,0,5,27,1,28,1,39.28333333333333,444.5,3.0,8.39,95.0,3.305555555555556,659.1363068017365,4.84125682203124,0.95,0.5959475566150179,3.131578947368421
2024-09-04 02:00:00,2,36,1,3,32,0,0,1,27,1,28,1,40.28333333333333,504.5,3.0,8.39,90.0,3.138888888888889,660.4863068017366,3.1991226327638724,0.9,0.1191895113230035,3.138888888888889
2024-09-04 03:00:00,3,36,1,3,32,0,0,4,27,1,28,1,41.28333333333333,564.5,3.0,8.39,90.0,3.138888888888889,666.1263068017365,4.321490531055489,0.9,0.4767580452920142,3.138888888888889
2024-09-04 04:00:00,4,38,1,3,34,0,0,4,27,1,28,1,42.28333333333333,624.5,3.0,8.39,95.0,3.305555555555556,676.0563068017366,4.468005457624992,0.95,0.4767580452920142,3.131578947368421
2024-09-04 05:00:00,5,38,2,3,33,0,0,2,27,2,29,2,43.28333333333333,667.0,3.0,8.39,95.0,3.6666666666666665,695.9646136034733,3.7840489931622856,0.95,0.2383790226460071,3.1842105263157894
2024-09-04 06:00:00,6,35,2,3,30,0,0,0,27,2,29,2,44.28333333333333,727.0,3.0,8.39,87.5,3.393939393939394,695.1696136034732,2.8000000000000003,0.875,0.0,3.2
2024-09-04 07:00:00,7,35,1,3,31,0,0,2,27,1,28,1,45.28333333333333,804.5,3.0,8.39,87.5,3.055555555555556,686.5413068017365,3.4991912140303083,0.875,0.2383790226460071,3.142857142857143
2024-09-04 08:00:00,8,38,2,4,32,0,0,5,27,3,30,3,46.28333333333333,813.5,3.0,7.19,95.0,4.066666666666666,727.1529204052098,5.282633042969037,0.95,0.6954102920723227,3.210526315789474
2024-09-04 09:00:00,9,39,2,4,33,0,0,3,26,4,30,4,47.28333333333333,807.0,3.0,7.19,97.5,4.166666666666667,735.8062272069465,4.462327484754467,0.975,0.4172461752433936,3.2051282051282053
2024-09-04 10:00:00,10,41,2,6,33,0,0,9,28,4,32,4,48.28333333333333,791.0,4.0,10.23,102.5,4.15625,772.5362272069465,6.1788731135111945,1.025,0.8797653958944281,3.2439024390243905
2024-09-04 11:00:00,11,39,2,8,29,0,0,7,27,4,31,4,49.28333333333333,808.0,4.0,10.23,97.5,3.583333333333333,760.4862272069465,5.488328069779682,0.975,0.6842619745845552,3.3076923076923075
2024-09-04 12:00:00,12,41,2,7,31,1,0,9,24,4,28,4,50.28333333333333,735.5,4.0,10.23,102.5,2.770833333333333,730.2162272069464,6.1788731135111945,1.025,0.8797653958944281,3.2439024390243905
2024-09-04 13:00:00,13,36,1,6,28,1,0,6,27,2,29,2,51.28333333333333,770.0,4.0,10.23,90.0,2.613636363636364,736.7946136034732,4.748574454219615,0.9,0.5865102639296187,3.1944444444444446
2024-09-04 14:00:00,14,33,1,6,26,0,0,6,24,2,26,2,52.28333333333333,818.0,4.0,10.23,82.5,1.9107142857142856,695.7996136034733,4.576715098196036,0.825,0.5865102639296187,3.242424242424242
2024-09-04 15:00:00,15,30,1,6,23,0,0,6,21,2,23,2,38.9,332.0,4.0,10.23,75.0,1.4411764705882353,573.6826136034732,4.365933528836754,0.75,0.5865102639296187,3.2666666666666666
2024-09-04 16:00:00,16,27,2,7,18,0,0,4,18,2,20,2,39.9,307.5,4.0,10.23,67.5,1.15,532.6876136034732,3.632319611889504,0.675,0.3910068426197458,3.4074074074074074
2024-09-04 17:00:00,17,28,1,8,19,0,0,6,21,2,23,2,40.9,331.0,4.0,10.23,70.0,1.3823529411764706,580.6726136034731,4.318998743192291,0.7,0.5865102639296187,3.357142857142857
2024-09-04 18:00:00,18,29,1,9,18,1,0,7,21,2,23,2,41.9,368.0,4.0,10.23,72.5,1.4264705882352942,588.4576136034732,4.713738328782823,0.725,0.6842619745845552,3.3448275862068964
2024-09-04 19:00:00,19,31,1,8,21,1,0,6,21,1,22,1,42.9,420.0,4.0,10.23,77.5,1.4166666666666667,584.1193068017366,4.479807965187778,0.775,0.5865102639296187,3.290322580645161
2024-09-04 20:00:00,20,35,2,11,21,1,0,9,23,1,24,1,43.9,461.0,4.0,11.79,87.5,1.859375,625.1393068017367,5.570419847328244,0.875,0.7633587786259542,3.4
2024-09-04 21:00:00,21,37,2,9,24,2,0,8,23,2,25,2,44.9,510.0,4.0,11.79,92.5,2.033333333333333,649.3376136034732,5.287351855672467,0.925,0.6785411365564038,3.2972972972972974
2024-09-04 22:00:00,22,39,2,10,26,1,0,7,24,2,26,2,45.9,562.0,3.0,8.75,97.5,3.095238095238096,672.6676136034732,5.916666666666667,0.975,0.8,3.333333333333333
2024-09-04 23:00:00,23,42,2,11,28,1,0,10,22,2,24,2,46.9,622.0,3.0,8.75,105.0,2.9166666666666665,657.9426136034732,7.30952380952381,1.05,1.1428571428571428,3.333333333333333
2024-09-05 00:00:00,0,40,2,12,25,1,0,8,22,1,23,1,23.83333333333333,593.0,3.0,8.75,100.0,2.647058823529412,509.28830680173655,6.460714285714285,1.0,0.9142857142857144,3.375
2024-09-05 01:00:00,1,33,2,13,17,1,0,4,21,1,22,1,24.83333333333333,693.5,3.0,8.75,82.5,2.1296296296296298,486.5133068017366,4.468073593073592,0.825,0.4571428571428571,3.484848484848485
2024-09-05 02:00:00,2,32,2,13,16,1,0,5,21,1,22,1,25.83333333333333,753.5,3.0,8.75,80.0,2.074074074074074,490.00830680173664,4.8,0.8,0.5714285714285714,3.5
2024-09-05 03:00:00,3,26,2,12,11,1,0,0,21,0,21,0,26.83333333333333,854.0,3.0,8.75,65.0,1.631578947368421,468.51,2.325,0.65,0.0,3.576923076923077
2024-09-05 04:00:00,4,28,2,13,11,2,0,2,21,0,21,0,27.83333333333333,914.0,3.0,8.75,70.0,1.736842105263158,478.44000000000005,3.283163265306122,0.7,0.2285714285714285,3.5357142857142856
2024-09-05 05:00:00,5,29,2,13,12,2,0,2,21,0,21,0,28.83333333333333,974.0,3.0,8.75,72.5,1.7894736842105263,486.225,3.3539408866995077,0.725,0.2285714285714285,3.5172413793103448
2024-09-05 06:00:00,6,30,2,13,13,2,0,1,21,0,21,0,29.83333333333333,1034.0,3.0,8.75,75.0,1.8421052631578947,494.01,3.0250000000000004,0.75,0.1142857142857142,3.5
2024-09-05 07:00:00,7,31,2,14,14,1,0,5,22,0,22,0,30.83333333333333,1053.5,3.0,8.75,77.5,2.037037037037037,515.1949999999999,4.777649769585254,0.775,0.5714285714285714,3.548387096774193
2024-09-05 08:00:00,8,32,2,14,15,1,0,3,23,0,23,0,31.83333333333333,1073.0,3.0,6.6,80.0,2.215686274509804,536.38,4.430113636363637,0.8,0.4545454545454546,3.53125
2024-09-05 09:00:00,9,34,3,15,15,1,0,7,22,0,22,0,32.833333333333336,1090.5,3.0,6.6,85.0,2.259259259259259,532.9100000000001,6.855704099821748,0.85,1.0606060606060606,3.588235294117647
2024-09-05 10:00:00,10,37,3,15,19,0,0,10,21,0,21,0,33.833333333333336,1108.0,4.0,10.06,92.5,1.736842105263158,531.585,6.846289828595992,0.925,0.9940357852882704,3.5675675675675675
2024-09-05 11:00:00,11,36,3,12,21,0,0,10,21,0,21,0,25.03333333333333,908.0,4.0,10.06,90.0,1.6578947368421053,479.808,6.629125248508947,0.9,0.9940357852882704,3.5
2024-09-05 12:00:00,12,34,2,13,18,1,0,7,18,0,18,0,26.03333333333333,247.0,4.0,10.06,85.0,1.3409090909090908,440.958,5.364922231317975,0.85,0.6958250497017894,3.4705882352941178
2024-09-05 13:00:00,13,30,2,10,18,0,0,5,17,0,17,0,26.166666666666668,247.0,4.0,10.06,75.0,1.1304347826086956,419.73,4.322995361166336,0.75,0.4970178926441352,3.466666666666667
2024-09-05 14:00:00,14,29,2,10,17,0,0,5,16,0,16,0,25.866666666666667,303.0,4.0,10.06,72.5,1.0520833333333333,402.49300000000005,4.255993350243368,0.725,0.4970178926441352,3.4827586206896552
2024-09-05 15:00:00,15,31,2,10,19,0,0,6,16,1,17,1,26.866666666666667,294.0,4.0,10.06,77.5,1.1630434782608696,426.6913068017366,4.733616045661515,0.775,0.5964214711729623,3.4516129032258065
2024-09-05 16:00:00,16,25,2,9,14,0,0,6,11,3,14,3,20.28333333333333,246.0,4.0,10.06,62.5,0.8461538461538461,338.22792040520983,4.299403578528827,0.625,0.5964214711729623,3.52
2024-09-05 17:00:00,17,31,1,11,17,2,0,9,12,4,16,4,21.28333333333333,241.0,4.0,10.06,77.5,1.0833333333333333,384.4062272069465,5.601346758160713,0.775,0.8946322067594434,3.3548387096774195
2024-09-05 18:00:00,18,29,1,11,16,1,0,5,14,3,17,3,22.28333333333333,255.0,4.0,10.06,72.5,1.076086956521739,398.2879204052098,4.1717162541989445,0.725,0.4970178926441352,3.413793103448276
2024-09-05 19:00:00,19,26,1,7,17,1,0,5,12,3,15,3,23.133333333333333,287.0,4.0,10.06,65.0,0.86,369.8469204052098,3.793982260284447,0.65,0.4970178926441352,3.3076923076923075
2024-09-05 20:00:00,20,26,1,5,18,2,0,8,11,2,13,2,10.983333333333333,347.0,4.0,10.41,65.0,0.7685185185185185,273.65261360347324,4.528262395625508,0.65,0.7684918347742555,3.1923076923076925
2024-09-05 21:00:00,21,34,1,6,25,2,0,15,10,3,13,3,11.983333333333333,407.0,4.0,10.41,85.0,1.0,297.32092040520985,7.2770469571113745,0.85,1.440922190201729,3.176470588235294
2024-09-05 22:00:00,22,30,0,7,21,2,0,7,11,1,12,1,12.983333333333333,527.0,3.0,6.95,75.0,1.130952380952381,279.2443068017366,5.564448441247002,0.75,1.0071942446043165,3.1666666666666665
2024-09-05 23:00:00,23,30,0,6,24,0,0,8,14,1,15,1,13.983333333333333,478.0,3.0,6.95,75.0,1.28,325.0843068017366,6.0834532374100725,0.75,1.1510791366906474,3.2
2024-09-06 00:00:00,0,28,0,6,20,2,0,6,14,1,15,1,14.983333333333333,538.0,3.0,6.95,70.0,1.1733333333333331,326.43430680173657,4.913257965056526,0.7,0.8633093525179856,3.142857142857143
2024-09-06 01:00:00,1,25,0,5,20,0,0,3,14,1,15,1,15.983333333333333,598.0,3.0,6.95,62.5,1.0666666666666669,325.6393068017366,3.3812949640287773,0.625,0.4316546762589928,3.2
2024-09-06 02:00:00,2,21,0,5,16,0,0,4,14,1,15,1,16.983333333333334,658.0,3.0,6.95,52.5,0.9066666666666666,322.6993068017366,3.563651935594381,0.525,0.5755395683453237,3.238095238095238
2024-09-06 03:00:00,3,22,0,5,17,0,0,6,14,1,15,1,17.983333333333334,718.0,3.0,6.95,55.00000000000001,0.9466666666666668,330.48430680173664,4.561134728580772,0.55,0.8633093525179856,3.227272727272727
2024-09-06 04:00:00,4,22,0,5,17,0,0,1,14,1,15,1,18.98333333333333,778.0,3.0,6.95,55.00000000000001,0.9466666666666668,336.1243068017366,2.239355788096795,0.55,0.1438848920863309,3.227272727272727
2024-09-06 05:00:00,5,21,0,5,16,0,0,2,14,1,15,1,19.98333333333333,838.0,3.0,6.95,52.5,0.9066666666666666,339.6193068017366,2.631825967797191,0.525,0.2877697841726618,3.238095238095238
2024-09-06 06:00:00,6,24,0,6,18,0,0,5,14,1,15,1,20.98333333333333,898.0,3.0,6.95,60.0,1.04,351.6943068017366,4.2881294964028775,0.6,0.7194244604316546,3.25
2024-09-06 07:00:00,7,19,0,6,13,0,0,0,14,1,15,1,21.98333333333333,958.0,3.0,6.95,47.5,0.84,346.60930680173664,1.575,0.475,0.0,3.3157894736842106
2024-09-06 08:00:00,8,25,0,7,18,0,0,7,18,1,19,1,22.98333333333333,702.0,3.0,7.74,62.5,1.3015873015873016,418.7193068017366,5.01640826873385,0.625,0.9043927648578812,3.28
2024-09-06 09:00:00,9,34,2,10,21,1,0,13,20,1,21,1,22.9,655.0,3.0,7.74,85.0,2.017543859649123,464.3543068017366,8.555954552363582,0.85,1.6795865633074936,3.3823529411764706
2024-09-06 10:00:00,10,37,2,9,26,0,0,9,22,0,22,0,23.9,675.5,4.0,11.44,92.5,1.7222222222222223,488.961,5.736552636552636,0.925,0.7867132867132867,3.3513513513513518
2024-09-06 11:00:00,11,45,2,10,33,0,0,11,27,0,27,0,24.9,197.0,4.0,11.44,112.5,2.8653846153846154,578.761,6.908760683760684,1.125,0.9615384615384616,3.311111111111111
2024-09-06 12:00:00,12,48,4,9,35,0,0,9,26,3,29,3,25.466666666666665,228.0,4.0,11.44,120.0,3.659090909090909,617.7969204052098,6.663767482517482,1.2,0.7867132867132867,3.3541666666666665
2024-09-06 13:00:00,13,48,4,10,33,1,0,9,28,4,32,4,26.466666666666665,220.0,4.0,11.44,120.0,5.03125,664.5052272069465,6.663767482517482,1.2,0.7867132867132867,3.3541666666666665
2024-09-06 14:00:00,14,50,4,10,33,3,0,14,27,3,30,3,27.466666666666665,204.5,4.0,11.44,125.0,4.125,646.7669204052098,8.163461538461538,1.25,1.2237762237762235,3.3
2024-09-06 15:00:00,15,46,3,9,32,2,0,8,25,2,27,2,28.466666666666665,273.0,4.0,11.44,115.0,2.9038461538461537,602.7586136034732,6.07053055640012,1.15,0.6993006993006993,3.282608695652174
2024-09-06 16:00:00,16,46,1,7,37,1,0,11,20,2,22,2,29.466666666666665,260.5,4.0,11.44,115.0,2.0277777777777777,541.3986136034732,6.701839464882942,1.15,0.9615384615384616,3.1739130434782608
2024-09-06 17:00:00,17,40,1,6,32,1,0,9,22,2,24,2,30.466666666666665,285.0,4.0,11.44,100.0,1.984375,560.9686136034733,5.672814685314685,1.0,0.7867132867132867,3.175
2024-09-06 18:00:00,18,33,1,5,24,3,0,10,22,2,24,2,31.466666666666665,307.0,4.0,11.44,82.5,1.609375,551.5936136034732,5.303332273786818,0.825,0.8741258741258741,3.121212121212121
2024-09-06 19:00:00,19,32,0,4,26,2,0,6,20,2,22,2,10.633333333333333,348.0,4.0,11.44,80.0,1.3611111111111112,405.1486136034732,4.0562062937062935,0.8,0.5244755244755244,3.0625
2024-09-06 20:00:00,20,31,1,4,25,1,0,7,19,2,21,2,11.633333333333333,407.0,4.0,10.8,77.5,1.2894736842105263,395.2436136034733,4.498984468339307,0.775,0.6481481481481481,3.161290322580645
2024-09-06 21:00:00,21,35,1,5,29,0,0,11,20,2,22,2,12.633333333333333,453.5,4.0,10.8,87.5,1.5555555555555556,422.86361360347325,6.059259259259259,0.875,1.0185185185185184,3.2
2024-09-06 22:00:00,22,31,0,4,27,0,0,8,19,2,21,2,13.633333333333333,527.0,3.0,7.1,77.5,1.7017543859649122,406.5236136034733,5.95067014993185,0.775,1.1267605633802815,3.129032258064516
2024-09-06 23:00:00,23,30,0,5,23,2,0,7,19,2,21,2,14.633333333333333,560.0,3.0,7.1,75.0,1.631578947368421,410.0186136034732,5.381338028169014,0.75,0.9859154929577464,3.1
2024-09-07 00:00:00,0,39,0,7,30,2,0,13,20,2,22,2,15.633333333333333,586.5,3.0,7.1,97.5,2.259259259259259,448.36361360347325,8.777699530516431,0.975,1.8309859154929575,3.128205128205128
2024-09-07 01:00:00,1,41,0,7,31,3,0,7,19,1,20,1,16.633333333333333,693.5,3.0,7.1,102.5,2.1166666666666667,430.6253068017366,6.228933356234971,1.025,0.9859154929577464,3.097560975609756
2024-09-07 02:00:00,2,33,0,6,24,3,0,1,19,1,20,1,17.633333333333333,753.5,3.0,7.1,82.5,1.7,419.1053068017366,2.985339308578745,0.825,0.1408450704225352,3.090909090909091
2024-09-07 03:00:00,3,35,0,6,27,2,0,6,20,1,21,1,18.633333333333333,800.0,3.0,7.1,87.5,1.912280701754386,442.4353068017366,5.356790744466801,0.875,0.8450704225352114,3.1142857142857143
2024-09-07 04:00:00,4,33,0,6,25,2,0,2,21,1,22,1,19.633333333333333,826.5,3.0,7.1,82.5,1.9074074074074077,457.1853068017366,3.4542146820315835,0.825,0.2816901408450704,3.121212121212121
2024-09-07 05:00:00,5,33,0,6,25,2,0,1,21,1,22,1,20.633333333333333,886.5,3.0,7.1,82.5,1.9074074074074077,462.8253068017366,3.0146073410157914,0.825,0.1408450704225352,3.121212121212121
2024-09-07 06:00:00,6,30,0,6,23,1,0,2,21,2,23,2,21.633333333333333,913.0,3.0,7.1,75.0,1.862745098039216,476.2986136034732,3.267018779342723,0.75,0.2816901408450704,3.1666666666666665
2024-09-07 07:00:00,7,33,2,5,25,1,0,4,21,3,24,3,22.633333333333333,918.5,3.0,7.1,82.5,2.2291666666666665,502.64192040520993,4.50171788305591,0.825,0.5633802816901409,3.242424242424242
2024-09-07 08:00:00,8,32,2,4,25,1,0,3,21,3,24,3,23.633333333333333,978.5,3.0,8.32,80.0,2.145833333333333,506.1369204052098,3.7356069711538464,0.8,0.3605769230769231,3.21875
2024-09-07 09:00:00,9,36,2,4,29,1,0,7,19,3,22,3,24.633333333333333,993.0,3.0,8.32,90.0,2.1296296296296298,493.5569204052099,5.562633547008548,0.9,0.8413461538461539,3.1944444444444446
2024-09-07 10:00:00,10,25,2,3,20,0,0,2,16,3,19,3,25.633333333333333,1052.0,4.0,12.19,62.5,0.9761904761904762,435.4019204052098,2.5881460213289578,0.625,0.1640689089417555,3.28
2024-09-07 11:00:00,11,22,2,3,17,0,0,9,14,3,17,3,26.633333333333333,730.0,4.0,12.19,55.00000000000001,0.7934782608695652,407.8069204052098,4.274847117607577,0.55,0.7383100902378998,3.3181818181818183
2024-09-07 12:00:00,12,26,2,2,22,0,0,12,11,4,15,4,26.316666666666663,322.0,4.0,12.19,65.0,0.84,388.66922720694646,5.280412696409415,0.65,0.9844134536505332,3.230769230769231
2024-09-07 13:00:00,13,26,2,2,22,0,0,7,9,4,13,4,27.316666666666663,286.0,4.0,12.19,65.0,0.7777777777777778,367.5092272069464,3.955240739572159,0.65,0.5742411812961443,3.230769230769231
2024-09-07 14:00:00,14,21,1,3,16,1,0,8,7,2,9,2,13.0,192.0,4.0,12.19,52.5,0.5403225806451613,220.7016136034732,3.7688317903043087,0.525,0.6562756357670221,3.1904761904761907
2024-09-07 15:00:00,15,26,1,3,13,8,1,14,7,2,9,2,8.366666666666667,224.0,4.0,12.19,65.0,0.5887096774193549,205.29461360347324,5.049585094970656,0.65,1.1484823625922886,2.8076923076923075
2024-09-07 16:00:00,16,22,3,3,13,2,1,8,7,2,9,2,9.366666666666667,135.0,4.0,12.19,55.00000000000001,0.5725806451612904,202.35461360347324,3.892980460884481,0.55,0.6562756357670221,3.227272727272727
2024-09-07 17:00:00,17,26,3,5,16,2,0,11,9,2,11,2,10.366666666666667,135.0,4.0,12.19,65.0,0.75,243.3746136034732,5.194498958793463,0.65,0.9023789991796554,3.3461538461538463
2024-09-07 18:00:00,18,21,2,3,15,1,0,6,10,0,10,0,9.766666666666667,148.5,4.0,12.19,52.5,0.575,214.129,3.342250673854447,0.525,0.4922067268252665,3.2857142857142856
2024-09-07 19:00:00,19,18,2,2,14,0,0,5,8,0,8,0,10.766666666666667,208.5,4.0,12.19,45.0,0.46875,186.534,2.867240907847963,0.45,0.4101722723543888,3.333333333333333
2024-09-07 20:00:00,20,21,2,2,17,0,0,8,11,0,11,0,11.766666666666667,201.0,4.0,11.09,52.5,0.5948275862068966,238.809,4.095217699343038,0.525,0.721370604147881,3.2857142857142856
2024-09-07 21:00:00,21,26,2,3,20,1,0,7,12,0,12,0,12.766666666666667,252.5,4.0,11.09,65.0,0.75,268.574,4.139259207879587,0.65,0.6311992786293958,3.230769230769231
2024-09-07 22:00:00,22,23,2,2,18,1,0,7,10,0,10,0,13.766666666666667,342.0,3.0,7.220000000000001,57.49999999999999,0.8222222222222222,240.979,4.969354450198723,0.575,0.969529085872576,3.217391304347826
2024-09-07 23:00:00,23,20,2,4,13,1,0,5,8,0,8,0,12.65,402.0,3.0,7.220000000000001,50.0,0.6979166666666666,201.446,3.994944598337951,0.5,0.6925207756232686,3.35
2024-09-08 00:00:00,0,23,2,3,16,2,0,9,8,0,8,0,13.65,462.0,3.0,7.220000000000001,57.49999999999999,0.7708333333333334,213.521,5.86059857882693,0.575,1.2465373961218835,3.217391304347826
2024-09-08 01:00:00,1,19,2,2,14,1,0,4,8,0,8,0,14.65,522.0,3.0,7.220000000000001,47.5,0.6458333333333334,210.581,3.35784370899548,0.475,0.5540166204986149,3.263157894736842
2024-09-08 02:00:00,2,16,2,1,12,1,0,2,8,0,8,0,15.65,582.0,3.0,7.220000000000001,40.0,0.5416666666666666,209.786,2.200277008310249,0.4,0.2770083102493074,3.25
2024-09-08 03:00:00,3,17,2,1,13,1,0,4,8,0,8,0,16.65,642.0,3.0,7.220000000000001,42.5,0.5729166666666666,217.571,3.167406713377872,0.425,0.5540166204986149,3.235294117647059
2024-09-08 04:00:00,4,15,2,2,10,1,0,2,7,0,7,0,14.2,681.0,3.0,7.220000000000001,37.5,0.5050505050505051,186.063,2.1733610341643583,0.375,0.2770083102493074,3.333333333333333
2024-09-08 05:00:00,5,15,2,2,10,1,0,1,7,0,7,0,15.2,741.0,3.0,7.220000000000001,37.5,0.5050505050505051,191.703,1.7116805170821792,0.375,0.1385041551246537,3.333333333333333
2024-09-08 06:00:00,6,19,2,3,13,1,0,5,8,0,8,0,16.2,712.5,3.0,7.220000000000001,47.5,0.65625,219.323,3.871253098119259,0.475,0.6925207756232686,3.3157894736842106
2024-09-08 07:00:00,7,20,2,2,15,1,0,4,8,0,8,0,16.25,772.5,3.0,7.220000000000001,50.0,0.6770833333333334,221.75,3.4255540166204987,0.5,0.5540166204986149,3.25
2024-09-08 08:00:00,8,19,3,1,14,1,0,3,8,0,8,0,17.25,832.5,3.0,6.779999999999999,47.5,0.65625,225.245,3.0421634839310667,0.475,0.4424778761061947,3.3157894736842106
2024-09-08 09:00:00,9,21,2,2,15,2,0,7,6,0,6,0,18.25,892.5,3.0,6.779999999999999,52.5,0.6568627450980392,208.375,4.969001966568339,0.525,1.032448377581121,3.1904761904761907
2024-09-08 10:00:00,10,25,2,2,19,2,0,9,10,0,10,0,19.25,514.0,4.0,10.12,62.5,0.6583333333333333,276.195,4.785276679841898,0.625,0.8893280632411068,3.16
2024-09-08 11:00:00,11,26,2,2,19,3,0,11,10,0,10,0,20.25,574.0,4.0,10.12,65.0,0.675,283.98,5.411287625418061,0.65,1.0869565217391306,3.1153846153846154
2024-09-08 12:00:00,12,32,2,3,23,4,0,12,10,0,10,0,21.25,634.0,4.0,10.12,80.0,0.825,302.49,6.143478260869565,0.8,1.1857707509881423,3.09375
2024-09-08 13:00:00,13,29,2,3,22,2,0,5,9,0,9,0,22.25,966.0,4.0,10.12,72.5,0.7419354838709677,288.295,3.867398119122257,0.725,0.4940711462450593,3.1724137931034484
2024-09-08 14:00:00,14,31,2,4,24,1,0,11,10,0,10,0,23.25,754.0,4.0,10.12,77.5,0.8333333333333334,311.625,6.006311360448809,0.775,1.0869565217391306,3.225806451612903
2024-09-08 15:00:00,15,36,2,6,26,2,0,16,13,0,13,0,24.25,350.0,4.0,10.12,90.0,1.0740740740740742,368.19,7.994422485726834,0.9,1.58102766798419,3.2222222222222223
2024-09-08 16:00:00,16,33,2,6,25,0,0,4,13,0,13,0,25.25,410.0,4.0,10.12,82.5,1.0092592592592593,367.395,4.030545574320279,0.825,0.3952569169960475,3.303030303030303
2024-09-08 17:00:00,17,31,2,6,23,0,0,9,13,0,13,0,26.25,470.0,4.0,10.12,77.5,0.9537037037037036,368.745,5.5298642101236775,0.775,0.8893280632411068,3.3225806451612905
2024-09-08 18:00:00,18,28,2,2,23,1,0,9,11,0,11,0,27.25,722.0,4.0,10.12,70.0,0.7672413793103449,341.15,5.051792772444946,0.7,0.8893280632411068,3.1785714285714284
2024-09-08 19:00:00,19,30,2,3,24,1,0,12,11,1,12,1,28.25,686.0,4.0,10.12,75.0,0.8571428571428571,365.3483068017366,6.194466403162056,0.75,1.1857707509881423,3.2
2024-09-08 20:00:00,20,29,2,3,22,2,0,10,14,1,15,1,29.25,634.0,4.0,10.35,72.5,0.92,409.0433068017367,5.365134099616858,0.725,0.9661835748792272,3.1724137931034484
2024-09-08 21:00:00,21,32,2,5,23,2,0,12,14,2,16,2,30.25,626.0,4.0,10.35,80.0,1.0729166666666667,435.3866136034733,6.306884057971015,0.8,1.1594202898550725,3.21875
2024-09-08 22:00:00,22,32,2,5,23,2,0,12,12,2,14,2,31.25,762.0,3.0,7.01,80.0,1.3205128205128205,414.2266136034732,8.084985734664764,0.8,1.7118402282453635,3.21875
2024-09-08 23:00:00,23,30,2,5,21,2,0,8,12,2,14,2,32.25,822.0,3.0,7.01,75.0,1.2435897435897436,415.5766136034732,6.114966714217784,0.75,1.1412268188302426,3.2333333333333334
2024-09-09 00:00:00,0,34,2,6,25,1,0,8,12,3,15,3,33.25,874.0,3.0,7.01,85.0,1.48,444.0649204052098,6.500769908534027,0.85,1.1412268188302426,3.264705882352941
2024-09-09 01:00:00,1,27,2,7,18,0,0,4,12,3,15,3,34.25,934.0,3.0,7.01,67.5,1.2266666666666666,434.6899204052098,4.244312358007081,0.675,0.5706134094151213,3.4074074074074074
2024-09-09 02:00:00,2,27,2,6,18,1,0,3,12,2,14,2,35.25,1002.0,3.0,7.01,67.5,1.1538461538461535,426.0616136034732,3.6765335235378034,0.675,0.4279600570613409,3.333333333333333
2024-09-09 03:00:00,3,27,2,6,18,1,0,3,12,2,14,2,36.25,1062.0,3.0,7.01,67.5,1.1538461538461535,431.7016136034732,3.6765335235378034,0.675,0.4279600570613409,3.333333333333333
2024-09-09 04:00:00,4,23,2,4,16,1,0,0,12,2,14,2,37.25,1122.0,3.0,7.01,57.49999999999999,0.9743589743589745,428.7616136034732,1.9,0.575,0.0,3.3043478260869565
2024-09-09 05:00:00,5,24,2,3,16,3,0,3,12,1,13,1,38.25,1190.0,3.0,7.01,60.0,0.9382716049382716,422.2783068017366,3.255206847360913,0.6,0.4279600570613409,3.1666666666666665
2024-09-09 06:00:00,6,24,2,3,17,2,0,2,12,1,13,1,39.25,1250.0,3.0,7.01,60.0,0.9506172839506172,427.9183068017366,2.840359010936757,0.6,0.2853067047075606,3.208333333333333
2024-09-09 07:00:00,7,24,2,3,18,1,0,3,12,1,13,1,40.25,1310.0,3.0,7.01,60.0,0.9629629629629628,433.5583068017367,3.3408701854493583,0.6,0.4279600570613409,3.25
2024-09-09 08:00:00,8,26,2,3,19,2,0,6,13,1,14,1,41.25,1362.0,3.0,7.68,65.0,1.064102564102564,456.8883068017366,4.568990384615384,0.65,0.78125,3.1923076923076925
2024-09-09 09:00:00,9,28,2,5,20,1,0,5,13,1,14,1,42.25,1422.0,3.0,7.68,70.0,1.1794871794871795,466.81830680173664,4.439136904761905,0.7,0.6510416666666667,3.2857142857142856
2024-09-09 10:00:00,10,34,2,5,24,3,0,11,14,1,15,1,43.25,1474.0,4.0,11.38,85.0,1.08,498.7283068017366,5.77040215031531,0.85,0.966608084358524,3.176470588235294
2024-09-09 11:00:00,11,37,2,5,27,3,0,8,14,2,16,2,43.9,1340.0,4.0,11.38,92.5,1.21875,523.0976136034732,5.147961098180782,0.925,0.70298769771529,3.1621621621621623
2024-09-09 12:00:00,12,36,2,5,26,3,0,8,16,2,18,2,44.9,1004.5,4.0,11.38,90.0,1.2954545454545454,553.3926136034733,5.076127709431752,0.9,0.70298769771529,3.1666666666666665
2024-09-09 13:00:00,13,40,2,7,29,2,0,8,17,3,20,3,45.9,936.0,4.0,11.38,100.0,1.6125,595.2809204052098,5.492135325131811,1.0,0.70298769771529,3.225
2024-09-09 14:00:00,14,39,2,5,31,1,0,6,16,3,19,3,46.9,923.0,4.0,11.38,97.5,1.488095238095238,585.3759204052099,4.814874273354063,0.975,0.5272407732864676,3.2051282051282053
2024-09-09 15:00:00,15,37,1,4,29,3,0,8,15,2,17,2,46.35,267.0,4.0,11.38,92.5,1.2391304347826086,550.3156136034733,5.015962095663326,0.925,0.70298769771529,3.081081081081081
2024-09-09 16:00:00,16,38,1,4,31,2,0,8,17,2,19,2,47.35,322.0,4.0,11.38,95.0,1.4047619047619049,584.9006136034732,5.132961798168532,0.95,0.70298769771529,3.1052631578947367
2024-09-09 17:00:00,17,42,1,4,30,5,2,11,19,2,21,2,48.35,343.0,4.0,11.38,105.0,1.618421052631579,625.9206136034733,5.905780818478534,1.05,0.966608084358524,2.9285714285714284
2024-09-09 18:00:00,18,47,1,3,33,8,2,11,19,2,21,2,49.35,403.0,4.0,11.38,117.5,1.763157894736842,642.2856136034733,6.105861346894515,1.175,0.966608084358524,2.851063829787234
2024-09-09 19:00:00,19,40,0,3,31,6,0,9,18,1,19,1,50.35,463.0,4.0,11.38,100.0,1.3928571428571428,605.2423068017365,5.238268892794376,1.0,0.7908611599297013,2.925
2024-09-09 20:00:00,20,34,0,3,28,2,1,6,19,1,20,1,51.35,512.5,4.0,11.13,85.0,1.2625,611.4123068017366,4.126395275091169,0.85,0.5390835579514826,2.9705882352941178
2024-09-09 21:00:00,21,33,0,3,24,4,2,11,20,1,21,1,52.35,340.0,4.0,11.13,82.5,1.236842105263158,628.3073068017367,5.165214135968854,0.825,0.9883198562443848,2.8484848484848486
2024-09-09 22:00:00,22,31,0,3,25,2,1,10,18,1,19,1,53.35,400.0,3.0,7.43,77.5,1.4603174603174602,602.8573068017366,6.294269092172102,0.775,1.3458950201884254,2.967741935483871
2024-09-09 23:00:00,23,34,1,4,26,2,1,8,20,1,21,1,54.35,380.0,3.0,7.43,85.0,1.824561403508772,641.7323068017366,5.893484284696381,0.85,1.0767160161507403,3.0588235294117645
2024-09-10 00:00:00,0,35,1,4,28,1,1,10,20,1,21,1,55.35,440.0,3.0,7.43,87.5,1.894736842105263,649.5173068017366,6.853047490867143,0.875,1.3458950201884254,3.085714285714286
2024-09-10 01:00:00,1,37,1,4,28,3,1,5,20,1,21,1,56.35,500.0,3.0,7.43,92.5,1.9649122807017545,659.4473068017367,4.837030300825725,0.925,0.6729475100942127,3.027027027027027
2024-09-10 02:00:00,2,32,1,4,24,2,1,2,20,1,21,1,57.35,560.0,3.0,7.43,80.0,1.719298245614035,654.3623068017366,3.2743606998654107,0.8,0.2691790040376851,3.0625
2024-09-10 03:00:00,3,32,1,4,25,1,1,2,20,1,21,1,58.35,620.0,3.0,7.43,80.0,1.736842105263158,660.0023068017367,3.307772543741589,0.8,0.2691790040376851,3.09375
2024-09-10 04:00:00,4,33,1,4,26,1,1,2,20,1,21,1,59.35,680.0,3.0,7.43,82.5,1.7894736842105263,667.7873068017366,3.3820078306619354,0.825,0.2691790040376851,3.090909090909091
2024-09-10 05:00:00,5,33,1,4,26,1,1,0,20,1,21,1,60.35,740.0,3.0,7.43,82.5,1.7894736842105263,673.4273068017367,2.55,0.825,0.0,3.090909090909091
2024-09-10 06:00:00,6,35,1,4,27,2,1,4,20,1,21,1,61.35,800.0,3.0,7.43,87.5,1.8771929824561404,683.3573068017366,4.320837338973274,0.875,0.5383580080753702,3.057142857142857
2024-09-10 07:00:00,7,36,1,4,28,2,1,2,20,1,21,1,62.35,860.0,3.0,7.43,90.0,1.9298245614035088,691.1423068017366,3.57249140122626,0.9,0.2691790040376851,3.055555555555556
2024-09-10 08:00:00,8,38,2,4,29,2,1,5,21,2,23,2,63.35,826.0,3.0,6.619999999999999,95.0,2.313725490196078,728.7406136034732,5.2953649228812205,0.95,0.7552870090634441,3.1052631578947367
2024-09-10 09:00:00,9,40,1,4,32,2,1,9,20,1,21,1,64.35,790.0,3.0,6.619999999999999,100.0,2.1403508771929824,711.0023068017366,7.1965256797583095,1.0,1.3595166163141996,3.05
2024-09-10 10:00:00,10,45,1,4,37,2,1,8,22,1,23,1,65.35,825.0,4.0,9.94,112.5,2.014705882352941,754.1673068017366,5.875257098144422,1.125,0.8048289738430584,3.0444444444444443
2024-09-10 11:00:00,11,43,1,4,36,1,1,6,23,1,24,1,66.35,872.0,4.0,9.94,107.5,2.0625,768.9173068017366,5.152978335127042,1.075,0.6036217303822938,3.069767441860465
2024-09-10 12:00:00,12,38,1,2,33,1,1,5,22,0,22,0,67.35,875.5,4.0,9.94,95.0,1.5972222222222223,736.164,4.397291644604469,0.95,0.5030181086519115,3.026315789473684
2024-09-10 13:00:00,13,38,1,2,33,1,1,7,20,0,20,0,68.35,872.5,4.0,9.94,95.0,1.4375,715.0039999999999,5.0062083024462565,0.95,0.7042253521126761,3.026315789473684
2024-09-10 14:00:00,14,40,1,2,31,5,1,10,18,0,18,0,25.98333333333333,248.0,4.0,9.94,100.0,1.3295454545454546,453.546,5.867655935613682,1.0,1.006036217303823,2.925
2024-09-10 15:00:00,15,39,1,3,34,1,0,11,17,1,18,1,22.78333333333333,289.0,4.0,9.94,97.5,1.375,434.2213068017366,6.458421039054842,0.975,1.1066398390342054,3.102564102564102
2024-09-10 16:00:00,16,41,1,3,34,3,0,10,16,1,17,1,23.78333333333333,282.0,4.0,9.94,102.5,1.358695652173913,430.75130680173663,6.1921835893409245,1.025,1.006036217303823,3.048780487804878
2024-09-10 17:00:00,17,38,1,3,33,1,0,8,17,2,19,2,21.166666666666668,208.0,4.0,9.94,95.0,1.4047619047619049,437.2266136034732,5.449205760881076,0.95,0.8048289738430584,3.1052631578947367
2024-09-10 18:00:00,18,37,1,5,28,3,0,7,16,2,18,2,22.166666666666668,335.0,4.0,9.94,92.5,1.306818181818182,427.3216136034732,5.063808526836696,0.925,0.7042253521126761,3.108108108108108
2024-09-10 19:00:00,19,30,1,5,22,2,0,4,14,3,17,3,23.166666666666668,328.0,4.0,9.94,75.0,1.0326086956521738,405.4149204052098,3.6493125419181753,0.75,0.4024144869215292,3.1666666666666665
2024-09-10 20:00:00,20,33,1,5,25,2,0,9,16,2,18,2,24.166666666666668,355.0,4.0,11.34,82.5,1.181818181818182,430.02161360347327,5.101202501202501,0.825,0.7936507936507936,3.1515151515151514
2024-09-10 21:00:00,21,34,2,5,26,1,0,9,18,1,19,1,25.166666666666668,395.0,4.0,11.34,85.0,1.3095238095238095,450.33830680173656,5.317693744164332,0.85,0.7936507936507936,3.235294117647059
2024-09-10 22:00:00,22,39,2,8,26,3,0,11,17,1,18,1,23.78333333333333,428.0,3.0,8.02,97.5,1.9090909090909087,439.8613068017367,7.581229618262038,0.975,1.371571072319202,3.230769230769231
2024-09-10 23:00:00,23,40,1,7,30,2,0,9,16,0,16,0,23.166666666666668,488.0,3.0,8.02,100.0,1.7638888888888888,410.86,6.737967581047381,1.0,1.1221945137157108,3.175
2024-09-11 00:00:00,0,33,1,4,27,1,0,6,17,0,17,0,24.166666666666668,531.0,3.0,8.02,82.5,1.5072463768115942,414.8850000000001,4.957742008614827,0.825,0.7481296758104738,3.1515151515151514
2024-09-11 01:00:00,1,32,1,4,26,1,0,2,17,0,17,0,25.166666666666668,591.0,3.0,8.02,80.0,1.463768115942029,418.38,3.312094763092269,0.8,0.2493765586034912,3.15625
2024-09-11 02:00:00,2,28,1,4,22,1,0,1,17,0,17,0,26.166666666666668,651.0,3.0,8.02,70.0,1.289855072463768,415.44000000000005,2.6213306020662626,0.7,0.1246882793017456,3.1785714285714284
2024-09-11 03:00:00,3,30,1,5,23,1,0,3,17,0,17,0,27.166666666666668,711.0,3.0,8.02,75.0,1.391304347826087,425.37,3.5970074812967585,0.75,0.3740648379052369,3.2
2024-09-11 04:00:00,4,28,1,6,20,1,0,2,19,0,19,0,28.166666666666668,746.0,3.0,8.02,70.0,1.4444444444444444,453.52,3.0854738154613464,0.7,0.2493765586034912,3.25
2024-09-11 05:00:00,5,34,1,5,26,2,0,7,21,0,21,0,29.166666666666668,584.0,3.0,8.02,85.0,1.8771929824561404,498.83,5.4218094469708085,0.85,0.8728179551122195,3.147058823529412
2024-09-11 06:00:00,6,30,1,5,23,1,0,0,21,0,21,0,30.166666666666668,644.0,3.0,8.02,75.0,1.6842105263157894,495.89,2.4000000000000004,0.75,0.0,3.2
2024-09-11 07:00:00,7,30,1,4,24,1,0,2,21,0,21,0,31.166666666666668,704.0,3.0,8.02,75.0,1.6666666666666667,501.53,3.1646924355777224,0.75,0.2493765586034912,3.1666666666666665
2024-09-11 08:00:00,8,34,1,5,25,3,0,5,21,0,21,0,32.166666666666664,764.0,3.0,8.19,85.0,1.8596491228070176,515.75,4.553325432737198,0.85,0.6105006105006106,3.117647058823529
2024-09-11 09:00:00,9,36,2,4,25,4,1,10,18,1,19,1,33.166666666666664,812.0,3.0,8.19,90.0,1.746031746031746,499.7483068017366,6.480837064170397,0.9,1.221001221001221,3.055555555555556
2024-09-11 10:00:00,10,43,3,5,29,5,1,11,19,1,20,1,34.166666666666664,689.0,4.0,11.28,107.5,1.6625,533.8033068017367,6.341246082797296,1.075,0.975177304964539,3.0930232558139537
2024-09-11 11:00:00,11,47,2,4,37,3,1,11,21,1,22,1,35.166666666666664,576.0,4.0,11.28,117.5,2.0,574.8233068017366,6.587777274784971,1.175,0.975177304964539,3.0638297872340425
2024-09-11 12:00:00,12,37,2,6,28,1,0,8,19,2,21,2,36.16666666666666,208.0,4.0,11.28,92.5,1.5789473684210529,546.4816136034733,5.30017251293847,0.925,0.7092198581560284,3.2432432432432434
2024-09-11 13:00:00,13,29,2,5,20,2,0,8,16,1,17,1,25.7,172.0,4.0,11.28,72.5,1.0217391304347827,415.8213068017366,4.648850574712643,0.725,0.7092198581560284,3.2413793103448274
2024-09-11 14:00:00,14,27,0,4,19,3,1,6,11,1,12,1,26.7,214.5,4.0,11.28,67.5,0.7142857142857143,350.1713068017366,3.5760441292356187,0.675,0.5319148936170213,2.962962962962963
2024-09-11 15:00:00,15,22,0,5,15,2,0,6,7,1,8,1,6.216666666666667,202.0,4.0,11.28,55.00000000000001,0.5390625,170.32030680173665,3.3932785299806576,0.55,0.5319148936170213,3.136363636363636
2024-09-11 16:00:00,16,19,0,8,9,2,0,8,6,1,7,1,6.966666666666667,249.0,4.0,11.28,47.5,0.4772727272727273,154.7153068017366,3.926623740201568,0.475,0.7092198581560284,3.3157894736842106
2024-09-11 17:00:00,17,23,0,8,14,1,0,6,9,1,10,1,7.966666666666667,291.5,4.0,11.28,57.49999999999999,0.6333333333333333,209.1353068017366,3.657631822386679,0.575,0.5319148936170213,3.3043478260869565
2024-09-11 18:00:00,18,26,0,9,16,1,0,8,12,1,13,1,8.966666666666667,148.0,4.0,11.28,65.0,0.7962962962962963,261.4103068017366,4.495881069285325,0.65,0.7092198581560284,3.3076923076923075
2024-09-11 19:00:00,19,28,0,9,18,1,0,6,12,1,13,1,9.966666666666669,208.0,4.0,11.28,70.0,0.8518518518518519,271.34030680173663,4.047720364741641,0.7,0.5319148936170213,3.2857142857142856
2024-09-11 20:00:00,20,23,0,8,15,0,0,4,12,1,13,1,9.95,220.0,4.0,9.86,57.49999999999999,0.7129629629629629,260.5213068017366,3.2831444571831736,0.575,0.4056795131845842,3.347826086956522
2024-09-11 21:00:00,21,28,0,9,19,0,0,9,13,1,14,1,10.95,272.5,4.0,9.86,70.0,0.8942307692307693,290.2863068017366,5.356729933352652,0.7,0.9127789046653144,3.321428571428572
2024-09-11 22:00:00,22,25,0,8,17,0,0,6,13,1,14,1,11.283333333333331,332.5,3.0,6.77,62.5,1.064102564102564,285.7313068017366,5.017392909896603,0.625,0.8862629246676514,3.32
2024-09-11 23:00:00,23,27,1,10,16,0,0,11,12,2,14,2,12.283333333333331,392.5,3.0,6.77,67.5,1.1923076923076923,296.5296136034732,7.921586246512392,0.675,1.6248153618906944,3.4444444444444446
2024-09-12 00:00:00,0,23,0,9,14,0,0,8,12,1,13,1,13.283333333333331,445.0,3.0,6.77,57.49999999999999,0.9629629629629628,279.3213068017366,5.957449746323293,0.575,1.1816838995568686,3.391304347826087
2024-09-12 01:00:00,1,25,0,10,14,1,0,8,14,1,15,1,14.283333333333331,503.0,3.0,6.77,62.5,1.12,316.0513068017366,6.070457902511079,0.625,1.1816838995568686,3.36
2024-09-12 02:00:00,2,23,0,10,12,1,0,5,14,1,15,1,15.283333333333331,563.0,3.0,6.77,57.49999999999999,1.04,317.4013068017366,4.454656091452057,0.575,0.7385524372230429,3.391304347826087
2024-09-12 03:00:00,3,21,0,9,12,0,0,0,14,0,14,0,16.283333333333335,624.0,3.0,6.77,52.5,0.9230769230769232,304.483,1.8,0.525,0.0,3.4285714285714284
2024-09-12 04:00:00,4,22,0,10,12,0,0,4,14,0,14,0,17.283333333333335,684.0,3.0,6.77,55.00000000000001,0.9743589743589745,312.26800000000003,3.941090371961864,0.55,0.5908419497784343,3.4545454545454546
2024-09-12 05:00:00,5,19,0,9,10,0,0,0,14,0,14,0,18.28333333333333,744.0,3.0,6.77,47.5,0.8461538461538461,311.473,1.65,0.475,0.0,3.473684210526316
2024-09-12 06:00:00,6,22,0,9,11,2,0,3,14,0,14,0,19.28333333333333,804.0,3.0,6.77,55.00000000000001,0.935897435897436,323.548,3.295390761380422,0.55,0.4431314623338257,3.3181818181818183
2024-09-12 07:00:00,7,21,0,9,11,1,0,1,14,0,14,0,20.28333333333333,864.0,3.0,6.77,52.5,0.9102564102564102,327.043,2.2744021242174863,0.525,0.1477104874446085,3.380952380952381
2024-09-12 08:00:00,8,22,0,9,13,0,0,3,15,0,15,0,21.28333333333333,923.0,3.0,7.13,55.00000000000001,1.0,348.228,3.3094001020017854,0.55,0.4207573632538569,3.409090909090909
2024-09-12 09:00:00,9,22,0,9,13,0,0,4,16,0,16,0,22.28333333333333,956.0,3.0,7.13,55.00000000000001,1.0416666666666667,367.268,3.7875334693357137,0.55,0.5610098176718092,3.409090909090909
2024-09-12 10:00:00,10,29,0,11,17,1,0,8,17,0,17,0,23.28333333333333,1013.0,4.0,10.47,72.5,1.0543478260869563,401.323,4.980742186213484,0.725,0.7640878701050622,3.3448275862068964
2024-09-12 11:00:00,11,28,0,10,18,0,0,6,14,0,14,0,22.816666666666663,632.0,4.0,10.47,70.0,0.903846153846154,356.346,4.273864101514532,0.7,0.5730659025787966,3.357142857142857
2024-09-12 12:00:00,12,33,0,6,27,0,0,14,12,1,13,1,23.816666666666663,278.0,4.0,10.47,82.5,0.9722222222222222,360.17930680173663,6.879580185812277,0.825,1.3371537726838587,3.1818181818181817
2024-09-12 13:00:00,13,28,0,5,23,0,0,3,8,1,9,1,24.816666666666663,275.0,4.0,10.47,70.0,0.717741935483871,301.49430680173657,3.13576545231273,0.7,0.2865329512893983,3.1785714285714284
2024-09-12 14:00:00,14,23,0,6,17,0,0,4,6,1,7,1,13.25,269.0,4.0,10.47,57.49999999999999,0.5681818181818182,198.7333068017366,3.120795440388688,0.575,0.3820439350525311,3.260869565217391
2024-09-12 15:00:00,15,21,0,5,16,0,0,2,5,0,5,0,14.25,329.0,4.0,10.47,52.5,0.4857142857142857,172.415,2.318547323418384,0.525,0.1910219675262655,3.238095238095238
2024-09-12 16:00:00,16,19,0,3,13,3,0,10,5,0,5,0,15.25,340.0,4.0,10.47,47.5,0.4071428571428571,173.765,4.290329512893983,0.475,0.9551098376313276,3.0
2024-09-12 17:00:00,17,25,0,3,20,2,0,9,8,0,8,0,16.25,83.5,4.0,10.47,62.5,0.59375,232.475,4.513180515759313,0.625,0.8595988538681949,3.04
2024-09-12 18:00:00,18,20,0,3,16,1,0,7,10,0,10,0,17.25,123.5,4.0,10.47,50.0,0.5166666666666667,254.19,3.6225883476599816,0.5,0.6685768863419294,3.1
2024-09-12 19:00:00,19,20,0,5,14,1,0,6,13,1,14,1,18.25,144.0,4.0,10.47,50.0,0.6153846153846154,314.2983068017366,3.43381088825215,0.5,0.5730659025787966,3.2
2024-09-12 20:00:00,20,19,0,5,12,2,0,5,12,2,14,2,19.25,168.0,4.0,11.22,47.5,0.5769230769230769,318.6616136034732,2.9072614691809737,0.475,0.445632798573975,3.1578947368421053
2024-09-12 21:00:00,21,23,0,5,17,1,0,9,13,2,15,2,20.25,199.0,4.0,11.22,57.49999999999999,0.73,346.2816136034732,4.370919553592187,0.575,0.8021390374331551,3.1739130434782608
2024-09-12 22:00:00,22,21,0,4,16,1,0,8,13,2,15,2,21.25,186.0,3.0,7.880000000000001,52.5,0.88,347.6316136034732,4.840717911530094,0.525,1.015228426395939,3.142857142857143
2024-09-12 23:00:00,23,29,0,8,18,3,0,11,16,2,18,2,22.25,189.5,3.0,7.880000000000001,72.5,1.393939393939394,410.6316136034733,6.72849641169263,0.725,1.395939086294416,3.1724137931034484
2024-09-13 00:00:00,0,28,0,8,18,2,0,6,14,1,15,1,23.25,277.0,3.0,7.880000000000001,70.0,1.2,373.0583068017366,4.6974256707759245,0.7,0.7614213197969543,3.2142857142857144
2024-09-13 01:00:00,1,28,0,9,18,1,0,5,15,1,16,1,24.25,295.5,3.0,7.880000000000001,70.0,1.2777777777777777,392.0983068017366,4.384844089920232,0.7,0.6345177664974618,3.2857142857142856
2024-09-13 02:00:00,2,26,0,7,18,1,0,3,14,1,15,1,25.25,397.0,3.0,7.880000000000001,65.0,1.12,380.0483068017367,3.3299882858258494,0.65,0.3807106598984771,3.230769230769231
2024-09-13 03:00:00,3,25,0,8,16,1,0,2,15,1,16,1,26.25,415.5,3.0,7.880000000000001,62.5,1.1388888888888888,396.94330680173664,2.8824873096446697,0.625,0.2538071065989847,3.28
2024-09-13 04:00:00,4,28,0,8,19,1,0,6,15,1,16,1,27.25,475.5,3.0,7.880000000000001,70.0,1.2638888888888888,409.0183068017366,4.749619289340101,0.7,0.7614213197969543,3.25
2024-09-13 05:00:00,5,31,0,8,22,1,0,4,15,2,17,2,28.25,494.0,3.0,7.880000000000001,77.5,1.4492753623188406,435.3616136034733,4.1374652038644175,0.775,0.5076142131979695,3.225806451612903
2024-09-13 06:00:00,6,29,0,9,19,1,0,1,15,3,18,3,29.25,546.5,3.0,7.880000000000001,72.5,1.4393939393939394,450.9799204052099,2.7907185366707505,0.725,0.1269035532994923,3.2758620689655173
2024-09-13 07:00:00,7,28,0,9,18,1,0,0,15,3,18,3,30.25,606.5,3.0,7.880000000000001,70.0,1.393939393939394,454.4749204052098,2.3,0.7,0.0,3.2857142857142856
2024-09-13 08:00:00,8,32,0,10,20,2,0,5,15,3,18,3,31.25,666.5,3.0,6.3,80.0,1.5757575757575757,468.6949204052098,5.17936507936508,0.8,0.7936507936507937,3.25
2024-09-13 09:00:00,9,33,0,12,19,2,0,4,17,3,20,3,32.25,712.0,3.0,6.3,82.5,1.8166666666666669,503.27992040520985,4.8221620971620975,0.825,0.6349206349206349,3.303030303030303
2024-09-13 10:00:00,10,34,0,14,20,0,0,10,20,3,23,3,33.25,717.0,4.0,9.62,85.0,1.7058823529411764,551.2649204052099,6.446532958297664,0.85,1.0395010395010396,3.411764705882353
2024-09-13 11:00:00,11,29,0,15,14,0,0,5,19,3,22,3,25.33333333333333,572.0,4.0,9.62,72.5,1.4166666666666667,482.4899204052098,4.378088034984587,0.725,0.5197505197505198,3.5172413793103448
2024-09-13 12:00:00,12,32,0,13,19,0,0,12,19,3,22,3,20.516666666666666,160.5,4.0,9.62,80.0,1.5138888888888888,461.7589204052098,6.9739604989605,0.8,1.2474012474012477,3.40625
2024-09-13 13:00:00,13,33,1,12,19,1,0,10,17,4,21,4,21.516666666666666,137.0,4.0,9.62,82.5,1.4736842105263157,457.0122272069465,6.328003528003528,0.825,1.0395010395010396,3.393939393939394
2024-09-13 14:00:00,14,35,2,11,21,1,0,8,18,5,23,5,22.516666666666666,160.0,4.0,9.62,87.5,1.75,494.6105340086831,5.802442827442827,0.875,0.8316008316008316,3.4
2024-09-13 15:00:00,15,32,2,9,20,1,0,6,14,4,18,4,19.616666666666667,170.0,4.0,9.62,80.0,1.2272727272727273,403.9512272069464,4.804989604989605,0.8,0.6237006237006237,3.375
2024-09-13 16:00:00,16,31,0,7,21,3,0,8,11,3,14,3,20.616666666666667,209.5,4.0,9.62,77.5,0.9326923076923076,352.97792040520983,5.027105827912279,0.775,0.8316008316008316,3.129032258064516
2024-09-13 17:00:00,17,31,1,8,19,3,0,8,13,4,17,4,21.616666666666667,236.0,4.0,9.62,77.5,1.0869565217391304,399.68622720694646,5.182583327744617,0.775,0.8316008316008316,3.225806451612903
2024-09-13 18:00:00,18,31,1,9,18,3,0,9,15,4,19,4,22.616666666666667,267.0,4.0,9.62,77.5,1.2023809523809523,432.12622720694645,5.573085306149823,0.775,0.9355509355509356,3.2580645161290325
2024-09-13 19:00:00,19,29,1,8,17,3,0,6,17,3,20,3,23.616666666666667,161.5,4.0,9.62,72.5,1.175,446.0079204052098,4.371650297512366,0.725,0.6237006237006237,3.2413793103448274
2024-09-13 20:00:00,20,34,1,8,19,6,0,13,16,3,19,3,24.616666666666667,202.0,4.0,10.53,85.0,1.261904761904762,448.9729204052098,6.498946986201889,0.85,1.234567901234568,3.117647058823529
2024-09-13 21:00:00,21,36,1,10,21,4,0,12,17,1,18,1,15.466666666666669,241.5,4.0,10.53,90.0,1.318181818181818,386.52030680173664,6.572048116492562,0.9,1.1396011396011396,3.2222222222222223
2024-09-13 22:00:00,22,31,1,9,17,4,0,7,16,1,17,1,16.466666666666665,258.0,3.0,7.21,77.5,1.4492753623188406,368.0353068017366,5.631850923896022,0.775,0.970873786407767,3.225806451612903
2024-09-13 23:00:00,23,28,1,10,13,4,0,8,14,1,15,1,17.466666666666665,318.0,3.0,7.21,70.0,1.2266666666666666,340.4403068017366,5.94573013671488,0.7,1.1095700416088763,3.2857142857142856
2024-09-14 00:00:00,0,27,1,8,16,1,1,6,14,0,14,0,12.666666666666666,376.0,3.0,7.21,67.5,1.1282051282051282,296.955,4.912282323932809,0.675,0.8321775312066574,3.259259259259259
2024-09-14 01:00:00,1,25,1,5,18,1,0,7,15,0,15,0,13.666666666666666,434.0,3.0,7.21,62.5,1.08,311.705,5.170631067961166,0.625,0.970873786407767,3.24
2024-09-14 02:00:00,2,23,0,5,17,1,0,2,15,1,16,1,14.666666666666666,486.5,3.0,7.21,57.49999999999999,1.0138888888888888,327.32330680173663,2.705419706928782,0.575,0.2773925104022191,3.1739130434782608
2024-09-14 03:00:00,3,25,0,5,19,1,0,6,15,1,16,1,15.666666666666666,546.5,3.0,7.21,62.5,1.0972222222222223,337.2533068017366,4.604680998613038,0.625,0.8321775312066574,3.16
2024-09-14 04:00:00,4,23,0,5,15,3,0,4,15,0,15,0,16.666666666666668,614.0,3.0,7.21,57.49999999999999,0.9466666666666668,324.335,3.4875972381354394,0.575,0.5547850208044383,3.0869565217391304
2024-09-14 05:00:00,5,26,0,6,16,4,0,3,15,0,15,0,17.666666666666668,674.0,3.0,7.21,65.0,1.0666666666666669,336.41,3.280273124933319,0.65,0.4160887656033287,3.076923076923077
2024-09-14 06:00:00,6,25,0,4,18,3,0,3,16,0,16,0,18.666666666666668,726.5,3.0,7.21,62.5,1.0555555555555556,353.30499999999995,3.1649098474341195,0.625,0.4160887656033287,3.04
2024-09-14 07:00:00,7,29,0,4,21,4,0,7,18,0,18,0,19.666666666666668,771.5,3.0,7.21,72.5,1.318181818181818,394.3250000000001,5.087621359223301,0.725,0.970873786407767,3.0
2024-09-14 08:00:00,8,25,0,4,18,3,0,1,18,0,18,0,20.666666666666668,831.5,3.0,7.73,62.5,1.1515151515151516,391.3850000000001,2.293272962483829,0.625,0.129366106080207,3.04
2024-09-14 09:00:00,9,27,0,4,19,4,0,4,18,0,18,0,21.666666666666668,845.5,3.0,7.73,67.5,1.2272727272727273,401.315,3.577393272962484,0.675,0.517464424320828,3.0
2024-09-14 10:00:00,10,30,0,5,23,2,0,6,20,0,20,0,22.666666666666668,836.0,4.0,11.43,75.0,1.1625,440.19000000000005,3.9522965879265097,0.75,0.5249343832020997,3.1
2024-09-14 11:00:00,11,29,0,4,24,1,0,8,18,0,18,0,23.666666666666668,465.5,4.0,11.43,72.5,1.0227272727272727,416.885,4.422142275319033,0.725,0.699912510936133,3.103448275862069
2024-09-14 12:00:00,12,30,1,2,26,1,0,11,16,0,16,0,22.45,347.5,4.0,11.43,75.0,0.96875,385.368,5.308377077865267,0.75,0.9623797025371827,3.1
2024-09-14 13:00:00,13,25,1,1,20,3,0,3,12,0,12,0,23.45,330.0,4.0,11.43,62.5,0.6696428571428571,326.683,2.66240157480315,0.625,0.2624671916010498,3.0
2024-09-14 14:00:00,14,23,2,1,17,3,0,6,10,1,11,1,24.45,206.0,4.0,11.43,57.49999999999999,0.6120689655172413,315.50130680173663,3.395449617710829,0.575,0.5249343832020997,3.0869565217391304
2024-09-14 15:00:00,15,16,1,0,8,7,0,9,5,1,6,1,9.366666666666667,167.5,4.0,11.43,40.0,0.3161764705882353,148.41630680173662,3.1911417322834645,0.4,0.7874015748031497,2.6875
2024-09-14 16:00:00,16,14,1,1,9,3,0,8,3,1,4,1,5.916666666666667,82.0,4.0,11.43,35.0,0.2916666666666667,97.86830680173662,3.1497375328083987,0.35,0.699912510936133,3.0
2024-09-14 17:00:00,17,17,1,1,10,5,0,8,3,1,4,1,5.116666666666666,142.0,4.0,11.43,42.5,0.3402777777777778,99.79130680173662,3.242394884462972,0.425,0.699912510936133,2.8823529411764706
2024-09-14 18:00:00,18,20,1,1,13,5,0,11,6,1,7,1,6.116666666666666,31.0,4.0,11.43,50.0,0.4393939393939394,152.0663068017366,4.240901137357831,0.5,0.9623797025371827,2.9
2024-09-14 19:00:00,19,24,1,2,16,5,0,10,8,1,9,1,5.866666666666666,76.0,4.0,11.43,60.0,0.5725806451612904,186.03630680173663,4.363218139399242,0.6,0.8748906386701663,2.958333333333333
2024-09-14 20:00:00,20,29,2,2,17,8,0,10,8,2,10,2,6.866666666666666,130.0,4.0,10.91,72.5,0.7083333333333334,216.66961360347324,4.81155772938462,0.725,0.916590284142988,2.931034482758621
2024-09-14 21:00:00,21,20,1,1,12,5,1,8,7,1,8,1,4.316666666666666,123.5,4.0,10.91,50.0,0.4375,155.31430680173662,3.453162236480293,0.5,0.7332722273143905,2.8
2024-09-14 22:00:00,22,23,1,3,11,8,0,10,6,1,7,1,5.316666666666666,179.0,3.0,7.21,57.49999999999999,0.6666666666666666,153.9893068017366,5.629979497075317,0.575,1.3869625520110958,2.869565217391304
2024-09-14 23:00:00,23,24,1,2,15,6,0,10,6,1,7,1,6.316666666666666,239.0,3.0,7.21,60.0,0.7070707070707071,161.77430680173663,5.795307443365696,0.6,1.3869625520110958,2.9166666666666665
2024-09-15 00:00:00,0,18,0,1,12,4,1,9,7,0,7,0,7.316666666666666,189.0,3.0,7.21,45.0,0.494949494949495,153.676,4.623058252427184,0.45,1.2482662968099862,2.7222222222222223
2024-09-15 01:00:00,1,17,0,1,10,6,0,7,7,0,7,0,7.35,249.0,3.0,7.21,42.5,0.4646464646464646,151.719,3.777070245573958,0.425,0.970873786407767,2.7058823529411766
2024-09-15 02:00:00,2,14,1,1,8,4,0,6,8,0,8,0,8.35,298.0,3.0,7.21,35.0,0.4270833333333333,164.32399999999998,3.462091341390925,0.35,0.8321775312066574,2.9285714285714284
2024-09-15 03:00:00,3,13,1,1,7,4,0,2,7,0,7,0,8.116666666666667,347.0,3.0,7.21,32.5,0.3838383838383838,147.463,1.7608396457911022,0.325,0.2773925104022191,2.923076923076923
2024-09-15 04:00:00,4,15,1,1,7,6,0,4,7,0,7,0,9.116666666666667,407.0,3.0,7.21,37.5,0.4242424242424242,157.393,2.6033980582524268,0.375,0.5547850208044383,2.8
2024-09-15 05:00:00,5,15,1,1,8,5,0,5,7,0,7,0,10.116666666666667,467.0,3.0,7.21,37.5,0.4343434343434343,163.033,3.062979657882571,0.375,0.6934812760055479,2.8666666666666667
2024-09-15 06:00:00,6,15,1,1,9,4,0,1,7,0,7,0,11.116666666666667,527.0,3.0,7.21,37.5,0.4444444444444444,168.673,1.5068423485899212,0.375,0.1386962552011095,2.933333333333333
2024-09-15 07:00:00,7,15,1,1,10,3,0,5,7,0,7,0,12.116666666666667,587.0,3.0,7.21,37.5,0.4545454545454545,174.313,3.205443828016644,0.375,0.6934812760055479,3.0
2024-09-15 08:00:00,8,11,0,1,6,4,0,4,7,0,7,0,13.116666666666667,647.0,3.0,6.68,27.500000000000004,0.303030303030303,171.373,2.383097441480675,0.275,0.5988023952095809,2.727272727272727
2024-09-15 09:00:00,9,14,0,1,9,4,0,7,4,0,4,0,14.0,628.5,3.0,6.68,35.0,0.3611111111111111,142.58999999999995,3.894161676646706,0.35,1.0479041916167666,2.7857142857142856
2024-09-15 10:00:00,10,26,0,3,17,6,0,17,6,0,6,0,15.0,571.5,4.0,11.66,65.0,0.5514705882352942,200.77,6.080699960416941,0.65,1.457975986277873,2.8846153846153846
2024-09-15 11:00:00,11,26,0,3,17,5,1,12,6,0,6,0,15.0,57.5,4.0,11.66,65.0,0.5441176470588235,200.77,4.779146325372741,0.65,1.0291595197255574,2.8461538461538463
2024-09-15 12:00:00,12,20,0,2,17,1,0,6,5,0,5,0,16.0,121.0,4.0,11.66,50.0,0.4357142857142857,180.14,3.094468267581475,0.5,0.5145797598627787,3.05
2024-09-15 13:00:00,13,14,0,3,11,0,0,7,5,0,5,0,17.0,181.0,4.0,11.66,35.0,0.3214285714285714,172.91,3.05467409948542,0.35,0.6003430531732419,3.2142857142857144
2024-09-15 14:00:00,14,17,0,5,10,2,0,13,7,0,7,0,12.666666666666666,101.0,4.0,11.66,42.5,0.4090909090909091,181.705,4.891519523761477,0.425,1.1149228130360205,3.176470588235294
2024-09-15 15:00:00,15,18,0,8,4,6,0,8,5,0,5,0,6.2,115.0,4.0,11.66,45.0,0.4,120.578,3.534553077949304,0.45,0.6861063464837049,3.111111111111111
2024-09-15 16:00:00,16,18,0,8,9,1,0,11,2,0,2,0,7.2,161.5,4.0,11.66,45.0,0.4013157894736842,86.018,4.722064989517819,0.45,0.9433962264150944,3.388888888888889
2024-09-15 17:00:00,17,17,0,5,10,2,0,11,2,0,2,0,4.233333333333333,221.5,4.0,11.66,42.5,0.3552631578947368,67.14099999999999,4.346670366259711,0.425,0.9433962264150944,3.176470588235294
2024-09-15 18:00:00,18,14,0,3,11,0,0,8,2,0,2,0,4.916666666666667,281.5,4.0,11.66,35.0,0.2960526315789473,64.56,3.3303418279833377,0.35,0.6861063464837049,3.2142857142857144
2024-09-15 19:00:00,19,14,0,3,11,0,0,11,4,0,4,0,5.916666666666667,189.5,4.0,11.66,35.0,0.3125,97.0,4.157345013477089,0.35,0.9433962264150944,3.2142857142857144
2024-09-15 20:00:00,20,14,0,2,12,0,0,9,5,0,5,0,6.916666666666667,111.0,4.0,12.74,35.0,0.3142857142857143,116.04,3.320228750840996,0.35,0.706436420722135,3.142857142857143
2024-09-15 21:00:00,21,21,1,4,16,0,0,11,7,0,7,0,7.916666666666667,140.0,4.0,12.74,52.5,0.5227272727272727,163.495,4.561958959407939,0.525,0.8634222919937206,3.2857142857142856
2024-09-15 22:00:00,22,29,1,5,23,0,0,15,8,0,8,0,8.916666666666666,169.5,3.0,7.76,72.5,0.9791666666666666,199.695,8.615552790615,0.725,1.9329896907216493,3.2413793103448274
2024-09-15 23:00:00,23,24,1,3,20,0,0,7,9,0,9,0,9.916666666666666,199.0,3.0,7.76,60.0,0.8279569892473119,208.01,4.8191151202749145,0.6,0.9020618556701032,3.208333333333333
2024-09-16 00:00:00,0,24,1,3,19,1,0,8,13,0,13,0,10.916666666666666,192.0,3.0,7.76,60.0,0.9382716049382716,267.25,5.164604810996563,0.6,1.0309278350515465,3.1666666666666665
2024-09-16 01:00:00,1,21,1,3,16,1,0,5,13,0,13,0,11.916666666666666,252.0,3.0,7.76,52.5,0.8271604938271605,266.455,3.730719194894453,0.525,0.6443298969072165,3.1904761904761907
2024-09-16 02:00:00,2,21,1,3,17,0,0,2,13,0,13,0,12.916666666666666,312.0,3.0,7.76,52.5,0.8395061728395061,272.095,2.5345606283750617,0.525,0.2577319587628866,3.238095238095238
2024-09-16 03:00:00,3,23,1,4,18,0,0,4,14,0,14,0,13.916666666666666,356.5,3.0,7.76,57.49999999999999,0.9615384615384616,295.425,3.555860600627521,0.575,0.5154639175257733,3.260869565217391
2024-09-16 04:00:00,4,27,1,5,21,0,0,4,14,0,14,0,14.916666666666666,416.5,3.0,7.76,67.5,1.1282051282051282,309.645,3.880030546009928,0.675,0.5154639175257733,3.259259259259259
2024-09-16 05:00:00,5,30,1,5,23,1,0,5,14,0,14,0,15.916666666666666,476.5,3.0,7.76,75.0,1.2307692307692308,321.72,4.461855670103093,0.75,0.6443298969072165,3.2
2024-09-16 06:00:00,6,32,1,5,25,1,0,5,14,0,14,0,16.916666666666668,536.5,3.0,7.76,80.0,1.3076923076923077,331.65,4.603801546391753,0.8,0.6443298969072165,3.1875
2024-09-16 07:00:00,7,35,1,5,28,1,0,7,15,0,15,0,17.916666666666668,581.0,3.0,7.76,87.5,1.48,357.125,5.63582474226804,0.875,0.9020618556701032,3.1714285714285717
2024-09-16 08:00:00,8,32,1,4,27,0,0,4,13,0,13,0,18.916666666666668,672.0,3.0,8.05,80.0,1.2592592592592593,329.53000000000003,4.133850931677018,0.8,0.4968944099378881,3.1875
2024-09-16 09:00:00,9,31,1,4,26,0,0,7,12,0,12,0,19.916666666666668,590.5,3.0,8.05,77.5,1.1785714285714286,319.625,5.251998597475455,0.775,0.8695652173913043,3.193548387096774
2024-09-16 10:00:00,10,33,1,5,24,3,0,9,11,0,11,0,15.333333333333334,649.0,4.0,11.41,82.5,0.8879310344827587,284.665,5.036955222691418,0.825,0.7887817703768624,3.121212121212121
2024-09-16 11:00:00,11,33,0,6,26,1,0,11,9,0,9,0,15.316666666666666,523.0,4.0,11.41,82.5,0.8387096774193549,257.771,5.638270522933099,0.825,0.9640666082383874,3.1515151515151514
2024-09-16 12:00:00,12,30,0,6,23,1,0,7,10,0,10,0,15.533333333333331,81.5,4.0,11.41,75.0,0.7916666666666666,265.958,4.3177402862985685,0.75,0.6134969325153374,3.1666666666666665
2024-09-16 13:00:00,13,33,0,5,27,1,0,10,12,0,12,0,16.533333333333335,73.0,4.0,11.41,82.5,0.9196428571428572,304.833,5.310505802990465,0.825,0.8764241893076249,3.121212121212121
2024-09-16 14:00:00,14,25,0,5,19,1,0,8,10,0,10,0,16.383333333333333,133.0,4.0,11.41,62.5,0.6583333333333333,260.027,4.190600350569676,0.625,0.7011393514461,3.16
2024-09-16 15:00:00,15,27,0,2,21,4,0,12,11,0,11,0,5.866666666666666,166.0,4.0,11.41,67.5,0.6810344827586207,218.403,5.05222270912455,0.675,1.0517090271691498,2.925925925925926
2024-09-16 16:00:00,16,22,0,1,20,1,0,5,11,0,11,0,5.116666666666666,80.0,4.0,11.41,55.00000000000001,0.5689655172413793,203.448,2.964636283961437,0.55,0.4382120946538124,3.0
2024-09-16 17:00:00,17,22,0,2,19,1,0,6,10,0,10,0,6.116666666666666,134.0,4.0,11.41,55.00000000000001,0.5583333333333333,195.688,3.2764660186439327,0.55,0.5258545135845749,3.0454545454545454
2024-09-16 18:00:00,18,23,0,1,22,0,0,7,11,1,12,1,7.116666666666666,169.5,4.0,11.41,57.49999999999999,0.625,231.14130680173665,3.617164577220593,0.575,0.6134969325153374,3.0434782608695654
2024-09-16 19:00:00,19,21,0,1,20,0,0,7,9,1,10,1,8.116666666666667,195.0,4.0,11.41,52.5,0.5333333333333333,205.6913068017366,3.4697049371895994,0.525,0.6134969325153374,3.0476190476190474
2024-09-16 20:00:00,20,18,0,1,15,2,0,7,6,1,7,1,8.933333333333334,222.0,4.0,10.79,45.0,0.4015151515151515,163.66230680173663,3.235204922253116,0.45,0.648748841519926,2.9444444444444446
2024-09-16 21:00:00,21,21,0,1,17,3,0,9,7,1,8,1,9.933333333333334,219.0,4.0,10.79,52.5,0.4765625,189.13730680173663,3.9478783264927846,0.525,0.8341056533827619,2.9047619047619047
2024-09-16 22:00:00,22,21,0,0,18,3,0,10,2,2,4,2,10.933333333333334,99.5,3.0,7.43,52.5,0.5555555555555556,142.0456136034732,5.345414343395502,0.525,1.3458950201884254,2.857142857142857
2024-09-16 23:00:00,23,22,0,2,14,6,0,11,3,1,4,1,11.933333333333334,65.5,3.0,7.43,55.00000000000001,0.5740740740740741,148.96230680173662,5.722274562584119,0.55,1.4804845222072678,2.8181818181818183
2024-09-17 00:00:00,0,20,0,2,14,3,1,10,4,1,5,1,12.933333333333334,117.0,3.0,7.43,50.0,0.5428571428571428,163.71230680173662,5.260800807537013,0.5,1.3458950201884254,2.85
2024-09-17 01:00:00,1,15,0,1,10,4,0,5,4,1,5,1,13.933333333333334,177.0,3.0,7.43,37.5,0.4,158.6273068017366,2.934253028263796,0.375,0.6729475100942127,2.8
2024-09-17 02:00:00,2,12,0,1,8,3,0,3,3,1,4,1,14.933333333333334,221.5,3.0,7.43,30.0,0.3148148148148148,144.43230680173662,1.9940107671601612,0.3,0.4037685060565276,2.833333333333333
2024-09-17 03:00:00,3,19,0,1,13,5,0,10,3,1,4,1,15.933333333333334,220.0,3.0,7.43,47.5,0.4907407407407407,165.0873068017366,5.079338740525607,0.475,1.3458950201884254,2.789473684210526
2024-09-17 04:00:00,4,15,0,1,10,4,0,2,4,1,5,1,16.933333333333334,234.0,3.0,7.43,37.5,0.4,175.5473068017366,1.8037012113055184,0.375,0.2691790040376851,2.8
2024-09-17 05:00:00,5,14,0,2,10,2,0,2,5,1,6,1,17.933333333333334,222.0,3.0,7.43,35.0,0.4117647058823529,192.4423068017366,1.857537012113055,0.35,0.2691790040376851,3.0
2024-09-17 06:00:00,6,15,0,1,12,2,0,2,7,1,8,1,18.933333333333334,187.5,3.0,7.43,37.5,0.4583333333333333,227.0273068017366,1.8895917451772093,0.375,0.2691790040376851,2.933333333333333
2024-09-17 07:00:00,7,13,0,1,10,2,0,2,7,1,8,1,19.933333333333334,195.0,3.0,7.43,32.5,0.3958333333333333,228.3773068017366,1.7368309348793871,0.325,0.2691790040376851,2.923076923076923
2024-09-17 08:00:00,8,14,0,2,10,2,0,5,8,1,9,1,9.433333333333334,225.0,3.0,6.67,35.0,0.4516129032258064,184.70230680173665,3.2988755622188903,0.35,0.7496251874062969,3.0
2024-09-17 09:00:00,9,17,0,1,13,3,0,7,8,1,9,1,10.433333333333334,285.0,3.0,6.67,42.5,0.5268817204301075,196.7773068017366,4.249958109180704,0.425,1.0494752623688155,2.8823529411764706
2024-09-17 10:00:00,10,13,0,1,9,3,0,4,7,0,7,0,11.433333333333334,345.0,4.0,9.92,32.5,0.2803030303030303,166.16899999999998,2.0726426799007447,0.325,0.4032258064516129,2.8461538461538463
2024-09-17 11:00:00,11,20,0,3,12,5,0,13,5,0,5,0,12.433333333333334,316.0,4.0,9.92,50.0,0.4142857142857143,160.024,5.250403225806451,0.5,1.310483870967742,2.9
2024-09-17 12:00:00,12,26,0,5,18,3,0,16,4,0,4,0,13.433333333333334,274.0,4.0,9.92,65.0,0.5555555555555556,165.134,6.962779156327545,0.65,1.6129032258064515,3.076923076923077
2024-09-17 13:00:00,13,24,0,4,17,3,0,7,7,0,7,0,14.433333333333334,117.0,4.0,9.92,60.0,0.553030303030303,206.684,3.9713373655913977,0.6,0.7056451612903226,3.0416666666666665
2024-09-17 14:00:00,14,20,0,3,14,3,0,7,6,0,6,0,15.433333333333334,87.5,4.0,9.92,50.0,0.4411764705882353,190.344,3.616935483870968,0.5,0.7056451612903226,3.0
2024-09-17 15:00:00,15,20,0,5,13,2,0,9,8,0,8,0,4.883333333333334,93.5,4.0,9.92,50.0,0.4921875,157.642,4.432862903225806,0.5,0.907258064516129,3.15
2024-09-17 16:00:00,16,22,0,5,13,4,0,12,8,0,8,0,5.883333333333334,97.5,4.0,9.92,55.00000000000001,0.5234375,167.572,5.359017595307918,0.55,1.2096774193548387,3.0454545454545454
2024-09-17 17:00:00,17,22,0,6,13,3,0,11,7,0,7,0,6.883333333333334,116.0,4.0,9.92,55.00000000000001,0.5227272727272727,159.812,5.202822580645162,0.55,1.1088709677419355,3.136363636363636
2024-09-17 18:00:00,18,21,0,4,17,0,0,13,8,0,8,0,4.766666666666667,151.0,4.0,9.92,52.5,0.5234375,159.129,5.856067588325653,0.525,1.310483870967742,3.1904761904761907
2024-09-17 19:00:00,19,27,0,4,22,1,0,17,7,0,7,0,5.033333333333333,104.0,4.0,9.92,67.5,0.6363636363636364,160.103,7.431541218637993,0.675,1.7137096774193548,3.111111111111111
2024-09-17 20:00:00,20,28,0,3,21,4,0,15,5,0,5,0,5.416666666666667,98.0,4.0,10.2,70.0,0.5928571428571429,137.61,6.434243697478992,0.7,1.4705882352941178,2.9642857142857144
2024-09-17 21:00:00,21,30,0,1,26,3,0,13,6,0,6,0,3.733333333333333,108.0,4.0,10.2,75.0,0.6470588235294118,145.80599999999998,5.938562091503267,0.75,1.2745098039215688,2.933333333333333
2024-09-17 22:00:00,22,24,0,1,22,1,0,11,5,0,5,0,3.633333333333333,101.0,3.0,6.95,60.0,0.6857142857142857,118.97199999999998,6.5482014388489205,0.6,1.5827338129496402,3.0
2024-09-17 23:00:00,23,27,1,1,25,0,0,11,7,0,7,0,4.633333333333334,115.0,3.0,6.95,67.5,0.8484848484848485,157.847,7.02406075139888,0.675,1.5827338129496402,3.111111111111111
2024-09-18 00:00:00,0,27,1,3,23,0,0,11,7,1,8,1,5.633333333333334,144.0,3.0,6.95,67.5,0.8958333333333334,177.7553068017366,7.191300293098854,0.675,1.5827338129496402,3.185185185185185
2024-09-18 01:00:00,1,23,1,2,20,0,0,7,7,1,8,1,6.633333333333334,189.0,3.0,6.95,57.49999999999999,0.7604166666666666,174.81530680173665,5.021746950265873,0.575,1.0071942446043165,3.1739130434782608
2024-09-18 02:00:00,2,14,1,2,11,0,0,2,8,0,8,0,7.633333333333334,249.0,3.0,6.95,35.0,0.4791666666666667,160.28199999999998,2.095529290853032,0.35,0.2877697841726618,3.2857142857142856
2024-09-18 03:00:00,3,15,1,2,12,0,0,4,9,0,9,0,8.633333333333333,263.0,3.0,6.95,37.5,0.5268817204301075,181.467,3.105095923261391,0.375,0.5755395683453237,3.2666666666666666
2024-09-18 04:00:00,4,17,1,2,12,2,0,4,9,0,9,0,9.633333333333333,323.0,3.0,6.95,42.5,0.5698924731182796,191.397,3.1193292424883623,0.425,0.5755395683453237,3.117647058823529
2024-09-18 05:00:00,5,15,1,2,12,0,0,2,9,0,9,0,10.633333333333333,378.0,3.0,6.95,37.5,0.5268817204301075,192.747,2.1650479616306955,0.375,0.2877697841726618,3.2666666666666666
2024-09-18 06:00:00,6,13,1,2,10,0,0,1,9,0,9,0,11.633333333333333,438.0,3.0,6.95,32.5,0.4623655913978494,194.097,1.5509269507470946,0.325,0.1438848920863309,3.3076923076923075
2024-09-18 07:00:00,7,14,1,2,11,0,0,1,9,0,9,0,12.633333333333333,498.0,3.0,6.95,35.0,0.4946236559139785,201.882,1.622764645426516,0.35,0.1438848920863309,3.2857142857142856
2024-09-18 08:00:00,8,19,2,4,13,0,0,7,12,1,13,1,13.633333333333333,386.0,3.0,6.43,47.5,0.8024691358024691,272.71530680173663,5.3493185724809695,0.475,1.088646967340591,3.421052631578948
2024-09-18 09:00:00,9,26,2,5,18,1,0,8,12,1,13,1,14.633333333333333,367.0,3.0,6.43,65.0,1.0617283950617284,293.3703068017366,6.265324799617178,0.65,1.244167962674961,3.3076923076923075
2024-09-18 10:00:00,10,37,2,5,28,2,0,14,13,1,14,1,15.633333333333333,253.5,4.0,10.13,92.5,1.1346153846153846,336.00530680173665,7.357566500360182,0.925,1.3820335636722607,3.189189189189189
2024-09-18 11:00:00,11,33,2,5,24,2,0,7,12,1,13,1,16.633333333333333,207.0,4.0,10.13,82.5,0.9814814814814816,319.6653068017366,4.8696296628675695,0.825,0.6910167818361304,3.212121212121212
2024-09-18 12:00:00,12,26,2,5,19,0,0,7,9,1,10,1,17.633333333333333,509.0,4.0,10.13,65.0,0.725,270.09030680173663,4.487248462297821,0.65,0.6910167818361304,3.3461538461538463
2024-09-18 13:00:00,13,35,3,8,24,0,0,13,14,1,15,1,18.633333333333333,185.0,4.0,10.13,87.5,1.19,362.0353068017366,7.338277393879565,0.875,1.2833168805528137,3.4
2024-09-18 14:00:00,14,30,3,6,20,1,0,6,11,1,12,1,15.383333333333333,117.5,4.0,10.13,75.0,0.9017857142857144,292.78030680173663,4.519076999012833,0.75,0.5923000987166832,3.3666666666666667
2024-09-18 15:00:00,15,30,2,5,22,1,0,6,11,0,11,0,16.383333333333333,158.0,4.0,10.13,75.0,0.8448275862068966,284.152,4.384846989141165,0.75,0.5923000987166832,3.2666666666666666
2024-09-18 16:00:00,16,24,1,2,20,1,0,4,7,0,7,0,7.4,199.0,4.0,10.13,60.0,0.5681818181818182,167.016,3.10895853899309,0.6,0.3948667324777888,3.125
2024-09-18 17:00:00,17,27,1,4,21,1,0,6,7,0,7,0,8.4,259.0,4.0,10.13,67.5,0.6515151515151515,179.091,4.036585499616103,0.675,0.5923000987166832,3.185185185185185
2024-09-18 18:00:00,18,24,1,5,17,1,0,5,8,0,8,0,9.4,307.5,4.0,10.13,60.0,0.609375,191.696,3.5541461006910167,0.6,0.493583415597236,3.25
2024-09-18 19:00:00,19,21,0,5,15,1,0,8,7,0,7,0,10.4,356.0,4.0,10.13,52.5,0.5075757575757576,177.501,4.1946258167630335,0.525,0.7897334649555776,3.1904761904761907
2024-09-18 20:00:00,20,21,0,3,14,4,0,8,7,0,7,0,9.566666666666666,394.0,4.0,10.06,52.5,0.4696969696969697,172.801,3.8978178547761058,0.525,0.7952286282306164,2.952380952380953
2024-09-18 21:00:00,21,21,0,3,14,4,0,5,7,0,7,0,10.566666666666666,454.0,4.0,10.06,52.5,0.4696969696969697,178.441,3.017386159235066,0.525,0.4970178926441352,2.952380952380953
2024-09-18 22:00:00,22,21,0,4,15,2,0,12,7,0,7,0,11.566666666666666,227.0,3.0,6.359999999999999,52.5,0.6565656565656566,184.081,7.465071877807729,0.525,1.886792452830189,3.095238095238096
2024-09-18 23:00:00,23,23,2,4,17,0,0,10,9,0,9,0,12.566666666666666,224.0,3.0,6.359999999999999,57.49999999999999,0.8279569892473119,220.811,7.188877495214658,0.575,1.572327044025157,3.347826086956522
2024-09-19 00:00:00,0,26,2,5,15,4,0,9,11,0,11,0,13.566666666666666,174.0,3.0,6.359999999999999,65.0,0.9540229885057472,259.68600000000004,6.592416545718434,0.65,1.4150943396226416,3.1923076923076925
2024-09-19 01:00:00,1,23,2,5,13,3,0,5,11,0,11,0,14.566666666666666,234.0,3.0,6.359999999999999,57.49999999999999,0.8620689655172413,258.891,4.43857670221493,0.575,0.7861635220125787,3.260869565217391
2024-09-19 02:00:00,2,19,2,5,12,0,0,4,11,0,11,0,15.566666666666666,294.0,3.0,6.359999999999999,47.5,0.7586206896551724,255.951,3.8347070506454815,0.475,0.628930817610063,3.473684210526316
2024-09-19 03:00:00,3,19,2,4,13,0,0,3,10,0,10,0,16.566666666666666,378.5,3.0,6.359999999999999,47.5,0.7222222222222222,248.191,3.2387040714995035,0.475,0.4716981132075472,3.421052631578948
2024-09-19 04:00:00,4,19,2,4,13,0,0,4,10,0,10,0,17.566666666666666,438.5,3.0,6.359999999999999,47.5,0.7222222222222222,253.831,3.776605428666005,0.475,0.628930817610063,3.421052631578948
2024-09-19 05:00:00,5,19,2,4,13,0,0,3,11,0,11,0,18.566666666666663,413.0,3.0,6.359999999999999,47.5,0.7471264367816092,272.871,3.2387040714995035,0.475,0.4716981132075472,3.421052631578948
2024-09-19 06:00:00,6,20,2,5,13,0,0,3,13,0,13,0,19.566666666666663,466.0,3.0,6.359999999999999,50.0,0.8518518518518519,307.456,3.352358490566038,0.5,0.4716981132075472,3.45
2024-09-19 07:00:00,7,22,3,5,14,0,0,3,13,2,15,2,20.566666666666663,502.0,3.0,6.359999999999999,55.00000000000001,1.0266666666666666,345.9226136034732,3.575943396226416,0.55,0.4716981132075472,3.5
2024-09-19 08:00:00,8,22,4,5,13,0,0,3,13,3,16,3,19.5,548.5,3.0,8.19,55.00000000000001,1.0972222222222223,354.17492040520983,3.2903513153513155,0.55,0.3663003663003663,3.590909090909091
2024-09-19 09:00:00,9,30,5,6,15,4,0,9,13,5,18,5,20.5,403.5,3.0,8.19,75.0,1.5454545454545454,405.5115340086831,6.286263736263736,0.75,1.098901098901099,3.4
2024-09-19 10:00:00,10,29,4,8,13,4,0,5,10,4,14,4,21.5,680.5,4.0,11.53,72.5,0.9519230769230768,354.53822720694643,3.955395968537847,0.725,0.4336513443191674,3.413793103448276
2024-09-19 11:00:00,11,23,4,4,12,3,0,4,9,4,13,4,22.5,225.0,4.0,11.53,57.49999999999999,0.7222222222222222,333.90822720694644,3.126514951544176,0.575,0.3469210754553339,3.391304347826087
2024-09-19 12:00:00,12,24,5,5,11,3,0,7,10,4,14,4,23.5,231.5,4.0,11.53,60.0,0.8076923076923077,355.09322720694644,4.2248915871639205,0.6,0.6071118820468344,3.5
2024-09-19 13:00:00,13,31,5,6,18,2,0,11,12,3,15,3,21.23333333333333,177.0,4.0,11.53,77.5,1.07,369.8559204052099,5.967952466217162,0.775,0.9540329575021684,3.4516129032258065
2024-09-19 14:00:00,14,27,3,5,17,2,0,3,8,3,11,3,22.23333333333333,185.0,4.0,11.53,67.5,0.7758620689655172,313.31592040520985,3.117302688638335,0.675,0.2601908065915004,3.333333333333333
2024-09-19 15:00:00,15,35,2,8,23,2,0,11,12,4,16,4,23.23333333333333,167.5,4.0,11.53,87.5,1.1979166666666667,403.98422720694646,6.009679717507125,0.875,0.9540329575021684,3.2857142857142856
2024-09-19 16:00:00,16,36,3,9,20,4,0,9,13,3,16,3,24.23333333333333,159.0,4.0,11.53,90.0,1.2395833333333333,410.9009204052098,5.555225498699046,0.9,0.7805724197745013,3.305555555555556
2024-09-19 17:00:00,17,33,3,6,19,5,0,3,13,3,16,3,25.23333333333333,158.0,4.0,11.53,82.5,1.1041666666666667,410.1059204052099,3.4857644090514857,0.825,0.2601908065915004,3.212121212121212
2024-09-19 18:00:00,18,35,4,7,20,4,0,7,15,3,18,3,26.23333333333333,199.0,4.0,11.53,87.5,1.318181818181818,446.8359204052099,4.912142237640937,0.875,0.6071118820468344,3.3142857142857145
2024-09-19 19:00:00,19,35,4,6,20,5,0,6,13,3,16,3,27.23333333333333,238.5,4.0,11.53,87.5,1.1875,425.67592040520987,4.544957254367488,0.875,0.5203816131830009,3.257142857142857
2024-09-19 20:00:00,20,35,4,8,19,4,0,11,14,1,15,1,28.23333333333333,224.0,4.0,10.77,87.5,1.17,416.17930680173663,6.339245921209709,0.875,1.021355617455896,3.342857142857143
2024-09-19 21:00:00,21,36,4,9,19,4,0,6,16,1,17,1,29.23333333333333,253.0,4.0,10.77,90.0,1.315217391304348,450.7643068017367,4.897485298669142,0.9,0.5571030640668524,3.361111111111111
2024-09-19 22:00:00,22,30,5,10,13,2,0,6,18,2,20,2,14.75,285.0,3.0,7.43,75.0,1.8,397.2766136034732,5.607133243606999,0.75,0.8075370121130552,3.6
2024-09-19 23:00:00,23,29,4,9,15,1,0,5,17,1,18,1,15.75,345.0,3.0,7.43,72.5,1.5606060606060606,373.1033068017366,4.965123915162204,0.725,0.6729475100942127,3.5517241379310347
2024-09-20 00:00:00,0,33,6,8,18,1,0,8,17,2,19,2,16.75,400.0,3.0,7.43,82.5,1.873015873015873,401.5916136034732,6.8000754516905255,0.825,1.0767160161507403,3.575757575757576
2024-09-20 01:00:00,1,30,6,8,16,0,0,3,17,2,19,2,17.75,460.0,3.0,7.43,75.0,1.746031746031746,400.7966136034733,4.230484522207268,0.75,0.4037685060565276,3.6666666666666665
2024-09-20 02:00:00,2,29,6,8,14,1,0,4,18,2,20,2,18.75,516.5,3.0,7.43,72.5,1.7666666666666666,417.6916136034732,4.617791339861698,0.725,0.5383580080753702,3.655172413793104
2024-09-20 03:00:00,3,32,6,8,17,1,0,7,20,1,21,1,19.75,573.0,3.0,7.43,80.0,2.017543859649123,442.2983068017367,6.260767160161508,0.8,0.9421265141318976,3.59375
2024-09-20 04:00:00,4,32,6,9,16,1,0,2,20,1,21,1,20.75,633.0,3.0,7.43,80.0,2.0350877192982457,447.93830680173664,3.875773889636609,0.8,0.2691790040376851,3.625
2024-09-20 05:00:00,5,35,6,9,19,1,0,4,21,1,22,1,21.75,684.5,3.0,7.43,87.5,2.314814814814815,473.41330680173655,5.047707171697751,0.875,0.5383580080753702,3.571428571428572
2024-09-20 06:00:00,6,37,6,8,20,3,0,7,22,1,23,1,22.75,587.0,3.0,7.43,92.5,2.5098039215686274,496.7433068017366,6.45924848132116,0.925,0.9421265141318976,3.45945945945946
2024-09-20 07:00:00,7,40,6,8,24,2,0,4,23,1,24,1,23.75,641.0,3.0,7.43,100.0,2.875,522.2183068017366,5.307335127860028,1.0,0.5383580080753702,3.45
2024-09-20 08:00:00,8,39,7,10,20,2,0,5,23,3,26,3,24.75,689.0,3.0,6.35,97.5,3.3095238095238093,554.2499204052099,6.281379971734303,0.975,0.7874015748031497,3.5641025641025643
2024-09-20 09:00:00,9,44,7,10,25,2,0,7,22,3,25,3,25.75,755.0,3.0,6.35,110.0,3.422222222222222,557.2149204052098,7.708267716535435,1.1,1.1023622047244095,3.5
2024-09-20 10:00:00,10,43,6,12,23,2,0,5,25,2,27,2,26.75,803.0,4.0,10.05,107.5,2.9038461538461537,586.6416136034733,5.522078560684947,1.075,0.4975124378109452,3.511627906976744
2024-09-20 11:00:00,11,40,5,10,24,1,0,11,23,2,25,2,27.75,542.0,4.0,10.05,100.0,2.316666666666667,559.0466136034732,7.278482587064676,1.0,1.0945273631840795,3.475
2024-09-20 12:00:00,12,40,4,7,27,1,1,9,24,2,26,2,28.75,428.0,4.0,10.05,100.0,2.357142857142857,578.0866136034732,6.255223880597014,1.0,0.8955223880597014,3.3
2024-09-20 13:00:00,13,36,3,6,25,1,1,4,20,2,22,2,29.75,323.5,4.0,10.05,90.0,1.625,521.5466136034732,4.218532338308457,0.9,0.3980099502487562,3.25
2024-09-20 14:00:00,14,29,2,3,23,0,1,7,13,1,14,1,30.75,184.5,4.0,10.05,72.5,0.8846153846153846,404.1033068017366,4.509641447932751,0.725,0.6965174129353233,3.1724137931034484
2024-09-20 15:00:00,15,23,0,3,19,0,1,4,10,0,10,0,27.6,230.5,4.0,10.05,57.49999999999999,0.5833333333333334,318.999,2.9613346311918667,0.575,0.3980099502487562,3.0434782608695654
2024-09-20 16:00:00,16,20,0,2,17,0,1,8,9,0,9,0,16.733333333333334,275.0,4.0,10.05,50.0,0.4838709677419355,237.876,3.888059701492537,0.5,0.7960199004975124,3.0
2024-09-20 17:00:00,17,23,1,3,14,3,2,11,9,1,10,1,6.583333333333333,140.5,4.0,10.05,57.49999999999999,0.5583333333333333,201.3333068017366,4.863405797101449,0.575,1.0945273631840795,2.9130434782608696
2024-09-20 18:00:00,18,25,1,3,14,6,1,9,11,1,12,1,7.583333333333333,125.5,4.0,10.05,62.5,0.6428571428571429,238.06330680173664,4.37910447761194,0.625,0.8955223880597014,2.88
2024-09-20 19:00:00,19,23,2,3,13,4,1,4,12,1,13,1,8.583333333333334,175.0,4.0,10.05,57.49999999999999,0.6481481481481481,252.81330680173664,2.9613346311918667,0.575,0.3980099502487562,3.0434782608695654
2024-09-20 20:00:00,20,19,2,2,11,3,1,4,11,1,12,1,9.583333333333334,193.0,4.0,10.37,47.5,0.5178571428571429,236.4733068017366,2.6274856620819165,0.475,0.3857280617164898,3.0526315789473686
2024-09-20 21:00:00,21,27,2,2,16,6,1,9,14,1,15,1,10.583333333333334,234.0,4.0,10.37,67.5,0.79,299.4733068017366,4.514376406300226,0.675,0.8678881388621021,2.925925925925926
2024-09-20 22:00:00,22,32,2,2,18,6,4,12,16,1,17,1,11.583333333333334,286.0,3.0,6.67,80.0,1.2753623188405796,342.63830680173663,7.147526236881559,0.8,1.7991004497751124,2.75
2024-09-20 23:00:00,23,30,3,2,20,4,1,6,16,1,17,1,12.583333333333334,346.0,3.0,6.67,75.0,1.3333333333333333,343.9883068017366,5.058620689655172,0.75,0.8995502248875562,3.066666666666667
2024-09-21 00:00:00,0,26,3,2,17,4,0,9,14,1,15,1,13.583333333333334,414.0,3.0,6.67,65.0,1.0933333333333333,314.24830680173665,6.305564525429593,0.65,1.3493253373313343,3.1538461538461537
2024-09-21 01:00:00,1,30,3,3,20,4,0,6,14,2,16,2,14.583333333333334,470.0,3.0,6.67,75.0,1.3194444444444444,342.73661360347324,5.223575712143928,0.75,0.8995502248875562,3.1666666666666665
2024-09-21 02:00:00,2,29,2,3,21,3,0,3,14,2,16,2,15.583333333333334,530.0,3.0,6.67,72.5,1.2638888888888888,346.2316136034732,3.686363283875304,0.725,0.4497751124437781,3.1379310344827585
2024-09-21 03:00:00,3,24,2,2,17,3,0,2,14,1,15,1,16.583333333333332,594.0,3.0,6.67,60.0,1.0,326.8783068017366,2.812031484257871,0.6,0.2998500749625187,3.125
2024-09-21 04:00:00,4,25,1,2,19,3,0,4,16,0,16,0,17.583333333333332,636.5,3.0,6.67,62.5,1.0555555555555556,347.19499999999994,3.7230884557721136,0.625,0.5997001499250375,3.04
2024-09-21 05:00:00,5,22,1,1,17,3,0,0,15,0,15,0,18.58333333333333,687.0,3.0,6.67,55.00000000000001,0.88,333.0,1.65,0.55,0.0,3.0
2024-09-21 06:00:00,6,25,1,2,19,3,0,4,16,0,16,0,19.58333333333333,706.5,3.0,6.67,62.5,1.0555555555555556,358.475,3.7230884557721136,0.625,0.5997001499250375,3.04
2024-09-21 07:00:00,7,24,2,3,17,2,0,4,16,0,16,0,20.58333333333333,704.0,3.0,6.67,60.0,1.0694444444444444,361.97,3.849037981009496,0.6,0.5997001499250375,3.208333333333333
2024-09-21 08:00:00,8,24,2,4,17,1,0,6,16,0,16,0,21.58333333333333,764.0,3.0,7.74,60.0,1.0972222222222223,367.61,4.526679586563307,0.6,0.7751937984496123,3.2916666666666665
2024-09-21 09:00:00,9,28,2,5,20,1,0,4,18,0,18,0,22.58333333333333,778.0,3.0,7.74,70.0,1.393939393939394,408.63,3.9980435585086735,0.7,0.5167958656330749,3.2857142857142856
2024-09-21 10:00:00,10,31,2,5,22,2,0,10,16,1,17,1,23.58333333333333,732.0,4.0,12.72,77.5,1.0869565217391304,408.1733068017366,5.036011361330898,0.775,0.7861635220125786,3.225806451612903
2024-09-21 11:00:00,11,25,1,4,19,1,0,6,14,1,15,1,19.266666666666666,150.0,4.0,12.72,62.5,0.8,344.1573068017366,3.5094339622641506,0.625,0.4716981132075471,3.2
2024-09-21 12:00:00,12,22,0,3,17,2,0,6,10,0,10,0,19.916666666666668,346.5,4.0,12.72,55.00000000000001,0.5583333333333333,273.52,3.111535162950257,0.55,0.4716981132075471,3.0454545454545454
2024-09-21 13:00:00,13,25,0,5,18,2,0,9,8,0,8,0,20.916666666666668,247.5,4.0,12.72,62.5,0.609375,258.795,4.157547169811321,0.625,0.7075471698113207,3.12
2024-09-21 14:00:00,14,17,0,2,14,1,0,5,5,0,5,0,16.983333333333334,217.0,4.0,12.72,42.5,0.3714285714285714,179.251,2.502367739548649,0.425,0.3930817610062893,3.0588235294117645
2024-09-21 15:00:00,15,12,0,0,10,1,1,5,3,0,3,0,5.55,26.0,4.0,12.72,30.0,0.2229729729729729,77.24199999999999,1.905974842767296,0.3,0.3930817610062893,2.75
2024-09-21 16:00:00,16,18,1,0,15,2,0,10,3,1,4,1,6.0,65.0,4.0,12.72,45.0,0.375,106.9183068017366,3.708490566037736,0.45,0.7861635220125786,3.0
2024-09-21 17:00:00,17,17,1,0,13,2,1,7,3,1,4,1,6.4,125.0,4.0,12.72,42.5,0.3402777777777778,107.02930680173662,2.811200517943026,0.425,0.550314465408805,2.8823529411764706
2024-09-21 18:00:00,18,13,1,2,9,1,0,8,2,1,3,1,5.2,195.0,4.0,12.72,32.5,0.2837837837837837,78.28130680173662,3.0819303338171267,0.325,0.6289308176100629,3.230769230769231
2024-09-21 19:00:00,19,17,0,3,12,2,0,8,2,0,2,0,6.2,281.0,4.0,12.72,42.5,0.3421052631578947,78.233,3.223788383277839,0.425,0.6289308176100629,3.0588235294117645
2024-09-21 20:00:00,20,20,0,5,13,2,0,12,2,0,2,0,3.45,33.5,4.0,11.68,50.0,0.4144736842105263,69.158,4.811301369863014,0.5,1.0273972602739727,3.15
2024-09-21 21:00:00,21,21,0,5,14,2,0,11,5,0,5,0,4.45,44.0,4.0,11.68,52.5,0.4714285714285714,117.143,4.609882583170254,0.525,0.9417808219178082,3.142857142857143
2024-09-21 22:00:00,22,19,0,3,14,2,0,11,4,0,4,0,5.45,98.5,3.0,6.699999999999999,47.5,0.5370370370370371,105.093,6.461783189316575,0.475,1.6417910447761197,3.0526315789473686
2024-09-21 23:00:00,23,16,0,2,12,2,0,8,3,0,3,0,6.45,157.0,3.0,6.699999999999999,40.0,0.4324324324324324,90.898,4.782089552238807,0.4,1.1940298507462688,3.0
2024-09-22 00:00:00,0,17,0,1,15,1,0,6,5,0,5,0,7.45,145.0,3.0,6.699999999999999,42.5,0.4857142857142857,125.483,3.961567164179105,0.425,0.8955223880597016,3.0
2024-09-22 01:00:00,1,18,0,2,16,0,0,5,5,1,6,1,8.45,161.5,3.0,6.699999999999999,45.0,0.5490196078431373,147.5363068017366,3.721724709784412,0.45,0.746268656716418,3.111111111111111
2024-09-22 02:00:00,2,13,0,3,10,0,0,4,6,1,7,1,9.45,178.0,3.0,6.699999999999999,32.5,0.4242424242424242,155.8513068017366,2.9788174512055114,0.325,0.5970149253731344,3.230769230769231
2024-09-22 03:00:00,3,10,0,3,7,0,0,0,6,1,7,1,10.45,238.0,3.0,6.699999999999999,25.0,0.3333333333333333,155.0563068017366,0.825,0.25,0.0,3.3
2024-09-22 04:00:00,4,13,0,3,10,0,0,5,7,0,7,0,11.45,298.0,3.0,6.699999999999999,32.5,0.4242424242424242,166.26299999999998,3.461021814006889,0.325,0.746268656716418,3.230769230769231
2024-09-22 05:00:00,5,14,0,3,11,0,0,3,6,0,6,0,12.45,401.5,3.0,6.699999999999999,35.0,0.4411764705882353,160.648,2.5642324093816637,0.35,0.4477611940298508,3.2142857142857144
2024-09-22 06:00:00,6,14,0,3,11,0,0,3,6,0,6,0,13.45,461.5,3.0,6.699999999999999,35.0,0.4411764705882353,166.288,2.5642324093816637,0.35,0.4477611940298508,3.2142857142857144
2024-09-22 07:00:00,7,12,0,3,9,0,0,4,7,0,7,0,10.733333333333333,478.0,3.0,6.699999999999999,30.0,0.3939393939393939,160.076,2.9152985074626865,0.3,0.5970149253731344,3.25
2024-09-22 08:00:00,8,10,0,3,7,0,0,6,6,0,6,0,11.733333333333333,581.5,3.0,8.24,25.0,0.3235294117647059,148.026,3.227912621359223,0.25,0.7281553398058253,3.3
2024-09-22 09:00:00,9,22,0,4,14,4,0,13,8,1,9,1,12.733333333333333,333.0,3.0,8.24,55.00000000000001,0.7096774193548387,220.4743068017366,6.383009708737863,0.55,1.577669902912621,3.0
2024-09-22 10:00:00,10,20,0,4,15,1,0,8,8,1,9,1,13.733333333333333,393.0,4.0,11.49,50.0,0.5080645161290323,221.8243068017366,3.7682114882506528,0.5,0.6962576153176675,3.15
2024-09-22 11:00:00,11,26,1,2,20,3,0,17,6,3,9,3,14.733333333333333,46.0,4.0,11.49,65.0,0.6370967741935484,242.07092040520985,6.470547968132824,0.65,1.4795474325500435,3.0384615384615383
2024-09-22 12:00:00,12,23,1,0,18,4,0,7,6,3,9,3,3.4833333333333334,84.0,4.0,11.49,57.49999999999999,0.5403225806451613,172.18592040520986,3.449700117304272,0.575,0.6092254134029591,2.9130434782608696
2024-09-22 13:00:00,13,19,1,0,17,1,0,7,6,2,8,2,4.483333333333333,142.0,4.0,11.49,47.5,0.453125,154.97761360347323,3.309740735651138,0.475,0.6092254134029591,3.0526315789473686
2024-09-22 14:00:00,14,19,3,1,14,1,0,9,5,2,7,2,5.483333333333333,182.0,4.0,11.49,47.5,0.4772727272727273,147.2176136034732,4.172224130823142,0.475,0.783289817232376,3.3157894736842106
2024-09-22 15:00:00,15,18,2,1,12,3,0,9,3,1,4,1,6.483333333333333,46.0,4.0,11.49,45.0,0.3888888888888889,109.6443068017366,3.8369016536118368,0.45,0.783289817232376,3.111111111111111
2024-09-22 16:00:00,16,19,2,1,14,2,0,11,4,1,5,1,7.483333333333333,94.0,4.0,11.49,47.5,0.4285714285714285,130.8293068017366,4.523223855984609,0.475,0.9573542210617928,3.1578947368421053
2024-09-22 17:00:00,17,20,1,1,16,2,0,13,9,0,9,0,8.483333333333333,41.0,4.0,11.49,50.0,0.4919354838709677,191.346,4.97582680591819,0.5,1.1314186248912097,3.05
2024-09-22 18:00:00,18,23,1,2,15,5,0,14,10,0,10,0,9.483333333333333,96.5,4.0,11.49,57.49999999999999,0.5666666666666667,216.821,5.302376357513149,0.575,1.2184508268059182,2.9565217391304346
2024-09-22 19:00:00,19,33,0,2,27,4,0,20,7,0,7,0,10.483333333333333,152.0,4.0,11.49,82.5,0.7348484848484849,203.711,7.541438536804072,0.825,1.7406440382941688,2.9393939393939394
2024-09-22 20:00:00,20,32,0,2,25,5,0,14,9,0,9,0,11.483333333333333,193.0,4.0,10.68,80.0,0.75,234.006,6.1346910112359545,0.8,1.310861423220974,2.90625
2024-09-22 21:00:00,21,31,0,2,26,3,0,10,9,0,9,0,12.483333333333333,191.0,4.0,10.68,77.5,0.7419354838709677,237.50100000000003,5.078784583786396,0.775,0.9363295880149812,2.967741935483871
2024-09-22 22:00:00,22,26,1,3,20,2,0,7,9,1,10,1,13.483333333333333,215.0,3.0,7.43,65.0,0.9,246.68430680173665,4.960086447872452,0.65,0.9421265141318976,3.1153846153846154
2024-09-22 23:00:00,23,29,1,1,22,5,0,13,10,1,11,1,8.2,239.0,3.0,7.43,72.5,0.9770114942528736,236.7213068017366,7.253324128649,0.725,1.749663526244953,2.931034482758621
2024-09-23 00:00:00,0,21,1,1,16,3,0,5,10,1,11,1,9.2,275.0,3.0,7.43,52.5,0.7241379310344828,225.20130680173665,3.5938425302826382,0.525,0.6729475100942127,3.0
2024-09-23 01:00:00,1,22,1,1,17,3,0,7,10,1,11,1,10.2,335.0,3.0,7.43,55.00000000000001,0.7586206896551724,232.98630680173665,4.476379542395693,0.55,0.9421265141318976,3.0
2024-09-23 02:00:00,2,20,1,1,14,4,0,3,10,1,11,1,11.2,395.0,3.0,7.43,50.0,0.6781609195402298,234.3363068017366,2.6661170928667564,0.5,0.4037685060565276,2.95
2024-09-23 03:00:00,3,22,2,1,16,3,0,7,10,2,12,2,12.2,451.0,3.0,7.43,55.00000000000001,0.8095238095238095,258.53461360347325,4.612027407316775,0.55,0.9421265141318976,3.090909090909091
2024-09-23 04:00:00,4,24,2,1,19,2,0,4,11,2,13,2,13.2,507.0,3.0,7.43,60.0,0.925925925925926,281.86461360347323,3.557368775235532,0.6,0.5383580080753702,3.125
2024-09-23 05:00:00,5,25,2,1,20,2,0,4,12,2,14,2,14.2,509.5,3.0,7.43,62.5,1.0,303.0496136034732,3.629676985195155,0.625,0.5383580080753702,3.12
2024-09-23 06:00:00,6,24,2,1,19,2,0,2,13,2,15,2,15.2,512.0,3.0,7.43,60.0,1.0,319.9446136034732,2.7161843876177656,0.6,0.2691790040376851,3.125
2024-09-23 07:00:00,7,25,2,1,19,3,0,2,13,2,15,2,16.2,572.0,3.0,7.43,62.5,1.0266666666666666,327.72961360347324,2.7540713324360704,0.625,0.2691790040376851,3.08
2024-09-23 08:00:00,8,26,2,1,20,3,0,6,13,2,15,2,17.2,632.0,3.0,6.66,65.0,1.0666666666666669,335.5146136034732,4.7720027720027725,0.65,0.9009009009009008,3.076923076923077
2024-09-23 09:00:00,9,40,2,2,31,5,0,16,15,2,17,2,18.2,627.0,3.0,6.66,100.0,1.7536231884057971,397.9846136034733,10.292267267267269,1.0,2.4024024024024024,3.025
2024-09-23 10:00:00,10,44,2,4,33,5,0,12,18,4,22,4,19.2,459.0,4.0,10.36,110.0,1.875,480.9412272069465,6.928878553878555,1.1,1.1583011583011584,3.0681818181818183
2024-09-23 11:00:00,11,47,3,4,33,7,0,12,20,4,24,4,20.2,399.0,4.0,10.36,117.5,2.25,519.8162272069465,7.148837591390784,1.175,1.1583011583011584,3.0638297872340425
2024-09-23 12:00:00,12,50,3,5,38,4,0,10,21,4,25,4,21.2,416.0,4.0,10.36,125.0,2.6166666666666667,545.2912272069465,6.955888030888032,1.25,0.9652509652509652,3.14
2024-09-23 13:00:00,13,59,4,6,45,4,0,15,24,5,29,5,20.683333333333334,220.0,4.0,10.36,147.5,4.25,616.150534008683,9.264032131405012,1.475,1.447876447876448,3.169491525423729
2024-09-23 14:00:00,14,53,4,6,39,4,0,6,22,5,27,5,21.683333333333334,269.0,4.0,10.36,132.5,3.25,582.1205340086831,6.071725431631092,1.325,0.5791505791505792,3.188679245283019
2024-09-23 15:00:00,15,50,5,5,35,5,0,9,21,4,25,4,21.183333333333334,245.0,4.0,10.36,125.0,2.6666666666666665,545.1972272069465,6.77992277992278,1.25,0.8687258687258688,3.2
2024-09-23 16:00:00,16,51,5,4,38,4,0,9,22,3,25,3,22.183333333333334,211.0,4.0,10.36,127.5,2.716666666666667,552.1139204052098,6.851516011810131,1.275,0.8687258687258688,3.196078431372549
2024-09-23 17:00:00,17,46,4,5,34,3,0,5,22,3,25,3,23.183333333333334,271.0,4.0,10.36,115.0,2.466666666666667,547.0289204052099,5.252795031055901,1.15,0.4826254826254826,3.217391304347826
2024-09-23 18:00:00,18,43,4,7,30,2,0,8,22,3,25,3,24.183333333333334,331.0,4.0,10.36,107.5,2.3666666666666667,546.2339204052098,6.100058364011852,1.075,0.7722007722007722,3.302325581395349
2024-09-23 19:00:00,19,41,4,7,26,4,0,7,22,2,24,2,25.183333333333334,357.5,4.0,10.36,102.5,2.09375,533.3156136034733,5.558305866842452,1.025,0.6756756756756757,3.268292682926829
2024-09-23 20:00:00,20,42,3,7,27,5,0,9,22,2,24,2,26.183333333333334,417.5,4.0,11.0,105.0,2.09375,541.1006136034732,5.960389610389611,1.05,0.8181818181818182,3.1904761904761907
2024-09-23 21:00:00,21,46,4,8,30,4,0,10,22,4,26,4,27.183333333333334,426.5,4.0,11.0,115.0,2.6785714285714284,583.8572272069465,6.714426877470356,1.15,0.9090909090909092,3.260869565217391
2024-09-23 22:00:00,22,47,4,7,29,7,0,10,23,4,27,4,28.183333333333334,331.0,3.0,7.300000000000001,117.5,3.8205128205128207,605.0422272069464,8.067757213640338,1.175,1.36986301369863,3.1702127659574466
2024-09-23 23:00:00,23,44,4,7,26,6,1,5,23,4,27,4,29.183333333333334,391.0,3.0,7.300000000000001,110.0,3.5641025641025643,604.2472272069465,5.63876089663761,1.1,0.684931506849315,3.159090909090909
2024-09-24 00:00:00,0,38,4,6,25,3,0,3,23,4,27,4,30.183333333333334,451.0,3.0,7.300000000000001,95.0,3.2051282051282053,597.0172272069465,4.47683850036049,0.95,0.410958904109589,3.289473684210526
2024-09-24 01:00:00,1,43,5,7,29,2,0,8,24,5,29,5,31.183333333333334,467.0,3.0,7.300000000000001,107.5,4.363636363636363,641.0505340086831,7.269958585536796,1.075,1.095890410958904,3.3488372093023258
2024-09-24 02:00:00,2,34,5,6,22,1,0,0,24,3,27,3,32.18333333333333,527.0,3.0,7.300000000000001,85.0,3.0,598.8489204052098,2.9250000000000003,0.85,0.0,3.4411764705882355
2024-09-24 03:00:00,3,35,5,7,22,1,0,3,24,3,27,3,33.18333333333333,587.0,3.0,7.300000000000001,87.5,3.102564102564102,606.6339204052098,4.445743639921722,0.875,0.410958904109589,3.4571428571428573
2024-09-24 04:00:00,4,40,5,7,27,1,0,6,26,3,29,3,34.18333333333333,635.0,3.0,7.300000000000001,100.0,4.121212121212121,649.7989204052099,6.1945205479452055,1.0,0.821917808219178,3.4
2024-09-24 05:00:00,5,41,5,6,27,3,0,2,26,3,29,3,35.18333333333333,695.0,3.0,7.300000000000001,102.5,4.121212121212121,657.5839204052098,4.308787170063481,1.025,0.273972602739726,3.317073170731707
2024-09-24 06:00:00,6,38,5,6,26,1,0,1,26,3,29,3,36.18333333333333,755.0,3.0,7.300000000000001,95.0,3.909090909090909,656.7889204052099,3.690032444124008,0.95,0.136986301369863,3.3947368421052637
2024-09-24 07:00:00,7,40,5,6,28,1,0,4,26,3,29,3,37.18333333333333,815.0,3.0,7.300000000000001,100.0,4.090909090909091,666.7189204052098,5.224315068493151,1.0,0.547945205479452,3.375
2024-09-24 08:00:00,8,43,5,6,31,1,0,5,28,3,31,3,38.18333333333333,813.0,3.0,6.58,107.5,5.333333333333333,705.5939204052098,6.144709125609669,1.075,0.7598784194528875,3.3488372093023258
2024-09-24 09:00:00,9,49,5,7,34,3,0,9,28,3,31,3,39.18333333333333,855.0,3.0,6.58,122.5,5.962962962962963,724.1039204052099,8.51913808076422,1.225,1.3677811550151977,3.2857142857142856
2024-09-24 10:00:00,10,46,5,5,33,3,0,11,32,3,35,3,40.18333333333333,842.0,4.0,9.94,115.0,7.5,776.9089204052098,7.358608170763714,1.15,1.1066398390342054,3.260869565217391
2024-09-24 11:00:00,11,52,6,7,34,5,0,13,33,4,37,4,41.18333333333333,812.0,4.0,9.94,130.0,14.166666666666666,823.0872272069465,8.525653923541247,1.3,1.30784708249497,3.269230769230769
2024-09-24 12:00:00,12,52,6,8,33,5,0,8,34,4,38,4,42.18333333333333,775.0,4.0,9.94,130.0,21.375,842.1272272069464,6.921649125522365,1.3,0.8048289738430584,3.2884615384615383
2024-09-24 13:00:00,13,53,6,7,35,5,0,7,36,4,40,4,43.18333333333333,740.0,4.0,9.94,132.5,43.25,876.7122272069464,6.623697847462132,1.325,0.7042253521126761,3.2641509433962264
2024-09-24 14:00:00,14,56,5,7,39,5,0,11,34,3,37,3,44.18333333333333,785.0,4.0,9.94,140.0,15.0,847.7189204052098,8.057056625467089,1.4,1.1066398390342054,3.2142857142857144
2024-09-24 15:00:00,15,56,5,7,39,5,0,4,32,3,35,3,45.18333333333333,667.0,4.0,9.94,140.0,9.0,826.5589204052097,5.793475136533487,1.4,0.4024144869215292,3.2142857142857144
2024-09-24 16:00:00,16,50,5,6,30,9,0,6,30,3,33,3,46.18333333333333,727.0,4.0,9.94,125.0,5.607142857142857,792.5289204052099,5.820372233400403,1.25,0.6036217303822938,3.14
2024-09-24 17:00:00,17,51,5,8,27,11,0,8,31,3,34,3,47.18333333333333,648.0,4.0,9.94,127.5,6.666666666666667,813.7139204052098,6.524953643429202,1.275,0.8048289738430584,3.1372549019607843
2024-09-24 18:00:00,18,48,4,6,32,6,0,11,33,2,35,2,48.18333333333333,569.0,4.0,9.94,120.0,7.6,825.4506136034731,7.304359490274983,1.2,1.1066398390342054,3.1666666666666665
2024-09-24 19:00:00,19,44,3,7,29,5,0,5,33,1,34,1,49.18333333333333,588.0,4.0,9.94,110.0,5.833333333333333,808.2423068017365,5.1005121638924455,1.1,0.5030181086519115,3.1818181818181817
2024-09-24 20:00:00,20,40,2,8,28,2,0,6,33,0,33,0,45.45,631.0,4.0,10.6,100.0,4.642857142857143,764.338,5.089622641509433,1.0,0.5660377358490566,3.25
2024-09-24 21:00:00,21,44,2,9,31,2,0,7,35,0,35,0,46.45,661.0,4.0,10.6,110.0,7.15,805.358,5.72122641509434,1.1,0.6603773584905661,3.25
2024-09-24 22:00:00,22,53,2,11,38,2,0,11,36,1,37,1,47.45,683.0,3.0,7.24,132.5,19.11111111111111,857.9713068017365,9.230678619826955,1.325,1.5193370165745856,3.2452830188679247
2024-09-24 23:00:00,23,58,2,11,41,4,0,9,36,1,37,1,48.45,743.0,3.0,7.24,145.0,20.55555555555556,874.3363068017366,8.590040960182892,1.45,1.2430939226519335,3.189655172413793
2024-09-25 00:00:00,0,56,2,15,37,2,0,8,37,1,38,1,49.45,799.0,3.0,7.24,140.0,30.83333333333333,889.0863068017367,8.275355169692187,1.4,1.1049723756906078,3.3035714285714284
2024-09-25 01:00:00,1,52,2,14,34,2,0,1,37,1,38,1,50.45,859.0,3.0,7.24,130.0,28.666666666666668,886.1463068017366,4.756863578410539,1.3,0.1381215469613259,3.3076923076923075
2024-09-25 02:00:00,2,57,2,14,36,5,0,8,37,1,38,1,51.45,919.0,3.0,7.24,142.5,30.666666666666668,902.5113068017366,8.166928370650382,1.425,1.1049723756906078,3.2280701754385963
2024-09-25 03:00:00,3,54,2,12,36,4,0,3,37,2,39,2,52.45,975.0,3.0,7.24,135.0,58.0,915.9846136034732,5.685174953959485,1.35,0.4143646408839779,3.2222222222222223
2024-09-25 04:00:00,4,53,2,12,36,3,0,5,38,2,40,2,53.45,1029.5,3.0,7.24,132.5,57.333333333333336,932.8796136034732,6.541217554466799,1.325,0.6906077348066298,3.2452830188679247
2024-09-25 05:00:00,5,54,2,13,36,3,0,2,39,2,41,2,54.45,1084.0,3.0,7.24,135.0,58.66666666666666,954.0646136034732,5.300347861673829,1.35,0.2762430939226519,3.259259259259259
2024-09-25 06:00:00,6,56,2,12,39,3,0,4,39,3,42,3,55.45,1142.5,3.0,7.24,140.0,60.333333333333336,978.2629204052098,6.310714285714285,1.4,0.5524861878453039,3.232142857142857
2024-09-25 07:00:00,7,54,2,12,37,3,0,3,39,2,41,2,56.45,1204.0,3.0,7.24,135.0,58.333333333333336,965.3446136034732,5.717848373235114,1.35,0.4143646408839779,3.240740740740741
2024-09-25 08:00:00,8,56,2,12,40,2,0,5,39,2,41,2,57.45,1264.0,3.0,7.23,140.0,60.66666666666666,975.2746136034732,6.797579529737205,1.4,0.6915629322268326,3.25
2024-09-25 09:00:00,9,59,3,13,41,2,0,8,40,3,43,3,58.45,1321.0,3.0,7.23,147.5,64.66666666666667,1015.01792040521,8.488324307850998,1.475,1.106500691562932,3.288135593220339
2024-09-25 10:00:00,10,58,3,13,41,1,0,7,39,3,42,3,59.45,1352.0,4.0,10.59,145.0,48.0,1005.11292040521,6.988141056950279,1.45,0.6610009442870632,3.310344827586207
2024-09-25 11:00:00,11,59,3,11,44,1,0,8,36,3,39,3,60.45,1379.0,4.0,10.59,147.5,48.25,972.69792040521,7.296151229973913,1.475,0.7554296506137866,3.2711864406779663
2024-09-25 12:00:00,12,51,1,11,38,1,0,5,31,2,33,2,61.45,1373.0,4.0,10.59,127.5,5.892857142857143,879.9096136034732,5.652523190579348,1.275,0.4721435316336166,3.235294117647059
2024-09-25 13:00:00,13,51,1,10,39,1,0,11,35,2,37,2,62.45,1110.0,4.0,10.59,127.5,13.666666666666666,939.1496136034732,7.440184043400175,1.275,1.0387157695939566,3.215686274509804
2024-09-25 14:00:00,14,55,0,10,44,1,0,10,32,2,34,2,44.583333333333336,1124.5,4.0,10.59,137.5,7.25,806.7616136034733,7.337380891063611,1.375,0.9442870632672332,3.163636363636364
2024-09-25 15:00:00,15,49,0,12,37,0,0,9,29,2,31,2,44.55,1077.0,4.0,10.59,122.5,4.416666666666667,753.5036136034732,6.73270364803145,1.225,0.8498583569405099,3.2448979591836733
2024-09-25 16:00:00,16,50,1,12,37,0,0,11,30,3,33,3,45.55,1107.0,4.0,10.59,125.0,5.857142857142857,788.9569204052098,7.506987724268177,1.25,1.0387157695939566,3.28
2024-09-25 17:00:00,17,52,1,12,38,1,0,8,31,3,34,3,46.55,957.0,4.0,10.59,130.0,7.041666666666667,812.2869204052099,6.680146364494807,1.3,0.7554296506137866,3.25
2024-09-25 18:00:00,18,49,1,13,34,1,0,5,32,3,35,3,47.55,807.0,4.0,10.59,122.5,8.05,824.8919204052097,5.576328746796169,1.225,0.4721435316336166,3.2857142857142856
2024-09-25 19:00:00,19,52,1,12,37,2,0,10,32,3,35,3,48.55,801.0,4.0,10.59,130.0,8.4,836.9669204052097,7.250773589017215,1.3,0.9442870632672332,3.230769230769231
2024-09-25 20:00:00,20,51,1,12,33,5,0,7,30,3,33,3,49.55,861.0,4.0,10.31,127.5,5.785714285714286,813.6619204052098,6.2066725623324,1.275,0.678952473326867,3.176470588235294
2024-09-25 21:00:00,21,47,0,13,32,2,0,6,30,2,32,2,50.55,954.0,4.0,10.31,117.5,4.75,796.4536136034732,5.682081020286026,1.175,0.5819592628516004,3.234042553191489
2024-09-25 22:00:00,22,54,0,12,39,3,0,15,29,2,31,2,51.55,981.0,3.0,6.95,135.0,6.333333333333333,803.7086136034732,11.109532374100718,1.35,2.158273381294964,3.1666666666666665
2024-09-25 23:00:00,23,53,1,13,37,2,0,9,29,2,31,2,52.55,1041.0,3.0,6.95,132.5,6.37037037037037,807.2036136034732,8.502524772634724,1.325,1.2949640287769784,3.2452830188679247
2024-09-26 00:00:00,0,52,1,12,36,3,0,8,32,2,34,2,53.55,1013.5,3.0,6.95,130.0,9.27777777777778,850.8986136034732,7.871734919756502,1.3,1.1510791366906474,3.2115384615384617
2024-09-26 01:00:00,1,48,1,11,35,1,0,4,33,2,35,2,54.55,1003.0,3.0,6.95,120.0,10.4,861.3586136034733,5.7705035971223015,1.2,0.5755395683453237,3.25
2024-09-26 02:00:00,2,46,1,11,31,3,0,4,34,2,36,2,55.55,1040.5,3.0,6.95,115.0,12.333333333333334,876.1086136034733,5.551736002502346,1.15,0.5755395683453237,3.217391304347826
2024-09-26 03:00:00,3,46,1,11,32,2,0,2,34,2,36,2,56.55,1100.5,3.0,6.95,115.0,12.416666666666666,881.7486136034731,4.657123866124492,1.15,0.2877697841726618,3.239130434782609
2024-09-26 04:00:00,4,46,1,11,33,1,0,4,34,2,36,2,57.55,1160.5,3.0,6.95,115.0,12.5,887.3886136034732,5.62675946199562,1.15,0.5755395683453237,3.260869565217391
2024-09-26 05:00:00,5,47,1,11,34,1,0,3,34,2,36,2,58.55,1220.5,3.0,6.95,117.5,12.75,895.1736136034732,5.230173733353743,1.175,0.4316546762589928,3.25531914893617
2024-09-26 06:00:00,6,44,1,11,31,1,0,1,34,2,36,2,59.55,1280.5,3.0,6.95,110.0,12.0,894.3786136034732,4.070896010464356,1.1,0.1438848920863309,3.272727272727273
2024-09-26 07:00:00,7,42,1,12,28,1,0,2,34,2,36,2,60.55,1340.5,3.0,6.95,105.0,11.583333333333334,895.7286136034733,4.427380952380952,1.05,0.2877697841726618,3.3095238095238093
2024-09-26 08:00:00,8,47,1,11,32,3,0,8,34,2,36,2,61.55,1400.5,3.0,7.43,117.5,12.583333333333334,912.0936136034732,7.2342365625268465,1.175,1.0767160161507403,3.2127659574468086
2024-09-26 09:00:00,9,47,2,11,28,6,0,8,33,2,35,2,62.55,1376.0,3.0,7.43,117.5,10.0,904.3336136034732,7.186327711119384,1.175,1.0767160161507403,3.191489361702128
2024-09-26 10:00:00,10,48,2,11,30,5,0,9,33,2,35,2,62.4,1299.0,4.0,10.77,120.0,7.7,905.6326136034731,6.531058495821728,1.2,0.8356545961002786,3.208333333333333
2024-09-26 11:00:00,11,42,2,9,28,3,0,5,27,2,29,2,63.4,1246.0,4.0,10.77,105.0,3.090909090909091,818.0026136034733,4.903293982402618,1.05,0.4642525533890436,3.238095238095238
2024-09-26 12:00:00,12,38,2,8,24,4,0,5,26,2,28,2,64.28333333333333,1277.0,4.0,10.77,95.0,2.5416666666666665,801.0046136034732,4.540495039827983,0.95,0.4642525533890436,3.210526315789474
2024-09-26 13:00:00,13,36,2,7,23,4,0,6,24,2,26,2,65.28333333333333,1302.5,4.0,10.77,90.0,2.0535714285714284,775.5546136034732,4.654634787991334,0.9,0.5571030640668524,3.1944444444444446
2024-09-26 14:00:00,14,36,1,6,27,2,0,10,22,2,24,2,66.28333333333333,1255.5,4.0,10.77,90.0,1.78125,754.3946136034732,5.790266171463943,0.9,0.9285051067780872,3.1666666666666665
2024-09-26 15:00:00,15,37,2,5,28,2,0,6,23,2,25,2,41.95,904.0,4.0,10.77,92.5,1.9666666666666663,632.6996136034732,4.726707069186178,0.925,0.5571030640668524,3.189189189189189
2024-09-26 16:00:00,16,40,2,6,30,2,0,10,22,1,23,1,42.95,910.0,4.0,10.77,100.0,1.8823529411764703,617.1063068017365,6.171216341689879,1.0,0.9285051067780872,3.2
2024-09-26 17:00:00,17,49,2,7,33,6,1,15,25,1,26,1,43.95,470.0,4.0,10.77,122.5,2.6785714285714284,682.2513068017366,8.013543857654481,1.225,1.392757660167131,3.061224489795918
2024-09-26 18:00:00,18,50,2,9,31,6,2,9,26,1,27,1,44.95,514.0,4.0,10.77,125.0,2.9423076923076925,703.4363068017366,6.382103064066852,1.25,0.8356545961002786,3.06
2024-09-26 19:00:00,19,43,2,9,26,4,2,5,26,1,27,1,45.95,574.0,4.0,10.77,107.5,2.576923076923077,694.0613068017367,4.7967405152123685,1.075,0.4642525533890436,3.116279069767442
2024-09-26 20:00:00,20,47,2,13,26,4,2,11,29,2,31,2,46.95,403.0,4.0,11.36,117.5,4.166666666666667,762.7496136034732,6.840350614324244,1.175,0.9683098591549296,3.191489361702128
2024-09-26 21:00:00,21,47,2,12,30,3,0,7,29,3,32,3,47.95,438.5,4.0,11.36,117.5,4.8125,782.6579204052099,5.869029068025173,1.175,0.6161971830985916,3.276595744680851
2024-09-26 22:00:00,22,48,2,12,30,4,0,5,29,3,32,3,48.95,498.5,3.0,8.02,120.0,6.5,790.4429204052099,5.926184538653367,1.2,0.6234413965087282,3.25
2024-09-26 23:00:00,23,48,2,13,26,7,0,9,30,5,35,5,49.95,505.0,3.0,8.02,120.0,10.266666666666667,838.0195340086832,7.450374064837905,1.2,1.1221945137157108,3.208333333333333
2024-09-27 00:00:00,0,51,2,13,26,8,2,9,30,4,34,4,50.95,579.5,3.0,8.02,127.5,8.777777777777779,835.8262272069464,7.426602611119261,1.275,1.1221945137157108,3.0980392156862746
2024-09-27 01:00:00,1,53,2,13,29,8,1,7,31,4,35,4,51.95,625.0,3.0,8.02,132.5,11.066666666666666,859.1562272069464,6.883731708464687,1.325,0.8728179551122195,3.1320754716981134
2024-09-27 02:00:00,2,48,2,15,25,6,0,2,31,4,35,4,52.95,685.0,3.0,8.02,120.0,10.466666666666669,854.0712272069463,4.740669160432253,1.2,0.2493765586034912,3.270833333333333
2024-09-27 03:00:00,3,50,3,16,27,4,0,6,31,6,37,6,53.95,709.0,3.0,8.02,125.0,18.666666666666668,892.5378408104198,6.713715710723192,1.25,0.7481296758104738,3.36
2024-09-27 04:00:00,4,50,3,15,27,5,0,4,32,5,37,5,54.95,769.0,3.0,8.02,125.0,18.444444444444443,897.309534008683,5.805860349127181,1.25,0.4987531172069825,3.32
2024-09-27 05:00:00,5,47,3,14,25,5,0,1,32,4,36,4,55.95,847.0,3.0,8.02,117.5,13.0,882.2462272069465,4.313858969597283,1.175,0.1246882793017456,3.3191489361702127
2024-09-27 06:00:00,6,43,2,14,23,4,0,0,32,3,35,3,56.95,925.0,3.0,8.02,107.5,9.533333333333331,865.0379204052098,3.575,1.075,0.0,3.3255813953488373
2024-09-27 07:00:00,7,44,2,15,24,3,0,3,32,3,35,3,57.95,985.0,3.0,8.02,110.0,9.866666666666667,872.82292040521,4.958218091135797,1.1,0.3740648379052369,3.363636363636364
2024-09-27 08:00:00,8,50,2,15,28,5,0,6,33,3,36,3,58.95,1027.0,3.0,7.029999999999999,125.0,13.666666666666666,904.7329204052098,6.8994310099573255,1.25,0.8534850640113799,3.28
2024-09-27 09:00:00,9,54,3,15,31,5,0,6,34,5,39,5,59.95,1012.0,3.0,7.029999999999999,135.0,59.333333333333336,960.8895340086832,7.263339655444919,1.35,0.8534850640113799,3.2962962962962963
2024-09-27 10:00:00,10,59,3,14,38,4,0,10,34,5,39,5,60.95,1068.0,4.0,10.28,147.5,48.25,977.2545340086832,8.007087977313198,1.475,0.972762645914397,3.2711864406779663
2024-09-27 11:00:00,11,53,3,16,29,5,0,4,37,5,42,5,61.95,1065.5,4.0,10.28,132.5,44.0,1010.2245340086832,5.692122457969312,1.325,0.3891050583657587,3.320754716981132
2024-09-27 12:00:00,12,53,1,19,28,5,0,11,35,5,40,5,62.95,994.5,4.0,10.28,132.5,43.75,989.064534008683,7.908147346009837,1.325,1.0700389105058363,3.30188679245283
2024-09-27 13:00:00,13,48,1,16,29,2,0,4,35,4,39,4,63.95,1044.0,4.0,10.28,120.0,40.0,969.7112272069464,5.297016861219196,1.2,0.3891050583657587,3.333333333333333
2024-09-27 14:00:00,14,41,1,15,24,1,0,3,29,4,33,4,64.95,1092.0,4.0,10.28,102.5,4.964285714285714,879.9362272069465,4.4643707886495205,1.025,0.2918287937743191,3.3902439024390243
2024-09-27 15:00:00,15,44,1,14,27,2,0,11,29,4,33,4,65.95,709.0,4.0,10.28,110.0,5.214285714285714,892.0112272069464,7.20058365758755,1.1,1.0700389105058363,3.3181818181818183
2024-09-27 16:00:00,16,43,1,12,28,2,0,9,28,4,32,4,66.95,436.5,4.0,10.28,107.5,4.40625,882.1062272069464,6.395780924803186,1.075,0.8754863813229573,3.2790697674418605
2024-09-27 17:00:00,17,46,1,11,32,2,0,12,32,3,35,3,67.95,404.0,4.0,10.28,115.0,7.45,933.5129204052098,7.506086110641177,1.15,1.1673151750972763,3.239130434782609
2024-09-27 18:00:00,18,50,1,12,36,1,0,12,32,2,34,2,68.95,416.5,4.0,10.28,125.0,6.791666666666667,933.4646136034733,7.8804474708171215,1.25,1.1673151750972763,3.26
2024-09-27 19:00:00,19,51,1,10,38,2,0,8,30,2,32,2,69.95,476.5,4.0,10.28,127.5,5.09375,914.4496136034732,6.562220569161517,1.275,0.7782101167315175,3.196078431372549
2024-09-27 20:00:00,20,46,2,10,32,2,0,5,31,2,33,2,70.95,489.0,4.0,9.93,115.0,5.357142857142857,922.7646136034732,5.391928280572705,1.15,0.5035246727089627,3.260869565217391
2024-09-27 21:00:00,21,45,2,10,31,2,0,8,30,2,32,2,71.95,571.5,4.0,9.93,112.5,4.59375,912.8596136034732,6.306755622692179,1.125,0.8056394763343404,3.2666666666666666
2024-09-27 22:00:00,22,43,3,9,30,1,0,8,29,3,32,3,72.95,578.5,3.0,6.68,107.5,5.958333333333333,915.07792040521,7.557732209998607,1.075,1.1976047904191618,3.3255813953488373
2024-09-27 23:00:00,23,42,3,9,29,1,0,6,29,3,32,3,73.95,638.5,3.0,6.68,105.0,5.833333333333333,918.57292040521,6.494011976047904,1.05,0.8982035928143713,3.333333333333333
2024-09-28 00:00:00,0,41,2,10,28,1,0,6,29,2,31,2,74.95,729.0,3.0,6.68,102.5,5.037037037037037,907.7996136034732,6.379407039579378,1.025,0.8982035928143713,3.317073170731707
2024-09-28 01:00:00,1,38,1,10,27,0,0,6,29,1,30,1,75.95,811.5,3.0,6.68,95.0,4.2,892.7363068017366,6.128254018279231,0.95,0.8982035928143713,3.3157894736842106
2024-09-28 02:00:00,2,40,1,10,29,0,0,5,30,1,31,1,76.95,849.0,3.0,6.68,100.0,4.888888888888889,916.0663068017366,5.770059880239521,1.0,0.7485029940119761,3.3
2024-09-28 03:00:00,3,37,1,9,27,0,0,2,30,0,30,0,36.9,878.5,3.0,6.68,92.5,4.066666666666666,669.481,4.03721475966985,0.925,0.2994011976047904,3.2972972972972974
2024-09-28 04:00:00,4,36,1,9,26,0,0,2,32,0,32,0,37.9,859.5,3.0,6.68,90.0,4.958333333333333,699.776,3.964687292082502,0.9,0.2994011976047904,3.305555555555556
2024-09-28 05:00:00,5,40,1,10,29,0,0,4,32,0,32,0,38.9,919.5,3.0,6.68,100.0,5.5,713.996,5.276047904191617,1.0,0.5988023952095809,3.3
2024-09-28 06:00:00,6,44,1,10,31,2,0,5,35,0,35,0,39.9,916.0,3.0,6.68,110.0,9.466666666666669,768.4159999999999,5.965623298856832,1.1,0.7485029940119761,3.227272727272727
2024-09-28 07:00:00,7,41,1,10,29,1,0,4,33,0,33,0,40.9,991.0,3.0,6.68,102.5,6.380952380952381,740.8209999999999,5.307061486782532,1.025,0.5988023952095809,3.268292682926829
2024-09-28 08:00:00,8,40,1,10,28,1,0,2,33,0,33,0,41.9,1051.0,3.0,6.58,100.0,6.238095238095238,744.316,4.2704407294832825,1.0,0.303951367781155,3.275
2024-09-28 09:00:00,9,45,1,10,30,4,0,6,32,0,32,0,42.9,1103.5,3.0,6.58,112.5,5.958333333333333,747.2810000000001,6.472669706180345,1.125,0.9118541033434652,3.1777777777777776
2024-09-28 10:00:00,10,46,1,8,34,3,0,8,33,0,33,0,43.9,1156.0,4.0,10.04,115.0,5.178571428571429,768.466,6.13669236099082,1.15,0.7968127490039841,3.152173913043478
2024-09-28 11:00:00,11,42,1,6,32,3,0,6,26,0,26,0,44.9,1130.0,4.0,10.04,105.0,2.3392857142857144,671.726,5.138972680705749,1.05,0.5976095617529881,3.119047619047619
2024-09-28 12:00:00,12,41,1,5,31,4,0,9,23,0,23,0,45.9,1142.0,4.0,10.04,102.5,1.8529411764705883,635.021,5.904834321251579,1.025,0.8964143426294822,3.073170731707317
2024-09-28 13:00:00,13,48,1,6,36,5,0,16,22,1,23,1,46.9,1056.0,4.0,10.04,120.0,2.161764705882353,656.5443068017365,8.555478087649403,1.2,1.5936254980079685,3.0625
2024-09-28 14:00:00,14,33,0,6,22,5,0,7,14,1,15,1,28.633333333333333,501.0,4.0,10.04,82.5,1.0,414.14530680173664,4.612761076904503,0.825,0.6972111553784861,3.0303030303030303
2024-09-28 15:00:00,15,31,0,6,22,3,0,7,14,1,15,1,24.516666666666666,209.0,4.0,10.04,77.5,0.96,386.6373068017366,4.559105513430151,0.775,0.6972111553784861,3.096774193548387
2024-09-28 16:00:00,16,28,0,3,21,4,0,5,11,1,12,1,23.866666666666667,245.0,4.0,10.04,70.0,0.7410714285714286,336.3363068017366,3.551237905520774,0.7,0.4980079681274901,2.9642857142857144
2024-09-28 17:00:00,17,28,1,4,20,3,0,9,12,2,14,2,24.866666666666667,259.0,4.0,10.04,70.0,0.8365384615384616,369.6446136034732,4.960287421741605,0.7,0.8964143426294822,3.107142857142857
2024-09-28 18:00:00,18,31,1,5,23,2,0,8,12,2,14,2,25.866666666666667,319.0,4.0,10.04,77.5,0.9423076923076924,381.7196136034733,4.968956432335175,0.775,0.7968127490039841,3.161290322580645
2024-09-28 19:00:00,19,31,0,4,25,2,0,8,12,1,13,1,26.866666666666667,392.0,4.0,10.04,77.5,0.8796296296296297,373.0913068017367,4.816845521141242,0.775,0.7968127490039841,3.064516129032258
2024-09-28 20:00:00,20,31,0,5,22,4,0,9,10,1,11,1,27.866666666666667,461.0,4.0,10.16,77.5,0.8103448275862069,351.93130680173664,5.036055372110744,0.775,0.8858267716535433,3.032258064516129
2024-09-28 21:00:00,21,24,0,5,15,4,0,4,10,1,11,1,28.866666666666667,521.0,4.0,10.16,60.0,0.6293103448275862,342.5563068017366,3.0225065616797897,0.6,0.3937007874015747,3.0416666666666665
2024-09-28 22:00:00,22,28,0,5,18,5,0,11,10,1,11,1,29.866666666666667,581.0,3.0,6.699999999999999,70.0,0.9655172413793104,356.7763068017366,7.025373134328358,0.7,1.6417910447761197,3.0
2024-09-28 23:00:00,23,29,0,5,19,5,0,8,10,1,11,1,30.866666666666667,641.0,3.0,6.699999999999999,72.5,1.0,364.5613068017366,5.757089552238806,0.725,1.1940298507462688,3.0
2024-09-29 00:00:00,0,27,0,4,17,6,0,9,10,2,12,2,31.866666666666667,683.5,3.0,6.699999999999999,67.5,0.9404761904761904,380.1796136034732,5.905348258706469,0.675,1.3432835820895523,2.925925925925926
2024-09-29 01:00:00,1,27,0,5,20,2,0,5,10,3,13,3,32.86666666666667,726.0,3.0,6.699999999999999,67.5,1.037037037037037,400.0879204052098,4.421724709784412,0.675,0.746268656716418,3.111111111111111
2024-09-29 02:00:00,2,29,0,4,23,2,0,9,12,2,14,2,33.86666666666667,736.0,3.0,6.699999999999999,72.5,1.141025641025641,422.5496136034732,6.347490993309315,0.725,1.3432835820895523,3.0689655172413794
2024-09-29 03:00:00,3,29,0,4,24,1,0,5,12,2,14,2,34.86666666666667,796.0,3.0,6.699999999999999,72.5,1.1538461538461535,428.1896136034732,4.56600617601647,0.725,0.746268656716418,3.103448275862069
2024-09-29 04:00:00,4,22,0,3,18,1,0,1,11,1,12,1,35.86666666666667,856.0,3.0,6.699999999999999,55.00000000000001,0.8095238095238095,391.1463068017366,2.161329715061058,0.55,0.1492537313432836,3.090909090909091
2024-09-29 05:00:00,5,23,0,3,19,1,0,1,11,1,12,1,36.86666666666667,916.0,3.0,6.699999999999999,57.49999999999999,0.8452380952380952,398.9313068017366,2.235739779364049,0.575,0.1492537313432836,3.0869565217391304
2024-09-29 06:00:00,6,24,0,3,20,1,0,3,11,1,12,1,37.86666666666667,976.0,3.0,6.699999999999999,60.0,0.8809523809523809,406.7163068017366,3.2305970149253733,0.6,0.4477611940298508,3.083333333333333
2024-09-29 07:00:00,7,24,0,3,21,0,0,4,12,2,14,2,38.86666666666667,977.5,3.0,6.699999999999999,60.0,0.9615384615384616,440.0246136034732,3.740671641791045,0.6,0.5970149253731344,3.125
2024-09-29 08:00:00,8,26,0,6,20,0,0,7,13,2,15,2,39.86666666666667,1029.0,3.0,7.02,65.0,1.12,463.3546136034733,5.321564760026299,0.65,0.9971509971509972,3.230769230769231
2024-09-29 09:00:00,9,29,0,7,22,0,0,6,12,3,15,3,40.86666666666667,1089.0,3.0,7.02,72.5,1.2533333333333334,476.2979204052098,5.120409666961391,0.725,0.8547008547008548,3.2413793103448274
2024-09-29 10:00:00,10,36,0,5,31,0,0,13,11,4,15,4,41.86666666666667,1038.0,4.0,10.27,90.0,1.13,497.8212272069465,6.798277074542897,0.9,1.2658227848101269,3.138888888888889
2024-09-29 11:00:00,11,38,0,6,32,0,0,11,10,4,14,4,42.86666666666667,778.5,4.0,10.27,95.0,1.1538461538461535,494.3512272069464,6.382360477630297,0.95,1.071080817916261,3.1578947368421053
2024-09-29 12:00:00,12,38,0,6,28,4,0,10,12,4,16,4,43.86666666666667,492.0,4.0,10.27,95.0,1.2083333333333333,526.7912272069465,5.872377389432685,0.95,0.973709834469328,3.0526315789473686
2024-09-29 13:00:00,13,39,0,6,28,5,0,6,12,4,16,4,44.86666666666667,552.0,4.0,10.27,97.5,1.2291666666666667,534.5762272069464,4.717657853344319,0.975,0.5842259006815969,3.025641025641025
2024-09-29 14:00:00,14,46,0,7,31,8,0,14,12,4,16,4,45.86666666666667,612.0,4.0,10.27,115.0,1.4270833333333333,555.2312272069464,7.484946657635154,1.15,1.3631937682570594,2.9782608695652173
2024-09-29 15:00:00,15,45,0,5,35,5,0,10,14,2,16,2,46.86666666666667,617.0,4.0,10.27,112.5,1.40625,556.9896136034732,6.296129503407984,1.125,0.973709834469328,3.0
2024-09-29 16:00:00,16,47,1,5,36,5,0,11,16,2,18,2,47.86666666666667,426.5,4.0,10.27,117.5,1.625,593.7196136034731,6.833820360894156,1.175,1.071080817916261,3.042553191489361
2024-09-29 17:00:00,17,47,1,7,34,5,0,9,17,3,20,3,48.86666666666667,395.0,4.0,10.27,117.5,1.8125,627.0279204052099,6.328598582941433,1.175,0.8763388510223954,3.0851063829787235
2024-09-29 18:00:00,18,42,1,5,31,5,0,9,16,2,18,2,38.11666666666667,455.0,4.0,10.27,105.0,1.4545454545454546,528.0046136034732,5.870746974544443,1.05,0.8763388510223954,3.0476190476190474
2024-09-29 19:00:00,19,45,1,5,32,7,0,15,16,2,18,2,39.11666666666667,469.5,4.0,10.27,112.5,1.5340909090909092,540.0796136034733,7.756694255111976,1.125,1.4605647517039924,3.0
2024-09-29 20:00:00,20,45,1,7,29,8,0,12,17,2,19,2,40.11666666666667,494.0,4.0,9.61,112.5,1.619047619047619,559.1196136034732,7.1738466874783215,1.125,1.2486992715920917,3.022222222222222
2024-09-29 21:00:00,21,36,1,6,23,5,1,12,18,1,19,1,41.11666666666667,414.0,4.0,9.61,90.0,1.2976190476190477,544.5863068017366,6.505783905653833,0.9,1.2486992715920917,3.0277777777777777
2024-09-29 22:00:00,22,43,1,7,27,8,0,16,20,1,21,1,42.11666666666667,381.0,3.0,6.359999999999999,107.5,2.280701754385965,592.0413068017366,10.855675003656575,1.075,2.515723270440252,3.0232558139534884
2024-09-29 23:00:00,23,45,1,8,29,7,0,14,21,1,22,1,43.11666666666667,435.0,3.0,6.359999999999999,112.5,2.555555555555556,615.3713068017366,10.200524109014676,1.125,2.2012578616352205,3.066666666666667
2024-09-30 00:00:00,0,40,2,8,27,3,0,4,23,1,24,1,44.11666666666667,476.0,3.0,6.359999999999999,100.0,2.6875,637.0863068017366,5.253301886792453,1.0,0.628930817610063,3.225
2024-09-30 01:00:00,1,37,2,9,23,3,0,5,24,2,26,2,45.11666666666667,452.0,3.0,6.359999999999999,92.5,2.880952380952381,663.9596136034733,5.595967193608703,0.925,0.7861635220125787,3.27027027027027
2024-09-30 02:00:00,2,38,2,8,24,4,0,6,25,2,27,2,46.11666666666667,441.0,3.0,6.359999999999999,95.0,3.128205128205128,685.1446136034733,6.078798411122145,0.95,0.9433962264150944,3.210526315789474
2024-09-30 03:00:00,3,34,2,9,22,1,0,3,25,2,27,2,47.11666666666667,501.0,3.0,6.359999999999999,85.0,2.923076923076923,682.2046136034733,4.43157602663707,0.85,0.4716981132075472,3.3529411764705883
2024-09-30 04:00:00,4,38,2,9,26,1,0,6,25,2,27,2,48.11666666666667,561.0,3.0,6.359999999999999,95.0,3.230769230769231,696.4246136034733,6.278103277060576,0.95,0.9433962264150944,3.3157894736842106
2024-09-30 05:00:00,5,35,2,9,23,1,0,1,25,3,28,3,49.11666666666667,598.0,3.0,6.359999999999999,87.5,3.25,709.8979204052098,3.4506064690026954,0.875,0.1572327044025157,3.342857142857143
2024-09-30 06:00:00,6,35,2,9,23,1,0,1,25,3,28,3,50.11666666666667,658.0,3.0,6.359999999999999,87.5,3.25,715.5379204052098,3.4506064690026954,0.875,0.1572327044025157,3.342857142857143
2024-09-30 07:00:00,7,39,2,9,26,2,0,6,26,3,29,3,51.11666666666667,695.0,3.0,6.359999999999999,97.5,3.878787878787879,743.1579204052099,6.296274794388002,0.975,0.9433962264150944,3.282051282051282
2024-09-30 08:00:00,8,38,2,9,26,1,0,5,27,3,30,3,52.11666666666667,743.0,3.0,6.6,95.0,4.2,760.0529204052098,5.661961722488038,0.95,0.7575757575757576,3.3157894736842106
2024-09-30 09:00:00,9,46,2,12,31,1,0,10,31,4,35,4,53.11666666666667,738.0,3.0,6.6,115.0,10.2,850.7212272069464,8.864525691699605,1.15,1.5151515151515151,3.3260869565217392
2024-09-30 10:00:00,10,50,2,10,37,1,0,9,31,4,35,4,54.11666666666667,798.0,4.0,9.85,125.0,8.15,864.9412272069465,7.053680203045685,1.25,0.9137055837563453,3.26
2024-09-30 11:00:00,11,60,2,12,45,1,0,16,32,3,35,3,55.11666666666667,782.0,4.0,9.85,150.0,9.75,891.1629204052099,10.154187817258885,1.5,1.6243654822335023,3.25
2024-09-30 12:00:00,12,55,3,11,40,1,0,7,28,3,31,3,56.11666666666667,794.0,4.0,9.85,137.5,5.027777777777778,832.4779204052099,6.863717120443009,1.375,0.7106598984771574,3.290909090909091
2024-09-30 13:00:00,13,52,3,12,37,0,0,14,25,3,28,3,57.11666666666667,621.0,4.0,9.85,130.0,3.625,791.4829204052098,9.105954705193284,1.3,1.4213197969543148,3.3461538461538463
2024-09-30 14:00:00,14,48,3,11,34,0,0,5,21,3,24,3,58.11666666666667,828.0,4.0,9.85,120.0,2.515625,734.9429204052099,5.727622673434856,1.2,0.5076142131979695,3.3541666666666665
2024-09-30 15:00:00,15,37,2,11,24,0,0,2,16,3,19,3,31.15,875.0,4.0,9.85,92.5,1.5,492.25592040520974,3.841452874193991,0.925,0.2030456852791878,3.4054054054054053
2024-09-30 16:00:00,16,36,0,8,28,0,0,7,15,3,18,3,28.95,497.5,4.0,9.85,90.0,1.318181818181818,464.3029204052099,5.189904117315285,0.9,0.7106598984771574,3.2222222222222223
2024-09-30 17:00:00,17,41,0,10,28,3,0,11,18,3,21,3,29.95,498.0,4.0,9.85,102.5,1.7105263157894737,520.8679204052098,6.790918657917543,1.025,1.116751269035533,3.1707317073170733
2024-09-30 18:00:00,18,38,0,10,27,1,0,8,19,3,22,3,30.95,515.5,4.0,9.85,95.0,1.7083333333333333,533.4729204052098,5.703907293614748,0.95,0.8121827411167513,3.236842105263158
2024-09-30 19:00:00,19,39,0,8,29,2,0,11,21,2,23,2,31.95,391.0,4.0,9.85,97.5,1.8088235294117647,553.7896136034732,6.597061694650527,0.975,1.116751269035533,3.1538461538461537
2024-09-30 20:00:00,20,39,0,9,28,2,0,8,22,3,25,3,32.95,289.0,4.0,9.88,97.5,2.066666666666667,587.0979204052098,5.674483546143465,0.975,0.8097165991902835,3.1794871794871797
2024-09-30 21:00:00,21,48,0,10,32,6,0,18,21,3,24,3,33.95,230.5,4.0,9.88,120.0,2.3125,598.6429204052099,9.31740890688259,1.2,1.8218623481781375,3.083333333333333
2024-09-30 22:00:00,22,41,0,10,28,3,0,13,19,3,22,3,24.766666666666666,381.0,3.0,6.63,102.5,2.4074074074074074,505.0339204052098,9.46712099473936,1.025,1.9607843137254903,3.1707317073170733
2024-09-30 23:00:00,23,34,0,10,23,1,0,6,19,2,21,2,25.766666666666666,406.0,3.0,6.63,85.0,1.947368421052632,481.3906136034732,5.729484961405377,0.85,0.9049773755656108,3.264705882352941
