ts,hour,census,l1,l2,l3,l4,l5,arrivals,waitBed,waitICU,D_board,vent,maxLOS_h,awt_curr_min,Na,cap_sum,OCCUPANCY,EDWIN,NEDOCS,READI,READI_BR,READI_PR,READI_AR
2020-12-01 00:00:00,0,17,0,4,12,1,0,6,4,0,4,0,98.65,681.5,3.0,7.46,42.5,0.5,626.451,3.9048020816905846,0.425,0.8042895442359249,3.176470588235294
2020-12-01 01:00:00,1,15,0,4,10,1,0,1,4,0,4,0,99.65,741.5,3.0,7.46,37.5,0.4444444444444444,627.8009999999999,1.628954423592493,0.375,0.1340482573726541,3.2
2020-12-01 02:00:00,2,15,0,3,11,1,0,6,5,0,5,0,100.65,232.0,3.0,7.46,37.5,0.4476190476190476,646.841,3.6951072386058974,0.375,0.8042895442359249,3.1333333333333333
2020-12-01 03:00:00,3,16,0,4,11,1,0,5,5,1,6,1,101.65,270.0,3.0,7.46,40.0,0.5,668.8943068017367,3.411394101876675,0.4,0.6702412868632708,3.1875
2020-12-01 04:00:00,4,14,0,3,10,1,0,2,5,0,5,0,102.65,352.0,3.0,7.46,35.0,0.419047619047619,655.976,1.9425890463423976,0.35,0.2680965147453083,3.142857142857143
2020-12-01 05:00:00,5,14,0,4,9,1,0,1,5,0,5,0,103.65,412.0,3.0,7.46,35.0,0.4285714285714285,661.616,1.555869398697817,0.35,0.1340482573726541,3.2142857142857144
2020-12-01 06:00:00,6,15,0,4,10,1,0,2,5,0,5,0,104.65,472.0,3.0,7.46,37.5,0.4571428571428571,669.401,2.0579088471849865,0.375,0.2680965147453083,3.2
2020-12-01 07:00:00,7,14,0,5,8,1,0,2,6,0,6,0,105.65,510.0,3.0,7.46,35.0,0.4509803921568627,686.296,2.0308885484488703,0.35,0.2680965147453083,3.2857142857142856
2020-12-01 08:00:00,8,15,0,5,9,1,0,3,7,0,7,0,106.65,548.0,3.0,6.72,37.5,0.494949494949495,707.481,2.683333333333333,0.375,0.4464285714285714,3.2666666666666666
2020-12-01 09:00:00,9,20,0,7,12,1,0,5,8,0,8,0,107.65,514.0,3.0,6.72,50.0,0.6875,737.246,4.105357142857143,0.5,0.7440476190476191,3.3
2020-12-01 10:00:00,10,17,0,7,9,1,0,3,9,0,9,0,108.65,480.0,4.0,9.97,42.5,0.4596774193548387,749.8509999999999,2.433909080181722,0.425,0.3009027081243731,3.3529411764705883
2020-12-01 11:00:00,11,20,0,6,14,0,0,7,13,0,13,0,109.65,190.0,4.0,9.97,50.0,0.6111111111111112,815.5260000000001,3.9669508525576735,0.5,0.7021063189568707,3.3
2020-12-01 12:00:00,12,22,0,8,14,0,0,4,14,0,14,0,110.65,233.5,4.0,9.97,55.00000000000001,0.7115384615384616,838.856,3.1995030546184013,0.55,0.4012036108324975,3.363636363636364
2020-12-01 13:00:00,13,29,0,11,18,0,0,11,17,0,17,0,111.65,197.0,4.0,9.97,72.5,1.065217391304348,899.711,6.17842665928821,0.725,1.1033099297893685,3.3793103448275863
2020-12-01 14:00:00,14,29,0,12,17,0,0,6,16,1,17,1,112.65,200.0,4.0,9.97,72.5,1.076086956521739,906.2193068017366,4.529439179607789,0.725,0.6018054162487463,3.413793103448276
2020-12-01 15:00:00,15,29,0,12,16,1,0,5,15,1,16,1,113.65,229.5,4.0,9.97,72.5,1.0208333333333333,898.4593068017366,4.14473939058555,0.725,0.501504513540622,3.3793103448275863
2020-12-01 16:00:00,16,26,0,10,16,0,0,4,15,0,15,0,114.65,204.0,4.0,9.97,65.0,0.88,883.396,3.557919913586915,0.65,0.4012036108324975,3.3846153846153846
2020-12-01 17:00:00,17,27,0,10,17,0,0,7,14,2,16,2,115.65,182.5,4.0,9.97,67.5,0.9479166666666666,906.3176136034732,4.641358334262045,0.675,0.7021063189568707,3.3703703703703702
2020-12-01 18:00:00,18,29,0,11,18,0,0,7,15,3,18,3,116.65,154.5,4.0,9.97,72.5,1.1136363636363635,943.9159204052098,4.82263514681977,0.725,0.7021063189568707,3.3793103448275863
2020-12-01 19:00:00,19,22,0,9,13,0,0,1,11,3,14,3,117.65,149.0,4.0,9.97,55.00000000000001,0.7211538461538461,880.9409204052099,2.216934895595879,0.55,0.1003009027081243,3.409090909090909
2020-12-01 20:00:00,20,19,0,7,12,0,0,7,8,2,10,2,118.65,227.5,4.0,9.9,47.5,0.5333333333333333,825.6776136034732,3.9817118553960658,0.475,0.7070707070707071,3.3684210526315788
2020-12-01 21:00:00,21,17,0,5,12,0,0,3,6,1,7,1,119.65,388.0,4.0,9.9,42.5,0.4242424242424242,785.9593068017366,2.398217468805704,0.425,0.303030303030303,3.294117647058824
2020-12-01 22:00:00,22,16,0,4,11,1,0,8,3,1,4,1,120.65,238.5,3.0,6.65,40.0,0.4722222222222222,749.2543068017367,5.109586466165413,0.4,1.2030075187969924,3.1875
2020-12-01 23:00:00,23,21,0,5,16,0,0,12,5,0,5,0,121.65,212.0,3.0,6.65,52.5,0.6476190476190476,778.151,7.543179377013963,0.525,1.8045112781954888,3.238095238095238
2020-12-02 00:00:00,0,25,0,7,18,0,0,7,6,0,6,0,122.65,170.0,3.0,6.65,62.5,0.803921568627451,805.771,5.502631578947368,0.625,1.0526315789473684,3.28
2020-12-02 01:00:00,1,22,0,5,17,0,0,3,6,0,6,0,123.65,230.0,3.0,6.65,55.00000000000001,0.696078431372549,804.976,3.2309125085440877,0.55,0.4511278195488721,3.227272727272727
2020-12-02 02:00:00,2,21,0,4,17,0,0,6,8,1,9,1,124.65,184.0,3.0,6.65,52.5,0.7204301075268817,849.5393068017365,4.553625134264232,0.525,0.9022556390977444,3.1904761904761907
2020-12-02 03:00:00,3,20,0,5,15,0,0,3,9,1,10,1,125.65,233.0,3.0,6.65,50.0,0.7222222222222222,866.4343068017365,3.0911654135338344,0.5,0.4511278195488721,3.25
2020-12-02 04:00:00,4,21,0,7,14,0,0,2,9,1,10,1,126.65,293.0,3.0,6.65,52.5,0.7777777777777778,874.2193068017366,2.7525062656641603,0.525,0.3007518796992481,3.333333333333333
2020-12-02 05:00:00,5,22,0,8,14,0,0,3,9,1,10,1,127.65,353.0,3.0,6.65,55.00000000000001,0.8222222222222222,882.0043068017367,3.3674299384825703,0.55,0.4511278195488721,3.363636363636364
2020-12-02 06:00:00,6,24,0,8,16,0,0,3,11,1,12,1,128.65,349.0,3.0,6.65,60.0,0.9523809523809524,918.7343068017368,3.50375939849624,0.6,0.4511278195488721,3.333333333333333
2020-12-02 07:00:00,7,25,0,8,17,0,0,2,13,0,13,0,129.65,353.0,3.0,6.65,62.5,1.0246913580246917,939.051,3.073496240601504,0.625,0.3007518796992481,3.32
2020-12-02 08:00:00,8,25,0,8,17,0,0,3,13,0,13,0,130.65,413.0,3.0,6.66,62.5,1.0246913580246917,944.691,3.5704954954954955,0.625,0.4504504504504504,3.32
2020-12-02 09:00:00,9,21,0,7,14,0,0,3,7,0,7,0,131.65,407.0,3.0,6.66,52.5,0.7070707070707071,861.351,3.2515015015015014,0.525,0.4504504504504504,3.333333333333333
2020-12-02 10:00:00,10,23,0,8,15,0,0,6,7,0,7,0,132.65,467.0,4.0,10.36,57.49999999999999,0.5833333333333334,871.281,3.863895417156287,0.575,0.5791505791505792,3.347826086956522
2020-12-02 11:00:00,11,24,0,8,16,0,0,7,8,0,8,0,133.65,328.0,4.0,10.36,60.0,0.625,892.4659999999999,4.252252252252252,0.6,0.6756756756756757,3.333333333333333
2020-12-02 12:00:00,12,26,0,8,18,0,0,8,9,0,9,0,134.65,233.0,4.0,10.36,65.0,0.6935483870967742,915.796,4.7042025542025545,0.65,0.7722007722007722,3.3076923076923075
2020-12-02 13:00:00,13,27,0,9,18,0,0,6,9,1,10,1,135.65,143.5,4.0,10.36,67.5,0.75,937.8493068017368,4.180501930501931,0.675,0.5791505791505792,3.333333333333333
2020-12-02 14:00:00,14,26,0,7,18,1,0,6,9,1,10,1,136.65,145.5,4.0,10.36,65.0,0.7,941.3443068017366,3.971101871101872,0.65,0.5791505791505792,3.230769230769231
2020-12-02 15:00:00,15,26,0,7,18,1,0,7,9,1,10,1,137.65,135.5,4.0,10.36,65.0,0.7,946.9843068017368,4.282952182952183,0.65,0.6756756756756757,3.230769230769231
2020-12-02 16:00:00,16,31,0,10,20,1,0,9,15,2,17,2,138.65,68.0,4.0,10.36,77.5,1.108695652173913,1058.0176136034734,5.408388342259311,0.775,0.8687258687258688,3.290322580645161
2020-12-02 17:00:00,17,31,0,9,19,3,0,4,15,1,16,1,139.65,121.5,4.0,10.36,77.5,1.03125,1049.389306801737,3.70803026528833,0.775,0.3861003861003861,3.193548387096774
2020-12-02 18:00:00,18,28,0,9,17,2,0,6,12,1,13,1,140.65,160.0,4.0,10.36,70.0,0.8425925925925926,1008.3943068017364,4.157239382239382,0.7,0.5791505791505792,3.25
2020-12-02 19:00:00,19,25,0,6,15,4,0,4,7,1,8,1,141.65,214.5,4.0,10.36,62.5,0.6015625,940.5993068017366,3.1141891891891897,0.625,0.3861003861003861,3.08
2020-12-02 20:00:00,20,24,1,6,16,1,0,10,8,2,10,2,142.65,60.5,4.0,10.05,60.0,0.6583333333333333,971.7626136034733,5.2502902155887226,0.6,0.9950248756218903,3.2916666666666665
2020-12-02 21:00:00,21,28,0,6,20,2,0,9,9,3,12,3,143.65,87.0,4.0,10.05,70.0,0.7857142857142857,1013.65092040521,5.014498933901918,0.7,0.8955223880597014,3.142857142857143
2020-12-02 22:00:00,22,31,0,5,24,2,0,10,12,3,15,3,144.65,116.0,3.0,6.35,77.5,1.28,1065.9259204052098,7.276809753619507,0.775,1.5748031496062993,3.096774193548387
2020-12-02 23:00:00,23,26,1,4,20,1,0,2,12,3,15,3,145.65,176.0,3.0,6.35,65.0,1.106666666666667,1060.8409204052098,3.0804512416717142,0.65,0.3149606299212598,3.1923076923076925
2020-12-03 00:00:00,0,28,1,2,24,1,0,8,12,1,13,1,146.65,198.0,3.0,6.35,70.0,1.0740740740740742,1042.2343068017367,6.089510686164229,0.7,1.2598425196850394,3.107142857142857
2020-12-03 01:00:00,1,27,1,2,22,2,0,6,13,1,14,1,147.65,246.5,3.0,6.35,67.5,1.064102564102564,1059.129306801737,4.979636920384952,0.675,0.9448818897637796,3.074074074074074
2020-12-03 02:00:00,2,26,1,2,20,3,0,2,13,1,14,1,148.65,306.5,3.0,6.35,65.0,1.0128205128205128,1062.6243068017366,2.9319957601453663,0.65,0.3149606299212598,3.0384615384615383
2020-12-03 03:00:00,3,24,0,2,19,3,0,2,13,0,13,0,149.65,378.0,3.0,6.35,60.0,0.8765432098765432,1049.706,2.706758530183727,0.6,0.3149606299212598,2.958333333333333
2020-12-03 04:00:00,4,26,0,2,21,3,0,3,13,0,13,0,150.65,438.0,3.0,6.35,65.0,0.9506172839506172,1059.636,3.324152029073289,0.65,0.4724409448818898,2.9615384615384617
2020-12-03 05:00:00,5,30,0,4,23,3,0,5,14,0,14,0,151.65,486.5,3.0,6.35,75.0,1.1666666666666667,1087.256,4.663451443569554,0.75,0.7874015748031497,3.033333333333333
2020-12-03 06:00:00,6,26,0,5,18,3,0,2,15,0,15,0,152.65,535.0,3.0,6.35,65.0,1.0666666666666669,1097.716,2.9691096305269538,0.65,0.3149606299212598,3.076923076923077
2020-12-03 07:00:00,7,28,0,5,21,2,0,4,16,0,16,0,153.65,588.0,3.0,6.35,70.0,1.2083333333333333,1121.046,4.1322553430821145,0.7,0.6299212598425197,3.107142857142857
2020-12-03 08:00:00,8,31,0,7,22,2,0,5,17,0,17,0,154.65,641.0,3.0,6.58,77.5,1.420289855072464,1146.521,4.8521962937542895,0.775,0.7598784194528875,3.161290322580645
2020-12-03 09:00:00,9,30,1,7,21,1,0,6,12,2,14,2,155.65,620.0,3.0,6.58,75.0,1.2564102564102564,1111.5526136034732,5.428723404255319,0.75,0.9118541033434652,3.2666666666666666
2020-12-03 10:00:00,10,30,4,5,21,0,0,6,12,3,15,3,156.65,235.0,4.0,9.83,75.0,1.03,1131.46092040521,4.670625635808748,0.75,0.6103763987792472,3.433333333333333
2020-12-03 11:00:00,11,31,4,6,21,0,0,6,13,4,17,4,157.65,155.0,4.0,9.83,77.5,1.1630434782608696,1166.9142272069464,4.78178305385095,0.775,0.6103763987792472,3.4516129032258065
2020-12-03 12:00:00,12,38,4,9,25,0,0,12,17,4,21,4,158.65,174.0,4.0,9.83,95.0,1.7236842105263157,1241.1692272069463,7.483384644214809,0.95,1.2207527975584944,3.4473684210526314
2020-12-03 13:00:00,13,37,3,13,21,0,0,7,19,4,23,4,159.65,168.0,4.0,9.83,92.5,1.911764705882353,1271.4642272069464,5.751993346347365,0.925,0.7121057985757884,3.5135135135135136
2020-12-03 14:00:00,14,34,1,13,20,0,0,8,21,1,22,1,160.65,150.0,4.0,9.83,85.0,1.625,1254.6643068017363,5.72555053557537,0.85,0.8138351983723296,3.4411764705882355
2020-12-03 15:00:00,15,30,0,10,20,0,0,6,20,0,20,0,161.65,153.5,4.0,9.83,75.0,1.25,1224.056,4.534587995930824,0.75,0.6103763987792472,3.333333333333333
2020-12-03 16:00:00,16,28,0,10,18,0,0,3,19,0,19,0,162.65,185.0,4.0,9.83,70.0,1.119047619047619,1212.006,3.3745603836651643,0.7,0.3051881993896236,3.357142857142857
2020-12-03 17:00:00,17,29,1,10,18,0,0,5,19,0,19,0,163.65,196.0,4.0,9.83,72.5,1.1785714285714286,1219.791,4.211415617216824,0.725,0.508646998982706,3.413793103448276
2020-12-03 18:00:00,18,20,1,7,12,0,0,1,15,0,15,0,164.65,241.0,4.0,9.83,50.0,0.69,1152.526,2.075966429298067,0.5,0.1017293997965412,3.45
2020-12-03 19:00:00,19,20,3,6,11,0,0,4,13,1,14,1,165.65,278.0,4.0,9.83,50.0,0.6923076923076923,1145.6343068017366,3.2649033570701937,0.5,0.4069175991861648,3.6
2020-12-03 20:00:00,20,22,2,6,13,1,0,10,7,2,9,2,166.65,238.0,4.0,9.63,55.00000000000001,0.6048387096774194,1089.432613603473,5.415073633531579,0.55,1.038421599169263,3.409090909090909
2020-12-03 21:00:00,21,20,2,5,11,2,0,7,6,2,8,2,167.65,322.0,4.0,9.63,50.0,0.5234375,1077.3826136034731,4.1100986500519205,0.5,0.726895119418484,3.35
2020-12-03 22:00:00,22,20,3,6,10,1,0,9,5,3,8,3,36.96666666666667,161.0,3.0,6.38,50.0,0.7395833333333334,341.1969204052098,6.782836990595611,0.5,1.4106583072100314,3.55
2020-12-03 23:00:00,23,20,2,5,12,1,0,8,2,3,5,3,37.96666666666667,182.0,3.0,6.38,50.0,0.6476190476190476,306.6369204052098,5.963322884012539,0.5,1.2539184952978055,3.4
2020-12-04 00:00:00,0,16,1,5,10,0,0,3,2,2,4,2,38.96666666666667,236.5,3.0,6.38,40.0,0.5092592592592593,289.4286136034732,2.991379310344828,0.4,0.4702194357366771,3.4375
2020-12-04 01:00:00,1,18,1,5,9,3,0,4,2,2,4,2,39.96666666666667,296.5,3.0,6.38,45.0,0.5370370370370371,299.35861360347326,3.4702020202020205,0.45,0.6269592476489029,3.2222222222222223
2020-12-04 02:00:00,2,16,1,3,11,1,0,2,2,1,3,1,40.96666666666667,351.0,3.0,6.38,40.0,0.4684684684684684,286.4403068017366,2.3188087774294672,0.4,0.3134796238244514,3.25
2020-12-04 03:00:00,3,15,1,3,10,1,0,2,2,1,3,1,41.96666666666667,411.0,3.0,6.38,37.5,0.4414414414414414,289.9353068017366,2.249033437826541,0.375,0.3134796238244514,3.2666666666666666
2020-12-04 04:00:00,4,15,1,3,10,1,0,1,2,1,3,1,42.96666666666667,471.0,3.0,6.38,37.5,0.4414414414414414,295.5753068017366,1.7370167189132708,0.375,0.1567398119122257,3.2666666666666666
2020-12-04 05:00:00,5,13,1,3,8,1,0,1,2,1,3,1,43.96666666666667,531.0,3.0,6.38,32.5,0.3873873873873873,296.9253068017366,1.593447070171208,0.325,0.1567398119122257,3.3076923076923075
2020-12-04 06:00:00,6,16,1,5,9,1,0,3,3,1,4,1,44.96666666666667,542.0,3.0,6.38,40.0,0.5,322.40030680173663,2.9369905956112854,0.4,0.4702194357366771,3.375
2020-12-04 07:00:00,7,17,1,6,9,1,0,4,3,1,4,1,45.96666666666667,602.0,3.0,6.38,42.5,0.5370370370370371,330.1853068017366,3.58903743315508,0.425,0.6269592476489029,3.411764705882353
2020-12-04 08:00:00,8,15,1,5,8,1,0,2,3,1,4,1,44.48333333333333,662.0,3.0,6.57,37.5,0.4722222222222222,317.5293068017366,2.310007610350076,0.375,0.30441400304414,3.4
2020-12-04 09:00:00,9,18,1,4,13,0,0,8,4,1,5,1,45.48333333333333,21.0,3.0,6.57,45.0,0.5714285714285714,343.0043068017366,5.558853373921867,0.45,1.21765601217656,3.333333333333333
2020-12-04 10:00:00,10,21,1,3,17,0,0,5,4,1,5,1,46.48333333333333,81.0,4.0,9.82,52.5,0.4857142857142857,355.0793068017366,3.348724662981282,0.525,0.5091649694501018,3.238095238095238
2020-12-04 11:00:00,11,24,1,2,20,0,1,8,9,1,10,1,47.48333333333333,80.0,4.0,9.82,60.0,0.6166666666666667,434.1543068017366,4.361880515953835,0.6,0.8146639511201629,3.083333333333333
2020-12-04 12:00:00,12,21,1,2,18,0,0,1,10,1,11,1,48.48333333333333,96.0,4.0,9.82,52.5,0.5775862068965517,446.75930680173656,1.9998957424110173,0.525,0.1018329938900203,3.1904761904761907
2020-12-04 13:00:00,13,21,2,2,17,0,0,5,11,1,12,1,17.666666666666668,147.0,4.0,9.82,52.5,0.6160714285714286,286.3533068017366,3.397970613907477,0.525,0.5091649694501018,3.2857142857142856
2020-12-04 14:00:00,14,23,2,3,18,0,0,6,12,1,13,1,18.666666666666668,206.0,4.0,9.82,57.49999999999999,0.7037037037037037,309.68330680173665,3.91894979190649,0.575,0.6109979633401221,3.3043478260869565
2020-12-04 15:00:00,15,19,1,4,12,2,0,5,10,0,10,0,19.666666666666668,132.5,4.0,9.82,47.5,0.5083333333333333,265.675,3.1596875334976957,0.475,0.5091649694501018,3.210526315789474
2020-12-04 16:00:00,16,13,1,5,6,1,0,5,7,0,7,0,20.666666666666668,116.0,4.0,9.82,32.5,0.3409090909090909,218.245,2.887494125019584,0.325,0.5091649694501018,3.4615384615384617
2020-12-04 17:00:00,17,14,1,4,8,1,0,4,8,0,8,0,21.666666666666668,160.0,4.0,9.82,35.0,0.3671875,239.43,2.542471632237416,0.35,0.4073319755600814,3.357142857142857
2020-12-04 18:00:00,18,16,0,5,10,1,0,4,11,0,11,0,8.95,134.0,4.0,9.82,40.0,0.4482758620689655,212.198,2.6238289205702645,0.4,0.4073319755600814,3.25
2020-12-04 19:00:00,19,16,0,4,10,2,0,4,9,0,9,0,9.95,122.0,4.0,9.82,40.0,0.4032258064516129,191.038,2.5229124236252543,0.4,0.4073319755600814,3.125
2020-12-04 20:00:00,20,18,0,3,12,3,0,8,8,0,8,0,10.95,152.5,4.0,11.01,45.0,0.421875,187.568,3.52983651226158,0.45,0.7266121707538601,3.0
2020-12-04 21:00:00,21,20,0,4,13,3,0,7,6,0,6,0,11.95,66.5,4.0,11.01,50.0,0.4485294117647059,170.698,3.464146230699364,0.5,0.6357856494096277,3.05
2020-12-04 22:00:00,22,23,0,5,15,3,0,7,9,0,9,0,12.95,74.0,3.0,7.76,57.49999999999999,0.7634408602150538,222.973,4.559625728372927,0.575,0.9020618556701032,3.0869565217391304
2020-12-04 23:00:00,23,18,0,6,10,2,0,2,10,0,10,0,13.95,105.5,3.0,7.76,45.0,0.6444444444444445,231.288,2.280469644902635,0.45,0.2577319587628866,3.2222222222222223
2020-12-05 00:00:00,0,19,0,5,12,2,0,6,10,0,10,0,14.95,165.5,3.0,7.76,47.5,0.6666666666666666,239.073,3.941671188279978,0.475,0.7731958762886598,3.1578947368421053
2020-12-05 01:00:00,1,19,0,6,11,2,0,3,11,0,11,0,15.95,222.0,3.0,7.76,47.5,0.7011494252873564,258.113,2.766182854042323,0.475,0.3865979381443299,3.210526315789474
2020-12-05 02:00:00,2,22,0,6,14,2,0,5,11,0,11,0,16.95,282.0,3.0,7.76,55.00000000000001,0.8045977011494253,270.188,3.800140581068416,0.55,0.6443298969072165,3.1818181818181817
2020-12-05 03:00:00,3,17,0,6,9,2,0,0,11,0,11,0,17.95,342.0,3.0,7.76,42.5,0.632183908045977,265.103,1.375,0.425,0.0,3.235294117647059
2020-12-05 04:00:00,4,19,0,6,11,2,0,2,11,0,11,0,18.95,402.0,3.0,7.76,47.5,0.7011494252873564,275.033,2.352455236028215,0.475,0.2577319587628866,3.210526315789474
2020-12-05 05:00:00,5,19,0,6,11,2,0,1,11,0,11,0,19.95,462.0,3.0,7.76,47.5,0.7011494252873564,280.673,1.9387276180141075,0.475,0.1288659793814433,3.210526315789474
2020-12-05 06:00:00,6,18,0,6,10,2,0,0,11,0,11,0,20.95,522.0,3.0,7.76,45.0,0.6666666666666666,284.168,1.4500000000000002,0.45,0.0,3.2222222222222223
2020-12-05 07:00:00,7,19,0,6,11,2,0,3,10,0,10,0,21.95,572.0,3.0,7.76,47.5,0.6777777777777778,278.553,2.766182854042323,0.475,0.3865979381443299,3.210526315789474
2020-12-05 08:00:00,8,21,0,6,13,2,0,4,10,0,10,0,22.95,632.0,3.0,6.65,52.5,0.7444444444444445,288.483,3.594083422842821,0.525,0.6015037593984962,3.1904761904761907
2020-12-05 09:00:00,9,15,0,3,9,3,0,2,6,0,6,0,23.95,638.0,3.0,6.65,37.5,0.4411764705882353,227.653,2.0272556390977443,0.375,0.3007518796992481,3.0
2020-12-05 10:00:00,10,14,0,4,7,3,0,4,7,0,7,0,14.933333333333334,690.0,4.0,10.35,35.0,0.3257575757575757,188.054,2.2620255348516216,0.35,0.3864734299516907,3.071428571428572
2020-12-05 11:00:00,11,16,2,4,8,2,0,6,7,3,10,3,15.933333333333334,387.0,4.0,10.35,40.0,0.45,240.7889204052098,3.3065217391304347,0.4,0.5797101449275361,3.375
2020-12-05 12:00:00,12,18,2,5,10,1,0,6,6,3,9,3,14.7,177.0,4.0,10.35,45.0,0.5,224.72292040520983,3.546779388083736,0.45,0.5797101449275361,3.4444444444444446
2020-12-05 13:00:00,13,23,3,6,12,2,0,13,6,3,9,3,15.366666666666667,160.0,4.0,10.35,57.49999999999999,0.6370967741935484,239.20792040520985,6.289219701743331,0.575,1.256038647342995,3.4347826086956523
2020-12-05 14:00:00,14,20,3,4,12,1,0,2,5,3,8,3,16.366666666666667,206.0,4.0,10.35,50.0,0.5390625,225.01292040520983,2.3916666666666666,0.5,0.1932367149758453,3.45
2020-12-05 15:00:00,15,24,2,2,16,4,0,10,4,2,6,2,16.5,196.0,4.0,10.35,60.0,0.5441176470588235,206.67661360347324,4.829066022544284,0.6,0.9661835748792268,3.083333333333333
2020-12-05 16:00:00,16,23,2,2,17,2,0,6,5,2,7,2,17.5,210.0,4.0,10.35,57.49999999999999,0.553030303030303,223.5716136034732,3.66494959042218,0.575,0.5797101449275361,3.1739130434782608
2020-12-05 17:00:00,17,33,2,3,26,2,0,14,9,2,11,2,18.5,107.0,4.0,10.35,82.5,0.896551724137931,304.2616136034732,6.8629190455277405,0.825,1.3526570048309177,3.1515151515151514
2020-12-05 18:00:00,18,23,1,3,17,2,0,3,7,1,8,1,19.5,92.5,4.0,10.35,57.49999999999999,0.5625,247.38330680173655,2.707372400756144,0.575,0.289855072463768,3.130434782608696
2020-12-05 19:00:00,19,22,1,3,17,1,0,7,5,1,6,1,20.5,152.5,4.0,10.35,55.00000000000001,0.5147058823529411,224.07830680173663,3.901954325867369,0.55,0.6763285024154588,3.1818181818181817
2020-12-05 20:00:00,20,19,1,2,14,2,0,9,3,1,4,1,21.5,330.5,4.0,10.5,47.5,0.4097222222222222,196.4833068017366,4.136654135338346,0.475,0.8571428571428571,3.1052631578947367
2020-12-05 21:00:00,21,19,1,3,11,4,0,11,3,1,4,1,22.5,390.5,4.0,10.5,47.5,0.4027777777777778,202.1233068017366,4.647994987468672,0.475,1.0476190476190477,3.0526315789473686
2020-12-05 22:00:00,22,17,1,3,10,3,0,7,3,1,4,1,23.5,323.0,3.0,6.8,42.5,0.4907407407407407,203.4733068017366,4.534342560553633,0.425,1.0294117647058825,3.117647058823529
2020-12-05 23:00:00,23,15,2,2,10,1,0,6,4,1,5,1,24.5,107.0,3.0,6.8,37.5,0.4761904761904761,218.22330680173656,4.191176470588236,0.375,0.8823529411764706,3.333333333333333
2020-12-06 00:00:00,0,15,2,2,10,1,0,4,4,1,5,1,25.5,167.0,3.0,6.8,37.5,0.4761904761904761,223.8633068017366,3.2107843137254903,0.375,0.5882352941176471,3.333333333333333
2020-12-06 01:00:00,1,11,2,3,5,1,0,6,4,1,5,1,26.5,227.0,3.0,6.8,27.500000000000004,0.3714285714285714,220.9233068017366,4.103342245989304,0.275,0.8823529411764706,3.5454545454545454
2020-12-06 02:00:00,2,13,2,2,8,1,0,8,5,1,6,1,27.5,249.0,3.0,6.8,32.5,0.4313725490196078,244.25330680173656,5.081900452488688,0.325,1.1764705882352942,3.3846153846153846
2020-12-06 03:00:00,3,13,2,2,7,2,0,4,5,1,6,1,28.5,309.0,3.0,6.8,32.5,0.4215686274509804,249.89330680173657,3.0207013574660637,0.325,0.5882352941176471,3.3076923076923075
2020-12-06 04:00:00,4,17,2,2,10,3,0,5,5,1,6,1,29.5,369.0,3.0,6.8,42.5,0.5294117647058824,264.1133068017366,3.6856401384083046,0.425,0.7352941176470589,3.176470588235294
2020-12-06 05:00:00,5,15,2,2,8,2,1,2,5,1,6,1,30.5,429.0,3.0,6.8,37.5,0.4607843137254901,265.4633068017366,2.0965686274509805,0.375,0.2941176470588235,3.1333333333333333
2020-12-06 06:00:00,6,16,2,2,8,3,1,5,8,1,9,1,31.5,426.0,3.0,6.8,40.0,0.5268817204301075,313.44830680173663,3.4768382352941174,0.4,0.7352941176470589,3.0625
2020-12-06 07:00:00,7,17,2,2,9,3,1,2,8,2,10,2,32.5,388.0,3.0,6.8,42.5,0.5777777777777777,335.5016136034732,2.199653979238754,0.425,0.2941176470588235,3.0588235294117645
2020-12-06 08:00:00,8,20,2,3,12,2,1,5,11,2,13,2,33.5,155.0,3.0,7.74,50.0,0.7777777777777778,387.77661360347327,3.609883720930233,0.5,0.6459948320413437,3.15
2020-12-06 09:00:00,9,24,2,3,16,2,1,6,10,2,12,2,34.5,208.5,3.0,7.74,60.0,0.8928571428571429,388.5966136034732,4.297480620155039,0.6,0.7751937984496123,3.125
2020-12-06 10:00:00,10,23,2,3,16,1,1,8,10,2,12,2,35.5,183.5,4.0,11.08,57.49999999999999,0.6517857142857143,392.0916136034732,4.116633966410297,0.575,0.7220216606498195,3.1739130434782608
2020-12-06 11:00:00,11,25,2,2,21,0,0,11,9,2,11,2,36.5,224.0,4.0,11.08,62.5,0.6982758620689655,388.6216136034732,5.241606498194946,0.625,0.9927797833935018,3.24
2020-12-06 12:00:00,12,21,4,1,15,1,0,8,6,4,10,4,23.5,145.0,4.0,11.08,52.5,0.5916666666666667,295.0582272069464,4.216120852673199,0.525,0.7220216606498195,3.380952380952381
2020-12-06 13:00:00,13,25,4,2,17,2,0,9,6,4,10,4,24.5,205.0,4.0,11.08,62.5,0.6916666666666667,309.27822720694644,4.771750902527075,0.625,0.8122743682310469,3.32
2020-12-06 14:00:00,14,26,2,3,20,1,0,9,5,2,7,2,25.5,298.0,4.0,11.08,65.0,0.6363636363636364,275.12661360347323,4.724271035823382,0.65,0.8122743682310469,3.230769230769231
2020-12-06 15:00:00,15,26,1,4,18,3,0,13,4,3,7,3,19.48333333333333,338.0,4.0,11.08,65.0,0.6136363636363636,242.0609204052098,5.680234657039712,0.65,1.1732851985559567,3.1153846153846154
2020-12-06 16:00:00,16,22,1,4,16,1,0,6,6,3,9,3,20.48333333333333,163.0,4.0,11.08,55.00000000000001,0.5725806451612904,265.92092040520987,3.5226206104364945,0.55,0.5415162454873647,3.227272727272727
2020-12-06 17:00:00,17,28,2,6,19,1,0,13,8,4,12,4,21.48333333333333,127.5,4.0,11.08,70.0,0.8303571428571429,325.49922720694644,6.221982980917999,0.7,1.1732851985559567,3.321428571428572
2020-12-06 18:00:00,18,24,2,6,16,0,0,7,8,4,12,4,22.48333333333333,187.5,4.0,11.08,60.0,0.7321428571428571,322.55922720694645,4.208543922984356,0.6,0.631768953068592,3.4166666666666665
2020-12-06 19:00:00,19,20,2,5,13,0,0,7,7,4,11,4,20.516666666666666,217.0,4.0,11.08,50.0,0.5948275862068966,289.48722720694644,3.904602888086643,0.5,0.631768953068592,3.45
2020-12-06 20:00:00,20,23,2,4,17,0,0,8,7,4,11,4,21.516666666666666,277.0,4.0,10.14,57.49999999999999,0.6637931034482759,301.56222720694643,4.566282908841437,0.575,0.7889546351084812,3.347826086956522
2020-12-06 21:00:00,21,19,0,3,16,0,0,7,5,3,8,3,22.03333333333333,295.0,4.0,10.14,47.5,0.46875,254.82792040520985,3.680006228589225,0.475,0.6903353057199211,3.1578947368421053
2020-12-06 22:00:00,22,18,0,1,16,1,0,9,3,1,4,1,23.03333333333333,355.0,3.0,6.8,45.0,0.5,202.98630680173665,5.320588235294117,0.45,1.3235294117647058,3.0
2020-12-06 23:00:00,23,17,0,0,15,2,0,11,4,0,4,0,24.03333333333333,271.5,3.0,6.8,42.5,0.4537037037037037,205.613,5.887629757785467,0.425,1.6176470588235294,2.8823529411764706
2020-12-07 00:00:00,0,14,0,1,12,1,0,6,4,0,4,0,25.03333333333333,331.5,3.0,6.8,35.0,0.3888888888888889,204.818,3.697058823529412,0.35,0.8823529411764706,3.0
2020-12-07 01:00:00,1,16,0,1,14,1,0,6,3,0,3,0,26.03333333333333,493.0,3.0,6.8,40.0,0.4324324324324324,201.348,3.8470588235294114,0.4,0.8823529411764706,3.0
2020-12-07 02:00:00,2,16,0,0,15,1,0,4,3,0,3,0,27.03333333333333,553.0,3.0,6.8,40.0,0.4234234234234234,206.988,2.9029411764705886,0.4,0.5882352941176471,2.9375
2020-12-07 03:00:00,3,21,0,0,20,1,0,7,5,0,5,0,28.03333333333333,256.0,3.0,6.8,52.5,0.5904761904761905,250.153,4.58921568627451,0.525,1.0294117647058825,2.952380952380953
2020-12-07 04:00:00,4,21,0,0,19,2,0,1,5,0,5,0,29.03333333333333,316.0,3.0,6.8,52.5,0.580952380952381,255.793,1.952170868347339,0.525,0.1470588235294117,2.9047619047619047
2020-12-07 05:00:00,5,19,0,0,16,2,1,1,5,0,5,0,30.03333333333333,376.0,3.0,6.8,47.5,0.5047619047619047,257.14300000000003,1.7352167182662537,0.475,0.1470588235294117,2.789473684210526
2020-12-07 06:00:00,6,17,0,0,14,2,1,2,5,0,5,0,31.03333333333333,436.0,3.0,6.8,42.5,0.4476190476190476,258.493,1.988148788927336,0.425,0.2941176470588235,2.764705882352941
2020-12-07 07:00:00,7,17,0,1,13,2,1,3,5,0,5,0,32.03333333333333,496.0,3.0,6.8,42.5,0.4571428571428571,264.133,2.445674740484429,0.425,0.4411764705882353,2.823529411764706
2020-12-07 08:00:00,8,20,0,2,15,2,1,5,6,0,6,0,33.03333333333333,452.0,3.0,7.46,50.0,0.5686274509803921,289.608,3.393699731903485,0.5,0.6702412868632708,2.9
2020-12-07 09:00:00,9,24,1,3,18,1,1,9,8,0,8,0,34.03333333333333,228.5,3.0,7.46,60.0,0.7708333333333334,330.628,5.569839142091153,0.6,1.206434316353887,3.083333333333333
2020-12-07 10:00:00,10,25,0,3,22,0,0,8,8,1,9,1,21.95,103.0,4.0,10.78,62.5,0.6290322580645161,278.8913068017366,4.265398886827459,0.625,0.7421150278293136,3.12
2020-12-07 11:00:00,11,30,1,5,23,1,0,11,9,2,11,2,19.616666666666667,137.0,4.0,10.78,75.0,0.8275862068965517,304.1246136034732,5.66530612244898,0.75,1.020408163265306,3.2
2020-12-07 12:00:00,12,27,1,5,21,0,0,6,8,3,11,3,20.616666666666667,166.0,4.0,10.78,67.5,0.7586206896551724,304.19792040520986,4.0140589569161005,0.675,0.5565862708719852,3.259259259259259
2020-12-07 13:00:00,13,27,0,7,19,1,0,6,7,2,9,2,21.616666666666667,226.0,4.0,10.78,67.5,0.7016129032258065,282.16961360347324,3.9684446505875086,0.675,0.5565862708719852,3.2222222222222223
2020-12-07 14:00:00,14,35,1,9,23,2,0,12,7,3,10,3,22.616666666666667,196.0,4.0,10.78,87.5,0.95,319.2379204052098,6.475761993108932,0.875,1.1131725417439704,3.257142857142857
2020-12-07 15:00:00,15,34,1,8,21,4,0,8,6,2,8,2,12.8,183.0,4.0,10.78,85.0,0.84375,234.05861360347325,5.057306558987231,0.85,0.7421150278293136,3.176470588235294
2020-12-07 16:00:00,16,32,1,7,21,3,0,7,6,2,8,2,13.8,243.0,4.0,10.78,80.0,0.796875,235.4086136034732,4.619805194805195,0.8,0.6493506493506493,3.1875
2020-12-07 17:00:00,17,31,1,8,19,3,0,7,9,3,12,3,14.8,177.5,4.0,10.78,77.5,0.8928571428571429,293.37192040520983,4.594679514034352,0.775,0.6493506493506493,3.225806451612903
2020-12-07 18:00:00,18,22,1,7,13,1,0,2,11,3,14,3,15.8,191.5,4.0,10.78,55.00000000000001,0.7115384615384616,306.5069204052098,2.474051273401923,0.55,0.1855287569573284,3.363636363636364
2020-12-07 19:00:00,19,18,1,5,12,0,0,4,9,2,11,2,16.8,163.0,4.0,10.78,45.0,0.5258620689655172,262.49861360347325,2.7824726860441147,0.45,0.3710575139146568,3.388888888888889
2020-12-07 20:00:00,20,24,1,4,19,0,0,10,7,2,9,2,17.8,206.0,4.0,9.92,60.0,0.6290322580645161,254.2086136034732,5.226209677419354,0.6,1.0080645161290325,3.25
2020-12-07 21:00:00,21,20,0,4,15,1,0,7,5,1,6,1,18.8,274.5,4.0,9.92,50.0,0.4632352941176471,210.20030680173664,3.797782258064516,0.5,0.7056451612903226,3.15
2020-12-07 22:00:00,22,18,0,4,14,0,0,3,3,1,4,1,19.8,334.5,3.0,6.6,45.0,0.5370370370370371,184.7503068017366,2.9146464646464647,0.45,0.4545454545454546,3.2222222222222223
2020-12-07 23:00:00,23,21,0,5,15,1,0,8,4,1,5,1,20.8,386.0,3.0,6.6,52.5,0.638095238095238,210.22530680173665,5.542243867243868,0.525,1.2121212121212122,3.1904761904761907
2020-12-08 00:00:00,0,22,0,6,15,1,0,9,5,1,6,1,21.8,326.5,3.0,6.6,55.00000000000001,0.696078431372549,231.41030680173665,6.175826446280992,0.55,1.3636363636363638,3.227272727272727
2020-12-08 01:00:00,1,20,0,6,13,1,0,1,5,2,7,2,22.8,267.0,3.0,6.6,50.0,0.6565656565656566,247.0286136034732,2.117424242424242,0.5,0.1515151515151515,3.25
2020-12-08 02:00:00,2,22,0,6,14,2,0,3,5,2,7,2,23.8,327.0,3.0,6.6,55.00000000000001,0.7070707070707071,256.9586136034732,3.196280991735537,0.55,0.4545454545454546,3.1818181818181817
2020-12-08 03:00:00,3,22,0,6,14,2,0,2,5,2,7,2,24.8,387.0,3.0,6.6,55.00000000000001,0.7070707070707071,262.5986136034732,2.714187327823691,0.55,0.303030303030303,3.1818181818181817
2020-12-08 04:00:00,4,24,0,6,16,2,0,4,6,2,8,2,25.8,379.5,3.0,6.6,60.0,0.7916666666666666,285.9286136034732,3.819191919191919,0.6,0.6060606060606061,3.1666666666666665
2020-12-08 05:00:00,5,23,0,6,15,2,0,1,6,2,8,2,26.8,439.5,3.0,6.6,57.49999999999999,0.7604166666666666,289.4236136034732,2.305895915678524,0.575,0.1515151515151515,3.1739130434782608
2020-12-08 06:00:00,6,21,0,7,12,2,0,3,7,2,9,2,27.8,432.0,3.0,6.6,52.5,0.7311827956989247,304.1736136034732,3.171861471861472,0.525,0.4545454545454546,3.238095238095238
2020-12-08 07:00:00,7,23,0,8,13,2,0,5,7,3,10,3,28.8,484.0,3.0,6.6,57.49999999999999,0.8333333333333334,328.37192040520983,4.345355731225296,0.575,0.7575757575757576,3.260869565217391
2020-12-08 08:00:00,8,24,0,10,12,2,0,3,7,3,10,3,29.8,544.0,3.0,7.04,60.0,0.8888888888888888,336.1569204052098,3.4204545454545454,0.6,0.4261363636363636,3.333333333333333
2020-12-08 09:00:00,9,25,1,10,12,2,0,5,6,4,10,4,19.6,423.0,3.0,7.04,62.5,0.9444444444444444,281.6422272069465,4.539772727272728,0.625,0.7102272727272727,3.4
2020-12-08 10:00:00,10,23,1,8,13,1,0,1,5,4,9,4,20.6,368.0,4.0,10.29,57.49999999999999,0.6290322580645161,269.59222720694646,2.2795728229179866,0.575,0.097181729834791,3.391304347826087
2020-12-08 11:00:00,11,24,2,7,12,3,0,9,5,3,8,3,21.6,334.0,4.0,10.29,60.0,0.625,263.10892040520986,4.9154518950437325,0.6,0.8746355685131196,3.333333333333333
2020-12-08 12:00:00,12,21,2,7,10,2,0,6,6,4,10,4,22.6,195.5,4.0,10.29,52.5,0.6,289.98222720694645,3.799167013744273,0.525,0.5830903790087464,3.4285714285714284
2020-12-08 13:00:00,13,21,2,6,11,2,0,3,7,4,11,4,20.433333333333334,151.0,4.0,10.29,52.5,0.6120689655172413,291.16222720694645,2.7607004026100235,0.525,0.2915451895043732,3.380952380952381
2020-12-08 14:00:00,14,19,2,4,10,2,1,6,6,3,9,3,21.433333333333334,134.0,4.0,10.29,47.5,0.4919354838709677,264.8439204052099,3.3970270062912387,0.475,0.5830903790087464,3.210526315789474
2020-12-08 15:00:00,15,24,2,7,12,2,1,5,10,3,13,3,22.433333333333334,80.0,4.0,10.29,60.0,0.7314814814814815,334.80892040520985,3.5744493035309364,0.6,0.4859086491739553,3.2916666666666665
2020-12-08 16:00:00,16,29,0,8,18,3,0,14,12,1,13,1,23.433333333333334,138.0,4.0,10.29,72.5,0.8518518518518519,349.4373068017366,6.616209242317618,0.725,1.360544217687075,3.1724137931034484
2020-12-08 17:00:00,17,31,0,8,22,1,0,8,11,1,12,1,24.433333333333334,154.0,4.0,10.29,77.5,0.8928571428571429,345.96730680173664,5.0079156086397685,0.775,0.7774538386783285,3.225806451612903
2020-12-08 18:00:00,18,29,0,6,22,1,0,7,10,1,11,1,25.433333333333334,218.0,4.0,10.29,72.5,0.7931034482758621,333.9173068017366,4.4581046211588085,0.725,0.6802721088435375,3.1724137931034484
2020-12-08 19:00:00,19,27,0,7,18,1,1,5,9,1,10,1,26.433333333333334,248.0,4.0,10.29,67.5,0.7083333333333334,321.8673068017366,3.654712414066156,0.675,0.4859086491739553,3.1481481481481484
2020-12-08 20:00:00,20,23,0,6,13,3,1,9,8,0,8,0,20.933333333333334,203.5,4.0,9.85,57.49999999999999,0.546875,254.599,4.530843080997573,0.575,0.9137055837563453,3.0434782608695654
2020-12-08 21:00:00,21,24,0,6,14,3,1,6,7,0,7,0,21.933333333333334,152.0,4.0,9.85,60.0,0.553030303030303,248.984,3.677791878172589,0.6,0.6091370558375635,3.0416666666666665
2020-12-08 22:00:00,22,20,0,7,10,2,1,4,4,0,4,0,22.933333333333334,189.0,3.0,6.6,50.0,0.5833333333333334,205.844,3.484090909090909,0.5,0.6060606060606061,3.15
2020-12-08 23:00:00,23,22,0,7,10,4,1,5,4,0,4,0,23.933333333333334,249.0,3.0,6.6,55.00000000000001,0.6203703703703703,215.774,3.9821625344352616,0.55,0.7575757575757576,3.0454545454545454
2020-12-09 00:00:00,0,25,1,10,11,2,1,9,7,1,8,1,24.933333333333334,114.0,3.0,6.6,62.5,0.8645833333333334,282.3173068017366,6.602272727272728,0.625,1.3636363636363638,3.32
2020-12-09 01:00:00,1,28,1,8,16,2,1,8,9,1,10,1,25.933333333333334,108.0,3.0,6.6,70.0,1.0,321.1923068017365,6.146103896103896,0.7,1.2121212121212122,3.2142857142857144
2020-12-09 02:00:00,2,26,0,8,15,2,1,5,9,0,9,0,26.933333333333334,163.0,3.0,6.6,65.0,0.8817204301075269,308.274,4.43927738927739,0.65,0.7575757575757576,3.1538461538461537
2020-12-09 03:00:00,3,24,1,7,13,2,1,2,9,1,10,1,27.933333333333334,220.5,3.0,6.6,60.0,0.8555555555555555,323.8923068017366,2.8972222222222226,0.6,0.303030303030303,3.208333333333333
2020-12-09 04:00:00,4,21,1,6,12,1,1,3,9,1,10,1,28.933333333333334,280.5,3.0,6.6,52.5,0.7555555555555555,323.09730680173664,3.171861471861472,0.525,0.4545454545454546,3.238095238095238
2020-12-09 05:00:00,5,20,0,6,12,1,1,1,9,0,9,0,29.933333333333334,343.0,3.0,6.6,50.0,0.6774193548387096,312.324,2.0522727272727272,0.5,0.1515151515151515,3.15
2020-12-09 06:00:00,6,18,0,6,10,1,1,0,9,0,9,0,30.933333333333334,403.0,3.0,6.6,45.0,0.6129032258064516,313.674,1.425,0.45,0.0,3.1666666666666665
2020-12-09 07:00:00,7,19,0,6,11,1,1,4,10,0,10,0,31.933333333333334,460.5,3.0,6.6,47.5,0.6666666666666666,334.859,3.4138755980861246,0.475,0.6060606060606061,3.1578947368421053
2020-12-09 08:00:00,8,23,0,7,13,2,1,7,13,0,13,0,32.93333333333333,463.0,3.0,7.76,57.49999999999999,0.8888888888888888,389.279,4.623845809054236,0.575,0.9020618556701032,3.130434782608696
2020-12-09 09:00:00,9,21,0,6,12,2,1,3,10,0,10,0,33.93333333333333,494.0,3.0,7.76,52.5,0.7222222222222222,350.429,2.821612665684831,0.525,0.3865979381443299,3.095238095238096
2020-12-09 10:00:00,10,22,0,6,13,3,0,7,10,0,10,0,34.93333333333333,369.5,4.0,12.48,55.00000000000001,0.575,358.21399999999994,3.4841783216783218,0.55,0.5608974358974359,3.136363636363636
2020-12-09 11:00:00,11,20,0,5,14,1,0,6,9,0,9,0,35.93333333333333,608.0,4.0,12.48,50.0,0.5161290322580645,346.164,3.1384615384615384,0.5,0.4807692307692307,3.2
2020-12-09 12:00:00,12,20,0,6,13,1,0,5,11,0,11,0,36.93333333333333,299.0,4.0,12.48,50.0,0.5603448275862069,378.604,2.927083333333333,0.5,0.4006410256410256,3.25
2020-12-09 13:00:00,13,19,0,7,10,2,0,4,10,0,10,0,37.93333333333333,282.5,4.0,12.48,47.5,0.5166666666666667,368.699,2.5958839406207823,0.475,0.3205128205128205,3.263157894736842
2020-12-09 14:00:00,14,18,0,4,12,2,0,6,5,0,5,0,27.183333333333334,419.0,4.0,12.48,45.0,0.4,238.924,2.895726495726496,0.45,0.4807692307692307,3.111111111111111
2020-12-09 15:00:00,15,19,0,5,12,2,0,5,4,0,4,0,28.183333333333334,358.0,4.0,12.48,47.5,0.4166666666666667,233.309,2.765182186234818,0.475,0.4006410256410256,3.1578947368421053
2020-12-09 16:00:00,16,15,0,4,10,0,1,7,4,0,4,0,29.183333333333334,127.0,4.0,12.48,37.5,0.3263888888888889,230.369,2.9324786324786323,0.375,0.5608974358974359,3.1333333333333333
2020-12-09 17:00:00,17,16,0,4,12,0,0,5,4,0,4,0,30.183333333333334,187.0,4.0,12.48,40.0,0.3611111111111111,238.154,2.6020833333333333,0.4,0.4006410256410256,3.25
2020-12-09 18:00:00,18,20,0,6,14,0,0,6,7,1,8,1,31.183333333333334,84.5,4.0,12.48,50.0,0.515625,306.84230680173664,3.236538461538461,0.5,0.4807692307692307,3.3
2020-12-09 19:00:00,19,17,0,4,13,0,0,6,4,1,5,1,32.18333333333333,89.0,4.0,12.48,42.5,0.3928571428571428,265.8473068017366,2.930429864253393,0.425,0.4807692307692307,3.235294117647059
2020-12-09 20:00:00,20,18,0,3,15,0,0,6,7,0,7,0,33.18333333333333,100.0,4.0,11.489999999999998,45.0,0.4318181818181818,299.564,3.078611836379461,0.45,0.5221932114882507,3.1666666666666665
2020-12-09 21:00:00,21,14,0,3,11,0,0,3,6,0,6,0,34.18333333333333,144.0,4.0,11.489999999999998,35.0,0.3308823529411764,283.224,1.964239089891832,0.35,0.2610966057441253,3.2142857142857144
2020-12-09 22:00:00,22,22,0,3,18,1,0,11,4,1,5,1,35.18333333333333,167.0,3.0,6.77,55.00000000000001,0.6476190476190476,293.4923068017366,6.722156573116692,0.55,1.6248153618906944,3.090909090909091
2020-12-09 23:00:00,23,15,0,3,12,0,0,3,4,1,5,1,36.18333333333333,192.0,3.0,6.77,37.5,0.4571428571428571,284.1173068017366,2.6180206794682426,0.375,0.4431314623338257,3.2
2020-12-10 00:00:00,0,16,0,2,14,0,0,7,4,1,5,1,37.18333333333333,252.0,3.0,6.77,40.0,0.4761904761904761,291.9023068017366,4.481166912850814,0.4,1.03397341211226,3.125
2020-12-10 01:00:00,1,18,0,2,15,1,0,6,5,1,6,1,38.18333333333333,248.0,3.0,6.77,45.0,0.5392156862745098,315.23230680173657,4.083025603151157,0.45,0.8862629246676514,3.055555555555556
2020-12-10 02:00:00,2,14,0,3,11,0,0,2,5,1,6,1,39.18333333333333,308.0,3.0,6.77,35.0,0.4411764705882353,312.2923068017366,2.0745674192867694,0.35,0.2954209748892171,3.2142857142857144
2020-12-10 03:00:00,3,14,0,3,11,0,0,3,5,1,6,1,40.18333333333333,368.0,3.0,6.77,35.0,0.4411764705882353,317.93230680173656,2.5493511289301543,0.35,0.4431314623338257,3.2142857142857144
2020-12-10 04:00:00,4,15,0,3,11,1,0,3,5,1,6,1,41.18333333333333,428.0,3.0,6.77,37.5,0.4607843137254901,325.7173068017366,2.5634785819793207,0.375,0.4431314623338257,3.1333333333333333
2020-12-10 05:00:00,5,15,1,3,11,0,0,2,6,2,8,2,42.18333333333333,409.0,3.0,6.77,37.5,0.5208333333333334,359.0256136034732,2.2347365829640573,0.375,0.2954209748892171,3.333333333333333
2020-12-10 06:00:00,6,16,1,2,12,1,0,4,6,1,7,1,43.18333333333333,454.0,3.0,6.77,40.0,0.5151515151515151,352.5423068017366,3.158308714918759,0.4,0.5908419497784343,3.1875
2020-12-10 07:00:00,7,17,1,3,13,0,0,3,7,0,7,0,44.18333333333333,514.0,3.0,6.77,42.5,0.5656565656565656,359.45899999999995,2.8597271700408373,0.425,0.4431314623338257,3.294117647058824
2020-12-10 08:00:00,8,17,1,2,12,2,0,3,8,0,8,0,45.18333333333333,507.5,3.0,6.66,42.5,0.5520833333333334,378.499,2.7293455219925806,0.425,0.4504504504504504,3.117647058823529
2020-12-10 09:00:00,9,19,1,5,11,2,0,5,6,0,6,0,46.18333333333333,314.0,3.0,6.66,47.5,0.6078431372549019,361.629,3.999818239291923,0.475,0.7507507507507507,3.263157894736842
2020-12-10 10:00:00,10,25,2,4,17,2,0,10,8,1,9,1,14.783333333333331,54.0,4.0,9.91,62.5,0.6532258064516129,238.4713068017366,5.294424823410696,0.625,1.0090817356205852,3.24
2020-12-10 11:00:00,11,28,2,3,21,2,0,9,9,1,10,1,14.3,83.5,4.0,9.91,70.0,0.7416666666666667,255.58030680173655,5.111694536543173,0.7,0.9081735620585268,3.1785714285714284
2020-12-10 12:00:00,12,35,1,5,27,2,0,13,12,2,14,2,12.483333333333333,100.0,4.0,9.91,87.5,1.0576923076923077,314.81761360347326,6.87281966267839,0.875,1.3118062563067607,3.142857142857143
2020-12-10 13:00:00,13,38,2,4,30,2,0,10,12,2,14,2,13.483333333333333,142.5,4.0,9.91,95.0,1.1538461538461535,326.8926136034732,6.186573901959743,0.95,1.0090817356205852,3.1578947368421053
2020-12-10 14:00:00,14,32,1,3,25,2,1,4,9,1,10,1,14.483333333333333,162.0,4.0,9.91,80.0,0.8083333333333333,265.1943068017366,3.64851160443996,0.8,0.4036326942482341,3.03125
2020-12-10 15:00:00,15,27,1,2,20,3,1,6,7,0,7,0,15.483333333333333,205.0,4.0,9.91,67.5,0.6060606060606061,219.041,3.793923085547707,0.675,0.6054490413723511,2.962962962962963
2020-12-10 16:00:00,16,29,1,5,21,2,0,8,9,1,10,1,16.483333333333334,168.5,4.0,9.91,72.5,0.7666666666666667,270.0393068017366,4.86097985316121,0.725,0.8072653884964682,3.1724137931034484
2020-12-10 17:00:00,17,26,1,7,17,1,0,4,7,1,8,1,9.183333333333334,205.5,4.0,9.91,65.0,0.671875,195.6323068017366,3.485092757898005,0.65,0.4036326942482341,3.3076923076923075
2020-12-10 18:00:00,18,26,1,6,16,1,2,6,6,1,7,1,8.55,185.0,4.0,9.91,65.0,0.6136363636363636,178.66030680173662,3.911206628890786,0.65,0.6054490413723511,3.1153846153846154
2020-12-10 19:00:00,19,20,1,9,9,1,0,5,5,1,6,1,7.566666666666666,235.0,4.0,9.91,50.0,0.5147058823529411,146.84430680173662,3.515893037336024,0.5,0.5045408678102926,3.5
2020-12-10 20:00:00,20,23,1,7,12,3,0,9,5,1,6,1,8.416666666666666,295.0,4.0,9.75,57.49999999999999,0.5514705882352942,158.0733068017366,4.885033444816053,0.575,0.9230769230769232,3.260869565217391
2020-12-10 21:00:00,21,17,0,3,13,1,0,10,6,2,8,2,9.416666666666666,46.5,4.0,9.75,42.5,0.4140625,178.5116136034732,4.522586726998491,0.425,1.0256410256410255,3.117647058823529
2020-12-10 22:00:00,22,20,0,2,15,3,0,8,4,2,6,2,10.416666666666666,83.0,3.0,6.5,50.0,0.5784313725490197,163.78661360347323,5.105769230769231,0.5,1.2307692307692308,2.95
2020-12-10 23:00:00,23,18,0,2,14,2,0,6,5,1,6,1,11.416666666666666,123.0,3.0,6.5,45.0,0.5294117647058824,164.2683068017366,4.11923076923077,0.45,0.9230769230769232,3.0
2020-12-11 00:00:00,0,19,0,2,15,2,0,7,8,1,9,1,12.416666666666666,85.0,3.0,6.5,47.5,0.6129032258064516,212.25330680173656,4.655769230769231,0.475,1.0769230769230769,3.0
2020-12-11 01:00:00,1,25,0,5,18,2,0,7,10,1,11,1,13.416666666666666,132.0,3.0,6.5,62.5,0.896551724137931,257.56330680173664,5.31,0.625,1.0769230769230769,3.12
2020-12-11 02:00:00,2,22,0,4,15,3,0,5,10,1,11,1,14.416666666666666,192.0,3.0,6.5,55.00000000000001,0.7701149425287356,256.7683068017366,4.017657342657343,0.55,0.7692307692307693,3.0454545454545454
2020-12-11 03:00:00,3,24,0,7,15,2,0,6,11,2,13,2,15.416666666666666,203.0,3.0,6.5,60.0,0.9506172839506172,294.36661360347324,4.8865384615384615,0.6,0.9230769230769232,3.208333333333333
2020-12-11 04:00:00,4,24,0,5,16,3,0,4,11,2,13,2,16.416666666666668,263.0,3.0,6.5,60.0,0.9135802469135802,300.0066136034733,3.747435897435898,0.6,0.6153846153846154,3.083333333333333
2020-12-11 05:00:00,5,20,0,4,14,2,0,0,11,1,12,1,17.416666666666668,347.5,3.0,6.5,50.0,0.7380952380952381,282.79830680173666,1.55,0.5,0.0,3.1
2020-12-11 06:00:00,6,22,0,5,15,2,0,2,11,2,13,2,18.416666666666668,383.0,3.0,6.5,55.00000000000001,0.8518518518518519,306.99661360347324,2.690034965034965,0.55,0.3076923076923077,3.136363636363636
2020-12-11 07:00:00,7,25,0,5,18,2,0,4,12,2,14,2,19.416666666666668,432.0,3.0,6.5,62.5,1.0,332.4716136034732,3.87,0.625,0.6153846153846154,3.12
2020-12-11 08:00:00,8,23,0,5,16,2,0,3,13,1,14,1,20.416666666666668,454.5,3.0,6.6,57.49999999999999,0.9230769230769232,332.95330680173663,3.222924901185771,0.575,0.4545454545454546,3.130434782608696
2020-12-11 09:00:00,9,26,0,3,20,3,0,8,13,0,13,0,21.416666666666668,488.0,3.0,6.6,65.0,0.9629629629629628,330.76000000000005,5.586363636363637,0.65,1.2121212121212122,3.0
2020-12-11 10:00:00,10,28,0,3,23,2,0,5,13,0,13,0,22.416666666666668,180.0,4.0,10.3,70.0,0.7870370370370371,340.69,3.5986477115117887,0.7,0.4854368932038834,3.0357142857142856
2020-12-11 11:00:00,11,25,0,2,21,2,0,8,12,0,12,0,23.416666666666668,157.0,4.0,10.3,62.5,0.6696428571428571,326.495,4.2050970873786415,0.625,0.7766990291262136,3.0
2020-12-11 12:00:00,12,28,0,2,24,2,0,9,13,0,13,0,24.416666666666668,187.0,4.0,10.3,70.0,0.7777777777777778,351.97,4.72135922330097,0.7,0.8737864077669902,3.0
2020-12-11 13:00:00,13,30,0,3,26,1,0,7,11,0,11,0,25.416666666666668,220.0,4.0,10.3,75.0,0.7931034482758621,335.1,4.384142394822007,0.75,0.6796116504854368,3.066666666666667
2020-12-11 14:00:00,14,27,0,2,23,2,0,3,7,0,7,0,21.066666666666663,238.0,4.0,10.3,67.5,0.6136363636363636,250.531,2.8987864077669903,0.675,0.2912621359223301,3.0
2020-12-11 15:00:00,15,25,0,2,21,2,0,5,8,0,8,0,22.066666666666663,182.0,4.0,10.3,62.5,0.5859375,265.28099999999995,3.3313106796116507,0.625,0.4854368932038834,3.0
2020-12-11 16:00:00,16,25,1,3,19,2,0,8,5,1,6,1,23.066666666666663,220.5,4.0,10.3,62.5,0.5735294117647058,244.98930680173663,4.373300970873787,0.625,0.7766990291262136,3.12
2020-12-11 17:00:00,17,23,1,5,16,1,0,3,5,1,6,1,24.066666666666663,133.0,4.0,10.3,57.49999999999999,0.5514705882352942,246.3393068017366,2.8247678345293368,0.575,0.2912621359223301,3.260869565217391
2020-12-11 18:00:00,18,17,1,3,12,1,0,3,3,1,4,1,11.716666666666669,191.0,4.0,10.3,42.5,0.3819444444444444,137.0153068017366,2.3173186750428325,0.425,0.2912621359223301,3.235294117647059
2020-12-11 19:00:00,19,17,1,3,13,0,0,9,2,2,4,2,12.716666666666669,48.0,4.0,10.3,42.5,0.3888888888888889,143.52361360347322,4.278355225585379,0.425,0.8737864077669902,3.294117647058824
2020-12-11 20:00:00,20,18,1,3,13,1,0,6,1,3,4,3,13.716666666666669,92.0,4.0,10.08,45.0,0.4027777777777778,152.17692040520984,3.3679894179894183,0.45,0.5952380952380952,3.2222222222222223
2020-12-11 21:00:00,21,23,0,7,15,1,0,11,4,3,7,3,14.716666666666669,47.0,4.0,10.08,57.49999999999999,0.5681818181818182,208.74192040520984,5.433488612836438,0.575,1.0912698412698412,3.260869565217391
2020-12-11 22:00:00,22,23,0,8,15,0,0,5,6,2,8,2,15.716666666666669,97.5,3.0,6.38,57.49999999999999,0.8020833333333334,226.9136136034732,4.548688155922039,0.575,0.7836990595611285,3.347826086956522
2020-12-11 23:00:00,23,24,0,7,16,1,0,8,5,3,8,3,16.716666666666665,114.0,3.0,6.38,60.0,0.8125,235.56692040520983,6.025235109717868,0.6,1.2539184952978055,3.25
2020-12-12 00:00:00,0,23,0,7,15,1,0,8,5,3,8,3,17.716666666666665,172.5,3.0,6.38,57.49999999999999,0.78125,239.06192040520983,5.9638646585798005,0.575,1.2539184952978055,3.260869565217391
2020-12-12 01:00:00,1,22,0,7,15,0,0,5,5,3,8,3,18.716666666666665,181.5,3.0,6.38,55.00000000000001,0.7604166666666666,242.55692040520984,4.425455970361927,0.55,0.7836990595611285,3.3181818181818183
2020-12-12 02:00:00,2,25,0,8,17,0,0,6,6,3,9,3,19.716666666666665,229.0,3.0,6.38,62.5,0.8924731182795699,268.03192040520986,5.197257053291536,0.625,0.9404388714733544,3.32
2020-12-12 03:00:00,3,23,0,8,14,1,0,4,6,3,9,3,20.716666666666665,289.0,3.0,6.38,57.49999999999999,0.8172043010752689,269.3819204052098,3.9716914270137655,0.575,0.6269592476489029,3.3043478260869565
2020-12-12 04:00:00,4,20,0,7,13,0,0,2,6,2,8,2,21.716666666666665,361.5,3.0,6.38,50.0,0.6979166666666666,254.3186136034732,2.7251567398119128,0.5,0.3134796238244514,3.35
2020-12-12 05:00:00,5,18,0,7,11,0,0,0,6,2,8,2,22.716666666666665,421.5,3.0,6.38,45.0,0.6354166666666666,255.6686136034732,1.525,0.45,0.0,3.388888888888889
2020-12-12 06:00:00,6,19,0,6,13,0,0,3,7,1,8,1,23.716666666666665,464.5,3.0,6.38,47.5,0.65625,262.5853068017366,3.134148655337403,0.475,0.4702194357366771,3.3157894736842106
2020-12-12 07:00:00,7,23,1,6,16,0,0,5,8,2,10,2,24.716666666666665,457.5,3.0,6.38,57.49999999999999,0.8555555555555555,304.4736136034732,4.548688155922039,0.575,0.7836990595611285,3.347826086956522
2020-12-12 08:00:00,8,23,1,6,16,0,0,2,8,2,10,2,19.466666666666665,517.5,3.0,6.59,57.49999999999999,0.8555555555555555,274.8636136034732,2.9410321963449237,0.575,0.3034901365705614,3.347826086956522
2020-12-12 09:00:00,9,25,1,7,16,1,0,7,8,2,10,2,20.466666666666665,149.5,3.0,6.59,62.5,0.9222222222222224,284.7936136034732,5.601555386949924,0.625,1.062215477996965,3.32
2020-12-12 10:00:00,10,28,0,8,19,1,0,7,10,1,11,1,21.466666666666665,97.0,4.0,10.29,70.0,0.7844827586206896,309.40030680173663,4.485884353741497,0.7,0.6802721088435375,3.25
2020-12-12 11:00:00,11,27,0,8,18,1,0,5,11,1,12,1,22.466666666666665,92.0,4.0,10.29,67.5,0.7857142857142857,326.2953068017366,3.783702263974373,0.675,0.4859086491739553,3.259259259259259
2020-12-12 12:00:00,12,30,1,9,18,2,0,8,10,2,12,2,23.466666666666665,105.0,4.0,10.29,75.0,0.8839285714285714,339.2386136034732,5.040597667638484,0.75,0.7774538386783285,3.3
2020-12-12 13:00:00,13,34,1,8,23,2,0,8,11,2,13,2,16.216666666666665,146.0,4.0,10.29,85.0,1.0185185185185186,320.32861360347323,5.265291831018122,0.85,0.7774538386783285,3.235294117647059
2020-12-12 14:00:00,14,36,1,8,25,2,0,8,11,2,13,2,17.216666666666665,197.0,4.0,10.29,90.0,1.0740740740740742,330.25861360347324,5.405129035741281,0.9,0.7774538386783285,3.2222222222222223
2020-12-12 15:00:00,15,25,1,4,17,3,0,6,5,2,7,2,16.333333333333332,242.0,4.0,10.29,62.5,0.5909090909090909,221.2816136034732,3.76924198250729,0.625,0.5830903790087464,3.12
2020-12-12 16:00:00,16,29,0,9,16,4,0,10,8,1,9,1,17.333333333333332,129.0,4.0,10.29,72.5,0.7419354838709677,261.43330680173665,5.383006601655441,0.725,0.9718172983479106,3.1724137931034484
2020-12-12 17:00:00,17,30,1,8,18,3,0,10,9,2,11,2,18.33333333333333,112.0,4.0,10.29,75.0,0.8362068965517241,296.8866136034732,5.567209264658244,0.75,0.9718172983479106,3.2333333333333334
2020-12-12 18:00:00,18,28,1,8,16,3,0,6,8,2,10,2,19.33333333333333,144.0,4.0,10.29,70.0,0.7583333333333333,284.8366136034732,4.170043731778425,0.7,0.5830903790087464,3.25
2020-12-12 19:00:00,19,19,0,5,12,2,0,3,5,1,6,1,9.966666666666669,233.5,4.0,10.29,47.5,0.4411764705882353,158.2353068017366,2.420669019487494,0.475,0.2915451895043732,3.1578947368421053
2020-12-12 20:00:00,20,19,0,6,11,2,0,6,6,1,7,1,10.966666666666669,135.0,4.0,10.08,47.5,0.4621212121212121,177.2753068017366,3.436027568922306,0.475,0.5952380952380952,3.210526315789474
2020-12-12 21:00:00,21,24,1,6,13,4,0,9,8,1,9,1,11.966666666666669,78.0,4.0,10.08,60.0,0.6129032258064516,220.44030680173665,4.727380952380952,0.6,0.8928571428571429,3.1666666666666665
2020-12-12 22:00:00,22,24,1,5,14,4,0,8,7,1,8,1,12.966666666666669,123.0,3.0,6.38,60.0,0.78125,212.6803068017366,5.793495297805642,0.6,1.2539184952978055,3.125
2020-12-12 23:00:00,23,22,1,5,12,4,0,7,7,1,8,1,11.566666666666666,100.5,3.0,6.38,55.00000000000001,0.71875,200.49430680173663,5.166151325163864,0.55,1.09717868338558,3.136363636363636
2020-12-13 00:00:00,0,16,1,7,5,3,0,4,7,1,8,1,11.35,122.5,3.0,6.38,40.0,0.5625,186.40230680173664,3.465987460815047,0.4,0.6269592476489029,3.375
2020-12-13 01:00:00,1,21,1,8,9,3,0,6,8,1,9,1,12.35,179.0,3.0,6.38,52.5,0.7526881720430108,216.16730680173663,4.8847962382445145,0.525,0.9404388714733544,3.333333333333333
2020-12-13 02:00:00,2,17,1,7,7,2,0,2,8,1,9,1,8.25,239.0,3.0,6.38,42.5,0.6236559139784946,184.46330680173665,2.51951871657754,0.425,0.3134796238244514,3.411764705882353
2020-12-13 03:00:00,3,18,1,7,8,2,0,3,8,1,9,1,9.25,299.0,3.0,6.38,45.0,0.6559139784946236,192.24830680173665,3.118521421107628,0.45,0.4702194357366771,3.388888888888889
2020-12-13 04:00:00,4,20,2,7,9,2,0,3,8,1,9,1,8.383333333333333,353.0,3.0,6.38,50.0,0.7419354838709677,191.65030680173663,3.3472570532915364,0.5,0.4702194357366771,3.45
2020-12-13 05:00:00,5,19,2,6,9,2,0,1,8,1,9,1,9.383333333333333,413.0,3.0,6.38,47.5,0.6989247311827957,195.1453068017366,2.161215146015509,0.475,0.1567398119122257,3.421052631578948
2020-12-13 06:00:00,6,23,1,6,14,2,0,6,9,0,9,0,10.383333333333333,473.0,3.0,6.38,57.49999999999999,0.8064516129032258,208.497,4.94164849393485,0.575,0.9404388714733544,3.260869565217391
2020-12-13 07:00:00,7,20,1,6,12,1,0,3,9,0,9,0,11.383333333333333,533.0,3.0,6.38,50.0,0.7204301075268817,207.702,3.250235109717869,0.5,0.4702194357366771,3.35
2020-12-13 08:00:00,8,20,1,7,11,1,0,5,12,1,13,1,12.383333333333333,480.0,3.0,7.67,50.0,0.8395061728395061,267.8103068017366,3.916427640156454,0.5,0.651890482398957,3.4
2020-12-13 09:00:00,9,23,1,6,14,2,0,7,10,1,11,1,13.383333333333333,490.0,3.0,7.67,57.49999999999999,0.8620689655172413,253.08530680173655,4.851021767473499,0.575,0.9126466753585398,3.260869565217391
2020-12-13 10:00:00,10,17,1,3,11,2,0,5,9,0,9,0,13.15,150.0,4.0,11.01,42.5,0.4354838709677419,211.231,2.7925388684083985,0.425,0.4541326067211625,3.176470588235294
2020-12-13 11:00:00,11,18,0,3,14,1,0,9,8,0,8,0,12.983333333333333,105.5,4.0,11.01,45.0,0.4375,199.036,3.943142597638511,0.45,0.8174386920980926,3.111111111111111
2020-12-13 12:00:00,12,22,0,5,16,1,0,11,7,0,7,0,9.166666666666666,121.0,4.0,11.01,55.00000000000001,0.5303030303030303,172.69,4.9289282470481375,0.55,0.9990917347865576,3.1818181818181817
2020-12-13 13:00:00,13,21,0,4,16,1,0,6,6,0,6,0,10.166666666666666,160.0,4.0,11.01,52.5,0.4852941176470588,162.785,3.3627286882055274,0.525,0.5449591280653951,3.142857142857143
2020-12-13 14:00:00,14,15,0,2,12,1,0,3,6,0,6,0,6.5,137.5,4.0,11.01,37.5,0.3382352941176471,129.235,1.9856039963669396,0.375,0.2724795640326976,3.066666666666667
2020-12-13 15:00:00,15,21,0,4,16,1,0,11,4,0,4,0,7.5,149.0,4.0,11.01,52.5,0.4583333333333333,120.945,4.790002595043467,0.525,0.9990917347865576,3.142857142857143
2020-12-13 16:00:00,16,22,0,3,17,2,0,9,4,0,4,0,5.266666666666667,87.0,4.0,11.01,55.00000000000001,0.4652777777777778,110.494,4.164472380480555,0.55,0.8174386920980926,3.0454545454545454
2020-12-13 17:00:00,17,19,0,4,11,4,0,10,6,0,6,0,5.583333333333333,81.0,4.0,11.01,47.5,0.4191176470588235,132.64499999999998,4.149795640326976,0.475,0.9082652134423252,3.0
2020-12-13 18:00:00,18,15,0,3,10,2,0,5,7,0,7,0,4.066666666666666,119.0,4.0,11.01,37.5,0.3484848484848485,128.911,2.5426733272782323,0.375,0.4541326067211625,3.066666666666667
2020-12-13 19:00:00,19,17,0,1,12,4,0,14,4,0,4,0,4.233333333333333,149.0,4.0,11.01,42.5,0.3333333333333333,93.941,4.790318961372016,0.425,1.2715712988192551,2.823529411764706
2020-12-13 20:00:00,20,16,0,0,14,2,0,13,2,0,2,0,4.833333333333333,245.5,4.0,11.4,40.0,0.3026315789473684,68.38,4.428508771929826,0.4,1.140350877192983,2.875
2020-12-13 21:00:00,21,15,0,0,10,5,0,10,1,0,1,0,4.3,40.0,4.0,11.4,37.5,0.2564102564102564,49.827,3.3391812865497075,0.375,0.8771929824561404,2.6666666666666665
2020-12-13 22:00:00,22,14,0,1,6,6,1,5,0,0,0,0,5.3,0.0,3.0,8.059999999999999,35.0,0.2916666666666667,39.922,2.4258684863523574,0.35,0.620347394540943,2.5
2020-12-13 23:00:00,23,11,0,2,6,2,1,6,1,0,1,0,6.3,47.0,3.0,8.059999999999999,27.500000000000004,0.2649572649572649,52.527,2.8729020979020987,0.275,0.7444168734491317,2.8181818181818183
2020-12-14 00:00:00,0,17,0,4,9,3,1,9,2,1,3,1,7.3,37.0,3.0,8.059999999999999,42.5,0.4504504504504504,98.7053068017366,4.5341920887461695,0.425,1.1166253101736974,2.9411764705882355
2020-12-14 01:00:00,1,16,0,5,9,1,1,3,2,1,3,1,8.3,97.0,3.0,8.059999999999999,40.0,0.4504504504504504,102.20030680173662,2.413151364764268,0.4,0.3722084367245658,3.125
2020-12-14 02:00:00,2,17,0,5,10,1,1,7,2,1,3,1,9.3,157.0,3.0,8.059999999999999,42.5,0.4774774774774775,109.9853068017366,4.032633922055174,0.425,0.8684863523573202,3.117647058823529
2020-12-14 03:00:00,3,15,0,5,8,1,1,1,2,1,3,1,10.3,217.0,3.0,8.059999999999999,37.5,0.4234234234234234,111.33530680173664,1.5637510339123242,0.375,0.1240694789081886,3.1333333333333333
2020-12-14 04:00:00,4,13,0,4,7,1,1,2,3,0,3,0,11.3,277.0,3.0,8.059999999999999,32.5,0.3603603603603603,111.817,1.763504485588853,0.325,0.2481389578163772,3.076923076923077
2020-12-14 05:00:00,5,12,0,4,7,1,0,1,3,0,3,0,12.3,337.0,3.0,8.059999999999999,30.0,0.3513513513513513,115.312,1.3782258064516129,0.3,0.1240694789081886,3.25
2020-12-14 06:00:00,6,16,1,4,10,1,0,5,4,1,5,1,13.3,167.0,3.0,8.059999999999999,40.0,0.5047619047619047,157.20030680173662,3.379900744416874,0.4,0.620347394540943,3.3125
2020-12-14 07:00:00,7,18,1,4,11,2,0,4,4,1,5,1,14.3,227.0,3.0,8.059999999999999,45.0,0.5523809523809524,167.1303068017366,3.0491177281499864,0.45,0.4962779156327544,3.2222222222222223
2020-12-14 08:00:00,8,22,1,4,15,2,0,7,5,2,7,2,15.3,153.0,3.0,7.88,55.00000000000001,0.7070707070707071,209.01861360347323,4.576488232579603,0.55,0.8883248730964467,3.1818181818181817
2020-12-14 09:00:00,9,19,0,3,14,2,0,5,3,1,4,1,12.183333333333334,160.5,3.0,7.88,47.5,0.5370370370370371,143.9373068017366,3.3869489714133048,0.475,0.6345177664974619,3.0526315789473686
2020-12-14 10:00:00,10,25,0,3,20,2,0,10,3,1,4,1,13.183333333333334,220.5,4.0,11.22,62.5,0.5277777777777778,162.4473068017366,4.609447415329768,0.625,0.8912655971479502,3.04
2020-12-14 11:00:00,11,24,1,3,18,2,0,9,4,1,5,1,14.183333333333334,228.0,4.0,11.22,60.0,0.5357142857142857,179.3423068017366,4.381684491978611,0.6,0.8021390374331552,3.125
2020-12-14 12:00:00,12,25,1,3,18,3,0,6,6,2,8,2,15.183333333333334,102.5,4.0,11.22,62.5,0.6015625,228.19561360347325,3.5720588235294115,0.625,0.5347593582887701,3.08
2020-12-14 13:00:00,13,26,1,5,19,1,0,8,8,2,10,2,16.183333333333334,89.0,4.0,11.22,65.0,0.7,262.7806136034732,4.40357877416701,0.65,0.7130124777183602,3.230769230769231
2020-12-14 14:00:00,14,26,1,4,20,1,0,7,9,1,10,1,17.183333333333334,115.5,4.0,11.22,65.0,0.6916666666666667,267.5523068017366,4.066635815165228,0.65,0.6238859180035651,3.1923076923076925
2020-12-14 15:00:00,15,32,2,4,23,3,0,8,10,2,12,2,18.183333333333334,157.5,4.0,11.22,80.0,0.9017857142857144,313.7306136034732,4.775445632798575,0.8,0.7130124777183602,3.15625
2020-12-14 16:00:00,16,30,1,3,25,1,0,8,8,2,10,2,19.183333333333334,217.5,4.0,11.22,75.0,0.7833333333333333,288.2806136034732,4.584105763517528,0.75,0.7130124777183602,3.1333333333333333
2020-12-14 17:00:00,17,29,2,2,23,2,0,7,5,2,7,2,20.183333333333334,276.0,4.0,11.22,72.5,0.6893939393939394,251.57561360347324,4.232710984080152,0.725,0.6238859180035651,3.1379310344827585
2020-12-14 18:00:00,18,24,2,2,19,1,0,6,6,2,8,2,21.183333333333334,263.5,4.0,11.22,60.0,0.6015625,259.8906136034732,3.640686274509804,0.6,0.5347593582887701,3.208333333333333
2020-12-14 19:00:00,19,25,4,1,20,0,0,10,6,3,9,3,22.183333333333334,87.0,4.0,11.22,62.5,0.6774193548387096,281.94392040520984,5.094652406417112,0.625,0.8912655971479502,3.36
2020-12-14 20:00:00,20,26,3,1,22,0,0,8,8,2,10,2,10.35,117.0,4.0,9.94,65.0,0.7083333333333334,229.8806136034732,4.756171645256153,0.65,0.8048289738430584,3.269230769230769
2020-12-14 21:00:00,21,26,3,3,20,0,0,6,9,3,12,3,11.35,145.0,4.0,9.94,65.0,0.7767857142857143,263.18892040520984,4.194811174740753,0.65,0.6036217303822938,3.3461538461538463
2020-12-14 22:00:00,22,21,1,3,17,0,0,5,7,1,8,1,12.35,166.5,3.0,6.6,52.5,0.7083333333333334,202.76730680173665,4.153102453102454,0.525,0.7575757575757576,3.238095238095238
2020-12-14 23:00:00,23,21,1,3,16,1,0,5,6,1,7,1,13.35,256.0,3.0,6.6,52.5,0.6767676767676768,195.0073068017366,4.092027417027418,0.525,0.7575757575757576,3.1904761904761907
2020-12-15 00:00:00,0,17,1,3,13,0,0,7,7,1,8,1,14.35,286.5,3.0,6.6,42.5,0.5833333333333334,205.4673068017366,4.893761140819964,0.425,1.0606060606060606,3.294117647058824
2020-12-15 01:00:00,1,14,1,2,10,1,0,2,7,1,8,1,15.35,346.5,3.0,6.6,35.0,0.46875,204.67230680173665,2.0990259740259742,0.35,0.303030303030303,3.2142857142857144
2020-12-15 02:00:00,2,13,1,3,9,0,0,1,7,1,8,1,16.35,406.5,3.0,6.6,32.5,0.4583333333333333,208.16730680173663,1.6128205128205129,0.325,0.1515151515151515,3.3846153846153846
2020-12-15 03:00:00,3,17,1,3,12,1,0,4,7,1,8,1,17.35,466.5,3.0,6.6,42.5,0.5729166666666666,222.3873068017366,3.33578431372549,0.425,0.6060606060606061,3.235294117647059
2020-12-15 04:00:00,4,14,1,3,10,0,0,1,8,0,8,0,18.35,526.5,3.0,6.6,35.0,0.4895833333333333,220.724,1.6836580086580086,0.35,0.1515151515151515,3.357142857142857
2020-12-15 05:00:00,5,16,1,3,11,1,0,2,8,0,8,0,19.35,586.5,3.0,6.6,40.0,0.5416666666666666,230.654,2.284848484848485,0.4,0.303030303030303,3.25
2020-12-15 06:00:00,6,15,1,4,10,0,0,1,8,1,9,1,20.35,617.0,3.0,6.6,37.5,0.5483870967741935,248.41730680173663,1.790151515151515,0.375,0.1515151515151515,3.4
2020-12-15 07:00:00,7,16,1,4,11,0,0,2,8,0,8,0,21.35,706.5,3.0,6.6,40.0,0.5625,241.93400000000003,2.372727272727273,0.4,0.303030303030303,3.375
2020-12-15 08:00:00,8,16,1,4,10,1,0,2,8,0,8,0,22.35,766.5,3.0,6.77,40.0,0.5520833333333334,247.574,2.303581979320532,0.4,0.2954209748892171,3.3125
2020-12-15 09:00:00,9,17,1,3,11,2,0,7,7,0,7,0,23.35,797.0,3.0,6.77,42.5,0.5454545454545454,241.95899999999995,4.634386132591885,0.425,1.03397341211226,3.176470588235294
2020-12-15 10:00:00,10,16,1,1,13,1,0,5,5,0,5,0,24.35,916.0,4.0,10.02,40.0,0.3571428571428571,218.654,2.80938123752495,0.4,0.499001996007984,3.125
2020-12-15 11:00:00,11,21,1,2,16,2,0,8,6,1,7,1,25.35,160.0,4.0,10.02,52.5,0.4924242424242424,262.6873068017366,4.096247980230017,0.525,0.7984031936127745,3.095238095238096
2020-12-15 12:00:00,12,23,1,2,18,2,0,8,10,1,11,1,24.75,109.0,4.0,10.02,57.49999999999999,0.6120689655172413,317.19330680173664,4.239635945500304,0.575,0.7984031936127745,3.0869565217391304
2020-12-15 13:00:00,13,24,1,1,21,1,0,7,11,1,12,1,25.75,114.5,4.0,10.02,60.0,0.6607142857142857,338.3783068017366,4.004025282767798,0.6,0.6986027944111777,3.083333333333333
2020-12-15 14:00:00,14,27,1,1,23,2,0,8,12,0,12,0,26.75,134.0,4.0,10.02,67.5,0.7321428571428571,349.58500000000004,4.474780069490649,0.675,0.7984031936127745,3.037037037037037
2020-12-15 15:00:00,15,32,0,1,30,1,0,10,13,0,13,0,27.75,169.0,4.0,10.02,80.0,0.8888888888888888,379.35,5.394011976047905,0.8,0.998003992015968,3.0
2020-12-15 16:00:00,16,29,0,1,27,1,0,9,13,0,13,0,7.666666666666667,211.0,4.0,10.02,72.5,0.8055555555555556,259.64500000000004,4.869610778443114,0.725,0.8982035928143713,3.0
2020-12-15 17:00:00,17,28,0,2,23,3,0,10,11,0,11,0,8.666666666666666,283.0,4.0,10.02,70.0,0.7155172413793104,236.34000000000003,5.0333689763330485,0.7,0.998003992015968,2.9642857142857144
2020-12-15 18:00:00,18,33,0,3,26,4,0,8,14,0,14,0,9.666666666666666,252.5,4.0,10.02,82.5,0.9423076923076924,292.905,4.82101554466824,0.825,0.7984031936127745,2.9696969696969697
2020-12-15 19:00:00,19,35,0,5,26,4,0,9,12,1,13,1,10.666666666666666,212.0,4.0,10.02,87.5,0.9814814814814816,290.30330680173665,5.3702737382378105,0.875,0.8982035928143713,3.0285714285714285
2020-12-15 20:00:00,20,24,0,4,17,3,0,4,10,0,10,0,11.25,250.5,4.0,9.91,60.0,0.6083333333333333,228.93,3.052716111671712,0.6,0.4036326942482341,3.0416666666666665
2020-12-15 21:00:00,21,23,0,4,15,4,0,7,10,0,10,0,12.25,214.5,4.0,9.91,57.49999999999999,0.575,232.42499999999995,3.844071644803229,0.575,0.7063572149344097,3.0
2020-12-15 22:00:00,22,21,0,3,14,4,0,6,7,0,7,0,6.616666666666666,161.0,3.0,6.66,52.5,0.6262626262626263,156.163,4.20980265980266,0.525,0.9009009009009008,2.952380952380953
2020-12-15 23:00:00,23,17,0,2,13,1,1,4,8,0,8,0,7.616666666666666,206.5,3.0,6.66,42.5,0.5208333333333334,166.623,3.0164723547076493,0.425,0.6006006006006006,2.9411764705882355
2020-12-16 00:00:00,0,18,1,4,11,1,1,4,10,0,10,0,8.616666666666667,245.5,3.0,6.66,45.0,0.6333333333333333,201.20800000000003,3.326901901901901,0.45,0.6006006006006006,3.1666666666666665
2020-12-16 01:00:00,1,16,1,4,11,0,0,2,10,0,10,0,9.616666666666667,305.5,3.0,6.66,40.0,0.6,202.558,2.3635135135135137,0.4,0.3003003003003003,3.375
2020-12-16 02:00:00,2,17,1,3,13,0,0,4,11,0,11,0,10.616666666666667,359.0,3.0,6.66,42.5,0.6436781609195402,223.743,3.378449037272566,0.425,0.6006006006006006,3.294117647058824
2020-12-16 03:00:00,3,17,1,3,12,1,0,2,11,0,11,0,11.616666666666667,419.0,3.0,6.66,42.5,0.632183908045977,229.383,2.3465597950892065,0.425,0.3003003003003003,3.235294117647059
2020-12-16 04:00:00,4,18,1,4,12,1,0,2,11,0,11,0,12.616666666666667,479.0,3.0,6.66,45.0,0.6781609195402298,237.168,2.459317650984318,0.45,0.3003003003003003,3.2777777777777777
2020-12-16 05:00:00,5,20,1,4,14,1,0,3,11,0,11,0,13.616666666666667,539.0,3.0,6.66,50.0,0.7471264367816092,247.098,3.0889639639639643,0.5,0.4504504504504504,3.25
2020-12-16 06:00:00,6,22,2,4,14,2,0,3,11,1,12,1,14.616666666666667,572.5,3.0,6.66,55.00000000000001,0.8571428571428571,271.29630680173665,3.2742014742014747,0.55,0.4504504504504504,3.272727272727273
2020-12-16 07:00:00,7,26,2,5,16,3,0,6,14,2,16,2,15.616666666666667,505.0,3.0,6.66,65.0,1.1666666666666667,339.98461360347324,5.010602910602911,0.65,0.9009009009009008,3.230769230769231
2020-12-16 08:00:00,8,24,2,5,14,3,0,1,13,2,15,2,16.616666666666667,535.0,3.0,6.57,60.0,1.04,327.9346136034732,2.4446727549467275,0.6,0.15220700152207,3.25
2020-12-16 09:00:00,9,20,1,3,14,2,0,2,8,2,10,2,17.616666666666667,336.5,3.0,6.57,50.0,0.7,257.9946136034732,2.533904109589041,0.5,0.30441400304414,3.15
2020-12-16 10:00:00,10,19,0,3,16,0,0,5,8,0,8,0,18.616666666666667,356.5,4.0,9.61,47.5,0.46875,232.953,3.143025357358016,0.475,0.5202913631633715,3.1578947368421053
2020-12-16 11:00:00,11,28,0,6,22,0,0,12,11,1,12,1,19.616666666666667,174.5,4.0,9.61,70.0,0.8035714285714286,312.3663068017366,6.263676230117437,0.7,1.2486992715920917,3.2142857142857144
2020-12-16 12:00:00,12,29,0,8,21,0,0,9,12,1,13,1,20.616666666666667,106.0,4.0,9.61,72.5,0.8796296296296297,333.5513068017366,5.442924934515053,0.725,0.9365244536940688,3.2758620689655173
2020-12-16 13:00:00,13,30,0,10,20,0,0,9,14,1,15,1,21.616666666666667,138.0,4.0,9.61,75.0,1.0,368.1363068017366,5.62174817898023,0.75,0.9365244536940688,3.333333333333333
2020-12-16 14:00:00,14,27,0,11,14,2,0,4,11,1,12,1,22.616666666666667,204.0,4.0,9.61,67.5,0.8035714285714286,327.1413068017366,3.637443635102324,0.675,0.4162330905306972,3.333333333333333
2020-12-16 15:00:00,15,23,0,9,12,2,0,3,9,1,10,1,21.766666666666666,264.0,4.0,9.61,57.49999999999999,0.6333333333333333,286.9673068017366,2.931534180880424,0.575,0.3121748178980229,3.3043478260869565
2020-12-16 16:00:00,16,21,0,8,12,1,0,7,9,0,9,0,19.1,243.0,4.0,9.61,52.5,0.5645161290322581,253.36900000000003,4.178026361429067,0.525,0.7284079084287202,3.333333333333333
2020-12-16 17:00:00,17,18,0,6,11,1,0,2,8,1,9,1,20.1,282.0,4.0,9.61,45.0,0.4758064516129032,253.44230680173663,2.1571597872586423,0.45,0.2081165452653486,3.2777777777777777
2020-12-16 18:00:00,18,21,1,5,14,1,0,6,7,0,7,0,21.1,228.0,4.0,9.61,52.5,0.5227272727272727,237.849,3.7764345176155794,0.525,0.6243496357960459,3.2857142857142856
2020-12-16 19:00:00,19,18,0,5,12,1,0,7,6,1,7,1,22.1,243.0,4.0,9.61,45.0,0.4393939393939394,237.92230680173665,3.797092149381432,0.45,0.7284079084287202,3.2222222222222223
2020-12-16 20:00:00,20,23,0,6,16,1,0,10,6,2,8,2,23.1,102.5,4.0,10.8,57.49999999999999,0.578125,268.5556136034732,4.829066022544283,0.575,0.9259259259259258,3.217391304347826
2020-12-16 21:00:00,21,23,0,5,16,2,0,6,6,2,8,2,6.8,95.5,4.0,10.8,57.49999999999999,0.5625,176.62361360347322,3.5391304347826087,0.575,0.5555555555555555,3.130434782608696
2020-12-16 22:00:00,22,19,0,5,12,2,0,4,6,2,8,2,7.05,126.5,3.0,7.76,47.5,0.625,169.45361360347323,3.1277807921866523,0.475,0.5154639175257733,3.1578947368421053
2020-12-16 23:00:00,23,18,0,3,14,1,0,7,6,1,7,1,8.05,173.0,3.0,7.76,45.0,0.5656565656565656,158.6803068017366,4.206414662084765,0.45,0.9020618556701032,3.111111111111111
2020-12-17 00:00:00,0,21,0,3,17,1,0,7,7,1,8,1,9.05,172.5,3.0,7.76,52.5,0.6770833333333334,184.15530680173663,4.417096219931271,0.525,0.9020618556701032,3.095238095238096
2020-12-17 01:00:00,1,17,0,1,15,1,0,1,8,1,9,1,10.05,216.0,3.0,7.76,42.5,0.5483870967741935,194.6153068017366,1.66159793814433,0.425,0.1288659793814433,3.0
2020-12-17 02:00:00,2,17,0,3,13,1,0,4,10,1,11,1,11.05,244.0,3.0,7.76,42.5,0.6091954022988506,227.0553068017366,2.932034566403881,0.425,0.5154639175257733,3.117647058823529
2020-12-17 03:00:00,3,17,0,4,12,1,0,2,9,1,10,1,12.05,320.0,3.0,7.76,42.5,0.6,219.2953068017366,2.168677986658581,0.425,0.2577319587628866,3.176470588235294
2020-12-17 04:00:00,4,18,0,4,12,2,0,3,9,1,10,1,13.05,380.0,3.0,7.76,45.0,0.6222222222222222,227.0803068017366,2.602749140893471,0.45,0.3865979381443299,3.111111111111111
2020-12-17 05:00:00,5,18,0,3,13,2,0,1,10,1,11,1,14.05,424.0,3.0,7.76,45.0,0.632183908045977,246.1203068017366,1.768757159221077,0.45,0.1288659793814433,3.055555555555556
2020-12-17 06:00:00,6,18,0,3,13,2,0,1,10,1,11,1,15.05,484.0,3.0,7.76,45.0,0.632183908045977,251.76030680173665,1.768757159221077,0.45,0.1288659793814433,3.055555555555556
2020-12-17 07:00:00,7,19,0,3,15,1,0,3,10,1,11,1,16.05,544.0,3.0,7.76,47.5,0.6781609195402298,259.5453068017366,2.675488334237656,0.475,0.3865979381443299,3.1052631578947367
2020-12-17 08:00:00,8,21,0,4,16,1,0,4,10,1,11,1,17.05,604.0,3.0,7.04,52.5,0.7586206896551724,269.4753068017366,3.435714285714286,0.525,0.5681818181818182,3.142857142857143
2020-12-17 09:00:00,9,21,0,4,16,1,0,4,7,1,8,1,18.05,549.5,3.0,7.04,52.5,0.6875,234.91530680173665,3.435714285714286,0.525,0.5681818181818182,3.142857142857143
2020-12-17 10:00:00,10,23,0,5,15,2,1,6,10,1,11,1,19.05,496.0,4.0,10.29,57.49999999999999,0.603448275862069,285.0453068017366,3.524622892635315,0.575,0.5830903790087464,3.0434782608695654
2020-12-17 11:00:00,11,23,0,4,17,2,0,7,12,1,13,1,20.05,368.0,4.0,10.29,57.49999999999999,0.6574074074074074,317.4853068017366,3.874970422951789,0.575,0.6802721088435375,3.0869565217391304
2020-12-17 12:00:00,12,31,0,4,26,1,0,12,14,1,15,1,21.05,161.0,4.0,10.29,77.5,0.96,367.0853068017366,6.0113984764412685,0.775,1.1661807580174928,3.096774193548387
2020-12-17 13:00:00,13,31,0,5,25,1,0,5,14,1,15,1,22.05,221.0,4.0,10.29,77.5,0.97,372.72530680173656,3.94542383773786,0.775,0.4859086491739553,3.129032258064516
2020-12-17 14:00:00,14,31,1,4,23,2,1,10,15,1,16,1,23.05,215.5,4.0,10.29,77.5,0.9895833333333334,391.76530680173664,5.353149785259726,0.775,0.9718172983479106,3.064516129032258
2020-12-17 15:00:00,15,27,1,4,18,3,1,3,12,0,12,0,24.05,173.5,4.0,10.29,67.5,0.7321428571428571,334.357,2.935433538494764,0.675,0.2915451895043732,3.037037037037037
2020-12-17 16:00:00,16,33,1,5,21,3,3,10,15,1,16,1,25.05,149.5,4.0,10.29,82.5,1.0104166666666667,407.3353068017366,5.2815538769620405,0.825,0.9718172983479106,2.9393939393939394
2020-12-17 17:00:00,17,32,2,7,18,2,3,7,17,1,18,1,26.05,128.0,4.0,10.29,80.0,1.125,437.6303068017367,4.579591836734695,0.8,0.6802721088435375,3.09375
2020-12-17 18:00:00,18,35,2,6,20,4,3,9,16,0,16,0,27.05,138.5,4.0,10.29,87.5,1.09375,422.037,5.248906705539359,0.875,0.8746355685131196,3.0
2020-12-17 19:00:00,19,30,4,5,15,3,3,4,13,1,14,1,28.05,168.0,4.0,10.29,75.0,0.903846153846154,391.0203068017366,3.568011013929381,0.75,0.3887269193391642,3.1333333333333333
2020-12-17 20:00:00,20,26,2,5,13,4,2,8,13,1,14,1,29.05,178.0,4.0,10.03,65.0,0.7596153846153846,388.0803068017366,4.398498734565535,0.65,0.7976071784646063,3.0384615384615383
2020-12-17 21:00:00,21,25,1,7,14,2,1,7,9,2,11,2,30.05,201.0,4.0,10.03,62.5,0.6896551724137931,352.24361360347325,4.233300099700897,0.625,0.6979062811565304,3.2
2020-12-17 22:00:00,22,18,0,5,10,3,0,3,8,1,9,1,31.05,317.0,3.0,6.779999999999999,45.0,0.6021505376344086,315.2003068017366,2.776597836774828,0.45,0.4424778761061947,3.111111111111111
2020-12-17 23:00:00,23,23,0,8,11,4,0,9,8,1,9,1,32.05,377.0,3.0,6.779999999999999,57.49999999999999,0.7849462365591398,331.5653068017366,6.038158907272027,0.575,1.327433628318584,3.1739130434782608
2020-12-18 00:00:00,0,19,0,7,9,3,0,4,9,0,9,0,33.05,437.0,3.0,6.779999999999999,47.5,0.6559139784946236,327.757,3.419115820524764,0.475,0.5899705014749264,3.210526315789474
2020-12-18 01:00:00,1,16,0,7,7,2,0,2,8,0,8,0,34.05,510.5,3.0,6.779999999999999,40.0,0.5520833333333334,313.562,2.3021386430678468,0.4,0.2949852507374632,3.3125
2020-12-18 02:00:00,2,17,0,6,8,3,0,5,8,0,8,0,35.05,570.5,3.0,6.779999999999999,42.5,0.5625,321.347,3.692529932326913,0.425,0.7374631268436579,3.176470588235294
2020-12-18 03:00:00,3,21,0,7,10,4,0,5,9,0,9,0,36.05,617.0,3.0,6.779999999999999,52.5,0.7096774193548387,348.967,3.9677412557943534,0.525,0.7374631268436579,3.142857142857143
2020-12-18 04:00:00,4,19,0,7,8,4,0,0,9,0,9,0,37.05,677.0,3.0,6.779999999999999,47.5,0.6451612903225806,350.317,1.5,0.475,0.0,3.1578947368421053
2020-12-18 05:00:00,5,20,0,7,8,5,0,2,9,0,9,0,38.05,737.0,3.0,6.779999999999999,50.0,0.6666666666666666,358.102,2.464454277286136,0.5,0.2949852507374632,3.1
2020-12-18 06:00:00,6,18,0,7,8,3,0,0,9,0,9,0,39.05,797.0,3.0,6.779999999999999,45.0,0.6236559139784946,359.452,1.4500000000000002,0.45,0.0,3.2222222222222223
2020-12-18 07:00:00,7,19,0,9,7,3,0,2,9,0,9,0,40.05,857.0,3.0,6.779999999999999,47.5,0.6774193548387096,367.237,2.5531089892873777,0.475,0.2949852507374632,3.3157894736842106
2020-12-18 08:00:00,8,25,0,9,13,3,0,6,10,0,10,0,41.05,838.5,3.0,7.76,62.5,0.9,399.14699999999993,4.530154639175258,0.625,0.7731958762886598,3.24
2020-12-18 09:00:00,9,29,0,9,17,3,0,8,8,1,9,1,42.05,690.0,3.0,7.76,72.5,1.0,400.8353068017366,5.631078919303235,0.725,1.0309278350515465,3.206896551724138
2020-12-18 10:00:00,10,32,0,8,19,5,0,11,7,1,8,1,43.05,700.5,4.0,11.01,80.0,0.7734375,399.5103068017366,5.565940054495913,0.8,0.9990917347865576,3.09375
2020-12-18 11:00:00,11,28,0,8,18,2,0,4,6,1,7,1,34.95,711.0,4.0,11.01,70.0,0.6818181818181818,331.8463068017366,3.4177695601401323,0.7,0.36330608537693,3.2142857142857144
2020-12-18 12:00:00,12,28,0,8,18,2,0,9,8,1,9,1,35.95,281.0,4.0,11.01,70.0,0.7258064516129032,364.2863068017366,4.877481510315297,0.7,0.8174386920980926,3.2142857142857144
2020-12-18 13:00:00,13,32,0,9,21,2,0,9,8,1,9,1,36.95,93.0,4.0,11.01,80.0,0.8306451612903226,378.5063068017366,5.206130790190735,0.8,0.8174386920980926,3.21875
2020-12-18 14:00:00,14,29,0,7,20,2,0,3,8,1,9,1,37.95,153.0,4.0,11.01,72.5,0.7419354838709677,377.7113068017367,3.164417927276144,0.725,0.2724795640326976,3.1724137931034484
2020-12-18 15:00:00,15,26,0,7,19,0,0,4,7,1,8,1,38.95,210.0,4.0,11.01,65.0,0.6640625,363.5163068017366,3.3127314329630404,0.65,0.36330608537693,3.269230769230769
2020-12-18 16:00:00,16,25,0,8,17,0,0,5,5,1,6,1,19.7,231.5,4.0,11.01,62.5,0.6102941176470589,226.00130680173663,3.58272025431426,0.625,0.4541326067211625,3.32
2020-12-18 17:00:00,17,23,1,8,14,0,0,7,6,3,9,3,17.85,147.0,4.0,11.01,57.49999999999999,0.6370967741935484,253.21392040520985,4.158785491450461,0.575,0.6357856494096277,3.4347826086956523
2020-12-18 18:00:00,18,20,2,5,13,0,0,6,5,2,7,2,17.016666666666666,119.0,4.0,11.01,50.0,0.5227272727272727,214.4106136034732,3.6051089918256136,0.5,0.5449591280653951,3.45
2020-12-18 19:00:00,19,19,1,4,14,0,0,9,3,2,5,2,18.016666666666666,140.0,4.0,11.01,47.5,0.45,191.1056136034732,4.285454610641044,0.475,0.8174386920980926,3.3157894736842106
2020-12-18 20:00:00,20,17,1,4,10,2,0,9,3,2,5,2,19.016666666666666,157.0,4.0,10.98,42.5,0.3928571428571428,192.4556136034732,4.0268804243008685,0.425,0.819672131147541,3.235294117647059
2020-12-18 21:00:00,21,18,1,4,11,2,0,9,3,1,4,1,20.016666666666666,114.0,4.0,10.98,45.0,0.4027777777777778,185.9723068017366,4.091165755919854,0.45,0.819672131147541,3.2222222222222223
2020-12-18 22:00:00,22,13,0,4,8,1,0,3,2,1,3,1,21.016666666666666,124.0,3.0,7.73,32.5,0.3783783783783784,167.48730680173662,2.303856105085083,0.325,0.3880983182406209,3.230769230769231
2020-12-18 23:00:00,23,15,0,5,9,1,0,6,2,1,3,1,22.016666666666666,184.0,3.0,7.73,37.5,0.4414414414414414,177.41730680173663,3.7605756791720566,0.375,0.7761966364812418,3.2666666666666666
2020-12-19 00:00:00,0,19,0,6,12,1,0,9,2,1,3,1,23.016666666666666,244.0,3.0,7.73,47.5,0.5585585585585585,191.6373068017366,5.349278273302921,0.475,1.1642949547218628,3.263157894736842
2020-12-19 01:00:00,1,18,0,7,9,2,0,5,3,1,4,1,24.016666666666666,283.0,3.0,7.73,45.0,0.5462962962962963,208.53230680173655,3.5951667385367254,0.45,0.6468305304010349,3.2777777777777777
2020-12-19 02:00:00,2,15,0,7,7,1,0,3,2,1,3,1,25.016666666666666,322.0,3.0,7.73,37.5,0.4594594594594595,194.33730680173664,2.594534282018111,0.375,0.3880983182406209,3.4
2020-12-19 03:00:00,3,13,0,7,5,1,0,0,2,1,3,1,26.016666666666666,382.0,3.0,7.73,32.5,0.4054054054054054,195.6873068017366,1.125,0.325,0.0,3.4615384615384617
2020-12-19 04:00:00,4,13,0,7,5,1,0,2,2,2,4,2,27.016666666666666,336.0,3.0,7.73,32.5,0.4166666666666667,215.59561360347325,2.0206115036322023,0.325,0.258732212160414,3.4615384615384617
2020-12-19 05:00:00,5,14,0,7,6,1,0,2,2,2,4,2,28.016666666666666,396.0,3.0,7.73,35.0,0.4444444444444444,223.3806136034732,2.087081870264276,0.35,0.258732212160414,3.4285714285714284
2020-12-19 06:00:00,6,14,0,7,6,1,0,1,3,2,5,2,29.016666666666666,350.0,3.0,7.73,35.0,0.4571428571428571,242.4206136034732,1.6435409351321382,0.35,0.129366106080207,3.4285714285714284
2020-12-19 07:00:00,7,12,0,6,5,1,0,0,3,2,5,2,30.016666666666666,410.0,3.0,7.73,30.0,0.3904761904761905,243.7706136034732,1.025,0.3,0.0,3.4166666666666665
2020-12-19 08:00:00,8,13,0,6,7,0,0,3,3,2,5,2,31.016666666666666,470.0,3.0,6.38,32.5,0.4285714285714285,251.5556136034733,2.752682662165421,0.325,0.4702194357366771,3.4615384615384617
2020-12-19 09:00:00,9,13,0,7,5,1,0,4,2,2,4,2,32.016666666666666,636.0,3.0,6.38,32.5,0.4166666666666667,243.7956136034732,3.295243549553895,0.325,0.6269592476489029,3.4615384615384617
2020-12-19 10:00:00,10,17,0,6,10,1,0,7,6,2,8,2,33.016666666666666,222.0,4.0,10.08,42.5,0.4375,311.6156136034732,3.687581699346405,0.425,0.6944444444444444,3.294117647058824
2020-12-19 11:00:00,11,17,0,5,11,1,0,7,8,1,9,1,34.016666666666666,79.0,4.0,10.08,42.5,0.4435483870967742,329.7873068017366,3.621732026143791,0.425,0.6944444444444444,3.235294117647059
2020-12-19 12:00:00,12,20,0,4,15,1,0,9,9,1,10,1,35.016666666666666,109.0,4.0,10.08,50.0,0.525,355.2623068017366,4.387499999999999,0.5,0.8928571428571429,3.15
2020-12-19 13:00:00,13,20,0,4,14,2,0,9,9,1,10,1,36.016666666666666,124.0,4.0,10.08,50.0,0.5166666666666667,360.9023068017366,4.317857142857143,0.5,0.8928571428571429,3.1
2020-12-19 14:00:00,14,19,0,4,14,1,0,6,9,0,9,0,37.016666666666666,137.0,4.0,10.08,47.5,0.4838709677419355,350.129,3.3796992481203008,0.475,0.5952380952380952,3.1578947368421053
2020-12-19 15:00:00,15,20,0,3,16,0,1,10,6,0,6,0,38.016666666666666,159.0,4.0,10.08,50.0,0.4485294117647059,317.714,4.550793650793651,0.5,0.992063492063492,3.05
2020-12-19 16:00:00,16,14,0,3,10,1,0,6,3,0,3,0,39.016666666666666,107.0,4.0,10.08,35.0,0.2972972972972973,270.284,2.970748299319728,0.35,0.5952380952380952,3.142857142857143
2020-12-19 17:00:00,17,15,1,3,11,0,0,7,4,0,4,0,40.016666666666666,140.5,4.0,10.08,37.5,0.3472222222222222,291.469,3.564814814814815,0.375,0.6944444444444444,3.333333333333333
2020-12-19 18:00:00,18,10,1,0,9,0,0,4,2,0,2,0,4.983333333333333,128.0,4.0,10.08,25.0,0.2105263157894736,56.356,2.0698412698412696,0.25,0.3968253968253968,3.2
2020-12-19 19:00:00,19,10,0,1,9,0,0,5,2,0,2,0,5.983333333333333,98.5,4.0,10.08,25.0,0.2039473684210526,61.996,2.312698412698413,0.25,0.496031746031746,3.1
2020-12-19 20:00:00,20,20,0,5,14,1,0,14,5,0,5,0,6.983333333333333,54.0,4.0,11.46,50.0,0.4571428571428571,129.286,5.509249563699825,0.5,1.2216404886561951,3.2
2020-12-19 21:00:00,21,24,1,6,14,2,1,10,4,0,4,0,7.983333333333333,85.5,4.0,11.46,60.0,0.5277777777777778,130.106,4.663234438627108,0.6,0.8726003490401395,3.1666666666666665
2020-12-19 22:00:00,22,24,1,5,16,2,0,9,4,0,4,0,8.983333333333333,102.5,3.0,7.76,60.0,0.7129629629629629,135.74599999999998,5.646005154639176,0.6,1.1597938144329898,3.208333333333333
2020-12-19 23:00:00,23,22,2,4,15,1,0,8,4,0,4,0,9.983333333333333,109.5,3.0,7.76,55.00000000000001,0.6759259259259259,137.096,5.2458059981255865,0.55,1.0309278350515465,3.3181818181818183
2020-12-20 00:00:00,0,27,2,4,20,1,0,8,5,0,5,0,10.983333333333333,66.0,3.0,7.76,67.5,0.8380952380952381,166.861,5.560061092019855,0.675,1.0309278350515465,3.259259259259259
2020-12-20 01:00:00,1,23,2,6,14,1,0,3,6,0,6,0,11.983333333333333,112.5,3.0,7.76,57.49999999999999,0.7647058823529411,177.32100000000003,3.2610712684894665,0.575,0.3865979381443299,3.391304347826087
2020-12-20 02:00:00,2,28,2,6,19,1,0,6,7,0,7,0,12.983333333333333,159.0,3.0,7.76,70.0,0.9393939393939394,207.086,4.893114874815907,0.7,0.7731958762886598,3.321428571428572
2020-12-20 03:00:00,3,25,2,5,17,1,0,0,7,0,7,0,13.983333333333333,219.0,3.0,7.76,62.5,0.8383838383838383,206.291,2.075,0.625,0.0,3.32
2020-12-20 04:00:00,4,24,2,5,16,1,0,1,7,0,7,0,14.983333333333333,279.0,3.0,7.76,60.0,0.8080808080808081,209.786,2.429553264604811,0.6,0.1288659793814433,3.333333333333333
2020-12-20 05:00:00,5,27,2,6,18,1,0,4,9,0,9,0,15.983333333333333,314.0,3.0,7.76,67.5,0.967741935483871,248.661,3.968213058419245,0.675,0.5154639175257733,3.333333333333333
2020-12-20 06:00:00,6,28,1,7,19,1,0,4,10,0,10,0,16.983333333333334,345.0,3.0,7.76,70.0,1.022222222222222,269.846,3.993667157584684,0.7,0.5154639175257733,3.2857142857142856
2020-12-20 07:00:00,7,29,1,8,19,1,0,7,11,0,11,0,17.983333333333334,376.0,3.0,7.76,72.5,1.103448275862069,291.031,5.386135798080341,0.725,0.9020618556701032,3.310344827586207
2020-12-20 08:00:00,8,28,0,9,18,1,0,4,11,0,11,0,18.98333333333333,436.0,3.0,6.29,70.0,1.057471264367816,294.526,4.389484442425618,0.7,0.6359300476947536,3.2857142857142856
2020-12-20 09:00:00,9,21,0,4,15,2,0,5,6,0,6,0,19.98333333333333,151.0,3.0,6.29,52.5,0.6372549019607843,218.151,4.085443636914225,0.525,0.794912559618442,3.095238095238096
2020-12-20 10:00:00,10,25,0,5,19,1,0,8,8,1,9,1,20.98333333333333,89.0,4.0,9.55,62.5,0.6370967741935484,273.4393068017366,4.622120418848168,0.625,0.8376963350785339,3.16
2020-12-20 11:00:00,11,22,0,3,18,1,0,7,8,0,8,0,21.98333333333333,93.0,4.0,9.55,55.00000000000001,0.53125,258.37600000000003,3.965587815326035,0.55,0.7329842931937173,3.090909090909091
2020-12-20 12:00:00,12,31,0,5,22,4,0,19,6,0,6,0,22.98333333333333,216.0,4.0,9.55,77.5,0.6911764705882353,256.521,8.38276473568654,0.775,1.9895287958115184,3.032258064516129
2020-12-20 13:00:00,13,33,1,5,25,2,0,10,6,0,6,0,23.98333333333333,261.5,4.0,9.55,82.5,0.7647058823529411,266.451,5.900015865460891,0.825,1.0471204188481675,3.1515151515151514
2020-12-20 14:00:00,14,29,0,4,22,3,0,9,4,0,4,0,24.98333333333333,370.0,4.0,9.55,72.5,0.6111111111111112,236.711,5.059721971474995,0.725,0.9424083769633508,3.034482758620689
2020-12-20 15:00:00,15,35,0,3,31,1,0,12,4,1,5,1,25.98333333333333,67.0,4.0,9.55,87.5,0.7642857142857142,269.4893068017366,6.516436050860134,0.875,1.256544502617801,3.057142857142857
2020-12-20 16:00:00,16,36,1,5,28,2,0,15,7,0,7,0,26.98333333333333,35.0,4.0,9.55,90.0,0.8560606060606061,303.206,7.755191972076789,0.9,1.5706806282722512,3.138888888888889
2020-12-20 17:00:00,17,40,1,6,28,5,0,13,8,0,8,0,27.98333333333333,78.0,4.0,9.55,100.0,0.9609375,330.826,7.260863874345549,1.0,1.3612565445026177,3.075
2020-12-20 18:00:00,18,32,1,3,23,5,0,5,8,0,8,0,28.98333333333333,138.0,4.0,9.55,80.0,0.75,319.30600000000004,3.970680628272252,0.8,0.5235602094240838,3.0
2020-12-20 19:00:00,19,29,0,5,20,4,0,8,7,0,7,0,29.98333333333333,176.0,4.0,9.55,72.5,0.6666666666666666,305.111,4.741975085755551,0.725,0.8376963350785339,3.034482758620689
2020-12-20 20:00:00,20,25,1,5,15,4,0,6,6,2,8,2,30.98333333333333,168.0,4.0,9.89,62.5,0.609375,317.3076136034732,3.842821031344793,0.625,0.6066734074823054,3.12
2020-12-20 21:00:00,21,30,2,4,22,2,0,12,6,2,8,2,31.98333333333333,140.5,4.0,9.89,75.0,0.75,333.6726136034732,6.2827098078867545,0.75,1.2133468149646107,3.2
2020-12-20 22:00:00,22,29,1,2,23,3,0,11,5,0,5,0,32.983333333333334,236.0,3.0,6.63,72.5,0.8380952380952381,295.231,7.234586779008685,0.725,1.6591251885369531,3.034482758620689
2020-12-20 23:00:00,23,29,1,2,21,5,0,13,6,0,6,0,33.983333333333334,213.5,3.0,6.63,72.5,0.8431372549019608,314.271,7.964739688979041,0.725,1.9607843137254903,2.9655172413793105
2020-12-21 00:00:00,0,23,1,2,18,2,0,3,8,0,8,0,34.983333333333334,185.5,3.0,6.63,57.49999999999999,0.7395833333333334,333.841,3.171812905764312,0.575,0.4524886877828054,3.0869565217391304
2020-12-21 01:00:00,1,23,1,4,16,2,0,2,8,0,8,0,35.983333333333334,245.5,3.0,6.63,57.49999999999999,0.7604166666666666,339.481,2.782439832120139,0.575,0.3016591251885369,3.1739130434782608
2020-12-21 02:00:00,2,23,1,4,17,1,0,3,8,0,8,0,36.98333333333333,305.5,3.0,6.63,57.49999999999999,0.7708333333333334,345.121,3.305833169388156,0.575,0.4524886877828054,3.217391304347826
2020-12-21 03:00:00,3,21,1,4,14,2,0,4,8,0,8,0,37.98333333333333,365.5,3.0,6.63,52.5,0.6979166666666666,346.471,3.5998725131078078,0.525,0.6033182503770739,3.1904761904761907
2020-12-21 04:00:00,4,22,1,4,16,1,0,3,8,0,8,0,38.98333333333333,425.5,3.0,6.63,55.00000000000001,0.7395833333333334,354.256,3.235304401480872,0.55,0.4524886877828054,3.227272727272727
2020-12-21 05:00:00,5,21,1,4,15,1,0,2,9,0,9,0,39.98333333333333,480.0,3.0,6.63,52.5,0.7311827956989247,371.151,2.6768009768009766,0.525,0.3016591251885369,3.238095238095238
2020-12-21 06:00:00,6,21,1,4,15,1,0,4,9,0,9,0,40.98333333333333,540.0,3.0,6.63,52.5,0.7311827956989247,376.791,3.6536019536019535,0.525,0.6033182503770739,3.238095238095238
2020-12-21 07:00:00,7,20,1,3,14,2,0,2,9,0,9,0,41.98333333333333,600.0,3.0,6.63,50.0,0.6774193548387096,380.286,2.5252262443438918,0.5,0.3016591251885369,3.15
2020-12-21 08:00:00,8,17,1,2,13,1,0,2,10,0,10,0,42.98333333333333,617.0,3.0,6.68,42.5,0.6,392.891,2.30103909827404,0.425,0.2994011976047904,3.176470588235294
2020-12-21 09:00:00,9,16,0,3,12,1,0,5,9,0,9,0,37.75,590.0,3.0,6.68,40.0,0.5376344086021505,347.83000000000004,3.589071856287425,0.4,0.7485029940119761,3.125
2020-12-21 10:00:00,10,21,0,3,16,2,0,12,10,0,10,0,32.3,97.5,4.0,9.94,52.5,0.5333333333333333,341.217,5.279218166139696,0.525,1.2072434607645877,3.0476190476190474
2020-12-21 11:00:00,11,24,0,5,17,2,0,10,12,0,12,0,16.45,94.5,4.0,9.94,60.0,0.6696428571428571,285.058,5.018863179074447,0.6,1.006036217303823,3.125
2020-12-21 12:00:00,12,32,0,8,21,3,0,15,17,0,17,0,15.0,112.0,4.0,9.94,80.0,1.0978260869565215,361.04,7.287952716297787,0.8,1.5090543259557343,3.15625
2020-12-21 13:00:00,13,29,0,8,17,4,0,2,15,0,15,0,4.95,155.0,4.0,9.94,72.5,0.91,271.123,2.906374453618261,0.725,0.2012072434607646,3.1379310344827585
2020-12-21 14:00:00,14,29,0,9,17,3,0,7,17,0,17,0,5.95,193.0,4.0,9.94,72.5,1.0108695652173914,303.563,4.583377853326858,0.725,0.7042253521126761,3.206896551724138
2020-12-21 15:00:00,15,34,0,13,18,3,0,8,17,2,19,2,6.683333333333334,200.0,4.0,9.94,85.0,1.3333333333333333,346.96061360347323,5.451201325600663,0.85,0.8048289738430584,3.294117647058824
2020-12-21 16:00:00,16,33,0,13,19,1,0,7,16,2,18,2,7.683333333333334,193.0,4.0,9.94,82.5,1.2613636363636365,337.05561360347326,5.14375800256082,0.825,0.7042253521126761,3.363636363636364
2020-12-21 17:00:00,17,29,0,9,19,1,0,5,16,1,17,1,8.3,219.0,4.0,9.94,72.5,1.0326086956521738,317.68530680173666,4.022817942135572,0.725,0.5030181086519115,3.2758620689655173
2020-12-21 18:00:00,18,34,0,10,23,1,0,10,16,0,16,0,9.3,276.0,4.0,9.94,85.0,1.15625,319.782,6.059412356491893,0.85,1.006036217303823,3.264705882352941
2020-12-21 19:00:00,19,31,0,7,23,1,0,9,11,0,11,0,10.3,281.0,4.0,9.94,77.5,0.853448275862069,251.987,5.366542805218407,0.775,0.9054325955734408,3.193548387096774
2020-12-21 20:00:00,20,31,0,5,25,1,0,8,9,0,9,0,11.3,248.0,4.0,9.94,77.5,0.782258064516129,230.82700000000003,4.943335821379892,0.775,0.8048289738430584,3.129032258064516
2020-12-21 21:00:00,21,27,1,4,21,1,0,9,7,1,8,1,9.266666666666667,58.5,4.0,9.94,67.5,0.671875,198.2473068017366,5.033970489604293,0.675,0.9054325955734408,3.185185185185185
2020-12-21 22:00:00,22,29,1,4,23,1,0,8,7,1,8,1,10.266666666666667,73.5,3.0,6.68,72.5,0.9583333333333334,208.17730680173665,6.0992979558125135,0.725,1.1976047904191618,3.1724137931034484
2020-12-21 23:00:00,23,31,1,5,22,3,0,8,6,1,7,1,11.266666666666667,129.0,3.0,6.68,77.5,0.9797979797979798,204.70730680173665,6.172344021634151,0.775,1.1976047904191618,3.129032258064516
2020-12-22 00:00:00,0,33,2,4,23,4,0,8,7,0,7,0,12.266666666666667,182.0,3.0,6.68,82.5,1.0404040404040404,213.769,6.312978588277989,0.825,1.1976047904191618,3.121212121212121
2020-12-22 01:00:00,1,27,1,5,19,2,0,4,8,0,8,0,13.266666666666667,236.5,3.0,6.68,67.5,0.8958333333333334,219.939,4.057296518074962,0.675,0.5988023952095809,3.185185185185185
2020-12-22 02:00:00,2,24,1,7,14,2,0,5,7,1,8,1,14.266666666666667,296.5,3.0,6.68,60.0,0.8229166666666666,220.0123068017366,4.438822355289421,0.6,0.7485029940119761,3.2916666666666665
2020-12-22 03:00:00,3,25,1,8,14,2,0,3,7,1,8,1,15.266666666666667,356.5,3.0,6.68,62.5,0.8645833333333334,227.79730680173665,3.566017964071857,0.625,0.4491017964071856,3.32
2020-12-22 04:00:00,4,26,1,8,14,3,0,5,7,1,8,1,16.266666666666666,416.5,3.0,6.68,65.0,0.8854166666666666,235.5823068017366,4.572029018885306,0.65,0.7485029940119761,3.269230769230769
2020-12-22 05:00:00,5,25,1,7,14,3,0,1,7,0,7,0,17.266666666666666,482.0,3.0,6.68,62.5,0.8181818181818182,224.809,2.5100299401197605,0.625,0.1497005988023952,3.24
2020-12-22 06:00:00,6,24,1,7,13,3,0,2,7,1,8,1,18.266666666666666,536.5,3.0,6.68,60.0,0.8125,242.5723068017366,2.923053892215569,0.6,0.2994011976047904,3.25
2020-12-22 07:00:00,7,23,1,7,12,3,0,2,8,1,9,1,19.266666666666666,591.0,3.0,6.68,57.49999999999999,0.8064516129032258,259.46730680173664,2.851308253059099,0.575,0.2994011976047904,3.260869565217391
2020-12-22 08:00:00,8,26,1,8,14,3,0,3,10,2,12,2,20.266666666666666,531.0,3.0,7.73,65.0,1.011904761904762,312.6106136034732,3.393782963478953,0.65,0.3880983182406209,3.269230769230769
2020-12-22 09:00:00,9,28,1,8,14,5,0,7,8,3,11,3,21.266666666666666,186.0,3.0,7.73,70.0,1.0229885057471264,310.00892040520984,5.103395860284604,0.7,0.9055627425614488,3.1785714285714284
2020-12-22 10:00:00,10,25,0,6,14,5,0,6,6,2,8,2,22.266666666666666,128.0,4.0,11.19,62.5,0.59375,268.14561360347324,3.530026809651474,0.625,0.5361930294906165,3.04
2020-12-22 11:00:00,11,21,0,6,12,3,0,3,6,1,7,1,23.266666666666666,185.0,4.0,11.19,52.5,0.5,250.9373068017366,2.4925890463423976,0.525,0.2680965147453082,3.142857142857143
2020-12-22 12:00:00,12,18,0,4,13,1,0,8,8,1,9,1,24.266666666666666,112.0,4.0,11.19,45.0,0.4596774193548387,276.9423068017366,3.688926124515936,0.45,0.714924039320822,3.1666666666666665
2020-12-22 13:00:00,13,25,0,5,19,1,0,8,10,1,11,1,25.266666666666666,113.0,4.0,11.19,62.5,0.6810344827586207,324.3973068017366,4.234159964253798,0.625,0.714924039320822,3.16
2020-12-22 14:00:00,14,26,0,4,22,0,0,5,9,2,11,2,26.266666666666666,137.0,4.0,11.19,65.0,0.7068965517241379,333.0506136034732,3.4592252698150823,0.65,0.4468275245755138,3.1538461538461537
2020-12-22 15:00:00,15,30,0,7,23,0,0,10,9,2,11,2,27.266666666666666,106.0,4.0,11.19,75.0,0.8362068965517241,347.27061360347324,5.314484658921656,0.75,0.8936550491510276,3.2333333333333334
2020-12-22 16:00:00,16,34,0,8,25,1,0,7,10,2,12,2,28.266666666666666,105.0,4.0,11.19,85.0,0.9732142857142856,374.8906136034732,4.730467066183041,0.85,0.6255585344057193,3.2058823529411766
2020-12-22 17:00:00,17,36,1,12,23,0,0,9,11,3,14,3,29.266666666666666,157.0,4.0,11.19,90.0,1.1730769230769231,412.4889204052098,5.775647899910634,0.9,0.8042895442359248,3.388888888888889
2020-12-22 18:00:00,18,32,1,13,18,0,0,8,13,3,16,3,30.266666666666666,210.5,4.0,11.19,80.0,1.15625,436.3489204052098,5.254892761394101,0.8,0.714924039320822,3.46875
2020-12-22 19:00:00,19,23,1,8,14,0,0,5,9,2,11,2,31.266666666666666,235.0,4.0,11.19,57.49999999999999,0.6810344827586207,354.81561360347325,3.509755410498504,0.575,0.4468275245755138,3.4347826086956523
2020-12-22 20:00:00,20,18,1,6,11,0,0,5,8,2,10,2,14.1,314.0,4.0,11.44,45.0,0.5166666666666667,233.8706136034732,3.055439005439005,0.45,0.4370629370629371,3.4444444444444446
2020-12-22 21:00:00,21,18,0,8,9,1,0,6,7,1,8,1,15.1,374.0,4.0,11.44,45.0,0.4765625,211.8423068017366,3.3023892773892776,0.45,0.5244755244755245,3.388888888888889
2020-12-22 22:00:00,22,18,1,6,9,2,0,6,7,1,8,1,16.1,354.0,3.0,7.979999999999999,45.0,0.625,217.48230680173663,4.006265664160401,0.45,0.7518796992481204,3.333333333333333
2020-12-22 23:00:00,23,19,2,4,12,1,0,8,5,1,6,1,17.1,495.5,3.0,7.979999999999999,47.5,0.6274509803921569,198.46730680173664,4.976863210658224,0.475,1.0025062656641606,3.3684210526315788
2020-12-23 00:00:00,0,11,1,2,7,1,0,3,4,1,5,1,18.1,535.0,3.0,7.979999999999999,27.500000000000004,0.3428571428571428,173.54730680173662,2.1303485987696518,0.275,0.3759398496240602,3.272727272727273
2020-12-23 01:00:00,1,11,1,1,8,1,0,3,4,1,5,1,19.1,595.0,3.0,7.979999999999999,27.500000000000004,0.3333333333333333,179.1873068017366,2.071172248803828,0.275,0.3759398496240602,3.1818181818181817
2020-12-23 02:00:00,2,16,2,1,12,1,0,5,7,1,8,1,20.1,256.5,3.0,7.979999999999999,40.0,0.5416666666666666,235.75230680173664,3.3363408521303266,0.4,0.6265664160401003,3.25
2020-12-23 03:00:00,3,15,2,1,11,1,0,3,8,1,9,1,21.1,303.0,3.0,7.979999999999999,37.5,0.5268817204301075,252.64730680173665,2.453070175438597,0.375,0.3759398496240602,3.2666666666666666
2020-12-23 04:00:00,4,15,3,1,10,1,0,1,8,1,9,1,22.1,363.0,3.0,7.979999999999999,37.5,0.5483870967741935,258.28730680173663,1.7010651629072682,0.375,0.12531328320802,3.4
2020-12-23 05:00:00,5,17,3,1,12,1,0,2,8,2,10,2,23.1,329.5,3.0,7.979999999999999,42.5,0.6333333333333333,282.4856136034732,2.265336134453781,0.425,0.2506265664160401,3.3529411764705883
2020-12-23 06:00:00,6,17,3,2,11,1,0,1,8,3,11,3,24.1,296.0,3.0,7.979999999999999,42.5,0.6666666666666666,302.3939204052099,1.8775394368273624,0.425,0.12531328320802,3.411764705882353
2020-12-23 07:00:00,7,19,3,2,13,1,0,2,8,3,11,3,25.1,356.0,3.0,7.979999999999999,47.5,0.735632183908046,312.32392040520983,2.4442158026645564,0.475,0.2506265664160401,3.3684210526315788
2020-12-23 08:00:00,8,16,2,1,12,1,0,1,8,2,10,2,26.1,509.5,3.0,6.74,40.0,0.5777777777777777,297.26061360347325,1.7821958456973297,0.4,0.1483679525222551,3.25
2020-12-23 09:00:00,9,12,0,1,10,1,0,3,5,2,7,2,27.1,663.0,3.0,6.74,30.0,0.3636363636363636,254.1206136034732,2.235311572700297,0.3,0.4451038575667655,3.0
2020-12-23 10:00:00,10,16,0,2,13,1,0,6,5,2,7,2,28.1,515.0,4.0,10.2,40.0,0.3712121212121212,268.34061360347323,3.026470588235294,0.4,0.5882352941176471,3.0625
2020-12-23 11:00:00,11,13,0,4,8,1,0,3,5,1,6,1,29.1,682.5,4.0,10.2,32.5,0.3088235294117647,253.2773068017366,2.0002262443438914,0.325,0.2941176470588235,3.230769230769231
2020-12-23 12:00:00,12,16,1,7,8,0,0,8,8,1,9,1,30.1,119.0,4.0,10.2,40.0,0.4596774193548387,305.5523068017366,4.219117647058824,0.4,0.7843137254901962,3.5625
2020-12-23 13:00:00,13,17,2,6,9,0,0,5,7,3,10,3,31.1,112.5,4.0,10.2,42.5,0.5083333333333333,328.4739204052098,3.283938869665514,0.425,0.4901960784313726,3.588235294117647
2020-12-23 14:00:00,14,19,1,7,11,0,0,9,7,4,11,4,32.1,130.0,4.0,10.2,47.5,0.5689655172413793,352.67222720694645,4.715015479876161,0.475,0.8823529411764707,3.473684210526316
2020-12-23 15:00:00,15,21,1,8,12,0,0,6,6,4,10,4,33.1,170.5,4.0,10.2,52.5,0.6083333333333333,349.2022272069464,3.869817927170869,0.525,0.5882352941176471,3.4761904761904763
2020-12-23 16:00:00,16,20,0,8,12,0,0,8,5,2,7,2,6.416666666666667,129.0,4.0,10.2,50.0,0.5151515151515151,154.62661360347323,4.366666666666667,0.5,0.7843137254901962,3.4
2020-12-23 17:00:00,17,23,0,9,14,0,0,5,6,3,9,3,7.416666666666667,183.0,4.0,10.2,57.49999999999999,0.6290322580645161,194.36992040520985,3.6124040920716114,0.575,0.4901960784313726,3.391304347826087
2020-12-23 18:00:00,18,21,0,7,14,0,0,7,7,3,10,3,8.416666666666666,222.0,4.0,10.2,52.5,0.5833333333333334,209.11992040520985,4.037581699346406,0.525,0.6862745098039216,3.333333333333333
2020-12-23 19:00:00,19,23,0,8,13,2,0,8,9,3,12,3,7.8,213.5,4.0,10.2,57.49999999999999,0.6696428571428571,236.73192040520985,4.432544757033248,0.575,0.7843137254901962,3.260869565217391
2020-12-23 20:00:00,20,16,0,5,10,1,0,6,8,0,8,0,8.166666666666666,134.5,4.0,11.5,40.0,0.40625,167.58,2.995652173913044,0.4,0.5217391304347826,3.25
2020-12-23 21:00:00,21,22,0,4,16,1,1,9,10,1,11,1,7.05,106.0,4.0,11.5,55.00000000000001,0.5775862068965517,215.22030680173663,4.058399209486167,0.55,0.782608695652174,3.0454545454545454
2020-12-23 22:00:00,22,18,0,4,13,0,1,3,7,1,8,1,6.483333333333333,137.5,3.0,8.04,45.0,0.5833333333333334,163.24430680173663,2.5608623548922056,0.45,0.373134328358209,3.111111111111111
2020-12-23 23:00:00,23,21,0,4,16,0,1,10,7,0,7,0,7.483333333333333,169.0,3.0,8.04,52.5,0.6565656565656566,161.051,5.47479862591803,0.525,1.2437810945273633,3.095238095238096
2020-12-24 00:00:00,0,17,0,4,12,0,1,3,6,0,6,0,8.483333333333333,216.5,3.0,8.04,42.5,0.5196078431372549,144.711,2.4883011413520637,0.425,0.373134328358209,3.117647058823529
2020-12-24 01:00:00,1,23,0,5,17,0,1,11,6,0,6,0,9.483333333333333,276.5,3.0,8.04,57.49999999999999,0.7058823529411765,163.221,6.082933160285529,0.575,1.3681592039800996,3.130434782608696
2020-12-24 02:00:00,2,22,0,5,16,0,1,4,6,0,6,0,10.483333333333333,336.5,3.0,8.04,55.00000000000001,0.6764705882352942,166.716,3.2853799185888746,0.55,0.4975124378109453,3.136363636363636
2020-12-24 03:00:00,3,18,1,5,11,0,1,2,7,0,7,0,11.483333333333333,384.0,3.0,8.04,45.0,0.5959595959595959,177.176,2.290367606412383,0.45,0.2487562189054726,3.2777777777777777
2020-12-24 04:00:00,4,16,1,4,10,0,1,3,7,0,7,0,12.483333333333333,444.0,3.0,8.04,40.0,0.5252525252525253,178.526,2.51268656716418,0.4,0.373134328358209,3.25
2020-12-24 05:00:00,5,17,1,4,11,0,1,3,7,0,7,0,13.483333333333333,504.0,3.0,8.04,42.5,0.5555555555555556,186.311,2.5821992976295,0.425,0.373134328358209,3.235294117647059
2020-12-24 06:00:00,6,18,1,5,11,0,1,1,7,0,7,0,14.483333333333333,564.0,3.0,8.04,45.0,0.5959595959595959,194.096,1.8826838032061917,0.45,0.1243781094527363,3.2777777777777777
2020-12-24 07:00:00,7,16,1,4,10,0,1,1,7,0,7,0,15.483333333333333,624.0,3.0,8.04,40.0,0.5252525252525253,195.446,1.7042288557213932,0.4,0.1243781094527363,3.25
2020-12-24 08:00:00,8,22,1,4,16,0,1,6,9,0,9,0,16.483333333333334,680.0,3.0,6.68,55.00000000000001,0.7526881720430108,240.75600000000003,4.607920522591181,0.55,0.8982035928143713,3.1818181818181817
2020-12-24 09:00:00,9,24,1,3,18,1,1,7,8,0,8,0,17.483333333333334,253.0,3.0,6.68,60.0,0.7708333333333334,237.286,5.081037924151697,0.6,1.0479041916167666,3.083333333333333
2020-12-24 10:00:00,10,28,2,4,19,2,1,9,13,0,13,0,18.48333333333333,78.0,4.0,10.02,70.0,0.8148148148148148,318.50600000000003,5.022925577416595,0.7,0.8982035928143713,3.142857142857143
2020-12-24 11:00:00,11,26,1,3,21,1,0,4,14,0,14,0,19.48333333333333,122.5,4.0,10.02,65.0,0.7884615384615384,333.256,3.3090204206970677,0.65,0.3992015968063872,3.1538461538461537
2020-12-24 12:00:00,12,24,2,2,17,2,1,5,13,0,13,0,15.816666666666666,174.0,4.0,10.02,60.0,0.6851851851851852,294.886,3.3885894876912843,0.6,0.499001996007984,3.083333333333333
2020-12-24 13:00:00,13,26,2,3,17,2,2,7,12,0,12,0,12.2,183.0,4.0,10.02,65.0,0.7053571428571429,265.37800000000004,4.097677721480117,0.65,0.6986027944111777,3.0384615384615383
2020-12-24 14:00:00,14,24,2,2,18,1,1,3,12,0,12,0,13.2,243.0,4.0,10.02,60.0,0.6696428571428571,266.728,2.81062874251497,0.6,0.2994011976047904,3.125
2020-12-24 15:00:00,15,26,1,1,19,3,2,8,9,0,9,0,14.2,354.0,4.0,10.02,65.0,0.5967741935483871,236.458,4.122378320282513,0.65,0.7984031936127745,2.8461538461538463
2020-12-24 16:00:00,16,22,0,1,18,1,2,6,9,0,9,0,8.733333333333333,360.0,4.0,10.02,55.00000000000001,0.5,197.046,3.2375340228633647,0.55,0.5988023952095809,2.8181818181818183
2020-12-24 17:00:00,17,26,0,0,24,0,2,11,10,0,10,0,8.9,398.5,4.0,10.02,65.0,0.6166666666666667,219.966,4.974520190388454,0.65,1.097804391217565,2.8461538461538463
2020-12-24 18:00:00,18,24,1,1,21,0,1,5,9,1,10,1,9.9,291.5,4.0,10.02,60.0,0.6083333333333333,222.18430680173665,3.3427977378576177,0.6,0.499001996007984,3.0416666666666665
2020-12-24 19:00:00,19,20,1,1,18,0,0,3,6,1,7,1,10.9,134.0,4.0,10.02,50.0,0.4772727272727273,179.0443068017366,2.5181137724550897,0.5,0.2994011976047904,3.15
2020-12-24 20:00:00,20,18,1,1,15,1,0,7,7,0,7,0,11.9,188.0,4.0,11.1,45.0,0.4242424242424242,179.526,3.361961961961962,0.45,0.6306306306306306,3.111111111111111
2020-12-24 21:00:00,21,21,1,2,18,0,0,11,7,2,9,2,12.183333333333334,95.0,4.0,11.1,52.5,0.5403225806451613,216.09561360347325,4.836733161733162,0.525,0.990990990990991,3.1904761904761907
2020-12-24 22:00:00,22,20,2,0,16,2,0,7,6,1,7,1,13.183333333333334,118.0,3.0,7.76,50.0,0.6262626262626263,191.92230680173665,4.346391752577319,0.5,0.9020618556701032,3.1
2020-12-24 23:00:00,23,15,1,0,13,1,0,3,5,0,5,0,14.183333333333334,148.0,3.0,7.76,37.5,0.4380952380952381,159.16899999999998,2.3355670103092785,0.375,0.3865979381443299,3.066666666666667
2020-12-25 00:00:00,0,14,1,0,12,1,0,6,4,0,4,0,15.183333333333334,201.0,3.0,7.76,35.0,0.3981481481481481,149.264,3.449815905743741,0.35,0.7731958762886598,3.071428571428572
2020-12-25 01:00:00,1,23,2,2,18,1,0,9,7,1,8,1,16.183333333333334,131.5,3.0,7.76,57.49999999999999,0.7708333333333334,228.67730680173665,5.581510533393097,0.575,1.1597938144329898,3.217391304347826
2020-12-25 02:00:00,2,18,2,1,13,2,0,3,7,1,8,1,17.183333333333334,191.5,3.0,7.76,45.0,0.59375,223.59230680173664,2.6492268041237117,0.45,0.3865979381443299,3.1666666666666665
2020-12-25 03:00:00,3,19,1,1,15,2,0,5,7,0,7,0,18.183333333333334,338.0,3.0,7.76,47.5,0.5858585858585859,217.109,3.4169017905588714,0.475,0.6443298969072165,3.0526315789473686
2020-12-25 04:00:00,4,18,1,3,13,1,0,4,8,0,8,0,19.183333333333334,311.5,3.0,7.76,45.0,0.6041666666666666,234.004,3.1109392898052697,0.45,0.5154639175257733,3.2222222222222223
2020-12-25 05:00:00,5,19,2,3,13,1,0,4,8,0,8,0,20.183333333333334,371.5,3.0,7.76,47.5,0.65625,241.789,3.284169831795985,0.475,0.5154639175257733,3.3157894736842106
2020-12-25 06:00:00,6,17,2,2,12,1,0,2,8,0,8,0,21.183333333333334,431.5,3.0,7.76,42.5,0.5833333333333334,243.139,2.2489993935718617,0.425,0.2577319587628866,3.294117647058824
2020-12-25 07:00:00,7,21,2,2,16,1,0,4,8,0,8,0,22.183333333333334,491.5,3.0,7.76,52.5,0.7083333333333334,257.359,3.369121256750123,0.525,0.5154639175257733,3.238095238095238
2020-12-25 08:00:00,8,21,2,1,18,0,0,3,8,0,8,0,23.183333333333334,551.5,3.0,6.63,52.5,0.7083333333333334,262.999,3.165201465201465,0.525,0.4524886877828054,3.238095238095238
2020-12-25 09:00:00,9,19,2,1,16,0,0,5,7,0,7,0,24.183333333333334,525.0,3.0,6.63,47.5,0.6262626262626263,250.949,4.01090338969596,0.475,0.7541478129713424,3.263157894736842
2020-12-25 10:00:00,10,24,3,0,21,0,0,7,6,1,7,1,25.183333333333334,554.0,4.0,9.97,60.0,0.5909090909090909,268.1823068017366,4.231845536609829,0.6,0.7021063189568707,3.25
2020-12-25 11:00:00,11,22,3,1,18,0,0,5,7,2,9,2,26.183333333333334,143.0,4.0,9.97,55.00000000000001,0.5887096774193549,297.20061360347324,3.4890831585666096,0.55,0.501504513540622,3.3181818181818183
2020-12-25 12:00:00,12,25,3,2,20,0,0,6,7,2,9,2,27.183333333333334,154.0,4.0,9.97,62.5,0.6693548387096774,309.27561360347323,4.072993981945838,0.625,0.6018054162487463,3.32
2020-12-25 13:00:00,13,23,3,2,18,0,0,2,6,2,8,2,28.183333333333334,195.0,4.0,9.97,57.49999999999999,0.6015625,297.2256136034732,2.596579957263094,0.575,0.2006018054162487,3.347826086956522
2020-12-25 14:00:00,14,28,3,2,23,0,0,10,6,3,9,3,22.633333333333333,209.0,4.0,9.97,70.0,0.7419354838709677,290.9169204052098,5.59560108898123,0.7,1.003009027081244,3.2857142857142856
2020-12-25 15:00:00,15,24,2,2,20,0,0,5,5,3,8,3,23.633333333333333,164.5,4.0,9.97,60.0,0.609375,274.5769204052099,3.579889669007021,0.6,0.501504513540622,3.25
2020-12-25 16:00:00,16,21,1,1,19,0,0,5,5,2,7,2,24.633333333333333,125.0,4.0,9.97,52.5,0.5,259.51361360347323,3.226157042556241,0.525,0.501504513540622,3.142857142857143
2020-12-25 17:00:00,17,22,1,2,19,0,0,3,5,1,6,1,25.633333333333333,114.0,4.0,9.97,55.00000000000001,0.5147058823529411,253.03030680173663,2.70741770766846,0.55,0.3009027081243731,3.1818181818181817
2020-12-25 18:00:00,18,21,0,5,15,1,0,7,7,2,9,2,26.633333333333333,61.0,4.0,9.97,52.5,0.5403225806451613,297.5936136034732,3.9150534938147774,0.525,0.7021063189568707,3.1904761904761907
2020-12-25 19:00:00,19,21,0,5,16,0,0,7,7,1,8,1,27.633333333333333,102.0,4.0,9.97,52.5,0.53125,288.9653068017366,3.97348712805082,0.525,0.7021063189568707,3.238095238095238
2020-12-25 20:00:00,20,19,0,6,12,1,0,6,6,0,6,0,28.633333333333333,160.5,4.0,10.8,47.5,0.4558823529411764,262.647,3.362865497076023,0.475,0.5555555555555555,3.263157894736842
2020-12-25 21:00:00,21,17,0,5,11,0,1,6,4,0,4,0,29.633333333333333,151.5,4.0,10.8,42.5,0.375,237.197,3.1147058823529403,0.425,0.5555555555555555,3.176470588235294
2020-12-25 22:00:00,22,15,0,4,10,0,1,5,3,1,4,1,30.633333333333333,170.0,3.0,7.46,37.5,0.4351851851851852,239.41530680173665,3.275089365504915,0.375,0.6702412868632708,3.1333333333333333
2020-12-25 23:00:00,23,13,0,4,8,0,1,5,5,1,6,1,26.0,88.5,3.0,7.46,32.5,0.4019607843137255,235.7933068017366,3.138837904722623,0.325,0.6702412868632708,3.1538461538461537
2020-12-26 00:00:00,0,16,0,4,11,0,1,6,6,0,6,0,27.0,118.5,3.0,7.46,40.0,0.4901960784313725,247.0,3.7634048257372656,0.4,0.8042895442359249,3.125
2020-12-26 01:00:00,1,17,0,4,12,0,1,3,7,0,7,0,28.0,159.0,3.0,7.46,42.5,0.5353535353535354,268.18499999999995,2.578745466014824,0.425,0.4021447721179624,3.117647058823529
2020-12-26 02:00:00,2,20,0,4,15,0,1,6,8,0,8,0,29.0,217.0,3.0,7.46,50.0,0.6458333333333334,293.66,4.043297587131367,0.5,0.8042895442359249,3.1
2020-12-26 03:00:00,3,18,0,4,13,0,1,1,9,0,9,0,30.0,275.0,3.0,7.46,45.0,0.6021505376344086,308.41,1.8170390229371465,0.45,0.1340482573726541,3.111111111111111
2020-12-26 04:00:00,4,16,0,4,11,0,1,1,9,0,9,0,31.0,335.0,3.0,7.46,40.0,0.5376344086021505,309.76,1.668900804289544,0.4,0.1340482573726541,3.125
2020-12-26 05:00:00,5,18,1,4,12,0,1,2,9,0,9,0,32.0,395.0,3.0,7.46,45.0,0.6236559139784946,319.69,2.31386654751266,0.45,0.2680965147453083,3.2222222222222223
2020-12-26 06:00:00,6,17,0,4,12,0,1,2,9,1,10,1,33.0,423.5,3.0,7.46,42.5,0.5888888888888889,337.45330680173663,2.1608303106765496,0.425,0.2680965147453083,3.117647058823529
2020-12-26 07:00:00,7,21,0,4,16,0,1,5,11,1,12,1,34.0,429.5,3.0,7.46,52.5,0.7738095238095238,378.4733068017366,3.6995563641006,0.525,0.6702412868632708,3.095238095238096
2020-12-26 08:00:00,8,22,0,4,17,0,1,5,13,0,13,0,35.0,467.0,3.0,6.68,55.00000000000001,0.8395061728395061,398.79,4.01355470876429,0.55,0.7485029940119761,3.090909090909091
2020-12-26 09:00:00,9,21,0,3,16,2,0,6,10,0,10,0,36.0,549.5,3.0,6.68,52.5,0.7111111111111111,362.085,4.337382378100941,0.525,0.8982035928143713,3.0476190476190474
2020-12-26 10:00:00,10,24,0,4,17,3,0,7,12,0,12,0,37.0,177.0,4.0,10.38,60.0,0.6517857142857143,400.96,3.876220295439949,0.6,0.674373795761079,3.0416666666666665
2020-12-26 11:00:00,11,28,0,5,22,1,0,9,15,0,15,0,38.0,141.0,4.0,10.38,70.0,0.88,455.38,4.925020644095789,0.7,0.8670520231213874,3.142857142857143
2020-12-26 12:00:00,12,32,0,5,24,3,0,10,16,0,16,0,39.0,142.0,4.0,10.38,80.0,1.0208333333333333,483.0,5.400385356454721,0.8,0.9633911368015416,3.0625
2020-12-26 13:00:00,13,27,0,2,22,3,0,1,13,0,13,0,40.0,146.0,4.0,10.38,67.5,0.7407407407407407,437.715,2.285449225718976,0.675,0.0963391136801541,2.962962962962963
2020-12-26 14:00:00,14,29,0,3,22,4,0,7,15,0,15,0,41.0,192.0,4.0,10.38,72.5,0.86,474.445,4.14986711846389,0.725,0.674373795761079,2.9655172413793105
2020-12-26 15:00:00,15,27,0,6,18,3,0,10,15,1,16,1,42.0,221.5,4.0,10.38,67.5,0.875,490.06330680173664,5.09721687004924,0.675,0.9633911368015416,3.111111111111111
2020-12-26 16:00:00,16,22,0,5,14,3,0,3,12,1,13,1,43.0,278.0,4.0,10.38,55.00000000000001,0.6296296296296297,444.7783068017366,2.5933263268523383,0.55,0.2890173410404624,3.090909090909091
2020-12-26 17:00:00,17,19,1,3,13,2,0,3,11,0,11,0,44.0,204.0,4.0,10.38,47.5,0.5172413793103449,416.315,2.4126863401277765,0.475,0.2890173410404624,3.1578947368421053
2020-12-26 18:00:00,18,27,2,4,17,4,0,10,13,0,13,0,45.0,245.0,4.0,10.38,67.5,0.7870370370370371,465.915,5.157898023264113,0.675,0.9633911368015416,3.1481481481481484
2020-12-26 19:00:00,19,25,2,8,13,2,0,10,9,0,9,0,46.0,249.0,4.0,10.38,62.5,0.6854838709677419,413.665,5.400529865125241,0.625,0.9633911368015416,3.4
2020-12-26 20:00:00,20,26,1,9,13,3,0,7,7,0,7,0,47.0,309.0,4.0,11.58,65.0,0.6515151515151515,394.65,4.149468579779461,0.65,0.6044905008635578,3.3076923076923075
2020-12-26 21:00:00,21,31,1,11,18,1,0,11,9,0,9,0,48.0,219.0,4.0,11.58,77.5,0.8467741935483871,437.815,5.842449440080228,0.775,0.9499136442141624,3.3870967741935485
2020-12-26 22:00:00,22,20,1,7,12,0,0,3,4,0,4,0,49.0,354.0,3.0,7.88,50.0,0.6388888888888888,352.86,3.0384517766497465,0.5,0.3807106598984772,3.45
2020-12-26 23:00:00,23,24,2,6,16,0,0,10,6,0,6,0,50.0,241.5,3.0,7.88,60.0,0.803921568627451,393.88,6.385871404399324,0.6,1.269035532994924,3.4166666666666665
2020-12-27 00:00:00,0,19,2,4,13,0,0,5,7,0,7,0,51.0,204.0,3.0,7.88,47.5,0.6565656565656566,402.195,3.795718674859738,0.475,0.6345177664974619,3.421052631578948
2020-12-27 01:00:00,1,18,2,4,12,0,0,2,7,0,7,0,52.0,264.0,3.0,7.88,45.0,0.6262626262626263,405.69,2.4242244782853923,0.45,0.2538071065989847,3.4444444444444446
2020-12-27 02:00:00,2,15,2,4,8,1,0,4,7,0,7,0,53.0,324.0,3.0,7.88,37.5,0.5252525252525253,404.895,3.059729272419628,0.375,0.5076142131979695,3.466666666666667
2020-12-27 03:00:00,3,17,2,4,10,1,0,5,9,1,10,1,54.0,274.0,3.0,7.88,42.5,0.6444444444444445,455.8933068017366,3.614825320991341,0.425,0.6345177664974619,3.411764705882353
2020-12-27 04:00:00,4,18,2,4,11,1,0,2,8,1,9,1,55.0,337.0,3.0,7.88,45.0,0.6559139784946236,450.2783068017366,2.385124083474337,0.45,0.2538071065989847,3.388888888888889
2020-12-27 05:00:00,5,16,2,2,11,1,0,3,8,0,8,0,56.0,450.5,3.0,7.88,40.0,0.5520833333333334,437.36,2.586104060913706,0.4,0.3807106598984772,3.3125
2020-12-27 06:00:00,6,20,2,5,12,1,0,6,10,0,10,0,57.0,454.0,3.0,7.88,50.0,0.7555555555555555,478.38,4.288832487309644,0.5,0.7614213197969544,3.4
2020-12-27 07:00:00,7,18,2,5,10,1,0,1,10,0,10,0,58.0,514.0,3.0,7.88,45.0,0.6888888888888889,479.73,1.987112239142696,0.45,0.1269035532994923,3.4444444444444446
2020-12-27 08:00:00,8,19,2,5,11,1,0,4,11,0,11,0,59.0,571.0,3.0,6.66,47.5,0.7471264367816092,500.915,3.679686265212581,0.475,0.6006006006006006,3.421052631578948
2020-12-27 09:00:00,9,20,2,5,12,1,0,6,11,0,11,0,60.0,365.0,3.0,6.66,50.0,0.7816091954022989,508.7000000000001,4.763063063063063,0.5,0.9009009009009008,3.4
2020-12-27 10:00:00,10,21,2,6,12,1,0,8,11,0,11,0,61.0,159.0,4.0,10.0,52.5,0.6206896551724138,516.4849999999999,4.542857142857144,0.525,0.8,3.4285714285714284
2020-12-27 11:00:00,11,25,2,9,12,2,0,10,10,1,11,1,62.0,116.0,4.0,10.0,62.5,0.7413793103448276,531.5733068017366,5.59,0.625,1.0,3.44
2020-12-27 12:00:00,12,23,2,6,14,1,0,10,7,1,8,1,63.0,103.5,4.0,10.0,57.49999999999999,0.609375,492.7233068017366,5.341304347826087,0.575,1.0,3.391304347826087
2020-12-27 13:00:00,13,26,2,5,18,1,0,9,7,2,9,2,64.0,133.0,4.0,10.0,65.0,0.6935483870967742,519.0666136034732,5.1269230769230765,0.65,0.9,3.3076923076923075
2020-12-27 14:00:00,14,27,2,8,16,1,0,9,7,2,9,2,19.4,183.0,4.0,10.0,67.5,0.7419354838709677,269.6676136034732,5.366666666666667,0.675,0.9,3.4074074074074074
2020-12-27 15:00:00,15,22,0,6,16,0,0,6,5,1,6,1,20.4,226.0,4.0,10.0,55.00000000000001,0.5294117647058824,223.5143068017366,3.763636363636364,0.55,0.6,3.272727272727273
2020-12-27 16:00:00,16,21,0,6,15,0,0,12,4,2,6,2,9.116666666666667,98.0,4.0,10.0,52.5,0.5073529411764706,158.59961360347324,5.667857142857143,0.525,1.2,3.2857142857142856
2020-12-27 17:00:00,17,24,0,7,15,2,0,12,5,2,7,2,10.116666666666667,112.0,4.0,10.0,60.0,0.5833333333333334,184.0746136034732,5.775,0.6,1.2,3.208333333333333
2020-12-27 18:00:00,18,16,0,6,10,0,0,5,4,1,5,1,7.45,172.0,4.0,10.0,40.0,0.3857142857142857,124.20630680173662,3.0375,0.4,0.5,3.375
2020-12-27 19:00:00,19,19,0,7,12,0,0,11,6,1,7,1,8.45,173.0,4.0,10.0,47.5,0.4848484848484848,163.0813068017366,5.305263157894737,0.475,1.1,3.3684210526315788
2020-12-27 20:00:00,20,21,0,7,14,0,0,11,5,1,6,1,6.866666666666666,85.0,4.0,9.72,52.5,0.5147058823529411,145.0413068017366,5.522290809327847,0.525,1.131687242798354,3.333333333333333
2020-12-27 21:00:00,21,17,0,4,13,0,0,8,2,1,3,1,7.866666666666666,119.0,4.0,9.72,42.5,0.3716216216216216,101.9013068017366,4.037793512466715,0.425,0.8230452674897121,3.235294117647059
2020-12-27 22:00:00,22,16,0,1,15,0,0,6,2,0,2,0,8.866666666666667,107.0,3.0,6.38,40.0,0.4298245614035088,91.128,4.105094043887148,0.4,0.9404388714733544,3.0625
2020-12-27 23:00:00,23,16,0,2,14,0,0,8,2,0,2,0,9.866666666666667,167.0,3.0,6.38,40.0,0.4385964912280701,96.768,5.168495297805643,0.4,1.2539184952978055,3.125
2020-12-28 00:00:00,0,12,0,1,10,1,0,6,3,0,3,0,10.866666666666667,122.0,3.0,6.38,30.0,0.3243243243243243,107.228,3.721316614420063,0.3,0.9404388714733544,3.0
2020-12-28 01:00:00,1,11,0,1,10,0,0,3,4,0,4,0,11.866666666666667,147.5,3.0,6.38,27.500000000000004,0.3148148148148148,124.123,2.3034055286406385,0.275,0.4702194357366771,3.090909090909091
2020-12-28 02:00:00,2,15,0,2,13,0,0,6,5,0,5,0,12.866666666666667,173.0,3.0,6.38,37.5,0.4476190476190476,151.743,4.121708463949843,0.375,0.9404388714733544,3.1333333333333333
2020-12-28 03:00:00,3,14,0,2,12,0,0,1,5,0,5,0,13.866666666666667,233.0,3.0,6.38,35.0,0.419047619047619,155.238,1.5926108374384236,0.35,0.1567398119122257,3.142857142857143
2020-12-28 04:00:00,4,16,0,4,12,0,0,4,7,0,7,0,14.866666666666667,200.0,3.0,6.38,40.0,0.5252525252525253,191.968,3.337617554858934,0.4,0.6269592476489029,3.25
2020-12-28 05:00:00,5,14,0,3,11,0,0,2,7,0,7,0,15.866666666666667,260.0,3.0,6.38,35.0,0.4545454545454545,193.318,2.132613076578594,0.35,0.3134796238244514,3.2142857142857144
2020-12-28 06:00:00,6,14,0,1,13,0,0,3,8,0,8,0,16.866666666666667,309.5,3.0,6.38,35.0,0.4479166666666667,212.358,2.519245409762651,0.35,0.4702194357366771,3.071428571428572
2020-12-28 07:00:00,7,14,0,2,12,0,0,1,9,0,9,0,17.866666666666667,359.0,3.0,6.38,35.0,0.4731182795698925,231.398,1.5926108374384236,0.35,0.1567398119122257,3.142857142857143
2020-12-28 08:00:00,8,16,0,3,13,0,0,3,9,1,10,1,18.866666666666667,357.0,3.0,6.8,40.0,0.5666666666666667,255.5963068017366,2.68125,0.4,0.4411764705882353,3.1875
2020-12-28 09:00:00,9,16,0,2,13,1,0,4,9,1,10,1,11.033333333333331,309.0,3.0,6.8,40.0,0.5444444444444444,211.4163068017366,3.026470588235294,0.4,0.5882352941176471,3.0625
2020-12-28 10:00:00,10,25,1,3,20,1,0,11,11,3,14,3,12.033333333333331,161.5,4.0,10.5,62.5,0.7596153846153846,291.69792040520986,5.28547619047619,0.625,1.0476190476190477,3.16
2020-12-28 11:00:00,11,27,1,3,21,2,0,9,13,3,16,3,13.033333333333331,114.5,4.0,10.5,67.5,0.875,328.4279204052098,4.766666666666667,0.675,0.8571428571428571,3.111111111111111
2020-12-28 12:00:00,12,29,1,5,22,1,0,12,13,3,16,3,14.033333333333331,163.0,4.0,10.5,72.5,0.96875,338.3579204052098,5.990024630541872,0.725,1.1428571428571428,3.206896551724138
2020-12-28 13:00:00,13,23,3,4,16,0,0,3,12,4,16,4,15.033333333333331,201.0,4.0,10.5,57.49999999999999,0.8229166666666666,331.99622720694646,2.956366459627329,0.575,0.2857142857142857,3.4347826086956523
2020-12-28 14:00:00,14,20,3,2,15,0,0,4,11,3,14,3,16.033333333333335,226.0,4.0,10.5,50.0,0.6538461538461539,303.53292040520984,2.9952380952380957,0.5,0.3809523809523809,3.4
2020-12-28 15:00:00,15,28,2,7,19,0,0,13,12,3,15,3,17.033333333333335,174.0,4.0,10.5,70.0,0.95,339.7329204052098,6.575680272108843,0.7,1.238095238095238,3.392857142857143
2020-12-28 16:00:00,16,26,3,6,17,0,0,8,11,3,14,3,8.3,131.0,4.0,10.5,65.0,0.8653846153846154,272.78692040520986,4.887362637362637,0.65,0.7619047619047619,3.4615384615384617
2020-12-28 17:00:00,17,27,3,7,16,0,1,5,10,3,13,3,9.3,173.0,4.0,10.5,67.5,0.8518518518518519,267.17192040520985,3.922574955908289,0.675,0.4761904761904761,3.4074074074074074
2020-12-28 18:00:00,18,25,3,8,13,1,0,7,6,3,9,3,10.3,230.0,4.0,10.5,62.5,0.7096774193548387,214.92192040520985,4.546666666666666,0.625,0.6666666666666666,3.52
2020-12-28 19:00:00,19,27,2,8,17,0,0,8,6,2,8,2,11.3,330.0,4.0,10.5,67.5,0.7265625,210.5836136034732,4.949338624338624,0.675,0.7619047619047619,3.4444444444444446
2020-12-28 20:00:00,20,22,1,6,15,0,0,4,4,2,6,2,12.3,306.5,4.0,10.35,55.00000000000001,0.5441176470588235,178.69861360347323,3.149956082564778,0.55,0.3864734299516907,3.363636363636364
2020-12-28 21:00:00,21,27,0,7,18,1,1,9,4,1,5,1,13.3,323.0,4.0,10.35,67.5,0.6071428571428571,180.7953068017366,4.862520128824476,0.675,0.8695652173913042,3.1481481481481484
2020-12-28 22:00:00,22,24,0,6,16,1,1,8,2,0,2,0,11.7,68.0,3.0,6.65,60.0,0.6578947368421053,124.26799999999996,5.6343984962406015,0.6,1.2030075187969924,3.125
2020-12-28 23:00:00,23,26,1,6,16,2,1,6,4,0,4,0,12.7,48.0,3.0,6.65,65.0,0.7592592592592593,160.998,4.895575477154424,0.65,0.9022556390977444,3.1538461538461537
2020-12-29 00:00:00,0,17,1,5,7,3,1,3,5,0,5,0,13.7,96.0,3.0,6.65,42.5,0.5047619047619047,160.733,2.7314573197700134,0.425,0.4511278195488721,3.117647058823529
2020-12-29 01:00:00,1,16,1,5,7,2,1,3,5,0,5,0,14.7,156.0,3.0,6.65,40.0,0.4857142857142857,164.22799999999998,2.7129699248120303,0.4,0.4511278195488721,3.1875
2020-12-29 02:00:00,2,22,1,5,10,5,1,7,6,0,6,0,15.7,213.5,3.0,6.65,55.00000000000001,0.6470588235294118,196.138,4.807894736842105,0.55,1.0526315789473684,3.0
2020-12-29 03:00:00,3,20,1,5,10,3,1,2,7,0,7,0,16.7,271.0,3.0,6.65,50.0,0.6262626262626263,210.888,2.482330827067669,0.5,0.3007518796992481,3.1
2020-12-29 04:00:00,4,16,1,4,8,2,1,0,7,0,7,0,17.7,331.0,3.0,6.65,40.0,0.5050505050505051,207.948,1.25,0.4,0.0,3.125
2020-12-29 05:00:00,5,18,1,5,9,2,1,2,8,1,9,1,18.7,304.0,3.0,6.65,45.0,0.6129032258064516,245.5463068017366,2.377380952380952,0.45,0.3007518796992481,3.1666666666666665
2020-12-29 06:00:00,6,19,1,7,8,2,1,4,9,1,10,1,19.7,316.5,3.0,6.65,47.5,0.6888888888888889,266.7313068017366,3.512801741195093,0.475,0.6015037593984962,3.263157894736842
2020-12-29 07:00:00,7,22,1,8,10,2,1,4,9,1,10,1,20.7,376.5,3.0,6.65,55.00000000000001,0.8,278.8063068017366,3.7685577580314416,0.55,0.6015037593984962,3.272727272727273
2020-12-29 08:00:00,8,22,1,8,10,2,1,3,9,1,10,1,21.7,436.5,3.0,7.88,55.00000000000001,0.8,284.4463068017366,3.045962159667744,0.55,0.3807106598984772,3.272727272727273
2020-12-29 09:00:00,9,22,0,7,13,1,1,6,6,1,7,1,22.7,408.0,3.0,7.88,55.00000000000001,0.7070707070707071,249.88630680173665,4.172704199353945,0.55,0.7614213197969544,3.1818181818181817
2020-12-29 10:00:00,10,27,1,8,16,1,1,9,10,1,11,1,23.7,324.0,4.0,11.13,67.5,0.7586206896551724,319.8513068017366,4.835519616651692,0.675,0.8086253369272238,3.259259259259259
2020-12-29 11:00:00,11,27,2,9,13,2,0,10,9,1,10,1,24.7,73.5,4.0,11.13,67.5,0.7416666666666667,312.0913068017366,5.186631892449503,0.675,0.8984725965858043,3.2962962962962963
2020-12-29 12:00:00,12,30,3,11,13,2,0,7,9,2,11,2,25.7,130.0,4.0,11.13,75.0,0.8793103448275862,338.4346136034732,4.688364779874214,0.75,0.628930817610063,3.4
2020-12-29 13:00:00,13,31,3,12,14,1,0,8,11,3,14,3,26.7,126.5,4.0,11.13,77.5,1.0288461538461535,387.2879204052098,5.155943686056285,0.775,0.7187780772686434,3.4516129032258065
2020-12-29 14:00:00,14,31,3,11,17,0,0,4,10,4,14,4,27.7,124.5,4.0,11.13,77.5,1.0576923076923077,393.79622720694647,4.025251427412109,0.775,0.3593890386343217,3.548387096774193
2020-12-29 15:00:00,15,28,0,13,15,0,0,8,8,4,12,4,28.7,142.5,4.0,11.13,70.0,0.8660714285714286,366.2012272069464,4.915052624823515,0.7,0.7187780772686434,3.4642857142857144
2020-12-29 16:00:00,16,29,0,14,15,0,0,5,8,5,13,5,29.7,153.0,4.0,11.13,72.5,0.9351851851851852,388.2545340086831,4.089581590606314,0.725,0.4492362982929021,3.4827586206896552
2020-12-29 17:00:00,17,29,0,15,14,0,0,7,8,5,13,5,30.7,203.0,4.0,11.13,72.5,0.9444444444444444,393.8945340086831,4.7621014964216,0.725,0.628930817610063,3.5172413793103448
2020-12-29 18:00:00,18,23,0,14,9,0,0,4,5,3,8,3,31.7,225.5,4.0,11.13,57.49999999999999,0.6484375,317.9279204052098,3.371925661158639,0.575,0.3593890386343217,3.608695652173913
2020-12-29 19:00:00,19,25,0,13,12,0,0,7,5,3,8,3,32.7,285.5,4.0,11.13,62.5,0.6875,327.8579204052098,4.413836477987422,0.625,0.628930817610063,3.52
2020-12-29 20:00:00,20,21,0,10,10,1,0,8,5,3,8,3,11.6,78.5,4.0,9.85,52.5,0.5625,200.27392040520985,4.584626540971719,0.525,0.8121827411167513,3.4285714285714284
2020-12-29 21:00:00,21,20,0,9,9,2,0,3,7,3,10,3,12.6,107.0,4.0,9.85,50.0,0.5583333333333333,230.56892040520984,2.695304568527919,0.5,0.3045685279187817,3.35
2020-12-29 22:00:00,22,26,0,9,15,2,0,11,10,2,12,2,13.6,146.0,3.0,6.6,65.0,1.011904761904762,275.01061360347325,7.573717948717949,0.65,1.6666666666666667,3.269230769230769
2020-12-29 23:00:00,23,27,0,9,16,2,0,7,9,2,11,2,9.383333333333333,219.0,3.0,6.6,67.5,1.011494252873563,239.97361360347327,5.65679012345679,0.675,1.0606060606060606,3.259259259259259
2020-12-30 00:00:00,0,35,1,12,20,2,0,10,12,3,15,3,10.383333333333333,182.0,3.0,6.6,87.5,1.56,317.24192040520984,7.989935064935065,0.875,1.5151515151515151,3.342857142857143
2020-12-30 01:00:00,1,35,0,11,22,2,0,10,14,2,16,2,11.383333333333333,237.0,3.0,6.6,87.5,1.5833333333333333,335.4136136034732,7.785064935064935,0.875,1.5151515151515151,3.257142857142857
2020-12-30 02:00:00,2,34,0,12,21,1,0,3,14,2,16,2,12.383333333333333,297.0,3.0,6.6,85.0,1.5694444444444444,338.9086136034732,4.3356951871657765,0.85,0.4545454545454546,3.323529411764706
2020-12-30 03:00:00,3,29,0,12,16,1,0,3,14,2,16,2,13.383333333333333,357.0,3.0,6.6,72.5,1.3611111111111112,333.8236136034732,3.986050156739812,0.725,0.4545454545454546,3.3793103448275863
2020-12-30 04:00:00,4,30,0,11,18,1,0,4,14,2,16,2,14.383333333333333,417.0,3.0,6.6,75.0,1.3888888888888888,341.60861360347326,4.52020202020202,0.75,0.6060606060606061,3.333333333333333
2020-12-30 05:00:00,5,31,0,10,20,1,0,2,14,2,16,2,15.383333333333333,477.0,3.0,6.6,77.5,1.4166666666666667,349.3936136034732,3.547067448680352,0.775,0.303030303030303,3.290322580645161
2020-12-30 06:00:00,6,28,0,10,17,1,0,1,15,2,17,2,16.383333333333333,532.0,3.0,6.6,70.0,1.3478260869565215,361.9986136034732,2.828246753246753,0.7,0.1515151515151515,3.321428571428572
2020-12-30 07:00:00,7,30,0,11,18,1,0,2,17,2,19,2,17.383333333333333,567.0,3.0,6.6,75.0,1.5873015873015872,398.7286136034732,3.51010101010101,0.75,0.303030303030303,3.333333333333333
2020-12-30 08:00:00,8,34,1,11,21,1,0,6,18,4,22,4,18.383333333333333,574.5,3.0,6.38,85.0,2.111111111111111,454.8852272069464,6.003236216116541,0.85,0.9404388714733544,3.3529411764705883
2020-12-30 09:00:00,9,28,1,9,18,0,0,4,12,4,16,4,19.383333333333333,570.0,3.0,6.38,70.0,1.3194444444444444,367.2552272069465,4.50218316166592,0.7,0.6269592476489029,3.392857142857143
2020-12-30 10:00:00,10,30,1,5,23,1,0,8,9,4,13,4,20.383333333333333,204.0,4.0,10.08,75.0,0.8888888888888888,336.98522720694643,4.93968253968254,0.75,0.7936507936507936,3.2
2020-12-30 11:00:00,11,29,3,5,20,1,0,6,8,6,14,6,21.383333333333333,208.0,4.0,10.08,72.5,0.9326923076923076,355.61684081041966,4.415968801313628,0.725,0.5952380952380952,3.3448275862068964
2020-12-30 12:00:00,12,29,3,6,20,0,0,5,8,6,14,6,22.383333333333333,265.5,4.0,10.08,72.5,0.9519230769230768,361.2568408104197,4.1683497536945815,0.725,0.496031746031746,3.413793103448276
2020-12-30 13:00:00,13,35,2,6,26,1,0,16,9,5,14,5,23.383333333333333,190.5,4.0,10.08,87.5,1.0961538461538465,378.898534008683,8.020068027210883,0.875,1.5873015873015872,3.257142857142857
2020-12-30 14:00:00,14,28,1,6,20,1,0,6,8,4,12,4,24.383333333333333,250.5,4.0,10.08,70.0,0.8125,341.85522720694644,4.209523809523809,0.7,0.5952380952380952,3.25
2020-12-30 15:00:00,15,25,1,4,19,1,0,8,7,2,9,2,10.583333333333334,170.0,4.0,10.08,62.5,0.6451612903225806,215.65161360347324,4.53968253968254,0.625,0.7936507936507936,3.2
2020-12-30 16:00:00,16,23,0,5,18,0,0,3,6,1,7,1,11.583333333333334,195.0,4.0,10.08,57.49999999999999,0.5606060606060606,189.33330680173663,2.8075569358178054,0.575,0.2976190476190476,3.217391304347826
2020-12-30 17:00:00,17,20,0,6,14,0,0,5,5,3,8,3,12.583333333333334,150.5,4.0,10.08,50.0,0.515625,203.67492040520983,3.2869047619047618,0.5,0.496031746031746,3.3
2020-12-30 18:00:00,18,19,0,4,12,3,0,4,5,2,7,2,13.583333333333334,121.0,4.0,10.08,47.5,0.4393939393939394,192.9016136034732,2.661361737677528,0.475,0.3968253968253968,3.0526315789473686
2020-12-30 19:00:00,19,12,0,1,9,2,0,5,3,1,4,1,9.866666666666667,115.5,4.0,10.08,30.0,0.2430555555555555,115.8563068017366,2.3217592592592595,0.3,0.496031746031746,2.9166666666666665
2020-12-30 20:00:00,20,14,0,0,10,3,1,10,3,0,3,0,10.55,82.0,4.0,11.739999999999998,35.0,0.25,109.732,3.176155999026528,0.35,0.8517887563884158,2.642857142857143
2020-12-30 21:00:00,21,20,0,0,16,4,0,10,3,0,3,0,11.55,34.0,4.0,11.739999999999998,50.0,0.3783783783783784,128.242,3.785008517887564,0.5,0.8517887563884158,2.8
2020-12-30 22:00:00,22,17,0,2,11,4,0,6,2,0,2,0,9.1,86.5,3.0,8.04,42.5,0.4298245614035088,94.589,3.376009657594381,0.425,0.746268656716418,2.8823529411764706
2020-12-30 23:00:00,23,14,1,0,10,3,0,7,3,0,3,0,3.433333333333333,139.0,3.0,8.04,35.0,0.3693693693693693,69.594,3.5747512437810944,0.35,0.8706467661691544,2.9285714285714284
2020-12-31 00:00:00,0,18,1,0,15,2,0,12,7,0,7,0,3.983333333333333,51.0,3.0,8.04,45.0,0.5454545454545454,134.876,5.827611940298508,0.45,1.492537313432836,3.0
2020-12-31 01:00:00,1,16,1,0,13,2,0,4,7,1,8,1,4.983333333333333,110.0,3.0,8.04,40.0,0.5,150.49430680173663,2.692537313432836,0.4,0.4975124378109453,3.0
2020-12-31 02:00:00,2,15,1,0,11,3,0,3,7,1,8,1,5.983333333333333,170.0,3.0,8.04,37.5,0.4583333333333333,153.98930680173663,2.194527363184079,0.375,0.373134328358209,2.933333333333333
2020-12-31 03:00:00,3,15,1,0,13,1,0,2,7,1,8,1,6.983333333333333,230.0,3.0,8.04,37.5,0.4791666666666667,159.62930680173662,1.9128524046434492,0.375,0.2487562189054726,3.066666666666667
2020-12-31 04:00:00,4,17,1,1,14,1,0,3,8,1,9,1,7.983333333333333,289.0,3.0,8.04,42.5,0.5698924731182796,182.9593068017366,2.4883011413520637,0.425,0.373134328358209,3.117647058823529
2020-12-31 05:00:00,5,18,1,1,15,1,0,4,9,1,10,1,8.983333333333333,327.0,3.0,8.04,45.0,0.6222222222222222,204.1443068017366,2.947816473189608,0.45,0.4975124378109453,3.111111111111111
2020-12-31 06:00:00,6,18,1,1,15,1,0,1,9,1,10,1,9.983333333333333,387.0,3.0,8.04,45.0,0.6222222222222222,209.7843068017366,1.786954118297402,0.45,0.1243781094527363,3.111111111111111
2020-12-31 07:00:00,7,17,1,2,13,1,0,1,9,1,10,1,10.983333333333333,447.0,3.0,8.04,42.5,0.6,213.27930680173665,1.7450834064969272,0.425,0.1243781094527363,3.176470588235294
2020-12-31 08:00:00,8,17,1,2,13,1,0,0,9,1,10,1,11.983333333333333,507.0,3.0,6.68,42.5,0.6,218.91930680173664,1.35,0.425,0.0,3.176470588235294
2020-12-31 09:00:00,9,17,1,2,13,1,0,3,6,1,7,1,12.983333333333333,545.0,3.0,6.68,42.5,0.5454545454545454,184.35930680173655,2.77655864741106,0.425,0.4491017964071856,3.176470588235294
2020-12-31 10:00:00,10,22,1,2,18,1,0,7,8,2,10,2,13.983333333333333,447.0,4.0,9.93,55.00000000000001,0.575,241.79261360347323,3.9359310628948094,0.55,0.7049345417925479,3.136363636363636
2020-12-31 11:00:00,11,21,1,2,17,1,0,6,7,2,9,2,14.983333333333333,119.0,4.0,9.93,52.5,0.532258064516129,231.8876136034732,3.5490073370738022,0.525,0.6042296072507553,3.142857142857143
2020-12-31 12:00:00,12,21,1,3,17,0,0,4,6,2,8,2,14.066666666666666,130.0,4.0,9.93,52.5,0.53125,213.3176136034733,3.0043686759698844,0.525,0.4028197381671702,3.238095238095238
2020-12-31 13:00:00,13,19,1,5,13,0,0,6,7,2,9,2,15.066666666666666,133.0,4.0,9.93,47.5,0.5161290322580645,228.06761360347323,3.6352997296867535,0.475,0.6042296072507553,3.3684210526315788
2020-12-31 14:00:00,14,21,1,6,14,0,0,3,8,2,10,2,16.066666666666666,161.0,4.0,9.93,52.5,0.5916666666666667,251.39761360347325,2.796435764638182,0.525,0.3021148036253776,3.380952380952381
2020-12-31 15:00:00,15,19,1,5,13,0,0,3,6,2,8,2,17.066666666666666,163.0,4.0,9.93,47.5,0.5,225.94761360347323,2.617649864843377,0.475,0.3021148036253776,3.3684210526315788
2020-12-31 16:00:00,16,18,1,2,15,0,0,7,6,1,7,1,17.05,197.0,4.0,9.93,45.0,0.4393939393939394,209.4403068017366,3.721455745775988,0.45,0.7049345417925479,3.2222222222222223
2020-12-31 17:00:00,17,19,1,4,14,0,0,4,5,1,6,1,18.05,271.5,4.0,9.93,47.5,0.4632352941176471,203.82530680173664,2.9106654476069327,0.475,0.4028197381671702,3.3157894736842106
2020-12-31 18:00:00,18,19,1,5,13,0,0,8,6,1,7,1,19.05,199.0,4.0,9.93,47.5,0.4848484848484848,222.8653068017366,4.313732972915672,0.475,0.8056394763343404,3.3684210526315788
2020-12-31 19:00:00,19,15,0,3,12,0,0,1,5,1,6,1,14.233333333333333,306.5,4.0,9.93,37.5,0.3529411764705882,173.7193068017366,1.5222557905337362,0.375,0.1007049345417925,3.2
2020-12-31 20:00:00,20,14,0,3,11,0,0,5,4,0,4,0,15.233333333333333,290.0,4.0,10.05,35.0,0.3125,149.546,2.7241471215351813,0.35,0.4975124378109452,3.2142857142857144
2020-12-31 21:00:00,21,19,0,3,15,1,0,9,4,0,4,0,16.233333333333334,216.5,4.0,10.05,47.5,0.4097222222222222,165.911,4.2558326787117045,0.475,0.8955223880597014,3.1052631578947367
2020-12-31 22:00:00,22,18,0,2,16,0,0,9,3,0,3,0,17.233333333333334,59.0,3.0,6.8,45.0,0.5045045045045045,156.006,5.517647058823529,0.45,1.3235294117647058,3.111111111111111
2020-12-31 23:00:00,23,19,0,3,16,0,0,10,5,0,5,0,18.23333333333333,107.0,3.0,6.8,47.5,0.5714285714285714,190.591,6.143962848297214,0.475,1.4705882352941178,3.1578947368421053
