ts,hour,census,l1,l2,l3,l4,l5,arrivals,waitBed,waitICU,D_board,vent,maxLOS_h,awt_curr_min,Na,cap_sum,OCCUPANCY,EDWIN,NEDOCS,READI,READI_BR,READI_PR,READI_AR
2024-11-01 00:00:00,0,28,0,3,19,6,0,8,15,1,16,1,82.83333333333333,808.0,3.0,8.02,70.0,1.125,722.5083068017366,4.91064303526897,0.7,0.9975062344139652,2.892857142857143
2024-11-01 01:00:00,1,33,1,3,24,5,0,9,16,2,18,2,83.83333333333333,825.0,3.0,8.02,82.5,1.5,766.5416136034733,5.841583541147132,0.825,1.1221945137157108,3.0
2024-11-01 02:00:00,2,28,1,5,18,4,0,6,17,2,19,2,84.83333333333333,848.0,3.0,8.02,70.0,1.380952380952381,774.8566136034731,4.499545778411116,0.7,0.7481296758104738,3.107142857142857
2024-11-01 03:00:00,3,27,0,4,18,5,0,5,17,0,17,0,85.83333333333333,982.0,3.0,8.02,67.5,1.1594202898550725,749.815,3.8472337674332686,0.675,0.6234413965087282,2.962962962962963
2024-11-01 04:00:00,4,26,0,4,16,6,0,2,16,0,16,0,86.83333333333333,1005.0,3.0,8.02,65.0,1.0555555555555556,739.91,2.628946863610205,0.65,0.2493765586034912,2.923076923076923
2024-11-01 05:00:00,5,25,0,5,15,5,0,3,17,0,17,0,87.83333333333333,1028.0,3.0,8.02,62.5,1.0869565217391304,756.805,2.9971945137157108,0.625,0.3740648379052369,3.0
2024-11-01 06:00:00,6,29,1,5,17,6,0,4,17,1,18,1,88.83333333333333,1080.0,3.0,8.02,72.5,1.3333333333333333,785.2933068017365,3.7134577349729128,0.725,0.4987531172069825,3.034482758620689
2024-11-01 07:00:00,7,30,1,5,21,3,0,6,19,1,20,1,89.83333333333333,886.0,3.0,8.02,75.0,1.5666666666666669,819.8783068017366,4.694139650872818,0.75,0.7481296758104738,3.1333333333333333
2024-11-01 08:00:00,8,35,0,6,21,8,0,10,20,0,20,0,90.83333333333331,942.5,3.0,7.68,87.5,1.7166666666666666,835.375,6.406845238095239,0.875,1.3020833333333337,2.942857142857143
2024-11-01 09:00:00,9,36,1,5,23,7,0,5,19,0,19,0,91.83333333333331,753.0,3.0,7.68,90.0,1.7142857142857142,829.76,4.653125000000001,0.9,0.6510416666666667,3.0
2024-11-01 10:00:00,10,44,1,5,31,7,0,13,22,0,22,0,92.83333333333331,593.5,4.0,11.04,110.0,1.8333333333333333,892.76,6.832608695652175,1.1,1.177536231884058,3.0
2024-11-01 11:00:00,11,44,1,5,31,7,0,9,20,1,21,1,93.83333333333331,579.0,4.0,11.04,110.0,1.736842105263158,885.8683068017366,5.745652173913044,1.1,0.8152173913043479,3.0
2024-11-01 12:00:00,12,42,2,4,30,6,0,11,20,2,22,2,94.83333333333331,278.5,4.0,11.04,105.0,1.7777777777777777,901.4866136034732,6.236576949620428,1.05,0.996376811594203,3.0476190476190474
2024-11-01 13:00:00,13,42,2,3,30,7,0,9,20,3,23,3,95.83333333333331,221.0,4.0,11.04,105.0,1.8529411764705883,921.3949204052096,5.595652173913043,1.05,0.8152173913043479,3.0
2024-11-01 14:00:00,14,37,2,2,24,9,0,6,17,3,20,3,96.83333333333331,233.5,4.0,11.04,92.5,1.35,876.1099204052098,4.286368977673326,0.925,0.5434782608695653,2.918918918918919
2024-11-01 15:00:00,15,37,1,4,26,6,0,11,17,2,19,2,97.83333333333331,230.0,4.0,11.04,92.5,1.3214285714285714,867.4816136034732,5.764130434782609,0.925,0.996376811594203,3.0
2024-11-01 16:00:00,16,28,1,4,19,4,0,6,17,2,19,2,98.83333333333331,232.0,4.0,11.04,70.0,1.0238095238095235,853.8166136034731,3.819254658385093,0.7,0.5434782608695653,3.071428571428572
2024-11-01 17:00:00,17,29,1,4,20,4,0,5,18,2,20,2,33.233333333333334,260.5,4.0,11.04,72.5,1.1125,499.37761360347326,3.614930034982509,0.725,0.4528985507246377,3.0689655172413794
2024-11-01 18:00:00,18,33,1,4,25,3,0,12,18,3,21,3,19.05,221.0,4.0,11.04,82.5,1.3421052631578947,442.23192040520985,5.909683794466403,0.825,1.0869565217391306,3.090909090909091
2024-11-01 19:00:00,19,34,2,4,26,2,0,9,18,4,22,4,12.383333333333333,246.0,4.0,11.04,85.0,1.5,421.0452272069464,5.289514066496163,0.85,0.8152173913043479,3.176470588235294
2024-11-01 20:00:00,20,34,2,4,24,4,0,10,20,3,23,3,13.166666666666666,264.0,4.0,11.38,85.0,1.5588235294117647,437.9949204052098,5.389584410213998,0.85,0.8787346221441126,3.117647058823529
2024-11-01 21:00:00,21,35,3,5,24,3,0,7,22,3,25,3,14.166666666666666,316.0,4.0,11.38,87.5,1.8833333333333333,472.5799204052098,4.810940246045695,0.875,0.6151142355008787,3.2285714285714286
2024-11-01 22:00:00,22,37,4,7,23,3,0,13,22,2,24,2,15.166666666666666,335.0,3.0,8.02,92.5,2.5625,468.2416136034732,8.463555637932197,0.925,1.6209476309226931,3.324324324324324
2024-11-01 23:00:00,23,40,4,7,22,7,0,9,23,1,24,1,16.166666666666668,395.0,3.0,8.02,100.0,2.6666666666666665,479.44830680173663,6.791022443890275,1.0,1.1221945137157108,3.2
2024-11-02 00:00:00,0,40,4,6,22,8,0,12,23,1,24,1,17.166666666666668,455.0,3.0,8.02,100.0,2.625,485.0883068017366,7.863216957605985,1.0,1.4962593516209477,3.15
2024-11-02 01:00:00,1,40,4,6,23,7,0,5,23,1,24,1,18.166666666666668,515.0,3.0,8.02,100.0,2.645833333333333,490.7283068017366,5.154426433915212,1.0,0.6234413965087282,3.175
2024-11-02 02:00:00,2,34,3,5,22,4,0,4,23,0,23,0,19.166666666666668,582.0,3.0,8.02,85.0,2.1372549019607843,469.23,4.323943816928268,0.85,0.4987531172069825,3.2058823529411766
2024-11-02 03:00:00,3,34,3,5,22,4,0,3,23,0,23,0,20.166666666666668,642.0,3.0,8.02,85.0,2.1372549019607843,474.87,3.924207862696201,0.85,0.3740648379052369,3.2058823529411766
2024-11-02 04:00:00,4,33,3,7,20,3,0,2,24,0,24,0,21.166666666666668,695.0,3.0,8.02,82.5,2.270833333333333,491.765,3.548698329932744,0.825,0.2493765586034912,3.303030303030303
2024-11-02 05:00:00,5,35,3,6,23,3,0,5,24,0,24,0,22.166666666666668,755.0,3.0,8.02,87.5,2.375,501.6950000000001,4.880637691485572,0.875,0.6234413965087282,3.257142857142857
2024-11-02 06:00:00,6,37,4,6,25,2,0,3,25,0,25,0,23.166666666666668,808.0,3.0,8.02,92.5,2.7333333333333334,525.025,4.318512839522815,0.925,0.3740648379052369,3.324324324324324
2024-11-02 07:00:00,7,34,3,6,23,2,0,3,24,0,24,0,24.166666666666668,875.0,3.0,8.02,85.0,2.333333333333333,510.83,4.032213583687839,0.85,0.3740648379052369,3.294117647058824
2024-11-02 08:00:00,8,30,3,6,19,2,0,2,24,0,24,0,25.166666666666668,935.0,3.0,6.8,75.0,2.083333333333333,507.8900000000001,3.4803921568627456,0.75,0.2941176470588235,3.333333333333333
2024-11-02 09:00:00,9,33,3,8,18,4,0,6,24,1,25,1,26.166666666666668,988.0,3.0,6.8,82.5,2.422222222222222,534.2333068017366,5.639438502673797,0.825,0.8823529411764706,3.303030303030303
2024-11-02 10:00:00,10,31,3,6,18,4,0,4,20,1,21,1,27.166666666666668,884.0,4.0,10.5,77.5,1.3289473684210529,481.9833068017366,3.766167434715822,0.775,0.3809523809523809,3.2580645161290325
2024-11-02 11:00:00,11,33,3,5,20,5,0,16,14,2,16,2,28.166666666666668,838.0,4.0,10.5,82.5,1.09375,425.78161360347326,7.473484848484849,0.825,1.5238095238095235,3.1818181818181817
2024-11-02 12:00:00,12,31,2,2,23,4,0,15,11,2,13,2,20.4,184.0,4.0,10.5,77.5,0.8796296296296297,337.4876136034732,6.752880184331798,0.775,1.4285714285714286,3.064516129032258
2024-11-02 13:00:00,13,32,2,3,21,6,0,11,10,2,12,2,21.4,134.0,4.0,10.5,80.0,0.8660714285714286,331.8726136034732,5.600595238095238,0.8,1.0476190476190477,3.03125
2024-11-02 14:00:00,14,28,0,1,20,7,0,9,7,1,8,1,22.4,156.5,4.0,10.5,70.0,0.609375,274.4643068017366,4.337755102040815,0.7,0.8571428571428571,2.7857142857142856
2024-11-02 15:00:00,15,22,0,1,16,5,0,7,7,0,7,0,23.4,189.0,4.0,10.5,55.00000000000001,0.4696969696969697,252.966,3.428787878787879,0.55,0.6666666666666666,2.8181818181818183
2024-11-02 16:00:00,16,18,0,2,14,2,0,5,7,0,7,0,24.4,249.0,4.0,10.5,45.0,0.4090909090909091,250.02599999999995,2.7785714285714285,0.45,0.4761904761904761,3.0
2024-11-02 17:00:00,17,20,0,2,14,4,0,8,9,0,9,0,25.4,219.0,4.0,10.5,50.0,0.4677419354838709,286.756,3.6595238095238094,0.5,0.7619047619047619,2.9
2024-11-02 18:00:00,18,23,0,3,18,1,1,12,10,0,10,0,26.4,242.5,4.0,10.5,57.49999999999999,0.575,312.231,5.1535714285714285,0.575,1.1428571428571428,3.0
2024-11-02 19:00:00,19,27,0,5,21,1,0,11,9,0,9,0,8.2,166.0,4.0,10.5,67.5,0.6854838709677419,204.763,5.423059964726632,0.675,1.0476190476190477,3.1481481481481484
2024-11-02 20:00:00,20,29,1,3,19,5,1,12,10,0,10,0,9.2,207.5,4.0,10.88,72.5,0.7083333333333334,228.093,5.357758620689656,0.725,1.1029411764705883,2.931034482758621
2024-11-02 21:00:00,21,19,1,4,13,1,0,6,10,0,10,0,9.566666666666666,243.5,4.0,10.88,47.5,0.5166666666666667,208.711,3.34953560371517,0.475,0.5514705882352942,3.263157894736842
2024-11-02 22:00:00,22,27,0,6,15,6,0,14,11,0,11,0,10.566666666666666,273.0,3.0,7.18,67.5,0.9310344827586208,244.911,7.874582172701951,0.675,1.9498607242339836,3.0
2024-11-02 23:00:00,23,28,0,8,13,7,0,8,10,0,10,0,11.566666666666666,345.5,3.0,7.18,70.0,0.9444444444444444,239.296,5.507411460405889,0.7,1.1142061281337048,3.0357142857142856
2024-11-03 00:00:00,0,20,0,7,13,0,0,7,11,0,11,0,12.566666666666666,393.0,3.0,7.18,50.0,0.7701149425287356,241.176,4.941016713091922,0.5,0.9749303621169916,3.35
2024-11-03 01:00:00,1,23,1,8,14,0,0,6,11,0,11,0,13.566666666666666,453.0,3.0,7.18,57.49999999999999,0.9080459770114944,253.251,4.845291873561827,0.575,0.8356545961002786,3.4347826086956523
2024-11-03 02:00:00,2,23,0,9,13,1,0,4,12,0,12,0,14.566666666666666,431.0,3.0,7.18,57.49999999999999,0.9166666666666666,272.291,3.790084171006419,0.575,0.5571030640668524,3.347826086956522
2024-11-03 03:00:00,3,19,0,8,11,0,0,4,12,0,12,0,15.566666666666666,491.0,3.0,7.18,47.5,0.7738095238095238,269.351,3.5308789033866006,0.475,0.5571030640668524,3.421052631578948
2024-11-03 04:00:00,4,18,0,6,12,0,0,1,12,0,12,0,16.566666666666666,551.0,3.0,7.18,45.0,0.7142857142857143,272.846,1.964252553389044,0.45,0.1392757660167131,3.333333333333333
2024-11-03 05:00:00,5,25,0,7,17,1,0,8,12,0,12,0,17.566666666666666,611.0,3.0,7.18,62.5,0.9642857142857144,293.501,5.635027855153204,0.625,1.1142061281337048,3.24
2024-11-03 06:00:00,6,26,0,7,16,3,0,4,12,0,12,0,18.566666666666663,671.0,3.0,7.18,65.0,0.9761904761904762,301.286,3.807017355903149,0.65,0.5571030640668524,3.1538461538461537
2024-11-03 07:00:00,7,21,0,6,15,0,0,1,12,0,12,0,19.566666666666663,731.0,3.0,7.18,52.5,0.8214285714285714,296.201,2.1826203740549146,0.525,0.1392757660167131,3.2857142857142856
2024-11-03 08:00:00,8,19,0,6,13,0,0,1,12,0,12,0,20.566666666666663,791.0,3.0,6.82,47.5,0.75,297.551,2.061186139836394,0.475,0.1466275659824046,3.3157894736842106
2024-11-03 09:00:00,9,18,0,6,11,1,0,7,8,0,8,0,21.566666666666663,807.0,3.0,6.82,45.0,0.6145833333333334,247.44600000000003,4.8392880417073965,0.45,1.0263929618768328,3.2777777777777777
2024-11-03 10:00:00,10,27,1,10,14,2,0,14,9,1,10,1,22.566666666666663,695.5,4.0,10.07,67.5,0.7583333333333333,300.0593068017366,6.9607184890948535,0.675,1.3902681231380338,3.3703703703703702
2024-11-03 11:00:00,11,27,1,9,14,3,0,10,11,1,12,1,23.566666666666663,326.0,4.0,10.07,67.5,0.7946428571428571,332.4993068017366,5.498382617970503,0.675,0.9930486593843098,3.2962962962962963
2024-11-03 12:00:00,12,25,1,10,11,3,0,9,9,0,9,0,24.566666666666663,157.0,4.0,10.07,62.5,0.6774193548387096,292.781,5.1029791459781535,0.625,0.8937437934458788,3.36
2024-11-03 13:00:00,13,25,1,9,11,4,0,9,7,1,8,1,16.583333333333332,190.5,4.0,10.07,62.5,0.640625,235.2233068017366,4.9814796425024825,0.625,0.8937437934458788,3.28
2024-11-03 14:00:00,14,24,1,6,12,5,0,10,7,1,8,1,14.833333333333334,240.0,4.0,10.07,60.0,0.5859375,223.2083068017366,4.9782770605759685,0.6,0.9930486593843098,3.125
2024-11-03 15:00:00,15,23,1,6,11,5,0,11,6,3,9,3,15.833333333333334,169.0,4.0,10.07,57.49999999999999,0.5806451612903226,241.83992040520985,5.219541470575536,0.575,1.0923535253227408,3.130434782608696
2024-11-03 16:00:00,16,29,1,7,12,7,2,16,8,1,9,1,16.833333333333332,98.0,4.0,10.07,72.5,0.6854838709677419,258.6133068017366,6.782055781940211,0.725,1.5888778550148956,2.931034482758621
2024-11-03 17:00:00,17,28,1,7,16,4,0,10,9,1,10,1,17.833333333333332,148.0,4.0,10.07,70.0,0.7416666666666667,275.5083068017366,5.381476095900127,0.7,0.9930486593843098,3.1785714285714284
2024-11-03 18:00:00,18,35,1,6,21,7,0,16,11,2,13,2,18.83333333333333,156.0,4.0,10.07,87.5,0.9814814814814816,337.23161360347325,7.462030075187969,0.875,1.5888778550148956,3.0285714285714285
2024-11-03 19:00:00,19,29,0,5,20,4,0,11,11,2,13,2,19.83333333333333,164.0,4.0,10.07,72.5,0.8148148148148148,330.00161360347323,5.514727938910385,0.725,1.0923535253227408,3.034482758620689
2024-11-03 20:00:00,20,38,0,6,27,5,0,13,12,2,14,2,10.616666666666667,153.0,4.0,9.6,95.0,1.1057692307692308,310.7246136034732,6.973135964912281,0.95,1.3541666666666667,3.026315789473684
2024-11-03 21:00:00,21,35,0,7,23,5,0,10,13,1,14,1,11.616666666666667,213.0,4.0,9.6,87.5,1.0288461538461535,309.0613068017366,5.859523809523809,0.875,1.0416666666666667,3.057142857142857
2024-11-03 22:00:00,22,34,1,7,19,7,0,9,13,2,15,2,12.616666666666667,267.0,3.0,6.35,85.0,1.3866666666666667,326.82461360347327,6.935340435386753,0.85,1.4173228346456694,3.0588235294117645
2024-11-03 23:00:00,23,34,1,5,21,7,0,11,14,2,16,2,13.616666666666667,317.0,3.0,6.35,85.0,1.4166666666666667,345.86461360347323,7.746850393700788,0.85,1.7322834645669292,3.0
2024-11-04 00:00:00,0,30,0,6,18,6,0,7,14,1,15,1,14.616666666666667,387.0,3.0,6.35,75.0,1.2,328.6563068017366,5.557086614173229,0.75,1.1023622047244095,3.0
2024-11-04 01:00:00,1,27,0,6,19,2,0,4,15,1,16,1,15.616666666666667,437.0,3.0,6.35,67.5,1.1805555555555556,341.2613068017366,4.108085447652377,0.675,0.6299212598425197,3.1481481481481484
2024-11-04 02:00:00,2,25,0,6,17,2,0,7,15,1,16,1,16.616666666666667,497.0,3.0,6.35,62.5,1.0972222222222223,342.61130680173665,5.458464566929134,0.625,1.1023622047244095,3.16
2024-11-04 03:00:00,3,26,0,7,17,2,0,4,16,2,18,2,17.616666666666667,516.5,3.0,6.35,65.0,1.2575757575757576,378.0646136034732,4.085902483343429,0.65,0.6299212598425197,3.1923076923076925
2024-11-04 04:00:00,4,24,0,7,15,2,0,4,17,2,19,2,18.616666666666667,546.0,3.0,6.35,60.0,1.2222222222222223,392.8146136034732,3.945997375328084,0.6,0.6299212598425197,3.208333333333333
2024-11-04 05:00:00,5,30,0,9,18,3,0,6,18,2,20,2,19.616666666666667,594.5,3.0,6.35,75.0,1.6,424.7246136034732,5.423622047244095,0.75,0.9448818897637796,3.2
2024-11-04 06:00:00,6,31,0,8,21,2,0,4,20,3,23,3,20.616666666666667,628.0,3.0,6.35,77.5,1.9411764705882355,473.57792040520985,4.486684023368047,0.775,0.6299212598425197,3.193548387096774
2024-11-04 07:00:00,7,30,0,8,20,2,0,4,20,4,24,4,21.616666666666667,673.5,3.0,6.35,75.0,2.0,491.3412272069465,4.415748031496063,0.75,0.6299212598425197,3.2
2024-11-04 08:00:00,8,33,1,8,22,2,0,5,21,4,25,4,22.616666666666667,719.0,3.0,6.6,82.5,2.3777777777777778,516.8162272069465,5.131382001836546,0.825,0.7575757575757576,3.242424242424242
2024-11-04 09:00:00,9,37,1,7,26,3,0,9,19,3,22,3,23.45,655.5,3.0,6.6,92.5,2.1666666666666665,489.0279204052098,7.237039312039314,0.925,1.3636363636363638,3.1621621621621623
2024-11-04 10:00:00,10,40,0,7,30,3,0,9,20,2,22,2,24.45,644.0,4.0,9.94,100.0,1.7222222222222223,500.2346136034733,5.906841046277666,1.0,0.9054325955734408,3.1
2024-11-04 11:00:00,11,42,1,7,30,3,1,10,20,3,23,3,25.45,533.0,4.0,9.94,105.0,1.911764705882353,524.4329204052099,6.363921624988024,1.05,1.006036217303823,3.095238095238096
2024-11-04 12:00:00,12,45,1,6,33,4,1,6,20,4,24,4,26.45,535.0,4.0,9.94,112.5,2.140625,550.7762272069465,5.262692823608316,1.125,0.6036217303822938,3.0444444444444443
2024-11-04 13:00:00,13,48,1,6,33,7,1,9,18,4,22,4,27.45,487.0,4.0,9.94,120.0,1.9861111111111112,536.0512272069465,6.272434607645876,1.2,0.9054325955734408,2.9791666666666665
2024-11-04 14:00:00,14,45,1,7,30,7,0,8,16,5,21,5,22.6,421.0,4.0,9.94,112.5,1.8026315789473684,489.7305340086831,5.875257098144422,1.125,0.8048289738430584,3.0444444444444443
2024-11-04 15:00:00,15,36,1,5,24,6,0,3,13,5,18,5,23.6,454.5,4.0,9.94,90.0,1.2386363636363635,435.8655340086831,3.63881623071764,0.9,0.3018108651911469,3.0277777777777777
2024-11-04 16:00:00,16,30,1,5,22,2,0,4,11,5,16,5,24.6,500.0,4.0,9.94,75.0,0.9895833333333334,401.8355340086831,3.6493125419181753,0.75,0.4024144869215292,3.1666666666666665
2024-11-04 17:00:00,17,29,2,7,19,1,0,7,15,5,20,5,25.6,426.5,4.0,9.94,72.5,1.2125,458.930534008683,4.780512384652744,0.725,0.7042253521126761,3.3448275862068964
2024-11-04 18:00:00,18,25,2,8,15,0,0,3,16,5,21,5,26.6,461.0,4.0,9.94,62.5,1.144736842105263,469.3905340086831,3.225301810865191,0.625,0.3018108651911469,3.48
2024-11-04 19:00:00,19,34,2,7,23,2,0,13,15,5,20,5,27.6,466.5,4.0,9.94,85.0,1.3875,480.935534008683,7.04473606343946,0.85,1.30784708249497,3.264705882352941
2024-11-04 20:00:00,20,32,2,7,21,2,0,9,12,5,17,5,28.6,378.0,4.0,11.73,80.0,1.141304347826087,442.0855340086831,5.142583120204604,0.8,0.7672634271099744,3.28125
2024-11-04 21:00:00,21,34,2,7,21,4,0,11,13,5,18,5,29.6,357.5,4.0,11.73,85.0,1.2386363636363635,465.41553400868304,5.731368787924377,0.85,0.9377664109121908,3.2058823529411766
2024-11-04 22:00:00,22,35,3,7,21,4,0,9,12,5,17,5,30.6,337.0,3.0,8.39,87.5,1.6521739130434785,459.8005340086831,6.343955389068618,0.875,1.072705601907032,3.257142857142857
2024-11-04 23:00:00,23,37,3,6,22,6,0,9,13,5,18,5,31.6,384.0,3.0,8.39,92.5,1.7727272727272727,483.1305340086831,6.317069065489805,0.925,1.072705601907032,3.1621621621621623
2024-11-05 00:00:00,0,34,2,7,20,5,0,5,14,4,18,4,32.6,391.0,3.0,8.39,85.0,1.6363636363636365,481.4672272069465,4.593009885718292,0.85,0.5959475566150179,3.176470588235294
2024-11-05 01:00:00,1,29,2,8,17,2,0,4,14,4,18,4,33.6,451.0,3.0,8.39,72.5,1.4696969696969695,476.3822272069465,4.019673461838806,0.725,0.4767580452920142,3.3448275862068964
2024-11-05 02:00:00,2,27,2,7,16,2,0,2,14,4,18,4,34.6,511.0,3.0,8.39,67.5,1.3636363636363635,477.7322272069465,3.0445967421533577,0.675,0.2383790226460071,3.333333333333333
2024-11-05 03:00:00,3,24,2,6,14,2,0,2,14,4,18,4,35.6,571.0,3.0,8.39,60.0,1.2121212121212122,476.9372272069464,2.794596742153357,0.6,0.2383790226460071,3.333333333333333
2024-11-05 04:00:00,4,27,2,6,17,2,0,5,14,4,18,4,36.6,631.0,3.0,8.39,67.5,1.3484848484848484,489.0122272069465,4.189419723656911,0.675,0.5959475566150179,3.2962962962962963
2024-11-05 05:00:00,5,27,2,6,17,2,0,2,14,4,18,4,37.6,691.0,3.0,8.39,67.5,1.3484848484848484,494.65222720694646,3.0107678894627647,0.675,0.2383790226460071,3.2962962962962963
2024-11-05 06:00:00,6,25,2,7,14,2,0,2,14,4,18,4,38.6,751.0,3.0,8.39,62.5,1.2727272727272727,496.0022272069465,2.900953516090584,0.625,0.2383790226460071,3.36
2024-11-05 07:00:00,7,27,2,9,14,2,0,4,13,4,17,4,39.6,851.0,3.0,8.39,67.5,1.3333333333333333,492.53222720694646,3.924508895069085,0.675,0.4767580452920142,3.4074074074074074
2024-11-05 08:00:00,8,30,1,10,17,2,0,4,14,4,18,4,40.6,871.0,3.0,6.65,75.0,1.5151515151515151,518.0072272069465,4.505012531328321,0.75,0.6015037593984962,3.333333333333333
2024-11-05 09:00:00,9,36,1,12,20,3,0,8,14,6,20,6,41.6,878.0,3.0,6.65,90.0,1.9833333333333332,565.0538408104197,6.951608187134502,0.9,1.2030075187969924,3.305555555555556
2024-11-05 10:00:00,10,41,4,13,22,2,0,9,16,7,23,7,31.883333333333333,846.0,4.0,9.9,102.5,2.088235294117647,562.0451476121563,6.698558758314856,1.025,0.9090909090909092,3.463414634146341
2024-11-05 11:00:00,11,47,4,14,26,3,0,11,20,7,27,7,32.88333333333333,748.0,4.0,9.9,117.5,3.076923076923077,634.1551476121563,7.782505910165486,1.175,1.1111111111111112,3.404255319148936
2024-11-05 12:00:00,12,48,4,12,28,4,0,9,19,8,27,8,29.016666666666666,239.0,4.0,9.9,120.0,3.076923076923077,615.360454413893,7.03030303030303,1.2,0.9090909090909092,3.333333333333333
2024-11-05 13:00:00,13,49,4,11,29,5,0,6,22,8,30,8,30.016666666666666,247.0,4.0,9.9,122.5,4.025,663.3454544138929,6.016341991341991,1.225,0.6060606060606061,3.2857142857142856
2024-11-05 14:00:00,14,54,4,11,31,8,0,10,25,8,33,8,31.016666666666666,295.0,4.0,9.9,135.0,6.178571428571429,719.9104544138929,7.561064347175458,1.35,1.0101010101010102,3.203703703703704
2024-11-05 15:00:00,15,52,3,10,30,9,0,7,28,4,32,4,28.683333333333334,283.5,4.0,9.9,130.0,5.09375,685.5872272069465,6.291394716394716,1.3,0.7070707070707071,3.1346153846153846
2024-11-05 16:00:00,16,48,4,9,27,8,0,6,27,4,31,4,29.683333333333334,339.0,4.0,9.9,120.0,4.25,669.2472272069465,5.756818181818182,1.2,0.6060606060606061,3.1875
2024-11-05 17:00:00,17,46,4,8,30,4,0,6,28,4,32,4,30.683333333333334,389.5,4.0,9.9,115.0,4.6875,683.9972272069464,5.726284584980236,1.15,0.6060606060606061,3.260869565217391
2024-11-05 18:00:00,18,41,3,9,25,4,0,5,29,2,31,2,31.683333333333334,440.0,4.0,9.9,102.5,3.7222222222222223,663.7756136034733,5.000652870165065,1.025,0.5050505050505051,3.268292682926829
2024-11-05 19:00:00,19,42,3,9,25,5,0,8,28,2,30,2,32.68333333333333,473.5,4.0,9.9,105.0,3.4,658.1606136034732,6.016642616642617,1.05,0.8080808080808081,3.238095238095238
2024-11-05 20:00:00,20,39,3,8,23,5,0,10,24,1,25,1,33.68333333333333,560.0,4.0,10.58,97.5,2.1,589.4973068017366,6.20365711792933,0.975,0.945179584120983,3.230769230769231
2024-11-05 21:00:00,21,37,2,8,21,6,0,5,23,0,23,0,34.68333333333333,620.0,4.0,10.58,92.5,1.7205882352941178,563.179,4.419405558677771,0.925,0.4725897920604915,3.1621621621621623
2024-11-05 22:00:00,22,35,2,7,23,3,0,8,22,0,22,0,35.68333333333333,653.5,3.0,7.33,87.5,2.092592592592593,551.1289999999999,6.348679594620932,0.875,1.0914051841746248,3.2285714285714286
2024-11-05 23:00:00,23,31,2,8,19,2,0,5,20,0,20,0,30.616666666666667,646.0,3.0,7.33,77.5,1.7166666666666666,487.173,4.841426088104564,0.775,0.6821282401091405,3.3225806451612905
2024-11-06 00:00:00,0,29,2,8,17,2,0,7,21,0,21,0,31.616666666666667,665.0,3.0,7.33,72.5,1.7017543859649122,501.923,5.61924189678694,0.725,0.9549795361527968,3.3448275862068964
2024-11-06 01:00:00,1,29,2,8,18,1,0,4,23,1,24,1,32.61666666666667,658.0,3.0,7.33,72.5,2.0416666666666665,548.6313068017366,4.294098414639884,0.725,0.5457025920873124,3.3793103448275863
2024-11-06 02:00:00,2,30,2,9,18,1,0,2,23,1,24,1,33.61666666666667,718.0,3.0,7.33,75.0,2.125,556.4163068017366,3.477694406548431,0.75,0.2728512960436562,3.4
2024-11-06 03:00:00,3,30,2,8,18,2,0,4,22,1,23,1,34.61666666666667,782.0,3.0,7.33,75.0,1.96078431372549,548.6563068017366,4.319008640291042,0.75,0.5457025920873124,3.333333333333333
2024-11-06 04:00:00,4,27,2,8,16,1,0,1,22,1,23,1,35.61666666666667,842.0,3.0,7.33,67.5,1.803921568627451,547.8613068017366,2.764857763629933,0.675,0.1364256480218281,3.4074074074074074
2024-11-06 05:00:00,5,28,2,7,18,1,0,2,23,1,24,1,36.61666666666667,898.0,3.0,7.33,70.0,1.9583333333333333,569.0463068017366,3.266000779575132,0.7,0.2728512960436562,3.357142857142857
2024-11-06 06:00:00,6,31,2,7,21,1,0,3,23,1,24,1,37.61666666666667,958.0,3.0,7.33,77.5,2.145833333333333,581.1213068017366,3.9348556528627374,0.775,0.4092769440654843,3.3225806451612905
2024-11-06 07:00:00,7,32,2,8,21,1,0,3,23,2,25,2,38.61666666666667,1014.0,3.0,7.33,80.0,2.3777777777777778,603.1746136034733,4.043519781718964,0.8,0.4092769440654843,3.34375
2024-11-06 08:00:00,8,31,2,8,20,1,0,3,24,2,26,2,39.61666666666667,1065.0,3.0,6.43,77.5,2.4761904761904763,620.0696136034733,4.165243565945919,0.775,0.4665629860031104,3.3548387096774195
2024-11-06 09:00:00,9,31,2,8,20,1,0,2,24,2,26,2,40.61666666666667,1105.5,3.0,6.43,77.5,2.4761904761904763,625.7096136034733,3.643495710630612,0.775,0.3110419906687403,3.3548387096774195
2024-11-06 10:00:00,10,35,2,7,26,0,0,10,23,2,25,2,41.61666666666667,1148.0,4.0,9.68,87.5,1.9333333333333331,626.5296136034732,6.323848878394334,0.875,1.0330578512396695,3.3142857142857145
2024-11-06 11:00:00,11,34,2,6,25,1,0,3,21,2,23,2,25.98333333333333,1147.0,4.0,9.68,85.0,1.6323529411764706,509.4126136034731,3.786789013125912,0.85,0.3099173553719008,3.264705882352941
2024-11-06 12:00:00,12,32,2,7,23,0,0,5,19,2,21,2,26.98333333333333,703.0,4.0,9.68,80.0,1.4078947368421053,483.9626136034733,4.402143595041324,0.8,0.5165289256198348,3.34375
2024-11-06 13:00:00,13,29,2,8,18,1,0,6,15,2,17,2,27.98333333333333,757.0,4.0,9.68,72.5,1.065217391304348,429.5676136034732,4.544613850099744,0.725,0.6198347107438017,3.3793103448275863
2024-11-06 14:00:00,14,26,2,7,17,0,0,5,15,1,16,1,28.98333333333333,634.0,4.0,9.68,65.0,0.9270833333333334,414.5043068017366,3.993118245390973,0.65,0.5165289256198348,3.423076923076923
2024-11-06 15:00:00,15,19,1,6,12,0,0,4,12,1,13,1,28.65,511.0,4.0,9.68,47.5,0.6018518518518519,357.40930680173665,3.0386581122227057,0.475,0.4132231404958678,3.421052631578948
2024-11-06 16:00:00,16,21,1,3,15,2,0,6,11,0,11,0,25.9,265.0,4.0,9.68,52.5,0.5689655172413793,318.521,3.5980519480519484,0.525,0.6198347107438017,3.142857142857143
2024-11-06 17:00:00,17,21,1,6,14,0,0,6,13,0,13,0,26.9,320.0,4.0,9.68,52.5,0.6574074074074074,350.961,3.8706316410861863,0.525,0.6198347107438017,3.380952380952381
2024-11-06 18:00:00,18,21,1,9,11,0,0,6,15,1,16,1,27.9,287.0,4.0,9.68,52.5,0.7708333333333334,397.66930680173664,4.03417945690673,0.525,0.6198347107438017,3.523809523809524
2024-11-06 19:00:00,19,27,2,9,16,0,0,11,15,3,18,3,28.9,170.5,4.0,9.68,67.5,1.068181818181818,444.7159204052098,6.306228956228956,0.675,1.1363636363636365,3.4814814814814814
2024-11-06 20:00:00,20,28,2,8,17,1,0,6,13,3,16,3,29.9,182.5,4.0,9.61,70.0,0.9895833333333334,425.7009204052098,4.49332912145087,0.7,0.6243496357960459,3.392857142857143
2024-11-06 21:00:00,21,29,2,8,18,1,0,8,12,3,15,3,30.9,244.0,4.0,9.61,72.5,0.98,420.0859204052098,5.263161577379885,0.725,0.8324661810613945,3.3793103448275863
2024-11-06 22:00:00,22,35,1,8,25,1,0,12,14,2,16,2,31.9,302.5,3.0,6.359999999999999,87.5,1.5833333333333333,451.1276136034732,8.995552560646901,0.875,1.886792452830189,3.257142857142857
2024-11-06 23:00:00,23,41,1,10,29,1,0,12,14,2,16,2,32.9,362.5,3.0,6.359999999999999,102.5,1.8611111111111112,469.6376136034732,9.51658996778647,1.025,1.886792452830189,3.268292682926829
2024-11-07 00:00:00,0,35,1,7,26,1,0,7,13,0,13,0,33.9,517.0,3.0,6.359999999999999,87.5,1.3950617283950617,420.471,6.378459119496856,0.875,1.1006289308176105,3.2285714285714286
2024-11-07 01:00:00,1,34,1,8,25,0,0,6,13,0,13,0,34.9,577.0,3.0,6.359999999999999,85.0,1.382716049382716,423.966,5.907658157602664,0.85,0.9433962264150944,3.294117647058824
2024-11-07 02:00:00,2,31,1,8,21,1,0,4,14,0,14,0,35.9,590.5,3.0,6.359999999999999,77.5,1.3076923076923077,436.571,4.619385270846014,0.775,0.628930817610063,3.290322580645161
2024-11-07 03:00:00,3,29,1,8,19,1,0,3,15,0,15,0,36.9,604.0,3.0,6.359999999999999,72.5,1.28,451.321,3.961483409238777,0.725,0.4716981132075472,3.310344827586207
2024-11-07 04:00:00,4,31,1,8,21,1,0,4,16,0,16,0,37.9,662.5,3.0,6.359999999999999,77.5,1.4166666666666667,474.651,4.619385270846014,0.775,0.628930817610063,3.290322580645161
2024-11-07 05:00:00,5,26,1,6,18,1,0,0,15,0,15,0,38.9,724.0,3.0,6.359999999999999,65.0,1.1333333333333333,456.166,2.125,0.65,0.0,3.269230769230769
2024-11-07 06:00:00,6,25,1,6,17,1,0,1,14,0,14,0,39.9,830.5,3.0,6.359999999999999,62.5,1.051282051282051,446.261,2.5657232704402517,0.625,0.1572327044025157,3.28
2024-11-07 07:00:00,7,29,1,6,20,2,0,5,15,0,15,0,40.9,844.0,3.0,6.359999999999999,72.5,1.24,473.881,4.846145087833442,0.725,0.7861635220125787,3.206896551724138
2024-11-07 08:00:00,8,28,1,7,16,4,0,6,16,0,16,0,41.9,902.5,3.0,6.55,70.0,1.2361111111111112,490.776,5.136668484187568,0.7,0.916030534351145,3.1785714285714284
2024-11-07 09:00:00,9,28,1,8,18,1,0,4,17,1,18,1,42.9,937.5,3.0,6.55,70.0,1.4090909090909092,524.0843068017366,4.3533533260632495,0.7,0.6106870229007634,3.321428571428572
2024-11-07 10:00:00,10,28,1,9,17,1,0,5,17,1,18,1,43.9,997.5,4.0,9.87,70.0,1.068181818181818,529.7243068017366,4.050680272108844,0.7,0.5065856129685917,3.357142857142857
2024-11-07 11:00:00,11,29,1,9,18,1,0,4,15,1,16,1,44.25,1057.5,4.0,9.87,72.5,1.0104166666666667,507.0433068017367,3.7805532264263007,0.725,0.4052684903748734,3.3448275862068964
2024-11-07 12:00:00,12,29,1,9,18,1,0,9,14,1,15,1,45.25,1094.0,4.0,9.87,72.5,0.97,499.2833068017367,5.474994759459176,0.725,0.9118541033434652,3.3448275862068964
2024-11-07 13:00:00,13,33,1,11,20,1,0,7,13,2,15,2,46.25,1073.0,4.0,9.87,82.5,1.11,514.3716136034732,5.16055770470664,0.825,0.7092198581560284,3.363636363636364
2024-11-07 14:00:00,14,28,1,10,17,0,0,5,14,2,16,2,47.25,1072.5,4.0,9.87,70.0,1.0,522.6866136034732,4.136864958749457,0.7,0.5065856129685917,3.4285714285714284
2024-11-07 15:00:00,15,29,1,10,18,0,0,6,13,2,15,2,48.25,1193.0,4.0,9.87,72.5,0.99,517.0716136034732,4.550254166229955,0.725,0.6079027355623101,3.413793103448276
2024-11-07 16:00:00,16,27,1,9,16,1,0,7,12,1,13,1,49.25,1253.0,4.0,9.87,67.5,0.8425925925925926,490.7533068017366,4.665333596007355,0.675,0.7092198581560284,3.3703703703703702
2024-11-07 17:00:00,17,23,1,9,13,0,0,3,14,1,15,1,50.25,1192.0,4.0,9.87,57.49999999999999,0.8,514.6133068017366,3.057222148804017,0.575,0.303951367781155,3.4782608695652173
2024-11-07 18:00:00,18,30,1,9,17,3,0,8,15,1,16,1,51.25,916.5,4.0,9.87,75.0,1.0208333333333333,548.6683068017367,5.097754137115839,0.75,0.8105369807497468,3.2666666666666666
2024-11-07 19:00:00,19,33,1,8,21,3,0,12,14,2,16,2,52.25,887.5,4.0,9.87,82.5,1.1041666666666667,561.6116136034732,6.555314543612416,0.825,1.2158054711246202,3.212121212121212
2024-11-07 20:00:00,20,39,1,8,28,2,0,13,14,2,16,2,53.25,947.5,4.0,10.33,97.5,1.3020833333333333,580.1216136034732,7.1585592126492426,0.975,1.2584704743465631,3.2051282051282053
2024-11-07 21:00:00,21,34,1,8,22,3,0,7,12,3,15,3,53.11666666666667,313.0,4.0,10.33,85.0,1.09,556.1129204052098,4.897427538295085,0.85,0.6776379477250726,3.2058823529411766
2024-11-07 22:00:00,22,32,1,6,20,5,0,9,11,1,12,1,54.11666666666667,508.0,3.0,7.01,80.0,1.1785714285714286,515.5263068017366,6.447004279600572,0.8,1.2838801711840229,3.09375
2024-11-07 23:00:00,23,26,1,5,18,2,0,5,12,1,13,1,55.11666666666667,433.0,3.0,7.01,65.0,1.0246913580246917,521.6963068017367,4.351966970262263,0.65,0.7132667617689016,3.1923076923076925
2024-11-08 00:00:00,0,27,2,4,16,5,0,5,12,1,13,1,56.11666666666667,493.0,3.0,7.01,67.5,1.037037037037037,529.4813068017367,4.319052147725471,0.675,0.7132667617689016,3.111111111111111
2024-11-08 01:00:00,1,27,1,4,18,4,0,5,12,1,13,1,57.11666666666667,553.0,3.0,7.01,67.5,1.0246913580246917,535.1213068017366,4.267634860252549,0.675,0.7132667617689016,3.074074074074074
2024-11-08 02:00:00,2,25,1,3,19,2,0,4,12,1,13,1,58.11666666666667,613.0,3.0,7.01,62.5,0.9629629629629628,536.4713068017365,3.7303138373751774,0.625,0.5706134094151213,3.12
2024-11-08 03:00:00,3,24,1,4,17,2,0,2,12,1,13,1,59.11666666666667,673.0,3.0,7.01,60.0,0.9382716049382716,539.9663068017367,2.803471231573942,0.6,0.2853067047075606,3.1666666666666665
2024-11-08 04:00:00,4,25,1,5,17,2,0,2,12,2,14,2,60.11666666666667,718.0,3.0,7.01,62.5,1.0256410256410255,562.0196136034732,2.912981455064194,0.625,0.2853067047075606,3.2
2024-11-08 05:00:00,5,26,1,5,18,2,0,1,13,2,15,2,61.11666666666667,763.0,3.0,7.01,65.0,1.106666666666667,583.2046136034733,2.530393394052453,0.65,0.1426533523537803,3.1923076923076925
2024-11-08 06:00:00,6,24,1,4,17,2,0,2,13,1,14,1,62.11666666666667,838.0,3.0,7.01,60.0,0.9743589743589745,570.2863068017366,2.803471231573942,0.6,0.2853067047075606,3.1666666666666665
2024-11-08 07:00:00,7,21,1,4,15,1,0,2,14,1,15,1,63.11666666666667,883.0,3.0,7.01,52.5,0.9066666666666666,582.8913068017366,2.6238502819101965,0.525,0.2853067047075606,3.238095238095238
2024-11-08 08:00:00,8,23,1,4,17,1,0,4,15,1,16,1,64.11666666666666,940.5,3.0,6.96,57.49999999999999,1.0277777777777777,606.2213068017365,3.6990754622688655,0.575,0.5747126436781609,3.217391304347826
2024-11-08 09:00:00,9,24,1,4,18,1,0,6,16,1,17,1,65.11666666666666,928.0,3.0,6.96,60.0,1.115942028985507,627.4063068017365,4.69080459770115,0.6,0.8620689655172414,3.208333333333333
2024-11-08 10:00:00,10,26,1,3,20,2,0,7,15,1,16,1,66.11666666666666,886.0,4.0,10.42,65.0,0.84375,623.9363068017366,4.117868743540528,0.65,0.6717850287907869,3.1153846153846154
2024-11-08 11:00:00,11,27,1,4,19,3,0,6,13,2,15,2,46.266666666666666,412.0,4.0,10.42,67.5,0.84,501.5956136034731,3.8914267434420986,0.675,0.5758157389635317,3.111111111111111
2024-11-08 12:00:00,12,28,1,3,20,4,0,6,11,2,13,2,47.266666666666666,198.0,4.0,10.42,70.0,0.7870370370370371,482.5806136034733,3.873012064710721,0.7,0.5758157389635317,3.0357142857142856
2024-11-08 13:00:00,13,28,2,3,19,4,0,8,11,2,13,2,48.266666666666666,160.0,4.0,10.42,70.0,0.8055555555555556,488.2206136034732,4.560522347134631,0.7,0.7677543186180422,3.107142857142857
2024-11-08 14:00:00,14,19,1,1,15,2,0,5,9,0,9,0,17.016666666666666,105.0,4.0,10.42,47.5,0.4677419354838709,237.329,2.9147944236791594,0.475,0.4798464491362764,3.0526315789473686
2024-11-08 15:00:00,15,19,1,1,16,1,0,4,9,0,9,0,18.016666666666666,137.0,4.0,10.42,47.5,0.4758064516129032,242.969,2.667039599959592,0.475,0.3838771593090211,3.1052631578947367
2024-11-08 16:00:00,16,16,0,1,14,1,0,5,5,0,5,0,19.016666666666666,122.0,4.0,10.42,40.0,0.3428571428571428,188.574,2.6395393474088293,0.4,0.4798464491362764,3.0
2024-11-08 17:00:00,17,17,1,0,14,2,0,5,5,0,5,0,20.016666666666666,138.0,4.0,10.42,42.5,0.3642857142857142,196.359,2.714539347408829,0.425,0.4798464491362764,3.0
2024-11-08 18:00:00,18,20,1,1,13,5,0,10,8,0,8,0,21.016666666666666,133.0,4.0,10.42,50.0,0.453125,248.634,4.233109404990403,0.5,0.9596928982725528,2.9
2024-11-08 19:00:00,19,18,1,2,11,4,0,8,8,0,8,0,22.016666666666666,112.0,4.0,10.42,45.0,0.421875,249.984,3.6532629558541263,0.45,0.7677543186180422,3.0
2024-11-08 20:00:00,20,20,0,3,17,0,0,8,8,0,8,0,23.016666666666666,106.0,4.0,12.86,50.0,0.4921875,259.914,3.534564541213064,0.5,0.6220839813374806,3.15
2024-11-08 21:00:00,21,24,0,4,18,2,0,11,12,0,12,0,24.016666666666666,112.5,4.0,12.86,60.0,0.6607142857142857,327.734,4.487376879212027,0.6,0.8553654743390358,3.083333333333333
2024-11-08 22:00:00,22,22,1,3,16,2,0,6,12,1,13,1,9.866666666666667,148.0,3.0,9.4,55.00000000000001,0.8518518518518519,257.9063068017366,3.726934235976789,0.55,0.6382978723404255,3.136363636363636
2024-11-08 23:00:00,23,19,0,2,12,5,0,7,9,0,9,0,10.866666666666667,166.0,3.0,9.4,47.5,0.5806451612903226,202.64300000000003,3.4664613661814108,0.475,0.7446808510638298,2.8421052631578947
2024-11-09 00:00:00,0,24,0,2,13,9,0,10,9,0,9,0,11.866666666666667,226.0,3.0,9.4,60.0,0.6989247311827957,219.008,4.506205673758866,0.6,1.0638297872340423,2.708333333333333
2024-11-09 01:00:00,1,20,0,2,9,9,0,2,9,0,9,0,12.866666666666667,286.0,3.0,9.4,50.0,0.5698924731182796,216.068,1.8888297872340425,0.5,0.2127659574468085,2.65
2024-11-09 02:00:00,2,18,0,2,9,7,0,5,10,0,10,0,13.866666666666667,332.5,3.0,9.4,45.0,0.5444444444444444,230.818,2.6729905437352244,0.45,0.5319148936170213,2.7222222222222223
2024-11-09 03:00:00,3,19,0,2,9,8,0,7,11,0,11,0,14.866666666666667,379.0,3.0,9.4,47.5,0.5862068965517241,252.003,3.273880179171332,0.475,0.7446808510638298,2.6842105263157894
2024-11-09 04:00:00,4,15,0,2,7,6,0,1,11,0,11,0,15.866666666666667,439.0,3.0,9.4,37.5,0.4712643678160919,249.063,1.3157801418439716,0.375,0.1063829787234042,2.7333333333333334
2024-11-09 05:00:00,5,15,0,2,8,5,0,5,10,0,10,0,11.35,492.0,3.0,9.4,37.5,0.4666666666666667,210.189,2.5393617021276595,0.375,0.5319148936170213,2.8
2024-11-09 06:00:00,6,15,0,3,9,3,0,2,12,0,12,0,12.35,524.0,3.0,9.4,37.5,0.5357142857142857,242.629,1.7632978723404251,0.375,0.2127659574468085,3.0
2024-11-09 07:00:00,7,19,0,5,10,4,0,5,12,1,13,1,13.35,563.0,3.0,9.4,47.5,0.7160493827160493,271.1173068017366,3.073740201567749,0.475,0.5319148936170213,3.0526315789473686
2024-11-09 08:00:00,8,21,1,5,10,5,0,3,14,1,15,1,14.35,586.0,3.0,7.109999999999999,52.5,0.8666666666666667,307.84730680173664,2.9310076351215595,0.525,0.4219409282700422,3.095238095238096
2024-11-09 09:00:00,9,19,1,5,11,2,0,4,12,0,12,0,15.35,664.5,3.0,7.109999999999999,47.5,0.7380952380952381,268.129,3.3858131615959737,0.475,0.5625879043600563,3.263157894736842
2024-11-09 10:00:00,10,22,1,4,15,2,0,5,11,0,11,0,16.35,514.0,4.0,10.98,55.00000000000001,0.603448275862069,266.804,3.1989153833416126,0.55,0.4553734061930783,3.1818181818181817
2024-11-09 11:00:00,11,19,0,3,13,3,0,9,10,0,10,0,17.35,186.0,4.0,10.98,47.5,0.475,252.609,3.8840163934426233,0.475,0.819672131147541,3.0
2024-11-09 12:00:00,12,29,0,5,17,7,0,15,11,0,11,0,18.35,164.0,4.0,10.98,72.5,0.7327586206896551,293.09900000000005,6.129145468249481,0.725,1.366120218579235,2.931034482758621
2024-11-09 13:00:00,13,35,0,6,23,6,0,14,13,0,13,0,19.35,173.0,4.0,10.98,87.5,0.9722222222222222,338.40900000000005,6.450136612021859,0.875,1.275045537340619,3.0
2024-11-09 14:00:00,14,25,0,6,15,4,0,2,11,0,11,0,20.35,195.0,4.0,10.98,62.5,0.6637931034482759,295.799,2.486020036429873,0.625,0.1821493624772313,3.08
2024-11-09 15:00:00,15,22,0,5,12,5,0,6,8,0,8,0,18.866666666666667,187.5,4.0,10.98,55.00000000000001,0.515625,240.798,3.289344262295082,0.55,0.5464480874316939,3.0
2024-11-09 16:00:00,16,20,1,4,13,2,0,8,8,0,8,0,19.866666666666667,178.5,4.0,10.98,50.0,0.5,242.148,3.931511839708561,0.5,0.7285974499089253,3.2
2024-11-09 17:00:00,17,21,0,4,11,6,0,12,8,0,8,0,20.866666666666667,207.5,4.0,10.98,52.5,0.4765625,249.933,4.699603174603173,0.525,1.092896174863388,2.9047619047619047
2024-11-09 18:00:00,18,17,0,4,10,3,0,3,8,1,9,1,21.866666666666667,159.0,4.0,10.98,42.5,0.4193548387096774,261.2613068017366,2.135744133719061,0.425,0.2732240437158469,3.0588235294117645
2024-11-09 19:00:00,19,16,0,3,6,7,0,8,6,1,7,1,12.016666666666667,152.0,4.0,10.98,40.0,0.3333333333333333,176.7623068017366,3.103642987249545,0.4,0.7285974499089253,2.75
2024-11-09 20:00:00,20,12,0,3,7,2,0,5,4,1,5,1,13.016666666666667,121.0,4.0,11.65,30.0,0.2642857142857143,147.0223068017366,2.2483190271816884,0.3,0.4291845493562232,3.083333333333333
2024-11-09 21:00:00,21,10,0,3,6,1,0,6,2,1,3,1,14.016666666666667,122.0,4.0,11.65,25.0,0.2162162162162162,121.5723068017366,2.4480686695278973,0.25,0.5150214592274679,3.2
2024-11-09 22:00:00,22,11,0,4,6,1,0,4,1,2,3,2,15.016666666666667,178.0,3.0,7.779999999999999,27.500000000000004,0.3243243243243243,130.22561360347322,2.5826361299369016,0.275,0.5141388174807199,3.272727272727273
2024-11-09 23:00:00,23,10,0,3,6,1,0,6,1,2,3,2,16.016666666666666,105.0,3.0,7.779999999999999,25.0,0.2882882882882883,133.72061360347325,3.2678663239074552,0.25,0.7712082262210798,3.2
2024-11-10 00:00:00,0,11,0,3,5,3,0,6,3,2,5,2,17.016666666666666,68.0,3.0,7.779999999999999,27.500000000000004,0.3142857142857143,168.3056136034732,3.138624678663239,0.275,0.7712082262210798,3.0
2024-11-10 01:00:00,1,14,0,3,8,3,0,8,6,2,8,2,18.016666666666666,105.5,3.0,7.779999999999999,35.0,0.4375,220.58061360347324,4.134832904884319,0.35,1.0282776349614398,3.0
2024-11-10 02:00:00,2,13,0,3,8,2,0,3,5,1,6,1,19.016666666666666,165.5,3.0,7.779999999999999,32.5,0.392156862745098,196.4073068017366,2.1864741941862764,0.325,0.3856041131105399,3.076923076923077
2024-11-10 03:00:00,3,11,0,3,6,2,0,2,5,1,6,1,20.016666666666666,225.5,3.0,7.779999999999999,27.500000000000004,0.3333333333333333,197.7573068017366,1.644578172470203,0.275,0.2570694087403599,3.090909090909091
2024-11-10 04:00:00,4,11,0,4,6,1,0,2,5,1,6,1,21.016666666666666,253.0,3.0,7.779999999999999,27.500000000000004,0.3529411764705882,203.39730680173665,1.7413180649684508,0.275,0.2570694087403599,3.272727272727273
2024-11-10 05:00:00,5,15,0,4,10,1,0,4,5,1,6,1,22.016666666666666,313.0,3.0,7.779999999999999,37.5,0.4705882352941176,217.61730680173665,2.845244215938304,0.375,0.5141388174807199,3.2
2024-11-10 06:00:00,6,10,0,3,6,1,0,1,4,1,5,1,23.016666666666666,342.0,3.0,7.779999999999999,25.0,0.3047619047619048,199.1323068017366,1.2113110539845762,0.25,0.1285347043701799,3.2
2024-11-10 07:00:00,7,12,0,3,7,2,0,2,4,1,5,1,24.016666666666666,402.0,3.0,7.779999999999999,30.0,0.3523809523809524,209.06230680173655,1.7176306769494432,0.3,0.2570694087403599,3.083333333333333
2024-11-10 08:00:00,8,15,0,4,9,2,0,9,8,1,9,1,25.016666666666666,295.0,3.0,7.109999999999999,37.5,0.5053763440860215,274.7373068017366,5.141244725738397,0.375,1.2658227848101269,3.1333333333333333
2024-11-10 09:00:00,9,16,1,4,9,2,0,3,9,1,10,1,26.016666666666666,237.0,3.0,7.109999999999999,40.0,0.5777777777777777,295.92230680173657,2.6713080168776373,0.4,0.4219409282700422,3.25
2024-11-10 10:00:00,10,21,0,4,15,2,0,11,8,1,9,1,11.133333333333333,164.0,4.0,10.36,52.5,0.5241935483870968,209.30530680173663,4.911449715021145,0.525,1.061776061776062,3.095238095238096
2024-11-10 11:00:00,11,27,0,4,22,1,0,14,9,1,10,1,12.133333333333333,221.5,4.0,10.36,67.5,0.7,241.21530680173657,6.304204204204205,0.675,1.351351351351351,3.111111111111111
2024-11-10 12:00:00,12,29,1,4,23,1,0,12,7,3,10,3,13.133333333333333,211.0,4.0,10.36,72.5,0.7666666666666667,252.88192040520985,5.974610571162295,0.725,1.1583011583011584,3.1724137931034484
2024-11-10 13:00:00,13,30,2,4,23,1,0,11,6,4,10,4,12.7,228.0,4.0,10.36,75.0,0.8083333333333333,253.45122720694644,5.858075933075933,0.75,1.061776061776062,3.2333333333333334
2024-11-10 14:00:00,14,30,2,3,24,1,0,9,7,4,11,4,13.7,170.0,4.0,10.36,75.0,0.8275862068965517,272.49122720694646,5.17992277992278,0.75,0.8687258687258688,3.2
2024-11-10 15:00:00,15,33,1,6,25,1,0,12,9,3,12,3,14.7,228.0,4.0,10.36,82.5,0.9464285714285714,297.09792040520983,6.370603720603721,0.825,1.1583011583011584,3.212121212121212
2024-11-10 16:00:00,16,36,0,9,23,4,0,15,11,2,13,2,15.7,232.0,4.0,10.36,90.0,1.0462962962962965,321.70461360347326,7.369723294723294,0.9,1.447876447876448,3.138888888888889
2024-11-10 17:00:00,17,33,0,9,21,3,0,6,11,2,13,2,16.7,292.0,4.0,10.36,82.5,0.9722222222222222,320.90961360347325,4.467751842751842,0.825,0.5791505791505792,3.1818181818181817
2024-11-10 18:00:00,18,26,0,7,19,0,0,7,12,1,13,1,17.7,255.0,4.0,10.36,65.0,0.7870370370370371,310.6663068017366,4.33393970893971,0.65,0.6756756756756757,3.269230769230769
2024-11-10 19:00:00,19,26,0,6,20,0,0,5,11,0,11,0,18.7,315.0,4.0,10.36,65.0,0.7241379310344828,288.63800000000003,3.65925155925156,0.65,0.4826254826254826,3.230769230769231
2024-11-10 20:00:00,20,24,0,4,19,1,0,14,11,0,11,0,19.7,375.0,4.0,11.03,60.0,0.646551724137931,289.988,5.841455122393473,0.6,1.2692656391659112,3.125
2024-11-10 21:00:00,21,24,0,3,19,2,0,14,11,1,12,1,17.916666666666668,274.0,4.0,11.03,60.0,0.6517857142857143,294.19830680173663,5.685682985796313,0.6,1.2692656391659112,3.0416666666666665
2024-11-10 22:00:00,22,20,0,3,17,0,0,6,13,1,14,1,18.916666666666668,206.0,3.0,7.779999999999999,50.0,0.8076923076923077,318.0583068017366,4.004305912596402,0.5,0.7712082262210798,3.15
2024-11-10 23:00:00,23,25,1,4,19,1,0,9,13,1,14,1,19.916666666666668,253.5,3.0,7.779999999999999,62.5,1.0256410256410255,334.4233068017366,5.701799485861184,0.625,1.1568123393316196,3.2
2024-11-11 00:00:00,0,21,1,4,15,1,0,6,15,0,15,0,20.916666666666668,255.0,3.0,7.779999999999999,52.5,0.9066666666666666,344.015,4.1972456849063535,0.525,0.7712082262210798,3.238095238095238
2024-11-11 01:00:00,1,18,1,4,13,0,0,2,15,1,16,1,21.916666666666668,300.5,3.0,7.779999999999999,45.0,0.8333333333333334,357.4883068017366,2.356898029134533,0.45,0.2570694087403599,3.333333333333333
2024-11-11 02:00:00,2,22,1,5,16,0,0,6,16,1,17,1,22.916666666666668,346.0,3.0,7.779999999999999,55.00000000000001,1.0579710144927537,385.1083068017366,4.384009114279038,0.55,0.7712082262210798,3.3181818181818183
2024-11-11 03:00:00,3,24,1,5,18,0,0,2,17,1,18,1,23.916666666666668,377.0,3.0,7.779999999999999,60.0,1.196969696969697,408.43830680173664,2.821186803770351,0.6,0.2570694087403599,3.2916666666666665
2024-11-11 04:00:00,4,20,0,5,15,0,0,1,16,0,16,0,24.916666666666668,480.5,3.0,7.779999999999999,50.0,0.9027777777777778,377.83,2.042737789203085,0.5,0.1285347043701799,3.25
2024-11-11 05:00:00,5,20,0,4,15,1,0,3,16,0,16,0,25.916666666666668,540.5,3.0,7.779999999999999,50.0,0.875,383.47,2.7896529562982004,0.5,0.3856041131105399,3.15
2024-11-11 06:00:00,6,19,0,4,13,2,0,2,16,0,16,0,26.916666666666668,600.5,3.0,7.779999999999999,47.5,0.8194444444444444,386.965,2.273268163983223,0.475,0.2570694087403599,3.1052631578947367
2024-11-11 07:00:00,7,20,0,4,14,2,0,5,17,0,17,0,27.916666666666668,646.0,3.0,7.779999999999999,50.0,0.8985507246376812,408.15,3.542287917737789,0.5,0.6426735218508998,3.1
2024-11-11 08:00:00,8,25,0,6,18,1,0,6,19,0,19,0,28.916666666666668,648.0,3.0,7.13,62.5,1.2698412698412698,451.31500000000005,4.692847124824684,0.625,0.8415147265077139,3.2
2024-11-11 09:00:00,9,33,0,7,25,1,0,9,19,1,20,1,29.916666666666668,687.0,3.0,7.13,82.5,1.75,488.3833068017366,6.641320285604999,0.825,1.262272089761571,3.1818181818181817
2024-11-11 10:00:00,10,35,0,8,24,3,0,10,20,1,21,1,30.916666666666668,726.0,4.0,10.83,87.5,1.4473684210526316,511.7133068017366,5.651991821659411,0.875,0.9233610341643582,3.142857142857143
2024-11-11 11:00:00,11,36,4,8,21,3,0,10,22,1,23,1,31.916666666666668,677.0,4.0,10.83,90.0,1.7794117647058822,546.2983068017365,6.128519031496871,0.9,0.9233610341643582,3.361111111111111
2024-11-11 12:00:00,12,33,4,6,21,2,0,5,21,1,22,1,26.633333333333333,470.0,4.0,10.83,82.5,1.5416666666666667,496.6653068017366,4.327925375640057,0.825,0.4616805170821791,3.363636363636364
2024-11-11 13:00:00,13,35,4,7,23,1,0,7,23,1,24,1,27.633333333333333,292.5,4.0,10.83,87.5,1.859375,533.3953068017366,5.172599261311173,0.875,0.6463527239150508,3.4
2024-11-11 14:00:00,14,34,4,6,23,1,0,6,22,2,24,2,28.633333333333333,308.5,4.0,10.83,85.0,1.796875,537.7586136034732,4.748879745804139,0.85,0.554016620498615,3.3823529411764706
2024-11-11 15:00:00,15,28,3,3,21,1,0,4,16,1,17,1,29.633333333333333,259.0,4.0,10.83,70.0,1.0,435.86030680173656,3.513560216330299,0.7,0.3693444136657433,3.2857142857142856
2024-11-11 16:00:00,16,26,2,5,17,2,0,7,12,3,15,3,30.633333333333333,189.0,4.0,10.83,65.0,0.85,412.1469204052098,4.238076212799204,0.65,0.6463527239150508,3.269230769230769
2024-11-11 17:00:00,17,30,2,7,19,2,0,6,15,3,18,3,31.633333333333333,218.5,4.0,10.83,75.0,1.125,466.5669204052098,4.303254847645429,0.75,0.554016620498615,3.3
2024-11-11 18:00:00,18,34,2,7,23,2,0,7,17,3,20,3,32.63333333333333,252.5,4.0,10.83,85.0,1.3875,507.58692040520987,4.885151539840313,0.85,0.6463527239150508,3.264705882352941
2024-11-11 19:00:00,19,36,3,6,24,3,0,11,23,2,25,2,33.63333333333333,211.0,4.0,10.83,90.0,1.95,583.6486136034732,6.226015697137581,0.9,1.0156971375807942,3.25
2024-11-11 20:00:00,20,44,3,6,27,8,0,12,25,2,27,2,34.63333333333333,223.0,4.0,10.48,110.0,2.6153846153846154,633.2486136034732,6.939208882720333,1.1,1.1450381679389312,3.090909090909091
2024-11-11 21:00:00,21,46,3,6,27,10,0,7,25,1,26,1,35.63333333333333,278.0,4.0,10.48,115.0,2.5,628.9103068017366,5.532857616993031,1.15,0.6679389312977099,3.0434782608695654
2024-11-11 22:00:00,22,43,3,6,29,5,0,13,25,1,26,1,36.63333333333333,338.0,3.0,6.779999999999999,107.5,3.238095238095238,628.1153068017367,9.46434794539343,1.075,1.9174041297935105,3.1627906976744184
2024-11-11 23:00:00,23,41,3,6,27,5,0,9,25,0,25,0,37.63333333333333,393.0,3.0,6.779999999999999,102.5,2.888888888888889,615.197,7.458935894668683,1.025,1.327433628318584,3.1707317073170733
2024-11-12 00:00:00,0,44,3,6,30,5,0,12,25,0,25,0,38.63333333333333,453.0,3.0,6.779999999999999,110.0,3.088888888888889,627.2719999999999,9.066311343523733,1.1,1.7699115044247788,3.159090909090909
2024-11-12 01:00:00,1,37,3,7,23,4,0,3,25,1,26,1,39.63333333333333,496.5,3.0,6.779999999999999,92.5,2.857142857142857,632.1653068017366,4.435063381966037,0.925,0.4424778761061947,3.2432432432432434
2024-11-12 02:00:00,2,40,3,7,26,4,0,5,25,1,26,1,40.63333333333333,556.5,3.0,6.779999999999999,100.0,3.071428571428572,644.2403068017367,5.603318584070797,1.0,0.7374631268436579,3.225
2024-11-12 03:00:00,3,40,3,7,25,5,0,6,25,1,26,1,41.63333333333333,616.5,3.0,6.779999999999999,100.0,3.0476190476190474,649.8803068017367,6.031858407079646,1.0,0.8849557522123894,3.2
2024-11-12 04:00:00,4,44,3,9,28,4,0,7,27,1,28,1,42.63333333333333,658.5,3.0,6.779999999999999,110.0,3.9722222222222223,690.9003068017366,6.930457227138644,1.1,1.032448377581121,3.25
2024-11-12 05:00:00,5,38,3,9,23,3,0,0,27,1,28,1,43.63333333333333,718.5,3.0,6.779999999999999,95.0,3.5,683.6703068017366,3.15,0.95,0.0,3.3157894736842106
2024-11-12 06:00:00,6,43,3,8,29,3,0,6,27,1,28,1,44.63333333333333,778.5,3.0,6.779999999999999,107.5,3.888888888888889,700.0353068017366,6.381251286272896,1.075,0.8849557522123894,3.255813953488372
2024-11-12 07:00:00,7,41,3,8,27,3,0,3,28,1,29,1,45.63333333333333,837.0,3.0,6.779999999999999,102.5,4.0606060606060606,714.7853068017366,4.79614720483488,1.025,0.4424778761061947,3.268292682926829
2024-11-12 08:00:00,8,40,3,8,26,3,0,1,28,1,29,1,46.63333333333333,897.0,3.0,6.68,100.0,3.9696969696969697,718.2803068017366,3.765269461077844,1.0,0.1497005988023952,3.275
2024-11-12 09:00:00,9,38,3,7,26,2,0,3,29,1,30,1,47.63333333333333,913.0,3.0,6.68,95.0,4.166666666666667,733.0303068017365,4.602308540813111,0.95,0.4491017964071856,3.289473684210526
2024-11-12 10:00:00,10,45,3,9,30,3,0,12,31,1,32,1,48.63333333333333,908.0,4.0,9.93,112.5,4.59375,780.4853068017367,7.622633434038267,1.125,1.2084592145015105,3.2666666666666666
2024-11-12 11:00:00,11,54,3,11,35,5,0,11,34,1,35,1,49.63333333333333,813.0,4.0,9.93,135.0,8.7,845.6303068017367,7.919430457647981,1.35,1.107754279959718,3.2222222222222223
2024-11-12 12:00:00,12,54,5,12,32,5,0,9,34,2,36,2,28.816666666666663,538.5,4.0,9.93,135.0,11.1875,742.4926136034732,7.479363880496812,1.35,0.9063444108761328,3.314814814814815
2024-11-12 13:00:00,13,61,6,12,39,4,0,13,35,5,40,5,27.53333333333333,233.5,4.0,9.93,152.5,50.75,806.4745340086831,9.431726594357222,1.525,1.3091641490433032,3.3278688524590163
2024-11-12 14:00:00,14,53,4,12,33,4,0,5,28,5,33,5,22.95,261.0,4.0,9.93,132.5,6.25,669.6645340086831,6.037581466491857,1.325,0.5035246727089627,3.30188679245283
2024-11-12 15:00:00,15,53,2,11,37,3,0,7,29,2,31,2,23.95,312.0,4.0,9.93,132.5,4.75,645.8996136034732,6.549411446160861,1.325,0.7049345417925479,3.2264150943396226
2024-11-12 16:00:00,16,46,2,9,32,3,0,4,27,2,29,2,24.95,335.0,4.0,9.93,115.0,3.363636363636364,609.7246136034732,4.996028722798721,1.15,0.4028197381671702,3.217391304347826
2024-11-12 17:00:00,17,47,1,9,34,3,0,5,27,3,30,3,25.95,378.0,4.0,9.93,117.5,3.725,631.7779204052098,5.321280345396499,1.175,0.5035246727089627,3.1702127659574466
2024-11-12 18:00:00,18,54,0,10,39,5,0,13,28,2,30,2,26.95,411.5,4.0,9.93,135.0,4.175,651.5646136034732,8.223711349819105,1.35,1.3091641490433032,3.092592592592593
2024-11-12 19:00:00,19,56,0,8,43,5,0,9,29,2,31,2,27.95,436.0,4.0,9.93,140.0,4.75,674.8946136034733,7.042587397496763,1.4,0.9063444108761328,3.0535714285714284
2024-11-12 20:00:00,20,57,0,10,42,5,0,12,30,1,31,1,28.95,483.0,4.0,11.0,142.5,4.888888888888889,681.8113068017367,7.768421052631577,1.425,1.0909090909090908,3.087719298245614
2024-11-12 21:00:00,21,55,0,10,41,4,0,9,32,2,34,2,29.95,527.0,4.0,11.0,137.5,7.125,724.2296136034732,6.818801652892562,1.375,0.8181818181818182,3.109090909090909
2024-11-12 22:00:00,22,52,0,9,38,5,0,8,32,1,33,1,30.95,589.0,3.0,7.75,130.0,7.619047619047619,709.1663068017366,7.176178660049628,1.3,1.032258064516129,3.076923076923077
2024-11-12 23:00:00,23,51,0,9,39,3,0,7,33,1,34,1,31.95,647.0,3.0,7.75,127.5,8.833333333333334,726.0613068017366,6.7909392789373815,1.275,0.9032258064516128,3.117647058823529
2024-11-13 00:00:00,0,47,0,8,36,3,0,3,33,1,34,1,32.95,707.0,3.0,7.75,117.5,8.11111111111111,723.1213068017366,4.852470830473576,1.175,0.3870967741935484,3.106382978723404
2024-11-13 01:00:00,1,45,1,9,32,3,0,7,32,1,33,1,33.95,769.0,3.0,7.75,112.5,6.809523809523809,711.0713068017367,6.445250896057347,1.125,0.9032258064516128,3.1777777777777776
2024-11-13 02:00:00,2,43,2,9,29,3,0,5,33,1,34,1,34.95,827.0,3.0,7.75,107.5,7.722222222222222,725.8213068017367,5.560521380345087,1.075,0.6451612903225806,3.232558139534884
2024-11-13 03:00:00,3,46,2,9,30,5,0,5,33,1,34,1,35.95,887.0,3.0,7.75,115.0,8.11111111111111,737.8963068017366,5.697685834502103,1.15,0.6451612903225806,3.1739130434782608
2024-11-13 04:00:00,4,45,1,9,31,4,0,4,34,1,35,1,36.95,945.0,3.0,7.75,112.5,9.466666666666669,754.7913068017366,5.178673835125448,1.125,0.5161290322580645,3.1555555555555554
2024-11-13 05:00:00,5,43,1,10,29,3,0,2,34,1,35,1,37.95,1005.0,3.0,7.75,107.5,9.2,756.1413068017366,4.278207051762941,1.075,0.2580645161290322,3.2093023255813957
2024-11-13 06:00:00,6,43,1,9,30,3,0,2,34,1,35,1,38.95,1065.0,3.0,7.75,107.5,9.133333333333333,761.7813068017366,4.247205551387847,1.075,0.2580645161290322,3.186046511627907
2024-11-13 07:00:00,7,44,1,9,31,3,0,2,35,1,36,1,39.95,1121.0,3.0,7.75,110.0,11.666666666666666,782.9663068017367,4.321114369501466,1.1,0.2580645161290322,3.1818181818181817
2024-11-13 08:00:00,8,45,1,8,31,5,0,6,36,0,36,0,40.95,1181.0,3.0,6.4,112.5,11.666666666666666,789.883,6.416666666666667,1.125,0.9375,3.111111111111111
2024-11-13 09:00:00,9,55,1,9,39,6,0,12,38,0,38,0,41.95,1187.0,3.0,6.4,137.5,28.33333333333333,843.7729999999999,10.045454545454543,1.375,1.875,3.090909090909091
2024-11-13 10:00:00,10,53,2,8,39,4,0,5,37,0,37,0,42.95,1097.0,4.0,9.72,132.5,13.916666666666666,831.723,5.795855656495069,1.325,0.51440329218107,3.150943396226415
2024-11-13 11:00:00,11,48,2,7,36,3,0,5,35,0,35,0,43.95,1107.0,4.0,9.72,120.0,7.6,799.8380000000001,5.428943758573388,1.2,0.51440329218107,3.1666666666666665
2024-11-13 12:00:00,12,44,2,5,34,3,0,6,29,0,29,0,44.95,1110.0,4.0,9.72,110.0,3.136363636363636,716.498,5.386026936026936,1.1,0.6172839506172839,3.136363636363636
2024-11-13 13:00:00,13,37,2,5,28,2,0,1,29,0,29,0,45.95,1170.0,4.0,9.72,92.5,2.6818181818181817,707.123,3.27810588366144,0.925,0.1028806584362139,3.189189189189189
2024-11-13 14:00:00,14,39,2,4,31,2,0,9,26,0,26,0,46.95,1185.5,4.0,9.72,97.5,2.196428571428572,676.8530000000001,5.99522792022792,0.975,0.9259259259259258,3.1538461538461537
2024-11-13 15:00:00,15,37,2,3,26,5,1,7,24,1,25,1,41.55,1181.0,4.0,9.72,92.5,1.85,629.5753068017366,4.935493827160494,0.925,0.7201646090534979,3.0
2024-11-13 16:00:00,16,39,2,3,29,5,0,6,25,1,26,1,42.55,1204.5,4.0,9.72,97.5,2.125,652.9053068017366,4.858507439062994,0.975,0.6172839506172839,3.051282051282051
2024-11-13 17:00:00,17,41,2,5,28,6,0,9,26,1,27,1,30.9,1003.0,4.0,9.72,102.5,2.423076923076923,604.8893068017366,5.9955284552845525,1.025,0.9259259259259258,3.073170731707317
2024-11-13 18:00:00,18,40,2,6,28,4,0,9,24,2,26,2,31.9,975.0,4.0,9.72,100.0,2.25,595.8526136034732,6.066666666666666,1.0,0.9259259259259258,3.15
2024-11-13 19:00:00,19,37,3,5,25,4,0,6,24,3,27,3,32.9,947.0,4.0,9.72,92.5,2.269230769230769,609.3259204052099,4.918635301968635,0.925,0.6172839506172839,3.189189189189189
2024-11-13 20:00:00,20,42,3,6,30,3,0,9,23,4,27,4,33.9,1007.0,4.0,10.42,105.0,2.5961538461538463,626.5592272069464,6.151254455717028,1.05,0.8637236084452975,3.2142857142857144
2024-11-13 21:00:00,21,44,3,7,33,1,0,8,24,3,27,3,34.9,1067.0,4.0,10.42,110.0,2.769230769230769,635.6209204052099,6.112650497295411,1.1,0.7677543186180422,3.272727272727273
2024-11-13 22:00:00,22,40,3,7,29,1,0,6,24,3,27,3,35.9,1127.0,3.0,7.1,100.0,3.3846153846153846,632.6809204052098,6.088732394366198,1.0,0.8450704225352114,3.3
2024-11-13 23:00:00,23,45,2,8,33,2,0,10,24,2,26,2,36.9,1275.0,3.0,7.1,112.5,3.452380952380953,634.7776136034732,8.163341158059469,1.125,1.4084507042253522,3.2222222222222223
2024-11-14 00:00:00,0,38,2,8,26,2,0,5,23,2,25,2,37.9,1423.0,3.0,7.1,95.0,2.7555555555555555,612.0026136034733,5.397998517420311,0.95,0.7042253521126761,3.263157894736842
2024-11-14 01:00:00,1,39,2,7,28,2,0,3,23,2,25,2,38.9,1483.0,3.0,7.1,97.5,2.8,619.7876136034732,4.515113759479957,0.975,0.4225352112676057,3.230769230769231
2024-11-14 02:00:00,2,38,2,7,26,3,0,7,24,2,26,2,39.9,1455.0,3.0,7.1,95.0,2.9047619047619047,636.6826136034732,6.215307635285397,0.95,0.9859154929577464,3.210526315789474
2024-11-14 03:00:00,3,41,2,9,27,3,0,6,24,2,26,2,40.9,1515.0,3.0,7.1,102.5,3.1666666666666665,648.7576136034733,6.066326004809345,1.025,0.8450704225352114,3.2439024390243905
2024-11-14 04:00:00,4,36,3,7,25,1,0,2,25,1,26,1,41.9,1575.0,3.0,7.1,90.0,2.857142857142857,642.8043068017366,3.938967136150235,0.9,0.2816901408450704,3.333333333333333
2024-11-14 05:00:00,5,34,3,5,25,1,0,2,26,0,26,0,42.9,1635.0,3.0,7.1,85.0,2.6666666666666665,643.2860000000001,3.727920463960232,0.85,0.2816901408450704,3.294117647058824
2024-11-14 06:00:00,6,34,3,5,25,1,0,1,26,0,26,0,43.9,1695.0,3.0,7.1,85.0,2.6666666666666665,648.926,3.263960231980116,0.85,0.1408450704225352,3.294117647058824
2024-11-14 07:00:00,7,32,3,5,24,0,0,1,26,0,26,0,44.9,1755.0,3.0,7.1,80.0,2.5476190476190474,650.2760000000001,3.1459507042253523,0.8,0.1408450704225352,3.34375
2024-11-14 08:00:00,8,37,4,5,25,2,1,6,27,0,27,0,45.9,1727.0,3.0,8.69,92.5,3.076923076923077,680.0409999999999,5.239293378533885,0.925,0.6904487917146145,3.2432432432432434
2024-11-14 09:00:00,9,45,3,7,28,7,0,12,27,0,27,0,46.9,1584.0,3.0,8.69,112.5,3.615384615384616,702.8409999999999,7.851812428078251,1.125,1.380897583429229,3.1333333333333333
2024-11-14 10:00:00,10,45,2,7,30,6,0,8,27,0,27,0,47.9,1455.0,4.0,12.01,112.5,2.6923076923076925,708.481,5.5723471181422894,1.125,0.6661115736885929,3.111111111111111
2024-11-14 11:00:00,11,44,2,7,30,5,0,8,27,0,27,0,48.9,1502.0,4.0,12.01,110.0,2.6538461538461537,711.976,5.53916811747786,1.1,0.6661115736885929,3.136363636363636
2024-11-14 12:00:00,12,50,3,8,30,9,0,14,30,0,30,0,49.9,1105.5,4.0,12.01,125.0,3.875,770.6859999999999,7.488655287260618,1.25,1.1656952539550376,3.1
2024-11-14 13:00:00,13,51,3,8,32,7,1,10,29,0,29,0,50.9,981.0,4.0,12.01,127.5,3.590909090909091,765.0709999999999,6.529549721637198,1.275,0.8326394671107411,3.0980392156862746
2024-11-14 14:00:00,14,48,4,9,29,6,0,11,23,1,24,1,49.75,248.5,4.0,12.01,120.0,2.421875,686.0183068017366,6.832604773799612,1.2,0.9159034138218152,3.2291666666666665
2024-11-14 15:00:00,15,42,5,8,26,3,0,7,21,2,23,2,46.45,234.0,4.0,12.01,105.0,2.073529411764706,642.0046136034732,5.481702747710242,1.05,0.5828476269775188,3.357142857142857
2024-11-14 16:00:00,16,34,4,8,20,2,0,4,20,1,21,1,46.1,294.0,4.0,12.01,85.0,1.5263157894736843,595.2023068017367,4.036307978645247,0.85,0.3330557868442964,3.411764705882353
2024-11-14 17:00:00,17,35,5,7,21,2,0,6,22,1,23,1,47.1,323.0,4.0,12.01,87.5,1.7647058823529411,629.7873068017366,4.712858332342096,0.875,0.4995836802664446,3.4285714285714284
2024-11-14 18:00:00,18,35,5,7,20,3,0,7,23,0,23,0,48.1,383.0,4.0,12.01,87.5,1.75,634.559,4.956681931723564,0.875,0.5828476269775188,3.4
2024-11-14 19:00:00,19,35,4,6,20,5,0,9,22,1,23,1,49.1,425.0,4.0,12.01,87.5,1.6764705882352942,641.0673068017365,5.290823123587487,0.875,0.7493755203996669,3.257142857142857
2024-11-14 20:00:00,20,37,4,6,25,2,0,8,27,1,28,1,50.1,455.5,4.0,10.69,92.5,2.5625,717.9973068017366,5.562801178166005,0.925,0.7483629560336764,3.324324324324324
2024-11-14 21:00:00,21,40,4,7,27,2,0,10,26,1,27,1,51.1,507.0,4.0,10.69,100.0,2.5576923076923075,716.6723068017366,6.435383536014967,1.0,0.9354536950420954,3.325
2024-11-14 22:00:00,22,42,4,7,29,2,0,10,27,2,29,2,49.46666666666667,515.0,3.0,7.37,105.0,4.212121212121212,739.4186136034732,7.965534341280609,1.05,1.35685210312076,3.3095238095238093
2024-11-14 23:00:00,23,48,4,6,33,5,0,12,26,2,28,2,50.46666666666667,426.0,3.0,7.37,120.0,4.25,744.5286136034732,9.014959294436906,1.2,1.6282225237449115,3.1875
2024-11-15 00:00:00,0,43,4,5,31,3,0,7,26,2,28,2,51.46666666666667,486.0,3.0,7.37,107.5,3.861111111111111,739.4436136034733,6.545272317061626,1.075,0.949796472184532,3.232558139534884
2024-11-15 01:00:00,1,43,4,5,31,3,0,6,26,2,28,2,52.46666666666667,546.0,3.0,7.37,107.5,3.861111111111111,745.0836136034732,6.106661986052822,1.075,0.8141112618724559,3.232558139534884
2024-11-15 02:00:00,2,44,5,5,30,4,0,7,26,2,28,2,53.46666666666667,606.0,3.0,7.37,110.0,3.9722222222222223,752.8686136034732,6.661838534599729,1.1,0.949796472184532,3.25
2024-11-15 03:00:00,3,44,5,6,30,3,0,4,26,1,27,1,54.46666666666667,714.0,3.0,7.37,110.0,3.717948717948718,744.2403068017367,5.413577772295548,1.1,0.5427408412483039,3.2954545454545454
2024-11-15 04:00:00,4,42,5,6,29,2,0,4,26,1,27,1,55.46666666666667,774.0,3.0,7.37,105.0,3.58974358974359,745.5903068017367,5.309136137494347,1.05,0.5427408412483039,3.333333333333333
2024-11-15 05:00:00,5,41,4,6,29,2,0,1,27,0,27,0,56.46666666666667,834.0,3.0,7.37,102.5,3.4615384615384617,748.217,3.8217683754178102,1.025,0.1356852103120759,3.292682926829268
2024-11-15 06:00:00,6,38,4,7,25,2,0,3,28,1,29,1,57.46666666666667,798.0,3.0,7.37,95.0,3.8484848484848486,775.0903068017366,4.535422766550025,0.95,0.4070556309362279,3.3421052631578947
2024-11-15 07:00:00,7,39,4,6,25,4,0,3,28,0,28,0,58.46666666666667,906.0,3.0,7.37,97.5,3.5277777777777777,768.607,4.500540131510281,0.975,0.4070556309362279,3.2564102564102564
2024-11-15 08:00:00,8,37,3,6,24,4,0,2,27,0,27,0,59.46666666666667,1014.0,3.0,7.21,92.5,3.051282051282051,756.557,3.867154290212543,0.925,0.2773925104022191,3.216216216216216
2024-11-15 09:00:00,9,41,3,7,27,4,0,6,28,0,28,0,60.46666666666667,961.0,3.0,7.21,102.5,3.6666666666666665,784.1769999999999,5.979205710226312,1.025,0.8321775312066574,3.2195121951219514
2024-11-15 10:00:00,10,41,4,6,28,3,0,8,26,0,26,0,61.46666666666667,1021.0,4.0,10.91,102.5,2.392857142857143,763.017,5.74654825512508,1.025,0.7332722273143905,3.268292682926829
2024-11-15 11:00:00,11,40,2,8,28,2,0,11,22,1,23,1,62.46666666666667,934.0,4.0,10.91,100.0,1.911764705882353,727.1803068017366,6.526810265811182,1.0,1.008249312557287,3.25
2024-11-15 12:00:00,12,37,2,9,23,3,0,9,20,1,21,1,63.46666666666667,902.0,4.0,10.91,92.5,1.5921052631578947,699.5853068017366,5.722748160626255,0.925,0.8249312557286893,3.27027027027027
2024-11-15 13:00:00,13,40,3,10,24,3,0,10,24,1,25,1,64.46666666666667,440.0,4.0,10.91,100.0,2.216666666666667,765.2603068017365,6.372662694775436,1.0,0.916590284142988,3.325
2024-11-15 14:00:00,14,39,2,9,23,4,1,10,21,1,22,1,28.4,205.0,4.0,10.91,97.5,1.7222222222222223,519.4993068017366,6.0142870572751415,0.975,0.916590284142988,3.1794871794871797
2024-11-15 15:00:00,15,32,1,10,19,2,0,9,19,1,20,1,29.4,205.5,4.0,10.91,80.0,1.325,483.32430680173655,5.382584784601284,0.8,0.8249312557286893,3.3125
2024-11-15 16:00:00,16,35,1,7,25,2,0,7,20,0,20,0,30.4,213.5,4.0,10.91,87.5,1.4,494.531,4.853162236480293,0.875,0.6416131989000916,3.2
2024-11-15 17:00:00,17,38,1,8,27,2,0,8,21,0,21,0,31.4,260.0,4.0,10.91,95.0,1.605263157894737,520.006,5.404189782430412,0.95,0.7332722273143905,3.210526315789474
2024-11-15 18:00:00,18,46,1,9,34,2,0,10,23,0,23,0,32.4,317.0,4.0,10.91,115.0,2.161764705882353,569.606,6.604103734109113,1.15,0.916590284142988,3.1956521739130435
2024-11-15 19:00:00,19,43,0,9,32,2,0,6,24,0,24,0,33.4,373.0,4.0,10.91,107.5,2.125,582.211,5.139389934559716,1.075,0.5499541704857929,3.1627906976744184
2024-11-15 20:00:00,20,42,0,9,30,3,0,11,20,0,20,0,34.4,433.0,4.0,10.06,105.0,1.65,532.106,6.736523714853735,1.05,1.0934393638170976,3.142857142857143
2024-11-15 21:00:00,21,52,1,10,38,3,0,18,19,0,19,0,25.466666666666665,381.0,4.0,10.06,130.0,1.9642857142857144,489.77199999999993,9.802473619819544,1.3,1.7892644135188869,3.173076923076923
2024-11-15 22:00:00,22,48,1,10,35,2,0,8,20,0,20,0,26.466666666666665,435.0,3.0,6.359999999999999,120.0,2.566666666666667,500.232,7.885639412997904,1.2,1.257861635220126,3.208333333333333
2024-11-15 23:00:00,23,57,2,11,42,2,0,14,21,0,21,0,27.466666666666665,489.0,3.0,6.359999999999999,142.5,3.2280701754385963,538.577,11.705814851594395,1.425,2.2012578616352205,3.2280701754385963
2024-11-16 00:00:00,0,55,2,10,41,2,0,5,23,0,23,0,28.466666666666665,540.0,3.0,6.359999999999999,137.5,3.4705882352941178,566.727,6.955017152658662,1.375,0.7861635220125787,3.2181818181818183
2024-11-16 01:00:00,1,48,2,10,33,3,0,6,24,1,25,1,29.466666666666665,586.0,3.0,6.359999999999999,120.0,3.4444444444444446,585.0203068017366,6.921383647798741,1.2,0.9433962264150944,3.2291666666666665
2024-11-16 02:00:00,2,38,1,10,25,2,0,1,24,1,25,1,30.466666666666665,646.0,3.0,6.359999999999999,95.0,2.7555555555555555,569.2103068017366,3.613075140681893,0.95,0.1572327044025157,3.263157894736842
2024-11-16 03:00:00,3,36,1,9,24,2,0,3,24,1,25,1,31.466666666666665,706.0,3.0,6.359999999999999,90.0,2.6,570.5603068017366,4.458018867924529,0.9,0.4716981132075472,3.25
2024-11-16 04:00:00,4,36,1,8,24,3,0,3,23,1,24,1,32.46666666666667,773.0,3.0,6.359999999999999,90.0,2.395833333333333,562.8003068017366,4.381813417190776,0.9,0.4716981132075472,3.1944444444444446
2024-11-16 05:00:00,5,32,1,8,22,1,0,2,23,1,24,1,33.46666666666667,833.0,3.0,6.359999999999999,80.0,2.1875,559.8603068017367,3.65683962264151,0.8,0.3144654088050315,3.28125
2024-11-16 06:00:00,6,31,1,8,21,1,0,2,25,1,26,1,34.46666666666667,881.5,3.0,6.359999999999999,77.5,2.4285714285714284,590.1553068017366,3.584692635423007,0.775,0.3144654088050315,3.290322580645161
2024-11-16 07:00:00,7,34,1,8,24,1,0,4,25,1,26,1,35.46666666666667,941.5,3.0,6.359999999999999,85.0,2.642857142857143,602.2303068017367,4.828274139844617,0.85,0.628930817610063,3.264705882352941
2024-11-16 08:00:00,8,33,1,7,24,1,0,4,26,1,27,1,36.46666666666667,997.0,3.0,6.6,82.5,2.743589743589744,619.1253068017367,4.640105601469238,0.825,0.6060606060606061,3.242424242424242
2024-11-16 09:00:00,9,35,2,7,25,1,0,3,26,1,27,1,37.46666666666667,1049.0,3.0,6.6,87.5,2.948717948717949,629.0553068017366,4.368506493506493,0.875,0.4545454545454546,3.2857142857142856
2024-11-16 10:00:00,10,40,2,10,26,2,0,10,25,1,26,1,38.46666666666667,973.0,4.0,10.47,100.0,2.357142857142857,632.0203068017366,6.451862464183381,1.0,0.9551098376313276,3.3
2024-11-16 11:00:00,11,35,1,9,25,0,0,8,24,1,25,1,39.46666666666667,726.0,4.0,10.47,87.5,1.9333333333333331,613.5353068017366,5.432405512348207,0.875,0.7640878701050622,3.3142857142857145
2024-11-16 12:00:00,12,31,1,6,24,0,0,7,20,2,22,2,40.46666666666667,397.5,4.0,10.47,77.5,1.4027777777777777,571.2636136034732,4.7032666296946735,0.775,0.6685768863419294,3.2580645161290325
2024-11-16 13:00:00,13,29,2,4,23,0,0,8,17,1,18,1,41.46666666666667,270.0,4.0,10.47,72.5,1.0795454545454546,518.1453068017366,4.878046471033825,0.725,0.7640878701050622,3.2758620689655173
2024-11-16 14:00:00,14,26,1,2,22,1,0,9,10,1,11,1,13.716666666666669,180.0,4.0,10.47,65.0,0.6982758620689655,261.40030680173663,4.702981044743223,0.65,0.8595988538681949,3.1153846153846154
2024-11-16 15:00:00,15,30,0,5,25,0,0,12,11,0,11,0,6.7,129.0,4.0,10.47,75.0,0.8189655172413793,229.538,6.004417382999045,0.75,1.1461318051575933,3.1666666666666665
2024-11-16 16:00:00,16,28,1,6,21,0,0,6,10,1,11,1,7.7,178.0,4.0,10.47,70.0,0.7931034482758621,231.75630680173663,4.182930822758903,0.7,0.5730659025787966,3.2857142857142856
2024-11-16 17:00:00,17,29,1,6,21,1,0,7,9,2,11,2,8.7,233.0,4.0,10.47,72.5,0.8103448275862069,240.40961360347325,4.517111286763495,0.725,0.6685768863419294,3.2413793103448274
2024-11-16 18:00:00,18,27,1,5,20,1,0,5,8,2,10,2,9.7,207.5,4.0,10.47,67.5,0.725,228.3596136034732,3.713788071739361,0.675,0.4775549188156638,3.2222222222222223
2024-11-16 19:00:00,19,24,0,5,19,0,0,9,9,1,10,1,10.7,197.5,4.0,10.47,60.0,0.6416666666666667,226.6963068017366,4.682879656160459,0.6,0.8595988538681949,3.208333333333333
2024-11-16 20:00:00,20,25,1,4,20,0,0,8,11,0,11,0,11.7,74.0,4.0,11.55,62.5,0.6982758620689655,247.013,4.269155844155844,0.625,0.6926406926406926,3.24
2024-11-16 21:00:00,21,24,2,3,19,0,0,9,12,0,12,0,12.7,127.0,4.0,11.55,60.0,0.7053571428571429,263.908,4.539935064935064,0.6,0.7792207792207791,3.2916666666666665
2024-11-16 22:00:00,22,21,2,2,17,0,0,6,10,1,11,1,13.7,147.0,3.0,7.68,52.5,0.7931034482758621,250.58130680173664,4.291964285714285,0.525,0.78125,3.2857142857142856
2024-11-16 23:00:00,23,21,2,2,17,0,0,5,11,1,12,1,14.7,198.5,3.0,7.68,52.5,0.8214285714285714,269.62130680173664,3.864136904761905,0.525,0.6510416666666667,3.2857142857142856
2024-11-17 00:00:00,0,19,2,3,14,0,0,7,10,1,11,1,13.0,250.0,3.0,7.68,47.5,0.735632183908046,242.34330680173665,4.670175438596491,0.475,0.9114583333333334,3.3684210526315788
2024-11-17 01:00:00,1,20,2,3,14,1,0,5,10,1,11,1,14.0,310.0,3.0,7.68,50.0,0.7586206896551724,250.12830680173656,3.7984375,0.5,0.6510416666666667,3.3
2024-11-17 02:00:00,2,24,2,4,16,2,0,6,11,1,12,1,15.0,366.0,3.0,7.68,60.0,0.9285714285714286,277.7483068017366,4.4890625,0.6,0.78125,3.25
2024-11-17 03:00:00,3,23,2,4,14,3,0,4,10,1,11,1,16.0,430.0,3.0,7.68,57.49999999999999,0.8505747126436781,267.8433068017366,3.5257246376811597,0.575,0.5208333333333334,3.217391304347826
2024-11-17 04:00:00,4,22,2,4,15,1,0,4,10,1,11,1,17.0,490.0,3.0,7.68,55.00000000000001,0.8390804597701149,271.3383068017366,3.553219696969697,0.55,0.5208333333333334,3.3181818181818183
2024-11-17 05:00:00,5,19,2,3,14,0,0,0,10,1,11,1,18.0,550.0,3.0,7.68,47.5,0.735632183908046,270.5433068017366,1.6,0.475,0.0,3.3684210526315788
2024-11-17 06:00:00,6,22,2,3,17,0,0,4,10,1,11,1,19.0,610.0,3.0,7.68,55.00000000000001,0.8390804597701149,282.6183068017366,3.553219696969697,0.55,0.5208333333333334,3.3181818181818183
2024-11-17 07:00:00,7,21,2,4,15,0,0,2,12,1,13,1,20.0,662.0,3.0,7.68,52.5,0.8765432098765432,312.9133068017366,2.655456349206349,0.525,0.2604166666666667,3.380952380952381
2024-11-17 08:00:00,8,21,2,4,15,0,0,3,12,1,13,1,21.0,722.0,3.0,7.73,52.5,0.8765432098765432,318.55330680173665,3.0871419330992422,0.525,0.3880983182406209,3.380952380952381
2024-11-17 09:00:00,9,25,2,5,15,3,0,7,13,1,14,1,22.0,765.0,3.0,7.73,62.5,1.0384615384615383,346.1733068017366,4.959023285899095,0.625,0.9055627425614488,3.24
2024-11-17 10:00:00,10,31,2,4,21,4,0,13,11,1,12,1,23.0,825.0,4.0,10.98,77.5,0.8660714285714286,337.8833068017366,6.129683001351431,0.775,1.1839708561020037,3.129032258064516
2024-11-17 11:00:00,11,33,3,4,16,10,0,16,11,1,12,1,20.183333333333334,856.0,4.0,10.98,82.5,0.8839285714285714,326.28730680173663,6.846584699453551,0.825,1.4571948998178506,3.0
2024-11-17 12:00:00,12,30,2,3,19,6,0,10,13,0,13,0,19.816666666666663,95.0,4.0,10.98,75.0,0.8425925925925926,330.31600000000003,5.037598664238009,0.75,0.9107468123861566,3.033333333333333
2024-11-17 13:00:00,13,31,2,2,22,5,0,11,16,0,16,0,20.816666666666663,118.0,4.0,10.98,77.5,0.9791666666666666,378.301,5.387781303249309,0.775,1.0018214936247722,3.032258064516129
2024-11-17 14:00:00,14,31,2,2,20,7,0,6,18,0,18,0,21.816666666666663,130.0,4.0,10.98,77.5,1.0454545454545454,410.741,3.921716904635995,0.775,0.5464480874316939,2.967741935483871
2024-11-17 15:00:00,15,29,2,3,18,5,1,10,17,0,17,0,22.816666666666663,185.0,4.0,10.98,72.5,0.9456521739130436,398.691,4.90724043715847,0.725,0.9107468123861566,3.0
2024-11-17 16:00:00,16,29,2,5,18,3,1,6,19,0,19,0,23.816666666666663,223.0,4.0,10.98,72.5,1.0833333333333333,431.131,3.989716412285659,0.725,0.5464480874316939,3.1379310344827585
2024-11-17 17:00:00,17,31,2,5,22,2,0,8,18,0,18,0,24.816666666666663,294.0,4.0,10.98,77.5,1.1363636363636365,427.66100000000006,4.85031435454492,0.775,0.7285974499089253,3.225806451612903
2024-11-17 18:00:00,18,32,2,7,22,1,0,10,19,0,19,0,25.816666666666663,343.0,4.0,10.98,80.0,1.261904761904762,448.846,5.666848816029144,0.8,0.9107468123861566,3.3125
2024-11-17 19:00:00,19,39,2,7,28,2,0,14,24,0,24,0,26.816666666666663,336.5,4.0,10.98,97.5,1.96875,536.501,7.269377889869693,0.975,1.275045537340619,3.230769230769231
2024-11-17 20:00:00,20,45,2,9,33,1,0,9,26,0,26,0,27.816666666666663,365.0,4.0,10.26,112.5,2.625,581.811,6.540497076023392,1.125,0.8771929824561404,3.2666666666666666
2024-11-17 21:00:00,21,45,2,10,28,4,1,8,25,1,26,1,28.816666666666663,425.0,4.0,10.26,112.5,2.5535714285714284,588.3193068017366,6.052799436863764,1.125,0.7797270955165693,3.1777777777777776
2024-11-17 22:00:00,22,40,3,10,25,2,0,9,26,1,27,1,29.816666666666663,464.0,3.0,7.01,100.0,3.435897435897436,596.6343068017366,7.6509985734664765,1.0,1.2838801711840229,3.35
2024-11-17 23:00:00,23,34,3,8,21,2,0,6,24,1,25,1,30.816666666666663,566.0,3.0,7.01,85.0,2.533333333333333,562.6043068017366,5.719849794411346,0.85,0.8559201141226819,3.3529411764705883
2024-11-18 00:00:00,0,35,3,7,23,2,0,9,26,0,26,0,31.816666666666663,605.0,3.0,7.01,87.5,2.761904761904762,582.921,7.155145710209905,0.875,1.2838801711840229,3.3142857142857145
2024-11-18 01:00:00,1,34,3,7,21,3,0,3,26,0,26,0,29.45,665.0,3.0,7.01,85.0,2.6666666666666665,567.428,4.209750776202064,0.85,0.4279600570613409,3.294117647058824
2024-11-18 02:00:00,2,35,3,7,22,3,0,4,26,0,26,0,30.45,725.0,3.0,7.01,87.5,2.738095238095238,575.213,4.749872630935398,0.875,0.5706134094151213,3.2857142857142856
2024-11-18 03:00:00,3,32,3,7,20,2,0,1,26,0,26,0,31.45,785.0,3.0,7.01,80.0,2.5476190476190474,574.418,3.151997146932953,0.8,0.1426533523537803,3.34375
2024-11-18 04:00:00,4,33,3,7,22,1,0,2,26,0,26,0,32.45,845.0,3.0,7.01,82.5,2.642857142857143,582.2030000000001,3.734668006743613,0.825,0.2853067047075606,3.363636363636364
2024-11-18 05:00:00,5,34,3,7,23,1,0,2,26,0,26,0,33.45,905.0,3.0,7.01,85.0,2.7142857142857144,589.988,3.8066165981371154,0.85,0.2853067047075606,3.3529411764705883
2024-11-18 06:00:00,6,38,3,8,26,1,0,5,26,0,26,0,34.45,965.0,3.0,7.01,95.0,3.023809523809524,604.2080000000001,5.558812598543434,0.95,0.7132667617689016,3.3421052631578947
2024-11-18 07:00:00,7,39,3,7,28,1,0,6,27,0,27,0,35.45,1004.0,3.0,7.01,97.5,3.3076923076923075,625.393,6.056120377482716,0.975,0.8559201141226819,3.3076923076923075
2024-11-18 08:00:00,8,45,3,7,34,1,0,8,28,0,28,0,36.45,1055.5,3.0,6.6,112.5,4.083333333333333,657.303,7.634595959595959,1.125,1.2121212121212122,3.2666666666666666
2024-11-18 09:00:00,9,46,3,7,31,5,0,7,26,0,26,0,37.45,1089.5,3.0,6.6,115.0,3.4761904761904763,638.288,7.01627140974967,1.15,1.0606060606060606,3.1739130434782608
2024-11-18 10:00:00,10,54,3,8,36,7,0,15,28,1,29,1,38.45,1111.0,4.0,9.69,135.0,3.840909090909091,702.1563068017367,9.06962790964339,1.35,1.547987616099071,3.1296296296296298
2024-11-18 11:00:00,11,53,3,7,39,4,0,13,30,0,30,0,39.45,949.0,4.0,9.69,132.5,4.2,718.183,8.452584847245753,1.325,1.3415892672858618,3.169811320754717
2024-11-18 12:00:00,12,43,4,6,30,3,0,7,27,0,27,0,40.45,1035.0,4.0,9.69,107.5,2.6923076923076925,662.173,5.851981184150527,1.075,0.7223942208462333,3.255813953488372
2024-11-18 13:00:00,13,43,3,6,33,1,0,4,27,0,27,0,41.45,1043.0,4.0,9.69,107.5,2.6923076923076925,667.813,4.843989248086015,1.075,0.412796697626419,3.255813953488372
2024-11-18 14:00:00,14,41,3,5,32,1,0,9,24,1,25,1,27.58333333333333,244.0,4.0,9.69,102.5,2.216666666666667,559.3833068017366,6.337912482065997,1.025,0.9287925696594428,3.2439024390243905
2024-11-18 15:00:00,15,43,3,6,33,1,0,6,26,1,27,1,28.58333333333333,280.0,4.0,9.69,107.5,2.6923076923076925,596.1133068017366,5.515983872129023,1.075,0.6191950464396285,3.255813953488372
2024-11-18 16:00:00,16,42,2,6,34,0,0,11,24,0,24,0,28.15,312.0,4.0,9.69,105.0,2.125,550.456,7.075856307435255,1.05,1.1351909184726523,3.238095238095238
2024-11-18 17:00:00,17,43,2,7,34,0,0,6,26,1,27,1,29.15,359.0,4.0,9.69,107.5,2.6923076923076925,599.3093068017366,5.515983872129023,1.075,0.6191950464396285,3.255813953488372
2024-11-18 18:00:00,18,41,1,8,32,0,0,8,28,1,29,1,30.15,296.0,4.0,9.69,102.5,3.022727272727273,627.4593068017366,6.003144428503109,1.025,0.825593395252838,3.2439024390243905
2024-11-18 19:00:00,19,44,2,9,33,0,0,8,31,2,33,2,31.15,326.0,4.0,9.69,110.0,5.178571428571429,694.0026136034733,6.345705507083217,1.1,0.825593395252838,3.2954545454545454
2024-11-18 20:00:00,20,46,2,11,33,0,0,9,32,2,34,2,29.45,334.5,4.0,10.77,115.0,6.375,702.1046136034732,6.6044598522465785,1.15,0.8356545961002786,3.3260869565217392
2024-11-18 21:00:00,21,45,1,10,34,0,0,5,34,1,35,1,30.45,393.0,4.0,10.77,112.5,7.35,718.1313068017366,5.191558341070875,1.125,0.4642525533890436,3.2666666666666666
2024-11-18 22:00:00,22,45,1,10,34,0,0,5,33,1,34,1,31.45,454.5,3.0,7.68,112.5,8.166666666666666,710.3713068017366,5.801736111111111,1.125,0.6510416666666667,3.2666666666666666
2024-11-18 23:00:00,23,50,1,10,38,1,0,10,34,1,35,1,32.45,513.0,3.0,7.68,125.0,10.733333333333333,740.1363068017366,8.217708333333334,1.25,1.3020833333333337,3.22
2024-11-19 00:00:00,0,50,1,10,39,0,0,5,35,1,36,1,33.45,558.0,3.0,7.68,125.0,13.5,759.1763068017367,6.159375000000001,1.25,0.6510416666666667,3.24
2024-11-19 01:00:00,1,45,1,8,32,4,0,6,34,1,35,1,34.45,633.0,3.0,7.68,112.5,9.4,740.6913068017366,5.972916666666666,1.125,0.78125,3.1333333333333333
2024-11-19 02:00:00,2,44,1,8,33,1,1,8,36,1,37,1,35.45,663.0,3.0,7.68,110.0,15.444444444444445,770.9863068017366,6.765719696969697,1.1,1.0416666666666667,3.159090909090909
2024-11-19 03:00:00,3,42,1,8,32,1,0,1,36,1,37,1,36.45,723.0,3.0,7.68,105.0,15.0,772.3363068017366,3.7935267857142856,1.05,0.1302083333333333,3.2142857142857144
2024-11-19 04:00:00,4,45,1,8,34,2,0,3,36,1,37,1,37.45,783.0,3.0,7.68,112.5,15.88888888888889,784.4113068017366,4.816319444444444,1.125,0.390625,3.1777777777777776
2024-11-19 05:00:00,5,45,1,8,34,2,0,2,37,1,38,1,38.45,817.0,3.0,7.68,112.5,23.83333333333333,803.4513068017366,4.402546296296296,1.125,0.2604166666666667,3.1777777777777776
2024-11-19 06:00:00,6,45,1,8,34,2,0,1,37,1,38,1,39.45,877.0,3.0,7.68,112.5,23.83333333333333,809.0913068017367,3.988773148148148,1.125,0.1302083333333333,3.1777777777777776
2024-11-19 07:00:00,7,46,1,8,37,0,0,3,38,1,39,1,40.45,911.0,3.0,7.68,115.0,49.333333333333336,830.2763068017366,4.956793478260869,1.15,0.390625,3.217391304347826
2024-11-19 08:00:00,8,46,2,8,36,0,0,2,38,1,39,1,41.45,971.0,3.0,6.619999999999999,115.0,50.0,835.9163068017366,4.735156968343623,1.15,0.3021148036253777,3.260869565217391
2024-11-19 09:00:00,9,48,1,8,37,2,0,6,37,1,38,1,42.45,1013.0,3.0,6.619999999999999,120.0,25.33333333333333,832.4463068017366,6.670090634441088,1.2,0.906344410876133,3.1666666666666665
2024-11-19 10:00:00,10,45,1,7,36,1,0,5,33,1,34,1,43.45,1052.0,4.0,9.96,112.5,5.958333333333333,778.0513068017366,5.170269968763945,1.125,0.5020080321285141,3.1777777777777776
2024-11-19 11:00:00,11,47,0,6,39,2,0,12,30,1,31,1,40.46666666666667,1092.0,4.0,9.96,117.5,4.027777777777778,725.3153068017366,7.341995642143041,1.175,1.2048192771084338,3.0851063829787235
2024-11-19 12:00:00,12,42,0,5,35,2,0,9,29,0,29,0,41.46666666666667,1056.0,4.0,9.96,105.0,2.9318181818181817,692.562,6.000387263339071,1.05,0.9036144578313254,3.071428571428572
2024-11-19 13:00:00,13,43,1,6,32,4,0,11,29,0,29,0,42.46666666666667,965.0,4.0,9.96,107.5,3.022727272727273,700.347,6.740989539553564,1.075,1.1044176706827311,3.0930232558139537
2024-11-19 14:00:00,14,37,1,5,27,4,0,7,21,0,21,0,26.98333333333333,773.0,4.0,9.96,92.5,1.5,492.951,5.015418430478672,0.925,0.7028112449799198,3.081081081081081
2024-11-19 15:00:00,15,36,1,5,27,3,0,9,16,0,16,0,27.98333333333333,554.0,4.0,9.96,90.0,1.1666666666666667,429.446,5.611244979919679,0.9,0.9036144578313254,3.111111111111111
2024-11-19 16:00:00,16,37,2,2,27,6,0,10,15,0,15,0,26.816666666666663,260.0,4.0,9.96,92.5,1.11,411.611,5.787048192771085,0.925,1.0040160642570282,3.0
2024-11-19 17:00:00,17,30,2,3,23,2,0,5,14,1,15,1,27.816666666666663,306.0,4.0,9.96,75.0,0.95,403.1043068017366,3.9646921017402943,0.75,0.5020080321285141,3.1666666666666665
2024-11-19 18:00:00,18,35,2,5,25,3,0,8,16,1,17,1,24.516666666666666,345.0,4.0,9.96,87.5,1.2065217391304348,422.0173068017366,5.322332185886403,0.875,0.8032128514056226,3.1714285714285717
2024-11-19 19:00:00,19,26,2,3,21,0,0,4,17,1,18,1,25.516666666666666,400.5,4.0,9.96,65.0,0.9659090909090908,421.7523068017366,3.437944084028421,0.65,0.4016064257028113,3.269230769230769
2024-11-19 20:00:00,20,31,2,5,24,0,0,7,20,1,21,1,26.516666666666666,451.0,4.0,10.29,77.5,1.3421052631578947,478.3173068017366,4.788314680710995,0.775,0.6802721088435375,3.290322580645161
2024-11-19 21:00:00,21,35,2,5,28,0,0,11,21,1,22,1,27.516666666666666,442.5,4.0,10.29,87.5,1.5833333333333333,505.93730680173655,6.3318825489379424,0.875,1.0689990281827018,3.257142857142857
2024-11-19 22:00:00,22,36,3,4,27,2,0,8,23,2,25,2,28.516666666666666,419.0,3.0,6.95,90.0,2.577777777777778,554.7906136034732,6.609032773780975,0.9,1.1510791366906474,3.2222222222222223
2024-11-19 23:00:00,23,32,2,4,26,0,0,3,24,1,25,1,29.516666666666666,479.0,3.0,6.95,80.0,2.311111111111111,550.9823068017365,4.002877697841726,0.8,0.4316546762589928,3.25
2024-11-20 00:00:00,0,32,2,3,27,0,0,4,24,0,24,0,30.516666666666666,546.5,3.0,6.95,80.0,2.145833333333333,542.354,4.427517985611511,0.8,0.5755395683453237,3.21875
2024-11-20 01:00:00,1,32,2,3,26,1,0,7,24,0,24,0,31.516666666666666,606.5,3.0,6.95,80.0,2.125,547.994,5.760431654676259,0.8,1.0071942446043165,3.1875
2024-11-20 02:00:00,2,31,2,3,24,2,0,3,24,0,24,0,32.516666666666666,666.5,3.0,6.95,77.5,2.0416666666666665,551.489,3.814585750754235,0.775,0.4316546762589928,3.161290322580645
2024-11-20 03:00:00,3,31,2,6,22,1,0,3,25,0,25,0,33.516666666666666,719.0,3.0,6.95,77.5,2.2666666666666666,570.529,3.9702831283360407,0.775,0.4316546762589928,3.290322580645161
2024-11-20 04:00:00,4,30,2,6,22,0,0,3,25,0,25,0,34.516666666666666,779.0,3.0,6.95,75.0,2.2222222222222223,574.024,3.938848920863309,0.75,0.4316546762589928,3.333333333333333
2024-11-20 05:00:00,5,30,2,6,22,0,0,1,25,0,25,0,35.516666666666666,839.0,3.0,6.95,75.0,2.2222222222222223,579.664,2.979616306954437,0.75,0.1438848920863309,3.333333333333333
2024-11-20 06:00:00,6,28,2,6,20,0,0,0,25,0,25,0,36.516666666666666,899.0,3.0,6.95,70.0,2.088888888888889,581.014,2.35,0.7,0.0,3.357142857142857
2024-11-20 07:00:00,7,28,2,6,19,1,0,2,25,0,25,0,37.516666666666666,959.0,3.0,6.95,70.0,2.066666666666667,586.654,3.2808067831449126,0.7,0.2877697841726618,3.321428571428572
2024-11-20 08:00:00,8,29,2,5,20,2,0,2,25,0,25,0,38.516666666666666,1019.0,3.0,6.96,72.5,2.088888888888889,594.439,3.2814308363059843,0.725,0.2873563218390804,3.2413793103448274
2024-11-20 09:00:00,9,30,2,5,22,1,0,5,24,0,24,0,39.516666666666666,918.5,3.0,6.96,75.0,2.0416666666666665,588.8240000000001,4.796743295019157,0.75,0.7183908045977011,3.2666666666666666
2024-11-20 10:00:00,10,37,2,8,25,2,0,10,24,0,24,0,40.516666666666666,978.5,4.0,10.66,92.5,1.890625,609.479,6.09279575072258,0.925,0.9380863039399624,3.27027027027027
2024-11-20 11:00:00,11,37,3,8,24,2,0,9,21,1,22,1,37.7,854.5,4.0,10.66,92.5,1.7083333333333333,567.6613068017366,5.881652806652807,0.925,0.8442776735459662,3.324324324324324
2024-11-20 12:00:00,12,34,2,7,24,1,0,5,20,0,20,0,38.7,853.0,4.0,10.66,85.0,1.4,539.198,4.345083324136408,0.85,0.4690431519699812,3.294117647058824
2024-11-20 13:00:00,13,35,2,9,21,3,0,10,16,2,18,2,39.7,433.5,4.0,10.66,87.5,1.306818181818182,521.9196136034733,5.957283570088448,0.875,0.9380863039399624,3.2857142857142856
2024-11-20 14:00:00,14,31,1,5,23,2,0,10,12,2,14,2,25.75,155.5,4.0,10.66,77.5,0.9423076923076924,381.0616136034732,5.415563154390849,0.775,0.9380863039399624,3.161290322580645
2024-11-20 15:00:00,15,25,0,5,18,2,0,6,10,1,11,1,19.683333333333334,161.0,4.0,10.66,62.5,0.6724137931034483,292.90730680173664,3.7060975609756097,0.625,0.5628517823639775,3.12
2024-11-20 16:00:00,16,22,0,3,18,1,0,6,8,1,9,1,20.683333333333334,201.0,4.0,10.66,55.00000000000001,0.5483870967741935,265.3123068017366,3.4397236909432034,0.55,0.5628517823639775,3.090909090909091
2024-11-20 17:00:00,17,28,1,3,19,5,0,12,7,2,9,2,21.683333333333334,233.0,4.0,10.66,70.0,0.6774193548387096,284.6906136034732,5.477110694183865,0.7,1.125703564727955,3.0
2024-11-20 18:00:00,18,24,1,4,17,2,0,5,8,2,10,2,22.683333333333334,249.5,4.0,10.66,60.0,0.6333333333333333,295.1506136034732,3.385303314571607,0.6,0.4690431519699812,3.1666666666666665
2024-11-20 19:00:00,19,18,1,2,14,1,0,5,6,2,8,2,23.683333333333334,367.0,4.0,10.66,45.0,0.4453125,261.1206136034732,2.9103033145716077,0.45,0.4690431519699812,3.1666666666666665
2024-11-20 20:00:00,20,15,1,0,11,3,0,6,5,1,6,1,24.683333333333334,369.5,4.0,10.65,37.5,0.3235294117647059,232.6573068017366,2.752582159624413,0.375,0.5633802816901409,2.933333333333333
2024-11-20 21:00:00,21,17,1,0,12,3,1,10,4,1,5,1,11.533333333333331,293.0,4.0,10.65,42.5,0.3428571428571428,149.38130680173663,3.851201325600664,0.425,0.9389671361502347,2.823529411764706
2024-11-20 22:00:00,22,17,2,0,13,2,0,6,3,1,4,1,9.516666666666667,399.5,3.0,6.95,42.5,0.4907407407407407,124.60730680173664,4.016493863732544,0.425,0.8633093525179856,3.117647058823529
2024-11-20 23:00:00,23,10,1,0,7,2,0,6,2,0,2,0,10.516666666666667,319.0,3.0,6.95,25.0,0.2631578947368421,87.564,3.3399280575539567,0.25,0.8633093525179856,3.0
2024-11-21 00:00:00,0,15,2,1,10,2,0,10,4,0,4,0,9.433333333333334,109.5,3.0,6.95,37.5,0.4444444444444444,118.979,5.80431654676259,0.375,1.4388489208633093,3.2
2024-11-21 01:00:00,1,16,2,2,12,0,0,7,5,0,5,0,10.433333333333334,87.0,3.0,6.95,40.0,0.5142857142857142,140.164,4.749280575539568,0.4,1.0071942446043165,3.375
2024-11-21 02:00:00,2,14,2,3,9,0,0,5,7,0,7,0,11.433333333333334,124.0,3.0,6.95,35.0,0.494949494949495,168.314,3.7429856115107913,0.35,0.7194244604316546,3.5
2024-11-21 03:00:00,3,12,2,3,7,0,0,3,7,0,7,0,12.433333333333334,184.0,3.0,6.95,30.0,0.4343434343434343,169.664,2.621762589928058,0.3,0.4316546762589928,3.583333333333333
2024-11-21 04:00:00,4,14,1,4,9,0,0,3,8,0,8,0,13.433333333333334,237.5,3.0,6.95,35.0,0.5,192.994,2.679958890030832,0.35,0.4316546762589928,3.4285714285714284
2024-11-21 05:00:00,5,13,1,4,8,0,0,2,8,0,8,0,14.433333333333334,297.5,3.0,6.95,32.5,0.46875,196.489,2.121126175982291,0.325,0.2877697841726618,3.4615384615384617
2024-11-21 06:00:00,6,15,1,4,10,0,0,2,9,0,9,0,15.433333333333334,351.0,3.0,6.95,37.5,0.5483870967741935,219.819,2.2534172661870504,0.375,0.2877697841726618,3.4
2024-11-21 07:00:00,7,16,1,4,11,0,0,3,9,0,9,0,16.433333333333334,411.0,3.0,6.95,40.0,0.5806451612903226,227.604,2.8068345323741006,0.4,0.4316546762589928,3.375
2024-11-21 08:00:00,8,19,1,4,14,0,0,6,10,0,10,0,17.433333333333334,418.5,3.0,8.39,47.5,0.7,253.079,3.9462439621102816,0.475,0.7151370679380215,3.3157894736842106
2024-11-21 09:00:00,9,21,0,3,17,1,0,8,10,0,10,0,18.433333333333334,423.5,3.0,8.39,52.5,0.7222222222222222,263.009,4.576359327998184,0.525,0.9535160905840284,3.095238095238096
2024-11-21 10:00:00,10,27,0,3,22,2,0,9,9,0,9,0,19.433333333333334,486.0,4.0,11.64,67.5,0.6612903225806451,268.119,4.398224513172967,0.675,0.7731958762886597,3.037037037037037
2024-11-21 11:00:00,11,23,0,2,19,2,0,7,4,0,4,0,11.333333333333334,366.0,4.0,11.64,57.49999999999999,0.4791666666666667,146.85500000000002,3.5291237113402056,0.575,0.6013745704467354,3.0
2024-11-21 12:00:00,12,21,1,3,13,3,1,10,6,0,6,0,12.333333333333334,22.5,4.0,11.64,52.5,0.4632352941176471,175.005,4.152319587628866,0.525,0.8591065292096219,3.0
2024-11-21 13:00:00,13,26,2,3,16,4,1,10,8,1,9,1,13.333333333333334,72.0,4.0,11.64,65.0,0.6370967741935484,232.43830680173664,4.58536214644462,0.65,0.8591065292096219,3.0384615384615383
2024-11-21 14:00:00,14,26,2,5,14,4,1,10,10,1,11,1,14.333333333333334,124.0,4.0,11.64,65.0,0.6982758620689655,264.8783068017366,4.70144726407613,0.65,0.8591065292096219,3.1153846153846154
2024-11-21 15:00:00,15,18,0,2,11,5,0,1,7,0,7,0,15.333333333333334,170.0,4.0,11.64,45.0,0.3863636363636363,198.89,1.5184135166093928,0.45,0.0859106529209622,2.833333333333333
2024-11-21 16:00:00,16,21,0,2,13,4,2,9,10,0,10,0,5.6,47.5,4.0,11.64,52.5,0.475,190.629,3.5236745213549336,0.525,0.7731958762886597,2.7142857142857144
2024-11-21 17:00:00,17,22,0,3,14,4,1,4,10,0,10,0,6.6,107.5,4.0,11.64,55.00000000000001,0.525,198.414,2.55906747891284,0.55,0.3436426116838488,2.863636363636364
2024-11-21 18:00:00,18,27,0,4,20,2,1,11,10,1,11,1,7.6,158.0,4.0,11.64,67.5,0.6982758620689655,229.04730680173665,4.860051546391753,0.675,0.9450171821305842,3.0
2024-11-21 19:00:00,19,28,0,7,18,2,1,5,9,1,10,1,8.6,215.5,4.0,11.64,70.0,0.725,223.4323068017366,3.509683357879234,0.7,0.4295532646048109,3.107142857142857
2024-11-21 20:00:00,20,19,0,4,13,1,1,8,5,1,6,1,9.6,205.0,4.0,9.67,47.5,0.4264705882352941,156.16730680173663,3.9754449463887225,0.475,0.827300930713547,3.0526315789473686
2024-11-21 21:00:00,21,22,1,6,13,1,1,6,5,1,6,1,10.6,140.5,4.0,9.67,55.00000000000001,0.5220588235294118,168.24230680173662,3.777444298204381,0.55,0.6204756980351603,3.227272727272727
2024-11-21 22:00:00,22,19,1,4,12,0,2,6,5,1,6,1,11.6,200.5,3.0,6.42,47.5,0.5784313725490197,167.4473068017366,4.377115100836202,0.475,0.9345794392523364,3.1052631578947367
2024-11-21 23:00:00,23,18,1,5,9,1,2,6,6,3,9,3,12.6,189.0,3.0,6.42,45.0,0.6021505376344086,212.87892040520984,4.307580477673936,0.45,0.9345794392523364,3.111111111111111
2024-11-22 00:00:00,0,21,1,4,14,1,1,8,6,3,9,3,13.6,249.0,3.0,6.42,52.5,0.7096774193548387,224.95392040520983,5.566332888295505,0.525,1.2461059190031152,3.142857142857143
2024-11-22 01:00:00,1,17,1,4,10,1,1,3,7,3,10,3,14.6,242.5,3.0,6.42,42.5,0.6,235.41392040520984,2.83433205057724,0.425,0.4672897196261682,3.176470588235294
2024-11-22 02:00:00,2,21,1,4,15,0,1,9,7,2,9,2,15.6,369.0,3.0,6.42,52.5,0.7204301075268817,235.3656136034732,6.147630173564753,0.525,1.4018691588785046,3.1904761904761907
2024-11-22 03:00:00,3,19,1,3,14,0,1,2,7,1,8,1,16.6,436.5,3.0,6.42,47.5,0.625,222.4473068017366,2.483767830791933,0.475,0.3115264797507788,3.1578947368421053
2024-11-22 04:00:00,4,18,1,3,12,1,1,2,7,1,8,1,17.6,496.5,3.0,6.42,45.0,0.5833333333333334,225.9423068017366,2.3691934925579785,0.45,0.3115264797507788,3.111111111111111
2024-11-22 05:00:00,5,18,1,3,10,3,1,3,7,1,8,1,18.6,556.5,3.0,6.42,45.0,0.5625,231.58230680173665,2.7518691588785047,0.45,0.4672897196261682,3.0
2024-11-22 06:00:00,6,16,1,2,11,1,1,1,7,1,8,1,19.6,616.5,3.0,6.42,40.0,0.5104166666666666,232.93230680173664,1.70202492211838,0.4,0.1557632398753894,3.0625
2024-11-22 07:00:00,7,18,1,2,11,3,1,6,8,1,9,1,20.6,669.0,3.0,6.42,45.0,0.5698924731182796,256.2623068017366,4.076817237798546,0.45,0.9345794392523364,2.9444444444444446
2024-11-22 08:00:00,8,13,1,0,9,2,1,3,9,1,10,1,16.833333333333332,621.0,3.0,8.19,32.5,0.4111111111111111,237.69330680173655,1.9675471963933504,0.325,0.3663003663003663,2.8461538461538463
2024-11-22 09:00:00,9,16,1,1,13,0,1,5,10,1,11,1,17.833333333333332,573.0,3.0,8.19,40.0,0.5632183908045977,263.1683068017366,3.09465811965812,0.4,0.6105006105006106,3.0625
2024-11-22 10:00:00,10,18,1,2,14,0,1,5,11,1,12,1,18.83333333333333,588.0,4.0,11.89,45.0,0.5,286.4983068017366,2.708288944958415,0.45,0.4205214465937762,3.111111111111111
2024-11-22 11:00:00,11,24,0,5,18,0,1,11,13,1,14,1,19.83333333333333,140.0,4.0,11.89,60.0,0.7211538461538461,331.8083068017366,4.766084945332212,0.6,0.9251471825063078,3.125
2024-11-22 12:00:00,12,25,0,6,17,1,1,9,15,1,16,1,20.83333333333333,167.0,4.0,11.89,62.5,0.8125,366.3933068017366,4.311648444070648,0.625,0.7569386038687973,3.12
2024-11-22 13:00:00,13,24,0,6,17,1,0,4,14,1,15,1,19.28333333333333,140.0,4.0,11.89,60.0,0.77,342.10630680173665,3.004338379590693,0.6,0.336417157275021,3.208333333333333
2024-11-22 14:00:00,14,27,1,6,17,3,0,7,15,1,16,1,20.28333333333333,160.5,4.0,11.89,67.5,0.8958333333333334,367.5813068017367,4.025214154440395,0.675,0.5887300252312868,3.185185185185185
2024-11-22 15:00:00,15,25,1,7,14,3,0,6,12,1,13,1,21.28333333333333,214.0,4.0,11.89,62.5,0.75,328.73130680173665,3.659987384356603,0.625,0.5046257359125316,3.24
2024-11-22 16:00:00,16,22,1,5,16,0,0,8,10,0,10,0,14.666666666666666,214.5,4.0,11.89,55.00000000000001,0.6083333333333333,243.91,4.057586589188777,0.55,0.6728343145500421,3.3181818181818183
2024-11-22 17:00:00,17,17,0,5,12,0,0,6,9,0,9,0,10.983333333333333,215.0,4.0,11.89,42.5,0.4516129032258064,199.011,3.0622965418295154,0.425,0.5046257359125316,3.294117647058824
2024-11-22 18:00:00,18,17,0,4,13,0,0,10,10,0,10,0,11.983333333333333,221.0,4.0,11.89,42.5,0.4583333333333333,218.051,4.096021125018552,0.425,0.8410428931875525,3.235294117647059
2024-11-22 19:00:00,19,16,0,4,12,0,0,5,10,0,10,0,10.433333333333334,246.5,4.0,11.89,40.0,0.4333333333333333,207.164,2.6666947014297726,0.4,0.4205214465937762,3.25
2024-11-22 20:00:00,20,11,0,1,10,0,0,4,5,0,5,0,10.833333333333334,276.0,4.0,11.990000000000002,27.500000000000004,0.2428571428571428,131.695,1.881162332246569,0.275,0.3336113427856546,3.090909090909091
2024-11-22 21:00:00,21,13,0,1,12,0,0,9,6,0,6,0,11.833333333333334,280.5,4.0,11.990000000000002,32.5,0.2941176470588235,155.025,3.309616988516071,0.325,0.750625521267723,3.076923076923077
2024-11-22 22:00:00,22,16,0,1,14,1,0,11,3,0,3,0,4.75,84.0,3.0,8.290000000000001,40.0,0.4324324324324324,81.31,5.180699638118215,0.4,1.326899879372738,3.0
2024-11-22 23:00:00,23,13,0,1,10,2,0,7,3,0,3,0,2.4,66.0,3.0,8.290000000000001,32.5,0.3423423423423423,61.62100000000001,3.4182193560360026,0.325,0.8443908323281061,2.923076923076923
2024-11-23 00:00:00,0,12,0,0,9,3,0,5,3,0,3,0,3.4,126.0,3.0,8.290000000000001,30.0,0.2972972972972973,65.116,2.4836248492159223,0.3,0.6031363088057901,2.75
2024-11-23 01:00:00,1,12,0,1,9,2,0,7,4,0,4,0,4.4,156.0,3.0,8.290000000000001,30.0,0.324074074074074,84.156,3.337806594290309,0.3,0.8443908323281061,2.9166666666666665
2024-11-23 02:00:00,2,11,0,2,8,1,0,4,5,0,5,0,5.4,186.0,3.0,8.290000000000001,27.500000000000004,0.3238095238095238,101.051,2.341391599956135,0.275,0.482509047044632,3.090909090909091
2024-11-23 03:00:00,3,11,0,3,6,2,0,2,4,0,4,0,6.4,276.0,3.0,8.290000000000001,27.500000000000004,0.3148148148148148,93.291,1.5956957999780677,0.275,0.241254523522316,3.090909090909091
2024-11-23 04:00:00,4,10,0,2,5,3,0,2,4,0,4,0,7.4,336.0,3.0,8.290000000000001,25.0,0.2685185185185185,96.786,1.4246381182147163,0.25,0.241254523522316,2.9
2024-11-23 05:00:00,5,9,0,1,6,2,0,3,5,0,5,0,8.4,366.0,3.0,8.290000000000001,22.5,0.2476190476190476,113.681,1.6954362685967026,0.225,0.361881785283474,2.888888888888889
2024-11-23 06:00:00,6,9,0,1,7,1,0,1,6,0,6,0,9.4,345.5,3.0,8.290000000000001,22.5,0.2647058823529412,132.721,1.036881785283474,0.225,0.120627261761158,3.0
2024-11-23 07:00:00,7,10,0,1,8,1,0,4,5,0,5,0,10.4,486.0,3.0,8.290000000000001,25.0,0.2857142857142857,127.106,2.197527141133896,0.25,0.482509047044632,3.0
2024-11-23 08:00:00,8,11,0,1,10,0,0,3,5,0,5,0,11.4,546.0,3.0,6.859999999999999,27.500000000000004,0.3238095238095238,134.891,2.201709514974821,0.275,0.4373177842565598,3.090909090909091
2024-11-23 09:00:00,9,10,0,2,7,1,0,5,6,0,6,0,12.4,525.5,3.0,6.859999999999999,25.0,0.3039215686274509,151.786,3.0344752186588924,0.25,0.728862973760933,3.1
2024-11-23 10:00:00,10,10,1,2,7,0,0,2,6,1,7,1,13.4,505.0,4.0,10.56,25.0,0.2575757575757575,171.69430680173662,1.493939393939394,0.25,0.1893939393939394,3.4
2024-11-23 11:00:00,11,15,0,2,11,2,0,11,7,0,7,0,14.4,146.0,4.0,10.56,37.5,0.3409090909090909,187.191,4.25,0.375,1.0416666666666667,3.0
2024-11-23 12:00:00,12,22,0,4,15,3,0,12,8,0,8,0,3.5,56.0,4.0,10.56,55.00000000000001,0.5234375,154.13000000000002,5.135743801652893,0.55,1.1363636363636365,3.0454545454545454
2024-11-23 13:00:00,13,26,0,4,17,5,0,9,8,0,8,0,4.5,101.5,4.0,10.56,65.0,0.6015625,168.35,4.449038461538462,0.65,0.8522727272727274,2.9615384615384617
2024-11-23 14:00:00,14,22,0,3,14,5,0,9,6,0,6,0,5.5,130.5,4.0,10.56,55.00000000000001,0.4705882352941176,138.61,4.079338842975207,0.55,0.8522727272727274,2.909090909090909
2024-11-23 15:00:00,15,17,0,2,12,3,0,10,3,0,3,0,4.983333333333333,55.0,4.0,10.56,42.5,0.3378378378378378,84.77099999999999,4.035204991087345,0.425,0.9469696969696972,2.9411764705882355
2024-11-23 16:00:00,16,16,0,2,11,3,0,5,6,0,6,0,5.983333333333333,56.5,4.0,10.56,40.0,0.3455882352941176,128.466,2.5658617424242425,0.4,0.4734848484848485,2.9375
2024-11-23 17:00:00,17,19,0,3,14,2,0,9,7,1,8,1,6.716666666666667,107.0,4.0,10.56,47.5,0.453125,166.7053068017366,4.051674641148326,0.475,0.8522727272727274,3.0526315789473686
2024-11-23 18:00:00,18,19,0,2,14,3,0,7,5,1,6,1,5.666666666666667,151.5,4.0,10.56,47.5,0.4117647058823529,133.98330680173663,3.3537480063795853,0.475,0.662878787878788,2.9473684210526314
2024-11-23 19:00:00,19,15,0,3,9,3,0,6,4,2,6,2,6.616666666666666,143.0,4.0,10.56,37.5,0.3308823529411764,131.62961360347322,2.8295454545454546,0.375,0.5681818181818182,3.0
2024-11-23 20:00:00,20,13,0,1,9,3,0,8,2,1,3,1,7.616666666666666,116.0,4.0,10.36,32.5,0.25,91.9113068017366,3.122802197802198,0.325,0.7722007722007722,2.8461538461538463
2024-11-23 21:00:00,21,18,0,2,13,3,0,11,5,2,7,2,8.616666666666667,57.0,4.0,10.36,45.0,0.4015151515151515,162.74461360347323,4.4513406263406265,0.45,1.061776061776062,2.9444444444444446
2024-11-23 22:00:00,22,20,0,3,15,2,0,9,6,2,8,2,9.616666666666667,107.0,3.0,6.66,50.0,0.6354166666666666,186.0746136034732,5.646621621621621,0.5,1.351351351351351,3.05
2024-11-23 23:00:00,23,20,0,3,15,2,0,10,4,2,6,2,10.616666666666667,167.0,3.0,6.66,50.0,0.5980392156862745,164.91461360347324,6.104579579579579,0.5,1.5015015015015014,3.05
2024-11-24 00:00:00,0,21,0,3,17,1,0,12,4,2,6,2,8.083333333333334,227.0,3.0,6.66,52.5,0.6372549019607843,152.77161360347324,7.202005577005577,0.525,1.8018018018018016,3.095238095238096
2024-11-24 01:00:00,1,20,0,3,14,3,0,7,5,2,7,2,9.083333333333334,277.0,3.0,6.66,50.0,0.6060606060606061,169.66661360347325,4.653153153153154,0.5,1.0510510510510511,3.0
2024-11-24 02:00:00,2,16,0,2,12,2,0,1,5,1,6,1,10.083333333333334,324.0,3.0,6.66,40.0,0.4705882352941176,152.45830680173663,1.6504504504504507,0.4,0.1501501501501501,3.0
2024-11-24 03:00:00,3,16,0,0,14,2,0,3,6,0,6,0,11.083333333333334,325.5,3.0,6.66,40.0,0.4509803921568627,157.23,2.445045045045045,0.4,0.4504504504504504,2.875
2024-11-24 04:00:00,4,16,0,0,14,2,0,3,6,0,6,0,12.083333333333334,385.5,3.0,6.66,40.0,0.4509803921568627,162.87,2.445045045045045,0.4,0.4504504504504504,2.875
2024-11-24 05:00:00,5,14,0,0,12,2,0,2,5,0,5,0,13.083333333333334,491.0,3.0,6.66,35.0,0.3809523809523809,150.82,1.858000858000858,0.35,0.3003003003003003,2.857142857142857
2024-11-24 06:00:00,6,14,1,0,12,1,0,2,6,0,6,0,14.083333333333334,505.5,3.0,6.66,35.0,0.4215686274509804,169.86,1.9973509223509225,0.35,0.3003003003003003,3.071428571428572
2024-11-24 07:00:00,7,14,0,1,12,1,0,4,7,0,7,0,15.083333333333334,520.0,3.0,6.66,35.0,0.4242424242424242,188.9,2.851801801801802,0.35,0.6006006006006006,3.0
2024-11-24 08:00:00,8,13,0,1,11,1,0,1,7,0,7,0,16.083333333333332,580.0,3.0,7.109999999999999,32.5,0.3939393939393939,192.395,1.3969409282700422,0.325,0.1406469760900141,3.0
2024-11-24 09:00:00,9,16,0,2,12,2,0,6,7,0,7,0,17.083333333333332,141.0,3.0,7.109999999999999,40.0,0.4848484848484848,204.47,3.7316455696202535,0.4,0.8438818565400844,3.0
2024-11-24 10:00:00,10,20,0,2,17,1,0,13,8,1,9,1,18.08333333333333,66.0,4.0,10.57,50.0,0.4919354838709677,246.3583068017366,5.276182592242194,0.5,1.2298959318826868,3.05
2024-11-24 11:00:00,11,19,0,2,13,4,0,8,7,1,8,1,19.08333333333333,117.5,4.0,10.57,47.5,0.4296875,236.45330680173657,3.5659077329084297,0.475,0.7568590350047304,2.8947368421052637
2024-11-24 12:00:00,12,22,0,2,19,1,0,15,8,1,9,1,20.08333333333333,175.0,4.0,10.57,55.00000000000001,0.5403225806451613,261.9283068017366,5.996837103294056,0.55,1.4191106906338693,3.0454545454545454
2024-11-24 13:00:00,13,29,0,2,24,3,0,13,10,1,11,1,21.08333333333333,204.0,4.0,10.57,72.5,0.7413793103448276,309.3833068017366,5.797277591100381,0.725,1.2298959318826868,2.9655172413793105
2024-11-24 14:00:00,14,28,0,3,22,3,0,10,10,1,11,1,22.08333333333333,180.0,4.0,10.57,70.0,0.7241379310344828,312.8783068017366,4.938221381267739,0.7,0.9460737937559128,3.0
2024-11-24 15:00:00,15,19,0,3,13,3,0,5,7,2,9,2,23.08333333333333,175.0,4.0,10.57,47.5,0.4596774193548387,273.28161360347326,2.8441106906338693,0.475,0.4730368968779564,3.0
2024-11-24 16:00:00,16,16,0,3,12,1,0,6,4,2,6,2,24.08333333333333,121.5,4.0,10.57,40.0,0.3676470588235294,232.2866136034732,3.023888363292337,0.4,0.5676442762535477,3.125
2024-11-24 17:00:00,17,25,0,5,18,2,0,16,6,2,8,2,25.08333333333333,150.5,4.0,10.57,62.5,0.609375,284.03161360347326,6.672800378429518,0.625,1.5137180700094608,3.12
2024-11-24 18:00:00,18,20,0,4,14,2,0,10,7,1,8,1,26.08333333333333,141.5,4.0,10.57,50.0,0.484375,278.07830680173663,4.48282876064333,0.5,0.9460737937559128,3.1
2024-11-24 19:00:00,19,20,0,4,12,4,0,12,9,0,9,0,27.08333333333333,66.0,4.0,10.57,50.0,0.4838709677419355,296.25,4.905865657521287,0.5,1.1352885525070957,3.0
2024-11-24 20:00:00,20,26,1,6,15,4,0,10,10,0,10,0,28.08333333333333,123.5,4.0,10.12,65.0,0.6833333333333333,328.16,5.166448768622682,0.65,0.9881422924901184,3.1538461538461537
2024-11-24 21:00:00,21,23,1,6,15,1,0,11,9,1,10,1,29.08333333333333,183.5,4.0,10.12,57.49999999999999,0.6333333333333333,328.2333068017366,5.491682419659735,0.575,1.0869565217391304,3.3043478260869565
2024-11-24 22:00:00,22,35,1,6,24,4,0,19,10,1,11,1,30.08333333333333,225.0,3.0,6.66,87.5,1.2528735632183907,373.0133068017366,11.609598884598883,0.875,2.8528528528528527,3.1142857142857143
2024-11-24 23:00:00,23,37,1,5,26,5,0,14,14,1,15,1,31.08333333333333,132.0,3.0,6.66,92.5,1.5066666666666666,436.54330680173655,9.244933446960474,0.925,2.1021021021021022,3.054054054054054
2024-11-25 00:00:00,0,29,1,5,20,3,0,4,13,1,14,1,32.083333333333336,244.5,3.0,6.66,72.5,1.1666666666666667,411.6233068017366,4.159643263953608,0.725,0.6006006006006006,3.1379310344827585
2024-11-25 01:00:00,1,26,1,5,16,4,0,5,14,1,15,1,16.0,252.0,3.0,6.66,65.0,1.08,327.87830680173664,4.363877338877339,0.65,0.7507507507507507,3.1153846153846154
2024-11-25 02:00:00,2,21,1,4,14,2,0,3,14,1,15,1,17.0,312.0,3.0,6.66,52.5,0.8933333333333333,322.7933068017366,3.112151437151437,0.525,0.4504504504504504,3.1904761904761907
2024-11-25 03:00:00,3,20,1,3,14,2,0,3,13,0,13,0,18.0,477.0,3.0,6.66,50.0,0.7777777777777778,298.62,2.993918918918919,0.5,0.4504504504504504,3.15
2024-11-25 04:00:00,4,21,1,2,16,2,0,2,14,0,14,0,19.0,473.5,3.0,6.66,52.5,0.8333333333333334,319.80499999999995,2.5545009295009296,0.525,0.3003003003003003,3.095238095238096
2024-11-25 05:00:00,5,20,1,2,15,2,0,1,13,0,13,0,20.0,597.0,3.0,6.66,50.0,0.7654320987654321,309.90000000000003,2.0154654654654656,0.5,0.1501501501501501,3.1
2024-11-25 06:00:00,6,21,1,2,16,2,0,2,14,0,14,0,21.0,593.5,3.0,6.66,52.5,0.8333333333333334,331.085,2.5545009295009296,0.525,0.3003003003003003,3.095238095238096
2024-11-25 07:00:00,7,25,1,3,18,3,0,5,15,0,15,0,22.0,590.0,3.0,6.66,62.5,1.0266666666666666,358.705,4.237312312312312,0.625,0.7507507507507507,3.08
2024-11-25 08:00:00,8,28,1,4,21,2,0,4,16,0,16,0,23.0,629.0,3.0,6.640000000000001,70.0,1.2222222222222223,384.18,4.0932874354561095,0.7,0.6024096385542168,3.142857142857143
2024-11-25 09:00:00,9,27,1,3,21,2,0,4,14,0,14,0,24.0,689.0,3.0,6.640000000000001,67.5,1.0769230769230769,360.875,3.974163319946452,0.675,0.6024096385542168,3.111111111111111
2024-11-25 10:00:00,10,36,1,4,29,2,0,10,16,1,17,1,25.0,708.0,4.0,9.68,90.0,1.2173913043478262,426.88830680173663,6.013957759412306,0.9,1.0330578512396695,3.111111111111111
2024-11-25 11:00:00,11,36,1,7,27,1,0,7,16,1,17,1,26.0,264.0,4.0,9.68,90.0,1.2608695652173914,432.5283068017366,5.2301193755739215,0.9,0.7231404958677686,3.2222222222222223
2024-11-25 12:00:00,12,34,2,8,24,0,0,6,15,2,17,2,26.4,139.0,4.0,9.68,85.0,1.2391304347826086,431.3626136034732,4.928269324258629,0.85,0.6198347107438017,3.3529411764705883
2024-11-25 13:00:00,13,33,2,8,23,0,0,7,12,3,15,3,27.4,192.0,4.0,9.68,82.5,1.11,408.9259204052098,5.207381667918859,0.825,0.7231404958677686,3.363636363636364
2024-11-25 14:00:00,14,39,3,8,27,1,0,12,13,2,15,2,19.83333333333333,234.0,4.0,9.68,97.5,1.3,378.2516136034732,7.382231404958678,0.975,1.2396694214876034,3.333333333333333
2024-11-25 15:00:00,15,38,4,9,24,1,0,5,14,2,16,2,20.83333333333333,214.5,4.0,9.68,95.0,1.3541666666666667,395.1466136034732,5.017072640278382,0.95,0.5165289256198348,3.421052631578948
2024-11-25 16:00:00,16,31,4,9,18,0,0,5,16,1,17,1,21.83333333333333,152.0,4.0,9.68,77.5,1.1956521739130437,398.3033068017366,4.582844574780059,0.775,0.5165289256198348,3.548387096774193
2024-11-25 17:00:00,17,33,3,10,19,1,0,6,17,1,18,1,22.83333333333333,204.5,4.0,9.68,82.5,1.2954545454545454,421.6333068017366,4.991247182569497,0.825,0.6198347107438017,3.4545454545454546
2024-11-25 18:00:00,18,34,3,10,20,1,0,7,17,2,19,2,23.83333333333333,257.0,4.0,9.68,85.0,1.3928571428571428,443.6866136034732,5.413454059309674,0.85,0.7231404958677686,3.4411764705882355
2024-11-25 19:00:00,19,34,0,10,24,0,0,11,14,1,15,1,24.83333333333333,317.0,4.0,9.68,85.0,1.12,394.8583068017366,6.54331550802139,0.85,1.1363636363636365,3.294117647058824
2024-11-25 20:00:00,20,35,0,10,25,0,0,9,15,1,16,1,25.83333333333333,346.0,4.0,10.47,87.5,1.1979166666666667,416.0433068017366,5.699396234138354,0.875,0.8595988538681949,3.2857142857142856
2024-11-25 21:00:00,21,33,0,12,21,0,0,8,16,1,17,1,26.83333333333333,379.0,4.0,10.47,82.5,1.2065217391304348,430.7933068017366,5.345113744898845,0.825,0.7640878701050622,3.363636363636364
2024-11-25 22:00:00,22,41,0,14,27,0,0,12,19,1,20,1,27.83333333333333,416.5,3.0,7.43,102.5,2.283333333333333,493.79330680173655,8.82171076387749,1.025,1.6150740242261103,3.341463414634146
2024-11-25 23:00:00,23,33,0,13,20,0,0,8,20,2,22,2,28.066666666666663,443.5,3.0,7.43,82.5,2.074074074074074,505.6176136034733,6.4543089032994825,0.825,1.0767160161507403,3.393939393939394
2024-11-26 00:00:00,0,36,0,12,24,0,0,9,22,2,24,2,29.066666666666663,453.0,3.0,7.43,90.0,2.5,544.4926136034733,7.037685060565277,0.9,1.2113055181695829,3.333333333333333
2024-11-26 01:00:00,1,38,0,12,26,0,0,8,22,2,24,2,30.066666666666663,470.0,3.0,7.43,95.0,2.625,554.4226136034732,6.720163632499824,0.95,1.0767160161507403,3.3157894736842106
2024-11-26 02:00:00,2,36,0,13,22,1,0,3,21,2,23,2,31.066666666666663,541.0,3.0,7.43,90.0,2.3529411764705883,542.3726136034732,4.345895020188426,0.9,0.4037685060565276,3.333333333333333
2024-11-26 03:00:00,3,35,0,13,21,1,0,2,22,1,23,1,32.06666666666667,601.0,3.0,7.43,87.5,2.294117647058824,544.9993068017366,3.8248269563545474,0.875,0.2691790040376851,3.342857142857143
2024-11-26 04:00:00,4,38,0,13,22,3,0,4,23,0,23,0,33.06666666666667,661.0,3.0,7.43,95.0,2.431372549019608,556.206,4.856747184245944,0.95,0.5383580080753702,3.263157894736842
2024-11-26 05:00:00,5,37,0,13,22,2,0,1,23,0,23,0,34.06666666666667,721.0,3.0,7.43,92.5,2.392156862745098,559.701,3.4937816012513188,0.925,0.1345895020188425,3.2972972972972974
2024-11-26 06:00:00,6,40,0,13,21,6,0,5,22,0,22,0,35.06666666666667,691.0,3.0,7.43,100.0,2.351851851851852,558.376,5.311608344549126,1.0,0.6729475100942127,3.175
2024-11-26 07:00:00,7,41,0,13,24,4,0,4,23,0,23,0,36.06666666666667,661.0,3.0,7.43,102.5,2.588235294117647,579.5609999999999,5.0332501723402165,1.025,0.5383580080753702,3.2195121951219514
2024-11-26 08:00:00,8,43,0,12,27,4,0,7,24,0,24,0,37.06666666666667,716.5,3.0,6.67,107.5,2.8541666666666665,602.8910000000001,6.768676998709947,1.075,1.0494752623688155,3.186046511627907
2024-11-26 09:00:00,9,41,0,13,24,4,0,3,22,0,22,0,38.06666666666667,871.0,3.0,6.67,102.5,2.4444444444444446,577.441,4.74805645957509,1.025,0.4497751124437781,3.2195121951219514
2024-11-26 10:00:00,10,49,0,16,28,5,0,12,26,1,27,1,39.06666666666667,772.0,4.0,9.92,122.5,3.0384615384615383,668.1093068017367,7.850592495062541,1.225,1.2096774193548387,3.224489795918368
2024-11-26 11:00:00,11,46,0,13,29,4,0,5,25,1,26,1,40.06666666666667,489.5,4.0,9.92,115.0,2.625,653.9143068017366,5.28571178120617,1.15,0.5040322580645161,3.1956521739130435
2024-11-26 12:00:00,12,40,0,11,27,2,0,3,22,1,23,1,41.06666666666667,585.0,4.0,9.92,100.0,1.897058823529412,606.4843068017366,4.200302419354839,1.0,0.3024193548387097,3.225
2024-11-26 13:00:00,13,43,0,8,32,3,0,7,21,2,23,2,42.06666666666667,376.0,4.0,9.92,107.5,1.9705882352941175,619.4276136034732,5.548987246811704,1.075,0.7056451612903226,3.116279069767442
2024-11-26 14:00:00,14,38,0,7,29,2,0,3,19,2,21,2,43.06666666666667,298.0,4.0,9.92,95.0,1.5657894736842106,587.5426136034732,3.922050084889644,0.95,0.3024193548387097,3.131578947368421
2024-11-26 15:00:00,15,32,0,7,24,1,0,3,18,2,20,2,44.06666666666667,321.5,4.0,9.92,80.0,1.275,566.9126136034732,3.5139616935483877,0.8,0.3024193548387097,3.1875
2024-11-26 16:00:00,16,30,0,5,24,1,0,6,16,2,18,2,27.883333333333333,340.0,4.0,9.92,75.0,1.068181818181818,444.54861360347326,4.245161290322581,0.75,0.6048387096774194,3.1333333333333333
2024-11-26 17:00:00,17,27,0,5,21,1,0,1,15,2,17,2,28.883333333333333,386.0,4.0,9.92,67.5,0.9239130434782608,430.3536136034732,2.4423536439665474,0.675,0.1008064516129032,3.1481481481481484
2024-11-26 18:00:00,18,30,0,4,22,4,0,7,17,2,19,2,29.883333333333333,425.0,4.0,9.92,75.0,1.0714285714285714,469.22861360347326,4.366935483870968,0.75,0.7056451612903226,3.0
2024-11-26 19:00:00,19,32,1,5,22,4,0,7,18,3,21,3,30.883333333333333,431.0,4.0,9.92,80.0,1.3026315789473684,506.8269204052099,4.6580897177419365,0.8,0.7056451612903226,3.09375
2024-11-26 20:00:00,20,37,0,7,24,5,1,11,19,2,21,2,28.7,491.0,4.0,10.2,92.5,1.4605263157894737,504.3696136034732,6.01029411764706,0.925,1.0784313725490198,3.0
2024-11-26 21:00:00,21,39,0,7,29,3,0,11,19,1,20,1,29.7,486.0,4.0,10.2,97.5,1.5125,500.0313068017366,6.370902463549523,0.975,1.0784313725490198,3.102564102564102
2024-11-26 22:00:00,22,31,0,7,23,1,0,3,20,0,20,0,30.7,473.5,3.0,6.95,77.5,1.65,487.643,3.8535100951496863,0.775,0.4316546762589928,3.193548387096774
2024-11-26 23:00:00,23,33,0,7,24,2,0,6,21,0,21,0,31.7,482.0,3.0,6.95,82.5,1.824561403508772,510.97300000000007,5.320732504905166,0.825,0.8633093525179856,3.1515151515151514
2024-11-27 00:00:00,0,30,0,7,21,2,0,3,21,0,21,0,32.7,542.0,3.0,6.95,75.0,1.6666666666666667,510.178,3.741906474820144,0.75,0.4316546762589928,3.1666666666666665
2024-11-27 01:00:00,1,32,0,8,21,3,0,5,22,0,22,0,33.7,594.0,3.0,6.95,80.0,1.8703703703703705,533.508,4.79568345323741,0.8,0.7194244604316546,3.15625
2024-11-27 02:00:00,2,34,0,8,24,2,0,5,23,0,23,0,34.7,646.0,3.0,6.95,85.0,2.117647058823529,556.838,4.985230639018197,0.85,0.7194244604316546,3.176470588235294
2024-11-27 03:00:00,3,31,0,8,23,0,0,1,23,0,23,0,35.7,706.0,3.0,6.95,77.5,1.9803921568627447,556.043,2.99378626131353,0.775,0.1438848920863309,3.2580645161290325
2024-11-27 04:00:00,4,31,0,8,23,0,0,2,23,0,23,0,36.7,766.0,3.0,6.95,77.5,1.9803921568627447,561.683,3.46257252262706,0.775,0.2877697841726618,3.2580645161290325
2024-11-27 05:00:00,5,31,0,8,22,1,0,2,23,0,23,0,37.7,826.0,3.0,6.95,77.5,1.96078431372549,567.323,3.428289626363425,0.775,0.2877697841726618,3.225806451612903
2024-11-27 06:00:00,6,31,0,8,23,0,0,1,24,0,24,0,38.7,877.0,3.0,6.95,77.5,2.1041666666666665,586.363,2.99378626131353,0.775,0.1438848920863309,3.2580645161290325
2024-11-27 07:00:00,7,34,1,8,23,2,0,4,25,1,26,1,39.7,864.5,3.0,6.95,85.0,2.619047619047619,626.1063068017367,4.612039779940754,0.85,0.5755395683453237,3.235294117647059
2024-11-27 08:00:00,8,36,1,8,25,2,0,4,26,1,27,1,40.7,861.0,3.0,6.43,90.0,2.9743589743589745,649.4363068017367,4.904492828754104,0.9,0.6220839813374806,3.2222222222222223
2024-11-27 09:00:00,9,35,1,7,26,1,0,3,25,1,26,1,41.7,914.0,3.0,6.43,87.5,2.6904761904761907,639.5313068017366,4.331331926238613,0.875,0.4665629860031104,3.2285714285714286
2024-11-27 10:00:00,10,38,0,9,28,1,0,6,26,1,27,1,42.7,967.0,4.0,9.68,95.0,2.3461538461538463,665.0063068017366,5.039995650282732,0.95,0.6198347107438017,3.210526315789474
2024-11-27 11:00:00,11,40,0,6,31,3,0,8,24,1,25,1,39.016666666666666,853.0,4.0,9.68,100.0,2.05,621.7223068017365,5.616322314049587,1.0,0.8264462809917356,3.075
2024-11-27 12:00:00,12,46,1,6,34,5,0,12,25,2,27,2,35.983333333333334,808.0,4.0,9.68,115.0,2.7115384615384617,645.1526136034732,7.324856270212002,1.15,1.2396694214876034,3.065217391304348
2024-11-27 13:00:00,13,45,3,6,33,3,0,6,25,4,29,4,36.98333333333333,426.0,4.0,9.68,112.5,3.272727272727273,677.1842272069465,5.583471074380165,1.125,0.6198347107438017,3.2
2024-11-27 14:00:00,14,42,3,6,30,3,0,6,24,5,29,5,37.9,282.0,4.0,9.68,105.0,3.0681818181818183,676.787534008683,5.36732585596222,1.05,0.6198347107438017,3.2142857142857144
2024-11-27 15:00:00,15,40,3,8,26,3,0,4,22,5,27,5,38.9,301.0,4.0,9.68,100.0,2.519230769230769,651.3375340086831,4.628305785123967,1.0,0.4132231404958678,3.275
2024-11-27 16:00:00,16,40,2,8,24,6,0,10,19,3,22,3,39.9,375.5,4.0,9.68,100.0,1.75,588.2409204052099,6.404132231404958,1.0,1.0330578512396695,3.15
2024-11-27 17:00:00,17,36,2,7,23,4,0,4,17,3,20,3,40.9,435.5,4.0,9.68,90.0,1.4375,558.5009204052099,4.195018365472912,0.9,0.4132231404958678,3.1944444444444446
2024-11-27 18:00:00,18,27,2,4,17,4,0,4,17,3,20,3,41.9,492.5,4.0,9.68,67.5,1.0625,544.8359204052099,3.4258876645240286,0.675,0.4132231404958678,3.1481481481481484
2024-11-27 19:00:00,19,34,3,5,19,7,0,11,19,3,22,3,42.9,496.0,4.0,9.68,85.0,1.4722222222222223,592.2909204052098,6.192780748663101,0.85,1.1363636363636365,3.117647058823529
2024-11-27 20:00:00,20,36,3,6,19,8,0,11,20,3,23,3,33.9,503.0,4.0,11.44,90.0,1.6470588235294117,559.2209204052099,5.791452991452991,0.9,0.9615384615384616,3.111111111111111
2024-11-27 21:00:00,21,44,4,7,26,7,0,11,19,4,23,4,34.9,563.0,4.0,11.44,110.0,2.0588235294117645,582.8892272069464,6.55944055944056,1.1,0.9615384615384616,3.1818181818181817
2024-11-27 22:00:00,22,43,3,8,25,7,0,12,17,4,21,4,35.9,591.0,3.0,8.19,107.5,2.3859649122807016,559.5842272069465,8.034125564358122,1.075,1.465201465201465,3.1627906976744184
2024-11-27 23:00:00,23,37,2,7,23,5,0,9,19,3,22,3,36.9,596.5,3.0,8.19,92.5,2.1666666666666665,564.8859204052098,6.399903474903477,0.925,1.098901098901099,3.1621621621621623
2024-11-28 00:00:00,0,33,1,7,22,3,0,10,20,2,22,2,37.9,656.5,3.0,8.19,82.5,1.9444444444444444,561.0776136034732,6.5100038850038855,0.825,1.221001221001221,3.1818181818181817
2024-11-28 01:00:00,1,32,1,8,20,3,0,6,21,2,23,2,38.9,662.0,3.0,8.19,80.0,2.019607843137255,577.9726136034732,4.933058608058609,0.8,0.7326007326007327,3.21875
2024-11-28 02:00:00,2,28,2,7,17,2,0,3,21,2,23,2,39.9,722.0,3.0,8.19,70.0,1.8235294117647056,575.0326136034731,3.541640502354788,0.7,0.3663003663003663,3.321428571428572
2024-11-28 03:00:00,3,26,2,7,15,2,0,0,20,2,22,2,40.9,836.5,3.0,8.19,65.0,1.6111111111111112,562.9826136034733,2.1750000000000003,0.65,0.0,3.3461538461538463
2024-11-28 04:00:00,4,29,3,7,16,3,0,3,20,3,23,3,41.9,842.0,3.0,8.19,72.5,1.9019607843137252,589.3259204052098,3.650211570039157,0.725,0.3663003663003663,3.3448275862068964
2024-11-28 05:00:00,5,28,3,6,17,2,0,1,19,3,22,3,42.9,956.5,3.0,8.19,70.0,1.7407407407407407,579.4209204052098,2.7599075527646955,0.7,0.1221001221001221,3.357142857142857
2024-11-28 06:00:00,6,30,3,6,19,2,0,4,19,2,21,2,43.9,1071.0,3.0,8.19,75.0,1.7543859649122806,575.0826136034732,4.128001628001629,0.75,0.4884004884004884,3.333333333333333
2024-11-28 07:00:00,7,29,2,7,18,2,0,1,20,1,21,1,44.9,1131.0,3.0,8.19,72.5,1.6842105263157894,577.7093068017366,2.8041935076417834,0.725,0.1221001221001221,3.310344827586207
2024-11-28 08:00:00,8,35,2,7,24,2,0,9,24,1,25,1,45.9,734.0,3.0,6.59,87.5,2.533333333333333,649.8193068017366,7.298298287448516,0.875,1.3657056145675266,3.257142857142857
2024-11-28 09:00:00,9,38,2,7,25,4,0,8,24,1,25,1,44.45,698.0,3.0,6.59,95.0,2.688888888888889,648.0763068017366,6.890505950003992,0.95,1.2139605462822458,3.1842105263157894
2024-11-28 10:00:00,10,43,1,9,32,1,0,15,25,0,25,0,45.45,713.0,4.0,9.68,107.5,2.316666666666667,663.5730000000001,8.484129348452816,1.075,1.5495867768595042,3.232558139534884
2024-11-28 11:00:00,11,43,1,8,32,2,0,9,25,0,25,0,46.45,682.0,4.0,9.68,107.5,2.283333333333333,669.213,6.387233326926773,1.075,0.9297520661157024,3.186046511627907
2024-11-28 12:00:00,12,42,1,9,31,1,0,7,22,0,22,0,47.45,514.0,4.0,9.68,105.0,1.8888888888888888,632.508,5.741597796143251,1.05,0.7231404958677686,3.238095238095238
2024-11-28 13:00:00,13,40,1,9,28,2,0,8,23,0,23,0,48.45,339.0,4.0,9.68,100.0,1.897058823529412,647.258,5.890289256198347,1.0,0.8264462809917356,3.225
2024-11-28 14:00:00,14,36,1,6,28,1,0,5,20,0,20,0,30.9,385.0,4.0,9.68,90.0,1.4375,499.496,4.52502295684114,0.9,0.5165289256198348,3.1944444444444446
2024-11-28 15:00:00,15,37,1,7,28,1,0,8,18,0,18,0,30.616666666666667,344.5,4.0,9.68,92.5,1.3522727272727273,473.243,5.633029930757204,0.925,0.8264462809917356,3.216216216216216
2024-11-28 16:00:00,16,36,2,4,29,1,0,7,16,1,17,1,31.616666666666667,388.0,4.0,9.68,90.0,1.25,464.2063068017366,5.1850321395775945,0.9,0.7231404958677686,3.1944444444444446
2024-11-28 17:00:00,17,33,1,4,26,2,0,8,16,0,16,0,29.383333333333333,464.5,4.0,9.68,82.5,1.0729166666666667,430.907,5.154514149762083,0.825,0.8264462809917356,3.121212121212121
2024-11-28 18:00:00,18,31,1,4,21,5,0,8,14,0,14,0,30.383333333333333,524.5,4.0,9.68,77.5,0.903846153846154,405.457,4.855998400426553,0.775,0.8264462809917356,3.032258064516129
2024-11-28 19:00:00,19,26,2,4,19,1,0,5,15,0,15,0,31.383333333333333,568.0,4.0,9.68,65.0,0.85,413.77199999999993,3.813652256834075,0.65,0.5165289256198348,3.269230769230769
2024-11-28 20:00:00,20,31,2,6,22,1,0,12,16,0,16,0,32.38333333333333,588.5,4.0,9.87,77.5,1.0625,443.537,6.550392195313266,0.775,1.2158054711246202,3.290322580645161
2024-11-28 21:00:00,21,27,2,6,19,0,0,5,14,0,14,0,26.2,648.5,4.0,9.87,67.5,0.875,373.283,3.982381140005254,0.675,0.5065856129685917,3.3703703703703702
2024-11-28 22:00:00,22,27,2,6,17,2,0,8,15,0,15,0,27.2,689.0,3.0,6.779999999999999,67.5,1.1866666666666668,392.323,6.114435157871736,0.675,1.1799410029498527,3.2962962962962963
2024-11-28 23:00:00,23,30,2,5,20,3,0,9,15,0,15,0,28.2,749.0,3.0,6.779999999999999,75.0,1.28,404.398,6.647787610619469,0.75,1.327433628318584,3.2
2024-11-29 00:00:00,0,28,2,4,21,1,0,7,16,0,16,0,29.2,799.0,3.0,6.779999999999999,70.0,1.2638888888888888,419.148,5.630457227138644,0.7,1.032448377581121,3.25
2024-11-29 01:00:00,1,23,2,4,17,0,0,1,16,0,16,0,30.2,859.0,3.0,6.779999999999999,57.49999999999999,1.0694444444444444,414.063,2.418779658843145,0.575,0.1474926253687316,3.347826086956522
2024-11-29 02:00:00,2,26,2,5,19,0,0,3,16,0,16,0,31.2,919.0,3.0,6.779999999999999,65.0,1.2083333333333333,426.138,3.655599046970729,0.65,0.4424778761061947,3.3461538461538463
2024-11-29 03:00:00,3,27,2,6,19,0,0,3,17,0,17,0,32.2,969.0,3.0,6.779999999999999,67.5,1.318840579710145,447.323,3.7663143231727294,0.675,0.4424778761061947,3.3703703703703702
2024-11-29 04:00:00,4,29,2,6,20,1,0,4,17,0,17,0,33.2,1029.0,3.0,6.779999999999999,72.5,1.391304347826087,457.253,4.353005797985962,0.725,0.5899705014749264,3.310344827586207
2024-11-29 05:00:00,5,24,2,6,16,0,0,0,17,0,17,0,34.2,1089.0,3.0,6.779999999999999,60.0,1.1884057971014492,452.168,2.05,0.6,0.0,3.4166666666666665
2024-11-29 06:00:00,6,25,2,6,17,0,0,1,17,0,17,0,35.2,1149.0,3.0,6.779999999999999,62.5,1.2318840579710144,459.953,2.6264749262536875,0.625,0.1474926253687316,3.4
2024-11-29 07:00:00,7,27,2,6,19,0,0,4,17,0,17,0,36.2,1209.0,3.0,6.779999999999999,67.5,1.318840579710145,469.883,4.263419097563641,0.675,0.5899705014749264,3.3703703703703702
2024-11-29 08:00:00,8,26,1,6,19,0,0,2,17,0,17,0,37.2,1269.0,3.0,6.619999999999999,65.0,1.2463768115942029,473.378,3.149302811991633,0.65,0.3021148036253777,3.3076923076923075
2024-11-29 09:00:00,9,29,2,6,21,0,0,7,19,0,19,0,38.2,1244.0,3.0,6.619999999999999,72.5,1.5396825396825398,512.253,5.961826752786748,0.725,1.0574018126888218,3.3448275862068964
2024-11-29 10:00:00,10,33,4,8,21,0,0,7,22,0,22,0,39.2,1062.0,4.0,10.32,82.5,1.5972222222222223,566.673,5.2387538172421895,0.825,0.6782945736434108,3.484848484848485
2024-11-29 11:00:00,11,40,4,9,27,0,0,10,27,1,28,1,40.2,873.5,4.0,10.32,100.0,2.8541666666666665,668.5963068017365,6.743798449612402,1.0,0.9689922480620154,3.425
2024-11-29 12:00:00,12,28,4,7,17,0,0,2,19,1,20,1,41.2,180.0,4.0,10.32,70.0,1.2375,541.2963068017366,3.160215946843853,0.7,0.193798449612403,3.5357142857142856
2024-11-29 13:00:00,13,27,2,6,19,0,0,5,15,1,16,1,42.2,221.0,4.0,10.32,67.5,0.9479166666666666,491.1913068017367,3.907931380993397,0.675,0.4844961240310077,3.3703703703703702
2024-11-29 14:00:00,14,28,1,6,21,0,0,10,14,0,14,0,43.2,243.0,4.0,10.32,70.0,0.8846153846153846,471.308,5.483831672203765,0.7,0.9689922480620154,3.2857142857142856
2024-11-29 15:00:00,15,21,0,2,18,1,0,5,12,0,12,0,28.15,273.0,4.0,10.32,52.5,0.5714285714285714,344.611,3.0765596160944995,0.525,0.4844961240310077,3.0476190476190474
2024-11-29 16:00:00,16,17,0,2,15,0,0,1,12,0,12,0,29.15,234.5,4.0,10.32,42.5,0.4732142857142857,341.671,1.6270975832193342,0.425,0.0968992248062015,3.117647058823529
2024-11-29 17:00:00,17,20,0,3,17,0,0,6,14,0,14,0,30.15,198.5,4.0,10.32,50.0,0.6057692307692307,380.546,3.4063953488372096,0.5,0.5813953488372093,3.15
2024-11-29 18:00:00,18,23,0,4,19,0,0,6,15,0,15,0,31.15,249.0,4.0,10.32,57.49999999999999,0.73,406.021,3.670298281092012,0.575,0.5813953488372093,3.1739130434782608
2024-11-29 19:00:00,19,25,0,4,21,0,0,7,13,0,13,0,32.15,303.0,4.0,10.32,62.5,0.7314814814814815,389.151,4.118410852713178,0.625,0.6782945736434108,3.16
2024-11-29 20:00:00,20,26,0,3,23,0,0,9,9,1,10,1,33.15,334.0,4.0,10.89,65.0,0.675,357.6043068017366,4.599698029243483,0.65,0.8264462809917354,3.1153846153846154
2024-11-29 21:00:00,21,34,0,3,31,0,0,14,12,1,13,1,34.15,257.0,4.0,10.89,85.0,0.9722222222222222,420.6043068017366,6.595183114568142,0.85,1.285583103764922,3.088235294117647
2024-11-29 22:00:00,22,28,0,2,25,1,0,13,7,0,7,0,26.73333333333333,317.0,3.0,7.19,70.0,0.8585858585858586,284.636,7.613774090999404,0.7,1.808066759388039,3.0357142857142856
2024-11-29 23:00:00,23,27,0,1,25,1,0,11,8,0,8,0,27.73333333333333,360.5,3.0,7.19,67.5,0.84375,301.531,6.61470792767733,0.675,1.52990264255911,3.0
2024-11-30 00:00:00,0,28,1,3,23,1,0,9,10,0,10,0,28.73333333333333,294.0,3.0,7.19,70.0,0.9777777777777776,336.116,6.1340353665805685,0.7,1.251738525730181,3.142857142857143
2024-11-30 01:00:00,1,25,1,3,21,0,0,4,10,0,10,0,29.73333333333333,354.0,3.0,7.19,62.5,0.8888888888888888,335.321,3.780250347705146,0.625,0.5563282336578582,3.2
2024-11-30 02:00:00,2,20,1,2,17,0,0,2,10,0,10,0,30.73333333333333,414.0,3.0,7.19,50.0,0.7111111111111111,330.236,2.490125173852573,0.5,0.2781641168289291,3.2
2024-11-30 03:00:00,3,20,1,2,17,0,0,4,12,0,12,0,31.73333333333333,362.5,3.0,7.19,50.0,0.7619047619047619,362.676,3.380250347705146,0.5,0.5563282336578582,3.2
2024-11-30 04:00:00,4,18,1,2,15,0,0,1,12,0,12,0,32.733333333333334,422.5,3.0,7.19,45.0,0.6904761904761905,364.026,1.898153299335497,0.45,0.1390820584144645,3.2222222222222223
2024-11-30 05:00:00,5,20,1,2,16,1,0,3,12,0,12,0,33.733333333333334,482.5,3.0,7.19,50.0,0.75,373.956,2.8893254520166898,0.5,0.4172461752433936,3.15
2024-11-30 06:00:00,6,20,1,3,16,0,0,2,12,0,12,0,34.733333333333334,542.5,3.0,7.19,50.0,0.7738095238095238,379.596,2.5290333796940194,0.5,0.2781641168289291,3.25
2024-11-30 07:00:00,7,21,1,3,17,0,0,2,12,0,12,0,35.733333333333334,602.5,3.0,7.19,52.5,0.8095238095238095,387.381,2.6007219021127232,0.525,0.2781641168289291,3.238095238095238
2024-11-30 08:00:00,8,23,1,4,18,0,0,4,12,0,12,0,36.73333333333333,662.5,3.0,7.779999999999999,57.49999999999999,0.8928571428571429,397.311,3.551539622219738,0.575,0.5141388174807199,3.260869565217391
2024-11-30 09:00:00,9,27,2,4,20,1,0,8,13,0,13,0,37.73333333333333,650.0,3.0,7.779999999999999,67.5,1.0864197530864197,424.931,5.551423402837285,0.675,1.0282776349614398,3.259259259259259
2024-11-30 10:00:00,10,22,2,3,15,2,0,3,10,1,11,1,23.85,431.0,4.0,11.48,55.00000000000001,0.6120689655172413,309.97230680173664,2.618363953120051,0.55,0.2613240418118467,3.227272727272727
2024-11-30 11:00:00,11,18,2,2,12,2,0,5,11,1,12,1,18.28333333333333,145.0,4.0,11.48,45.0,0.5178571428571429,283.3963068017366,2.853406891211769,0.45,0.4355400696864111,3.2222222222222223
2024-11-30 12:00:00,12,22,1,3,13,5,0,10,9,2,11,2,19.28333333333333,142.0,4.0,11.48,55.00000000000001,0.5689655172413793,285.08461360347326,4.263240418118467,0.55,0.8710801393728222,3.0
2024-11-30 13:00:00,13,28,1,5,17,5,0,12,13,2,15,2,20.28333333333333,141.0,4.0,11.48,70.0,0.86,357.1946136034733,5.360552513688402,0.7,1.0452961672473868,3.071428571428572
2024-11-30 14:00:00,14,28,0,5,17,6,0,12,7,3,10,3,8.533333333333333,123.0,4.0,11.48,70.0,0.6916666666666667,224.79292040520983,5.17355649576904,0.7,1.0452961672473868,2.9642857142857144
2024-11-30 15:00:00,15,20,0,4,13,3,0,3,4,2,6,2,9.533333333333331,149.0,4.0,11.48,50.0,0.4485294117647059,158.80461360347323,2.3220383275261325,0.5,0.2613240418118467,3.05
2024-11-30 16:00:00,16,19,0,4,12,3,0,8,4,2,6,2,10.533333333333331,67.0,4.0,11.48,47.5,0.4264705882352941,162.29961360347323,3.577269392994682,0.475,0.6968641114982578,3.0526315789473686
2024-11-30 17:00:00,17,21,1,3,14,3,0,6,4,2,6,2,11.533333333333331,127.0,4.0,11.48,52.5,0.4779411764705882,172.22961360347324,3.242720258835241,0.525,0.5226480836236934,3.095238095238096
2024-11-30 18:00:00,18,21,2,3,14,2,0,11,5,2,7,2,12.533333333333331,157.0,4.0,11.48,52.5,0.5151515151515151,191.2696136034732,4.802704496432719,0.525,0.9581881533101044,3.238095238095238
2024-11-30 19:00:00,19,21,1,4,14,2,0,9,8,1,9,1,13.533333333333331,66.0,4.0,11.48,52.5,0.5403225806451613,222.8413068017366,4.176244400199104,0.525,0.7839721254355401,3.1904761904761907
2024-11-30 20:00:00,20,23,2,4,14,3,0,14,10,2,12,2,14.533333333333331,64.5,4.0,11.03,57.49999999999999,0.6607142857142857,273.83961360347325,5.933724230359887,0.575,1.269265639165911,3.217391304347826
2024-11-30 21:00:00,21,25,2,3,14,6,0,10,12,2,14,2,15.533333333333331,88.0,4.0,11.03,62.5,0.7307692307692307,310.5696136034732,4.656119673617407,0.625,0.9066183136899364,3.04
2024-11-30 22:00:00,22,25,2,3,17,3,0,14,10,2,12,2,16.533333333333335,82.0,3.0,7.33,62.5,0.9404761904761904,289.40961360347325,8.010470668485675,0.625,1.9099590723055933,3.16
2024-11-30 23:00:00,23,22,1,3,13,5,0,10,9,2,11,2,17.533333333333335,130.0,3.0,7.33,55.00000000000001,0.7586206896551724,275.21461360347325,5.742769440654843,0.55,1.364256480218281,3.0
