ts,hour,census,l1,l2,l3,l4,l5,arrivals,waitBed,waitICU,D_board,vent,maxLOS_h,awt_curr_min,Na,cap_sum,OCCUPANCY,EDWIN,NEDOCS,READI,READI_BR,READI_PR,READI_AR
2020-04-01 00:00:00,0,10,0,1,6,1,2,3,4,0,4,0,5.8,177.5,3.0,8.18,25.0,0.2407407407407407,87.762,1.6035452322738388,0.25,0.3667481662591687,2.6
2020-04-01 01:00:00,1,11,0,1,7,1,2,3,4,0,4,0,6.8,237.5,3.0,8.18,27.500000000000004,0.2685185185185185,95.547,1.6918815292287177,0.275,0.3667481662591687,2.636363636363636
2020-04-01 02:00:00,2,14,0,1,10,1,2,3,4,0,4,0,7.8,297.5,3.0,8.18,35.0,0.3518518518518518,107.622,1.945459308417744,0.35,0.3667481662591687,2.7142857142857144
2020-04-01 03:00:00,3,17,0,1,13,1,2,5,6,0,6,0,8.8,295.0,3.0,8.18,42.5,0.4607843137254901,146.497,2.86491802099813,0.425,0.6112469437652812,2.764705882352941
2020-04-01 04:00:00,4,16,0,1,12,1,2,0,6,0,6,0,9.8,355.0,3.0,8.18,40.0,0.4313725490196078,149.992,1.1,0.4,0.0,2.75
2020-04-01 05:00:00,5,17,0,1,12,1,3,2,7,0,7,0,10.8,395.0,3.0,8.18,42.5,0.4545454545454545,171.177,1.7722026463397096,0.425,0.2444987775061124,2.647058823529412
2020-04-01 06:00:00,6,12,0,1,10,1,0,0,7,0,7,0,11.8,455.0,3.0,8.18,30.0,0.3636363636363636,166.09199999999998,0.8999999999999999,0.3,0.0,3.0
2020-04-01 07:00:00,7,12,0,1,10,1,0,1,7,0,7,0,12.8,515.0,3.0,8.18,30.0,0.3636363636363636,171.73199999999997,1.2667481662591686,0.3,0.1222493887530562,3.0
2020-04-01 08:00:00,8,14,0,1,12,1,0,5,7,0,7,0,13.8,575.0,3.0,7.74,35.0,0.4242424242424242,181.662,2.9879844961240307,0.35,0.6459948320413437,3.0
2020-04-01 09:00:00,9,14,0,0,11,3,0,6,3,0,3,0,14.8,760.0,3.0,7.74,35.0,0.3513513513513513,133.702,3.134468438538206,0.35,0.7751937984496123,2.7857142857142856
2020-04-01 10:00:00,10,16,1,1,11,3,0,6,4,0,4,0,15.8,239.0,4.0,11.0,40.0,0.3333333333333333,157.03199999999998,2.8363636363636364,0.4,0.5454545454545454,3.0
2020-04-01 11:00:00,11,15,1,1,11,2,0,4,4,0,4,0,8.933333333333334,71.5,4.0,11.0,37.5,0.3194444444444444,116.159,2.265151515151515,0.375,0.3636363636363636,3.066666666666667
2020-04-01 12:00:00,12,18,1,3,11,3,0,7,3,0,3,0,4.483333333333333,72.0,4.0,11.0,45.0,0.3783783783783784,84.096,3.37979797979798,0.45,0.6363636363636364,3.111111111111111
2020-04-01 13:00:00,13,11,1,1,8,1,0,2,3,0,3,0,5.483333333333333,132.0,4.0,11.0,27.500000000000004,0.2364864864864864,74.721,1.453512396694215,0.275,0.1818181818181818,3.1818181818181817
2020-04-01 14:00:00,14,14,0,1,11,2,0,7,5,0,5,0,6.483333333333333,46.0,4.0,11.0,35.0,0.2928571428571428,113.596,2.8886363636363632,0.35,0.6363636363636364,2.9285714285714284
2020-04-01 15:00:00,15,12,0,2,8,2,0,2,5,0,5,0,6.7,101.0,4.0,11.0,30.0,0.2571428571428571,110.528,1.445454545454545,0.3,0.1818181818181818,3.0
2020-04-01 16:00:00,16,12,0,1,9,2,0,6,3,0,3,0,7.7,147.0,4.0,11.0,30.0,0.2364864864864864,89.368,2.465909090909091,0.3,0.5454545454545454,2.9166666666666665
2020-04-01 17:00:00,17,15,1,2,12,0,0,8,2,1,3,1,8.7,44.0,4.0,11.0,37.5,0.3310810810810811,102.3113068017366,3.600757575757576,0.375,0.7272727272727273,3.2666666666666666
2020-04-01 18:00:00,18,13,1,1,10,0,1,8,3,1,4,1,5.783333333333333,63.0,4.0,11.0,32.5,0.2777777777777778,94.9713068017366,3.237762237762238,0.325,0.7272727272727273,3.076923076923077
2020-04-01 19:00:00,19,14,1,2,10,0,1,4,5,1,6,1,6.783333333333333,92.5,4.0,11.0,35.0,0.3235294117647059,129.5563068017366,2.242857142857143,0.35,0.3636363636363636,3.142857142857143
2020-04-01 20:00:00,20,11,1,2,7,1,0,6,4,1,5,1,3.733333333333333,84.0,4.0,9.61,27.500000000000004,0.2571428571428571,92.51930680173662,2.94332608078706,0.275,0.6243496357960459,3.272727272727273
2020-04-01 21:00:00,21,14,1,4,8,1,0,7,4,1,5,1,4.733333333333333,81.0,4.0,9.61,35.0,0.3357142857142857,104.5943068017366,3.6203694068678463,0.35,0.7284079084287202,3.357142857142857
2020-04-01 22:00:00,22,12,1,2,7,2,0,5,3,1,4,1,5.733333333333333,102.0,3.0,6.35,30.0,0.3518518518518518,92.5443068017366,3.4434383202099736,0.3,0.7874015748031497,3.1666666666666665
2020-04-01 23:00:00,23,11,1,2,6,2,0,5,2,1,3,1,3.1666666666666665,89.0,3.0,6.35,27.500000000000004,0.3153153153153153,62.52330680173661,3.3803686471009304,0.275,0.7874015748031497,3.1818181818181817
2020-04-02 00:00:00,0,19,1,3,12,3,0,11,3,1,4,1,3.966666666666667,45.5,3.0,6.35,47.5,0.5462962962962963,97.5953068017366,6.854196021549938,0.475,1.7322834645669292,3.1052631578947367
2020-04-02 01:00:00,1,13,1,3,7,2,0,1,2,1,3,1,4.966666666666667,130.0,3.0,6.35,32.5,0.3783783783783784,76.96530680173662,1.5587825560266506,0.325,0.1574803149606299,3.230769230769231
2020-04-02 02:00:00,2,9,1,2,5,1,0,1,2,1,3,1,4.483333333333333,190.0,3.0,6.35,22.5,0.2702702702702703,65.65930680173662,1.2749343832020998,0.225,0.1574803149606299,3.333333333333333
2020-04-02 03:00:00,3,10,1,2,6,1,0,1,2,1,3,1,5.483333333333333,250.0,3.0,6.35,25.0,0.2972972972972973,73.44430680173662,1.3446850393700789,0.25,0.1574803149606299,3.3
2020-04-02 04:00:00,4,9,1,2,5,1,0,2,2,1,3,1,6.483333333333333,310.0,3.0,6.35,22.5,0.2702702702702703,76.93930680173662,1.7998687664041997,0.225,0.3149606299212598,3.333333333333333
2020-04-02 05:00:00,5,8,1,2,4,1,0,0,2,1,3,1,7.483333333333333,370.0,3.0,6.35,20.0,0.2432432432432432,80.43430680173661,0.675,0.2,0.0,3.375
2020-04-02 06:00:00,6,5,0,1,3,1,0,0,2,0,2,0,8.483333333333333,437.5,3.0,6.35,12.5,0.131578947368421,65.37099999999998,0.375,0.125,0.0,3.0
2020-04-02 07:00:00,7,5,0,1,3,1,0,2,2,0,2,0,9.483333333333333,497.5,3.0,6.35,12.5,0.131578947368421,71.011,1.3198818897637796,0.125,0.3149606299212598,3.0
2020-04-02 08:00:00,8,6,0,2,4,0,0,3,1,0,1,0,10.483333333333333,629.0,3.0,6.66,15.0,0.1709401709401709,65.39599999999999,2.0015015015015014,0.15,0.4504504504504504,3.333333333333333
2020-04-02 09:00:00,9,5,0,1,4,0,0,1,0,0,0,0,10.333333333333334,0.0,3.0,6.66,12.5,0.1333333333333333,49.005,0.8804804804804806,0.125,0.1501501501501501,3.2
2020-04-02 10:00:00,10,7,0,2,5,0,0,6,2,0,2,0,11.333333333333334,19.5,4.0,9.92,17.5,0.1513157894736842,85.735,2.562327188940092,0.175,0.6048387096774194,3.2857142857142856
2020-04-02 11:00:00,11,9,0,1,7,1,0,5,0,0,0,0,12.333333333333334,0.0,4.0,9.92,22.5,0.16875,68.86500000000001,2.1870967741935483,0.225,0.5040322580645161,3.0
2020-04-02 12:00:00,12,12,0,2,9,1,0,6,2,0,2,0,13.333333333333334,29.5,4.0,9.92,30.0,0.2434210526315789,107.74,2.78991935483871,0.3,0.6048387096774194,3.083333333333333
2020-04-02 13:00:00,13,19,1,3,14,1,0,10,3,1,4,1,14.333333333333334,54.0,4.0,9.92,47.5,0.4236111111111111,156.06330680173662,4.761417657045841,0.475,1.0080645161290325,3.210526315789474
2020-04-02 14:00:00,14,18,2,2,12,2,0,4,2,1,3,1,15.333333333333334,76.0,4.0,9.92,45.0,0.3918918918918919,146.1583068017366,2.749283154121864,0.45,0.4032258064516129,3.2222222222222223
2020-04-02 15:00:00,15,22,2,2,13,5,0,7,2,1,3,1,16.333333333333332,136.0,4.0,9.92,55.00000000000001,0.4527027027027027,160.3783068017366,3.8240102639296194,0.55,0.7056451612903226,3.0454545454545454
2020-04-02 16:00:00,16,17,1,2,12,2,0,4,3,1,4,1,6.333333333333333,112.5,4.0,9.92,42.5,0.3680555555555556,106.65330680173662,2.5821157495256166,0.425,0.4032258064516129,3.117647058823529
2020-04-02 17:00:00,17,14,0,1,11,1,1,5,4,0,4,0,7.333333333333333,85.5,4.0,9.92,35.0,0.2777777777777778,104.99,2.440092165898617,0.35,0.5040322580645161,2.857142857142857
2020-04-02 18:00:00,18,10,0,1,7,2,0,4,3,1,4,1,8.333333333333334,84.5,4.0,9.92,25.0,0.2013888888888889,102.9183068017366,1.8943548387096776,0.25,0.4032258064516129,2.9
2020-04-02 19:00:00,19,12,0,0,8,3,1,4,3,1,4,1,9.333333333333334,144.5,4.0,9.92,30.0,0.2152777777777778,112.8483068017366,1.8166666666666669,0.3,0.4032258064516129,2.583333333333333
2020-04-02 20:00:00,20,17,0,3,10,3,1,9,5,4,9,4,10.333333333333334,54.0,4.0,9.64,42.5,0.3951612903225806,198.8182272069465,3.915993409812057,0.425,0.933609958506224,2.8823529411764706
2020-04-02 21:00:00,21,16,0,4,9,3,0,5,6,3,9,3,11.333333333333334,78.0,4.0,9.64,40.0,0.3951612903225806,201.44492040520987,2.813433609958506,0.4,0.5186721991701244,3.0625
2020-04-02 22:00:00,22,13,0,4,8,1,0,3,4,3,7,3,12.333333333333334,138.0,3.0,6.38,32.5,0.4242424242424242,173.84992040520984,2.569170484687726,0.325,0.4702194357366771,3.230769230769231
2020-04-02 23:00:00,23,11,0,4,5,2,0,2,4,3,7,3,7.483333333333333,198.0,3.0,6.38,27.500000000000004,0.3535353535353535,142.20592040520984,1.8724351667141637,0.275,0.3134796238244514,3.1818181818181817
2020-04-03 00:00:00,0,10,0,1,6,3,0,3,4,0,4,0,8.483333333333333,335.5,3.0,6.38,25.0,0.2592592592592592,102.896,2.016614420062696,0.25,0.4702194357366771,2.8
2020-04-03 01:00:00,1,12,0,2,7,3,0,7,3,0,3,0,7.283333333333333,354.0,3.0,6.38,30.0,0.3153153153153153,87.018,4.075104493207942,0.3,1.09717868338558,2.9166666666666665
2020-04-03 02:00:00,2,10,0,3,5,2,0,3,3,0,3,0,8.283333333333333,414.0,3.0,6.38,25.0,0.2792792792792792,88.368,2.2326802507837,0.25,0.4702194357366771,3.1
2020-04-03 03:00:00,3,8,0,3,3,2,0,3,2,1,3,1,7.9,399.0,3.0,6.38,20.0,0.2252252252252252,82.78430680173662,2.094435736677116,0.2,0.4702194357366771,3.125
2020-04-03 04:00:00,4,7,0,3,3,1,0,0,2,1,3,1,8.9,459.0,3.0,6.38,17.5,0.2072072072072072,86.27930680173661,0.575,0.175,0.0,3.2857142857142856
2020-04-03 05:00:00,5,7,0,2,4,1,0,1,2,0,2,0,9.9,556.5,3.0,6.38,17.5,0.1929824561403508,77.651,1.0426108374384235,0.175,0.1567398119122257,3.142857142857143
2020-04-03 06:00:00,6,7,0,2,2,3,0,2,2,0,2,0,10.9,616.5,3.0,6.38,17.5,0.175438596491228,83.291,1.3956560680698613,0.175,0.3134796238244514,2.857142857142857
2020-04-03 07:00:00,7,7,0,2,3,2,0,2,2,0,2,0,11.9,676.5,3.0,6.38,17.5,0.1842105263157894,88.931,1.4654388714733542,0.175,0.3134796238244514,3.0
2020-04-03 08:00:00,8,8,0,3,4,1,0,3,2,0,2,0,12.9,736.5,3.0,7.16,20.0,0.2280701754385964,96.716,2.011731843575419,0.2,0.4189944134078212,3.25
2020-04-03 09:00:00,9,9,0,4,4,1,0,5,0,2,2,2,8.066666666666666,25.0,3.0,7.16,22.5,0.2631578947368421,73.33761360347322,3.0777467411545625,0.225,0.6983240223463687,3.333333333333333
2020-04-03 10:00:00,10,12,0,5,7,0,0,6,1,2,3,2,9.066666666666666,65.0,4.0,11.88,30.0,0.277027027027027,98.81261360347322,2.7505892255892253,0.3,0.5050505050505051,3.4166666666666665
2020-04-03 11:00:00,11,11,0,4,7,0,0,8,1,1,2,1,10.066666666666666,78.0,4.0,11.88,27.500000000000004,0.2434210526315789,88.03930680173661,3.19007499234772,0.275,0.6734006734006734,3.363636363636364
2020-04-03 12:00:00,12,13,1,3,8,1,0,5,1,3,4,3,11.066666666666666,44.5,4.0,11.88,32.5,0.2986111111111111,126.50592040520984,2.467126392126392,0.325,0.4208754208754209,3.3076923076923075
2020-04-03 13:00:00,13,20,1,4,13,2,0,12,4,2,6,2,2.566666666666667,57.5,4.0,11.88,50.0,0.4705882352941176,119.51261360347324,4.832323232323233,0.5,1.0101010101010102,3.2
2020-04-03 14:00:00,14,22,1,3,15,3,0,7,5,2,7,2,3.55,115.0,4.0,11.88,55.00000000000001,0.5151515151515151,142.74861360347322,3.52124273033364,0.55,0.5892255892255893,3.090909090909091
2020-04-03 15:00:00,15,21,1,2,16,2,0,7,4,2,6,2,4.55,165.5,4.0,11.88,52.5,0.4779411764705882,132.84361360347324,3.448793490460158,0.525,0.5892255892255893,3.095238095238096
2020-04-03 16:00:00,16,21,1,3,14,3,0,6,4,3,7,3,4.8,211.0,4.0,11.88,52.5,0.4924242424242424,148.52192040520984,3.188251563251564,0.525,0.5050505050505051,3.095238095238096
2020-04-03 17:00:00,17,17,0,3,13,1,0,3,4,0,4,0,5.8,169.0,4.0,11.88,42.5,0.3680555555555556,102.777,2.1122846108140227,0.425,0.2525252525252525,3.117647058823529
2020-04-03 18:00:00,18,12,0,3,8,1,0,4,3,1,4,1,5.133333333333334,135.5,4.0,11.88,30.0,0.2638888888888889,89.16030680173661,2.0162177328843995,0.3,0.3367003367003367,3.1666666666666665
2020-04-03 19:00:00,19,11,0,3,7,1,0,5,4,1,5,1,6.133333333333334,87.0,4.0,11.88,27.500000000000004,0.25,106.05530680173662,2.2141490664217938,0.275,0.4208754208754209,3.1818181818181817
2020-04-03 20:00:00,20,12,0,1,10,1,0,4,4,0,4,0,7.133333333333334,88.5,4.0,11.4,30.0,0.25,99.572,1.9526315789473685,0.3,0.3508771929824562,3.0
2020-04-03 21:00:00,21,11,0,0,10,1,0,6,2,0,2,0,8.133333333333333,104.0,4.0,11.4,27.500000000000004,0.2105263157894736,76.267,2.3311004784689,0.275,0.5263157894736843,2.909090909090909
2020-04-03 22:00:00,22,9,0,1,7,1,0,5,1,0,1,0,7.783333333333333,11.0,3.0,6.68,22.5,0.2307692307692307,56.603,2.920508982035928,0.225,0.7485029940119761,3.0
2020-04-03 23:00:00,23,17,1,3,12,1,0,10,2,2,4,2,8.783333333333333,46.5,3.0,6.68,42.5,0.5092592592592593,121.3396136034732,6.218254667136316,0.425,1.497005988023952,3.235294117647059
2020-04-04 00:00:00,0,15,2,2,10,1,0,3,2,2,4,2,9.783333333333331,106.5,3.0,6.68,37.5,0.4629629629629629,122.68961360347322,2.747005988023953,0.375,0.4491017964071856,3.333333333333333
2020-04-04 01:00:00,1,14,2,2,9,1,0,2,2,2,4,2,10.783333333333331,166.5,3.0,6.68,35.0,0.4351851851851852,126.18461360347322,2.180132591958939,0.35,0.2994011976047904,3.357142857142857
2020-04-04 02:00:00,2,9,2,1,5,1,0,2,2,1,3,1,10.166666666666666,236.0,3.0,6.68,22.5,0.2792792792792792,97.71330680173662,1.8062707917498335,0.225,0.2994011976047904,3.4444444444444446
2020-04-04 03:00:00,3,10,1,1,7,1,0,2,3,0,3,0,11.166666666666666,277.0,3.0,6.68,25.0,0.2882882882882883,104.63,1.7580838323353296,0.25,0.2994011976047904,3.2
2020-04-04 04:00:00,4,10,1,0,8,1,0,1,3,0,3,0,12.166666666666666,337.0,3.0,6.68,25.0,0.2792792792792792,110.26999999999998,1.2390718562874252,0.25,0.1497005988023952,3.1
2020-04-04 05:00:00,5,10,1,0,8,1,0,2,3,0,3,0,13.166666666666666,397.0,3.0,6.68,25.0,0.2792792792792792,115.91,1.7031437125748503,0.25,0.2994011976047904,3.1
2020-04-04 06:00:00,6,9,1,0,7,1,0,0,3,0,3,0,14.166666666666666,457.0,3.0,6.68,22.5,0.2522522522522522,119.405,0.7000000000000001,0.225,0.0,3.111111111111111
2020-04-04 07:00:00,7,10,1,0,8,1,0,1,3,0,3,0,15.166666666666666,517.0,3.0,6.68,25.0,0.2792792792792792,127.19,1.2390718562874252,0.25,0.1497005988023952,3.1
2020-04-04 08:00:00,8,10,0,1,8,1,0,4,3,0,3,0,16.166666666666668,577.0,3.0,6.71,25.0,0.2702702702702703,132.83,2.538375558867362,0.25,0.5961251862891207,3.0
2020-04-04 09:00:00,9,10,0,2,7,1,0,5,2,0,2,0,17.166666666666668,339.5,3.0,6.71,25.0,0.2719298245614035,125.07,3.084985096870343,0.25,0.7451564828614009,3.1
2020-04-04 10:00:00,10,13,0,5,7,1,0,9,3,1,4,1,18.166666666666668,36.5,4.0,11.43,32.5,0.2986111111111111,164.81330680173662,3.679482132041188,0.325,0.7874015748031497,3.3076923076923075
2020-04-04 11:00:00,11,16,0,7,6,3,0,9,4,1,5,1,19.166666666666668,56.0,4.0,11.43,40.0,0.3714285714285714,190.2883068017366,3.859055118110237,0.4,0.7874015748031497,3.25
2020-04-04 12:00:00,12,17,1,6,8,2,0,7,6,1,7,1,20.166666666666668,101.0,4.0,11.43,42.5,0.4318181818181818,224.8733068017366,3.4784197931140963,0.425,0.6124234470691163,3.3529411764705883
2020-04-04 13:00:00,13,20,1,7,11,1,0,8,8,2,10,2,3.65,114.0,4.0,11.43,50.0,0.5666666666666667,179.22261360347323,4.079702537182852,0.5,0.699912510936133,3.4
2020-04-04 14:00:00,14,16,0,6,8,2,0,7,8,1,9,1,4.566666666666666,110.0,4.0,11.43,40.0,0.4193548387096774,161.5443068017366,3.2903762029746284,0.4,0.6124234470691163,3.25
2020-04-04 15:00:00,15,15,0,4,10,1,0,5,6,0,6,0,5.566666666666666,118.5,4.0,11.43,37.5,0.3529411764705882,123.971,2.5998250218722663,0.375,0.4374453193350831,3.2
2020-04-04 16:00:00,16,14,0,4,9,1,0,2,5,0,5,0,6.566666666666666,170.0,4.0,11.43,35.0,0.3214285714285714,114.066,1.6874296962879642,0.35,0.1749781277340332,3.2142857142857144
2020-04-04 17:00:00,17,13,0,3,10,0,0,9,6,0,6,0,6.883333333333334,109.5,4.0,11.43,32.5,0.3088235294117647,127.10700000000004,3.593912780133253,0.325,0.7874015748031497,3.230769230769231
2020-04-04 18:00:00,18,14,0,2,12,0,0,5,6,0,6,0,7.883333333333334,91.5,4.0,11.43,35.0,0.3235294117647059,134.892,2.47482814648169,0.35,0.4374453193350831,3.142857142857143
2020-04-04 19:00:00,19,10,0,0,10,0,0,5,4,1,5,1,8.883333333333333,107.0,4.0,11.43,25.0,0.2142857142857142,119.4203068017366,2.0623359580052494,0.25,0.4374453193350831,3.0
2020-04-04 20:00:00,20,12,0,0,12,0,0,6,4,1,5,1,9.883333333333333,82.0,4.0,12.48,30.0,0.2571428571428571,129.3503068017366,2.342307692307692,0.3,0.4807692307692307,3.0
2020-04-04 21:00:00,21,13,0,1,12,0,0,5,5,0,5,0,10.883333333333333,116.0,4.0,12.48,32.5,0.2857142857142857,136.267,2.232741617357002,0.325,0.4006410256410256,3.076923076923077
2020-04-04 22:00:00,22,13,0,2,11,0,0,6,4,0,4,0,11.883333333333333,47.0,3.0,7.76,32.5,0.3796296296296296,128.507,3.4635408406026964,0.325,0.7731958762886598,3.1538461538461537
2020-04-04 23:00:00,23,10,0,2,8,0,0,3,4,0,4,0,12.883333333333333,69.5,3.0,7.76,25.0,0.2962962962962963,127.712,2.0371134020618555,0.25,0.3865979381443299,3.2
2020-04-05 00:00:00,0,9,0,2,7,0,0,3,4,0,4,0,13.883333333333333,129.5,3.0,7.76,22.5,0.2685185185185185,131.207,1.970704467353952,0.225,0.3865979381443299,3.2222222222222223
2020-04-05 01:00:00,1,6,0,2,4,0,0,0,4,0,4,0,14.883333333333333,189.5,3.0,7.76,15.0,0.1851851851851851,130.41199999999998,0.5,0.15,0.0,3.333333333333333
2020-04-05 02:00:00,2,5,0,2,3,0,0,1,4,0,4,0,15.883333333333333,249.5,3.0,7.76,12.5,0.1574074074074074,133.90699999999998,0.8631443298969071,0.125,0.1288659793814433,3.4
2020-04-05 03:00:00,3,10,0,2,6,2,0,5,5,0,5,0,16.883333333333333,287.0,3.0,7.76,25.0,0.2857142857142857,163.672,2.6829896907216497,0.25,0.6443298969072165,3.0
2020-04-05 04:00:00,4,7,0,2,5,0,0,1,5,0,5,0,17.883333333333333,347.0,3.0,7.76,17.5,0.219047619047619,162.877,0.998416789396171,0.175,0.1288659793814433,3.2857142857142856
2020-04-05 05:00:00,5,11,0,2,9,0,0,4,6,0,6,0,18.883333333333333,390.0,3.0,7.76,27.500000000000004,0.3431372549019608,190.497,2.515112464854733,0.275,0.5154639175257733,3.1818181818181817
2020-04-05 06:00:00,6,12,1,3,8,0,0,2,6,0,6,0,19.883333333333333,450.0,3.0,7.76,30.0,0.4019607843137255,198.282,1.9055841924398624,0.3,0.2577319587628866,3.4166666666666665
2020-04-05 07:00:00,7,13,1,3,9,0,0,2,7,0,7,0,20.883333333333333,493.0,3.0,7.76,32.5,0.4444444444444444,219.467,1.972323552735924,0.325,0.2577319587628866,3.3846153846153846
2020-04-05 08:00:00,8,12,0,3,9,0,0,3,7,0,7,0,21.883333333333333,553.0,3.0,6.63,30.0,0.3939393939393939,222.962,2.4455882352941174,0.3,0.4524886877828054,3.25
2020-04-05 09:00:00,9,12,0,2,10,0,0,4,5,0,5,0,22.883333333333333,268.0,3.0,6.63,30.0,0.3619047619047619,201.802,2.8605077928607336,0.3,0.6033182503770739,3.1666666666666665
2020-04-05 10:00:00,10,14,1,2,9,2,0,5,7,0,7,0,23.883333333333333,214.0,4.0,11.35,35.0,0.3333333333333333,238.532,2.484518565135305,0.35,0.4405286343612335,3.142857142857143
2020-04-05 11:00:00,11,21,1,3,12,5,0,9,8,1,9,1,24.883333333333333,105.0,4.0,11.35,52.5,0.5080645161290323,286.8553068017366,3.953854625550661,0.525,0.7929515418502203,3.0
2020-04-05 12:00:00,12,18,0,3,13,2,0,7,7,1,8,1,25.883333333333333,136.5,4.0,11.35,45.0,0.4296875,272.6603068017366,3.2594836025452767,0.45,0.6167400881057269,3.055555555555556
2020-04-05 13:00:00,13,19,0,3,13,3,0,5,6,1,7,1,26.883333333333333,143.0,4.0,11.35,47.5,0.4318181818181818,267.0453068017366,2.7465859030837003,0.475,0.4405286343612335,3.0
2020-04-05 14:00:00,14,18,0,3,9,6,0,9,7,0,7,0,27.883333333333333,55.0,4.0,11.35,45.0,0.3863636363636363,269.672,3.5216960352422912,0.45,0.7929515418502203,2.833333333333333
2020-04-05 15:00:00,15,20,0,4,10,6,0,7,7,0,7,0,28.883333333333333,90.0,4.0,11.35,50.0,0.4393939393939394,279.602,3.238546255506608,0.5,0.6167400881057269,2.9
2020-04-05 16:00:00,16,16,0,4,7,5,0,6,5,0,5,0,10.666666666666666,136.0,4.0,11.35,40.0,0.3357142857142857,141.48,2.7278634361233483,0.4,0.5286343612334802,2.9375
2020-04-05 17:00:00,17,14,0,4,5,4,1,5,3,0,3,0,11.666666666666666,196.0,4.0,11.35,35.0,0.2702702702702703,116.03,2.2586532410320954,0.35,0.4405286343612335,2.857142857142857
2020-04-05 18:00:00,18,13,0,4,6,2,1,7,2,1,3,1,12.666666666666666,59.0,4.0,11.35,32.5,0.2635135135135135,120.39330680173664,2.825220264317181,0.325,0.6167400881057269,3.0
2020-04-05 19:00:00,19,9,0,2,5,1,1,4,0,1,1,1,3.433333333333333,80.0,4.0,11.35,22.5,0.1666666666666666,32.93730680173661,1.668110621634851,0.225,0.3524229074889868,2.888888888888889
2020-04-05 20:00:00,20,12,1,3,7,0,1,8,1,1,2,1,2.333333333333333,89.0,4.0,11.32,30.0,0.2565789473684211,46.56830680173661,3.2718197879858657,0.3,0.7067137809187279,3.25
2020-04-05 21:00:00,21,14,1,4,8,1,0,9,1,0,1,0,3.25,98.0,4.0,11.32,35.0,0.3012820512820512,41.76,3.844106511862696,0.35,0.7950530035335689,3.357142857142857
2020-04-05 22:00:00,22,16,1,4,10,1,0,5,1,0,1,0,4.25,158.0,3.0,6.6,40.0,0.452991452991453,51.69,3.8344696969696974,0.4,0.7575757575757576,3.3125
2020-04-05 23:00:00,23,14,2,4,7,1,0,7,2,1,3,1,5.25,54.0,3.0,6.6,35.0,0.4414414414414414,80.70830680173661,4.9371212121212125,0.35,1.0606060606060606,3.5
2020-04-06 00:00:00,0,11,2,4,4,1,0,2,3,1,4,1,4.633333333333334,88.5,3.0,6.6,27.500000000000004,0.3703703703703703,84.19530680173662,2.1019283746556474,0.275,0.303030303030303,3.636363636363636
2020-04-06 01:00:00,1,10,2,3,4,1,0,2,4,1,5,1,5.633333333333334,123.0,3.0,6.6,25.0,0.3428571428571428,101.09030680173662,1.9909090909090907,0.25,0.303030303030303,3.6
2020-04-06 02:00:00,2,12,2,3,6,1,0,2,5,1,6,1,6.633333333333334,160.5,3.0,6.6,30.0,0.4117647058823529,124.4203068017366,2.1106060606060604,0.3,0.303030303030303,3.5
2020-04-06 03:00:00,3,12,2,3,5,1,1,2,4,1,5,1,7.633333333333334,243.0,3.0,6.6,30.0,0.3809523809523809,116.6603068017366,2.0101010101010104,0.3,0.303030303030303,3.333333333333333
2020-04-06 04:00:00,4,13,2,3,6,1,1,2,4,1,5,1,8.633333333333333,303.0,3.0,6.6,32.5,0.4095238095238095,124.4453068017366,2.077331002331002,0.325,0.303030303030303,3.3076923076923075
2020-04-06 05:00:00,5,14,2,2,8,2,0,4,4,1,5,1,9.633333333333333,363.0,3.0,6.6,35.0,0.4380952380952381,132.23030680173662,3.1413419913419918,0.35,0.6060606060606061,3.2857142857142856
2020-04-06 06:00:00,6,12,2,2,7,1,0,0,4,1,5,1,10.633333333333333,423.0,3.0,6.6,30.0,0.3904761904761905,133.58030680173658,1.025,0.3,0.0,3.4166666666666665
2020-04-06 07:00:00,7,13,2,3,7,1,0,1,5,1,6,1,11.633333333333333,460.5,3.0,6.6,32.5,0.4411764705882353,154.7653068017366,1.6494755244755246,0.325,0.1515151515151515,3.4615384615384617
2020-04-06 08:00:00,8,13,2,3,7,1,0,1,5,1,6,1,12.633333333333333,520.5,3.0,6.66,32.5,0.4411764705882353,160.40530680173663,1.64475051975052,0.325,0.1501501501501501,3.4615384615384617
2020-04-06 09:00:00,9,13,2,2,8,1,0,6,3,3,6,3,13.433333333333334,47.0,3.0,6.66,32.5,0.4313725490196078,166.65392040520985,4.14920304920305,0.325,0.9009009009009008,3.3846153846153846
2020-04-06 10:00:00,10,14,2,2,9,1,0,5,4,3,7,3,14.433333333333334,103.0,4.0,9.91,35.0,0.3560606060606061,187.83892040520985,2.8688157705059822,0.35,0.5045408678102926,3.357142857142857
2020-04-06 11:00:00,11,17,2,1,13,1,0,10,4,3,7,3,12.05,139.0,4.0,9.91,42.5,0.4166666666666667,180.8319204052098,4.6396762034783645,0.425,1.0090817356205852,3.235294117647059
2020-04-06 12:00:00,12,17,2,1,10,4,0,9,4,3,7,3,13.05,114.0,4.0,9.91,42.5,0.3939393939393939,186.47192040520983,4.077942660414317,0.425,0.9081735620585268,3.0588235294117645
2020-04-06 13:00:00,13,13,2,1,8,2,0,1,4,3,7,3,14.05,128.0,4.0,9.91,32.5,0.3181818181818182,183.53192040520983,1.37601102227742,0.325,0.1009081735620585,3.230769230769231
2020-04-06 14:00:00,14,23,2,2,17,2,0,12,6,3,9,3,15.05,121.0,4.0,9.91,57.49999999999999,0.5887096774193549,237.42192040520985,5.668285219146228,0.575,1.2108980827447022,3.1739130434782608
2020-04-06 15:00:00,15,23,1,2,18,2,0,8,6,2,8,2,16.05,106.5,4.0,9.91,57.49999999999999,0.5546875,228.7936136034732,4.266993155793445,0.575,0.8072653884964682,3.0869565217391304
2020-04-06 16:00:00,16,20,1,1,15,3,0,5,4,2,6,2,17.05,164.5,4.0,9.91,50.0,0.4411764705882353,201.19861360347323,3.013622603430877,0.5,0.5045408678102926,3.0
2020-04-06 17:00:00,17,24,2,1,14,7,0,11,5,2,7,2,18.05,155.0,4.0,9.91,60.0,0.5303030303030303,228.8186136034732,4.9874705684493765,0.6,1.1099899091826435,2.9166666666666665
2020-04-06 18:00:00,18,23,2,2,17,2,0,7,7,2,9,2,19.05,183.0,4.0,9.91,57.49999999999999,0.5887096774193549,259.11361360347325,4.0669163778353,0.575,0.7063572149344097,3.1739130434782608
2020-04-06 19:00:00,19,20,0,3,12,5,0,6,9,1,10,1,5.966666666666667,101.5,4.0,9.91,50.0,0.4833333333333333,191.4203068017366,3.2058022199798177,0.5,0.6054490413723511,2.9
2020-04-06 20:00:00,20,11,0,2,6,3,0,0,5,0,5,0,5.583333333333333,111.0,4.0,10.71,27.500000000000004,0.2285714285714285,102.085,0.8,0.275,0.0,2.909090909090909
2020-04-06 21:00:00,21,14,0,2,10,2,0,10,5,0,5,0,6.583333333333333,160.0,4.0,10.71,35.0,0.3,114.16,3.8511204481792713,0.35,0.9337068160597572,3.0
2020-04-06 22:00:00,22,13,0,3,9,1,0,7,4,0,4,0,7.583333333333333,90.5,3.0,7.46,32.5,0.3796296296296296,104.255,3.984373066611672,0.325,0.938337801608579,3.1538461538461537
2020-04-06 23:00:00,23,13,0,4,9,0,0,5,5,0,5,0,8.583333333333334,149.0,3.0,7.46,32.5,0.4095238095238095,123.29500000000002,3.291951948855434,0.325,0.6702412868632708,3.3076923076923075
2020-04-07 00:00:00,0,10,1,1,8,0,0,6,4,0,4,0,9.583333333333334,210.5,3.0,7.46,25.0,0.3055555555555556,109.1,3.4791554959785524,0.25,0.8042895442359249,3.3
2020-04-07 01:00:00,1,8,0,2,6,0,0,2,5,0,5,0,10.583333333333334,269.0,3.0,7.46,20.0,0.2476190476190476,123.85,1.521313672922252,0.2,0.2680965147453083,3.25
2020-04-07 02:00:00,2,8,1,2,5,0,0,2,6,0,6,0,11.583333333333334,279.0,3.0,7.46,20.0,0.2745098039215686,142.89,1.6383378016085792,0.2,0.2680965147453083,3.5
2020-04-07 03:00:00,3,8,1,2,5,0,0,2,6,0,6,0,12.583333333333334,339.0,3.0,7.46,20.0,0.2745098039215686,148.53,1.6383378016085792,0.2,0.2680965147453083,3.5
2020-04-07 04:00:00,4,10,1,3,6,0,0,2,7,0,7,0,13.583333333333334,349.0,3.0,7.46,25.0,0.3535353535353535,171.86,1.8133378016085788,0.25,0.2680965147453083,3.5
2020-04-07 05:00:00,5,9,1,2,6,0,0,0,7,0,7,0,14.583333333333334,409.0,3.0,7.46,22.5,0.3131313131313131,175.355,0.775,0.225,0.0,3.4444444444444446
2020-04-07 06:00:00,6,10,1,2,7,0,0,1,7,0,7,0,15.583333333333334,469.0,3.0,7.46,25.0,0.3434343434343434,183.14,1.305764075067024,0.25,0.1340482573726541,3.4
2020-04-07 07:00:00,7,12,1,3,8,0,0,2,8,0,8,0,16.583333333333332,442.5,3.0,7.46,30.0,0.4270833333333333,206.47,1.9409964253798035,0.3,0.2680965147453083,3.4166666666666665
2020-04-07 08:00:00,8,12,1,3,8,0,0,1,8,0,8,0,17.583333333333332,502.5,3.0,6.68,30.0,0.4270833333333333,212.11,1.5364770459081836,0.3,0.1497005988023952,3.4166666666666665
2020-04-07 09:00:00,9,11,2,3,5,1,0,5,5,1,6,1,18.58333333333333,239.5,3.0,6.68,27.500000000000004,0.3823529411764705,189.6733068017366,3.6287833424060967,0.275,0.7485029940119761,3.5454545454545454
2020-04-07 10:00:00,10,15,2,3,7,3,0,7,5,1,6,1,19.58333333333333,299.5,4.0,9.93,37.5,0.3602941176470588,203.8933068017366,3.5277861698556565,0.375,0.7049345417925479,3.2666666666666666
2020-04-07 11:00:00,11,25,2,3,14,6,0,14,7,1,8,1,20.58333333333333,219.5,4.0,9.93,62.5,0.59375,257.7833068017366,6.186002014098691,0.625,1.4098690835850958,3.04
2020-04-07 12:00:00,12,18,0,2,12,4,0,5,6,0,6,0,10.933333333333334,204.0,4.0,9.93,45.0,0.3823529411764705,160.674,2.754626832270337,0.45,0.5035246727089627,2.888888888888889
2020-04-07 13:00:00,13,21,0,3,15,3,0,6,7,1,8,1,11.933333333333334,106.0,4.0,9.93,52.5,0.4921875,200.41730680173663,3.387688821752266,0.525,0.6042296072507553,3.0
2020-04-07 14:00:00,14,16,0,4,10,2,0,5,6,1,7,1,10.2,88.0,4.0,9.93,40.0,0.3787878787878788,166.5163068017366,2.8235146022155084,0.4,0.5035246727089627,3.125
2020-04-07 15:00:00,15,13,0,2,9,2,0,3,5,1,6,1,5.65,116.5,4.0,9.93,32.5,0.2867647058823529,121.0193068017366,1.881344410876133,0.325,0.3021148036253776,3.0
2020-04-07 16:00:00,16,13,0,2,10,1,0,7,4,0,4,0,6.65,68.5,4.0,9.93,32.5,0.2777777777777778,98.991,3.169029359361686,0.325,0.7049345417925479,3.076923076923077
2020-04-07 17:00:00,17,14,0,4,9,1,0,5,3,1,4,1,7.65,94.5,4.0,9.93,35.0,0.3125,107.64430680173662,2.7434721622788087,0.35,0.5035246727089627,3.2142857142857144
2020-04-07 18:00:00,18,16,0,4,11,1,0,7,3,0,3,0,8.65,132.0,4.0,9.93,40.0,0.3445945945945945,103.306,3.521978851963746,0.4,0.7049345417925479,3.1875
2020-04-07 19:00:00,19,15,0,5,9,1,0,5,5,0,5,0,9.65,60.0,4.0,9.93,37.5,0.35,133.601,2.8698472641826114,0.375,0.5035246727089627,3.2666666666666666
2020-04-07 20:00:00,20,22,0,6,15,1,0,10,5,0,5,0,10.65,81.0,4.0,10.02,55.00000000000001,0.5071428571428571,154.256,4.9958310651424425,0.55,0.998003992015968,3.227272727272727
2020-04-07 21:00:00,21,23,0,4,19,0,0,10,3,0,3,0,5.55,141.0,4.0,10.02,57.49999999999999,0.4932432432432432,100.837,4.992577887702855,0.575,0.998003992015968,3.1739130434782608
2020-04-07 22:00:00,22,17,0,3,14,0,0,3,2,0,2,0,6.55,169.5,3.0,6.77,42.5,0.4736842105263157,80.207,2.757594056825093,0.425,0.4431314623338257,3.176470588235294
2020-04-07 23:00:00,23,10,0,4,6,0,0,7,3,0,3,0,7.55,198.0,3.0,6.77,25.0,0.3063063063063063,84.232,4.365509601181684,0.25,1.03397341211226,3.4
2020-04-08 00:00:00,0,11,0,2,9,0,0,5,3,0,3,0,5.7,258.0,3.0,6.77,27.500000000000004,0.3153153153153153,75.943,3.224939572982409,0.275,0.7385524372230429,3.1818181818181817
2020-04-08 01:00:00,1,8,0,2,6,0,0,2,3,0,3,0,6.35,318.0,3.0,6.77,20.0,0.2342342342342342,73.17399999999999,1.6101181683899557,0.2,0.2954209748892171,3.25
2020-04-08 02:00:00,2,9,0,1,8,0,0,2,4,0,4,0,7.35,299.0,3.0,6.77,22.5,0.2592592592592592,94.359,1.61908747743312,0.225,0.2954209748892171,3.111111111111111
2020-04-08 03:00:00,3,12,0,3,9,0,0,4,5,1,6,1,8.35,176.5,3.0,6.77,30.0,0.3823529411764705,134.1023068017366,2.895236336779912,0.3,0.5908419497784343,3.25
2020-04-08 04:00:00,4,12,0,3,9,0,0,0,5,1,6,1,9.35,236.5,3.0,6.77,30.0,0.3823529411764705,139.74230680173662,0.975,0.3,0.0,3.25
2020-04-08 05:00:00,5,14,0,3,11,0,0,3,6,0,6,0,10.35,296.5,3.0,6.77,35.0,0.4411764705882353,148.804,2.5493511289301543,0.35,0.4431314623338257,3.2142857142857144
2020-04-08 06:00:00,6,12,0,3,9,0,0,1,7,0,7,0,11.35,253.0,3.0,6.77,30.0,0.3939393939393939,163.55399999999997,1.4550590841949778,0.3,0.1477104874446085,3.25
2020-04-08 07:00:00,7,14,0,4,8,1,1,5,7,0,7,0,12.35,313.0,3.0,6.77,35.0,0.4343434343434343,173.48399999999998,3.3434110571850604,0.35,0.7385524372230429,3.071428571428572
2020-04-08 08:00:00,8,15,1,4,10,0,0,4,8,0,8,0,13.35,339.0,3.0,6.359999999999999,37.5,0.53125,194.669,3.413364779874214,0.375,0.628930817610063,3.4
2020-04-08 09:00:00,9,16,0,5,11,0,0,6,7,0,7,0,9.733333333333333,187.0,3.0,6.359999999999999,40.0,0.5353535353535354,163.016,4.45,0.4,0.9433962264150944,3.3125
2020-04-08 10:00:00,10,17,0,6,11,0,0,5,7,0,7,0,10.733333333333333,123.0,4.0,10.06,42.5,0.4318181818181818,170.801,3.0914717576891597,0.425,0.4970178926441352,3.3529411764705883
2020-04-08 11:00:00,11,25,2,6,16,1,0,11,10,2,12,2,11.733333333333333,113.5,4.0,10.06,62.5,0.75,262.33761360347324,5.773956262425448,0.625,1.0934393638170976,3.36
2020-04-08 12:00:00,12,23,2,5,15,1,0,4,10,2,12,2,9.2,137.0,4.0,10.06,57.49999999999999,0.6875,243.7596136034732,3.256143573342553,0.575,0.3976143141153082,3.347826086956522
2020-04-08 13:00:00,13,22,1,4,14,3,0,6,9,1,10,1,10.083333333333334,197.0,4.0,10.06,55.00000000000001,0.575,218.92830680173665,3.5955946141333817,0.55,0.5964214711729623,3.136363636363636
2020-04-08 14:00:00,14,17,1,3,12,1,0,1,8,1,9,1,11.083333333333334,279.0,4.0,10.06,42.5,0.4435483870967742,200.4433068017366,1.6965998128873816,0.425,0.099403578528827,3.235294117647059
2020-04-08 15:00:00,15,17,1,2,13,1,0,7,4,1,5,1,12.083333333333334,295.0,4.0,10.06,42.5,0.3857142857142857,152.4833068017366,3.560267804935095,0.425,0.6958250497017894,3.176470588235294
2020-04-08 16:00:00,16,17,1,3,12,1,0,7,4,2,6,2,7.583333333333333,69.5,4.0,10.06,42.5,0.4044117647058823,141.37161360347324,3.626198690211672,0.425,0.6958250497017894,3.235294117647059
2020-04-08 17:00:00,17,21,1,4,15,1,0,9,3,2,5,2,8.583333333333334,101.0,4.0,10.06,52.5,0.4857142857142857,142.19161360347323,4.596904288554388,0.525,0.8946322067594434,3.238095238095238
2020-04-08 18:00:00,18,16,1,4,10,1,0,6,3,1,4,1,5.766666666666667,112.0,4.0,10.06,40.0,0.3680555555555556,101.3123068017366,3.300646123260438,0.4,0.5964214711729623,3.3125
2020-04-08 19:00:00,19,14,1,4,8,1,0,4,3,1,4,1,6.066666666666666,172.0,4.0,10.06,35.0,0.3263888888888889,98.7143068017366,2.5098480545299635,0.35,0.3976143141153082,3.357142857142857
2020-04-08 20:00:00,20,13,1,4,7,1,0,5,4,1,5,1,7.066666666666666,224.0,4.0,11.88,32.5,0.3142857142857143,115.6093068017366,2.524501424501425,0.325,0.4208754208754209,3.3846153846153846
2020-04-08 21:00:00,21,18,1,5,11,1,0,9,4,1,5,1,8.066666666666666,284.0,4.0,11.88,45.0,0.4285714285714285,131.9743068017366,4.025252525252526,0.45,0.7575757575757577,3.333333333333333
2020-04-08 22:00:00,22,13,1,2,9,1,0,6,1,1,2,1,9.066666666666666,309.0,3.0,8.18,32.5,0.3684210526315789,86.6893068017366,3.419757381982321,0.325,0.7334963325183375,3.230769230769231
2020-04-08 23:00:00,23,12,1,2,9,0,0,4,1,1,2,1,6.733333333333333,369.0,3.0,8.18,30.0,0.3508771929824561,71.38430680173661,2.62999185004075,0.3,0.4889975550122249,3.333333333333333
2020-04-09 00:00:00,0,10,1,2,7,0,0,3,1,1,2,1,7.733333333333333,429.0,3.0,8.18,25.0,0.2982456140350877,72.73430680173661,2.096943765281173,0.25,0.3667481662591687,3.4
2020-04-09 01:00:00,1,10,2,1,7,0,0,3,2,1,3,1,8.733333333333333,454.0,3.0,8.18,25.0,0.3153153153153153,91.7743068017366,2.1586185819070907,0.25,0.3667481662591687,3.5
2020-04-09 02:00:00,2,11,2,1,8,0,0,2,3,1,4,1,9.733333333333333,314.5,3.0,8.18,27.500000000000004,0.3518518518518518,112.9593068017366,1.794632140475661,0.275,0.2444987775061124,3.4545454545454546
2020-04-09 03:00:00,3,13,2,2,7,2,0,3,3,2,5,2,10.733333333333333,175.0,3.0,8.18,32.5,0.4095238095238095,137.15761360347324,2.288090088395712,0.325,0.3667481662591687,3.3076923076923075
2020-04-09 04:00:00,4,10,2,2,6,0,0,0,3,2,5,2,11.733333333333333,235.0,3.0,8.18,25.0,0.3428571428571428,136.36261360347322,0.9,0.25,0.0,3.6
2020-04-09 05:00:00,5,11,2,0,8,1,0,3,4,0,4,0,11.566666666666666,255.5,3.0,8.18,27.500000000000004,0.3333333333333333,122.43099999999998,2.1002667259390977,0.275,0.3667481662591687,3.272727272727273
2020-04-09 06:00:00,6,11,2,0,8,1,0,1,4,0,4,0,12.566666666666666,315.5,3.0,8.18,27.500000000000004,0.3333333333333333,128.071,1.300088908646366,0.275,0.1222493887530562,3.272727272727273
2020-04-09 07:00:00,7,10,2,1,7,0,0,2,4,1,5,1,13.566666666666666,336.0,3.0,8.18,25.0,0.3333333333333333,145.8343068017366,1.7307457212713937,0.25,0.2444987775061124,3.5
2020-04-09 08:00:00,8,12,2,2,8,0,0,3,5,2,7,2,14.566666666666666,229.0,3.0,6.38,30.0,0.4242424242424242,183.4326136034732,2.69576802507837,0.3,0.4702194357366771,3.5
2020-04-09 09:00:00,9,15,2,3,9,1,0,5,5,4,9,4,15.566666666666666,94.0,3.0,6.38,37.5,0.5483870967741935,224.0442272069465,3.939576802507837,0.375,0.7836990595611285,3.4
2020-04-09 10:00:00,10,23,2,4,15,2,0,10,9,3,12,3,16.566666666666666,71.5,4.0,9.63,57.49999999999999,0.6696428571428571,286.1759204052098,5.261157388595422,0.575,1.038421599169263,3.260869565217391
2020-04-09 11:00:00,11,24,2,4,17,1,0,8,7,4,11,4,17.566666666666666,127.0,4.0,9.63,60.0,0.6810344827586207,281.42922720694645,4.709510211145726,0.6,0.8307372793354103,3.2916666666666665
2020-04-09 12:00:00,12,25,2,6,14,3,0,8,7,5,12,5,18.566666666666663,172.0,4.0,9.63,62.5,0.7321428571428571,303.4825340086831,4.774818276220146,0.625,0.8307372793354103,3.28
2020-04-09 13:00:00,13,19,2,6,10,1,0,2,4,5,9,5,19.566666666666663,256.0,4.0,9.63,47.5,0.532258064516129,256.0525340086831,2.371429742580751,0.475,0.2076843198338525,3.473684210526316
2020-04-09 14:00:00,14,15,3,3,9,0,0,5,3,4,7,4,20.566666666666663,175.0,4.0,9.63,37.5,0.4090909090909091,225.44422720694644,3.219158878504673,0.375,0.5192107995846315,3.6
2020-04-09 15:00:00,15,14,2,4,8,0,0,3,5,3,8,3,21.566666666666663,164.0,4.0,9.63,35.0,0.390625,241.47092040520988,2.362594570538496,0.35,0.3115264797507788,3.571428571428572
2020-04-09 16:00:00,16,14,1,3,8,1,1,8,3,1,4,1,15.0,117.0,4.0,9.63,35.0,0.3055555555555556,149.0983068017366,3.710888592197004,0.35,0.8307372793354103,3.142857142857143
2020-04-09 17:00:00,17,14,1,3,8,1,1,7,3,1,4,1,16.0,92.5,4.0,9.63,35.0,0.3055555555555556,154.7383068017366,3.384527518172378,0.35,0.726895119418484,3.142857142857143
2020-04-09 18:00:00,18,11,1,1,8,0,1,5,5,0,5,0,17.0,54.0,4.0,9.63,27.500000000000004,0.2428571428571428,166.475,2.4548333805343154,0.275,0.5192107995846315,3.090909090909091
2020-04-09 19:00:00,19,14,0,2,8,4,0,9,3,2,5,2,7.233333333333333,92.0,4.0,9.63,35.0,0.2857142857142857,119.5626136034732,3.6702269692923903,0.35,0.9345794392523366,2.857142857142857
2020-04-09 20:00:00,20,17,0,3,12,2,0,9,5,1,6,1,8.233333333333333,110.5,4.0,10.98,42.5,0.3823529411764705,144.1693068017366,3.807232401157184,0.425,0.819672131147541,3.0588235294117645
2020-04-09 21:00:00,21,15,0,2,11,1,1,3,5,1,6,1,5.65,170.5,4.0,10.98,37.5,0.3235294117647059,125.30930680173662,1.9014571948998176,0.375,0.2732240437158469,2.933333333333333
2020-04-09 22:00:00,22,15,1,1,10,2,1,6,4,0,4,0,6.383333333333334,222.0,3.0,7.73,37.5,0.4074074074074074,101.77700000000002,3.3768434670116423,0.375,0.7761966364812418,2.933333333333333
2020-04-09 23:00:00,23,15,0,1,11,1,2,3,4,0,4,0,7.383333333333334,282.0,3.0,7.73,37.5,0.3796296296296296,107.417,2.085802069857697,0.375,0.3880983182406209,2.7333333333333334
2020-04-10 00:00:00,0,13,0,2,9,0,2,3,4,0,4,0,8.383333333333333,342.0,3.0,7.73,32.5,0.3425925925925926,108.767,2.0295875211463827,0.325,0.3880983182406209,2.8461538461538463
2020-04-10 01:00:00,1,13,0,2,10,0,1,3,4,0,4,0,9.383333333333333,402.0,3.0,7.73,32.5,0.3611111111111111,114.40699999999998,2.139294954721863,0.325,0.3880983182406209,3.0
2020-04-10 02:00:00,2,14,1,2,10,0,1,3,5,0,5,0,10.383333333333333,412.0,3.0,7.73,35.0,0.419047619047619,135.59199999999998,2.31973757161338,0.35,0.3880983182406209,3.142857142857143
2020-04-10 03:00:00,3,13,1,2,9,0,1,2,7,0,7,0,10.3,447.0,3.0,7.73,32.5,0.4141414141414141,159.777,1.8410015921982288,0.325,0.258732212160414,3.1538461538461537
2020-04-10 04:00:00,4,14,1,2,10,0,1,2,6,0,6,0,11.3,519.5,3.0,7.73,35.0,0.4313725490196078,154.162,1.9131583810755868,0.35,0.258732212160414,3.142857142857143
2020-04-10 05:00:00,5,13,1,2,9,0,1,1,6,0,6,0,12.3,579.5,3.0,7.73,32.5,0.4019607843137255,157.657,1.4330007960991142,0.325,0.129366106080207,3.1538461538461537
2020-04-10 06:00:00,6,13,1,2,9,0,1,1,6,0,6,0,13.3,639.5,3.0,7.73,32.5,0.4019607843137255,163.29700000000005,1.4330007960991142,0.325,0.129366106080207,3.1538461538461537
2020-04-10 07:00:00,7,9,0,1,7,1,0,2,6,0,6,0,14.3,699.5,3.0,7.73,22.5,0.2647058823529412,160.35700000000003,1.451196636481242,0.225,0.258732212160414,3.0
2020-04-10 08:00:00,8,9,0,1,8,0,0,3,7,1,8,1,15.3,556.5,3.0,6.6,22.5,0.2916666666666667,193.66530680173665,2.114141414141414,0.225,0.4545454545454546,3.111111111111111
2020-04-10 09:00:00,9,12,1,1,8,2,0,6,4,1,5,1,15.533333333333331,389.0,3.0,6.6,30.0,0.3523809523809524,161.2163068017366,3.728030303030304,0.3,0.9090909090909092,3.083333333333333
2020-04-10 10:00:00,10,7,0,0,7,0,0,4,5,0,5,0,16.533333333333335,145.0,4.0,9.94,17.5,0.15,155.263,1.7322434607645876,0.175,0.4024144869215292,3.0
2020-04-10 11:00:00,11,10,0,0,9,1,0,5,3,0,3,0,8.483333333333333,205.0,4.0,9.94,25.0,0.1959459459459459,89.496,2.1837525150905432,0.25,0.5030181086519115,2.9
2020-04-10 12:00:00,12,10,0,0,8,2,0,6,3,0,3,0,9.483333333333333,265.0,4.0,9.94,25.0,0.1891891891891892,95.136,2.3901408450704227,0.25,0.6036217303822938,2.8
2020-04-10 13:00:00,13,11,0,1,7,3,0,5,2,1,3,1,10.483333333333333,183.0,4.0,9.94,27.500000000000004,0.2094594594594594,103.7893068017366,2.192596488019024,0.275,0.5030181086519115,2.8181818181818183
2020-04-10 14:00:00,14,8,0,1,5,2,0,0,2,1,3,1,11.483333333333333,243.0,4.0,9.94,20.0,0.1554054054054054,102.9943068017366,0.5750000000000001,0.2,0.0,2.875
2020-04-10 15:00:00,15,13,0,1,11,1,0,7,3,2,5,2,12.483333333333333,163.0,4.0,9.94,32.5,0.2785714285714286,147.02761360347324,3.087676056338029,0.325,0.7042253521126761,3.0
2020-04-10 16:00:00,16,16,0,1,12,3,0,5,4,2,6,2,13.483333333333333,158.5,4.0,9.94,40.0,0.3382352941176471,172.5026136034732,2.5961770623742457,0.4,0.5030181086519115,2.875
2020-04-10 17:00:00,17,18,0,1,15,2,0,5,6,3,9,3,14.483333333333333,135.0,4.0,9.94,45.0,0.4274193548387097,223.50092040520985,2.8061088754750734,0.45,0.5030181086519115,2.9444444444444446
2020-04-10 18:00:00,18,19,0,0,18,1,0,6,6,3,9,3,15.483333333333333,117.0,4.0,9.94,47.5,0.4516129032258064,231.28592040520985,3.1790956263899184,0.475,0.6036217303822938,2.9473684210526314
2020-04-10 19:00:00,19,26,1,1,23,1,0,9,6,4,10,4,16.483333333333334,155.0,4.0,9.94,65.0,0.6666666666666666,266.2092272069465,4.785946447918279,0.65,0.9054325955734408,3.076923076923077
2020-04-10 20:00:00,20,19,1,2,16,0,0,4,4,3,7,3,17.483333333333334,178.0,4.0,11.52,47.5,0.4621212121212121,215.76592040520984,2.639766081871345,0.475,0.3472222222222222,3.210526315789474
2020-04-10 21:00:00,21,15,0,2,13,0,0,4,5,2,7,2,18.48333333333333,200.0,4.0,11.52,37.5,0.3560606060606061,211.9576136034732,2.262962962962963,0.375,0.3472222222222222,3.1333333333333333
2020-04-10 22:00:00,22,19,1,3,13,2,0,11,5,2,7,2,19.48333333333333,86.0,3.0,8.18,47.5,0.6060606060606061,226.1776136034732,5.746557714579848,0.475,1.344743276283619,3.1578947368421053
2020-04-10 23:00:00,23,13,2,1,9,1,0,2,4,1,5,1,20.48333333333333,146.0,3.0,8.18,32.5,0.4095238095238095,191.2793068017366,1.883726725597141,0.325,0.2444987775061124,3.3076923076923075
2020-04-11 00:00:00,0,10,2,1,6,1,0,1,5,1,6,1,21.48333333333333,167.5,3.0,8.18,25.0,0.3333333333333333,203.8843068017366,1.265647921760391,0.25,0.1222493887530562,3.4
2020-04-11 01:00:00,1,12,3,2,6,1,0,3,5,1,6,1,22.48333333333333,227.5,3.0,8.18,30.0,0.4215686274509804,213.81430680173665,2.389180929095355,0.3,0.3667481662591687,3.583333333333333
2020-04-11 02:00:00,2,14,3,1,8,2,0,3,5,1,6,1,23.48333333333333,287.5,3.0,8.18,35.0,0.4607843137254901,223.74430680173663,2.4062259867272093,0.35,0.3667481662591687,3.357142857142857
2020-04-11 03:00:00,3,13,3,1,8,1,0,1,5,1,6,1,24.48333333333333,347.5,3.0,8.18,32.5,0.4411764705882353,227.2393068017366,1.5481709610682717,0.325,0.1222493887530562,3.4615384615384617
2020-04-11 04:00:00,4,11,2,1,7,1,0,1,5,1,6,1,25.48333333333333,407.5,3.0,8.18,27.500000000000004,0.3627450980392157,228.58930680173663,1.3362024894420983,0.275,0.1222493887530562,3.363636363636364
2020-04-11 05:00:00,5,11,2,2,6,1,0,1,6,1,7,1,26.48333333333333,429.0,3.0,8.18,27.500000000000004,0.3838383838383838,247.62930680173656,1.3723160702378308,0.275,0.1222493887530562,3.4545454545454546
2020-04-11 06:00:00,6,11,2,2,6,1,0,0,6,1,7,1,27.48333333333333,489.0,3.0,8.18,27.500000000000004,0.3838383838383838,253.2693068017366,0.95,0.275,0.0,3.4545454545454546
2020-04-11 07:00:00,7,13,2,3,7,1,0,2,6,1,7,1,28.48333333333333,549.0,3.0,8.18,32.5,0.4545454545454545,263.1993068017366,1.9713419221365431,0.325,0.2444987775061124,3.4615384615384617
2020-04-11 08:00:00,8,14,2,3,7,2,0,4,6,1,7,1,29.48333333333333,609.0,3.0,6.359999999999999,35.0,0.4747474747474747,270.9843068017366,3.28641060197664,0.35,0.628930817610063,3.357142857142857
2020-04-11 09:00:00,9,17,2,4,10,1,0,7,4,3,7,3,30.48333333333333,646.0,3.0,6.359999999999999,42.5,0.5858585858585859,284.7959204052098,5.205086940436552,0.425,1.1006289308176105,3.411764705882353
2020-04-11 10:00:00,10,19,0,5,13,1,0,7,3,3,6,3,15.15,85.0,4.0,10.06,47.5,0.4485294117647059,189.20592040520984,3.758964633253113,0.475,0.6958250497017894,3.210526315789474
2020-04-11 11:00:00,11,17,0,3,13,1,0,5,2,2,4,2,13.65,72.0,4.0,10.06,42.5,0.3680555555555556,148.78761360347323,2.874526371184657,0.425,0.4970178926441352,3.117647058823529
2020-04-11 12:00:00,12,16,0,2,13,1,0,2,4,2,6,2,14.65,116.5,4.0,10.06,40.0,0.3602941176470588,179.08261360347322,1.8338469184890656,0.4,0.1988071570576541,3.0625
2020-04-11 13:00:00,13,11,0,2,9,0,0,4,4,2,6,2,6.8,137.5,4.0,10.06,27.500000000000004,0.2573529411764705,124.08361360347322,2.1401364540032533,0.275,0.3976143141153082,3.1818181818181817
2020-04-11 14:00:00,14,9,0,1,7,1,0,5,3,0,3,0,4.383333333333334,154.0,4.0,10.06,22.5,0.1824324324324324,64.227,2.166053677932406,0.225,0.4970178926441352,3.0
2020-04-11 15:00:00,15,7,0,1,6,0,0,3,2,0,2,0,5.383333333333334,242.5,4.0,10.06,17.5,0.1447368421052631,52.17699999999999,1.487233740414655,0.175,0.2982107355864811,3.142857142857143
2020-04-11 16:00:00,16,12,0,2,10,0,0,7,2,0,2,0,5.033333333333333,123.0,4.0,10.06,30.0,0.25,60.928,3.1534459907223327,0.3,0.6958250497017894,3.1666666666666665
2020-04-11 17:00:00,17,18,0,4,13,1,0,9,3,1,4,1,6.033333333333333,63.5,4.0,10.06,45.0,0.3958333333333333,107.10630680173662,4.2580019880715705,0.45,0.8946322067594434,3.1666666666666665
2020-04-11 18:00:00,18,22,0,4,17,1,0,10,3,1,4,1,7.033333333333333,85.0,4.0,10.06,55.00000000000001,0.4791666666666667,121.32630680173662,4.842657690222302,0.55,0.9940357852882704,3.136363636363636
2020-04-11 19:00:00,19,19,0,3,15,1,0,4,3,1,4,1,8.033333333333333,97.5,4.0,10.06,47.5,0.4097222222222222,120.5313068017366,2.709697080673852,0.475,0.3976143141153082,3.1052631578947367
2020-04-11 20:00:00,20,17,0,2,13,2,0,7,3,1,4,1,9.033333333333331,57.0,4.0,10.38,42.5,0.3541666666666667,121.88130680173664,3.2981213872832367,0.425,0.674373795761079,3.0
2020-04-11 21:00:00,21,19,0,2,15,2,0,7,3,1,4,1,7.6,91.0,4.0,10.38,47.5,0.3958333333333333,118.08730680173662,3.448121387283237,0.475,0.674373795761079,3.0
2020-04-11 22:00:00,22,20,0,1,18,1,0,8,3,1,4,1,8.6,64.0,3.0,6.68,50.0,0.5555555555555556,125.8723068017366,5.092814371257486,0.5,1.1976047904191618,3.0
2020-04-11 23:00:00,23,18,0,1,16,1,0,3,4,1,5,1,9.6,96.0,3.0,6.68,45.0,0.5142857142857142,140.6223068017366,2.6973053892215573,0.45,0.4491017964071856,3.0
2020-04-12 00:00:00,0,20,0,4,15,1,0,8,7,1,8,1,8.5,103.0,3.0,6.68,50.0,0.65625,178.9083068017366,5.347455089820359,0.5,1.1976047904191618,3.15
2020-04-12 01:00:00,1,19,0,2,17,0,0,3,7,1,8,1,9.5,163.0,3.0,6.68,47.5,0.6145833333333334,182.40330680173665,2.869579262527576,0.475,0.4491017964071856,3.1052631578947367
2020-04-12 02:00:00,2,16,0,2,14,0,0,2,8,0,8,0,10.5,180.5,3.0,6.68,40.0,0.5208333333333334,180.74,2.1856287425149703,0.4,0.2994011976047904,3.125
2020-04-12 03:00:00,3,13,0,2,11,0,0,0,8,0,8,0,11.5,240.5,3.0,6.68,32.5,0.4270833333333333,179.945,1.025,0.325,0.0,3.1538461538461537
2020-04-12 04:00:00,4,14,0,2,12,0,0,1,8,0,8,0,12.5,300.5,3.0,6.68,35.0,0.4583333333333333,187.73,1.5704875962360991,0.35,0.1497005988023952,3.142857142857143
2020-04-12 05:00:00,5,15,0,2,13,0,0,2,8,0,8,0,13.5,360.5,3.0,6.68,37.5,0.4895833333333333,195.515,2.11312375249501,0.375,0.2994011976047904,3.1333333333333333
2020-04-12 06:00:00,6,17,0,2,15,0,0,2,8,0,8,0,14.5,420.5,3.0,6.68,42.5,0.5520833333333334,205.445,2.258427263120817,0.425,0.2994011976047904,3.117647058823529
2020-04-12 07:00:00,7,18,0,3,15,0,0,2,9,0,9,0,15.5,473.0,3.0,6.68,45.0,0.6129032258064516,226.63,2.37310379241517,0.45,0.2994011976047904,3.1666666666666665
2020-04-12 08:00:00,8,13,0,3,10,0,0,1,8,0,8,0,11.583333333333334,540.5,3.0,6.3,32.5,0.4375,180.415,1.5628205128205128,0.325,0.1587301587301587,3.230769230769231
2020-04-12 09:00:00,9,10,0,2,8,0,0,2,4,0,4,0,12.583333333333334,283.5,3.0,6.3,25.0,0.2962962962962963,126.01999999999998,1.815873015873016,0.25,0.3174603174603174,3.2
2020-04-12 10:00:00,10,7,0,2,5,0,0,4,4,0,4,0,13.583333333333334,343.5,4.0,9.62,17.5,0.1597222222222222,125.225,1.9412013662013663,0.175,0.4158004158004158,3.2857142857142856
2020-04-12 11:00:00,11,19,0,1,12,6,0,14,7,0,7,0,14.583333333333334,19.0,4.0,9.62,47.5,0.3939393939393939,196.805,5.282930298719773,0.475,1.4553014553014554,2.736842105263158
2020-04-12 12:00:00,12,11,0,1,6,3,1,4,6,0,6,0,15.583333333333334,74.0,4.0,9.62,27.500000000000004,0.213235294117647,171.885,1.8212010962010965,0.275,0.4158004158004158,2.636363636363636
2020-04-12 13:00:00,13,12,0,2,8,2,0,6,6,0,6,0,16.583333333333332,125.0,4.0,9.62,30.0,0.2647058823529412,179.67,2.771101871101872,0.3,0.6237006237006237,3.0
2020-04-12 14:00:00,14,17,1,2,11,3,0,10,8,0,8,0,17.583333333333332,83.5,4.0,9.62,42.5,0.40625,222.835,4.479650238473768,0.425,1.0395010395010396,3.0588235294117645
2020-04-12 15:00:00,15,20,0,2,9,8,0,9,6,0,6,0,6.683333333333334,97.0,4.0,9.62,50.0,0.375,140.99400000000003,3.660654885654885,0.5,0.9355509355509356,2.55
2020-04-12 16:00:00,16,11,1,1,7,2,0,5,4,2,6,2,5.15,66.5,4.0,9.62,27.500000000000004,0.25,114.77761360347324,2.4565016065016065,0.275,0.5197505197505198,3.090909090909091
2020-04-12 17:00:00,17,7,0,1,5,1,0,4,1,1,2,1,6.15,217.5,4.0,9.62,17.5,0.1381578947368421,57.36930680173661,1.7724012474012476,0.175,0.4158004158004158,3.0
2020-04-12 18:00:00,18,12,0,2,10,0,0,10,1,2,3,2,5.716666666666667,48.0,4.0,9.62,30.0,0.2567567567567567,79.91861360347323,4.241753291753292,0.3,1.0395010395010396,3.1666666666666665
2020-04-12 19:00:00,19,23,0,5,15,2,1,15,4,3,7,3,6.716666666666667,44.0,4.0,9.62,57.49999999999999,0.5303030303030303,163.62192040520983,6.495548223809095,0.575,1.5592515592515594,3.0434782608695654
2020-04-12 20:00:00,20,25,0,5,17,3,0,8,5,4,9,4,4.1,84.0,4.0,10.0,62.5,0.6209677419354839,180.82222720694645,4.389,0.625,0.8,3.08
2020-04-12 21:00:00,21,17,0,5,10,2,0,3,4,3,7,3,5.1,140.0,4.0,10.0,42.5,0.4090909090909091,141.63392040520984,2.302941176470588,0.425,0.3,3.176470588235294
2020-04-12 22:00:00,22,18,0,3,13,2,0,6,5,2,7,2,4.366666666666666,175.0,3.0,6.68,45.0,0.5555555555555556,138.7746136034732,4.1195109780439125,0.45,0.8982035928143713,3.055555555555556
2020-04-12 23:00:00,23,18,0,2,16,0,0,6,5,2,7,2,5.0,235.0,3.0,6.68,45.0,0.5656565656565656,142.3466136034732,4.194411177644711,0.45,0.8982035928143713,3.111111111111111
2020-04-13 00:00:00,0,20,0,2,18,0,0,6,5,2,7,2,6.0,295.0,3.0,6.68,50.0,0.6262626262626263,152.27661360347324,4.334431137724551,0.5,0.8982035928143713,3.1
2020-04-13 01:00:00,1,19,0,3,16,0,0,4,5,2,7,2,7.0,355.0,3.0,6.68,47.5,0.6060606060606061,155.7716136034732,3.3909549322407813,0.475,0.5988023952095809,3.1578947368421053
2020-04-13 02:00:00,2,18,0,3,14,0,0,3,5,2,7,2,8.0,415.0,3.0,6.68,45.0,0.5454545454545454,159.26661360347322,2.6973053892215573,0.45,0.4491017964071856,3.0
2020-04-13 03:00:00,3,13,0,2,11,0,0,0,5,2,7,2,9.0,475.0,3.0,6.68,32.5,0.4141414141414141,154.1816136034732,1.025,0.325,0.0,3.1538461538461537
2020-04-13 04:00:00,4,14,0,4,10,0,0,2,5,2,7,2,10.0,535.0,3.0,6.68,35.0,0.4646464646464646,161.96661360347323,2.133746792130025,0.35,0.2994011976047904,3.2857142857142856
2020-04-13 05:00:00,5,18,1,4,11,1,1,4,5,3,8,3,11.0,591.0,3.0,6.68,45.0,0.59375,190.45492040520983,3.321207584830339,0.45,0.5988023952095809,3.1666666666666665
2020-04-13 06:00:00,6,19,1,4,11,2,1,2,6,2,8,2,12.0,629.5,3.0,6.68,47.5,0.6145833333333334,197.37161360347324,2.4047195083517177,0.475,0.2994011976047904,3.1052631578947367
2020-04-13 07:00:00,7,14,0,4,8,1,1,1,6,1,7,1,13.0,707.0,3.0,6.68,35.0,0.4343434343434343,178.0183068017366,1.5347946963216426,0.35,0.1497005988023952,3.071428571428572
2020-04-13 08:00:00,8,13,0,2,9,1,1,2,6,1,7,1,14.0,767.0,3.0,6.57,32.5,0.3838383838383838,181.5133068017366,1.8398255473597935,0.325,0.30441400304414,2.923076923076923
2020-04-13 09:00:00,9,12,0,3,8,0,1,3,3,2,5,2,15.0,604.0,3.0,6.57,30.0,0.3523809523809524,159.07661360347322,2.332914764079148,0.3,0.45662100456621,3.083333333333333
2020-04-13 10:00:00,10,15,0,4,11,0,0,5,5,1,6,1,16.0,80.5,4.0,9.82,37.5,0.3602941176470588,183.6833068017366,2.8882722335369992,0.375,0.5091649694501018,3.2666666666666666
2020-04-13 11:00:00,11,20,0,6,13,0,1,10,8,1,9,1,13.0,84.0,4.0,9.82,50.0,0.5161290322580645,217.68830680173664,4.858655804480652,0.5,1.0183299389002036,3.2
2020-04-13 12:00:00,12,21,0,7,12,1,1,7,5,0,5,0,14.0,92.0,4.0,9.82,52.5,0.4785714285714286,171.005,3.9492701968771216,0.525,0.7128309572301426,3.1904761904761907
2020-04-13 13:00:00,13,19,1,7,9,1,1,7,5,1,6,1,5.416666666666667,26.0,4.0,9.82,47.5,0.4632352941176471,132.57330680173663,3.9385973844999462,0.475,0.7128309572301426,3.3157894736842106
2020-04-13 14:00:00,14,23,1,10,11,0,1,10,8,1,9,1,4.4,61.0,4.0,9.82,57.49999999999999,0.6370967741935484,175.61930680173663,5.4727419640485255,0.575,1.0183299389002036,3.4347826086956523
2020-04-13 15:00:00,15,22,1,9,10,0,2,8,9,1,10,1,5.4,119.0,4.0,9.82,55.00000000000001,0.6083333333333333,192.5143068017366,4.5282031105350855,0.55,0.8146639511201629,3.3181818181818183
2020-04-13 16:00:00,16,22,2,8,9,1,2,8,9,2,11,2,6.4,136.0,4.0,9.82,55.00000000000001,0.6293103448275862,212.4226136034732,4.5282031105350855,0.55,0.8146639511201629,3.3181818181818183
2020-04-13 17:00:00,17,27,3,10,11,1,2,9,13,1,14,1,7.4,111.0,4.0,9.82,67.5,0.8846153846153846,268.1193068017366,5.422878479293958,0.675,0.9164969450101832,3.4074074074074074
2020-04-13 18:00:00,18,29,3,10,13,1,2,4,13,1,14,1,8.4,171.0,4.0,9.82,72.5,0.9423076923076924,278.0493068017366,3.82650115878924,0.725,0.4073319755600814,3.3793103448275863
2020-04-13 19:00:00,19,25,4,6,12,1,2,3,10,1,11,1,8.95,172.0,4.0,9.82,62.5,0.7241379310344828,232.37130680173664,3.126476578411405,0.625,0.305498981670061,3.36
2020-04-13 20:00:00,20,24,3,9,10,1,1,4,9,1,10,1,9.95,248.5,4.0,11.01,60.0,0.7,222.4663068017366,3.371571298819255,0.6,0.36330608537693,3.5
2020-04-13 21:00:00,21,23,0,11,10,0,2,10,8,0,8,0,10.95,80.5,4.0,11.01,57.49999999999999,0.59375,198.293,4.901224183548552,0.575,0.9082652134423252,3.3043478260869565
2020-04-13 22:00:00,22,20,0,7,10,0,3,7,5,0,5,0,11.95,122.0,3.0,7.76,50.0,0.580952380952381,157.298,4.2762886597938135,0.5,0.9020618556701032,3.05
2020-04-13 23:00:00,23,17,0,5,10,0,2,6,4,0,4,0,12.95,137.0,3.0,7.76,42.5,0.4814814814814814,143.103,3.6650697392359,0.425,0.7731958762886598,3.0588235294117645
2020-04-14 00:00:00,0,19,0,5,11,1,2,7,6,0,6,0,13.95,119.0,3.0,7.76,47.5,0.5588235294117647,179.833,4.131185567010309,0.475,0.9020618556701032,3.0
2020-04-14 01:00:00,1,15,0,5,8,0,2,1,6,0,6,0,14.95,179.0,3.0,7.76,37.5,0.4509803921568627,176.893,1.5451890034364262,0.375,0.1288659793814433,3.066666666666667
2020-04-14 02:00:00,2,19,0,5,12,0,2,6,7,0,7,0,15.95,206.0,3.0,7.76,47.5,0.5858585858585859,204.513,3.810282148670646,0.475,0.7731958762886598,3.0526315789473686
2020-04-14 03:00:00,3,14,0,5,7,0,2,1,7,0,7,0,16.95,266.0,3.0,7.76,35.0,0.4343434343434343,199.428,1.47080265095729,0.35,0.1288659793814433,3.071428571428572
2020-04-14 04:00:00,4,16,0,5,9,0,2,3,8,0,8,0,17.95,310.5,3.0,7.76,40.0,0.5104166666666666,222.758,2.4089561855670105,0.4,0.3865979381443299,3.0625
2020-04-14 05:00:00,5,15,0,5,8,0,2,0,8,0,8,0,18.95,370.5,3.0,7.76,37.5,0.4791666666666667,226.253,1.15,0.375,0.0,3.066666666666667
2020-04-14 06:00:00,6,15,0,5,8,0,2,0,8,0,8,0,19.95,430.5,3.0,7.76,37.5,0.4791666666666667,231.893,1.15,0.375,0.0,3.066666666666667
2020-04-14 07:00:00,7,14,0,5,8,0,1,2,8,0,8,0,20.95,490.5,3.0,7.76,35.0,0.46875,235.388,1.9534241531664212,0.35,0.2577319587628866,3.2142857142857144
2020-04-14 08:00:00,8,13,0,5,6,1,1,1,8,0,8,0,21.95,550.5,3.0,6.65,32.5,0.4270833333333333,238.883,1.4992625795257373,0.325,0.150375939849624,3.1538461538461537
2020-04-14 09:00:00,9,15,0,2,11,1,1,8,3,0,3,0,22.95,472.0,3.0,6.65,37.5,0.3963963963963964,181.813,4.628822055137844,0.375,1.2030075187969924,2.933333333333333
2020-04-14 10:00:00,10,11,0,2,8,0,1,3,0,0,0,0,23.95,0.0,4.0,9.99,27.500000000000004,0.20625,138.67299999999997,1.725900900900901,0.275,0.3003003003003003,3.0
2020-04-14 11:00:00,11,18,0,4,14,0,0,10,3,1,4,1,8.2,22.0,4.0,9.99,45.0,0.4027777777777778,119.32630680173662,4.675447669892114,0.45,1.001001001001001,3.2222222222222223
2020-04-14 12:00:00,12,20,0,5,14,0,0,4,3,2,5,2,9.2,73.0,4.0,9.99,50.0,0.4428571428571428,143.5246136034732,2.791241241241241,0.5,0.4004004004004003,3.1
2020-04-14 13:00:00,13,20,1,5,13,0,0,3,3,3,6,3,10.2,129.5,4.0,9.99,50.0,0.4705882352941176,163.43292040520984,2.560960960960961,0.5,0.3003003003003003,3.2
2020-04-14 14:00:00,14,16,1,4,10,0,0,2,2,3,5,3,11.2,111.0,4.0,9.99,40.0,0.3642857142857142,147.09292040520984,1.9131381381381385,0.4,0.2002002002002001,3.1875
2020-04-14 15:00:00,15,17,0,5,11,0,0,6,2,1,3,1,12.2,104.0,4.0,9.99,42.5,0.3581081081081081,126.3413068017366,3.197460695990108,0.425,0.6006006006006006,3.117647058823529
2020-04-14 16:00:00,16,11,0,3,7,0,0,3,2,0,2,0,13.2,238.5,4.0,9.99,27.500000000000004,0.2171052631578947,104.843,1.725900900900901,0.275,0.3003003003003003,3.0
2020-04-14 17:00:00,17,13,0,3,8,1,0,4,3,0,3,0,14.2,224.0,4.0,9.99,32.5,0.2567567567567567,128.173,2.1204011704011703,0.325,0.4004004004004003,2.923076923076923
2020-04-14 18:00:00,18,15,1,3,10,1,0,6,4,0,4,0,15.2,174.0,4.0,9.99,37.5,0.3402777777777778,151.503,3.186961961961962,0.375,0.6006006006006006,3.2666666666666666
2020-04-14 19:00:00,19,14,2,2,9,1,0,5,5,1,6,1,9.166666666666666,53.0,4.0,9.99,35.0,0.3455882352941176,142.99830680173662,2.8552516802516803,0.35,0.5005005005005005,3.357142857142857
2020-04-14 20:00:00,20,21,2,5,14,0,0,10,8,2,10,2,10.166666666666666,63.5,4.0,11.1,52.5,0.6,218.12161360347324,4.888803088803089,0.525,0.9009009009009008,3.4285714285714284
2020-04-14 21:00:00,21,27,2,4,20,0,1,11,9,2,11,2,11.166666666666666,115.0,4.0,11.1,67.5,0.75,250.0316136034733,5.368193193193193,0.675,0.990990990990991,3.2222222222222223
2020-04-14 22:00:00,22,30,2,4,23,1,0,13,7,3,10,3,12.166666666666666,145.0,3.0,7.76,75.0,1.0777777777777775,249.5749204052098,7.841666666666668,0.75,1.675257731958763,3.2333333333333334
2020-04-14 23:00:00,23,23,2,3,18,0,0,3,7,2,9,2,7.933333333333334,161.0,3.0,7.76,57.49999999999999,0.8172043010752689,196.41561360347325,3.177454056476916,0.575,0.3865979381443299,3.3043478260869565
2020-04-15 00:00:00,0,20,3,4,13,0,0,3,7,2,9,2,8.933333333333334,221.0,3.0,7.76,50.0,0.7526881720430108,195.6206136034733,3.1030927835051543,0.5,0.3865979381443299,3.5
2020-04-15 01:00:00,1,18,2,4,11,1,0,3,7,2,9,2,9.933333333333334,281.0,3.0,7.76,45.0,0.6559139784946236,196.97061360347325,2.8351374570446737,0.45,0.3865979381443299,3.388888888888889
2020-04-15 02:00:00,2,16,2,4,10,0,0,1,7,2,9,2,10.933333333333334,341.0,3.0,7.76,40.0,0.6021505376344086,198.3206136034732,1.851030927835052,0.4,0.1288659793814433,3.5
2020-04-15 03:00:00,3,18,2,4,12,0,0,3,8,1,9,1,11.933333333333334,397.0,3.0,7.76,45.0,0.6666666666666666,207.38230680173663,2.8816151202749145,0.45,0.3865979381443299,3.4444444444444446
2020-04-15 04:00:00,4,15,2,3,10,0,0,0,8,0,8,0,12.933333333333334,459.0,3.0,7.76,37.5,0.5416666666666666,192.319,1.3,0.375,0.0,3.466666666666667
2020-04-15 05:00:00,5,19,2,3,13,1,0,4,9,0,9,0,13.933333333333334,517.0,3.0,7.76,47.5,0.6774193548387096,219.939,3.284169831795985,0.475,0.5154639175257733,3.3157894736842106
2020-04-15 06:00:00,6,19,2,3,12,2,0,3,9,0,9,0,14.933333333333334,577.0,3.0,7.76,47.5,0.6666666666666666,225.579,2.811530113944656,0.475,0.3865979381443299,3.263157894736842
2020-04-15 07:00:00,7,17,2,3,10,2,0,0,9,0,9,0,15.933333333333334,637.0,3.0,7.76,42.5,0.6021505376344086,226.929,1.4,0.425,0.0,3.294117647058824
2020-04-15 08:00:00,8,16,2,2,12,0,0,3,9,0,9,0,16.933333333333334,697.0,3.0,8.42,40.0,0.5806451612903226,230.424,2.55249406175772,0.4,0.3562945368171021,3.375
2020-04-15 09:00:00,9,15,1,2,12,0,0,5,7,0,7,0,17.933333333333334,658.0,3.0,8.42,37.5,0.494949494949495,207.119,3.164825811559778,0.375,0.5938242280285035,3.2666666666666666
2020-04-15 10:00:00,10,15,0,1,10,4,0,8,5,1,6,1,13.683333333333334,208.0,4.0,11.46,37.5,0.3088235294117647,170.61730680173662,3.004624781849913,0.375,0.6980802792321117,2.8
2020-04-15 11:00:00,11,17,0,3,12,2,0,10,8,3,11,3,6.416666666666667,37.0,4.0,11.46,42.5,0.4482758620689655,202.65992040520985,3.969130479416897,0.425,0.8726003490401395,3.0588235294117645
2020-04-15 12:00:00,12,19,0,4,13,2,0,5,7,4,11,4,7.416666666666667,79.0,4.0,11.46,47.5,0.5086206896551724,213.45822720694645,2.8298268577202164,0.475,0.4363001745200697,3.1052631578947367
2020-04-15 13:00:00,13,23,0,4,17,2,0,7,7,4,11,4,8.416666666666666,139.0,4.0,11.46,57.49999999999999,0.6120689655172413,227.67822720694645,3.66057553683891,0.575,0.6108202443280977,3.0869565217391304
2020-04-15 14:00:00,14,23,0,4,17,2,0,7,7,4,11,4,9.416666666666666,192.0,4.0,11.46,57.49999999999999,0.6120689655172413,233.31822720694643,3.66057553683891,0.575,0.6108202443280977,3.0869565217391304
2020-04-15 15:00:00,15,20,0,4,16,0,0,5,7,3,10,3,10.416666666666666,255.5,4.0,11.46,50.0,0.5333333333333333,218.25492040520984,2.9961605584642235,0.5,0.4363001745200697,3.2
2020-04-15 16:00:00,16,17,0,3,14,0,0,5,8,2,10,2,11.416666666666666,217.0,4.0,11.46,42.5,0.45,216.5916136034732,2.735894672004927,0.425,0.4363001745200697,3.176470588235294
2020-04-15 17:00:00,17,24,0,5,19,0,0,9,9,2,11,2,12.416666666666666,188.0,4.0,11.46,60.0,0.6637931034482759,250.6466136034732,4.444633507853403,0.6,0.7853403141361256,3.208333333333333
2020-04-15 18:00:00,18,21,0,5,16,0,0,10,5,3,8,3,9.45,170.0,4.0,11.46,52.5,0.53125,188.14792040520985,4.525563034987119,0.525,0.8726003490401395,3.238095238095238
2020-04-15 19:00:00,19,14,0,5,9,0,0,3,4,3,7,3,8.1,227.0,4.0,11.46,35.0,0.3560606060606061,152.11892040520985,2.053833208676141,0.35,0.2617801047120419,3.357142857142857
2020-04-15 20:00:00,20,10,0,4,6,0,0,4,2,2,4,2,6.133333333333334,240.0,4.0,9.76,25.0,0.2361111111111111,91.37861360347324,2.24344262295082,0.25,0.4098360655737705,3.4
2020-04-15 21:00:00,21,14,0,5,7,2,0,7,3,2,5,2,7.133333333333334,247.0,4.0,9.76,35.0,0.3214285714285714,118.99861360347322,3.4303278688524594,0.35,0.7172131147540983,3.2142857142857144
2020-04-15 22:00:00,22,14,0,4,8,2,0,4,2,1,3,1,5.116666666666666,68.0,3.0,6.72,35.0,0.3963963963963964,79.95630680173662,2.970748299319728,0.35,0.5952380952380952,3.142857142857143
2020-04-15 23:00:00,23,16,0,4,10,2,0,6,2,1,3,1,6.116666666666666,128.0,3.0,6.72,40.0,0.4504504504504504,89.88630680173662,4.040178571428572,0.4,0.8928571428571429,3.125
2020-04-16 00:00:00,0,12,0,2,8,2,0,4,2,1,3,1,7.116666666666666,188.0,3.0,6.72,30.0,0.3243243243243243,86.94630680173663,2.685714285714285,0.3,0.5952380952380952,3.0
2020-04-16 01:00:00,1,11,0,3,7,1,0,3,3,0,3,0,8.116666666666667,248.0,3.0,6.72,27.500000000000004,0.3153153153153153,89.57300000000001,2.295454545454546,0.275,0.4464285714285714,3.1818181818181817
2020-04-16 02:00:00,2,12,0,2,10,0,0,4,4,0,4,0,9.116666666666667,208.5,3.0,6.72,30.0,0.3518518518518518,110.758,2.8349206349206346,0.3,0.5952380952380952,3.1666666666666665
2020-04-16 03:00:00,3,11,0,3,8,0,0,2,5,0,5,0,10.116666666666667,169.0,3.0,6.72,27.500000000000004,0.3428571428571428,127.653,1.874025974025974,0.275,0.2976190476190476,3.272727272727273
2020-04-16 04:00:00,4,12,0,4,8,0,0,5,7,1,8,1,11.116666666666667,139.0,3.0,6.72,30.0,0.4166666666666667,176.50630680173663,3.4801587301587307,0.3,0.7440476190476191,3.333333333333333
2020-04-16 05:00:00,5,15,0,4,11,0,0,4,7,1,8,1,12.116666666666667,199.0,3.0,6.72,37.5,0.5104166666666666,188.58130680173664,3.1694444444444443,0.375,0.5952380952380952,3.2666666666666666
2020-04-16 06:00:00,6,17,0,4,13,0,0,2,8,1,9,1,13.116666666666667,234.0,3.0,6.72,42.5,0.5913978494623656,211.9113068017366,2.337885154061625,0.425,0.2976190476190476,3.235294117647059
2020-04-16 07:00:00,7,13,0,4,9,0,0,0,8,0,8,0,14.116666666666667,319.0,3.0,6.72,32.5,0.4479166666666667,194.703,1.075,0.325,0.0,3.3076923076923075
2020-04-16 08:00:00,8,14,0,6,7,1,0,5,9,0,9,0,15.116666666666667,354.0,3.0,7.76,35.0,0.5053763440860215,215.888,3.3381075110456555,0.35,0.6443298969072165,3.357142857142857
2020-04-16 09:00:00,9,17,0,8,8,1,0,7,8,0,8,0,16.116666666666667,344.5,3.0,7.76,42.5,0.6041666666666666,214.563,4.527622801697999,0.425,0.9020618556701032,3.411764705882353
2020-04-16 10:00:00,10,18,0,8,9,1,0,5,6,0,6,0,13.133333333333333,404.5,4.0,11.01,45.0,0.4485294117647059,173.082,3.0640049449994957,0.45,0.4541326067211625,3.388888888888889
2020-04-16 11:00:00,11,16,0,9,6,1,0,5,4,1,5,1,14.133333333333333,472.0,4.0,11.01,40.0,0.4,161.9003068017366,2.989464123524069,0.4,0.4541326067211625,3.5
2020-04-16 12:00:00,12,12,0,6,5,1,0,2,1,1,2,1,15.133333333333333,493.0,4.0,11.01,30.0,0.2697368421052631,118.7603068017366,1.6456478958522551,0.3,0.181653042688465,3.4166666666666665
2020-04-16 13:00:00,13,17,0,6,10,1,0,6,3,1,4,1,16.133333333333333,79.0,4.0,11.01,42.5,0.3888888888888889,161.9253068017366,3.195159480686008,0.425,0.5449591280653951,3.294117647058824
2020-04-16 14:00:00,14,25,0,6,17,2,0,12,7,0,7,0,17.133333333333333,57.0,4.0,11.01,62.5,0.5984848484848485,224.057,5.419141689373298,0.625,1.0899182561307903,3.16
2020-04-16 15:00:00,15,22,0,6,13,3,0,6,4,0,4,0,7.066666666666666,105.5,4.0,11.01,55.00000000000001,0.4791666666666667,120.64600000000002,3.434189992568739,0.55,0.5449591280653951,3.136363636363636
2020-04-16 16:00:00,16,19,1,3,13,2,0,5,4,0,4,0,8.066666666666666,142.0,4.0,11.01,47.5,0.4166666666666667,119.851,2.934102968593145,0.475,0.4541326067211625,3.1578947368421053
2020-04-16 17:00:00,17,20,1,6,12,1,0,7,7,0,7,0,6.85,99.0,4.0,11.01,50.0,0.5075757575757576,155.33399999999995,3.804881925522253,0.5,0.6357856494096277,3.35
2020-04-16 18:00:00,18,17,0,6,10,1,0,3,8,0,8,0,7.85,104.0,4.0,11.01,42.5,0.4375,167.939,2.297579740343004,0.425,0.2724795640326976,3.294117647058824
2020-04-16 19:00:00,19,16,0,4,11,1,0,4,9,0,9,0,8.85,90.0,4.0,11.01,40.0,0.4112903225806452,184.834,2.4330381471389644,0.4,0.36330608537693,3.1875
2020-04-16 20:00:00,20,17,0,2,14,1,0,4,11,0,11,0,9.85,114.0,4.0,9.75,42.5,0.4482758620689655,219.419,2.554901960784313,0.425,0.4102564102564102,3.0588235294117645
2020-04-16 21:00:00,21,15,0,3,11,1,0,7,6,1,7,1,10.85,142.0,4.0,9.75,37.5,0.3560606060606061,168.0373068017366,3.42457264957265,0.375,0.717948717948718,3.1333333333333333
2020-04-16 22:00:00,22,22,0,3,17,1,1,12,6,0,6,0,11.85,173.0,3.0,6.5,55.00000000000001,0.6470588235294118,174.42399999999998,7.18846153846154,0.55,1.8461538461538465,3.0
2020-04-16 23:00:00,23,18,0,3,13,1,1,5,5,1,6,1,12.85,233.0,3.0,6.5,45.0,0.5294117647058824,172.3523068017366,3.657692307692308,0.45,0.7692307692307693,3.0
2020-04-17 00:00:00,0,16,0,3,11,1,1,5,5,1,6,1,13.85,293.0,3.0,6.5,40.0,0.4705882352941176,173.7023068017366,3.507692307692308,0.4,0.7692307692307693,3.0
2020-04-17 01:00:00,1,16,0,3,11,1,1,3,6,0,6,0,14.85,353.0,3.0,6.5,40.0,0.4705882352941176,178.474,2.5846153846153848,0.4,0.4615384615384615,3.0
2020-04-17 02:00:00,2,17,0,3,12,1,1,4,7,0,7,0,15.85,384.0,3.0,6.5,42.5,0.5151515151515151,199.659,3.121153846153846,0.425,0.6153846153846154,3.0
2020-04-17 03:00:00,3,18,0,3,12,2,1,5,7,0,7,0,16.85,444.0,3.0,6.5,45.0,0.5353535353535354,207.444,3.589957264957265,0.45,0.7692307692307693,2.9444444444444446
2020-04-17 04:00:00,4,17,0,3,12,1,1,1,7,0,7,0,17.85,504.0,3.0,6.5,42.5,0.5151515151515151,210.939,1.7365384615384614,0.425,0.1538461538461538,3.0
2020-04-17 05:00:00,5,16,0,3,11,1,1,1,7,0,7,0,18.85,564.0,3.0,6.5,40.0,0.4848484848484848,214.43400000000003,1.6615384615384616,0.4,0.1538461538461538,3.0
2020-04-17 06:00:00,6,16,0,3,11,1,1,1,7,0,7,0,19.85,624.0,3.0,6.5,40.0,0.4848484848484848,220.074,1.6615384615384616,0.4,0.1538461538461538,3.0
2020-04-17 07:00:00,7,14,0,2,10,1,1,2,8,0,8,0,20.85,636.0,3.0,6.5,35.0,0.4270833333333333,234.824,1.926098901098901,0.35,0.3076923076923077,2.9285714285714284
2020-04-17 08:00:00,8,17,0,2,13,1,1,4,9,0,9,0,21.85,648.0,3.0,8.059999999999999,42.5,0.5376344086021505,260.299,2.709640928331631,0.425,0.4962779156327544,2.9411764705882355
2020-04-17 09:00:00,9,15,0,2,12,1,0,4,6,0,6,0,22.85,591.5,3.0,8.059999999999999,37.5,0.4509803921568627,221.449,2.67191894127378,0.375,0.4962779156327544,3.066666666666667
2020-04-17 10:00:00,10,18,1,4,12,1,0,5,8,0,8,0,23.85,192.0,4.0,11.759999999999998,45.0,0.4609375,260.324,2.868613000755858,0.45,0.4251700680272109,3.2777777777777777
2020-04-17 11:00:00,11,18,1,7,9,1,0,7,8,0,8,0,24.85,172.5,4.0,11.759999999999998,45.0,0.484375,265.964,3.6002645502645505,0.45,0.5952380952380953,3.4444444444444446
2020-04-17 12:00:00,12,21,1,8,9,3,0,8,8,0,8,0,25.85,162.5,4.0,11.759999999999998,52.5,0.546875,278.039,4.017573696145126,0.525,0.6802721088435375,3.333333333333333
2020-04-17 13:00:00,13,22,2,8,11,1,0,6,7,1,8,1,26.85,202.5,4.0,11.759999999999998,55.00000000000001,0.6015625,286.69230680173666,3.7107142857142863,0.55,0.5102040816326532,3.5
2020-04-17 14:00:00,14,19,1,4,12,2,0,7,3,2,5,2,14.5,176.0,4.0,11.759999999999998,47.5,0.4357142857142857,171.2716136034732,3.4360275689223068,0.475,0.5952380952380953,3.210526315789474
2020-04-17 15:00:00,15,18,1,5,11,1,0,2,4,2,6,2,15.5,98.5,4.0,11.759999999999998,45.0,0.4411764705882353,188.16661360347325,2.066893424036281,0.45,0.1700680272108843,3.333333333333333
2020-04-17 16:00:00,16,19,1,4,12,2,0,7,3,1,4,1,16.5,153.0,4.0,11.759999999999998,47.5,0.4236111111111111,168.2833068017366,3.4360275689223068,0.475,0.5952380952380953,3.210526315789474
2020-04-17 17:00:00,17,17,0,5,12,0,0,5,6,0,6,0,10.5,88.5,4.0,11.759999999999998,42.5,0.4117647058823529,156.085,2.800560224089636,0.425,0.4251700680272109,3.294117647058824
2020-04-17 18:00:00,18,13,0,4,9,0,0,4,3,1,4,1,11.5,143.0,4.0,11.759999999999998,32.5,0.2986111111111111,127.21330680173662,2.200065410779697,0.325,0.3401360544217687,3.3076923076923075
2020-04-17 19:00:00,19,11,0,3,8,0,0,6,2,1,3,1,6.533333333333333,112.0,4.0,11.759999999999998,27.500000000000004,0.2432432432432432,81.51130680173661,2.569758812615956,0.275,0.5102040816326532,3.272727272727273
2020-04-17 20:00:00,20,8,0,3,5,0,0,5,2,0,2,0,7.533333333333333,61.5,4.0,10.36,20.0,0.1776315789473684,66.44800000000001,2.3038610038610043,0.2,0.4826254826254826,3.375
2020-04-17 21:00:00,21,13,0,6,6,1,0,9,3,1,4,1,8.533333333333333,62.0,4.0,10.36,32.5,0.3055555555555556,110.4813068017366,4.04030294030294,0.325,0.8687258687258688,3.3846153846153846
2020-04-17 22:00:00,22,12,0,6,5,1,0,6,5,2,7,2,4.2,82.0,3.0,6.66,30.0,0.4141414141414141,124.96461360347324,4.103078078078077,0.3,0.9009009009009008,3.4166666666666665
2020-04-17 23:00:00,23,10,0,4,6,0,0,1,6,1,7,1,4.716666666666667,102.0,3.0,6.66,25.0,0.3434343434343434,122.7203068017366,1.3605105105105104,0.25,0.1501501501501501,3.4
2020-04-18 00:00:00,0,17,0,4,10,3,0,7,6,1,7,1,5.716666666666667,162.0,3.0,6.66,42.5,0.5252525252525253,143.3753068017366,4.514979685567921,0.425,1.0510510510510511,3.0588235294117645
2020-04-18 01:00:00,1,15,0,6,8,1,0,4,7,1,8,1,6.716666666666667,217.0,3.0,6.66,37.5,0.5208333333333334,158.12530680173663,3.252002002002002,0.375,0.6006006006006006,3.333333333333333
2020-04-18 02:00:00,2,15,0,5,9,1,0,3,7,0,7,0,7.716666666666667,272.0,3.0,6.66,37.5,0.494949494949495,149.497,2.6964714714714715,0.375,0.4504504504504504,3.2666666666666666
2020-04-18 03:00:00,3,16,0,5,11,0,0,2,7,0,7,0,8.716666666666667,332.0,3.0,6.66,40.0,0.5353535353535354,157.282,2.319744744744745,0.4,0.3003003003003003,3.3125
2020-04-18 04:00:00,4,13,0,3,10,0,0,1,8,0,8,0,9.716666666666669,390.0,3.0,6.66,32.5,0.4375,169.887,1.5351004851004852,0.325,0.1501501501501501,3.230769230769231
2020-04-18 05:00:00,5,12,0,4,8,0,0,1,8,1,9,1,10.716666666666669,448.0,3.0,6.66,30.0,0.4301075268817204,187.65030680173663,1.5005005005005003,0.3,0.1501501501501501,3.333333333333333
2020-04-18 06:00:00,6,16,0,4,12,0,0,4,10,1,11,1,11.716666666666669,470.0,3.0,6.66,40.0,0.5977011494252874,228.6703068017366,3.2519519519519524,0.4,0.6006006006006006,3.25
2020-04-18 07:00:00,7,16,0,4,12,0,0,2,10,1,11,1,12.716666666666669,530.0,3.0,6.66,40.0,0.5977011494252874,234.3103068017366,2.275975975975976,0.4,0.3003003003003003,3.25
2020-04-18 08:00:00,8,18,0,5,13,0,0,2,10,1,11,1,13.716666666666669,590.0,3.0,7.76,45.0,0.6781609195402298,244.2403068017366,2.3197880870561285,0.45,0.2577319587628866,3.2777777777777777
2020-04-18 09:00:00,9,16,0,4,11,1,0,6,5,1,6,1,13.9,254.5,3.0,7.76,40.0,0.5,173.98430680173664,3.739561855670104,0.4,0.7731958762886598,3.1875
2020-04-18 10:00:00,10,18,0,3,12,3,0,5,4,1,5,1,14.9,382.0,4.0,11.46,45.0,0.3857142857142857,170.5143068017366,2.658900523560209,0.45,0.4363001745200697,3.0
2020-04-18 11:00:00,11,15,0,3,11,1,0,3,3,0,3,0,15.9,442.0,4.0,11.46,37.5,0.3175675675675675,142.051,1.995244328097731,0.375,0.2617801047120419,3.1333333333333333
2020-04-18 12:00:00,12,20,0,3,14,3,0,8,4,0,4,0,16.9,72.0,4.0,11.46,50.0,0.4166666666666667,171.81599999999997,3.594240837696335,0.5,0.6980802792321117,3.0
2020-04-18 13:00:00,13,17,0,2,14,1,0,5,4,0,4,0,11.15,111.0,4.0,11.46,42.5,0.3611111111111111,132.951,2.6345652397084485,0.425,0.4363001745200697,3.0588235294117645
2020-04-18 14:00:00,14,17,0,2,13,2,0,6,6,0,6,0,12.15,73.5,4.0,11.46,42.5,0.375,165.39100000000002,2.845680628272251,0.425,0.5235602094240838,3.0
2020-04-18 15:00:00,15,22,0,2,18,2,0,9,6,0,6,0,13.15,68.5,4.0,11.46,55.00000000000001,0.4852941176470588,181.756,4.006020942408377,0.55,0.7853403141361256,3.0
2020-04-18 16:00:00,16,28,0,2,23,3,0,13,7,0,7,0,14.15,93.0,4.0,11.46,70.0,0.6287878787878788,213.666,5.437627773622538,0.7,1.134380453752181,2.9642857142857144
2020-04-18 17:00:00,17,26,0,2,22,2,0,6,8,0,8,0,15.15,145.0,4.0,11.46,65.0,0.609375,228.416,3.520680628272252,0.65,0.5235602094240838,3.0
2020-04-18 18:00:00,18,18,0,3,13,2,0,3,6,1,7,1,16.15,175.0,4.0,11.46,45.0,0.4166666666666667,204.3643068017366,2.1748836532867943,0.45,0.2617801047120419,3.055555555555556
2020-04-18 19:00:00,19,19,0,2,15,2,0,7,8,2,10,2,15.366666666666667,59.5,4.0,11.46,47.5,0.475,243.15961360347325,3.2574607329842933,0.475,0.6108202443280977,3.0
2020-04-18 20:00:00,20,21,0,5,14,2,0,9,9,2,11,2,16.366666666666667,103.0,4.0,10.36,52.5,0.5689655172413793,266.48961360347323,4.380281301709873,0.525,0.8687258687258688,3.142857142857143
2020-04-18 21:00:00,21,20,0,6,13,1,0,3,8,2,10,2,17.366666666666667,144.0,4.0,10.36,50.0,0.5416666666666666,256.5846136034732,2.5661196911196917,0.5,0.2895752895752896,3.25
2020-04-18 22:00:00,22,20,0,5,14,1,0,7,5,1,6,1,18.366666666666667,174.5,3.0,6.66,50.0,0.6274509803921569,207.75630680173663,4.963363363363364,0.5,1.0510510510510511,3.2
2020-04-18 23:00:00,23,21,0,6,14,1,0,8,7,1,8,1,19.366666666666667,165.5,3.0,6.66,52.5,0.7083333333333334,242.3413068017366,5.5896038896038895,0.525,1.2012012012012012,3.238095238095238
2020-04-19 00:00:00,0,18,0,5,12,1,0,5,7,1,8,1,20.366666666666667,196.5,3.0,6.66,45.0,0.6041666666666666,241.5463068017366,3.869085752419085,0.45,0.7507507507507507,3.2222222222222223
2020-04-19 01:00:00,1,17,0,6,10,1,0,3,8,1,9,1,21.366666666666667,248.0,3.0,6.66,42.5,0.6021505376344086,258.44130680173663,2.883836777954425,0.425,0.4504504504504504,3.294117647058824
2020-04-19 02:00:00,2,17,0,5,11,1,0,2,8,1,9,1,22.366666666666667,308.0,3.0,6.66,42.5,0.5913978494623656,264.0813068017366,2.3465597950892065,0.425,0.3003003003003003,3.235294117647059
2020-04-19 03:00:00,3,18,0,5,12,1,0,1,8,1,9,1,23.366666666666667,368.0,3.0,6.66,45.0,0.6236559139784946,271.86630680173664,1.9338171504838173,0.45,0.1501501501501501,3.2222222222222223
2020-04-19 04:00:00,4,15,0,4,10,1,0,3,8,1,9,1,24.366666666666667,428.0,3.0,6.66,37.5,0.5161290322580645,271.0713068017366,2.641441441441442,0.375,0.4504504504504504,3.2
2020-04-19 05:00:00,5,14,0,4,9,1,0,0,8,1,9,1,25.366666666666667,488.0,3.0,6.66,35.0,0.4838709677419355,274.5663068017366,1.125,0.35,0.0,3.2142857142857144
2020-04-19 06:00:00,6,15,0,4,10,1,0,2,8,1,9,1,26.366666666666667,548.0,3.0,6.66,37.5,0.5161290322580645,282.35130680173665,2.160960960960961,0.375,0.3003003003003003,3.2
2020-04-19 07:00:00,7,15,0,4,10,1,0,1,8,1,9,1,27.366666666666667,608.0,3.0,6.66,37.5,0.5161290322580645,287.99130680173664,1.6804804804804805,0.375,0.1501501501501501,3.2
2020-04-19 08:00:00,8,20,0,6,13,1,0,6,10,2,12,2,28.366666666666667,555.5,3.0,7.76,50.0,0.7738095238095238,345.42461360347323,4.137886597938144,0.5,0.7731958762886598,3.25
2020-04-19 09:00:00,9,14,0,3,11,0,0,3,6,2,8,2,29.366666666666667,353.0,3.0,7.76,35.0,0.46875,284.59461360347325,2.367636229749632,0.35,0.3865979381443299,3.2142857142857144
2020-04-19 10:00:00,10,19,1,3,13,2,0,8,6,2,8,2,30.366666666666667,158.0,4.0,11.01,47.5,0.46875,300.95961360347326,3.794564749749032,0.475,0.7266121707538601,3.1578947368421053
2020-04-19 11:00:00,11,14,1,1,11,1,0,6,5,0,5,0,31.366666666666667,171.0,4.0,11.01,35.0,0.3142857142857143,253.938,2.812728688205528,0.35,0.5449591280653951,3.142857142857143
2020-04-19 12:00:00,12,21,1,2,16,2,0,9,7,1,8,1,32.36666666666667,141.0,4.0,11.01,52.5,0.5078125,315.6613068017366,4.15516738030362,0.525,0.8174386920980926,3.095238095238096
2020-04-19 13:00:00,13,14,0,3,10,1,0,2,6,1,7,1,33.36666666666667,118.0,4.0,11.01,35.0,0.3333333333333333,292.8863068017366,1.6709095627351758,0.35,0.181653042688465,3.142857142857143
2020-04-19 14:00:00,14,22,0,8,13,0,1,11,9,0,9,0,34.36666666666667,138.0,4.0,11.01,55.00000000000001,0.5806451612903226,341.61800000000005,5.069754768392371,0.55,0.9990917347865576,3.272727272727273
2020-04-19 15:00:00,15,20,0,7,13,0,0,4,7,0,7,0,35.36666666666667,169.0,4.0,11.01,50.0,0.5075757575757576,316.168,2.892075386012716,0.5,0.36330608537693,3.35
2020-04-19 16:00:00,16,21,0,5,13,3,0,8,2,0,2,0,36.36666666666667,1162.5,4.0,11.01,52.5,0.4276315789473684,256.953,3.874037671380996,0.525,0.7266121707538601,3.095238095238096
2020-04-19 17:00:00,17,24,0,5,19,0,0,12,4,1,5,1,37.36666666666667,36.0,4.0,11.01,60.0,0.55,310.0963068017366,5.4218210717529525,0.6,1.0899182561307903,3.208333333333333
2020-04-19 18:00:00,18,26,1,6,18,1,0,7,4,1,5,1,38.36666666666667,91.0,4.0,11.01,65.0,0.6071428571428571,320.0263068017366,4.203530007685321,0.65,0.6357856494096277,3.269230769230769
2020-04-19 19:00:00,19,24,1,7,15,1,0,8,5,1,6,1,39.36666666666667,59.0,4.0,11.01,60.0,0.5882352941176471,334.7763068017366,4.422040569179534,0.6,0.7266121707538601,3.333333333333333
2020-04-19 20:00:00,20,28,0,6,21,1,0,9,5,2,7,2,40.36666666666667,83.0,4.0,9.85,70.0,0.6742424242424242,363.2646136034732,5.129278462654097,0.7,0.9137055837563453,3.1785714285714284
2020-04-19 21:00:00,21,30,0,8,21,1,0,12,8,3,11,3,41.36666666666667,113.0,4.0,9.85,75.0,0.8362068965517241,427.6629204052098,6.364086294416244,0.75,1.218274111675127,3.2333333333333334
2020-04-19 22:00:00,22,21,1,6,13,1,0,3,6,2,8,2,42.36666666666667,130.0,3.0,6.6,52.5,0.7291666666666666,372.9296136034732,3.265151515151516,0.525,0.4545454545454546,3.333333333333333
2020-04-19 23:00:00,23,24,1,5,17,1,0,9,6,1,7,1,43.36666666666667,214.0,3.0,6.6,60.0,0.7878787878787878,370.7363068017367,6.381818181818183,0.6,1.3636363636363638,3.25
2020-04-20 00:00:00,0,27,1,6,19,1,0,8,6,2,8,2,44.36666666666667,250.0,3.0,6.6,67.5,0.9166666666666666,397.0796136034732,6.150617283950617,0.675,1.2121212121212122,3.259259259259259
2020-04-20 01:00:00,1,27,1,7,17,2,0,7,7,2,9,2,45.36666666666667,286.0,3.0,6.6,67.5,0.946236559139785,416.1196136034732,5.65679012345679,0.675,1.0606060606060606,3.259259259259259
2020-04-20 02:00:00,2,23,1,7,13,2,0,4,7,2,9,2,46.36666666666667,346.0,3.0,6.6,57.49999999999999,0.8172043010752689,413.1796136034732,3.902635046113308,0.575,0.6060606060606061,3.3043478260869565
2020-04-20 03:00:00,3,21,1,7,11,2,0,3,7,2,9,2,47.36666666666667,406.0,3.0,6.6,52.5,0.7526881720430108,414.5296136034732,3.265151515151516,0.525,0.4545454545454546,3.333333333333333
2020-04-20 04:00:00,4,18,1,6,11,0,0,1,8,2,10,2,48.36666666666667,463.0,3.0,6.6,45.0,0.6888888888888889,427.1346136034732,2.0718855218855223,0.45,0.1515151515151515,3.4444444444444446
2020-04-20 05:00:00,5,19,1,5,12,1,0,2,8,1,9,1,49.36666666666667,526.0,3.0,6.6,47.5,0.6774193548387096,420.6513068017366,2.579784688995216,0.475,0.303030303030303,3.3157894736842106
2020-04-20 06:00:00,6,19,1,5,12,1,0,1,9,1,10,1,50.36666666666667,583.0,3.0,6.6,47.5,0.7,439.6913068017366,2.0773923444976075,0.475,0.1515151515151515,3.3157894736842106
2020-04-20 07:00:00,7,20,1,5,12,1,1,2,10,1,11,1,51.36666666666667,640.0,3.0,6.6,50.0,0.735632183908046,460.8763068017366,2.56969696969697,0.5,0.303030303030303,3.2
2020-04-20 08:00:00,8,25,1,5,14,3,2,5,11,1,12,1,52.36666666666667,694.5,3.0,8.18,62.5,0.8928571428571429,490.6413068017366,3.7087408312958434,0.625,0.6112469437652812,3.0
2020-04-20 09:00:00,9,22,2,2,14,2,2,4,9,1,10,1,53.36666666666667,166.5,3.0,8.18,55.00000000000001,0.7333333333333333,463.0463068017366,3.1169926650366757,0.55,0.4889975550122249,3.0
2020-04-20 10:00:00,10,30,1,4,21,2,2,11,13,1,14,1,54.36666666666667,120.0,4.0,11.43,75.0,0.8653846153846154,539.4463068017366,5.137139107611549,0.75,0.9623797025371827,3.0
2020-04-20 11:00:00,11,36,1,5,23,5,2,13,15,1,16,1,55.36666666666667,101.0,4.0,11.43,90.0,1.1041666666666667,584.7563068017366,5.998886944687471,0.9,1.1373578302712162,2.9444444444444446
2020-04-20 12:00:00,12,37,2,4,26,3,2,8,13,1,14,1,56.36666666666667,117.0,4.0,11.43,92.5,1.0769230769230769,565.7413068017365,4.918654087158025,0.925,0.699912510936133,3.027027027027027
2020-04-20 13:00:00,13,34,3,4,23,2,2,8,14,2,16,2,57.36666666666667,131.0,4.0,11.43,85.0,1.1041666666666667,592.6146136034732,4.8320801811538265,0.85,0.699912510936133,3.117647058823529
2020-04-20 14:00:00,14,36,2,5,25,2,2,6,13,2,15,2,58.36666666666667,145.0,4.0,11.43,90.0,1.11,589.1446136034732,4.393547681539808,0.9,0.5249343832020997,3.083333333333333
2020-04-20 15:00:00,15,32,2,6,21,1,2,6,12,2,14,2,16.116666666666667,162.0,4.0,11.43,80.0,0.971153846153846,328.8746136034732,4.181824146981627,0.8,0.5249343832020997,3.15625
2020-04-20 16:00:00,16,28,1,5,20,0,2,4,11,1,12,1,17.116666666666667,202.0,4.0,11.43,70.0,0.7767857142857143,298.2663068017366,3.262364079490064,0.7,0.3499562554680665,3.107142857142857
2020-04-20 17:00:00,17,19,1,4,12,0,2,4,7,1,8,1,10.083333333333334,198.5,4.0,11.43,47.5,0.4609375,185.6933068017366,2.561706266979785,0.475,0.3499562554680665,3.1052631578947367
2020-04-20 18:00:00,18,17,1,5,9,0,2,4,7,1,8,1,11.083333333333334,258.5,4.0,11.43,42.5,0.421875,187.0433068017366,2.4616257526632697,0.425,0.3499562554680665,3.176470588235294
2020-04-20 19:00:00,19,10,1,3,6,0,0,1,5,1,6,1,8.116666666666667,363.0,4.0,11.43,25.0,0.2573529411764705,128.4963068017366,1.181211723534558,0.25,0.0874890638670166,3.5
2020-04-20 20:00:00,20,14,2,1,11,0,0,9,2,1,3,1,7.933333333333334,448.0,4.0,9.6,35.0,0.3175675675675675,95.8423068017366,4.322321428571429,0.35,0.9375,3.357142857142857
2020-04-20 21:00:00,21,16,1,1,14,0,0,7,3,1,4,1,8.933333333333334,78.5,4.0,9.6,40.0,0.3541666666666667,119.17230680173662,3.599218750000001,0.4,0.7291666666666667,3.1875
2020-04-20 22:00:00,22,9,1,0,7,1,0,2,2,0,2,0,4.283333333333333,35.0,3.0,6.35,22.5,0.2456140350877192,50.263000000000005,1.679877515310586,0.225,0.3149606299212598,3.111111111111111
2020-04-20 23:00:00,23,11,1,2,8,0,0,7,4,1,5,1,4.233333333333333,57.0,3.0,6.35,27.500000000000004,0.3523809523809524,95.33930680173664,4.632945597709378,0.275,1.1023622047244095,3.363636363636364
2020-04-21 00:00:00,0,10,1,2,6,1,0,3,3,1,4,1,4.733333333333333,113.5,3.0,6.35,25.0,0.3055555555555556,82.6143068017366,2.3840551181102363,0.25,0.4724409448818898,3.3
2020-04-21 01:00:00,1,12,1,3,8,0,0,6,4,1,5,1,5.733333333333333,170.0,3.0,6.35,30.0,0.3904761904761905,105.9443068017366,4.253346456692913,0.3,0.9448818897637796,3.4166666666666665
2020-04-21 02:00:00,2,9,1,1,7,0,0,2,4,0,4,0,6.733333333333333,177.0,3.0,6.35,22.5,0.2777777777777778,90.881,1.7998687664041997,0.225,0.3149606299212598,3.333333333333333
2020-04-21 03:00:00,3,8,1,1,6,0,0,1,5,0,5,0,7.733333333333333,177.0,3.0,6.35,20.0,0.2571428571428571,107.776,1.206496062992126,0.2,0.1574803149606299,3.375
2020-04-21 04:00:00,4,6,1,1,4,0,0,0,4,0,4,0,8.733333333333333,297.0,3.0,6.35,15.0,0.1944444444444444,95.726,0.525,0.15,0.0,3.5
2020-04-21 05:00:00,5,6,1,1,4,0,0,0,4,0,4,0,9.733333333333333,357.0,3.0,6.35,15.0,0.1944444444444444,101.366,0.525,0.15,0.0,3.5
2020-04-21 06:00:00,6,6,1,1,4,0,0,0,4,0,4,0,10.733333333333333,417.0,3.0,6.35,15.0,0.1944444444444444,107.006,0.525,0.15,0.0,3.5
2020-04-21 07:00:00,7,6,1,1,4,0,0,1,4,0,4,0,11.733333333333333,477.0,3.0,6.35,15.0,0.1944444444444444,112.646,1.0761811023622043,0.15,0.1574803149606299,3.5
2020-04-21 08:00:00,8,7,1,1,5,0,0,1,4,0,4,0,12.733333333333333,537.0,3.0,8.059999999999999,17.5,0.2222222222222222,120.43099999999998,1.0253810705423607,0.175,0.1240694789081886,3.4285714285714284
2020-04-21 09:00:00,9,7,2,1,4,0,0,4,1,1,2,1,13.733333333333333,197.0,3.0,8.059999999999999,17.5,0.2280701754385964,100.1393068017366,2.493317972350231,0.175,0.4962779156327544,3.7142857142857135
2020-04-21 10:00:00,10,11,2,1,6,2,0,8,0,1,1,1,3.316666666666667,94.0,4.0,11.52,27.500000000000004,0.2307692307692307,36.569306801736616,3.172727272727273,0.275,0.6944444444444444,3.272727272727273
2020-04-21 11:00:00,11,12,2,0,8,2,0,6,2,1,3,1,4.316666666666666,49.0,4.0,11.52,30.0,0.2567567567567567,71.15430680173662,2.5993055555555555,0.3,0.5208333333333334,3.1666666666666665
2020-04-21 12:00:00,12,13,2,1,8,2,0,7,1,2,3,2,3.05,95.0,4.0,11.52,32.5,0.2837837837837837,67.02361360347322,3.0131410256410263,0.325,0.607638888888889,3.230769230769231
2020-04-21 13:00:00,13,12,2,1,8,1,0,3,1,2,3,2,4.05,155.0,4.0,11.52,30.0,0.2702702702702703,70.51861360347323,1.868055555555556,0.3,0.2604166666666667,3.333333333333333
2020-04-21 14:00:00,14,14,2,2,8,2,0,5,2,2,4,2,5.05,187.5,4.0,11.52,35.0,0.3194444444444444,93.84861360347324,2.5760912698412697,0.35,0.4340277777777778,3.2857142857142856
2020-04-21 15:00:00,15,17,1,3,11,2,0,6,4,1,5,1,6.05,93.0,4.0,11.52,42.5,0.3857142857142857,118.4553068017366,3.004411764705882,0.425,0.5208333333333334,3.176470588235294
2020-04-21 16:00:00,16,18,2,5,9,2,0,8,5,1,6,1,6.883333333333334,71.0,4.0,11.52,45.0,0.4485294117647059,138.70030680173662,3.878395061728394,0.45,0.6944444444444444,3.388888888888889
2020-04-21 17:00:00,17,18,4,4,9,1,0,6,4,3,7,3,7.883333333333334,97.0,4.0,11.52,45.0,0.4924242424242424,159.47692040520985,3.5057870370370376,0.45,0.5208333333333334,3.611111111111111
2020-04-21 18:00:00,18,17,3,3,10,1,0,4,4,3,7,3,8.883333333333333,115.0,4.0,11.52,42.5,0.4469696969696969,162.97192040520983,2.680065359477124,0.425,0.3472222222222222,3.4705882352941178
2020-04-21 19:00:00,19,14,2,2,9,1,0,3,3,2,5,2,8.816666666666666,231.0,4.0,11.52,35.0,0.3357142857142857,128.49261360347322,2.0492559523809524,0.35,0.2604166666666667,3.357142857142857
2020-04-21 20:00:00,20,11,1,2,7,1,0,3,3,1,4,1,7.116666666666666,241.0,4.0,10.12,27.500000000000004,0.25,98.20130680173662,1.8701760689902984,0.275,0.2964426877470355,3.272727272727273
2020-04-21 21:00:00,21,9,1,1,6,1,0,3,2,1,3,1,8.116666666666667,251.0,4.0,10.12,22.5,0.1959459459459459,86.15130680173661,1.6802042160737811,0.225,0.2964426877470355,3.2222222222222223
2020-04-21 22:00:00,22,12,0,0,10,2,0,9,2,0,2,0,9.116666666666667,230.0,3.0,6.66,30.0,0.2982456140350877,83.958,4.678828828828829,0.3,1.351351351351351,2.833333333333333
2020-04-21 23:00:00,23,13,1,1,10,1,0,7,3,1,4,1,10.116666666666667,66.5,3.0,6.66,32.5,0.3796296296296296,119.4113068017366,4.339853314853315,0.325,1.0510510510510511,3.1538461538461537
2020-04-22 00:00:00,0,12,1,2,8,1,0,4,4,1,5,1,11.116666666666667,98.0,3.0,6.66,30.0,0.3714285714285714,136.3063068017366,2.926951951951952,0.3,0.6006006006006006,3.25
2020-04-22 01:00:00,1,15,1,2,11,1,0,6,5,1,6,1,12.116666666666667,121.5,3.0,6.66,37.5,0.4705882352941176,161.7813068017366,4.082882882882884,0.375,0.9009009009009008,3.2
2020-04-22 02:00:00,2,12,0,1,10,1,0,2,4,0,4,0,13.116666666666667,246.5,3.0,6.66,30.0,0.3333333333333333,133.31799999999998,1.8009009009009007,0.3,0.3003003003003003,3.0
2020-04-22 03:00:00,3,12,0,1,9,2,0,1,4,0,4,0,14.116666666666667,306.5,3.0,6.66,30.0,0.324074074074074,138.958,1.3129379379379378,0.3,0.1501501501501501,2.9166666666666665
2020-04-22 04:00:00,4,12,0,0,11,1,0,3,5,0,5,0,15.116666666666667,338.0,3.0,6.66,30.0,0.3333333333333333,157.998,2.188813813813814,0.3,0.4504504504504504,2.9166666666666665
2020-04-22 05:00:00,5,13,0,0,12,1,0,1,5,0,5,0,16.116666666666667,398.0,3.0,6.66,32.5,0.3619047619047619,165.78300000000002,1.388900438900439,0.325,0.1501501501501501,2.923076923076923
2020-04-22 06:00:00,6,10,0,0,9,1,0,1,5,0,5,0,17.116666666666667,458.0,3.0,6.66,25.0,0.2761904761904762,164.988,1.1604354354354354,0.25,0.1501501501501501,2.9
2020-04-22 07:00:00,7,10,0,0,9,1,0,1,6,0,6,0,18.116666666666667,481.5,3.0,6.66,25.0,0.284313725490196,184.028,1.1604354354354354,0.25,0.1501501501501501,2.9
2020-04-22 08:00:00,8,10,1,0,7,2,0,3,5,0,5,0,17.783333333333335,505.0,3.0,7.67,25.0,0.2857142857142857,168.748,1.9234028683181223,0.25,0.3911342894393741,3.0
2020-04-22 09:00:00,9,12,0,1,9,2,0,7,4,0,4,0,18.78333333333333,244.5,3.0,7.67,30.0,0.324074074074074,165.27800000000002,3.536886136462408,0.3,0.9126466753585398,2.9166666666666665
2020-04-22 10:00:00,10,18,0,4,12,2,0,8,5,0,5,0,19.78333333333333,63.0,4.0,11.37,45.0,0.4,197.188,3.588996384247044,0.45,0.7036059806508355,3.111111111111111
2020-04-22 11:00:00,11,24,0,5,17,2,0,8,9,0,9,0,20.78333333333333,80.0,4.0,11.37,60.0,0.6048387096774194,269.298,4.0737686895338605,0.6,0.7036059806508355,3.125
2020-04-22 12:00:00,12,24,1,6,15,2,0,5,7,1,8,1,21.78333333333333,98.5,4.0,11.37,60.0,0.609375,262.4063068017366,3.3791996481970097,0.6,0.4397537379067722,3.25
2020-04-22 13:00:00,13,24,1,8,13,2,0,4,4,1,5,1,22.78333333333333,153.0,4.0,11.37,60.0,0.5714285714285714,227.8463068017366,3.172676634418059,0.6,0.3518029903254177,3.333333333333333
2020-04-22 14:00:00,14,20,0,6,12,2,0,3,4,1,5,1,23.78333333333333,213.0,4.0,11.37,50.0,0.4571428571428571,224.9063068017366,2.444327176781002,0.5,0.2638522427440633,3.2
2020-04-22 15:00:00,15,15,0,3,11,1,0,4,4,0,4,0,6.633333333333334,274.0,4.0,11.37,37.5,0.3263888888888889,103.187,2.277316036352976,0.375,0.3518029903254177,3.1333333333333333
2020-04-22 16:00:00,16,13,0,2,10,1,0,2,4,0,4,0,7.633333333333334,334.0,4.0,11.37,32.5,0.2777777777777778,104.537,1.541235369731412,0.325,0.1759014951627088,3.076923076923077
2020-04-22 17:00:00,17,15,0,2,9,4,0,7,6,0,6,0,8.633333333333333,72.5,4.0,11.37,37.5,0.3161764705882353,141.267,2.8398783347991787,0.375,0.615655233069481,2.8666666666666667
2020-04-22 18:00:00,18,11,0,1,7,3,0,1,5,0,5,0,9.25,82.0,4.0,11.37,27.500000000000004,0.2214285714285714,122.765,1.022861197729272,0.275,0.0879507475813544,2.8181818181818183
2020-04-22 19:00:00,19,13,0,0,10,3,0,5,5,0,5,0,10.25,127.0,4.0,11.37,32.5,0.2571428571428571,132.695,2.1177795818956766,0.325,0.4397537379067722,2.769230769230769
2020-04-22 20:00:00,20,12,0,1,8,3,0,5,4,0,4,0,9.666666666666666,150.5,4.0,10.05,30.0,0.2361111111111111,113.86,2.2596185737976784,0.3,0.4975124378109452,2.833333333333333
2020-04-22 21:00:00,21,13,0,2,9,2,0,6,6,0,6,0,10.666666666666666,170.5,4.0,10.05,32.5,0.2867647058823529,148.445,2.7660447761194025,0.325,0.5970149253731343,3.0
2020-04-22 22:00:00,22,9,0,2,6,1,0,2,5,0,5,0,7.05,234.0,3.0,6.35,22.5,0.2666666666666666,106.067,1.679877515310586,0.225,0.3149606299212598,3.111111111111111
2020-04-22 23:00:00,23,17,0,4,10,3,0,11,5,1,6,1,8.05,222.0,3.0,6.35,42.5,0.5098039215686274,143.13530680173662,6.598749421028253,0.425,1.7322834645669292,3.0588235294117645
2020-04-23 00:00:00,0,17,0,5,10,2,0,6,7,2,9,2,9.05,72.0,3.0,6.35,42.5,0.5806451612903226,189.84361360347324,4.351389532190829,0.425,0.9448818897637796,3.176470588235294
2020-04-23 01:00:00,1,19,0,6,10,2,1,8,6,2,8,2,10.05,198.5,3.0,6.35,47.5,0.6145833333333334,186.37361360347325,5.387142561127227,0.475,1.2598425196850394,3.1052631578947367
2020-04-23 02:00:00,2,22,0,5,13,4,0,6,5,1,6,1,11.05,402.0,3.0,6.35,55.00000000000001,0.6568627450980392,170.78030680173663,4.552594846098783,0.55,0.9448818897637796,3.0454545454545454
2020-04-23 03:00:00,3,18,0,4,12,2,0,0,5,1,6,1,12.05,462.0,3.0,6.35,45.0,0.5490196078431373,167.84030680173663,1.4,0.45,0.0,3.111111111111111
2020-04-23 04:00:00,4,15,0,4,9,2,0,2,5,1,6,1,13.05,522.0,3.0,6.35,37.5,0.4607843137254901,167.0453068017366,2.161876640419948,0.375,0.3149606299212598,3.1333333333333333
2020-04-23 05:00:00,5,16,0,3,11,2,0,2,6,0,6,0,14.05,582.0,3.0,6.35,40.0,0.4803921568627451,173.962,2.1895669291338584,0.4,0.3149606299212598,3.0625
2020-04-23 06:00:00,6,17,0,3,12,2,0,2,6,0,6,0,15.05,642.0,3.0,6.35,42.5,0.5098039215686274,181.747,2.2634089856415005,0.425,0.3149606299212598,3.0588235294117645
2020-04-23 07:00:00,7,17,0,2,12,3,0,1,6,0,6,0,16.05,702.0,3.0,6.35,42.5,0.4901960784313725,187.387,1.7131773969430293,0.425,0.1574803149606299,2.9411764705882355
2020-04-23 08:00:00,8,14,0,1,11,2,0,2,7,0,7,0,17.05,690.0,3.0,6.8,35.0,0.4141414141414141,199.992,1.8863445378151256,0.35,0.2941176470588235,2.9285714285714284
2020-04-23 09:00:00,9,16,0,0,13,3,0,4,7,0,7,0,18.05,598.0,3.0,6.8,40.0,0.4545454545454545,209.922,2.7794117647058822,0.4,0.5882352941176471,2.8125
2020-04-23 10:00:00,10,14,0,0,11,3,0,2,4,0,4,0,19.05,541.0,4.0,10.05,35.0,0.2708333333333333,171.072,1.529371002132196,0.35,0.1990049751243781,2.7857142857142856
2020-04-23 11:00:00,11,16,0,1,10,5,0,4,5,1,6,1,20.05,164.0,4.0,10.05,40.0,0.3235294117647059,208.6703068017366,2.19452736318408,0.4,0.3980099502487562,2.75
2020-04-23 12:00:00,12,16,0,1,11,4,0,4,6,3,9,3,21.05,104.0,4.0,10.05,40.0,0.3629032258064516,256.24692040520983,2.2444029850746268,0.4,0.3980099502487562,2.8125
2020-04-23 13:00:00,13,18,0,4,12,2,0,4,7,5,12,5,22.05,112.0,4.0,10.05,45.0,0.5,308.1135340086831,2.6382531785516856,0.45,0.3980099502487562,3.111111111111111
2020-04-23 14:00:00,14,21,0,4,15,2,0,5,7,5,12,5,23.05,172.0,4.0,10.05,52.5,0.5803571428571429,320.18853400868306,3.164919450367212,0.525,0.4975124378109452,3.095238095238096
2020-04-23 15:00:00,15,19,0,3,14,2,0,3,8,3,11,3,24.05,244.0,4.0,10.05,47.5,0.5,306.4019204052098,2.3612333071484684,0.475,0.2985074626865671,3.0526315789473686
2020-04-23 16:00:00,16,18,0,4,12,2,0,4,7,3,10,3,25.05,298.0,4.0,10.05,45.0,0.4666666666666667,296.49692040520983,2.6382531785516856,0.45,0.3980099502487562,3.111111111111111
2020-04-23 17:00:00,17,17,0,5,10,2,0,1,8,2,10,2,26.05,358.0,4.0,10.05,42.5,0.45,299.12361360347325,1.6660667251975416,0.425,0.099502487562189,3.176470588235294
2020-04-23 18:00:00,18,15,0,6,7,2,0,4,7,1,8,1,27.05,418.0,4.0,10.05,37.5,0.3828125,272.8053068017366,2.5251658374792703,0.375,0.3980099502487562,3.2666666666666666
2020-04-23 19:00:00,19,15,0,4,10,1,0,4,4,1,5,1,28.05,524.0,4.0,10.05,37.5,0.3428571428571428,238.2453068017366,2.47363184079602,0.375,0.3980099502487562,3.2
2020-04-23 20:00:00,20,18,1,2,12,2,1,10,5,1,6,1,29.05,312.0,4.0,9.83,45.0,0.3970588235294117,263.72030680173657,4.401881993896236,0.45,1.017293997965412,3.0
2020-04-23 21:00:00,21,13,2,2,7,1,1,2,4,1,5,1,10.733333333333333,192.0,4.0,9.83,32.5,0.3,136.2893068017366,1.707328429454574,0.325,0.2034587995930824,3.230769230769231
2020-04-23 22:00:00,22,18,2,6,9,0,1,10,5,2,7,2,11.733333333333333,36.0,3.0,6.58,45.0,0.6262626262626263,180.3226136034732,6.784718000675447,0.45,1.519756838905775,3.4444444444444446
2020-04-23 23:00:00,23,17,2,6,8,0,1,4,5,2,7,2,12.733333333333333,96.0,3.0,6.58,42.5,0.5959595959595959,183.8176136034732,3.584780082245664,0.425,0.60790273556231,3.4705882352941178
2020-04-24 00:00:00,0,17,2,8,6,0,1,4,6,1,7,1,13.733333333333333,156.0,3.0,6.58,42.5,0.6161616161616161,188.5893068017366,3.7062980511353474,0.425,0.60790273556231,3.588235294117647
2020-04-24 01:00:00,1,15,2,7,5,0,1,1,6,2,8,2,14.733333333333333,208.5,3.0,6.58,37.5,0.5625,204.20761360347325,1.8971124620060789,0.375,0.1519756838905775,3.6
2020-04-24 02:00:00,2,17,2,9,4,1,1,5,7,3,10,3,15.733333333333333,257.5,3.0,6.58,42.5,0.6777777777777778,241.8059204052098,4.2516225639191845,0.425,0.7598784194528875,3.588235294117647
2020-04-24 03:00:00,3,16,1,9,5,0,1,2,7,3,10,3,16.733333333333334,317.5,3.0,6.58,40.0,0.6333333333333333,245.3009204052098,2.507826747720365,0.4,0.303951367781155,3.5625
2020-04-24 04:00:00,4,16,1,8,6,0,1,2,7,2,9,2,17.733333333333334,381.0,3.0,6.58,40.0,0.6021505376344086,236.6726136034732,2.463829787234043,0.4,0.303951367781155,3.5
2020-04-24 05:00:00,5,15,1,8,5,0,1,0,7,2,9,2,18.73333333333333,441.0,3.0,6.58,37.5,0.5698924731182796,240.16761360347323,1.325,0.375,0.0,3.533333333333333
2020-04-24 06:00:00,6,15,1,7,6,0,1,2,7,1,8,1,19.73333333333333,508.5,3.0,6.58,37.5,0.5416666666666666,231.5393068017366,2.3536980749746705,0.375,0.303951367781155,3.466666666666667
2020-04-24 07:00:00,7,17,1,8,7,0,1,2,7,2,9,2,20.73333333333333,561.0,3.0,6.58,42.5,0.6344086021505376,255.7376136034732,2.529890041122832,0.425,0.303951367781155,3.4705882352941178
2020-04-24 08:00:00,8,16,1,8,7,0,0,2,7,2,9,2,21.73333333333333,621.0,3.0,8.03,40.0,0.6236559139784946,259.2326136034732,2.352864259028643,0.4,0.24906600249066,3.625
2020-04-24 09:00:00,9,16,1,8,7,0,0,3,8,2,10,2,22.73333333333333,639.0,3.0,8.03,40.0,0.6444444444444445,278.27261360347325,2.804296388542964,0.4,0.3735990037359901,3.625
2020-04-24 10:00:00,10,10,1,4,4,1,0,1,5,0,5,0,22.2,657.0,4.0,11.73,25.0,0.25,193.658,1.173380221653879,0.25,0.0852514919011082,3.5
2020-04-24 11:00:00,11,11,0,4,7,0,0,6,5,0,5,0,23.2,144.0,4.0,11.73,27.500000000000004,0.2642857142857143,201.443,2.645530109276913,0.275,0.5115089514066496,3.363636363636364
2020-04-24 12:00:00,12,11,0,4,6,1,0,3,5,0,5,0,24.2,204.0,4.0,11.73,27.500000000000004,0.2571428571428571,207.083,1.7370146477563362,0.275,0.2557544757033248,3.272727272727273
2020-04-24 13:00:00,13,12,0,3,8,1,0,3,5,0,5,0,25.2,264.0,4.0,11.73,30.0,0.2714285714285714,214.868,1.7598891730605284,0.3,0.2557544757033248,3.1666666666666665
2020-04-24 14:00:00,14,11,0,3,6,2,0,4,3,0,3,0,26.2,897.0,4.0,11.73,27.500000000000004,0.2297297297297297,191.563,1.9040184453227933,0.275,0.3410059676044331,3.090909090909091
2020-04-24 15:00:00,15,11,0,2,7,2,0,3,2,0,2,0,27.2,997.0,4.0,11.73,27.500000000000004,0.2171052631578947,183.803,1.5922634271099747,0.275,0.2557544757033248,3.0
2020-04-24 16:00:00,16,15,0,2,11,2,0,7,5,0,5,0,28.2,40.0,4.0,11.73,37.5,0.3214285714285714,238.223,2.915281329923274,0.375,0.5967604433077579,3.0
2020-04-24 17:00:00,17,19,0,3,13,3,0,8,6,0,6,0,29.2,62.5,4.0,11.73,47.5,0.4191176470588235,265.843,3.4710358056265984,0.475,0.6820119352088662,3.0
2020-04-24 18:00:00,18,15,0,5,9,1,0,4,5,0,5,0,7.1,72.0,4.0,11.73,37.5,0.35,119.219,2.338952827507814,0.375,0.3410059676044331,3.2666666666666666
2020-04-24 19:00:00,19,15,1,5,7,2,0,5,3,1,4,1,8.1,104.0,4.0,11.73,37.5,0.3472222222222222,112.3273068017366,2.6708581983518043,0.375,0.4262574595055413,3.333333333333333
2020-04-24 20:00:00,20,17,0,6,5,6,0,6,4,0,4,0,9.1,164.0,4.0,10.2,42.5,0.3541666666666667,121.389,3.039705882352941,0.425,0.5882352941176471,3.0
2020-04-24 21:00:00,21,22,0,4,11,7,0,11,6,0,6,0,8.916666666666666,61.5,4.0,10.2,55.00000000000001,0.4632352941176471,157.88,4.663235294117648,0.55,1.0784313725490198,2.863636363636364
2020-04-24 22:00:00,22,15,0,4,8,3,0,3,6,0,6,0,9.916666666666666,106.5,3.0,6.5,37.5,0.4509803921568627,148.505,2.565384615384616,0.375,0.4615384615384615,3.066666666666667
2020-04-24 23:00:00,23,14,0,4,7,3,0,6,4,0,4,0,8.633333333333333,147.0,3.0,6.5,35.0,0.3981481481481481,112.322,3.910164835164835,0.35,0.9230769230769232,3.071428571428572
2020-04-25 00:00:00,0,15,0,6,5,4,0,5,5,0,5,0,9.633333333333333,181.0,3.0,6.5,37.5,0.4476190476190476,133.507,3.58525641025641,0.375,0.7692307692307693,3.1333333333333333
2020-04-25 01:00:00,1,15,0,5,6,4,0,3,5,0,5,0,10.633333333333333,241.0,3.0,6.5,37.5,0.4380952380952381,139.147,2.565384615384616,0.375,0.4615384615384615,3.066666666666667
2020-04-25 02:00:00,2,16,0,5,6,5,0,5,6,0,6,0,11.633333333333333,286.5,3.0,6.5,40.0,0.4705882352941176,160.332,3.507692307692308,0.4,0.7692307692307693,3.0
2020-04-25 03:00:00,3,19,0,6,8,5,0,3,6,0,6,0,12.633333333333333,346.5,3.0,6.5,47.5,0.5686274509803921,172.40699999999998,2.8589068825910933,0.475,0.4615384615384615,3.0526315789473686
2020-04-25 04:00:00,4,15,0,4,6,5,0,1,6,0,6,0,13.633333333333333,406.5,3.0,6.5,37.5,0.4313725490196078,169.46699999999998,1.551282051282051,0.375,0.1538461538461538,2.933333333333333
2020-04-25 05:00:00,5,14,0,4,5,5,0,0,6,0,6,0,14.633333333333333,466.5,3.0,6.5,35.0,0.4019607843137255,172.962,1.025,0.35,0.0,2.9285714285714284
2020-04-25 06:00:00,6,14,0,5,4,5,0,1,6,0,6,0,15.633333333333333,526.5,3.0,6.5,35.0,0.4117647058823529,178.602,1.5115384615384615,0.35,0.1538461538461538,3.0
2020-04-25 07:00:00,7,17,0,6,5,6,0,3,7,0,7,0,16.633333333333333,572.0,3.0,6.5,42.5,0.5151515151515151,204.077,2.6596153846153845,0.425,0.4615384615384615,3.0
2020-04-25 08:00:00,8,16,0,5,6,5,0,4,6,0,6,0,17.633333333333333,646.5,3.0,6.57,40.0,0.4705882352941176,194.172,3.02648401826484,0.4,0.60882800608828,3.0
2020-04-25 09:00:00,9,13,0,5,5,3,0,2,4,0,4,0,18.633333333333333,706.5,3.0,6.57,32.5,0.3796296296296296,166.577,1.985074932677672,0.325,0.30441400304414,3.1538461538461537
2020-04-25 10:00:00,10,13,0,5,6,2,0,2,4,0,4,0,19.633333333333333,631.5,4.0,10.27,32.5,0.2916666666666667,172.21699999999998,1.6791663545801814,0.325,0.1947419668938656,3.230769230769231
2020-04-25 11:00:00,11,16,0,3,12,1,0,9,3,0,3,0,20.633333333333333,15.0,4.0,10.27,40.0,0.3378378378378378,170.892,3.988558909444986,0.4,0.8763388510223954,3.125
2020-04-25 12:00:00,12,12,0,3,8,1,0,3,4,0,4,0,8.216666666666667,69.0,4.0,10.27,30.0,0.2638888888888889,105.682,1.8750243427458615,0.3,0.2921129503407984,3.1666666666666665
2020-04-25 13:00:00,13,12,0,3,8,1,0,5,4,1,5,1,9.216666666666669,92.0,4.0,10.27,30.0,0.2714285714285714,125.5903068017366,2.4917072379097696,0.3,0.486854917234664,3.1666666666666665
2020-04-25 14:00:00,14,18,0,4,13,1,0,7,5,1,6,1,10.216666666666669,90.0,4.0,10.27,45.0,0.4191176470588235,157.5003068017366,3.583390133073677,0.45,0.6815968841285297,3.1666666666666665
2020-04-25 15:00:00,15,11,0,2,8,1,0,5,3,0,3,0,11.216666666666669,141.0,4.0,10.27,27.500000000000004,0.2297297297297297,107.057,2.354824289634416,0.275,0.486854917234664,3.090909090909091
2020-04-25 16:00:00,16,12,0,2,8,2,0,6,4,0,4,0,6.2,89.0,4.0,10.27,30.0,0.25,94.308,2.652677702044791,0.3,0.5842259006815969,3.0
2020-04-25 17:00:00,17,14,0,2,11,1,0,7,3,0,3,0,3.683333333333333,109.0,4.0,10.27,35.0,0.2905405405405405,71.004,3.1684761441090554,0.35,0.6815968841285297,3.071428571428572
2020-04-25 18:00:00,18,10,1,2,6,1,0,2,3,0,3,0,4.683333333333334,169.0,4.0,10.27,25.0,0.2229729729729729,68.06400000000001,1.4676484907497565,0.25,0.1947419668938656,3.3
2020-04-25 19:00:00,19,17,1,3,12,1,0,9,4,1,5,1,5.683333333333334,90.0,4.0,10.27,42.5,0.3928571428571428,116.3873068017366,4.210213929778338,0.425,0.8763388510223954,3.235294117647059
2020-04-25 20:00:00,20,16,1,2,13,0,0,9,4,1,5,1,5.8,103.0,4.0,11.16,40.0,0.3714285714285714,114.9003068017366,3.920967741935484,0.4,0.8064516129032258,3.25
2020-04-25 21:00:00,21,16,2,1,12,0,1,6,5,1,6,1,4.516666666666667,137.5,4.0,11.16,40.0,0.375,121.0623068017366,2.988709677419355,0.4,0.5376344086021505,3.1875
2020-04-25 22:00:00,22,13,0,2,10,0,1,5,1,2,3,2,5.516666666666667,163.0,3.0,7.46,32.5,0.3513513513513513,80.93561360347323,2.985723860589812,0.325,0.6702412868632708,3.0
2020-04-25 23:00:00,23,13,0,3,9,0,1,5,1,3,4,3,6.516666666666667,152.5,3.0,7.46,32.5,0.3703703703703703,100.84392040520984,3.062280882656218,0.325,0.6702412868632708,3.076923076923077
2020-04-26 00:00:00,0,16,0,3,12,0,1,7,2,3,5,3,7.516666666666667,142.0,3.0,7.46,40.0,0.4666666666666667,126.31892040520984,4.098659517426274,0.4,0.938337801608579,3.0625
2020-04-26 01:00:00,1,16,0,2,13,0,1,5,3,2,5,2,8.516666666666667,202.0,3.0,7.46,40.0,0.4571428571428571,131.09061360347323,3.210723860589812,0.4,0.6702412868632708,3.0
2020-04-26 02:00:00,2,16,0,3,12,0,1,5,5,2,7,2,9.166666666666666,138.0,3.0,7.46,40.0,0.494949494949495,161.5566136034732,3.2776139410187666,0.4,0.6702412868632708,3.0625
2020-04-26 03:00:00,3,18,0,3,14,0,1,6,5,3,8,3,8.8,176.5,3.0,7.46,45.0,0.5729166666666666,178.04692040520985,3.832551385165326,0.45,0.8042895442359249,3.055555555555556
2020-04-26 04:00:00,4,14,0,2,11,0,1,1,5,3,8,3,9.8,236.5,3.0,7.46,35.0,0.4375,175.10692040520985,1.4521447721179623,0.35,0.1340482573726541,3.0
2020-04-26 05:00:00,5,16,0,2,13,0,1,3,6,3,9,3,10.8,275.0,3.0,7.46,40.0,0.5161290322580645,198.43692040520983,2.406434316353887,0.4,0.4021447721179624,3.0
2020-04-26 06:00:00,6,18,0,3,13,1,1,4,7,3,10,3,11.8,303.5,3.0,7.46,45.0,0.6,221.76692040520987,2.95857908847185,0.45,0.5361930294906166,3.0
2020-04-26 07:00:00,7,14,0,3,10,1,0,1,7,2,9,2,12.8,332.0,3.0,7.46,35.0,0.4731182795698925,204.55861360347325,1.5212945231711985,0.35,0.1340482573726541,3.142857142857143
2020-04-26 08:00:00,8,12,0,3,9,0,0,1,7,2,9,2,13.8,392.0,3.0,6.71,30.0,0.4193548387096774,205.9086136034732,1.4593517138599104,0.3,0.1490312965722801,3.25
2020-04-26 09:00:00,9,12,0,3,9,0,0,5,5,3,8,3,14.8,402.5,3.0,6.71,30.0,0.40625,199.01692040520985,3.396758569299553,0.3,0.7451564828614009,3.25
2020-04-26 10:00:00,10,14,0,2,12,0,0,7,5,2,7,2,14.716666666666669,89.0,4.0,10.02,35.0,0.3333333333333333,188.56861360347324,3.295608782435129,0.35,0.6986027944111777,3.142857142857143
2020-04-26 11:00:00,11,7,0,2,5,0,0,0,2,1,3,1,11.3,149.0,4.0,10.02,17.5,0.1554054054054054,99.8153068017366,0.575,0.175,0.0,3.2857142857142856
2020-04-26 12:00:00,12,11,0,1,10,0,0,8,4,1,5,1,3.4833333333333334,29.0,4.0,10.02,27.500000000000004,0.2428571428571428,91.10930680173662,3.317791689348576,0.275,0.7984031936127745,3.090909090909091
2020-04-26 13:00:00,13,13,0,2,11,0,0,6,6,1,7,1,4.483333333333333,69.0,4.0,10.02,32.5,0.3106060606060606,127.8393068017366,2.913530631045601,0.325,0.5988023952095809,3.1538461538461537
2020-04-26 14:00:00,14,15,1,1,11,2,0,8,5,1,6,1,4.483333333333333,46.0,4.0,10.02,37.5,0.3382352941176471,118.7293068017366,3.5984364604125085,0.375,0.7984031936127745,3.066666666666667
2020-04-26 15:00:00,15,16,1,3,10,2,0,6,7,1,8,1,2.75,80.0,4.0,10.02,40.0,0.3984375,137.89830680173662,3.18368263473054,0.4,0.5988023952095809,3.1875
2020-04-26 16:00:00,16,17,1,3,12,1,0,8,5,1,6,1,3.75,104.5,4.0,10.02,42.5,0.4044117647058823,118.8833068017366,3.9580691558060352,0.425,0.7984031936127745,3.235294117647059
2020-04-26 17:00:00,17,19,2,4,11,2,0,8,7,1,8,1,4.25,139.5,4.0,10.02,47.5,0.4921875,152.7933068017366,4.222336905137094,0.475,0.7984031936127745,3.3157894736842106
2020-04-26 18:00:00,18,17,1,2,13,1,0,9,4,0,4,0,5.25,177.5,4.0,10.02,42.5,0.375,99.675,4.20311729482212,0.425,0.8982035928143713,3.176470588235294
2020-04-26 19:00:00,19,14,0,3,10,1,0,8,5,1,6,1,4.383333333333334,42.0,4.0,10.02,35.0,0.3235294117647059,116.0203068017366,3.609267179925862,0.35,0.7984031936127745,3.142857142857143
2020-04-26 20:00:00,20,15,0,4,11,0,0,8,3,1,4,1,5.383333333333334,96.0,4.0,9.69,37.5,0.3402777777777778,97.00530680173662,3.921938424492604,0.375,0.825593395252838,3.2666666666666666
2020-04-26 21:00:00,21,20,0,3,17,0,0,7,5,0,5,0,6.383333333333334,146.0,4.0,9.69,50.0,0.45,125.90200000000002,3.850541795665635,0.5,0.7223942208462333,3.15
2020-04-26 22:00:00,22,18,0,2,15,1,0,7,3,0,3,0,7.383333333333334,226.0,3.0,6.38,45.0,0.4954954954954955,100.452,4.727490421455938,0.45,1.09717868338558,3.055555555555556
2020-04-26 23:00:00,23,16,0,2,13,1,0,5,2,0,2,0,8.383333333333333,327.5,3.0,6.38,40.0,0.4298245614035088,88.402,3.625078369905956,0.4,0.7836990595611285,3.0625
2020-04-27 00:00:00,0,11,0,2,9,0,0,4,2,0,2,0,9.383333333333333,387.5,3.0,6.38,27.500000000000004,0.3070175438596491,83.31700000000001,2.8698703334283278,0.275,0.6269592476489029,3.1818181818181817
2020-04-27 01:00:00,1,12,0,1,11,0,0,2,2,0,2,0,10.383333333333333,447.5,3.0,6.38,30.0,0.3245614035087719,91.102,1.8915621734587251,0.3,0.3134796238244514,3.083333333333333
2020-04-27 02:00:00,2,10,0,1,9,0,0,1,2,0,2,0,11.383333333333333,507.5,3.0,6.38,25.0,0.2719298245614035,92.452,1.2608934169278998,0.25,0.1567398119122257,3.1
2020-04-27 03:00:00,3,7,0,1,6,0,0,0,2,0,2,0,12.383333333333333,567.5,3.0,6.38,17.5,0.1929824561403508,91.657,0.5499999999999999,0.175,0.0,3.142857142857143
2020-04-27 04:00:00,4,9,0,1,8,0,0,3,3,0,3,0,13.383333333333333,452.0,3.0,6.38,22.5,0.2522522522522522,114.987,2.162904911180773,0.225,0.4702194357366771,3.111111111111111
2020-04-27 05:00:00,5,9,0,2,7,0,0,1,3,0,3,0,14.383333333333333,512.0,3.0,6.38,22.5,0.2612612612612612,120.62699999999998,1.230050505050505,0.225,0.1567398119122257,3.2222222222222223
2020-04-27 06:00:00,6,11,0,2,9,0,0,2,4,0,4,0,15.383333333333333,359.0,3.0,6.38,27.500000000000004,0.324074074074074,143.957,1.8724351667141637,0.275,0.3134796238244514,3.1818181818181817
2020-04-27 07:00:00,7,12,0,2,10,0,0,5,5,0,5,0,16.383333333333333,206.0,3.0,6.38,30.0,0.3619047619047619,165.142,3.43171368861024,0.3,0.7836990595611285,3.1666666666666665
2020-04-27 08:00:00,8,14,0,2,11,1,0,3,5,0,5,0,17.383333333333333,266.0,3.0,6.68,35.0,0.4095238095238095,175.072,2.4543840889649275,0.35,0.4491017964071856,3.071428571428572
2020-04-27 09:00:00,9,16,0,2,13,1,0,5,3,1,4,1,18.383333333333333,173.5,3.0,6.68,40.0,0.4537037037037037,172.4703068017366,3.5172904191616765,0.4,0.7485029940119761,3.0625
2020-04-27 10:00:00,10,16,0,1,14,1,0,5,6,1,7,1,19.383333333333333,69.0,4.0,9.93,40.0,0.3636363636363636,218.3103068017366,2.7105740181268883,0.4,0.5035246727089627,3.0
2020-04-27 11:00:00,11,23,0,2,19,2,0,9,8,0,8,0,20.383333333333333,113.5,4.0,9.93,57.49999999999999,0.5390625,251.497,4.4440332326283984,0.575,0.9063444108761328,3.0
2020-04-27 12:00:00,12,30,1,3,23,3,0,10,11,0,11,0,21.383333333333333,112.0,4.0,9.93,75.0,0.7931034482758621,312.352,5.388284659281639,0.75,1.0070493454179257,3.066666666666667
2020-04-27 13:00:00,13,28,2,5,19,2,0,6,9,2,11,2,22.383333333333333,112.0,4.0,9.93,70.0,0.7844827586206896,315.4386136034732,4.238746223564955,0.7,0.6042296072507553,3.25
2020-04-27 14:00:00,14,27,2,5,19,1,0,7,9,3,12,3,9.166666666666666,126.5,4.0,9.93,67.5,0.7946428571428571,253.01992040520983,4.548673119242102,0.675,0.7049345417925479,3.2962962962962963
2020-04-27 15:00:00,15,29,2,5,21,1,0,7,9,3,12,3,10.166666666666666,115.5,4.0,9.93,72.5,0.8482142857142857,262.9499204052098,4.684268326561795,0.725,0.7049345417925479,3.2758620689655173
2020-04-27 16:00:00,16,27,0,5,19,3,0,6,9,1,10,1,11.166666666666666,175.5,4.0,9.93,67.5,0.6916666666666667,235.7633068017366,3.932446570437507,0.675,0.6042296072507553,3.074074074074074
2020-04-27 17:00:00,17,27,1,3,21,2,0,6,9,2,11,2,8.083333333333334,214.0,4.0,9.93,67.5,0.7241379310344828,232.64161360347325,3.979825444780128,0.675,0.6042296072507553,3.111111111111111
2020-04-27 18:00:00,18,31,1,5,23,2,0,10,11,3,14,3,9.083333333333334,245.0,4.0,9.93,77.5,0.9423076923076924,287.9299204052098,5.633575350030862,0.775,1.0070493454179257,3.161290322580645
2020-04-27 19:00:00,19,29,1,2,25,1,0,6,7,2,9,2,10.083333333333334,112.0,4.0,9.93,72.5,0.7258064516129032,221.41161360347328,4.125195332847172,0.725,0.6042296072507553,3.103448275862069
2020-04-27 20:00:00,20,33,2,3,27,1,0,7,8,3,11,3,11.083333333333334,155.0,4.0,9.83,82.5,0.9051724137931034,263.29992040520983,4.890791177286599,0.825,0.7121057985757884,3.1818181818181817
2020-04-27 21:00:00,21,35,2,3,30,0,0,8,8,2,10,2,12.083333333333334,177.5,4.0,9.83,87.5,0.9333333333333332,258.9616136034732,5.404272634791456,0.875,0.8138351983723296,3.2
2020-04-27 22:00:00,22,28,2,3,22,1,0,6,6,2,8,2,10.5,238.0,3.0,6.58,70.0,0.9375,208.21661360347323,5.180959617889709,0.7,0.9118541033434652,3.2142857142857144
2020-04-27 23:00:00,23,29,2,3,24,0,0,6,5,2,7,2,11.5,212.0,3.0,6.58,72.5,0.9494949494949496,202.60161360347325,5.3056650246305415,0.725,0.9118541033434652,3.2413793103448274
2020-04-28 00:00:00,0,27,1,5,21,0,0,8,6,2,8,2,12.5,242.0,3.0,6.58,67.5,0.9166666666666666,217.35161360347325,6.162625239220984,0.675,1.21580547112462,3.259259259259259
2020-04-28 01:00:00,1,19,1,4,14,0,0,3,7,2,9,2,13.5,272.0,3.0,6.58,47.5,0.6774193548387096,219.23161360347325,3.086758118701008,0.475,0.4559270516717325,3.3157894736842106
2020-04-28 02:00:00,2,16,1,2,13,0,0,1,7,1,8,1,14.5,362.0,3.0,6.58,40.0,0.5416666666666666,204.16830680173663,1.7939209726443768,0.4,0.1519756838905775,3.25
2020-04-28 03:00:00,3,16,1,2,13,0,0,1,7,1,8,1,15.5,422.0,3.0,6.58,40.0,0.5416666666666666,209.80830680173665,1.7939209726443768,0.4,0.1519756838905775,3.25
2020-04-28 04:00:00,4,17,1,2,14,0,0,2,8,1,9,1,16.5,452.0,3.0,6.58,42.5,0.5913978494623656,230.9933068017366,2.3583720722331485,0.425,0.303951367781155,3.235294117647059
2020-04-28 05:00:00,5,19,2,2,14,1,0,3,8,1,9,1,17.5,512.0,3.0,6.58,47.5,0.6666666666666666,240.9233068017366,3.037761958086706,0.475,0.4559270516717325,3.263157894736842
2020-04-28 06:00:00,6,19,1,2,15,1,0,2,8,1,9,1,18.5,572.0,3.0,6.58,47.5,0.6451612903225806,246.5633068017366,2.4598464245720684,0.475,0.303951367781155,3.1578947368421053
2020-04-28 07:00:00,7,20,1,3,14,2,0,3,9,1,10,1,19.5,532.5,3.0,6.58,50.0,0.7,267.7483068017366,3.011170212765957,0.5,0.4559270516717325,3.15
2020-04-28 08:00:00,8,19,1,3,14,1,0,2,9,1,10,1,20.5,592.5,3.0,6.68,47.5,0.6777777777777778,271.2433068017366,2.486235423889064,0.475,0.2994011976047904,3.210526315789474
2020-04-28 09:00:00,9,17,1,3,12,1,0,4,6,1,7,1,18.33333333333333,548.0,3.0,6.68,42.5,0.5555555555555556,214.5333068017366,3.3123018668545265,0.425,0.5988023952095809,3.235294117647059
2020-04-28 10:00:00,10,17,1,5,10,1,0,5,4,1,5,1,19.33333333333333,98.0,4.0,10.14,42.5,0.4071428571428571,193.3733068017366,3.0783240515140964,0.425,0.4930966469428007,3.3529411764705883
2020-04-28 11:00:00,11,17,2,5,9,1,0,4,2,1,3,1,20.33333333333333,1104.0,4.0,10.14,42.5,0.3986486486486486,172.21330680173662,2.844068337394129,0.425,0.3944773175542406,3.4705882352941178
2020-04-28 12:00:00,12,17,2,6,8,1,0,5,4,1,5,1,21.33333333333333,125.0,4.0,10.14,42.5,0.4285714285714285,204.65330680173665,3.240341106856944,0.425,0.4930966469428007,3.5294117647058822
2020-04-28 13:00:00,13,20,3,8,8,1,0,6,5,4,9,4,22.33333333333333,65.0,4.0,10.14,50.0,0.5887096774193549,272.9332272069464,3.984763313609467,0.5,0.5917159763313609,3.65
2020-04-28 14:00:00,14,19,3,7,9,0,0,3,5,4,9,4,23.33333333333333,125.0,4.0,10.14,47.5,0.5645161290322581,276.4282272069464,2.840003114294612,0.475,0.2958579881656804,3.684210526315789
2020-04-28 15:00:00,15,18,4,5,9,0,0,2,3,4,7,4,24.33333333333333,147.0,4.0,10.14,45.0,0.5075757575757576,253.12322720694647,2.409166118781503,0.45,0.1972386587771203,3.7222222222222223
2020-04-28 16:00:00,16,19,2,5,12,0,0,5,5,3,8,3,25.33333333333333,125.0,4.0,10.14,47.5,0.515625,273.4399204052098,3.3628620367486763,0.475,0.4930966469428007,3.473684210526316
2020-04-28 17:00:00,17,17,2,4,11,0,0,3,4,3,7,3,26.33333333333333,246.0,4.0,10.14,42.5,0.4469696969696969,261.3899204052098,2.501801253045597,0.425,0.2958579881656804,3.4705882352941178
2020-04-28 18:00:00,18,12,1,3,7,1,0,2,2,2,4,2,25.516666666666666,948.5,4.0,10.14,30.0,0.2777777777777778,204.9906136034732,1.6574621959237343,0.3,0.1972386587771203,3.333333333333333
2020-04-28 19:00:00,19,11,1,2,7,1,0,4,1,1,2,1,26.516666666666666,1587.5,4.0,10.14,27.500000000000004,0.2368421052631578,180.8173068017366,2.19101667563206,0.275,0.3944773175542406,3.272727272727273
2020-04-28 20:00:00,20,17,1,3,10,3,0,6,3,1,4,1,27.516666666666666,836.0,4.0,10.03,42.5,0.3680555555555556,226.1273068017366,3.1899932555275345,0.425,0.5982053838484546,3.117647058823529
2020-04-28 21:00:00,21,19,1,3,13,2,0,9,5,1,6,1,28.516666666666666,77.0,4.0,10.03,47.5,0.4411764705882353,262.8573068017366,4.333604449808469,0.475,0.8973080757726819,3.1578947368421053
2020-04-28 22:00:00,22,17,1,2,13,1,0,7,5,2,7,2,29.516666666666666,67.0,3.0,6.57,42.5,0.5454545454545454,278.4756136034732,4.73436744560838,0.425,1.06544901065449,3.176470588235294
2020-04-28 23:00:00,23,19,1,2,15,1,0,6,7,2,9,2,30.516666666666666,93.0,3.0,6.57,47.5,0.6451612903225806,315.20561360347324,4.383922134102379,0.475,0.91324200913242,3.1578947368421053
2020-04-29 00:00:00,0,18,1,3,13,1,0,3,8,1,9,1,31.516666666666666,153.0,3.0,6.57,45.0,0.6236559139784946,317.83230680173665,2.9213343480466767,0.45,0.45662100456621,3.2222222222222223
2020-04-29 01:00:00,1,16,1,3,11,1,0,3,8,1,9,1,32.516666666666666,213.0,3.0,6.57,40.0,0.5591397849462365,319.18230680173656,2.7840182648401828,0.4,0.45662100456621,3.25
2020-04-29 02:00:00,2,16,1,3,11,1,0,2,10,1,11,1,33.516666666666666,268.0,3.0,6.57,40.0,0.5977011494252874,351.6223068017366,2.289345509893455,0.4,0.30441400304414,3.25
2020-04-29 03:00:00,3,17,1,3,11,2,0,2,10,1,11,1,34.516666666666666,328.0,3.0,6.57,42.5,0.6206896551724138,359.4073068017366,2.31696212731668,0.425,0.30441400304414,3.176470588235294
2020-04-29 04:00:00,4,18,1,3,12,2,0,1,10,1,11,1,35.516666666666666,388.0,3.0,6.57,45.0,0.6551724137931034,367.1923068017366,1.9069888381532212,0.45,0.15220700152207,3.1666666666666665
2020-04-29 05:00:00,5,17,1,3,11,2,0,1,9,1,10,1,36.516666666666666,450.5,3.0,6.57,42.5,0.6,357.2873068017366,1.83348106365834,0.425,0.15220700152207,3.176470588235294
2020-04-29 06:00:00,6,18,2,3,12,1,0,3,10,1,11,1,37.516666666666666,508.0,3.0,6.57,45.0,0.6896551724137931,378.47230680173664,3.0220700152207,0.45,0.45662100456621,3.333333333333333
2020-04-29 07:00:00,7,15,1,3,10,1,0,1,9,1,10,1,38.516666666666666,570.5,3.0,6.57,37.5,0.5444444444444444,364.2773068017366,1.7222095383054286,0.375,0.15220700152207,3.2666666666666666
2020-04-29 08:00:00,8,17,1,3,11,2,0,4,10,1,11,1,39.516666666666666,628.0,3.0,7.46,42.5,0.6206896551724138,387.6073068017366,3.053201387793723,0.425,0.5361930294906166,3.176470588235294
2020-04-29 09:00:00,9,18,2,4,10,2,0,6,7,2,9,2,40.516666666666666,620.0,3.0,7.46,45.0,0.6451612903225806,369.4606136034732,4.180965147453083,0.45,0.8042895442359249,3.333333333333333
2020-04-29 10:00:00,10,21,2,6,12,1,0,8,8,2,10,2,41.516666666666666,125.5,4.0,10.71,52.5,0.6,394.9356136034732,4.361024409763905,0.525,0.7469654528478057,3.4285714285714284
2020-04-29 11:00:00,11,21,1,5,13,2,0,7,10,1,11,1,42.516666666666666,110.0,4.0,10.71,52.5,0.5862068965517241,413.1073068017366,3.816402116402116,0.525,0.65359477124183,3.238095238095238
2020-04-29 12:00:00,12,22,1,5,14,2,0,4,10,2,12,2,43.516666666666666,154.0,4.0,10.71,55.00000000000001,0.6339285714285714,435.1606136034732,2.9803306170953228,0.55,0.3734827264239028,3.227272727272727
2020-04-29 13:00:00,13,28,1,6,20,1,0,10,11,2,13,2,44.516666666666666,209.0,4.0,10.71,70.0,0.8425925925925926,467.0706136034733,5.309547152194211,0.7,0.9337068160597572,3.25
2020-04-29 14:00:00,14,23,0,6,16,1,0,4,12,1,13,1,45.516666666666666,129.0,4.0,10.71,57.49999999999999,0.6851851851851852,461.1173068017366,3.0516400763203837,0.575,0.3734827264239028,3.217391304347826
2020-04-29 15:00:00,15,22,0,7,15,0,0,4,12,0,12,0,46.516666666666666,124.5,4.0,10.71,55.00000000000001,0.6517857142857143,450.344,3.064283592224769,0.55,0.3734827264239028,3.3181818181818183
2020-04-29 16:00:00,16,22,0,6,16,0,0,4,12,1,13,1,47.516666666666666,123.0,4.0,10.71,55.00000000000001,0.6666666666666666,470.2523068017366,3.022307104660046,0.55,0.3734827264239028,3.272727272727273
2020-04-29 17:00:00,17,18,0,6,12,0,0,3,9,2,11,2,48.516666666666666,134.0,4.0,10.71,45.0,0.5172413793103449,441.3806136034732,2.433706816059757,0.45,0.2801120448179272,3.333333333333333
2020-04-29 18:00:00,18,17,0,5,12,0,0,3,9,2,11,2,49.516666666666666,191.0,4.0,10.71,42.5,0.4827586206896552,444.8756136034732,2.3227220299884657,0.425,0.2801120448179272,3.294117647058824
2020-04-29 19:00:00,19,15,0,4,11,0,0,3,7,1,8,1,50.516666666666666,221.0,4.0,10.71,37.5,0.3828125,405.1573068017366,2.140032679738562,0.375,0.2801120448179272,3.2666666666666666
2020-04-29 20:00:00,20,10,0,3,7,0,0,3,5,0,5,0,51.516666666666666,311.0,4.0,9.91,25.0,0.2357142857142857,359.004,1.823990918264379,0.25,0.3027245206861755,3.3
2020-04-29 21:00:00,21,12,1,4,6,1,0,6,4,2,6,2,52.516666666666666,113.5,4.0,9.91,30.0,0.3014705882352941,384.0706136034732,3.093617558022199,0.3,0.6054490413723511,3.4166666666666665
2020-04-29 22:00:00,22,14,0,3,11,0,0,7,4,1,5,1,53.516666666666666,59.0,3.0,6.66,35.0,0.4285714285714285,379.7323068017366,4.503378378378379,0.35,1.0510510510510511,3.2142857142857144
2020-04-29 23:00:00,23,13,0,3,10,0,0,2,4,1,5,1,54.516666666666666,119.0,3.0,6.66,32.5,0.4,383.22730680173663,2.0202009702009707,0.325,0.3003003003003003,3.230769230769231
2020-04-30 00:00:00,0,13,1,2,10,0,0,3,4,1,5,1,55.516666666666666,137.0,3.0,6.66,32.5,0.4095238095238095,388.8673068017366,2.56495148995149,0.325,0.4504504504504504,3.3076923076923075
2020-04-30 01:00:00,1,12,1,2,9,0,0,0,3,1,4,1,56.516666666666666,219.5,3.0,6.66,30.0,0.3703703703703703,378.9623068017366,1.0,0.3,0.0,3.333333333333333
2020-04-30 02:00:00,2,11,2,1,8,0,0,1,3,0,3,0,57.516666666666666,257.0,3.0,6.66,27.500000000000004,0.3423423423423423,368.189,1.4687005187005189,0.275,0.1501501501501501,3.4545454545454546
2020-04-30 03:00:00,3,12,2,1,9,0,0,1,3,0,3,0,58.516666666666666,317.0,3.0,6.66,30.0,0.3693693693693693,375.974,1.538013013013013,0.3,0.1501501501501501,3.4166666666666665
2020-04-30 04:00:00,4,13,1,1,11,0,0,4,4,0,4,0,59.516666666666666,312.5,3.0,6.66,32.5,0.3888888888888889,397.159,2.99040194040194,0.325,0.6006006006006006,3.230769230769231
2020-04-30 05:00:00,5,12,1,2,9,0,0,1,4,0,4,0,60.516666666666666,372.5,3.0,6.66,30.0,0.3703703703703703,400.654,1.5005005005005003,0.3,0.1501501501501501,3.333333333333333
2020-04-30 06:00:00,6,12,1,2,9,0,0,2,5,0,5,0,61.516666666666666,368.0,3.0,6.66,30.0,0.3809523809523809,419.694,2.001001001001001,0.3,0.3003003003003003,3.333333333333333
2020-04-30 07:00:00,7,12,1,2,9,0,0,1,5,0,5,0,62.516666666666666,428.0,3.0,6.66,30.0,0.3809523809523809,425.334,1.5005005005005003,0.3,0.1501501501501501,3.333333333333333
2020-04-30 08:00:00,8,17,1,4,11,1,0,6,7,0,7,0,63.516666666666666,299.0,3.0,7.76,42.5,0.5656565656565656,468.499,3.946998180715585,0.425,0.7731958762886598,3.294117647058824
2020-04-30 09:00:00,9,20,1,3,15,1,0,5,9,0,9,0,32.3,101.0,3.0,7.76,50.0,0.6881720430107527,325.672,3.6618556701030927,0.5,0.6443298969072165,3.2
2020-04-30 10:00:00,10,22,1,3,17,1,0,6,10,0,10,0,33.3,121.0,4.0,11.01,55.00000000000001,0.5833333333333334,349.00199999999995,3.483960862026257,0.55,0.5449591280653951,3.1818181818181817
2020-04-30 11:00:00,11,24,0,3,20,1,0,9,10,0,10,0,34.3,122.0,4.0,11.01,60.0,0.6166666666666667,358.932,4.370435967302452,0.6,0.8174386920980926,3.083333333333333
2020-04-30 12:00:00,12,23,0,2,20,1,0,7,11,0,11,0,35.3,157.0,4.0,11.01,57.49999999999999,0.603448275862069,375.827,3.6849998025510406,0.575,0.6357856494096277,3.0434782608695654
2020-04-30 13:00:00,13,21,0,1,19,1,0,5,8,0,8,0,36.3,160.0,4.0,11.01,52.5,0.4921875,336.977,2.937397820163488,0.525,0.4541326067211625,3.0
2020-04-30 14:00:00,14,21,0,3,17,1,0,5,9,0,9,0,37.3,203.0,4.0,11.01,52.5,0.5241935483870968,356.017,3.0306485446131224,0.525,0.4541326067211625,3.095238095238096
2020-04-30 15:00:00,15,27,0,5,20,1,1,9,8,0,8,0,38.3,250.5,4.0,11.01,67.5,0.6484375,361.127,4.5878670905237655,0.675,0.8174386920980926,3.074074074074074
2020-04-30 16:00:00,16,27,0,7,20,0,0,7,6,0,6,0,39.3,163.5,4.0,11.01,67.5,0.6470588235294118,339.967,4.27219026474249,0.675,0.6357856494096277,3.259259259259259
2020-04-30 17:00:00,17,24,0,6,18,0,0,3,5,0,5,0,40.3,204.0,4.0,11.01,60.0,0.5571428571428572,325.77199999999993,2.835558583106267,0.6,0.2724795640326976,3.25
2020-04-30 18:00:00,18,24,0,6,18,0,0,3,4,0,4,0,41.3,171.5,4.0,11.01,60.0,0.5416666666666666,318.01199999999994,2.835558583106267,0.6,0.2724795640326976,3.25
2020-04-30 19:00:00,19,32,0,5,26,1,0,11,6,0,6,0,6.65,62.5,4.0,11.01,80.0,0.7352941176470589,166.54600000000002,5.6221616712079925,0.8,0.9990917347865576,3.125
2020-04-30 20:00:00,20,37,0,3,33,1,0,15,11,0,11,0,7.65,75.0,4.0,10.02,92.5,0.9741379310344828,249.911,7.396937206667745,0.925,1.497005988023952,3.054054054054054
2020-04-30 21:00:00,21,29,0,3,26,0,0,4,9,1,10,1,8.65,101.5,4.0,10.02,72.5,0.75,225.8593068017366,3.488901507330167,0.725,0.3992015968063872,3.103448275862069
2020-04-30 22:00:00,22,24,0,2,22,0,0,8,7,1,8,1,9.65,120.0,3.0,6.77,60.0,0.7708333333333334,193.9743068017366,5.493525356967012,0.6,1.1816838995568686,3.083333333333333
2020-04-30 23:00:00,23,26,1,4,21,0,0,6,7,3,10,3,10.65,160.0,3.0,6.77,65.0,0.9333333333333332,232.44092040520985,4.963310987387797,0.65,0.8862629246676514,3.230769230769231
