ts,hour,census,l1,l2,l3,l4,l5,arrivals,waitBed,waitICU,D_board,vent,maxLOS_h,awt_curr_min,Na,cap_sum,OCCUPANCY,EDWIN,NEDOCS,READI,READI_BR,READI_PR,READI_AR
2021-02-01 00:00:00,0,25,1,3,15,5,1,11,8,0,8,0,7.45,181.5,3.0,7.76,62.5,0.7604166666666666,182.843,5.964175257731959,0.625,1.4175257731958764,2.92
2021-02-01 01:00:00,1,27,1,3,19,3,1,8,10,0,10,0,8.45,212.5,3.0,7.76,67.5,0.9,219.573,5.117783505154639,0.675,1.0309278350515465,3.0
2021-02-01 02:00:00,2,29,1,3,21,3,1,6,10,0,10,0,9.45,272.5,3.0,7.76,72.5,0.9666666666666668,229.503,4.494587628865979,0.725,0.7731958762886598,3.0
2021-02-01 03:00:00,3,25,1,2,18,3,1,1,11,0,11,0,10.45,321.0,3.0,7.76,62.5,0.8505747126436781,239.963,2.231443298969072,0.625,0.1288659793814433,2.96
2021-02-01 04:00:00,4,23,1,2,17,2,1,1,11,0,11,0,11.45,381.0,3.0,7.76,57.49999999999999,0.7931034482758621,241.313,2.11159793814433,0.575,0.1288659793814433,3.0
2021-02-01 05:00:00,5,26,1,3,18,3,1,5,12,0,12,0,12.45,389.5,3.0,7.76,65.0,0.9285714285714286,266.788,3.88298969072165,0.65,0.6443298969072165,3.0
2021-02-01 06:00:00,6,27,1,3,18,4,1,4,13,1,14,1,13.45,380.5,3.0,7.76,67.5,1.0256410256410255,302.2413068017366,3.527300496372662,0.675,0.5154639175257733,2.962962962962963
2021-02-01 07:00:00,7,28,1,3,19,4,1,1,13,1,14,1,14.45,440.5,3.0,7.76,70.0,1.064102564102564,310.0263068017366,2.45699558173785,0.7,0.1288659793814433,2.9642857142857144
2021-02-01 08:00:00,8,23,1,3,17,1,1,1,14,1,15,1,12.866666666666667,483.0,3.0,7.02,57.49999999999999,0.9466666666666668,303.7713068017366,2.2147373962591352,0.575,0.1424501424501424,3.0869565217391304
2021-02-01 09:00:00,9,20,0,4,13,2,1,2,10,1,11,1,13.866666666666667,499.0,3.0,7.02,50.0,0.6896551724137931,249.37630680173663,2.3547008547008543,0.5,0.2849002849002849,3.0
2021-02-01 10:00:00,10,20,0,3,14,2,1,10,8,2,10,2,14.2,194.0,4.0,10.48,50.0,0.4916666666666666,238.72461360347324,4.289885496183207,0.5,0.9541984732824428,2.95
2021-02-01 11:00:00,11,17,0,3,11,2,1,3,7,1,8,1,14.533333333333331,101.5,4.0,10.48,42.5,0.390625,206.5013068017366,2.091939829366861,0.425,0.2862595419847328,2.9411764705882355
2021-02-01 12:00:00,12,19,0,5,13,0,1,7,8,1,9,1,15.533333333333331,128.0,4.0,10.48,47.5,0.4838709677419355,229.83130680173664,3.6092808356769774,0.475,0.6679389312977099,3.1578947368421053
2021-02-01 13:00:00,13,26,0,9,17,0,0,9,13,1,14,1,16.533333333333335,94.0,4.0,10.48,65.0,0.8365384615384616,317.4863068017366,5.048605402231356,0.65,0.8587786259541984,3.3461538461538463
2021-02-01 14:00:00,14,27,0,8,19,0,0,8,11,2,13,2,17.533333333333335,101.0,4.0,10.48,67.5,0.8240740740740741,312.73961360347323,4.741256714729997,0.675,0.7633587786259541,3.2962962962962963
2021-02-01 15:00:00,15,29,0,8,21,0,0,8,10,1,11,1,18.53333333333333,152.0,4.0,10.48,72.5,0.8189655172413793,295.00130680173663,4.8756580679126085,0.725,0.7633587786259541,3.2758620689655173
2021-02-01 16:00:00,16,26,0,9,15,2,0,8,6,2,8,2,15.55,220.5,4.0,10.48,65.0,0.6640625,232.4086136034732,4.620596007046388,0.65,0.7633587786259541,3.269230769230769
2021-02-01 17:00:00,17,26,0,9,16,1,0,6,6,3,9,3,16.55,195.0,4.0,10.48,65.0,0.6935483870967742,252.31692040520983,4.043716970052848,0.65,0.5725190839694656,3.3076923076923075
2021-02-01 18:00:00,18,21,0,7,13,0,1,4,7,4,11,4,17.55,247.0,4.0,10.48,52.5,0.5862068965517241,274.90022720694645,2.935914213013449,0.525,0.381679389312977,3.238095238095238
2021-02-01 19:00:00,19,26,0,7,18,1,0,9,6,3,9,3,18.55,226.0,4.0,10.48,65.0,0.6774193548387096,263.59692040520986,4.874515560775103,0.65,0.8587786259541984,3.230769230769231
2021-02-01 20:00:00,20,29,0,4,25,0,0,14,6,1,7,1,19.55,367.0,4.0,11.22,72.5,0.6893939393939394,247.13530680173665,6.1904219681603045,0.725,1.2477718360071302,3.1379310344827585
2021-02-01 21:00:00,21,25,0,4,20,1,0,7,7,1,8,1,20.55,240.5,4.0,11.22,62.5,0.609375,257.5953068017366,3.8965240641711234,0.625,0.6238859180035651,3.12
2021-02-01 22:00:00,22,18,0,4,13,1,0,7,3,1,4,1,21.55,279.5,3.0,7.76,45.0,0.5277777777777778,194.6203068017366,4.2815292096219935,0.45,0.9020618556701032,3.1666666666666665
2021-02-01 23:00:00,23,20,0,2,16,2,0,8,6,0,6,0,22.55,74.5,3.0,7.76,50.0,0.5882352941176471,230.48200000000003,4.59278350515464,0.5,1.0309278350515465,3.0
2021-02-02 00:00:00,0,20,1,3,15,1,0,8,7,1,8,1,23.55,92.0,3.0,7.76,50.0,0.6666666666666666,263.7903068017366,4.898969072164949,0.5,1.0309278350515465,3.2
2021-02-02 01:00:00,1,21,1,5,14,1,0,3,7,1,8,1,24.55,152.0,3.0,7.76,52.5,0.71875,271.5753068017366,2.9952503681885125,0.525,0.3865979381443299,3.2857142857142856
2021-02-02 02:00:00,2,21,1,5,14,1,0,3,7,1,8,1,25.55,212.0,3.0,7.76,52.5,0.71875,277.21530680173663,2.9952503681885125,0.525,0.3865979381443299,3.2857142857142856
2021-02-02 03:00:00,3,24,1,5,17,1,0,4,7,1,8,1,26.55,272.0,3.0,7.76,60.0,0.8125,289.2903068017366,3.625257731958763,0.6,0.5154639175257733,3.25
2021-02-02 04:00:00,4,23,1,6,15,1,0,2,7,1,8,1,27.55,332.0,3.0,7.76,57.49999999999999,0.7916666666666666,292.7853068017366,2.751636037651277,0.575,0.2577319587628866,3.3043478260869565
2021-02-02 05:00:00,5,27,2,6,18,1,0,4,7,2,9,2,28.55,382.0,3.0,7.76,67.5,0.967741935483871,321.2736136034732,3.968213058419245,0.675,0.5154639175257733,3.333333333333333
2021-02-02 06:00:00,6,25,2,5,18,0,0,1,7,2,9,2,29.55,442.0,3.0,7.76,62.5,0.9032258064516128,322.62361360347325,2.5329896907216494,0.625,0.1288659793814433,3.36
2021-02-02 07:00:00,7,26,3,5,18,0,0,3,9,2,11,2,30.55,476.0,3.0,7.76,65.0,1.0229885057471264,357.2086136034732,3.548354480570976,0.65,0.3865979381443299,3.423076923076923
2021-02-02 08:00:00,8,26,3,6,17,0,0,3,9,2,11,2,31.55,536.0,3.0,6.65,65.0,1.0344827586206895,362.84861360347327,3.811596298438405,0.65,0.4511278195488721,3.4615384615384617
2021-02-02 09:00:00,9,25,3,6,15,1,0,5,6,2,8,2,31.55,567.0,3.0,6.65,62.5,0.8958333333333334,320.50361360347324,4.736466165413534,0.625,0.7518796992481203,3.44
2021-02-02 10:00:00,10,25,4,4,15,2,0,7,3,2,5,2,32.55,316.0,4.0,9.97,62.5,0.6071428571428571,285.9436136034732,4.51216148445336,0.625,0.7021063189568706,3.4
2021-02-02 11:00:00,11,30,5,4,20,1,0,11,5,3,8,3,33.55,199.0,4.0,9.97,75.0,0.8046875,343.37692040520983,6.363030758943497,0.75,1.103309929789368,3.433333333333333
2021-02-02 12:00:00,12,27,4,4,19,0,0,7,9,3,12,3,34.55,102.0,4.0,9.97,67.5,0.8303571428571429,396.1819204052098,4.743366209740333,0.675,0.7021063189568706,3.4444444444444446
2021-02-02 13:00:00,13,31,4,7,20,0,0,8,11,3,14,3,35.55,117.0,4.0,9.97,77.5,1.0384615384615383,437.20192040520976,5.495483223865143,0.775,0.8024072216649949,3.4838709677419355
2021-02-02 14:00:00,14,30,4,9,17,0,0,4,12,3,15,3,36.55,151.0,4.0,9.97,75.0,1.07,454.09692040520974,4.105959545302574,0.75,0.4012036108324974,3.566666666666667
2021-02-02 15:00:00,15,24,3,8,13,0,0,3,7,2,9,2,37.55,182.0,4.0,9.97,60.0,0.6935483870967742,365.5986136034732,3.228234704112337,0.6,0.3009027081243731,3.583333333333333
2021-02-02 16:00:00,16,22,2,7,11,2,0,5,6,1,7,1,38.55,181.0,4.0,9.97,55.00000000000001,0.5681818181818182,339.2803068017366,3.584674477979393,0.55,0.5015045135406219,3.409090909090909
2021-02-02 17:00:00,17,20,2,4,12,2,0,6,5,1,6,1,39.55,219.0,4.0,9.97,50.0,0.4852941176470588,327.2303068017366,3.635957873620863,0.5,0.6018054162487462,3.3
2021-02-02 18:00:00,18,17,1,3,11,2,0,2,6,0,6,0,40.55,249.0,4.0,9.97,42.5,0.3970588235294117,325.567,1.9872057348516128,0.425,0.2006018054162487,3.176470588235294
2021-02-02 19:00:00,19,18,1,3,11,3,0,6,5,0,5,0,41.55,317.0,4.0,9.97,45.0,0.4,319.952,3.272283517218322,0.45,0.6018054162487462,3.111111111111111
2021-02-02 20:00:00,20,21,1,2,16,1,1,8,5,1,6,1,42.55,101.0,4.0,11.08,52.5,0.4705882352941176,346.2953068017366,3.800446965789926,0.525,0.7220216606498195,3.0476190476190474
2021-02-02 21:00:00,21,26,0,2,21,2,1,9,6,1,7,1,43.55,85.0,4.0,11.08,65.0,0.5757575757575758,376.0603068017366,4.274340460983059,0.65,0.8122743682310469,2.923076923076923
2021-02-02 22:00:00,22,32,0,3,27,1,1,10,9,1,10,1,44.55,106.5,3.0,7.76,80.0,1.0666666666666669,434.7703068017366,6.2659793814433,0.8,1.288659793814433,3.0
2021-02-02 23:00:00,23,23,0,2,19,1,1,3,7,1,8,1,45.55,166.5,3.0,7.76,57.49999999999999,0.7083333333333334,394.3053068017366,2.842985208426714,0.575,0.3865979381443299,2.9565217391304346
2021-02-03 00:00:00,0,23,0,2,19,1,1,4,7,1,8,1,46.55,226.5,3.0,7.76,57.49999999999999,0.7083333333333334,399.9453068017366,3.223980277902286,0.575,0.5154639175257733,2.9565217391304346
2021-02-03 01:00:00,1,25,0,3,19,2,1,6,9,2,11,2,47.55,254.0,3.0,7.76,62.5,0.8505747126436781,450.9436136034732,4.1386597938144325,0.625,0.7731958762886598,2.96
2021-02-03 02:00:00,2,21,0,2,16,2,1,0,9,1,10,1,48.55,320.5,3.0,7.76,52.5,0.6777777777777778,433.73530680173656,1.525,0.525,0.0,2.9047619047619047
2021-02-03 03:00:00,3,19,0,2,15,1,1,1,10,1,11,1,49.55,374.0,3.0,7.76,47.5,0.6436781609195402,448.4853068017366,1.779815518176885,0.475,0.1288659793814433,2.9473684210526314
2021-02-03 04:00:00,4,22,0,3,17,1,1,3,10,2,12,2,50.55,418.0,3.0,7.76,55.00000000000001,0.7857142857142857,474.8286136034732,2.809793814432989,0.55,0.3865979381443299,3.0
2021-02-03 05:00:00,5,21,0,3,16,1,1,0,10,2,12,2,51.55,478.0,3.0,7.76,52.5,0.75,478.3236136034732,1.5750000000000002,0.525,0.0,3.0
2021-02-03 06:00:00,6,20,0,3,15,1,1,1,10,2,12,2,52.55,538.0,3.0,7.76,50.0,0.7142857142857143,481.8186136034732,1.8865979381443296,0.5,0.1288659793814433,3.0
2021-02-03 07:00:00,7,22,1,3,16,1,1,3,11,1,12,1,53.55,571.5,3.0,7.76,55.00000000000001,0.8095238095238095,490.8803068017367,2.89493908153702,0.55,0.3865979381443299,3.090909090909091
2021-02-03 08:00:00,8,23,1,3,17,1,1,5,13,0,13,0,54.55,621.0,3.0,6.6,57.49999999999999,0.8765432098765432,511.197,4.113603425559947,0.575,0.7575757575757576,3.0869565217391304
2021-02-03 09:00:00,9,18,2,3,13,0,0,5,8,0,8,0,55.55,114.0,3.0,6.6,45.0,0.6354166666666666,439.112,4.092340067340067,0.45,0.7575757575757576,3.388888888888889
2021-02-03 10:00:00,10,22,3,3,16,0,0,7,10,0,10,0,56.55,151.5,4.0,9.85,55.00000000000001,0.625,480.132,4.297704199353946,0.55,0.7106598984771574,3.409090909090909
2021-02-03 11:00:00,11,28,2,4,22,0,0,9,11,0,11,0,57.55,174.0,4.0,9.85,70.0,0.7931034482758621,512.042,5.302175489485134,0.7,0.9137055837563453,3.2857142857142856
2021-02-03 12:00:00,12,27,1,4,22,0,0,7,10,0,10,0,58.55,122.0,4.0,9.85,67.5,0.725,502.137,4.464904117315285,0.675,0.7106598984771574,3.2222222222222223
2021-02-03 13:00:00,13,23,1,4,18,0,0,2,10,0,10,0,59.55,182.0,4.0,9.85,57.49999999999999,0.625,499.1969999999999,2.537105495475612,0.575,0.2030456852791878,3.260869565217391
2021-02-03 14:00:00,14,23,0,3,19,1,0,5,8,0,8,0,60.55,185.0,4.0,9.85,57.49999999999999,0.5546875,478.0369999999999,3.3419830059589493,0.575,0.5076142131979695,3.0869565217391304
2021-02-03 15:00:00,15,27,1,4,20,1,1,6,8,1,9,1,61.55,223.0,4.0,9.85,67.5,0.6774193548387096,506.52530680173663,3.995093062605753,0.675,0.6091370558375635,3.111111111111111
2021-02-03 16:00:00,16,23,0,3,20,0,0,6,6,0,6,0,62.55,144.0,4.0,9.85,57.49999999999999,0.5294117647058824,462.517,3.706863826969764,0.575,0.6091370558375635,3.130434782608696
2021-02-03 17:00:00,17,22,0,3,19,0,0,3,7,0,7,0,63.55,188.0,4.0,9.85,55.00000000000001,0.5227272727272727,479.412,2.68023765574527,0.55,0.3045685279187817,3.136363636363636
2021-02-03 18:00:00,18,22,0,3,19,0,0,7,7,0,7,0,64.55,159.0,4.0,9.85,55.00000000000001,0.5227272727272727,485.052,3.9538878634056314,0.55,0.7106598984771574,3.136363636363636
2021-02-03 19:00:00,19,20,1,3,16,0,0,7,6,0,6,0,65.55,160.0,4.0,9.85,50.0,0.4779411764705882,473.002,3.934644670050761,0.5,0.7106598984771574,3.25
2021-02-03 20:00:00,20,18,1,2,14,1,0,8,6,0,6,0,66.55,116.0,4.0,9.63,45.0,0.4191176470588235,474.352,4.0556680512288,0.45,0.8307372793354103,3.1666666666666665
2021-02-03 21:00:00,21,20,0,5,15,0,0,6,10,0,10,0,67.55,81.0,4.0,9.63,50.0,0.5416666666666666,537.882,3.6499221183800623,0.5,0.6230529595015577,3.25
2021-02-03 22:00:00,22,22,0,5,17,0,0,7,8,1,9,1,68.55,112.0,3.0,6.38,55.00000000000001,0.7634408602150538,535.2803068017365,5.315894841835281,0.55,1.09717868338558,3.227272727272727
2021-02-03 23:00:00,23,27,1,5,20,1,0,8,7,2,9,2,69.55,147.0,3.0,6.38,67.5,0.935483870967742,552.5136136034732,6.215404040404041,0.675,1.2539184952978055,3.2222222222222223
2021-02-04 00:00:00,0,28,2,6,20,0,0,6,7,3,10,3,70.55,196.5,3.0,6.38,70.0,1.0444444444444445,574.5669204052099,5.5071876399462605,0.7,0.9404388714733544,3.357142857142857
2021-02-04 01:00:00,1,28,1,6,21,0,0,10,7,3,10,3,71.55,256.5,3.0,6.38,70.0,1.022222222222222,580.2069204052098,7.450022391401701,0.7,1.567398119122257,3.2857142857142856
2021-02-04 02:00:00,2,25,1,7,17,0,0,7,8,3,11,3,72.55,306.0,3.0,6.38,62.5,0.9655172413793104,592.8119204052098,5.786520376175548,0.625,1.09717868338558,3.36
2021-02-04 03:00:00,3,20,1,6,13,0,0,0,8,2,10,2,73.55,376.5,3.0,6.38,50.0,0.7555555555555555,573.4586136034732,1.7,0.5,0.0,3.4
2021-02-04 04:00:00,4,19,0,7,12,0,0,1,8,2,10,2,74.55,436.5,3.0,6.38,47.5,0.7111111111111111,576.9536136034732,2.1279656822306547,0.475,0.1567398119122257,3.3684210526315788
2021-02-04 05:00:00,5,19,0,6,13,0,0,1,9,2,11,2,75.55,486.0,3.0,6.38,47.5,0.7241379310344828,595.9936136034732,2.094716218445801,0.475,0.1567398119122257,3.3157894736842106
2021-02-04 06:00:00,6,22,0,5,17,0,0,5,9,1,10,1,76.55,556.5,3.0,6.38,55.00000000000001,0.7888888888888889,593.8003068017366,4.304210601310915,0.55,0.7836990595611285,3.227272727272727
2021-02-04 07:00:00,7,22,0,5,16,1,0,2,9,1,10,1,77.55,616.5,3.0,6.38,55.00000000000001,0.7777777777777778,599.4403068017366,2.747435166714164,0.55,0.3134796238244514,3.1818181818181817
2021-02-04 08:00:00,8,20,0,6,14,0,0,3,10,1,11,1,78.55,666.0,3.0,6.72,50.0,0.7586206896551724,614.1903068017366,3.123214285714285,0.5,0.4464285714285714,3.3
2021-02-04 09:00:00,9,18,0,5,13,0,0,2,8,1,9,1,79.55,645.0,3.0,6.72,45.0,0.6344086021505376,588.7403068017366,2.450529100529101,0.45,0.2976190476190476,3.2777777777777777
2021-02-04 10:00:00,10,15,0,2,13,0,0,6,6,0,6,0,80.55,106.0,4.0,11.44,37.5,0.3455882352941176,546.877,2.818356643356643,0.375,0.5244755244755245,3.1333333333333333
2021-02-04 11:00:00,11,22,1,3,17,0,1,12,6,0,6,0,81.55,79.0,4.0,11.44,55.00000000000001,0.5073529411764706,567.5319999999999,5.0148919262555625,0.55,1.048951048951049,3.136363636363636
2021-02-04 12:00:00,12,17,1,4,12,0,0,2,4,0,4,0,82.55,118.0,4.0,11.44,42.5,0.3958333333333333,535.6469999999999,2.011178527354998,0.425,0.1748251748251748,3.3529411764705883
2021-02-04 13:00:00,13,14,1,2,9,2,0,4,4,0,4,0,7.416666666666667,142.5,4.0,11.44,35.0,0.3055555555555556,105.46,2.198901098901099,0.35,0.3496503496503497,3.142857142857143
2021-02-04 14:00:00,14,15,1,0,10,3,1,6,4,1,5,1,7.1,52.0,4.0,11.44,37.5,0.3,120.0873068017366,2.5185314685314686,0.375,0.5244755244755245,2.8
2021-02-04 15:00:00,15,16,1,1,12,2,0,3,6,1,7,1,8.1,78.0,4.0,11.44,40.0,0.3712121212121212,154.6723068017366,2.0281031468531467,0.4,0.2622377622377622,3.0625
2021-02-04 16:00:00,16,20,2,4,13,0,1,11,6,1,7,1,5.483333333333333,83.0,4.0,11.44,50.0,0.5,148.4943068017366,4.823076923076924,0.5,0.9615384615384616,3.3
2021-02-04 17:00:00,17,21,1,5,15,0,0,5,7,0,7,0,6.483333333333333,120.0,4.0,11.44,52.5,0.5303030303030303,155.411,3.206876456876457,0.525,0.4370629370629371,3.333333333333333
2021-02-04 18:00:00,18,22,1,7,13,0,1,6,7,0,7,0,7.483333333333333,137.0,4.0,11.44,55.00000000000001,0.553030303030303,163.196,3.5653051493960586,0.55,0.5244755244755245,3.3181818181818183
2021-02-04 19:00:00,19,16,1,4,11,0,0,7,5,1,6,1,8.483333333333333,82.5,4.0,11.44,40.0,0.3970588235294117,143.43430680173662,3.415122377622378,0.4,0.6118881118881119,3.375
2021-02-04 20:00:00,20,19,1,4,14,0,0,7,7,1,8,1,9.483333333333333,78.5,4.0,11.37,47.5,0.4921875,182.3093068017366,3.616383141230384,0.475,0.615655233069481,3.3157894736842106
2021-02-04 21:00:00,21,21,2,1,18,0,0,7,7,0,7,0,8.383333333333333,86.0,4.0,11.37,52.5,0.5151515151515151,166.127,3.693550278510701,0.525,0.615655233069481,3.238095238095238
2021-02-04 22:00:00,22,18,2,1,14,1,0,7,3,1,4,1,9.383333333333333,236.5,3.0,6.65,45.0,0.5370370370370371,126.0003068017366,4.841812865497076,0.45,1.0526315789473684,3.2222222222222223
2021-02-04 23:00:00,23,20,2,1,16,1,0,8,3,1,4,1,10.383333333333333,296.5,3.0,6.65,50.0,0.5925925925925926,135.9303068017366,5.449624060150376,0.5,1.2030075187969924,3.2
2021-02-05 00:00:00,0,20,2,2,15,1,0,6,4,0,4,0,11.383333333333333,356.5,3.0,6.65,50.0,0.6018518518518519,140.702,4.557330827067669,0.5,0.9022556390977444,3.25
2021-02-05 01:00:00,1,23,1,3,18,1,0,6,8,0,8,0,12.383333333333333,71.0,3.0,6.65,57.49999999999999,0.7604166666666666,206.377,4.688680941484145,0.575,0.9022556390977444,3.1739130434782608
2021-02-05 02:00:00,2,22,1,2,18,1,0,3,8,0,8,0,13.383333333333333,131.0,3.0,6.65,55.00000000000001,0.71875,209.872,3.139900888585099,0.55,0.4511278195488721,3.136363636363636
2021-02-05 03:00:00,3,20,1,2,17,0,0,1,8,0,8,0,14.383333333333333,191.0,3.0,6.65,50.0,0.6666666666666666,211.222,2.081203007518797,0.5,0.150375939849624,3.2
2021-02-05 04:00:00,4,16,1,1,14,0,0,0,8,0,8,0,15.383333333333333,251.0,3.0,6.65,40.0,0.53125,208.282,1.275,0.4,0.0,3.1875
2021-02-05 05:00:00,5,18,1,1,15,1,0,2,8,0,8,0,16.383333333333333,311.0,3.0,6.65,45.0,0.5833333333333334,218.212,2.335672514619883,0.45,0.3007518796992481,3.111111111111111
2021-02-05 06:00:00,6,18,1,1,16,0,0,1,8,0,8,0,17.383333333333333,371.0,3.0,6.65,45.0,0.59375,223.852,1.901190476190476,0.45,0.150375939849624,3.1666666666666665
2021-02-05 07:00:00,7,21,1,3,16,1,0,5,9,0,9,0,15.683333333333334,416.0,3.0,6.65,52.5,0.7204301075268817,234.099,4.073854278553528,0.525,0.7518796992481203,3.1904761904761907
2021-02-05 08:00:00,8,19,2,3,14,0,0,4,10,1,11,1,16.683333333333334,446.0,3.0,6.29,47.5,0.735632183908046,263.1173068017366,3.742080160656012,0.475,0.6359300476947536,3.3684210526315788
2021-02-05 09:00:00,9,21,2,2,17,0,0,4,8,1,9,1,17.683333333333334,504.0,3.0,6.29,52.5,0.7419354838709677,246.2473068017366,3.8144844424256186,0.525,0.6359300476947536,3.2857142857142856
2021-02-05 10:00:00,10,18,2,2,14,0,0,4,5,1,6,1,18.683333333333334,703.5,4.0,9.99,45.0,0.4411764705882353,205.2523068017366,2.834668001334668,0.45,0.4004004004004003,3.333333333333333
2021-02-05 11:00:00,11,20,0,3,16,1,0,7,5,0,5,0,18.45,54.0,4.0,9.99,50.0,0.4428571428571428,193.958,3.722172172172172,0.5,0.7007007007007007,3.1
2021-02-05 12:00:00,12,23,1,3,18,1,0,6,8,0,8,0,19.45,92.5,4.0,9.99,57.49999999999999,0.5703125,246.233,3.731254080167124,0.575,0.6006006006006006,3.1739130434782608
2021-02-05 13:00:00,13,24,2,3,19,0,0,6,9,1,10,1,20.45,97.5,4.0,9.99,60.0,0.6583333333333333,281.6863068017366,3.951976976976976,0.6,0.6006006006006006,3.2916666666666665
2021-02-05 14:00:00,14,20,1,3,16,0,0,2,6,1,7,1,21.45,174.0,4.0,9.99,50.0,0.4924242424242424,238.5463068017366,2.2756506506506504,0.5,0.2002002002002001,3.25
2021-02-05 15:00:00,15,20,1,3,15,1,0,6,5,1,6,1,22.45,75.5,4.0,9.99,50.0,0.4705882352941176,230.7863068017366,3.521921921921922,0.5,0.6006006006006006,3.2
2021-02-05 16:00:00,16,15,0,3,11,1,0,5,8,0,8,0,15.283333333333331,54.5,4.0,9.99,37.5,0.3671875,205.573,2.743234901568235,0.375,0.5005005005005005,3.1333333333333333
2021-02-05 17:00:00,17,18,0,2,15,1,0,6,10,0,10,0,16.283333333333335,100.0,4.0,9.99,45.0,0.4583333333333333,244.44800000000004,3.210168501835168,0.45,0.6006006006006006,3.055555555555556
2021-02-05 18:00:00,18,17,0,4,13,0,0,5,8,0,8,0,17.283333333333335,138.5,4.0,9.99,42.5,0.4296875,221.143,2.9942663251486783,0.425,0.5005005005005005,3.235294117647059
2021-02-05 19:00:00,19,21,0,4,17,0,0,7,8,0,8,0,18.28333333333333,198.5,4.0,9.99,52.5,0.5234375,235.363,3.9105689022355694,0.525,0.7007007007007007,3.1904761904761907
2021-02-05 20:00:00,20,19,0,3,16,0,0,9,6,0,6,0,19.28333333333333,123.0,4.0,10.38,47.5,0.4411764705882353,209.913,4.238059020383329,0.475,0.8670520231213874,3.1578947368421053
2021-02-05 21:00:00,21,18,0,4,12,2,0,3,6,0,6,0,20.28333333333333,89.5,4.0,10.38,45.0,0.4117647058823529,213.408,2.299165061014772,0.45,0.2890173410404624,3.111111111111111
2021-02-05 22:00:00,22,13,1,2,10,0,0,6,5,0,5,0,21.28333333333333,45.0,3.0,6.68,32.5,0.4095238095238095,194.923,4.0459811146936895,0.325,0.8982035928143713,3.3076923076923075
2021-02-05 23:00:00,23,15,1,2,12,0,0,5,6,0,6,0,22.28333333333333,99.0,3.0,6.68,37.5,0.4803921568627451,218.253,3.670109780439122,0.375,0.7485029940119761,3.2666666666666666
2021-02-06 00:00:00,0,14,1,3,10,0,0,3,6,0,6,0,23.28333333333333,136.5,3.0,6.68,35.0,0.4607843137254901,221.748,2.682698887938409,0.35,0.4491017964071856,3.357142857142857
2021-02-06 01:00:00,1,15,2,3,10,0,0,4,7,0,7,0,24.28333333333333,180.0,3.0,6.68,37.5,0.5252525252525253,242.933,3.375848303393214,0.375,0.5988023952095809,3.466666666666667
2021-02-06 02:00:00,2,18,2,4,12,0,0,5,7,0,7,0,7.466666666666667,240.0,3.0,6.68,45.0,0.6262626262626263,154.522,4.128176979374584,0.45,0.7485029940119761,3.4444444444444446
2021-02-06 03:00:00,3,16,2,3,10,1,0,3,8,0,8,0,8.466666666666667,287.0,3.0,6.68,40.0,0.5625,169.272,2.8657185628742514,0.4,0.4491017964071856,3.375
2021-02-06 04:00:00,4,14,2,3,8,1,0,1,8,0,8,0,9.466666666666669,347.0,3.0,6.68,35.0,0.5,170.622,1.7132591958939265,0.35,0.1497005988023952,3.4285714285714284
2021-02-06 05:00:00,5,16,2,3,10,1,0,2,8,0,8,0,10.466666666666669,407.0,3.0,6.68,40.0,0.5625,180.552,2.360479041916168,0.4,0.2994011976047904,3.375
2021-02-06 06:00:00,6,14,2,3,8,1,0,0,8,0,8,0,11.466666666666669,467.0,3.0,6.68,35.0,0.5,181.902,1.2,0.35,0.0,3.4285714285714284
2021-02-06 07:00:00,7,15,2,3,9,1,0,1,8,0,8,0,12.466666666666669,527.0,3.0,6.68,37.5,0.53125,189.687,1.7839820359281435,0.375,0.1497005988023952,3.4
2021-02-06 08:00:00,8,17,2,4,10,1,0,4,8,0,8,0,13.466666666666669,587.0,3.0,7.74,42.5,0.6041666666666666,199.617,3.213185894512844,0.425,0.5167958656330749,3.411764705882353
2021-02-06 09:00:00,9,16,1,3,9,2,1,5,5,0,5,0,14.466666666666669,634.0,3.0,7.74,40.0,0.4666666666666667,162.91199999999998,3.203359173126615,0.4,0.6459948320413437,3.0625
2021-02-06 10:00:00,10,19,1,4,14,0,0,10,6,0,6,0,15.466666666666669,630.0,4.0,11.44,47.5,0.4632352941176471,188.387,4.473417372101583,0.475,0.8741258741258741,3.3157894736842106
2021-02-06 11:00:00,11,23,1,6,16,0,0,8,7,0,7,0,14.266666666666667,626.0,4.0,11.44,57.49999999999999,0.5833333333333334,203.599,4.266137123745819,0.575,0.6993006993006993,3.347826086956522
2021-02-06 12:00:00,12,21,0,6,15,0,0,8,8,1,9,1,15.266666666666667,89.0,4.0,11.44,52.5,0.5564516129032258,232.61730680173665,4.022702297702297,0.525,0.6993006993006993,3.2857142857142856
2021-02-06 13:00:00,13,20,0,4,16,0,0,5,5,1,6,1,16.266666666666666,116.5,4.0,11.44,50.0,0.4705882352941176,195.9123068017366,2.998601398601399,0.5,0.437062937062937,3.2
2021-02-06 14:00:00,14,25,0,8,17,0,0,10,4,3,7,3,17.266666666666666,135.0,4.0,11.44,62.5,0.6287878787878788,227.41392040520984,4.977097902097902,0.625,0.8741258741258741,3.32
2021-02-06 15:00:00,15,19,0,6,13,0,0,7,4,2,6,2,18.266666666666666,48.5,4.0,11.44,47.5,0.4632352941176471,205.9156136034732,3.603892160471108,0.475,0.6118881118881119,3.3157894736842106
2021-02-06 16:00:00,16,16,0,4,12,0,0,9,2,2,4,2,4.083333333333333,85.0,4.0,11.44,40.0,0.3611111111111111,92.68661360347323,3.8568181818181815,0.4,0.7867132867132867,3.25
2021-02-06 17:00:00,17,18,0,7,11,0,0,10,4,1,5,1,5.083333333333333,136.0,4.0,11.44,45.0,0.4357142857142857,115.1483068017366,4.487315462315462,0.45,0.8741258741258741,3.388888888888889
2021-02-06 18:00:00,18,21,0,7,14,0,0,8,5,2,7,2,6.083333333333333,102.0,4.0,11.44,52.5,0.5303030303030303,154.89161360347322,4.081002331002331,0.525,0.6993006993006993,3.333333333333333
2021-02-06 19:00:00,19,22,0,5,16,0,0,10,6,1,7,1,7.083333333333333,109.0,4.0,11.44,55.00000000000001,0.5151515151515151,161.8083068017366,4.401843610934519,0.55,0.8741258741258741,3.090909090909091
2021-02-06 20:00:00,20,19,0,5,13,1,0,6,4,0,4,0,8.083333333333334,122.0,4.0,10.35,47.5,0.4236111111111111,119.945,3.386174675819985,0.475,0.5797101449275361,3.210526315789474
2021-02-06 21:00:00,21,20,0,6,14,0,0,7,5,0,5,0,9.083333333333334,125.0,4.0,10.35,50.0,0.4714285714285714,141.13,3.881884057971014,0.5,0.6763285024154588,3.3
2021-02-06 22:00:00,22,17,0,6,11,0,0,5,4,0,4,0,10.083333333333334,73.5,3.0,6.65,42.5,0.5277777777777778,126.935,3.9460084033613447,0.425,0.7518796992481203,3.3529411764705883
2021-02-06 23:00:00,23,17,0,6,11,0,0,6,5,0,5,0,7.233333333333333,120.0,3.0,6.65,42.5,0.5428571428571428,124.261,4.450210084033613,0.425,0.9022556390977444,3.3529411764705883
2021-02-07 00:00:00,0,16,0,6,10,0,0,5,5,0,5,0,7.066666666666666,180.0,3.0,6.65,40.0,0.5142857142857142,121.176,3.887593984962406,0.4,0.7518796992481203,3.375
2021-02-07 01:00:00,1,12,0,6,6,0,0,2,4,0,4,0,8.066666666666666,253.5,3.0,6.65,30.0,0.3888888888888889,104.836,2.1026315789473684,0.3,0.3007518796992481,3.5
2021-02-07 02:00:00,2,12,0,5,6,1,0,4,4,0,4,0,9.066666666666666,313.5,3.0,6.65,30.0,0.3703703703703703,110.476,3.005012531328321,0.3,0.6015037593984962,3.333333333333333
2021-02-07 03:00:00,3,12,0,5,6,1,0,5,5,0,5,0,10.066666666666666,288.0,3.0,6.65,30.0,0.3809523809523809,129.516,3.5062656641604013,0.3,0.7518796992481203,3.333333333333333
2021-02-07 04:00:00,4,12,0,6,6,0,0,2,5,2,7,2,11.066666666666666,109.0,3.0,6.65,30.0,0.4242424242424242,163.6926136034732,2.1026315789473684,0.3,0.3007518796992481,3.5
2021-02-07 05:00:00,5,12,0,6,6,0,0,1,5,2,7,2,12.066666666666666,169.0,3.0,6.65,30.0,0.4242424242424242,169.33261360347322,1.576315789473684,0.3,0.150375939849624,3.5
2021-02-07 06:00:00,6,13,0,5,8,0,0,4,5,1,6,1,13.066666666666666,348.5,3.0,6.65,32.5,0.4313725490196078,162.84930680173662,3.1358588779641408,0.325,0.6015037593984962,3.3846153846153846
2021-02-07 07:00:00,7,12,0,5,7,0,0,0,5,1,6,1,14.066666666666666,408.5,3.0,6.65,30.0,0.4019607843137255,166.3443068017366,1.025,0.3,0.0,3.4166666666666665
2021-02-07 08:00:00,8,9,0,4,5,0,0,1,5,1,6,1,13.033333333333331,468.5,3.0,6.359999999999999,22.5,0.3039215686274509,154.08130680173662,1.316579315164221,0.225,0.1572327044025157,3.4444444444444446
2021-02-07 09:00:00,9,9,0,2,7,0,0,4,2,1,3,1,14.033333333333331,314.0,3.0,6.359999999999999,22.5,0.2612612612612612,119.5213068017366,2.751554856743536,0.225,0.628930817610063,3.2222222222222223
2021-02-07 10:00:00,10,21,1,3,15,2,0,14,5,1,6,1,15.033333333333331,79.5,4.0,9.7,52.5,0.4852941176470588,191.1013068017366,6.186082474226804,0.525,1.4432989690721651,3.142857142857143
2021-02-07 11:00:00,11,23,1,4,17,1,0,10,4,2,6,2,16.033333333333335,113.0,4.0,9.7,57.49999999999999,0.5441176470588235,201.89961360347323,5.166898251904976,0.575,1.0309278350515465,3.217391304347826
2021-02-07 12:00:00,12,20,1,3,15,1,0,9,6,1,7,1,11.65,95.0,4.0,9.7,50.0,0.4848484848484848,183.2743068017366,4.569072164948454,0.5,0.9278350515463918,3.2
2021-02-07 13:00:00,13,23,1,3,18,1,0,7,6,1,7,1,12.65,79.0,4.0,9.7,57.49999999999999,0.553030303030303,195.34930680173665,4.115452711788436,0.575,0.7216494845360826,3.1739130434782608
2021-02-07 14:00:00,14,24,0,3,19,2,0,9,7,1,8,1,13.65,120.0,4.0,9.7,60.0,0.5703125,216.5343068017366,4.647164948453607,0.6,0.9278350515463918,3.0416666666666665
2021-02-07 15:00:00,15,29,0,1,22,6,0,15,6,0,6,0,14.65,71.5,4.0,9.7,72.5,0.6029411764705882,205.231,6.422555990046214,0.725,1.5463917525773196,2.827586206896552
2021-02-07 16:00:00,16,34,0,3,27,4,0,18,6,0,6,0,6.9,74.0,4.0,9.7,85.0,0.7426470588235294,172.24599999999998,8.037431776834445,0.85,1.855670103092784,2.9705882352941178
2021-02-07 17:00:00,17,34,0,3,28,3,0,15,5,0,5,0,7.9,90.0,4.0,9.7,85.0,0.7285714285714285,164.486,7.189175257731959,0.85,1.5463917525773196,3.0
2021-02-07 18:00:00,18,32,0,6,23,3,0,12,6,0,6,0,8.9,108.0,4.0,9.7,80.0,0.7279411764705882,179.23600000000002,6.302319587628865,0.8,1.2371134020618555,3.09375
2021-02-07 19:00:00,19,27,0,5,20,2,0,8,5,1,6,1,9.9,128.0,4.0,9.7,67.5,0.6176470588235294,175.0193068017366,4.665864833906071,0.675,0.8247422680412372,3.111111111111111
2021-02-07 20:00:00,20,25,0,3,22,0,0,9,5,0,5,0,10.9,176.0,4.0,10.02,62.5,0.5571428571428572,162.101,4.752395209580839,0.625,0.8982035928143713,3.12
2021-02-07 21:00:00,21,22,1,2,19,0,0,9,7,0,7,0,11.9,43.0,4.0,10.02,55.00000000000001,0.5303030303030303,188.106,4.607920522591181,0.55,0.8982035928143713,3.1818181818181817
2021-02-07 22:00:00,22,21,0,2,19,0,0,9,4,0,4,0,12.9,94.0,3.0,6.68,52.5,0.6018518518518519,151.401,5.795230966638153,0.525,1.347305389221557,3.095238095238096
2021-02-07 23:00:00,23,27,1,0,26,0,0,13,5,1,6,1,13.9,142.5,3.0,6.68,67.5,0.8137254901960784,197.5793068017366,8.057479485473499,0.675,1.9461077844311376,3.074074074074074
2021-02-08 00:00:00,0,23,1,1,21,0,0,8,6,1,7,1,9.266666666666667,200.0,3.0,6.68,57.49999999999999,0.7272727272727273,176.26730680173662,5.5490236917469415,0.575,1.1976047904191618,3.130434782608696
2021-02-08 01:00:00,1,20,0,2,18,0,0,4,6,1,7,1,10.266666666666667,260.0,3.0,6.68,50.0,0.6262626262626263,175.4723068017366,3.406287425149701,0.5,0.5988023952095809,3.1
2021-02-08 02:00:00,2,21,0,2,19,0,0,3,6,1,7,1,11.266666666666667,320.0,3.0,6.68,52.5,0.6565656565656566,183.25730680173663,3.015076988879384,0.525,0.4491017964071856,3.095238095238096
2021-02-08 03:00:00,3,23,0,2,21,0,0,3,6,1,7,1,12.266666666666667,380.0,3.0,6.68,57.49999999999999,0.7171717171717171,193.1873068017366,3.161357719343921,0.575,0.4491017964071856,3.0869565217391304
2021-02-08 04:00:00,4,18,0,1,17,0,0,2,6,0,6,0,13.266666666666667,442.5,3.0,6.68,45.0,0.5392156862745098,173.834,2.289836992681304,0.45,0.2994011976047904,3.055555555555556
2021-02-08 05:00:00,5,18,0,2,16,0,0,3,7,0,7,0,14.266666666666667,500.0,3.0,6.68,45.0,0.5656565656565656,192.874,2.797205588822356,0.45,0.4491017964071856,3.111111111111111
2021-02-08 06:00:00,6,21,0,4,17,0,0,4,8,1,9,1,15.266666666666667,467.0,3.0,6.68,52.5,0.7204301075268817,232.61730680173665,3.5854647847162826,0.525,0.5988023952095809,3.1904761904761907
2021-02-08 07:00:00,7,21,1,4,16,0,0,2,8,2,10,2,14.2,500.5,3.0,6.68,52.5,0.7666666666666667,240.86961360347323,2.7087467921300257,0.525,0.2994011976047904,3.2857142857142856
2021-02-08 08:00:00,8,25,1,4,20,0,0,6,9,3,12,3,15.2,378.0,3.0,7.68,62.5,0.9642857142857144,282.75792040520986,4.55625,0.625,0.78125,3.24
2021-02-08 09:00:00,9,19,1,3,15,0,0,3,5,3,8,3,16.2,163.0,3.0,7.68,47.5,0.6458333333333334,221.92792040520985,2.824671052631579,0.475,0.390625,3.263157894736842
2021-02-08 10:00:00,10,19,1,3,14,1,0,6,6,2,8,2,17.2,168.5,4.0,11.02,47.5,0.4765625,226.6996136034732,3.2730179577801133,0.475,0.544464609800363,3.210526315789474
2021-02-08 11:00:00,11,20,1,4,14,1,0,5,8,2,10,2,18.2,103.5,4.0,11.02,50.0,0.5416666666666666,261.2846136034732,3.09959165154265,0.5,0.4537205081669692,3.25
2021-02-08 12:00:00,12,21,1,5,14,1,0,5,9,2,11,2,19.2,147.0,4.0,11.02,52.5,0.5948275862068966,282.46961360347325,3.215795955405756,0.525,0.4537205081669692,3.2857142857142856
2021-02-08 13:00:00,13,21,0,5,16,0,0,5,9,0,9,0,20.2,207.0,4.0,11.02,52.5,0.5483870967741935,259.573,3.1691902169216144,0.525,0.4537205081669692,3.238095238095238
2021-02-08 14:00:00,14,22,0,8,14,0,0,7,7,0,7,0,21.2,228.0,4.0,11.02,55.00000000000001,0.5606060606060606,240.558,3.9866111202771823,0.55,0.6352087114337568,3.363636363636364
2021-02-08 15:00:00,15,25,0,7,18,0,0,7,8,0,8,0,22.2,157.0,4.0,11.02,62.5,0.640625,266.033,4.133484573502722,0.625,0.6352087114337568,3.28
2021-02-08 16:00:00,16,18,0,4,14,0,0,6,8,0,8,0,10.266666666666667,129.5,4.0,11.02,45.0,0.453125,183.714,3.204385964912281,0.45,0.544464609800363,3.2222222222222223
2021-02-08 17:00:00,17,16,0,5,11,0,0,2,8,0,8,0,11.266666666666667,189.5,4.0,11.02,40.0,0.4140625,185.064,1.926179673321234,0.4,0.1814882032667876,3.3125
2021-02-08 18:00:00,18,18,2,5,11,0,0,6,10,1,11,1,12.266666666666667,210.0,4.0,11.02,45.0,0.5431034482758621,236.0623068017366,3.480626134301271,0.45,0.544464609800363,3.5
2021-02-08 19:00:00,19,15,2,5,7,1,0,4,6,1,7,1,6.65,112.0,4.0,11.02,37.5,0.4015151515151515,144.34930680173662,2.607516636418633,0.375,0.3629764065335753,3.533333333333333
2021-02-08 20:00:00,20,19,2,4,10,3,0,8,6,1,7,1,6.966666666666667,151.0,4.0,9.84,47.5,0.4696969696969697,154.7153068017366,4.202973898160034,0.475,0.8130081300813008,3.263157894736842
2021-02-08 21:00:00,21,16,2,5,7,2,0,7,5,1,6,1,7.966666666666667,168.5,4.0,9.84,40.0,0.4044117647058823,140.5203068017366,3.8203760162601625,0.4,0.7113821138211383,3.4375
2021-02-08 22:00:00,22,22,1,6,11,4,0,14,6,0,6,0,8.966666666666667,76.5,3.0,6.5,55.00000000000001,0.6862745098039216,158.162,8.603146853146853,0.55,2.1538461538461537,3.1818181818181817
2021-02-08 23:00:00,23,16,0,5,10,1,0,5,4,0,4,0,9.966666666666669,98.0,3.0,6.5,40.0,0.4814814814814814,124.132,3.8,0.4,0.7692307692307693,3.25
2021-02-09 00:00:00,0,14,0,5,8,1,0,4,6,0,6,0,10.966666666666669,153.5,3.0,6.5,35.0,0.4509803921568627,152.282,3.171978021978022,0.35,0.6153846153846154,3.2857142857142856
2021-02-09 01:00:00,1,17,0,6,10,1,0,6,6,0,6,0,11.966666666666669,213.5,3.0,6.5,42.5,0.5490196078431373,164.357,4.440723981900453,0.425,0.9230769230769232,3.294117647058824
2021-02-09 02:00:00,2,16,0,7,7,2,0,2,5,1,6,1,12.966666666666669,273.5,3.0,6.5,40.0,0.5196078431372549,168.72030680173663,2.3442307692307693,0.4,0.3076923076923077,3.3125
2021-02-09 03:00:00,3,16,0,5,9,2,0,3,5,0,5,0,13.966666666666669,336.0,3.0,6.5,40.0,0.4857142857142857,160.09199999999998,2.746153846153846,0.4,0.4615384615384615,3.1875
2021-02-09 04:00:00,4,15,0,5,8,2,0,1,5,0,5,0,14.966666666666669,396.0,3.0,6.5,37.5,0.4571428571428571,163.587,1.6923076923076923,0.375,0.1538461538461538,3.2
2021-02-09 05:00:00,5,15,0,5,8,2,0,2,5,0,5,0,15.966666666666669,456.0,3.0,6.5,37.5,0.4571428571428571,169.22699999999998,2.184615384615385,0.375,0.3076923076923077,3.2
2021-02-09 06:00:00,6,15,0,5,8,2,0,0,5,0,5,0,16.966666666666665,516.0,3.0,6.5,37.5,0.4571428571428571,174.86699999999996,1.2000000000000002,0.375,0.0,3.2
2021-02-09 07:00:00,7,14,0,4,9,1,0,2,5,0,5,0,17.966666666666665,576.0,3.0,6.5,35.0,0.4285714285714285,178.36199999999997,2.114010989010989,0.35,0.3076923076923077,3.2142857142857144
2021-02-09 08:00:00,8,15,1,4,9,1,0,2,5,1,6,1,18.966666666666665,633.5,3.0,8.059999999999999,37.5,0.4901960784313725,200.4153068017366,2.077129859387924,0.375,0.2481389578163772,3.333333333333333
2021-02-09 09:00:00,9,16,1,3,10,2,0,4,4,1,5,1,12.883333333333333,696.0,3.0,8.059999999999999,40.0,0.4857142857142857,154.85030680173662,2.856885856079405,0.4,0.4962779156327544,3.1875
2021-02-09 10:00:00,10,21,2,4,13,2,0,11,3,2,5,2,13.883333333333333,622.0,4.0,11.759999999999998,52.5,0.4928571428571429,172.08361360347322,4.798372206025268,0.525,0.935374149659864,3.2857142857142856
2021-02-09 11:00:00,11,27,1,8,15,3,0,12,4,1,5,1,14.883333333333333,682.0,4.0,11.759999999999998,67.5,0.6285714285714286,189.72530680173665,5.525774754346184,0.675,1.0204081632653064,3.259259259259259
2021-02-09 12:00:00,12,33,2,6,20,5,0,11,7,2,9,2,15.883333333333333,97.0,4.0,11.759999999999998,82.5,0.8387096774193549,262.70361360347323,5.547845804988663,0.825,0.935374149659864,3.1515151515151514
2021-02-09 13:00:00,13,27,1,6,19,1,0,1,7,2,9,2,16.883333333333333,157.0,4.0,11.759999999999998,67.5,0.7096774193548387,255.4736136034732,2.477147896195515,0.675,0.0850340136054421,3.259259259259259
2021-02-09 14:00:00,14,25,1,3,20,1,0,5,6,2,8,2,7.416666666666667,173.0,4.0,11.759999999999998,62.5,0.6171875,184.3916136034732,3.318537414965987,0.625,0.4251700680272109,3.16
2021-02-09 15:00:00,15,24,0,4,20,0,0,8,8,1,9,1,7.0,117.0,4.0,11.759999999999998,60.0,0.6129032258064516,192.42830680173665,4.054195011337868,0.6,0.6802721088435375,3.1666666666666665
2021-02-09 16:00:00,16,25,1,5,19,0,0,9,8,1,9,1,8.0,104.0,4.0,11.759999999999998,62.5,0.6612903225806451,200.21330680173665,4.560204081632653,0.625,0.7653061224489798,3.28
2021-02-09 17:00:00,17,27,0,7,20,0,0,8,11,1,12,1,9.0,122.0,4.0,11.759999999999998,67.5,0.7857142857142857,250.34330680173665,4.417183169564122,0.675,0.6802721088435375,3.259259259259259
2021-02-09 18:00:00,18,26,0,8,17,1,0,6,11,1,12,1,10.0,117.5,4.0,11.759999999999998,65.0,0.7589285714285714,253.83830680173665,3.792974882260597,0.65,0.5102040816326532,3.269230769230769
2021-02-09 19:00:00,19,29,1,7,20,1,0,6,11,1,12,1,11.0,177.5,4.0,11.759999999999998,72.5,0.8482142857142857,265.9133068017366,4.046358198451794,0.725,0.5102040816326532,3.2758620689655173
2021-02-09 20:00:00,20,26,1,7,18,0,0,8,9,2,11,2,12.0,164.0,4.0,10.08,65.0,0.75,252.5866136034732,4.830677655677656,0.65,0.7936507936507936,3.3461538461538463
2021-02-09 21:00:00,21,25,1,9,14,1,0,10,9,1,10,1,13.0,178.5,4.0,10.08,62.5,0.7083333333333334,241.81330680173664,5.498015873015873,0.625,0.992063492063492,3.4
2021-02-09 22:00:00,22,19,1,4,13,1,0,8,6,1,7,1,14.0,193.0,3.0,6.38,47.5,0.6262626262626263,194.38330680173655,5.641734037287576,0.475,1.2539184952978055,3.263157894736842
2021-02-09 23:00:00,23,13,0,2,10,1,0,3,3,0,3,0,8.516666666666667,198.0,3.0,6.38,32.5,0.3603603603603603,96.119,2.4468290330359297,0.325,0.4702194357366771,3.076923076923077
2021-02-10 00:00:00,0,10,0,2,7,1,0,4,4,0,4,0,9.516666666666667,238.0,3.0,6.38,25.0,0.287037037037037,108.724,2.718573667711599,0.25,0.6269592476489029,3.1
2021-02-10 01:00:00,1,11,0,2,6,3,0,5,3,0,3,0,10.516666666666667,318.0,3.0,6.38,27.500000000000004,0.2882882882882883,103.109,3.079851809632374,0.275,0.7836990595611285,2.909090909090909
2021-02-10 02:00:00,2,10,0,3,6,1,0,3,4,0,4,0,11.516666666666667,358.0,3.0,6.38,25.0,0.2962962962962963,120.00400000000002,2.304702194357367,0.25,0.4702194357366771,3.2
2021-02-10 03:00:00,3,12,0,2,9,1,0,5,5,0,5,0,12.516666666666667,398.0,3.0,6.38,30.0,0.3523809523809524,143.334,3.3414054336468126,0.3,0.7836990595611285,3.083333333333333
2021-02-10 04:00:00,4,14,0,3,10,1,0,3,7,0,7,0,13.516666666666667,139.0,3.0,6.38,35.0,0.4444444444444444,180.064,2.577832512315271,0.35,0.4702194357366771,3.142857142857143
2021-02-10 05:00:00,5,15,0,2,12,1,0,5,7,0,7,0,14.516666666666667,199.0,3.0,6.38,37.5,0.4646464646464646,187.849,3.553343782654127,0.375,0.7836990595611285,3.066666666666667
2021-02-10 06:00:00,6,10,0,2,7,1,0,2,7,0,7,0,15.516666666666667,259.0,3.0,6.38,25.0,0.3131313131313131,182.764,1.7467868338557997,0.25,0.3134796238244514,3.1
2021-02-10 07:00:00,7,10,0,2,7,1,0,1,7,0,7,0,16.516666666666666,319.0,3.0,6.38,25.0,0.3131313131313131,188.404,1.2608934169278998,0.25,0.1567398119122257,3.1
2021-02-10 08:00:00,8,10,0,2,7,1,0,0,7,0,7,0,17.516666666666666,379.0,3.0,8.03,25.0,0.3131313131313131,194.044,0.775,0.25,0.0,3.1
2021-02-10 09:00:00,9,20,1,7,11,1,0,11,9,1,10,1,18.516666666666666,311.5,3.0,8.03,50.0,0.7555555555555555,262.2023068017366,6.357534246575343,0.5,1.3698630136986305,3.4
2021-02-10 10:00:00,10,24,2,9,12,1,0,9,11,2,13,2,19.516666666666666,81.0,4.0,11.28,60.0,0.7777777777777778,317.4906136034732,4.892553191489362,0.6,0.797872340425532,3.5
2021-02-10 11:00:00,11,28,2,12,12,2,0,8,12,4,16,4,14.633333333333333,119.0,4.0,11.28,70.0,1.0208333333333333,340.46522720694645,4.932269503546099,0.7,0.7092198581560284,3.5
2021-02-10 12:00:00,12,32,2,12,17,1,0,7,11,5,16,5,15.633333333333333,174.5,4.0,11.28,80.0,1.15625,355.5535340086831,4.927593085106383,0.8,0.6205673758865249,3.46875
2021-02-10 13:00:00,13,25,0,11,13,1,0,4,7,3,10,3,16.633333333333333,225.0,4.0,11.28,62.5,0.7083333333333334,264.04192040520985,3.3306737588652484,0.625,0.3546099290780142,3.4
2021-02-10 14:00:00,14,21,0,8,13,0,0,7,7,3,10,3,17.633333333333333,229.5,4.0,11.28,52.5,0.5916666666666667,261.10192040520985,3.873108747044917,0.525,0.6205673758865249,3.380952380952381
2021-02-10 15:00:00,15,14,0,5,9,0,0,7,5,1,6,1,8.6,166.0,4.0,11.28,35.0,0.3455882352941176,139.80230680173662,3.2583333333333337,0.35,0.6205673758865249,3.357142857142857
2021-02-10 16:00:00,16,21,1,8,12,0,0,12,5,3,8,3,9.6,102.0,4.0,11.28,52.5,0.5703125,188.99392040520985,5.52307497467072,0.525,1.0638297872340423,3.4761904761904763
2021-02-10 17:00:00,17,20,1,9,10,0,0,3,5,3,8,3,7.966666666666667,117.5,4.0,11.28,50.0,0.5546875,177.63692040520982,2.7191489361702126,0.5,0.2659574468085106,3.55
2021-02-10 18:00:00,18,21,1,10,10,0,0,4,6,3,9,3,8.966666666666667,155.0,4.0,11.28,52.5,0.6048387096774194,198.82192040520985,3.1414640324214798,0.525,0.3546099290780142,3.571428571428572
2021-02-10 19:00:00,19,16,0,7,9,0,0,4,2,2,4,2,4.766666666666667,158.5,4.0,11.28,40.0,0.3819444444444444,96.54061360347325,2.5939716312056738,0.4,0.3546099290780142,3.4375
2021-02-10 20:00:00,20,16,1,6,9,0,0,8,2,0,2,0,5.766666666666667,66.0,4.0,9.85,40.0,0.3684210526315789,73.644,4.242639593908629,0.4,0.8121827411167513,3.5
2021-02-10 21:00:00,21,20,1,4,13,2,0,9,1,0,1,0,5.416666666666667,66.0,4.0,9.85,50.0,0.4102564102564102,66.85,4.523857868020305,0.5,0.9137055837563453,3.2
2021-02-10 22:00:00,22,23,0,6,14,3,0,11,2,1,3,1,6.416666666666667,31.0,3.0,6.6,57.49999999999999,0.6486486486486487,106.59330680173662,7.017391304347827,0.575,1.6666666666666667,3.130434782608696
2021-02-10 23:00:00,23,18,0,4,12,2,0,7,2,0,2,0,7.3,76.0,3.0,6.6,45.0,0.4912280701754385,86.582,4.6996632996633,0.45,1.0606060606060606,3.111111111111111
2021-02-11 00:00:00,0,16,0,4,11,1,0,8,3,0,3,0,8.3,121.0,3.0,6.6,40.0,0.4594594594594595,101.33200000000002,5.138636363636365,0.4,1.2121212121212122,3.1875
2021-02-11 01:00:00,1,13,0,4,8,1,0,5,4,1,5,1,9.3,80.0,3.0,6.6,32.5,0.4,128.2053068017366,3.4975524475524478,0.325,0.7575757575757576,3.230769230769231
2021-02-11 02:00:00,2,16,0,4,11,1,0,6,3,1,4,1,10.3,190.5,3.0,6.6,40.0,0.4722222222222222,126.8803068017366,4.172727272727273,0.4,0.9090909090909092,3.1875
2021-02-11 03:00:00,3,18,0,5,12,1,0,6,4,1,5,1,11.3,200.0,3.0,6.6,45.0,0.5523809523809524,150.2103068017366,4.379292929292929,0.45,0.9090909090909092,3.2222222222222223
2021-02-11 04:00:00,4,18,0,5,12,1,0,3,4,1,5,1,12.3,260.0,3.0,6.6,45.0,0.5523809523809524,155.85030680173662,2.9146464646464647,0.45,0.4545454545454546,3.2222222222222223
2021-02-11 05:00:00,5,15,0,5,9,1,0,2,5,1,6,1,13.3,304.0,3.0,6.6,37.5,0.4803921568627451,168.4553068017366,2.2148989898989897,0.375,0.303030303030303,3.2666666666666666
2021-02-11 06:00:00,6,16,0,5,10,1,0,1,5,1,6,1,14.3,364.0,3.0,6.6,40.0,0.5098039215686274,176.2403068017366,1.7924242424242425,0.4,0.1515151515151515,3.25
2021-02-11 07:00:00,7,15,0,6,8,1,0,1,5,1,6,1,15.3,424.0,3.0,6.6,37.5,0.4901960784313725,179.7353068017366,1.755050505050505,0.375,0.1515151515151515,3.333333333333333
2021-02-11 08:00:00,8,18,0,5,11,2,0,8,7,1,8,1,16.3,392.5,3.0,8.03,45.0,0.59375,218.6103068017366,4.579836031548361,0.45,0.9962640099626402,3.1666666666666665
2021-02-11 09:00:00,9,22,0,4,17,1,0,9,5,1,6,1,17.3,189.0,3.0,8.03,55.00000000000001,0.6764705882352942,206.03030680173663,5.2402269896977245,0.55,1.1207970112079702,3.136363636363636
2021-02-11 10:00:00,10,21,2,3,14,2,0,6,3,3,6,3,18.3,124.5,4.0,11.28,52.5,0.5,211.26192040520985,3.422391084093212,0.525,0.5319148936170213,3.238095238095238
2021-02-11 11:00:00,11,25,3,3,18,1,0,13,3,3,6,3,19.3,38.0,4.0,11.28,62.5,0.6102941176470589,225.48192040520985,5.901241134751773,0.625,1.1524822695035462,3.32
2021-02-11 12:00:00,12,24,3,5,16,0,0,7,5,3,8,3,20.3,72.0,4.0,11.28,60.0,0.6484375,255.77692040520984,4.221128841607566,0.6,0.6205673758865249,3.458333333333333
2021-02-11 13:00:00,13,31,4,7,20,0,0,12,6,5,11,5,21.3,124.0,4.0,11.28,77.5,0.9310344827586208,318.36853400868307,6.406245710363761,0.775,1.0638297872340423,3.4838709677419355
2021-02-11 14:00:00,14,29,3,5,21,0,0,5,6,4,10,4,22.3,175.5,4.0,11.28,72.5,0.8166666666666667,305.45022720694647,3.947921252139888,0.725,0.4432624113475177,3.3793103448275863
2021-02-11 15:00:00,15,25,3,6,16,0,0,8,6,3,9,3,23.3,234.0,4.0,11.28,62.5,0.7016129032258065,288.24192040520984,4.643085106382979,0.625,0.7092198581560284,3.48
2021-02-11 16:00:00,16,16,2,5,9,0,0,3,4,2,6,2,24.3,252.0,4.0,11.28,40.0,0.4191176470588235,233.50861360347324,2.3724734042553197,0.4,0.2659574468085106,3.5625
2021-02-11 17:00:00,17,14,2,5,7,0,0,3,4,2,6,2,25.3,312.0,4.0,11.28,35.0,0.375,234.85861360347323,2.2438449848024318,0.35,0.2659574468085106,3.642857142857143
2021-02-11 18:00:00,18,14,1,4,9,0,0,7,4,1,5,1,26.3,330.0,4.0,11.28,35.0,0.3428571428571428,226.23030680173665,3.327659574468085,0.35,0.6205673758865249,3.4285714285714284
2021-02-11 19:00:00,19,14,1,4,9,0,0,7,3,1,4,1,27.3,383.0,4.0,11.28,35.0,0.3333333333333333,218.47030680173663,3.327659574468085,0.35,0.6205673758865249,3.4285714285714284
2021-02-11 20:00:00,20,18,0,4,14,0,0,9,5,0,5,0,28.3,106.0,4.0,9.97,45.0,0.4142857142857143,245.222,4.358726178535607,0.45,0.9027081243731194,3.2222222222222223
2021-02-11 21:00:00,21,17,0,2,15,0,0,6,4,0,4,0,10.066666666666666,82.5,4.0,9.97,42.5,0.3680555555555556,126.841,3.201216885951974,0.425,0.6018054162487463,3.117647058823529
2021-02-11 22:00:00,22,17,0,2,14,1,0,7,4,1,5,1,4.95,49.0,3.0,6.72,42.5,0.4952380952380952,112.2513068017366,4.486274509803922,0.425,1.0416666666666667,3.0588235294117645
2021-02-11 23:00:00,23,21,0,2,15,4,0,10,5,1,6,1,5.95,105.5,3.0,6.72,52.5,0.5980392156862745,139.8713068017366,5.847562358276644,0.525,1.488095238095238,2.9047619047619047
2021-02-12 00:00:00,0,14,0,3,9,2,0,2,5,1,6,1,6.95,165.5,3.0,6.72,35.0,0.4215686274509804,130.4963068017366,1.9891156462585036,0.35,0.2976190476190476,3.071428571428572
2021-02-12 01:00:00,1,13,0,2,11,0,0,4,5,1,6,1,7.95,225.5,3.0,6.72,32.5,0.4019607843137255,133.9913068017366,2.902289377289377,0.325,0.5952380952380952,3.1538461538461537
2021-02-12 02:00:00,2,15,0,2,12,1,0,4,5,1,6,1,8.95,285.5,3.0,6.72,37.5,0.4509803921568627,143.9213068017366,2.975396825396825,0.375,0.5952380952380952,3.066666666666667
2021-02-12 03:00:00,3,17,0,3,14,0,0,6,7,1,8,1,9.95,329.0,3.0,6.72,42.5,0.5625,180.6513068017366,4.186134453781512,0.425,0.8928571428571429,3.176470588235294
2021-02-12 04:00:00,4,16,0,3,13,0,0,1,7,0,7,0,10.95,376.0,3.0,6.72,40.0,0.5151515151515151,169.878,1.7493303571428571,0.4,0.1488095238095238,3.1875
2021-02-12 05:00:00,5,18,0,3,12,3,0,5,7,0,7,0,11.95,436.0,3.0,6.72,45.0,0.5454545454545454,179.808,3.5821428571428573,0.45,0.7440476190476191,3.0
2021-02-12 06:00:00,6,18,0,3,13,2,0,3,8,0,8,0,12.95,485.0,3.0,6.72,45.0,0.5729166666666666,198.848,2.7390873015873014,0.45,0.4464285714285714,3.055555555555556
2021-02-12 07:00:00,7,20,1,3,15,1,0,4,9,1,10,1,13.95,416.5,3.0,6.72,50.0,0.7111111111111111,236.44630680173665,3.504761904761905,0.5,0.5952380952380952,3.2
2021-02-12 08:00:00,8,21,1,3,15,2,0,4,9,1,10,1,14.95,476.5,3.0,8.03,52.5,0.7333333333333333,244.2313068017366,3.215557729941292,0.525,0.4981320049813201,3.142857142857143
2021-02-12 09:00:00,9,17,0,3,12,2,0,5,7,0,7,0,15.95,236.0,3.0,8.03,42.5,0.5252525252525253,200.223,3.2046223719874,0.425,0.6226650062266501,3.0588235294117645
2021-02-12 10:00:00,10,25,0,3,21,1,0,16,9,0,9,0,16.95,93.0,4.0,11.28,62.5,0.6209677419354839,249.823,6.293794326241136,0.625,1.4184397163120568,3.08
2021-02-12 11:00:00,11,29,0,2,24,3,0,13,9,0,9,0,15.0,150.0,4.0,11.28,72.5,0.6935483870967742,247.405,5.567706040596724,0.725,1.1524822695035462,2.9655172413793105
2021-02-12 12:00:00,12,27,0,1,25,1,0,10,7,0,7,0,16.0,142.0,4.0,11.28,67.5,0.6136363636363636,221.955,4.684574468085106,0.675,0.8865248226950355,3.0
2021-02-12 13:00:00,13,26,0,1,25,0,0,11,7,0,7,0,10.4,178.0,4.0,11.28,65.0,0.5984848484848485,188.226,4.93803873431533,0.65,0.975177304964539,3.0384615384615383
2021-02-12 14:00:00,14,30,0,3,26,1,0,11,10,0,10,0,11.4,107.0,4.0,11.28,75.0,0.7666666666666667,242.646,5.2905437352245865,0.75,0.975177304964539,3.066666666666667
2021-02-12 15:00:00,15,38,0,4,34,0,0,17,12,0,12,0,12.4,128.0,4.0,11.28,95.0,1.0535714285714286,292.246,7.629917879805897,0.95,1.5070921985815604,3.1052631578947367
2021-02-12 16:00:00,16,28,0,4,24,0,0,4,12,0,12,0,13.4,160.0,4.0,11.28,70.0,0.7857142857142857,276.43600000000004,3.314488348530902,0.7,0.3546099290780142,3.142857142857143
2021-02-12 17:00:00,17,32,0,4,28,0,0,14,10,0,10,0,14.4,190.5,4.0,11.28,80.0,0.8333333333333334,263.856,6.37854609929078,0.8,1.2411347517730498,3.125
2021-02-12 18:00:00,18,23,0,4,19,0,0,6,9,0,9,0,15.4,145.0,4.0,11.28,57.49999999999999,0.5887096774193549,236.791,3.513251618871415,0.575,0.5319148936170213,3.1739130434782608
2021-02-12 19:00:00,19,18,0,3,15,0,0,4,6,0,6,0,13.933333333333334,131.0,4.0,11.28,45.0,0.4191176470588235,177.594,2.5479314420803783,0.45,0.3546099290780142,3.1666666666666665
2021-02-12 20:00:00,20,18,0,4,14,0,0,9,4,1,5,1,11.166666666666666,165.0,4.0,10.05,45.0,0.4142857142857143,149.4583068017366,4.3355721393034825,0.45,0.8955223880597014,3.2222222222222223
2021-02-12 21:00:00,21,20,0,3,16,1,0,13,2,1,3,1,12.166666666666666,222.0,4.0,10.05,50.0,0.4189189189189189,132.58830680173662,5.559950248756219,0.5,1.2935323383084576,3.1
2021-02-12 22:00:00,22,24,0,4,17,2,1,11,1,1,2,1,13.166666666666666,18.5,3.0,6.8,60.0,0.631578947368421,133.4083068017366,6.652941176470589,0.6,1.6176470588235294,3.0
2021-02-12 23:00:00,23,25,1,4,18,1,1,12,3,1,4,1,14.166666666666666,65.0,3.0,6.8,62.5,0.7222222222222222,167.9933068017366,7.455882352941177,0.625,1.7647058823529411,3.12
2021-02-13 00:00:00,0,30,1,6,21,1,1,13,4,1,5,1,15.166666666666666,63.0,3.0,6.8,75.0,0.9047619047619048,197.7583068017366,8.428921568627452,0.75,1.911764705882353,3.1666666666666665
2021-02-13 01:00:00,1,29,1,6,20,1,1,4,4,1,5,1,16.166666666666668,123.0,3.0,6.8,72.5,0.8761904761904762,201.2533068017366,4.166125760649088,0.725,0.5882352941176471,3.1724137931034484
2021-02-13 02:00:00,2,28,1,5,19,2,1,7,5,1,6,1,17.166666666666668,165.5,3.0,6.8,70.0,0.8529411764705882,218.14830680173665,5.373529411764706,0.7,1.0294117647058825,3.107142857142857
2021-02-13 03:00:00,3,26,1,5,18,1,1,3,5,1,6,1,18.166666666666668,225.5,3.0,6.8,65.0,0.803921568627451,219.49830680173665,3.441402714932127,0.65,0.4411764705882353,3.1538461538461537
2021-02-13 04:00:00,4,23,1,5,15,1,1,2,6,1,7,1,19.166666666666668,268.0,3.0,6.8,57.49999999999999,0.7373737373737373,232.1033068017366,2.758503836317136,0.575,0.2941176470588235,3.1739130434782608
2021-02-13 05:00:00,5,25,1,5,17,1,1,4,8,1,9,1,20.166666666666668,321.0,3.0,6.8,62.5,0.8494623655913979,268.8333068017366,3.833823529411765,0.625,0.5882352941176471,3.16
2021-02-13 06:00:00,6,24,1,5,16,1,1,2,6,1,7,1,21.166666666666668,388.0,3.0,6.8,60.0,0.7676767676767676,245.52830680173665,2.831372549019608,0.6,0.2941176470588235,3.1666666666666665
2021-02-13 07:00:00,7,27,2,6,17,1,1,4,8,0,8,0,22.166666666666668,384.5,3.0,6.8,67.5,0.9166666666666666,270.135,4.117211328976034,0.675,0.5882352941176471,3.259259259259259
2021-02-13 08:00:00,8,24,2,6,14,1,1,7,8,0,8,0,23.166666666666668,444.5,3.0,6.66,60.0,0.8229166666666666,269.34000000000003,5.43470970970971,0.6,1.0510510510510511,3.2916666666666665
2021-02-13 09:00:00,9,29,1,6,17,4,1,12,7,1,8,1,24.166666666666668,164.0,3.0,6.66,72.5,0.9270833333333334,286.57330680173663,7.754667598633116,0.725,1.8018018018018016,3.0689655172413794
2021-02-13 10:00:00,10,31,1,7,21,2,0,17,8,1,9,1,12.783333333333331,75.0,4.0,10.36,77.5,0.8064516129032258,240.06130680173663,7.793311744924647,0.775,1.640926640926641,3.225806451612903
2021-02-13 11:00:00,11,28,1,5,16,6,0,11,9,1,10,1,13.383333333333333,128.0,4.0,10.36,70.0,0.7083333333333334,250.41030680173665,5.348248758963044,0.7,1.061776061776062,3.0357142857142856
2021-02-13 12:00:00,12,20,1,4,13,2,0,7,9,0,9,0,14.383333333333333,189.0,4.0,10.36,50.0,0.5161290322580645,224.622,3.7621621621621615,0.5,0.6756756756756757,3.2
2021-02-13 13:00:00,13,22,1,3,17,1,0,9,6,0,6,0,14.933333333333334,214.0,4.0,10.36,55.00000000000001,0.5147058823529411,191.814,4.514127764127764,0.55,0.8687258687258688,3.1818181818181817
2021-02-13 14:00:00,14,21,1,3,14,3,0,15,5,0,5,0,15.933333333333334,46.0,4.0,10.36,52.5,0.4642857142857143,181.909,6.1065223386651954,0.525,1.447876447876448,3.095238095238096
2021-02-13 15:00:00,15,23,2,4,15,2,0,14,6,0,6,0,16.933333333333334,72.5,4.0,10.36,57.49999999999999,0.5514705882352942,205.239,6.281580493537015,0.575,1.351351351351351,3.260869565217391
2021-02-13 16:00:00,16,25,3,5,12,5,0,13,7,0,7,0,17.933333333333334,61.0,4.0,10.36,62.5,0.6136363636363636,228.569,6.0906370656370665,0.625,1.254826254826255,3.24
2021-02-13 17:00:00,17,24,2,3,13,5,1,8,8,0,8,0,18.933333333333334,82.5,4.0,10.36,60.0,0.5625,245.464,4.116602316602316,0.6,0.7722007722007722,3.0
2021-02-13 18:00:00,18,21,2,2,13,3,1,7,7,0,7,0,19.933333333333334,144.0,4.0,10.36,52.5,0.4848484848484848,231.269,3.6592020592020593,0.525,0.6756756756756757,3.0476190476190474
2021-02-13 19:00:00,19,19,1,4,9,4,1,12,4,0,4,0,6.133333333333334,49.0,4.0,10.36,47.5,0.3958333333333333,108.947,4.899903474903475,0.475,1.1583011583011584,3.0
2021-02-13 20:00:00,20,16,0,4,9,2,1,6,6,0,6,0,7.133333333333334,43.0,4.0,11.16,40.0,0.3529411764705882,134.952,2.812903225806452,0.4,0.5376344086021505,3.0
2021-02-13 21:00:00,21,22,0,4,14,3,1,12,7,0,7,0,8.133333333333333,85.0,4.0,11.16,55.00000000000001,0.4924242424242424,166.862,4.801930596285435,0.55,1.075268817204301,2.9545454545454546
2021-02-13 22:00:00,22,28,0,7,19,2,0,14,7,0,7,0,9.133333333333333,125.0,3.0,7.46,70.0,0.898989898989899,185.372,8.190147453083108,0.7,1.876675603217158,3.1785714285714284
2021-02-13 23:00:00,23,26,0,3,21,2,0,9,5,0,5,0,10.133333333333333,159.0,3.0,7.46,65.0,0.7523809523809524,159.922,5.640704268921426,0.65,1.206434316353887,3.0384615384615383
2021-02-14 00:00:00,0,29,0,1,26,2,0,10,6,0,6,0,11.133333333333333,193.0,3.0,7.46,72.5,0.8431372549019608,185.397,6.125224184154572,0.725,1.3404825737265416,2.9655172413793105
2021-02-14 01:00:00,1,27,0,2,23,2,0,6,6,0,6,0,12.133333333333333,253.0,3.0,7.46,67.5,0.7941176470588235,186.747,4.437868632707774,0.675,0.8042895442359249,3.0
2021-02-14 02:00:00,2,26,0,3,21,2,0,4,7,0,7,0,13.133333333333333,183.0,3.0,7.46,65.0,0.797979797979798,203.642,3.604201897298412,0.65,0.5361930294906166,3.0384615384615383
2021-02-14 03:00:00,3,21,0,3,16,2,0,4,6,0,6,0,14.133333333333333,308.5,3.0,7.46,52.5,0.6274509803921569,185.157,3.234112089876165,0.525,0.5361930294906166,3.0476190476190474
2021-02-14 04:00:00,4,19,0,2,15,2,0,2,7,0,7,0,15.133333333333333,278.0,3.0,7.46,47.5,0.5757575757575758,199.907,2.2292895442359253,0.475,0.2680965147453083,3.0
2021-02-14 05:00:00,5,18,0,2,14,2,0,1,7,0,7,0,16.133333333333333,338.0,3.0,7.46,45.0,0.5454545454545454,203.402,1.7521447721179626,0.45,0.1340482573726541,3.0
2021-02-14 06:00:00,6,16,0,2,12,2,0,0,7,0,7,0,17.133333333333333,398.0,3.0,7.46,40.0,0.4848484848484848,204.752,1.2000000000000002,0.4,0.0,3.0
2021-02-14 07:00:00,7,16,0,2,12,2,0,2,7,0,7,0,18.133333333333333,458.0,3.0,7.46,40.0,0.4848484848484848,210.392,2.004289544235925,0.4,0.2680965147453083,3.0
2021-02-14 08:00:00,8,16,0,2,12,2,0,2,7,0,7,0,19.133333333333333,518.0,3.0,6.68,40.0,0.4848484848484848,216.032,2.098203592814372,0.4,0.2994011976047904,3.0
2021-02-14 09:00:00,9,19,0,2,12,5,0,9,7,0,7,0,20.133333333333333,303.0,3.0,6.68,47.5,0.5454545454545454,228.107,5.179183737787582,0.475,1.347305389221557,2.8421052631578947
2021-02-14 10:00:00,10,28,0,2,19,6,1,16,6,0,6,0,21.133333333333333,230.0,4.0,10.38,70.0,0.5735294117647058,239.652,6.243971924029728,0.7,1.5414258188824663,2.7857142857142856
2021-02-14 11:00:00,11,38,1,5,25,6,1,17,8,1,9,1,22.133333333333333,143.0,4.0,10.38,95.0,0.9112903225806452,307.8103068017366,7.695195720515162,0.95,1.637764932562621,2.973684210526316
2021-02-14 12:00:00,12,34,1,3,24,6,0,14,7,1,8,1,23.133333333333333,117.0,4.0,10.38,85.0,0.7890625,291.47030680173657,6.531573727756999,0.85,1.348747591522158,2.9705882352941178
2021-02-14 13:00:00,13,36,1,2,25,8,0,6,9,0,9,0,24.133333333333333,146.0,4.0,10.38,90.0,0.8387096774193549,313.932,4.2698779704560055,0.9,0.5780346820809249,2.888888888888889
2021-02-14 14:00:00,14,36,1,1,25,9,0,11,10,0,10,0,25.133333333333333,203.5,4.0,10.38,90.0,0.85,332.972,5.552569043031472,0.9,1.0597302504816957,2.833333333333333
2021-02-14 15:00:00,15,28,1,1,19,6,1,11,6,0,6,0,26.133333333333333,176.0,4.0,10.38,70.0,0.5808823529411765,267.852,4.964953206716213,0.7,1.0597302504816957,2.821428571428572
2021-02-14 16:00:00,16,19,0,1,12,6,0,8,3,0,3,0,27.133333333333333,239.0,4.0,10.38,47.5,0.3513513513513513,213.987,3.4093195416286384,0.475,0.7707129094412332,2.736842105263158
2021-02-14 17:00:00,17,25,1,2,15,6,1,13,4,1,5,1,28.133333333333333,190.0,4.0,10.38,62.5,0.5071428571428571,260.1653068017366,5.331840077071291,0.625,1.252408477842004,2.84
2021-02-14 18:00:00,18,21,1,2,15,3,0,7,3,1,4,1,29.133333333333333,53.0,4.0,10.38,52.5,0.4444444444444444,243.8253068017366,3.6552344251766216,0.525,0.674373795761079,3.0476190476190474
2021-02-14 19:00:00,19,21,1,3,13,4,0,9,5,1,6,1,30.133333333333333,80.5,4.0,10.38,52.5,0.4705882352941176,276.26530680173664,4.242444260941372,0.525,0.8670520231213874,3.0476190476190474
2021-02-14 20:00:00,20,23,0,2,15,6,0,13,5,0,5,0,31.133333333333333,77.0,4.0,10.08,57.49999999999999,0.4642857142857143,271.927,5.269755003450656,0.575,1.2896825396825398,2.8260869565217392
2021-02-14 21:00:00,21,27,1,1,17,8,0,12,6,1,7,1,32.13333333333333,125.0,4.0,10.08,67.5,0.5757575757575758,313.8153068017366,5.250970017636685,0.675,1.1904761904761905,2.814814814814815
2021-02-14 22:00:00,22,22,1,2,15,4,0,11,6,1,7,1,33.13333333333333,171.0,3.0,6.38,55.00000000000001,0.6666666666666666,308.73030680173656,6.822413793103449,0.55,1.7241379310344829,3.0
2021-02-14 23:00:00,23,23,1,1,17,4,0,9,5,1,6,1,34.13333333333333,206.5,3.0,6.38,57.49999999999999,0.6666666666666666,303.1153068017366,5.870641951751397,0.575,1.4106583072100314,2.9565217391304346
2021-02-15 00:00:00,0,22,0,1,16,5,0,5,5,0,5,0,35.13333333333333,305.0,3.0,6.38,55.00000000000001,0.5904761904761905,292.342,3.758606440581363,0.55,0.7836990595611285,2.8181818181818183
2021-02-15 01:00:00,1,20,0,1,14,5,0,3,5,0,5,0,36.13333333333333,365.0,3.0,6.38,50.0,0.5333333333333333,293.692,2.716614420062696,0.5,0.4702194357366771,2.8
2021-02-15 02:00:00,2,20,0,1,14,5,0,3,5,0,5,0,37.13333333333333,425.0,3.0,6.38,50.0,0.5333333333333333,299.332,2.716614420062696,0.5,0.4702194357366771,2.8
2021-02-15 03:00:00,3,23,1,1,16,5,0,6,6,0,6,0,38.13333333333333,403.0,3.0,6.38,57.49999999999999,0.6568627450980392,324.807,4.4145393212484665,0.575,0.9404388714733544,2.9130434782608696
2021-02-15 04:00:00,4,26,1,1,18,6,0,6,8,0,8,0,39.13333333333333,361.0,3.0,6.38,65.0,0.78125,363.682,4.587804436942368,0.65,0.9404388714733544,2.8846153846153846
2021-02-15 05:00:00,5,23,1,2,15,5,0,3,7,0,7,0,40.13333333333333,441.0,3.0,6.38,57.49999999999999,0.6868686868686869,349.487,3.090213983917132,0.575,0.4702194357366771,2.9565217391304346
2021-02-15 06:00:00,6,24,1,2,16,5,0,3,7,0,7,0,41.13333333333333,501.0,3.0,6.38,60.0,0.7171717171717171,357.272,3.166065830721004,0.6,0.4702194357366771,2.958333333333333
2021-02-15 07:00:00,7,23,1,2,15,5,0,2,7,0,7,0,42.13333333333333,561.0,3.0,6.38,57.49999999999999,0.6868686868686869,360.767,2.6268093226114213,0.575,0.3134796238244514,2.9565217391304346
2021-02-15 08:00:00,8,20,1,1,13,5,0,6,8,0,8,0,43.13333333333333,601.0,3.0,6.66,50.0,0.6041666666666666,373.372,4.062612612612613,0.5,0.9009009009009008,2.9
2021-02-15 09:00:00,9,23,0,5,12,6,0,10,7,0,7,0,44.13333333333333,79.0,3.0,6.66,57.49999999999999,0.6868686868686869,372.047,6.139221830526177,0.575,1.5015015015015014,2.9565217391304346
2021-02-15 10:00:00,10,24,0,7,14,3,0,10,6,1,7,1,45.13333333333333,110.0,4.0,10.36,60.0,0.5757575757575758,380.7003068017366,4.956628056628056,0.6,0.9652509652509652,3.1666666666666665
2021-02-15 11:00:00,11,29,0,9,19,1,0,16,7,1,8,1,46.13333333333333,164.5,4.0,10.36,72.5,0.7421875,410.46530680173663,7.434246438556784,0.725,1.5444015444015444,3.2758620689655173
2021-02-15 12:00:00,12,36,0,8,26,2,0,21,9,1,10,1,47.13333333333333,103.5,4.0,10.36,90.0,0.95,457.9203068017366,9.26891891891892,0.9,2.027027027027027,3.1666666666666665
2021-02-15 13:00:00,13,40,0,8,30,2,0,11,11,2,13,2,48.13333333333333,95.0,4.0,10.36,100.0,1.1666666666666667,513.2086136034732,6.494594594594594,1.0,1.061776061776062,3.15
2021-02-15 14:00:00,14,37,0,10,26,1,0,10,9,2,11,2,5.783333333333333,144.0,4.0,10.36,92.5,1.0344827586206895,241.11961360347323,6.1305436710842125,0.925,0.9652509652509652,3.2432432432432434
2021-02-15 15:00:00,15,40,0,12,27,1,0,12,9,2,11,2,6.783333333333333,204.0,4.0,10.36,100.0,1.1293103448275863,253.1946136034732,7.068436293436294,1.0,1.1583011583011584,3.275
2021-02-15 16:00:00,16,38,0,13,24,1,0,11,9,2,11,2,7.783333333333333,255.0,4.0,10.36,95.0,1.0862068965517242,254.5446136034732,6.670625889046942,0.95,1.061776061776062,3.3157894736842106
2021-02-15 17:00:00,17,36,0,16,20,0,0,12,7,3,10,3,7.65,183.0,4.0,10.36,90.0,1.0333333333333334,236.97092040520985,7.089703989703991,0.9,1.1583011583011584,3.4444444444444446
2021-02-15 18:00:00,18,35,0,10,25,0,0,16,9,2,11,2,8.65,116.0,4.0,10.36,87.5,0.9913793103448276,252.99761360347327,7.94946221731936,0.875,1.5444015444015444,3.2857142857142856
2021-02-15 19:00:00,19,26,0,7,18,1,0,8,6,2,8,2,8.516666666666667,174.0,4.0,10.36,65.0,0.65625,192.7406136034732,4.594802494802496,0.65,0.7722007722007722,3.230769230769231
2021-02-15 20:00:00,20,11,0,3,6,2,0,3,3,1,4,1,8.883333333333333,129.0,4.0,11.16,27.500000000000004,0.2361111111111111,108.16530680173662,1.68088954056696,0.275,0.2688172043010752,3.090909090909091
2021-02-15 21:00:00,21,19,0,7,11,1,0,13,5,2,7,2,9.883333333333333,31.0,4.0,11.16,47.5,0.4772727272727273,172.0336136034732,5.437478777589135,0.475,1.1648745519713262,3.3157894736842106
2021-02-15 22:00:00,22,20,0,6,13,1,0,10,3,1,4,1,10.883333333333333,77.5,3.0,7.46,50.0,0.6018518518518519,138.7503068017366,5.98156836461126,0.5,1.3404825737265416,3.25
2021-02-15 23:00:00,23,16,0,4,12,0,0,10,3,1,4,1,11.883333333333333,103.5,3.0,7.46,40.0,0.4814814814814814,135.8103068017366,5.6565683646112594,0.4,1.3404825737265416,3.25
2021-02-16 00:00:00,0,16,0,3,13,0,0,7,4,0,4,0,12.883333333333333,128.0,3.0,7.46,40.0,0.4722222222222222,140.582,4.2659517426273466,0.4,0.938337801608579,3.1875
2021-02-16 01:00:00,1,15,0,3,12,0,0,2,4,0,4,0,13.883333333333333,188.0,3.0,7.46,37.5,0.4444444444444444,144.077,2.0579088471849865,0.375,0.2680965147453083,3.2
2021-02-16 02:00:00,2,15,0,3,12,0,0,4,4,0,4,0,14.883333333333333,248.0,3.0,7.46,37.5,0.4444444444444444,149.71699999999998,2.9158176943699736,0.375,0.5361930294906166,3.2
2021-02-16 03:00:00,3,12,0,3,9,0,0,1,4,0,4,0,15.883333333333333,308.0,3.0,7.46,30.0,0.3611111111111111,148.922,1.410656836461126,0.3,0.1340482573726541,3.25
2021-02-16 04:00:00,4,11,0,4,7,0,0,1,4,1,5,1,16.883333333333333,356.0,3.0,7.46,27.500000000000004,0.3523809523809524,166.6853068017366,1.3758895929807458,0.275,0.1340482573726541,3.363636363636364
2021-02-16 05:00:00,5,11,0,3,7,1,0,3,4,1,5,1,17.883333333333333,416.0,3.0,7.46,27.500000000000004,0.3333333333333333,172.32530680173662,2.154551547648062,0.275,0.4021447721179624,3.1818181818181817
2021-02-16 06:00:00,6,12,0,2,9,1,0,3,5,0,5,0,18.883333333333333,476.0,3.0,7.46,30.0,0.3523809523809524,179.242,2.164946380697051,0.3,0.4021447721179624,3.083333333333333
2021-02-16 07:00:00,7,14,1,3,9,1,0,5,8,0,8,0,19.883333333333333,262.0,3.0,7.46,35.0,0.4791666666666667,229.372,3.352221371122176,0.35,0.6702412868632708,3.2857142857142856
2021-02-16 08:00:00,8,18,2,4,11,1,0,5,10,1,11,1,20.883333333333333,115.0,3.0,6.5600000000000005,45.0,0.7011494252873564,284.6603068017366,4.1079945799458,0.45,0.7621951219512194,3.388888888888889
2021-02-16 09:00:00,9,24,2,4,17,1,0,8,9,1,10,1,21.883333333333333,153.5,3.0,6.5600000000000005,60.0,0.8777777777777778,289.77030680173664,5.989227642276422,0.6,1.2195121951219512,3.2916666666666665
2021-02-16 10:00:00,10,29,1,5,20,2,1,7,10,2,12,2,22.883333333333333,164.5,4.0,9.9,72.5,0.8035714285714286,333.8036136034732,4.44435736677116,0.725,0.7070707070707071,3.103448275862069
2021-02-16 11:00:00,11,35,1,5,27,2,0,11,12,2,14,2,23.883333333333333,78.5,4.0,9.9,87.5,1.0576923076923077,379.11361360347325,6.242063492063492,0.875,1.1111111111111112,3.142857142857143
2021-02-16 12:00:00,12,30,1,5,23,1,0,5,13,3,16,3,24.883333333333333,105.5,4.0,9.9,75.0,1.0,401.6969204052098,4.016161616161617,0.75,0.5050505050505051,3.2
2021-02-16 13:00:00,13,26,0,5,21,0,0,4,13,2,15,2,25.883333333333333,149.0,4.0,9.9,65.0,0.83,384.48861360347325,3.36482128982129,0.65,0.404040404040404,3.1923076923076925
2021-02-16 14:00:00,14,33,0,7,26,0,0,12,13,2,15,2,26.883333333333333,185.0,4.0,9.9,82.5,1.06,405.1436136034732,6.54348025711662,0.825,1.2121212121212122,3.212121212121212
2021-02-16 15:00:00,15,34,1,8,24,1,0,12,9,3,12,3,27.883333333333333,192.0,4.0,9.9,85.0,0.9910714285714286,373.59692040520986,6.732219251336898,0.85,1.2121212121212122,3.264705882352941
2021-02-16 16:00:00,16,36,1,9,23,3,0,11,8,3,11,3,28.883333333333333,249.0,4.0,9.9,90.0,1.0,370.1269204052098,6.480246913580247,0.9,1.1111111111111112,3.2222222222222223
2021-02-16 17:00:00,17,34,1,7,23,3,0,7,10,2,12,2,29.883333333333333,183.5,4.0,9.9,85.0,0.9642857142857144,384.0086136034733,4.945989304812834,0.85,0.7070707070707071,3.176470588235294
2021-02-16 18:00:00,18,30,1,6,22,1,0,8,11,1,12,1,30.883333333333333,190.5,4.0,9.9,75.0,0.8660714285714286,380.2003068017366,5.037794612794612,0.75,0.8080808080808081,3.2333333333333334
2021-02-16 19:00:00,19,23,0,8,14,1,0,5,9,1,10,1,11.366666666666667,126.5,4.0,9.9,57.49999999999999,0.6333333333333333,228.3113068017366,3.5688625384277555,0.575,0.5050505050505051,3.3043478260869565
2021-02-16 20:00:00,20,21,0,4,16,1,0,7,4,1,5,1,12.366666666666667,98.0,4.0,10.06,52.5,0.4714285714285714,162.6613068017366,3.836878727634195,0.525,0.6958250497017894,3.142857142857143
2021-02-16 21:00:00,21,21,0,4,14,2,1,7,4,1,5,1,13.366666666666667,52.0,4.0,10.06,52.5,0.45,168.30130680173662,3.662475149105368,0.525,0.6958250497017894,3.0
2021-02-16 22:00:00,22,15,0,1,13,1,0,5,1,1,2,1,14.366666666666667,109.0,3.0,6.72,37.5,0.3947368421052631,120.8713068017366,3.357142857142857,0.375,0.7440476190476191,3.0
2021-02-16 23:00:00,23,17,0,0,16,1,0,9,2,0,2,0,7.133333333333334,93.0,3.0,6.72,42.5,0.4385964912280701,83.497,5.189075630252102,0.425,1.3392857142857144,2.9411764705882355
2021-02-17 00:00:00,0,17,0,0,16,1,0,5,2,0,2,0,3.933333333333333,153.0,3.0,6.72,42.5,0.4385964912280701,65.449,3.438375350140056,0.425,0.7440476190476191,2.9411764705882355
2021-02-17 01:00:00,1,18,0,0,17,1,0,6,2,0,2,0,4.933333333333334,213.0,3.0,6.72,45.0,0.4649122807017544,73.234,3.953968253968255,0.45,0.8928571428571429,2.9444444444444446
2021-02-17 02:00:00,2,25,1,1,20,3,0,11,3,1,4,1,5.933333333333334,124.0,3.0,6.72,62.5,0.6944444444444444,121.55730680173662,6.785714285714286,0.625,1.636904761904762,3.0
2021-02-17 03:00:00,3,26,0,4,21,1,0,8,7,0,7,0,6.933333333333334,49.0,3.0,6.72,65.0,0.8181818181818182,168.67399999999998,5.733791208791209,0.65,1.1904761904761905,3.1153846153846154
2021-02-17 04:00:00,4,18,0,3,14,1,0,0,5,0,5,0,7.933333333333334,136.0,3.0,6.72,45.0,0.5333333333333333,130.35399999999998,1.4,0.45,0.0,3.111111111111111
2021-02-17 05:00:00,5,19,0,3,15,1,0,2,5,0,5,0,8.933333333333334,196.0,3.0,6.72,47.5,0.5619047619047619,138.139,2.399185463659148,0.475,0.2976190476190476,3.1052631578947367
2021-02-17 06:00:00,6,22,0,3,18,1,0,4,6,0,6,0,9.933333333333334,242.5,3.0,6.72,55.00000000000001,0.6666666666666666,163.614,3.5398268398268398,0.55,0.5952380952380952,3.090909090909091
2021-02-17 07:00:00,7,22,0,3,18,1,0,4,9,0,9,0,10.933333333333334,273.0,3.0,6.72,55.00000000000001,0.7311827956989247,209.454,3.5398268398268398,0.55,0.5952380952380952,3.090909090909091
2021-02-17 08:00:00,8,22,0,4,17,1,0,4,11,0,11,0,11.933333333333334,161.0,3.0,6.66,55.00000000000001,0.7931034482758621,241.894,3.608701883701884,0.55,0.6006006006006006,3.136363636363636
2021-02-17 09:00:00,9,21,0,5,15,1,0,5,9,0,9,0,12.933333333333334,131.0,3.0,6.66,52.5,0.7204301075268817,218.589,4.070252395252396,0.525,0.7507507507507507,3.1904761904761907
2021-02-17 10:00:00,10,22,0,4,18,0,0,7,11,0,11,0,12.3,123.0,4.0,10.36,55.00000000000001,0.603448275862069,243.962,3.89987714987715,0.55,0.6756756756756757,3.1818181818181817
2021-02-17 11:00:00,11,26,1,4,21,0,0,8,14,0,14,0,13.3,100.5,4.0,10.36,65.0,0.8076923076923077,298.382,4.594802494802496,0.65,0.7722007722007722,3.230769230769231
2021-02-17 12:00:00,12,28,2,4,22,0,0,8,13,0,13,0,13.933333333333334,136.0,4.0,10.36,70.0,0.8518518518518519,292.84400000000005,4.83723110865968,0.7,0.7722007722007722,3.2857142857142856
2021-02-17 13:00:00,13,24,1,4,19,0,0,2,10,0,10,0,14.933333333333334,153.5,4.0,10.36,60.0,0.65,249.70399999999995,2.577413127413127,0.6,0.193050193050193,3.25
2021-02-17 14:00:00,14,19,1,4,14,0,0,4,8,0,8,0,15.933333333333334,198.0,4.0,10.36,47.5,0.4921875,217.819,2.8552275960170697,0.475,0.3861003861003861,3.3157894736842106
2021-02-17 15:00:00,15,24,1,5,17,1,0,11,11,0,11,0,9.2,90.0,4.0,10.36,60.0,0.6724137931034483,230.768,5.4007722007722005,0.6,1.061776061776062,3.25
2021-02-17 16:00:00,16,28,1,5,21,1,0,9,13,0,13,0,10.2,107.0,4.0,10.36,70.0,0.8333333333333334,271.788,5.042333149476007,0.7,0.8687258687258688,3.2142857142857144
2021-02-17 17:00:00,17,25,1,5,19,0,0,4,14,0,14,0,7.75,141.0,4.0,10.36,62.5,0.7884615384615384,264.935,3.316409266409267,0.625,0.3861003861003861,3.28
2021-02-17 18:00:00,18,25,0,6,19,0,0,8,14,0,14,0,7.883333333333334,150.5,4.0,10.36,62.5,0.7788461538461539,265.687,4.526930501930503,0.625,0.7722007722007722,3.24
2021-02-17 19:00:00,19,24,0,6,18,0,0,6,11,0,11,0,8.883333333333333,143.0,4.0,10.36,60.0,0.6724137931034483,228.982,3.8322393822393823,0.6,0.5791505791505792,3.25
2021-02-17 20:00:00,20,23,0,5,18,0,0,9,11,1,12,1,9.333333333333334,141.0,4.0,12.84,57.49999999999999,0.6607142857142857,243.64330680173663,4.105180820804551,0.575,0.7009345794392523,3.217391304347826
2021-02-17 21:00:00,21,24,0,5,18,1,0,9,10,1,11,1,10.333333333333334,187.0,4.0,12.84,60.0,0.6551724137931034,238.02830680173665,4.119626168224299,0.6,0.7009345794392523,3.1666666666666665
2021-02-17 22:00:00,22,19,0,6,12,1,0,6,9,1,10,1,10.583333333333334,133.5,3.0,9.14,47.5,0.6888888888888889,215.31330680173664,3.692116779914776,0.475,0.6564551422319475,3.263157894736842
2021-02-17 23:00:00,23,21,0,5,14,2,0,6,9,0,9,0,11.583333333333334,98.0,3.0,9.14,52.5,0.7096774193548387,210.975,3.7131447327289777,0.525,0.6564551422319475,3.142857142857143
2021-02-18 00:00:00,0,21,0,5,16,0,0,6,9,1,10,1,12.583333333333334,153.0,3.0,9.14,52.5,0.7555555555555555,230.8833068017366,3.825664270084401,0.525,0.6564551422319475,3.238095238095238
2021-02-18 01:00:00,1,22,1,5,16,0,0,3,9,3,12,3,13.583333333333334,200.5,3.0,9.14,55.00000000000001,0.8690476190476191,267.20492040520986,2.914118758703004,0.55,0.3282275711159737,3.3181818181818183
2021-02-18 02:00:00,2,22,0,5,17,0,0,4,9,2,11,2,14.583333333333334,268.0,3.0,9.14,55.00000000000001,0.8160919540229885,258.5766136034732,3.1873731848020688,0.55,0.437636761487965,3.227272727272727
2021-02-18 03:00:00,3,23,0,6,17,0,0,3,8,2,10,2,15.583333333333334,320.5,3.0,9.14,57.49999999999999,0.8333333333333334,252.9616136034732,2.945307297117305,0.575,0.3282275711159737,3.260869565217391
2021-02-18 04:00:00,4,21,0,6,15,0,0,2,8,1,9,1,16.583333333333332,388.0,3.0,9.14,52.5,0.7419354838709677,240.0433068017366,2.443974679587371,0.525,0.2188183807439825,3.2857142857142856
2021-02-18 05:00:00,5,22,0,5,17,0,0,3,9,1,10,1,17.583333333333332,440.5,3.0,9.14,55.00000000000001,0.7888888888888889,261.2283068017366,2.8342798886015514,0.55,0.3282275711159737,3.227272727272727
2021-02-18 06:00:00,6,23,0,6,17,0,0,5,10,1,11,1,18.58333333333333,493.0,3.0,9.14,57.49999999999999,0.8620689655172413,282.4133068017366,3.658845495195509,0.575,0.5470459518599562,3.260869565217391
2021-02-18 07:00:00,7,25,1,7,17,0,0,2,10,2,12,2,19.58333333333333,544.0,3.0,9.14,62.5,1.0,306.61161360347324,2.8352297592997813,0.625,0.2188183807439825,3.36
2021-02-18 08:00:00,8,21,1,4,16,0,0,4,10,1,11,1,20.58333333333333,613.0,3.0,6.38,52.5,0.7931034482758621,289.4033068017366,3.785008956560681,0.525,0.6269592476489029,3.2857142857142856
2021-02-18 09:00:00,9,14,0,5,9,0,0,3,7,0,7,0,14.45,673.0,3.0,6.38,35.0,0.4747474747474747,185.328,2.7535938199731302,0.35,0.4702194357366771,3.357142857142857
2021-02-18 10:00:00,10,13,0,6,7,0,0,5,8,1,9,1,15.45,86.0,4.0,9.63,32.5,0.3629032258064516,216.49130680173656,2.92226815240834,0.325,0.5192107995846315,3.4615384615384617
2021-02-18 11:00:00,11,21,0,9,11,0,1,10,9,1,10,1,16.45,93.0,4.0,9.63,52.5,0.5833333333333334,252.69130680173657,5.211405330564211,0.525,1.038421599169263,3.333333333333333
2021-02-18 12:00:00,12,23,0,8,15,0,0,9,11,1,12,1,14.216666666666669,129.0,4.0,9.63,57.49999999999999,0.6875,271.1853068017366,5.053809427062171,0.575,0.9345794392523366,3.347826086956522
2021-02-18 13:00:00,13,24,0,7,17,0,0,5,11,1,12,1,15.216666666666669,166.5,4.0,9.63,60.0,0.7053571428571429,278.9703068017366,3.6840688819660783,0.6,0.5192107995846315,3.2916666666666665
2021-02-18 14:00:00,14,23,0,7,16,0,0,2,11,1,12,1,16.216666666666665,226.5,4.0,9.63,57.49999999999999,0.6785714285714286,282.4653068017366,2.5862612307553388,0.575,0.2076843198338525,3.3043478260869565
2021-02-18 15:00:00,15,18,0,4,13,1,0,2,10,0,10,0,17.216666666666665,258.5,4.0,9.63,45.0,0.475,249.712,2.0826670128072,0.45,0.2076843198338525,3.1666666666666665
2021-02-18 16:00:00,16,13,0,6,7,0,0,3,7,1,8,1,18.216666666666665,293.5,4.0,9.63,32.5,0.3515625,218.69530680173665,2.203360891445004,0.325,0.3115264797507788,3.4615384615384617
2021-02-18 17:00:00,17,16,0,7,9,0,0,4,8,1,9,1,19.216666666666665,340.0,4.0,9.63,40.0,0.4435483870967742,244.1703068017366,2.802829698857736,0.4,0.4153686396677051,3.4375
2021-02-18 18:00:00,18,15,0,8,7,0,0,3,9,0,9,0,20.216666666666665,166.0,4.0,9.63,37.5,0.4274193548387097,246.797,2.425726895119418,0.375,0.3115264797507788,3.533333333333333
2021-02-18 19:00:00,19,14,0,7,7,0,0,5,8,0,8,0,21.216666666666665,117.5,4.0,9.63,35.0,0.3828125,236.89199999999997,3.04223779854621,0.35,0.5192107995846315,3.5
2021-02-18 20:00:00,20,17,1,5,11,0,0,9,6,1,7,1,22.216666666666665,126.0,4.0,11.23,42.5,0.4393939393939394,236.4353068017366,4.184272693939552,0.425,0.8014247551202137,3.411764705882353
2021-02-18 21:00:00,21,17,1,3,12,1,0,7,7,2,9,2,23.216666666666665,84.0,4.0,11.23,42.5,0.4435483870967742,269.74361360347325,3.3916570635377923,0.425,0.6233303650934995,3.235294117647059
2021-02-18 22:00:00,22,17,0,5,11,1,0,7,3,1,4,1,3.45,111.0,3.0,7.979999999999999,42.5,0.5092592592592593,90.39130680173662,4.212977296181631,0.425,0.8771929824561404,3.235294117647059
2021-02-18 23:00:00,23,18,0,5,12,1,0,5,4,2,6,2,4.45,166.5,3.0,7.979999999999999,45.0,0.5686274509803921,125.84461360347323,3.4689362294625457,0.45,0.6265664160401003,3.2222222222222223
2021-02-19 00:00:00,0,12,0,4,8,0,0,2,5,1,6,1,5.45,155.0,3.0,7.979999999999999,30.0,0.392156862745098,117.7463068017366,1.8354218880534672,0.3,0.2506265664160401,3.333333333333333
2021-02-19 01:00:00,1,15,0,5,10,0,0,4,5,1,6,1,6.45,215.0,3.0,7.979999999999999,37.5,0.4901960784313725,129.82130680173665,2.9208437761069344,0.375,0.5012531328320803,3.333333333333333
2021-02-19 02:00:00,2,13,0,4,9,0,0,2,5,0,5,0,7.45,345.0,3.0,7.979999999999999,32.5,0.4095238095238095,116.90300000000002,1.9039955658376717,0.325,0.2506265664160401,3.3076923076923075
2021-02-19 03:00:00,3,15,0,4,11,0,0,4,6,0,6,0,8.45,335.0,3.0,7.979999999999999,37.5,0.4803921568627451,140.233,2.8624269005847958,0.375,0.5012531328320803,3.2666666666666666
2021-02-19 04:00:00,4,15,0,4,10,1,0,2,7,0,7,0,9.45,325.0,3.0,7.979999999999999,37.5,0.4848484848484848,159.273,2.0020050125313285,0.375,0.2506265664160401,3.2
2021-02-19 05:00:00,5,16,0,4,11,1,0,1,7,0,7,0,10.45,385.0,3.0,7.979999999999999,40.0,0.5151515151515151,167.058,1.674436090225564,0.4,0.12531328320802,3.1875
2021-02-19 06:00:00,6,17,0,5,11,1,0,1,7,0,7,0,11.45,445.0,3.0,7.979999999999999,42.5,0.5555555555555556,174.84299999999996,1.7804253280259474,0.425,0.12531328320802,3.235294117647059
2021-02-19 07:00:00,7,16,0,4,11,1,0,1,7,0,7,0,12.45,505.0,3.0,7.979999999999999,40.0,0.5151515151515151,178.338,1.674436090225564,0.4,0.12531328320802,3.1875
2021-02-19 08:00:00,8,18,0,3,14,1,0,5,8,0,8,0,13.45,547.0,3.0,6.35,45.0,0.5833333333333334,201.668,3.8496937882764657,0.45,0.7874015748031497,3.111111111111111
2021-02-19 09:00:00,9,23,0,3,19,1,0,10,8,0,8,0,12.9,359.0,3.0,6.35,57.49999999999999,0.7395833333333334,209.291,6.636348853132489,0.575,1.5748031496062993,3.0869565217391304
2021-02-19 10:00:00,10,22,0,4,17,1,0,4,11,0,11,0,13.9,141.0,4.0,9.6,55.00000000000001,0.5948275862068966,252.986,3.031818181818182,0.55,0.4166666666666667,3.136363636363636
2021-02-19 11:00:00,11,24,0,5,16,3,0,7,11,1,12,1,14.75,154.0,4.0,9.6,60.0,0.6607142857142857,276.3383068017366,4.098263888888889,0.6,0.7291666666666667,3.083333333333333
2021-02-19 12:00:00,12,27,0,5,20,2,0,8,9,1,10,1,15.75,173.0,4.0,9.6,67.5,0.7,261.6133068017366,4.692592592592592,0.675,0.8333333333333334,3.111111111111111
2021-02-19 13:00:00,13,25,0,7,16,2,0,4,9,1,10,1,16.75,199.0,4.0,9.6,62.5,0.6666666666666666,262.9633068017366,3.333333333333334,0.625,0.4166666666666667,3.2
2021-02-19 14:00:00,14,31,1,10,18,2,0,9,9,2,11,2,13.933333333333334,201.0,4.0,9.6,77.5,0.8879310344827587,274.21561360347323,5.689919354838709,0.775,0.9375,3.3225806451612905
2021-02-19 15:00:00,15,23,1,7,14,1,0,5,10,1,11,1,7.883333333333334,117.0,4.0,9.6,57.49999999999999,0.6637931034482759,222.0653068017366,3.668659420289855,0.575,0.5208333333333334,3.347826086956522
2021-02-19 16:00:00,16,19,2,7,9,1,0,2,7,1,8,1,8.883333333333333,150.0,4.0,9.6,47.5,0.5234375,178.9253068017366,2.4096491228070174,0.475,0.2083333333333333,3.526315789473684
2021-02-19 17:00:00,17,21,2,6,12,1,0,8,7,1,8,1,9.883333333333333,166.5,4.0,9.6,52.5,0.5625,188.85530680173665,4.6571428571428575,0.525,0.8333333333333334,3.4285714285714284
2021-02-19 18:00:00,18,25,3,5,16,1,0,6,8,1,9,1,10.883333333333333,119.0,4.0,9.6,62.5,0.6854838709677419,216.47530680173665,4.25,0.625,0.625,3.4
2021-02-19 19:00:00,19,23,2,5,15,1,0,7,9,1,10,1,11.883333333333333,94.0,4.0,9.6,57.49999999999999,0.6416666666666667,231.2253068017366,4.366123188405798,0.575,0.7291666666666667,3.347826086956522
2021-02-19 20:00:00,20,23,2,6,13,2,0,9,8,2,10,2,9.633333333333333,88.0,4.0,10.99,57.49999999999999,0.6416666666666667,219.4036136034732,4.666622819163666,0.575,0.818926296633303,3.347826086956522
2021-02-19 21:00:00,21,24,2,5,15,2,0,3,9,1,10,1,10.633333333333333,148.0,4.0,10.99,60.0,0.6583333333333333,226.3203068017366,2.8735441310282077,0.6,0.272975432211101,3.2916666666666665
2021-02-19 22:00:00,22,26,0,5,20,1,0,7,10,2,12,2,11.633333333333333,130.5,3.0,7.74,65.0,0.9761904761904762,263.9186136034732,4.902315643013317,0.65,0.9043927648578812,3.1538461538461537
2021-02-19 23:00:00,23,22,0,5,15,2,0,3,9,2,11,2,12.633333333333333,160.0,3.0,7.74,55.00000000000001,0.7931034482758621,247.57861360347323,2.9406448202959834,0.55,0.3875968992248061,3.136363636363636
2021-02-20 00:00:00,0,23,0,5,17,1,0,6,10,1,11,1,13.633333333333333,220.0,3.0,7.74,57.49999999999999,0.8390804597701149,254.4953068017366,4.285397708122682,0.575,0.7751937984496123,3.1739130434782608
2021-02-20 01:00:00,1,22,0,5,16,1,0,3,11,1,12,1,14.633333333333333,246.5,3.0,7.74,55.00000000000001,0.8333333333333334,271.39030680173664,2.983262861169838,0.55,0.3875968992248061,3.1818181818181817
2021-02-20 02:00:00,2,21,0,3,16,2,0,3,12,0,12,0,15.633333333333333,265.0,3.0,7.74,52.5,0.7619047619047619,274.01700000000005,2.7812476928756,0.525,0.3875968992248061,3.0476190476190474
2021-02-20 03:00:00,3,22,0,3,18,1,0,2,12,0,12,0,16.633333333333333,325.0,3.0,7.74,55.00000000000001,0.8095238095238095,281.802,2.498684519614752,0.55,0.2583979328165374,3.090909090909091
2021-02-20 04:00:00,4,25,0,4,19,2,0,7,13,0,13,0,17.633333333333333,377.0,3.0,7.74,62.5,0.9506172839506172,307.27700000000004,4.710529715762274,0.625,0.9043927648578812,3.08
2021-02-20 05:00:00,5,21,0,3,17,1,0,1,13,0,13,0,18.633333333333333,437.0,3.0,7.74,52.5,0.8024691358024691,304.337,2.0249015626922606,0.525,0.1291989664082687,3.095238095238096
2021-02-20 06:00:00,6,23,0,3,19,1,0,3,14,0,14,0,19.633333333333333,495.0,3.0,7.74,57.49999999999999,0.9102564102564102,327.667,2.97149477586788,0.575,0.3875968992248061,3.0869565217391304
2021-02-20 07:00:00,7,24,0,4,19,1,0,2,15,0,15,0,20.633333333333333,553.0,3.0,7.74,60.0,1.0,348.852,2.6824935400516794,0.6,0.2583979328165374,3.125
2021-02-20 08:00:00,8,22,0,5,16,1,0,1,15,0,15,0,21.633333333333333,613.0,3.0,6.65,55.00000000000001,0.9333333333333332,350.202,2.228468899521531,0.55,0.150375939849624,3.1818181818181817
2021-02-20 09:00:00,9,17,0,4,12,1,0,3,9,0,9,0,22.633333333333333,359.0,3.0,6.65,42.5,0.5806451612903226,264.717,2.7829942503317118,0.425,0.4511278195488721,3.176470588235294
2021-02-20 10:00:00,10,25,0,6,18,1,0,13,11,0,11,0,23.633333333333333,152.0,4.0,10.11,62.5,0.6896551724137931,314.317,6.114737883283878,0.625,1.2858555885262115,3.2
2021-02-20 11:00:00,11,25,0,6,16,2,1,7,10,0,10,0,24.633333333333333,124.0,4.0,10.11,62.5,0.6416666666666667,306.557,4.057542037586548,0.625,0.6923837784371909,3.08
2021-02-20 12:00:00,12,24,1,5,16,2,0,8,9,1,10,1,25.633333333333333,156.0,4.0,10.11,60.0,0.6416666666666667,310.9203068017366,4.463740520936367,0.6,0.7912957467853611,3.208333333333333
2021-02-20 13:00:00,13,27,0,4,21,2,0,8,9,1,10,1,26.633333333333333,190.0,4.0,10.11,67.5,0.6916666666666667,322.9953068017366,4.507501740117962,0.675,0.7912957467853611,3.074074074074074
2021-02-20 14:00:00,14,20,0,2,17,1,0,7,8,1,9,1,27.633333333333333,112.0,4.0,10.11,50.0,0.4919354838709677,300.22030680173657,3.636770524233432,0.5,0.6923837784371909,3.05
2021-02-20 15:00:00,15,19,0,2,16,1,0,9,8,2,10,2,28.633333333333333,73.0,4.0,10.11,47.5,0.4833333333333333,317.98361360347326,4.167476183039201,0.475,0.8902077151335313,3.0526315789473686
2021-02-20 16:00:00,16,19,0,2,16,1,0,6,8,2,10,2,29.633333333333333,107.0,4.0,10.11,47.5,0.4833333333333333,323.62361360347325,3.261650788692801,0.475,0.5934718100890208,3.0526315789473686
2021-02-20 17:00:00,17,18,1,3,12,2,0,7,8,2,10,2,30.633333333333333,167.0,4.0,10.11,45.0,0.475,327.11861360347325,3.6175486317177703,0.45,0.6923837784371909,3.1666666666666665
2021-02-20 18:00:00,18,20,1,4,11,4,0,8,7,2,9,2,31.633333333333333,207.0,4.0,10.11,50.0,0.5,323.6486136034732,4.003016815034619,0.5,0.7912957467853611,3.1
2021-02-20 19:00:00,19,15,1,2,9,3,0,7,4,1,5,1,32.63333333333333,157.0,4.0,10.11,37.5,0.3285714285714285,264.09530680173657,3.2733102538740524,0.375,0.6923837784371909,3.066666666666667
2021-02-20 20:00:00,20,10,0,4,4,2,0,9,2,2,4,2,33.63333333333333,190.0,4.0,12.6,25.0,0.2222222222222222,246.4786136034732,3.0857142857142854,0.25,0.7142857142857142,3.2
2021-02-20 21:00:00,21,16,1,4,7,3,1,10,3,2,5,2,34.63333333333333,57.0,4.0,12.6,40.0,0.35,278.38861360347323,3.655555555555555,0.4,0.7936507936507936,3.0625
2021-02-20 22:00:00,22,13,1,3,6,3,0,4,2,1,3,1,35.63333333333333,81.0,3.0,9.14,32.5,0.3693693693693693,249.9253068017366,2.405239017000505,0.325,0.437636761487965,3.1538461538461537
2021-02-20 23:00:00,23,12,0,3,7,2,0,6,2,0,2,0,36.63333333333333,109.0,3.0,9.14,30.0,0.3245614035087719,239.152,2.949070021881838,0.3,0.6564551422319475,3.083333333333333
2021-02-21 00:00:00,0,13,1,2,8,2,0,5,3,0,3,0,37.63333333333333,137.0,3.0,9.14,32.5,0.3693693693693693,260.337,2.750298771250631,0.325,0.5470459518599562,3.1538461538461537
2021-02-21 01:00:00,1,16,1,3,11,1,0,6,4,0,4,0,38.63333333333333,140.0,3.0,9.14,40.0,0.4814814814814814,285.812,3.4334792122538293,0.4,0.6564551422319475,3.25
2021-02-21 02:00:00,2,19,0,4,13,2,0,6,3,0,3,0,39.63333333333333,257.0,3.0,9.14,47.5,0.5315315315315315,284.487,3.513465967983416,0.475,0.6564551422319475,3.1052631578947367
2021-02-21 03:00:00,3,18,1,4,11,2,0,4,3,1,4,1,40.63333333333333,237.5,3.0,9.14,45.0,0.5370370370370371,302.2503068017366,2.8601628981278875,0.45,0.437636761487965,3.2222222222222223
2021-02-21 04:00:00,4,13,1,4,7,1,0,1,3,1,4,1,41.63333333333333,297.5,3.0,9.14,32.5,0.4074074074074074,297.1653068017366,1.470308028951355,0.325,0.1094091903719912,3.3846153846153846
2021-02-21 05:00:00,5,12,1,4,6,1,0,0,3,1,4,1,42.63333333333333,357.5,3.0,9.14,30.0,0.3796296296296296,300.66030680173657,1.025,0.3,0.0,3.4166666666666665
2021-02-21 06:00:00,6,14,1,4,8,1,0,2,4,1,5,1,43.63333333333333,338.0,3.0,9.14,35.0,0.4476190476190476,323.9903068017366,1.909604563926227,0.35,0.2188183807439825,3.357142857142857
2021-02-21 07:00:00,7,14,0,4,9,1,0,6,6,0,6,0,44.63333333333333,215.5,3.0,9.14,35.0,0.4411764705882353,342.162,3.235034385745545,0.35,0.6564551422319475,3.2142857142857144
2021-02-21 08:00:00,8,12,0,4,7,1,0,0,5,0,5,0,45.63333333333333,458.0,3.0,6.38,30.0,0.3714285714285714,330.112,0.975,0.3,0.0,3.25
2021-02-21 09:00:00,9,12,0,2,9,1,0,6,3,1,4,1,46.63333333333333,105.5,3.0,6.38,30.0,0.3425925925925926,323.2203068017366,3.824686520376176,0.3,0.9404388714733544,3.083333333333333
2021-02-21 10:00:00,10,13,0,2,10,1,0,6,4,1,5,1,47.63333333333333,85.0,4.0,9.63,32.5,0.2857142857142857,344.40530680173663,2.9170860292355623,0.325,0.6230529595015577,3.076923076923077
2021-02-21 11:00:00,11,13,0,2,11,0,0,4,4,1,5,1,15.483333333333333,145.0,4.0,9.63,32.5,0.2928571428571428,163.0793068017366,2.335008786644301,0.325,0.4153686396677051,3.1538461538461537
2021-02-21 12:00:00,12,13,0,2,10,1,0,6,3,1,4,1,16.483333333333334,221.5,4.0,9.63,32.5,0.2777777777777778,155.31930680173662,2.9170860292355623,0.325,0.6230529595015577,3.076923076923077
2021-02-21 13:00:00,13,17,0,2,13,2,0,9,2,2,4,2,17.483333333333334,281.5,4.0,9.63,42.5,0.3541666666666667,170.4076136034732,4.07873831775701,0.425,0.9345794392523366,3.0
2021-02-21 14:00:00,14,24,1,1,19,3,0,13,4,3,7,3,13.633333333333333,64.0,4.0,9.63,60.0,0.5454545454545454,204.77692040520984,5.849844236760125,0.6,1.3499480789200418,3.0
2021-02-21 15:00:00,15,27,1,0,24,2,0,13,6,3,9,3,6.966666666666667,88.0,4.0,9.63,67.5,0.6532258064516129,200.41192040520983,6.074844236760125,0.675,1.3499480789200418,3.0
2021-02-21 16:00:00,16,33,2,0,29,2,0,12,7,4,11,4,7.966666666666667,111.0,4.0,9.63,82.5,0.8706896551724138,246.59022720694645,6.33883932785802,0.825,1.2461059190031154,3.060606060606061
2021-02-21 17:00:00,17,30,2,0,26,2,0,6,6,4,10,4,8.966666666666667,165.5,4.0,9.63,75.0,0.7666666666666667,232.3952272069465,4.210695742471444,0.75,0.6230529595015577,3.066666666666667
2021-02-21 18:00:00,18,26,1,1,23,1,0,10,7,3,10,3,9.966666666666669,171.0,4.0,9.63,65.0,0.6666666666666666,228.58692040520984,5.195143382059271,0.65,1.038421599169263,3.076923076923077
2021-02-21 19:00:00,19,26,2,3,20,1,0,11,7,2,9,2,10.966666666666669,66.0,4.0,9.63,65.0,0.6774193548387096,219.95861360347325,5.790390606278457,0.65,1.142263759086189,3.230769230769231
2021-02-21 20:00:00,20,21,1,4,15,1,0,9,5,1,6,1,11.966666666666669,102.5,4.0,9.93,52.5,0.5,173.8053068017366,4.634829520932239,0.525,0.9063444108761328,3.238095238095238
2021-02-21 21:00:00,21,19,1,3,15,0,0,8,3,0,3,0,6.916666666666667,145.0,4.0,9.93,47.5,0.4189189189189189,99.965,4.178928817512058,0.475,0.8056394763343404,3.263157894736842
2021-02-21 22:00:00,22,26,1,7,16,2,0,16,5,2,7,2,7.916666666666667,40.0,3.0,6.68,65.0,0.8585858585858586,175.95661360347324,9.95549286043298,0.65,2.395209580838324,3.269230769230769
2021-02-21 23:00:00,23,34,0,7,23,4,0,14,5,2,7,2,8.916666666666666,100.0,3.0,6.68,85.0,1.0606060606060606,198.7566136034732,9.097349418809442,0.85,2.095808383233533,3.088235294117647
2021-02-22 00:00:00,0,32,0,4,26,2,0,8,5,2,7,2,9.916666666666666,137.0,3.0,6.68,80.0,0.98989898989899,200.10661360347325,6.117664670658683,0.8,1.1976047904191618,3.0625
2021-02-22 01:00:00,1,30,1,4,23,2,0,8,5,3,8,3,10.916666666666666,194.0,3.0,6.68,75.0,0.9791666666666666,215.72492040520984,6.10249500998004,0.75,1.1976047904191618,3.1333333333333333
2021-02-22 02:00:00,2,29,0,3,24,2,0,8,8,1,9,1,11.916666666666666,174.0,3.0,6.68,72.5,0.946236559139785,230.88330680173664,5.834111088168491,0.725,1.1976047904191618,3.034482758620689
2021-02-22 03:00:00,3,23,0,2,20,1,0,3,8,1,9,1,12.916666666666666,234.0,3.0,6.68,57.49999999999999,0.7526881720430108,223.65330680173665,3.116831554282739,0.575,0.4491017964071856,3.0434782608695654
2021-02-22 04:00:00,4,27,0,3,21,3,0,6,9,2,11,2,13.916666666666666,269.0,3.0,6.68,67.5,0.9310344827586208,265.54161360347325,4.719610778443114,0.675,0.8982035928143713,3.0
2021-02-22 05:00:00,5,27,0,5,19,2,1,4,10,3,13,3,14.916666666666666,228.0,3.0,6.68,67.5,1.0123456790123455,298.84992040520984,3.8685850521179863,0.675,0.5988023952095809,3.037037037037037
2021-02-22 06:00:00,6,31,0,5,23,2,1,5,11,3,14,3,15.916666666666666,281.0,3.0,6.68,77.5,1.205128205128205,326.4699204052098,4.619654239907282,0.775,0.7485029940119761,3.032258064516129
2021-02-22 07:00:00,7,28,0,6,19,3,0,3,10,3,13,3,16.916666666666668,348.0,3.0,6.68,70.0,1.0740740740740742,312.27492040520985,3.5704234388366127,0.7,0.4491017964071856,3.107142857142857
2021-02-22 08:00:00,8,31,0,6,20,4,1,5,11,3,14,3,17.916666666666668,401.0,3.0,7.46,77.5,1.1923076923076923,337.7499204052098,4.3357238605898125,0.775,0.6702412868632708,3.0
2021-02-22 09:00:00,9,29,0,3,23,2,1,7,9,3,12,3,18.916666666666668,397.0,3.0,7.46,72.5,1.0238095238095235,312.29992040520983,4.9326569289082,0.725,0.938337801608579,2.9655172413793105
2021-02-22 10:00:00,10,31,0,4,24,2,1,11,8,4,12,4,19.916666666666668,386.5,4.0,10.8,77.5,0.8303571428571429,323.0982272069465,5.380555555555556,0.775,1.0185185185185184,3.0
2021-02-22 11:00:00,11,31,0,4,23,2,2,8,8,4,12,4,20.916666666666668,255.0,4.0,10.8,77.5,0.8125,328.7382272069465,4.449432497013143,0.775,0.7407407407407407,2.935483870967742
2021-02-22 12:00:00,12,25,0,6,19,0,0,4,11,5,16,5,21.366666666666667,173.5,4.0,10.8,62.5,0.84375,372.87453400868304,3.225,0.625,0.3703703703703703,3.24
2021-02-22 13:00:00,13,27,0,6,21,0,0,6,11,5,16,5,22.366666666666667,166.5,4.0,10.8,67.5,0.90625,382.8045340086831,3.965123456790124,0.675,0.5555555555555555,3.2222222222222223
2021-02-22 14:00:00,14,31,1,7,23,0,0,9,10,5,15,5,23.366666666666667,168.0,4.0,10.8,77.5,1.02,383.6245340086831,5.291935483870968,0.775,0.8333333333333333,3.290322580645161
2021-02-22 15:00:00,15,22,1,6,15,0,0,5,10,3,13,3,18.666666666666668,146.0,4.0,10.8,55.00000000000001,0.6851851851851852,309.27492040520985,3.4072390572390576,0.55,0.4629629629629629,3.363636363636364
2021-02-22 16:00:00,16,29,1,6,22,0,0,9,11,3,14,3,19.666666666666668,195.5,4.0,10.8,72.5,0.9134615384615384,343.32992040520986,5.104885057471264,0.725,0.8333333333333333,3.2758620689655173
2021-02-22 17:00:00,17,27,0,6,21,0,0,6,10,2,12,2,15.566666666666666,255.5,4.0,10.8,67.5,0.7767857142857143,288.2476136034732,3.965123456790124,0.675,0.5555555555555555,3.2222222222222223
2021-02-22 18:00:00,18,30,1,6,23,0,0,10,9,2,11,2,8.933333333333334,305.0,4.0,10.8,75.0,0.8448275862068966,243.8706136034733,5.474691358024691,0.75,0.9259259259259258,3.2666666666666666
2021-02-22 19:00:00,19,22,1,3,17,1,0,8,6,0,6,0,9.933333333333334,97.0,4.0,10.8,55.00000000000001,0.5147058823529411,163.614,4.106902356902356,0.55,0.7407407407407407,3.1818181818181817
2021-02-22 20:00:00,20,21,2,5,13,1,0,12,6,0,6,0,10.933333333333334,104.0,4.0,10.14,52.5,0.5220588235294118,167.109,5.776127078050154,0.525,1.1834319526627215,3.380952380952381
2021-02-22 21:00:00,21,22,0,8,14,0,0,10,7,1,8,1,11.933333333333334,42.0,4.0,10.14,55.00000000000001,0.578125,202.56230680173664,5.167195624887933,0.55,0.9861932938856016,3.363636363636364
2021-02-22 22:00:00,22,23,0,7,16,0,0,7,7,1,8,1,12.933333333333334,84.5,3.0,6.8,57.49999999999999,0.7916666666666666,210.34730680173664,5.30153452685422,0.575,1.0294117647058825,3.3043478260869565
2021-02-22 23:00:00,23,21,0,6,15,0,0,5,4,1,5,1,9.75,146.0,3.0,6.8,52.5,0.6571428571428571,147.90330680173662,4.140966386554622,0.525,0.7352941176470589,3.2857142857142856
2021-02-23 00:00:00,0,15,0,7,8,0,0,8,5,1,6,1,10.75,195.0,3.0,6.8,37.5,0.5098039215686274,154.0733068017366,5.37843137254902,0.375,1.1764705882352942,3.466666666666667
2021-02-23 01:00:00,1,17,0,7,10,0,0,4,5,1,6,1,11.75,255.0,3.0,6.8,42.5,0.5686274509803921,164.0033068017366,3.4569204152249133,0.425,0.5882352941176471,3.411764705882353
2021-02-23 02:00:00,2,17,0,7,10,0,0,4,5,0,5,0,12.75,323.0,3.0,6.8,42.5,0.5523809523809524,155.375,3.4569204152249133,0.425,0.5882352941176471,3.411764705882353
2021-02-23 03:00:00,3,17,0,8,9,0,0,2,6,0,6,0,13.75,375.0,3.0,6.8,42.5,0.5784313725490197,174.41500000000002,2.4957612456747404,0.425,0.2941176470588235,3.4705882352941178
2021-02-23 04:00:00,4,19,0,8,11,0,0,4,6,0,6,0,14.75,435.0,3.0,6.8,47.5,0.6372549019607843,184.345,3.6373839009287927,0.475,0.5882352941176471,3.421052631578948
2021-02-23 05:00:00,5,20,0,7,13,0,0,5,6,0,6,0,15.75,495.0,3.0,6.8,50.0,0.6568627450980392,192.13,4.138235294117648,0.5,0.7352941176470589,3.35
2021-02-23 06:00:00,6,19,0,8,10,1,0,3,7,1,8,1,16.75,438.5,3.0,6.8,47.5,0.6666666666666666,223.2933068017366,3.0860681114551083,0.475,0.4411764705882353,3.3684210526315788
2021-02-23 07:00:00,7,21,1,9,9,2,0,4,7,3,10,3,17.75,326.0,3.0,6.8,52.5,0.8,261.75992040520987,3.8168067226890754,0.525,0.5882352941176471,3.4285714285714284
2021-02-23 08:00:00,8,20,1,8,10,1,0,2,7,2,9,2,18.75,450.0,3.0,7.67,50.0,0.7419354838709677,250.98661360347324,2.6246088657105604,0.5,0.2607561929595828,3.45
2021-02-23 09:00:00,9,22,1,9,11,1,0,6,7,3,10,3,19.75,446.0,3.0,7.67,55.00000000000001,0.8444444444444444,275.1849204052098,4.602382363399313,0.55,0.7822685788787483,3.4545454545454546
2021-02-23 10:00:00,10,22,1,7,12,2,0,7,5,3,8,3,20.75,521.5,4.0,11.37,55.00000000000001,0.5703125,254.02492040520983,3.8678560006396414,0.55,0.615655233069481,3.3181818181818183
2021-02-23 11:00:00,11,22,1,6,14,1,0,6,4,3,7,3,21.75,140.0,4.0,11.37,55.00000000000001,0.553030303030303,246.26492040520984,3.5760194291196936,0.55,0.5277044854881267,3.3181818181818183
2021-02-23 12:00:00,12,29,2,11,15,1,0,14,8,2,10,2,15.116666666666667,80.5,4.0,11.37,72.5,0.8416666666666667,263.1996136034732,6.813357140690868,0.725,1.231310466138962,3.4827586206896552
2021-02-23 13:00:00,13,31,2,11,16,2,0,7,9,2,11,2,14.133333333333333,104.0,4.0,11.37,77.5,0.913793103448276,275.3436136034732,4.755143700173064,0.775,0.615655233069481,3.419354838709677
2021-02-23 14:00:00,14,28,2,10,13,3,0,3,9,1,10,1,15.133333333333333,145.0,4.0,11.37,70.0,0.7916666666666666,260.2803068017366,3.270212966453072,0.7,0.2638522427440633,3.392857142857143
2021-02-23 15:00:00,15,27,1,11,13,2,0,6,10,0,10,0,16.133333333333333,114.0,4.0,11.37,67.5,0.7666666666666667,262.907,4.098104172774358,0.675,0.5277044854881267,3.4074074074074074
2021-02-23 16:00:00,16,34,3,9,17,5,0,13,12,1,13,1,11.25,74.0,4.0,11.37,85.0,1.037037037037037,291.44830680173663,6.566361425836824,0.85,1.1433597185576077,3.294117647058824
2021-02-23 17:00:00,17,33,3,8,18,4,0,8,16,1,17,1,8.766666666666667,114.0,4.0,11.37,82.5,1.184782608695652,328.89730680173665,5.049031875483062,0.825,0.7036059806508355,3.303030303030303
2021-02-23 18:00:00,18,33,3,5,23,2,0,8,17,1,18,1,8.633333333333333,143.0,4.0,11.37,82.5,1.2272727272727273,341.5453068017366,5.002710482130008,0.825,0.7036059806508355,3.272727272727273
2021-02-23 19:00:00,19,32,1,5,23,3,0,10,14,0,14,0,9.633333333333333,161.0,4.0,11.37,80.0,0.9615384615384616,290.572,5.248460861917327,0.8,0.8795074758135444,3.125
2021-02-23 20:00:00,20,28,2,6,20,0,0,9,11,0,11,0,8.666666666666666,154.0,4.0,10.33,70.0,0.8103448275862069,236.34000000000003,5.274906651915365,0.7,0.8712487899322362,3.357142857142857
2021-02-23 21:00:00,21,26,1,7,18,0,0,7,10,0,10,0,5.5,167.5,4.0,10.33,65.0,0.725,200.79,4.442480825080051,0.65,0.6776379477250726,3.3461538461538463
2021-02-23 22:00:00,22,25,1,5,19,0,0,7,11,0,11,0,6.5,194.0,3.0,6.63,62.5,0.942528735632184,217.685,5.513046757164404,0.625,1.0558069381598794,3.28
2021-02-23 23:00:00,23,26,1,4,21,0,0,10,9,0,9,0,7.5,133.0,3.0,6.63,65.0,0.9032258064516128,198.67,6.972955099199443,0.65,1.5082956259426847,3.230769230769231
2021-02-24 00:00:00,0,23,1,4,17,1,0,8,12,1,13,1,7.9,136.0,3.0,6.63,57.49999999999999,0.9135802469135802,248.9593068017366,5.732221785035084,0.575,1.2066365007541475,3.217391304347826
2021-02-24 01:00:00,1,25,1,4,19,1,0,6,13,0,13,0,8.9,196.0,3.0,6.63,62.5,0.9876543209876544,258.021,4.895927601809955,0.625,0.9049773755656108,3.2
2021-02-24 02:00:00,2,23,1,4,17,1,0,3,15,0,15,0,9.9,224.0,3.0,6.63,57.49999999999999,0.9866666666666668,286.171,3.305833169388156,0.575,0.4524886877828054,3.217391304347826
2021-02-24 03:00:00,3,27,1,4,20,2,0,5,16,0,16,0,10.9,270.0,3.0,6.63,67.5,1.1805555555555556,313.791,4.499169040835708,0.675,0.7541478129713424,3.1481481481481484
2021-02-24 04:00:00,4,23,1,4,16,2,0,1,15,0,15,0,11.9,316.0,3.0,6.63,57.49999999999999,0.9733333333333334,297.451,2.303719916060069,0.575,0.1508295625942684,3.1739130434782608
2021-02-24 05:00:00,5,21,1,4,15,1,0,1,15,0,15,0,12.9,376.0,3.0,6.63,52.5,0.9066666666666666,298.80100000000004,2.1884004884004886,0.525,0.1508295625942684,3.238095238095238
2021-02-24 06:00:00,6,24,1,4,18,1,0,5,15,0,15,0,13.9,436.0,3.0,6.63,60.0,1.0266666666666666,310.876,4.34455756661639,0.6,0.7541478129713424,3.208333333333333
2021-02-24 07:00:00,7,21,1,4,15,1,0,2,15,0,15,0,14.9,496.0,3.0,6.63,52.5,0.9066666666666666,310.081,2.6768009768009766,0.525,0.3016591251885369,3.238095238095238
2021-02-24 08:00:00,8,24,2,5,16,1,0,5,15,1,16,1,15.9,540.0,3.0,6.8,60.0,1.1111111111111112,336.4243068017366,4.450980392156864,0.6,0.7352941176470589,3.333333333333333
2021-02-24 09:00:00,9,21,1,4,15,1,0,7,10,1,11,1,15.566666666666666,584.0,3.0,6.8,52.5,0.7816091954022989,261.1093068017366,5.033333333333334,0.525,1.0294117647058825,3.238095238095238
2021-02-24 10:00:00,10,23,0,4,18,1,0,9,7,1,8,1,16.566666666666666,576.0,4.0,10.14,57.49999999999999,0.5625,230.8393068017366,4.578492410599433,0.575,0.8875739644970414,3.130434782608696
2021-02-24 11:00:00,11,22,0,4,17,1,0,4,8,1,9,1,17.566666666666666,568.0,4.0,10.14,55.00000000000001,0.5564516129032258,247.73430680173655,2.962224314147391,0.55,0.3944773175542406,3.136363636363636
2021-02-24 12:00:00,12,20,0,4,14,2,0,4,9,1,10,1,18.566666666666663,431.5,4.0,10.14,50.0,0.5166666666666667,262.48430680173664,2.7728796844181463,0.5,0.3944773175542406,3.1
2021-02-24 13:00:00,13,20,0,6,14,0,0,6,5,1,6,1,19.566666666666663,439.0,4.0,10.14,50.0,0.4852941176470588,214.5243068017366,3.602662721893491,0.5,0.5917159763313609,3.3
2021-02-24 14:00:00,14,17,0,5,12,0,0,2,3,1,4,1,20.566666666666663,499.0,4.0,10.14,42.5,0.3888888888888889,186.92930680173663,2.049727346559925,0.425,0.1972386587771203,3.294117647058824
2021-02-24 15:00:00,15,17,0,6,11,0,0,5,5,0,5,0,21.566666666666663,206.0,4.0,10.14,42.5,0.4071428571428571,205.101,3.0783240515140964,0.425,0.4930966469428007,3.3529411764705883
2021-02-24 16:00:00,16,19,1,4,14,0,0,9,6,1,7,1,22.566666666666663,115.0,4.0,10.14,47.5,0.4772727272727273,242.6993068017366,4.5180084085954535,0.475,0.8875739644970414,3.3157894736842106
2021-02-24 17:00:00,17,23,1,5,15,2,0,9,7,1,8,1,23.566666666666663,128.0,4.0,10.14,57.49999999999999,0.578125,270.3193068017366,4.705672755338306,0.575,0.8875739644970414,3.217391304347826
2021-02-24 18:00:00,18,20,2,7,10,1,0,6,8,2,10,2,24.566666666666663,149.0,4.0,10.14,50.0,0.5833333333333334,297.1926136034732,3.821005917159763,0.5,0.5917159763313609,3.5
2021-02-24 19:00:00,19,17,1,4,10,0,2,6,6,1,7,1,25.566666666666663,231.0,4.0,10.14,42.5,0.4015151515151515,255.3293068017366,3.1697615732683606,0.425,0.5917159763313609,3.117647058823529
2021-02-24 20:00:00,20,10,0,1,8,1,0,7,4,0,4,0,26.566666666666663,169.0,4.0,9.92,25.0,0.2083333333333333,204.886,2.866935483870968,0.25,0.7056451612903226,3.0
2021-02-24 21:00:00,21,19,0,2,16,1,0,11,10,0,10,0,27.566666666666663,40.0,4.0,9.92,47.5,0.4833333333333333,310.231,4.834974533106961,0.475,1.1088709677419355,3.0526315789473686
2021-02-24 22:00:00,22,23,0,1,20,2,0,10,11,0,11,0,28.566666666666663,96.0,3.0,6.58,57.49999999999999,0.7816091954022989,337.851,6.193194132417073,0.575,1.519756838905775,2.9565217391304346
2021-02-24 23:00:00,23,18,0,1,16,1,0,4,7,0,7,0,29.566666666666663,156.0,3.0,6.58,45.0,0.5454545454545454,279.166,3.17370820668693,0.45,0.60790273556231,3.0
2021-02-25 00:00:00,0,22,0,2,19,1,0,9,8,1,9,1,30.566666666666663,204.0,3.0,6.58,55.00000000000001,0.7204301075268817,321.05430680173663,5.840515335728101,0.55,1.3677811550151977,3.0454545454545454
2021-02-25 01:00:00,1,22,0,3,18,1,0,5,8,1,9,1,31.566666666666663,264.0,3.0,6.58,55.00000000000001,0.7311827956989247,326.6943068017366,4.048715114672561,0.55,0.7598784194528875,3.090909090909091
2021-02-25 02:00:00,2,25,1,4,19,1,0,5,9,0,9,0,32.56666666666667,324.0,3.0,6.58,62.5,0.8602150537634409,337.90100000000007,4.4316109422492405,0.625,0.7598784194528875,3.2
2021-02-25 03:00:00,3,25,1,4,19,1,0,4,10,0,10,0,33.56666666666667,361.5,3.0,6.58,62.5,0.8888888888888888,356.94100000000003,3.945288753799392,0.625,0.60790273556231,3.2
2021-02-25 04:00:00,4,26,0,5,20,1,0,4,10,0,10,0,34.56666666666667,421.5,3.0,6.58,65.0,0.9111111111111112,364.726,3.967231704465747,0.65,0.60790273556231,3.1538461538461537
2021-02-25 05:00:00,5,24,0,4,19,1,0,1,10,0,10,0,35.56666666666667,481.5,3.0,6.58,60.0,0.8333333333333334,366.076,2.3499240121580547,0.6,0.1519756838905775,3.125
2021-02-25 06:00:00,6,21,0,3,17,1,0,1,10,0,10,0,36.56666666666667,541.5,3.0,6.58,52.5,0.7222222222222222,365.28100000000006,2.095400926327978,0.525,0.1519756838905775,3.095238095238096
2021-02-25 07:00:00,7,21,1,4,15,1,0,3,11,1,12,1,37.56666666666667,570.5,3.0,6.58,52.5,0.8095238095238095,398.5893068017366,3.1763352149370387,0.525,0.4559270516717325,3.238095238095238
2021-02-25 08:00:00,8,22,1,3,18,0,0,4,10,1,11,1,38.56666666666667,622.0,3.0,6.8,55.00000000000001,0.8160919540229885,392.9743068017367,3.673395721925133,0.55,0.5882352941176471,3.227272727272727
2021-02-25 09:00:00,9,27,2,5,19,1,0,8,12,2,14,2,39.56666666666667,436.5,3.0,6.8,67.5,1.141025641025641,450.4076136034733,6.102995642701526,0.675,1.1764705882352942,3.2962962962962963
2021-02-25 10:00:00,10,33,3,7,22,1,0,10,13,2,15,2,40.56666666666667,194.0,4.0,9.84,82.5,1.11,482.3176136034732,6.193329637841833,0.825,1.016260162601626,3.363636363636364
2021-02-25 11:00:00,11,39,2,6,29,2,0,11,14,1,15,1,41.56666666666667,174.0,4.0,9.84,97.5,1.25,499.9593068017366,6.707968521992912,0.975,1.1178861788617886,3.2051282051282053
2021-02-25 12:00:00,12,33,1,6,26,0,0,5,13,0,13,0,42.56666666666667,203.0,4.0,9.84,82.5,0.9907407407407408,465.061,4.322573293914757,0.825,0.508130081300813,3.242424242424242
2021-02-25 13:00:00,13,28,1,5,22,0,0,4,10,0,10,0,43.56666666666667,242.0,4.0,9.84,70.0,0.7583333333333333,419.776,3.596138211382113,0.7,0.4065040650406504,3.25
2021-02-25 14:00:00,14,33,2,5,24,2,0,10,13,0,13,0,44.56666666666667,218.0,4.0,9.84,82.5,0.9814814814814816,476.341,5.9143508253264345,0.825,1.016260162601626,3.212121212121212
2021-02-25 15:00:00,15,29,2,5,21,1,0,6,11,0,11,0,45.56666666666667,172.0,4.0,9.84,72.5,0.8189655172413793,446.601,4.372476871320437,0.725,0.6097560975609756,3.2758620689655173
2021-02-25 16:00:00,16,24,1,5,16,2,0,3,9,0,9,0,46.56666666666667,150.0,4.0,9.84,60.0,0.6209677419354839,414.716,2.9031504065040648,0.6,0.3048780487804878,3.208333333333333
2021-02-25 17:00:00,17,22,0,6,14,2,0,1,8,1,9,1,47.56666666666667,187.0,4.0,9.84,55.00000000000001,0.5645161290322581,416.9343068017366,2.0733555062823354,0.55,0.1016260162601626,3.1818181818181817
2021-02-25 18:00:00,18,24,0,6,15,3,0,9,5,2,7,2,48.56666666666667,183.0,4.0,9.84,60.0,0.5681818181818182,400.9326136034732,4.733231707317073,0.6,0.9146341463414634,3.125
2021-02-25 19:00:00,19,22,0,5,16,1,0,4,5,2,7,2,49.56666666666667,243.0,4.0,9.84,55.00000000000001,0.5303030303030303,402.2826136034733,3.0434220251293422,0.55,0.4065040650406504,3.1818181818181817
2021-02-25 20:00:00,20,19,0,4,13,2,0,6,3,1,4,1,50.56666666666667,394.0,4.0,11.07,47.5,0.4097222222222222,360.41930680173664,3.15806946227357,0.475,0.5420054200542005,3.1052631578947367
2021-02-25 21:00:00,21,18,1,4,12,1,0,4,3,1,4,1,51.56666666666667,454.0,4.0,11.07,45.0,0.4097222222222222,363.91430680173664,2.6593822141925125,0.45,0.3613369467028003,3.2777777777777777
2021-02-25 22:00:00,22,16,1,3,11,1,0,3,3,0,3,0,52.56666666666667,761.0,3.0,8.03,40.0,0.4684684684684684,350.996,2.514196762141968,0.4,0.3735990037359901,3.25
2021-02-25 23:00:00,23,20,0,2,15,3,0,10,3,0,3,0,53.56666666666667,821.0,3.0,8.03,50.0,0.5315315315315315,365.216,5.148723536737236,0.5,1.2453300124533002,2.95
2021-02-26 00:00:00,0,18,0,2,14,2,0,4,3,0,3,0,54.56666666666667,881.0,3.0,8.03,45.0,0.4864864864864865,366.566,2.8443960149439604,0.45,0.4981320049813201,3.0
2021-02-26 01:00:00,1,21,1,2,16,2,0,5,4,1,5,1,55.56666666666667,171.0,3.0,8.03,52.5,0.6190476190476191,406.3093068017366,3.5522964478443937,0.525,0.6226650062266501,3.095238095238096
2021-02-26 02:00:00,2,21,1,3,14,2,1,5,4,1,5,1,56.56666666666667,231.0,3.0,8.03,52.5,0.6095238095238096,411.9493068017366,3.497645733262172,0.525,0.6226650062266501,3.0476190476190474
2021-02-26 03:00:00,3,20,1,3,13,2,1,1,4,1,5,1,57.56666666666667,291.0,3.0,8.03,50.0,0.580952380952381,415.4443068017366,1.9048256537982569,0.5,0.12453300124533,3.05
2021-02-26 04:00:00,4,18,1,3,11,2,1,0,4,1,5,1,58.56666666666667,351.0,3.0,8.03,45.0,0.5238095238095238,416.7943068017366,1.375,0.45,0.0,3.055555555555556
2021-02-26 05:00:00,5,20,1,3,13,2,1,4,5,1,6,1,59.56666666666667,350.5,3.0,8.03,50.0,0.5980392156862745,440.1243068017366,3.044302615193026,0.5,0.4981320049813201,3.05
2021-02-26 06:00:00,6,19,1,3,11,3,1,1,5,1,6,1,60.56666666666667,410.5,3.0,8.03,47.5,0.5588235294117647,443.6193068017366,1.79859900373599,0.475,0.12453300124533,3.0
2021-02-26 07:00:00,7,22,1,3,13,4,1,4,7,1,8,1,61.56666666666667,404.5,3.0,8.03,55.00000000000001,0.6770833333333334,482.4943068017366,3.096753651081173,0.55,0.4981320049813201,2.9545454545454546
2021-02-26 08:00:00,8,16,1,3,9,2,1,0,7,1,8,1,62.56666666666667,464.5,3.0,6.6,40.0,0.5104166666666666,475.2643068017366,1.225,0.4,0.0,3.0625
2021-02-26 09:00:00,9,20,1,4,12,2,1,8,7,2,9,2,63.56666666666667,297.0,3.0,6.6,50.0,0.6666666666666666,503.75261360347326,5.307575757575758,0.5,1.2121212121212122,3.1
2021-02-26 10:00:00,10,28,2,5,19,1,1,11,9,3,12,3,64.56666666666666,174.0,4.0,9.85,70.0,0.8035714285714286,567.6209204052097,5.839557650471356,0.7,1.116751269035533,3.2142857142857144
2021-02-26 11:00:00,11,24,3,4,16,0,1,4,8,3,11,3,65.56666666666666,175.0,4.0,9.85,60.0,0.6896551724137931,551.2809204052098,3.3536379018612523,0.6,0.4060913705583756,3.333333333333333
2021-02-26 12:00:00,12,20,2,3,15,0,0,4,9,2,11,2,66.56666666666666,196.0,4.0,9.85,50.0,0.5775862068965517,547.4726136034732,3.0354060913705583,0.5,0.4060913705583756,3.35
2021-02-26 13:00:00,13,24,2,5,17,0,0,6,11,2,13,2,67.56666666666666,190.0,4.0,9.85,60.0,0.75,588.4926136034733,4.0808375634517775,0.6,0.6091370558375635,3.375
2021-02-26 14:00:00,14,20,1,4,15,0,0,2,9,2,11,2,68.56666666666666,250.0,4.0,9.85,50.0,0.5689655172413793,558.7526136034732,2.3200507614213195,0.5,0.2030456852791878,3.3
2021-02-26 15:00:00,15,15,1,2,12,0,0,6,4,2,6,2,69.56666666666666,427.0,4.0,9.85,37.5,0.3602941176470588,486.6676136034732,3.214847715736041,0.375,0.6091370558375635,3.2666666666666666
2021-02-26 16:00:00,16,19,0,3,15,1,0,8,5,1,6,1,15.833333333333334,118.0,4.0,9.85,47.5,0.4338235294117647,191.32330680173663,3.997041143467806,0.475,0.8121827411167513,3.1052631578947367
2021-02-26 17:00:00,17,20,0,3,17,0,0,7,5,1,6,1,16.833333333333332,178.0,4.0,9.85,50.0,0.4632352941176471,199.1083068017366,3.813578680203045,0.5,0.7106598984771574,3.15
2021-02-26 18:00:00,18,21,0,2,19,0,0,4,4,2,6,2,17.833333333333332,163.0,4.0,9.85,52.5,0.4779411764705882,207.7616136034732,2.8819494802997343,0.525,0.4060913705583756,3.095238095238096
2021-02-26 19:00:00,19,17,0,2,15,0,0,2,2,2,4,2,18.83333333333333,136.5,4.0,9.85,42.5,0.3680555555555556,178.0216136034732,1.958024783517468,0.425,0.2030456852791878,3.117647058823529
2021-02-26 20:00:00,20,17,0,3,13,0,1,7,1,2,3,2,19.83333333333333,135.0,4.0,9.91,42.5,0.3513513513513513,170.26161360347322,3.460622069211136,0.425,0.7063572149344097,3.0588235294117645
2021-02-26 21:00:00,21,16,0,3,12,1,0,8,2,1,3,1,20.83333333333333,57.0,4.0,9.91,40.0,0.3378378378378378,172.8883068017366,3.772704339051464,0.4,0.8072653884964682,3.125
2021-02-26 22:00:00,22,20,2,2,16,0,0,11,5,2,7,2,21.83333333333333,57.0,3.0,6.66,50.0,0.6666666666666666,241.5766136034732,7.10045045045045,0.5,1.6516516516516515,3.3
2021-02-26 23:00:00,23,21,1,3,16,1,0,8,5,1,6,1,22.83333333333333,131.5,3.0,6.66,52.5,0.6568627450980392,235.0933068017366,5.507403832403832,0.525,1.2012012012012012,3.1904761904761907
2021-02-27 00:00:00,0,18,1,2,14,1,0,4,4,1,5,1,23.83333333333333,157.0,3.0,6.66,45.0,0.5428571428571428,220.8983068017366,3.326901901901901,0.45,0.6006006006006006,3.1666666666666665
2021-02-27 01:00:00,1,17,1,2,12,2,0,2,5,1,6,1,24.83333333333333,210.5,3.0,6.66,42.5,0.5196078431372549,237.7933068017366,2.261230347995053,0.425,0.3003003003003003,3.117647058823529
2021-02-27 02:00:00,2,18,1,3,12,2,0,3,6,1,7,1,25.83333333333333,264.0,3.0,6.66,45.0,0.5757575757575758,258.9783068017366,2.851426426426426,0.45,0.4504504504504504,3.1666666666666665
2021-02-27 03:00:00,3,19,1,3,13,2,0,4,6,1,7,1,26.83333333333333,324.0,3.0,6.66,47.5,0.6060606060606061,266.7633068017366,3.396633475580844,0.475,0.6006006006006006,3.1578947368421053
2021-02-27 04:00:00,4,16,1,3,10,2,0,0,6,1,7,1,27.83333333333333,384.0,3.0,6.66,40.0,0.5151515151515151,265.9683068017366,1.275,0.4,0.0,3.1875
2021-02-27 05:00:00,5,16,1,3,10,2,0,2,6,0,6,0,9.816666666666666,410.0,3.0,6.66,40.0,0.5,150.08599999999998,2.2322072072072072,0.4,0.3003003003003003,3.1875
2021-02-27 06:00:00,6,15,1,3,9,2,0,2,6,0,6,0,10.816666666666666,470.0,3.0,6.66,37.5,0.4705882352941176,153.581,2.160960960960961,0.375,0.3003003003003003,3.2
2021-02-27 07:00:00,7,14,1,3,8,2,0,1,6,0,6,0,11.816666666666666,530.0,3.0,6.66,35.0,0.4411764705882353,157.07600000000002,1.6076254826254828,0.35,0.1501501501501501,3.2142857142857144
2021-02-27 08:00:00,8,13,1,4,6,2,0,5,7,0,7,0,11.95,556.0,3.0,7.88,32.5,0.4343434343434343,169.083,3.1737895353377583,0.325,0.6345177664974619,3.3076923076923075
2021-02-27 09:00:00,9,10,0,0,8,2,0,8,3,0,3,0,12.95,105.0,3.0,7.88,25.0,0.2522522522522522,114.688,3.542639593908629,0.25,1.015228426395939,2.8
2021-02-27 10:00:00,10,11,0,1,8,2,0,3,3,0,3,0,13.95,108.0,4.0,11.58,27.500000000000004,0.2162162162162162,122.473,1.5536504945831369,0.275,0.2590673575129533,2.909090909090909
2021-02-27 11:00:00,11,11,0,1,8,2,0,5,1,0,1,0,12.5,61.0,4.0,11.58,27.500000000000004,0.2051282051282051,87.495,2.0560841576385616,0.275,0.4317789291882556,2.909090909090909
2021-02-27 12:00:00,12,16,0,2,12,2,0,9,3,0,3,0,11.6,48.0,4.0,11.58,40.0,0.3243243243243243,119.94400000000002,3.5316062176165803,0.4,0.7772020725388601,3.0
2021-02-27 13:00:00,13,18,0,3,12,3,0,7,4,0,4,0,12.6,104.0,4.0,11.58,45.0,0.375,143.274,3.163471502590673,0.45,0.6044905008635578,3.0
2021-02-27 14:00:00,14,19,0,4,12,3,0,8,4,0,4,0,13.6,118.5,4.0,11.58,47.5,0.4027777777777778,151.05899999999997,3.558899190982638,0.475,0.690846286701209,3.0526315789473686
2021-02-27 15:00:00,15,18,0,2,14,2,0,7,2,0,2,0,14.6,224.0,4.0,11.58,45.0,0.3552631578947368,127.754,3.163471502590673,0.45,0.6044905008635578,3.0
2021-02-27 16:00:00,16,10,0,1,9,0,0,4,2,0,2,0,6.15,26.5,4.0,11.58,25.0,0.2039473684210526,62.93600000000001,1.845811744386874,0.25,0.3454231433506045,3.1
2021-02-27 17:00:00,17,11,0,3,8,0,0,4,2,0,2,0,5.083333333333333,52.5,4.0,11.58,27.500000000000004,0.2368421052631578,59.065,2.0304757418747057,0.275,0.3454231433506045,3.272727272727273
2021-02-27 18:00:00,18,15,0,3,12,0,0,7,3,0,3,0,6.083333333333333,74.0,4.0,11.58,37.5,0.3243243243243243,86.685,3.1343696027633854,0.375,0.6044905008635578,3.2
2021-02-27 19:00:00,19,13,0,0,12,1,0,5,3,0,3,0,7.083333333333333,52.0,4.0,11.58,32.5,0.2567567567567567,88.035,2.212123023781055,0.325,0.4317789291882556,2.923076923076923
2021-02-27 20:00:00,20,15,0,1,14,0,0,6,4,0,4,0,8.083333333333334,106.5,4.0,10.38,37.5,0.3194444444444444,111.365,2.9226396917148367,0.375,0.5780346820809249,3.066666666666667
2021-02-27 21:00:00,21,18,1,1,16,0,0,9,2,1,3,1,9.083333333333334,53.0,4.0,10.38,45.0,0.3851351351351351,110.9083068017366,4.170664739884393,0.45,0.8670520231213874,3.1666666666666665
2021-02-27 22:00:00,22,21,1,1,19,0,0,8,3,2,5,2,10.083333333333334,86.0,3.0,6.68,52.5,0.6285714285714286,150.65161360347324,5.4139007698887935,0.525,1.1976047904191618,3.142857142857143
2021-02-27 23:00:00,23,23,1,4,17,1,0,9,5,2,7,2,11.083333333333334,107.0,3.0,6.68,57.49999999999999,0.7474747474747475,187.38161360347323,6.184808643582401,0.575,1.347305389221557,3.217391304347826
2021-02-28 00:00:00,0,19,0,4,15,0,0,3,5,2,7,2,12.083333333333334,139.0,3.0,6.68,47.5,0.6161616161616161,184.44161360347323,2.966853135833596,0.475,0.4491017964071856,3.210526315789474
2021-02-28 01:00:00,1,18,0,4,14,0,0,4,7,2,9,2,13.083333333333334,171.0,3.0,6.68,45.0,0.6236559139784946,214.73661360347324,3.379474384564205,0.45,0.5988023952095809,3.2222222222222223
2021-02-28 02:00:00,2,14,0,3,11,0,0,4,7,1,8,1,14.083333333333334,245.0,3.0,6.68,35.0,0.46875,197.52830680173665,3.0497219846022245,0.35,0.5988023952095809,3.2142857142857144
2021-02-28 03:00:00,3,14,0,3,11,0,0,1,7,1,8,1,15.083333333333334,305.0,3.0,6.68,35.0,0.46875,203.1683068017366,1.606180496150556,0.35,0.1497005988023952,3.2142857142857144
2021-02-28 04:00:00,4,19,1,4,14,0,0,5,9,2,11,2,16.083333333333332,333.0,3.0,6.68,47.5,0.7241379310344828,260.6016136034732,4.056878348566026,0.475,0.7485029940119761,3.3157894736842106
2021-02-28 05:00:00,5,20,1,4,15,0,0,3,10,2,12,2,17.083333333333332,339.0,3.0,6.68,50.0,0.7857142857142857,281.78661360347326,3.1320359281437127,0.5,0.4491017964071856,3.3
2021-02-28 06:00:00,6,19,1,5,12,1,0,2,11,2,13,2,18.08333333333333,345.0,3.0,6.68,47.5,0.7777777777777778,298.68161360347324,2.5677513394264104,0.475,0.2994011976047904,3.3157894736842106
2021-02-28 07:00:00,7,18,1,5,12,0,0,4,11,2,13,2,11.916666666666666,405.0,3.0,6.68,45.0,0.7530864197530864,261.7566136034732,3.554274783765801,0.45,0.5988023952095809,3.388888888888889
2021-02-28 08:00:00,8,20,1,4,14,1,0,7,12,0,12,0,12.916666666666666,449.5,3.0,6.72,50.0,0.7738095238095238,256.55,5.010416666666667,0.5,1.0416666666666667,3.25
2021-02-28 09:00:00,9,21,0,1,18,2,0,9,5,0,5,0,13.916666666666666,228.0,3.0,6.72,52.5,0.5904761904761905,170.535,5.504081632653062,0.525,1.3392857142857144,2.952380952380953
2021-02-28 10:00:00,10,18,0,1,15,2,0,10,5,0,5,0,12.95,42.0,4.0,10.06,45.0,0.3785714285714285,158.648,4.25188314557102,0.45,0.9940357852882704,2.9444444444444446
2021-02-28 11:00:00,11,28,2,2,22,2,0,17,6,2,8,2,13.95,71.0,4.0,10.06,70.0,0.6875,227.67461360347323,7.510991195683045,0.7,1.68986083499006,3.142857142857143
2021-02-28 12:00:00,12,25,2,4,19,0,0,7,4,2,6,2,14.95,113.5,4.0,10.06,62.5,0.6102941176470589,200.0796136034732,4.3851391650099405,0.625,0.6958250497017894,3.32
2021-02-28 13:00:00,13,29,2,3,24,0,0,12,4,2,6,2,5.083333333333333,147.5,4.0,10.06,72.5,0.6911764705882353,153.01161360347322,6.216456433810928,0.725,1.1928429423459246,3.2413793103448274
2021-02-28 14:00:00,14,24,2,1,20,1,0,8,3,2,5,2,5.983333333333333,116.0,4.0,10.06,60.0,0.5428571428571428,133.96261360347322,4.418223989396951,0.6,0.7952286282306164,3.1666666666666665
2021-02-28 15:00:00,15,21,2,1,18,0,0,10,3,3,6,3,4.516666666666667,23.0,4.0,10.06,52.5,0.5,133.52392040520982,4.918782542838209,0.525,0.9940357852882704,3.238095238095238
2021-02-28 16:00:00,16,22,1,2,18,1,0,9,4,2,6,2,5.516666666666667,82.0,4.0,10.06,55.00000000000001,0.5073529411764706,140.44061360347322,4.530891921200072,0.55,0.8946322067594434,3.136363636363636
2021-02-28 17:00:00,17,26,1,2,21,2,0,8,4,2,6,2,6.516666666666667,142.0,4.0,10.06,65.0,0.5882352941176471,154.66061360347322,4.4468573176326665,0.65,0.7952286282306164,3.076923076923077
2021-02-28 18:00:00,18,23,1,1,19,2,0,7,5,1,6,1,7.516666666666667,170.5,4.0,10.06,57.49999999999999,0.5147058823529411,152.9973068017366,3.8677284121358806,0.575,0.6958250497017894,3.0434782608695654
2021-02-28 19:00:00,19,17,1,1,14,1,0,7,4,2,6,2,8.516666666666667,106.5,4.0,10.06,42.5,0.3897058823529412,146.63561360347322,3.49433691965852,0.425,0.6958250497017894,3.117647058823529
2021-02-28 20:00:00,20,21,1,3,17,0,0,11,6,2,8,2,9.516666666666667,94.5,4.0,10.0,52.5,0.53125,187.65561360347328,5.261904761904762,0.525,1.1,3.238095238095238
2021-02-28 21:00:00,21,22,1,3,18,0,0,11,8,3,11,3,8.283333333333333,44.0,4.0,10.0,55.00000000000001,0.6120689655172413,223.91292040520983,5.325,0.55,1.1,3.227272727272727
2021-02-28 22:00:00,22,24,1,3,20,0,0,6,9,3,12,3,9.283333333333331,78.5,3.0,6.66,60.0,0.9166666666666666,247.24292040520984,4.815390390390391,0.6,0.9009009009009008,3.208333333333333
2021-02-28 23:00:00,23,25,1,6,17,0,1,11,7,2,9,2,7.183333333333334,134.0,3.0,6.66,62.5,0.8709677419354839,196.4756136034732,7.376351351351351,0.625,1.6516516516516515,3.24
