ts,hour,census,l1,l2,l3,l4,l5,arrivals,waitBed,waitICU,D_board,vent,maxLOS_h,awt_curr_min,Na,cap_sum,OCCUPANCY,EDWIN,NEDOCS,READI,READI_BR,READI_PR,READI_AR
2023-02-01 00:00:00,0,33,2,7,22,1,1,10,13,2,15,2,51.48333333333333,476.0,3.0,7.51,82.5,1.4266666666666667,543.8876136034733,6.992475688980349,0.825,1.3315579227696406,3.242424242424242
2023-02-01 01:00:00,1,32,3,7,20,2,0,4,13,3,16,3,52.48333333333333,485.0,3.0,7.51,80.0,1.4861111111111112,561.6509204052098,4.455958721704395,0.8,0.5326231691078562,3.34375
2023-02-01 02:00:00,2,27,2,6,19,0,0,5,13,2,15,2,53.48333333333333,596.0,3.0,7.51,67.5,1.2133333333333334,542.2976136034732,4.518921684667357,0.675,0.6657789613848203,3.3703703703703702
2023-02-01 03:00:00,3,29,2,7,20,0,0,6,14,2,16,2,54.48333333333333,605.0,3.0,7.51,72.5,1.3611111111111112,565.6276136034733,5.149848477891547,0.725,0.7989347536617843,3.3793103448275863
2023-02-01 04:00:00,4,26,2,7,17,0,0,3,15,2,17,2,55.48333333333333,614.0,3.0,7.51,65.0,1.289855072463768,578.2326136034733,3.5924075591519,0.65,0.3994673768308922,3.423076923076923
2023-02-01 05:00:00,5,27,2,7,18,0,0,2,16,2,18,2,56.48333333333333,672.0,3.0,7.51,67.5,1.393939393939394,599.4176136034732,3.207432065887459,0.675,0.2663115845539281,3.4074074074074074
2023-02-01 06:00:00,6,26,2,6,18,0,0,3,16,2,18,2,57.48333333333333,732.0,3.0,7.51,65.0,1.3333333333333333,602.9126136034731,3.552043429273789,0.65,0.3994673768308922,3.3846153846153846
2023-02-01 07:00:00,7,27,1,6,19,1,0,7,18,1,19,1,58.48333333333333,790.0,3.0,7.51,67.5,1.3968253968253967,623.2293068017366,5.237924742318883,0.675,0.9320905459387484,3.259259259259259
2023-02-01 08:00:00,8,27,1,6,18,2,0,5,18,1,19,1,59.48333333333333,850.0,3.0,6.5,67.5,1.380952380952381,628.8693068017366,4.653632478632479,0.675,0.7692307692307693,3.2222222222222223
2023-02-01 09:00:00,9,29,2,6,21,0,0,7,17,2,19,2,60.48333333333333,910.0,3.0,6.5,72.5,1.5396825396825398,639.6676136034732,6.027122015915118,0.725,1.0769230769230769,3.3448275862068964
2023-02-01 10:00:00,10,39,4,11,22,2,0,17,20,3,23,3,61.48333333333333,404.0,4.0,9.82,97.5,1.9705882352941175,721.2259204052098,9.298091284140163,0.975,1.7311608961303462,3.435897435897436
2023-02-01 11:00:00,11,47,7,13,27,0,0,14,22,3,25,3,62.48333333333333,281.0,4.0,9.82,117.5,2.8,770.8259204052099,9.295983013389954,1.175,1.4256619144602851,3.574468085106383
2023-02-01 12:00:00,12,48,7,16,24,0,1,16,24,2,26,2,63.48333333333333,188.5,4.0,9.82,120.0,3.071428571428572,791.1426136034733,10.138424983027834,1.2,1.6293279022403258,3.583333333333333
2023-02-01 13:00:00,13,52,7,15,30,0,0,14,25,2,27,2,64.48333333333333,201.0,4.0,9.82,130.0,3.5576923076923075,818.7626136034733,9.697066426445245,1.3,1.4256619144602851,3.5576923076923075
2023-02-01 14:00:00,14,51,6,16,29,0,0,9,23,2,25,2,65.48333333333333,232.0,4.0,9.82,127.5,3.0166666666666666,795.4576136034732,7.777665628369474,1.275,0.9164969450101832,3.549019607843137
2023-02-01 15:00:00,15,46,6,14,26,0,0,7,22,2,24,2,25.53333333333333,259.0,4.0,9.82,115.0,2.5625,546.0146136034732,6.64139732577703,1.15,0.7128309572301426,3.565217391304348
2023-02-01 16:00:00,16,50,6,14,28,2,0,10,23,1,24,1,26.48333333333333,303.5,4.0,9.82,125.0,2.71875,559.0843068017366,7.893788187372707,1.25,1.0183299389002036,3.48
2023-02-01 17:00:00,17,48,6,14,25,3,0,9,23,1,24,1,27.48333333333333,363.5,4.0,9.82,120.0,2.609375,560.4343068017366,7.363645621181262,1.2,0.9164969450101832,3.4791666666666665
2023-02-01 18:00:00,18,46,6,12,24,3,1,12,24,1,25,1,28.48333333333333,393.0,4.0,9.82,115.0,2.6166666666666667,575.1843068017366,8.095725228017356,1.15,1.2219959266802445,3.4130434782608696
2023-02-01 19:00:00,19,41,5,10,24,2,0,8,23,1,24,1,29.48333333333333,425.0,4.0,9.82,102.5,2.203125,556.6993068017366,6.326649197754707,1.025,0.8146639511201629,3.4390243902439024
2023-02-01 20:00:00,20,29,3,9,13,3,1,6,19,1,20,1,26.166666666666668,370.5,4.0,11.05,72.5,1.2125,458.6533068017367,4.241195974410984,0.725,0.5429864253393665,3.3448275862068964
2023-02-01 21:00:00,21,30,3,6,18,2,1,8,19,1,20,1,27.166666666666668,342.0,4.0,11.05,75.0,1.225,466.43830680173664,4.81500754147813,0.75,0.7239819004524887,3.2666666666666666
2023-02-01 22:00:00,22,31,3,6,20,1,1,9,18,1,19,1,28.166666666666668,357.0,3.0,7.73,77.5,1.619047619047619,460.82330680173663,6.380905980052581,0.775,1.1642949547218628,3.290322580645161
2023-02-01 23:00:00,23,28,2,8,17,0,1,5,17,1,18,1,29.166666666666668,310.0,3.0,7.73,70.0,1.4242424242424243,446.62830680173664,4.52150249491776,0.7,0.6468305304010349,3.357142857142857
2023-02-02 00:00:00,0,30,2,9,18,0,1,5,17,1,18,1,30.166666666666668,370.0,3.0,7.73,75.0,1.5303030303030305,456.5583068017366,4.702662785683484,0.75,0.6468305304010349,3.3666666666666667
2023-02-02 01:00:00,1,29,2,8,18,0,1,2,17,1,18,1,31.166666666666668,430.0,3.0,7.73,72.5,1.4696969696969695,460.0533068017367,3.290414640674488,0.725,0.258732212160414,3.3448275862068964
2023-02-02 02:00:00,2,28,2,7,18,0,1,2,18,0,18,0,32.166666666666664,490.0,3.0,7.73,70.0,1.4090909090909092,462.68,3.184360561818518,0.7,0.258732212160414,3.321428571428572
2023-02-02 03:00:00,3,30,2,7,19,1,1,4,17,0,17,0,33.166666666666664,543.0,3.0,7.73,75.0,1.420289855072464,459.2099999999999,4.140383786114705,0.75,0.517464424320828,3.2666666666666666
2023-02-02 04:00:00,4,32,2,7,22,0,1,5,18,0,18,0,34.166666666666664,595.5,3.0,7.73,80.0,1.5909090909090908,482.54,4.747412677878396,0.8,0.6468305304010349,3.28125
2023-02-02 05:00:00,5,30,2,7,19,1,1,2,18,0,18,0,35.166666666666664,655.5,3.0,7.73,75.0,1.4848484848484849,483.89,3.295191893057352,0.75,0.258732212160414,3.2666666666666666
2023-02-02 06:00:00,6,29,2,7,19,0,1,1,18,0,18,0,36.16666666666666,715.5,3.0,7.73,72.5,1.4545454545454546,487.385,2.8282464201275817,0.725,0.129366106080207,3.310344827586207
2023-02-02 07:00:00,7,29,2,7,19,0,1,3,18,1,19,1,37.16666666666666,768.0,3.0,7.73,72.5,1.5238095238095235,507.29330680173655,3.684739260382745,0.725,0.3880983182406209,3.310344827586207
2023-02-02 08:00:00,8,37,2,9,23,2,1,11,20,1,21,1,38.16666666666666,782.0,3.0,7.33,92.5,2.1052631578947367,556.8933068017366,7.8670771726706255,0.925,1.500682128240109,3.2432432432432434
2023-02-02 09:00:00,9,42,2,11,27,1,1,10,22,1,23,1,39.16666666666666,829.0,3.0,7.33,105.0,2.7058823529411766,600.0583068017365,7.9325570064314945,1.05,1.364256480218281,3.2857142857142856
2023-02-02 10:00:00,10,38,3,9,24,2,0,8,24,1,25,1,40.16666666666666,783.0,4.0,10.58,95.0,2.1166666666666667,623.9183068017365,5.702111730176101,0.95,0.7561436672967864,3.3421052631578947
2023-02-02 11:00:00,11,47,3,13,25,6,0,16,32,2,34,2,41.16666666666666,356.5,4.0,10.58,117.5,6.416666666666667,770.3316136034732,8.805154245264047,1.175,1.5122873345935728,3.276595744680851
2023-02-02 12:00:00,12,53,3,14,28,8,0,10,32,3,35,3,42.16666666666666,292.0,4.0,10.58,132.5,8.55,803.1099204052098,7.324541677069586,1.325,0.945179584120983,3.2264150943396226
2023-02-02 13:00:00,13,50,2,13,28,7,0,8,32,3,35,3,43.16666666666666,215.0,4.0,10.58,125.0,8.0,802.3149204052099,6.419659735349717,1.25,0.7561436672967864,3.2
2023-02-02 14:00:00,14,48,2,12,27,7,0,5,30,3,33,3,44.16666666666666,222.0,4.0,10.58,120.0,5.464285714285714,776.8649204052099,5.331379962192817,1.2,0.4725897920604915,3.1875
2023-02-02 15:00:00,15,40,2,11,23,4,0,3,25,3,28,3,45.16666666666666,274.5,4.0,10.58,100.0,2.7291666666666665,698.3449204052098,4.203638941398866,1.0,0.2835538752362949,3.275
2023-02-02 16:00:00,16,41,3,9,24,5,0,10,20,4,24,4,29.5,312.5,4.0,10.58,102.5,2.078125,559.3982272069464,6.391070358246116,1.025,0.945179584120983,3.2439024390243905
2023-02-02 17:00:00,17,36,2,9,22,3,0,4,18,4,22,4,30.5,372.5,4.0,10.58,90.0,1.6388888888888888,527.5132272069465,4.1892354547364,0.9,0.3780718336483932,3.2777777777777777
2023-02-02 18:00:00,18,30,2,7,17,4,0,5,20,3,23,3,31.5,423.0,4.0,10.58,75.0,1.4264705882352942,532.8149204052098,3.953040327662256,0.75,0.4725897920604915,3.2333333333333334
2023-02-02 19:00:00,19,25,2,6,15,2,0,5,16,2,18,2,32.5,489.5,4.0,10.58,62.5,0.9431818181818182,459.8616136034732,3.643998109640832,0.625,0.4725897920604915,3.32
2023-02-02 20:00:00,20,24,2,3,18,1,0,9,11,1,12,1,33.5,443.5,4.0,9.65,60.0,0.6964285714285714,382.0883068017366,4.981088082901554,0.6,0.932642487046632,3.25
2023-02-02 21:00:00,21,28,2,4,20,2,0,10,10,1,11,1,34.5,357.0,4.0,9.65,70.0,0.7758620689655172,382.9083068017366,5.580866025166543,0.7,1.0362694300518134,3.2142857142857144
2023-02-02 22:00:00,22,27,2,5,19,1,0,7,11,1,12,1,35.5,335.5,3.0,6.4,67.5,1.0595238095238095,399.8033068017367,5.830324074074074,0.675,1.09375,3.2962962962962963
2023-02-02 23:00:00,23,33,2,5,23,3,0,9,12,1,13,1,36.5,314.0,3.0,6.4,82.5,1.2962962962962965,431.7133068017366,7.099431818181818,0.825,1.40625,3.1818181818181817
2023-02-03 00:00:00,0,28,2,5,19,2,0,4,11,1,12,1,37.5,319.0,3.0,6.4,70.0,1.0833333333333333,413.2283068017366,4.30625,0.7,0.625,3.25
2023-02-03 01:00:00,1,26,2,6,16,2,0,2,13,1,14,1,38.5,298.0,3.0,6.4,65.0,1.1025641025641026,441.3783068017366,3.183653846153846,0.65,0.3125,3.3076923076923075
2023-02-03 02:00:00,2,21,3,6,11,1,0,2,15,1,16,1,39.5,325.0,3.0,6.4,52.5,1.0277777777777777,463.0933068017366,2.9511904761904764,0.525,0.3125,3.523809523809524
2023-02-03 03:00:00,3,22,3,7,11,1,0,2,15,1,16,1,40.5,385.0,3.0,6.4,55.00000000000001,1.0833333333333333,470.8783068017366,3.0579545454545456,0.55,0.3125,3.5454545454545454
2023-02-03 04:00:00,4,28,3,7,16,2,0,10,15,1,16,1,41.5,445.0,3.0,6.4,70.0,1.3194444444444444,489.3883068017366,7.6763392857142865,0.7,1.5625,3.392857142857143
2023-02-03 05:00:00,5,25,3,7,13,2,0,1,15,1,16,1,42.5,505.0,3.0,6.4,62.5,1.1944444444444444,488.5933068017366,2.6875,0.625,0.15625,3.44
2023-02-03 06:00:00,6,25,3,7,13,2,0,2,15,1,16,1,43.5,565.0,3.0,6.4,62.5,1.1944444444444444,494.2333068017366,3.225,0.625,0.3125,3.44
2023-02-03 07:00:00,7,29,2,7,17,3,0,7,16,1,17,1,44.5,618.0,3.0,6.4,72.5,1.3768115942028984,521.8533068017366,5.957974137931035,0.725,1.09375,3.2758620689655173
2023-02-03 08:00:00,8,26,2,7,16,1,0,2,17,1,18,1,45.5,662.5,3.0,7.33,65.0,1.3333333333333333,534.4583068017366,3.123496694301606,0.65,0.2728512960436562,3.3846153846153846
2023-02-03 09:00:00,9,30,2,7,20,1,0,6,19,1,20,1,46.5,683.0,3.0,7.33,75.0,1.6666666666666667,575.4783068017366,5.2285129604365626,0.75,0.8185538881309686,3.333333333333333
2023-02-03 10:00:00,10,37,2,8,25,2,0,12,19,2,21,2,47.5,599.0,4.0,10.37,92.5,1.5921052631578947,610.4016136034733,6.809305037921239,0.925,1.1571841851494695,3.27027027027027
2023-02-03 11:00:00,11,37,2,9,25,1,0,9,18,2,20,2,48.5,597.5,4.0,10.37,92.5,1.5375,602.6416136034732,5.960141650811853,0.925,0.8678881388621021,3.324324324324324
2023-02-03 12:00:00,12,37,3,8,24,1,1,6,22,2,24,2,49.5,318.0,4.0,10.37,92.5,1.90625,661.8816136034732,4.957790143084261,0.925,0.5785920925747348,3.2972972972972974
2023-02-03 13:00:00,13,39,3,11,25,0,0,12,22,3,25,3,50.5,242.0,4.0,10.37,97.5,2.2333333333333334,686.0799204052098,7.325966174616126,0.975,1.1571841851494695,3.435897435897436
2023-02-03 14:00:00,14,39,3,9,27,0,0,10,23,4,27,4,51.5,166.0,4.0,10.37,97.5,2.5384615384615383,719.3882272069465,6.56385282990876,0.975,0.9643201542912246,3.3846153846153846
2023-02-03 15:00:00,15,36,3,9,24,0,0,7,20,4,24,4,52.5,175.5,4.0,10.37,90.0,1.921875,678.3932272069464,5.38133236901318,0.9,0.6750241080038573,3.4166666666666665
2023-02-03 16:00:00,16,36,3,9,24,0,0,8,20,2,22,2,53.5,183.0,4.0,10.37,90.0,1.7083333333333333,655.4966136034732,5.710808421729347,0.9,0.7714561234329796,3.4166666666666665
2023-02-03 17:00:00,17,41,3,9,28,1,0,12,21,3,24,3,54.5,221.5,4.0,10.37,102.5,2.140625,699.5299204052099,7.291688618670178,1.025,1.1571841851494695,3.341463414634146
2023-02-03 18:00:00,18,37,3,10,24,0,0,4,22,3,25,3,55.5,261.0,4.0,10.37,92.5,2.1166666666666667,709.9899204052099,4.498985509134979,0.925,0.3857280617164898,3.4324324324324325
2023-02-03 19:00:00,19,32,3,7,20,2,0,5,18,2,20,2,56.5,299.0,4.0,10.37,80.0,1.3375,637.0366136034731,4.287222757955641,0.8,0.4821600771456123,3.34375
2023-02-03 20:00:00,20,33,2,5,23,3,0,10,15,2,17,2,57.5,381.0,4.0,10.37,82.5,1.141304347826087,604.6216136034732,5.693291400017533,0.825,0.9643201542912246,3.1818181818181817
2023-02-03 21:00:00,21,34,1,3,28,2,0,7,14,1,15,1,24.53333333333333,393.0,4.0,10.37,85.0,1.05,393.1663068017366,4.7096332747177945,0.85,0.6750241080038573,3.088235294117647
2023-02-03 22:00:00,22,27,1,4,20,2,0,8,9,0,9,0,25.53333333333333,301.0,3.0,7.33,67.5,0.913978494623656,302.523,5.560905209438634,0.675,1.0914051841746248,3.1481481481481484
2023-02-03 23:00:00,23,30,1,2,24,3,0,13,7,0,7,0,13.433333333333334,280.0,3.0,7.33,75.0,0.9191919191919192,213.914,7.654718053660754,0.75,1.7735334242837653,3.033333333333333
2023-02-04 00:00:00,0,21,1,2,15,3,0,4,6,0,6,0,14.433333333333334,307.5,3.0,7.33,52.5,0.6274509803921569,186.849,3.2630936139803803,0.525,0.5457025920873124,3.0476190476190474
2023-02-04 01:00:00,1,20,1,1,14,4,0,6,6,1,7,1,15.433333333333334,335.0,3.0,7.33,50.0,0.5959595959595959,204.61230680173665,3.8897339699863576,0.5,0.8185538881309686,2.95
2023-02-04 02:00:00,2,22,1,3,14,4,0,6,7,1,8,1,16.433333333333334,310.0,3.0,7.33,55.00000000000001,0.6979166666666666,227.94230680173663,4.16786865930795,0.55,0.8185538881309686,3.0454545454545454
2023-02-04 03:00:00,3,22,0,3,17,2,0,4,7,0,7,0,17.433333333333334,408.0,3.0,7.33,55.00000000000001,0.6767676767676768,219.314,3.3369124395386334,0.55,0.5457025920873124,3.0454545454545454
2023-02-04 04:00:00,4,17,0,3,11,3,0,5,8,0,8,0,18.433333333333334,430.0,3.0,7.33,42.5,0.53125,227.629,3.3213847203274214,0.425,0.6821282401091405,3.0
2023-02-04 05:00:00,5,15,0,3,10,2,0,1,9,0,9,0,19.433333333333334,452.0,3.0,7.33,37.5,0.4946236559139785,242.379,1.5683719872669395,0.375,0.1364256480218281,3.066666666666667
2023-02-04 06:00:00,6,16,0,3,11,2,0,1,10,0,10,0,20.433333333333334,382.0,3.0,7.33,40.0,0.5444444444444444,263.564,1.6428035470668487,0.4,0.1364256480218281,3.0625
2023-02-04 07:00:00,7,20,1,4,12,3,0,4,11,0,11,0,21.433333333333334,312.0,3.0,7.33,50.0,0.7241379310344828,291.184,3.293963165075034,0.5,0.5457025920873124,3.15
2023-02-04 08:00:00,8,17,1,4,10,2,0,4,10,0,10,0,22.433333333333334,502.0,3.0,7.68,42.5,0.6111111111111112,276.98900000000003,3.060049019607843,0.425,0.5208333333333334,3.235294117647059
2023-02-04 09:00:00,9,20,1,3,13,3,0,9,12,0,12,0,23.433333333333334,386.5,3.0,7.68,50.0,0.7380952380952381,315.86400000000003,5.1828125,0.5,1.171875,3.1
2023-02-04 10:00:00,10,33,1,8,22,2,0,16,14,3,17,3,20.716666666666665,125.0,4.0,11.38,82.5,1.1630434782608696,398.0319204052098,7.233768706396122,0.825,1.40597539543058,3.242424242424242
2023-02-04 11:00:00,11,41,3,11,26,1,0,13,16,4,20,4,21.716666666666665,113.5,4.0,11.38,102.5,1.7375,461.9002272069464,7.3478621029619795,1.025,1.1423550087873464,3.3902439024390243
2023-02-04 12:00:00,12,40,4,12,22,2,0,10,13,3,16,3,10.0,127.5,4.0,11.38,100.0,1.4375,339.2049204052098,6.481634446397189,1.0,0.8787346221441126,3.45
2023-02-04 13:00:00,13,40,4,10,23,2,1,11,14,2,16,2,11.0,162.5,4.0,11.38,100.0,1.3958333333333333,343.97661360347325,6.588137082601056,1.0,0.966608084358524,3.35
2023-02-04 14:00:00,14,33,4,7,19,1,2,9,12,1,13,1,12.0,124.0,4.0,11.38,82.5,1.0092592592592593,293.5333068017366,5.337238376737498,0.825,0.7908611599297013,3.303030303030303
2023-02-04 15:00:00,15,28,2,8,15,2,1,8,8,1,9,1,13.0,145.0,4.0,11.38,70.0,0.7419354838709677,234.8483068017366,4.609816721064524,0.7,0.70298769771529,3.2857142857142856
2023-02-04 16:00:00,16,24,2,7,13,2,0,7,7,1,8,1,14.0,183.5,4.0,11.38,60.0,0.6328125,218.50830680173655,4.101010544815465,0.6,0.6151142355008787,3.375
2023-02-04 17:00:00,17,31,2,8,17,4,0,14,9,1,10,1,15.0,187.5,4.0,11.38,77.5,0.8416666666666667,265.9633068017366,6.5331637281025,0.775,1.2302284710017577,3.2580645161290325
2023-02-04 18:00:00,18,28,1,8,16,3,0,11,9,0,9,0,9.166666666666666,152.0,4.0,11.38,70.0,0.7338709677419355,212.36,5.416476274165202,0.7,0.966608084358524,3.25
2023-02-04 19:00:00,19,32,2,7,19,3,1,12,10,0,10,0,10.166666666666666,154.0,4.0,11.38,80.0,0.85,239.98,5.911159929701231,0.8,1.0544815465729351,3.1875
2023-02-04 20:00:00,20,31,1,8,18,4,0,10,8,0,8,0,11.166666666666666,134.5,4.0,12.55,77.5,0.7734375,216.675,5.01966006939982,0.775,0.796812749003984,3.193548387096774
2023-02-04 21:00:00,21,31,0,9,19,3,0,14,9,0,9,0,12.166666666666666,97.0,4.0,12.55,77.5,0.7983870967741935,235.71500000000003,6.037524097159747,0.775,1.1155378486055776,3.193548387096774
2023-02-04 22:00:00,22,24,0,7,15,2,0,10,7,0,7,0,13.166666666666666,148.0,3.0,8.850000000000001,60.0,0.7777777777777778,199.54,5.550235404896422,0.6,1.1299435028248586,3.208333333333333
2023-02-04 23:00:00,23,20,0,5,14,1,0,11,7,0,7,0,14.166666666666666,131.0,3.0,8.850000000000001,50.0,0.6464646464646465,196.6,5.577401129943503,0.5,1.2429378531073445,3.2
2023-02-05 00:00:00,0,22,0,4,15,3,0,9,8,0,8,0,15.166666666666666,136.0,3.0,8.850000000000001,55.00000000000001,0.6979166666666666,219.93,4.772072419106316,0.55,1.0169491525423726,3.0454545454545454
2023-02-05 01:00:00,1,22,0,5,15,2,0,6,9,0,9,0,16.166666666666668,141.0,3.0,8.850000000000001,55.00000000000001,0.7419354838709677,238.97000000000003,3.8513482280431424,0.55,0.6779661016949151,3.136363636363636
2023-02-05 02:00:00,2,23,0,8,13,2,0,6,10,0,10,0,17.166666666666668,198.0,3.0,8.850000000000001,57.49999999999999,0.8333333333333334,260.155,4.085759027266027,0.575,0.6779661016949151,3.260869565217391
2023-02-05 03:00:00,3,19,0,5,13,1,0,3,11,0,11,0,18.166666666666668,255.0,3.0,8.850000000000001,47.5,0.7011494252873564,270.615,2.613314005352364,0.475,0.3389830508474575,3.210526315789474
2023-02-05 04:00:00,4,19,0,7,11,1,0,4,12,0,12,0,19.166666666666668,312.5,3.0,8.850000000000001,47.5,0.75,289.655,3.0736619090098123,0.475,0.4519774011299434,3.3157894736842106
2023-02-05 05:00:00,5,22,1,7,13,1,0,3,12,0,12,0,20.166666666666668,372.5,3.0,8.850000000000001,55.00000000000001,0.8809523809523809,301.73,2.990215716486903,0.55,0.3389830508474575,3.363636363636364
2023-02-05 06:00:00,6,18,0,6,11,1,0,4,12,0,12,0,21.166666666666668,432.5,3.0,8.850000000000001,45.0,0.7023809523809523,298.79,2.956481481481481,0.45,0.4519774011299434,3.2777777777777777
2023-02-05 07:00:00,7,18,0,6,11,1,0,2,12,0,12,0,22.166666666666668,492.5,3.0,8.850000000000001,45.0,0.7023809523809523,304.43,2.215740740740741,0.45,0.2259887005649717,3.2777777777777777
2023-02-05 08:00:00,8,23,3,5,14,1,0,8,12,3,15,3,23.166666666666668,522.0,3.0,6.67,57.49999999999999,1.0533333333333332,363.5999204052098,6.094679290789388,0.575,1.199400299850075,3.4347826086956523
2023-02-05 09:00:00,9,19,3,3,12,1,0,3,9,3,12,3,24.166666666666668,478.0,3.0,6.67,47.5,0.7738095238095238,320.45992040520986,3.163704332044504,0.475,0.4497751124437781,3.421052631578948
2023-02-05 10:00:00,10,19,2,2,14,1,0,8,9,2,11,2,25.166666666666668,143.0,4.0,9.99,47.5,0.5344827586206896,311.8316136034732,4.163139455244718,0.475,0.8008008008008007,3.263157894736842
2023-02-05 11:00:00,11,26,2,2,21,1,0,16,10,2,12,2,26.166666666666668,184.5,4.0,9.99,65.0,0.7410714285714286,345.8866136034733,7.187805112805113,0.65,1.6016016016016017,3.1923076923076925
2023-02-05 12:00:00,12,31,3,2,25,1,0,15,11,3,14,3,27.166666666666668,133.0,4.0,9.99,77.5,0.9615384615384616,389.9199204052098,7.343553230650004,0.775,1.5015015015015014,3.225806451612903
2023-02-05 13:00:00,13,25,3,3,17,2,0,11,9,3,12,3,28.166666666666668,169.5,4.0,9.99,62.5,0.7321428571428571,355.88992040520986,5.661611611611612,0.625,1.1011011011011012,3.28
2023-02-05 14:00:00,14,30,3,3,20,3,1,12,9,3,12,3,29.166666666666668,221.5,4.0,9.99,75.0,0.8392857142857143,372.2549204052099,6.113763763763764,0.75,1.2012012012012012,3.1333333333333333
2023-02-05 15:00:00,15,27,3,2,20,2,0,8,10,3,13,3,30.166666666666668,225.0,4.0,9.99,67.5,0.8055555555555556,384.8599204052098,4.755358135913691,0.675,0.8008008008008007,3.2222222222222223
2023-02-05 16:00:00,16,26,2,1,18,5,0,10,9,2,11,2,31.166666666666668,285.0,4.0,9.99,65.0,0.6724137931034483,360.6866136034732,4.953003003003003,0.65,1.001001001001001,3.0
2023-02-05 17:00:00,17,21,2,1,15,3,0,11,8,2,10,2,32.166666666666664,386.0,4.0,9.99,52.5,0.5416666666666666,342.2016136034732,5.033170074836741,0.525,1.1011011011011012,3.095238095238096
2023-02-05 18:00:00,18,25,2,2,18,3,0,8,11,2,13,2,33.166666666666664,398.0,4.0,9.99,62.5,0.7222222222222222,396.6216136034732,4.448498498498498,0.625,0.8008008008008007,3.12
2023-02-05 19:00:00,19,27,1,3,20,3,0,8,14,1,15,1,34.166666666666664,257.0,4.0,9.99,67.5,0.83,432.4833068017366,4.536720980239498,0.675,0.8008008008008007,3.074074074074074
2023-02-05 20:00:00,20,35,0,4,24,6,1,15,16,2,18,2,35.166666666666664,141.0,4.0,12.27,87.5,1.1477272727272727,496.3516136034732,6.052768075445336,0.875,1.2224938875305622,2.8857142857142857
2023-02-05 21:00:00,21,38,0,6,25,6,1,9,16,2,18,2,36.16666666666666,201.0,4.0,12.27,95.0,1.2727272727272727,508.4266136034733,4.961883927422467,0.95,0.7334963325183373,2.9473684210526314
2023-02-05 22:00:00,22,41,0,6,26,8,1,13,15,3,18,3,37.16666666666666,244.5,3.0,8.950000000000001,102.5,1.803030303030303,521.3699204052099,7.190833219784712,1.025,1.4525139664804467,2.902439024390244
2023-02-05 23:00:00,23,44,0,6,31,6,1,12,15,4,19,4,38.16666666666666,295.0,3.0,8.950000000000001,110.0,2.063492063492064,547.7132272069464,7.211401726764856,1.1,1.340782122905028,2.9545454545454546
2023-02-06 00:00:00,0,39,0,7,26,5,1,6,15,4,19,4,39.16666666666666,328.0,3.0,8.950000000000001,97.5,1.8571428571428568,542.6282272069465,4.936173184357541,0.975,0.6703910614525139,3.0
2023-02-06 01:00:00,1,30,0,6,19,4,1,6,15,4,19,4,40.16666666666666,388.0,3.0,8.950000000000001,75.0,1.4285714285714286,528.9632272069464,4.261173184357542,0.75,0.6703910614525139,3.0
2023-02-06 02:00:00,2,27,0,6,16,4,1,4,15,3,18,3,41.16666666666666,461.5,3.0,8.950000000000001,67.5,1.2272727272727273,513.8999204052099,3.365782122905028,0.675,0.4469273743016759,3.0
2023-02-06 03:00:00,3,26,0,4,17,4,1,4,15,2,17,2,42.16666666666666,535.0,3.0,8.950000000000001,65.0,1.1014492753623188,503.1266136034732,3.206403094112591,0.65,0.4469273743016759,2.923076923076923
2023-02-06 04:00:00,4,23,0,4,14,4,1,0,15,1,16,1,43.16666666666666,595.5,3.0,8.950000000000001,57.49999999999999,0.9305555555555556,488.0633068017366,1.6749999999999998,0.575,0.0,2.9130434782608696
2023-02-06 05:00:00,5,25,0,4,16,4,1,3,16,1,17,1,44.16666666666666,655.0,3.0,8.950000000000001,62.5,1.0579710144927537,511.39330680173657,2.80377094972067,0.625,0.3351955307262569,2.92
2023-02-06 06:00:00,6,29,1,5,18,4,1,4,16,1,17,1,45.16666666666666,715.0,3.0,8.950000000000001,72.5,1.2753623188405796,525.6133068017366,3.5561934116740512,0.725,0.4469273743016759,3.034482758620689
2023-02-06 07:00:00,7,25,0,3,16,5,1,2,16,1,17,1,46.16666666666666,775.0,3.0,8.950000000000001,62.5,1.0289855072463767,522.6733068017365,2.40963687150838,0.625,0.2234636871508379,2.84
2023-02-06 08:00:00,8,24,0,3,15,5,1,2,16,1,17,1,47.16666666666666,835.0,3.0,7.51,60.0,0.9855072463768116,526.1683068017367,2.454549489569463,0.6,0.2663115845539281,2.833333333333333
2023-02-06 09:00:00,9,26,1,3,16,5,1,5,17,2,19,2,48.16666666666666,820.0,3.0,7.51,65.0,1.2063492063492065,563.7666136034732,3.84612311789409,0.65,0.6657789613848203,2.923076923076923
2023-02-06 10:00:00,10,34,3,6,17,8,0,9,20,4,24,4,49.16666666666666,831.5,4.0,7.51,85.0,1.65625,655.3032272069464,6.386194877418345,0.85,1.1984021304926764,3.117647058823529
2023-02-06 11:00:00,11,42,3,6,22,11,0,17,20,4,24,4,38.18333333333333,815.5,4.0,7.51,105.0,1.984375,610.5172272069465,10.019841798237271,1.05,2.263648468708389,3.023809523809524
2023-02-06 12:00:00,12,44,3,7,22,12,0,5,20,4,24,4,39.18333333333333,875.5,4.0,7.51,110.0,2.078125,620.4472272069465,5.337468224185934,1.1,0.6657789613848203,3.022727272727273
2023-02-06 13:00:00,13,45,3,6,24,12,0,9,21,3,24,3,27.116666666666667,830.5,4.0,7.51,112.5,2.109375,553.6679204052098,6.97020639147803,1.125,1.1984021304926764,3.0
2023-02-06 14:00:00,14,40,3,6,20,11,0,6,21,2,23,2,28.116666666666667,349.0,4.0,7.51,100.0,1.7794117647058822,534.3146136034732,5.441777629826897,1.0,0.7989347536617843,3.025
2023-02-06 15:00:00,15,43,4,5,23,11,0,8,23,2,25,2,29.116666666666667,391.0,4.0,7.51,107.5,2.183333333333333,573.1896136034732,6.520285355959497,1.075,1.0652463382157125,3.046511627906977
2023-02-06 16:00:00,16,40,3,5,23,9,0,9,23,1,24,1,28.08333333333333,359.0,4.0,7.51,100.0,1.90625,546.6583068017367,6.705126498002663,1.0,1.1984021304926764,3.05
2023-02-06 17:00:00,17,42,4,4,25,8,1,6,22,1,23,1,29.08333333333333,272.0,4.0,7.51,105.0,1.8823529411764703,543.1883068017366,5.634848773064485,1.05,0.7989347536617843,3.0476190476190474
2023-02-06 18:00:00,18,43,5,7,26,4,1,10,22,2,24,2,30.08333333333333,188.0,4.0,7.51,107.5,2.1875,565.2416136034732,7.835304864831388,1.075,1.3315579227696406,3.255813953488372
2023-02-06 19:00:00,19,41,4,8,26,3,0,7,20,1,21,1,31.08333333333333,227.0,4.0,7.51,102.5,1.7894736842105263,525.5233068017366,6.491812542626092,1.025,0.9320905459387484,3.317073170731707
2023-02-06 20:00:00,20,45,5,6,30,4,0,12,21,1,22,1,32.083333333333336,280.0,4.0,7.01,112.5,2.0416666666666665,553.1433068017367,9.267011412268188,1.125,1.7118402282453635,3.2666666666666666
2023-02-06 21:00:00,21,39,4,6,27,2,0,10,22,1,23,1,33.083333333333336,324.0,4.0,7.01,97.5,1.897058823529412,559.3133068017366,7.943533962471194,0.975,1.4265335235378032,3.3076923076923075
2023-02-06 22:00:00,22,42,5,5,29,3,0,13,20,2,22,2,34.083333333333336,378.0,3.0,7.01,105.0,2.555555555555556,558.8566136034732,9.543336050540043,1.05,1.854493580599144,3.2857142857142856
2023-02-06 23:00:00,23,40,5,5,27,3,0,12,23,2,25,2,35.083333333333336,367.0,3.0,7.01,100.0,2.933333333333333,600.4066136034733,8.949072753209698,1.0,1.7118402282453635,3.3
2023-02-07 00:00:00,0,38,5,6,25,2,0,12,21,2,23,2,36.083333333333336,492.0,3.0,7.01,95.0,2.5098039215686274,574.9566136034732,8.966198663563329,0.95,1.7118402282453635,3.3684210526315788
2023-02-07 01:00:00,1,33,5,6,20,2,0,2,22,2,24,2,37.083333333333336,519.5,3.0,7.01,82.5,2.3541666666666665,583.2716136034733,3.801959322180435,0.825,0.2853067047075606,3.4242424242424243
2023-02-07 02:00:00,2,38,5,5,25,3,0,8,23,2,25,2,38.083333333333336,547.0,3.0,7.01,95.0,2.8,613.0366136034733,6.934067872963436,0.95,1.1412268188302426,3.3157894736842106
2023-02-07 03:00:00,3,38,5,6,25,2,0,4,23,3,26,3,39.083333333333336,599.5,3.0,7.01,95.0,3.0476190476190474,632.9449204052098,5.122066221187777,0.95,0.5706134094151213,3.3684210526315788
2023-02-07 04:00:00,4,39,5,6,27,1,0,5,24,3,27,3,40.083333333333336,652.0,3.0,7.01,97.5,3.3846153846153846,654.1299204052098,5.714133655217821,0.975,0.7132667617689016,3.3846153846153846
2023-02-07 05:00:00,5,36,5,6,25,0,0,1,25,3,28,3,41.083333333333336,703.5,3.0,7.01,90.0,3.4444444444444446,666.7349204052099,3.591361546996355,0.9,0.1426533523537803,3.4444444444444446
2023-02-07 06:00:00,6,35,5,6,24,0,0,0,25,3,28,3,42.083333333333336,763.5,3.0,7.01,87.5,3.361111111111111,670.2299204052098,3.0250000000000004,0.875,0.0,3.4571428571428573
2023-02-07 07:00:00,7,37,5,6,26,0,0,4,24,3,27,3,43.083333333333336,832.0,3.0,7.01,92.5,3.2564102564102564,666.7599204052099,5.1335919728573085,0.925,0.5706134094151213,3.4324324324324325
2023-02-07 08:00:00,8,37,5,6,26,0,0,2,24,3,27,3,44.083333333333336,892.0,3.0,6.43,92.5,3.2564102564102564,672.3999204052099,4.2426306166197305,0.925,0.3110419906687403,3.4324324324324325
2023-02-07 09:00:00,9,45,5,7,32,1,0,11,27,3,30,3,45.083333333333336,871.5,3.0,6.43,112.5,5.033333333333333,735.3999204052099,9.51545273889753,1.125,1.7107309486780715,3.355555555555556
2023-02-07 10:00:00,10,53,6,8,39,0,0,16,27,4,31,4,46.083333333333336,833.0,4.0,9.68,132.5,4.972222222222222,772.4682272069465,10.057410728208326,1.325,1.6528925619834711,3.3773584905660377
2023-02-07 11:00:00,11,51,5,8,37,1,0,10,30,3,33,3,47.083333333333336,810.0,4.0,9.68,127.5,6.071428571428571,799.7499204052099,7.693526170798899,1.275,1.0330578512396695,3.333333333333333
2023-02-07 12:00:00,12,52,4,8,38,2,0,8,30,3,33,3,31.766666666666666,629.0,4.0,9.68,130.0,6.071428571428571,715.5089204052098,6.95184361093452,1.3,0.8264462809917356,3.269230769230769
2023-02-07 13:00:00,13,50,3,8,37,2,0,8,29,3,32,3,32.766666666666666,668.5,4.0,9.68,125.0,5.0625,703.4589204052098,6.727685950413223,1.25,0.8264462809917356,3.24
2023-02-07 14:00:00,14,54,1,10,39,4,0,11,29,2,31,2,33.766666666666666,656.0,4.0,9.68,135.0,4.722222222222222,703.4106136034732,7.827441077441078,1.35,1.1363636363636365,3.1481481481481484
2023-02-07 15:00:00,15,62,3,11,43,5,0,14,32,2,34,2,34.766666666666666,326.5,4.0,9.68,155.0,8.25,766.4106136034732,9.568768328445747,1.55,1.4462809917355373,3.193548387096774
2023-02-07 16:00:00,16,66,3,11,46,6,0,11,32,2,34,2,30.616666666666667,345.5,4.0,9.68,165.0,8.708333333333334,751.5846136034733,8.823484848484847,1.65,1.1363636363636365,3.1666666666666665
2023-02-07 17:00:00,17,65,4,11,45,5,0,4,32,2,34,2,31.616666666666667,392.0,4.0,9.68,162.5,8.708333333333334,755.0796136034733,6.553671328671329,1.625,0.4132231404958678,3.2153846153846155
2023-02-07 18:00:00,18,62,4,13,39,6,0,12,35,2,37,2,32.61666666666667,266.0,4.0,9.68,155.0,16.75,794.4846136034732,9.043928285790455,1.55,1.2396694214876034,3.2419354838709675
2023-02-07 19:00:00,19,60,3,13,38,6,0,10,36,2,38,2,33.61666666666667,320.5,4.0,9.68,150.0,24.125,809.2346136034731,8.148002754820936,1.5,1.0330578512396695,3.216666666666667
2023-02-07 20:00:00,20,55,2,12,34,6,1,10,36,1,37,1,34.61666666666667,386.0,4.0,11.59,137.5,14.416666666666666,789.8813068017366,7.038938348105734,1.375,0.8628127696289906,3.145454545454545
2023-02-07 21:00:00,21,59,2,14,34,7,2,10,35,1,36,1,35.61666666666667,440.5,4.0,11.59,147.5,11.5,790.7013068017366,7.290805925622616,1.475,0.8628127696289906,3.1186440677966103
2023-02-07 22:00:00,22,56,1,11,40,2,2,13,33,1,34,1,36.61666666666667,500.5,3.0,8.34,140.0,9.72222222222222,763.1063068017367,9.246103117505996,1.4,1.5587529976019183,3.125
2023-02-07 23:00:00,23,56,2,12,40,1,1,8,35,2,37,2,37.61666666666667,537.0,3.0,8.34,140.0,20.11111111111111,809.8146136034733,7.625376841384035,1.4,0.9592326139088728,3.232142857142857
2023-02-08 00:00:00,0,48,2,11,32,2,1,7,35,2,37,2,38.61666666666667,597.0,3.0,8.34,120.0,17.22222222222222,798.2946136034732,6.58533173461231,1.2,0.8393285371702638,3.2291666666666665
2023-02-08 01:00:00,1,47,2,11,32,1,1,4,34,2,36,2,39.61666666666667,666.0,3.0,8.34,117.5,12.75,788.3896136034732,5.386304148170825,1.175,0.4796163069544364,3.25531914893617
2023-02-08 02:00:00,2,49,4,11,29,3,2,6,33,4,37,4,40.61666666666667,717.0,3.0,8.34,122.5,17.666666666666668,813.4562272069464,6.309458963441491,1.225,0.7194244604316546,3.2448979591836733
2023-02-08 03:00:00,3,48,4,11,31,1,1,7,33,4,37,4,41.61666666666667,777.0,3.0,8.34,120.0,17.77777777777778,816.9512272069464,6.797761790567546,1.2,0.8393285371702638,3.333333333333333
2023-02-08 04:00:00,4,47,4,11,29,2,1,4,33,4,37,4,42.61666666666667,837.0,3.0,8.34,117.5,17.333333333333332,820.4462272069464,5.491917954997704,1.175,0.4796163069544364,3.3191489361702127
2023-02-08 05:00:00,5,46,4,11,28,2,1,1,33,4,37,4,43.61666666666667,897.0,3.0,8.34,115.0,17.0,823.9412272069465,4.223811385674069,1.15,0.1199040767386091,3.3260869565217392
2023-02-08 06:00:00,6,47,4,11,29,2,1,3,34,4,38,4,44.61666666666667,938.0,3.0,8.34,117.5,26.0,845.1262272069464,5.093938466248278,1.175,0.3597122302158273,3.3191489361702127
2023-02-08 07:00:00,7,44,3,10,29,1,1,1,34,3,37,3,45.61666666666667,1017.0,3.0,8.34,110.0,16.11111111111111,830.0629204052098,4.02013843470678,1.1,0.1199040767386091,3.2954545454545454
2023-02-08 08:00:00,8,51,3,11,33,3,1,7,36,3,39,3,46.61666666666667,1039.0,3.0,6.43,127.5,55.0,877.5179204052098,7.647093129631323,1.275,1.088646967340591,3.235294117647059
2023-02-08 09:00:00,9,56,3,12,37,4,0,9,36,3,39,3,47.61666666666667,1099.0,3.0,6.43,140.0,60.66666666666666,893.8829204052098,9.098989113530326,1.4,1.3996889580093312,3.25
2023-02-08 10:00:00,10,60,3,13,37,7,0,7,37,3,40,3,48.61666666666667,1158.0,4.0,10.13,150.0,48.0,921.5029204052098,7.011253701875617,1.5,0.6910167818361304,3.2
2023-02-08 11:00:00,11,58,4,13,37,4,0,8,39,3,42,3,49.61666666666667,1209.0,4.0,10.13,145.0,47.75,949.65292040521,7.375673996664056,1.45,0.7897334649555776,3.293103448275862
2023-02-08 12:00:00,12,55,5,12,36,2,0,10,36,3,39,3,50.61666666666667,1277.0,4.0,10.13,137.5,46.25,908.6579204052098,7.9454702503814065,1.375,0.987166831194472,3.363636363636364
2023-02-08 13:00:00,13,52,4,13,33,2,0,8,34,2,36,2,51.61666666666667,1309.5,4.0,10.13,130.0,10.9375,866.7946136034732,7.032756853215887,1.3,0.7897334649555776,3.3653846153846154
2023-02-08 14:00:00,14,48,3,12,31,2,0,8,28,2,30,2,52.61666666666667,1207.5,4.0,10.13,120.0,4.0,783.4546136034733,6.632444883185259,1.2,0.7897334649555776,3.333333333333333
2023-02-08 15:00:00,15,42,4,7,29,2,0,5,21,3,24,3,45.583333333333336,430.0,4.0,10.13,105.0,2.171875,651.3849204052099,5.108526065905139,1.05,0.493583415597236,3.3095238095238093
2023-02-08 16:00:00,16,38,3,6,27,2,0,10,18,3,21,3,46.583333333333336,365.0,4.0,10.13,95.0,1.631578947368421,608.2449204052099,6.321281238634592,0.95,0.987166831194472,3.263157894736842
2023-02-08 17:00:00,17,40,3,8,28,1,0,5,19,3,22,3,47.583333333333336,353.0,4.0,10.13,100.0,1.8472222222222223,631.5749204052099,4.96616485686081,1.0,0.493583415597236,3.325
2023-02-08 18:00:00,18,39,3,7,28,1,0,6,19,3,22,3,48.583333333333336,413.0,4.0,10.13,97.5,1.7916666666666667,635.0699204052098,5.184146480370568,0.975,0.5923000987166832,3.3076923076923075
2023-02-08 19:00:00,19,39,3,8,26,2,0,6,22,3,25,3,49.583333333333336,356.0,4.0,10.13,97.5,2.15,680.9099204052098,5.184146480370568,0.975,0.5923000987166832,3.3076923076923075
2023-02-08 20:00:00,20,35,2,9,22,2,0,8,21,2,23,2,50.583333333333336,402.0,4.0,11.03,87.5,1.7058823529411764,650.3016136034732,5.303833700297889,0.875,0.7252946509519491,3.3142857142857145
2023-02-08 21:00:00,21,36,1,8,23,4,0,9,18,2,20,2,51.583333333333336,334.5,4.0,11.03,90.0,1.425,617.8866136034733,5.433862194016319,0.9,0.8159564823209428,3.1666666666666665
2023-02-08 22:00:00,22,37,1,7,26,3,0,12,19,2,21,2,52.583333333333336,335.0,3.0,7.33,92.5,2.0526315789473686,639.0716136034732,8.101800265476937,0.925,1.6371077762619373,3.1621621621621623
2023-02-08 23:00:00,23,35,1,8,24,2,0,5,19,2,21,2,53.583333333333336,395.0,3.0,7.33,87.5,1.9824561403508767,640.4216136034732,5.027299746638083,0.875,0.6821282401091405,3.2285714285714286
2023-02-09 00:00:00,0,34,1,8,23,2,0,8,20,2,22,2,54.583333333333336,449.5,3.0,7.33,85.0,2.037037037037037,657.3166136034732,6.281016772329669,0.85,1.0914051841746248,3.235294117647059
2023-02-09 01:00:00,1,40,2,11,24,3,0,9,21,2,23,2,55.583333333333336,504.0,3.0,7.33,100.0,2.588235294117647,689.2266136034732,7.351841746248295,1.0,1.2278308321964528,3.3
2023-02-09 02:00:00,2,42,2,11,27,2,0,7,21,2,23,2,56.583333333333336,564.0,3.0,7.33,105.0,2.7254901960784315,699.1566136034733,6.635527512505685,1.05,0.9549795361527968,3.3095238095238093
2023-02-09 03:00:00,3,39,0,10,27,2,0,4,21,1,22,1,57.583333333333336,565.0,3.0,7.33,97.5,2.314814814814815,684.0933068017366,4.874046769510617,0.975,0.5457025920873124,3.2051282051282053
2023-02-09 04:00:00,4,40,0,11,27,2,0,7,21,2,23,2,58.583333333333336,566.0,3.0,7.33,100.0,2.5294117647058822,706.1466136034732,6.304809004092769,1.0,0.9549795361527968,3.225
2023-02-09 05:00:00,5,39,0,11,26,2,0,0,21,2,23,2,59.583333333333336,626.0,3.0,7.33,97.5,2.4705882352941178,709.6416136034732,3.15,0.975,0.0,3.230769230769231
2023-02-09 06:00:00,6,34,0,9,23,2,0,3,21,1,22,1,60.583333333333336,745.0,3.0,7.33,85.0,2.0185185185185186,690.2883068017366,4.037093732445229,0.85,0.4092769440654843,3.2058823529411766
2023-02-09 07:00:00,7,32,0,8,22,2,0,1,21,1,22,1,61.583333333333336,805.0,3.0,7.33,80.0,1.8888888888888888,691.6383068017367,2.984856753069577,0.8,0.1364256480218281,3.1875
2023-02-09 08:00:00,8,30,0,8,20,2,0,2,20,1,21,1,62.583333333333336,806.0,3.0,7.73,75.0,1.6842105263157894,679.5883068017366,3.2279430789133245,0.75,0.258732212160414,3.2
2023-02-09 09:00:00,9,31,0,7,23,1,0,5,19,2,21,2,63.583333333333336,863.0,3.0,7.73,77.5,1.736842105263158,688.2416136034733,4.540684597087176,0.775,0.6468305304010349,3.193548387096774
2023-02-09 10:00:00,10,43,0,7,35,1,0,15,21,2,23,2,64.58333333333333,910.0,4.0,11.7,107.5,1.9852941176470589,746.4216136034731,7.400044722719141,1.075,1.282051282051282,3.13953488372093
2023-02-09 11:00:00,11,45,0,10,34,1,0,12,24,2,26,2,65.58333333333333,847.5,4.0,11.7,112.5,2.571428571428572,796.5516136034732,6.8820512820512825,1.125,1.0256410256410255,3.2
2023-02-09 12:00:00,12,44,0,12,31,1,0,10,24,2,26,2,66.58333333333333,831.5,4.0,11.7,110.0,2.5535714285714284,800.0466136034732,6.352777777777778,1.1,0.8547008547008547,3.25
2023-02-09 13:00:00,13,51,0,14,35,2,0,15,29,3,32,3,67.58333333333333,207.0,4.0,11.7,127.5,5.15625,901.9699204052098,8.272812971342383,1.275,1.282051282051282,3.235294117647059
2023-02-09 14:00:00,14,42,0,13,28,1,0,6,26,3,29,3,68.58333333333333,272.0,4.0,11.7,105.0,3.136363636363636,848.1049204052098,5.1349816849816845,1.05,0.5128205128205128,3.2857142857142856
2023-02-09 15:00:00,15,38,1,11,25,1,0,10,24,3,27,3,69.58333333333333,286.0,4.0,11.7,95.0,2.423076923076923,818.3649204052098,5.984008097165991,0.95,0.8547008547008547,3.3157894736842106
2023-02-09 16:00:00,16,44,1,10,29,4,0,15,23,3,26,3,70.58333333333333,294.5,4.0,11.7,110.0,2.5,823.4749204052098,7.579254079254079,1.1,1.282051282051282,3.1818181818181817
2023-02-09 17:00:00,17,50,1,11,34,4,0,13,26,3,29,3,71.58333333333333,307.0,4.0,11.7,125.0,3.613636363636364,882.1849204052098,7.508333333333333,1.25,1.111111111111111,3.18
2023-02-09 18:00:00,18,50,1,14,30,5,0,5,26,3,29,3,72.58333333333333,367.0,4.0,11.7,125.0,3.659090909090909,887.8249204052098,5.401068376068377,1.25,0.4273504273504273,3.22
2023-02-09 19:00:00,19,44,2,13,24,5,0,5,25,3,28,3,73.58333333333333,411.0,4.0,11.7,110.0,3.0,867.1949204052098,4.9986013986014,1.1,0.4273504273504273,3.272727272727273
2023-02-09 20:00:00,20,35,2,7,22,3,1,12,18,2,20,2,69.75,476.0,4.0,11.2,87.5,1.3875,718.2016136034732,6.172959183673469,0.875,1.0714285714285714,3.1714285714285717
2023-02-09 21:00:00,21,33,2,5,20,5,1,8,18,2,20,2,70.75,508.0,4.0,11.2,82.5,1.2625,719.5516136034732,4.711147186147185,0.825,0.7142857142857142,3.060606060606061
2023-02-09 22:00:00,22,23,2,3,16,1,1,3,15,2,17,2,71.75,460.0,3.0,7.23,57.49999999999999,1.0579710144927537,663.5416136034733,3.141976366588489,0.575,0.4149377593360995,3.1739130434782608
2023-02-09 23:00:00,23,23,2,2,17,1,1,6,13,2,15,2,72.75,520.0,3.0,7.23,57.49999999999999,0.96,642.3816136034732,4.397871188886884,0.575,0.8298755186721991,3.130434782608696
2023-02-10 00:00:00,0,27,2,3,18,3,1,7,13,3,16,3,73.75,555.5,3.0,7.23,67.5,1.1527777777777777,670.8699204052098,5.051281952768813,0.675,0.9681881051175656,3.074074074074074
2023-02-10 01:00:00,1,29,2,5,19,2,1,9,14,3,17,3,74.75,591.0,3.0,7.23,72.5,1.3333333333333333,694.1999204052098,6.249062812991845,0.725,1.2448132780082988,3.1724137931034484
2023-02-10 02:00:00,2,24,2,5,15,1,1,2,14,3,17,3,75.75,651.0,3.0,7.23,60.0,1.1304347826086956,689.1149204052099,2.8490318118948825,0.6,0.276625172890733,3.25
2023-02-10 03:00:00,3,26,2,5,16,2,1,3,14,3,17,3,76.75,711.0,3.0,7.23,65.0,1.2028985507246377,699.0449204052097,3.399609000957549,0.65,0.4149377593360995,3.1923076923076925
2023-02-10 04:00:00,4,24,2,4,15,2,1,1,14,2,16,2,77.75,795.5,3.0,7.23,60.0,1.0555555555555556,686.1266136034733,2.3379898570769937,0.6,0.1383125864453665,3.1666666666666665
2023-02-10 05:00:00,5,24,2,4,15,2,1,4,15,2,17,2,78.75,831.0,3.0,7.23,60.0,1.1014492753623188,705.1666136034733,3.651959428307976,0.6,0.553250345781466,3.1666666666666665
2023-02-10 06:00:00,6,30,2,4,19,3,2,6,15,2,17,2,79.75,891.0,3.0,7.23,75.0,1.318840579710145,723.6766136034732,4.79228907330567,0.75,0.8298755186721991,3.033333333333333
2023-02-10 07:00:00,7,28,2,3,19,3,1,2,16,3,19,3,80.75,840.0,3.0,7.23,70.0,1.3650793650793651,752.6949204052098,2.9996344595929654,0.7,0.276625172890733,3.071428571428572
2023-02-10 08:00:00,8,29,2,4,20,2,1,5,17,3,20,3,81.75,889.0,3.0,6.38,72.5,1.5166666666666666,773.8799204052098,4.734193600691817,0.725,0.7836990595611285,3.1379310344827585
2023-02-10 09:00:00,9,32,2,5,22,2,1,7,17,4,21,4,82.75,899.0,3.0,6.38,80.0,1.7719298245614037,800.2232272069464,5.987970219435737,0.8,1.09717868338558,3.15625
2023-02-10 10:00:00,10,37,3,6,26,2,0,11,17,7,24,7,83.75,873.0,4.0,9.63,92.5,1.890625,859.3931476121563,6.760511212146726,0.925,1.142263759086189,3.27027027027027
2023-02-10 11:00:00,11,48,4,7,34,2,1,16,19,7,26,7,84.75,827.0,4.0,9.63,120.0,2.767857142857143,915.4281476121564,9.240178262374524,1.2,1.6614745586708206,3.2291666666666665
2023-02-10 12:00:00,12,42,4,7,29,2,0,12,18,7,25,7,85.75,844.0,4.0,9.63,105.0,2.316666666666667,894.7981476121563,7.599017208129357,1.05,1.2461059190031154,3.3095238095238093
2023-02-10 13:00:00,13,38,4,7,25,2,0,9,17,6,23,6,86.75,904.0,4.0,9.63,95.0,1.8676470588235292,864.1898408104196,6.298462862764388,0.95,0.9345794392523366,3.3421052631578947
2023-02-10 14:00:00,14,48,5,11,31,1,0,14,22,6,28,6,87.75,430.0,4.0,9.63,120.0,3.4166666666666665,958.2798408104196,9.06711664935964,1.2,1.453790238836968,3.4166666666666665
2023-02-10 15:00:00,15,47,6,9,31,1,0,12,20,7,27,7,88.75,364.0,4.0,9.63,117.5,3.0961538461538463,949.2431476121562,8.293575594883013,1.175,1.2461059190031154,3.425531914893617
2023-02-10 16:00:00,16,38,5,7,26,0,0,5,15,6,21,6,89.75,178.0,4.0,9.63,95.0,1.7236842105263157,854.3098408104197,5.064910914357545,0.95,0.5192107995846315,3.4473684210526314
2023-02-10 17:00:00,17,34,4,7,22,1,0,9,18,6,24,6,90.75,220.0,4.0,9.63,85.0,1.8125,891.5698408104197,6.088565145684442,0.85,0.9345794392523366,3.411764705882353
2023-02-10 18:00:00,18,33,4,8,21,0,0,2,18,6,24,6,91.75,280.0,4.0,9.63,82.5,1.796875,895.0648408104197,3.5987483872997887,0.825,0.2076843198338525,3.484848484848485
2023-02-10 19:00:00,19,26,3,8,15,0,0,2,13,6,19,6,92.75,339.0,4.0,9.63,65.0,1.0952380952380951,818.6898408104197,3.0348829778736324,0.65,0.2076843198338525,3.5384615384615383
2023-02-10 20:00:00,20,32,2,10,19,1,0,17,13,6,19,6,93.75,366.0,4.0,11.59,80.0,1.2976190476190477,837.1998408104197,7.721225194132874,0.8,1.4667817083692838,3.40625
2023-02-10 21:00:00,21,33,2,10,20,1,0,7,12,5,17,5,14.016666666666667,394.0,4.0,11.59,82.5,1.2173913043478262,361.9805340086831,4.84983397390645,0.825,0.6039689387402933,3.393939393939394
2023-02-10 22:00:00,22,28,2,6,19,1,0,6,11,5,16,5,15.016666666666667,253.0,3.0,8.34,70.0,1.2916666666666667,343.4955340086831,4.714516957862282,0.7,0.7194244604316546,3.321428571428572
2023-02-10 23:00:00,23,29,2,7,20,0,0,16,10,5,15,5,16.016666666666666,227.0,3.0,8.34,72.5,1.3066666666666666,337.88053400868307,8.933089390556521,0.725,1.9184652278177456,3.3793103448275863
2023-02-11 00:00:00,0,24,2,7,15,0,0,3,10,5,15,5,17.016666666666666,287.0,3.0,8.34,60.0,1.106666666666667,332.79553400868303,3.3190047961630698,0.6,0.3597122302158273,3.458333333333333
2023-02-11 01:00:00,1,30,2,8,16,4,0,8,10,5,15,5,18.016666666666666,347.0,3.0,8.34,75.0,1.3066666666666666,351.305534008683,5.583493205435651,0.75,0.9592326139088728,3.2666666666666666
2023-02-11 02:00:00,2,27,2,9,14,2,0,7,11,5,16,5,19.016666666666666,405.0,3.0,8.34,67.5,1.2777777777777777,363.91053400868304,5.15993427480238,0.675,0.8393285371702638,3.4074074074074074
2023-02-11 03:00:00,3,33,2,8,20,3,0,10,11,5,16,5,20.016666666666666,461.0,3.0,8.34,82.5,1.5,382.4205340086831,6.624133420536298,0.825,1.1990407673860912,3.272727272727273
2023-02-11 04:00:00,4,34,2,8,21,3,0,3,11,5,16,5,21.016666666666666,521.0,3.0,8.34,85.0,1.5416666666666667,390.2055340086831,3.9493546339399073,0.85,0.3597122302158273,3.264705882352941
2023-02-11 05:00:00,5,27,2,7,17,1,0,2,11,5,16,5,22.016666666666666,581.0,3.0,8.34,67.5,1.2638888888888888,380.8305340086831,3.083242295052847,0.675,0.2398081534772182,3.3703703703703702
2023-02-11 06:00:00,6,28,3,9,16,0,0,6,12,5,17,5,23.016666666666666,639.0,3.0,8.34,70.0,1.434782608695652,402.0155340086831,5.0186793422404925,0.7,0.7194244604316546,3.5357142857142856
2023-02-11 07:00:00,7,32,3,10,18,1,0,6,13,5,18,5,24.016666666666666,682.0,3.0,8.34,80.0,1.681818181818182,429.6355340086831,5.270503597122302,0.8,0.7194244604316546,3.46875
2023-02-11 08:00:00,8,36,4,11,21,0,0,6,15,5,20,5,25.016666666666666,705.0,3.0,6.5,90.0,2.1166666666666667,470.6555340086831,6.431410256410257,0.9,0.9230769230769232,3.5277777777777777
2023-02-11 09:00:00,9,42,4,10,25,3,0,8,14,5,19,5,26.016666666666666,785.0,3.0,6.5,105.0,2.238095238095238,475.7655340086831,7.656868131868132,1.05,1.2307692307692308,3.357142857142857
2023-02-11 10:00:00,10,37,4,9,23,1,0,5,13,5,18,5,27.016666666666666,825.0,4.0,10.2,92.5,1.443181818181818,457.2805340086831,4.857564917859036,0.925,0.4901960784313726,3.4324324324324325
2023-02-11 11:00:00,11,30,2,9,16,3,0,6,14,4,18,4,28.016666666666666,684.5,4.0,10.2,75.0,1.1363636363636365,447.03722720694645,4.460784313725491,0.75,0.5882352941176471,3.333333333333333
2023-02-11 12:00:00,12,29,2,6,18,2,1,8,12,4,16,4,29.016666666666666,903.5,4.0,10.2,72.5,0.96875,423.7322272069465,4.840212981744422,0.725,0.7843137254901962,3.206896551724138
2023-02-11 13:00:00,13,30,1,6,22,1,0,11,11,4,15,4,30.016666666666666,902.0,4.0,10.2,75.0,0.97,418.1172272069464,5.911928104575164,0.75,1.0784313725490198,3.2333333333333334
2023-02-11 14:00:00,14,30,1,3,22,4,0,10,10,4,14,4,31.016666666666666,611.0,4.0,10.2,75.0,0.875,410.3572272069465,5.248856209150327,0.75,0.9803921568627452,3.033333333333333
2023-02-11 15:00:00,15,29,2,2,21,4,0,10,9,4,13,4,32.016666666666666,275.0,4.0,10.2,72.5,0.8240740740740741,400.4522272069464,5.233789722785667,0.725,0.9803921568627452,3.0689655172413794
2023-02-11 16:00:00,16,24,0,2,20,2,0,8,10,3,13,3,33.016666666666666,291.0,4.0,10.2,60.0,0.6666666666666666,394.4989204052098,4.152941176470588,0.6,0.7843137254901962,3.0
2023-02-11 17:00:00,17,23,0,3,16,3,1,12,12,2,14,2,34.016666666666666,222.0,4.0,10.2,57.49999999999999,0.6442307692307693,410.5256136034732,5.102109974424552,0.575,1.1764705882352942,2.9130434782608696
2023-02-11 18:00:00,18,22,0,4,14,2,2,8,13,1,14,1,33.38333333333333,157.0,4.0,10.2,55.00000000000001,0.6153846153846154,403.9403068017366,3.881639928698753,0.55,0.7843137254901962,2.909090909090909
2023-02-11 19:00:00,19,19,0,3,11,5,0,7,12,1,13,1,34.38333333333333,221.0,4.0,10.2,47.5,0.5092592592592593,389.7453068017367,3.361584107327141,0.475,0.6862745098039216,2.8947368421052637
2023-02-11 20:00:00,20,22,1,4,13,4,0,12,9,2,11,2,35.38333333333333,238.0,4.0,13.1,55.00000000000001,0.5862068965517241,375.8886136034732,4.531367106176266,0.55,0.9160305343511448,3.090909090909091
2023-02-11 21:00:00,21,23,1,4,16,2,0,9,8,2,10,2,36.38333333333333,214.5,4.0,13.1,57.49999999999999,0.6083333333333333,370.2736136034732,4.005550945901095,0.575,0.6870229007633587,3.1739130434782608
2023-02-11 22:00:00,22,22,0,3,15,3,1,11,6,1,7,1,37.38333333333333,358.0,3.0,9.4,55.00000000000001,0.6464646464646465,332.7003068017366,5.004255319148936,0.55,1.1702127659574468,2.909090909090909
2023-02-11 23:00:00,23,27,0,5,17,4,1,16,8,1,9,1,38.38333333333333,172.0,3.0,9.4,67.5,0.8602150537634409,375.8653068017366,7.04334121355398,0.675,1.702127659574468,2.962962962962963
2023-02-12 00:00:00,0,24,0,5,17,2,0,8,8,1,9,1,39.38333333333333,232.0,3.0,9.4,60.0,0.8064516129032258,375.0703068017366,4.534574468085106,0.6,0.851063829787234,3.125
2023-02-12 01:00:00,1,24,0,5,18,1,0,8,9,1,10,1,40.38333333333333,255.5,3.0,9.4,60.0,0.8444444444444444,394.11030680173656,4.595035460992907,0.6,0.851063829787234,3.1666666666666665
2023-02-12 02:00:00,2,25,0,5,17,3,0,5,9,1,10,1,41.38333333333333,315.5,3.0,9.4,62.5,0.8555555555555555,401.89530680173664,3.5632978723404256,0.625,0.5319148936170213,3.08
2023-02-12 03:00:00,3,27,0,5,17,5,0,7,10,1,11,1,42.38333333333333,339.0,3.0,9.4,67.5,0.9310344827586208,425.22530680173656,4.259042553191489,0.675,0.7446808510638298,3.0
2023-02-12 04:00:00,4,22,0,3,13,5,1,5,9,1,10,1,43.38333333333333,435.5,3.0,9.4,55.00000000000001,0.6888888888888889,406.7403068017366,3.049032882011605,0.55,0.5319148936170213,2.8181818181818183
2023-02-12 05:00:00,5,21,0,3,13,4,1,3,9,1,10,1,44.38333333333333,495.5,3.0,9.4,52.5,0.6666666666666666,410.23530680173656,2.4118541033434653,0.525,0.3191489361702127,2.857142857142857
2023-02-12 06:00:00,6,18,0,3,11,3,1,1,9,1,10,1,45.38333333333333,555.5,3.0,9.4,45.0,0.5777777777777777,409.4403068017366,1.6073286052009457,0.45,0.1063829787234042,2.888888888888889
2023-02-12 07:00:00,7,19,0,3,12,4,0,5,9,1,10,1,46.38333333333333,615.5,3.0,9.4,47.5,0.6222222222222222,417.22530680173656,2.9677491601343786,0.475,0.5319148936170213,2.9473684210526314
2023-02-12 08:00:00,8,19,0,3,13,3,0,6,9,1,10,1,47.38333333333333,675.5,3.0,6.43,47.5,0.6333333333333333,422.86530680173655,4.224377916018662,0.475,0.9331259720062208,3.0
2023-02-12 09:00:00,9,27,0,6,17,3,1,10,11,2,13,2,48.38333333333333,670.0,3.0,6.43,67.5,1.0123456790123455,486.73361360347326,6.773230228673463,0.675,1.5552099533437014,3.037037037037037
2023-02-12 10:00:00,10,34,1,6,24,2,1,14,9,2,11,2,49.38333333333333,82.0,4.0,9.79,85.0,0.913793103448276,480.5886136034732,7.108330829778286,0.85,1.4300306435137895,3.117647058823529
2023-02-12 11:00:00,11,35,1,7,24,2,1,10,12,2,14,2,50.38333333333333,115.5,4.0,9.79,87.5,1.0576923076923077,528.5736136034732,5.960272873194222,0.875,1.021450459652707,3.142857142857143
2023-02-12 12:00:00,12,40,1,8,30,1,0,15,14,2,16,2,51.38333333333333,140.5,4.0,9.79,100.0,1.34375,571.7386136034731,8.166266598569969,1.0,1.5321756894790604,3.225
2023-02-12 13:00:00,13,35,1,8,22,3,1,8,14,2,16,2,52.38333333333333,190.5,4.0,9.79,87.5,1.1458333333333333,566.6536136034732,5.318218298555377,0.875,0.8171603677221655,3.142857142857143
2023-02-12 14:00:00,14,35,1,9,23,2,0,13,14,2,16,2,53.38333333333333,238.5,4.0,9.79,87.5,1.1875,572.2936136034732,7.175113089158034,0.875,1.327885597548519,3.257142857142857
2023-02-12 15:00:00,15,27,0,7,18,2,0,10,8,2,10,2,54.38333333333333,310.5,4.0,9.79,67.5,0.7166666666666667,480.3736136034732,5.4035088714864,0.675,1.021450459652707,3.185185185185185
2023-02-12 16:00:00,16,30,0,8,19,2,1,16,7,1,8,1,50.3,160.5,4.0,9.79,75.0,0.734375,436.11030680173656,7.47087163772557,0.75,1.634320735444331,3.1333333333333333
2023-02-12 17:00:00,17,30,0,7,20,1,2,15,8,1,9,1,51.3,106.0,4.0,9.79,75.0,0.7419354838709677,455.15030680173663,6.998672114402452,0.75,1.5321756894790604,3.066666666666667
2023-02-12 18:00:00,18,30,0,7,21,1,1,15,12,1,13,1,52.3,147.0,4.0,9.79,75.0,0.8703703703703703,514.3903068017366,7.150817160367722,0.75,1.5321756894790604,3.1333333333333333
2023-02-12 19:00:00,19,26,0,6,19,1,0,12,12,1,13,1,53.3,171.0,4.0,9.79,65.0,0.7685185185185185,511.4503068017366,5.987940991592678,0.65,1.2257405515832482,3.1923076923076925
2023-02-12 20:00:00,20,27,0,4,22,1,0,18,11,0,11,0,54.3,177.0,4.0,9.72,67.5,0.7241379310344828,491.567,7.861316872427984,0.675,1.851851851851852,3.111111111111111
2023-02-12 21:00:00,21,31,1,5,23,2,0,14,16,0,16,0,55.3,103.0,4.0,9.72,77.5,1.0208333333333333,572.7869999999999,7.0032988185317935,0.775,1.440329218106996,3.161290322580645
2023-02-12 22:00:00,22,22,1,5,15,0,1,3,13,0,13,0,56.3,136.0,3.0,6.359999999999999,55.00000000000001,0.8765432098765432,518.922,3.297298456260721,0.55,0.4716981132075472,3.227272727272727
2023-02-12 23:00:00,23,23,1,5,17,0,0,9,12,0,12,0,57.3,181.0,3.0,6.359999999999999,57.49999999999999,0.9047619047619048,513.307,6.575963904840033,0.575,1.4150943396226416,3.3043478260869565
2023-02-13 00:00:00,0,28,0,6,22,0,0,15,11,0,11,0,58.3,226.0,3.0,6.359999999999999,70.0,1.0344827586206895,516.2719999999999,9.830862533692722,0.7,2.358490566037736,3.2142857142857144
2023-02-13 01:00:00,1,32,0,8,22,2,0,10,12,0,12,0,59.3,284.5,3.0,6.359999999999999,80.0,1.2142857142857142,543.8919999999999,7.561792452830188,0.8,1.572327044025157,3.1875
2023-02-13 02:00:00,2,26,0,7,19,0,0,5,12,0,12,0,60.3,344.5,3.0,6.359999999999999,65.0,1.011904761904762,536.662,4.695149975810353,0.65,0.7861635220125787,3.269230769230769
2023-02-13 03:00:00,3,23,0,6,16,1,0,5,12,0,12,0,61.3,404.5,3.0,6.359999999999999,57.49999999999999,0.8809523809523809,535.867,4.379395679518732,0.575,0.7861635220125787,3.217391304347826
2023-02-13 04:00:00,4,23,0,6,15,2,0,5,13,0,13,0,62.3,463.0,3.0,6.359999999999999,57.49999999999999,0.9012345679012346,554.9069999999999,4.320214656822532,0.575,0.7861635220125787,3.1739130434782608
2023-02-13 05:00:00,5,22,0,5,17,0,0,2,14,0,14,0,63.3,521.5,3.0,6.359999999999999,55.00000000000001,0.9102564102564102,571.8019999999999,2.789865637507147,0.55,0.3144654088050315,3.227272727272727
2023-02-13 06:00:00,6,20,0,5,15,0,0,1,14,0,14,0,64.3,581.5,3.0,6.359999999999999,50.0,0.8333333333333334,573.152,2.136006289308176,0.5,0.1572327044025157,3.25
2023-02-13 07:00:00,7,25,0,6,19,0,0,7,18,0,18,0,65.3,618.0,3.0,6.359999999999999,62.5,1.2272727272727273,643.117,5.591037735849057,0.625,1.1006289308176105,3.24
2023-02-13 08:00:00,8,32,0,6,26,0,0,11,16,0,16,0,66.3,678.0,3.0,7.01,80.0,1.4166666666666667,636.972,7.551783166904421,0.8,1.5691868758915837,3.1875
2023-02-13 09:00:00,9,39,1,10,28,0,0,13,21,0,21,0,67.3,395.0,3.0,7.01,97.5,2.263157894736842,724.627,9.359094151212553,0.975,1.854493580599144,3.3076923076923075
2023-02-13 10:00:00,10,45,1,15,29,0,0,13,23,0,23,0,68.3,382.0,4.0,10.26,112.5,2.235294117647059,769.9369999999999,8.079835390946503,1.125,1.267056530214425,3.3777777777777778
2023-02-13 11:00:00,11,51,2,16,33,0,0,16,28,1,29,1,69.3,249.0,4.0,10.26,127.5,3.9318181818181817,869.7153068017366,9.614913236249668,1.275,1.5594541910331383,3.392156862745098
2023-02-13 12:00:00,12,51,3,16,32,0,0,10,28,1,29,1,70.3,200.0,4.0,10.26,127.5,3.977272727272727,875.3553068017366,7.719417689102931,1.275,0.9746588693957116,3.431372549019608
2023-02-13 13:00:00,13,53,3,18,32,0,0,9,28,1,29,1,71.3,252.0,4.0,10.26,132.5,4.159090909090909,885.2853068017366,7.6037984111221455,1.325,0.8771929824561404,3.452830188679245
2023-02-13 14:00:00,14,62,4,21,36,0,1,11,31,2,33,2,72.3,231.0,4.0,10.26,155.0,7.607142857142857,964.6986136034732,9.008267308055084,1.55,1.0721247563352827,3.435483870967742
2023-02-13 15:00:00,15,66,4,20,41,0,1,12,29,2,31,2,73.3,291.0,4.0,10.26,165.0,6.222222222222222,952.1186136034732,9.569519758993444,1.65,1.1695906432748535,3.393939393939394
2023-02-13 16:00:00,16,61,4,21,35,0,1,7,27,3,30,3,74.3,330.0,4.0,10.26,152.5,5.25,934.5019204052098,7.59876809510114,1.525,0.682261208576998,3.442622950819672
2023-02-13 17:00:00,17,59,3,17,37,2,0,9,28,3,31,3,75.3,385.0,4.0,10.26,147.5,5.5,949.2519204052098,7.893800178412133,1.475,0.8771929824561404,3.3559322033898304
2023-02-13 18:00:00,18,56,3,16,35,2,0,6,28,3,31,3,76.3,441.0,4.0,10.26,140.0,5.222222222222222,948.4569204052098,6.663241436925647,1.4,0.5847953216374269,3.357142857142857
2023-02-13 19:00:00,19,46,1,15,30,0,0,5,27,2,29,2,77.3,515.0,4.0,10.26,115.0,3.522727272727273,904.9786136034731,5.517088312568862,1.15,0.4873294346978558,3.369565217391304
2023-02-13 20:00:00,20,46,1,14,29,2,0,7,25,2,27,2,78.3,575.0,4.0,10.58,115.0,2.923076923076923,883.8186136034732,5.986241472836361,1.15,0.6616257088846881,3.3043478260869565
2023-02-13 21:00:00,21,49,1,14,33,1,0,9,27,2,29,2,79.3,621.0,4.0,10.58,122.5,3.6818181818181817,922.6936136034732,6.86239149724162,1.225,0.8506616257088847,3.306122448979592
2023-02-13 22:00:00,22,49,2,13,33,1,0,7,27,2,29,2,80.3,681.0,3.0,7.33,122.5,4.9393939393939394,928.3336136034732,7.251768661079711,1.225,0.9549795361527968,3.326530612244898
2023-02-13 23:00:00,23,54,2,13,38,1,0,12,25,2,27,2,81.3,741.0,3.0,7.33,135.0,4.564102564102564,917.8986136034732,9.84639229953009,1.35,1.6371077762619373,3.2962962962962963
2023-02-14 00:00:00,0,45,2,12,29,2,0,6,24,2,26,2,82.3,775.0,3.0,7.33,112.5,3.5476190476190474,890.8336136034732,6.435322874033651,1.125,0.8185538881309686,3.311111111111111
2023-02-14 01:00:00,1,46,3,12,29,2,0,6,24,2,26,2,83.3,835.0,3.0,7.33,115.0,3.6666666666666665,898.6186136034732,6.590376060264547,1.15,0.8185538881309686,3.347826086956522
2023-02-14 02:00:00,2,39,2,12,23,2,0,4,24,2,26,2,84.3,895.0,3.0,7.33,97.5,3.119047619047619,889.2436136034732,5.108001014447127,0.975,0.5457025920873124,3.358974358974359
2023-02-14 03:00:00,3,40,2,13,24,1,0,2,26,2,28,2,85.3,885.5,3.0,7.33,100.0,3.7777777777777777,923.8286136034732,4.327694406548431,1.0,0.2728512960436562,3.4
2023-02-14 04:00:00,4,36,2,13,20,1,0,1,26,2,28,2,86.3,945.5,3.0,7.33,90.0,3.4444444444444446,920.8886136034732,3.5699105654085197,0.9,0.1364256480218281,3.4444444444444446
2023-02-14 05:00:00,5,41,2,13,25,1,0,5,27,2,29,2,87.3,962.0,3.0,7.33,102.5,4.212121212121212,950.6536136034732,5.787581106711476,1.025,0.6821282401091405,3.3902439024390243
2023-02-14 06:00:00,6,46,2,14,27,3,0,5,28,2,30,2,88.3,1019.5,3.0,7.33,115.0,5.1,980.4186136034732,6.093817842102141,1.15,0.6821282401091405,3.3260869565217392
2023-02-14 07:00:00,7,44,2,15,25,2,0,2,29,2,31,2,89.3,1077.0,3.0,7.33,110.0,5.518518518518518,995.1686136034732,4.648973707056927,1.1,0.2728512960436562,3.386363636363636
2023-02-14 08:00:00,8,45,2,15,25,3,0,7,29,2,31,2,90.3,1137.0,3.0,6.77,112.5,5.592592592592593,1002.9536136034732,7.244555227310029,1.125,1.03397341211226,3.355555555555556
2023-02-14 09:00:00,9,42,3,16,23,0,0,5,29,2,31,2,91.3,1197.0,3.0,6.77,105.0,5.481481481481482,1002.1586136034732,6.3025181121192935,1.05,0.7385524372230429,3.523809523809524
2023-02-14 10:00:00,10,51,3,17,30,0,1,12,33,2,35,2,92.3,1215.0,4.0,11.75,127.5,8.7,1080.703613603473,7.834355444305381,1.275,1.0212765957446808,3.411764705882353
2023-02-14 11:00:00,11,58,4,18,36,0,0,11,37,2,39,2,93.3,1195.0,4.0,11.75,145.0,50.0,1154.9586136034732,8.22817314746882,1.45,0.9361702127659576,3.4482758620689653
2023-02-14 12:00:00,12,54,4,17,32,1,0,5,37,2,39,2,94.3,1116.0,4.0,11.75,135.0,46.5,1152.018613603473,6.1157210401891255,1.35,0.425531914893617,3.4444444444444446
2023-02-14 13:00:00,13,58,4,18,35,1,0,14,36,3,39,3,95.3,983.0,4.0,11.75,145.0,49.75,1167.1069204052098,9.06304108584006,1.45,1.1914893617021276,3.431034482758621
2023-02-14 14:00:00,14,57,4,16,35,1,1,10,34,3,37,3,41.0,979.0,4.0,11.75,142.5,16.0,831.9099204052098,7.666741321388578,1.425,0.851063829787234,3.3684210526315788
2023-02-14 15:00:00,15,45,4,8,31,2,0,9,25,3,28,3,30.566666666666663,371.5,4.0,11.75,112.5,3.1041666666666665,626.7259204052098,6.261170212765957,1.125,0.7659574468085106,3.311111111111111
2023-02-14 16:00:00,16,37,4,7,26,0,0,5,20,3,23,3,31.566666666666663,462.0,4.0,11.75,92.5,1.8529411764705883,548.2059204052098,4.599108683151236,0.925,0.425531914893617,3.4054054054054053
2023-02-14 17:00:00,17,35,4,6,25,0,0,5,20,3,23,3,30.58333333333333,421.0,4.0,11.75,87.5,1.75,538.3699204052098,4.421808510638297,0.875,0.425531914893617,3.4
2023-02-14 18:00:00,18,36,4,6,26,0,0,4,20,3,23,3,31.58333333333333,481.0,4.0,11.75,90.0,1.7941176470588236,546.1549204052099,4.2036643026004725,0.9,0.3404255319148936,3.388888888888889
2023-02-14 19:00:00,19,37,5,6,25,1,0,9,19,4,23,4,32.583333333333336,539.0,4.0,11.75,92.5,1.8529411764705883,554.8082272069464,5.758395629672226,0.925,0.7659574468085106,3.4054054054054053
2023-02-14 20:00:00,20,42,5,7,29,1,0,13,17,6,23,6,33.583333333333336,559.0,4.0,12.76,105.0,2.088235294117647,572.9098408104196,6.994543961785341,1.05,1.0188087774294672,3.380952380952381
2023-02-14 21:00:00,21,44,5,6,31,2,0,8,19,4,23,4,31.95,598.0,4.0,12.76,110.0,2.147058823529412,566.2512272069464,5.730364776289543,1.1,0.6269592476489029,3.3181818181818183
2023-02-14 22:00:00,22,42,4,5,33,0,0,9,19,3,22,3,31.683333333333334,645.5,3.0,7.779999999999999,105.0,2.574074074074074,546.1889204052098,7.303497980168932,1.05,1.1568123393316196,3.3095238095238093
2023-02-14 23:00:00,23,48,4,4,39,0,1,13,20,4,24,4,32.68333333333333,621.0,3.0,7.779999999999999,120.0,3.208333333333333,592.3672272069464,9.210968294772922,1.2,1.6709511568123394,3.208333333333333
2023-02-15 00:00:00,0,40,4,4,31,1,0,7,20,3,23,3,33.68333333333333,753.0,3.0,7.779999999999999,100.0,2.5686274509803924,566.5789204052098,6.221658097686376,1.0,0.8997429305912598,3.275
2023-02-15 01:00:00,1,38,4,4,29,1,0,2,20,3,23,3,34.68333333333333,813.0,3.0,7.779999999999999,95.0,2.450980392156863,567.9289204052097,3.970623055066973,0.95,0.2570694087403599,3.289473684210526
2023-02-15 02:00:00,2,37,4,5,28,0,0,4,21,3,24,3,35.68333333333333,801.0,3.0,7.779999999999999,92.5,2.583333333333333,584.8239204052098,4.823059820746196,0.925,0.5141388174807199,3.3513513513513518
2023-02-15 03:00:00,3,43,6,5,32,0,0,9,23,2,25,2,36.68333333333333,789.0,3.0,7.779999999999999,107.5,3.2444444444444445,615.8656136034732,7.577781431218987,1.075,1.1568123393316196,3.395348837209302
2023-02-15 04:00:00,4,40,6,5,29,0,0,1,22,2,24,2,37.68333333333333,921.0,3.0,7.779999999999999,100.0,2.8541666666666665,601.6706136034733,3.865231362467866,1.0,0.1285347043701799,3.425
2023-02-15 05:00:00,5,40,6,6,27,0,1,3,22,2,24,2,38.68333333333333,981.0,3.0,7.779999999999999,100.0,2.833333333333333,607.3106136034733,4.711053984575836,1.0,0.3856041131105399,3.4
2023-02-15 06:00:00,6,42,6,6,30,0,0,3,23,2,25,2,39.68333333333333,969.0,3.0,7.779999999999999,105.0,3.2,630.6406136034732,4.922071244950423,1.05,0.3856041131105399,3.4285714285714284
2023-02-15 07:00:00,7,40,6,6,28,0,0,3,24,2,26,2,40.68333333333333,1020.0,3.0,7.779999999999999,100.0,3.2857142857142856,645.3906136034732,4.780334190231363,1.0,0.3856041131105399,3.45
2023-02-15 08:00:00,8,41,6,7,28,0,0,5,24,2,26,2,41.68333333333333,1080.0,3.0,7.97,102.5,3.380952380952381,653.1756136034733,5.722782079138232,1.025,0.6273525721455459,3.463414634146341
2023-02-15 09:00:00,9,43,6,8,29,0,0,4,22,2,24,2,42.68333333333333,1140.0,3.0,7.97,107.5,3.1041666666666665,636.3056136034731,5.464079688366257,1.075,0.5018820577164367,3.4651162790697674
2023-02-15 10:00:00,10,49,7,11,31,0,0,9,26,2,28,2,43.68333333333333,1065.0,4.0,11.67,122.5,3.583333333333333,708.4156136034733,7.007098263469913,1.225,0.7712082262210797,3.510204081632653
2023-02-15 11:00:00,11,62,7,12,43,0,0,18,35,2,37,2,44.68333333333333,750.0,4.0,11.67,155.0,17.666666666666668,862.5406136034733,10.574069159963512,1.55,1.5424164524421593,3.419354838709677
2023-02-15 12:00:00,12,55,8,12,35,0,0,8,35,4,39,4,39.28333333333333,332.0,4.0,11.67,137.5,48.25,845.6062272069464,7.230546467243125,1.375,0.6855184233076264,3.5090909090909093
2023-02-15 13:00:00,13,49,8,10,30,1,0,4,30,4,34,4,39.31666666666667,191.5,4.0,11.67,122.5,7.166666666666667,765.9242272069465,5.503154783764406,1.225,0.3427592116538132,3.510204081632653
2023-02-15 14:00:00,14,49,7,10,31,1,0,5,29,4,33,4,40.31666666666667,240.0,4.0,11.67,122.5,6.071428571428571,758.1642272069464,5.736455764825211,1.225,0.4284490145672665,3.4693877551020407
2023-02-15 15:00:00,15,50,5,11,32,2,0,9,29,3,32,3,41.31666666666667,298.0,4.0,11.67,125.0,5.28125,751.6809204052099,6.831683804627249,1.25,0.7712082262210797,3.38
2023-02-15 16:00:00,16,44,5,10,27,2,0,8,22,2,24,2,42.31666666666667,329.5,4.0,11.67,110.0,2.34375,636.3826136034733,6.086994624912363,1.1,0.6855184233076264,3.409090909090909
2023-02-15 17:00:00,17,39,5,8,25,1,0,3,23,2,25,2,43.31666666666667,374.0,4.0,11.67,97.5,2.2333333333333334,644.6976136034732,4.233264122338672,0.975,0.2570694087403599,3.435897435897436
2023-02-15 18:00:00,18,42,5,10,25,2,0,10,25,2,27,2,44.31666666666667,425.0,4.0,11.67,105.0,2.769230769230769,683.5726136034732,6.537936099889827,1.05,0.856898029134533,3.4285714285714284
2023-02-15 19:00:00,19,39,4,8,26,1,0,4,22,2,24,2,45.31666666666667,473.5,4.0,11.67,97.5,2.0625,642.5776136034733,4.460108100982137,0.975,0.3427592116538132,3.3846153846153846
2023-02-15 20:00:00,20,40,2,9,27,2,0,14,20,2,22,2,46.31666666666667,485.5,4.0,9.83,100.0,1.8194444444444444,623.5626136034732,7.939292980671413,1.0,1.4242115971515767,3.275
2023-02-15 21:00:00,21,32,2,8,20,2,0,5,19,2,21,2,47.31666666666667,478.0,4.0,9.83,80.0,1.394736842105263,598.6426136034733,4.334893184130214,0.8,0.508646998982706,3.3125
2023-02-15 22:00:00,22,35,2,9,22,2,0,8,17,2,19,2,48.31666666666667,467.0,3.0,6.13,87.5,1.8412698412698407,583.9176136034732,7.225332090421814,0.875,1.3050570962479608,3.3142857142857145
2023-02-15 23:00:00,23,42,2,9,29,2,0,12,18,2,20,2,49.31666666666667,467.5,3.0,6.13,105.0,2.283333333333333,617.9726136034733,9.810457935213236,1.05,1.9575856443719413,3.261904761904762
2023-02-16 00:00:00,0,39,2,9,26,2,0,8,18,2,20,2,50.31666666666667,439.0,3.0,6.13,97.5,2.1333333333333333,617.1776136034732,7.483264315890743,0.975,1.3050570962479608,3.282051282051282
2023-02-16 01:00:00,1,33,2,8,21,2,0,3,18,2,20,2,51.31666666666667,499.0,3.0,6.13,82.5,1.8166666666666669,609.9476136034732,4.341491176034406,0.825,0.4893964110929853,3.303030303030303
2023-02-16 02:00:00,2,34,2,8,21,3,0,3,18,2,20,2,52.31666666666667,559.0,3.0,6.13,85.0,1.85,617.7326136034733,4.372735342097687,0.85,0.4893964110929853,3.264705882352941
2023-02-16 03:00:00,3,30,2,7,19,2,0,1,18,2,20,2,53.31666666666667,619.0,3.0,6.13,75.0,1.65,614.7926136034732,3.013336052202284,0.75,0.1631321370309951,3.3
2023-02-16 04:00:00,4,26,2,7,16,1,0,0,18,2,20,2,54.31666666666667,679.0,3.0,6.13,65.0,1.4666666666666666,611.8526136034732,2.2,0.65,0.0,3.3846153846153846
2023-02-16 05:00:00,5,29,2,9,17,1,0,3,20,3,23,3,55.31666666666667,708.0,3.0,6.13,72.5,1.9411764705882355,664.9959204052097,4.14569809304157,0.725,0.4893964110929853,3.413793103448276
2023-02-16 06:00:00,6,29,2,9,17,1,0,0,20,3,23,3,56.31666666666667,768.0,3.0,6.13,72.5,1.9411764705882355,670.6359204052098,2.475,0.725,0.0,3.413793103448276
2023-02-16 07:00:00,7,32,3,9,19,1,0,3,22,3,25,3,57.31666666666667,813.0,3.0,6.13,80.0,2.4444444444444446,709.5109204052098,4.432300163132138,0.8,0.4893964110929853,3.4375
2023-02-16 08:00:00,8,38,3,11,23,1,0,8,25,3,28,3,58.31666666666667,812.5,3.0,8.69,95.0,3.611111111111111,768.2209204052099,6.399415541154382,0.95,0.9205983889528194,3.421052631578948
2023-02-16 09:00:00,9,40,3,13,23,1,0,4,25,3,28,3,59.31666666666667,809.5,3.0,8.69,100.0,3.8333333333333335,778.1509204052098,5.038032220943614,1.0,0.4602991944764097,3.45
2023-02-16 10:00:00,10,52,3,15,26,4,4,16,27,4,31,4,60.31666666666667,858.0,4.0,12.15,130.0,4.583333333333333,850.5992272069464,8.303537511870845,1.3,1.316872427983539,3.173076923076923
2023-02-16 11:00:00,11,46,5,14,21,6,0,8,26,4,30,4,61.31666666666667,707.0,4.0,12.15,115.0,3.9,829.9692272069465,6.132957595276436,1.15,0.6584362139917697,3.391304347826087
2023-02-16 12:00:00,12,35,4,12,15,4,0,3,22,5,27,5,62.31666666666667,436.0,4.0,12.15,87.5,2.326923076923077,772.6825340086831,3.878615520282187,0.875,0.2469135802469136,3.4571428571428573
2023-02-16 13:00:00,13,34,4,12,15,3,0,6,20,4,24,4,63.31666666666667,436.5,4.0,12.15,85.0,1.859375,735.1092272069465,4.703395061728395,0.85,0.4938271604938272,3.5
2023-02-16 14:00:00,14,29,3,11,12,3,0,3,20,4,24,4,64.31666666666666,496.5,4.0,12.15,72.5,1.578125,730.0242272069464,3.3849404001702856,0.725,0.2469135802469136,3.4827586206896552
2023-02-16 15:00:00,15,27,3,7,9,7,1,8,15,4,19,4,65.31666666666666,463.0,4.0,12.15,67.5,1.011904761904762,664.3742272069464,4.197854747751868,0.675,0.6584362139917697,3.1481481481481484
2023-02-16 16:00:00,16,27,2,7,11,7,0,10,11,4,15,4,66.31666666666666,332.0,4.0,12.15,67.5,0.85,616.4142272069464,4.716068434689834,0.675,0.8230452674897121,3.1481481481481484
2023-02-16 17:00:00,17,22,1,5,10,5,1,5,11,3,14,3,67.31666666666666,310.0,4.0,12.15,55.00000000000001,0.6346153846153846,597.0609204052098,2.8845679012345684,0.55,0.411522633744856,3.0
2023-02-16 18:00:00,18,22,1,7,11,3,0,8,13,3,16,3,68.31666666666666,293.5,4.0,12.15,55.00000000000001,0.75,629.5009204052099,3.954882154882156,0.55,0.6584362139917697,3.272727272727273
2023-02-16 19:00:00,19,28,0,6,15,7,0,11,15,2,17,2,32.233333333333334,257.0,4.0,12.15,70.0,0.9021739130434784,451.3926136034732,4.75871546149324,0.7,0.9053497942386832,2.9642857142857144
2023-02-16 20:00:00,20,25,0,3,13,9,0,7,13,2,15,2,9.533333333333331,242.0,4.0,9.86,62.5,0.69,290.1296136034732,3.6844320486815416,0.625,0.7099391480730224,2.76
2023-02-16 21:00:00,21,28,0,3,18,7,0,11,14,2,16,2,10.533333333333331,243.5,4.0,9.86,70.0,0.8333333333333334,315.60461360347324,5.187481889307447,0.7,1.1156186612576064,2.857142857142857
2023-02-16 22:00:00,22,24,0,4,16,4,0,5,12,2,14,2,11.533333333333331,303.5,3.0,6.4,60.0,0.9230769230769232,285.86461360347323,4.143750000000001,0.6,0.78125,3.0
2023-02-16 23:00:00,23,27,0,4,18,5,0,10,13,2,15,2,12.533333333333331,330.0,3.0,6.4,67.5,1.0666666666666669,311.3396136034732,6.629629629629629,0.675,1.5625,2.962962962962963
2023-02-17 00:00:00,0,32,0,5,19,8,0,9,13,2,15,2,13.533333333333331,390.0,3.0,6.4,80.0,1.24,327.7046136034732,6.411914062499999,0.8,1.40625,2.90625
2023-02-17 01:00:00,1,31,0,7,20,4,0,8,14,2,16,2,14.533333333333331,447.0,3.0,6.4,77.5,1.3333333333333333,344.59961360347324,6.270967741935484,0.775,1.25,3.096774193548387
2023-02-17 02:00:00,2,30,0,8,20,2,0,3,14,2,16,2,15.533333333333331,507.0,3.0,6.4,75.0,1.3333333333333333,348.09461360347325,3.9,0.75,0.46875,3.2
2023-02-17 03:00:00,3,25,0,8,16,1,0,2,14,3,17,3,16.533333333333335,564.0,3.0,6.4,62.5,1.1884057971014492,357.27792040520984,3.075,0.625,0.3125,3.28
2023-02-17 04:00:00,4,26,0,9,16,1,0,4,15,3,18,3,17.533333333333335,618.5,3.0,6.4,65.0,1.303030303030303,378.4629204052098,4.217307692307692,0.65,0.625,3.3076923076923075
2023-02-17 05:00:00,5,29,0,9,19,1,0,4,16,3,19,3,18.53333333333333,673.0,3.0,6.4,72.5,1.507936507936508,403.93792040520987,4.422413793103448,0.725,0.625,3.2758620689655173
2023-02-17 06:00:00,6,33,0,10,22,1,0,5,16,3,19,3,19.53333333333333,733.0,3.0,6.4,82.5,1.7142857142857142,418.1579204052098,5.256818181818182,0.825,0.78125,3.272727272727273
2023-02-17 07:00:00,7,32,0,10,21,1,0,4,16,3,19,3,20.53333333333333,793.0,3.0,6.4,80.0,1.6666666666666667,421.6529204052098,4.67578125,0.8,0.625,3.28125
2023-02-17 08:00:00,8,31,0,9,21,1,0,0,16,3,19,3,21.53333333333333,853.0,3.0,6.359999999999999,77.5,1.6031746031746033,425.1479204052098,2.5250000000000004,0.775,0.0,3.2580645161290325
2023-02-17 09:00:00,9,35,0,10,21,4,0,7,19,3,22,3,22.53333333333333,729.0,3.0,6.359999999999999,87.5,2.055555555555556,479.56792040520986,6.26556603773585,0.875,1.1006289308176105,3.1714285714285717
2023-02-17 10:00:00,10,46,1,10,31,4,0,13,20,3,23,3,23.53333333333333,772.0,4.0,10.06,115.0,2.147058823529412,522.2029204052099,7.751478087993775,1.15,1.2922465208747516,3.1739130434782608
2023-02-17 11:00:00,11,51,1,10,36,4,0,10,26,3,29,3,24.53333333333333,471.0,4.0,10.06,127.5,3.659090909090909,618.9679204052098,7.163034537870814,1.275,0.9940357852882704,3.156862745098039
2023-02-17 12:00:00,12,52,0,10,37,5,0,11,25,3,28,3,25.53333333333333,422.0,4.0,10.06,130.0,3.3541666666666665,613.3529204052098,7.410456491818322,1.3,1.0934393638170976,3.0961538461538463
2023-02-17 13:00:00,13,49,0,9,38,2,0,8,25,3,28,3,26.53333333333333,367.5,4.0,10.06,122.5,3.208333333333333,612.5579204052099,6.349289974439079,1.225,0.7952286282306164,3.142857142857143
2023-02-17 14:00:00,14,42,0,8,33,1,0,7,24,3,27,3,26.35,337.0,4.0,10.06,105.0,2.5576923076923075,583.1089204052099,5.528445990722332,1.05,0.6958250497017894,3.1666666666666665
2023-02-17 15:00:00,15,39,0,5,34,0,0,7,17,3,20,3,27.35,304.5,4.0,10.06,97.5,1.525,488.5139204052099,5.226683488810726,0.975,0.6958250497017894,3.128205128205128
2023-02-17 16:00:00,16,36,0,4,32,0,0,4,16,1,17,1,27.75,345.0,4.0,10.06,90.0,1.2173913043478262,442.3983068017366,4.03702231058096,0.9,0.3976143141153082,3.111111111111111
2023-02-17 17:00:00,17,39,0,4,35,0,0,8,18,1,19,1,28.75,402.0,4.0,10.06,97.5,1.4404761904761905,481.27330680173657,5.492247795279605,0.975,0.7952286282306164,3.102564102564102
2023-02-17 18:00:00,18,38,0,5,33,0,0,10,16,1,17,1,15.95,267.0,4.0,10.06,95.0,1.2934782608695652,380.13630680173657,6.087901538139584,0.95,0.9940357852882704,3.131578947368421
2023-02-17 19:00:00,19,37,0,3,34,0,0,10,13,2,15,2,10.616666666666667,246.0,4.0,10.06,92.5,1.14,321.9796136034732,5.9127048519692655,0.925,0.9940357852882704,3.081081081081081
2023-02-17 20:00:00,20,38,0,2,35,1,0,8,13,2,15,2,11.616666666666667,233.0,4.0,13.1,95.0,1.15,329.7646136034732,4.723131779831257,0.95,0.6106870229007633,3.026315789473684
2023-02-17 21:00:00,21,30,0,2,27,1,0,4,14,2,16,2,12.616666666666667,278.0,4.0,13.1,75.0,0.9479166666666666,331.64461360347326,3.201208651399491,0.75,0.3053435114503816,3.033333333333333
2023-02-17 22:00:00,22,31,0,2,28,1,0,12,13,1,14,1,13.3,256.0,3.0,9.4,77.5,1.205128205128205,309.9753068017366,6.220967741935484,0.775,1.276595744680851,3.032258064516129
2023-02-17 23:00:00,23,29,0,2,24,3,0,10,12,1,13,1,12.55,315.0,3.0,9.4,72.5,1.0617283950617284,288.0553068017366,5.304805575935437,0.725,1.0638297872340423,2.9655172413793105
2023-02-18 00:00:00,0,28,0,2,24,2,0,9,13,0,13,0,13.55,368.0,3.0,9.4,70.0,1.037037037037037,290.682,4.972340425531915,0.7,0.9574468085106382,3.0
2023-02-18 01:00:00,1,28,0,2,25,1,0,2,13,0,13,0,14.55,428.0,3.0,9.4,70.0,1.0493827160493827,296.322,2.770896656534954,0.7,0.2127659574468085,3.0357142857142856
2023-02-18 02:00:00,2,27,0,2,24,1,0,5,14,0,14,0,15.55,452.0,3.0,9.4,67.5,1.051282051282051,313.217,3.665445232466509,0.675,0.5319148936170213,3.037037037037037
2023-02-18 03:00:00,3,26,0,2,22,2,0,2,14,0,14,0,16.55,512.0,3.0,9.4,65.0,1.0,316.712,2.588297872340425,0.65,0.2127659574468085,3.0
2023-02-18 04:00:00,4,27,0,2,23,2,0,4,14,0,14,0,17.55,572.0,3.0,9.4,67.5,1.0384615384615383,324.497,3.301595744680851,0.675,0.425531914893617,3.0
2023-02-18 05:00:00,5,24,0,3,20,1,0,2,15,0,15,0,18.55,596.0,3.0,9.4,60.0,0.9866666666666668,337.102,2.5060283687943263,0.6,0.2127659574468085,3.083333333333333
2023-02-18 06:00:00,6,25,0,3,21,1,0,1,15,0,15,0,19.55,656.0,3.0,9.4,62.5,1.0266666666666666,344.887,2.252659574468085,0.625,0.1063829787234042,3.08
2023-02-18 07:00:00,7,29,0,3,22,3,1,5,16,0,16,0,20.55,666.5,3.0,9.4,72.5,1.1805555555555556,372.507,3.684060895084373,0.725,0.5319148936170213,2.931034482758621
2023-02-18 08:00:00,8,24,0,4,19,1,0,2,16,0,16,0,21.55,726.5,3.0,7.31,60.0,1.0416666666666667,367.422,2.72999316005472,0.6,0.2735978112175102,3.125
2023-02-18 09:00:00,9,25,0,5,19,1,0,8,15,0,15,0,19.45,714.0,3.0,7.31,62.5,1.0533333333333332,344.323,5.43327633378933,0.625,1.094391244870041,3.16
2023-02-18 10:00:00,10,28,0,9,18,1,0,9,15,0,15,0,20.45,684.0,4.0,10.65,70.0,0.92,356.398,5.076659959758551,0.7,0.8450704225352113,3.2857142857142856
2023-02-18 11:00:00,11,30,0,7,22,1,0,9,14,1,15,1,21.45,594.0,4.0,10.65,75.0,0.96,367.1963068017366,5.104225352112676,0.75,0.8450704225352113,3.2
2023-02-18 12:00:00,12,25,0,8,17,0,0,8,11,1,12,1,19.383333333333333,157.5,4.0,10.65,62.5,0.7410714285714286,304.6153068017366,4.568896713615023,0.625,0.7511737089201878,3.32
2023-02-18 13:00:00,13,29,0,8,21,0,0,11,12,1,13,1,20.383333333333333,138.0,4.0,10.65,72.5,0.8796296296296297,332.2353068017366,5.758519507851708,0.725,1.0328638497652582,3.2758620689655173
2023-02-18 14:00:00,14,30,0,9,21,0,0,9,9,2,11,2,21.383333333333333,175.0,4.0,10.65,75.0,0.853448275862069,314.0886136034732,5.263732394366197,0.75,0.8450704225352113,3.3
2023-02-18 15:00:00,15,29,0,7,20,2,0,9,10,2,12,2,17.9,191.5,4.0,10.65,72.5,0.8214285714285714,305.6976136034732,4.980913064594463,0.725,0.8450704225352113,3.1724137931034484
2023-02-18 16:00:00,16,27,1,4,20,2,0,8,8,3,11,3,18.9,100.0,4.0,10.65,67.5,0.7327586206896551,294.51592040520984,4.489806120674666,0.675,0.7511737089201878,3.1481481481481484
2023-02-18 17:00:00,17,24,1,3,18,2,0,6,7,2,9,2,19.9,96.0,4.0,10.65,60.0,0.6048387096774194,266.0526136034732,3.63556338028169,0.6,0.5633802816901409,3.125
2023-02-18 18:00:00,18,24,0,4,18,2,0,7,8,1,9,1,16.966666666666665,144.0,4.0,10.65,60.0,0.5967741935483871,248.64030680173664,3.87660406885759,0.6,0.6572769953051643,3.083333333333333
2023-02-18 19:00:00,19,20,0,5,12,3,0,7,7,1,8,1,17.966666666666665,123.5,4.0,10.65,50.0,0.484375,232.3003068017366,3.5875586854460093,0.5,0.6572769953051643,3.1
2023-02-18 20:00:00,20,19,0,4,14,1,0,4,7,1,8,1,18.966666666666665,149.0,4.0,10.52,47.5,0.46875,235.7953068017366,2.700720432259356,0.475,0.3802281368821293,3.1578947368421053
2023-02-18 21:00:00,21,27,0,4,22,1,0,18,7,2,9,2,19.966666666666665,88.0,4.0,10.52,67.5,0.6774193548387096,272.8636136034732,7.42319391634981,0.675,1.7110266159695815,3.111111111111111
2023-02-18 22:00:00,22,23,0,2,20,1,0,6,6,1,7,1,20.966666666666665,102.0,3.0,7.18,57.49999999999999,0.7070707070707071,242.2553068017366,4.293296596826935,0.575,0.8356545961002786,3.0434782608695654
2023-02-18 23:00:00,23,23,0,5,16,1,1,12,9,2,11,2,21.966666666666665,123.0,3.0,7.18,57.49999999999999,0.8160919540229885,302.3636136034732,6.9342588107060665,0.575,1.6713091922005572,3.0869565217391304
2023-02-19 00:00:00,0,22,1,5,15,1,0,5,9,3,12,3,22.966666666666665,171.0,3.0,7.18,55.00000000000001,0.8571428571428571,320.12692040520983,4.079057989364396,0.55,0.6963788300835655,3.272727272727273
2023-02-19 01:00:00,1,24,1,5,17,1,0,7,10,2,12,2,23.966666666666665,190.5,3.0,7.18,60.0,0.9285714285714286,329.1886136034732,5.118523676880223,0.6,0.9749303621169916,3.25
2023-02-19 02:00:00,2,26,1,4,17,4,0,6,11,2,13,2,24.966666666666665,222.0,3.0,7.18,65.0,0.9876543209876544,352.5186136034732,4.571244911077781,0.65,0.8356545961002786,3.076923076923077
2023-02-19 03:00:00,3,24,1,5,15,3,0,2,10,2,12,2,25.966666666666665,310.5,3.0,7.18,60.0,0.9047619047619048,340.4686136034732,2.7820798514391827,0.6,0.2785515320334262,3.1666666666666665
2023-02-19 04:00:00,4,23,0,4,16,3,0,6,10,1,11,1,26.966666666666665,399.0,3.0,7.18,57.49999999999999,0.8045977011494253,329.6953068017366,4.293296596826935,0.575,0.8356545961002786,3.0434782608695654
2023-02-19 05:00:00,5,26,0,4,18,4,0,6,12,1,13,1,27.966666666666665,402.0,3.0,7.18,65.0,0.9629629629629628,368.5703068017366,4.456963788300836,0.65,0.8356545961002786,3.0
2023-02-19 06:00:00,6,27,0,4,19,4,0,4,12,1,13,1,28.966666666666665,462.0,3.0,7.18,67.5,1.0,376.3553068017366,3.696309192200557,0.675,0.5571030640668524,3.0
2023-02-19 07:00:00,7,24,0,4,16,4,0,1,11,1,12,1,29.966666666666665,550.5,3.0,7.18,60.0,0.8571428571428571,362.1603068017366,2.217827298050139,0.6,0.1392757660167131,3.0
2023-02-19 08:00:00,8,22,0,5,15,2,0,5,13,1,14,1,30.966666666666665,564.0,3.0,7.33,55.00000000000001,0.8846153846153846,390.3103068017366,3.864402207615032,0.55,0.6821282401091405,3.136363636363636
2023-02-19 09:00:00,9,27,0,5,16,4,2,8,12,1,13,1,31.966666666666665,606.0,3.0,7.33,67.5,0.9629629629629628,393.27530680173663,5.102948309837805,0.675,1.0914051841746248,2.888888888888889
2023-02-19 10:00:00,10,27,0,2,17,7,1,9,9,1,10,1,14.466666666666669,656.5,4.0,10.65,67.5,0.6166666666666667,254.3753068017366,4.166118935837246,0.675,0.8450704225352113,2.740740740740741
2023-02-19 11:00:00,11,23,0,0,14,8,1,11,4,1,5,1,14.7,604.0,4.0,10.65,57.49999999999999,0.4214285714285714,180.1113068017366,4.1245203102674015,0.575,1.0328638497652582,2.565217391304348
2023-02-19 12:00:00,12,19,0,0,12,7,0,8,5,0,5,0,15.7,262.0,4.0,10.65,47.5,0.3571428571428571,176.303,3.22677291821102,0.475,0.7511737089201878,2.631578947368421
2023-02-19 13:00:00,13,14,0,0,8,6,0,4,4,0,4,0,16.7,418.5,4.0,10.65,35.0,0.25,157.81799999999998,1.86579476861167,0.35,0.3755868544600939,2.571428571428572
2023-02-19 14:00:00,14,14,0,0,7,7,0,6,2,0,2,0,13.066666666666666,478.5,4.0,10.65,35.0,0.2302631578947368,110.526,2.283450704225352,0.35,0.5633802816901409,2.5
2023-02-19 15:00:00,15,21,1,0,13,6,1,16,7,0,7,0,14.066666666666666,36.0,4.0,10.65,52.5,0.4318181818181818,198.181,5.5028001341381625,0.525,1.5023474178403755,2.7142857142857144
2023-02-19 16:00:00,16,22,1,1,12,8,0,14,5,0,5,0,15.066666666666666,80.0,4.0,10.65,55.00000000000001,0.4357142857142857,179.166,5.169899701237729,0.55,1.3145539906103283,2.772727272727273
2023-02-19 17:00:00,17,26,1,2,18,5,0,12,5,0,5,0,16.066666666666666,124.0,4.0,10.65,65.0,0.55,193.386,5.26194474539545,0.65,1.1267605633802815,2.9615384615384617
2023-02-19 18:00:00,18,22,1,3,14,4,0,6,5,0,5,0,17.066666666666666,184.0,4.0,10.65,55.00000000000001,0.4785714285714286,190.446,3.3907490396927016,0.55,0.5633802816901409,3.0454545454545454
2023-02-19 19:00:00,19,23,0,2,12,9,0,16,4,0,4,0,18.066666666666663,155.0,4.0,10.65,57.49999999999999,0.4305555555555556,184.831,5.599806082874055,0.575,1.5023474178403755,2.6956521739130435
2023-02-19 20:00:00,20,23,0,3,13,7,0,11,4,0,4,0,19.066666666666663,215.0,4.0,9.72,57.49999999999999,0.4513888888888889,190.471,4.823246555734478,0.575,1.1316872427983538,2.8260869565217392
2023-02-19 21:00:00,21,26,0,4,17,5,0,8,5,1,6,1,20.066666666666663,170.0,4.0,9.72,65.0,0.5661764705882353,230.2143068017366,4.362480215257993,0.65,0.8230452674897119,2.9615384615384617
2023-02-19 22:00:00,22,24,0,4,15,5,0,8,5,1,6,1,21.066666666666663,165.0,3.0,6.4,60.0,0.696078431372549,231.56430680173665,5.472916666666667,0.6,1.25,2.958333333333333
2023-02-19 23:00:00,23,22,0,4,13,5,0,5,5,1,6,1,22.066666666666663,225.0,3.0,6.4,55.00000000000001,0.6372549019607843,232.9143068017366,3.9332386363636367,0.55,0.78125,2.9545454545454546
2023-02-20 00:00:00,0,22,0,4,13,5,0,7,5,1,6,1,23.066666666666663,285.0,3.0,6.4,55.00000000000001,0.6372549019607843,238.55430680173663,4.856534090909091,0.55,1.09375,2.9545454545454546
2023-02-20 01:00:00,1,27,1,3,17,6,0,7,5,2,7,2,24.066666666666663,296.0,3.0,6.4,67.5,0.8080808080808081,269.1876136034732,5.2407407407407405,0.675,1.09375,2.962962962962963
2023-02-20 02:00:00,2,28,1,2,20,5,0,7,5,1,6,1,25.066666666666663,386.0,3.0,6.4,70.0,0.8137254901960784,262.7043068017366,5.3171875,0.7,1.09375,2.9642857142857144
2023-02-20 03:00:00,3,25,1,2,17,5,0,3,5,1,6,1,26.066666666666663,446.0,3.0,6.4,62.5,0.7254901960784313,261.90930680173665,3.2375,0.625,0.46875,2.96
2023-02-20 04:00:00,4,20,0,2,14,4,0,1,5,0,5,0,27.066666666666663,574.0,3.0,6.4,50.0,0.5523809523809524,242.556,1.903125,0.5,0.15625,2.9
2023-02-20 05:00:00,5,20,0,2,13,5,0,1,5,0,5,0,28.066666666666663,634.0,3.0,6.4,50.0,0.5428571428571428,248.19600000000003,1.8703125,0.5,0.15625,2.85
2023-02-20 06:00:00,6,19,0,2,12,5,0,1,6,0,6,0,29.066666666666663,626.0,3.0,6.4,47.5,0.5294117647058824,265.091,1.7940789473684209,0.475,0.15625,2.8421052631578947
2023-02-20 07:00:00,7,17,0,3,9,5,0,1,6,0,6,0,30.066666666666663,686.0,3.0,6.4,42.5,0.4803921568627451,266.44100000000003,1.6753676470588237,0.425,0.15625,2.8823529411764706
2023-02-20 08:00:00,8,16,0,2,8,6,0,2,5,0,5,0,31.066666666666663,814.0,3.0,6.609999999999999,40.0,0.419047619047619,256.53599999999994,1.932072617246596,0.4,0.302571860816944,2.75
2023-02-20 09:00:00,9,17,0,3,9,5,0,7,5,0,5,0,32.06666666666667,874.0,3.0,6.609999999999999,42.5,0.4666666666666667,264.321,4.277416125300348,0.425,1.0590015128593042,2.8823529411764706
2023-02-20 10:00:00,10,22,0,4,16,2,0,9,7,0,7,0,33.06666666666667,798.0,4.0,9.93,55.00000000000001,0.5151515151515151,307.486,4.501428179071684,0.55,0.9063444108761328,3.090909090909091
2023-02-20 11:00:00,11,23,0,6,14,3,0,5,10,0,10,0,21.5,90.0,4.0,9.93,57.49999999999999,0.6,284.595,3.376251149349796,0.575,0.5035246727089627,3.130434782608696
2023-02-20 12:00:00,12,21,0,7,11,2,1,6,10,1,11,1,22.5,119.0,4.0,9.93,52.5,0.5689655172413793,300.2133068017366,3.5490073370738022,0.525,0.6042296072507553,3.142857142857143
2023-02-20 13:00:00,13,21,0,8,9,4,0,7,10,1,11,1,23.5,175.0,4.0,9.93,52.5,0.5775862068965517,305.8533068017366,3.924076871433367,0.525,0.7049345417925479,3.1904761904761907
2023-02-20 14:00:00,14,22,0,10,10,2,0,8,9,1,10,1,24.5,192.5,4.0,9.93,55.00000000000001,0.6166666666666667,300.2383068017366,4.559878238579145,0.55,0.8056394763343404,3.363636363636364
2023-02-20 15:00:00,15,20,1,6,11,2,0,10,6,2,8,2,25.5,113.5,4.0,9.93,50.0,0.515625,275.6566136034732,4.973262839879154,0.5,1.0070493454179257,3.3
2023-02-20 16:00:00,16,18,1,4,11,2,0,5,5,2,7,2,26.5,130.0,4.0,9.93,45.0,0.4393939393939394,263.6066136034732,3.072468389839991,0.45,0.5035246727089627,3.2222222222222223
2023-02-20 17:00:00,17,22,1,7,12,2,0,10,8,2,10,2,27.5,117.5,4.0,9.93,55.00000000000001,0.6083333333333333,318.02661360347327,5.166572827977662,0.55,1.0070493454179257,3.3181818181818183
2023-02-20 18:00:00,18,15,1,6,6,2,0,1,8,2,10,2,28.5,177.5,4.0,9.93,37.5,0.425,308.6516136034732,1.6173967774420943,0.375,0.1007049345417925,3.4
2023-02-20 19:00:00,19,12,1,4,5,2,0,5,6,1,7,1,29.5,253.0,4.0,9.93,30.0,0.303030303030303,266.7883068017366,2.678415575696542,0.3,0.5035246727089627,3.333333333333333
2023-02-20 20:00:00,20,10,1,1,7,1,0,9,2,2,4,2,30.5,263.0,4.0,10.33,25.0,0.2222222222222222,228.8066136034732,3.587996127783156,0.25,0.8712487899322362,3.2
2023-02-20 21:00:00,21,14,0,1,12,1,0,11,5,0,5,0,31.5,37.0,4.0,10.33,35.0,0.3,254.69,4.244578896418199,0.35,1.0648596321393995,3.0
2023-02-20 22:00:00,22,10,0,0,9,1,0,3,4,0,4,0,32.5,83.5,3.0,7.01,25.0,0.2685185185185185,238.35,1.9660841654778884,0.25,0.4279600570613409,2.9
2023-02-20 23:00:00,23,10,0,0,9,1,0,8,2,0,2,0,33.5,129.0,3.0,7.01,25.0,0.2543859649122807,217.19,4.034557774607704,0.25,1.1412268188302426,2.9
2023-02-21 00:00:00,0,12,0,2,9,1,0,6,5,0,5,0,34.5,53.0,3.0,7.01,30.0,0.3523809523809524,267.32,3.564087018544936,0.3,0.8559201141226819,3.083333333333333
2023-02-21 01:00:00,1,11,0,1,8,2,0,4,5,0,5,0,35.5,113.0,3.0,7.01,27.500000000000004,0.3047619047619048,270.815,2.459966281934898,0.275,0.5706134094151213,2.909090909090909
2023-02-21 02:00:00,2,10,0,1,7,2,0,4,5,0,5,0,36.5,173.0,3.0,7.01,25.0,0.2761904761904762,274.31,2.379778887303852,0.25,0.5706134094151213,2.9
2023-02-21 03:00:00,3,9,0,1,6,2,0,1,5,0,5,0,37.5,233.0,3.0,7.01,22.5,0.2476190476190476,277.805,1.0621096845775877,0.225,0.1426533523537803,2.888888888888889
2023-02-21 04:00:00,4,7,0,1,4,2,0,2,4,0,4,0,38.5,360.5,3.0,7.01,17.5,0.1851851851851851,265.755,1.3151620134501734,0.175,0.2853067047075606,2.857142857142857
2023-02-21 05:00:00,5,7,0,1,4,2,0,0,4,0,4,0,39.5,420.5,3.0,7.01,17.5,0.1851851851851851,271.395,0.5,0.175,0.0,2.857142857142857
2023-02-21 06:00:00,6,10,0,1,7,2,0,6,4,0,4,0,40.5,480.5,3.0,7.01,25.0,0.2685185185185185,283.47,3.207168330955777,0.25,0.8559201141226819,2.9
2023-02-21 07:00:00,7,11,0,1,8,2,0,2,5,0,5,0,41.5,473.0,3.0,7.01,27.500000000000004,0.3047619047619048,304.655,1.6299831409674497,0.275,0.2853067047075606,2.909090909090909
2023-02-21 08:00:00,8,10,0,1,7,2,0,1,5,0,5,0,42.5,533.0,3.0,7.23,25.0,0.2761904761904762,308.15,1.1261065006915627,0.25,0.1383125864453665,2.9
2023-02-21 09:00:00,9,10,0,0,8,2,0,5,2,0,2,0,43.5,635.0,3.0,7.23,25.0,0.2456140350877192,273.59,2.636376210235132,0.25,0.6915629322268326,2.8
2023-02-21 10:00:00,10,11,1,0,9,1,0,6,6,0,6,0,44.5,31.0,4.0,10.48,27.500000000000004,0.25,334.975,2.6196044413601665,0.275,0.5725190839694656,3.090909090909091
2023-02-21 11:00:00,11,16,1,1,13,1,0,8,5,2,7,2,45.5,73.0,4.0,10.48,40.0,0.3787878787878788,366.4766136034732,3.6354961832061066,0.4,0.7633587786259541,3.125
2023-02-21 12:00:00,12,19,1,2,14,2,0,8,7,2,9,2,46.5,110.0,4.0,10.48,47.5,0.4758064516129032,405.3516136034732,3.8454298915227,0.475,0.7633587786259541,3.1052631578947367
2023-02-21 13:00:00,13,22,1,3,16,2,0,6,10,2,12,2,47.5,129.5,4.0,10.48,55.00000000000001,0.6160714285714286,457.6266136034732,3.520628036086052,0.55,0.5725190839694656,3.136363636363636
2023-02-21 14:00:00,14,28,1,6,18,3,0,7,11,3,14,3,48.5,142.5,4.0,10.48,70.0,0.8557692307692307,503.8049204052098,4.348091603053434,0.7,0.6679389312977099,3.1785714285714284
2023-02-21 15:00:00,15,27,0,5,20,2,0,7,11,2,13,2,5.6,175.0,4.0,10.48,67.5,0.7777777777777778,245.43561360347329,4.1780322307039865,0.675,0.6679389312977099,3.111111111111111
2023-02-21 16:00:00,16,26,1,2,20,3,0,9,9,2,11,2,6.216666666666667,179.0,4.0,10.48,65.0,0.6810344827586207,219.9686136034732,4.58436582501468,0.65,0.8587786259541984,3.0384615384615383
2023-02-21 17:00:00,17,31,1,3,24,3,0,8,12,2,14,2,7.216666666666667,191.5,4.0,10.48,77.5,0.9134615384615384,276.5336136034732,4.714325289337601,0.775,0.7633587786259541,3.064516129032258
2023-02-21 18:00:00,18,32,1,4,21,6,0,9,13,2,15,2,8.216666666666667,189.0,4.0,10.48,80.0,0.96,297.7186136034732,4.976335877862596,0.8,0.8587786259541984,3.0
2023-02-21 19:00:00,19,36,1,6,26,3,0,13,16,2,18,2,8.833333333333334,168.5,4.0,10.48,90.0,1.2840909090909092,349.97661360347325,6.718659881255301,0.9,1.2404580152671756,3.138888888888889
2023-02-21 20:00:00,20,29,1,5,21,2,0,7,14,1,15,1,8.666666666666666,124.0,4.0,10.98,72.5,0.92,292.95330680173663,4.32248602474719,0.725,0.6375227686703097,3.1724137931034484
2023-02-21 21:00:00,21,24,0,4,18,2,0,4,12,0,12,0,9.666666666666666,145.5,4.0,10.98,60.0,0.6607142857142857,246.8,2.9732544019429263,0.6,0.3642987249544626,3.083333333333333
2023-02-21 22:00:00,22,22,0,3,15,3,1,8,9,0,9,0,7.766666666666667,174.0,3.0,7.73,55.00000000000001,0.6881720430107527,191.594,4.610702105139363,0.55,1.034928848641656,2.909090909090909
2023-02-21 23:00:00,23,22,0,4,16,2,0,10,8,0,8,0,8.766666666666667,132.0,3.0,7.73,55.00000000000001,0.7083333333333334,183.834,5.698588733388216,0.55,1.2936610608020698,3.090909090909091
2023-02-22 00:00:00,0,25,0,4,19,2,0,7,9,0,9,0,9.766666666666667,190.0,3.0,7.73,62.5,0.8279569892473119,209.30900000000003,4.714133247089263,0.625,0.9055627425614488,3.08
2023-02-22 01:00:00,1,24,1,3,18,2,0,3,10,0,10,0,10.766666666666667,210.0,3.0,7.73,60.0,0.8333333333333334,226.204,3.08780724450194,0.6,0.3880983182406209,3.125
2023-02-22 02:00:00,2,22,1,3,16,2,0,4,9,0,9,0,11.766666666666667,230.0,3.0,7.73,55.00000000000001,0.7419354838709677,214.154,3.347956603551688,0.55,0.517464424320828,3.136363636363636
2023-02-22 03:00:00,3,22,1,3,15,3,0,2,8,0,8,0,12.766666666666667,330.0,3.0,7.73,55.00000000000001,0.7083333333333334,206.394,2.4997177466776432,0.55,0.258732212160414,3.090909090909091
2023-02-22 04:00:00,4,21,3,3,13,2,0,2,8,0,8,0,13.766666666666667,390.0,3.0,7.73,52.5,0.7291666666666666,209.889,2.61244070720138,0.525,0.258732212160414,3.333333333333333
2023-02-22 05:00:00,5,24,2,4,16,2,0,5,9,0,9,0,14.766666666666667,410.0,3.0,7.73,60.0,0.8387096774193549,235.36400000000003,4.052199223803363,0.6,0.6468305304010349,3.25
2023-02-22 06:00:00,6,26,2,4,18,2,0,5,9,0,9,0,15.766666666666667,470.0,3.0,7.73,65.0,0.9032258064516128,245.294,4.189760175141806,0.65,0.6468305304010349,3.230769230769231
2023-02-22 07:00:00,7,25,3,5,15,2,0,6,10,0,10,0,16.766666666666666,526.0,3.0,7.73,62.5,0.9333333333333332,262.189,4.708020698576973,0.625,0.7761966364812418,3.36
2023-02-22 08:00:00,8,25,2,6,14,3,0,4,11,0,11,0,17.766666666666666,582.0,3.0,6.79,62.5,0.942528735632184,281.229,3.9822533136966127,0.625,0.5891016200294551,3.28
2023-02-22 09:00:00,9,27,3,6,16,2,0,4,12,1,13,1,18.766666666666666,541.0,3.0,6.79,67.5,1.123456790123457,318.82730680173665,4.26049064528446,0.675,0.5891016200294551,3.3703703703703702
2023-02-22 10:00:00,10,30,3,5,20,2,0,12,13,1,14,1,19.766666666666666,172.5,4.0,10.66,75.0,0.9519230769230768,344.30230680173656,6.189821763602251,0.75,1.125703564727955,3.3
2023-02-22 11:00:00,11,33,1,5,25,2,0,11,17,0,17,0,20.766666666666666,169.0,4.0,10.66,82.5,1.1304347826086956,395.709,5.852032520325203,0.825,1.0318949343339587,3.1515151515151514
2023-02-22 12:00:00,12,31,1,6,22,2,0,8,16,0,16,0,21.766666666666666,168.0,4.0,10.66,77.5,1.03125,383.659,4.871659202324033,0.775,0.7504690431519699,3.193548387096774
2023-02-22 13:00:00,13,30,1,6,18,5,0,6,16,0,16,0,22.766666666666666,220.0,4.0,10.66,75.0,0.96875,387.154,4.06984052532833,0.75,0.5628517823639775,3.1
2023-02-22 14:00:00,14,30,1,8,19,2,0,10,15,1,16,1,23.766666666666666,220.0,4.0,10.66,75.0,1.0208333333333333,393.6623068017366,5.514415259537211,0.75,0.9380863039399624,3.2666666666666666
2023-02-22 15:00:00,15,27,0,7,20,0,0,7,11,1,12,1,22.03333333333333,264.5,4.0,10.66,67.5,0.7857142857142857,323.85130680173665,4.340226530470433,0.675,0.6566604127579737,3.259259259259259
2023-02-22 16:00:00,16,23,0,5,18,0,0,7,9,1,10,1,19.166666666666668,229.0,4.0,10.66,57.49999999999999,0.6166666666666667,272.3033068017366,3.962733501916959,0.575,0.6566604127579737,3.217391304347826
2023-02-22 17:00:00,17,22,0,4,18,0,0,3,10,0,10,0,20.166666666666668,289.0,4.0,10.66,55.00000000000001,0.5833333333333334,274.93,2.6454460173972367,0.55,0.2814258911819887,3.1818181818181817
2023-02-22 18:00:00,18,21,1,3,15,2,0,6,11,0,11,0,21.166666666666668,270.0,4.0,10.66,52.5,0.5689655172413793,291.825,3.4189627445725006,0.525,0.5628517823639775,3.142857142857143
2023-02-22 19:00:00,19,20,1,1,17,1,0,8,9,1,10,1,22.166666666666668,248.5,4.0,10.66,50.0,0.5166666666666667,282.7883068017366,3.876454033771106,0.5,0.7504690431519699,3.1
2023-02-22 20:00:00,20,23,0,1,21,1,0,10,10,1,11,1,23.166666666666668,227.0,4.0,10.22,57.49999999999999,0.5948275862068966,308.2633068017366,4.660420743639921,0.575,0.9784735812133072,3.0
2023-02-22 21:00:00,21,33,0,2,28,3,0,16,15,2,17,2,24.166666666666668,120.0,4.0,10.22,82.5,1.065217391304348,416.6216136034733,7.099232046492321,0.825,1.5655577299412915,2.9696969696969697
2023-02-22 22:00:00,22,34,1,3,26,4,0,9,16,2,18,2,25.166666666666668,151.0,3.0,6.35,85.0,1.5606060606060606,437.8066136034733,6.868654469661881,0.85,1.4173228346456694,3.0294117647058822
2023-02-22 23:00:00,23,25,1,3,18,3,0,7,13,0,13,0,24.7,182.0,3.0,6.35,62.5,0.9506172839506172,347.13300000000004,5.320275590551181,0.625,1.1023622047244095,3.08
2023-02-23 00:00:00,0,26,1,2,19,4,0,9,13,0,13,0,25.7,242.0,3.0,6.35,65.0,0.9629629629629628,354.918,6.2019685039370085,0.65,1.4173228346456694,3.0
2023-02-23 01:00:00,1,20,1,3,12,4,0,3,14,0,14,0,26.7,299.5,3.0,6.35,50.0,0.782051282051282,361.088,2.965944881889764,0.5,0.4724409448818898,3.05
2023-02-23 02:00:00,2,26,1,3,18,4,0,10,14,0,14,0,27.7,359.5,3.0,6.35,65.0,1.0128205128205128,379.598,6.759978800726833,0.65,1.5748031496062993,3.0384615384615383
2023-02-23 03:00:00,3,21,1,3,13,4,0,2,15,0,15,0,28.7,417.0,3.0,6.35,52.5,0.8533333333333334,387.913,2.559880014998125,0.525,0.3149606299212598,3.0476190476190474
2023-02-23 04:00:00,4,19,1,3,13,2,0,3,14,0,14,0,29.7,479.5,3.0,6.35,47.5,0.7692307692307693,375.863,2.991918773311231,0.475,0.4724409448818898,3.1578947368421053
2023-02-23 05:00:00,5,20,1,3,14,2,0,1,14,0,14,0,30.7,539.5,3.0,6.35,50.0,0.8076923076923077,383.648,2.071062992125984,0.5,0.1574803149606299,3.15
2023-02-23 06:00:00,6,20,1,3,14,2,0,2,14,0,14,0,31.7,599.5,3.0,6.35,50.0,0.8076923076923077,389.288,2.5671259842519683,0.5,0.3149606299212598,3.15
2023-02-23 07:00:00,7,21,1,3,14,3,0,1,14,0,14,0,32.7,659.5,3.0,6.35,52.5,0.8333333333333334,397.073,2.112439070116236,0.525,0.1574803149606299,3.095238095238096
2023-02-23 08:00:00,8,20,1,4,13,2,0,4,14,1,15,1,33.7,717.0,3.0,6.41,50.0,0.8533333333333334,414.8363068017367,3.5968798751950075,0.5,0.62402496099844,3.2
2023-02-23 09:00:00,9,24,2,2,18,2,0,7,14,2,16,2,34.7,771.0,3.0,6.41,60.0,1.0555555555555556,443.32461360347327,5.35813832553302,0.6,1.0920436817472698,3.1666666666666665
2023-02-23 10:00:00,10,28,1,5,22,0,0,12,12,3,15,3,35.7,837.0,4.0,10.28,70.0,0.91,445.01292040520985,6.068774319066147,0.7,1.167315175097276,3.25
2023-02-23 11:00:00,11,27,2,4,20,1,0,8,14,2,16,2,36.7,177.5,4.0,10.28,67.5,0.9166666666666666,461.0396136034733,4.736388528606427,0.675,0.7782101167315174,3.259259259259259
2023-02-23 12:00:00,12,27,2,7,18,0,0,8,14,3,17,3,22.73333333333333,184.0,4.0,10.28,67.5,1.0,396.5359204052099,4.951678916270356,0.675,0.7782101167315174,3.4074074074074074
2023-02-23 13:00:00,13,32,2,9,21,0,0,8,15,3,18,3,23.73333333333333,195.5,4.0,10.28,80.0,1.2386363636363635,426.30092040520987,5.375778210116732,0.8,0.7782101167315174,3.40625
2023-02-23 14:00:00,14,32,1,10,21,0,0,6,14,2,16,2,24.73333333333333,227.0,4.0,10.28,80.0,1.125,404.2726136034733,4.669844357976654,0.8,0.5836575875486381,3.375
2023-02-23 15:00:00,15,33,1,9,23,0,0,7,12,2,14,2,25.73333333333333,272.5,4.0,10.28,82.5,1.0576923076923077,385.25761360347326,5.019779507133593,0.825,0.6809338521400777,3.333333333333333
2023-02-23 16:00:00,16,35,1,10,24,0,0,11,14,2,16,2,26.73333333333333,306.0,4.0,10.28,87.5,1.21875,421.9876136034732,6.501987215119511,0.875,1.0700389105058363,3.342857142857143
2023-02-23 17:00:00,17,37,1,12,24,0,0,11,18,1,19,1,27.73333333333333,280.0,4.0,10.28,92.5,1.488095238095238,471.2493068017366,6.739996319276475,0.925,1.0700389105058363,3.3783783783783785
2023-02-23 18:00:00,18,32,1,10,20,1,0,8,18,1,19,1,28.73333333333333,184.0,4.0,10.28,80.0,1.2738095238095235,466.1643068017366,5.277140077821011,0.8,0.7782101167315174,3.34375
2023-02-23 19:00:00,19,30,1,9,19,1,0,6,17,1,18,1,29.73333333333333,223.0,4.0,10.28,75.0,1.1363636363636365,454.1143068017366,4.445525291828794,0.75,0.5836575875486381,3.333333333333333
2023-02-23 20:00:00,20,32,1,6,21,4,0,14,14,1,15,1,27.78333333333333,236.0,4.0,10.67,80.0,1.0,407.20630680173656,6.600281162136833,0.8,1.3120899718837864,3.125
2023-02-23 21:00:00,21,35,2,7,22,4,0,11,14,1,15,1,13.516666666666667,242.0,4.0,10.67,87.5,1.12,333.1773068017366,6.098969072164949,0.875,1.0309278350515465,3.2
2023-02-23 22:00:00,22,30,1,5,22,2,0,5,14,1,15,1,14.516666666666667,302.0,3.0,6.8,75.0,1.2666666666666666,328.09230680173664,4.703431372549019,0.75,0.7352941176470589,3.1666666666666665
2023-02-23 23:00:00,23,33,2,5,24,2,0,9,15,1,16,1,15.516666666666667,354.0,3.0,6.8,82.5,1.4722222222222223,353.5673068017366,6.901336898395721,0.825,1.3235294117647058,3.212121212121212
2023-02-24 00:00:00,0,32,3,5,22,2,0,7,16,1,17,1,16.516666666666666,406.0,3.0,6.8,80.0,1.5217391304347827,370.46230680173664,6.002757352941177,0.8,1.0294117647058825,3.28125
2023-02-24 01:00:00,1,30,3,5,20,2,0,3,16,1,17,1,17.516666666666666,466.0,3.0,6.8,75.0,1.434782608695652,371.8123068017366,3.930882352941176,0.75,0.4411764705882353,3.3
2023-02-24 02:00:00,2,29,3,5,19,2,0,5,16,1,17,1,18.516666666666666,526.0,3.0,6.8,72.5,1.391304347826087,375.3073068017366,4.834077079107505,0.725,0.7352941176470589,3.310344827586207
2023-02-24 03:00:00,3,27,3,4,18,2,0,1,16,1,17,1,19.516666666666666,586.0,3.0,6.8,67.5,1.289855072463768,376.6573068017366,2.709749455337691,0.675,0.1470588235294117,3.2962962962962963
2023-02-24 04:00:00,4,25,3,4,16,2,0,1,16,1,17,1,20.516666666666666,646.0,3.0,6.8,62.5,1.2028985507246377,378.0073068017366,2.563235294117647,0.625,0.1470588235294117,3.32
2023-02-24 05:00:00,5,25,3,4,16,2,0,2,16,1,17,1,21.516666666666666,706.0,3.0,6.8,62.5,1.2028985507246377,383.6473068017366,3.0514705882352944,0.625,0.2941176470588235,3.32
2023-02-24 06:00:00,6,25,3,5,16,1,0,4,16,1,17,1,22.516666666666666,766.0,3.0,6.8,62.5,1.2318840579710144,389.2873068017366,4.125,0.625,0.5882352941176471,3.4
2023-02-24 07:00:00,7,27,3,6,16,2,0,4,17,1,18,1,23.516666666666666,824.0,3.0,6.8,67.5,1.378787878787879,412.6173068017366,4.257570806100217,0.675,0.5882352941176471,3.3703703703703702
2023-02-24 08:00:00,8,30,3,5,21,1,0,6,19,1,20,1,24.516666666666666,871.0,3.0,8.69,75.0,1.6666666666666667,451.4923068017366,4.801495972382049,0.75,0.6904487917146145,3.333333333333333
2023-02-24 09:00:00,9,33,3,5,24,1,0,12,17,2,19,2,25.516666666666666,878.0,3.0,8.69,82.5,1.7301587301587302,451.0356136034732,7.286146563448058,0.825,1.380897583429229,3.303030303030303
2023-02-24 10:00:00,10,34,3,4,25,2,0,6,19,2,21,2,26.516666666666666,928.0,4.0,12.39,85.0,1.4473684210526316,485.6206136034732,4.316728386269762,0.85,0.4842615012106537,3.235294117647059
2023-02-24 11:00:00,11,36,3,5,24,4,0,8,21,2,23,2,27.516666666666666,961.0,4.0,12.39,90.0,1.6911764705882353,522.3506136034732,4.937595282934266,0.9,0.645682001614205,3.1944444444444446
2023-02-24 12:00:00,12,31,3,3,23,2,0,7,19,1,20,1,28.516666666666666,877.5,4.0,12.39,77.5,1.25,476.1973068017365,4.322489520685256,0.775,0.5649717514124294,3.225806451612903
2023-02-24 13:00:00,13,39,1,4,29,5,0,12,19,1,20,1,29.516666666666666,556.5,4.0,12.39,97.5,1.475,498.9973068017366,5.88040293040293,0.975,0.9685230024213076,3.025641025641025
2023-02-24 14:00:00,14,28,1,2,24,1,0,7,13,1,14,1,30.516666666666666,247.5,4.0,12.39,70.0,0.8365384615384616,400.6423068017366,3.93044794188862,0.7,0.5649717514124294,3.107142857142857
2023-02-24 15:00:00,15,27,0,3,23,1,0,7,11,2,13,2,31.516666666666666,250.0,4.0,12.39,67.5,0.7685185185185185,391.6056136034732,3.811765013601172,0.675,0.5649717514124294,3.074074074074074
2023-02-24 16:00:00,16,24,0,5,18,1,0,9,9,2,11,2,8.55,144.0,4.0,12.39,60.0,0.6551724137931034,228.83861360347325,4.200242130750604,0.6,0.7263922518159805,3.1666666666666665
2023-02-24 17:00:00,17,27,0,6,20,1,0,8,11,2,13,2,9.55,195.0,4.0,12.39,67.5,0.7962962962962963,267.7136136034733,4.2066167458822825,0.675,0.645682001614205,3.185185185185185
2023-02-24 18:00:00,18,28,0,6,21,1,0,10,13,2,15,2,10.55,228.0,4.0,12.39,70.0,0.89,302.29861360347326,4.790432952842154,0.7,0.8071025020177562,3.1785714285714284
2023-02-24 19:00:00,19,27,0,4,22,1,0,7,13,2,15,2,11.55,238.0,4.0,12.39,67.5,0.84,305.7936136034732,3.8576898932831134,0.675,0.5649717514124294,3.111111111111111
2023-02-24 20:00:00,20,22,0,4,17,1,0,4,11,2,13,2,11.216666666666669,271.0,4.0,11.46,55.00000000000001,0.6388888888888888,266.38861360347323,2.8197168015230845,0.55,0.3490401396160558,3.136363636363636
2023-02-24 21:00:00,21,34,1,5,27,1,0,20,11,2,13,2,12.216666666666669,284.0,4.0,11.46,85.0,1.0,297.7686136034732,8.24357868801971,0.85,1.745200698080279,3.176470588235294
2023-02-24 22:00:00,22,26,0,2,22,1,1,8,6,1,7,1,10.683333333333334,128.0,3.0,7.76,65.0,0.7777777777777778,190.6923068017366,4.978132434575734,0.65,1.0309278350515465,2.9615384615384617
2023-02-24 23:00:00,23,18,0,1,17,0,0,4,5,0,5,0,11.683333333333334,173.0,3.0,7.76,45.0,0.5238095238095238,151.504,2.950028636884307,0.45,0.5154639175257733,3.055555555555556
2023-02-25 00:00:00,0,14,0,2,12,0,0,6,6,0,6,0,7.733333333333333,196.5,3.0,7.76,35.0,0.4313725490196078,134.046,3.530044182621502,0.35,0.7731958762886598,3.142857142857143
2023-02-25 01:00:00,1,19,0,3,14,2,0,8,6,0,6,0,8.733333333333333,256.5,3.0,7.76,47.5,0.5686274509803921,150.411,4.597042864894195,0.475,1.0309278350515465,3.0526315789473686
2023-02-25 02:00:00,2,15,0,4,10,1,0,2,7,0,7,0,9.733333333333333,314.0,3.0,7.76,37.5,0.4848484848484848,160.87099999999998,2.024742268041237,0.375,0.2577319587628866,3.2
2023-02-25 03:00:00,3,20,0,4,16,0,0,7,7,0,7,0,10.733333333333333,374.0,3.0,7.76,50.0,0.6464646464646465,177.236,4.48659793814433,0.5,0.9020618556701032,3.2
2023-02-25 04:00:00,4,20,0,4,16,0,0,4,8,0,8,0,11.733333333333333,358.0,3.0,7.76,50.0,0.6666666666666666,196.276,3.2494845360824742,0.5,0.5154639175257733,3.2
2023-02-25 05:00:00,5,17,0,4,13,0,0,0,8,0,8,0,12.733333333333333,418.0,3.0,7.76,42.5,0.5729166666666666,195.481,1.375,0.425,0.0,3.235294117647059
2023-02-25 06:00:00,6,21,0,4,17,0,0,5,9,0,9,0,13.733333333333333,402.0,3.0,7.76,52.5,0.7204301075268817,223.101,3.730719194894453,0.525,0.6443298969072165,3.1904761904761907
2023-02-25 07:00:00,7,21,0,4,17,0,0,1,9,0,9,0,14.733333333333333,462.0,3.0,7.76,52.5,0.7204301075268817,228.741,2.0861438389788907,0.525,0.1288659793814433,3.1904761904761907
2023-02-25 08:00:00,8,22,2,4,16,0,0,5,10,1,11,1,15.733333333333333,513.0,3.0,6.68,55.00000000000001,0.8505747126436781,264.1943068017366,4.367691888949374,0.55,0.7485029940119761,3.363636363636364
2023-02-25 09:00:00,9,24,3,6,15,0,0,6,13,2,15,2,16.733333333333334,183.0,3.0,6.68,60.0,1.12,328.5926136034732,5.243712574850299,0.6,0.8982035928143713,3.5
2023-02-25 10:00:00,10,28,2,6,19,1,0,9,12,2,14,2,13.916666666666666,116.0,4.0,9.72,70.0,0.8942307692307693,307.8866136034732,5.400396825396826,0.7,0.925925925925926,3.321428571428572
2023-02-25 11:00:00,11,29,2,6,19,1,1,13,11,2,13,2,14.4,153.0,4.0,9.72,72.5,0.8703703703703703,299.3576136034732,6.685178089967362,0.725,1.337448559670782,3.2413793103448274
2023-02-25 12:00:00,12,27,3,8,16,0,0,6,12,2,14,2,15.4,135.0,4.0,9.72,67.5,0.9134615384615384,314.1076136034732,4.546925011431185,0.675,0.617283950617284,3.5185185185185186
2023-02-25 13:00:00,13,31,2,7,21,1,0,11,14,2,16,2,16.4,126.0,4.0,9.72,77.5,1.0729166666666667,355.1276136034732,6.3351221292977575,0.775,1.131687242798354,3.3225806451612905
2023-02-25 14:00:00,14,23,1,4,17,1,0,5,11,1,12,1,17.4,105.5,4.0,9.72,57.49999999999999,0.6607142857142857,289.1393068017366,3.5050366791912686,0.575,0.5144032921810701,3.217391304347826
2023-02-25 15:00:00,15,29,0,4,20,2,3,17,9,0,9,0,18.4,116.0,4.0,9.72,72.5,0.6693548387096774,266.581,7.08067617425855,0.725,1.748971193415638,2.862068965517241
2023-02-25 16:00:00,16,30,0,5,23,2,0,11,10,0,10,0,19.4,139.5,4.0,9.72,75.0,0.775,287.766,5.833230452674898,0.75,1.131687242798354,3.1
2023-02-25 17:00:00,17,30,0,3,25,1,1,13,11,0,11,0,20.4,163.0,4.0,9.72,75.0,0.7758620689655172,306.806,6.262345679012346,0.75,1.337448559670782,3.0
2023-02-25 18:00:00,18,26,0,3,22,1,0,10,11,1,12,1,21.4,197.0,4.0,9.72,65.0,0.7142857142857143,318.1343068017366,5.165558721114278,0.65,1.02880658436214,3.076923076923077
2023-02-25 19:00:00,19,19,0,2,16,1,0,7,3,1,4,1,22.4,317.5,4.0,9.72,47.5,0.4027777777777778,201.5593068017366,3.648397227636994,0.475,0.720164609053498,3.0526315789473686
2023-02-25 20:00:00,20,17,1,1,13,1,1,8,3,1,4,1,23.4,208.0,4.0,9.84,42.5,0.3541666666666667,202.9093068017366,3.7140243902439023,0.425,0.8130081300813008,3.0
2023-02-25 21:00:00,21,20,0,2,15,2,1,8,5,1,6,1,24.4,120.0,4.0,9.84,50.0,0.4264705882352941,241.7843068017366,3.807723577235772,0.5,0.8130081300813008,2.9
2023-02-25 22:00:00,22,23,0,3,19,0,1,10,6,1,7,1,25.4,115.0,3.0,6.8,57.49999999999999,0.7070707070707071,267.25930680173656,6.225703324808185,0.575,1.4705882352941178,3.0434782608695654
2023-02-25 23:00:00,23,27,0,3,21,2,1,13,8,1,9,1,26.4,169.0,3.0,6.8,67.5,0.8602150537634409,308.27930680173665,7.664488017429194,0.675,1.911764705882353,2.962962962962963
2023-02-26 00:00:00,0,23,0,3,18,1,1,5,10,1,11,1,27.4,216.0,3.0,6.8,57.49999999999999,0.7931034482758621,332.1393068017365,3.930882352941176,0.575,0.7352941176470589,3.0
2023-02-26 01:00:00,1,27,0,4,21,1,1,9,10,1,11,1,28.4,276.0,3.0,6.8,67.5,0.942528735632184,346.3593068017366,6.069607843137256,0.675,1.3235294117647058,3.037037037037037
2023-02-26 02:00:00,2,31,0,5,23,2,1,6,12,1,13,1,29.4,244.0,3.0,6.8,77.5,1.160493827160494,387.3793068017366,5.025521821631878,0.775,0.8823529411764706,3.032258064516129
2023-02-26 03:00:00,3,32,0,7,22,2,1,6,13,1,14,1,30.4,284.0,3.0,6.8,80.0,1.2692307692307692,408.5643068017366,5.204779411764706,0.8,0.8823529411764706,3.09375
2023-02-26 04:00:00,4,30,0,6,21,2,1,3,13,1,14,1,31.4,344.0,3.0,6.8,75.0,1.1794871794871795,409.9143068017365,3.6529411764705886,0.75,0.4411764705882353,3.066666666666667
2023-02-26 05:00:00,5,26,0,5,20,0,1,1,13,1,14,1,32.4,404.0,3.0,6.8,65.0,1.0384615384615383,406.9743068017366,2.4831447963800906,0.65,0.1470588235294117,3.1153846153846154
2023-02-26 06:00:00,6,28,0,6,21,0,1,4,13,1,14,1,33.4,464.0,3.0,6.8,70.0,1.1282051282051282,416.9043068017366,4.048739495798319,0.7,0.5882352941176471,3.142857142857143
2023-02-26 07:00:00,7,28,0,6,21,0,1,2,14,1,15,1,34.4,504.0,3.0,6.8,70.0,1.1733333333333331,435.9443068017366,3.12436974789916,0.7,0.2941176470588235,3.142857142857143
2023-02-26 08:00:00,8,26,0,6,19,0,1,4,14,1,15,1,22.05,564.0,3.0,8.29,65.0,1.0933333333333333,362.0003068017367,3.571759302217686,0.65,0.4825090470446321,3.1538461538461537
2023-02-26 09:00:00,9,21,0,6,15,0,0,6,9,1,10,1,23.05,716.5,3.0,8.29,52.5,0.7666666666666667,289.9153068017366,4.103080303291401,0.525,0.7237635705669482,3.2857142857142856
2023-02-26 10:00:00,10,25,0,6,17,0,2,14,6,1,7,1,24.05,835.0,4.0,11.54,62.5,0.5833333333333334,263.9353068017366,5.661568457538996,0.625,1.2131715771230505,3.08
2023-02-26 11:00:00,11,19,1,3,13,1,1,12,7,1,8,1,25.05,777.5,4.0,11.54,47.5,0.4609375,270.10530680173656,4.70404314512451,0.475,1.0398613518197577,3.1052631578947367
2023-02-26 12:00:00,12,21,1,4,13,2,1,13,7,1,8,1,26.05,173.5,4.0,11.54,52.5,0.5078125,280.0353068017366,5.111836675744822,0.525,1.126516464471404,3.095238095238096
2023-02-26 13:00:00,13,23,1,6,15,0,1,10,8,1,9,1,27.05,124.0,4.0,11.54,57.49999999999999,0.6048387096774194,303.3653068017366,4.700710195162384,0.575,0.8665511265164645,3.260869565217391
2023-02-26 14:00:00,14,21,2,6,13,0,0,10,9,1,10,1,28.05,160.5,4.0,11.54,52.5,0.6083333333333333,318.1153068017366,4.837296773128663,0.525,0.8665511265164645,3.4761904761904763
2023-02-26 15:00:00,15,24,1,6,17,0,0,10,8,2,10,2,29.05,168.5,4.0,11.54,60.0,0.6666666666666666,331.0586136034732,4.888503755054882,0.6,0.8665511265164645,3.333333333333333
2023-02-26 16:00:00,16,22,1,6,15,0,0,10,9,2,11,2,30.05,83.0,4.0,11.54,55.00000000000001,0.6379310344827587,345.8086136034732,4.764762880100835,0.55,0.8665511265164645,3.363636363636364
2023-02-26 17:00:00,17,25,1,7,16,1,0,10,12,3,15,3,31.05,110.0,4.0,11.54,62.5,0.83,412.35192040520985,4.951949740034662,0.625,0.8665511265164645,3.32
2023-02-26 18:00:00,18,28,2,8,18,0,0,9,11,4,15,4,32.05,157.0,4.0,11.54,70.0,0.96,425.2952272069464,5.073929190393661,0.7,0.7798960138648181,3.4285714285714284
2023-02-26 19:00:00,19,31,3,8,18,2,0,15,8,4,12,4,33.05,147.5,4.0,11.54,77.5,0.9375,397.1702272069465,7.027638787946554,0.775,1.2998266897746968,3.3870967741935485
2023-02-26 20:00:00,20,28,3,8,15,2,0,12,9,3,12,3,34.05,207.5,4.0,10.26,70.0,0.8571428571428571,395.5069204052098,6.410025062656641,0.7,1.1695906432748535,3.4285714285714284
2023-02-26 21:00:00,21,26,3,7,14,2,0,6,7,3,10,3,35.05,255.5,4.0,10.26,65.0,0.7416666666666667,370.0569204052098,4.226799370220423,0.65,0.5847953216374269,3.423076923076923
2023-02-26 22:00:00,22,25,3,7,13,2,0,7,4,2,6,2,36.05,351.0,3.0,7.01,62.5,0.8431372549019608,319.0836136034732,5.58509272467903,0.625,0.9985734664764624,3.44
2023-02-26 23:00:00,23,20,4,4,12,0,0,8,5,2,7,2,37.05,393.0,3.0,7.01,50.0,0.7272727272727273,327.3986136034732,5.908416547788874,0.5,1.1412268188302426,3.6
2023-02-27 00:00:00,0,23,4,3,15,1,0,9,6,2,8,2,38.05,435.5,3.0,7.01,57.49999999999999,0.8229166666666666,352.8736136034732,6.384849283632079,0.575,1.2838801711840229,3.4347826086956523
2023-02-27 01:00:00,1,23,4,4,15,0,0,6,8,2,10,2,39.05,407.5,3.0,7.01,57.49999999999999,0.9,385.3136136034732,5.039327358432054,0.575,0.8559201141226819,3.5217391304347827
2023-02-27 02:00:00,2,17,3,4,10,0,0,3,8,2,10,2,40.05,467.5,3.0,7.01,42.5,0.6777777777777778,378.0836136034732,3.060621381220106,0.425,0.4279600570613409,3.588235294117647
2023-02-27 03:00:00,3,16,3,4,8,1,0,5,8,2,10,2,41.05,527.5,3.0,7.01,40.0,0.6333333333333333,381.5786136034732,3.966012838801712,0.4,0.7132667617689016,3.5625
2023-02-27 04:00:00,4,16,3,4,9,0,0,1,8,2,10,2,42.05,587.5,3.0,7.01,40.0,0.6444444444444445,387.2186136034732,1.9671184022824535,0.4,0.1426533523537803,3.625
2023-02-27 05:00:00,5,16,3,4,9,0,0,2,8,2,10,2,43.05,647.5,3.0,7.01,40.0,0.6444444444444445,392.8586136034732,2.484236804564908,0.4,0.2853067047075606,3.625
2023-02-27 06:00:00,6,17,3,5,9,0,0,2,10,2,12,2,44.05,546.5,3.0,7.01,42.5,0.7380952380952381,427.4436136034732,2.590530334815809,0.425,0.2853067047075606,3.647058823529412
2023-02-27 07:00:00,7,16,3,5,8,0,0,0,10,2,12,2,45.05,606.5,3.0,7.01,40.0,0.7023809523809523,430.9386136034732,1.475,0.4,0.0,3.6875
2023-02-27 08:00:00,8,19,4,5,10,0,0,4,10,3,13,3,46.05,576.0,3.0,7.19,47.5,0.8641975308641975,457.2819204052098,3.7996303345289513,0.475,0.5563282336578582,3.684210526315789
2023-02-27 09:00:00,9,23,3,6,10,4,0,8,8,4,12,4,47.05,690.5,3.0,7.19,57.49999999999999,0.9166666666666666,458.9702272069465,5.649980347100442,0.575,1.1126564673157164,3.347826086956522
2023-02-27 10:00:00,10,28,3,7,14,4,0,12,9,4,13,4,48.05,285.0,4.0,10.44,70.0,0.8611111111111112,488.7352272069464,6.142733990147784,0.7,1.149425287356322,3.321428571428572
2023-02-27 11:00:00,11,35,4,6,18,7,0,11,11,4,15,4,49.05,184.0,4.0,10.44,87.5,1.12,536.1902272069465,6.171647509578545,0.875,1.053639846743295,3.2
2023-02-27 12:00:00,12,31,3,6,18,3,1,8,13,3,16,3,50.05,196.0,4.0,10.44,77.5,1.0416666666666667,545.7819204052098,4.971882338400692,0.775,0.7662835249042146,3.225806451612903
2023-02-27 13:00:00,13,30,4,5,18,3,0,7,13,4,17,4,51.05,213.0,4.0,10.44,75.0,1.0869565217391304,563.5452272069465,4.734993614303959,0.75,0.6704980842911877,3.333333333333333
2023-02-27 14:00:00,14,37,4,6,21,6,0,13,16,5,21,5,52.05,195.0,4.0,10.44,92.5,1.5657894736842106,638.6685340086831,6.979866935901419,0.925,1.2452107279693487,3.216216216216216
2023-02-27 15:00:00,15,46,2,6,28,10,0,17,17,3,20,3,53.05,153.0,4.0,10.44,115.0,1.725,648.4769204052097,8.335057471264367,1.15,1.628352490421456,3.0
2023-02-27 16:00:00,16,38,2,5,24,7,0,10,17,3,20,3,54.05,153.5,4.0,10.44,95.0,1.45,636.9569204052098,5.823976608187135,0.95,0.9578544061302684,3.0526315789473686
2023-02-27 17:00:00,17,31,2,6,19,4,0,5,15,3,18,3,55.05,202.5,4.0,10.44,77.5,1.125,600.7819204052098,4.004477196885428,0.775,0.4789272030651341,3.193548387096774
2023-02-27 18:00:00,18,24,2,6,15,1,0,3,14,3,17,3,56.05,248.0,4.0,10.44,60.0,0.8804347826086957,578.0069204052098,2.9948275862068967,0.6,0.2873563218390805,3.375
2023-02-27 19:00:00,19,24,2,6,15,1,0,7,12,3,15,3,57.05,306.0,4.0,10.44,60.0,0.81,556.8469204052097,4.287931034482758,0.6,0.6704980842911877,3.375
2023-02-27 20:00:00,20,21,1,3,16,1,0,7,8,2,10,2,11.7,135.5,4.0,10.26,52.5,0.5583333333333333,226.7696136034732,3.851738141650423,0.525,0.682261208576998,3.1904761904761907
2023-02-27 21:00:00,21,26,1,4,20,1,0,12,10,2,12,2,12.7,117.0,4.0,10.26,65.0,0.7410714285714286,269.9346136034732,5.808693207377417,0.65,1.1695906432748535,3.1923076923076925
2023-02-27 22:00:00,22,25,1,2,20,2,0,9,10,1,11,1,6.0,114.0,3.0,7.01,62.5,0.8850574712643678,215.73330680173663,5.879350927246791,0.625,1.2838801711840229,3.08
2023-02-27 23:00:00,23,33,0,1,30,1,1,16,10,0,10,0,7.0,124.0,3.0,7.01,82.5,1.0777777777777775,224.265,9.13403038948688,0.825,2.282453637660485,2.9393939393939394
2023-02-28 00:00:00,0,31,0,1,27,3,0,15,11,1,12,1,8.0,175.0,3.0,7.01,77.5,1.0833333333333333,253.2833068017366,8.556349224610004,0.775,2.1398002853067046,2.935483870967742
2023-02-28 01:00:00,1,20,0,1,16,3,0,3,11,1,12,1,9.0,235.0,3.0,7.01,50.0,0.6904761904761905,235.32830680173663,2.6910841654778883,0.5,0.4279600570613409,2.9
2023-02-28 02:00:00,2,20,0,1,17,2,0,3,12,1,13,1,10.0,288.0,3.0,7.01,50.0,0.7283950617283951,254.3683068017366,2.737482168330956,0.5,0.4279600570613409,2.95
2023-02-28 03:00:00,3,20,0,0,18,2,0,7,10,1,11,1,11.0,339.0,3.0,7.01,50.0,0.6666666666666666,233.2083068017366,4.34586305278174,0.5,0.9985734664764624,2.9
2023-02-28 04:00:00,4,20,1,0,17,2,0,3,11,1,12,1,12.0,352.5,3.0,7.01,50.0,0.7142857142857143,252.24830680173665,2.7838801711840224,0.5,0.4279600570613409,3.0
2023-02-28 05:00:00,5,17,1,0,14,2,0,1,11,1,12,1,13.0,412.5,3.0,7.01,42.5,0.6071428571428571,251.45330680173663,1.702960057061341,0.425,0.1426533523537803,3.0
2023-02-28 06:00:00,6,18,1,1,14,2,0,3,11,1,12,1,14.0,472.5,3.0,7.01,45.0,0.6547619047619048,259.2383068017366,2.6826557299096527,0.45,0.4279600570613409,3.055555555555556
2023-02-28 07:00:00,7,19,1,0,16,2,0,2,12,1,13,1,15.0,486.0,3.0,7.01,47.5,0.7037037037037037,280.42330680173666,2.280920114122682,0.475,0.2853067047075606,3.0
2023-02-28 08:00:00,8,22,1,0,19,2,0,6,12,1,13,1,16.0,546.0,3.0,8.29,55.00000000000001,0.8148148148148148,292.49830680173665,3.821290711700844,0.55,0.7237635705669482,3.0
2023-02-28 09:00:00,9,22,0,0,20,2,0,7,8,1,9,1,17.0,602.0,3.0,8.29,55.00000000000001,0.6881720430107527,244.5383068017366,4.0564096940454,0.55,0.8443908323281062,2.909090909090909
2023-02-28 10:00:00,10,24,1,1,19,3,0,12,8,1,9,1,18.0,625.0,4.0,11.38,60.0,0.5806451612903226,254.46830680173665,4.963444639718805,0.6,1.0544815465729351,3.0
2023-02-28 11:00:00,11,30,2,2,24,2,0,16,11,1,12,1,19.0,97.5,4.0,11.38,75.0,0.8392857142857143,313.17830680173665,6.75538957234915,0.75,1.40597539543058,3.1333333333333333
2023-02-28 12:00:00,12,23,2,4,15,2,0,7,12,1,13,1,20.0,94.0,4.0,11.38,57.49999999999999,0.6944444444444444,317.20330680173663,3.880807289676778,0.575,0.6151142355008787,3.260869565217391
2023-02-28 13:00:00,13,33,2,5,21,5,0,16,15,2,17,2,21.0,136.0,4.0,11.38,82.5,1.1195652173913044,398.7616136034732,6.96334744634393,0.825,1.40597539543058,3.121212121212121
2023-02-28 14:00:00,14,34,3,4,23,4,0,10,15,2,17,2,22.0,168.0,4.0,11.38,85.0,1.173913043478261,406.5466136034732,5.491274682104828,0.85,0.8787346221441126,3.176470588235294
2023-02-28 15:00:00,15,28,2,2,19,5,0,16,12,1,13,1,23.0,221.0,4.0,11.38,70.0,0.7870370370370371,344.8483068017366,6.393139593271402,0.7,1.40597539543058,3.0357142857142856
2023-02-28 16:00:00,16,34,2,2,23,7,0,18,12,1,13,1,24.0,139.0,4.0,11.38,85.0,0.9351851851851852,363.3583068017366,7.223645714876461,0.85,1.5817223198594026,2.9705882352941178
2023-02-28 17:00:00,17,28,2,3,19,4,0,7,10,1,11,1,25.0,178.0,4.0,11.38,70.0,0.75,329.32830680173663,4.086247803163444,0.7,0.6151142355008787,3.107142857142857
2023-02-28 18:00:00,18,27,2,3,18,4,0,9,11,0,11,0,26.0,230.0,4.0,11.38,67.5,0.7241379310344828,331.955,4.560456942003516,0.675,0.7908611599297013,3.111111111111111
2023-02-28 19:00:00,19,28,3,2,19,4,0,12,11,1,12,1,27.0,251.0,4.0,11.38,70.0,0.7857142857142857,354.0083068017366,5.514084860657796,0.7,1.0544815465729351,3.142857142857143
2023-02-28 20:00:00,20,30,4,2,19,5,0,10,11,2,13,2,28.0,265.0,4.0,9.89,75.0,0.8796296296296297,378.2066136034732,5.576887428378834,0.75,1.0111223458038423,3.1666666666666665
2023-02-28 21:00:00,21,32,3,4,22,3,0,12,11,2,13,2,29.0,221.0,4.0,9.89,80.0,0.9537037037037036,388.1366136034733,6.480460060667341,0.8,1.2133468149646107,3.21875
2023-02-28 22:00:00,22,33,2,5,25,1,0,13,9,2,11,2,30.0,230.0,3.0,6.8,82.5,1.2298850574712643,369.1216136034733,8.873752228163992,0.825,1.911764705882353,3.242424242424242
2023-02-28 23:00:00,23,37,2,6,23,6,0,11,8,2,10,2,31.0,315.5,3.0,6.8,92.5,1.2777777777777777,369.9416136034732,7.902821939586646,0.925,1.6176470588235294,3.108108108108108
