ts,hour,census,l1,l2,l3,l4,l5,arrivals,waitBed,waitICU,D_board,vent,maxLOS_h,awt_curr_min,Na,cap_sum,OCCUPANCY,EDWIN,NEDOCS,READI,READI_BR,READI_PR,READI_AR
2022-02-01 00:00:00,0,17,0,3,14,0,0,5,8,0,8,0,5.5,179.5,3.0,7.31,42.5,0.5625,154.685,3.522688500844934,0.425,0.6839945280437756,3.176470588235294
2022-02-01 01:00:00,1,17,0,3,14,0,0,6,9,0,9,0,6.5,184.0,3.0,7.31,42.5,0.5806451612903226,173.725,3.957226201013921,0.425,0.8207934336525308,3.176470588235294
2022-02-01 02:00:00,2,19,0,3,16,0,0,6,10,0,10,0,7.5,221.5,3.0,7.31,47.5,0.6666666666666666,197.055,4.091979264165887,0.475,0.8207934336525308,3.1578947368421053
2022-02-01 03:00:00,3,23,0,3,20,0,0,5,11,0,11,0,8.5,259.0,3.0,7.31,57.49999999999999,0.8275862068965517,224.675,3.941200261702254,0.575,0.6839945280437756,3.130434782608696
2022-02-01 04:00:00,4,18,0,4,14,0,0,1,10,0,10,0,9.5,317.5,3.0,7.31,45.0,0.6444444444444445,206.19,1.890796473628211,0.45,0.1367989056087551,3.2222222222222223
2022-02-01 05:00:00,5,17,1,4,12,0,0,1,10,0,10,0,10.5,377.5,3.0,7.31,42.5,0.6333333333333333,209.685,1.8836786835117083,0.425,0.1367989056087551,3.3529411764705883
2022-02-01 06:00:00,6,20,1,6,13,0,0,7,13,1,14,1,11.5,278.0,3.0,7.31,50.0,0.8717948717948718,276.2283068017366,4.955813953488371,0.5,0.9575923392612858,3.4
2022-02-01 07:00:00,7,20,2,5,13,0,0,3,13,1,14,1,12.5,338.0,3.0,7.31,50.0,0.8846153846153846,281.8683068017366,3.140868673050616,0.5,0.4103967168262654,3.45
2022-02-01 08:00:00,8,27,3,4,19,1,0,10,14,0,14,0,13.5,398.0,3.0,6.57,67.5,1.1538461538461535,301.655,7.3235667174023344,0.675,1.5220700152207,3.333333333333333
2022-02-01 09:00:00,9,23,4,3,14,1,1,8,11,1,12,1,12.733333333333333,297.0,3.0,6.57,57.49999999999999,0.9166666666666666,262.8193068017366,6.001500562504136,0.575,1.21765601217656,3.347826086956522
2022-02-01 10:00:00,10,27,2,3,14,6,2,14,9,1,10,1,13.733333333333333,200.0,4.0,9.82,67.5,0.65,250.23930680173655,6.068578863996379,0.675,1.4256619144602851,2.888888888888889
2022-02-01 11:00:00,11,28,2,5,16,5,0,12,12,1,13,1,14.633333333333333,69.0,4.0,9.82,70.0,0.8148148148148148,297.6603068017366,6.0405586267093385,0.7,1.2219959266802445,3.142857142857143
2022-02-01 12:00:00,12,33,1,6,16,10,0,11,12,2,14,2,15.633333333333333,111.5,4.0,9.82,82.5,0.9326923076923076,328.2936136034732,5.717600135777325,0.825,1.120162932790224,2.9393939393939394
2022-02-01 13:00:00,13,33,2,7,15,9,0,8,11,3,14,3,13.733333333333333,151.0,4.0,9.82,82.5,0.971153846153846,318.4459204052098,5.01836542615565,0.825,0.8146639511201629,3.060606060606061
2022-02-01 14:00:00,14,37,1,6,15,14,1,15,8,2,10,2,13.6,197.0,4.0,9.82,92.5,0.8583333333333333,271.8056136034732,6.827215555677879,0.925,1.5274949083503055,2.783783783783784
2022-02-01 15:00:00,15,32,0,7,13,10,2,8,8,1,9,1,14.6,255.0,4.0,9.82,80.0,0.717741935483871,252.4523068017366,4.4907841140529525,0.8,0.8146639511201629,2.78125
2022-02-01 16:00:00,16,40,0,5,17,15,3,18,9,1,10,1,15.6,285.5,4.0,9.82,100.0,0.8666666666666667,288.6523068017366,7.365784114052954,1.0,1.8329938900203664,2.6
2022-02-01 17:00:00,17,33,1,3,17,12,0,7,9,1,10,1,7.883333333333334,130.0,4.0,9.82,82.5,0.7666666666666667,230.1153068017366,4.287286305005246,0.825,0.7128309572301426,2.787878787878788
2022-02-01 18:00:00,18,35,1,3,22,9,0,11,10,1,11,1,8.883333333333333,127.0,4.0,9.82,87.5,0.8706896551724138,253.4453068017366,5.757470177480361,0.875,1.120162932790224,2.8857142857142857
2022-02-01 19:00:00,19,37,1,2,22,10,2,10,9,1,10,1,9.883333333333333,163.0,4.0,9.82,92.5,0.8416666666666667,249.97530680173665,5.304765508889745,0.925,1.0183299389002036,2.72972972972973
2022-02-01 20:00:00,20,33,1,3,17,11,1,11,5,1,6,1,10.883333333333333,172.5,4.0,10.56,82.5,0.6691176470588235,193.4353068017366,5.147474747474748,0.825,1.0416666666666663,2.757575757575758
2022-02-01 21:00:00,21,34,0,3,19,11,1,14,5,1,6,1,11.883333333333333,188.5,4.0,10.56,85.0,0.6764705882352942,201.2203068017366,5.887344028520499,0.85,1.3257575757575757,2.7058823529411766
2022-02-01 22:00:00,22,29,1,2,19,7,0,8,6,1,7,1,12.883333333333333,223.0,3.0,7.31,72.5,0.8484848484848485,209.53530680173665,5.269960847209775,0.725,1.094391244870041,2.896551724137931
2022-02-01 23:00:00,23,25,0,2,18,5,0,8,5,0,5,0,13.416666666666666,201.0,3.0,7.31,62.5,0.6857142857142857,176.295,4.951846785225718,0.625,1.094391244870041,2.88
2022-02-02 00:00:00,0,20,0,1,14,5,0,7,5,0,5,0,6.566666666666666,261.0,3.0,7.31,50.0,0.5333333333333333,126.936,4.0812585499316,0.5,0.9575923392612858,2.8
2022-02-02 01:00:00,1,21,0,2,14,5,0,6,5,0,5,0,7.566666666666666,321.0,3.0,7.31,52.5,0.5714285714285714,134.721,3.845124096150088,0.525,0.8207934336525308,2.857142857142857
2022-02-02 02:00:00,2,18,0,2,12,4,0,0,4,0,4,0,8.566666666666666,321.0,3.0,7.31,45.0,0.4814814814814814,120.526,1.3,0.45,0.0,2.888888888888889
2022-02-02 03:00:00,3,20,0,3,13,4,0,2,4,1,5,1,9.566666666666666,239.0,3.0,7.31,50.0,0.5619047619047619,144.72430680173662,2.2821135430916555,0.5,0.2735978112175102,2.95
2022-02-02 04:00:00,4,21,0,3,14,4,0,3,5,1,6,1,10.566666666666666,249.5,3.0,7.31,52.5,0.6078431372549019,165.90930680173662,2.7616474496775454,0.525,0.4103967168262654,2.952380952380953
2022-02-02 05:00:00,5,20,0,3,13,4,0,1,5,1,6,1,11.566666666666666,309.5,3.0,7.31,50.0,0.5784313725490197,169.4043068017366,1.878556771545828,0.5,0.1367989056087551,2.95
2022-02-02 06:00:00,6,18,0,1,12,5,0,1,5,0,5,0,12.566666666666666,419.0,3.0,7.31,45.0,0.4761904761904761,156.486,1.6299969600243198,0.45,0.1367989056087551,2.7777777777777777
2022-02-02 07:00:00,7,18,0,1,13,4,0,3,6,0,6,0,13.566666666666666,429.5,3.0,7.31,45.0,0.5,175.526,2.437790697674419,0.45,0.4103967168262654,2.833333333333333
2022-02-02 08:00:00,8,26,0,1,19,5,1,8,7,0,7,0,14.566666666666666,440.0,3.0,6.13,65.0,0.7272727272727273,211.726,5.414004266532814,0.65,1.3050570962479608,2.769230769230769
2022-02-02 09:00:00,9,25,0,2,20,3,0,8,4,1,5,1,15.566666666666666,131.0,3.0,6.13,62.5,0.7047619047619048,189.2893068017366,5.712969004893964,0.625,1.3050570962479608,2.96
2022-02-02 10:00:00,10,19,0,1,15,3,0,10,3,1,4,1,16.566666666666666,174.0,4.0,9.45,47.5,0.3819444444444444,168.6593068017366,4.438213589529379,0.475,1.0582010582010584,2.8947368421052637
2022-02-02 11:00:00,11,26,0,3,18,4,1,18,3,1,4,1,12.183333333333334,24.5,4.0,9.45,65.0,0.5208333333333334,158.95230680173665,7.369505494505495,0.65,1.9047619047619049,2.8846153846153846
2022-02-02 12:00:00,12,22,0,3,15,4,0,5,3,1,4,1,13.183333333333334,84.5,4.0,9.45,55.00000000000001,0.4513888888888889,156.0123068017366,3.188251563251564,0.55,0.5291005291005292,2.9545454545454546
2022-02-02 13:00:00,13,23,0,5,14,4,0,10,3,2,5,2,14.183333333333334,142.0,4.0,9.45,57.49999999999999,0.5,178.06561360347322,4.970611916264091,0.575,1.0582010582010584,3.0434782608695654
2022-02-02 14:00:00,14,27,1,2,22,2,0,14,3,2,5,2,15.183333333333334,42.0,4.0,9.45,67.5,0.5928571428571429,192.2856136034732,6.629183813443073,0.675,1.4814814814814816,3.074074074074074
2022-02-02 15:00:00,15,23,1,3,15,4,0,8,2,3,5,3,15.95,80.0,4.0,9.45,57.49999999999999,0.5,188.89792040520985,4.326489533011273,0.575,0.8465608465608466,3.0434782608695654
2022-02-02 16:00:00,16,25,1,3,18,3,0,13,2,3,5,3,16.95,129.0,4.0,9.45,62.5,0.55,198.82792040520985,6.162037037037037,0.625,1.3756613756613758,3.08
2022-02-02 17:00:00,17,19,0,2,14,3,0,11,4,1,5,1,17.95,81.0,4.0,9.45,47.5,0.4,189.8613068017366,4.830799220272905,0.475,1.1640211640211642,2.9473684210526314
2022-02-02 18:00:00,18,17,0,1,15,1,0,7,5,0,5,0,18.95,82.0,4.0,9.45,42.5,0.3642857142857142,190.343,3.4972222222222222,0.425,0.7407407407407408,3.0
2022-02-02 19:00:00,19,25,0,3,19,3,0,15,7,0,7,0,19.95,97.0,4.0,9.45,62.5,0.5681818181818182,239.943,6.636904761904763,0.625,1.5873015873015874,3.0
2022-02-02 20:00:00,20,26,0,4,20,2,0,12,8,1,9,1,20.95,105.0,4.0,11.61,65.0,0.6451612903225806,275.3963068017366,5.180282250049693,0.65,1.03359173126615,3.076923076923077
2022-02-02 21:00:00,21,18,0,3,13,2,0,7,7,1,8,1,21.95,147.5,4.0,11.61,45.0,0.4296875,250.4763068017366,3.217281558043832,0.45,0.6029285099052542,3.055555555555556
2022-02-02 22:00:00,22,14,0,2,11,1,0,8,5,1,6,1,22.95,199.5,3.0,8.29,35.0,0.4215686274509804,220.7363068017366,4.038984146131312,0.35,0.9650180940892644,3.071428571428572
2022-02-02 23:00:00,23,11,0,0,9,2,0,10,2,0,2,0,23.95,39.5,3.0,8.29,27.500000000000004,0.2719298245614035,165.47299999999998,4.174495558723544,0.275,1.2062726176115803,2.8181818181818183
2022-02-03 00:00:00,0,13,0,1,10,2,0,4,3,0,3,0,24.95,78.0,3.0,8.29,32.5,0.3423423423423423,188.803,2.3604110605920017,0.325,0.4825090470446321,2.923076923076923
2022-02-03 01:00:00,1,14,0,1,12,1,0,3,3,0,3,0,5.716666666666667,138.0,3.0,8.29,35.0,0.3783783783783784,82.47200000000001,2.1356453558504223,0.35,0.3618817852834741,3.0
2022-02-03 02:00:00,2,13,0,2,9,2,0,5,2,1,3,1,6.716666666666667,177.0,3.0,8.29,32.5,0.3513513513513513,86.8353068017366,2.7844089264173704,0.325,0.6031363088057902,3.0
2022-02-03 03:00:00,3,12,0,2,9,1,0,1,1,1,2,1,7.716666666666667,175.0,3.0,8.29,30.0,0.3245614035087719,76.9303068017366,1.296934057096904,0.3,0.120627261761158,3.083333333333333
2022-02-03 04:00:00,4,15,0,4,9,2,0,5,2,3,5,3,8.716666666666667,45.0,3.0,8.29,37.5,0.4476190476190476,130.94192040520983,3.064827100924809,0.375,0.6031363088057902,3.1333333333333333
2022-02-03 05:00:00,5,13,0,2,9,2,0,1,2,1,3,1,9.716666666666669,105.0,3.0,8.29,32.5,0.3513513513513513,103.75530680173662,1.3368817852834742,0.325,0.120627261761158,3.0
2022-02-03 06:00:00,6,10,0,1,8,1,0,2,2,1,3,1,10.716666666666669,165.0,3.0,8.29,25.0,0.2702702702702703,102.9603068017366,1.4737635705669485,0.25,0.241254523522316,3.0
2022-02-03 07:00:00,7,12,0,1,8,3,0,4,4,1,5,1,11.716666666666669,187.0,3.0,8.29,30.0,0.3238095238095238,139.6903068017366,2.2171089666264576,0.3,0.4825090470446321,2.833333333333333
2022-02-03 08:00:00,8,14,0,1,8,5,0,3,5,1,6,1,12.716666666666669,167.0,3.0,6.13,35.0,0.3725490196078431,163.0203068017366,2.2783616872523886,0.35,0.4893964110929853,2.7142857142857144
2022-02-03 09:00:00,9,18,0,1,12,4,1,7,4,1,5,1,13.716666666666669,147.0,3.0,6.13,45.0,0.4666666666666667,163.8403068017366,4.333573500090629,0.45,1.1419249592169658,2.7222222222222223
2022-02-03 10:00:00,10,20,0,2,15,3,0,8,3,2,5,2,14.716666666666669,197.0,4.0,9.45,50.0,0.4214285714285714,174.63861360347323,3.972354497354497,0.5,0.8465608465608466,2.95
2022-02-03 11:00:00,11,28,1,5,15,7,0,17,5,1,6,1,15.716666666666669,69.0,4.0,9.45,70.0,0.6176470588235294,209.97030680173663,7.496825396825398,0.7,1.798941798941799,3.0
2022-02-03 12:00:00,12,31,2,5,17,7,0,15,6,3,9,3,16.716666666666665,85.0,4.0,9.45,77.5,0.7661290322580645,263.98192040520985,7.239311315924219,0.775,1.5873015873015874,3.064516129032258
2022-02-03 13:00:00,13,27,1,3,21,2,0,9,8,1,9,1,12.6,138.0,4.0,9.45,67.5,0.6774193548387096,230.44730680173663,5.062962962962963,0.675,0.9523809523809524,3.111111111111111
2022-02-03 14:00:00,14,26,2,2,19,3,0,12,8,3,11,3,13.6,134.0,4.0,9.45,65.0,0.6982758620689655,262.47892040520986,5.9810439560439566,0.65,1.26984126984127,3.1153846153846154
2022-02-03 15:00:00,15,26,1,1,23,1,0,13,8,2,10,2,8.283333333333333,126.0,4.0,9.45,65.0,0.6666666666666666,218.2246136034732,6.2328042328042335,0.65,1.3756613756613758,3.076923076923077
2022-02-03 16:00:00,16,19,0,1,17,1,0,7,7,1,8,1,9.283333333333331,185.5,4.0,9.45,47.5,0.4453125,181.1813068017366,3.647222222222222,0.475,0.7407407407407408,3.0
2022-02-03 17:00:00,17,12,0,1,10,1,0,6,6,1,7,1,10.283333333333331,188.0,4.0,9.45,30.0,0.2727272727272727,158.4063068017366,2.804761904761905,0.3,0.634920634920635,3.0
2022-02-03 18:00:00,18,14,0,1,12,1,0,7,5,1,6,1,11.283333333333331,236.5,4.0,9.45,35.0,0.3088235294117647,154.9363068017366,3.272222222222222,0.35,0.7407407407407408,3.0
2022-02-03 19:00:00,19,13,0,2,11,0,0,8,3,1,4,1,10.35,296.5,4.0,9.45,32.5,0.2847222222222222,120.7273068017366,3.6949226699226703,0.325,0.8465608465608466,3.1538461538461537
2022-02-03 20:00:00,20,25,1,4,20,0,0,16,4,2,6,2,11.35,277.5,4.0,10.65,62.5,0.5955882352941176,179.77561360347323,6.892605633802817,0.625,1.5023474178403755,3.24
2022-02-03 21:00:00,21,23,0,4,17,2,0,7,5,1,6,1,12.35,167.0,4.0,10.65,57.49999999999999,0.5220588235294118,180.2573068017366,3.803985507246376,0.575,0.6572769953051643,3.0869565217391304
2022-02-03 22:00:00,22,19,0,3,15,1,0,9,4,1,5,1,13.35,95.0,3.0,7.33,47.5,0.5619047619047619,163.91730680173663,5.28773784734688,0.475,1.2278308321964528,3.1052631578947367
2022-02-03 23:00:00,23,20,1,3,15,1,0,7,5,2,7,2,14.35,150.0,3.0,7.33,50.0,0.6464646464646465,199.37061360347323,4.65593451568895,0.5,0.9549795361527968,3.2
2022-02-04 00:00:00,0,20,1,2,16,1,0,6,5,2,7,2,12.233333333333333,210.0,3.0,7.33,50.0,0.6363636363636364,187.4326136034732,4.153444747612551,0.5,0.8185538881309686,3.15
2022-02-04 01:00:00,1,19,0,3,14,2,0,7,6,0,6,0,13.233333333333333,240.5,3.0,7.33,47.5,0.5686274509803921,175.791,4.365200689308538,0.475,0.9549795361527968,3.0526315789473686
2022-02-04 02:00:00,2,16,0,2,13,1,0,2,6,0,6,0,14.233333333333333,300.5,3.0,7.33,40.0,0.4803921568627451,174.99599999999998,2.0606070941336974,0.4,0.2728512960436562,3.0625
2022-02-04 03:00:00,3,16,0,2,13,1,0,2,5,0,5,0,15.233333333333333,390.0,3.0,7.33,40.0,0.4666666666666667,167.236,2.0606070941336974,0.4,0.2728512960436562,3.0625
2022-02-04 04:00:00,4,14,0,2,11,1,0,0,5,0,5,0,16.233333333333334,450.0,3.0,7.33,35.0,0.4095238095238095,168.586,1.075,0.35,0.0,3.071428571428572
2022-02-04 05:00:00,5,13,0,0,12,1,0,2,5,0,5,0,17.233333333333334,510.0,3.0,7.33,32.5,0.3619047619047619,172.08100000000002,1.747565326896841,0.325,0.2728512960436562,2.923076923076923
2022-02-04 06:00:00,6,13,0,0,12,1,0,1,6,0,6,0,18.23333333333333,540.5,3.0,7.33,32.5,0.3725490196078431,191.121,1.3487826634484206,0.325,0.1364256480218281,2.923076923076923
2022-02-04 07:00:00,7,12,0,1,10,1,0,3,7,0,7,0,19.23333333333333,571.0,3.0,7.33,30.0,0.3636363636363636,208.016,2.1278308321964525,0.3,0.4092769440654843,3.0
2022-02-04 08:00:00,8,15,0,1,13,1,0,4,8,0,8,0,20.23333333333333,532.0,3.0,6.43,37.5,0.46875,233.491,2.9912519440124417,0.375,0.6220839813374806,3.0
2022-02-04 09:00:00,9,19,0,1,18,0,0,8,11,0,11,0,21.23333333333333,203.0,3.0,6.43,47.5,0.6666666666666666,287.911,5.247986412376197,0.475,1.244167962674961,3.0526315789473686
2022-02-04 10:00:00,10,18,0,2,15,0,1,7,10,0,10,0,22.23333333333333,121.5,4.0,9.75,45.0,0.45,278.00600000000003,3.503846153846154,0.45,0.717948717948718,3.0
2022-02-04 11:00:00,11,36,1,3,25,0,7,23,13,0,13,0,23.23333333333333,145.0,4.0,9.75,90.0,0.9166666666666666,362.456,8.962179487179487,0.9,2.358974358974359,2.75
2022-02-04 12:00:00,12,31,0,3,28,0,0,12,13,0,13,0,24.23333333333333,160.0,4.0,9.75,77.5,0.8888888888888888,357.371,6.211414392059553,0.775,1.2307692307692308,3.096774193548387
2022-02-04 13:00:00,13,31,0,3,27,1,0,12,15,0,15,0,25.23333333333333,140.0,4.0,9.75,77.5,0.95,389.811,6.146712158808933,0.775,1.2307692307692308,3.064516129032258
2022-02-04 14:00:00,14,30,0,4,26,0,0,8,14,0,14,0,26.23333333333333,159.0,4.0,9.75,75.0,0.903846153846154,379.906,4.920940170940171,0.75,0.8205128205128205,3.1333333333333333
2022-02-04 15:00:00,15,21,0,4,17,0,0,4,12,0,12,0,27.23333333333333,140.5,4.0,9.75,52.5,0.5982142857142857,339.44100000000003,2.983913308913309,0.525,0.4102564102564102,3.1904761904761907
2022-02-04 16:00:00,16,17,0,2,15,0,0,7,9,0,9,0,5.416666666666667,199.0,4.0,9.75,42.5,0.4274193548387097,167.615,3.563310708898944,0.425,0.717948717948718,3.117647058823529
2022-02-04 17:00:00,17,22,0,3,18,1,0,9,12,0,12,0,6.416666666666667,158.5,4.0,9.75,55.00000000000001,0.6071428571428571,224.18,4.5531468531468535,0.55,0.9230769230769232,3.090909090909091
2022-02-04 18:00:00,18,28,0,5,20,3,0,10,13,0,13,0,7.416666666666667,213.0,4.0,9.75,70.0,0.7962962962962963,256.09000000000003,5.30018315018315,0.7,1.0256410256410255,3.071428571428572
2022-02-04 19:00:00,19,21,0,7,12,2,0,6,8,1,9,1,8.133333333333333,184.0,4.0,9.75,52.5,0.5483870967741935,192.38530680173665,3.692673992673992,0.525,0.6153846153846154,3.238095238095238
2022-02-04 20:00:00,20,23,0,7,15,1,0,12,8,1,9,1,9.133333333333333,83.0,4.0,10.65,57.49999999999999,0.6048387096774194,202.31530680173665,5.549219228413961,0.575,1.1267605633802815,3.260869565217391
2022-02-04 21:00:00,21,23,0,8,15,0,0,8,9,0,9,0,10.133333333333333,129.0,4.0,10.65,57.49999999999999,0.6209677419354839,207.087,4.43979893855889,0.575,0.7511737089201878,3.347826086956522
2022-02-04 22:00:00,22,16,0,6,10,0,0,6,4,1,5,1,6.45,156.0,3.0,7.33,40.0,0.5142857142857142,118.56630680173664,4.11261937244202,0.4,0.8185538881309686,3.375
2022-02-04 23:00:00,23,15,1,5,9,0,0,6,4,1,5,1,7.45,142.0,3.0,7.33,37.5,0.4952380952380952,122.0613068017366,4.137653478854025,0.375,0.8185538881309686,3.466666666666667
2022-02-05 00:00:00,0,18,0,4,13,1,0,8,4,0,4,0,8.45,239.0,3.0,7.33,45.0,0.5277777777777778,119.868,4.881116416552978,0.45,1.0914051841746248,3.1666666666666665
2022-02-05 01:00:00,1,16,0,6,9,1,0,6,4,1,5,1,7.833333333333333,262.0,3.0,7.33,40.0,0.5047619047619047,126.3683068017366,4.036459754433834,0.4,0.8185538881309686,3.3125
2022-02-05 02:00:00,2,11,0,4,7,0,0,3,4,0,4,0,8.833333333333334,359.0,3.0,7.33,27.500000000000004,0.3425925925925926,107.015,2.301658811856629,0.275,0.4092769440654843,3.363636363636364
2022-02-05 03:00:00,3,12,0,4,8,0,0,4,7,0,7,0,9.833333333333334,276.0,3.0,7.33,30.0,0.404040404040404,155.0,2.8190086402910417,0.3,0.5457025920873124,3.333333333333333
2022-02-05 04:00:00,4,14,0,4,10,0,0,2,7,0,7,0,10.833333333333334,336.0,3.0,7.33,35.0,0.4646464646464646,164.93,2.046511401286299,0.35,0.2728512960436562,3.2857142857142856
2022-02-05 05:00:00,5,17,0,4,13,0,0,6,7,0,7,0,11.833333333333334,396.0,3.0,7.33,42.5,0.5555555555555556,177.005,4.023262579247252,0.425,0.8185538881309686,3.235294117647059
2022-02-05 06:00:00,6,18,0,4,14,0,0,2,8,0,8,0,12.833333333333334,344.5,3.0,7.33,45.0,0.6041666666666666,198.19,2.329187509474003,0.45,0.2728512960436562,3.2222222222222223
2022-02-05 07:00:00,7,21,0,6,15,0,0,6,9,1,10,1,13.833333333333334,278.5,3.0,7.33,52.5,0.7666666666666667,237.9333068017366,4.4145342038588975,0.525,0.8185538881309686,3.2857142857142856
2022-02-05 08:00:00,8,16,0,5,11,0,0,1,10,1,11,1,14.1,324.0,3.0,6.3,40.0,0.6091954022988506,242.11230680173665,1.8507936507936509,0.4,0.1587301587301587,3.3125
2022-02-05 09:00:00,9,18,1,4,13,0,0,7,7,1,8,1,10.6,174.0,3.0,6.3,45.0,0.625,186.46230680173664,5.203703703703704,0.45,1.1111111111111112,3.333333333333333
2022-02-05 10:00:00,10,23,2,5,16,0,0,11,9,0,9,0,11.6,163.0,4.0,9.55,57.49999999999999,0.6290322580645161,215.359,5.856214432050989,0.575,1.1518324607329842,3.391304347826087
2022-02-05 11:00:00,11,28,2,9,17,0,0,11,13,1,14,1,12.6,87.5,4.0,9.55,70.0,0.9326923076923076,299.59230680173664,6.415276738967839,0.7,1.1518324607329842,3.4642857142857144
2022-02-05 12:00:00,12,33,0,8,24,1,0,13,16,1,17,1,13.6,105.0,4.0,9.55,82.5,1.1521739130434785,356.15730680173664,7.02252102173568,0.825,1.3612565445026177,3.212121212121212
2022-02-05 13:00:00,13,33,0,7,25,1,0,10,18,2,20,2,12.283333333333331,117.0,4.0,9.55,82.5,1.3125,389.7996136034732,5.956746787244169,0.825,1.0471204188481675,3.1818181818181817
2022-02-05 14:00:00,14,32,0,8,22,2,0,7,16,2,18,2,13.283333333333331,147.5,4.0,9.55,80.0,1.1590909090909092,366.4946136034732,4.886387434554973,0.8,0.7329842931937173,3.1875
2022-02-05 15:00:00,15,39,0,9,28,2,0,16,14,4,18,4,14.283333333333331,187.5,4.0,9.55,97.5,1.4090909090909092,388.8862272069465,8.426889515371188,0.975,1.6753926701570678,3.1794871794871797
2022-02-05 16:00:00,16,46,0,12,30,4,0,13,12,4,16,4,15.283333333333331,195.0,4.0,9.55,115.0,1.5208333333333333,382.7412272069464,7.970509902117003,1.15,1.3612565445026177,3.1739130434782608
2022-02-05 17:00:00,17,47,0,12,32,3,0,11,13,5,18,5,14.4,204.5,4.0,9.55,117.5,1.7045454545454546,407.5725340086831,7.426061044892503,1.175,1.1518324607329842,3.191489361702128
2022-02-05 18:00:00,18,47,0,11,33,3,0,12,16,3,19,3,15.4,259.0,4.0,9.55,117.5,1.7738095238095235,424.87592040520985,7.708513423192604,1.175,1.256544502617801,3.1702127659574466
2022-02-05 19:00:00,19,41,0,10,30,1,0,10,12,3,15,3,16.4,159.0,4.0,9.55,102.5,1.32,364.0459204052098,6.671216958242882,1.025,1.0471204188481675,3.2195121951219514
2022-02-05 20:00:00,20,37,0,9,28,0,0,8,11,2,13,2,17.4,143.0,4.0,10.56,92.5,1.1111111111111112,333.4376136034732,5.457002457002457,0.925,0.7575757575757576,3.2432432432432434
2022-02-05 21:00:00,21,38,0,8,28,2,0,7,10,0,10,0,18.4,169.0,4.0,10.56,95.0,1.0,299.28599999999994,5.0933014354066986,0.95,0.6628787878787878,3.1578947368421053
2022-02-05 22:00:00,22,26,0,6,18,1,1,5,8,0,8,0,19.4,258.0,3.0,7.31,65.0,0.84375,252.386,4.155906029674839,0.65,0.6839945280437756,3.1153846153846154
2022-02-05 23:00:00,23,24,0,4,18,2,0,7,5,0,5,0,8.3,252.0,3.0,7.31,60.0,0.7047619047619048,145.292,4.802576379388965,0.6,0.9575923392612858,3.083333333333333
2022-02-06 00:00:00,0,26,0,3,22,1,0,8,5,0,5,0,9.3,312.0,3.0,7.31,65.0,0.7619047619047619,155.222,5.367357676523203,0.65,1.094391244870041,3.076923076923077
2022-02-06 01:00:00,1,22,0,4,17,1,0,3,5,0,5,0,10.3,372.0,3.0,7.31,55.00000000000001,0.6571428571428571,152.28199999999998,3.0121533391369235,0.55,0.4103967168262654,3.136363636363636
2022-02-06 02:00:00,2,23,1,4,17,1,0,5,5,0,5,0,11.3,432.0,3.0,7.31,57.49999999999999,0.7047619047619048,160.067,4.050678046749539,0.575,0.6839945280437756,3.217391304347826
2022-02-06 03:00:00,3,22,1,3,16,2,0,4,5,1,6,1,12.3,482.5,3.0,7.31,55.00000000000001,0.6764705882352942,177.83030680173664,3.441204452182564,0.55,0.5471956224350205,3.136363636363636
2022-02-06 04:00:00,4,22,1,3,16,2,0,3,5,1,6,1,13.3,542.5,3.0,7.31,55.00000000000001,0.6764705882352942,183.47030680173663,3.0121533391369235,0.55,0.4103967168262654,3.136363636363636
2022-02-06 05:00:00,5,19,1,3,13,2,0,2,5,0,5,0,14.3,612.0,3.0,7.31,47.5,0.5714285714285714,168.40699999999998,2.3639930880552957,0.475,0.2735978112175102,3.1578947368421053
2022-02-06 06:00:00,6,19,1,3,13,2,0,2,5,0,5,0,15.3,672.0,3.0,7.31,47.5,0.5714285714285714,174.047,2.3639930880552957,0.475,0.2735978112175102,3.1578947368421053
2022-02-06 07:00:00,7,21,1,3,14,3,0,3,6,0,6,0,16.3,722.5,3.0,7.31,52.5,0.6372549019607843,197.377,2.895275552081298,0.525,0.4103967168262654,3.095238095238096
2022-02-06 08:00:00,8,22,1,2,18,1,0,6,6,1,7,1,17.3,773.0,3.0,7.73,55.00000000000001,0.696969696969697,219.4303068017366,4.159434905327531,0.55,0.7761966364812418,3.136363636363636
2022-02-06 09:00:00,9,18,2,1,14,1,0,4,4,1,5,1,16.466666666666665,156.0,3.0,7.73,45.0,0.5523809523809524,179.3503068017366,3.117385367256001,0.45,0.517464424320828,3.2222222222222223
2022-02-06 10:00:00,10,20,2,1,17,0,0,9,6,1,7,1,17.466666666666665,63.0,4.0,11.43,50.0,0.4924242424242424,216.08030680173655,4.184055118110236,0.5,0.7874015748031497,3.25
2022-02-06 11:00:00,11,24,1,0,23,0,0,10,7,1,8,1,16.2,118.0,4.0,11.43,60.0,0.578125,230.9163068017366,4.547579469233013,0.6,0.8748906386701663,3.083333333333333
2022-02-06 12:00:00,12,25,1,0,24,0,0,9,6,2,8,2,17.2,145.0,4.0,11.43,62.5,0.6015625,239.5696136034732,4.350196850393701,0.625,0.7874015748031497,3.08
2022-02-06 13:00:00,13,21,1,1,19,0,0,6,6,1,7,1,18.2,173.0,4.0,11.43,52.5,0.5,222.36130680173665,3.299793775778028,0.525,0.5249343832020997,3.142857142857143
2022-02-06 14:00:00,14,26,2,2,22,0,0,10,9,1,10,1,19.2,139.5,4.0,11.43,65.0,0.7,278.92630680173664,4.926569755703614,0.65,0.8748906386701663,3.230769230769231
2022-02-06 15:00:00,15,26,3,2,21,0,0,10,8,1,9,1,20.2,88.0,4.0,11.43,65.0,0.6935483870967742,271.1663068017366,5.043869035601318,0.65,0.8748906386701663,3.3076923076923075
2022-02-06 16:00:00,16,24,2,4,18,0,0,9,10,0,10,0,21.2,103.5,4.0,11.43,60.0,0.6666666666666666,285.048,4.624671916010499,0.6,0.7874015748031497,3.333333333333333
2022-02-06 17:00:00,17,29,4,5,15,4,1,10,13,0,13,0,22.2,136.0,4.0,11.43,72.5,0.8703703703703703,341.613,5.185852414999849,0.725,0.8748906386701663,3.2413793103448274
2022-02-06 18:00:00,18,29,3,5,16,3,2,11,13,0,13,0,16.016666666666666,129.0,4.0,11.43,72.5,0.8425925925925926,306.73900000000003,5.294881135547711,0.725,0.9623797025371827,3.1379310344827585
2022-02-06 19:00:00,19,25,2,6,15,1,1,7,12,1,13,1,17.016666666666666,176.0,4.0,11.43,62.5,0.7592592592592593,304.66730680173663,4.058748906386701,0.625,0.6124234470691163,3.28
2022-02-06 20:00:00,20,19,0,7,11,1,0,8,8,1,9,1,6.466666666666667,178.0,4.0,10.5,47.5,0.5080645161290323,178.69530680173662,4.101315789473684,0.475,0.7619047619047619,3.3157894736842106
2022-02-06 21:00:00,21,31,1,11,14,5,0,18,10,2,12,2,7.466666666666667,58.0,4.0,10.5,77.5,0.9017857142857144,251.14361360347323,8.1102534562212,0.775,1.7142857142857142,3.2580645161290325
2022-02-06 22:00:00,22,27,1,9,16,1,0,5,10,2,12,2,8.466666666666667,105.5,3.0,6.8,67.5,1.0833333333333333,248.20361360347323,4.753213507625272,0.675,0.7352941176470589,3.3703703703703702
2022-02-06 23:00:00,23,27,0,6,17,4,0,8,12,2,14,2,9.466666666666669,159.5,3.0,6.8,67.5,1.064102564102564,280.6436136034732,5.691557734204793,0.675,1.1764705882352942,3.074074074074074
2022-02-07 00:00:00,0,25,0,6,15,4,0,5,13,2,15,2,10.466666666666669,216.0,3.0,6.8,62.5,1.0266666666666666,295.3936136034732,4.189705882352942,0.625,0.7352941176470589,3.08
2022-02-07 01:00:00,1,24,0,7,14,3,0,5,13,1,14,1,11.466666666666669,279.5,3.0,6.8,60.0,0.9743589743589745,284.6203068017366,4.22843137254902,0.6,0.7352941176470589,3.1666666666666665
2022-02-07 02:00:00,2,26,0,7,16,3,0,7,15,1,16,1,12.466666666666669,301.5,3.0,6.8,65.0,1.1388888888888888,321.3503068017366,5.29660633484163,0.65,1.0294117647058825,3.1538461538461537
2022-02-07 03:00:00,3,27,0,7,16,4,0,4,15,1,16,1,13.466666666666669,361.5,3.0,6.8,67.5,1.1666666666666667,329.13530680173665,3.930065359477124,0.675,0.5882352941176471,3.111111111111111
2022-02-07 04:00:00,4,23,0,7,13,3,0,1,14,1,15,1,14.466666666666669,423.0,3.0,6.8,57.49999999999999,0.9733333333333334,312.7953068017366,2.2917519181585675,0.575,0.1470588235294117,3.1739130434782608
2022-02-07 05:00:00,5,22,0,7,12,3,0,0,14,1,15,1,15.466666666666669,483.0,3.0,6.8,55.00000000000001,0.9333333333333332,316.2903068017366,1.75,0.55,0.0,3.1818181818181817
2022-02-07 06:00:00,6,25,0,7,13,5,0,4,16,1,17,1,16.466666666666665,540.0,3.0,6.8,62.5,1.115942028985507,355.1653068017366,3.7367647058823534,0.625,0.5882352941176471,3.08
2022-02-07 07:00:00,7,25,0,6,15,4,0,4,16,1,17,1,17.466666666666665,600.0,3.0,6.8,62.5,1.115942028985507,360.8053068017366,3.7367647058823534,0.625,0.5882352941176471,3.08
2022-02-07 08:00:00,8,23,1,6,13,3,0,3,17,2,19,2,18.466666666666665,613.0,3.0,6.3,57.49999999999999,1.1746031746031746,389.8236136034732,3.382091097308489,0.575,0.4761904761904762,3.217391304347826
2022-02-07 09:00:00,9,20,1,4,14,1,0,5,11,2,13,2,18.266666666666666,236.0,3.0,6.3,50.0,0.8024691358024691,301.8606136034732,4.20436507936508,0.5,0.7936507936507937,3.25
2022-02-07 10:00:00,10,23,1,4,16,1,1,6,11,2,13,2,19.266666666666666,241.0,4.0,9.62,57.49999999999999,0.6666666666666666,313.93561360347326,3.75245412636717,0.575,0.6237006237006237,3.130434782608696
2022-02-07 11:00:00,11,28,1,5,21,1,0,9,14,2,16,2,20.266666666666666,191.5,4.0,9.62,70.0,0.9375,370.5006136034732,5.257128007128007,0.7,0.9355509355509356,3.2142857142857144
2022-02-07 12:00:00,12,32,1,5,25,1,0,7,15,2,17,2,21.266666666666666,249.0,4.0,9.62,80.0,1.108695652173913,398.1206136034732,4.869386694386694,0.8,0.7276507276507277,3.1875
2022-02-07 13:00:00,13,33,0,5,27,1,0,7,16,1,17,1,22.266666666666666,196.0,4.0,9.62,82.5,1.1195652173913044,405.03730680173663,4.84615227115227,0.825,0.7276507276507277,3.121212121212121
2022-02-07 14:00:00,14,33,0,5,24,1,3,12,15,1,16,1,7.2,75.0,4.0,9.62,82.5,1.0104166666666667,306.6613068017366,6.091603666603666,0.825,1.2474012474012477,2.9393939393939394
2022-02-07 15:00:00,15,23,0,5,17,1,0,4,11,0,11,0,8.2,118.0,4.0,9.62,57.49999999999999,0.6293103448275862,222.983,3.144714363192624,0.575,0.4158004158004158,3.1739130434782608
2022-02-07 16:00:00,16,26,0,6,17,0,3,9,11,0,11,0,9.2,148.0,4.0,9.62,65.0,0.6724137931034483,235.058,4.756652806652807,0.65,0.9355509355509356,3.0
2022-02-07 17:00:00,17,25,0,5,18,1,1,7,10,0,10,0,10.2,198.5,4.0,9.62,62.5,0.6416666666666667,225.153,4.166164241164242,0.625,0.7276507276507277,3.08
2022-02-07 18:00:00,18,24,0,6,17,0,1,8,9,0,9,0,9.95,268.0,4.0,9.62,60.0,0.6129032258064516,208.198,4.533402633402634,0.6,0.8316008316008316,3.1666666666666665
2022-02-07 19:00:00,19,14,1,2,11,0,0,6,2,1,3,1,10.95,220.0,4.0,9.62,35.0,0.3108108108108108,112.8563068017366,3.199302049302049,0.35,0.6237006237006237,3.2857142857142856
2022-02-07 20:00:00,20,19,0,3,15,1,0,12,3,4,7,4,11.95,53.0,4.0,11.16,47.5,0.4469696969696969,185.42622720694644,4.813992642897566,0.475,1.075268817204301,3.1052631578947367
2022-02-07 21:00:00,21,19,1,4,14,0,0,7,5,3,8,3,12.95,96.5,4.0,11.16,47.5,0.4921875,203.59792040520983,3.654796264855688,0.475,0.6272401433691757,3.3157894736842106
2022-02-07 22:00:00,22,24,2,7,15,0,0,11,8,3,11,3,13.95,82.0,3.0,7.84,60.0,0.9540229885057472,260.16292040520983,6.927253401360544,0.6,1.403061224489796,3.458333333333333
2022-02-07 23:00:00,23,23,2,7,14,0,0,4,10,1,11,1,14.95,111.0,3.0,7.84,57.49999999999999,0.9195402298850576,261.9213068017366,3.7746228926353154,0.575,0.5102040816326531,3.4782608695652173
2022-02-08 00:00:00,0,21,1,7,12,1,0,6,10,0,10,0,7.666666666666667,158.0,3.0,7.84,52.5,0.7888888888888889,202.28500000000005,4.362463556851312,0.525,0.7653061224489796,3.380952380952381
2022-02-08 01:00:00,1,20,1,6,12,1,0,3,11,0,11,0,8.666666666666666,205.0,3.0,7.84,50.0,0.7701149425287356,219.18,2.956887755102041,0.5,0.3826530612244898,3.35
2022-02-08 02:00:00,2,22,1,6,14,1,0,5,11,1,12,1,9.666666666666666,261.0,3.0,7.84,55.00000000000001,0.8690476190476191,243.37830680173664,3.941187384044527,0.55,0.6377551020408163,3.3181818181818183
2022-02-08 03:00:00,3,25,1,8,15,1,0,5,11,1,12,1,10.666666666666666,321.0,3.0,7.84,62.5,1.0,255.45330680173663,4.242857142857143,0.625,0.6377551020408163,3.36
2022-02-08 04:00:00,4,21,1,6,13,1,0,3,11,1,12,1,11.666666666666666,381.0,3.0,7.84,52.5,0.8333333333333334,252.51330680173663,3.0255102040816326,0.525,0.3826530612244898,3.333333333333333
2022-02-08 05:00:00,5,22,1,7,13,1,0,5,13,0,13,0,12.666666666666666,437.0,3.0,7.84,55.00000000000001,0.9135802469135802,272.83000000000004,3.99517625231911,0.55,0.6377551020408163,3.363636363636364
2022-02-08 06:00:00,6,23,1,7,14,1,0,2,13,0,13,0,13.666666666666666,497.0,3.0,7.84,57.49999999999999,0.9506172839506172,280.615,2.7790372670807453,0.575,0.2551020408163265,3.347826086956522
2022-02-08 07:00:00,7,24,1,8,14,1,0,3,13,1,14,1,14.666666666666666,540.5,3.0,7.84,60.0,1.0384615384615383,302.6683068017366,3.316454081632653,0.6,0.3826530612244898,3.375
2022-02-08 08:00:00,8,24,1,7,15,1,0,5,14,1,15,1,15.666666666666666,584.0,3.0,7.68,60.0,1.0666666666666669,321.7083068017366,4.170138888888889,0.6,0.6510416666666667,3.333333333333333
2022-02-08 09:00:00,9,17,0,5,11,1,0,1,7,0,7,0,16.666666666666668,523.0,3.0,7.68,42.5,0.5555555555555556,204.265,1.796262254901961,0.425,0.1302083333333333,3.235294117647059
2022-02-08 10:00:00,10,13,0,1,11,1,0,7,4,0,4,0,17.666666666666668,375.0,4.0,10.93,32.5,0.2708333333333333,161.125,2.8963174748398908,0.325,0.6404391582799634,3.0
2022-02-08 11:00:00,11,12,0,1,11,0,0,4,6,0,6,0,18.666666666666668,137.5,4.0,10.93,30.0,0.2720588235294117,191.42,2.0533928026837454,0.3,0.3659652333028362,3.083333333333333
2022-02-08 12:00:00,12,12,0,0,12,0,0,6,6,0,6,0,5.416666666666667,101.5,4.0,10.93,30.0,0.2647058823529412,116.69,2.5468435498627637,0.3,0.5489478499542544,3.0
2022-02-08 13:00:00,13,15,0,1,14,0,0,5,7,1,8,1,6.416666666666667,93.5,4.0,10.93,37.5,0.359375,156.43330680173662,2.5528667276608723,0.375,0.4574565416285453,3.066666666666667
2022-02-08 14:00:00,14,21,0,2,17,2,0,8,6,1,7,1,7.416666666666667,100.0,4.0,10.93,52.5,0.4772727272727273,161.5433068017366,3.770791399817017,0.525,0.7319304666056725,3.0
2022-02-08 15:00:00,15,23,0,4,19,0,0,7,7,1,8,1,7.783333333333333,155.5,4.0,10.93,57.49999999999999,0.5703125,181.30130680173664,3.8576981980190137,0.575,0.6404391582799634,3.1739130434782608
2022-02-08 16:00:00,16,17,0,3,14,0,0,1,6,1,7,1,8.783333333333333,220.0,4.0,10.93,42.5,0.4090909090909091,160.6713068017366,1.6406194499757814,0.425,0.091491308325709,3.176470588235294
2022-02-08 17:00:00,17,26,0,7,19,0,0,9,10,2,12,2,9.783333333333331,185.5,4.0,10.93,65.0,0.7589285714285714,253.48461360347324,4.816955802660286,0.65,0.8234217749313816,3.269230769230769
2022-02-08 18:00:00,18,30,0,8,22,0,0,5,11,2,13,2,10.783333333333331,215.0,4.0,10.93,75.0,0.9074074074074074,281.10461360347324,3.944358035986581,0.75,0.4574565416285453,3.2666666666666666
2022-02-08 19:00:00,19,24,0,7,16,0,1,7,6,1,7,1,9.216666666666669,166.0,4.0,10.93,60.0,0.5833333333333334,178.13030680173662,3.9797422994815497,0.6,0.6404391582799634,3.208333333333333
2022-02-08 20:00:00,20,21,0,5,14,1,1,9,3,2,5,2,10.216666666666669,147.0,4.0,9.9,52.5,0.4642857142857143,151.40361360347322,4.438852813852814,0.525,0.9090909090909092,3.095238095238096
2022-02-08 21:00:00,21,26,0,6,19,1,0,10,5,1,6,1,11.216666666666669,89.5,4.0,9.9,65.0,0.6102941176470589,180.3003068017366,5.299553224553225,0.65,1.0101010101010102,3.1923076923076925
2022-02-08 22:00:00,22,24,1,5,17,1,0,6,5,2,7,2,12.216666666666669,69.0,3.0,6.65,60.0,0.7878787878787878,195.9186136034732,4.882330827067669,0.6,0.9022556390977444,3.25
2022-02-08 23:00:00,23,19,1,3,15,0,0,7,5,2,7,2,13.216666666666669,117.0,3.0,6.65,47.5,0.6262626262626263,190.8336136034732,4.984903047091412,0.475,1.0526315789473684,3.263157894736842
2022-02-09 00:00:00,0,14,0,2,12,0,0,5,3,1,4,1,14.216666666666669,175.5,3.0,6.65,35.0,0.4074074074074074,144.6803068017366,3.4630504833512346,0.35,0.7518796992481203,3.142857142857143
2022-02-09 01:00:00,1,13,0,3,10,0,0,4,5,1,6,1,15.216666666666669,192.0,3.0,6.65,32.5,0.4117647058823529,174.97530680173662,2.99331983805668,0.325,0.6015037593984962,3.230769230769231
2022-02-09 02:00:00,2,12,0,3,9,0,0,1,6,1,7,1,16.216666666666665,210.0,3.0,6.65,30.0,0.3939393939393939,191.8703068017366,1.463721804511278,0.3,0.150375939849624,3.25
2022-02-09 03:00:00,3,11,0,2,9,0,0,1,6,0,6,0,17.216666666666665,256.5,3.0,6.65,27.500000000000004,0.3431372549019608,181.097,1.3534688995215312,0.275,0.150375939849624,3.1818181818181817
2022-02-09 04:00:00,4,12,0,3,9,0,0,1,6,1,7,1,18.216666666666665,219.0,3.0,6.65,30.0,0.3939393939393939,203.1503068017366,1.463721804511278,0.3,0.150375939849624,3.25
2022-02-09 05:00:00,5,14,0,3,11,0,0,2,6,1,7,1,19.216666666666665,279.0,3.0,6.65,35.0,0.4545454545454545,213.08030680173655,2.0917024704618687,0.35,0.3007518796992481,3.2142857142857144
2022-02-09 06:00:00,6,15,0,3,12,0,0,2,6,0,6,0,20.216666666666665,436.5,3.0,6.65,37.5,0.4705882352941176,206.597,2.162406015037594,0.375,0.3007518796992481,3.2
2022-02-09 07:00:00,7,20,0,4,16,0,0,6,7,0,7,0,21.216666666666665,399.0,3.0,6.65,50.0,0.6464646464646465,236.362,4.487218045112782,0.5,0.9022556390977444,3.2
2022-02-09 08:00:00,8,22,0,4,18,0,0,4,9,0,9,0,22.216666666666665,449.0,3.0,7.51,55.00000000000001,0.7526881720430108,273.092,3.444710083524997,0.55,0.5326231691078562,3.1818181818181817
2022-02-09 09:00:00,9,21,0,3,18,0,0,3,7,0,7,0,23.216666666666665,437.0,3.0,7.51,52.5,0.6666666666666666,249.787,2.9054688986113755,0.525,0.3994673768308922,3.142857142857143
2022-02-09 10:00:00,10,24,0,3,21,0,0,13,5,0,5,0,24.216666666666665,497.0,4.0,11.21,60.0,0.5357142857142857,235.062,5.49899643175736,0.6,1.159678858162355,3.125
2022-02-09 11:00:00,11,25,0,3,19,0,3,14,6,1,7,1,25.216666666666665,30.0,4.0,11.21,62.5,0.5454545454545454,270.5153068017366,5.39678858162355,0.625,1.248884924174844,2.88
2022-02-09 12:00:00,12,22,1,7,13,1,0,8,7,2,9,2,26.216666666666665,57.0,4.0,11.21,55.00000000000001,0.5967741935483871,297.38861360347323,4.250454139972427,0.55,0.7136485280999108,3.363636363636364
2022-02-09 13:00:00,13,28,1,9,16,2,0,9,10,1,11,1,27.216666666666665,86.0,4.0,11.21,70.0,0.8017241379310345,341.8303068017366,4.991624187587613,0.7,0.8028545941123996,3.321428571428572
2022-02-09 14:00:00,14,29,1,10,15,3,0,13,11,1,12,1,6.433333333333334,103.0,4.0,11.21,72.5,0.8571428571428571,240.15730680173664,6.238936909778831,0.725,1.159678858162355,3.310344827586207
2022-02-09 15:00:00,15,32,1,9,19,3,0,7,12,1,13,1,7.433333333333334,159.0,4.0,11.21,80.0,0.9629629629629628,265.6323068017366,4.629438001784122,0.8,0.6244424620874219,3.25
2022-02-09 16:00:00,16,29,1,11,15,2,0,5,11,3,14,3,7.433333333333334,174.0,4.0,11.21,72.5,0.9423076923076924,274.3339204052098,3.95727490848688,0.725,0.4460303300624442,3.3793103448275863
2022-02-09 17:00:00,17,33,1,13,17,1,1,9,13,3,16,3,8.433333333333334,216.0,4.0,11.21,82.5,1.15625,315.35392040520986,5.47551090746898,0.825,0.8028545941123996,3.363636363636364
2022-02-09 18:00:00,18,36,1,15,19,1,0,8,15,3,18,3,9.433333333333334,191.0,4.0,11.21,90.0,1.4090909090909092,354.22892040520986,5.5581227078996935,0.9,0.7136485280999108,3.4444444444444446
2022-02-09 19:00:00,19,32,1,12,16,1,2,4,11,3,14,3,10.433333333333334,189.0,4.0,11.21,80.0,1.0096153846153846,297.68892040520984,3.7958296164139167,0.8,0.3568242640499554,3.28125
2022-02-09 20:00:00,20,31,2,12,16,0,1,9,11,4,15,4,11.433333333333334,196.0,4.0,12.29,77.5,1.07,315.4522272069465,5.202625396992048,0.775,0.7323026851098454,3.4516129032258065
2022-02-09 21:00:00,21,36,2,13,20,1,0,10,8,5,13,5,12.433333333333334,256.0,4.0,12.29,90.0,1.148148148148148,305.88553400868307,5.902639905975952,0.9,0.8136696501220505,3.4444444444444446
2022-02-09 22:00:00,22,41,2,12,22,5,0,12,10,5,15,5,13.433333333333334,276.0,3.0,8.59,102.5,1.7866666666666666,349.0505340086831,7.9157173684658835,1.025,1.3969732246798603,3.268292682926829
2022-02-09 23:00:00,23,27,4,9,12,2,0,6,7,4,11,4,14.433333333333334,237.0,3.0,8.59,67.5,1.103448275862069,270.1922272069464,4.883507954986418,0.675,0.6984866123399301,3.555555555555556
2022-02-10 00:00:00,0,28,4,8,12,3,1,6,8,4,12,4,15.433333333333334,244.5,3.0,8.59,70.0,1.130952380952381,291.37722720694643,4.74486529186762,0.7,0.6984866123399301,3.392857142857143
2022-02-10 01:00:00,1,26,2,7,15,2,0,5,9,3,12,3,14.3,227.0,3.0,8.59,65.0,1.0357142857142858,279.8269204052099,4.122703053640191,0.65,0.5820721769499418,3.3461538461538463
2022-02-10 02:00:00,2,25,2,7,14,2,0,2,10,3,13,3,15.3,262.0,3.0,8.59,62.5,1.037037037037037,296.72192040520986,2.882305005820722,0.625,0.2328288707799767,3.36
2022-02-10 03:00:00,3,25,2,6,16,1,0,3,10,2,12,2,16.3,317.0,3.0,8.59,62.5,1.0,288.0936136034733,3.2734575087310827,0.625,0.3492433061699651,3.36
2022-02-10 04:00:00,4,23,3,5,14,1,0,2,11,2,13,2,17.3,372.0,3.0,8.59,57.49999999999999,0.9753086419753086,302.8436136034733,2.7747165561573115,0.575,0.2328288707799767,3.4347826086956523
2022-02-10 05:00:00,5,22,3,4,13,1,1,1,10,2,12,2,18.3,399.5,3.0,8.59,55.00000000000001,0.8690476190476191,292.93861360347324,2.2112842628849614,0.55,0.1164144353899883,3.3181818181818183
2022-02-10 06:00:00,6,20,3,3,12,2,0,2,10,2,12,2,19.3,459.5,3.0,8.59,50.0,0.7976190476190477,294.2886136034732,2.454976717112922,0.5,0.2328288707799767,3.35
2022-02-10 07:00:00,7,18,3,4,10,1,0,1,9,2,11,2,20.3,487.0,3.0,8.59,45.0,0.7241379310344828,282.23861360347325,1.9824505238649592,0.45,0.1164144353899883,3.5
2022-02-10 08:00:00,8,19,4,4,10,1,0,2,9,2,11,2,21.3,547.0,3.0,6.59,47.5,0.7816091954022989,290.0236136034732,2.7861752256209567,0.475,0.3034901365705614,3.5789473684210527
2022-02-10 09:00:00,9,17,3,5,8,1,0,3,6,3,9,3,22.3,546.0,3.0,6.59,42.5,0.6559139784946236,265.4419204052098,3.1584910291886104,0.425,0.4552352048558422,3.588235294117647
2022-02-10 10:00:00,10,28,4,5,19,0,0,18,11,3,14,3,23.3,433.5,4.0,9.63,70.0,0.9326923076923076,361.6769204052098,8.900300400534046,0.7,1.869158878504673,3.4642857142857144
2022-02-10 11:00:00,11,28,2,6,20,0,0,14,9,3,12,3,24.3,344.0,4.0,9.63,70.0,0.8392857142857143,340.5169204052098,7.230581516095535,0.7,1.453790238836968,3.357142857142857
2022-02-10 12:00:00,12,31,2,8,21,0,0,9,8,4,12,4,25.3,404.0,4.0,9.63,77.5,0.9375,353.46022720694646,5.790511003919204,0.775,0.9345794392523366,3.3870967741935485
2022-02-10 13:00:00,13,29,1,8,20,0,0,6,8,3,11,3,26.3,200.0,4.0,9.63,72.5,0.8362068965517241,340.54192040520985,4.509004726608659,0.725,0.6230529595015577,3.3448275862068964
2022-02-10 14:00:00,14,30,1,8,21,0,0,10,8,3,11,3,27.3,102.0,4.0,9.63,75.0,0.8620689655172413,348.3269204052099,5.96140533056421,0.75,1.038421599169263,3.333333333333333
2022-02-10 15:00:00,15,34,2,9,23,0,0,13,14,2,16,2,28.3,72.5,4.0,9.63,85.0,1.1979166666666667,428.6786136034732,7.441000855170729,0.85,1.3499480789200418,3.3823529411764706
2022-02-10 16:00:00,16,30,2,9,19,0,0,5,13,1,14,1,29.3,117.0,4.0,9.63,75.0,0.9903846153846154,398.0703068017366,4.357623745240568,0.75,0.5192107995846315,3.433333333333333
2022-02-10 17:00:00,17,34,2,9,19,0,4,14,19,1,20,1,24.266666666666666,118.5,4.0,9.63,85.0,1.3375,458.6623068017366,7.25016339869281,0.85,1.453790238836968,3.147058823529412
2022-02-10 18:00:00,18,29,0,8,21,0,0,8,12,1,13,1,25.266666666666666,156.0,4.0,9.63,72.5,0.8796296296296297,359.7773068017366,5.096380742650482,0.725,0.8307372793354103,3.2758620689655173
2022-02-10 19:00:00,19,27,0,6,21,0,0,7,8,2,10,2,10.75,172.5,4.0,9.63,67.5,0.725,234.2816136034732,4.517217607015116,0.675,0.726895119418484,3.2222222222222223
2022-02-10 20:00:00,20,24,0,5,19,0,0,4,7,2,9,2,5.85,230.0,4.0,11.63,60.0,0.6209677419354839,186.81061360347323,3.028468042419032,0.6,0.3439380911435942,3.208333333333333
2022-02-10 21:00:00,21,25,0,5,20,0,0,8,9,2,11,2,6.85,211.0,4.0,11.63,62.5,0.6896551724137931,221.3956136034732,4.201203783319003,0.625,0.6878761822871884,3.2
2022-02-10 22:00:00,22,29,0,5,23,1,0,10,9,2,11,2,7.85,199.0,3.0,8.59,72.5,1.0459770114942528,235.61561360347324,5.928004696720324,0.725,1.1641443538998837,3.1379310344827585
2022-02-10 23:00:00,23,29,0,5,22,2,0,6,10,2,12,2,8.85,147.5,3.0,8.59,72.5,1.0714285714285714,254.65561360347323,4.4177170727790935,0.725,0.6984866123399301,3.103448275862069
2022-02-11 00:00:00,0,19,0,5,14,0,0,3,10,2,12,2,7.916666666666667,207.5,3.0,8.59,47.5,0.7380952380952381,227.9416136034733,2.689636051712517,0.475,0.3492433061699651,3.263157894736842
2022-02-11 01:00:00,1,24,1,4,19,0,0,7,11,3,14,3,8.916666666666666,242.0,3.0,8.59,60.0,1.0,271.9749204052098,4.598428405122236,0.6,0.8149010477299186,3.25
2022-02-11 02:00:00,2,21,0,4,17,0,0,3,11,1,12,1,9.916666666666666,302.0,3.0,8.59,52.5,0.7976190476190477,242.64330680173663,2.78925245301846,0.525,0.3492433061699651,3.1904761904761907
2022-02-11 03:00:00,3,19,0,3,16,0,0,3,10,1,11,1,10.916666666666666,338.0,3.0,8.59,47.5,0.6896551724137931,230.59330680173665,2.6028735984314686,0.475,0.3492433061699651,3.1578947368421053
2022-02-11 04:00:00,4,18,0,2,16,0,0,0,10,0,10,0,11.833333333333334,379.0,3.0,8.59,45.0,0.6222222222222222,219.35,1.4,0.45,0.0,3.111111111111111
2022-02-11 05:00:00,5,20,0,2,18,0,0,4,10,0,10,0,12.833333333333334,439.0,3.0,8.59,50.0,0.6888888888888889,229.28,2.993538998835856,0.5,0.4656577415599534,3.1
2022-02-11 06:00:00,6,20,0,2,18,0,0,4,10,1,11,1,13.833333333333334,480.0,3.0,8.59,50.0,0.7126436781609196,249.1883068017366,2.993538998835856,0.5,0.4656577415599534,3.1
2022-02-11 07:00:00,7,18,1,4,13,0,0,4,12,2,14,2,14.833333333333334,511.5,3.0,8.59,45.0,0.7692307692307693,291.6066136034732,3.0521924718665114,0.45,0.4656577415599534,3.333333333333333
2022-02-11 08:00:00,8,19,1,4,14,0,0,2,12,2,14,2,15.833333333333334,571.5,3.0,6.43,47.5,0.8076923076923077,299.3916136034732,2.606349758533192,0.475,0.3110419906687403,3.3157894736842106
2022-02-11 09:00:00,9,15,1,3,10,1,0,3,8,1,9,1,16.833333333333332,389.0,3.0,6.43,37.5,0.5268817204301075,228.58330680173663,2.749105754276828,0.375,0.4665629860031104,3.2666666666666666
2022-02-11 10:00:00,10,26,1,5,16,2,2,16,10,1,11,1,17.833333333333332,205.0,4.0,9.68,65.0,0.6810344827586207,284.6183068017366,6.997250476795932,0.65,1.6528925619834711,3.0384615384615383
2022-02-11 11:00:00,11,28,0,5,22,1,0,13,12,1,13,1,18.83333333333333,80.0,4.0,9.68,70.0,0.8148148148148148,321.3483068017366,6.420779220779221,0.7,1.3429752066115703,3.142857142857143
2022-02-11 12:00:00,12,24,0,5,17,1,1,4,10,1,11,1,17.25,114.0,4.0,9.68,60.0,0.6379310344827587,277.0383068017366,3.1241046831955925,0.6,0.4132231404958678,3.083333333333333
2022-02-11 13:00:00,13,24,0,4,16,3,1,4,11,1,12,1,18.25,173.0,4.0,9.68,60.0,0.6339285714285714,296.07830680173663,2.997451790633609,0.6,0.4132231404958678,2.958333333333333
2022-02-11 14:00:00,14,31,1,5,19,1,5,17,14,2,16,2,19.25,197.5,4.0,9.68,77.5,0.9270833333333334,371.2016136034732,7.266988802985871,0.775,1.756198347107438,2.870967741935484
2022-02-11 15:00:00,15,28,1,4,21,1,1,12,12,2,14,2,20.25,177.0,4.0,9.68,70.0,0.8365384615384616,343.6066136034732,6.026829988193625,0.7,1.2396694214876034,3.107142857142857
2022-02-11 16:00:00,16,29,1,5,18,4,1,11,10,2,12,2,9.833333333333334,170.0,4.0,9.68,72.5,0.7857142857142857,260.2016136034732,5.6482758620689655,0.725,1.1363636363636365,3.034482758620689
2022-02-11 17:00:00,17,31,1,5,21,3,1,6,13,2,15,2,10.833333333333334,183.0,4.0,9.68,77.5,0.95,310.3316136034733,4.274493468408425,0.775,0.6198347107438017,3.064516129032258
2022-02-11 18:00:00,18,36,3,7,22,3,1,9,13,3,16,3,11.833333333333334,167.0,4.0,9.68,90.0,1.2083333333333333,340.96492040520985,5.895867768595042,0.9,0.9297520661157024,3.2222222222222223
2022-02-11 19:00:00,19,38,3,7,23,3,2,10,17,2,19,2,12.833333333333334,133.0,4.0,9.68,95.0,1.4285714285714286,390.2266136034732,6.262287951283167,0.95,1.0330578512396695,3.1578947368421053
2022-02-11 20:00:00,20,37,3,2,26,5,1,8,15,1,16,1,9.9,174.0,4.0,11.13,92.5,1.1666666666666667,330.4693068017366,4.975760666326705,0.925,0.7187780772686434,3.027027027027027
2022-02-11 21:00:00,21,34,3,3,22,5,1,7,13,1,14,1,10.9,186.0,4.0,11.13,85.0,1.0,302.87430680173657,4.523788383277839,0.85,0.628930817610063,3.0588235294117645
2022-02-11 22:00:00,22,31,1,4,21,4,1,8,15,0,15,0,11.833333333333334,196.0,3.0,7.88,77.5,1.24,314.235,5.370685279187817,0.775,1.015228426395939,3.0
2022-02-11 23:00:00,23,36,1,5,26,3,1,14,13,0,13,0,10.0,243.0,3.0,7.88,90.0,1.3580246913580247,287.82,8.178652002256063,0.9,1.7766497461928934,3.055555555555556
2022-02-12 00:00:00,0,32,1,6,22,2,1,8,13,1,14,1,11.0,270.5,3.0,7.88,80.0,1.2820512820512822,299.1483068017366,5.6725888324873095,0.8,1.015228426395939,3.125
2022-02-12 01:00:00,1,28,1,6,19,1,1,6,13,1,14,1,12.0,330.5,3.0,7.88,70.0,1.141025641025641,296.2083068017366,4.645232052211748,0.7,0.7614213197969544,3.1785714285714284
2022-02-12 02:00:00,2,33,1,7,21,1,3,11,15,2,17,2,13.0,266.0,3.0,7.88,82.5,1.463768115942029,353.6416136034732,6.797419627749577,0.825,1.3959390862944163,3.060606060606061
2022-02-12 03:00:00,3,28,1,6,19,1,1,3,13,1,14,1,14.0,413.0,3.0,7.88,70.0,1.141025641025641,307.4883068017366,3.4351160261058733,0.7,0.3807106598984772,3.1785714285714284
2022-02-12 04:00:00,4,28,1,6,19,1,1,5,13,2,15,2,15.0,403.0,3.0,7.88,70.0,1.1866666666666668,327.39661360347327,4.2418600435097895,0.7,0.6345177664974619,3.1785714285714284
2022-02-12 05:00:00,5,22,1,4,15,1,1,1,13,1,14,1,16.0,533.0,3.0,7.88,55.00000000000001,0.8846153846153846,305.8983068017366,2.1230156898938626,0.55,0.1269035532994923,3.136363636363636
2022-02-12 06:00:00,6,18,1,3,12,1,1,0,13,0,13,0,17.0,663.0,3.0,7.88,45.0,0.691358024691358,288.69,1.4,0.45,0.0,3.111111111111111
2022-02-12 07:00:00,7,22,1,4,15,1,1,4,13,1,14,1,18.0,653.0,3.0,7.88,55.00000000000001,0.8846153846153846,317.1783068017366,3.31706275957545,0.55,0.5076142131979695,3.136363636363636
2022-02-12 08:00:00,8,22,1,5,14,1,1,1,14,1,15,1,19.0,643.0,3.0,6.66,55.00000000000001,0.9333333333333332,336.2183068017366,2.2277504777504777,0.55,0.1501501501501501,3.1818181818181817
2022-02-12 09:00:00,9,19,0,4,12,2,1,6,9,1,10,1,20.0,713.5,3.0,6.66,47.5,0.6333333333333333,268.4233068017366,4.127702702702703,0.475,0.9009009009009008,3.0
2022-02-12 10:00:00,10,19,0,3,14,1,1,13,8,0,8,0,21.0,717.0,4.0,11.38,47.5,0.4453125,246.395,4.852065026362039,0.475,1.1423550087873464,3.0
2022-02-12 11:00:00,11,24,1,3,15,2,3,12,10,0,10,0,22.0,407.0,4.0,11.38,60.0,0.575,289.56,4.756634446397188,0.6,1.0544815465729351,2.875
2022-02-12 12:00:00,12,18,1,2,15,0,0,6,9,1,10,1,17.266666666666666,102.0,4.0,11.38,45.0,0.4833333333333333,250.86230680173665,3.1488869361452845,0.45,0.5272407732864676,3.2222222222222223
2022-02-12 13:00:00,13,18,1,2,14,1,0,8,8,1,9,1,18.266666666666666,101.0,4.0,11.38,45.0,0.4596774193548387,243.10230680173663,3.651127709431752,0.45,0.70298769771529,3.1666666666666665
2022-02-12 14:00:00,14,16,0,2,13,1,0,5,7,1,8,1,19.266666666666666,127.0,4.0,11.38,40.0,0.3828125,231.05230680173665,2.570562390158172,0.4,0.4393673110720563,3.0625
2022-02-12 15:00:00,15,17,0,3,13,1,0,5,4,1,5,1,13.433333333333334,158.0,4.0,11.38,42.5,0.3785714285714285,160.0973068017366,2.694792205106999,0.425,0.4393673110720563,3.117647058823529
2022-02-12 16:00:00,16,16,0,2,13,1,0,5,2,1,3,1,14.433333333333334,218.0,4.0,11.38,40.0,0.3310810810810811,136.79230680173663,2.570562390158172,0.4,0.4393673110720563,3.0625
2022-02-12 17:00:00,17,19,0,5,12,2,0,7,2,2,4,2,15.433333333333334,229.0,4.0,11.38,47.5,0.4166666666666667,163.13561360347325,3.44246600684488,0.475,0.6151142355008787,3.1578947368421053
2022-02-12 18:00:00,18,19,0,2,13,3,1,6,6,1,7,1,16.433333333333334,53.0,4.0,11.38,47.5,0.4090909090909091,208.1073068017366,2.848473776708908,0.475,0.5272407732864676,2.8421052631578947
2022-02-12 19:00:00,19,16,0,3,11,2,0,5,4,1,5,1,17.433333333333334,96.0,4.0,11.38,40.0,0.35,180.5123068017366,2.570562390158172,0.4,0.4393673110720563,3.0625
2022-02-12 20:00:00,20,15,0,3,10,2,0,7,2,0,2,0,18.433333333333334,111.0,4.0,12.48,37.5,0.3026315789473684,142.939,2.87008547008547,0.375,0.5608974358974359,3.066666666666667
2022-02-12 21:00:00,21,14,0,2,9,3,0,5,1,0,1,0,19.433333333333334,126.0,4.0,12.48,35.0,0.2628205128205128,133.034,2.1983058608058608,0.35,0.4006410256410256,2.9285714285714284
2022-02-12 22:00:00,22,15,1,1,11,2,0,11,3,1,4,1,20.433333333333334,20.0,3.0,7.76,37.5,0.4259259259259259,181.8873068017366,5.497079037800688,0.375,1.4175257731958764,3.066666666666667
2022-02-12 23:00:00,23,16,0,2,13,1,0,6,5,0,5,0,21.433333333333334,71.0,3.0,7.76,40.0,0.4666666666666667,202.204,3.592912371134021,0.4,0.7731958762886598,3.0625
2022-02-13 00:00:00,0,22,1,1,17,3,0,9,8,0,8,0,22.433333333333334,71.0,3.0,7.76,55.00000000000001,0.6875,260.914,5.1293814432989695,0.55,1.1597938144329898,3.0
2022-02-13 01:00:00,1,24,1,1,21,1,0,6,8,0,8,0,23.433333333333334,131.0,3.0,7.76,60.0,0.7708333333333334,270.844,4.234020618556701,0.6,0.7731958762886598,3.083333333333333
2022-02-13 02:00:00,2,19,1,0,17,1,0,5,7,0,7,0,24.433333333333334,181.0,3.0,7.76,47.5,0.5858585858585859,252.35900000000004,3.4169017905588714,0.475,0.6443298969072165,3.0526315789473686
2022-02-13 03:00:00,3,20,1,0,18,1,0,4,8,0,8,0,25.433333333333334,228.0,3.0,7.76,50.0,0.6354166666666666,273.544,3.097164948453608,0.5,0.5154639175257733,3.05
2022-02-13 04:00:00,4,18,1,0,16,1,0,3,9,0,9,0,26.433333333333334,275.0,3.0,7.76,45.0,0.5913978494623656,288.294,2.55627147766323,0.45,0.3865979381443299,3.055555555555556
2022-02-13 05:00:00,5,18,1,1,15,1,0,2,9,0,9,0,27.433333333333334,335.0,3.0,7.76,45.0,0.6021505376344086,293.934,2.201832760595648,0.45,0.2577319587628866,3.111111111111111
2022-02-13 06:00:00,6,19,2,3,13,1,0,3,10,1,11,1,28.433333333333334,387.0,3.0,7.76,47.5,0.7241379310344828,329.3873068017366,2.856877373846989,0.475,0.3865979381443299,3.3157894736842106
2022-02-13 07:00:00,7,20,2,4,13,1,0,4,11,1,12,1,29.433333333333334,443.0,3.0,7.76,50.0,0.7976190476190477,350.57230680173666,3.40180412371134,0.5,0.5154639175257733,3.35
2022-02-13 08:00:00,8,17,2,4,11,0,0,1,10,1,11,1,10.266666666666667,499.0,3.0,6.66,42.5,0.6781609195402298,222.6373068017366,1.9961093446387563,0.425,0.1501501501501501,3.4705882352941178
2022-02-13 09:00:00,9,11,1,2,8,0,0,1,4,0,4,0,11.266666666666667,384.0,3.0,6.66,27.500000000000004,0.3425925925925926,120.739,1.4300505050505052,0.275,0.1501501501501501,3.363636363636364
2022-02-13 10:00:00,10,23,1,2,19,0,1,13,9,0,9,0,12.266666666666667,47.0,4.0,11.38,57.49999999999999,0.5725806451612904,219.119,5.301400244517461,0.575,1.1423550087873464,3.0869565217391304
2022-02-13 11:00:00,11,30,1,2,27,0,0,15,10,0,10,0,11.083333333333334,62.5,4.0,11.38,75.0,0.7833333333333333,240.86,6.4800527240773285,0.75,1.3181019332161688,3.1333333333333333
2022-02-13 12:00:00,12,32,1,4,26,1,0,12,11,1,12,1,12.083333333333334,107.5,4.0,11.38,80.0,0.9017857142857144,278.4583068017366,5.853207381370827,0.8,1.0544815465729351,3.15625
2022-02-13 13:00:00,13,36,1,5,29,1,0,12,13,2,15,2,13.083333333333334,124.0,4.0,11.38,90.0,1.14,333.74661360347324,6.189191564147628,0.9,1.0544815465729351,3.1666666666666665
2022-02-13 14:00:00,14,36,0,5,29,2,0,10,11,1,12,1,14.083333333333334,200.0,4.0,11.38,90.0,0.9910714285714286,298.31830680173664,5.484431751611014,0.9,0.8787346221441126,3.083333333333333
2022-02-13 15:00:00,15,28,0,3,23,2,0,6,6,1,7,1,15.083333333333334,276.0,4.0,11.38,70.0,0.6439393939393939,219.7983068017366,3.725552347476776,0.7,0.5272407732864676,3.0357142857142856
2022-02-13 16:00:00,16,33,0,4,28,1,0,13,8,1,9,1,16.083333333333332,220.0,4.0,11.38,82.5,0.8225806451612904,262.9633068017366,6.080915481706343,0.825,1.1423550087873464,3.090909090909091
2022-02-13 17:00:00,17,30,0,2,25,3,0,7,7,1,8,1,17.083333333333332,261.0,4.0,11.38,75.0,0.6953125,248.76830680173657,4.049838898652607,0.75,0.6151142355008787,2.966666666666667
2022-02-13 18:00:00,18,27,0,2,24,1,0,9,8,1,9,1,18.08333333333333,121.0,4.0,11.38,67.5,0.6612903225806451,261.3733068017366,4.451874633860575,0.675,0.7908611599297013,3.037037037037037
2022-02-13 19:00:00,19,25,0,2,20,3,0,6,8,1,9,1,19.08333333333333,181.0,4.0,11.38,62.5,0.5967741935483871,262.7233068017366,3.410632688927944,0.625,0.5272407732864676,2.96
2022-02-13 20:00:00,20,19,0,1,15,3,0,5,5,0,5,0,20.08333333333333,241.0,4.0,12.23,47.5,0.3928571428571428,201.025,2.558457417050393,0.475,0.4088307440719542,2.8947368421052637
2022-02-13 21:00:00,21,21,0,4,15,2,0,8,6,1,7,1,21.08333333333333,223.0,4.0,12.23,52.5,0.4924242424242424,238.6233068017366,3.649685589689679,0.525,0.6541291905151267,3.095238095238096
2022-02-13 22:00:00,22,19,1,3,14,1,0,6,4,1,5,1,22.08333333333333,105.0,3.0,7.51,47.5,0.580952380952381,213.1733068017366,4.090001051229939,0.475,0.7989347536617843,3.210526315789474
2022-02-13 23:00:00,23,24,1,2,18,3,0,12,3,1,4,1,23.08333333333333,135.5,3.0,7.51,60.0,0.6759259259259259,216.1383068017366,6.685186418109188,0.6,1.5978695073235687,3.0416666666666665
2022-02-14 00:00:00,0,20,1,3,15,1,0,6,4,1,5,1,24.08333333333333,96.0,3.0,7.51,50.0,0.6095238095238096,226.5983068017366,4.15659121171771,0.5,0.7989347536617843,3.2
2022-02-14 01:00:00,1,19,1,3,15,0,0,2,4,1,5,1,25.08333333333333,116.0,3.0,7.51,47.5,0.5904761904761905,230.09330680173665,2.4190167495970285,0.475,0.2663115845539281,3.263157894736842
2022-02-14 02:00:00,2,20,0,3,17,0,0,5,3,0,3,0,26.08333333333333,216.0,3.0,7.51,50.0,0.5675675675675675,210.21,3.672203728362184,0.5,0.6657789613848203,3.15
2022-02-14 03:00:00,3,17,0,3,14,0,0,1,3,0,3,0,27.08333333333333,276.0,3.0,7.51,42.5,0.4864864864864865,209.415,1.7729654578209444,0.425,0.133155792276964,3.176470588235294
2022-02-14 04:00:00,4,16,0,3,13,0,0,2,3,0,3,0,28.08333333333333,336.0,3.0,7.51,40.0,0.4594594594594595,212.91,2.123868175765646,0.4,0.2663115845539281,3.1875
2022-02-14 05:00:00,5,18,1,3,14,0,0,3,3,0,3,0,29.08333333333333,396.0,3.0,7.51,45.0,0.5315315315315315,222.84,2.78436529072348,0.45,0.3994673768308922,3.2777777777777777
2022-02-14 06:00:00,6,19,0,3,16,0,0,3,5,0,5,0,30.08333333333333,406.0,3.0,7.51,47.5,0.5714285714285714,257.42499999999995,2.761475926834396,0.475,0.3994673768308922,3.1578947368421053
2022-02-14 07:00:00,7,19,0,3,16,0,0,3,5,1,6,1,31.08333333333333,286.0,3.0,7.51,47.5,0.5882352941176471,277.3333068017366,2.761475926834396,0.475,0.3994673768308922,3.1578947368421053
2022-02-14 08:00:00,8,20,0,4,16,0,0,7,6,2,8,2,32.083333333333336,164.5,3.0,6.71,50.0,0.6666666666666666,312.78661360347326,4.938301043219076,0.5,1.0432190760059612,3.2
2022-02-14 09:00:00,9,22,0,4,18,0,0,8,6,1,7,1,33.083333333333336,99.0,3.0,6.71,55.00000000000001,0.7070707070707071,308.44830680173663,5.54352391274895,0.55,1.1922503725782414,3.1818181818181817
2022-02-14 10:00:00,10,28,0,5,21,2,0,11,11,0,11,0,34.083333333333336,41.0,4.0,10.41,70.0,0.75,379.69,5.4582441333882254,0.7,1.0566762728146013,3.107142857142857
2022-02-14 11:00:00,11,27,0,6,19,2,0,6,12,0,12,0,14.133333333333333,92.5,4.0,10.41,67.5,0.7589285714285714,278.427,3.93949460988366,0.675,0.5763688760806917,3.1481481481481484
2022-02-14 12:00:00,12,30,0,5,22,3,0,7,12,0,12,0,13.3,134.5,4.0,10.41,75.0,0.8214285714285714,280.16200000000003,4.362119756644253,0.75,0.6724303554274735,3.066666666666667
2022-02-14 13:00:00,13,29,1,5,18,5,0,6,8,1,9,1,14.3,185.0,4.0,10.41,72.5,0.717741935483871,244.32530680173664,3.993856205902812,0.725,0.5763688760806917,3.0689655172413794
2022-02-14 14:00:00,14,23,1,4,15,3,0,7,6,1,7,1,15.3,245.0,4.0,10.41,57.49999999999999,0.5454545454545454,210.2953068017366,3.904999373512091,0.575,0.6724303554274735,3.130434782608696
2022-02-14 15:00:00,15,20,0,3,15,2,0,7,6,0,6,0,16.3,230.5,4.0,10.41,50.0,0.4485294117647059,195.23200000000003,3.575912584053794,0.5,0.6724303554274735,3.05
2022-02-14 16:00:00,16,20,0,4,14,2,0,8,6,1,7,1,6.683333333333334,61.0,4.0,10.41,50.0,0.4696969696969697,155.2623068017366,3.932324687800192,0.5,0.7684918347742555,3.1
2022-02-14 17:00:00,17,19,0,3,15,1,0,3,7,1,8,1,7.683333333333334,117.0,4.0,10.41,47.5,0.4609375,172.1573068017366,2.3698885181252844,0.475,0.2881844380403458,3.1052631578947367
2022-02-14 18:00:00,18,20,0,3,16,1,0,6,7,1,8,1,8.683333333333334,162.5,4.0,10.41,50.0,0.484375,179.9423068017366,3.336743515850144,0.5,0.5763688760806917,3.1
2022-02-14 19:00:00,19,22,1,4,16,1,0,10,9,0,9,0,4.25,115.0,4.0,10.41,55.00000000000001,0.5725806451612904,171.76000000000002,4.875165924373417,0.55,0.9606147934678194,3.227272727272727
2022-02-14 20:00:00,20,15,1,1,13,0,0,5,5,0,5,0,5.25,76.0,4.0,10.05,37.5,0.3428571428571428,108.785,2.792039800995025,0.375,0.4975124378109452,3.2
2022-02-14 21:00:00,21,20,1,2,15,2,0,10,5,2,7,2,6.25,124.0,4.0,10.05,50.0,0.4696969696969697,153.68661360347323,4.63457711442786,0.5,0.9950248756218903,3.1
2022-02-14 22:00:00,22,18,1,2,15,0,0,6,4,2,6,2,6.483333333333333,172.5,3.0,6.35,45.0,0.5686274509803921,137.31261360347324,4.494619422572179,0.45,0.9448818897637796,3.2222222222222223
2022-02-14 23:00:00,23,19,2,2,15,0,0,8,2,2,4,2,7.483333333333333,216.0,3.0,6.35,47.5,0.5833333333333334,118.29761360347322,5.752372565271447,0.475,1.2598425196850394,3.3157894736842106
2022-02-15 00:00:00,0,15,2,1,11,1,0,5,3,1,4,1,8.483333333333333,276.0,3.0,6.35,37.5,0.4537037037037037,114.4893068017366,3.797178477690288,0.375,0.7874015748031497,3.2666666666666666
2022-02-15 01:00:00,1,18,2,3,12,1,0,5,5,1,6,1,9.483333333333333,194.0,3.0,6.35,45.0,0.5882352941176471,153.3643068017366,4.1246719160105,0.45,0.7874015748031497,3.333333333333333
2022-02-15 02:00:00,2,15,1,3,11,0,0,1,4,0,4,0,10.483333333333333,285.0,3.0,6.35,37.5,0.4629629629629629,124.901,1.7749343832020996,0.375,0.1574803149606299,3.333333333333333
2022-02-15 03:00:00,3,16,2,4,10,0,0,3,6,0,6,0,11.483333333333333,168.0,3.0,6.35,40.0,0.5490196078431373,159.486,3.0535433070866143,0.4,0.4724409448818898,3.5
2022-02-15 04:00:00,4,17,2,5,10,0,0,2,6,1,7,1,12.483333333333333,219.0,3.0,6.35,42.5,0.6060606060606061,181.5393068017366,2.6116257526632696,0.425,0.3149606299212598,3.5294117647058822
2022-02-15 05:00:00,5,16,2,4,10,0,0,1,6,1,7,1,13.483333333333333,279.0,3.0,6.35,40.0,0.5656565656565656,185.0343068017366,1.951181102362205,0.4,0.1574803149606299,3.5
2022-02-15 06:00:00,6,17,2,4,11,0,0,3,7,1,8,1,14.483333333333333,271.0,3.0,6.35,42.5,0.6145833333333334,206.2193068017366,3.1146479851783235,0.425,0.4724409448818898,3.4705882352941178
2022-02-15 07:00:00,7,17,2,3,11,1,0,2,7,0,7,0,15.483333333333333,399.0,3.0,6.35,42.5,0.5757575757575758,197.591,2.4810444650301062,0.425,0.3149606299212598,3.3529411764705883
2022-02-15 08:00:00,8,20,2,4,13,1,0,5,7,0,7,0,16.483333333333334,459.0,3.0,7.13,50.0,0.6767676767676768,209.666,4.0242286115007015,0.5,0.7012622720897616,3.35
2022-02-15 09:00:00,9,19,2,3,13,1,0,7,5,0,5,0,17.483333333333334,383.0,3.0,7.13,47.5,0.6,186.361,4.830333284121946,0.475,0.9817671809256662,3.3157894736842106
2022-02-15 10:00:00,10,19,1,3,13,0,2,14,4,0,4,0,18.48333333333333,263.0,4.0,11.1,47.5,0.4027777777777778,178.601,5.300165955429114,0.475,1.2612612612612613,3.0526315789473686
2022-02-15 11:00:00,11,22,0,4,18,0,0,14,4,1,5,1,19.48333333333333,37.0,4.0,11.1,55.00000000000001,0.5,204.94430680173664,5.763104013104013,0.55,1.2612612612612613,3.1818181818181817
2022-02-15 12:00:00,12,18,0,3,13,2,0,7,6,1,7,1,14.95,85.0,4.0,11.1,45.0,0.4166666666666667,197.5963068017366,3.3019269269269267,0.45,0.6306306306306306,3.055555555555556
2022-02-15 13:00:00,13,16,0,4,10,2,0,7,4,2,6,2,9.033333333333331,75.5,4.0,11.1,40.0,0.3676470588235294,147.40461360347322,3.2207207207207214,0.4,0.6306306306306306,3.125
2022-02-15 14:00:00,14,18,0,4,13,1,0,5,4,2,6,2,10.033333333333331,135.5,4.0,11.1,45.0,0.4191176470588235,157.33461360347323,2.851426426426426,0.45,0.4504504504504504,3.1666666666666665
2022-02-15 15:00:00,15,21,0,6,15,0,0,9,7,2,9,2,11.033333333333331,45.0,4.0,11.1,52.5,0.5564516129032258,209.60961360347324,4.389092664092664,0.525,0.8108108108108109,3.2857142857142856
2022-02-15 16:00:00,16,26,0,6,20,0,0,10,9,3,12,3,5.183333333333334,96.5,4.0,11.1,65.0,0.75,228.40892040520987,5.010602910602911,0.65,0.9009009009009008,3.230769230769231
2022-02-15 17:00:00,17,28,0,8,20,0,0,9,9,4,13,4,5.666666666666667,121.0,4.0,11.1,70.0,0.8518518518518519,249.6932272069465,4.964092664092664,0.7,0.8108108108108109,3.2857142857142856
2022-02-15 18:00:00,18,21,0,6,14,0,1,3,11,2,13,2,6.666666666666667,161.0,4.0,11.1,52.5,0.6203703703703703,238.58161360347327,2.5372908622908628,0.525,0.2702702702702703,3.1904761904761907
2022-02-15 19:00:00,19,20,1,7,12,0,0,9,12,2,14,2,7.666666666666667,134.5,4.0,11.1,50.0,0.6634615384615384,255.4766136034732,4.522297297297298,0.5,0.8108108108108109,3.45
2022-02-15 20:00:00,20,22,1,5,14,2,0,9,13,2,15,2,6.283333333333333,104.0,4.0,12.0,55.00000000000001,0.71,265.36461360347323,4.195454545454545,0.55,0.75,3.227272727272727
2022-02-15 21:00:00,21,21,1,5,14,1,0,10,11,2,13,2,5.683333333333334,109.0,4.0,12.0,52.5,0.6388888888888888,233.03561360347325,4.463095238095238,0.525,0.8333333333333334,3.2857142857142856
2022-02-15 22:00:00,22,18,1,1,15,1,0,4,7,2,9,2,6.4,137.0,3.0,8.03,45.0,0.6021505376344086,177.04261360347323,2.9497440154974406,0.45,0.4981320049813201,3.111111111111111
2022-02-15 23:00:00,23,18,0,2,15,1,0,6,6,1,7,1,3.816666666666667,145.0,3.0,8.03,45.0,0.5555555555555556,134.80430680173663,3.6581050228310494,0.45,0.7471980074719802,3.055555555555556
2022-02-16 00:00:00,0,20,0,3,16,1,0,8,6,1,7,1,4.816666666666666,203.0,3.0,8.03,50.0,0.6262626262626263,144.7343068017366,4.638418430884184,0.5,0.9962640099626402,3.1
2022-02-16 01:00:00,1,18,0,2,15,1,0,3,6,1,7,1,5.816666666666666,263.0,3.0,8.03,45.0,0.5555555555555556,146.0843068017366,2.5165525114155254,0.45,0.3735990037359901,3.055555555555556
2022-02-16 02:00:00,2,17,0,3,13,1,0,3,6,0,6,0,6.816666666666666,324.0,3.0,8.03,42.5,0.5196078431372549,135.311,2.48974983517691,0.425,0.3735990037359901,3.117647058823529
2022-02-16 03:00:00,3,15,0,3,10,2,0,2,6,0,6,0,7.816666666666666,384.0,3.0,8.03,37.5,0.4509803921568627,136.661,1.913802407638024,0.375,0.24906600249066,3.066666666666667
2022-02-16 04:00:00,4,17,0,5,10,2,0,4,7,1,8,1,8.816666666666666,383.5,3.0,8.03,42.5,0.5625,174.2593068017366,2.93230166288184,0.425,0.4981320049813201,3.176470588235294
2022-02-16 05:00:00,5,18,0,4,13,1,0,3,6,1,7,1,9.816666666666666,503.0,3.0,8.03,45.0,0.5757575757575758,168.6443068017366,2.6080635118306352,0.45,0.3735990037359901,3.1666666666666665
2022-02-16 06:00:00,6,17,0,5,11,1,0,3,6,1,7,1,10.816666666666666,563.0,3.0,8.03,42.5,0.5555555555555556,172.1393068017366,2.58370265914585,0.425,0.3735990037359901,3.235294117647059
2022-02-16 07:00:00,7,15,0,4,10,1,0,3,6,0,6,0,11.816666666666666,564.5,3.0,8.03,37.5,0.4705882352941176,159.221,2.395516811955168,0.375,0.3735990037359901,3.2
2022-02-16 08:00:00,8,18,0,4,12,2,0,3,6,0,6,0,12.816666666666666,624.5,3.0,6.55,45.0,0.5490196078431373,171.296,2.824936386768448,0.45,0.4580152671755725,3.111111111111111
2022-02-16 09:00:00,9,21,0,7,12,2,0,8,6,0,6,0,13.183333333333334,104.0,3.0,6.55,52.5,0.6666666666666666,179.799,5.65492548164304,0.525,1.2213740458015268,3.238095238095238
2022-02-16 10:00:00,10,32,0,8,21,1,2,20,7,0,7,0,11.466666666666669,92.0,4.0,9.8,80.0,0.75,207.112,8.788775510204083,0.8,2.0408163265306123,3.09375
2022-02-16 11:00:00,11,28,0,6,20,1,1,11,8,0,8,0,12.466666666666669,126.0,4.0,9.8,70.0,0.6796875,217.572,5.662609329446064,0.7,1.1224489795918366,3.107142857142857
2022-02-16 12:00:00,12,30,2,4,23,1,0,9,12,1,13,1,13.466666666666669,68.0,4.0,9.8,75.0,0.8981481481481481,295.3703068017366,5.3943877551020405,0.75,0.9183673469387754,3.2333333333333334
2022-02-16 13:00:00,13,29,2,4,22,1,0,5,12,2,14,2,14.466666666666669,93.5,4.0,9.8,72.5,0.903846153846154,313.13361360347324,4.003764954257565,0.725,0.5102040816326531,3.2413793103448274
2022-02-16 14:00:00,14,31,2,5,23,1,0,11,14,2,16,2,15.4,125.5,4.0,9.8,77.5,1.0520833333333333,349.4876136034732,6.182011191573404,0.775,1.1224489795918366,3.2580645161290325
2022-02-16 15:00:00,15,27,2,5,19,0,1,4,14,2,16,2,16.4,185.5,4.0,9.8,67.5,0.9166666666666666,346.5476136034732,3.530309901738473,0.675,0.4081632653061224,3.259259259259259
2022-02-16 16:00:00,16,21,2,3,15,0,1,5,10,1,11,1,17.4,181.0,4.0,9.8,52.5,0.5862068965517241,271.4493068017366,3.352089407191448,0.525,0.5102040816326531,3.238095238095238
2022-02-16 17:00:00,17,26,2,4,19,0,1,6,11,1,12,1,18.4,238.5,4.0,9.8,65.0,0.75,301.2143068017366,4.078021978021978,0.65,0.6122448979591836,3.230769230769231
2022-02-16 18:00:00,18,20,1,2,17,0,0,3,12,0,12,0,19.4,294.0,4.0,9.8,50.0,0.5714285714285714,293.116,2.5795918367346937,0.5,0.3061224489795918,3.2
2022-02-16 19:00:00,19,18,1,3,14,0,0,3,8,0,8,0,20.4,309.5,4.0,9.8,45.0,0.4609375,240.866,2.478401360544217,0.45,0.3061224489795918,3.2777777777777777
2022-02-16 20:00:00,20,21,1,4,16,0,0,6,10,0,10,0,21.4,197.5,4.0,10.71,52.5,0.575,279.741,3.5657362945178077,0.525,0.5602240896358543,3.2857142857142856
2022-02-16 21:00:00,21,21,0,5,15,1,0,7,8,0,8,0,22.4,79.5,4.0,10.71,52.5,0.5234375,258.581,3.760278555866791,0.525,0.65359477124183,3.1904761904761907
2022-02-16 22:00:00,22,18,0,3,15,0,0,5,8,0,8,0,7.8,132.0,3.0,7.46,45.0,0.59375,169.802,3.5474307417336903,0.45,0.6702412868632708,3.1666666666666665
2022-02-16 23:00:00,23,23,1,4,18,0,0,9,6,1,7,1,8.8,154.0,3.0,7.46,57.49999999999999,0.7575757575757576,173.63530680173662,5.809024944632241,0.575,1.206434316353887,3.260869565217391
2022-02-17 00:00:00,0,22,1,3,16,2,0,6,7,1,8,1,9.8,200.5,3.0,7.46,55.00000000000001,0.71875,190.53030680173663,4.2475444796490365,0.55,0.8042895442359249,3.136363636363636
2022-02-17 01:00:00,1,22,1,3,15,3,0,4,7,1,8,1,10.8,260.5,3.0,7.46,55.00000000000001,0.7083333333333334,196.17030680173664,3.357323909334634,0.55,0.5361930294906166,3.090909090909091
2022-02-17 02:00:00,2,18,0,3,15,0,0,2,8,0,8,0,11.8,320.5,3.0,7.46,45.0,0.59375,192.362,2.273972296693476,0.45,0.2680965147453083,3.1666666666666665
2022-02-17 03:00:00,3,18,0,3,15,0,0,1,9,0,9,0,12.8,367.0,3.0,7.46,45.0,0.6129032258064516,211.402,1.8494861483467384,0.45,0.1340482573726541,3.1666666666666665
2022-02-17 04:00:00,4,18,0,3,15,0,0,1,10,0,10,0,13.8,396.0,3.0,7.46,45.0,0.6333333333333333,230.442,1.8494861483467384,0.45,0.1340482573726541,3.1666666666666665
2022-02-17 05:00:00,5,19,0,3,16,0,0,1,11,0,11,0,14.8,425.0,3.0,7.46,47.5,0.6896551724137931,251.627,1.9233102864399605,0.475,0.1340482573726541,3.1578947368421053
2022-02-17 06:00:00,6,21,1,3,17,0,0,3,12,0,12,0,15.8,397.0,3.0,7.46,52.5,0.8095238095238095,274.957,3.002183071620069,0.525,0.4021447721179624,3.238095238095238
2022-02-17 07:00:00,7,25,1,3,20,1,0,6,14,0,14,0,16.8,342.0,3.0,7.46,62.5,1.0128205128205128,315.977,4.516554959785523,0.625,0.8042895442359249,3.16
2022-02-17 08:00:00,8,27,1,3,23,0,0,3,15,0,15,0,17.8,375.0,3.0,7.21,67.5,1.1466666666666667,339.307,3.475319771921714,0.675,0.4160887656033287,3.185185185185185
2022-02-17 09:00:00,9,25,1,3,21,0,0,4,12,0,12,0,18.8,290.5,3.0,7.21,62.5,0.9523809523809524,300.457,3.7753120665742026,0.625,0.5547850208044383,3.2
2022-02-17 10:00:00,10,28,1,4,22,0,1,20,11,2,13,2,19.8,285.0,4.0,10.46,70.0,0.8148148148148148,327.6686136034732,8.209287080032778,0.7,1.9120458891013383,3.142857142857143
2022-02-17 11:00:00,11,34,1,4,28,0,1,18,13,2,15,2,20.8,261.0,4.0,10.46,85.0,1.06,372.97861360347326,8.014975818243167,0.85,1.7208413001912044,3.117647058823529
2022-02-17 12:00:00,12,35,1,5,28,0,1,10,10,2,12,2,18.8,363.0,4.0,10.46,87.5,0.9821428571428572,323.6436136034732,5.754643540016389,0.875,0.9560229445506692,3.142857142857143
2022-02-17 13:00:00,13,38,1,5,30,2,0,11,10,3,13,3,17.233333333333334,196.0,4.0,10.46,95.0,1.101851851851852,335.51092040520984,6.268247458991647,0.95,1.051625239005736,3.131578947368421
2022-02-17 14:00:00,14,40,1,4,33,2,0,13,11,2,13,2,18.166666666666668,133.0,4.0,10.46,100.0,1.148148148148148,344.1966136034732,6.952772466539196,1.0,1.2428298279158698,3.1
2022-02-17 15:00:00,15,37,0,4,32,0,1,15,11,1,12,1,19.166666666666668,156.5,4.0,10.46,92.5,1.0089285714285714,329.1333068017366,7.2046186243604975,0.925,1.4340344168260035,3.054054054054054
2022-02-17 16:00:00,16,34,0,3,31,0,0,15,9,1,10,1,15.05,210.5,4.0,10.46,85.0,0.875,272.6803068017366,7.053635699021482,0.85,1.4340344168260035,3.088235294117647
2022-02-17 17:00:00,17,32,0,4,28,0,0,5,9,1,10,1,16.05,232.0,4.0,10.46,80.0,0.8333333333333334,274.03030680173663,3.9937858508604207,0.8,0.4780114722753346,3.125
2022-02-17 18:00:00,18,24,0,4,20,0,0,4,7,1,8,1,11.316666666666666,270.0,4.0,10.46,60.0,0.59375,203.3743068017366,3.1109623964308475,0.6,0.3824091778202677,3.1666666666666665
2022-02-17 19:00:00,19,21,0,3,17,1,0,6,6,1,7,1,12.316666666666666,261.0,4.0,10.46,52.5,0.4924242424242424,189.17930680173663,3.400471182736957,0.525,0.5736137667304014,3.095238095238096
2022-02-17 20:00:00,20,19,0,4,14,1,0,7,5,1,6,1,13.316666666666666,79.0,4.0,11.01,47.5,0.4411764705882353,177.12930680173662,3.5077441560304035,0.475,0.6357856494096277,3.1578947368421053
2022-02-17 21:00:00,21,18,0,5,12,1,0,6,5,0,5,0,14.316666666666666,118.0,4.0,11.01,45.0,0.4142857142857143,166.356,3.205979412655162,0.45,0.5449591280653951,3.2222222222222223
2022-02-17 22:00:00,22,11,0,3,7,1,0,1,4,0,4,0,15.316666666666666,163.0,3.0,7.76,27.500000000000004,0.324074074074074,143.58100000000002,1.2850281162136832,0.275,0.1288659793814433,3.1818181818181817
2022-02-17 23:00:00,23,14,0,4,9,1,0,7,5,0,5,0,16.316666666666666,42.0,3.0,7.76,35.0,0.4285714285714285,169.05599999999998,4.024484536082475,0.35,0.9020618556701032,3.2142857142857144
2022-02-18 00:00:00,0,16,0,2,13,1,0,8,6,0,6,0,17.316666666666666,99.5,3.0,7.76,40.0,0.4803921568627451,192.386,4.382216494845362,0.4,1.0309278350515465,3.0625
2022-02-18 01:00:00,1,11,0,2,8,1,0,1,5,0,5,0,18.316666666666663,162.0,3.0,7.76,27.500000000000004,0.3238095238095238,173.901,1.2483130271790066,0.275,0.1288659793814433,3.090909090909091
2022-02-18 02:00:00,2,16,0,2,14,0,0,6,6,0,6,0,19.316666666666663,201.5,3.0,7.76,40.0,0.4901960784313725,203.666,3.666237113402062,0.4,0.7731958762886598,3.125
2022-02-18 03:00:00,3,14,0,2,12,0,0,1,6,0,6,0,20.316666666666663,261.5,3.0,7.76,35.0,0.4313725490196078,205.016,1.50500736377025,0.35,0.1288659793814433,3.142857142857143
2022-02-18 04:00:00,4,15,0,2,13,0,0,1,6,0,6,0,21.316666666666663,321.5,3.0,7.76,37.5,0.4607843137254901,212.801,1.5787800687285225,0.375,0.1288659793814433,3.1333333333333333
2022-02-18 05:00:00,5,13,0,2,10,0,1,1,6,0,6,0,22.316666666666663,381.5,3.0,7.76,32.5,0.3823529411764705,214.151,1.36159793814433,0.325,0.1288659793814433,3.0
2022-02-18 06:00:00,6,11,0,3,8,0,0,2,6,0,6,0,23.316666666666663,441.5,3.0,7.76,27.500000000000004,0.3529411764705882,215.501,1.7434864104967205,0.275,0.2577319587628866,3.272727272727273
2022-02-18 07:00:00,7,14,0,2,12,0,0,4,6,1,7,1,24.316666666666663,481.0,3.0,7.76,35.0,0.4444444444444444,241.8443068017366,2.7200294550810016,0.35,0.5154639175257733,3.142857142857143
2022-02-18 08:00:00,8,16,0,2,13,1,0,4,6,0,6,0,25.316666666666663,561.5,3.0,7.19,40.0,0.4803921568627451,237.506,2.928755215577191,0.4,0.5563282336578582,3.0625
2022-02-18 09:00:00,9,14,0,2,11,1,0,4,5,0,5,0,26.316666666666663,601.0,3.0,7.19,35.0,0.4095238095238095,225.456,2.783722431949136,0.35,0.5563282336578582,3.071428571428572
2022-02-18 10:00:00,10,22,1,3,13,1,4,16,5,1,6,1,27.316666666666663,377.0,4.0,10.89,55.00000000000001,0.4558823529411764,262.52430680173666,5.690579347190918,0.55,1.4692378328741964,2.8181818181818183
2022-02-18 11:00:00,11,23,2,3,16,1,1,19,3,3,6,3,28.316666666666663,74.5,4.0,10.89,57.49999999999999,0.5367647058823529,272.0459204052098,7.362589332055736,0.575,1.7447199265381084,3.1739130434782608
2022-02-18 12:00:00,12,24,2,4,16,1,1,7,4,3,7,3,29.316666666666663,125.0,4.0,10.89,60.0,0.5833333333333334,293.2309204052098,3.9872895622895626,0.6,0.642791551882461,3.208333333333333
2022-02-18 13:00:00,13,20,1,5,13,1,0,8,2,2,4,2,30.316666666666663,148.5,4.0,10.89,50.0,0.4583333333333333,249.2226136034732,4.074242424242424,0.5,0.7346189164370982,3.3
2022-02-18 14:00:00,14,24,1,4,18,1,0,13,4,2,6,2,31.316666666666663,142.5,4.0,10.89,60.0,0.5661764705882353,290.2426136034732,5.754966329966329,0.6,1.1937557392102849,3.208333333333333
2022-02-18 15:00:00,15,22,1,3,16,2,0,11,8,2,10,2,7.433333333333334,90.0,4.0,10.89,55.00000000000001,0.575,204.85061360347325,4.893044077134986,0.55,1.01010101010101,3.136363636363636
2022-02-18 16:00:00,16,22,1,4,14,2,1,8,10,1,11,1,7.833333333333333,109.0,4.0,10.89,55.00000000000001,0.5862068965517241,219.63830680173663,3.970640287169213,0.55,0.7346189164370982,3.090909090909091
2022-02-18 17:00:00,17,24,1,6,13,4,0,7,10,1,11,1,8.833333333333334,163.0,4.0,10.89,60.0,0.6551724137931034,229.5683068017366,3.9355065809611274,0.6,0.642791551882461,3.1666666666666665
2022-02-18 18:00:00,18,21,0,7,12,2,0,6,10,0,10,0,9.833333333333334,130.5,4.0,10.89,52.5,0.5666666666666667,214.505,3.4840745113472398,0.525,0.5509641873278237,3.238095238095238
2022-02-18 19:00:00,19,23,0,6,12,5,0,5,8,0,8,0,10.416666666666666,169.5,4.0,10.89,57.49999999999999,0.546875,195.285,3.1473729388749154,0.575,0.4591368227731864,3.0434782608695654
2022-02-18 20:00:00,20,25,0,6,13,6,0,11,10,1,11,1,11.416666666666666,56.0,4.0,10.71,62.5,0.646551724137931,246.2833068017366,4.956232492997199,0.625,1.0270774976657329,3.0
2022-02-18 21:00:00,21,29,0,6,18,5,0,10,11,1,12,1,12.416666666666666,95.5,4.0,10.71,72.5,0.7857142857142857,273.9033068017366,5.033317234939952,0.725,0.9337068160597572,3.034482758620689
2022-02-18 22:00:00,22,25,0,2,19,4,0,8,9,1,10,1,6.033333333333333,138.5,3.0,7.01,62.5,0.8111111111111111,202.5213068017366,5.157382310984308,0.625,1.1412268188302426,2.92
2022-02-18 23:00:00,23,14,0,2,10,2,0,6,5,0,5,0,7.033333333333333,137.0,3.0,7.01,35.0,0.4,116.698,3.6177603423680456,0.35,0.8559201141226819,3.0
2022-02-19 00:00:00,0,11,0,2,8,1,0,4,5,0,5,0,8.033333333333333,197.0,3.0,7.01,27.500000000000004,0.3238095238095238,115.903,2.613714174555829,0.275,0.5706134094151213,3.090909090909091
2022-02-19 01:00:00,1,14,0,2,11,1,0,10,5,0,5,0,9.033333333333331,257.0,3.0,7.01,35.0,0.4095238095238095,127.978,5.456495822294681,0.35,1.4265335235378032,3.071428571428572
2022-02-19 02:00:00,2,13,0,2,10,1,0,2,5,0,5,0,10.033333333333331,317.0,3.0,7.01,32.5,0.3809523809523809,131.473,1.8778667837155716,0.325,0.2853067047075606,3.076923076923077
2022-02-19 03:00:00,3,10,0,2,7,1,0,1,5,0,5,0,11.033333333333331,377.0,3.0,7.01,25.0,0.2952380952380952,130.678,1.2172253922967189,0.25,0.1426533523537803,3.1
2022-02-19 04:00:00,4,10,0,1,7,2,0,2,5,0,5,0,12.033333333333331,437.0,3.0,7.01,25.0,0.2761904761904762,136.31799999999998,1.5523894436519257,0.25,0.2853067047075606,2.9
2022-02-19 05:00:00,5,11,0,2,8,1,0,3,5,1,6,1,13.033333333333331,484.5,3.0,7.01,27.500000000000004,0.3333333333333333,158.37130680173664,2.1727856309168723,0.275,0.4279600570613409,3.090909090909091
2022-02-19 06:00:00,6,10,0,1,8,1,0,2,6,0,6,0,14.033333333333331,544.5,3.0,7.01,25.0,0.2941176470588235,160.998,1.6059201141226818,0.25,0.2853067047075606,3.0
2022-02-19 07:00:00,7,12,0,1,10,1,0,2,6,0,6,0,15.033333333333331,604.5,3.0,7.01,30.0,0.3529411764705882,170.928,1.755920114122682,0.3,0.2853067047075606,3.0
2022-02-19 08:00:00,8,10,0,1,8,1,0,2,6,0,6,0,16.033333333333335,664.5,3.0,6.8,25.0,0.2941176470588235,172.27800000000002,1.6323529411764708,0.25,0.2941176470588235,3.0
2022-02-19 09:00:00,9,11,0,2,8,1,0,2,6,1,7,1,17.033333333333335,678.0,3.0,6.8,27.500000000000004,0.3434343434343434,194.33130680173664,1.759090909090909,0.275,0.2941176470588235,3.090909090909091
2022-02-19 10:00:00,10,16,0,2,11,3,0,17,5,1,6,1,18.03333333333333,111.5,4.0,10.5,40.0,0.3455882352941176,197.29630680173665,5.93095238095238,0.4,1.619047619047619,2.9375
2022-02-19 11:00:00,11,26,1,1,19,3,2,18,7,3,10,3,13.3,73.5,4.0,10.5,65.0,0.6166666666666667,247.38692040520985,6.729120879120879,0.65,1.7142857142857142,2.8461538461538463
2022-02-19 12:00:00,12,27,1,2,22,2,0,10,6,3,9,3,11.516666666666667,94.0,4.0,10.5,67.5,0.6693548387096774,226.07392040520983,5.00268959435626,0.675,0.9523809523809524,3.074074074074074
2022-02-19 13:00:00,13,33,2,2,24,4,1,14,8,5,13,5,12.416666666666666,95.0,4.0,10.5,82.5,0.9166666666666666,299.35653400868307,6.475,0.825,1.3333333333333333,3.0
2022-02-19 14:00:00,14,39,3,7,25,4,0,20,9,5,14,5,13.416666666666666,128.5,4.0,10.5,97.5,1.2115384615384617,331.26653400868304,9.303846153846154,0.975,1.9047619047619049,3.230769230769231
2022-02-19 15:00:00,15,37,2,6,23,5,1,11,9,4,13,4,14.416666666666666,160.0,4.0,10.5,92.5,1.0555555555555556,318.34822720694643,6.077799227799228,0.925,1.0476190476190477,3.081081081081081
2022-02-19 16:00:00,16,30,1,5,20,4,0,7,8,3,11,3,15.416666666666666,220.0,4.0,10.5,75.0,0.8017241379310345,281.3049204052098,4.391666666666667,0.75,0.6666666666666666,3.1
2022-02-19 17:00:00,17,29,1,3,21,3,1,6,9,2,11,2,16.416666666666668,248.0,4.0,10.5,72.5,0.75,283.93161360347324,3.889285714285714,0.725,0.5714285714285714,3.0
2022-02-19 18:00:00,18,21,1,2,15,3,0,3,6,1,7,1,17.416666666666668,308.0,4.0,10.5,52.5,0.4848484848484848,217.94330680173664,2.470748299319728,0.525,0.2857142857142857,3.0476190476190474
2022-02-19 19:00:00,19,18,1,1,13,3,0,4,5,1,6,1,18.416666666666668,314.5,4.0,10.5,45.0,0.3970588235294117,203.74830680173665,2.492857142857143,0.45,0.3809523809523809,3.0
2022-02-19 20:00:00,20,18,1,2,12,3,0,10,3,1,4,1,19.416666666666668,313.5,4.0,10.93,45.0,0.3819444444444444,182.58830680173665,4.170567754396665,0.45,0.9149130832570906,3.055555555555556
2022-02-19 21:00:00,21,25,1,3,18,3,0,12,2,1,3,1,20.416666666666668,98.0,4.0,10.93,62.5,0.5202702702702703,189.84330680173665,5.306518755718207,0.625,1.0978956999085088,3.08
2022-02-19 22:00:00,22,24,1,4,17,2,0,6,2,1,3,1,21.416666666666668,69.0,3.0,7.23,60.0,0.6846846846846847,193.33830680173665,4.527939142461963,0.6,0.8298755186721991,3.1666666666666665
2022-02-19 23:00:00,23,20,1,5,13,1,0,6,3,1,4,1,22.416666666666668,58.0,3.0,7.23,50.0,0.6111111111111112,203.7983068017366,4.388589211618257,0.5,0.8298755186721991,3.3
2022-02-20 00:00:00,0,18,1,5,11,1,0,3,3,1,4,1,23.416666666666668,118.0,3.0,7.23,45.0,0.5555555555555556,205.14830680173665,2.8831258644536657,0.45,0.4149377593360995,3.333333333333333
2022-02-20 01:00:00,1,23,1,5,15,2,0,7,4,1,5,1,24.416666666666668,173.0,3.0,7.23,57.49999999999999,0.7047619047619048,234.9133068017366,4.965039990378254,0.575,0.9681881051175656,3.217391304347826
2022-02-20 02:00:00,2,21,2,3,15,1,0,5,4,2,6,2,25.416666666666668,149.5,3.0,7.23,52.5,0.6764705882352942,250.5316136034733,3.997278205888165,0.525,0.6915629322268326,3.2857142857142856
2022-02-20 03:00:00,3,22,2,3,15,2,0,4,5,2,7,2,26.416666666666668,139.0,3.0,7.23,55.00000000000001,0.7171717171717171,271.7166136034732,3.5604897522947314,0.55,0.553250345781466,3.227272727272727
2022-02-20 04:00:00,4,21,1,4,15,1,0,2,5,2,7,2,27.416666666666668,199.0,3.0,7.23,52.5,0.6868686868686869,275.2116136034732,2.5957386550747548,0.525,0.276625172890733,3.238095238095238
2022-02-20 05:00:00,5,21,1,4,15,1,0,1,5,2,7,2,28.416666666666668,259.0,3.0,7.23,52.5,0.6868686868686869,280.8516136034732,2.147869327537377,0.525,0.1383125864453665,3.238095238095238
2022-02-20 06:00:00,6,23,1,4,17,1,0,2,6,2,8,2,29.416666666666668,309.0,3.0,7.23,57.49999999999999,0.7708333333333334,304.18161360347324,2.7400114258223582,0.575,0.276625172890733,3.217391304347826
2022-02-20 07:00:00,7,20,1,3,15,1,0,2,6,1,7,1,30.416666666666668,379.0,3.0,7.23,50.0,0.6464646464646465,289.1183068017366,2.485200553250346,0.5,0.276625172890733,3.2
2022-02-20 08:00:00,8,20,1,2,15,2,0,4,6,1,7,1,31.416666666666668,314.0,3.0,8.59,50.0,0.6262626262626263,294.7583068017366,2.993538998835856,0.5,0.4656577415599534,3.1
2022-02-20 09:00:00,9,16,1,0,12,2,1,3,3,0,3,0,32.416666666666664,197.0,3.0,8.59,40.0,0.4144144144144144,237.35,2.1540745052386496,0.4,0.3492433061699651,2.875
2022-02-20 10:00:00,10,16,2,2,8,4,0,11,3,0,3,0,33.416666666666664,139.0,4.0,11.93,40.0,0.3378378378378378,242.99,4.131391450125734,0.4,0.9220452640402348,3.125
2022-02-20 11:00:00,11,16,2,3,9,1,1,13,5,0,5,0,34.416666666666664,35.0,4.0,11.93,40.0,0.3714285714285714,275.42999999999995,4.841492036881811,0.4,1.0896898575020957,3.25
2022-02-20 12:00:00,12,21,1,7,12,1,0,13,8,1,9,1,35.416666666666664,62.0,4.0,11.93,52.5,0.5725806451612904,346.2633068017366,5.459189518221372,0.525,1.0896898575020957,3.380952380952381
2022-02-20 13:00:00,13,28,1,6,16,2,3,14,9,2,11,2,36.41666666666666,102.0,4.0,11.93,70.0,0.7241379310344828,394.5866136034732,5.620536462699078,0.7,1.173512154233026,3.0
2022-02-20 14:00:00,14,25,0,7,16,1,1,12,6,3,9,3,17.0,141.0,4.0,11.93,62.5,0.6370967741935484,252.70992040520983,5.153541492036882,0.625,1.0058675607711651,3.16
2022-02-20 15:00:00,15,23,0,7,15,1,0,11,7,4,11,4,18.0,65.0,4.0,11.93,57.49999999999999,0.646551724137931,281.7282272069464,4.881669339261634,0.575,0.9220452640402348,3.260869565217391
2022-02-20 16:00:00,16,16,0,2,14,0,0,7,5,1,6,1,19.0,104.0,4.0,11.93,40.0,0.3676470588235294,202.74830680173665,3.0836127409891034,0.4,0.586756077116513,3.125
2022-02-20 17:00:00,17,16,0,2,14,0,0,3,5,2,7,2,20.0,162.0,4.0,11.93,40.0,0.3787878787878788,222.6566136034732,2.035834031852473,0.4,0.2514668901927913,3.125
2022-02-20 18:00:00,18,22,0,3,19,0,0,12,6,2,8,2,21.0,216.0,4.0,11.93,55.00000000000001,0.5390625,254.56661360347323,4.879766440600473,0.55,1.0058675607711651,3.136363636363636
2022-02-20 19:00:00,19,17,0,4,13,0,0,6,2,2,4,2,22.0,127.0,4.0,11.93,42.5,0.3819444444444444,195.88161360347323,3.002138701247473,0.425,0.5029337803855826,3.235294117647059
2022-02-20 20:00:00,20,14,0,3,9,2,0,5,2,1,3,1,23.0,152.0,4.0,9.69,35.0,0.2905405405405405,180.8183068017366,2.6598444641014303,0.35,0.5159958720330238,3.071428571428572
2022-02-20 21:00:00,21,19,0,5,13,0,1,9,3,1,4,1,24.0,183.5,4.0,9.69,47.5,0.4166666666666667,210.5833068017366,4.433029167345609,0.475,0.9287925696594428,3.1578947368421053
2022-02-20 22:00:00,22,20,0,4,15,0,1,7,2,2,4,2,25.0,134.5,3.0,6.35,50.0,0.5740740740740741,219.2366136034732,4.967322834645669,0.5,1.1023622047244095,3.1
2022-02-20 23:00:00,23,11,0,2,8,1,0,4,3,2,5,2,6.7,114.0,3.0,6.35,27.500000000000004,0.3238095238095238,110.11961360347324,2.7970293486041515,0.275,0.6299212598425197,3.090909090909091
2022-02-21 00:00:00,0,9,0,1,8,0,0,5,5,2,7,2,7.7,135.0,3.0,6.35,22.5,0.2828282828282828,138.2696136034732,3.149693788276465,0.225,0.7874015748031497,3.111111111111111
2022-02-21 01:00:00,1,15,0,3,11,1,0,7,5,2,7,2,8.7,195.0,3.0,6.35,37.5,0.4747474747474747,156.77961360347322,4.629068241469817,0.375,1.1023622047244095,3.1333333333333333
2022-02-21 02:00:00,2,14,0,1,12,1,0,2,4,2,6,2,9.7,274.5,3.0,6.35,35.0,0.4117647058823529,146.87461360347322,1.9948818897637797,0.35,0.3149606299212598,3.0
2022-02-21 03:00:00,3,9,0,1,8,0,0,0,4,2,6,2,10.7,334.5,3.0,6.35,22.5,0.2745098039215686,141.7896136034732,0.7000000000000001,0.225,0.0,3.111111111111111
2022-02-21 04:00:00,4,11,0,2,9,0,0,4,5,2,7,2,11.7,375.0,3.0,6.35,27.500000000000004,0.3535353535353535,165.11961360347323,2.8792949176807445,0.275,0.6299212598425197,3.1818181818181817
2022-02-21 05:00:00,5,10,0,2,8,0,0,2,5,2,7,2,12.7,435.0,3.0,6.35,25.0,0.3232323232323232,168.6146136034732,1.8078740157480315,0.25,0.3149606299212598,3.2
2022-02-21 06:00:00,6,11,0,2,8,1,0,3,6,1,7,1,13.7,440.0,3.0,6.35,27.500000000000004,0.3434343434343434,175.5313068017366,2.310272011453114,0.275,0.4724409448818898,3.090909090909091
2022-02-21 07:00:00,7,12,0,2,9,1,0,3,6,1,7,1,14.7,500.0,3.0,6.35,30.0,0.3737373737373737,183.3163068017366,2.381692913385827,0.3,0.4724409448818898,3.083333333333333
2022-02-21 08:00:00,8,12,0,2,10,0,0,4,7,1,8,1,15.7,542.5,3.0,7.0600000000000005,30.0,0.3958333333333333,202.3563068017366,2.7441454202077438,0.3,0.56657223796034,3.1666666666666665
2022-02-21 09:00:00,9,15,0,3,12,0,0,6,7,1,8,1,16.7,602.5,3.0,7.0600000000000005,37.5,0.5,214.4313068017366,3.919546742209632,0.375,0.8498583569405098,3.2
2022-02-21 10:00:00,10,17,0,4,13,0,0,16,5,0,5,0,15.583333333333334,171.0,4.0,10.760000000000002,42.5,0.3928571428571428,171.35500000000002,6.185846271594139,0.425,1.4869888475836428,3.235294117647059
2022-02-21 11:00:00,11,21,0,7,14,0,0,15,7,0,7,0,16.583333333333332,66.0,4.0,10.760000000000002,52.5,0.5303030303030303,212.375,6.396840148698884,0.525,1.3940520446096651,3.333333333333333
2022-02-21 12:00:00,12,26,0,9,17,0,0,8,11,1,12,1,17.583333333333332,107.0,4.0,10.760000000000002,65.0,0.7767857142857143,296.6083068017366,4.662846725764941,0.65,0.7434944237918214,3.3461538461538463
2022-02-21 13:00:00,13,28,0,9,19,0,0,7,12,1,13,1,18.58333333333333,159.0,4.0,10.760000000000002,70.0,0.8611111111111112,319.93830680173664,4.48578066914498,0.7,0.6505576208178437,3.321428571428572
2022-02-21 14:00:00,14,26,0,9,16,0,1,8,10,1,11,1,19.58333333333333,168.0,4.0,10.760000000000002,65.0,0.7327586206896551,294.4883068017366,4.555654847011724,0.65,0.7434944237918214,3.269230769230769
2022-02-21 15:00:00,15,23,0,7,15,0,1,9,9,0,9,0,20.58333333333333,221.0,4.0,10.760000000000002,57.49999999999999,0.5967741935483871,266.025,4.5411265556812666,0.575,0.8364312267657992,3.217391304347826
2022-02-21 16:00:00,16,19,1,4,14,0,0,6,8,1,9,1,21.58333333333333,262.0,4.0,10.760000000000002,47.5,0.5080645161290323,263.95330680173663,3.423953238113872,0.475,0.5576208178438661,3.3157894736842106
2022-02-21 17:00:00,17,19,1,4,14,0,0,5,8,2,10,2,22.58333333333333,300.0,4.0,10.760000000000002,47.5,0.525,283.86161360347324,3.115794365094893,0.475,0.4646840148698884,3.3157894736842106
2022-02-21 18:00:00,18,19,1,4,14,0,0,6,7,2,9,2,23.58333333333333,378.0,4.0,10.760000000000002,47.5,0.5080645161290323,276.1016136034732,3.423953238113872,0.475,0.5576208178438661,3.3157894736842106
2022-02-21 19:00:00,19,18,1,4,13,0,0,2,7,2,9,2,24.58333333333333,438.0,4.0,10.760000000000002,45.0,0.4838709677419355,279.5966136034732,2.1195786864931847,0.45,0.1858736059479553,3.333333333333333
2022-02-21 20:00:00,20,19,1,3,13,2,0,8,4,2,6,2,12.85,480.0,4.0,11.43,47.5,0.4411764705882353,175.3656136034732,3.710250034535157,0.475,0.699912510936133,3.1578947368421053
2022-02-21 21:00:00,21,19,2,4,9,4,0,7,5,2,7,2,13.85,522.0,4.0,11.43,47.5,0.4621212121212121,194.40561360347323,3.4912015932219,0.475,0.6124234470691163,3.210526315789474
2022-02-21 22:00:00,22,19,2,5,10,2,0,8,3,3,6,3,10.3,241.5,3.0,7.73,47.5,0.6274509803921569,161.85192040520985,5.086076121740315,0.475,1.034928848641656,3.3684210526315788
2022-02-21 23:00:00,23,18,1,5,12,0,0,5,4,2,6,2,11.3,149.5,3.0,7.73,45.0,0.5980392156862745,164.47861360347324,3.7170367974701737,0.45,0.6468305304010349,3.388888888888889
2022-02-22 00:00:00,0,22,2,6,14,0,0,6,5,2,7,2,12.3,199.0,3.0,7.73,55.00000000000001,0.7676767676767676,192.0986136034732,4.581406562389745,0.55,0.7761966364812418,3.4545454545454546
2022-02-22 01:00:00,1,20,2,5,12,1,0,6,7,3,10,3,13.3,172.0,3.0,7.73,50.0,0.7555555555555555,234.51692040520985,4.339068564036222,0.5,0.7761966364812418,3.4
2022-02-22 02:00:00,2,22,2,5,13,2,0,3,8,3,11,3,14.3,207.0,3.0,7.73,55.00000000000001,0.8390804597701149,257.84692040520986,3.112780783252969,0.55,0.3880983182406209,3.3181818181818183
2022-02-22 03:00:00,3,21,2,5,12,2,0,1,8,3,11,3,15.3,267.0,3.0,7.73,52.5,0.8045977011494253,261.34192040520986,2.18122035360069,0.525,0.129366106080207,3.333333333333333
2022-02-22 04:00:00,4,22,2,5,14,1,0,3,8,3,11,3,16.3,327.0,3.0,7.73,55.00000000000001,0.8505747126436781,269.12692040520983,3.155421615900271,0.55,0.3880983182406209,3.363636363636364
2022-02-22 05:00:00,5,23,2,5,15,1,0,3,8,3,11,3,17.3,387.0,3.0,7.73,57.49999999999999,0.8850574712643678,276.91192040520986,3.224285674109905,0.575,0.3880983182406209,3.347826086956522
2022-02-22 06:00:00,6,20,2,5,12,1,0,1,8,3,11,3,18.3,447.0,3.0,7.73,50.0,0.7816091954022989,276.11692040520984,2.139844760672704,0.5,0.129366106080207,3.4
2022-02-22 07:00:00,7,21,2,5,12,2,0,2,8,3,11,3,19.3,507.0,3.0,7.73,52.5,0.8045977011494253,283.9019204052098,2.61244070720138,0.525,0.258732212160414,3.333333333333333
2022-02-22 08:00:00,8,21,2,5,13,1,0,6,8,3,11,3,20.3,567.0,3.0,7.43,52.5,0.8160919540229885,289.54192040520985,4.505244183810806,0.525,0.8075370121130552,3.380952380952381
2022-02-22 09:00:00,9,22,2,7,12,1,0,4,6,3,9,3,21.3,677.0,3.0,7.43,55.00000000000001,0.8172043010752689,270.52692040520986,3.7597822097149143,0.55,0.5383580080753702,3.4545454545454546
2022-02-22 10:00:00,10,24,2,8,14,0,0,8,7,5,12,5,22.3,625.5,4.0,10.68,60.0,0.75,322.3935340086831,4.721722846441948,0.6,0.7490636704119851,3.5
2022-02-22 11:00:00,11,22,1,8,13,0,0,7,6,4,10,4,23.3,112.5,4.0,10.68,55.00000000000001,0.6333333333333333,296.07522720694647,4.1642151855635,0.55,0.6554307116104869,3.4545454545454546
2022-02-22 12:00:00,12,24,0,9,14,1,0,7,6,4,10,4,24.3,157.0,4.0,10.68,60.0,0.6666666666666666,306.0052272069464,4.184769038701623,0.6,0.6554307116104869,3.333333333333333
2022-02-22 13:00:00,13,27,0,9,17,1,0,7,10,4,14,4,25.3,180.0,4.0,10.68,67.5,0.8557692307692307,371.6802272069465,4.385493827160494,0.675,0.6554307116104869,3.2962962962962963
2022-02-22 14:00:00,14,30,0,11,19,0,0,6,11,4,15,4,21.85,122.0,4.0,10.68,75.0,1.01,372.0572272069464,4.416385767790263,0.75,0.5617977528089888,3.3666666666666667
2022-02-22 15:00:00,15,29,1,8,20,0,0,9,12,4,16,4,14.4,126.0,4.0,10.68,72.5,1.0104166666666667,341.29422720694646,5.243674932196823,0.725,0.8426966292134832,3.3448275862068964
2022-02-22 16:00:00,16,28,1,8,17,1,1,5,14,4,18,4,15.4,137.5,4.0,10.68,70.0,1.0340909090909092,371.5892272069465,3.7965355805243446,0.7,0.4681647940074906,3.25
2022-02-22 17:00:00,17,27,1,11,14,0,1,6,15,5,20,5,16.4,170.0,4.0,10.68,67.5,1.15,402.752534008683,4.214273824386185,0.675,0.5617977528089888,3.4074074074074074
2022-02-22 18:00:00,18,21,0,8,13,0,0,4,12,2,14,2,17.4,251.5,4.0,10.68,52.5,0.6826923076923077,312.5176136034732,3.0412742999821654,0.525,0.3745318352059925,3.380952380952381
2022-02-22 19:00:00,19,22,0,7,15,0,0,7,9,2,11,2,18.4,267.0,4.0,10.68,55.00000000000001,0.6293103448275862,280.1026136034732,3.9998382703438886,0.55,0.6554307116104869,3.3181818181818183
2022-02-22 20:00:00,20,24,0,8,16,0,0,8,7,2,9,2,19.4,272.0,4.0,9.93,60.0,0.6451612903225806,263.2326136034732,4.685464921114468,0.6,0.8056394763343404,3.333333333333333
2022-02-22 21:00:00,21,24,0,7,16,0,1,7,8,1,9,1,11.466666666666669,137.0,4.0,9.93,60.0,0.6209677419354839,217.62030680173663,4.186664988251092,0.6,0.7049345417925479,3.208333333333333
2022-02-22 22:00:00,22,31,0,8,22,0,1,10,8,2,10,2,12.466666666666669,130.0,3.0,6.68,77.5,1.1,252.5436136034733,7.255761058528105,0.775,1.497005988023952,3.193548387096774
2022-02-22 23:00:00,23,27,0,8,19,0,0,5,9,1,10,1,7.533333333333333,157.0,3.0,6.68,67.5,0.9888888888888888,215.2713068017366,4.692287646928365,0.675,0.7485029940119761,3.2962962962962963
2022-02-23 00:00:00,0,20,0,7,13,0,0,6,9,0,9,0,8.533333333333333,229.0,3.0,6.68,50.0,0.7204301075268817,191.628,4.683982035928144,0.5,0.8982035928143713,3.35
2022-02-23 01:00:00,1,16,0,5,11,0,0,3,9,0,9,0,9.533333333333331,289.0,3.0,6.68,40.0,0.5698924731182796,188.688,2.8126497005988025,0.4,0.4491017964071856,3.3125
2022-02-23 02:00:00,2,16,0,6,10,0,0,2,9,0,9,0,10.533333333333331,349.0,3.0,6.68,40.0,0.5806451612903226,194.328,2.360479041916168,0.4,0.2994011976047904,3.375
2022-02-23 03:00:00,3,20,0,6,13,1,0,4,9,0,9,0,11.533333333333331,409.0,3.0,6.68,50.0,0.6989247311827957,208.548,3.571107784431138,0.5,0.5988023952095809,3.25
2022-02-23 04:00:00,4,20,0,6,14,0,0,1,9,0,9,0,12.533333333333331,469.0,3.0,6.68,50.0,0.7096774193548387,214.188,2.144011976047904,0.5,0.1497005988023952,3.3
2022-02-23 05:00:00,5,14,0,6,8,0,0,0,9,0,9,0,13.533333333333331,529.0,3.0,6.68,35.0,0.5161290322580645,206.958,1.2,0.35,0.0,3.4285714285714284
2022-02-23 06:00:00,6,14,0,6,8,0,0,1,9,0,9,0,14.533333333333331,589.0,3.0,6.68,35.0,0.5161290322580645,212.598,1.7132591958939265,0.35,0.1497005988023952,3.4285714285714284
2022-02-23 07:00:00,7,18,0,7,10,1,0,4,10,0,10,0,15.533333333333331,637.0,3.0,6.68,45.0,0.6666666666666666,240.218,3.4960079840319365,0.45,0.5988023952095809,3.333333333333333
2022-02-23 08:00:00,8,19,0,7,9,0,3,4,10,0,10,0,16.533333333333335,697.0,3.0,6.96,47.5,0.6444444444444445,248.003,3.204385964912281,0.475,0.5747126436781609,3.0526315789473686
2022-02-23 09:00:00,9,16,0,7,8,1,0,4,8,0,8,0,17.533333333333335,741.0,3.0,6.96,40.0,0.5625,220.408,3.289655172413793,0.4,0.5747126436781609,3.375
2022-02-23 10:00:00,10,12,0,8,4,0,0,3,7,0,7,0,15.333333333333334,731.0,4.0,10.66,30.0,0.3333333333333333,186.02,2.1318949343339586,0.3,0.2814258911819887,3.6666666666666665
2022-02-23 11:00:00,11,18,0,9,9,0,0,8,7,2,9,2,16.333333333333332,295.0,4.0,10.66,45.0,0.5080645161290323,233.06661360347323,4.201641651031896,0.45,0.7504690431519699,3.5
2022-02-23 12:00:00,12,22,0,8,13,1,0,7,8,2,10,2,17.333333333333332,237.5,4.0,10.66,55.00000000000001,0.6083333333333333,260.68661360347323,4.003918642333277,0.55,0.6566604127579737,3.3181818181818183
2022-02-23 13:00:00,13,31,0,9,20,2,0,12,13,2,15,2,18.33333333333333,142.0,4.0,10.66,77.5,1.0,352.6316136034732,6.13130182170308,0.775,1.125703564727955,3.225806451612903
2022-02-23 14:00:00,14,28,0,9,17,2,0,6,12,3,15,3,19.33333333333333,136.0,4.0,10.66,70.0,0.91,352.7049204052098,4.104268292682927,0.7,0.5628517823639775,3.25
2022-02-23 15:00:00,15,34,0,9,22,3,0,9,12,4,16,4,20.28333333333333,174.0,4.0,10.66,85.0,1.125,385.2012272069464,5.38182319832248,0.85,0.8442776735459662,3.176470588235294
2022-02-23 16:00:00,16,25,0,7,18,0,0,6,10,1,11,1,6.566666666666666,197.0,4.0,10.66,62.5,0.7068965517241379,218.92930680173663,3.8961538461538456,0.625,0.5628517823639775,3.28
2022-02-23 17:00:00,17,35,0,6,26,0,3,14,13,1,14,1,7.0,141.5,4.0,10.66,87.5,1.0096153846153846,283.0233068017366,6.564962476547842,0.875,1.3133208255159474,3.0
2022-02-23 18:00:00,18,23,0,5,18,0,0,4,8,1,9,1,5.966666666666667,205.0,4.0,10.66,57.49999999999999,0.5967741935483871,184.45530680173664,3.0572762868096905,0.575,0.3752345215759849,3.217391304347826
2022-02-23 19:00:00,19,15,0,1,14,0,0,6,5,1,6,1,6.783333333333333,106.0,4.0,10.66,37.5,0.3382352941176471,131.70130680173662,2.876078799249531,0.375,0.5628517823639775,3.066666666666667
2022-02-23 20:00:00,20,16,0,4,12,0,0,5,4,3,7,3,7.783333333333333,71.0,4.0,10.0,40.0,0.3939393939393939,154.62292040520984,2.9250000000000003,0.4,0.5,3.25
2022-02-23 21:00:00,21,17,0,4,13,0,0,6,3,2,5,2,8.783333333333333,110.0,4.0,10.0,42.5,0.3928571428571428,134.73961360347323,3.316176470588235,0.425,0.6,3.235294117647059
2022-02-23 22:00:00,22,13,0,4,9,0,0,4,1,2,3,2,9.783333333333331,170.0,3.0,6.3,32.5,0.3873873873873873,104.99961360347322,3.1751221001220995,0.325,0.6349206349206349,3.3076923076923075
2022-02-23 23:00:00,23,14,0,3,11,0,0,8,1,3,4,3,10.783333333333331,118.5,3.0,6.3,35.0,0.4166666666666667,127.05292040520982,5.206632653061225,0.35,1.2698412698412698,3.2142857142857144
2022-02-24 00:00:00,0,12,0,2,10,0,0,8,1,1,2,1,7.983333333333333,75.0,3.0,6.3,30.0,0.3333333333333333,78.43430680173661,4.971164021164021,0.3,1.2698412698412698,3.1666666666666665
2022-02-24 01:00:00,1,12,0,2,10,0,0,5,1,1,2,1,8.983333333333333,135.0,3.0,6.3,30.0,0.3333333333333333,84.07430680173661,3.463227513227513,0.3,0.7936507936507937,3.1666666666666665
2022-02-24 02:00:00,2,12,0,3,9,0,0,3,1,3,4,3,5.883333333333334,111.5,3.0,6.3,30.0,0.3611111111111111,95.12692040520984,2.5226190476190475,0.3,0.4761904761904762,3.25
2022-02-24 03:00:00,3,12,0,4,8,0,0,3,2,2,4,2,6.883333333333334,85.0,3.0,6.3,30.0,0.3703703703703703,99.89861360347322,2.5873015873015874,0.3,0.4761904761904762,3.333333333333333
2022-02-24 04:00:00,4,11,0,2,9,0,0,2,2,1,3,1,7.883333333333334,130.0,3.0,6.3,27.500000000000004,0.3153153153153153,89.12530680173661,1.88510101010101,0.275,0.3174603174603174,3.1818181818181817
2022-02-24 05:00:00,5,9,0,1,8,0,0,1,2,0,2,0,8.883333333333333,256.5,3.0,6.3,22.5,0.2456140350877192,76.207,1.193827160493827,0.225,0.1587301587301587,3.111111111111111
2022-02-24 06:00:00,6,9,0,1,8,0,0,0,2,0,2,0,9.883333333333333,316.5,3.0,6.3,22.5,0.2456140350877192,81.84700000000001,0.7000000000000001,0.225,0.0,3.111111111111111
2022-02-24 07:00:00,7,10,0,1,9,0,0,2,3,0,3,0,10.883333333333333,246.0,3.0,6.3,25.0,0.2792792792792792,103.032,1.759126984126984,0.25,0.3174603174603174,3.1
2022-02-24 08:00:00,8,8,0,0,8,0,0,1,3,0,3,0,11.883333333333333,306.0,3.0,6.68,20.0,0.2162162162162162,104.382,1.0491017964071858,0.2,0.1497005988023952,3.0
2022-02-24 09:00:00,9,14,0,1,12,1,0,9,4,1,5,1,12.883333333333333,147.0,3.0,6.68,35.0,0.4,150.5603068017366,5.091916167664671,0.35,1.347305389221557,3.0
2022-02-24 10:00:00,10,14,0,2,10,2,0,6,4,1,5,1,9.25,70.0,4.0,10.38,35.0,0.3,130.0683068017366,2.784104046242774,0.35,0.5780346820809249,3.0
2022-02-24 11:00:00,11,18,1,2,14,1,0,7,7,1,8,1,10.25,91.0,4.0,10.38,45.0,0.4453125,184.48830680173663,3.560517019910084,0.45,0.674373795761079,3.1666666666666665
2022-02-24 12:00:00,12,28,1,5,20,2,0,11,8,1,9,1,11.25,126.0,4.0,10.38,70.0,0.717741935483871,224.9783068017366,5.59342829617396,0.7,1.0597302504816957,3.1785714285714284
2022-02-24 13:00:00,13,26,1,6,16,3,0,7,7,2,9,2,12.25,123.0,4.0,10.38,65.0,0.6693548387096774,227.1966136034732,4.22780865569883,0.65,0.674373795761079,3.1923076923076925
2022-02-24 14:00:00,14,36,2,7,24,3,0,11,8,3,11,3,13.25,160.0,4.0,10.38,90.0,1.0,281.9549204052098,6.314686362663243,0.9,1.0597302504816957,3.2222222222222223
2022-02-24 15:00:00,15,35,2,9,22,2,0,4,6,4,10,4,14.25,151.0,4.0,10.38,87.5,0.9666666666666668,272.9182272069464,4.177181392788329,0.875,0.3853564547206166,3.3142857142857145
2022-02-24 16:00:00,16,31,1,8,21,1,0,4,7,3,10,3,15.25,174.0,4.0,10.38,77.5,0.85,269.10992040520983,3.81794704456461,0.775,0.3853564547206166,3.290322580645161
2022-02-24 17:00:00,17,23,0,6,16,1,0,2,7,1,8,1,16.25,248.0,4.0,10.38,57.49999999999999,0.578125,229.0533068017366,2.469921253246209,0.575,0.1926782273603083,3.217391304347826
2022-02-24 18:00:00,18,20,0,6,13,0,1,5,7,1,8,1,8.1,277.0,4.0,10.38,50.0,0.5,176.6523068017366,3.141425818882466,0.5,0.4816955684007707,3.2
2022-02-24 19:00:00,19,16,0,5,11,0,0,5,7,1,8,1,8.75,262.0,4.0,10.38,40.0,0.4140625,171.73830680173663,2.920616570327553,0.4,0.4816955684007707,3.3125
2022-02-24 20:00:00,20,16,1,7,7,1,0,5,6,2,8,2,9.75,197.5,4.0,10.0,40.0,0.4375,178.24661360347324,3.15,0.4,0.5,3.5
2022-02-24 21:00:00,21,26,1,8,16,1,0,15,8,1,9,1,10.75,210.0,4.0,10.0,65.0,0.7016129032258065,217.86830680173665,7.194230769230769,0.65,1.5,3.3461538461538463
2022-02-24 22:00:00,22,24,1,11,12,0,0,6,8,1,9,1,9.783333333333331,166.0,3.0,6.3,60.0,0.913978494623656,208.12630680173663,5.498015873015873,0.6,0.9523809523809524,3.5416666666666665
2022-02-24 23:00:00,23,19,1,8,9,0,1,4,6,1,7,1,10.783333333333331,128.0,3.0,6.3,47.5,0.6565656565656566,176.24130680173658,3.7970969089390154,0.475,0.6349206349206349,3.421052631578948
2022-02-25 00:00:00,0,17,1,7,7,1,1,3,7,1,8,1,11.783333333333331,185.0,3.0,6.3,42.5,0.59375,190.9913068017366,3.021638655462185,0.425,0.4761904761904762,3.3529411764705883
2022-02-25 01:00:00,1,18,1,7,9,1,0,4,8,1,9,1,12.783333333333331,242.0,3.0,6.3,45.0,0.6666666666666666,212.17630680173664,3.73694885361552,0.45,0.6349206349206349,3.4444444444444446
2022-02-25 02:00:00,2,19,0,7,12,0,0,4,8,0,8,0,13.783333333333331,299.0,3.0,6.3,47.5,0.6666666666666666,205.693,3.738680033416876,0.475,0.6349206349206349,3.3684210526315788
2022-02-25 03:00:00,3,20,0,7,13,0,0,4,8,0,8,0,14.783333333333331,359.0,3.0,6.3,50.0,0.6979166666666666,213.478,3.801984126984127,0.5,0.6349206349206349,3.35
2022-02-25 04:00:00,4,18,0,7,11,0,0,1,8,0,8,0,15.783333333333331,419.0,3.0,6.3,45.0,0.6354166666666666,214.828,2.062918871252205,0.45,0.1587301587301587,3.388888888888889
2022-02-25 05:00:00,5,19,1,7,11,0,0,1,8,1,9,1,16.783333333333335,476.0,3.0,6.3,47.5,0.7096774193548387,236.88130680173663,2.2013784461152883,0.475,0.1587301587301587,3.473684210526316
2022-02-25 06:00:00,6,18,1,7,10,0,0,0,8,1,9,1,17.783333333333335,536.0,3.0,6.3,45.0,0.6774193548387096,240.37630680173663,1.575,0.45,0.0,3.5
2022-02-25 07:00:00,7,17,1,6,10,0,0,1,8,1,9,1,18.78333333333333,596.0,3.0,6.3,42.5,0.6344086021505376,243.87130680173664,2.0258870214752567,0.425,0.1587301587301587,3.4705882352941178
2022-02-25 08:00:00,8,17,0,6,11,0,0,1,8,0,8,0,19.78333333333333,659.0,3.0,8.39,42.5,0.59375,235.243,1.824635420318306,0.425,0.1191895113230035,3.3529411764705883
2022-02-25 09:00:00,9,20,1,4,15,0,0,6,8,0,8,0,20.78333333333333,636.0,3.0,8.39,50.0,0.6875,247.318,4.009952324195471,0.5,0.7151370679380215,3.3
2022-02-25 10:00:00,10,29,1,6,20,1,1,13,10,1,11,1,21.78333333333333,570.0,4.0,11.73,72.5,0.7931034482758621,313.3313068017366,5.815889114266396,0.725,1.1082693947144076,3.1724137931034484
2022-02-25 11:00:00,11,34,1,6,25,2,0,12,11,1,12,1,22.78333333333333,139.0,4.0,11.73,85.0,0.9642857142857144,343.0963068017366,5.949586279524597,0.85,1.0230179028132993,3.176470588235294
2022-02-25 12:00:00,12,29,1,3,24,1,0,6,10,1,11,1,23.78333333333333,135.0,4.0,11.73,72.5,0.7844827586206896,324.61130680173665,3.880079813034659,0.725,0.5115089514066496,3.1379310344827585
2022-02-25 13:00:00,13,33,1,5,26,1,0,9,11,1,12,1,24.78333333333333,174.5,4.0,11.73,82.5,0.9375,352.23130680173665,5.066292722622646,0.825,0.7672634271099744,3.1818181818181817
2022-02-25 14:00:00,14,29,1,4,22,2,0,5,10,1,11,1,19.633333333333333,180.0,4.0,11.73,72.5,0.7844827586206896,301.2053068017366,3.612566510862216,0.725,0.4262574595055413,3.1379310344827585
2022-02-25 15:00:00,15,25,1,3,20,1,0,11,8,1,9,1,7.916666666666667,156.0,4.0,11.73,62.5,0.6370967741935484,199.74330680173665,4.938341858482524,0.625,0.9377664109121908,3.16
2022-02-25 16:00:00,16,25,0,7,18,0,0,8,8,2,10,2,8.916666666666666,107.0,4.0,11.73,62.5,0.6833333333333333,219.65161360347324,4.286999147485081,0.625,0.6820119352088662,3.28
2022-02-25 17:00:00,17,26,0,6,17,3,0,9,8,3,11,3,9.916666666666666,105.0,4.0,11.73,65.0,0.6982758620689655,241.70492040520983,4.41532067676569,0.65,0.7672634271099744,3.1153846153846154
2022-02-25 18:00:00,18,22,1,5,14,2,0,5,7,4,11,4,10.916666666666666,101.0,4.0,11.73,55.00000000000001,0.6120689655172413,239.6332272069465,3.1506490738587924,0.55,0.4262574595055413,3.227272727272727
2022-02-25 19:00:00,19,28,1,6,16,5,0,11,8,5,13,5,11.916666666666666,140.0,4.0,11.73,70.0,0.8055555555555556,285.81153400868305,5.088774205334308,0.7,0.9377664109121908,3.107142857142857
2022-02-25 20:00:00,20,21,0,3,15,3,0,5,5,3,8,3,7.166666666666667,181.0,4.0,10.14,52.5,0.4921875,175.26992040520986,3.0542899408284025,0.525,0.4930966469428007,3.0
2022-02-25 21:00:00,21,18,0,3,13,2,0,5,4,2,6,2,8.166666666666666,195.0,4.0,10.14,45.0,0.4044117647058823,146.80661360347324,2.8816841989918918,0.45,0.4930966469428007,3.055555555555556
2022-02-25 22:00:00,22,19,0,5,10,4,0,6,4,3,7,3,9.166666666666666,183.0,3.0,6.8,47.5,0.5858585858585859,168.85992040520983,4.143498452012384,0.475,0.8823529411764706,3.0526315789473686
2022-02-25 23:00:00,23,24,1,7,11,5,0,9,6,2,8,2,6.833333333333333,159.0,3.0,6.8,60.0,0.7916666666666666,178.95661360347322,6.091176470588234,0.6,1.3235294117647058,3.1666666666666665
2022-02-26 00:00:00,0,20,0,7,10,3,0,6,5,2,7,2,7.833333333333333,143.0,3.0,6.8,50.0,0.6464646464646465,162.61661360347324,4.423529411764706,0.5,0.8823529411764706,3.2
2022-02-26 01:00:00,1,19,0,4,12,3,0,4,5,1,6,1,8.833333333333334,177.0,3.0,6.8,47.5,0.5686274509803921,151.84330680173662,3.245665634674922,0.475,0.5882352941176471,3.0526315789473686
2022-02-26 02:00:00,2,18,0,7,8,3,0,5,7,2,9,2,9.833333333333334,207.0,3.0,6.8,45.0,0.6236559139784946,196.40661360347323,3.819281045751634,0.45,0.7352941176470589,3.2222222222222223
2022-02-26 03:00:00,3,15,0,7,5,3,0,0,7,2,9,2,10.833333333333334,267.0,3.0,6.8,37.5,0.5268817204301075,195.6116136034732,1.225,0.375,0.0,3.2666666666666666
2022-02-26 04:00:00,4,16,0,6,6,4,0,3,7,1,8,1,11.833333333333334,329.0,3.0,6.8,40.0,0.5208333333333334,189.12830680173664,2.6286764705882355,0.4,0.4411764705882353,3.125
2022-02-26 05:00:00,5,17,0,7,7,3,0,2,8,1,9,1,12.833333333333334,387.0,3.0,6.8,42.5,0.5913978494623656,210.31330680173664,2.3265570934256057,0.425,0.2941176470588235,3.235294117647059
2022-02-26 06:00:00,6,15,0,7,5,3,0,2,8,1,9,1,13.833333333333334,447.0,3.0,6.8,37.5,0.5268817204301075,211.6633068017366,2.1857843137254904,0.375,0.2941176470588235,3.2666666666666666
2022-02-26 07:00:00,7,16,0,6,6,4,0,2,8,0,8,0,14.833333333333334,464.0,3.0,6.8,40.0,0.5208333333333334,205.18,2.169117647058824,0.4,0.2941176470588235,3.125
2022-02-26 08:00:00,8,17,0,8,5,4,0,5,8,1,9,1,15.833333333333334,481.0,3.0,6.96,42.5,0.5913978494623656,227.2333068017366,3.69920554428668,0.425,0.7183908045977011,3.235294117647059
2022-02-26 09:00:00,9,13,0,7,4,2,0,2,6,1,7,1,16.833333333333332,541.0,3.0,6.96,32.5,0.4444444444444444,197.4933068017366,2.072590627763041,0.325,0.2873563218390804,3.3846153846153846
2022-02-26 10:00:00,10,15,0,5,9,1,0,7,7,2,9,2,13.233333333333333,349.0,4.0,10.66,37.5,0.3951612903225806,209.1476136034732,3.370090681676047,0.375,0.6566604127579737,3.2666666666666666
2022-02-26 11:00:00,11,20,0,3,14,3,0,10,7,2,9,2,12.516666666666667,231.0,4.0,10.66,50.0,0.4838709677419355,215.83061360347324,4.314258911819888,0.5,0.9380863039399624,3.0
2022-02-26 12:00:00,12,28,0,4,23,1,0,12,10,3,13,3,13.516666666666667,140.0,4.0,10.66,70.0,0.8055555555555556,293.09892040520987,5.672721790404717,0.7,1.125703564727955,3.107142857142857
2022-02-26 13:00:00,13,29,0,4,23,2,0,7,10,4,14,4,14.516666666666667,177.5,4.0,10.66,72.5,0.8557692307692307,315.15222720694646,4.240268163291713,0.725,0.6566604127579737,3.0689655172413794
2022-02-26 14:00:00,14,28,0,4,23,1,0,8,11,3,14,3,15.516666666666667,146.5,4.0,10.66,70.0,0.8365384615384616,317.7789204052098,4.506814526936478,0.7,0.7504690431519699,3.107142857142857
2022-02-26 15:00:00,15,28,1,6,21,0,0,13,8,5,13,5,13.383333333333333,89.0,4.0,10.66,70.0,0.8518518518518519,294.08353400868305,6.306968641114982,0.7,1.2195121951219512,3.2857142857142856
2022-02-26 16:00:00,16,28,1,5,22,0,0,8,7,4,11,4,6.75,122.0,4.0,10.66,70.0,0.7844827586206896,229.0032272069465,4.714024390243902,0.7,0.7504690431519699,3.25
2022-02-26 17:00:00,17,22,1,2,19,0,0,5,8,4,12,4,5.983333333333333,176.5,4.0,10.66,55.00000000000001,0.625,225.20922720694648,3.2424100289953954,0.55,0.4690431519699812,3.1818181818181817
2022-02-26 18:00:00,18,21,1,1,17,2,0,8,7,3,10,3,6.866666666666666,212.0,4.0,10.66,52.5,0.5333333333333333,200.37792040520984,3.887143750558384,0.525,0.7504690431519699,3.0476190476190474
2022-02-26 19:00:00,19,17,0,1,15,1,0,2,6,2,8,2,7.866666666666666,249.0,4.0,10.66,42.5,0.3984375,169.7696136034732,1.8378517823639773,0.425,0.1876172607879924,3.0
2022-02-26 20:00:00,20,15,0,2,12,1,0,8,6,0,6,0,4.833333333333333,102.5,4.0,10.38,37.5,0.3382352941176471,119.835,3.513519588953115,0.375,0.7707129094412332,3.066666666666667
2022-02-26 21:00:00,21,19,0,2,14,3,0,9,4,1,5,1,5.833333333333333,63.0,4.0,10.38,47.5,0.4,121.52330680173662,3.9555217523577726,0.475,0.8670520231213874,2.9473684210526314
2022-02-26 22:00:00,22,20,0,3,15,2,0,11,4,1,5,1,6.833333333333333,123.0,3.0,6.68,50.0,0.580952380952381,129.30830680173662,6.547455089820359,0.5,1.6467065868263473,3.05
2022-02-26 23:00:00,23,17,1,2,13,1,0,4,2,1,3,1,5.333333333333333,183.0,3.0,6.68,42.5,0.4864864864864865,87.61330680173661,3.2520781965480805,0.425,0.5988023952095809,3.176470588235294
2022-02-27 00:00:00,0,16,1,4,9,2,0,7,4,0,4,0,4.516666666666667,142.0,3.0,6.68,40.0,0.4814814814814814,93.394,4.705688622754492,0.4,1.0479041916167666,3.25
2022-02-27 01:00:00,1,14,0,4,9,1,0,3,4,0,4,0,5.516666666666667,202.0,3.0,6.68,35.0,0.4166666666666667,94.744,2.568541488451668,0.35,0.4491017964071856,3.2142857142857144
2022-02-27 02:00:00,2,15,0,6,8,1,0,5,4,1,5,1,6.516666666666667,161.0,3.0,6.68,37.5,0.4761904761904761,116.7973068017366,3.74500998003992,0.375,0.7485029940119761,3.333333333333333
2022-02-27 03:00:00,3,12,0,5,6,1,0,1,5,0,5,0,7.516666666666667,221.0,3.0,6.68,30.0,0.3809523809523809,115.134,1.499001996007984,0.3,0.1497005988023952,3.333333333333333
2022-02-27 04:00:00,4,14,0,6,7,1,0,4,6,0,6,0,8.516666666666667,262.0,3.0,6.68,35.0,0.4607843137254901,138.464,3.1852651839178785,0.35,0.5988023952095809,3.357142857142857
2022-02-27 05:00:00,5,15,0,6,8,1,0,1,6,0,6,0,9.516666666666667,322.0,3.0,6.68,37.5,0.4901960784313725,146.249,1.749001996007984,0.375,0.1497005988023952,3.333333333333333
2022-02-27 06:00:00,6,13,0,6,6,1,0,2,7,0,7,0,10.516666666666667,363.0,3.0,6.68,32.5,0.4444444444444444,160.999,2.113357899585445,0.325,0.2994011976047904,3.3846153846153846
2022-02-27 07:00:00,7,18,0,8,8,2,0,5,8,0,8,0,11.516666666666667,358.0,3.0,6.68,45.0,0.625,190.764,3.99500998003992,0.45,0.7485029940119761,3.333333333333333
2022-02-27 08:00:00,8,21,0,8,12,1,0,6,9,0,9,0,12.516666666666667,353.0,3.0,7.0600000000000005,52.5,0.7526881720430108,216.239,4.582861189801699,0.525,0.8498583569405098,3.333333333333333
2022-02-27 09:00:00,9,22,0,7,14,1,0,11,11,1,12,1,13.133333333333333,130.0,3.0,7.0600000000000005,55.00000000000001,0.8571428571428571,262.9303068017366,6.89915014164306,0.55,1.5580736543909348,3.272727272727273
2022-02-27 10:00:00,10,24,0,6,18,0,0,5,12,1,13,1,14.133333333333333,167.0,4.0,10.52,60.0,0.7222222222222222,286.26030680173665,3.49467680608365,0.6,0.4752851711026616,3.25
2022-02-27 11:00:00,11,24,0,5,19,0,0,7,12,1,13,1,15.133333333333333,149.0,4.0,10.52,60.0,0.7129629629629629,291.90030680173663,4.059822560202788,0.6,0.6653992395437263,3.208333333333333
2022-02-27 12:00:00,12,21,0,6,15,0,0,6,10,0,10,0,16.133333333333333,248.0,4.0,10.52,52.5,0.575,250.03700000000003,3.598981531776209,0.525,0.5703422053231939,3.2857142857142856
2022-02-27 13:00:00,13,25,0,8,16,1,0,12,9,1,10,1,17.05,215.5,4.0,10.52,62.5,0.6833333333333333,264.65530680173663,5.791444866920152,0.625,1.1406844106463878,3.28
2022-02-27 14:00:00,14,22,0,8,13,1,0,7,7,2,9,2,14.683333333333334,150.0,4.0,10.52,55.00000000000001,0.5887096774193549,232.34061360347323,4.032915658486001,0.55,0.6653992395437263,3.3181818181818183
2022-02-27 15:00:00,15,20,0,8,12,0,0,8,7,2,9,2,15.683333333333334,171.0,4.0,10.52,50.0,0.5483870967741935,233.69061360347325,4.285551330798479,0.5,0.7604562737642586,3.4
2022-02-27 16:00:00,16,22,1,8,12,1,0,9,10,2,12,2,7.733333333333333,96.5,4.0,10.52,55.00000000000001,0.6696428571428571,233.34261360347324,4.791522640857242,0.55,0.8555133079847909,3.409090909090909
2022-02-27 17:00:00,17,23,2,5,14,1,1,10,13,1,14,1,6.7,107.5,4.0,10.52,57.49999999999999,0.7211538461538461,255.5913068017366,4.974685898495619,0.575,0.9505703422053232,3.260869565217391
2022-02-27 18:00:00,18,21,1,5,14,1,0,6,11,1,12,1,7.7,145.0,4.0,10.52,52.5,0.6160714285714286,230.14130680173665,3.598981531776209,0.525,0.5703422053231939,3.2857142857142856
2022-02-27 19:00:00,19,16,0,2,12,1,1,7,8,0,8,0,7.5,189.0,4.0,10.52,40.0,0.3671875,163.82,3.1296102661596965,0.4,0.6653992395437263,2.9375
2022-02-27 20:00:00,20,12,0,2,8,1,1,6,3,0,3,0,4.633333333333334,208.0,4.0,11.52,30.0,0.2364864864864864,72.072,2.394097222222222,0.3,0.5208333333333334,2.9166666666666665
2022-02-27 21:00:00,21,19,0,3,11,3,2,11,6,0,6,0,5.633333333333334,31.0,4.0,11.52,47.5,0.3897058823529412,132.927,3.988559941520468,0.475,0.9548611111111112,2.789473684210526
2022-02-27 22:00:00,22,26,0,3,19,3,1,12,8,0,8,0,6.633333333333334,57.5,3.0,8.059999999999999,65.0,0.7916666666666666,180.382,6.251975567856461,0.65,1.4888337468982633,2.923076923076923
2022-02-27 23:00:00,23,31,0,6,20,4,1,14,8,2,10,2,7.633333333333334,100.0,3.0,8.059999999999999,77.5,1.0333333333333334,225.28361360347324,7.5359181141439215,0.775,1.7369727047146404,3.0
2022-02-28 00:00:00,0,30,0,6,17,4,3,7,8,2,10,2,4.85,160.0,3.0,8.059999999999999,75.0,0.9555555555555556,207.4406136034732,4.639660876757651,0.75,0.8684863523573202,2.8666666666666667
2022-02-28 01:00:00,1,29,0,6,18,4,1,7,8,2,10,2,5.85,220.0,3.0,8.059999999999999,72.5,0.9666666666666668,210.93561360347323,4.78045905707196,0.725,0.8684863523573202,3.0
2022-02-28 02:00:00,2,25,1,7,13,3,1,5,7,4,11,4,6.85,278.0,3.0,8.059999999999999,62.5,0.9080459770114944,223.13222720694645,3.93529776674938,0.625,0.620347394540943,3.16
2022-02-28 03:00:00,3,22,1,7,12,1,1,0,7,4,11,4,7.85,338.0,3.0,8.059999999999999,55.00000000000001,0.8275862068965517,222.3372272069465,1.8000000000000005,0.55,0.0,3.272727272727273
2022-02-28 04:00:00,4,22,1,7,12,1,1,3,7,4,11,4,8.85,398.0,3.0,8.059999999999999,55.00000000000001,0.8275862068965517,227.97722720694645,3.0181367020076704,0.55,0.3722084367245658,3.272727272727273
2022-02-28 05:00:00,5,18,0,7,9,1,1,1,7,3,10,3,9.85,460.0,3.0,8.059999999999999,45.0,0.6444444444444445,210.76892040520983,1.8497794320374967,0.45,0.1240694789081886,3.2222222222222223
2022-02-28 06:00:00,6,19,0,6,10,2,1,5,8,2,10,2,10.85,520.0,3.0,8.059999999999999,47.5,0.6555555555555556,217.68561360347323,3.4013419093639805,0.475,0.620347394540943,3.1052631578947367
2022-02-28 07:00:00,7,19,0,6,10,2,1,2,9,2,11,2,11.85,578.0,3.0,8.059999999999999,47.5,0.6781609195402298,236.7256136034732,2.245536763745592,0.475,0.2481389578163772,3.1052631578947367
2022-02-28 08:00:00,8,16,0,5,9,1,1,2,10,1,11,1,12.85,638.0,3.0,7.84,40.0,0.5747126436781609,235.0623068017366,2.047193877551021,0.4,0.2551020408163265,3.125
2022-02-28 09:00:00,9,18,1,5,10,1,1,9,7,1,8,1,13.85,393.5,3.0,7.84,45.0,0.6041666666666666,204.79230680173663,5.148979591836735,0.45,1.1479591836734695,3.2222222222222223
2022-02-28 10:00:00,10,24,0,5,14,5,0,13,8,2,10,2,14.85,113.5,4.0,11.09,60.0,0.6,250.97061360347325,5.31668169522092,0.6,1.1722272317403066,3.0
2022-02-28 11:00:00,11,24,0,4,16,4,0,11,10,1,11,1,15.85,63.0,4.0,11.09,60.0,0.6206896551724138,269.1423068017366,4.775653742110009,0.6,0.9918845807033364,3.0
2022-02-28 12:00:00,12,20,0,4,15,1,0,8,10,1,11,1,13.7,91.0,4.0,11.09,50.0,0.5431034482758621,248.43630680173655,3.8473174030658246,0.5,0.721370604147881,3.15
2022-02-28 13:00:00,13,31,0,7,24,0,0,16,12,1,13,1,14.7,146.0,4.0,11.09,77.5,0.925925925925926,304.47130680173666,7.1540038977282645,0.775,1.442741208295762,3.225806451612903
2022-02-28 14:00:00,14,35,1,8,24,2,0,14,12,1,13,1,15.7,106.0,4.0,11.09,87.5,1.0462962962962965,318.69130680173663,6.900743913435528,0.875,1.2623985572587917,3.2285714285714286
2022-02-28 15:00:00,15,34,1,8,24,1,0,12,15,1,16,1,16.7,102.5,4.0,11.09,85.0,1.15625,362.3863068017366,6.307594282077123,0.85,1.0820559062218216,3.264705882352941
2022-02-28 16:00:00,16,33,2,6,24,1,0,9,15,0,15,0,17.7,119.0,4.0,11.09,82.5,1.08,351.61299999999994,5.3559554061808345,0.825,0.8115419296663661,3.272727272727273
2022-02-28 17:00:00,17,41,2,7,30,2,0,13,18,1,19,1,18.7,162.0,4.0,11.09,102.5,1.5714285714285714,428.8813068017366,7.073999868041963,1.025,1.1722272317403066,3.2195121951219514
2022-02-28 18:00:00,18,42,1,9,30,2,0,9,20,1,21,1,19.7,192.0,4.0,11.09,105.0,1.7763157894736843,463.4663068017367,5.983527631070462,1.05,0.8115419296663661,3.2142857142857144
2022-02-28 19:00:00,19,37,0,8,26,2,1,11,18,0,18,0,20.7,185.0,4.0,11.09,92.5,1.306818181818182,417.313,5.957884507591452,0.925,0.9918845807033364,3.108108108108108
2022-02-28 20:00:00,20,30,0,6,22,2,0,6,14,1,15,1,21.7,170.0,4.0,11.29,75.0,0.94,368.6063068017366,4.0151904340124,0.75,0.5314437555358725,3.1333333333333333
2022-02-28 21:00:00,21,41,0,8,29,4,0,18,11,3,14,3,22.7,158.0,4.0,11.29,102.5,1.2211538461538465,386.1779204052099,8.11353831363823,1.025,1.5943312666076177,3.097560975609756
2022-02-28 22:00:00,22,30,0,9,19,2,0,6,10,2,12,2,23.7,137.0,3.0,8.04,75.0,1.1547619047619049,340.5546136034732,4.837935323383085,0.75,0.746268656716418,3.2333333333333334
2022-02-28 23:00:00,23,30,0,8,20,2,0,12,10,1,11,1,24.7,120.0,3.0,8.04,75.0,1.103448275862069,331.9263068017366,7.176119402985075,0.75,1.492537313432836,3.2
