ts,hour,census,l1,l2,l3,l4,l5,arrivals,waitBed,waitICU,D_board,vent,maxLOS_h,awt_curr_min,Na,cap_sum,OCCUPANCY,EDWIN,NEDOCS,READI,READI_BR,READI_PR,READI_AR
2023-12-01 00:00:00,0,40,1,12,25,2,0,6,26,0,26,0,31.9,729.5,3.0,7.19,100.0,3.142857142857143,594.116,6.053824756606398,1.0,0.8344923504867873,3.3
2023-12-01 01:00:00,1,39,1,11,24,3,0,5,26,0,26,0,32.9,789.5,3.0,7.19,97.5,3.023809523809524,597.6110000000001,5.439541207517563,0.975,0.6954102920723227,3.2564102564102564
2023-12-01 02:00:00,2,38,2,11,20,5,0,5,26,0,26,0,33.9,849.5,3.0,7.19,95.0,2.952380952380953,601.106,5.369233584657053,0.95,0.6954102920723227,3.263157894736842
2023-12-01 03:00:00,3,37,1,11,21,4,0,4,28,0,28,0,34.9,859.0,3.0,7.19,92.5,3.333333333333333,631.401,4.804307784836298,0.925,0.5563282336578582,3.2432432432432434
2023-12-01 04:00:00,4,37,1,12,21,3,0,3,29,0,29,0,35.9,873.0,3.0,7.19,92.5,3.696969696969697,650.441,4.425784685937677,0.925,0.4172461752433936,3.2972972972972974
2023-12-01 05:00:00,5,36,1,12,20,3,0,1,29,0,29,0,36.9,933.0,3.0,7.19,90.0,3.606060606060606,653.936,3.434743470870036,0.9,0.1390820584144645,3.305555555555556
2023-12-01 06:00:00,6,42,1,13,25,3,0,6,31,0,31,0,37.9,695.0,3.0,7.19,105.0,5.111111111111111,699.246,6.19190343731373,1.05,0.8344923504867873,3.2857142857142856
2023-12-01 07:00:00,7,44,2,14,25,3,0,5,33,1,34,1,38.9,750.0,3.0,7.19,110.0,8.166666666666666,750.2443068017366,5.998302566696169,1.1,0.6954102920723227,3.340909090909091
2023-12-01 08:00:00,8,47,2,14,28,3,0,7,33,2,35,2,39.9,808.0,3.0,6.66,117.5,10.4,776.5876136034732,7.388594977956681,1.175,1.0510510510510511,3.3191489361702127
2023-12-01 09:00:00,9,45,1,14,28,2,0,4,30,2,32,2,40.9,857.0,3.0,6.66,112.5,6.208333333333333,737.7376136034732,5.713655321988655,1.125,0.6006006006006006,3.311111111111111
2023-12-01 10:00:00,10,38,0,13,24,1,0,5,28,0,28,0,41.9,919.5,4.0,10.36,95.0,2.625,673.026,4.7502844950213365,0.95,0.4826254826254826,3.3157894736842106
2023-12-01 11:00:00,11,35,0,11,23,1,0,7,27,1,28,1,42.9,867.5,4.0,10.36,87.5,2.395833333333333,673.0993068017366,5.095077220077219,0.875,0.6756756756756757,3.2857142857142856
2023-12-01 12:00:00,12,37,0,12,23,2,0,10,24,2,26,2,43.9,770.0,4.0,10.36,92.5,2.1607142857142856,657.0976136034733,6.181631535009913,0.925,0.9652509652509652,3.27027027027027
2023-12-01 13:00:00,13,31,0,9,20,2,0,9,16,2,18,2,44.9,411.0,4.0,10.36,77.5,1.1363636363636365,542.6676136034732,5.3023415120189314,0.775,0.8687258687258688,3.225806451612903
2023-12-01 14:00:00,14,28,0,8,18,2,0,7,13,2,15,2,42.78333333333333,429.0,4.0,10.36,70.0,0.9,484.0946136034733,4.421814671814672,0.7,0.6756756756756757,3.2142857142857144
2023-12-01 15:00:00,15,26,0,7,18,1,0,7,14,2,16,2,43.78333333333333,387.0,4.0,10.36,65.0,0.875,498.8446136034733,4.282952182952183,0.65,0.6756756756756757,3.230769230769231
2023-12-01 16:00:00,16,24,0,1,22,1,0,11,10,2,12,2,10.5,107.0,4.0,10.36,60.0,0.6428571428571429,253.2366136034732,4.985328185328186,0.6,1.061776061776062,3.0
2023-12-01 17:00:00,17,22,1,3,17,1,0,5,12,3,15,3,11.5,156.0,4.0,10.36,55.00000000000001,0.7,295.65492040520985,3.2856265356265357,0.55,0.4826254826254826,3.1818181818181817
2023-12-01 18:00:00,18,24,1,5,17,1,0,8,16,3,19,3,12.5,162.0,4.0,10.36,60.0,0.9285714285714286,359.1849204052098,4.459652509652509,0.6,0.7722007722007722,3.25
2023-12-01 19:00:00,19,17,0,5,12,0,0,3,10,2,12,2,13.5,196.0,4.0,10.36,42.5,0.5,255.1416136034732,2.3538950715421305,0.425,0.2895752895752896,3.294117647058824
2023-12-01 20:00:00,20,26,1,4,18,3,0,14,13,2,15,2,8.75,199.0,4.0,10.93,65.0,0.81,287.8566136034732,6.015428601590542,0.65,1.280878316559927,3.1153846153846154
2023-12-01 21:00:00,21,27,1,4,19,3,0,5,13,2,15,2,9.75,259.0,4.0,10.93,67.5,0.84,295.6416136034732,3.5231981295110306,0.675,0.4574565416285453,3.111111111111111
2023-12-01 22:00:00,22,31,1,5,22,3,0,14,12,2,14,2,10.75,308.0,3.0,7.23,77.5,1.2435897435897436,296.4616136034732,8.483983625574442,0.775,1.9363762102351312,3.129032258064516
2023-12-01 23:00:00,23,20,0,6,14,0,0,5,10,2,12,2,9.1,368.0,3.0,7.23,50.0,0.7857142857142857,236.76061360347325,3.932157676348548,0.5,0.6915629322268326,3.3
2023-12-02 00:00:00,0,18,0,7,11,0,0,5,10,2,12,2,10.1,405.0,3.0,7.23,45.0,0.7261904761904762,238.1106136034732,3.8686299369909327,0.45,0.6915629322268326,3.388888888888889
2023-12-02 01:00:00,1,22,0,6,16,0,0,6,10,2,12,2,10.6,398.0,3.0,7.23,55.00000000000001,0.8571428571428571,249.51061360347325,4.5159562429271976,0.55,0.8298755186721991,3.272727272727273
2023-12-02 02:00:00,2,22,0,6,16,0,0,4,10,3,13,3,11.6,403.0,3.0,7.23,55.00000000000001,0.8888888888888888,269.41892040520986,3.610637495284799,0.55,0.553250345781466,3.272727272727273
2023-12-02 03:00:00,3,18,0,5,13,0,0,4,11,1,12,1,11.35,445.0,3.0,7.23,45.0,0.7023809523809523,244.29230680173663,3.288431688950361,0.45,0.553250345781466,3.2777777777777777
2023-12-02 04:00:00,4,20,0,6,14,0,0,4,11,1,12,1,12.35,432.0,3.0,7.23,50.0,0.7857142857142857,254.22230680173664,3.4757261410788374,0.5,0.553250345781466,3.3
2023-12-02 05:00:00,5,17,0,6,10,1,0,2,11,1,12,1,13.35,492.0,3.0,7.23,42.5,0.6666666666666666,253.42730680173665,2.3112358636400616,0.425,0.276625172890733,3.294117647058824
2023-12-02 06:00:00,6,18,0,6,11,1,0,3,12,1,13,1,14.35,497.0,3.0,7.23,45.0,0.7283950617283951,274.6123068017366,2.835073766712771,0.45,0.4149377593360995,3.2777777777777777
2023-12-02 07:00:00,7,19,1,5,13,0,0,3,13,2,15,2,15.35,533.0,3.0,7.23,47.5,0.8533333333333334,310.06561360347325,2.997685084079493,0.475,0.4149377593360995,3.3684210526315788
2023-12-02 08:00:00,8,21,0,5,15,1,0,4,14,1,15,1,16.35,593.0,3.0,7.76,52.5,0.8933333333333333,319.1273068017366,3.3195753559155627,0.525,0.5154639175257733,3.1904761904761907
2023-12-02 09:00:00,9,20,0,2,16,2,0,7,10,1,11,1,17.35,458.0,3.0,7.76,50.0,0.6896551724137931,269.0223068017366,4.2061855670103085,0.5,0.9020618556701032,3.0
2023-12-02 10:00:00,10,23,0,4,18,1,0,11,12,1,13,1,18.35,370.0,4.0,11.46,57.49999999999999,0.6666666666666666,307.8973068017366,4.804780332346915,0.575,0.9598603839441536,3.130434782608696
2023-12-02 11:00:00,11,21,1,4,14,2,0,7,8,2,10,2,19.35,267.0,4.0,11.46,52.5,0.5583333333333333,269.9156136034732,3.623807446189645,0.525,0.6108202443280977,3.1904761904761907
2023-12-02 12:00:00,12,28,1,5,19,3,0,12,8,2,10,2,11.2,133.0,4.0,11.46,70.0,0.7333333333333333,238.9646136034732,5.490949887808526,0.7,1.0471204188481675,3.142857142857143
2023-12-02 13:00:00,13,25,1,4,19,1,0,8,6,2,8,2,12.2,175.5,4.0,11.46,62.5,0.625,211.36961360347323,4.233856893542757,0.625,0.6980802792321117,3.2
2023-12-02 14:00:00,14,19,0,4,15,0,0,4,5,1,6,1,12.633333333333333,230.5,4.0,11.46,47.5,0.4485294117647059,173.27530680173663,2.64560255350418,0.475,0.3490401396160558,3.210526315789474
2023-12-02 15:00:00,15,12,0,4,7,1,0,6,2,1,3,1,13.633333333333333,315.0,4.0,11.46,30.0,0.2635135135135135,123.70030680173662,2.676570680628272,0.3,0.5235602094240838,3.25
2023-12-02 16:00:00,16,14,0,4,9,1,0,7,1,1,2,1,14.633333333333333,492.5,4.0,11.46,35.0,0.2960526315789473,120.23030680173662,3.088350785340314,0.35,0.6108202443280977,3.2142857142857144
2023-12-02 17:00:00,17,22,0,4,16,2,0,13,4,2,6,2,15.633333333333333,33.0,4.0,11.46,55.00000000000001,0.5,197.4986136034732,5.206266857052197,0.55,1.134380453752181,3.090909090909091
2023-12-02 18:00:00,18,21,1,5,14,1,0,11,6,3,9,3,16.633333333333333,75.0,4.0,11.46,52.5,0.5564516129032258,242.06192040520983,4.878826975816505,0.525,0.9598603839441536,3.2857142857142856
2023-12-02 19:00:00,19,22,1,5,15,1,0,8,6,2,8,2,17.633333333333333,115.5,4.0,11.46,55.00000000000001,0.5625,235.57861360347323,4.084626368396003,0.55,0.6980802792321117,3.272727272727273
2023-12-02 20:00:00,20,23,1,3,19,0,0,12,4,2,6,2,18.633333333333333,175.5,4.0,10.93,57.49999999999999,0.5441176470588235,216.5636136034732,5.382360077966506,0.575,1.0978956999085088,3.217391304347826
2023-12-02 21:00:00,21,22,1,3,16,2,0,10,3,2,5,2,19.633333333333333,229.0,4.0,10.93,55.00000000000001,0.4928571428571429,206.6586136034732,4.594500124760875,0.55,0.9149130832570906,3.136363636363636
2023-12-02 22:00:00,22,20,1,2,16,1,0,11,4,2,6,2,20.633333333333333,147.0,3.0,7.23,50.0,0.6176470588235294,221.4086136034732,6.367531120331949,0.5,1.5214384508990315,3.15
2023-12-02 23:00:00,23,20,1,3,15,1,0,11,5,2,7,2,21.633333333333333,129.0,3.0,7.23,50.0,0.6464646464646465,240.44861360347323,6.468603042876902,0.5,1.5214384508990315,3.2
2023-12-03 00:00:00,0,23,1,3,18,1,0,8,7,2,9,2,22.633333333333333,165.0,3.0,7.23,57.49999999999999,0.7849462365591398,279.32361360347323,5.336936977569306,0.575,1.106500691562932,3.1739130434782608
2023-12-03 01:00:00,1,19,1,3,14,1,0,4,7,2,9,2,23.633333333333333,225.0,3.0,7.23,47.5,0.6559139784946236,276.38361360347324,3.3012247943510227,0.475,0.553250345781466,3.210526315789474
2023-12-03 02:00:00,2,20,0,4,13,3,0,9,7,1,8,1,24.633333333333333,275.0,3.0,7.23,50.0,0.6354166666666666,269.90030680173663,5.321680497925311,0.5,1.2448132780082988,3.05
2023-12-03 03:00:00,3,20,0,4,15,1,0,2,7,1,8,1,25.633333333333333,335.0,3.0,7.23,50.0,0.65625,275.5403068017366,2.446369294605809,0.5,0.276625172890733,3.15
2023-12-03 04:00:00,4,14,0,3,11,0,0,3,7,1,8,1,26.633333333333333,395.0,3.0,7.23,35.0,0.46875,268.3103068017366,2.458728512151749,0.35,0.4149377593360995,3.2142857142857144
2023-12-03 05:00:00,5,15,0,3,12,0,0,3,7,1,8,1,27.633333333333333,455.0,3.0,7.23,37.5,0.5,276.09530680173657,2.5278008298755186,0.375,0.4149377593360995,3.2
2023-12-03 06:00:00,6,13,0,2,11,0,0,1,7,1,8,1,28.633333333333333,515.0,3.0,7.23,32.5,0.4270833333333333,277.4453068017366,1.4612166187892328,0.325,0.1383125864453665,3.1538461538461537
2023-12-03 07:00:00,7,16,1,2,13,0,0,5,7,1,8,1,29.633333333333333,575.0,3.0,7.23,40.0,0.5416666666666666,289.52030680173664,3.5475795297372064,0.4,0.6915629322268326,3.25
2023-12-03 08:00:00,8,15,1,2,11,1,0,4,6,1,7,1,30.633333333333333,625.0,3.0,6.65,37.5,0.4848484848484848,279.6153068017366,3.124812030075188,0.375,0.6015037593984962,3.2
2023-12-03 09:00:00,9,19,1,2,15,1,0,8,4,1,5,1,31.633333333333333,685.0,3.0,6.65,47.5,0.5714285714285714,267.0353068017366,5.298971111990503,0.475,1.2030075187969924,3.1578947368421053
2023-12-03 10:00:00,10,22,1,3,15,3,0,14,7,1,8,1,32.63333333333333,56.5,4.0,10.56,55.00000000000001,0.53125,319.3103068017366,5.797796143250689,0.55,1.3257575757575757,3.090909090909091
2023-12-03 11:00:00,11,23,1,5,16,1,0,9,8,2,10,2,33.63333333333333,106.5,4.0,10.56,57.49999999999999,0.625,354.76361360347323,4.654150197628458,0.575,0.8522727272727272,3.260869565217391
2023-12-03 12:00:00,12,30,0,5,20,3,2,15,9,2,11,2,34.63333333333333,148.0,4.0,10.56,75.0,0.7586206896551724,388.8186136034733,6.366666666666666,0.75,1.4204545454545454,2.933333333333333
2023-12-03 13:00:00,13,26,0,5,16,5,0,8,8,2,10,2,35.63333333333333,186.5,4.0,10.56,65.0,0.65,372.4786136034732,4.222727272727273,0.65,0.7575757575757576,3.0
2023-12-03 14:00:00,14,29,1,6,18,4,0,13,8,2,10,2,36.63333333333333,192.5,4.0,10.56,72.5,0.7583333333333333,384.5536136034732,6.137983281086729,0.725,1.231060606060606,3.1379310344827585
2023-12-03 15:00:00,15,31,1,5,21,4,0,13,9,1,10,1,37.63333333333333,172.5,4.0,10.56,77.5,0.8,393.61530680173655,6.212316715542522,0.775,1.231060606060606,3.096774193548387
2023-12-03 16:00:00,16,31,1,4,21,5,0,14,5,1,6,1,38.63333333333333,149.5,4.0,10.56,77.5,0.6911764705882353,345.65530680173663,6.370039100684261,0.775,1.3257575757575757,3.032258064516129
2023-12-03 17:00:00,17,35,1,4,25,3,2,16,8,1,9,1,39.63333333333333,172.0,4.0,10.56,87.5,0.8387096774193549,400.0753068017366,7.102164502164502,0.875,1.5151515151515151,2.9714285714285715
2023-12-03 18:00:00,18,31,0,4,25,1,1,8,9,2,11,2,40.63333333333333,206.0,4.0,10.56,77.5,0.8103448275862069,424.8036136034732,4.647165200391007,0.775,0.7575757575757576,3.032258064516129
2023-12-03 19:00:00,19,27,0,3,22,2,0,12,6,2,8,2,41.63333333333333,213.0,4.0,10.56,67.5,0.640625,381.6636136034732,5.501178451178451,0.675,1.1363636363636362,3.037037037037037
2023-12-03 20:00:00,20,19,0,3,14,2,0,10,5,2,7,2,42.63333333333333,159.0,4.0,11.69,47.5,0.4393939393939394,356.7436136034732,4.061318715951556,0.475,0.8554319931565441,3.0526315789473686
2023-12-03 21:00:00,21,24,0,3,19,2,0,16,5,2,7,2,43.63333333333333,201.0,4.0,11.69,60.0,0.553030303030303,373.1086136034732,5.988102366695181,0.6,1.3686911890504705,3.0416666666666665
2023-12-03 22:00:00,22,21,0,3,15,3,0,7,5,2,7,2,44.63333333333333,223.0,3.0,7.779999999999999,52.5,0.6363636363636364,372.3136136034732,4.27422879177378,0.525,0.8997429305912598,3.0
2023-12-03 23:00:00,23,25,0,5,14,4,2,16,7,2,9,2,45.63333333333333,120.0,3.0,7.779999999999999,62.5,0.7741935483870968,413.3336136034732,7.722879177377893,0.625,2.0565552699228795,2.88
2023-12-04 00:00:00,0,27,0,5,18,3,1,9,8,2,10,2,46.63333333333333,154.0,3.0,7.779999999999999,67.5,0.9,436.6636136034732,5.495437017994859,0.675,1.1568123393316196,3.0
2023-12-04 01:00:00,1,27,0,6,17,3,1,7,10,2,12,2,47.63333333333333,177.5,3.0,7.779999999999999,67.5,0.9761904761904762,469.1036136034732,4.7825526040179005,0.675,0.8997429305912598,3.037037037037037
2023-12-04 02:00:00,2,27,0,6,19,2,0,9,11,2,13,2,48.63333333333333,227.0,3.0,7.779999999999999,67.5,1.0493827160493827,488.1436136034732,5.766816623821766,0.675,1.1568123393316196,3.1481481481481484
2023-12-04 03:00:00,3,22,0,6,13,3,0,4,11,2,13,2,49.63333333333333,287.0,3.0,7.779999999999999,55.00000000000001,0.8518518518518519,483.0586136034732,3.3375262911895303,0.55,0.5141388174807199,3.136363636363636
2023-12-04 04:00:00,4,19,0,6,10,3,0,1,11,2,13,2,50.63333333333333,347.0,3.0,7.779999999999999,47.5,0.7407407407407407,482.2636136034732,1.9058990664321476,0.475,0.1285347043701799,3.1578947368421053
2023-12-04 05:00:00,5,19,0,6,11,2,0,1,11,2,13,2,51.63333333333333,407.0,3.0,7.779999999999999,47.5,0.7530864197530864,487.9036136034732,1.9376640508726832,0.475,0.1285347043701799,3.210526315789474
2023-12-04 06:00:00,6,22,0,6,14,2,0,4,13,2,15,2,52.63333333333333,465.0,3.0,7.779999999999999,55.00000000000001,0.9333333333333332,526.7786136034732,3.385896237438654,0.55,0.5141388174807199,3.1818181818181817
2023-12-04 07:00:00,7,26,1,7,16,2,0,5,14,3,17,3,53.63333333333333,508.0,3.0,7.779999999999999,65.0,1.2318840579710144,568.6669204052098,4.226048052204865,0.65,0.6426735218508998,3.269230769230769
2023-12-04 08:00:00,8,27,1,6,16,4,0,4,14,3,17,3,54.63333333333333,568.0,3.0,6.779999999999999,67.5,1.2318840579710144,576.4519204052099,3.982314541680324,0.675,0.5899705014749264,3.1481481481481484
2023-12-04 09:00:00,9,28,1,6,18,3,0,5,13,3,16,3,55.63333333333333,586.5,3.0,6.779999999999999,70.0,1.2361111111111112,570.8369204052099,4.569079224610198,0.7,0.7374631268436579,3.1785714285714284
2023-12-04 10:00:00,10,27,0,6,17,4,0,7,13,2,15,2,56.63333333333333,605.0,4.0,10.03,67.5,0.83,560.0636136034732,4.220415605036742,0.675,0.6979062811565304,3.074074074074074
2023-12-04 11:00:00,11,29,1,6,17,5,0,10,13,2,15,2,57.63333333333333,330.0,4.0,10.03,72.5,0.9,569.9936136034732,5.34416577852649,0.725,0.9970089730807578,3.103448275862069
2023-12-04 12:00:00,12,28,1,4,18,5,0,9,11,2,13,2,58.63333333333333,199.0,4.0,10.03,70.0,0.7870370370370371,546.6886136034732,4.848970944309927,0.7,0.897308075772682,3.0357142857142856
2023-12-04 13:00:00,13,27,1,5,17,4,0,7,12,2,14,2,59.63333333333333,211.0,4.0,10.03,67.5,0.8076923076923077,563.5836136034732,4.271263985820317,0.675,0.6979062811565304,3.111111111111111
2023-12-04 14:00:00,14,26,1,4,19,2,0,4,12,1,13,1,20.35,255.0,4.0,10.03,65.0,0.7592592592592593,325.6123068017366,3.3077651660403404,0.65,0.3988035892323031,3.1538461538461537
2023-12-04 15:00:00,15,22,1,2,19,0,0,11,8,0,8,0,20.716666666666665,212.0,4.0,10.03,55.00000000000001,0.546875,251.232,5.239531405782652,0.55,1.0967098703888336,3.1818181818181817
2023-12-04 16:00:00,16,25,0,1,23,1,0,11,7,0,7,0,7.316666666666666,64.0,4.0,10.03,62.5,0.5681818181818182,168.691,5.165129611166501,0.625,1.0967098703888336,3.0
2023-12-04 17:00:00,17,24,0,1,21,2,0,5,7,0,7,0,8.316666666666666,124.0,4.0,10.03,60.0,0.5378787878787878,172.186,3.249742439348621,0.6,0.4985044865403789,2.958333333333333
2023-12-04 18:00:00,18,19,0,1,17,1,0,3,7,0,7,0,9.316666666666666,184.0,4.0,10.03,47.5,0.4318181818181818,167.101,2.322308075772682,0.475,0.2991026919242273,3.0
2023-12-04 19:00:00,19,22,0,1,18,3,0,12,7,0,7,0,10.316666666666666,185.0,4.0,10.03,55.00000000000001,0.4848484848484848,179.176,5.080467687845554,0.55,1.1964107676969091,2.909090909090909
2023-12-04 20:00:00,20,30,0,1,25,4,0,13,8,0,8,0,11.316666666666666,92.5,4.0,11.32,75.0,0.6796875,215.376,5.505388692579505,0.75,1.1484098939929328,2.9
2023-12-04 21:00:00,21,32,0,3,23,5,1,9,7,1,8,1,6.866666666666666,120.5,4.0,11.32,80.0,0.71875,195.43630680173663,4.585777385159011,0.8,0.7950530035335689,2.875
2023-12-04 22:00:00,22,29,0,4,19,6,0,14,8,1,9,1,6.083333333333333,170.0,3.0,8.07,72.5,0.913978494623656,197.98330680173663,7.209818185702686,0.725,1.7348203221809169,2.931034482758621
2023-12-04 23:00:00,23,34,0,5,23,5,1,13,8,2,10,2,7.083333333333333,179.0,3.0,8.07,85.0,1.1111111111111112,228.6166136034732,7.237954661418471,0.85,1.61090458488228,2.9411764705882355
2023-12-05 00:00:00,0,28,0,5,18,5,0,5,9,2,11,2,8.083333333333334,188.0,3.0,8.07,70.0,0.9655172413793104,234.78661360347323,3.958736059479553,0.7,0.6195786864931846,3.0
2023-12-05 01:00:00,1,25,1,5,15,4,0,4,9,3,12,3,9.083333333333334,226.5,3.0,8.07,62.5,0.9285714285714286,248.25992040520987,3.4964684014869887,0.625,0.4956629491945477,3.12
2023-12-05 02:00:00,2,32,1,4,16,11,0,11,9,2,11,2,10.083333333333334,265.0,3.0,8.07,80.0,1.0459770114942528,254.6466136034732,6.151239157372987,0.8,1.3630731102850062,2.84375
2023-12-05 03:00:00,3,26,1,4,14,7,0,6,9,2,11,2,11.083333333333334,325.0,3.0,8.07,65.0,0.8850574712643678,247.41661360347325,4.126887331998857,0.65,0.7434944237918215,2.9615384615384617
2023-12-05 04:00:00,4,22,1,3,12,6,0,2,9,2,11,2,12.083333333333334,385.0,3.0,8.07,55.00000000000001,0.7471264367816092,244.4766136034732,2.3572293567646727,0.55,0.2478314745972738,2.9545454545454546
2023-12-05 05:00:00,5,20,2,3,9,6,0,3,10,2,12,2,13.083333333333334,439.5,3.0,8.07,50.0,0.7261904761904762,259.22661360347325,2.658828996282528,0.5,0.3717472118959107,3.05
2023-12-05 06:00:00,6,23,2,5,11,5,0,4,10,2,12,2,14.083333333333334,499.5,3.0,8.07,57.49999999999999,0.8690476190476191,271.30161360347324,3.398191099617477,0.575,0.4956629491945477,3.1739130434782608
2023-12-05 07:00:00,7,22,2,4,10,6,0,3,11,2,13,2,15.083333333333334,554.0,3.0,8.07,55.00000000000001,0.8395061728395061,288.1966136034732,2.8490368367691787,0.55,0.3717472118959107,3.090909090909091
2023-12-05 08:00:00,8,19,2,2,8,7,0,1,11,2,13,2,16.083333333333332,614.0,3.0,6.3,47.5,0.691358024691358,287.4016136034732,1.8678362573099412,0.475,0.1587301587301587,2.9473684210526314
2023-12-05 09:00:00,9,21,1,3,14,3,0,9,12,1,13,1,17.083333333333332,647.0,3.0,6.3,52.5,0.8024691358024691,296.4633068017366,6.046768707482994,0.525,1.4285714285714286,3.095238095238096
2023-12-05 10:00:00,10,30,1,4,22,3,0,12,13,1,14,1,18.08333333333333,474.5,4.0,9.62,75.0,0.8942307692307693,334.80830680173653,6.191943866943867,0.75,1.2474012474012477,3.1
2023-12-05 11:00:00,11,33,1,7,23,2,0,9,17,2,19,2,19.08333333333333,138.0,4.0,9.62,82.5,1.261904761904762,414.7516136034732,5.655103005103006,0.825,0.9355509355509356,3.212121212121212
2023-12-05 12:00:00,12,33,1,7,23,2,0,7,16,2,18,2,20.08333333333333,204.5,4.0,9.62,82.5,1.2045454545454546,406.9916136034733,4.987302337302337,0.825,0.7276507276507277,3.212121212121212
2023-12-05 13:00:00,13,27,0,6,20,1,0,9,12,2,14,2,18.116666666666667,178.5,4.0,9.62,67.5,0.8269230769230769,329.42961360347323,5.1299029799029805,0.675,0.9355509355509356,3.185185185185185
2023-12-05 14:00:00,14,31,1,6,23,1,0,12,13,1,14,1,19.116666666666667,221.0,4.0,9.62,77.5,0.9615384615384616,342.7813068017366,6.523874991616927,0.775,1.2474012474012477,3.225806451612903
2023-12-05 15:00:00,15,32,1,7,23,1,0,7,12,1,13,1,20.116666666666667,274.0,4.0,9.62,80.0,0.9629629629629628,337.1663068017366,4.964864864864865,0.8,0.7276507276507277,3.25
2023-12-05 16:00:00,16,34,1,9,24,0,0,7,12,1,13,1,20.28333333333333,214.0,4.0,9.62,85.0,1.0462962962962965,342.3963068017366,5.243368594839184,0.85,0.7276507276507277,3.323529411764706
2023-12-05 17:00:00,17,30,0,11,19,0,0,7,14,1,15,1,18.78333333333333,261.0,4.0,9.62,75.0,1.01,352.1563068017366,4.97475744975745,0.75,0.7276507276507277,3.3666666666666667
2023-12-05 18:00:00,18,29,1,10,18,0,0,6,14,2,16,2,19.78333333333333,308.5,4.0,9.62,72.5,1.03125,369.9196136034732,4.604184887805577,0.725,0.6237006237006237,3.413793103448276
2023-12-05 19:00:00,19,30,2,11,17,0,0,8,17,2,19,2,20.78333333333333,332.0,4.0,9.62,75.0,1.25,417.9046136034733,5.535602910602911,0.75,0.8316008316008316,3.5
2023-12-05 20:00:00,20,36,2,11,23,0,0,14,17,3,20,3,21.78333333333333,232.5,4.0,11.05,90.0,1.5375,450.6829204052098,7.403808446455504,0.9,1.2669683257918551,3.4166666666666665
2023-12-05 21:00:00,21,47,2,14,29,1,1,16,18,4,22,4,22.78333333333333,248.0,4.0,11.05,117.5,2.1666666666666665,507.5862272069464,8.706007509386733,1.175,1.4479638009049771,3.3191489361702127
2023-12-05 22:00:00,22,46,2,13,31,0,0,9,19,3,22,3,23.78333333333333,308.0,3.0,7.73,115.0,2.8703703703703702,510.2129204052098,7.798167782214972,1.15,1.1642949547218628,3.369565217391304
2023-12-05 23:00:00,23,51,3,14,32,2,0,10,22,4,26,4,24.78333333333333,289.5,3.0,7.73,127.5,4.071428571428571,581.0462272069465,8.61256943915988,1.275,1.2936610608020698,3.3529411764705883
2023-12-06 00:00:00,0,52,4,13,32,3,0,9,24,3,27,3,25.78333333333333,342.0,3.0,7.73,130.0,4.461538461538462,601.3629204052099,8.24591004080008,1.3,1.1642949547218628,3.3461538461538463
2023-12-06 01:00:00,1,51,3,13,33,2,0,9,24,3,27,3,26.78333333333333,402.0,3.0,7.73,127.5,4.358974358974359,604.8579204052098,8.13098318240621,1.275,1.1642949547218628,3.333333333333333
2023-12-06 02:00:00,2,48,1,13,30,4,0,7,26,1,27,1,27.78333333333333,462.0,3.0,7.73,120.0,3.9743589743589753,602.3263068017366,6.799213022854678,1.2,0.9055627425614488,3.2291666666666665
2023-12-06 03:00:00,3,42,1,13,27,1,0,5,26,1,27,1,28.78333333333333,522.0,3.0,7.73,105.0,3.58974358974359,595.0963068017367,5.65610176800345,1.05,0.6468305304010349,3.333333333333333
2023-12-06 04:00:00,4,38,1,11,26,0,0,4,27,1,28,1,29.78333333333333,562.0,3.0,7.73,95.0,3.5277777777777777,605.5563068017366,4.904420576019609,0.95,0.517464424320828,3.3421052631578947
2023-12-06 05:00:00,5,37,1,11,25,0,0,1,26,1,27,1,30.78333333333333,642.0,3.0,7.73,92.5,3.1794871794871797,595.6513068017366,3.533551274430964,0.925,0.129366106080207,3.3513513513513518
2023-12-06 06:00:00,6,37,1,11,24,1,0,4,27,1,28,1,31.78333333333333,682.0,3.0,7.73,92.5,3.4166666666666665,614.6913068017366,4.795219572742211,0.925,0.517464424320828,3.324324324324324
2023-12-06 07:00:00,7,39,1,11,27,0,0,5,27,1,28,1,32.78333333333333,742.0,3.0,7.73,97.5,3.611111111111111,624.6213068017366,5.40610176800345,0.975,0.6468305304010349,3.333333333333333
2023-12-06 08:00:00,8,39,1,12,26,0,0,3,29,1,30,1,33.78333333333333,769.0,3.0,7.0600000000000005,97.5,4.366666666666666,657.0613068017366,4.702326214861625,0.975,0.4249291784702549,3.358974358974359
2023-12-06 09:00:00,9,36,2,10,24,0,0,4,24,2,26,2,34.78333333333333,778.5,3.0,7.0600000000000005,90.0,2.9047619047619047,603.5346136034732,4.970050361976708,0.9,0.56657223796034,3.388888888888889
2023-12-06 10:00:00,10,35,2,11,22,0,0,5,23,2,25,2,35.78333333333333,876.0,4.0,10.760000000000002,87.5,2.0,593.6296136034732,4.59320233669676,0.875,0.4646840148698884,3.4285714285714284
2023-12-06 11:00:00,11,37,2,12,23,0,0,9,19,2,21,2,36.78333333333333,790.0,4.0,10.760000000000002,92.5,1.6710526315789471,549.9596136034733,6.045993670250176,0.925,0.8364312267657992,3.4324324324324325
2023-12-06 12:00:00,12,34,2,10,22,0,0,6,14,2,16,2,37.78333333333333,751.0,4.0,10.760000000000002,85.0,1.2083333333333333,482.1646136034732,4.802471025584954,0.85,0.5576208178438661,3.411764705882353
2023-12-06 13:00:00,13,30,2,8,20,0,0,6,13,2,15,2,38.78333333333333,466.0,4.0,10.760000000000002,75.0,1.02,465.8246136034732,4.445910780669144,0.75,0.5576208178438661,3.4
2023-12-06 14:00:00,14,33,1,11,21,0,0,9,13,3,16,3,39.78333333333333,332.5,4.0,10.760000000000002,82.5,1.1666666666666667,492.16792040520977,5.6387968908415,0.825,0.8364312267657992,3.393939393939394
2023-12-06 15:00:00,15,32,1,11,20,0,0,5,11,3,14,3,40.78333333333333,392.5,4.0,10.760000000000002,80.0,1.0480769230769231,468.8629204052098,4.307829925650557,0.8,0.4646840148698884,3.40625
2023-12-06 16:00:00,16,25,1,6,18,0,0,9,10,0,10,0,23.5,382.5,4.0,10.760000000000002,62.5,0.6916666666666667,300.165,4.851951672862453,0.625,0.8364312267657992,3.32
2023-12-06 17:00:00,17,28,0,7,20,1,0,11,13,0,13,0,24.5,383.0,4.0,10.760000000000002,70.0,0.8333333333333334,352.44,5.535979819437068,0.7,1.0223048327137545,3.2142857142857144
2023-12-06 18:00:00,18,31,0,8,22,1,0,7,14,1,15,1,25.5,320.0,4.0,10.760000000000002,77.5,1.0,392.1833068017366,4.598572970380141,0.775,0.6505576208178437,3.225806451612903
2023-12-06 19:00:00,19,32,1,6,21,4,0,9,12,2,14,2,11.166666666666666,176.0,4.0,10.760000000000002,80.0,0.9615384615384616,300.9566136034732,5.113847583643123,0.8,0.8364312267657992,3.125
2023-12-06 20:00:00,20,28,1,6,17,3,1,8,9,3,12,3,12.166666666666666,195.5,4.0,12.03,70.0,0.7767857142857143,272.08492040520986,4.2412629141432125,0.7,0.6650041562759766,3.107142857142857
2023-12-06 21:00:00,21,28,0,6,18,3,1,10,8,3,11,3,13.166666666666666,271.0,4.0,12.03,70.0,0.7327586206896551,264.3249204052098,4.648453271582946,0.7,0.8312551953449708,3.0357142857142856
2023-12-06 22:00:00,22,31,0,8,21,2,0,10,10,2,12,2,14.166666666666666,315.5,3.0,8.33,77.5,1.1785714285714286,288.93161360347324,6.308791581148587,0.775,1.2004801920768309,3.193548387096774
2023-12-06 23:00:00,23,25,0,6,17,2,0,5,11,1,12,1,15.166666666666666,375.5,3.0,8.33,62.5,0.9404761904761904,280.8333068017366,3.871758703481393,0.625,0.6002400960384153,3.16
2023-12-07 00:00:00,0,20,0,5,13,2,0,5,12,1,13,1,16.166666666666668,420.0,3.0,8.33,50.0,0.7777777777777778,289.1483068017366,3.465756302521008,0.5,0.6002400960384153,3.15
2023-12-07 01:00:00,1,26,0,5,17,4,0,7,13,1,14,1,17.166666666666668,471.0,3.0,8.33,65.0,1.0128205128205128,321.0583068017366,4.52832902391726,0.65,0.8403361344537815,3.0384615384615383
2023-12-07 02:00:00,2,28,0,5,20,3,0,6,14,1,15,1,18.166666666666668,522.0,3.0,8.33,70.0,1.1466666666666667,344.3883068017366,4.362313496827302,0.7,0.7202881152460985,3.071428571428572
2023-12-07 03:00:00,3,28,0,3,22,3,0,5,15,0,15,0,19.166666666666668,582.0,3.0,8.33,70.0,1.12,349.16,3.900720288115246,0.7,0.6002400960384153,3.0
2023-12-07 04:00:00,4,25,0,4,18,3,0,3,15,0,15,0,20.166666666666668,642.0,3.0,8.33,62.5,1.0133333333333334,348.365,2.9948379351740697,0.625,0.3601440576230492,3.04
2023-12-07 05:00:00,5,25,0,4,19,2,0,1,15,0,15,0,21.166666666666668,702.0,3.0,8.33,62.5,1.0266666666666666,354.005,2.294747899159664,0.625,0.120048019207683,3.08
2023-12-07 06:00:00,6,27,0,6,19,2,0,2,15,0,15,0,22.166666666666668,762.0,3.0,8.33,67.5,1.1333333333333333,363.935,2.8808578987150417,0.675,0.2400960384153661,3.1481481481481484
2023-12-07 07:00:00,7,28,0,5,21,2,0,5,15,0,15,0,23.166666666666668,822.0,3.0,8.33,70.0,1.16,371.72,4.040031726976505,0.7,0.6002400960384153,3.107142857142857
2023-12-07 08:00:00,8,26,0,4,20,2,0,2,16,0,16,0,24.166666666666668,752.5,3.0,6.5,65.0,1.1111111111111112,386.47,2.946745562130178,0.65,0.3076923076923077,3.076923076923077
2023-12-07 09:00:00,9,24,0,5,17,2,0,3,16,0,16,0,25.166666666666668,812.5,3.0,6.5,60.0,1.0416666666666667,387.82,3.3173076923076925,0.6,0.4615384615384615,3.125
2023-12-07 10:00:00,10,26,0,7,19,0,0,10,17,0,17,0,26.166666666666668,701.0,4.0,9.75,65.0,0.9239130434782608,411.15,5.478057199211045,0.65,1.0256410256410255,3.269230769230769
2023-12-07 11:00:00,11,30,0,11,19,0,0,10,18,0,18,0,27.166666666666668,349.0,4.0,9.75,75.0,1.1477272727272727,438.77,5.977991452991453,0.75,1.0256410256410255,3.3666666666666667
2023-12-07 12:00:00,12,27,0,10,17,0,0,4,17,0,17,0,28.166666666666668,194.0,4.0,9.75,67.5,0.9891304347826086,424.5750000000001,3.657716049382716,0.675,0.4102564102564102,3.3703703703703702
2023-12-07 13:00:00,13,33,0,9,24,0,0,12,17,0,17,0,29.166666666666668,187.0,4.0,9.75,82.5,1.173913043478261,443.085,6.727972027972029,0.825,1.2307692307692308,3.272727272727273
2023-12-07 14:00:00,14,29,0,8,21,0,0,9,16,0,16,0,28.916666666666668,226.5,4.0,9.75,72.5,0.9895833333333334,419.6950000000001,5.398872679045093,0.725,0.9230769230769232,3.2758620689655173
2023-12-07 15:00:00,15,35,0,9,26,0,0,13,17,1,18,1,29.916666666666668,224.0,4.0,9.75,87.5,1.2954545454545454,465.8733068017366,7.192857142857142,0.875,1.3333333333333333,3.257142857142857
2023-12-07 16:00:00,16,37,1,11,25,0,0,8,17,1,18,1,23.816666666666663,224.5,4.0,9.75,92.5,1.4090909090909092,435.7593068017367,5.84982674982675,0.925,0.8205128205128205,3.3513513513513518
2023-12-07 17:00:00,17,37,1,9,24,3,0,7,17,1,18,1,24.816666666666663,284.5,4.0,9.75,92.5,1.3522727272727273,441.3993068017367,5.284078309078309,0.925,0.717948717948718,3.216216216216216
2023-12-07 18:00:00,18,34,1,7,22,4,0,5,18,1,19,1,25.816666666666663,305.0,4.0,9.75,85.0,1.2738095238095235,454.00430680173656,4.288876319758673,0.85,0.5128205128205128,3.147058823529412
2023-12-07 19:00:00,19,31,2,6,20,3,0,6,17,1,18,1,19.383333333333333,342.5,4.0,9.75,77.5,1.1363636363636365,397.8853068017367,4.485111662531017,0.775,0.6153846153846154,3.225806451612903
2023-12-07 20:00:00,20,29,2,7,18,2,0,5,14,1,15,1,10.116666666666667,343.0,4.0,10.48,72.5,0.96,301.1313068017366,3.9793629902605945,0.725,0.4770992366412213,3.310344827586207
2023-12-07 21:00:00,21,31,2,6,22,1,0,6,13,1,14,1,11.116666666666667,398.5,4.0,10.48,77.5,0.9807692307692308,297.6613068017366,4.4337724698350165,0.775,0.5725190839694656,3.290322580645161
2023-12-07 22:00:00,22,37,3,6,25,3,0,12,15,2,17,2,12.116666666666667,449.0,3.0,7.23,92.5,1.7391304347826086,357.23961360347323,8.382976337333185,0.925,1.6597510373443982,3.2432432432432434
2023-12-07 23:00:00,23,35,3,5,22,5,0,9,15,2,17,2,13.116666666666667,509.0,3.0,7.23,87.5,1.608695652173913,358.58961360347325,6.722836395969176,0.875,1.2448132780082988,3.1714285714285717
2023-12-08 00:00:00,0,39,3,6,24,6,0,9,15,0,15,0,14.116666666666667,569.0,3.0,7.23,97.5,1.64,344.273,7.0009495691030965,0.975,1.2448132780082988,3.1538461538461537
2023-12-08 01:00:00,1,39,3,6,28,2,0,9,15,0,15,0,15.116666666666667,629.0,3.0,7.23,97.5,1.6933333333333334,349.91299999999995,7.228622725821896,0.975,1.2448132780082988,3.2564102564102564
2023-12-08 02:00:00,2,37,3,6,26,2,0,7,15,1,16,1,16.116666666666667,658.5,3.0,7.23,92.5,1.6805555555555556,365.5313068017366,6.191236776195282,0.925,0.9681881051175656,3.27027027027027
2023-12-08 03:00:00,3,29,2,5,21,1,0,4,15,0,15,0,17.116666666666667,749.0,3.0,7.23,72.5,1.2666666666666666,339.743,4.187371822387561,0.725,0.553250345781466,3.2758620689655173
2023-12-08 04:00:00,4,27,3,5,18,1,0,4,16,0,16,0,18.116666666666667,778.5,3.0,7.23,67.5,1.2638888888888888,354.493,4.139658572819015,0.675,0.553250345781466,3.3703703703703702
2023-12-08 05:00:00,5,29,3,7,18,1,0,4,16,1,17,1,19.116666666666667,808.0,3.0,7.23,72.5,1.434782608695652,378.69130680173663,4.363682214909143,0.725,0.553250345781466,3.413793103448276
2023-12-08 06:00:00,6,26,3,6,16,1,0,1,16,1,17,1,20.116666666666667,868.0,3.0,7.23,65.0,1.289855072463768,377.8963068017366,2.698454622832216,0.65,0.1383125864453665,3.423076923076923
2023-12-08 07:00:00,7,25,3,6,15,1,0,2,16,1,17,1,21.116666666666667,928.0,3.0,7.23,62.5,1.2463768115942029,381.3913068017366,3.1015905947441214,0.625,0.276625172890733,3.44
2023-12-08 08:00:00,8,24,3,7,13,1,0,2,16,1,17,1,22.116666666666667,988.0,3.0,6.65,60.0,1.2173913043478262,384.8863068017366,3.152631578947368,0.6,0.3007518796992481,3.5
2023-12-08 09:00:00,9,30,3,6,17,4,0,8,16,1,17,1,23.116666666666667,1048.0,3.0,6.65,75.0,1.420289855072464,403.3963068017366,6.379824561403509,0.75,1.2030075187969924,3.2666666666666666
2023-12-08 10:00:00,10,28,3,4,19,2,0,7,16,0,16,0,24.116666666666667,1053.5,4.0,10.01,70.0,0.9583333333333334,390.478,4.597702297702297,0.7,0.6993006993006993,3.2857142857142856
2023-12-08 11:00:00,11,26,1,6,18,1,0,10,17,0,17,0,25.05,794.0,4.0,10.01,65.0,0.9239130434782608,404.852,5.390964804426343,0.65,0.999000999000999,3.269230769230769
2023-12-08 12:00:00,12,30,1,6,21,2,0,11,15,0,15,0,26.05,138.0,4.0,10.01,75.0,0.96,392.2720000000001,5.916483516483517,0.75,1.098901098901099,3.2
2023-12-08 13:00:00,13,22,0,5,17,0,0,3,11,0,11,0,27.05,177.0,4.0,10.01,55.00000000000001,0.6120689655172413,327.152,2.74221460357824,0.55,0.2997002997002997,3.227272727272727
2023-12-08 14:00:00,14,22,1,3,17,1,0,9,10,1,11,1,28.05,237.0,4.0,10.01,55.00000000000001,0.603448275862069,333.6603068017366,4.610775588048315,0.55,0.8991008991008991,3.1818181818181817
2023-12-08 15:00:00,15,26,0,4,22,0,0,11,11,0,11,0,26.08333333333333,182.0,4.0,10.01,65.0,0.7068965517241379,330.28,5.515765004226543,0.65,1.098901098901099,3.1538461538461537
2023-12-08 16:00:00,16,27,1,5,21,0,0,10,10,1,11,1,24.216666666666665,112.0,4.0,10.01,67.5,0.7586206896551724,322.76530680173664,5.456003256003257,0.675,0.999000999000999,3.259259259259259
2023-12-08 17:00:00,17,33,1,10,22,0,0,14,15,2,17,2,25.216666666666665,64.0,4.0,10.01,82.5,1.2065217391304348,422.5436136034732,7.47938652256834,0.825,1.3986013986013983,3.363636363636364
2023-12-08 18:00:00,18,36,2,11,23,0,0,9,17,2,19,2,26.216666666666665,105.0,4.0,10.01,90.0,1.4642857142857142,461.4186136034732,6.146928071928072,0.9,0.8991008991008991,3.4166666666666665
2023-12-08 19:00:00,19,38,2,10,22,3,1,11,16,2,18,2,8.95,137.0,4.0,10.01,95.0,1.3977272727272727,354.92461360347323,6.631969346443031,0.95,1.098901098901099,3.236842105263158
2023-12-08 20:00:00,20,29,2,8,18,1,0,7,11,2,13,2,9.95,184.0,4.0,9.93,72.5,0.9074074074074074,274.2596136034732,4.832192589505852,0.725,0.7049345417925479,3.3793103448275863
2023-12-08 21:00:00,21,34,2,9,22,1,0,10,9,2,11,2,10.95,230.0,4.0,9.93,85.0,0.9827586206896552,263.8246136034732,6.226577216989514,0.85,1.0070493454179257,3.3529411764705883
2023-12-08 22:00:00,22,28,1,7,19,1,0,9,8,1,9,1,11.95,290.0,3.0,6.57,70.0,0.989247311827957,228.92630680173664,6.800978473581212,0.7,1.36986301369863,3.2857142857142856
2023-12-08 23:00:00,23,26,1,7,17,1,0,9,6,1,7,1,12.95,340.0,3.0,6.57,65.0,0.8686868686868687,203.4763068017366,6.681085353003161,0.65,1.36986301369863,3.3076923076923075
2023-12-09 00:00:00,0,28,1,8,17,2,0,9,7,1,8,1,13.95,356.5,3.0,6.57,70.0,0.9583333333333334,226.8063068017366,6.800978473581212,0.7,1.36986301369863,3.2857142857142856
2023-12-09 01:00:00,1,20,1,7,10,2,0,2,7,1,8,1,14.95,416.5,3.0,6.57,50.0,0.6979166666666666,215.2863068017366,2.694786910197869,0.5,0.30441400304414,3.35
2023-12-09 02:00:00,2,19,1,6,10,2,0,2,7,1,8,1,15.95,476.5,3.0,6.57,47.5,0.65625,218.7813068017366,2.584372746935833,0.475,0.30441400304414,3.3157894736842106
2023-12-09 03:00:00,3,15,1,5,7,2,0,0,7,1,8,1,16.95,536.5,3.0,6.57,37.5,0.5208333333333334,215.8413068017366,1.25,0.375,0.0,3.333333333333333
2023-12-09 04:00:00,4,15,1,6,6,2,0,2,7,1,8,1,17.95,596.5,3.0,6.57,37.5,0.53125,221.4813068017366,2.310007610350076,0.375,0.30441400304414,3.4
2023-12-09 05:00:00,5,19,1,7,9,2,0,4,7,2,9,2,18.95,613.0,3.0,6.57,47.5,0.6881720430107527,249.96961360347325,3.6507890731394697,0.475,0.60882800608828,3.3684210526315788
2023-12-09 06:00:00,6,18,1,7,8,2,0,1,7,2,9,2,19.95,673.0,3.0,6.57,45.0,0.6559139784946236,253.4646136034732,2.0408126162692373,0.45,0.15220700152207,3.388888888888889
2023-12-09 07:00:00,7,19,1,5,11,2,0,3,8,1,9,1,20.95,733.0,3.0,6.57,47.5,0.6666666666666666,260.3813068017366,3.040026435952896,0.475,0.45662100456621,3.263157894736842
2023-12-09 08:00:00,8,20,1,5,12,2,0,5,8,1,9,1,15.333333333333334,759.0,3.0,6.4,50.0,0.6989247311827957,230.8483068017366,4.1640625,0.5,0.78125,3.25
2023-12-09 09:00:00,9,20,1,5,13,1,0,4,7,1,8,1,16.333333333333332,790.5,3.0,6.4,50.0,0.6875,223.08830680173665,3.7125,0.5,0.625,3.3
2023-12-09 10:00:00,10,21,1,6,13,1,0,6,7,1,8,1,17.333333333333332,740.5,4.0,10.1,52.5,0.546875,230.87330680173665,3.73019801980198,0.525,0.5940594059405939,3.333333333333333
2023-12-09 11:00:00,11,24,1,7,15,1,0,8,6,1,7,1,18.33333333333333,265.0,4.0,10.1,60.0,0.6060606060606061,229.5483068017366,4.64026402640264,0.6,0.792079207920792,3.333333333333333
2023-12-09 12:00:00,12,22,0,5,17,0,0,8,7,1,8,1,19.33333333333333,203.0,4.0,10.1,55.00000000000001,0.5546875,244.29830680173663,4.331255625562556,0.55,0.792079207920792,3.227272727272727
2023-12-09 13:00:00,13,28,0,4,23,1,0,10,7,1,8,1,20.33333333333333,166.5,4.0,10.1,70.0,0.6796875,262.8083068017366,5.251379066478076,0.7,0.99009900990099,3.107142857142857
2023-12-09 14:00:00,14,20,0,5,15,0,0,7,7,1,8,1,21.33333333333333,226.5,4.0,10.1,50.0,0.5078125,251.2883068017366,3.877475247524752,0.5,0.693069306930693,3.25
2023-12-09 15:00:00,15,20,1,7,11,1,0,16,8,1,9,1,22.33333333333333,117.0,4.0,10.1,50.0,0.5483870967741935,270.32830680173663,7.086138613861385,0.5,1.584158415841584,3.4
2023-12-09 16:00:00,16,20,3,3,14,0,0,12,8,0,8,0,22.83333333333333,86.5,4.0,10.1,50.0,0.5390625,258.88,5.824009900990099,0.5,1.1881188118811878,3.45
2023-12-09 17:00:00,17,31,4,4,21,2,0,19,9,1,10,1,23.83333333333333,100.5,4.0,10.1,77.5,0.8583333333333333,315.78330680173656,8.825399233471733,0.775,1.8811881188118809,3.3225806451612905
2023-12-09 18:00:00,18,33,4,6,20,3,0,12,12,2,14,2,24.83333333333333,126.0,4.0,10.1,82.5,1.0576923076923077,380.1816136034733,6.710396039603959,0.825,1.1881188118811878,3.333333333333333
2023-12-09 19:00:00,19,33,2,9,21,1,0,14,13,2,15,2,25.83333333333333,112.0,4.0,10.1,82.5,1.11,399.2216136034732,7.437466246624662,0.825,1.386138613861386,3.363636363636364
2023-12-09 20:00:00,20,36,0,11,23,2,0,13,14,1,15,1,26.83333333333333,155.0,4.0,10.3,90.0,1.17,410.4283068017366,7.026941747572815,0.9,1.262135922330097,3.25
2023-12-09 21:00:00,21,36,0,10,25,1,0,9,13,0,13,0,27.83333333333333,157.0,4.0,10.3,90.0,1.0833333333333333,388.4,5.764805825242719,0.9,0.8737864077669902,3.25
2023-12-09 22:00:00,22,42,0,7,32,3,0,16,11,0,11,0,12.75,206.0,3.0,6.6,105.0,1.4942528735632183,289.4,10.753607503607505,1.05,2.4242424242424243,3.095238095238096
2023-12-09 23:00:00,23,39,0,7,29,3,0,12,10,0,10,0,13.75,270.0,3.0,6.6,97.5,1.3444444444444446,275.205,8.666025641025643,0.975,1.8181818181818183,3.102564102564102
2023-12-10 00:00:00,0,36,0,7,26,3,0,11,9,0,9,0,14.75,326.0,3.0,6.6,90.0,1.2043010752688172,261.01,7.985185185185186,0.9,1.6666666666666667,3.111111111111111
2023-12-10 01:00:00,1,24,0,6,16,2,0,4,10,0,10,0,15.75,377.0,3.0,6.6,60.0,0.8444444444444444,254.31,3.819191919191919,0.6,0.6060606060606061,3.1666666666666665
2023-12-10 02:00:00,2,20,0,7,13,0,0,6,9,0,9,0,16.75,446.0,3.0,6.6,50.0,0.7204301075268817,237.97000000000003,4.720454545454546,0.5,0.9090909090909092,3.35
2023-12-10 03:00:00,3,17,0,5,12,0,0,1,9,0,9,0,17.75,506.0,3.0,6.6,42.5,0.6021505376344086,237.175,1.899108734402852,0.425,0.1515151515151515,3.294117647058824
2023-12-10 04:00:00,4,18,0,5,13,0,0,4,8,0,8,0,18.75,557.0,3.0,6.6,45.0,0.6145833333333334,231.56,3.4615319865319867,0.45,0.6060606060606061,3.2777777777777777
2023-12-10 05:00:00,5,17,0,5,12,0,0,2,9,0,9,0,19.75,608.0,3.0,6.6,42.5,0.6021505376344086,248.455,2.398217468805704,0.425,0.303030303030303,3.294117647058824
2023-12-10 06:00:00,6,20,0,5,15,0,0,4,9,0,9,0,20.75,668.0,3.0,6.6,50.0,0.6989247311827957,260.53,3.5946969696969693,0.5,0.6060606060606061,3.25
2023-12-10 07:00:00,7,23,0,7,16,0,0,4,9,0,9,0,21.75,728.0,3.0,6.6,57.49999999999999,0.8172043010752689,272.605,3.902635046113308,0.575,0.6060606060606061,3.3043478260869565
2023-12-10 08:00:00,8,22,0,7,15,0,0,7,9,0,9,0,22.75,788.0,3.0,7.51,55.00000000000001,0.7849462365591398,276.1,4.91784590243312,0.55,0.9320905459387484,3.3181818181818183
2023-12-10 09:00:00,9,25,0,8,16,1,0,9,9,0,9,0,23.75,838.0,3.0,7.51,62.5,0.8817204301075269,288.175,5.980758988015978,0.625,1.1984021304926764,3.28
2023-12-10 10:00:00,10,26,0,8,17,1,0,12,10,1,11,1,24.75,598.0,4.0,12.49,65.0,0.7327586206896551,323.6283068017366,5.265974317915871,0.65,0.9607686148919136,3.269230769230769
2023-12-10 11:00:00,11,31,0,7,24,0,0,13,11,1,12,1,25.75,130.5,4.0,12.49,77.5,0.8928571428571429,353.39330680173657,5.857524729460988,0.775,1.0408326661329064,3.225806451612903
2023-12-10 12:00:00,12,39,1,6,32,0,0,17,11,1,12,1,26.75,130.5,4.0,12.49,97.5,1.1160714285714286,376.19330680173664,7.48746433043871,0.975,1.3610888710968774,3.2051282051282053
2023-12-10 13:00:00,13,35,2,6,27,0,0,15,14,2,16,2,27.75,110.5,4.0,12.49,87.5,1.1979166666666667,427.7216136034732,6.821013954020359,0.875,1.200960768614892,3.2857142857142856
2023-12-10 14:00:00,14,41,1,6,33,1,0,11,14,1,15,1,28.75,153.0,4.0,12.49,102.5,1.3,431.96330680173656,6.042477884746822,1.025,0.8807045636509208,3.1707317073170733
2023-12-10 15:00:00,15,38,1,6,29,2,0,12,14,2,16,2,29.75,194.0,4.0,12.49,95.0,1.25,445.4366136034732,6.034006152290253,0.95,0.9607686148919136,3.1578947368421053
2023-12-10 16:00:00,16,34,0,6,25,2,1,8,14,1,15,1,30.75,273.0,4.0,12.49,85.0,1.04,428.2283068017366,4.559214430367823,0.85,0.6405124099279423,3.0588235294117645
2023-12-10 17:00:00,17,40,0,6,26,8,0,16,13,1,14,1,31.75,314.0,4.0,12.49,100.0,1.1346153846153846,433.33830680173656,6.729023218574861,1.0,1.281024819855885,2.95
2023-12-10 18:00:00,18,43,0,6,28,9,0,16,15,1,16,1,32.75,337.5,4.0,12.49,107.5,1.3125,472.21330680173656,6.903700634926546,1.075,1.281024819855885,2.9302325581395348
2023-12-10 19:00:00,19,38,0,6,24,8,0,12,14,1,15,1,33.75,380.0,4.0,12.49,95.0,1.12,453.7283068017366,5.631739075470902,0.95,0.9607686148919136,2.9473684210526314
2023-12-10 20:00:00,20,37,0,7,24,6,0,14,15,2,17,2,34.75,396.0,4.0,11.38,92.5,1.2173913043478262,484.8916136034733,6.523934831140457,0.925,1.2302284710017577,3.027027027027027
2023-12-10 21:00:00,21,39,0,8,28,3,0,13,16,2,18,2,35.75,436.0,4.0,11.38,97.5,1.3863636363636365,508.2216136034733,6.623520796719391,0.975,1.1423550087873462,3.128205128205128
2023-12-10 22:00:00,22,36,0,7,25,4,0,14,17,2,19,2,36.75,292.0,3.0,6.4,90.0,1.761904761904762,520.8266136034732,9.519791666666666,0.9,2.1875,3.083333333333333
2023-12-10 23:00:00,23,38,0,7,28,3,0,13,18,2,20,2,37.75,340.0,3.0,6.4,95.0,1.9666666666666663,544.1566136034733,9.257565789473684,0.95,2.03125,3.1052631578947367
2023-12-11 00:00:00,0,37,0,6,27,4,0,10,18,2,20,2,38.75,400.0,3.0,6.4,92.5,1.8833333333333333,547.6516136034732,7.596959459459459,0.925,1.5625,3.054054054054054
2023-12-11 01:00:00,1,36,0,7,26,3,0,8,18,2,20,2,39.75,460.0,3.0,6.4,90.0,1.8666666666666667,551.1466136034733,6.688888888888889,0.9,1.25,3.111111111111111
2023-12-11 02:00:00,2,33,0,6,25,2,0,2,19,1,20,1,40.75,440.0,3.0,6.4,82.5,1.7166666666666666,549.4833068017366,3.550378787878788,0.825,0.3125,3.121212121212121
2023-12-11 03:00:00,3,35,0,5,26,4,0,5,19,1,20,1,41.75,500.0,3.0,6.4,87.5,1.7666666666666666,559.4133068017367,5.016071428571428,0.875,0.78125,3.0285714285714285
2023-12-11 04:00:00,4,35,0,7,25,3,0,6,18,1,19,1,42.75,628.0,3.0,6.4,87.5,1.7301587301587302,551.6533068017366,5.644642857142857,0.875,0.9375,3.1142857142857143
2023-12-11 05:00:00,5,33,0,6,25,2,0,3,19,1,20,1,43.75,620.0,3.0,6.4,82.5,1.7166666666666666,566.4033068017366,4.038068181818182,0.825,0.46875,3.121212121212121
2023-12-11 06:00:00,6,29,0,6,21,2,0,2,17,1,18,1,44.75,760.0,3.0,6.4,72.5,1.378787878787879,536.6633068017366,3.255603448275862,0.725,0.3125,3.1379310344827585
2023-12-11 07:00:00,7,29,1,6,20,2,0,2,18,1,19,1,45.75,808.0,3.0,6.4,72.5,1.4761904761904765,555.7033068017365,3.3271551724137933,0.725,0.3125,3.206896551724138
2023-12-11 08:00:00,8,33,2,8,21,2,0,6,19,2,21,2,46.75,732.0,3.0,6.58,82.5,1.912280701754386,597.5916136034732,5.736881735285991,0.825,0.9118541033434652,3.303030303030303
2023-12-11 09:00:00,9,34,3,8,22,1,0,7,18,3,21,3,47.75,792.0,3.0,6.58,85.0,2.017543859649123,606.2449204052099,6.473247809762203,0.85,1.0638297872340423,3.3823529411764706
2023-12-11 10:00:00,10,39,3,8,26,2,0,8,20,3,23,3,48.75,791.0,4.0,9.92,97.5,1.897058823529412,649.4099204052097,5.892493796526054,0.975,0.8064516129032259,3.3076923076923075
2023-12-11 11:00:00,11,43,3,9,29,2,0,12,19,4,23,4,49.75,851.0,4.0,9.92,107.5,2.088235294117647,664.4982272069465,7.5447486871717935,1.075,1.2096774193548387,3.302325581395349
2023-12-11 12:00:00,12,39,3,10,26,0,0,6,20,4,24,4,50.75,887.0,4.0,9.92,97.5,2.078125,674.9582272069465,5.387655086848635,0.975,0.6048387096774194,3.41025641025641
2023-12-11 13:00:00,13,43,3,9,31,0,0,9,20,4,24,4,51.75,920.0,4.0,9.92,107.5,2.25,689.1782272069465,6.638259564891223,1.075,0.907258064516129,3.3488372093023258
2023-12-11 14:00:00,14,46,2,9,34,1,0,12,22,3,25,3,52.75,911.0,4.0,9.92,115.0,2.5,713.7849204052098,7.694600280504908,1.15,1.2096774193548387,3.260869565217391
2023-12-11 15:00:00,15,47,2,7,36,2,0,7,22,3,25,3,48.766666666666666,395.0,4.0,9.92,117.5,2.5,693.4639204052098,6.002059025394647,1.175,0.7056451612903226,3.191489361702128
2023-12-11 16:00:00,16,43,2,7,30,4,0,9,22,3,25,3,49.766666666666666,381.0,4.0,9.92,107.5,2.2666666666666666,690.5239204052098,6.26946736684171,1.075,0.907258064516129,3.1627906976744184
2023-12-11 17:00:00,17,41,2,7,29,3,0,6,23,3,26,3,50.766666666666666,406.0,4.0,9.92,102.5,2.3392857142857144,705.2739204052098,5.207533438237609,1.025,0.6048387096774194,3.1951219512195124
2023-12-11 18:00:00,18,45,2,8,31,4,0,11,25,3,28,3,51.766666666666666,415.5,4.0,9.92,112.5,2.9791666666666665,746.2939204052097,7.098745519713261,1.125,1.1088709677419355,3.1777777777777776
2023-12-11 19:00:00,19,53,2,9,37,5,0,13,27,3,30,3,52.766666666666666,458.0,4.0,9.92,132.5,4.175,795.8939204052099,8.304260499087036,1.325,1.310483870967742,3.150943396226415
2023-12-11 20:00:00,20,61,2,9,44,6,0,15,30,2,32,2,53.766666666666666,463.5,4.0,10.57,152.5,5.9375,844.6256136034731,9.170180839679263,1.525,1.4191106906338693,3.114754098360656
2023-12-11 21:00:00,21,64,1,9,49,5,0,12,31,1,32,1,54.766666666666666,468.5,4.0,10.57,160.0,6.1875,855.8323068017366,8.462298959318828,1.6,1.1352885525070957,3.09375
2023-12-11 22:00:00,22,61,1,10,44,6,0,8,30,1,31,1,55.766666666666666,526.0,3.0,7.23,152.5,7.0,841.6373068017366,8.15333820828515,1.525,1.106500691562932,3.098360655737705
2023-12-11 23:00:00,23,57,1,11,38,6,1,13,31,2,33,2,56.766666666666666,572.0,3.0,7.23,142.5,8.380952380952381,866.3656136034732,9.951915750649096,1.425,1.7980636237897647,3.087719298245614
2023-12-12 00:00:00,0,47,1,10,30,4,2,5,31,2,33,2,57.766666666666666,632.0,3.0,7.23,117.5,6.904761904761905,850.5556136034731,5.758545216444484,1.175,0.6915629322268326,3.0851063829787235
2023-12-12 01:00:00,1,46,1,10,30,4,1,6,32,2,34,2,58.766666666666666,641.5,3.0,7.23,115.0,8.0,867.4506136034732,6.197871188886884,1.15,0.8298755186721991,3.130434782608696
2023-12-12 02:00:00,2,41,3,9,26,3,0,5,33,3,36,3,59.766666666666666,610.0,3.0,7.23,102.5,11.25,890.03392040521,5.652097459771277,1.025,0.6915629322268326,3.292682926829268
2023-12-12 03:00:00,3,41,3,9,26,3,0,2,33,3,36,3,60.766666666666666,670.0,3.0,7.23,102.5,11.25,895.6739204052099,4.28583898390851,1.025,0.276625172890733,3.292682926829268
2023-12-12 04:00:00,4,41,3,9,25,3,1,3,33,3,36,3,61.766666666666666,730.0,3.0,7.23,102.5,11.083333333333334,901.31392040521,4.671017609553688,1.025,0.4149377593360995,3.2439024390243905
2023-12-12 05:00:00,5,42,3,9,27,3,0,2,33,3,36,3,62.766666666666666,790.0,3.0,7.23,105.0,11.5,909.0989204052098,4.358911282355265,1.05,0.276625172890733,3.2857142857142856
2023-12-12 06:00:00,6,44,2,9,29,4,0,3,34,2,36,2,63.766666666666666,850.0,3.0,7.23,110.0,11.75,918.1606136034732,4.854686910599773,1.1,0.4149377593360995,3.2045454545454546
2023-12-12 07:00:00,7,45,2,9,31,3,0,4,35,2,37,2,64.76666666666667,887.0,3.0,7.23,112.5,16.11111111111111,939.3456136034732,5.407695558629168,1.125,0.553250345781466,3.2222222222222223
2023-12-12 08:00:00,8,45,3,9,30,3,0,2,36,2,38,2,65.76666666666667,939.5,3.0,6.55,112.5,24.5,958.3856136034732,4.672455470737914,1.125,0.3053435114503817,3.2666666666666666
2023-12-12 09:00:00,9,50,3,10,34,3,0,9,36,2,38,2,66.76666666666667,920.0,3.0,6.55,125.0,27.166666666666668,974.7506136034732,8.554389312977099,1.25,1.3740458015267176,3.26
2023-12-12 10:00:00,10,54,3,10,38,3,0,7,36,2,38,2,67.76666666666667,980.0,4.0,9.89,135.0,21.875,988.9706136034732,6.668749765943902,1.35,0.7077856420626896,3.240740740740741
2023-12-12 11:00:00,11,52,3,10,37,2,0,9,37,2,39,2,68.76666666666667,996.0,4.0,9.89,130.0,42.5,1003.7206136034732,7.225033055922843,1.3,0.910010111223458,3.269230769230769
2023-12-12 12:00:00,12,56,3,12,38,3,0,12,36,2,38,2,69.76666666666667,1006.0,4.0,9.89,140.0,22.875,1004.5406136034732,8.540044056045065,1.4,1.2133468149646107,3.267857142857143
2023-12-12 13:00:00,13,61,4,15,39,3,0,14,36,3,39,3,70.76666666666667,960.0,4.0,9.89,152.5,50.75,1035.17392040521,9.785835584876262,1.525,1.4155712841253791,3.3278688524590163
2023-12-12 14:00:00,14,60,4,13,42,1,0,8,33,2,35,2,71.76666666666667,942.0,4.0,9.89,150.0,10.0,984.2006136034732,7.696326255476912,1.5,0.8088978766430738,3.333333333333333
2023-12-12 15:00:00,15,56,3,13,39,1,0,8,32,1,33,1,72.76666666666667,1002.0,4.0,9.89,140.0,6.642857142857143,953.5923068017366,7.336696518850209,1.4,0.8088978766430738,3.321428571428572
2023-12-12 16:00:00,16,52,3,12,36,1,0,6,34,1,35,1,73.76666666666667,867.0,4.0,9.89,130.0,8.65,977.4523068017368,6.343355759508439,1.3,0.6066734074823054,3.326923076923077
2023-12-12 17:00:00,17,56,3,15,37,1,0,5,36,1,37,1,74.76666666666667,917.0,4.0,9.89,140.0,15.666666666666666,1018.4723068017364,6.39724108045645,1.4,0.5055611729019212,3.357142857142857
2023-12-12 18:00:00,18,56,2,16,37,1,0,6,38,1,39,1,75.76666666666667,724.0,4.0,9.89,140.0,46.75,1050.9123068017366,6.7008558428426985,1.4,0.6066734074823054,3.3392857142857144
2023-12-12 19:00:00,19,49,2,14,31,2,0,4,39,1,40,1,76.76666666666667,748.5,4.0,9.89,122.5,40.75,1054.937306801737,5.420411774416541,1.225,0.4044489383215369,3.326530612244898
2023-12-12 20:00:00,20,43,3,10,27,3,0,5,35,1,36,1,77.76666666666667,808.5,4.0,10.61,107.5,8.875,994.1073068017369,5.106232601977073,1.075,0.471253534401508,3.302325581395349
2023-12-12 21:00:00,21,44,3,9,30,2,0,6,35,2,37,2,78.76666666666667,833.0,4.0,10.61,110.0,12.083333333333334,1016.1606136034732,5.488593522405964,1.1,0.5655042412818096,3.2954545454545454
2023-12-12 22:00:00,22,49,3,9,35,2,0,9,36,2,38,2,79.76666666666667,851.5,3.0,7.27,122.5,26.666666666666668,1045.9256136034733,8.042332201106028,1.225,1.237964236588721,3.26530612244898
2023-12-12 23:00:00,23,46,3,11,30,2,0,4,37,2,39,2,80.76666666666667,870.0,3.0,7.27,115.0,51.0,1058.5306136034733,5.655034088870283,1.15,0.5502063273727649,3.3260869565217392
2023-12-13 00:00:00,0,46,3,11,30,2,0,5,37,1,38,1,81.76666666666667,971.5,3.0,7.27,115.0,25.5,1049.9023068017366,6.112542611087854,1.15,0.687757909215956,3.3260869565217392
2023-12-13 01:00:00,1,52,3,13,33,3,0,9,39,2,41,2,82.76666666666667,861.0,3.0,7.27,130.0,57.333333333333336,1109.480613603473,8.39480478256269,1.3,1.237964236588721,3.3076923076923075
2023-12-13 02:00:00,2,55,4,14,33,4,0,4,39,3,42,3,83.76666666666667,883.0,3.0,7.27,137.5,61.0,1135.8239204052095,6.40568650744029,1.375,0.5502063273727649,3.327272727272727
2023-12-13 03:00:00,3,57,4,15,34,4,0,6,39,3,42,3,84.76666666666667,943.0,3.0,7.27,142.5,63.333333333333336,1145.75392040521,7.501031636863824,1.425,0.8253094910591472,3.333333333333333
2023-12-13 04:00:00,4,50,3,15,29,3,0,2,39,1,40,1,85.76666666666667,1105.5,3.0,7.27,125.0,56.0,1107.8423068017366,5.124346629986245,1.25,0.2751031636863824,3.36
2023-12-13 05:00:00,5,50,3,14,30,3,0,3,39,1,40,1,86.76666666666667,1165.5,3.0,7.27,125.0,55.66666666666666,1113.4823068017365,5.553266850068775,1.25,0.4126547455295736,3.34
2023-12-13 06:00:00,6,50,3,14,28,5,0,3,39,1,40,1,87.76666666666667,1225.5,3.0,7.27,125.0,55.0,1119.1223068017366,5.486760660247592,1.25,0.4126547455295736,3.3
2023-12-13 07:00:00,7,53,3,14,33,3,0,8,40,2,42,2,88.76666666666667,1183.0,3.0,7.27,132.5,58.66666666666666,1158.865613603473,8.054200513871947,1.325,1.1004126547455295,3.320754716981132
2023-12-13 08:00:00,8,54,3,14,34,3,0,4,40,2,42,2,89.76666666666667,1243.0,3.0,7.51,135.0,59.66666666666666,1166.6506136034732,6.240547171672339,1.35,0.5326231691078562,3.314814814814815
2023-12-13 09:00:00,9,56,4,15,35,2,0,7,41,2,43,2,90.76666666666668,1221.0,3.0,7.51,140.0,63.0,1189.980613603473,7.870805592543276,1.4,0.9320905459387484,3.375
2023-12-13 10:00:00,10,53,5,15,32,1,0,5,40,1,41,1,91.76666666666668,1268.0,4.0,11.21,132.5,45.75,1161.5173068017366,6.115066988706175,1.325,0.4460303300624442,3.452830188679245
2023-12-13 11:00:00,11,58,5,11,39,3,0,17,30,1,31,1,48.18333333333333,1200.0,4.0,11.21,145.0,5.333333333333333,792.4323068017366,9.820148266633854,1.45,1.5165031222123104,3.310344827586207
2023-12-13 12:00:00,12,61,6,12,40,3,0,11,28,2,30,2,49.18333333333333,1158.0,4.0,11.21,152.5,5.1,791.9756136034732,8.381613313639752,1.525,0.9812667261373772,3.344262295081968
2023-12-13 13:00:00,13,53,5,11,35,2,0,10,26,2,28,2,45.55,1122.0,4.0,11.21,132.5,3.7083333333333335,727.5236136034732,7.445977311362832,1.325,0.8920606601248884,3.358490566037736
2023-12-13 14:00:00,14,52,3,11,37,1,0,8,26,2,28,2,46.55,625.5,4.0,11.21,130.0,3.583333333333333,731.0186136034731,6.660529746792013,1.3,0.7136485280999108,3.3076923076923075
2023-12-13 15:00:00,15,64,3,13,44,4,0,16,26,3,29,3,47.55,417.0,4.0,11.21,160.0,4.704545454545454,776.6669204052098,9.7914139161463,1.6,1.4272970561998215,3.234375
2023-12-13 16:00:00,16,50,3,9,35,3,0,8,21,2,23,2,48.55,419.0,4.0,11.21,125.0,2.3823529411764706,671.0086136034731,6.362221231043711,1.25,0.7136485280999108,3.24
2023-12-13 17:00:00,17,59,3,9,41,5,1,17,24,2,26,2,49.55,439.0,4.0,11.21,147.5,3.3035714285714284,736.1536136034732,9.38013690863182,1.475,1.5165031222123104,3.135593220338983
2023-12-13 18:00:00,18,49,3,9,33,3,1,8,22,2,24,2,50.55,529.5,4.0,11.21,122.5,2.453125,693.5436136034732,6.211588141054816,1.225,0.7136485280999108,3.204081632653061
2023-12-13 19:00:00,19,50,4,7,35,4,0,14,23,2,25,2,51.55,580.0,4.0,11.21,125.0,2.683333333333333,714.7286136034731,8.046409455842998,1.25,1.248884924174844,3.22
2023-12-13 20:00:00,20,50,3,7,36,4,0,10,23,2,25,2,52.55,412.0,4.0,10.65,125.0,2.65,720.3686136034732,6.960915492957748,1.25,0.9389671361502347,3.18
2023-12-13 21:00:00,21,55,4,6,40,5,0,14,24,3,27,3,32.666666666666664,364.0,4.0,10.65,137.5,3.3461538461538463,646.6199204052099,8.50877080665813,1.375,1.3145539906103283,3.163636363636364
2023-12-13 22:00:00,22,52,4,5,39,4,0,5,26,3,29,3,33.666666666666664,419.0,3.0,6.95,130.0,5.0,672.6249204052099,6.407789153292749,1.3,0.7194244604316546,3.173076923076923
2023-12-13 23:00:00,23,41,3,3,33,2,0,8,24,2,26,2,34.666666666666664,481.5,3.0,6.95,102.5,3.095238095238096,613.6016136034732,6.899763116336199,1.025,1.1510791366906474,3.1707317073170733
2023-12-14 00:00:00,0,41,3,5,31,2,0,9,27,2,29,2,35.666666666666664,532.0,3.0,6.95,102.5,4.0,659.4416136034732,7.469152482891736,1.025,1.2949640287769784,3.2195121951219514
2023-12-14 01:00:00,1,41,3,5,32,1,0,3,28,2,30,2,36.66666666666666,562.0,3.0,6.95,102.5,4.433333333333334,678.4816136034732,4.72524565713283,1.025,0.4316546762589928,3.2439024390243905
2023-12-14 02:00:00,2,37,2,5,28,2,0,4,28,2,30,2,37.66666666666666,622.0,3.0,6.95,92.5,3.933333333333333,675.5416136034731,4.785504569317519,0.925,0.5755395683453237,3.189189189189189
2023-12-14 03:00:00,3,39,2,6,29,2,0,4,29,2,31,2,38.66666666666666,652.0,3.0,6.95,97.5,4.62962962962963,698.8716136034732,4.96967810367091,0.975,0.5755395683453237,3.2051282051282053
2023-12-14 04:00:00,4,38,2,6,29,1,0,1,30,2,32,2,39.66666666666666,707.0,3.0,6.95,95.0,5.125,715.7666136034732,3.540732677016281,0.95,0.1438848920863309,3.236842105263158
2023-12-14 05:00:00,5,41,3,7,30,1,0,4,31,3,34,3,40.66666666666666,756.5,3.0,6.95,102.5,7.5,755.5099204052099,5.270069310405334,1.025,0.5755395683453237,3.292682926829268
2023-12-14 06:00:00,6,39,3,7,28,1,0,1,31,3,34,3,41.66666666666666,816.5,3.0,6.95,97.5,7.166666666666667,756.8599204052099,3.700926950747095,0.975,0.1438848920863309,3.3076923076923075
2023-12-14 07:00:00,7,38,2,7,28,1,0,2,32,2,34,2,42.66666666666666,876.5,3.0,6.95,95.0,6.888888888888889,759.4866136034732,4.039038243089738,0.95,0.2877697841726618,3.263157894736842
2023-12-14 08:00:00,8,40,2,9,28,1,0,3,34,2,36,2,43.66666666666666,874.0,3.0,7.18,100.0,11.0,796.2166136034732,4.678830083565459,1.0,0.4178272980501393,3.3
2023-12-14 09:00:00,9,44,2,9,32,1,0,6,33,2,35,2,44.66666666666666,877.0,3.0,7.18,110.0,9.6,797.0366136034733,6.334869587237276,1.1,0.8356545961002786,3.272727272727273
2023-12-14 10:00:00,10,47,2,12,33,0,0,10,30,2,32,2,45.66666666666666,908.5,4.0,10.43,117.5,4.90625,768.9116136034731,7.127709043063177,1.175,0.9587727708533078,3.3404255319148937
2023-12-14 11:00:00,11,43,1,8,34,0,0,6,26,3,29,3,46.66666666666666,894.0,4.0,10.43,107.5,3.159090909090909,726.6399204052099,5.3345732346317645,1.075,0.5752636625119847,3.232558139534884
2023-12-14 12:00:00,12,43,1,9,32,1,0,12,24,3,27,3,47.66666666666666,863.0,4.0,10.43,107.5,2.673076923076923,705.4799204052099,7.194146469263528,1.075,1.1505273250239694,3.232558139534884
2023-12-14 13:00:00,13,41,1,8,30,2,0,7,22,3,25,3,48.66666666666666,612.0,4.0,10.43,102.5,2.183333333333333,680.0299204052099,5.419377148469471,1.025,0.6711409395973155,3.1951219512195124
2023-12-14 14:00:00,14,50,1,10,38,1,0,14,27,3,30,3,44.2,226.5,4.0,10.43,125.0,4.025,741.1429204052099,8.347147651006711,1.25,1.342281879194631,3.22
2023-12-14 15:00:00,15,42,2,9,31,0,0,6,25,3,28,3,45.2,210.5,4.0,10.43,105.0,2.895833333333333,702.8229204052099,5.378848787837282,1.05,0.5752636625119847,3.3095238095238093
2023-12-14 16:00:00,16,41,2,8,31,0,0,5,26,3,29,3,46.2,242.0,4.0,10.43,102.5,3.0681818181818183,719.7179204052098,4.953467366648738,1.025,0.4793863854266539,3.292682926829268
2023-12-14 17:00:00,17,42,1,9,32,0,0,6,27,2,29,2,47.2,302.0,4.0,10.43,105.0,3.113636363636364,726.6346136034733,5.301455280098617,1.05,0.5752636625119847,3.261904761904762
2023-12-14 18:00:00,18,47,1,10,34,2,0,12,30,2,32,2,48.2,324.5,4.0,10.43,117.5,4.71875,783.1996136034732,7.471375022949349,1.175,1.1505273250239694,3.2127659574468086
2023-12-14 19:00:00,19,50,0,12,37,1,0,9,33,1,34,1,49.2,370.0,4.0,10.43,125.0,6.708333333333333,821.2063068017367,6.803523489932887,1.25,0.862895493767977,3.22
2023-12-14 20:00:00,20,53,0,13,36,3,1,12,33,2,35,2,50.2,416.0,4.0,9.61,132.5,8.35,847.5496136034733,8.109580723695835,1.325,1.2486992715920917,3.150943396226415
2023-12-14 21:00:00,21,53,1,12,35,4,1,10,31,1,32,1,51.2,472.5,4.0,9.61,132.5,5.21875,812.1213068017366,7.45381726974653,1.325,1.040582726326743,3.150943396226415
2023-12-14 22:00:00,22,57,1,11,40,4,1,13,29,1,30,1,52.2,548.5,3.0,6.359999999999999,142.5,5.933333333333334,799.5413068017366,10.83309610504248,1.425,2.0440251572327046,3.12280701754386
2023-12-14 23:00:00,23,59,1,9,43,5,1,10,30,0,30,0,53.2,608.5,3.0,6.359999999999999,147.5,6.033333333333333,808.6030000000001,9.348579575738194,1.475,1.572327044025157,3.067796610169492
2023-12-15 00:00:00,0,49,1,8,35,5,0,7,31,0,31,0,54.2,656.0,3.0,6.359999999999999,122.5,5.62962962962963,806.193,7.214195867026057,1.225,1.1006289308176105,3.1020408163265305
2023-12-15 01:00:00,1,47,1,8,32,6,0,7,33,0,33,0,55.2,709.0,3.0,6.359999999999999,117.5,6.904761904761905,834.343,7.020557339756458,1.175,1.1006289308176105,3.0851063829787235
2023-12-15 02:00:00,2,43,1,8,30,4,0,5,33,0,33,0,56.2,769.0,3.0,6.359999999999999,107.5,6.428571428571429,831.403,5.843187801667398,1.075,0.7861635220125787,3.13953488372093
2023-12-15 03:00:00,3,42,1,9,30,2,0,4,33,0,33,0,57.2,829.0,3.0,6.359999999999999,105.0,6.428571428571429,834.8979999999999,5.39656334231806,1.05,0.628930817610063,3.2142857142857144
2023-12-15 04:00:00,4,42,1,8,31,2,0,4,34,0,34,0,58.2,881.0,3.0,6.359999999999999,105.0,7.444444444444445,853.9380000000001,5.35658879904163,1.05,0.628930817610063,3.1904761904761907
2023-12-15 05:00:00,5,41,1,8,29,3,0,3,35,0,35,0,59.2,933.0,3.0,6.359999999999999,102.5,8.666666666666666,870.8329999999999,4.745628163828808,1.025,0.4716981132075472,3.1707317073170733
2023-12-15 06:00:00,6,38,1,8,27,2,0,1,33,0,33,0,60.2,1009.0,3.0,6.359999999999999,95.0,5.809523809523809,843.238,3.554799735187024,0.95,0.1572327044025157,3.210526315789474
2023-12-15 07:00:00,7,39,2,8,27,2,0,4,33,1,34,1,61.2,1061.0,3.0,6.359999999999999,97.5,7.055555555555555,865.2913068017366,5.223056765037897,0.975,0.628930817610063,3.2564102564102564
2023-12-15 08:00:00,8,39,2,9,26,2,0,2,34,1,35,1,62.2,1113.0,3.0,6.67,97.5,8.533333333333333,884.3313068017366,4.184123322953908,0.975,0.2998500749625187,3.282051282051282
2023-12-15 09:00:00,9,40,2,9,28,1,0,5,32,1,33,1,63.2,1049.0,3.0,6.67,100.0,6.285714285714286,865.3163068017366,5.77376311844078,1.0,0.7496251874062969,3.3
2023-12-15 10:00:00,10,45,2,11,31,1,0,9,32,1,33,1,64.2,1101.0,4.0,10.01,112.5,5.321428571428571,881.6813068017366,6.702022977022978,1.125,0.8991008991008991,3.311111111111111
2023-12-15 11:00:00,11,40,2,9,29,0,0,9,24,2,26,2,65.2,954.5,4.0,10.01,100.0,2.375,783.6646136034733,6.314510489510489,1.0,0.8991008991008991,3.325
2023-12-15 12:00:00,12,44,2,12,29,1,0,14,21,2,23,2,66.2,950.0,4.0,10.01,110.0,2.161764705882353,757.6846136034733,8.347600127145583,1.1,1.3986013986013983,3.340909090909091
2023-12-15 13:00:00,13,45,2,13,29,1,0,7,22,1,23,1,67.2,1010.0,4.0,10.01,112.5,2.2205882352941178,764.6013068017367,6.121542346542346,1.125,0.6993006993006993,3.355555555555556
2023-12-15 14:00:00,14,47,1,15,31,0,0,11,24,0,24,0,68.2,709.5,4.0,10.01,117.5,2.46875,787.063,7.6441781622632705,1.175,1.098901098901099,3.3617021276595747
2023-12-15 15:00:00,15,48,2,14,32,0,0,15,22,0,22,0,46.7,143.5,4.0,10.01,120.0,2.25,641.1479999999999,9.107442557442557,1.2,1.4985014985014986,3.375
2023-12-15 16:00:00,16,45,1,11,33,0,0,8,19,0,19,0,47.7,143.0,4.0,10.01,112.5,1.761904761904762,600.153,6.328482628482628,1.125,0.7992007992007992,3.2888888888888888
2023-12-15 17:00:00,17,44,1,9,34,0,0,6,18,0,18,0,48.7,207.0,4.0,10.01,110.0,1.625,590.248,5.523051948051949,1.1,0.5994005994005994,3.25
2023-12-15 18:00:00,18,39,1,8,30,0,0,9,17,0,17,0,49.7,263.0,4.0,10.01,97.5,1.3804347826086956,571.763,6.102841389379851,0.975,0.8991008991008991,3.2564102564102564
2023-12-15 19:00:00,19,28,1,7,20,0,0,2,18,0,18,0,50.7,319.0,4.0,10.01,70.0,1.056818181818182,567.208,2.9886220921935207,0.7,0.1998001998001998,3.321428571428572
2023-12-15 20:00:00,20,23,0,7,16,0,0,10,13,0,13,0,51.7,357.0,4.0,12.29,57.49999999999999,0.7037037037037037,495.1230000000001,4.588647539533731,0.575,0.8136696501220504,3.3043478260869565
2023-12-15 21:00:00,21,27,1,8,17,1,0,10,15,0,15,0,31.933333333333334,383.0,4.0,12.29,67.5,0.9,419.019,4.962232167073502,0.675,0.8136696501220504,3.333333333333333
2023-12-15 22:00:00,22,24,1,8,14,1,0,7,15,0,15,0,14.683333333333334,425.0,3.0,8.950000000000001,60.0,1.08,315.294,4.664664804469274,0.6,0.7821229050279329,3.375
2023-12-15 23:00:00,23,28,1,9,17,1,0,11,14,0,14,0,15.683333333333334,386.5,3.0,8.950000000000001,70.0,1.205128205128205,316.114,6.476097366320829,0.7,1.2290502793296088,3.357142857142857
2023-12-16 00:00:00,0,32,2,8,21,1,0,9,16,0,16,0,16.683333333333334,298.5,3.0,8.950000000000001,80.0,1.4861111111111112,357.134,6.037430167597765,0.8,1.0055865921787708,3.34375
2023-12-16 01:00:00,1,33,2,11,19,1,0,14,16,1,17,1,17.683333333333334,309.0,3.0,8.950000000000001,82.5,1.6376811594202898,379.1873068017366,8.181356864736752,0.825,1.5642458100558658,3.4242424242424243
2023-12-16 02:00:00,2,26,2,9,14,1,0,3,16,1,17,1,18.683333333333334,369.0,3.0,8.950000000000001,65.0,1.3043478260869563,369.8123068017367,3.410292221744736,0.65,0.3351955307262569,3.4615384615384617
2023-12-16 03:00:00,3,27,2,9,16,0,0,7,17,1,18,1,19.683333333333334,419.0,3.0,8.950000000000001,67.5,1.4242424242424243,390.9973068017366,5.072946410097249,0.675,0.7821229050279329,3.4814814814814814
2023-12-16 04:00:00,4,24,2,9,13,0,0,2,17,1,18,1,20.683333333333334,479.0,3.0,8.950000000000001,60.0,1.2878787878787878,390.2023068017367,2.916433891992551,0.6,0.2234636871508379,3.5416666666666665
2023-12-16 05:00:00,5,23,2,9,12,0,0,3,18,1,19,1,21.683333333333334,529.0,3.0,8.950000000000001,57.49999999999999,1.3015873015873016,407.0973068017366,3.245044935632742,0.575,0.3351955307262569,3.565217391304348
2023-12-16 06:00:00,6,24,2,9,11,2,0,4,18,1,19,1,22.683333333333334,589.0,3.0,8.950000000000001,60.0,1.3174603174603174,414.8823068017366,3.62062383612663,0.6,0.4469273743016759,3.458333333333333
2023-12-16 07:00:00,7,23,2,9,11,1,0,4,19,1,20,1,23.683333333333334,641.5,3.0,8.950000000000001,57.49999999999999,1.35,431.7773068017366,3.598961622540685,0.575,0.4469273743016759,3.5217391304347827
2023-12-16 08:00:00,8,24,2,9,13,0,0,3,20,1,21,1,24.683333333333334,694.0,3.0,6.35,60.0,1.4912280701754386,452.96230680173664,3.798228346456693,0.6,0.4724409448818898,3.5416666666666665
2023-12-16 09:00:00,9,27,2,9,15,1,0,5,20,1,21,1,25.683333333333334,674.0,3.0,6.35,67.5,1.631578947368421,465.03730680173663,5.037160979877516,0.675,0.7874015748031497,3.4444444444444446
2023-12-16 10:00:00,10,31,2,9,20,0,0,8,21,1,22,1,26.683333333333334,649.5,4.0,9.81,77.5,1.4722222222222223,492.6573068017366,5.438464700272928,0.775,0.8154943934760449,3.419354838709677
2023-12-16 11:00:00,11,36,2,7,26,1,0,15,18,1,19,1,27.683333333333334,538.0,4.0,9.81,90.0,1.4047619047619049,468.8223068017365,7.961892626571527,0.9,1.5290519877675843,3.2777777777777777
2023-12-16 12:00:00,12,39,2,6,28,3,0,12,16,1,17,1,28.683333333333334,430.0,4.0,9.81,97.5,1.3478260869565215,454.09730680173664,6.989280953501137,0.975,1.2232415902140674,3.1794871794871797
2023-12-16 13:00:00,13,25,2,4,17,2,0,3,12,1,13,1,29.683333333333334,490.0,4.0,9.81,62.5,0.75,376.1073068017366,3.015825688073395,0.625,0.3058103975535168,3.24
2023-12-16 14:00:00,14,32,2,6,23,1,0,15,13,1,14,1,30.683333333333334,242.0,4.0,9.81,80.0,1.0096153846153846,410.1623068017366,7.642201834862386,0.8,1.5290519877675843,3.28125
2023-12-16 15:00:00,15,34,1,5,23,4,1,20,11,2,13,2,31.683333333333334,193.0,4.0,9.81,85.0,0.9537037037037036,407.56061360347326,8.751170774120046,0.85,2.0387359836901124,3.0294117647058822
2023-12-16 16:00:00,16,37,1,5,25,5,1,10,13,2,15,2,32.68333333333333,210.0,4.0,9.81,92.5,1.11,446.43561360347314,5.833103975535169,0.925,1.0193679918450562,3.0
2023-12-16 17:00:00,17,37,2,4,27,3,1,9,13,2,15,2,33.68333333333333,270.0,4.0,9.81,92.5,1.14,452.07561360347313,5.676679890900075,0.925,0.9174311926605506,3.081081081081081
2023-12-16 18:00:00,18,27,1,3,22,0,1,2,12,2,14,2,27.9,296.0,4.0,9.81,67.5,0.8076923076923077,384.6076136034732,2.734273417148035,0.675,0.2038735983690112,3.111111111111111
2023-12-16 19:00:00,19,23,0,3,18,1,1,6,11,1,12,1,28.9,246.0,4.0,9.81,57.49999999999999,0.6160714285714286,353.99930680173657,3.5598623853211007,0.575,0.6116207951070337,3.0
2023-12-16 20:00:00,20,22,0,5,14,2,1,11,8,1,9,1,29.9,245.0,4.0,12.41,55.00000000000001,0.5403225806451613,317.29430680173664,4.374435938759065,0.55,0.8863819500402901,3.0454545454545454
2023-12-16 21:00:00,21,27,0,6,18,2,1,10,6,1,7,1,20.73333333333333,188.0,4.0,12.41,67.5,0.6287878787878788,249.5193068017366,4.552094338496433,0.675,0.8058017727639001,3.074074074074074
2023-12-16 22:00:00,22,31,0,6,22,2,1,8,6,1,7,1,21.73333333333333,248.0,3.0,8.950000000000001,77.5,0.9595959595959596,263.7393068017366,5.114232294107046,0.775,0.8938547486033519,3.064516129032258
2023-12-16 23:00:00,23,27,0,6,18,2,1,8,8,1,9,1,22.73333333333333,262.0,3.0,8.950000000000001,67.5,0.8924731182795699,287.59930680173665,4.822775708669563,0.675,0.8938547486033519,3.074074074074074
2023-12-17 00:00:00,0,25,0,7,15,2,1,8,8,2,10,2,23.73333333333333,293.0,3.0,8.950000000000001,62.5,0.8666666666666667,303.21761360347324,4.738826815642458,0.625,0.8938547486033519,3.12
2023-12-17 01:00:00,1,24,0,6,12,4,2,6,8,2,10,2,24.73333333333333,353.0,3.0,8.950000000000001,60.0,0.7777777777777778,306.7126136034732,3.705307262569832,0.6,0.6703910614525139,2.9166666666666665
2023-12-17 02:00:00,2,21,0,5,12,3,1,3,8,1,9,1,15.216666666666669,384.0,3.0,8.950000000000001,52.5,0.6774193548387096,232.33530680173664,2.580586592178771,0.525,0.3351955307262569,3.0
2023-12-17 03:00:00,3,22,0,7,12,2,1,6,9,1,10,1,16.216666666666665,405.0,3.0,8.950000000000001,55.00000000000001,0.7666666666666667,253.52030680173664,3.827590147282885,0.55,0.6703910614525139,3.136363636363636
2023-12-17 04:00:00,4,22,0,7,12,2,1,0,9,1,10,1,17.216666666666665,465.0,3.0,8.950000000000001,55.00000000000001,0.7666666666666667,259.1603068017366,1.725,0.55,0.0,3.136363636363636
2023-12-17 05:00:00,5,22,0,7,12,2,1,1,9,1,10,1,18.216666666666665,525.0,3.0,8.950000000000001,55.00000000000001,0.7666666666666667,264.8003068017366,2.075431691213814,0.55,0.1117318435754189,3.136363636363636
2023-12-17 06:00:00,6,25,0,7,16,2,0,7,10,1,11,1,19.216666666666665,546.0,3.0,8.950000000000001,62.5,0.9195402298850576,290.27530680173663,4.5027932960893855,0.625,0.7821229050279329,3.2
2023-12-17 07:00:00,7,25,0,7,16,2,0,7,11,1,12,1,20.216666666666665,561.5,3.0,8.950000000000001,62.5,0.9523809523809524,309.3153068017366,4.5027932960893855,0.625,0.7821229050279329,3.2
2023-12-17 08:00:00,8,25,0,7,16,2,0,4,10,1,11,1,21.216666666666665,666.0,3.0,7.01,62.5,0.9195402298850576,301.5553068017366,3.825962910128388,0.625,0.5706134094151213,3.2
2023-12-17 09:00:00,9,31,0,7,19,5,0,9,10,1,11,1,22.216666666666665,726.0,3.0,7.01,77.5,1.091954022988506,320.0653068017366,6.309471492338134,0.775,1.2838801711840229,3.064516129032258
2023-12-17 10:00:00,10,31,0,7,20,4,0,8,10,1,11,1,23.216666666666665,786.0,4.0,10.47,77.5,0.8275862068965517,325.7053068017366,4.7662075977447085,0.775,0.7640878701050622,3.096774193548387
2023-12-17 11:00:00,11,30,0,7,21,2,0,10,8,1,9,1,24.216666666666665,685.0,4.0,10.47,75.0,0.7661290322580645,302.40030680173663,5.399514485832537,0.75,0.9551098376313276,3.1666666666666665
2023-12-17 12:00:00,12,35,0,6,26,3,0,11,10,1,11,1,25.216666666666665,557.0,4.0,10.47,87.5,0.9310344827586208,345.5653068017366,5.941915677445764,0.875,1.0506208213944606,3.085714285714286
2023-12-17 13:00:00,13,32,1,5,25,1,0,10,13,1,14,1,26.216666666666665,217.0,4.0,10.47,80.0,0.9807692307692308,384.97030680173657,5.594412607449858,0.8,0.9551098376313276,3.1875
2023-12-17 14:00:00,14,37,1,5,30,1,0,13,12,1,13,1,27.216666666666665,274.0,4.0,10.47,92.5,1.0833333333333333,387.9353068017366,6.8512758460466205,0.925,1.241642788920726,3.1621621621621623
2023-12-17 15:00:00,15,36,1,5,27,3,0,8,12,2,14,2,28.216666666666665,310.0,4.0,10.47,90.0,1.0769230769230769,405.6986136034732,5.177162262549082,0.9,0.7640878701050622,3.111111111111111
2023-12-17 16:00:00,16,38,0,5,30,3,0,16,11,2,13,2,29.216666666666665,394.0,4.0,10.47,95.0,1.0740740740740742,402.2286136034732,7.564957522746696,0.95,1.5281757402101244,3.0526315789473686
2023-12-17 17:00:00,17,41,0,5,34,2,0,13,12,2,14,2,30.216666666666665,430.0,4.0,10.47,102.5,1.2115384615384617,427.7036136034732,6.965780278146622,1.025,1.241642788920726,3.073170731707317
2023-12-17 18:00:00,18,43,0,5,34,4,0,14,14,1,15,1,31.216666666666665,466.0,4.0,10.47,107.5,1.3,450.1653068017366,7.292557917416317,1.075,1.3371537726838587,3.0232558139534884
2023-12-17 19:00:00,19,36,0,6,28,2,0,8,13,2,15,2,32.21666666666667,526.0,4.0,10.47,90.0,1.12,441.6586136034732,5.177162262549082,0.9,0.7640878701050622,3.111111111111111
2023-12-17 20:00:00,20,38,0,7,30,1,0,16,15,2,17,2,33.21666666666667,503.0,4.0,10.47,95.0,1.3043478260869563,478.3886136034732,7.825818126979341,0.95,1.5281757402101244,3.1578947368421053
2023-12-17 21:00:00,21,40,0,7,32,1,0,11,16,2,18,2,27.133333333333333,410.0,4.0,10.47,100.0,1.431818181818182,461.7686136034732,6.45945558739255,1.0,1.0506208213944606,3.15
2023-12-17 22:00:00,22,38,0,8,28,2,0,13,16,2,18,2,28.133333333333333,470.0,3.0,7.01,95.0,1.818181818181818,463.1186136034733,8.856295517681506,0.95,1.854493580599144,3.1578947368421053
2023-12-17 23:00:00,23,37,0,6,29,2,0,9,15,2,17,2,26.1,430.0,3.0,7.01,92.5,1.6666666666666667,436.1056136034733,6.865438369896288,0.925,1.2838801711840229,3.108108108108108
2023-12-18 00:00:00,0,31,1,8,22,0,0,7,15,3,18,3,27.1,432.5,3.0,7.01,77.5,1.5606060606060606,443.1439204052098,5.89284087248631,0.775,0.9985734664764624,3.3225806451612905
2023-12-18 01:00:00,1,28,0,8,20,0,0,2,16,2,18,2,28.1,492.5,3.0,7.01,70.0,1.393939393939394,441.4806136034732,3.237436315467699,0.7,0.2853067047075606,3.2857142857142856
2023-12-18 02:00:00,2,30,0,7,23,0,0,5,16,2,18,2,29.1,552.5,3.0,7.01,75.0,1.4696969696969695,451.4106136034733,4.731229196386115,0.75,0.7132667617689016,3.2333333333333334
2023-12-18 03:00:00,3,31,0,7,23,1,0,5,16,2,18,2,30.1,612.5,3.0,7.01,77.5,1.5,459.1956136034733,4.752851916616814,0.775,0.7132667617689016,3.193548387096774
2023-12-18 04:00:00,4,29,0,7,22,0,0,1,16,2,18,2,31.1,672.5,3.0,7.01,72.5,1.4242424242424243,460.54561360347327,2.812393624870874,0.725,0.1426533523537803,3.2413793103448274
2023-12-18 05:00:00,5,31,0,7,23,1,0,3,16,2,18,2,32.1,732.5,3.0,7.01,77.5,1.5,470.4756136034732,3.841711149970089,0.775,0.4279600570613409,3.193548387096774
2023-12-18 06:00:00,6,28,0,7,20,1,0,1,16,2,18,2,33.1,792.5,3.0,7.01,70.0,1.3636363636363635,469.68061360347326,2.7085286325657223,0.7,0.1426533523537803,3.2142857142857144
2023-12-18 07:00:00,7,27,1,7,19,0,0,2,16,3,19,3,34.1,795.0,3.0,7.01,67.5,1.4285714285714286,487.4439204052098,3.201022349025202,0.675,0.2853067047075606,3.333333333333333
2023-12-18 08:00:00,8,29,1,8,18,2,0,5,16,3,19,3,35.1,855.0,3.0,6.68,72.5,1.507936507936508,497.3739204052099,4.826992566590956,0.725,0.7485029940119761,3.2758620689655173
2023-12-18 09:00:00,9,37,1,9,24,3,0,10,19,3,22,3,36.1,867.5,3.0,6.68,92.5,2.203703703703704,560.3739204052099,7.789694934455413,0.925,1.497005988023952,3.216216216216216
2023-12-18 10:00:00,10,43,1,9,30,3,0,12,19,3,22,3,34.416666666666664,892.5,4.0,9.93,107.5,1.9027777777777777,563.7499204052099,7.275207264807138,1.075,1.2084592145015105,3.186046511627907
2023-12-18 11:00:00,11,47,3,10,30,4,0,13,19,4,23,4,35.416666666666664,865.0,4.0,9.93,117.5,2.25,592.2382272069465,8.086747123481391,1.175,1.3091641490433032,3.25531914893617
2023-12-18 12:00:00,12,47,6,8,31,2,0,10,19,6,25,6,36.41666666666666,343.0,4.0,9.93,117.5,2.65,626.4148408104197,7.381826508967024,1.175,1.0070493454179257,3.382978723404255
2023-12-18 13:00:00,13,53,6,9,35,3,0,10,22,6,28,6,37.41666666666666,261.5,4.0,9.93,132.5,3.6875,685.1248408104196,7.788164795074958,1.325,1.0070493454179257,3.339622641509434
2023-12-18 14:00:00,14,49,5,9,30,5,0,7,21,6,27,6,38.41666666666666,308.0,4.0,9.93,122.5,3.0961538461538463,668.7848408104197,6.341213494461229,1.225,0.7049345417925479,3.2857142857142856
2023-12-18 15:00:00,15,43,4,6,28,5,0,6,20,5,25,5,39.41666666666666,267.0,4.0,9.93,107.5,2.3,633.886534008683,5.389155483734982,1.075,0.6042296072507553,3.2093023255813957
2023-12-18 16:00:00,16,34,4,5,21,4,0,3,16,5,21,5,40.41666666666666,327.0,4.0,9.93,85.0,1.4605263157894737,566.621534008683,3.761315976541674,0.85,0.3021148036253776,3.264705882352941
2023-12-18 17:00:00,17,37,4,4,24,5,0,8,19,4,23,4,41.41666666666666,353.0,4.0,9.93,92.5,1.7352941176470589,604.6282272069463,5.519336708309518,0.925,0.8056394763343404,3.189189189189189
2023-12-18 18:00:00,18,46,3,4,33,6,0,15,22,3,25,3,42.41666666666666,402.0,4.0,9.93,115.0,2.3666666666666667,655.5049204052098,8.21307631682648,1.15,1.5105740181268883,3.0869565217391304
2023-12-18 19:00:00,19,37,2,4,27,4,0,7,21,3,24,3,43.41666666666666,433.5,4.0,9.93,92.5,1.796875,628.4399204052098,5.066012765030892,0.925,0.7049345417925479,3.108108108108108
2023-12-18 20:00:00,20,40,2,5,27,6,0,11,19,3,22,3,44.41666666666666,373.5,4.0,11.13,100.0,1.7083333333333333,613.7149204052098,6.114083557951483,1.0,0.9883198562443848,3.075
2023-12-18 21:00:00,21,38,1,7,26,4,0,5,20,3,23,3,45.41666666666666,402.0,4.0,11.13,95.0,1.75,628.4649204052098,4.3818189341277725,0.95,0.4492362982929021,3.131578947368421
2023-12-18 22:00:00,22,41,1,8,28,4,0,8,20,3,23,3,46.41666666666666,462.0,3.0,7.88,102.5,2.5294117647058822,640.5399204052098,6.419255292806735,1.025,1.015228426395939,3.1463414634146343
2023-12-18 23:00:00,23,39,1,7,28,3,0,7,21,3,24,3,47.41666666666666,503.5,3.0,7.88,97.5,2.5625,655.2899204052098,5.876639984381101,0.975,0.8883248730964467,3.1538461538461537
2023-12-19 00:00:00,0,38,1,6,28,3,0,8,20,3,23,3,48.41666666666666,545.0,3.0,7.88,95.0,2.333333333333333,645.3849204052099,6.154267966871494,0.95,1.015228426395939,3.131578947368421
2023-12-19 01:00:00,1,37,1,6,28,2,0,4,20,3,23,3,49.41666666666666,605.0,3.0,7.88,92.5,2.294117647058824,648.8799204052098,4.530158457950336,0.925,0.5076142131979695,3.1621621621621623
2023-12-19 02:00:00,2,39,1,6,30,2,0,6,20,2,22,2,50.41666666666666,618.0,3.0,7.88,97.5,2.2777777777777777,644.5416136034733,5.476405700898086,0.975,0.7614213197969544,3.1538461538461537
2023-12-19 03:00:00,3,37,1,5,29,2,0,4,20,1,21,1,33.25,631.0,3.0,7.88,92.5,2.0350877192982457,529.1633068017367,4.491439154890932,0.925,0.5076142131979695,3.135135135135135
2023-12-19 04:00:00,4,35,1,6,26,2,0,3,21,1,22,1,34.25,683.5,3.0,7.88,87.5,2.055555555555556,543.9133068017366,3.982396664249456,0.875,0.3807106598984772,3.1714285714285717
2023-12-19 05:00:00,5,35,1,6,25,3,0,4,22,1,23,1,35.25,736.0,3.0,7.88,87.5,2.156862745098039,562.9533068017365,4.345358955765047,0.875,0.5076142131979695,3.142857142857143
2023-12-19 06:00:00,6,35,1,7,24,3,0,3,23,2,25,2,36.25,774.0,3.0,7.88,87.5,2.466666666666667,596.2616136034733,3.982396664249456,0.875,0.3807106598984772,3.1714285714285717
2023-12-19 07:00:00,7,39,1,8,26,4,0,5,25,2,27,2,37.25,827.0,3.0,7.88,97.5,3.1538461538461537,637.2816136034733,5.076171417415072,0.975,0.6345177664974619,3.1538461538461537
2023-12-19 08:00:00,8,40,1,9,26,4,0,4,24,3,27,3,38.25,887.0,3.0,6.359999999999999,100.0,3.2564102564102564,645.9349204052098,5.17185534591195,1.0,0.628930817610063,3.175
2023-12-19 09:00:00,9,38,1,9,26,2,0,5,23,3,26,3,39.25,902.0,3.0,6.359999999999999,95.0,2.9285714285714284,633.8849204052099,5.619687189672294,0.95,0.7861635220125787,3.236842105263158
2023-12-19 10:00:00,10,36,1,10,23,2,0,5,23,3,26,3,40.25,838.5,4.0,11.34,90.0,2.107142857142857,635.2349204052099,4.395228297080148,0.9,0.4409171075837743,3.2777777777777777
2023-12-19 11:00:00,11,38,2,14,20,2,0,6,25,3,28,3,41.25,856.5,4.0,11.34,95.0,2.708333333333333,671.9649204052098,5.060080757449178,0.95,0.5291005291005291,3.421052631578948
2023-12-19 12:00:00,12,45,2,14,27,2,0,14,23,3,26,3,35.85,652.5,4.0,11.34,112.5,2.696428571428572,629.7239204052098,7.917661179698217,1.125,1.2345679012345678,3.355555555555556
2023-12-19 13:00:00,13,51,1,16,32,2,0,11,23,3,26,3,36.85,543.5,4.0,11.34,127.5,3.017857142857143,648.2339204052098,7.439372168620535,1.275,0.9700176366843034,3.313725490196078
2023-12-19 14:00:00,14,48,1,18,28,1,0,12,21,3,24,3,27.45,434.5,4.0,11.34,120.0,2.546875,561.9829204052098,7.66847442680776,1.2,1.058201058201058,3.395833333333333
2023-12-19 15:00:00,15,45,1,16,27,1,0,5,22,3,25,3,28.45,313.0,4.0,11.34,112.5,2.533333333333333,574.5879204052098,5.289320007838526,1.125,0.4409171075837743,3.3777777777777778
2023-12-19 16:00:00,16,43,1,15,26,1,0,8,18,3,21,3,29.45,361.0,4.0,11.34,107.5,1.9078947368421053,522.3379204052098,6.0039016037078055,1.075,0.7054673721340388,3.372093023255814
2023-12-19 17:00:00,17,39,1,15,22,1,0,3,19,3,22,3,30.45,402.5,4.0,11.34,97.5,1.8472222222222223,532.7979204052099,4.227184235517568,0.975,0.2645502645502645,3.41025641025641
2023-12-19 18:00:00,18,42,1,15,25,1,0,7,21,3,24,3,31.45,420.0,4.0,11.34,105.0,2.21875,571.6729204052099,5.637007642563198,1.05,0.6172839506172839,3.380952380952381
2023-12-19 19:00:00,19,39,1,13,23,2,0,8,18,3,21,3,32.45,456.0,4.0,11.34,97.5,1.7105263157894737,530.6779204052099,5.601557907113463,0.975,0.7054673721340388,3.333333333333333
2023-12-19 20:00:00,20,45,1,13,28,2,1,15,20,3,23,3,33.45,428.0,4.0,13.37,112.5,2.147058823529412,575.9879204052098,7.289990027424581,1.125,1.1219147344801794,3.2444444444444445
2023-12-19 21:00:00,21,43,1,13,26,3,0,8,19,3,22,3,34.45,480.0,4.0,13.37,107.5,1.9583333333333333,563.9379204052099,5.487046233323476,1.075,0.5983545250560957,3.2790697674418605
2023-12-19 22:00:00,22,39,1,11,25,2,0,6,20,2,22,2,35.45,540.0,3.0,8.39,97.5,2.3703703703703702,560.1296136034732,5.547116530668378,0.975,0.7151370679380215,3.282051282051282
2023-12-19 23:00:00,23,34,1,9,22,2,0,6,17,2,19,2,36.45,608.0,3.0,8.39,85.0,1.761904761904762,514.8446136034732,5.109712192385893,0.85,0.7151370679380215,3.264705882352941
2023-12-20 00:00:00,0,38,1,8,27,2,0,9,19,2,21,2,37.45,652.0,3.0,8.39,95.0,2.1403508771929824,555.8646136034733,6.4939495640173135,0.95,1.072705601907032,3.210526315789474
2023-12-20 01:00:00,1,37,1,9,25,2,0,5,19,2,21,2,38.45,712.0,3.0,8.39,92.5,2.1052631578947367,559.3596136034732,4.932802886318977,0.925,0.5959475566150179,3.2432432432432434
2023-12-20 02:00:00,2,36,1,9,24,2,0,5,19,3,22,3,39.45,755.0,3.0,8.39,90.0,2.1666666666666665,577.1229204052099,4.861829558998807,0.9,0.5959475566150179,3.25
2023-12-20 03:00:00,3,37,1,9,23,4,0,4,18,3,21,3,40.45,832.0,3.0,8.39,92.5,2.0701754385964914,571.5079204052099,4.470471603904262,0.925,0.4767580452920142,3.189189189189189
2023-12-20 04:00:00,4,35,1,9,22,3,0,3,18,3,21,3,41.45,892.0,3.0,8.39,87.5,1.9824561403508767,572.8579204052098,3.97943555252852,0.875,0.3575685339690107,3.2285714285714286
2023-12-20 05:00:00,5,35,1,10,22,2,0,2,18,3,21,3,42.45,952.0,3.0,8.39,87.5,2.017543859649123,578.4979204052099,3.658245360122595,0.875,0.2383790226460071,3.2857142857142856
2023-12-20 06:00:00,6,34,1,11,20,2,0,2,19,3,22,3,43.45,995.0,3.0,8.39,85.0,2.092592592592593,595.3929204052099,3.6172596929117296,0.85,0.2383790226460071,3.323529411764706
2023-12-20 07:00:00,7,34,1,11,21,1,0,5,19,3,22,3,44.45,1055.0,3.0,8.39,85.0,2.111111111111111,601.0329204052099,4.8481771015915305,0.85,0.5959475566150179,3.3529411764705883
2023-12-20 08:00:00,8,34,2,11,20,1,0,5,20,3,23,3,45.45,1098.0,3.0,6.77,85.0,2.2745098039215685,620.0729204052099,5.419767138760969,0.85,0.7385524372230429,3.411764705882353
2023-12-20 09:00:00,9,30,2,9,18,1,0,3,16,3,19,3,46.45,1192.0,3.0,6.77,75.0,1.619047619047619,563.5329204052098,4.056646971935007,0.75,0.4431314623338257,3.4
2023-12-20 10:00:00,10,32,1,10,20,1,0,7,17,2,19,2,39.28333333333333,1218.0,4.0,10.47,80.0,1.2738095238095235,526.5346136034732,4.910553963705826,0.8,0.6685768863419294,3.34375
2023-12-20 11:00:00,11,31,2,10,19,0,0,7,14,3,17,3,40.28333333333333,661.0,4.0,10.47,77.5,1.1630434782608696,504.0979204052098,4.982668607696337,0.775,0.6685768863419294,3.4516129032258065
2023-12-20 12:00:00,12,33,3,8,22,0,0,12,12,3,15,3,41.28333333333333,251.0,4.0,10.47,82.5,1.13,487.2279204052098,6.749633150994183,0.825,1.1461318051575933,3.4242424242424243
2023-12-20 13:00:00,13,29,3,7,19,0,0,5,11,3,14,3,42.28333333333333,253.0,4.0,10.47,72.5,0.9615384615384616,470.8879204052098,4.146741099364358,0.725,0.4775549188156638,3.4482758620689653
2023-12-20 14:00:00,14,28,2,5,20,1,0,7,8,2,10,2,43.28333333333333,246.5,4.0,10.47,70.0,0.7666666666666667,419.9146136034732,4.496752626552053,0.7,0.6685768863419294,3.2857142857142856
2023-12-20 15:00:00,15,25,2,4,18,1,0,6,7,2,9,2,44.28333333333333,225.0,4.0,10.47,62.5,0.6612903225806451,405.7196136034733,3.929656160458453,0.625,0.5730659025787966,3.28
2023-12-20 16:00:00,16,21,1,5,15,0,0,6,6,1,7,1,45.28333333333333,285.0,4.0,10.47,52.5,0.5303030303030303,375.1113068017366,3.660219675262656,0.525,0.5730659025787966,3.333333333333333
2023-12-20 17:00:00,17,22,1,2,19,0,0,8,7,1,8,1,21.116666666666667,149.5,4.0,10.47,55.00000000000001,0.546875,254.35630680173665,4.181188677607016,0.55,0.7640878701050622,3.1818181818181817
2023-12-20 18:00:00,18,20,1,1,17,1,0,4,7,1,8,1,18.83333333333333,152.5,4.0,10.47,50.0,0.484375,237.1883068017366,2.7343361986628465,0.5,0.3820439350525311,3.1
2023-12-20 19:00:00,19,26,1,2,21,2,0,8,7,1,8,1,19.83333333333333,212.5,4.0,10.47,65.0,0.625,255.69830680173663,4.3510396003232685,0.65,0.7640878701050622,3.076923076923077
2023-12-20 20:00:00,20,30,0,3,24,3,0,13,6,1,7,1,20.83333333333333,189.0,4.0,10.71,75.0,0.6818181818181818,256.51830680173657,5.891456582633053,0.75,1.2138188608776843,3.0
2023-12-20 21:00:00,21,24,0,3,19,2,0,8,6,1,7,1,21.83333333333333,210.0,4.0,10.71,60.0,0.553030303030303,249.2883068017366,4.097019919078742,0.6,0.7469654528478057,3.0416666666666665
2023-12-20 22:00:00,22,31,0,2,23,5,1,15,8,0,8,0,22.83333333333333,62.0,3.0,7.01,77.5,0.9166666666666666,282.475,8.27427177764484,0.775,2.1398002853067046,2.838709677419355
2023-12-20 23:00:00,23,28,0,1,22,4,1,9,8,0,8,0,23.83333333333333,110.0,3.0,7.01,70.0,0.8229166666666666,281.67999999999995,5.597376197269208,0.7,1.2838801711840229,2.821428571428572
2023-12-21 00:00:00,0,30,0,1,24,4,1,6,9,1,10,1,24.83333333333333,134.5,3.0,7.01,75.0,0.9444444444444444,319.27830680173656,4.550106990014266,0.75,0.8559201141226819,2.833333333333333
2023-12-21 01:00:00,1,25,0,1,20,4,0,4,9,1,10,1,25.83333333333333,194.5,3.0,7.01,62.5,0.8,314.19330680173664,3.4433666191155488,0.625,0.5706134094151213,2.88
2023-12-21 02:00:00,2,18,0,1,14,3,0,1,9,1,10,1,26.83333333333333,254.5,3.0,7.01,45.0,0.5777777777777777,304.8183068017366,1.7121096845775876,0.45,0.1426533523537803,2.888888888888889
2023-12-21 03:00:00,3,17,0,1,13,3,0,0,9,1,10,1,27.83333333333333,314.5,3.0,7.01,42.5,0.5444444444444444,308.31330680173664,1.225,0.425,0.0,2.8823529411764706
2023-12-21 04:00:00,4,16,0,1,12,3,0,2,10,0,10,0,28.83333333333333,374.5,3.0,7.01,40.0,0.5111111111111111,310.93999999999994,1.970256776034237,0.4,0.2853067047075606,2.875
2023-12-21 05:00:00,5,16,0,1,12,3,0,0,10,0,10,0,29.83333333333333,434.5,3.0,7.01,40.0,0.5111111111111111,316.58,1.15,0.4,0.0,2.875
2023-12-21 06:00:00,6,21,0,2,16,3,0,5,13,0,13,0,30.83333333333333,488.0,3.0,7.01,52.5,0.7654320987654321,373.145,3.655835201412948,0.525,0.7132667617689016,2.952380952380953
2023-12-21 07:00:00,7,22,0,2,17,3,0,3,14,0,14,0,31.83333333333333,489.5,3.0,7.01,55.00000000000001,0.8333333333333334,394.33,2.8894274413175984,0.55,0.4279600570613409,2.9545454545454546
2023-12-21 08:00:00,8,21,0,2,16,3,0,1,14,0,14,0,32.833333333333336,549.5,3.0,6.619999999999999,52.5,0.7948717948717948,397.825,1.9959789958279384,0.525,0.1510574018126888,2.952380952380953
2023-12-21 09:00:00,9,14,0,1,11,2,0,1,10,0,10,0,33.833333333333336,669.5,3.0,6.619999999999999,35.0,0.4555555555555555,334.85,1.467382391022874,0.35,0.1510574018126888,2.9285714285714284
2023-12-21 10:00:00,10,22,1,1,17,3,0,9,10,1,11,1,34.833333333333336,288.0,4.0,9.94,55.00000000000001,0.5689655172413793,371.9183068017367,4.366297786720322,0.55,0.9054325955734408,3.0
2023-12-21 11:00:00,11,20,1,1,15,3,0,6,9,1,10,1,15.85,282.5,4.0,9.94,50.0,0.5,247.16230680173663,3.310865191146881,0.5,0.6036217303822938,3.0
2023-12-21 12:00:00,12,23,1,3,16,3,0,7,10,2,12,2,16.85,159.0,4.0,9.94,57.49999999999999,0.6339285714285714,286.9056136034732,3.948913043478261,0.575,0.7042253521126761,3.0869565217391304
2023-12-21 13:00:00,13,26,1,4,18,3,0,5,10,2,12,2,17.85,187.5,4.0,9.94,65.0,0.7232142857142857,298.9806136034732,3.5920948769540324,0.65,0.5030181086519115,3.1153846153846154
2023-12-21 14:00:00,14,13,0,3,7,3,0,4,4,1,5,1,18.85,120.0,4.0,9.94,32.5,0.2785714285714286,182.0673068017366,2.1822434607645875,0.325,0.4024144869215292,3.0
2023-12-21 15:00:00,15,21,0,3,14,4,0,11,4,1,5,1,19.85,140.0,4.0,9.94,52.5,0.4428571428571428,204.86730680173665,4.817222381910512,0.525,1.1066398390342054,2.952380952380953
2023-12-21 16:00:00,16,24,0,2,18,4,0,7,5,1,6,1,20.85,184.5,4.0,9.94,60.0,0.5147058823529411,230.34230680173664,3.8039906103286394,0.6,0.7042253521126761,2.9166666666666665
2023-12-21 17:00:00,17,29,1,2,20,6,0,8,7,1,8,1,21.85,194.5,4.0,9.94,72.5,0.6640625,273.5073068017366,4.48398147505724,0.725,0.8048289738430584,2.931034482758621
2023-12-21 18:00:00,18,24,1,1,18,4,0,5,8,1,9,1,22.85,161.0,4.0,9.94,60.0,0.5725806451612904,281.82230680173666,3.2630952380952385,0.6,0.5030181086519115,2.958333333333333
2023-12-21 19:00:00,19,22,1,3,14,4,0,6,8,1,9,1,23.85,157.0,4.0,9.94,55.00000000000001,0.5403225806451613,283.1723068017366,3.5133025425278954,0.55,0.6036217303822938,3.0454545454545454
2023-12-21 20:00:00,20,23,1,6,13,3,0,10,7,1,8,1,24.85,173.0,4.0,10.51,57.49999999999999,0.578125,277.5573068017366,4.91126670251934,0.575,0.9514747859181732,3.217391304347826
2023-12-21 21:00:00,21,18,0,6,9,3,0,3,5,1,6,1,25.85,259.0,4.0,10.51,45.0,0.4191176470588235,245.67230680173665,2.3289010466222644,0.45,0.285442435775452,3.1666666666666665
2023-12-21 22:00:00,22,18,0,4,12,2,0,8,5,1,6,1,26.85,157.5,3.0,7.19,45.0,0.5490196078431373,251.3123068017366,4.861597898315562,0.45,1.1126564673157164,3.111111111111111
2023-12-21 23:00:00,23,20,0,4,14,2,0,8,6,1,7,1,27.85,98.0,3.0,7.19,50.0,0.6262626262626263,274.6423068017366,4.999235048678721,0.5,1.1126564673157164,3.1
2023-12-22 00:00:00,0,18,0,4,12,2,0,4,7,1,8,1,28.85,153.0,3.0,7.19,45.0,0.5833333333333334,289.3923068017366,3.130798949157781,0.45,0.5563282336578582,3.111111111111111
2023-12-22 01:00:00,1,22,0,4,14,4,0,5,7,1,8,1,29.85,213.0,3.0,7.19,55.00000000000001,0.6875,303.6123068017366,3.7362308762169687,0.55,0.6954102920723227,3.0
2023-12-22 02:00:00,2,19,0,3,12,4,0,3,7,0,7,0,30.85,268.0,3.0,7.19,47.5,0.5656565656565656,288.549,2.6297782007173707,0.475,0.4172461752433936,2.9473684210526314
2023-12-22 03:00:00,3,17,0,3,12,2,0,3,7,0,7,0,31.85,328.0,3.0,7.19,42.5,0.5252525252525253,289.899,2.576282418391557,0.425,0.4172461752433936,3.0588235294117645
2023-12-22 04:00:00,4,18,0,3,13,2,0,1,7,0,7,0,32.85,388.0,3.0,7.19,45.0,0.5555555555555556,297.684,1.7999729562664195,0.45,0.1390820584144645,3.055555555555556
2023-12-22 05:00:00,5,20,0,3,14,3,0,5,8,0,8,0,33.85,421.0,3.0,7.19,50.0,0.625,321.014,3.586230876216968,0.5,0.6954102920723227,3.0
2023-12-22 06:00:00,6,18,0,3,13,2,0,2,8,0,8,0,34.85,481.0,3.0,7.19,45.0,0.5729166666666666,322.36400000000003,2.224945912532839,0.45,0.2781641168289291,3.055555555555556
2023-12-22 07:00:00,7,19,0,3,14,2,0,4,8,0,8,0,35.85,541.0,3.0,7.19,47.5,0.6041666666666666,330.149,3.148265134323988,0.475,0.5563282336578582,3.0526315789473686
2023-12-22 08:00:00,8,18,0,3,12,3,0,1,8,0,8,0,36.85,601.0,3.0,6.68,45.0,0.5625,333.644,1.7991017964071858,0.45,0.1497005988023952,3.0
2023-12-22 09:00:00,9,20,0,5,14,1,0,7,11,0,11,0,14.95,570.0,3.0,6.68,50.0,0.735632183908046,254.618,4.953293413173654,0.5,1.0479041916167666,3.2
2023-12-22 10:00:00,10,20,0,4,14,2,0,9,9,0,9,0,14.333333333333334,110.0,4.0,9.93,50.0,0.5,224.34,4.359667673716012,0.5,0.9063444108761328,3.1
2023-12-22 11:00:00,11,20,0,3,15,2,0,8,7,1,8,1,15.333333333333334,144.0,4.0,9.93,50.0,0.4765625,217.44830680173663,3.982200402819738,0.5,0.8056394763343404,3.05
2023-12-22 12:00:00,12,19,0,2,16,1,0,6,8,1,9,1,3.8333333333333335,68.0,4.0,9.93,47.5,0.4677419354838709,163.84330680173662,3.2944903800286216,0.475,0.6042296072507553,3.0526315789473686
2023-12-22 13:00:00,13,21,0,4,15,2,0,7,9,1,10,1,4.616666666666666,92.5,4.0,9.93,52.5,0.5416666666666666,185.95130680173665,3.806940248405505,0.525,0.7049345417925479,3.095238095238096
2023-12-22 14:00:00,14,18,0,2,14,2,0,5,8,0,8,0,5.616666666666666,138.5,4.0,9.93,45.0,0.421875,157.488,2.860574018126888,0.45,0.5035246727089627,3.0
2023-12-22 15:00:00,15,21,0,2,18,1,0,9,9,0,9,0,6.616666666666666,159.0,4.0,9.93,52.5,0.5161290322580645,182.963,4.362192490289167,0.525,0.9063444108761328,3.0476190476190474
2023-12-22 16:00:00,16,15,0,1,14,0,0,4,4,0,4,0,7.616666666666666,164.5,4.0,9.93,37.5,0.3194444444444444,108.733,2.385313863712656,0.375,0.4028197381671702,3.066666666666667
2023-12-22 17:00:00,17,22,0,2,19,1,0,8,9,0,9,0,8.616666666666667,55.0,4.0,9.93,55.00000000000001,0.5403225806451613,196.38800000000003,4.128538405200037,0.55,0.8056394763343404,3.0454545454545454
2023-12-22 18:00:00,18,23,0,2,20,1,0,9,12,1,13,1,9.616666666666667,90.0,4.0,9.93,57.49999999999999,0.6481481481481481,258.6413068017366,4.508439511362144,0.575,0.9063444108761328,3.0434782608695654
2023-12-22 19:00:00,19,23,0,3,17,3,0,8,10,1,11,1,8.016666666666667,130.0,4.0,9.93,57.49999999999999,0.5948275862068966,222.8173068017366,4.141918429003021,0.575,0.8056394763343404,3.0
2023-12-22 20:00:00,20,17,0,2,14,1,0,7,6,0,6,0,9.016666666666667,169.0,4.0,10.53,42.5,0.3823529411764705,147.719,3.3334059549745816,0.425,0.664767331433998,3.0588235294117645
2023-12-22 21:00:00,21,21,0,4,15,2,0,6,5,1,6,1,10.016666666666667,227.0,4.0,10.53,52.5,0.4779411764705882,162.80730680173662,3.3886684303350965,0.525,0.5698005698005697,3.095238095238096
2023-12-22 22:00:00,22,24,1,3,17,3,0,10,4,2,6,2,11.016666666666667,105.5,3.0,7.28,60.0,0.7254901960784313,175.75061360347323,6.085347985347986,0.6,1.3736263736263736,3.083333333333333
2023-12-22 23:00:00,23,21,1,4,13,3,0,6,3,3,6,3,12.016666666666667,80.5,3.0,7.28,52.5,0.6470588235294118,175.82392040520983,4.2402668759811615,0.525,0.8241758241758241,3.142857142857143
2023-12-23 00:00:00,0,18,0,2,15,1,0,9,5,2,7,2,13.016666666666667,96.0,3.0,7.28,45.0,0.5555555555555556,187.5606136034732,5.152472527472527,0.45,1.2362637362637363,3.055555555555556
2023-12-23 01:00:00,1,19,0,4,14,1,0,6,5,2,7,2,14.016666666666667,156.0,3.0,7.28,47.5,0.6060606060606061,195.34561360347325,4.102660497397339,0.475,0.8241758241758241,3.1578947368421053
2023-12-23 02:00:00,2,17,0,3,13,1,0,3,5,1,6,1,15.016666666666667,208.5,3.0,7.28,42.5,0.5196078431372549,182.42730680173665,2.609744667097608,0.425,0.412087912087912,3.117647058823529
2023-12-23 03:00:00,3,21,2,3,14,2,0,6,7,2,9,2,16.016666666666666,233.0,3.0,7.28,52.5,0.7311827956989247,237.71561360347323,4.368759811616955,0.525,0.8241758241758241,3.238095238095238
2023-12-23 04:00:00,4,25,1,4,18,2,0,6,8,1,9,1,17.016666666666666,293.0,3.0,7.28,62.5,0.8494623655913979,251.0673068017366,4.579395604395605,0.625,0.8241758241758241,3.16
2023-12-23 05:00:00,5,21,1,4,14,2,0,2,8,1,9,1,18.016666666666666,353.0,3.0,7.28,52.5,0.7204301075268817,248.1273068017366,2.55150444793302,0.525,0.2747252747252747,3.1904761904761907
2023-12-23 06:00:00,6,23,1,4,16,2,0,3,8,1,9,1,19.016666666666666,413.0,3.0,7.28,57.49999999999999,0.7849462365591398,258.0573068017366,3.132931199235547,0.575,0.412087912087912,3.1739130434782608
2023-12-23 07:00:00,7,21,1,4,13,3,0,3,9,1,10,1,20.016666666666666,457.0,3.0,7.28,52.5,0.7333333333333333,272.8073068017366,2.945133437990581,0.525,0.412087912087912,3.142857142857143
2023-12-23 08:00:00,8,17,1,3,9,4,0,1,9,0,9,0,21.016666666666666,501.0,3.0,6.68,42.5,0.5591397849462365,255.599,1.757907713983797,0.425,0.1497005988023952,3.0588235294117645
2023-12-23 09:00:00,9,16,1,3,11,1,0,4,7,0,7,0,22.016666666666666,561.0,3.0,6.68,40.0,0.5252525252525253,232.294,3.246107784431138,0.4,0.5988023952095809,3.25
2023-12-23 10:00:00,10,21,2,1,18,0,0,11,8,1,9,1,23.016666666666666,37.0,4.0,9.77,52.5,0.5483870967741935,276.32730680173665,5.345757176975191,0.525,1.1258955987717505,3.238095238095238
2023-12-23 11:00:00,11,23,2,1,20,0,0,7,11,1,12,1,24.016666666666666,80.5,4.0,9.77,57.49999999999999,0.6607142857142857,326.4573068017366,4.1551933603310935,0.575,0.7164790174002047,3.217391304347826
2023-12-23 12:00:00,12,24,2,2,18,2,0,11,10,1,11,1,25.016666666666666,128.0,4.0,9.77,60.0,0.6551724137931034,320.84230680173664,5.465336062777209,0.6,1.1258955987717505,3.1666666666666665
2023-12-23 13:00:00,13,22,0,4,18,0,0,12,10,1,11,1,19.9,90.0,4.0,9.77,55.00000000000001,0.603448275862069,287.6943068017366,5.65806736763748,0.55,1.2282497441146367,3.1818181818181817
2023-12-23 14:00:00,14,29,1,4,23,1,0,13,9,3,12,3,20.9,111.0,4.0,9.77,72.5,0.8214285714285714,323.4859204052098,6.521226132072143,0.725,1.3306038894575232,3.1724137931034484
2023-12-23 15:00:00,15,26,0,7,18,1,0,9,8,2,10,2,21.9,158.0,4.0,9.77,65.0,0.7,295.02261360347325,5.076143610739312,0.65,0.9211873080859776,3.230769230769231
2023-12-23 16:00:00,16,25,1,6,18,0,0,5,7,2,9,2,22.9,201.0,4.0,9.77,62.5,0.6693548387096774,285.1176136034732,3.774078812691914,0.625,0.5117707267144319,3.32
2023-12-23 17:00:00,17,30,1,5,23,1,0,12,8,2,10,2,23.9,204.0,4.0,9.77,75.0,0.8,314.8826136034732,6.330399181166838,0.75,1.2282497441146367,3.2
2023-12-23 18:00:00,18,25,1,5,19,0,0,9,8,1,9,1,24.9,206.0,4.0,9.77,62.5,0.6612903225806451,295.5293068017366,5.0714943705220055,0.625,0.9211873080859776,3.28
2023-12-23 19:00:00,19,24,2,5,16,1,0,9,6,2,8,2,25.9,271.0,4.0,9.77,60.0,0.625,286.4926136034732,5.070624360286592,0.6,0.9211873080859776,3.333333333333333
2023-12-23 20:00:00,20,24,2,4,17,1,0,12,6,2,8,2,26.9,211.0,4.0,9.87,60.0,0.6171875,292.1326136034732,5.977026342451875,0.6,1.2158054711246202,3.2916666666666665
2023-12-23 21:00:00,21,27,1,5,20,1,0,12,7,1,8,1,27.9,228.0,4.0,9.87,67.5,0.6796875,303.3393068017366,6.09259540695711,0.675,1.2158054711246202,3.2222222222222223
2023-12-23 22:00:00,22,22,1,3,17,1,0,8,5,1,6,1,10.383333333333333,259.0,3.0,6.779999999999999,55.00000000000001,0.6862745098039216,167.0203068017366,5.504357736658622,0.55,1.1799410029498527,3.1818181818181817
2023-12-23 23:00:00,23,23,1,4,16,2,0,9,8,1,9,1,11.383333333333333,155.0,3.0,6.779999999999999,57.49999999999999,0.7849462365591398,215.00530680173665,6.038158907272027,0.575,1.327433628318584,3.1739130434782608
2023-12-24 00:00:00,0,24,1,3,18,2,0,6,8,1,9,1,12.383333333333333,215.0,3.0,6.779999999999999,60.0,0.8064516129032258,222.79030680173665,4.640486725663717,0.6,0.8849557522123894,3.125
2023-12-24 01:00:00,1,22,2,3,16,1,0,5,6,2,8,2,13.383333333333333,286.5,3.0,6.779999999999999,55.00000000000001,0.75,211.60861360347323,4.213515687851972,0.55,0.7374631268436579,3.272727272727273
2023-12-24 02:00:00,2,17,2,4,10,1,0,5,6,1,7,1,14.383333333333333,335.0,3.0,6.779999999999999,42.5,0.5858585858585859,192.2553068017366,3.966050668054832,0.425,0.7374631268436579,3.411764705882353
2023-12-24 03:00:00,3,12,1,3,8,0,0,1,6,0,6,0,15.383333333333333,406.5,3.0,6.779999999999999,30.0,0.4019607843137255,172.902,1.5289331366764995,0.3,0.1474926253687316,3.4166666666666665
2023-12-24 04:00:00,4,15,1,5,9,0,0,5,6,1,7,1,16.383333333333333,455.0,3.0,6.779999999999999,37.5,0.5252525252525253,199.2453068017366,3.856538839724681,0.375,0.7374631268436579,3.466666666666667
2023-12-24 05:00:00,5,16,1,5,10,0,0,2,6,1,7,1,17.383333333333333,515.0,3.0,6.779999999999999,40.0,0.5555555555555556,207.03030680173657,2.3890117994100297,0.4,0.2949852507374632,3.4375
2023-12-24 06:00:00,6,17,1,5,11,0,0,5,7,1,8,1,18.383333333333333,539.0,3.0,6.779999999999999,42.5,0.6041666666666666,228.2153068017366,3.966050668054832,0.425,0.7374631268436579,3.411764705882353
2023-12-24 07:00:00,7,21,1,7,13,0,0,7,7,2,9,2,19.383333333333333,563.0,3.0,6.779999999999999,52.5,0.7741935483870968,256.70361360347323,5.3398230088495575,0.525,1.032448377581121,3.4285714285714284
2023-12-24 08:00:00,8,23,2,6,15,0,0,7,8,3,11,3,20.383333333333333,574.0,3.0,6.65,57.49999999999999,0.9080459770114944,294.30192040520984,5.590560640732265,0.575,1.0526315789473684,3.4347826086956523
2023-12-24 09:00:00,9,32,3,7,20,2,0,10,10,4,14,4,21.383333333333333,182.0,3.0,6.65,80.0,1.3717948717948718,360.3152272069464,7.703195488721805,0.8,1.5037593984962403,3.34375
2023-12-24 10:00:00,10,39,3,7,25,4,0,14,12,3,15,3,22.383333333333333,138.0,4.0,10.35,97.5,1.26,393.5019204052098,7.520122630992196,0.975,1.3526570048309177,3.230769230769231
2023-12-24 11:00:00,11,35,2,5,23,5,0,10,13,2,15,2,23.383333333333333,116.0,4.0,10.35,87.5,1.09,389.6936136034732,5.733971704623878,0.875,0.9661835748792268,3.1142857142857143
2023-12-24 12:00:00,12,30,1,2,24,3,0,7,13,0,13,0,24.383333333333333,112.0,4.0,10.35,75.0,0.8425925925925926,356.072,4.326529790660225,0.75,0.6763285024154588,3.033333333333333
2023-12-24 13:00:00,13,39,1,4,28,5,1,15,18,0,18,0,25.383333333333333,146.5,4.0,10.35,97.5,1.318181818181818,448.017,7.210665180230397,0.975,1.4492753623188404,2.9743589743589745
2023-12-24 14:00:00,14,43,1,6,28,7,1,11,19,0,19,0,26.383333333333333,205.0,4.0,10.35,107.5,1.5238095238095235,475.637,6.36368947309291,1.075,1.0628019323671496,2.976744186046512
2023-12-24 15:00:00,15,34,1,4,26,3,0,4,18,0,18,0,27.383333333333333,235.5,4.0,10.35,85.0,1.193181818181818,448.572,3.818520886615516,0.85,0.3864734299516907,3.088235294117647
2023-12-24 16:00:00,16,41,1,4,32,4,0,15,18,1,19,1,28.383333333333333,292.0,4.0,10.35,102.5,1.488095238095238,483.4953068017366,7.543522446094025,1.025,1.4492753623188404,3.048780487804878
2023-12-24 17:00:00,17,51,1,6,38,5,1,17,22,1,23,1,29.383333333333333,285.0,4.0,10.35,127.5,2.264705882352941,564.1853068017365,8.809742351046697,1.275,1.6425120772946855,3.019607843137255
2023-12-24 18:00:00,18,45,1,7,33,4,0,9,23,1,24,1,30.383333333333333,340.0,4.0,10.35,112.5,2.1875,570.3553068017366,6.205314009661835,1.125,0.8695652173913042,3.111111111111111
2023-12-24 19:00:00,19,44,1,6,35,1,1,18,25,1,26,1,31.383333333333333,335.0,4.0,10.35,110.0,2.446428571428572,600.6503068017366,8.84001976284585,1.1,1.7391304347826084,3.113636363636364
2023-12-24 20:00:00,20,42,0,7,33,2,0,9,23,2,25,2,32.38333333333333,340.0,4.0,10.48,105.0,2.183333333333333,589.4686136034732,5.953571428571429,1.05,0.8587786259541984,3.119047619047619
2023-12-24 21:00:00,21,48,2,7,37,2,0,14,24,3,27,3,33.38333333333333,341.0,4.0,10.48,120.0,2.9423076923076925,635.6469204052098,8.0831106870229,1.2,1.3358778625954195,3.1875
2023-12-24 22:00:00,22,42,2,6,32,2,0,7,26,3,29,3,34.38333333333333,381.0,3.0,6.779999999999999,105.0,4.0606060606060606,655.2169204052099,6.64400196656834,1.05,1.032448377581121,3.1904761904761907
2023-12-24 23:00:00,23,49,3,6,38,2,0,13,27,4,31,4,35.38333333333333,416.0,3.0,6.779999999999999,122.5,5.814814814814815,703.5402272069465,10.068519354644511,1.225,1.9174041297935105,3.204081632653061
2023-12-25 00:00:00,0,47,3,6,37,1,0,8,27,4,31,4,36.38333333333333,476.0,3.0,6.779999999999999,117.5,5.62962962962963,704.8902272069465,7.615979413795267,1.175,1.1799410029498527,3.234042553191489
2023-12-25 01:00:00,1,43,3,7,31,2,0,5,27,4,31,4,37.38333333333333,536.0,3.0,6.779999999999999,107.5,5.185185185185185,701.9502272069465,5.901042738560747,1.075,0.7374631268436579,3.255813953488372
2023-12-25 02:00:00,2,39,3,7,28,1,0,1,27,4,31,4,38.38333333333333,596.0,3.0,6.779999999999999,97.5,4.777777777777778,699.0102272069464,3.712860222373496,0.975,0.1474926253687316,3.3076923076923075
2023-12-25 03:00:00,3,38,3,7,28,0,0,5,28,4,32,4,39.38333333333333,651.5,3.0,6.779999999999999,95.0,5.291666666666667,715.9052272069464,5.639679397609068,0.95,0.7374631268436579,3.3421052631578947
2023-12-25 04:00:00,4,41,3,7,31,0,0,5,29,4,33,4,40.38333333333333,707.0,3.0,6.779999999999999,102.5,6.476190476190476,741.3802272069464,5.84621915245701,1.025,0.7374631268436579,3.317073170731707
2023-12-25 05:00:00,5,42,3,7,31,1,0,5,29,4,33,4,41.38333333333333,767.0,3.0,6.779999999999999,105.0,6.571428571428571,749.1652272069464,5.8730931310577335,1.05,0.7374631268436579,3.2857142857142856
2023-12-25 06:00:00,6,39,3,7,29,0,0,2,29,4,33,4,42.38333333333333,827.0,3.0,6.779999999999999,97.5,6.190476190476191,748.3702272069463,4.233284169124877,0.975,0.2949852507374632,3.333333333333333
2023-12-25 07:00:00,7,40,3,8,28,1,0,4,29,5,34,5,43.38333333333333,881.0,3.0,6.779999999999999,100.0,7.388888888888889,770.4235340086831,5.28665191740413,1.0,0.5899705014749264,3.325
2023-12-25 08:00:00,8,42,3,9,29,1,0,3,30,5,35,5,44.38333333333333,935.0,3.0,6.35,105.0,9.333333333333334,793.7535340086831,5.0748031496063,1.05,0.4724409448818898,3.333333333333333
2023-12-25 09:00:00,9,44,3,9,31,1,0,6,29,5,34,5,45.38333333333333,983.5,3.0,6.35,110.0,8.11111111111111,790.2835340086831,6.785289906943452,1.1,0.9448818897637796,3.3181818181818183
2023-12-25 10:00:00,10,46,3,11,32,0,0,10,31,5,36,5,46.38333333333333,955.5,4.0,9.6,115.0,9.6875,827.0135340086831,7.384963768115941,1.15,1.0416666666666667,3.369565217391304
2023-12-25 11:00:00,11,55,4,11,39,1,0,14,32,6,38,6,47.38333333333333,981.5,4.0,9.6,137.5,22.875,879.6268408104196,9.427272727272728,1.375,1.4583333333333337,3.327272727272727
2023-12-25 12:00:00,12,56,4,10,38,4,0,13,32,6,38,6,48.38333333333333,1001.0,4.0,9.6,140.0,22.75,887.4118408104196,8.951041666666665,1.4,1.3541666666666667,3.25
2023-12-25 13:00:00,13,50,4,9,36,1,0,12,29,6,35,6,49.38333333333333,1011.0,4.0,9.6,125.0,8.3,839.9818408104197,8.299999999999999,1.25,1.25,3.32
2023-12-25 14:00:00,14,43,3,8,31,1,0,4,26,4,30,4,50.38333333333333,1025.5,4.0,9.6,107.5,3.55,761.8702272069464,4.925968992248063,1.075,0.4166666666666667,3.302325581395349
2023-12-25 15:00:00,15,48,2,7,36,3,0,13,26,3,29,3,51.38333333333333,760.0,4.0,9.6,120.0,3.4545454545454546,763.9669204052097,8.088194444444444,1.2,1.3541666666666667,3.1666666666666665
2023-12-25 16:00:00,16,52,4,7,38,3,0,11,22,3,25,3,52.38333333333333,360.0,4.0,9.6,130.0,2.8,724.5869204052099,7.901923076923079,1.3,1.1458333333333337,3.230769230769231
2023-12-25 17:00:00,17,40,3,7,30,0,0,2,20,3,23,3,53.38333333333333,422.0,4.0,9.6,100.0,1.9558823529411764,677.6869204052098,4.017708333333333,1.0,0.2083333333333333,3.325
2023-12-25 18:00:00,18,38,2,7,29,0,0,9,24,2,26,2,54.38333333333333,451.0,4.0,9.6,95.0,2.232142857142857,718.3686136034732,6.208881578947368,0.95,0.9375,3.289473684210526
2023-12-25 19:00:00,19,42,2,6,33,1,0,10,26,2,28,2,31.816666666666663,440.5,4.0,9.6,105.0,2.8125,626.4726136034732,6.723214285714287,1.05,1.0416666666666667,3.2142857142857144
2023-12-25 20:00:00,20,44,2,5,34,3,0,12,24,2,26,2,32.81666666666667,325.0,4.0,10.99,110.0,2.4642857142857144,609.6026136034733,6.874600876830176,1.1,1.091901728844404,3.136363636363636
2023-12-25 21:00:00,21,48,2,6,37,3,0,12,25,2,27,2,33.81666666666667,335.0,4.0,10.99,120.0,2.9038461538461537,637.2226136034733,7.20994085532302,1.2,1.091901728844404,3.145833333333333
2023-12-25 22:00:00,22,57,2,8,41,6,0,17,25,3,28,3,34.81666666666667,335.0,3.0,7.74,142.5,4.916666666666667,676.4359204052098,11.2453454372365,1.425,2.196382428940568,3.1052631578947367
2023-12-25 23:00:00,23,52,2,5,42,3,0,9,25,2,27,2,35.81666666666667,322.0,3.0,7.74,130.0,4.153846153846154,657.0826136034732,7.672540250447228,1.3,1.162790697674419,3.1153846153846154
2023-12-26 00:00:00,0,49,2,6,37,4,0,9,24,2,26,2,36.81666666666667,379.0,3.0,7.74,122.5,3.642857142857143,642.8876136034733,7.455754627432368,1.225,1.162790697674419,3.122448979591837
2023-12-26 01:00:00,1,53,2,7,40,4,0,7,26,3,29,3,37.81666666666667,403.0,3.0,7.74,132.5,5.03030303030303,698.1759204052098,6.982626395592608,1.325,0.9043927648578812,3.1320754716981134
2023-12-26 02:00:00,2,49,2,7,37,3,0,5,27,3,30,3,38.81666666666667,451.0,3.0,7.74,122.5,5.166666666666667,708.6359204052098,5.918453040130782,1.225,0.6459948320413437,3.163265306122449
2023-12-26 03:00:00,3,47,2,6,35,4,0,5,28,2,30,2,39.81666666666667,511.0,3.0,7.74,117.5,4.9,709.1176136034733,5.695451921491011,1.175,0.6459948320413437,3.127659574468085
2023-12-26 04:00:00,4,45,2,6,34,3,0,3,28,2,30,2,40.81666666666667,571.0,3.0,7.74,112.5,4.733333333333333,710.4676136034732,4.773083548664944,1.125,0.3875968992248061,3.1555555555555554
2023-12-26 05:00:00,5,44,2,6,34,2,0,5,29,3,32,3,41.81666666666667,614.0,3.0,7.74,110.0,5.833333333333333,741.6309204052098,5.55543810194973,1.1,0.6459948320413437,3.1818181818181817
2023-12-26 06:00:00,6,43,2,6,32,3,0,1,29,3,32,3,42.81666666666667,674.0,3.0,7.74,107.5,5.666666666666667,745.1259204052099,3.808629289105221,1.075,0.1291989664082687,3.1627906976744184
2023-12-26 07:00:00,7,42,2,6,31,3,0,2,29,3,32,3,43.81666666666667,734.0,3.0,7.74,105.0,5.541666666666667,748.6209204052099,4.143260120585702,1.05,0.2583979328165374,3.1666666666666665
2023-12-26 08:00:00,8,45,2,7,32,4,0,6,30,3,33,3,44.81666666666667,789.0,3.0,7.0600000000000005,112.5,6.761904761904762,774.0959204052098,6.231775259678942,1.125,0.8498583569405098,3.1555555555555554
2023-12-26 09:00:00,9,53,3,8,39,3,0,12,28,4,32,4,40.78333333333333,790.0,3.0,7.0600000000000005,132.5,7.083333333333333,755.9762272069465,9.701921535090063,1.325,1.6997167138810196,3.207547169811321
2023-12-26 10:00:00,10,50,2,11,36,1,0,7,27,4,31,4,41.78333333333333,845.0,4.0,10.4,125.0,4.555555555555555,741.7812272069465,6.307692307692307,1.25,0.673076923076923,3.28
2023-12-26 11:00:00,11,53,2,11,38,2,0,10,25,4,29,4,42.78333333333333,852.0,4.0,10.4,132.5,3.909090909090909,727.0562272069465,7.420464441219158,1.325,0.9615384615384616,3.2452830188679247
2023-12-26 12:00:00,12,42,2,10,29,1,0,3,22,5,27,5,39.85,899.0,4.0,10.4,105.0,2.673076923076923,660.9855340086831,4.42967032967033,1.05,0.2884615384615384,3.3095238095238093
2023-12-26 13:00:00,13,49,2,10,34,3,0,10,22,5,27,5,40.85,926.0,4.0,10.4,122.5,3.0384615384615383,681.6405340086831,7.050470957613814,1.225,0.9615384615384616,3.224489795918368
2023-12-26 14:00:00,14,50,3,10,35,2,0,11,25,5,30,5,41.85,730.0,4.0,10.4,125.0,4.1,729.6255340086831,7.569230769230768,1.25,1.0576923076923077,3.28
2023-12-26 15:00:00,15,57,3,11,41,2,0,12,27,6,33,6,42.85,421.0,4.0,10.4,142.5,6.642857142857143,791.3488408104197,8.415182186234818,1.425,1.1538461538461535,3.263157894736842
2023-12-26 16:00:00,16,46,3,9,33,1,0,4,23,5,28,5,43.85,387.5,4.0,10.4,115.0,3.1666666666666665,705.525534008683,5.070903010033445,1.15,0.3846153846153846,3.3043478260869565
2023-12-26 17:00:00,17,49,3,11,34,1,0,11,25,5,30,5,44.85,400.5,4.0,10.4,122.5,4.075,744.400534008683,7.593445839874412,1.225,1.0576923076923077,3.326530612244898
2023-12-26 18:00:00,18,53,2,14,34,2,1,14,25,5,30,5,45.85,439.5,4.0,10.4,132.5,4.325,758.6205340086831,8.719049346879535,1.325,1.346153846153846,3.2641509433962264
2023-12-26 19:00:00,19,52,2,12,36,2,0,10,27,5,32,5,46.85,485.0,4.0,10.4,130.0,5.3125,788.9155340086832,7.393491124260355,1.3,0.9615384615384616,3.269230769230769
2023-12-26 20:00:00,20,45,2,9,31,1,2,7,25,4,29,4,47.85,551.0,4.0,10.54,112.5,3.25,738.4722272069464,5.685478600042167,1.125,0.6641366223908919,3.1777777777777776
2023-12-26 21:00:00,21,41,2,8,29,1,1,10,25,3,28,3,48.85,602.0,4.0,10.54,102.5,2.75,721.2639204052098,6.3545656500208265,1.025,0.94876660341556,3.2195121951219514
2023-12-26 22:00:00,22,45,2,7,34,2,0,11,27,2,29,2,49.85,653.0,3.0,7.2,112.5,4.363636363636363,748.0156136034732,8.488888888888889,1.125,1.5277777777777777,3.2
2023-12-26 23:00:00,23,50,2,9,34,5,0,11,27,3,30,3,50.85,543.5,3.0,7.2,125.0,5.266666666666667,778.6489204052098,8.777777777777779,1.25,1.5277777777777777,3.16
2023-12-27 00:00:00,0,41,2,9,26,4,0,4,28,3,31,3,51.85,601.0,3.0,7.2,102.5,4.888888888888889,778.3839204052099,5.088617886178862,1.025,0.5555555555555556,3.2195121951219514
2023-12-27 01:00:00,1,42,2,10,27,3,0,4,29,3,32,3,52.85,637.0,3.0,7.2,105.0,5.708333333333333,799.5689204052098,5.237169312169312,1.05,0.5555555555555556,3.261904761904762
2023-12-27 02:00:00,2,42,2,10,29,1,0,5,29,3,32,3,53.85,697.0,3.0,7.2,105.0,5.791666666666667,805.2089204052099,5.773280423280423,1.05,0.6944444444444444,3.3095238095238093
2023-12-27 03:00:00,3,36,2,10,23,1,0,1,28,3,31,3,54.85,733.0,3.0,7.2,90.0,4.481481481481482,784.5789204052098,3.491820987654321,0.9,0.1388888888888889,3.361111111111111
2023-12-27 04:00:00,4,40,2,11,25,2,0,4,28,3,31,3,55.85,793.0,3.0,7.2,100.0,4.925925925925926,798.7989204052099,5.172222222222223,1.0,0.5555555555555556,3.325
2023-12-27 05:00:00,5,41,2,11,25,3,0,3,28,3,31,3,56.85,853.0,3.0,7.2,102.5,5.0,806.5839204052099,4.746951219512194,1.025,0.4166666666666666,3.292682926829268
2023-12-27 06:00:00,6,39,2,10,24,3,0,0,28,2,30,2,57.85,937.0,3.0,7.2,97.5,4.266666666666667,793.6656136034733,3.2,0.975,0.0,3.282051282051282
2023-12-27 07:00:00,7,40,2,12,25,1,0,5,29,2,31,2,58.85,973.0,3.0,7.2,100.0,5.0,814.8506136034732,5.71875,1.0,0.6944444444444444,3.375
2023-12-27 08:00:00,8,44,2,14,27,1,0,5,29,3,32,3,59.85,1029.0,3.0,6.72,110.0,6.208333333333333,843.3389204052098,6.244615800865801,1.1,0.7440476190476191,3.386363636363636
2023-12-27 09:00:00,9,44,2,15,25,2,0,6,29,3,32,3,60.85,1089.0,3.0,6.72,110.0,6.208333333333333,848.9789204052099,6.748538961038961,1.1,0.8928571428571429,3.386363636363636
2023-12-27 10:00:00,10,44,2,14,26,2,0,9,26,3,29,3,61.85,1059.0,4.0,10.42,110.0,3.363636363636364,814.4189204052099,6.60525213749782,1.1,0.8637236084452975,3.363636363636364
2023-12-27 11:00:00,11,54,3,16,35,0,0,15,25,3,28,3,62.85,1102.0,4.0,10.42,135.0,3.8333333333333335,828.1089204052098,9.50509703561527,1.35,1.4395393474088292,3.4074074074074074
2023-12-27 12:00:00,12,53,3,15,34,1,0,13,25,3,28,3,63.85,1065.0,4.0,10.42,132.5,3.7291666666666665,831.6039204052098,8.688595045811754,1.325,1.2476007677543186,3.3773584905660377
2023-12-27 13:00:00,13,58,3,14,40,0,1,16,25,3,28,3,64.85,1044.5,4.0,10.42,145.0,4.0,847.9689204052097,9.883063074988415,1.45,1.5355086372360844,3.310344827586207
2023-12-27 14:00:00,14,49,3,15,31,0,0,7,22,3,25,3,65.85,982.0,4.0,10.42,122.5,2.8,794.1039204052098,6.503262955854127,1.225,0.6717850287907869,3.4285714285714284
2023-12-27 15:00:00,15,46,2,13,31,0,0,6,22,3,25,3,44.31666666666667,412.0,4.0,10.42,115.0,2.583333333333333,666.2209204052099,5.815248685637987,1.15,0.5758157389635317,3.369565217391304
2023-12-27 16:00:00,16,42,2,13,26,1,0,11,20,2,22,2,42.43333333333333,272.5,4.0,10.42,105.0,1.9722222222222223,605.9506136034731,7.119143588337447,1.05,1.055662188099808,3.380952380952381
2023-12-27 17:00:00,17,43,3,11,25,4,0,10,21,2,23,2,43.43333333333333,280.0,4.0,10.42,107.5,2.088235294117647,627.1356136034732,6.719218408248896,1.075,0.9596928982725528,3.302325581395349
2023-12-27 18:00:00,18,44,3,12,26,3,0,7,23,2,25,2,44.43333333333333,306.0,4.0,10.42,110.0,2.45,661.7206136034732,5.919372709823765,1.1,0.6717850287907869,3.340909090909091
2023-12-27 19:00:00,19,45,3,11,29,1,1,7,23,2,25,2,45.43333333333333,366.0,4.0,10.42,112.5,2.4833333333333334,669.5056136034732,5.949354873107272,1.125,0.6717850287907869,3.311111111111111
2023-12-27 20:00:00,20,51,2,11,33,4,1,14,24,3,27,3,46.43333333333333,350.0,4.0,10.34,127.5,3.1153846153846154,715.6839204052098,8.35083058368415,1.275,1.3539651837524178,3.176470588235294
2023-12-27 21:00:00,21,53,2,14,34,2,1,10,26,3,29,3,47.43333333333333,364.0,4.0,10.34,132.5,3.9318181818181817,752.4139204052099,7.481819094193642,1.325,0.9671179883945842,3.2641509433962264
2023-12-27 22:00:00,22,47,2,12,32,0,1,7,24,3,27,3,48.43333333333333,396.0,3.0,6.640000000000001,117.5,3.9743589743589753,718.3839204052099,7.351672648038965,1.175,1.0542168674698795,3.297872340425532
2023-12-27 23:00:00,23,46,1,11,33,0,1,7,26,2,28,2,49.43333333333333,446.5,3.0,6.640000000000001,115.0,4.138888888888889,734.4106136034732,7.139745940282872,1.15,1.0542168674698795,3.239130434782609
2023-12-28 00:00:00,0,50,1,11,35,2,1,13,28,2,30,2,50.43333333333333,493.5,3.0,6.640000000000001,125.0,5.3,775.4306136034731,10.200903614457832,1.25,1.9578313253012047,3.18
2023-12-28 01:00:00,1,52,1,12,36,2,1,6,29,2,31,2,51.43333333333333,550.0,3.0,6.640000000000001,130.0,6.148148148148148,798.7606136034732,7.0346153846153845,1.3,0.9036144578313252,3.1923076923076925
2023-12-28 02:00:00,2,54,2,13,36,2,1,6,30,2,32,2,52.43333333333333,599.5,3.0,6.640000000000001,135.0,7.291666666666667,822.0906136034732,7.303380187416333,1.35,0.9036144578313252,3.240740740740741
2023-12-28 03:00:00,3,48,2,13,30,2,1,2,30,1,31,1,53.43333333333333,670.0,3.0,6.640000000000001,120.0,5.814814814814815,800.5923068017366,4.910190763052209,1.2,0.3012048192771084,3.270833333333333
2023-12-28 04:00:00,4,48,2,13,28,4,1,6,29,1,30,1,54.43333333333333,733.5,3.0,6.640000000000001,120.0,5.166666666666667,792.8323068017366,6.792921686746987,1.2,0.9036144578313252,3.2291666666666665
2023-12-28 05:00:00,5,45,2,13,28,1,1,2,29,1,30,1,55.43333333333333,793.5,3.0,6.640000000000001,112.5,4.966666666666667,792.0373068017366,4.722322623828648,1.125,0.3012048192771084,3.311111111111111
2023-12-28 06:00:00,6,43,1,14,26,1,1,2,29,1,30,1,56.43333333333333,853.5,3.0,6.640000000000001,107.5,4.733333333333333,793.3873068017365,4.544676379938358,1.075,0.3012048192771084,3.302325581395349
2023-12-28 07:00:00,7,39,1,14,23,0,1,1,30,1,31,1,57.43333333333333,910.0,3.0,6.640000000000001,97.5,4.851851851851852,803.8473068017366,3.780869632375656,0.975,0.1506024096385542,3.358974358974359
2023-12-28 08:00:00,8,40,1,14,24,0,1,3,31,1,32,1,58.43333333333333,959.5,3.0,6.779999999999999,100.0,5.583333333333333,825.0323068017366,4.832300884955752,1.0,0.4424778761061947,3.35
2023-12-28 09:00:00,9,42,1,13,26,0,2,8,28,1,29,1,59.43333333333333,1009.0,3.0,6.779999999999999,105.0,4.151515151515151,794.7623068017366,7.273855176288806,1.05,1.1799410029498527,3.261904761904762
2023-12-28 10:00:00,10,45,2,13,28,1,1,7,28,1,29,1,60.43333333333333,1016.0,4.0,9.87,112.5,3.386363636363636,806.8373068017365,6.073305752561072,1.125,0.7092198581560284,3.311111111111111
2023-12-28 11:00:00,11,41,1,10,27,1,2,8,20,1,21,1,61.43333333333333,895.0,4.0,9.87,102.5,1.7105263157894737,696.6973068017367,5.81999530481627,1.025,0.8105369807497468,3.1707317073170733
2023-12-28 12:00:00,12,38,1,9,25,1,2,8,21,1,22,1,36.66666666666666,892.0,4.0,9.87,95.0,1.6666666666666667,563.9783068017366,5.559590465525517,0.95,0.8105369807497468,3.1578947368421053
2023-12-28 13:00:00,13,41,2,9,27,1,2,13,22,3,25,3,37.66666666666666,809.0,4.0,9.87,102.5,2.183333333333333,617.9899204052098,7.483367311636642,1.025,1.3171225937183384,3.1951219512195124
2023-12-28 14:00:00,14,48,2,8,34,2,2,14,21,3,24,3,38.66666666666666,649.0,4.0,9.87,120.0,2.34375,625.2449204052098,8.182624113475176,1.2,1.4184397163120568,3.125
2023-12-28 15:00:00,15,40,3,7,26,2,2,7,17,4,21,4,39.66666666666666,321.0,4.0,9.87,100.0,1.6710526315789471,574.3932272069464,5.42677304964539,1.0,0.7092198581560284,3.175
2023-12-28 16:00:00,16,26,2,5,17,1,1,6,8,3,11,3,22.933333333333334,197.0,4.0,9.87,65.0,0.7241379310344828,315.11892040520985,4.063993453355156,0.65,0.6079027355623101,3.230769230769231
2023-12-28 17:00:00,17,22,3,5,10,3,1,5,10,2,12,2,23.933333333333334,248.5,4.0,9.87,55.00000000000001,0.6428571428571429,324.71061360347323,3.457916551533573,0.55,0.5065856129685917,3.272727272727273
2023-12-28 18:00:00,18,25,3,5,12,4,1,8,9,2,11,2,24.933333333333334,314.0,4.0,9.87,62.5,0.6896551724137931,323.3856136034732,4.5937183383991895,0.625,0.8105369807497468,3.2
2023-12-28 19:00:00,19,26,3,6,12,4,1,9,11,2,13,2,24.266666666666666,249.0,4.0,9.87,65.0,0.7777777777777778,348.57061360347325,5.045990180032734,0.65,0.9118541033434652,3.230769230769231
2023-12-28 20:00:00,20,29,2,8,15,3,1,11,11,1,12,1,25.266666666666666,187.5,4.0,10.0,72.5,0.8392857142857143,346.3773068017366,5.915517241379311,0.725,1.1,3.2413793103448274
2023-12-28 21:00:00,21,29,2,9,15,2,1,8,12,1,13,1,26.266666666666666,224.0,4.0,10.0,72.5,0.8888888888888888,365.4173068017366,5.048275862068965,0.725,0.8,3.310344827586207
2023-12-28 22:00:00,22,21,2,7,10,1,1,3,9,1,10,1,27.266666666666666,335.0,3.0,6.91,52.5,0.7888888888888889,313.6973068017366,3.2428519743642754,0.525,0.4341534008683068,3.380952380952381
2023-12-28 23:00:00,23,24,2,7,12,2,1,12,10,0,10,0,28.266666666666666,232.0,3.0,6.91,60.0,0.8777777777777778,324.904,7.691353111432706,0.6,1.7366136034732271,3.2916666666666665
2023-12-29 00:00:00,0,21,2,8,9,1,1,3,11,0,11,0,29.266666666666666,282.0,3.0,6.91,52.5,0.8275862068965517,337.509,3.2885259458341944,0.525,0.4341534008683068,3.4285714285714284
2023-12-29 01:00:00,1,21,2,8,9,1,1,3,12,1,13,1,30.266666666666666,273.0,3.0,6.91,52.5,0.8888888888888888,370.8173068017366,3.2885259458341944,0.525,0.4341534008683068,3.4285714285714284
2023-12-29 02:00:00,2,24,2,8,12,1,1,5,12,1,13,1,31.266666666666666,333.0,3.0,6.91,60.0,1.0,382.8923068017366,4.467112879884226,0.6,0.723589001447178,3.375
2023-12-29 03:00:00,3,23,2,7,12,1,1,6,12,0,12,0,32.266666666666666,427.5,3.0,6.91,57.49999999999999,0.9166666666666666,372.119,4.831940162335619,0.575,0.8683068017366136,3.347826086956522
2023-12-29 04:00:00,4,20,2,7,9,1,1,2,13,0,13,0,33.266666666666666,453.0,3.0,6.91,50.0,0.8395061728395061,384.7240000000001,2.6840810419681618,0.5,0.2894356005788712,3.4
2023-12-29 05:00:00,5,21,2,8,9,1,1,3,14,0,14,0,34.266666666666666,475.5,3.0,6.91,52.5,0.9230769230769232,405.909,3.2885259458341944,0.525,0.4341534008683068,3.4285714285714284
2023-12-29 06:00:00,6,23,3,8,10,1,1,4,15,0,15,0,35.266666666666666,498.0,3.0,6.91,57.49999999999999,1.0666666666666669,429.239,4.013465047505191,0.575,0.5788712011577424,3.4782608695652173
2023-12-29 07:00:00,7,24,3,10,9,1,1,4,15,1,16,1,36.266666666666666,537.5,3.0,6.91,60.0,1.1805555555555556,451.2923068017366,4.175168837433671,0.6,0.5788712011577424,3.5416666666666665
2023-12-29 08:00:00,8,27,3,10,12,1,1,7,16,1,17,1,37.266666666666666,577.0,3.0,9.14,67.5,1.3623188405797102,476.7673068017366,5.016342491287786,0.675,0.7658643326039387,3.4814814814814814
2023-12-29 09:00:00,9,29,3,10,13,2,1,6,16,1,17,1,38.266666666666666,630.0,3.0,9.14,72.5,1.434782608695652,486.6973068017367,4.71600203727458,0.725,0.6564551422319475,3.413793103448276
2023-12-29 10:00:00,10,32,2,12,16,2,0,9,20,1,21,1,25.183333333333334,411.0,4.0,12.84,80.0,1.4473684210526316,472.9423068017367,5.15946261682243,0.8,0.7009345794392523,3.4375
2023-12-29 11:00:00,11,35,3,8,18,5,1,12,19,1,20,1,26.183333333333334,443.0,4.0,12.84,87.5,1.4,471.6173068017366,5.790654205607478,0.875,0.9345794392523364,3.2
2023-12-29 12:00:00,12,31,2,7,18,3,1,10,16,2,18,2,15.55,175.0,4.0,12.84,77.5,1.125,377.1336136034733,4.962187217365089,0.775,0.778816199376947,3.193548387096774
2023-12-29 13:00:00,13,36,2,8,23,2,1,9,15,3,18,3,16.55,204.5,4.0,12.84,90.0,1.318181818181818,394.3669204052098,5.1585669781931465,0.9,0.7009345794392523,3.2222222222222223
2023-12-29 14:00:00,14,30,1,5,23,0,1,6,11,3,14,3,17.55,181.5,4.0,12.84,75.0,0.9134615384615384,333.5369204052098,3.854750778816199,0.75,0.4672897196261682,3.1666666666666665
2023-12-29 15:00:00,15,27,1,5,19,1,1,7,10,2,12,2,18.55,213.0,4.0,12.84,67.5,0.7589285714285714,305.07361360347323,3.8412801430714207,0.675,0.545171339563863,3.1481481481481484
2023-12-29 16:00:00,16,22,1,3,15,2,1,4,9,2,11,2,19.55,263.0,4.0,12.84,55.00000000000001,0.5775862068965517,286.5886136034732,2.6237397337864627,0.55,0.3115264797507788,3.0454545454545454
2023-12-29 17:00:00,17,35,0,3,23,8,1,18,15,1,16,1,20.55,200.5,4.0,12.84,87.5,1.0208333333333333,386.2453068017366,6.375233644859812,0.875,1.4018691588785046,2.8
2023-12-29 18:00:00,18,37,0,3,25,8,1,11,18,1,19,1,21.55,207.0,4.0,12.84,92.5,1.238095238095238,436.3753068017367,5.008015492127642,0.925,0.8566978193146417,2.810810810810811
2023-12-29 19:00:00,19,41,1,3,27,9,1,17,20,1,21,1,22.55,150.0,4.0,12.84,102.5,1.5394736842105263,477.39530680173664,6.703208342831092,1.025,1.32398753894081,2.8536585365853657
2023-12-29 20:00:00,20,37,2,3,21,10,1,7,19,0,19,0,23.55,203.0,4.0,10.35,92.5,1.261904761904762,446.787,4.58758976367672,0.925,0.6763285024154588,2.864864864864865
2023-12-29 21:00:00,21,38,2,4,21,10,1,12,19,0,19,0,24.55,263.0,4.0,10.35,95.0,1.3095238095238095,454.572,6.106216628527841,0.95,1.1594202898550725,2.8947368421052637
2023-12-29 22:00:00,22,41,2,4,22,12,1,14,16,0,16,0,25.55,277.5,3.0,6.65,102.5,1.625,426.447,8.932702182284979,1.025,2.1052631578947367,2.8536585365853657
2023-12-29 23:00:00,23,33,1,3,18,10,1,10,9,0,9,0,12.116666666666667,240.0,3.0,6.65,82.5,0.989247311827957,239.723,6.492298929141034,0.825,1.5037593984962403,2.787878787878788
2023-12-30 00:00:00,0,28,1,4,15,7,1,6,9,0,9,0,13.116666666666667,300.0,3.0,6.65,70.0,0.8709677419354839,234.638,4.635096670247046,0.7,0.9022556390977444,2.892857142857143
2023-12-30 01:00:00,1,29,1,5,17,5,1,6,10,0,10,0,14.116666666666667,327.5,3.0,6.65,72.5,0.9666666666666668,255.823,4.881766917293233,0.725,0.9022556390977444,3.0
2023-12-30 02:00:00,2,30,1,6,18,4,1,8,11,1,12,1,15.116666666666667,350.0,3.0,6.65,75.0,1.0952380952380951,291.2763068017366,5.989223057644111,0.75,1.2030075187969924,3.066666666666667
2023-12-30 03:00:00,3,27,1,6,14,5,1,2,11,1,12,1,16.116666666666667,410.0,3.0,6.65,67.5,0.9761904761904762,290.48130680173665,2.963394597605124,0.675,0.3007518796992481,3.037037037037037
2023-12-30 04:00:00,4,22,1,4,13,3,1,2,12,0,12,0,17.116666666666667,470.0,3.0,6.65,55.00000000000001,0.7976190476190477,284.528,2.590926179084074,0.55,0.3007518796992481,3.0454545454545454
2023-12-30 05:00:00,5,25,1,6,14,3,1,5,11,0,11,0,18.116666666666667,535.0,3.0,6.65,62.5,0.896551724137931,283.203,4.295864661654135,0.625,0.7518796992481203,3.12
2023-12-30 06:00:00,6,23,1,6,12,3,1,1,11,0,11,0,19.116666666666667,595.0,3.0,6.65,57.49999999999999,0.8275862068965517,284.553,2.270742072572736,0.575,0.150375939849624,3.130434782608696
2023-12-30 07:00:00,7,22,1,6,12,2,1,1,11,0,11,0,20.116666666666667,655.0,3.0,6.65,55.00000000000001,0.8045977011494253,288.048,2.228468899521531,0.55,0.150375939849624,3.1818181818181817
2023-12-30 08:00:00,8,22,1,6,12,2,1,1,12,0,12,0,21.116666666666667,710.0,3.0,7.880000000000001,55.00000000000001,0.8333333333333334,307.088,2.1537840332256577,0.55,0.1269035532994923,3.1818181818181817
2023-12-30 09:00:00,9,25,1,5,15,3,1,6,12,0,12,0,22.116666666666667,741.0,3.0,7.880000000000001,62.5,0.9166666666666666,319.163,4.270177664974619,0.625,0.7614213197969543,3.08
2023-12-30 10:00:00,10,31,1,5,22,2,1,7,13,0,13,0,23.116666666666667,777.0,4.0,11.75,77.5,0.8888888888888888,351.073,4.244886753603294,0.775,0.5957446808510638,3.096774193548387
2023-12-30 11:00:00,11,32,1,3,24,3,1,8,12,0,12,0,24.116666666666667,827.5,4.0,11.75,80.0,0.8571428571428571,345.458,4.4425531914893615,0.8,0.6808510638297872,3.0
2023-12-30 12:00:00,12,22,3,1,15,2,1,10,8,0,8,0,25.116666666666667,129.5,4.0,11.75,55.00000000000001,0.5390625,276.048,4.394245647969052,0.55,0.851063829787234,3.136363636363636
2023-12-30 13:00:00,13,32,2,4,20,5,1,17,12,1,13,1,26.116666666666667,67.0,4.0,11.75,80.0,0.8981481481481481,371.0063068017366,6.810638297872341,0.8,1.446808510638298,3.03125
2023-12-30 14:00:00,14,36,2,7,22,4,1,15,18,1,19,1,27.116666666666667,100.0,4.0,11.75,90.0,1.3452380952380951,465.6263068017366,6.83209219858156,0.9,1.2765957446808511,3.138888888888889
2023-12-30 15:00:00,15,30,1,5,19,4,1,9,13,1,14,1,28.116666666666667,97.5,4.0,11.75,75.0,0.875,391.3963068017366,4.598404255319148,0.75,0.7659574468085106,3.033333333333333
2023-12-30 16:00:00,16,34,1,4,21,6,2,15,13,1,14,1,29.116666666666667,144.5,4.0,11.75,85.0,0.9423076923076924,405.6163068017365,6.129599499374218,0.85,1.2765957446808511,2.8823529411764706
2023-12-30 17:00:00,17,31,1,5,23,1,1,9,14,1,15,1,30.116666666666667,195.0,4.0,11.75,77.5,0.97,418.2213068017366,4.821705559368565,0.775,0.7659574468085106,3.129032258064516
2023-12-30 18:00:00,18,33,1,4,26,1,1,11,13,0,13,0,31.116666666666667,251.0,4.0,11.75,82.5,0.9444444444444444,400.483,5.443617021276595,0.825,0.9361702127659576,3.090909090909091
2023-12-30 19:00:00,19,23,1,5,16,1,0,8,9,0,9,0,14.066666666666666,311.0,4.0,11.75,57.49999999999999,0.6048387096774194,229.271,4.095166512488436,0.575,0.6808510638297872,3.260869565217391
2023-12-30 20:00:00,20,27,1,9,14,3,0,15,10,0,10,0,15.066666666666666,280.0,4.0,10.53,67.5,0.7416666666666667,256.891,6.920578769652843,0.675,1.4245014245014245,3.2962962962962963
2023-12-30 21:00:00,21,32,1,8,21,2,0,12,12,0,12,0,12.45,286.5,4.0,10.53,80.0,0.9285714285714286,279.658,6.303703703703703,0.8,1.1396011396011394,3.25
2023-12-30 22:00:00,22,29,0,5,21,3,0,7,10,0,10,0,13.45,278.5,3.0,6.66,72.5,0.9888888888888888,252.063,5.450639432535985,0.725,1.0510510510510511,3.0689655172413794
2023-12-30 23:00:00,23,25,0,5,19,1,0,12,8,0,8,0,9.733333333333333,227.0,3.0,6.66,62.5,0.8229166666666666,195.721,7.668693693693695,0.625,1.8018018018018016,3.16
2023-12-31 00:00:00,0,19,0,3,16,0,0,4,7,0,7,0,10.566666666666666,220.0,3.0,6.66,47.5,0.6060606060606061,174.151,3.396633475580844,0.475,0.6006006006006006,3.1578947368421053
2023-12-31 01:00:00,1,25,1,6,17,1,0,11,11,0,11,0,11.566666666666666,216.0,3.0,6.66,62.5,0.942528735632184,246.261,7.467417417417416,0.625,1.6516516516516515,3.28
2023-12-31 02:00:00,2,29,1,6,21,1,0,10,11,0,11,0,12.566666666666666,276.0,3.0,6.66,72.5,1.0804597701149423,260.481,7.21693590141866,0.725,1.5015015015015014,3.2413793103448274
2023-12-31 03:00:00,3,23,1,6,16,0,0,5,12,0,12,0,13.566666666666666,309.0,3.0,6.66,57.49999999999999,0.9166666666666666,266.65099999999995,4.438382948165557,0.575,0.7507507507507507,3.347826086956522
2023-12-31 04:00:00,4,24,1,6,15,2,0,4,12,0,12,0,14.566666666666666,369.0,3.0,6.66,60.0,0.9285714285714286,274.436,3.901951951951952,0.6,0.6006006006006006,3.25
2023-12-31 05:00:00,5,25,1,5,18,1,0,5,14,0,14,0,15.566666666666666,343.0,3.0,6.66,62.5,1.0384615384615383,309.021,4.457432432432433,0.625,0.7507507507507507,3.24
2023-12-31 06:00:00,6,26,2,4,20,0,0,4,14,1,15,1,16.566666666666666,344.0,3.0,6.66,65.0,1.1466666666666667,331.0743068017366,4.1366019866019865,0.65,0.6006006006006006,3.3076923076923075
2023-12-31 07:00:00,7,24,2,4,18,0,0,2,14,1,15,1,17.566666666666666,404.0,3.0,6.66,60.0,1.0666666666666669,332.42430680173663,3.001001001001001,0.6,0.3003003003003003,3.333333333333333
2023-12-31 08:00:00,8,35,2,5,27,1,0,11,14,1,15,1,18.566666666666663,464.0,3.0,7.2,87.5,1.5066666666666666,361.6593068017367,7.757539682539682,0.875,1.5277777777777777,3.2285714285714286
2023-12-31 09:00:00,9,37,1,5,30,1,0,12,15,1,16,1,19.566666666666663,519.0,3.0,7.2,92.5,1.625,384.9893068017366,8.19527027027027,0.925,1.6666666666666663,3.1621621621621623
2023-12-31 10:00:00,10,38,1,6,31,0,0,11,16,1,17,1,20.566666666666663,426.0,4.0,10.45,95.0,1.326086956521739,406.1743068017366,6.429501385041552,0.95,1.0526315789473686,3.210526315789474
2023-12-31 11:00:00,11,38,2,6,30,0,0,13,14,1,15,1,21.566666666666663,130.0,4.0,10.45,95.0,1.24,385.01430680173655,7.159430873835306,0.95,1.244019138755981,3.263157894736842
2023-12-31 12:00:00,12,41,2,6,33,0,0,14,12,0,12,0,11.566666666666666,138.0,4.0,10.45,102.5,1.1875,293.981,7.670898004434591,1.025,1.3397129186602872,3.2439024390243905
2023-12-31 13:00:00,13,36,2,7,27,0,0,10,12,1,13,1,12.566666666666666,188.0,4.0,10.45,90.0,1.101851851851852,303.1643068017366,6.1382110579479,0.9,0.9569377990430624,3.305555555555556
2023-12-31 14:00:00,14,41,3,6,30,2,0,16,10,3,13,3,13.566666666666666,232.0,4.0,10.45,102.5,1.2314814814814814,321.26592040520984,8.291740576496675,1.025,1.5311004784688995,3.2439024390243905
2023-12-31 15:00:00,15,43,2,8,33,0,0,17,11,2,13,2,14.566666666666666,217.0,4.0,10.45,107.5,1.3055555555555556,330.32761360347325,8.859371870479583,1.075,1.6267942583732058,3.2790697674418605
2023-12-31 16:00:00,16,42,1,8,32,1,0,17,13,2,15,2,11.683333333333334,103.0,4.0,10.45,105.0,1.35,338.7206136034732,8.603981544771019,1.05,1.6267942583732058,3.2142857142857144
2023-12-31 17:00:00,17,43,1,8,28,6,0,11,13,2,15,2,12.683333333333334,159.0,4.0,10.45,107.5,1.33,346.5056136034732,6.580813953488372,1.075,1.0526315789473686,3.0930232558139537
2023-12-31 18:00:00,18,41,1,10,23,7,0,12,16,2,18,2,13.683333333333334,142.5,4.0,10.45,102.5,1.4545454545454546,388.0556136034732,6.785015754463766,1.025,1.1483253588516746,3.1219512195121952
2023-12-31 19:00:00,19,31,3,7,16,5,0,10,13,2,15,2,14.683333333333334,195.0,4.0,10.45,77.5,1.01,332.04561360347327,5.642765087204816,0.775,0.9569377990430624,3.2580645161290325
2023-12-31 20:00:00,20,38,3,5,23,7,0,13,13,2,15,2,15.683333333333334,186.0,4.0,11.01,95.0,1.18,352.70061360347324,6.616523256369808,0.95,1.1807447774750228,3.1052631578947367
2023-12-31 21:00:00,21,42,3,6,24,9,0,15,11,3,14,3,16.683333333333334,242.5,4.0,11.01,105.0,1.2403846153846154,354.38892040520983,7.409507590502141,1.05,1.362397820163488,3.071428571428572
2023-12-31 22:00:00,22,40,3,7,21,9,0,11,9,3,12,3,17.683333333333334,285.5,3.0,7.76,100.0,1.4761904761904765,328.93892040520984,7.494329896907217,1.0,1.4175257731958764,3.1
2023-12-31 23:00:00,23,36,3,5,20,8,0,7,7,3,10,3,18.683333333333334,305.0,3.0,7.76,90.0,1.2333333333333334,299.19892040520983,5.556357388316152,0.9,0.9020618556701032,3.083333333333333
