ts,hour,census,l1,l2,l3,l4,l5,arrivals,waitBed,waitICU,D_board,vent,maxLOS_h,awt_curr_min,Na,cap_sum,OCCUPANCY,EDWIN,NEDOCS,READI,READI_BR,READI_PR,READI_AR
2022-07-01 00:00:00,0,20,1,3,16,0,0,7,6,0,6,0,4.5,163.5,3.0,6.68,50.0,0.6372549019607843,128.68,5.030688622754491,0.5,1.0479041916167666,3.25
2022-07-01 01:00:00,1,24,1,2,18,3,0,11,6,0,6,0,5.05,190.0,3.0,6.68,60.0,0.7156862745098039,140.362,6.833732534930139,0.6,1.6467065868263473,3.0416666666666665
2022-07-01 02:00:00,2,25,1,2,18,4,0,3,6,0,6,0,6.05,250.0,3.0,6.68,62.5,0.7352941176470589,148.147,3.222305389221557,0.625,0.4491017964071856,3.0
2022-07-01 03:00:00,3,16,0,2,13,1,0,3,6,0,6,0,7.05,310.0,3.0,6.68,40.0,0.4803921568627451,134.482,2.600374251497006,0.4,0.4491017964071856,3.0625
2022-07-01 04:00:00,4,18,0,2,15,1,0,3,7,0,7,0,8.05,358.0,3.0,6.68,45.0,0.5555555555555556,157.812,2.7472554890219563,0.45,0.4491017964071856,3.055555555555556
2022-07-01 05:00:00,5,17,0,2,15,0,0,2,7,0,7,0,9.05,418.0,3.0,6.68,42.5,0.5353535353535354,161.307,2.258427263120817,0.425,0.2994011976047904,3.117647058823529
2022-07-01 06:00:00,6,18,0,2,15,1,0,2,7,0,7,0,10.05,478.0,3.0,6.68,45.0,0.5555555555555556,169.09199999999998,2.289836992681304,0.45,0.2994011976047904,3.055555555555556
2022-07-01 07:00:00,7,17,0,2,15,0,0,1,7,0,7,0,11.05,538.0,3.0,6.68,42.5,0.5353535353535354,172.587,1.7917136315604083,0.425,0.1497005988023952,3.117647058823529
2022-07-01 08:00:00,8,19,0,4,15,0,0,3,7,2,9,2,12.05,463.0,3.0,7.220000000000001,47.5,0.6559139784946236,211.05361360347325,2.859013704621665,0.475,0.4155124653739612,3.210526315789474
2022-07-01 09:00:00,9,22,0,4,18,0,0,6,6,2,8,2,12.95,590.5,3.0,7.220000000000001,55.00000000000001,0.7291666666666666,209.16461360347324,4.394170234197935,0.55,0.8310249307479224,3.1818181818181817
2022-07-01 10:00:00,10,26,0,5,18,0,3,9,5,3,8,3,13.95,126.5,4.0,10.54,65.0,0.6015625,224.25292040520984,4.45382790833455,0.65,0.8538899430740037,2.9615384615384617
2022-07-01 11:00:00,11,32,1,5,21,5,0,18,8,3,11,3,14.083333333333334,100.0,4.0,10.54,80.0,0.8448275862068966,278.07492040520987,7.680075901328273,0.8,1.7077798861480074,3.0625
2022-07-01 12:00:00,12,33,2,7,22,2,0,9,11,4,15,4,15.083333333333334,114.0,4.0,10.54,82.5,1.08,340.32822720694645,5.49454890460583,0.825,0.8538899430740037,3.272727272727273
2022-07-01 13:00:00,13,36,2,7,26,1,0,12,12,4,16,4,16.083333333333332,133.0,4.0,10.54,90.0,1.2291666666666667,365.8032272069465,6.681815306767868,0.9,1.1385199240986716,3.2777777777777777
2022-07-01 14:00:00,14,38,3,7,25,2,1,11,13,5,18,5,14.25,133.5,4.0,10.54,95.0,1.3977272727272727,387.4215340086831,6.453108459003295,0.95,1.0436432637571156,3.236842105263158
2022-07-01 15:00:00,15,30,3,7,16,4,0,6,8,5,13,5,7.183333333333334,192.0,4.0,10.54,75.0,0.9166666666666666,263.4055340086831,4.353557874762808,0.75,0.5692599620493358,3.3
2022-07-01 16:00:00,16,25,2,4,15,3,1,7,8,5,13,5,8.033333333333333,181.0,4.0,10.54,62.5,0.7222222222222222,257.47453400868307,4.022106261859583,0.625,0.6641366223908918,3.12
2022-07-01 17:00:00,17,21,2,4,13,1,1,3,9,4,13,4,8.616666666666667,187.0,4.0,10.54,52.5,0.6296296296296297,251.31622720694645,2.621658986175115,0.525,0.2846299810246679,3.238095238095238
2022-07-01 18:00:00,18,19,2,5,11,0,1,3,9,4,13,4,9.616666666666667,174.0,4.0,10.54,47.5,0.5925925925925926,252.66622720694647,2.5587536202936176,0.475,0.2846299810246679,3.3684210526315788
2022-07-01 19:00:00,19,21,1,6,14,0,0,7,7,4,11,4,10.616666666666667,225.0,4.0,10.54,52.5,0.6120689655172413,235.79622720694647,4.020414294750157,0.525,0.6641366223908918,3.380952380952381
2022-07-01 20:00:00,20,23,1,6,15,1,0,9,10,2,12,2,9.816666666666666,185.0,4.0,10.23,57.49999999999999,0.6785714285714286,247.2376136034732,4.807050873390284,0.575,0.8797653958944281,3.3043478260869565
2022-07-01 21:00:00,21,21,1,5,15,0,0,9,7,2,9,2,10.816666666666666,70.0,4.0,10.23,52.5,0.5645161290322581,208.38761360347323,4.682551319648094,0.525,0.8797653958944281,3.333333333333333
2022-07-01 22:00:00,22,20,1,2,17,0,0,8,7,1,8,1,11.816666666666666,126.5,3.0,6.91,50.0,0.6666666666666666,197.61430680173663,5.304775687409552,0.5,1.1577424023154848,3.2
2022-07-01 23:00:00,23,20,1,1,18,0,0,10,5,1,6,1,12.816666666666666,178.0,3.0,6.91,50.0,0.6176470588235294,176.4543068017366,6.133610709117221,0.5,1.447178002894356,3.15
2022-07-02 00:00:00,0,18,1,1,16,0,0,5,5,1,6,1,13.816666666666666,238.0,3.0,6.91,45.0,0.5588235294117647,177.8043068017366,3.7163651712493966,0.45,0.723589001447178,3.1666666666666665
2022-07-02 01:00:00,1,16,1,1,13,1,0,3,5,1,6,1,14.816666666666666,298.0,3.0,6.91,40.0,0.4901960784313725,179.1543068017366,2.606729377713459,0.4,0.4341534008683068,3.125
2022-07-02 02:00:00,2,11,1,2,8,0,0,4,6,1,7,1,15.816666666666666,348.0,3.0,6.91,27.500000000000004,0.3737373737373737,187.4693068017366,2.872112222076043,0.275,0.5788712011577424,3.363636363636364
2022-07-02 03:00:00,3,12,1,2,8,1,0,2,7,1,8,1,16.816666666666666,361.0,3.0,6.91,30.0,0.40625,208.6543068017366,1.9156657018813317,0.3,0.2894356005788712,3.25
2022-07-02 04:00:00,4,16,1,4,11,0,0,6,7,2,9,2,17.816666666666666,374.0,3.0,6.91,40.0,0.5806451612903226,237.14261360347325,4.28053545586107,0.4,0.8683068017366136,3.375
2022-07-02 05:00:00,5,18,1,4,13,0,0,6,7,2,9,2,18.816666666666663,434.0,3.0,6.91,45.0,0.6451612903225806,247.0726136034732,4.394356005788712,0.45,0.8683068017366136,3.333333333333333
2022-07-02 06:00:00,6,15,0,3,11,1,0,3,6,2,8,2,19.816666666666663,541.0,3.0,6.91,37.5,0.4895833333333333,232.87761360347324,2.5353473227206944,0.375,0.4341534008683068,3.1333333333333333
2022-07-02 07:00:00,7,17,0,3,13,1,0,4,6,2,8,2,20.816666666666663,601.0,3.0,6.91,42.5,0.5520833333333334,242.8076136034732,3.1297160977270795,0.425,0.5788712011577424,3.117647058823529
2022-07-02 08:00:00,8,19,0,3,16,0,0,4,7,2,9,2,21.816666666666663,614.0,3.0,8.39,47.5,0.6451612903225806,266.13761360347326,3.005551721974782,0.475,0.4767580452920142,3.1578947368421053
2022-07-02 09:00:00,9,17,0,2,15,0,0,3,6,1,7,1,22.816666666666663,674.0,3.0,8.39,42.5,0.5353535353535354,239.81930680173664,2.4397724882563274,0.425,0.3575685339690107,3.117647058823529
2022-07-02 10:00:00,10,15,0,2,13,0,0,5,8,1,9,1,18.75,154.0,4.0,12.09,37.5,0.3790322580645161,239.39330680173663,2.4708367797077475,0.375,0.4135649296939619,3.1333333333333333
2022-07-02 11:00:00,11,20,1,1,18,0,0,10,8,1,9,1,19.75,88.0,4.0,12.09,50.0,0.5080645161290323,255.75830680173664,4.18045905707196,0.5,0.8271298593879239,3.15
2022-07-02 12:00:00,12,19,0,1,16,2,0,8,9,0,9,0,15.05,125.0,4.0,12.09,47.5,0.4516129032258064,226.237,3.3502851421357365,0.475,0.6617038875103392,2.9473684210526314
2022-07-02 13:00:00,13,14,0,1,12,1,0,6,6,0,6,0,16.05,169.0,4.0,12.09,35.0,0.3088235294117647,180.952,2.538833746898263,0.35,0.4962779156327543,3.0
2022-07-02 14:00:00,14,19,0,0,17,2,0,14,5,0,5,0,17.05,82.0,4.0,12.09,47.5,0.3928571428571428,183.917,4.7270525880457965,0.475,1.1579818031430935,2.8947368421052637
2022-07-02 15:00:00,15,18,0,0,16,2,0,9,3,0,3,0,8.416666666666666,128.0,4.0,12.09,45.0,0.3513513513513513,106.28,3.4505376344086023,0.45,0.7444168734491315,2.888888888888889
2022-07-02 16:00:00,16,16,0,3,11,2,0,7,6,1,7,1,9.416666666666666,42.0,4.0,12.09,40.0,0.3712121212121212,162.09830680173658,2.998159636062862,0.4,0.5789909015715468,3.0625
2022-07-02 17:00:00,17,19,0,3,14,2,0,4,7,1,8,1,10.416666666666666,99.5,4.0,12.09,47.5,0.453125,187.5733068017366,2.459969091463149,0.475,0.3308519437551696,3.0526315789473686
2022-07-02 18:00:00,18,14,0,2,12,0,0,3,5,1,6,1,5.366666666666666,154.5,4.0,12.09,35.0,0.3235294117647059,121.5663068017366,1.8798652959943285,0.35,0.2481389578163771,3.142857142857143
2022-07-02 19:00:00,19,15,0,2,12,0,1,11,4,0,4,0,6.366666666666666,190.0,4.0,12.09,37.5,0.3125,101.683,3.854528535980149,0.375,0.9098428453267164,3.0
2022-07-02 20:00:00,20,12,0,2,7,1,2,7,4,1,5,1,4.533333333333333,61.0,4.0,10.61,30.0,0.2357142857142857,99.1763068017366,2.639326107445806,0.3,0.6597549481621112,2.75
2022-07-02 21:00:00,21,13,0,3,9,1,0,7,3,2,5,2,5.533333333333333,88.0,4.0,10.61,32.5,0.2928571428571428,107.82961360347323,3.105765605742042,0.325,0.6597549481621112,3.1538461538461537
2022-07-02 22:00:00,22,19,2,4,11,2,0,12,5,3,8,3,6.533333333333333,127.5,3.0,6.91,47.5,0.65625,167.40792040520984,7.333245106253332,0.475,1.7366136034732271,3.3157894736842106
2022-07-02 23:00:00,23,26,2,5,15,4,0,13,9,2,11,2,6.25,63.0,3.0,6.91,65.0,0.9540229885057472,220.15661360347323,8.080788712011577,0.65,1.8813314037626627,3.1923076923076925
2022-07-03 00:00:00,0,24,2,5,15,2,0,4,10,1,11,1,7.25,112.0,3.0,6.91,60.0,0.9080459770114944,220.63830680173663,3.880451037144236,0.6,0.5788712011577424,3.2916666666666665
2022-07-03 01:00:00,1,24,1,5,15,3,0,7,10,0,10,0,8.25,165.5,3.0,6.91,60.0,0.8444444444444444,212.01,5.107911239749155,0.6,1.0130246020260492,3.1666666666666665
2022-07-03 02:00:00,2,25,2,5,16,2,0,5,12,0,12,0,9.25,215.5,3.0,6.91,62.5,0.9761904761904762,246.59500000000003,4.423371924746744,0.625,0.723589001447178,3.28
2022-07-03 03:00:00,3,23,2,5,15,1,0,2,12,0,12,0,10.25,275.5,3.0,6.91,57.49999999999999,0.9166666666666666,247.945,2.893980054111873,0.575,0.2894356005788712,3.347826086956522
2022-07-03 04:00:00,4,18,2,4,11,1,0,5,13,0,13,0,9.016666666666667,332.0,3.0,6.91,45.0,0.7530864197530864,243.664,3.9771627271265473,0.45,0.723589001447178,3.388888888888889
2022-07-03 05:00:00,5,18,2,6,9,1,0,3,15,0,15,0,10.016666666666667,379.0,3.0,6.91,45.0,0.84,276.10400000000004,3.094536903039073,0.45,0.4341534008683068,3.5
2022-07-03 06:00:00,6,19,2,5,10,2,0,3,14,0,14,0,11.016666666666667,445.5,3.0,6.91,47.5,0.8205128205128205,270.489,3.062411455556401,0.475,0.4341534008683068,3.3684210526315788
2022-07-03 07:00:00,7,23,2,6,11,3,1,6,16,0,16,0,12.016666666666667,491.0,3.0,6.91,57.49999999999999,1.0277777777777777,311.509,4.643682753413453,0.575,0.8683068017366136,3.217391304347826
2022-07-03 08:00:00,8,27,2,6,17,2,0,8,17,0,17,0,13.016666666666667,543.0,3.0,6.77,67.5,1.289855072463768,339.129,6.120180261502271,0.675,1.1816838995568686,3.2962962962962963
2022-07-03 09:00:00,9,23,2,5,16,0,0,4,12,0,12,0,13.466666666666669,577.5,3.0,6.77,57.49999999999999,0.9285714285714286,266.087,3.9537248731616463,0.575,0.5908419497784343,3.391304347826087
2022-07-03 10:00:00,10,21,1,4,14,2,0,10,10,0,10,0,12.983333333333333,546.5,4.0,9.86,52.5,0.5583333333333333,232.271,4.91077706944847,0.525,1.0141987829614605,3.1904761904761907
2022-07-03 11:00:00,11,15,1,1,11,2,0,7,5,0,5,0,13.983333333333333,95.0,4.0,9.86,37.5,0.3285714285714285,158.041,3.327146720757269,0.375,0.7099391480730224,3.066666666666667
2022-07-03 12:00:00,12,20,0,1,16,3,0,8,3,0,3,0,10.016666666666667,155.0,4.0,9.86,50.0,0.3918918918918919,119.594,3.802941176470589,0.5,0.8113590263691685,2.9
2022-07-03 13:00:00,13,21,1,0,17,3,0,7,6,1,7,1,11.016666666666667,57.0,4.0,9.86,52.5,0.4696969696969697,181.84730680173664,3.646010818120352,0.525,0.7099391480730224,2.952380952380953
2022-07-03 14:00:00,14,28,1,2,21,4,0,14,6,1,7,1,12.016666666666667,117.0,4.0,9.86,70.0,0.6363636363636364,202.5023068017366,6.3596348884381335,0.7,1.4198782961460448,3.0
2022-07-03 15:00:00,15,28,0,2,22,4,0,10,6,0,6,0,13.016666666666667,147.0,4.0,9.86,70.0,0.6029411764705882,193.874,5.020153578672848,0.7,1.0141987829614605,2.9285714285714284
2022-07-03 16:00:00,16,15,0,2,11,2,0,5,4,0,4,0,10.983333333333333,138.0,4.0,9.86,37.5,0.3125,127.721,2.6462981744421907,0.375,0.5070993914807302,3.0
2022-07-03 17:00:00,17,19,0,2,15,2,0,6,5,0,5,0,11.983333333333333,140.0,4.0,9.86,47.5,0.4071428571428571,155.341,3.250557809330629,0.475,0.6085192697768763,3.0
2022-07-03 18:00:00,18,21,0,3,15,3,0,16,6,1,7,1,12.983333333333333,92.0,4.0,9.86,52.5,0.4772727272727273,192.93930680173665,6.443154158215011,0.525,1.622718052738337,3.0
2022-07-03 19:00:00,19,26,0,4,17,5,0,17,6,1,7,1,8.316666666666666,65.0,4.0,9.86,65.0,0.5833333333333334,177.34430680173662,7.031100795755969,0.65,1.7241379310344829,2.9615384615384617
2022-07-03 20:00:00,20,23,0,3,18,2,0,16,5,1,6,1,9.316666666666666,113.0,4.0,9.47,57.49999999999999,0.5147058823529411,163.1493068017366,6.892096322482899,0.575,1.6895459345300952,3.0434782608695654
2022-07-03 21:00:00,21,34,1,8,21,4,0,19,7,4,11,4,10.316666666666666,40.0,4.0,9.47,85.0,0.9310344827586208,261.98922720694645,9.073066650102492,0.85,2.006335797254488,3.176470588235294
2022-07-03 22:00:00,22,35,1,8,24,2,0,14,8,4,12,4,11.316666666666666,98.0,3.0,6.38,87.5,1.3452380952380951,283.17422720694645,9.909639498432602,0.875,2.19435736677116,3.2285714285714286
2022-07-03 23:00:00,23,36,1,9,24,2,0,9,9,4,13,4,12.316666666666666,156.0,3.0,6.38,90.0,1.4444444444444444,304.35922720694646,7.509639498432602,0.9,1.4106583072100314,3.25
2022-07-04 00:00:00,0,35,1,9,24,1,0,11,10,3,13,3,13.316666666666666,200.0,3.0,6.38,87.5,1.4197530864197532,306.98592040520987,8.540024630541872,0.875,1.7241379310344829,3.2857142857142856
2022-07-04 01:00:00,1,30,1,7,20,2,0,4,10,3,13,3,14.316666666666666,260.0,3.0,6.38,75.0,1.1975308641975309,301.90092040520983,4.452168234064787,0.75,0.6269592476489029,3.2333333333333334
2022-07-04 02:00:00,2,29,1,7,20,1,0,3,11,3,14,3,15.316666666666666,318.0,3.0,6.38,72.5,1.2179487179487178,318.7959204052098,3.91537401362015,0.725,0.4702194357366771,3.2758620689655173
2022-07-04 03:00:00,3,30,1,7,21,1,0,4,11,3,14,3,16.316666666666666,378.0,3.0,6.38,75.0,1.2564102564102564,326.58092040520984,4.498066875653083,0.75,0.6269592476489029,3.2666666666666666
2022-07-04 04:00:00,4,28,1,7,19,1,0,1,11,3,14,3,17.316666666666666,438.0,3.0,6.38,70.0,1.1794871794871795,327.9309204052098,2.81500223914017,0.7,0.1567398119122257,3.2857142857142856
2022-07-04 05:00:00,5,29,1,7,20,1,0,3,12,4,16,4,18.316666666666663,494.5,3.0,6.38,72.5,1.3194444444444444,363.3842272069464,3.91537401362015,0.725,0.4702194357366771,3.2758620689655173
2022-07-04 06:00:00,6,27,1,7,18,1,0,2,13,4,17,4,19.316666666666663,553.0,3.0,6.38,67.5,1.289855072463768,378.1342272069464,3.258321722976896,0.675,0.3134796238244514,3.2962962962962963
2022-07-04 07:00:00,7,25,2,7,15,1,0,6,15,4,19,4,20.316666666666663,606.0,3.0,6.38,62.5,1.3492063492063493,406.28422720694647,5.322492163009405,0.625,0.9404388714733544,3.4
2022-07-04 08:00:00,8,26,2,7,15,2,0,5,16,4,20,4,21.316666666666663,660.5,3.0,6.779999999999999,65.0,1.45,427.46922720694647,4.642665078284548,0.65,0.7374631268436579,3.3461538461538463
2022-07-04 09:00:00,9,27,1,8,17,1,0,9,17,4,21,4,22.316666666666663,265.0,3.0,6.779999999999999,67.5,1.5789473684210529,448.6542272069465,6.674778761061948,0.675,1.327433628318584,3.333333333333333
2022-07-04 10:00:00,10,34,0,7,22,5,0,16,17,5,22,5,23.316666666666663,191.5,4.0,10.48,85.0,1.4444444444444444,483.5775340086831,7.26995958688819,0.85,1.5267175572519085,3.0588235294117645
2022-07-04 11:00:00,11,36,0,7,27,2,0,11,18,6,24,6,14.333333333333334,153.5,4.0,10.48,90.0,1.765625,464.86984081041976,6.1196352841391,0.9,1.049618320610687,3.138888888888889
2022-07-04 12:00:00,12,40,0,6,33,1,0,8,19,6,25,6,15.333333333333334,192.0,4.0,10.48,100.0,2.083333333333333,492.4898408104197,5.510496183206107,1.0,0.7633587786259541,3.125
2022-07-04 13:00:00,13,37,0,6,30,1,0,6,16,6,22,6,16.333333333333332,237.0,4.0,10.48,92.5,1.6111111111111112,451.4948408104197,4.694924695688054,0.925,0.5725190839694656,3.135135135135135
2022-07-04 14:00:00,14,30,0,5,25,0,0,4,15,6,21,6,17.333333333333332,279.0,4.0,10.48,75.0,1.25,428.71984081041967,3.5836513994910937,0.75,0.381679389312977,3.1666666666666665
2022-07-04 15:00:00,15,30,0,5,24,1,0,8,15,5,20,5,18.33333333333333,286.0,4.0,10.48,75.0,1.175,420.091534008683,4.741857506361323,0.75,0.7633587786259541,3.1333333333333333
2022-07-04 16:00:00,16,26,0,4,22,0,0,5,16,4,20,4,11.033333333333331,309.5,4.0,10.48,65.0,1.025,369.4712272069465,3.554697592483852,0.65,0.4770992366412213,3.1538461538461537
2022-07-04 17:00:00,17,26,0,5,21,0,0,5,14,5,19,5,12.033333333333331,348.0,4.0,10.48,65.0,0.988095238095238,362.5795340086831,3.5980475631238997,0.65,0.4770992366412213,3.1923076923076925
2022-07-04 18:00:00,18,26,0,5,21,0,0,8,11,5,16,5,13.033333333333331,418.0,4.0,10.48,65.0,0.8645833333333334,328.0195340086831,4.511876100998238,0.65,0.7633587786259541,3.1923076923076925
2022-07-04 19:00:00,19,21,0,3,18,0,0,4,8,3,11,3,14.033333333333331,488.0,4.0,10.48,52.5,0.5689655172413793,254.19792040520983,2.8495637949836423,0.525,0.381679389312977,3.142857142857143
2022-07-04 20:00:00,20,23,0,3,17,3,0,9,9,3,12,3,15.033333333333331,313.0,4.0,10.3,57.49999999999999,0.6160714285714286,277.52792040520984,4.34635922330097,0.575,0.8737864077669902,3.0
2022-07-04 21:00:00,21,28,0,2,22,4,0,13,12,3,15,3,16.033333333333335,219.0,4.0,10.3,70.0,0.82,334.09292040520984,5.7462552011095696,0.7,1.262135922330097,2.9285714285714284
2022-07-04 22:00:00,22,31,0,3,24,4,0,8,13,3,16,3,17.033333333333335,218.5,3.0,6.6,77.5,1.2777777777777777,359.56792040520986,5.897262952101662,0.775,1.2121212121212122,2.967741935483871
2022-07-04 23:00:00,23,28,0,3,22,3,0,7,11,3,14,3,18.03333333333333,268.0,3.0,6.6,70.0,1.0769230769230769,331.97292040520983,5.281818181818181,0.7,1.0606060606060606,3.0
2022-07-05 00:00:00,0,25,0,3,20,2,0,5,11,3,14,3,19.03333333333333,323.5,3.0,6.6,62.5,0.9743589743589745,331.1779204052098,4.203030303030303,0.625,0.7575757575757576,3.04
2022-07-05 01:00:00,1,29,1,4,22,2,0,6,11,3,14,3,20.03333333333333,383.5,3.0,6.6,72.5,1.1666666666666667,345.39792040520985,5.127664576802508,0.725,0.9090909090909092,3.1379310344827585
2022-07-05 02:00:00,2,24,1,4,18,1,0,2,11,3,14,3,21.03333333333333,443.5,3.0,6.6,60.0,0.9871794871794872,340.3129204052098,2.8972222222222226,0.6,0.303030303030303,3.208333333333333
2022-07-05 03:00:00,3,27,0,5,21,1,0,5,12,3,15,3,22.03333333333333,428.0,3.0,6.6,67.5,1.1333333333333333,365.7879204052099,4.509960718294052,0.675,0.7575757575757576,3.1481481481481484
2022-07-05 04:00:00,4,23,0,5,17,1,0,0,12,2,14,2,23.03333333333333,477.5,3.0,6.6,57.49999999999999,0.935897435897436,348.57961360347326,1.825,0.575,0.0,3.1739130434782608
2022-07-05 05:00:00,5,24,0,5,18,1,0,1,13,2,15,2,24.03333333333333,527.0,3.0,6.6,60.0,1.0133333333333334,369.7646136034732,2.37979797979798,0.6,0.1515151515151515,3.1666666666666665
2022-07-05 06:00:00,6,23,0,5,17,1,0,1,13,2,15,2,25.03333333333333,587.0,3.0,6.6,57.49999999999999,0.9733333333333334,373.2596136034732,2.305895915678524,0.575,0.1515151515151515,3.1739130434782608
2022-07-05 07:00:00,7,28,1,5,21,1,0,6,13,3,16,3,26.03333333333333,641.0,3.0,6.6,70.0,1.25,403.8929204052098,5.172077922077922,0.7,0.9090909090909092,3.2142857142857144
2022-07-05 08:00:00,8,29,1,5,22,1,0,4,13,3,16,3,27.03333333333333,701.0,3.0,6.34,72.5,1.2916666666666667,411.6779204052099,4.348278581529424,0.725,0.6309148264984227,3.206896551724138
2022-07-05 09:00:00,9,25,1,7,16,1,0,5,9,3,12,3,28.03333333333333,761.0,3.0,6.34,62.5,0.988095238095238,355.13792040520985,4.693296529968454,0.625,0.7886435331230284,3.32
2022-07-05 10:00:00,10,26,2,8,16,0,0,8,11,3,14,3,29.03333333333333,633.5,4.0,9.66,65.0,0.8653846153846154,389.7229204052098,5.116698518872432,0.65,0.8281573498964803,3.4615384615384617
2022-07-05 11:00:00,11,27,1,7,19,0,0,8,12,2,14,2,30.03333333333333,263.0,4.0,9.66,67.5,0.8653846153846154,396.6396136034732,5.010524499654935,0.675,0.8281573498964803,3.333333333333333
2022-07-05 12:00:00,12,29,1,7,21,0,0,6,12,2,14,2,31.03333333333333,323.0,4.0,9.66,72.5,0.9230769230769232,406.5696136034732,4.456114799742985,0.725,0.6211180124223602,3.310344827586207
2022-07-05 13:00:00,13,28,1,7,20,0,0,4,13,2,15,2,32.03333333333333,269.0,4.0,9.66,70.0,0.93,423.46461360347325,3.700332741792369,0.7,0.4140786749482401,3.321428571428572
2022-07-05 14:00:00,14,30,2,5,21,1,1,8,13,4,17,4,33.03333333333333,259.0,4.0,9.66,75.0,1.0434782608695652,461.93122720694646,5.050103519668737,0.75,0.8281573498964803,3.2
2022-07-05 15:00:00,15,30,3,3,22,1,1,9,11,3,14,3,28.133333333333333,106.0,4.0,9.66,75.0,0.9230769230769232,393.22692040520985,5.38136645962733,0.75,0.9316770186335404,3.2
2022-07-05 16:00:00,16,26,3,3,19,1,0,8,8,3,11,3,29.133333333333333,122.0,4.0,9.66,65.0,0.7413793103448276,350.08692040520987,4.889289695811434,0.65,0.8281573498964803,3.3076923076923075
2022-07-05 17:00:00,17,24,2,4,17,1,0,6,9,4,13,4,30.133333333333333,160.0,4.0,9.66,60.0,0.7314814814814815,379.1052272069464,4.019513457556935,0.6,0.6211180124223602,3.2916666666666665
2022-07-05 18:00:00,18,20,2,4,13,1,0,3,8,4,12,4,31.133333333333333,213.0,4.0,9.66,50.0,0.5982142857142857,362.76522720694646,2.715372670807453,0.5,0.3105590062111801,3.35
2022-07-05 19:00:00,19,18,2,3,13,0,0,7,5,3,8,3,8.45,215.5,4.0,9.66,45.0,0.4765625,176.07292040520983,3.980716586151369,0.45,0.7246376811594203,3.388888888888889
2022-07-05 20:00:00,20,19,1,3,14,1,0,7,5,2,7,2,9.45,202.0,4.0,10.53,47.5,0.4621212121212121,169.58961360347325,3.659253011445994,0.475,0.6647673314339981,3.210526315789474
2022-07-05 21:00:00,21,27,1,4,22,0,0,13,5,3,8,3,7.166666666666667,83.5,4.0,10.53,67.5,0.6796875,188.13992040520984,6.153052126200275,0.675,1.234567901234568,3.2222222222222223
2022-07-05 22:00:00,22,23,2,4,17,0,0,7,5,2,7,2,7.733333333333333,98.0,3.0,7.21,57.49999999999999,0.7777777777777778,168.48761360347322,5.175316589278177,0.575,0.970873786407767,3.347826086956522
2022-07-05 23:00:00,23,20,1,4,15,0,0,7,6,3,9,3,8.733333333333333,113.0,3.0,7.21,50.0,0.7096774193548387,195.36092040520984,4.853883495145631,0.5,0.970873786407767,3.3
2022-07-06 00:00:00,0,20,1,4,15,0,0,6,7,3,10,3,9.733333333333333,109.5,3.0,7.21,50.0,0.7333333333333333,214.40092040520983,4.3961858529819695,0.5,0.8321775312066574,3.3
2022-07-06 01:00:00,1,17,1,5,11,0,0,5,7,3,10,3,9.433333333333334,169.5,3.0,7.21,42.5,0.6444444444444445,206.27392040520985,3.8159949416659855,0.425,0.6934812760055479,3.411764705882353
2022-07-06 02:00:00,2,18,1,5,11,1,0,3,7,3,10,3,10.433333333333334,229.5,3.0,7.21,45.0,0.6666666666666666,214.05892040520985,2.886962552011096,0.45,0.4160887656033287,3.333333333333333
2022-07-06 03:00:00,3,19,2,5,11,1,0,4,8,2,10,2,11.433333333333334,279.0,3.0,7.21,47.5,0.7222222222222222,220.9756136034732,3.522948755383604,0.475,0.5547850208044383,3.421052631578948
2022-07-06 04:00:00,4,21,2,6,13,0,0,6,9,2,11,2,12.433333333333334,338.0,3.0,7.21,52.5,0.8390804597701149,244.3056136034733,4.717807608480285,0.525,0.8321775312066574,3.4761904761904763
2022-07-06 05:00:00,5,23,3,6,14,0,0,3,9,3,12,3,13.433333333333334,382.5,3.0,7.21,57.49999999999999,0.9642857142857144,268.50392040520984,3.490356087559549,0.575,0.4160887656033287,3.5217391304347827
2022-07-06 06:00:00,6,22,3,6,13,0,0,0,9,3,12,3,14.433333333333334,442.5,3.0,7.21,55.00000000000001,0.9285714285714286,271.99892040520984,1.95,0.55,0.0,3.5454545454545454
2022-07-06 07:00:00,7,21,3,6,12,0,0,1,9,3,12,3,15.433333333333334,502.5,3.0,7.21,52.5,0.8928571428571429,275.49392040520985,2.370343768575392,0.525,0.1386962552011095,3.571428571428572
2022-07-06 08:00:00,8,22,3,5,14,0,0,5,9,3,12,3,16.433333333333334,562.5,3.0,6.13,55.00000000000001,0.9166666666666666,283.2789204052099,4.779812398042415,0.55,0.8156606851549756,3.5
2022-07-06 09:00:00,9,23,2,5,15,0,1,10,9,3,12,3,17.433333333333334,591.5,3.0,6.13,57.49999999999999,0.9047619047619048,291.06392040520984,7.290453223632882,0.575,1.6313213703099512,3.3043478260869565
2022-07-06 10:00:00,10,22,3,5,14,0,0,6,13,3,16,3,18.433333333333334,509.5,4.0,9.83,55.00000000000001,0.8020833333333334,348.15892040520987,4.061317395727365,0.55,0.6103763987792472,3.5
2022-07-06 11:00:00,11,25,4,7,14,0,0,5,13,3,16,3,19.433333333333334,429.0,4.0,9.83,62.5,0.9375,360.23392040520986,4.081129196337742,0.625,0.508646998982706,3.6
2022-07-06 12:00:00,12,35,4,12,18,1,0,15,16,5,21,5,20.433333333333334,137.0,4.0,9.83,87.5,1.631578947368421,456.06053400868313,8.50619096061619,0.875,1.525940996948118,3.5428571428571427
2022-07-06 13:00:00,13,39,4,15,20,0,0,11,18,5,23,5,21.433333333333334,162.0,4.0,9.83,97.5,2.0588235294117645,497.080534008683,7.517007068889063,0.975,1.1190233977619533,3.58974358974359
2022-07-06 14:00:00,14,39,4,16,19,0,0,7,17,5,22,5,22.433333333333334,201.5,4.0,9.83,97.5,1.9583333333333333,489.3205340086831,6.0995363486970815,0.975,0.7121057985757884,3.615384615384616
2022-07-06 15:00:00,15,40,2,15,22,0,1,10,16,4,20,4,23.433333333333334,236.5,4.0,9.83,100.0,1.7125,469.4372272069464,6.909231943031536,1.0,1.017293997965412,3.425
2022-07-06 16:00:00,16,32,2,11,19,0,0,5,11,4,15,4,20.15,248.0,4.0,9.83,80.0,1.11,366.7592272069464,4.539369277721262,0.8,0.508646998982706,3.46875
2022-07-06 17:00:00,17,32,2,10,20,0,0,5,10,4,14,4,21.15,314.5,4.0,9.83,80.0,1.0576923076923077,358.99922720694644,4.498474059003052,0.8,0.508646998982706,3.4375
2022-07-06 18:00:00,18,29,3,10,16,0,0,5,9,3,12,3,22.15,356.0,4.0,9.83,72.5,0.9196428571428572,330.5359204052098,4.38157382397306,0.725,0.508646998982706,3.5517241379310347
2022-07-06 19:00:00,19,27,2,8,17,0,0,2,7,3,10,3,23.15,356.5,4.0,9.83,67.5,0.775,305.0859204052098,3.0258025319317285,0.675,0.2034587995930824,3.4444444444444446
2022-07-06 20:00:00,20,20,1,8,11,0,0,3,6,2,8,2,24.15,223.5,4.0,10.83,50.0,0.546875,268.0426136034732,2.719529085872576,0.5,0.2770083102493075,3.5
2022-07-06 21:00:00,21,25,0,8,15,2,0,11,7,2,9,2,25.15,155.0,4.0,10.83,62.5,0.6532258064516129,297.8076136034732,5.315858725761774,0.625,1.0156971375807942,3.24
2022-07-06 22:00:00,22,20,0,6,12,2,0,5,5,2,7,2,26.15,215.0,3.0,7.13,50.0,0.6464646464646465,265.9226136034732,3.8440392706872375,0.5,0.7012622720897616,3.2
2022-07-06 23:00:00,23,19,0,7,11,1,0,9,4,2,6,2,27.15,262.0,3.0,7.13,47.5,0.6176470588235294,256.0176136034732,5.760428508156788,0.475,1.262272089761571,3.3157894736842106
2022-07-07 00:00:00,0,20,0,9,10,1,0,6,6,2,8,2,28.15,119.5,3.0,7.13,50.0,0.7083333333333334,290.6026136034732,4.561150070126227,0.5,0.8415147265077139,3.4
2022-07-07 01:00:00,1,21,0,10,10,1,0,4,6,2,8,2,29.15,179.5,3.0,7.13,52.5,0.75,298.38761360347326,3.723462232017632,0.525,0.5610098176718092,3.4285714285714284
2022-07-07 02:00:00,2,22,0,11,10,1,0,5,5,2,7,2,30.15,243.0,3.0,7.13,55.00000000000001,0.7676767676767676,292.77261360347325,4.322542394491904,0.55,0.7012622720897616,3.4545454545454546
2022-07-07 03:00:00,3,25,0,11,11,3,0,5,4,2,6,2,31.15,502.0,3.0,7.13,62.5,0.8137254901960784,291.4476136034732,4.403190743338008,0.625,0.7012622720897616,3.32
2022-07-07 04:00:00,4,19,0,10,7,2,0,2,4,2,6,2,32.15,562.0,3.0,7.13,47.5,0.6372549019607843,284.21761360347324,2.584622056543884,0.475,0.2805049088359046,3.421052631578948
2022-07-07 05:00:00,5,21,0,11,8,2,0,2,5,2,7,2,33.15,423.0,3.0,7.13,52.5,0.7272727272727273,307.5476136034732,2.761731116008816,0.525,0.2805049088359046,3.4285714285714284
2022-07-07 06:00:00,6,22,0,11,9,2,0,2,6,2,8,2,34.15,479.5,3.0,7.13,55.00000000000001,0.78125,328.7326136034732,2.831266734667857,0.55,0.2805049088359046,3.409090909090909
2022-07-07 07:00:00,7,22,0,10,10,2,0,4,6,1,7,1,35.15,536.0,3.0,7.13,55.00000000000001,0.7474747474747475,320.1043068017366,3.737033023077904,0.55,0.5610098176718092,3.363636363636364
2022-07-07 08:00:00,8,17,0,9,6,2,0,2,6,1,7,1,36.15,596.0,3.0,6.66,42.5,0.5858585858585859,315.01930680173655,2.474553965730436,0.425,0.3003003003003003,3.411764705882353
2022-07-07 09:00:00,9,16,0,8,7,1,0,4,4,1,5,1,37.15,656.0,3.0,6.66,40.0,0.5238095238095238,291.7143068017366,3.439564564564565,0.4,0.6006006006006006,3.4375
2022-07-07 10:00:00,10,20,0,8,11,1,0,9,8,1,9,1,38.15,219.0,4.0,10.63,50.0,0.5403225806451613,359.5343068017366,4.511312323612418,0.5,0.8466603951081844,3.35
2022-07-07 11:00:00,11,24,1,5,17,1,0,13,9,1,10,1,39.15,94.5,4.0,10.63,60.0,0.65,387.1543068017366,5.924600188146755,0.6,1.2229539040451551,3.25
2022-07-07 12:00:00,12,29,1,4,22,2,0,10,11,1,12,1,40.15,148.0,4.0,10.63,72.5,0.8125,430.3193068017366,5.22695769941934,0.725,0.940733772342427,3.1379310344827585
2022-07-07 13:00:00,13,25,2,4,18,1,0,6,11,2,13,2,15.05,169.0,4.0,10.63,62.5,0.7592592592592593,294.44361360347324,3.901364063969896,0.625,0.5644402634054562,3.28
2022-07-07 14:00:00,14,22,2,3,15,2,0,4,9,2,11,2,16.05,210.0,4.0,10.63,55.00000000000001,0.6120689655172413,266.8486136034732,2.989401778842042,0.55,0.3762935089369708,3.227272727272727
2022-07-07 15:00:00,15,20,1,3,15,1,0,6,7,1,8,1,17.05,176.0,4.0,10.63,50.0,0.5,227.1303068017366,3.40620884289746,0.5,0.5644402634054562,3.2
2022-07-07 16:00:00,16,15,0,2,12,1,0,2,5,1,6,1,18.05,304.5,4.0,10.63,37.5,0.3382352941176471,195.2453068017366,1.726983380370022,0.375,0.1881467544684854,3.066666666666667
2022-07-07 17:00:00,17,15,0,1,14,0,0,6,5,1,6,1,6.2,103.0,4.0,10.63,37.5,0.3382352941176471,128.4113068017366,2.8809501411100658,0.375,0.5644402634054562,3.066666666666667
2022-07-07 18:00:00,18,16,0,1,14,1,0,8,6,1,7,1,7.2,109.0,4.0,10.63,40.0,0.3636363636363636,149.5963068017366,3.457761053621825,0.4,0.7525870178739417,3.0
2022-07-07 19:00:00,19,15,0,1,13,1,0,5,8,1,9,1,8.2,142.0,4.0,10.63,37.5,0.3629032258064516,179.89130680173662,2.5361006585136407,0.375,0.4703668861712135,3.0
2022-07-07 20:00:00,20,20,0,3,16,1,0,10,9,2,11,2,9.2,104.0,4.0,11.73,50.0,0.5344827586206896,223.92461360347323,4.192796248934356,0.5,0.8525149190110827,3.1
2022-07-07 21:00:00,21,19,0,3,14,1,1,7,8,2,10,2,10.2,155.5,4.0,11.73,47.5,0.475,214.01961360347323,3.2152813299232736,0.475,0.5967604433077579,3.0
2022-07-07 22:00:00,22,23,0,3,17,3,0,8,7,3,10,3,11.2,134.0,3.0,7.76,57.49999999999999,0.7666666666666667,229.10792040520985,4.817783505154639,0.575,1.0309278350515465,3.0
2022-07-07 23:00:00,23,20,0,2,15,3,0,9,4,4,8,4,12.2,120.5,3.0,7.76,50.0,0.6145833333333334,202.38122720694645,4.89639175257732,0.5,1.1597938144329898,2.95
2022-07-08 00:00:00,0,18,0,2,13,3,0,4,4,4,8,4,13.2,161.0,3.0,7.76,45.0,0.5520833333333334,203.73122720694647,2.8427548682703327,0.45,0.5154639175257733,2.9444444444444446
2022-07-08 01:00:00,1,20,1,3,12,4,0,5,4,4,8,4,14.2,221.0,3.0,7.76,50.0,0.6354166666666666,213.66122720694645,3.49020618556701,0.5,0.6443298969072165,3.05
2022-07-08 02:00:00,2,14,0,2,9,3,0,2,5,3,8,3,15.2,253.5,3.0,7.76,35.0,0.4270833333333333,205.5629204052099,1.7797864506627394,0.35,0.2577319587628866,2.9285714285714284
2022-07-08 03:00:00,3,14,0,2,9,3,0,1,4,3,7,3,16.2,325.0,3.0,7.76,35.0,0.4141414141414141,197.80292040520985,1.4023932253313696,0.35,0.1288659793814433,2.9285714285714284
2022-07-08 04:00:00,4,15,0,2,10,3,0,2,4,3,7,3,17.2,385.0,3.0,7.76,37.5,0.4444444444444444,205.58792040520984,1.8560137457044672,0.375,0.2577319587628866,2.933333333333333
2022-07-08 05:00:00,5,17,0,2,12,3,0,2,4,3,7,3,18.2,445.0,3.0,7.76,42.5,0.5050505050505051,215.51792040520985,2.00803517283202,0.425,0.2577319587628866,2.9411764705882355
2022-07-08 06:00:00,6,16,0,2,11,3,0,1,4,2,6,2,19.2,503.0,3.0,7.76,40.0,0.4607843137254901,204.74461360347323,1.5535438144329896,0.4,0.1288659793814433,2.9375
2022-07-08 07:00:00,7,15,0,1,12,2,0,4,6,2,8,2,20.2,475.5,3.0,7.76,37.5,0.4583333333333333,235.03961360347324,2.6120274914089348,0.375,0.5154639175257733,2.933333333333333
2022-07-08 08:00:00,8,15,0,1,12,2,0,4,6,2,8,2,21.2,535.5,3.0,6.77,37.5,0.4583333333333333,240.67961360347323,2.8331363860167404,0.375,0.5908419497784343,2.933333333333333
2022-07-08 09:00:00,9,21,0,1,18,2,0,9,6,2,8,2,22.2,141.5,3.0,6.77,52.5,0.6458333333333334,259.1896136034732,5.4748786663853135,0.525,1.3293943870014773,2.952380952380953
2022-07-08 10:00:00,10,22,0,2,19,1,0,8,8,3,11,3,23.2,100.0,4.0,10.02,55.00000000000001,0.5775862068965517,308.0429204052098,4.106500635093449,0.55,0.7984031936127745,3.0454545454545454
2022-07-08 11:00:00,11,32,0,4,27,1,0,14,11,4,15,4,24.2,114.0,4.0,10.02,80.0,0.99,389.6012272069465,6.797604790419163,0.8,1.3972055888223551,3.09375
2022-07-08 12:00:00,12,29,0,5,23,1,0,10,9,5,14,5,18.816666666666663,172.5,4.0,10.02,72.5,0.875,340.27253400868307,5.406667699084589,0.725,0.998003992015968,3.1379310344827585
2022-07-08 13:00:00,13,29,0,6,20,2,1,8,11,5,16,5,19.816666666666663,228.5,4.0,10.02,72.5,0.9270833333333334,372.7125340086831,4.675271870052997,0.725,0.7984031936127745,3.0689655172413794
2022-07-08 14:00:00,14,22,0,5,15,2,0,2,10,4,14,4,20.816666666666663,290.0,4.0,10.02,55.00000000000001,0.6634615384615384,335.66922720694646,2.351020685900925,0.55,0.1996007984031936,3.136363636363636
2022-07-08 15:00:00,15,24,0,6,17,1,0,10,11,3,14,3,21.816666666666663,197.5,4.0,10.02,60.0,0.7403846153846154,344.7309204052098,5.126929474384564,0.6,0.998003992015968,3.208333333333333
2022-07-08 16:00:00,16,30,0,7,22,1,0,8,12,3,15,3,22.816666666666663,197.0,4.0,10.02,75.0,0.96,376.6409204052098,4.954890219560879,0.75,0.7984031936127745,3.2
2022-07-08 17:00:00,17,30,0,6,23,1,0,7,13,1,14,1,23.816666666666663,145.5,4.0,10.02,75.0,0.9134615384615384,367.14430680173655,4.587242182302062,0.75,0.6986027944111777,3.1666666666666665
2022-07-08 18:00:00,18,30,0,6,20,4,0,12,13,1,14,1,24.816666666666663,186.0,4.0,10.02,75.0,0.8846153846153846,372.7843068017365,5.972654690618763,0.75,1.1976047904191618,3.066666666666667
2022-07-08 19:00:00,19,32,0,6,20,6,0,9,10,2,12,2,25.816666666666663,206.5,4.0,10.02,80.0,0.8571428571428571,356.78261360347324,5.094610778443114,0.8,0.8982035928143713,3.0
2022-07-08 20:00:00,20,28,1,4,17,5,1,6,9,2,11,2,26.816666666666663,121.0,4.0,11.01,70.0,0.7155172413793104,340.4426136034732,3.69041455819385,0.7,0.5449591280653951,2.9642857142857144
2022-07-08 21:00:00,21,26,1,3,18,3,1,9,10,1,11,1,27.816666666666663,87.0,4.0,11.01,65.0,0.6724137931034483,340.92430680173663,4.402316076294278,0.65,0.8174386920980926,3.0
2022-07-08 22:00:00,22,26,2,4,17,1,2,12,10,1,11,1,28.816666666666663,106.0,3.0,7.76,65.0,0.9310344827586208,346.5643068017366,6.842605075337035,0.65,1.5463917525773196,3.1153846153846154
2022-07-08 23:00:00,23,24,1,5,16,1,1,6,7,1,8,1,29.816666666666663,179.5,3.0,7.76,60.0,0.7916666666666666,307.7143068017366,4.348453608247422,0.6,0.7731958762886598,3.1666666666666665
2022-07-09 00:00:00,0,28,1,7,17,1,2,13,11,1,12,1,30.816666666666663,198.5,3.0,7.76,70.0,1.0476190476190477,375.5343068017366,7.465095729013255,0.7,1.675257731958763,3.142857142857143
2022-07-09 01:00:00,1,27,1,7,17,1,1,7,14,1,15,1,31.816666666666663,197.0,3.0,7.76,67.5,1.16,419.2293068017366,5.081643757159222,0.675,0.9020618556701032,3.2222222222222223
2022-07-09 02:00:00,2,26,1,8,15,1,1,6,13,1,14,1,32.81666666666667,285.0,3.0,7.76,65.0,1.0897435897435896,409.3243068017366,4.652755749405234,0.65,0.7731958762886598,3.269230769230769
2022-07-09 03:00:00,3,24,1,8,13,1,1,4,12,1,13,1,33.81666666666667,373.0,3.0,7.76,60.0,0.9753086419753086,397.2743068017367,3.6717353951890033,0.6,0.5154639175257733,3.2916666666666665
2022-07-09 04:00:00,4,22,1,8,11,1,1,0,12,1,13,1,34.81666666666667,433.0,3.0,7.76,55.00000000000001,0.9012345679012346,398.6243068017367,1.825,0.55,0.0,3.3181818181818183
2022-07-09 05:00:00,5,23,1,7,13,1,1,3,12,1,13,1,35.81666666666667,493.0,3.0,7.76,57.49999999999999,0.925925925925926,406.4093068017367,3.1356454504706406,0.575,0.3865979381443299,3.260869565217391
2022-07-09 06:00:00,6,26,1,9,14,1,1,3,13,2,15,2,36.81666666666667,497.0,3.0,7.76,65.0,1.1466666666666667,446.1526136034733,3.428747026169707,0.65,0.3865979381443299,3.3076923076923075
2022-07-09 07:00:00,7,30,1,10,16,2,1,5,16,2,18,2,37.81666666666667,463.5,3.0,7.76,75.0,1.4848484848484849,500.5726136034732,4.554810996563574,0.75,0.6443298969072165,3.2666666666666666
2022-07-09 08:00:00,8,28,1,10,15,1,1,1,16,2,18,2,38.81666666666667,523.5,3.0,6.96,70.0,1.4090909090909092,501.9226136034732,2.802216748768473,0.7,0.1436781609195402,3.321428571428572
2022-07-09 09:00:00,9,28,2,7,15,1,3,7,12,2,14,2,39.81666666666667,603.5,3.0,6.96,70.0,1.1282051282051282,453.9626136034732,5.360919540229885,0.7,1.0057471264367817,3.142857142857143
2022-07-09 10:00:00,10,26,2,8,14,2,0,11,14,2,16,2,40.81666666666667,415.5,4.0,10.66,65.0,0.9166666666666666,482.1126136034733,5.692567470053399,0.65,1.0318949343339587,3.3846153846153846
2022-07-09 11:00:00,11,28,2,10,13,3,0,10,14,3,17,3,41.81666666666667,295.0,4.0,10.66,70.0,1.0326086956521738,506.3109204052098,5.557792816939158,0.7,0.9380863039399624,3.392857142857143
2022-07-09 12:00:00,12,28,2,10,15,1,0,9,11,3,14,3,42.81666666666667,269.5,4.0,10.66,70.0,0.9326923076923076,471.75092040520985,5.349819083355669,0.7,0.8442776735459662,3.4642857142857144
2022-07-09 13:00:00,13,29,2,10,15,2,0,7,15,2,17,2,43.81666666666667,193.0,4.0,10.66,72.5,1.076086956521739,518.8676136034733,4.716702788380669,0.725,0.6566604127579737,3.413793103448276
2022-07-09 14:00:00,14,31,2,7,19,1,2,13,10,2,12,2,44.81666666666667,243.5,4.0,10.66,77.5,0.8839285714285714,461.7976136034732,6.3695712037765535,0.775,1.2195121951219512,3.193548387096774
2022-07-09 15:00:00,15,29,1,7,16,2,3,14,8,1,9,1,19.216666666666665,194.0,4.0,10.66,72.5,0.7096774193548387,272.0553068017366,6.185249401565633,0.725,1.3133208255159474,3.034482758620689
2022-07-09 16:00:00,16,24,1,7,16,0,0,9,6,1,7,1,20.216666666666665,192.0,4.0,10.66,60.0,0.6136363636363636,240.1703068017366,4.874437148217636,0.6,0.8442776735459662,3.375
2022-07-09 17:00:00,17,26,1,6,18,1,0,8,6,1,7,1,21.216666666666665,252.0,4.0,10.66,65.0,0.6439393939393939,250.10030680173656,4.578456487227594,0.65,0.7504690431519699,3.269230769230769
2022-07-09 18:00:00,18,25,1,5,19,0,0,9,8,1,9,1,22.216666666666665,217.0,4.0,10.66,62.5,0.6612903225806451,280.3953068017366,4.819230769230768,0.625,0.8442776735459662,3.28
2022-07-09 19:00:00,19,26,1,5,18,1,1,8,9,1,10,1,23.216666666666665,215.5,4.0,10.66,65.0,0.6833333333333333,301.5803068017366,4.416863905325443,0.65,0.7504690431519699,3.1538461538461537
2022-07-09 20:00:00,20,24,1,3,17,1,2,10,5,1,6,1,24.216666666666665,221.0,4.0,11.010000000000002,60.0,0.5294117647058824,249.33030680173655,4.524795640326975,0.6,0.908265213442325,3.0
2022-07-09 21:00:00,21,22,3,3,15,0,1,6,5,1,6,1,25.216666666666665,227.0,4.0,11.010000000000002,55.00000000000001,0.5367647058823529,250.6803068017366,3.6332734703988105,0.55,0.544959128065395,3.3181818181818183
2022-07-09 22:00:00,22,18,3,3,12,0,0,6,5,1,6,1,26.216666666666665,66.5,3.0,7.31,45.0,0.6176470588235294,247.7403068017366,4.447777017783858,0.45,0.8207934336525308,3.5
2022-07-09 23:00:00,23,19,2,3,14,0,0,9,4,1,5,1,27.216666666666665,70.0,3.0,7.31,47.5,0.6095238095238096,242.1253068017366,5.747166822665418,0.475,1.231190150478796,3.3684210526315788
2022-07-10 00:00:00,0,17,2,4,10,1,0,4,3,2,5,2,28.216666666666665,125.0,3.0,7.31,42.5,0.5523809523809524,244.3436136034732,3.316902711837129,0.425,0.5471956224350205,3.411764705882353
2022-07-10 01:00:00,1,20,2,4,13,0,1,9,3,2,5,2,29.216666666666665,185.0,3.0,7.31,50.0,0.6285714285714286,256.4186136034732,5.7129274965800265,0.5,1.231190150478796,3.3
2022-07-10 02:00:00,2,19,2,4,13,0,0,2,3,2,5,2,30.216666666666665,245.0,3.0,7.31,47.5,0.6190476190476191,259.9136136034732,2.5609925120599035,0.475,0.2735978112175102,3.421052631578948
2022-07-10 03:00:00,3,15,2,3,10,0,0,3,3,1,4,1,31.216666666666665,313.0,3.0,7.31,37.5,0.4814814814814814,242.70530680173655,2.722708618331054,0.375,0.4103967168262654,3.466666666666667
2022-07-10 04:00:00,4,14,2,2,10,0,0,4,3,3,6,3,32.21666666666667,221.5,3.0,7.31,35.0,0.4705882352941176,274.73692040520984,3.07609927692007,0.35,0.5471956224350205,3.4285714285714284
2022-07-10 05:00:00,5,14,2,2,10,0,0,1,3,3,6,3,33.21666666666667,281.5,3.0,7.31,35.0,0.4705882352941176,280.37692040520983,1.6690248192300174,0.35,0.1367989056087551,3.4285714285714284
2022-07-10 06:00:00,6,16,2,3,11,0,0,3,3,3,6,3,34.21666666666667,341.5,3.0,7.31,40.0,0.5392156862745098,290.30692040520984,2.785738714090287,0.4,0.4103967168262654,3.4375
2022-07-10 07:00:00,7,18,2,2,13,1,0,5,4,3,7,3,35.21666666666667,258.0,3.0,7.31,45.0,0.5959595959595959,313.6369204052098,3.7169820641434863,0.45,0.6839945280437756,3.2777777777777777
2022-07-10 08:00:00,8,17,2,3,10,1,1,3,5,3,8,3,36.21666666666667,303.0,3.0,6.35,42.5,0.5729166666666666,330.5319204052098,2.9034854099119967,0.425,0.4724409448818898,3.235294117647059
2022-07-10 09:00:00,9,16,2,3,10,1,0,4,5,3,8,3,37.21666666666667,363.0,3.0,6.35,40.0,0.5625,334.0269204052098,3.475984251968504,0.4,0.6299212598425197,3.375
2022-07-10 10:00:00,10,21,2,3,11,3,2,13,6,3,9,3,38.21666666666667,367.0,4.0,9.6,52.5,0.5080645161290323,363.79192040520985,5.637500000000001,0.525,1.3541666666666667,3.0
2022-07-10 11:00:00,11,23,2,3,15,3,0,10,7,3,10,3,39.21666666666667,159.5,4.0,9.6,57.49999999999999,0.6083333333333333,387.1219204052098,5.131159420289855,0.575,1.0416666666666667,3.1739130434782608
2022-07-10 12:00:00,12,30,2,2,23,3,0,10,11,3,14,3,40.21666666666667,111.0,4.0,9.6,75.0,0.8942307692307693,461.3769204052098,5.554166666666667,0.75,1.0416666666666667,3.1
2022-07-10 13:00:00,13,24,2,1,20,1,0,4,10,1,11,1,41.21666666666667,134.0,4.0,9.6,60.0,0.6551724137931034,412.2103068017366,3.219444444444444,0.6,0.4166666666666667,3.1666666666666665
2022-07-10 14:00:00,14,28,2,2,19,3,2,11,9,1,10,1,42.21666666666667,158.5,4.0,9.6,70.0,0.6916666666666667,413.03030680173663,5.4715773809523816,0.7,1.1458333333333337,2.9642857142857144
2022-07-10 15:00:00,15,26,2,2,20,2,0,6,11,0,11,0,43.21666666666667,197.0,4.0,9.6,65.0,0.7068965517241379,426.912,4.021153846153846,0.65,0.625,3.1538461538461537
2022-07-10 16:00:00,16,24,2,2,19,1,0,9,9,0,9,0,44.21666666666667,254.0,4.0,9.6,60.0,0.6209677419354839,401.462,4.932812500000001,0.6,0.9375,3.208333333333333
2022-07-10 17:00:00,17,26,2,2,22,0,0,7,8,0,8,0,45.21666666666667,242.5,4.0,9.6,65.0,0.65625,397.992,4.455769230769231,0.65,0.7291666666666667,3.230769230769231
2022-07-10 18:00:00,18,21,2,3,16,0,0,6,8,0,8,0,46.21666666666667,290.0,4.0,9.6,52.5,0.546875,392.907,3.833333333333333,0.525,0.625,3.333333333333333
2022-07-10 19:00:00,19,25,3,3,19,0,0,14,6,0,6,0,47.21666666666667,102.0,4.0,9.6,62.5,0.6176470588235294,380.327,7.0,0.625,1.4583333333333337,3.36
2022-07-10 20:00:00,20,23,3,3,16,1,0,9,5,1,6,1,30.683333333333334,133.0,4.0,11.31,57.49999999999999,0.5661764705882353,283.6573068017366,4.589052589090071,0.575,0.7957559681697614,3.347826086956522
2022-07-10 21:00:00,21,25,3,4,16,1,1,8,4,1,5,1,31.683333333333334,220.0,4.0,11.31,62.5,0.5857142857142857,280.1873068017366,4.3700707338638365,0.625,0.7073386383731212,3.28
2022-07-10 22:00:00,22,23,3,2,13,3,2,12,3,1,4,1,32.68333333333333,199.5,3.0,8.059999999999999,57.49999999999999,0.6481481481481481,268.1373068017366,6.281233142733845,0.575,1.4888337468982633,3.0434782608695654
2022-07-10 23:00:00,23,17,3,1,10,2,1,4,4,1,5,1,33.68333333333333,62.0,3.0,8.059999999999999,42.5,0.5142857142857142,274.30730680173656,2.926412202598161,0.425,0.4962779156327544,3.176470588235294
2022-07-11 00:00:00,0,21,3,1,15,1,1,6,5,2,7,2,34.68333333333333,109.0,3.0,8.059999999999999,52.5,0.6767676767676768,316.1956136034732,4.050044310528183,0.525,0.7444168734491317,3.1904761904761907
2022-07-11 01:00:00,1,20,3,0,14,2,1,4,6,2,8,2,35.68333333333333,145.5,3.0,8.059999999999999,50.0,0.6458333333333334,333.0906136034732,3.0884615384615386,0.5,0.4962779156327544,3.1
2022-07-11 02:00:00,2,20,3,0,14,2,1,6,6,2,8,2,36.68333333333333,205.5,3.0,8.059999999999999,50.0,0.6458333333333334,338.7306136034732,3.857692307692308,0.5,0.7444168734491317,3.1
2022-07-11 03:00:00,3,20,3,0,15,1,1,2,7,2,9,2,37.68333333333333,242.0,3.0,8.059999999999999,50.0,0.6774193548387096,357.7706136034732,2.356637717121588,0.5,0.2481389578163772,3.15
2022-07-11 04:00:00,4,21,3,0,16,1,1,4,7,2,9,2,38.68333333333333,302.0,3.0,8.059999999999999,52.5,0.7096774193548387,365.5556136034732,3.2097305919886567,0.525,0.4962779156327544,3.142857142857143
2022-07-11 05:00:00,5,22,3,1,16,1,1,3,7,2,9,2,39.68333333333333,362.0,3.0,8.059999999999999,55.00000000000001,0.7526881720430108,373.3406136034732,2.934299571396346,0.55,0.3722084367245658,3.1818181818181817
2022-07-11 06:00:00,6,23,3,1,17,1,1,2,8,2,10,2,40.68333333333333,408.0,3.0,8.059999999999999,57.49999999999999,0.8111111111111111,394.5256136034732,2.6125714748085014,0.575,0.2481389578163772,3.1739130434782608
2022-07-11 07:00:00,7,23,3,0,17,2,1,4,9,2,11,2,41.68333333333333,454.0,3.0,8.059999999999999,57.49999999999999,0.8160919540229885,413.5656136034732,3.306988348257633,0.575,0.4962779156327544,3.0869565217391304
2022-07-11 08:00:00,8,24,3,0,18,2,1,3,10,2,12,2,42.68333333333333,506.0,3.0,7.19,60.0,0.8809523809523809,434.7506136034732,3.1365090403337974,0.6,0.4172461752433936,3.083333333333333
2022-07-11 09:00:00,9,23,3,0,17,3,0,6,9,2,11,2,43.68333333333333,494.0,3.0,7.19,57.49999999999999,0.8275862068965517,424.8456136034732,4.412323879784726,0.575,0.8344923504867873,3.130434782608696
2022-07-11 10:00:00,10,27,3,1,21,2,0,10,9,2,11,2,44.68333333333333,442.0,4.0,10.44,67.5,0.7413793103448276,439.0656136034732,5.2009436639704845,0.675,0.9578544061302684,3.185185185185185
2022-07-11 11:00:00,11,34,3,3,25,3,0,12,12,3,15,3,45.68333333333333,161.0,4.0,10.44,85.0,1.08,514.1889204052097,6.351115618661257,0.85,1.149425287356322,3.176470588235294
2022-07-11 12:00:00,12,35,2,4,26,3,0,8,13,3,16,3,46.333333333333336,125.5,4.0,10.44,87.5,1.1458333333333333,533.3999204052099,5.15831964969896,0.875,0.7662835249042146,3.142857142857143
2022-07-11 13:00:00,13,39,2,5,29,3,0,11,14,3,17,3,47.333333333333336,156.0,4.0,10.44,97.5,1.3369565217391304,561.0199204052099,6.398017978190392,0.975,1.053639846743295,3.1538461538461537
2022-07-11 14:00:00,14,28,2,3,20,3,0,4,11,2,13,2,48.333333333333336,209.0,4.0,10.44,70.0,0.8148148148148148,488.59661360347326,3.4041598248494798,0.7,0.3831417624521073,3.142857142857143
2022-07-11 15:00:00,15,30,2,5,21,2,0,10,11,2,13,2,49.333333333333336,143.0,4.0,10.44,75.0,0.8981481481481481,498.52661360347327,5.522062579821201,0.75,0.9578544061302684,3.2333333333333334
2022-07-11 16:00:00,16,26,2,6,16,2,0,9,13,1,14,1,50.333333333333336,120.0,4.0,10.44,65.0,0.8269230769230769,508.1183068017366,5.001458885941645,0.65,0.8620689655172414,3.3076923076923075
2022-07-11 17:00:00,17,27,2,6,15,4,0,6,15,1,16,1,51.333333333333336,153.0,4.0,10.44,67.5,0.90625,542.7033068017366,4.026851851851853,0.675,0.574712643678161,3.2222222222222223
2022-07-11 18:00:00,18,21,2,5,13,1,0,5,12,1,13,1,52.333333333333336,179.0,4.0,10.44,52.5,0.6574074074074074,495.2733068017367,3.3942300675059296,0.525,0.4789272030651341,3.380952380952381
2022-07-11 19:00:00,19,20,2,6,12,0,0,6,11,1,12,1,53.333333333333336,226.5,4.0,10.44,50.0,0.625,485.3683068017367,3.761494252873563,0.5,0.574712643678161,3.5
2022-07-11 20:00:00,20,22,2,3,16,1,0,11,11,0,11,0,54.333333333333336,214.0,4.0,11.64,55.00000000000001,0.6206896551724138,481.03,4.89278350515464,0.55,0.9450171821305842,3.272727272727273
2022-07-11 21:00:00,21,28,2,1,22,3,0,13,9,0,9,0,55.333333333333336,115.0,4.0,11.64,70.0,0.6935483870967742,472.74,5.580289641629848,0.7,1.1168384879725086,3.071428571428572
2022-07-11 22:00:00,22,27,2,3,21,1,0,7,12,1,13,1,56.333333333333336,135.0,3.0,8.39,67.5,1.0740740740740742,530.7033068017366,4.863385644285525,0.675,0.8343265792610249,3.2222222222222223
2022-07-11 23:00:00,23,19,1,4,14,0,0,6,9,1,10,1,50.98333333333333,66.0,3.0,8.39,47.5,0.7,443.16930680173664,3.9462439621102816,0.475,0.7151370679380215,3.3157894736842106
2022-07-12 00:00:00,0,21,1,4,16,0,0,6,9,1,10,1,51.98333333333333,126.0,3.0,8.39,52.5,0.7666666666666667,453.0993068017366,4.074736080367785,0.525,0.7151370679380215,3.2857142857142856
2022-07-12 01:00:00,1,18,1,5,12,0,0,3,8,0,8,0,52.98333333333333,184.0,3.0,8.39,45.0,0.6354166666666666,424.636,2.7367600317838696,0.45,0.3575685339690107,3.388888888888889
2022-07-12 02:00:00,2,20,1,6,12,0,1,6,9,0,9,0,53.98333333333333,240.0,3.0,8.39,50.0,0.7096774193548387,447.966,4.009952324195471,0.5,0.7151370679380215,3.3
2022-07-12 03:00:00,3,19,1,7,10,1,0,4,8,0,8,0,54.98333333333333,299.0,3.0,8.39,47.5,0.6770833333333334,438.061,3.25601436547268,0.475,0.4767580452920142,3.421052631578948
2022-07-12 04:00:00,4,19,1,7,9,2,0,3,9,0,9,0,55.98333333333333,358.0,3.0,8.39,47.5,0.6881720430107527,457.101,2.8044413775798254,0.475,0.3575685339690107,3.3684210526315788
2022-07-12 05:00:00,5,17,1,7,9,0,0,2,8,0,8,0,56.98333333333333,419.0,3.0,8.39,42.5,0.625,445.05099999999993,2.3413377269859077,0.425,0.2383790226460071,3.5294117647058822
2022-07-12 06:00:00,6,17,1,7,9,0,0,1,8,0,8,0,57.98333333333333,479.0,3.0,8.39,42.5,0.625,450.691,1.9206688634929536,0.425,0.1191895113230035,3.5294117647058822
2022-07-12 07:00:00,7,16,1,6,9,0,0,2,8,0,8,0,58.98333333333333,539.0,3.0,8.39,40.0,0.5833333333333334,454.186,2.2343265792610247,0.4,0.2383790226460071,3.5
2022-07-12 08:00:00,8,17,1,6,10,0,0,4,8,0,8,0,59.98333333333333,599.0,3.0,6.96,42.5,0.6145833333333334,461.971,3.4695909398242057,0.425,0.5747126436781609,3.4705882352941178
2022-07-12 09:00:00,9,20,2,5,12,1,0,8,7,0,7,0,60.98333333333333,660.0,3.0,6.96,50.0,0.6868686868686869,460.646,5.608045977011494,0.5,1.1494252873563218,3.4
2022-07-12 10:00:00,10,25,1,6,15,3,0,14,9,0,9,0,17.966666666666665,502.0,4.0,10.66,62.5,0.6451612903225806,255.557,6.202626641651032,0.625,1.3133208255159474,3.2
2022-07-12 11:00:00,11,24,1,4,18,1,0,8,9,0,9,0,18.966666666666665,65.0,4.0,10.66,60.0,0.6209677419354839,259.052,4.332754846779237,0.6,0.7504690431519699,3.208333333333333
2022-07-12 12:00:00,12,24,0,4,18,2,0,7,9,0,9,0,19.966666666666665,95.0,4.0,10.66,60.0,0.5967741935483871,264.692,3.8747029393370855,0.6,0.6566604127579737,3.083333333333333
2022-07-12 13:00:00,13,28,0,4,21,3,0,12,10,0,10,0,20.966666666666665,139.0,4.0,10.66,70.0,0.7083333333333334,292.312,5.5423143929241485,0.7,1.125703564727955,3.0357142857142856
2022-07-12 14:00:00,14,32,0,3,26,3,0,11,13,0,13,0,11.516666666666667,147.0,4.0,10.66,80.0,0.8888888888888888,287.79400000000004,5.495684803001876,0.8,1.0318949343339587,3.0
2022-07-12 15:00:00,15,33,0,3,28,2,0,11,15,0,15,0,12.516666666666667,114.0,4.0,10.66,82.5,1.0,322.379,5.626954346466541,0.825,1.0318949343339587,3.0303030303030303
2022-07-12 16:00:00,16,31,0,4,25,2,0,5,14,1,15,1,13.516666666666667,138.0,4.0,10.66,77.5,0.95,324.5973068017366,3.812390304424136,0.775,0.4690431519699812,3.064516129032258
2022-07-12 17:00:00,17,28,0,5,20,3,0,7,13,2,15,2,14.516666666666667,148.0,4.0,10.66,70.0,0.86,324.67061360347327,4.16688555347092,0.7,0.6566604127579737,3.071428571428572
2022-07-12 18:00:00,18,20,0,4,12,4,0,2,10,2,12,2,9.35,205.0,4.0,10.66,50.0,0.5357142857142857,238.1706136034732,2.0628517823639774,0.5,0.1876172607879924,3.0
2022-07-12 19:00:00,19,17,0,3,12,2,0,6,9,1,10,1,10.15,223.5,4.0,10.66,42.5,0.4333333333333333,208.57930680173664,3.0216642754662835,0.425,0.5628517823639775,3.0588235294117645
2022-07-12 20:00:00,20,18,0,1,16,1,0,15,5,0,5,0,5.366666666666666,50.0,4.0,11.13,45.0,0.3857142857142857,115.878,5.393126684636119,0.45,1.3477088948787064,3.0
2022-07-12 21:00:00,21,15,0,2,10,3,0,9,7,0,7,0,6.366666666666666,94.0,4.0,11.13,37.5,0.3333333333333333,141.88299999999998,3.471967654986523,0.375,0.8086253369272238,2.933333333333333
2022-07-12 22:00:00,22,13,1,1,10,1,0,6,5,1,6,1,7.366666666666666,106.5,3.0,7.43,32.5,0.4019607843137255,130.70130680173662,3.5718474997411738,0.325,0.8075370121130552,3.1538461538461537
2022-07-12 23:00:00,23,21,1,3,16,1,0,11,6,2,8,2,8.366666666666667,104.0,3.0,7.43,52.5,0.6979166666666666,181.16961360347324,6.398450618470807,0.525,1.4804845222072678,3.1904761904761907
2022-07-13 00:00:00,0,16,0,3,12,1,0,5,4,1,5,1,9.366666666666667,192.0,3.0,7.43,40.0,0.4761904761904761,135.01630680173662,3.352960969044415,0.4,0.6729475100942127,3.125
2022-07-13 01:00:00,1,17,0,2,12,2,1,5,5,0,5,0,10.366666666666667,252.0,3.0,7.43,42.5,0.4666666666666667,141.933,3.1646722349774365,0.425,0.6729475100942127,2.8823529411764706
2022-07-13 02:00:00,2,15,0,1,13,1,0,3,5,0,5,0,11.366666666666667,312.0,3.0,7.43,37.5,0.4285714285714285,143.28300000000002,2.3363055181695827,0.375,0.4037685060565276,3.0
2022-07-13 03:00:00,3,15,0,3,11,1,0,5,6,0,6,0,12.366666666666667,344.0,3.0,7.43,37.5,0.4607843137254901,162.323,3.283568864961867,0.375,0.6729475100942127,3.1333333333333333
2022-07-13 04:00:00,4,11,0,3,7,1,0,0,5,0,5,0,13.366666666666667,376.0,3.0,7.43,27.500000000000004,0.3333333333333333,145.983,0.875,0.275,0.0,3.1818181818181817
2022-07-13 05:00:00,5,11,0,3,7,1,0,2,5,0,5,0,14.366666666666667,436.0,3.0,7.43,27.500000000000004,0.3333333333333333,151.623,1.731478649210816,0.275,0.2691790040376851,3.1818181818181817
2022-07-13 06:00:00,6,13,2,2,8,1,0,3,4,2,6,2,15.366666666666667,427.5,3.0,7.43,32.5,0.4313725490196078,176.68961360347322,2.4666010974220938,0.325,0.4037685060565276,3.3846153846153846
2022-07-13 07:00:00,7,12,2,2,7,1,0,0,4,2,6,2,16.366666666666667,487.5,3.0,7.43,30.0,0.4019607843137255,180.1846136034732,1.025,0.3,0.0,3.4166666666666665
2022-07-13 08:00:00,8,10,2,2,5,1,0,1,4,2,6,2,17.366666666666667,547.5,3.0,6.35,25.0,0.3431372549019608,181.53461360347325,1.4261811023622046,0.25,0.1574803149606299,3.5
2022-07-13 09:00:00,9,14,1,4,8,1,0,6,7,1,8,1,18.366666666666667,120.0,3.0,6.35,35.0,0.4895833333333333,221.6863068017366,4.347103487064118,0.35,0.9448818897637796,3.357142857142857
2022-07-13 10:00:00,10,20,1,7,12,0,0,12,8,1,9,1,19.366666666666667,101.0,4.0,9.69,50.0,0.5564516129032258,253.5963068017366,5.9974458204334375,0.5,1.238390092879257,3.45
2022-07-13 11:00:00,11,25,1,9,15,0,0,10,12,1,13,1,13.516666666666667,115.0,4.0,9.69,62.5,0.7962962962962963,284.9273068017366,5.700051599587203,0.625,1.0319917440660475,3.44
2022-07-13 12:00:00,12,29,2,11,16,0,0,9,13,1,14,1,14.516666666666667,101.5,4.0,9.69,72.5,0.9807692307692308,312.54730680173657,5.816787658802178,0.725,0.9287925696594428,3.5172413793103448
2022-07-13 13:00:00,13,36,2,10,20,3,1,10,13,0,13,0,15.233333333333333,154.0,4.0,9.69,90.0,1.0833333333333333,317.336,6.278973168214654,0.9,1.0319917440660475,3.25
2022-07-13 14:00:00,14,30,2,9,19,0,0,7,12,0,12,0,16.233333333333334,176.5,4.0,9.69,75.0,0.9196428571428572,296.706,5.055220158238734,0.75,0.7223942208462333,3.433333333333333
2022-07-13 15:00:00,15,30,2,11,17,0,0,6,14,0,14,0,12.433333333333334,202.0,4.0,9.69,75.0,1.0096153846153846,302.074,4.7921826625387,0.75,0.6191950464396285,3.5
2022-07-13 16:00:00,16,30,1,12,17,0,0,8,13,0,13,0,7.683333333333334,169.0,4.0,9.69,75.0,0.9629629629629628,261.884,5.462057103543172,0.75,0.825593395252838,3.466666666666667
2022-07-13 17:00:00,17,32,1,12,19,0,0,9,14,0,14,0,8.683333333333334,133.0,4.0,9.69,80.0,1.0576923076923077,285.214,5.942724458204335,0.8,0.9287925696594428,3.4375
2022-07-13 18:00:00,18,36,1,10,25,0,0,14,14,0,14,0,9.683333333333334,136.0,4.0,9.69,90.0,1.1538461538461535,299.434,7.815961472308222,0.9,1.4447884416924666,3.333333333333333
2022-07-13 19:00:00,19,26,1,8,17,0,0,2,12,0,12,0,10.116666666666667,179.0,4.0,9.69,65.0,0.7857142857142857,253.62800000000004,2.8985790267524014,0.65,0.2063983488132095,3.3846153846153846
2022-07-13 20:00:00,20,26,2,8,15,1,0,10,13,1,14,1,9.766666666666667,157.5,4.0,10.11,65.0,0.8557692307692307,279.3223068017366,5.610832762687362,0.65,0.9891196834817012,3.423076923076923
2022-07-13 21:00:00,21,29,4,9,16,0,0,12,12,1,13,1,10.766666666666667,208.0,4.0,10.11,72.5,0.9629629629629628,277.9973068017366,6.856625396500563,0.725,1.1869436201780417,3.586206896551724
2022-07-13 22:00:00,22,27,3,5,18,1,0,11,10,1,11,1,9.316666666666666,159.0,3.0,6.77,67.5,1.0459770114942528,238.72930680173656,7.751229553039007,0.675,1.6248153618906944,3.3703703703703702
2022-07-13 23:00:00,23,23,2,5,14,2,0,11,6,1,7,1,9.816666666666666,219.0,3.0,6.77,57.49999999999999,0.7676767676767676,179.3693068017366,7.268955108856208,0.575,1.6248153618906944,3.3043478260869565
2022-07-14 00:00:00,0,24,2,6,16,0,0,7,7,2,9,2,10.816666666666666,276.0,3.0,6.77,60.0,0.8817204301075269,214.82261360347323,5.582742491383555,0.6,1.03397341211226,3.4166666666666665
2022-07-14 01:00:00,1,20,2,6,12,0,0,3,6,3,9,3,11.816666666666666,336.0,3.0,6.77,50.0,0.7526881720430108,212.75092040520985,3.30096011816839,0.5,0.4431314623338257,3.5
2022-07-14 02:00:00,2,19,2,7,10,0,0,3,7,3,10,3,12.816666666666666,388.5,3.0,6.77,47.5,0.7555555555555555,229.64592040520984,3.2859441809842185,0.475,0.4431314623338257,3.5789473684210527
2022-07-14 03:00:00,3,19,3,6,10,0,0,4,8,2,10,2,13.816666666666666,448.5,3.0,6.77,47.5,0.7666666666666667,234.41761360347323,3.8706891860374726,0.475,0.5908419497784343,3.631578947368421
2022-07-14 04:00:00,4,19,3,7,9,0,0,1,9,2,11,2,14.816666666666666,501.0,3.0,6.77,47.5,0.8045977011494253,253.4576136034732,2.294196532690663,0.475,0.1477104874446085,3.684210526315789
2022-07-14 05:00:00,5,18,3,6,9,0,0,0,9,1,10,1,15.816666666666666,568.5,3.0,6.77,45.0,0.7333333333333333,242.68430680173665,1.65,0.45,0.0,3.6666666666666665
2022-07-14 06:00:00,6,17,3,5,9,0,0,1,9,1,10,1,16.816666666666666,628.5,3.0,6.77,42.5,0.6888888888888889,246.17930680173663,2.08870883656269,0.425,0.1477104874446085,3.647058823529412
2022-07-14 07:00:00,7,22,4,5,13,0,0,6,12,2,14,2,17.816666666666666,418.5,3.0,6.77,55.00000000000001,1.0128205128205128,317.0126136034732,5.157489593124748,0.55,0.8862629246676514,3.590909090909091
2022-07-14 08:00:00,8,28,4,6,18,0,0,7,14,2,16,2,18.816666666666663,323.5,3.0,6.3,70.0,1.3611111111111112,362.3226136034732,6.338888888888889,0.7,1.1111111111111112,3.5
2022-07-14 09:00:00,9,26,4,6,16,0,0,3,15,2,17,2,19.816666666666663,375.0,3.0,6.3,65.0,1.3333333333333333,377.0726136034732,3.9849816849816846,0.65,0.4761904761904762,3.5384615384615383
2022-07-14 10:00:00,10,27,2,4,20,0,1,7,14,0,14,0,20.816666666666663,344.0,4.0,9.62,67.5,0.8365384615384616,342.921,4.519652344652345,0.675,0.7276507276507277,3.2222222222222223
2022-07-14 11:00:00,11,27,2,2,22,0,1,8,14,0,14,0,20.183333333333334,156.0,4.0,9.62,67.5,0.8173076923076923,339.349,4.743002618002619,0.675,0.8316008316008316,3.1481481481481484
2022-07-14 12:00:00,12,31,2,1,27,0,1,11,13,1,14,1,21.183333333333334,130.0,4.0,9.62,77.5,0.9230769230769232,354.4373068017366,5.941009992622896,0.775,1.1434511434511436,3.096774193548387
2022-07-14 13:00:00,13,25,1,2,21,1,0,8,13,1,14,1,22.183333333333334,128.0,4.0,9.62,62.5,0.75,347.2073068017366,4.544594594594595,0.625,0.8316008316008316,3.12
2022-07-14 14:00:00,14,26,0,2,24,0,0,8,12,0,12,0,11.533333333333331,154.0,4.0,9.62,65.0,0.7142857142857143,261.61800000000005,4.55877178954102,0.65,0.8316008316008316,3.076923076923077
2022-07-14 15:00:00,15,24,0,3,20,1,0,8,9,0,9,0,12.533333333333331,179.0,4.0,9.62,60.0,0.5967741935483871,222.76800000000003,4.414102564102564,0.6,0.8316008316008316,3.083333333333333
2022-07-14 16:00:00,16,26,0,5,21,0,0,9,7,0,7,0,6.366666666666666,162.0,4.0,9.62,65.0,0.6287878787878788,165.47799999999998,5.061566448104911,0.65,0.9355509355509356,3.1923076923076925
2022-07-14 17:00:00,17,30,0,6,23,0,1,10,10,0,10,0,7.366666666666666,98.5,4.0,9.62,75.0,0.7833333333333333,219.898,5.607103257103257,0.75,1.0395010395010396,3.1333333333333333
2022-07-14 18:00:00,18,23,0,4,19,0,0,7,10,0,10,0,6.816666666666666,134.0,4.0,9.62,57.49999999999999,0.6083333333333333,201.781,4.134500135587092,0.575,0.7276507276507277,3.1739130434782608
2022-07-14 19:00:00,19,25,0,4,21,0,0,6,11,0,11,0,7.816666666666666,144.0,4.0,9.62,62.5,0.6810344827586207,225.111,3.9458939708939713,0.625,0.6237006237006237,3.16
2022-07-14 20:00:00,20,24,0,3,19,2,0,11,6,0,6,0,8.816666666666666,117.0,4.0,11.05,60.0,0.5367647058823529,161.606,4.852903469079939,0.6,0.995475113122172,3.0416666666666665
2022-07-14 21:00:00,21,29,0,3,22,4,0,13,6,0,6,0,7.866666666666666,144.5,4.0,11.05,72.5,0.6323529411764706,166.973,5.638843813387424,0.725,1.176470588235294,2.9655172413793105
2022-07-14 22:00:00,22,24,0,2,19,2,1,7,4,0,4,0,8.866666666666667,169.5,3.0,7.73,60.0,0.6481481481481481,135.088,4.391224665804225,0.6,0.9055627425614488,2.9166666666666665
2022-07-14 23:00:00,23,18,0,3,11,4,0,8,3,0,3,0,9.866666666666667,198.0,3.0,7.73,45.0,0.4774774774774775,114.458,4.372290498778209,0.45,1.034928848641656,2.9444444444444446
2022-07-15 00:00:00,0,14,0,3,9,2,0,2,3,0,3,0,10.866666666666667,258.0,3.0,7.73,35.0,0.3873873873873873,111.518,1.8696775087784143,0.35,0.258732212160414,3.071428571428572
2022-07-15 01:00:00,1,12,0,3,8,1,0,1,3,0,3,0,11.866666666666667,318.0,3.0,7.73,30.0,0.3423423423423423,112.868,1.3596593359206557,0.3,0.129366106080207,3.1666666666666665
2022-07-15 02:00:00,2,16,0,3,11,2,0,5,3,0,3,0,12.866666666666667,378.0,3.0,7.73,40.0,0.4414414414414414,127.08800000000002,3.20591849935317,0.4,0.6468305304010349,3.0625
2022-07-15 03:00:00,3,19,0,3,14,2,0,3,4,0,4,0,13.866666666666667,419.5,3.0,7.73,47.5,0.5370370370370371,152.563,2.634721181997685,0.475,0.3880983182406209,3.0526315789473686
2022-07-15 04:00:00,4,22,0,3,18,1,0,7,5,0,5,0,14.866666666666667,461.0,3.0,7.73,55.00000000000001,0.6476190476190476,178.038,4.499012113371751,0.55,0.9055627425614488,3.090909090909091
2022-07-15 05:00:00,5,21,0,3,17,1,0,4,5,0,5,0,15.866666666666667,521.0,3.0,7.73,52.5,0.6190476190476191,181.533,3.2266755990882774,0.525,0.517464424320828,3.095238095238096
2022-07-15 06:00:00,6,19,0,3,15,1,0,2,5,0,5,0,16.866666666666667,581.0,3.0,7.73,47.5,0.5619047619047619,182.883,2.278431606182338,0.475,0.258732212160414,3.1052631578947367
2022-07-15 07:00:00,7,18,1,3,13,1,0,2,6,0,6,0,17.866666666666667,444.5,3.0,7.73,45.0,0.5686274509803921,199.778,2.2836926836280007,0.45,0.258732212160414,3.2222222222222223
2022-07-15 08:00:00,8,15,1,1,13,0,0,3,6,0,6,0,18.866666666666667,504.5,3.0,7.31,37.5,0.4705882352941176,198.983,2.5132694938440494,0.375,0.4103967168262654,3.2
2022-07-15 09:00:00,9,19,1,0,16,0,2,8,7,0,7,0,19.866666666666667,178.0,3.0,7.31,47.5,0.5555555555555556,226.603,4.542974656202751,0.475,1.094391244870041,2.8947368421052637
2022-07-15 10:00:00,10,22,1,1,20,0,0,9,9,0,9,0,20.866666666666667,87.0,4.0,10.56,55.00000000000001,0.5564516129032258,265.478,4.398037190082644,0.55,0.8522727272727272,3.136363636363636
2022-07-15 11:00:00,11,23,1,1,20,1,0,11,14,0,14,0,15.3,105.5,4.0,10.56,57.49999999999999,0.6826923076923077,303.227,4.990579710144927,0.575,1.0416666666666663,3.0869565217391304
2022-07-15 12:00:00,12,27,1,1,22,3,0,8,14,0,14,0,16.3,165.5,4.0,10.56,67.5,0.7788461538461539,317.447,4.297727272727273,0.675,0.7575757575757576,3.0
2022-07-15 13:00:00,13,24,0,1,20,3,0,6,9,0,9,0,17.3,209.0,4.0,10.56,60.0,0.5645161290322581,249.65200000000004,3.407196969696969,0.6,0.5681818181818181,2.9166666666666665
2022-07-15 14:00:00,14,20,0,0,17,3,0,4,5,0,5,0,18.3,269.0,4.0,10.56,50.0,0.4071428571428571,193.112,2.5045454545454544,0.5,0.3787878787878788,2.85
2022-07-15 15:00:00,15,16,0,1,12,3,0,7,5,0,5,0,18.516666666666666,289.0,4.0,10.56,40.0,0.3285714285714285,185.754,3.0557765151515155,0.4,0.6628787878787878,2.875
2022-07-15 16:00:00,16,18,1,2,12,3,0,7,5,0,5,0,19.516666666666666,349.0,4.0,10.56,45.0,0.3928571428571428,195.684,3.4004629629629624,0.45,0.6628787878787878,3.055555555555556
2022-07-15 17:00:00,17,19,1,2,15,1,0,8,5,0,5,0,8.133333333333333,409.0,4.0,10.56,47.5,0.4285714285714285,133.62699999999998,3.892344497607655,0.475,0.7575757575757576,3.1578947368421053
2022-07-15 18:00:00,18,22,1,2,17,2,0,7,6,0,6,0,9.133333333333333,306.0,4.0,10.56,55.00000000000001,0.5,159.102,3.748898071625344,0.55,0.6628787878787878,3.090909090909091
2022-07-15 19:00:00,19,21,1,1,16,3,0,8,8,0,8,0,10.133333333333333,164.5,4.0,10.56,52.5,0.4921875,189.397,3.847727272727273,0.525,0.7575757575757576,3.0
2022-07-15 20:00:00,20,19,1,1,17,0,0,5,7,0,7,0,10.483333333333333,81.0,4.0,9.8,47.5,0.4545454545454545,173.68099999999998,3.111170784103115,0.475,0.5102040816326531,3.1578947368421053
2022-07-15 21:00:00,21,15,0,1,12,1,1,6,4,0,4,0,4.95,129.5,4.0,9.8,37.5,0.2986111111111111,93.693,2.8301020408163264,0.375,0.6122448979591836,2.8666666666666667
2022-07-15 22:00:00,22,11,0,1,9,1,0,4,3,0,3,0,5.1,193.0,3.0,6.55,27.500000000000004,0.2972972972972973,72.559,2.65706106870229,0.275,0.6106870229007634,3.0
2022-07-15 23:00:00,23,11,0,0,9,2,0,7,2,0,2,0,4.7,127.0,3.0,6.55,27.500000000000004,0.2719298245614035,56.903000000000006,3.786797362942401,0.275,1.068702290076336,2.8181818181818183
2022-07-16 00:00:00,0,11,0,0,9,2,0,5,2,0,2,0,5.65,187.0,3.0,6.55,27.500000000000004,0.2719298245614035,62.261,2.926283830673144,0.275,0.7633587786259542,2.8181818181818183
2022-07-16 01:00:00,1,11,0,1,9,1,0,5,3,0,3,0,6.65,121.0,3.0,6.55,27.500000000000004,0.2972972972972973,81.301,3.1150763358778626,0.275,0.7633587786259542,3.0
2022-07-16 02:00:00,2,11,0,0,10,1,0,4,3,0,3,0,7.65,105.0,3.0,6.55,27.500000000000004,0.2882882882882883,86.941,2.5765440666204027,0.275,0.6106870229007634,2.909090909090909
2022-07-16 03:00:00,3,13,0,0,12,1,0,5,4,0,4,0,8.65,121.5,3.0,6.55,32.5,0.3518518518518518,110.27100000000002,3.1813564298297123,0.325,0.7633587786259542,2.923076923076923
2022-07-16 04:00:00,4,11,0,0,10,1,0,3,6,0,6,0,9.65,112.0,3.0,6.55,27.500000000000004,0.3137254901960784,138.421,2.132408049965302,0.275,0.4580152671755725,2.909090909090909
2022-07-16 05:00:00,5,13,0,1,12,0,0,5,7,0,7,0,10.65,146.0,3.0,6.55,32.5,0.404040404040404,161.751,3.3487962419260136,0.325,0.7633587786259542,3.076923076923077
2022-07-16 06:00:00,6,13,0,1,12,0,0,2,7,0,7,0,11.65,206.0,3.0,6.55,32.5,0.404040404040404,167.39100000000002,1.939518496770405,0.325,0.3053435114503817,3.076923076923077
2022-07-16 07:00:00,7,14,0,2,12,0,0,2,7,0,7,0,12.65,266.0,3.0,6.55,35.0,0.4444444444444444,175.176,2.0596510359869136,0.35,0.3053435114503817,3.142857142857143
2022-07-16 08:00:00,8,15,0,2,12,1,0,4,8,0,8,0,13.65,310.5,3.0,7.31,37.5,0.4791666666666667,196.361,2.8280665754673966,0.375,0.5471956224350205,3.066666666666667
2022-07-16 09:00:00,9,16,0,2,14,0,0,8,5,1,6,1,14.65,226.5,3.0,7.31,40.0,0.4901960784313725,178.2143068017366,4.669972640218878,0.4,1.094391244870041,3.125
2022-07-16 10:00:00,10,22,0,2,20,0,0,12,8,1,9,1,15.65,53.0,4.0,11.18,55.00000000000001,0.5483870967741935,236.92430680173663,5.017612619938201,0.55,1.073345259391771,3.090909090909091
2022-07-16 11:00:00,11,22,0,3,19,0,0,8,8,1,9,1,16.216666666666665,110.0,4.0,11.18,55.00000000000001,0.5564516129032258,240.1203068017366,3.9692673605464304,0.55,0.7155635062611807,3.136363636363636
2022-07-16 12:00:00,12,20,1,4,15,0,0,5,9,1,10,1,17.216666666666665,136.0,4.0,11.18,50.0,0.55,254.8703068017366,3.1258497316636853,0.5,0.4472271914132379,3.3
2022-07-16 13:00:00,13,25,1,5,18,1,0,10,10,0,10,0,18.216666666666665,171.0,4.0,11.18,62.5,0.675,270.367,4.923032200357782,0.625,0.8944543828264758,3.24
2022-07-16 14:00:00,14,21,1,6,13,1,0,9,11,1,12,1,7.633333333333334,113.5,4.0,11.18,52.5,0.625,229.7653068017366,4.433363148479428,0.525,0.8050089445438283,3.333333333333333
2022-07-16 15:00:00,15,20,1,5,14,0,0,4,10,1,11,1,7.516666666666667,159.0,4.0,11.18,50.0,0.5775862068965517,213.5623068017366,2.873568872987477,0.5,0.3577817531305903,3.35
2022-07-16 16:00:00,16,19,0,6,13,0,0,9,6,0,6,0,7.083333333333333,177.5,4.0,11.18,47.5,0.4632352941176471,141.105,4.244240184540063,0.475,0.8050089445438283,3.3157894736842106
2022-07-16 17:00:00,17,23,0,9,13,1,0,7,9,1,10,1,8.083333333333334,106.0,4.0,11.18,57.49999999999999,0.6416666666666667,209.7933068017366,4.021134401493351,0.575,0.6261180679785331,3.347826086956522
2022-07-16 18:00:00,18,19,0,8,10,1,0,7,11,2,13,2,9.083333333333334,112.0,4.0,11.18,47.5,0.5925925925925926,247.92161360347325,3.7090292816119006,0.475,0.6261180679785331,3.3684210526315788
2022-07-16 19:00:00,19,19,0,5,13,1,0,7,8,2,10,2,9.9,157.0,4.0,11.18,47.5,0.5083333333333333,212.32761360347325,3.5351685340363432,0.475,0.6261180679785331,3.210526315789474
2022-07-16 20:00:00,20,22,0,3,14,5,0,13,5,2,7,2,10.9,191.0,4.0,10.42,55.00000000000001,0.4848484848484848,184.2026136034732,5.229384051648927,0.55,1.2476007677543186,2.909090909090909
2022-07-16 21:00:00,21,26,0,3,21,2,0,13,9,1,10,1,11.9,215.5,4.0,10.42,65.0,0.6583333333333333,237.75430680173665,5.765786948176583,0.65,1.2476007677543186,3.0384615384615383
2022-07-16 22:00:00,22,20,0,4,14,2,0,9,7,2,9,2,12.9,91.0,3.0,6.55,50.0,0.6666666666666666,217.99261360347325,5.8095419847328245,0.5,1.3740458015267176,3.1
2022-07-16 23:00:00,23,22,0,6,12,4,0,9,9,1,10,1,13.9,124.5,3.0,6.55,55.00000000000001,0.7555555555555555,240.4543068017366,5.9470506592644,0.55,1.3740458015267176,3.090909090909091
2022-07-17 00:00:00,0,24,0,5,15,4,0,9,9,0,9,0,14.9,195.0,3.0,6.55,60.0,0.7849462365591398,236.116,6.004389312977099,0.6,1.3740458015267176,3.0416666666666665
2022-07-17 01:00:00,1,20,0,5,13,2,0,2,10,0,10,0,15.9,244.5,3.0,6.55,50.0,0.7,246.576,2.5368320610687025,0.5,0.3053435114503817,3.15
2022-07-17 02:00:00,2,19,0,5,12,2,0,3,10,0,10,0,16.9,304.5,3.0,6.55,47.5,0.6666666666666666,250.071,2.946364001607071,0.475,0.4580152671755725,3.1578947368421053
2022-07-17 03:00:00,3,18,0,4,12,2,0,3,10,0,10,0,17.9,364.5,3.0,6.55,45.0,0.6222222222222222,253.56600000000003,2.824936386768448,0.45,0.4580152671755725,3.111111111111111
2022-07-17 04:00:00,4,17,0,4,12,1,0,2,9,0,9,0,18.9,435.0,3.0,6.55,42.5,0.5806451612903226,243.661,2.319914683430624,0.425,0.3053435114503817,3.176470588235294
2022-07-17 05:00:00,5,19,0,5,13,1,0,2,9,1,10,1,19.9,458.5,3.0,6.55,47.5,0.6777777777777778,267.8593068017366,2.5053133788670148,0.475,0.3053435114503817,3.210526315789474
2022-07-17 06:00:00,6,21,1,5,14,1,0,5,10,1,11,1,20.9,482.0,3.0,6.55,52.5,0.7931034482758621,291.1893068017366,4.233178844056707,0.525,0.7633587786259542,3.2857142857142856
2022-07-17 07:00:00,7,24,1,5,17,1,0,6,10,0,10,0,21.9,578.5,3.0,6.55,60.0,0.8666666666666667,288.996,4.9270992366412205,0.6,0.916030534351145,3.25
2022-07-17 08:00:00,8,21,1,4,13,3,0,5,10,0,10,0,22.9,638.5,3.0,7.21,52.5,0.7333333333333333,288.201,3.8295125817317217,0.525,0.6934812760055479,3.142857142857143
2022-07-17 09:00:00,9,21,1,5,12,3,0,7,7,0,7,0,23.9,751.0,3.0,7.21,52.5,0.6767676767676768,253.641,4.772549699491447,0.525,0.970873786407767,3.1904761904761907
2022-07-17 10:00:00,10,21,2,6,13,0,0,9,5,1,6,1,24.9,868.5,4.0,10.46,52.5,0.5367647058823529,246.74930680173657,4.81598606937995,0.525,0.8604206500956022,3.4761904761904763
2022-07-17 11:00:00,11,21,1,8,11,1,0,9,6,1,7,1,25.9,766.0,4.0,10.46,52.5,0.5454545454545454,265.78930680173664,4.750013657470635,0.525,0.8604206500956022,3.4285714285714284
2022-07-17 12:00:00,12,26,1,8,16,1,0,11,8,1,9,1,26.9,98.0,4.0,10.46,65.0,0.7016129032258065,308.9543068017366,5.693899838211501,0.65,1.051625239005736,3.3461538461538463
2022-07-17 13:00:00,13,35,2,8,22,1,2,18,10,1,11,1,27.9,147.0,4.0,10.46,87.5,0.9655172413793104,360.6993068017366,8.306692160611854,0.875,1.7208413001912044,3.2
2022-07-17 14:00:00,14,34,2,7,23,2,0,13,11,0,11,0,28.9,125.0,4.0,10.46,85.0,0.956896551724138,363.326,6.832473849960634,0.85,1.2428298279158698,3.264705882352941
2022-07-17 15:00:00,15,33,2,9,20,2,0,12,12,0,12,0,29.9,130.5,4.0,10.46,82.5,0.9821428571428572,380.221,6.574091778202677,0.825,1.1472275334608029,3.333333333333333
2022-07-17 16:00:00,16,35,1,12,21,1,0,10,13,0,13,0,30.9,143.0,4.0,10.46,87.5,1.0925925925925926,403.551,6.173163070199399,0.875,0.9560229445506692,3.3714285714285714
2022-07-17 17:00:00,17,34,2,10,21,1,0,9,12,0,12,0,31.9,213.0,4.0,10.46,85.0,1.0267857142857142,393.646,5.785246316499832,0.85,0.8604206500956022,3.3823529411764706
2022-07-17 18:00:00,18,33,2,9,22,0,0,14,9,0,9,0,32.9,175.0,4.0,10.46,82.5,0.9032258064516128,356.941,7.342557506228634,0.825,1.3384321223709368,3.393939393939394
2022-07-17 19:00:00,19,32,2,11,19,0,0,10,10,0,10,0,28.08333333333333,215.5,4.0,10.46,80.0,0.925,341.03,6.091204588910133,0.8,0.9560229445506692,3.46875
2022-07-17 20:00:00,20,34,1,12,21,0,0,13,8,1,9,1,29.08333333333333,151.0,4.0,10.98,85.0,0.935483870967742,338.4283068017366,6.93942997964213,0.85,1.1839708561020037,3.411764705882353
2022-07-17 21:00:00,21,33,2,10,21,0,0,9,9,1,10,1,30.08333333333333,146.0,4.0,10.98,82.5,0.9416666666666668,355.32330680173663,5.63175608544461,0.825,0.819672131147541,3.4242424242424243
2022-07-17 22:00:00,22,23,1,9,12,1,0,8,8,0,8,0,31.08333333333333,180.0,3.0,7.73,57.49999999999999,0.8229166666666666,311.845,5.529755610551775,0.575,1.034928848641656,3.4347826086956523
2022-07-17 23:00:00,23,21,1,7,13,0,0,8,6,0,6,0,32.083333333333336,226.5,3.0,7.73,52.5,0.7058823529411765,286.39500000000004,5.3483274810571055,0.525,1.034928848641656,3.4285714285714284
2022-07-18 00:00:00,0,23,1,6,16,0,0,10,7,0,7,0,33.083333333333336,231.0,3.0,7.73,57.49999999999999,0.7777777777777778,309.725,6.255952247033017,0.575,1.2936610608020698,3.347826086956522
2022-07-18 01:00:00,1,21,2,5,14,0,0,4,7,0,7,0,34.083333333333336,291.0,3.0,7.73,52.5,0.7272727272727273,311.075,3.574163740528553,0.525,0.517464424320828,3.4285714285714284
2022-07-18 02:00:00,2,18,2,5,10,1,0,4,7,1,8,1,35.083333333333336,330.0,3.0,7.73,45.0,0.6458333333333334,324.54830680173666,3.3323774615495187,0.45,0.517464424320828,3.4444444444444446
2022-07-18 03:00:00,3,20,3,4,12,1,0,8,8,1,9,1,36.083333333333336,369.0,3.0,7.73,50.0,0.7419354838709677,347.8783068017366,5.295504527813713,0.5,1.034928848641656,3.45
2022-07-18 04:00:00,4,21,4,3,13,1,0,3,8,2,10,2,37.083333333333336,401.0,3.0,7.73,52.5,0.8111111111111111,369.9316136034733,3.174103677693587,0.525,0.3880983182406209,3.4761904761904763
2022-07-18 05:00:00,5,20,4,3,12,1,0,2,9,1,10,1,38.083333333333336,461.0,3.0,7.73,50.0,0.7777777777777778,372.5583068017367,2.655562742561449,0.5,0.258732212160414,3.5
2022-07-18 06:00:00,6,17,4,3,10,0,0,2,8,1,9,1,39.083333333333336,549.0,3.0,7.73,42.5,0.6666666666666666,358.3633068017366,2.493611597290921,0.425,0.258732212160414,3.647058823529412
2022-07-18 07:00:00,7,16,4,1,11,0,0,2,8,0,8,0,40.083333333333336,630.0,3.0,7.73,40.0,0.59375,347.59000000000003,2.346733505821475,0.4,0.258732212160414,3.5625
2022-07-18 08:00:00,8,16,3,1,11,1,0,4,8,0,8,0,41.083333333333336,690.0,3.0,7.84,40.0,0.5625,353.23,3.0719387755102043,0.4,0.5102040816326531,3.375
2022-07-18 09:00:00,9,20,5,1,14,0,0,12,9,1,10,1,42.083333333333336,210.0,3.0,7.84,50.0,0.7888888888888889,395.1183068017366,7.208673469387755,0.5,1.530612244897959,3.55
2022-07-18 10:00:00,10,29,7,1,19,2,0,14,14,1,15,1,43.083333333333336,77.0,4.0,11.54,72.5,1.0,487.06330680173664,6.683350265941552,0.725,1.2131715771230505,3.4482758620689653
2022-07-18 11:00:00,11,39,7,2,29,1,0,15,15,0,15,0,44.083333333333336,125.0,4.0,11.54,97.5,1.32,513.285,7.699413411545128,0.975,1.2998266897746968,3.3846153846153846
2022-07-18 12:00:00,12,36,6,2,28,0,0,4,16,0,16,0,45.083333333333336,179.5,4.0,11.54,90.0,1.2708333333333333,525.89,4.224658193722319,0.9,0.3466204506065858,3.388888888888889
2022-07-18 13:00:00,13,30,4,2,23,1,0,5,15,0,15,0,46.083333333333336,219.0,4.0,11.54,75.0,0.99,505.26,3.904809358752166,0.75,0.4332755632582322,3.3
2022-07-18 14:00:00,14,31,4,4,21,2,0,8,14,1,15,1,17.85,250.0,4.0,11.54,77.5,1.03,349.0373068017366,4.878348800805054,0.775,0.6932409012131716,3.3225806451612905
2022-07-18 15:00:00,15,31,3,4,22,2,0,10,14,2,16,2,18.85,243.5,4.0,11.54,77.5,1.0520833333333333,368.9456136034733,5.348279476714933,0.775,0.8665511265164645,3.2580645161290325
2022-07-18 16:00:00,16,34,3,4,25,2,0,14,13,2,15,2,19.85,168.0,4.0,11.54,85.0,1.1,367.62061360347326,6.67496686716281,0.85,1.2131715771230505,3.235294117647059
2022-07-18 17:00:00,17,41,3,4,34,0,0,12,16,2,18,2,20.85,140.5,4.0,11.54,102.5,1.5113636363636365,428.4756136034732,6.698208775415311,1.025,1.0398613518197577,3.2439024390243905
2022-07-18 18:00:00,18,36,3,5,28,0,0,6,16,1,17,1,21.85,154.0,4.0,11.54,90.0,1.2934782608695652,409.1223068017366,4.693659734257654,0.9,0.5199306759098787,3.305555555555556
2022-07-18 19:00:00,19,38,3,4,31,0,0,8,17,2,19,2,22.85,152.0,4.0,11.54,95.0,1.4761904761904765,446.7206136034732,5.362154519748245,0.95,0.6932409012131716,3.263157894736842
2022-07-18 20:00:00,20,40,2,4,33,0,1,10,17,3,20,3,23.85,182.5,4.0,11.43,100.0,1.575,470.91892040520986,5.905905511811024,1.0,0.8748906386701663,3.15
2022-07-18 21:00:00,21,39,1,3,34,0,1,8,13,2,15,2,8.666666666666666,216.0,4.0,11.43,97.5,1.2,315.2716136034732,5.153576956726563,0.975,0.699912510936133,3.076923076923077
2022-07-18 22:00:00,22,30,1,3,25,0,1,8,7,2,9,2,9.666666666666666,220.0,3.0,7.73,75.0,1.0,221.2066136034732,5.5332794307891335,0.75,1.034928848641656,3.1
2022-07-18 23:00:00,23,29,1,4,23,0,1,10,8,1,9,1,10.666666666666666,196.0,3.0,7.73,72.5,0.978494623655914,223.83330680173663,6.334419190792701,0.725,1.2936610608020698,3.1379310344827585
2022-07-19 00:00:00,0,21,1,4,15,0,1,1,8,0,8,0,11.666666666666666,223.0,3.0,7.73,52.5,0.6979166666666666,198.045,2.087739481303518,0.525,0.129366106080207,3.1904761904761907
2022-07-19 01:00:00,1,22,1,5,15,0,1,4,8,0,8,0,12.666666666666666,283.0,3.0,7.73,55.00000000000001,0.7395833333333334,205.83,3.44499882394449,0.55,0.517464424320828,3.227272727272727
2022-07-19 02:00:00,2,22,0,5,16,0,1,1,7,0,7,0,13.666666666666666,409.0,3.0,7.73,55.00000000000001,0.696969696969697,198.07,2.130739150887922,0.55,0.129366106080207,3.136363636363636
2022-07-19 03:00:00,3,23,0,6,16,0,1,4,8,0,8,0,14.666666666666666,403.0,3.0,7.73,57.49999999999999,0.7604166666666666,219.255,3.467387085887845,0.575,0.517464424320828,3.1739130434782608
2022-07-19 04:00:00,4,26,0,6,17,2,1,7,9,0,9,0,15.666666666666666,397.0,3.0,7.73,65.0,0.8602150537634409,244.73,4.7863469001890735,0.65,0.9055627425614488,3.076923076923077
2022-07-19 05:00:00,5,26,0,5,19,1,1,3,10,0,10,0,16.666666666666668,422.0,3.0,7.73,65.0,0.8888888888888888,263.77,3.1941486715096032,0.65,0.3880983182406209,3.076923076923077
2022-07-19 06:00:00,6,23,0,5,17,0,1,1,10,0,10,0,17.666666666666668,482.0,3.0,7.73,57.49999999999999,0.8,262.975,2.204972158164126,0.575,0.129366106080207,3.130434782608696
2022-07-19 07:00:00,7,22,0,5,16,0,1,2,10,0,10,0,18.666666666666668,542.0,3.0,7.73,55.00000000000001,0.7666666666666667,266.47,2.536478301775844,0.55,0.258732212160414,3.136363636363636
2022-07-19 08:00:00,8,21,1,4,15,0,1,2,10,1,11,1,17.233333333333334,567.0,3.0,7.31,52.5,0.7701149425287356,270.5093068017366,2.5479073024558665,0.525,0.2735978112175102,3.1904761904761907
2022-07-19 09:00:00,9,21,1,4,16,0,0,7,9,1,10,1,17.65,516.5,3.0,7.31,52.5,0.7666666666666667,259.4593068017366,4.871374829001367,0.525,0.9575923392612858,3.2857142857142856
2022-07-19 10:00:00,10,23,0,4,19,0,0,13,10,0,10,0,18.65,396.0,4.0,10.56,57.49999999999999,0.6083333333333333,268.521,5.73227931488801,0.575,1.231060606060606,3.1739130434782608
2022-07-19 11:00:00,11,26,1,4,21,0,0,11,13,0,13,0,19.566666666666663,109.0,4.0,10.56,65.0,0.7777777777777778,320.326,5.465384615384615,0.65,1.0416666666666663,3.230769230769231
2022-07-19 12:00:00,12,26,1,4,21,0,0,6,12,1,13,1,20.566666666666663,166.0,4.0,10.56,65.0,0.7777777777777778,326.8343068017366,3.935664335664336,0.65,0.5681818181818181,3.230769230769231
2022-07-19 13:00:00,13,31,1,5,23,2,0,10,11,1,12,1,21.3,135.0,4.0,10.56,77.5,0.875,328.2953068017366,5.443646138807429,0.775,0.9469696969696968,3.161290322580645
2022-07-19 14:00:00,14,38,2,5,29,2,0,15,15,1,16,1,21.65,113.0,4.0,10.56,95.0,1.2604166666666667,398.8843068017366,7.548026315789473,0.95,1.4204545454545454,3.1842105263157894
2022-07-19 15:00:00,15,38,1,4,31,2,0,8,18,1,19,1,22.65,91.0,4.0,10.56,95.0,1.4047619047619049,444.7243068017366,5.302472089314194,0.95,0.7575757575757576,3.1052631578947367
2022-07-19 16:00:00,16,38,2,2,32,2,0,10,17,1,18,1,23.65,126.0,4.0,10.56,95.0,1.3409090909090908,436.9643068017366,5.890590111642743,0.95,0.9469696969696968,3.1052631578947367
2022-07-19 17:00:00,17,37,2,2,28,5,0,10,20,1,21,1,24.65,135.0,4.0,10.56,92.5,1.4736842105263157,480.6593068017367,5.666502866502867,0.925,0.9469696969696968,3.027027027027027
2022-07-19 18:00:00,18,37,1,3,28,5,0,10,19,0,19,0,25.65,188.0,4.0,10.56,92.5,1.3214285714285714,458.631,5.615909090909091,0.925,0.9469696969696968,3.0
2022-07-19 19:00:00,19,29,2,3,21,3,0,3,15,0,15,0,26.65,249.0,4.0,10.56,72.5,0.91,393.511,3.166457680250784,0.725,0.284090909090909,3.1379310344827585
2022-07-19 20:00:00,20,23,1,3,15,3,1,6,13,0,13,0,27.65,305.0,4.0,9.6,57.49999999999999,0.6388888888888888,359.481,3.6,0.575,0.625,3.0
2022-07-19 21:00:00,21,23,1,5,13,4,0,7,11,0,11,0,28.65,369.0,4.0,9.6,57.49999999999999,0.6206896551724138,338.321,4.082608695652175,0.575,0.7291666666666667,3.130434782608696
2022-07-19 22:00:00,22,20,1,3,13,3,0,5,8,0,8,0,29.65,397.5,3.0,6.35,50.0,0.6458333333333334,297.326,3.990944881889764,0.5,0.7874015748031497,3.1
2022-07-19 23:00:00,23,24,2,3,16,3,0,8,10,0,10,0,30.65,409.5,3.0,6.35,60.0,0.8444444444444444,338.346,5.889501312335958,0.6,1.2598425196850394,3.1666666666666665
2022-07-20 00:00:00,0,19,2,2,13,2,0,4,10,0,10,0,31.65,209.0,3.0,6.35,47.5,0.6777777777777778,333.261,3.547378781599668,0.475,0.6299212598425197,3.210526315789474
2022-07-20 01:00:00,1,23,2,4,14,2,1,6,10,0,10,0,32.65,269.0,3.0,6.35,57.49999999999999,0.8111111111111111,347.481,4.823972954467648,0.575,0.9448818897637796,3.1739130434782608
2022-07-20 02:00:00,2,24,3,3,15,3,0,7,11,0,11,0,33.65,276.0,3.0,6.35,60.0,0.896551724137931,368.666,5.532677165354331,0.6,1.1023622047244095,3.25
2022-07-20 03:00:00,3,22,3,2,15,2,0,3,12,0,12,0,34.65,311.5,3.0,6.35,55.00000000000001,0.8571428571428571,383.416,3.3461703650680032,0.55,0.4724409448818898,3.272727272727273
2022-07-20 04:00:00,4,18,3,2,11,2,0,1,11,0,11,0,35.65,396.0,3.0,6.35,45.0,0.6896551724137931,367.076,2.0249343832021,0.45,0.1574803149606299,3.333333333333333
2022-07-20 05:00:00,5,21,3,2,14,2,0,3,13,0,13,0,36.65,407.0,3.0,6.35,52.5,0.8518518518518519,405.951,3.277305961754781,0.525,0.4724409448818898,3.2857142857142856
2022-07-20 06:00:00,6,25,4,3,15,3,0,5,15,0,15,0,37.65,467.0,3.0,6.35,62.5,1.106666666666667,446.971,4.689173228346457,0.625,0.7874015748031497,3.32
2022-07-20 07:00:00,7,29,4,2,19,4,0,6,15,0,15,0,38.65,527.0,3.0,6.35,72.5,1.24,461.191,5.355138474070052,0.725,0.9448818897637796,3.206896551724138
2022-07-20 08:00:00,8,29,4,2,19,4,0,3,15,1,16,1,39.65,555.5,3.0,7.43,72.5,1.2916666666666667,481.0993068017366,3.619843829767485,0.725,0.4037685060565276,3.206896551724138
2022-07-20 09:00:00,9,26,3,3,17,3,0,6,11,0,11,0,40.65,696.0,3.0,7.43,65.0,0.9655172413793104,412.436,4.708965731442179,0.65,0.8075370121130552,3.230769230769231
2022-07-20 10:00:00,10,20,1,3,13,3,0,9,11,0,11,0,41.65,756.0,4.0,11.13,50.0,0.5344827586206896,405.206,4.056738544474394,0.5,0.8086253369272238,3.1
2022-07-20 11:00:00,11,19,1,3,13,2,0,6,11,0,11,0,42.65,110.0,4.0,11.13,47.5,0.5172413793103449,408.701,3.202369130373103,0.475,0.5390835579514826,3.1578947368421053
2022-07-20 12:00:00,12,24,2,4,17,1,0,7,11,1,12,1,43.65,165.0,4.0,11.13,60.0,0.7053571428571429,439.3343068017366,4.045230607966457,0.6,0.628930817610063,3.2916666666666665
2022-07-20 13:00:00,13,24,3,4,17,0,0,6,13,2,15,2,44.65,127.0,4.0,11.13,60.0,0.82,486.0426136034732,3.891868823000898,0.6,0.5390835579514826,3.4166666666666665
2022-07-20 14:00:00,14,26,3,4,19,0,0,7,12,3,15,3,45.65,137.0,4.0,11.13,65.0,0.88,496.8409204052098,4.328688921141752,0.65,0.628930817610063,3.3846153846153846
2022-07-20 15:00:00,15,23,2,2,19,0,0,8,8,4,12,4,46.65,144.0,4.0,11.13,57.49999999999999,0.6696428571428571,456.7142272069465,4.218841556310793,0.575,0.7187780772686434,3.260869565217391
2022-07-20 16:00:00,16,22,3,0,19,0,0,4,8,4,12,4,47.65,158.0,4.0,11.13,55.00000000000001,0.6428571428571429,460.2092272069465,2.9761823082577803,0.55,0.3593890386343217,3.272727272727273
2022-07-20 17:00:00,17,23,3,1,19,0,0,5,8,4,12,4,48.65,172.0,4.0,11.13,57.49999999999999,0.6785714285714286,467.9942272069465,3.3844329856635027,0.575,0.4492362982929021,3.3043478260869565
2022-07-20 18:00:00,18,25,4,1,19,1,0,12,9,5,14,5,49.65,192.0,4.0,11.13,62.5,0.7980769230769231,505.5925340086831,5.654514824797844,0.625,1.078167115902965,3.32
2022-07-20 19:00:00,19,18,2,0,16,0,0,4,6,3,9,3,50.65,105.0,4.0,11.13,45.0,0.4677419354838709,427.4809204052099,2.608031346710592,0.45,0.3593890386343217,3.2222222222222223
2022-07-20 20:00:00,20,22,1,2,17,2,0,11,6,3,9,3,51.65,154.0,4.0,10.88,55.00000000000001,0.5483870967741935,441.7009204052098,4.825,0.55,1.011029411764706,3.090909090909091
2022-07-20 21:00:00,21,26,1,4,19,2,0,9,4,4,8,4,52.65,129.5,4.0,10.88,65.0,0.640625,443.3892272069464,4.658880090497738,0.65,0.8272058823529412,3.1538461538461537
2022-07-20 22:00:00,22,22,0,2,18,2,0,5,3,2,5,2,53.65,72.0,3.0,7.18,55.00000000000001,0.6285714285714286,398.5126136034732,3.739136490250696,0.55,0.6963788300835655,3.0
2022-07-20 23:00:00,23,21,0,2,17,2,0,8,5,2,7,2,54.65,97.0,3.0,7.18,52.5,0.6363636363636364,428.8076136034732,4.9176183844011145,0.525,1.1142061281337048,3.0
2022-07-21 00:00:00,0,23,0,3,18,2,0,4,5,2,7,2,55.65,157.0,3.0,7.18,57.49999999999999,0.7070707070707071,438.7376136034732,3.44553106455129,0.575,0.5571030640668524,3.0434782608695654
2022-07-21 01:00:00,1,19,0,2,16,1,0,4,7,2,9,2,56.65,203.0,3.0,7.18,47.5,0.6236559139784946,462.5976136034732,3.150630406098813,0.475,0.5571030640668524,3.0526315789473686
2022-07-21 02:00:00,2,20,0,2,17,1,0,6,8,2,10,2,57.65,243.0,3.0,7.18,50.0,0.6777777777777778,483.7826136034732,4.07374651810585,0.5,0.8356545961002786,3.05
2022-07-21 03:00:00,3,21,0,3,17,1,0,3,8,2,10,2,58.65,303.0,3.0,7.18,52.5,0.7222222222222222,491.5676136034732,2.9182749701551933,0.525,0.4178272980501393,3.095238095238096
2022-07-21 04:00:00,4,20,0,4,15,1,0,2,8,2,10,2,59.65,363.0,3.0,7.18,50.0,0.7,495.0626136034732,2.4524373259052923,0.5,0.2785515320334262,3.15
2022-07-21 05:00:00,5,23,0,5,17,1,0,5,9,2,11,2,60.65,403.0,3.0,7.18,57.49999999999999,0.8390804597701149,520.5376136034732,4.035245852004359,0.575,0.6963788300835655,3.1739130434782608
2022-07-21 06:00:00,6,21,0,4,16,1,0,0,9,2,11,2,61.65,463.0,3.0,7.18,52.5,0.7586206896551724,521.8876136034733,1.65,0.525,0.0,3.142857142857143
2022-07-21 07:00:00,7,25,0,5,19,1,0,4,11,2,13,2,62.65,510.0,3.0,7.18,62.5,0.9753086419753086,562.9076136034732,3.7354456824512536,0.625,0.5571030640668524,3.16
2022-07-21 08:00:00,8,28,0,8,19,1,0,6,12,4,16,4,63.65,429.5,3.0,6.66,70.0,1.2638888888888888,616.9192272069465,5.202927927927927,0.7,0.9009009009009008,3.25
2022-07-21 09:00:00,9,30,0,9,20,1,0,8,11,4,15,4,64.65,489.0,3.0,6.66,75.0,1.3066666666666666,613.4492272069465,6.373923923923924,0.75,1.2012012012012012,3.2666666666666666
2022-07-21 10:00:00,10,32,0,9,22,1,0,9,14,4,18,4,65.65,170.5,4.0,10.0,80.0,1.181818181818182,663.5792272069465,5.525,0.8,0.9,3.25
2022-07-21 11:00:00,11,40,0,11,28,0,1,15,19,3,22,3,66.65,126.5,4.0,10.0,100.0,1.7916666666666667,739.1109204052099,8.0625,1.0,1.5,3.225
2022-07-21 12:00:00,12,37,1,9,26,0,1,7,18,3,21,3,67.65,133.0,4.0,10.0,92.5,1.5789473684210529,724.9159204052098,5.27027027027027,0.925,0.7,3.2432432432432434
2022-07-21 13:00:00,13,39,1,13,25,0,0,8,21,3,24,3,68.65,180.5,4.0,10.0,97.5,2.0625,775.0459204052099,6.007692307692308,0.975,0.8,3.3846153846153846
2022-07-21 14:00:00,14,41,0,14,26,1,0,10,19,3,22,3,69.65,232.5,4.0,10.0,102.5,1.8888888888888888,758.1759204052098,6.717073170731707,1.025,1.0,3.317073170731707
2022-07-21 15:00:00,15,39,0,14,24,1,0,4,19,3,22,3,24.116666666666667,284.0,4.0,10.0,97.5,1.805555555555556,497.07792040520985,4.583333333333334,0.975,0.4,3.333333333333333
2022-07-21 16:00:00,16,36,1,10,25,0,0,11,16,3,19,3,25.116666666666667,324.0,4.0,10.0,90.0,1.4285714285714286,456.08292040520985,6.666666666666667,0.9,1.1,3.333333333333333
2022-07-21 17:00:00,17,39,2,9,28,0,0,11,16,3,19,3,26.116666666666667,377.0,4.0,10.0,97.5,1.5476190476190477,468.1579204052098,6.916666666666668,0.975,1.1,3.333333333333333
2022-07-21 18:00:00,18,26,1,6,19,0,0,2,12,3,15,3,27.116666666666667,348.0,4.0,10.0,65.0,0.86,392.3129204052098,2.8115384615384618,0.65,0.2,3.3076923076923075
2022-07-21 19:00:00,19,25,1,7,16,1,0,12,9,1,10,1,28.116666666666667,384.5,4.0,10.0,62.5,0.6916666666666667,327.0713068017366,6.058999999999999,0.625,1.2,3.32
2022-07-21 20:00:00,20,28,1,4,23,0,0,13,8,0,8,0,13.133333333333333,69.5,4.0,10.47,70.0,0.703125,221.332,6.240994678673762,0.7,1.241642788920726,3.2142857142857144
2022-07-21 21:00:00,21,27,1,4,20,2,0,11,7,0,7,0,14.133333333333333,108.0,4.0,10.47,67.5,0.6439393939393939,211.427,5.432509993278858,0.675,1.0506208213944606,3.1481481481481484
2022-07-21 22:00:00,22,26,2,7,17,0,0,8,9,1,10,1,15.133333333333333,140.5,3.0,7.13,65.0,0.9888888888888888,255.9903068017366,6.065759520983924,0.65,1.1220196353436185,3.423076923076923
2022-07-21 23:00:00,23,29,2,7,19,1,0,10,8,1,9,1,16.133333333333333,180.0,3.0,7.13,72.5,1.043010752688172,254.66530680173665,7.116202785703921,0.725,1.402524544179523,3.3448275862068964
2022-07-22 00:00:00,0,25,1,7,17,0,0,6,8,0,8,0,11.8,206.5,3.0,7.13,62.5,0.875,207.377,4.927489481065918,0.625,0.8415147265077139,3.36
2022-07-22 01:00:00,1,22,1,4,14,3,0,5,8,0,8,0,12.8,266.5,3.0,7.13,55.00000000000001,0.71875,206.582,3.92441348973607,0.55,0.7012622720897616,3.136363636363636
2022-07-22 02:00:00,2,26,3,3,19,1,0,8,10,0,10,0,13.8,283.0,3.0,7.13,65.0,0.9555555555555556,247.602,5.861295716905814,0.65,1.1220196353436185,3.3076923076923075
2022-07-22 03:00:00,3,30,3,4,21,2,0,7,12,0,12,0,14.8,310.0,3.0,7.13,75.0,1.1666666666666667,288.622,5.657106124357176,0.75,0.9817671809256662,3.2666666666666666
2022-07-22 04:00:00,4,29,3,4,21,1,0,2,12,0,12,0,15.8,370.0,3.0,7.13,72.5,1.1428571428571428,292.117,3.328567974077477,0.725,0.2805049088359046,3.310344827586207
2022-07-22 05:00:00,5,27,3,4,19,1,0,2,12,0,12,0,16.8,430.0,3.0,7.13,67.5,1.0714285714285714,293.467,3.185016362786349,0.675,0.2805049088359046,3.333333333333333
2022-07-22 06:00:00,6,26,3,4,19,0,0,2,12,0,12,0,17.8,490.0,3.0,7.13,65.0,1.0476190476190477,296.962,3.1494012299061387,0.65,0.2805049088359046,3.3846153846153846
2022-07-22 07:00:00,7,28,3,4,20,1,0,3,12,0,12,0,18.8,550.0,3.0,7.13,70.0,1.1071428571428572,306.892,3.722515527950311,0.7,0.4207573632538569,3.321428571428572
2022-07-22 08:00:00,8,28,4,4,19,0,1,5,12,1,13,1,19.8,587.0,3.0,6.4,70.0,1.160493827160494,326.8003068017366,4.972767857142857,0.7,0.78125,3.357142857142857
2022-07-22 09:00:00,9,25,4,2,17,2,0,5,9,1,10,1,20.8,703.0,3.0,6.4,62.5,0.9222222222222224,285.8053068017366,4.66875,0.625,0.78125,3.32
2022-07-22 10:00:00,10,21,2,3,14,2,0,5,6,1,7,1,21.8,773.0,4.0,9.86,52.5,0.5151515151515151,242.66530680173665,3.342036124794745,0.525,0.5070993914807302,3.238095238095238
2022-07-22 11:00:00,11,33,4,3,22,4,0,21,13,2,15,2,22.8,53.0,4.0,9.86,82.5,1.06,382.1136136034732,9.491231790521852,0.825,2.129817444219067,3.212121212121212
2022-07-22 12:00:00,12,43,3,4,30,5,1,16,19,1,20,1,23.8,78.5,4.0,9.86,107.5,1.65,475.3353068017366,8.28136704561536,1.075,1.622718052738337,3.069767441860465
2022-07-22 13:00:00,13,38,3,6,23,6,0,8,18,1,19,1,24.8,128.0,4.0,9.86,95.0,1.4285714285714286,456.85030680173656,5.562186399060532,0.95,0.8113590263691685,3.1578947368421053
2022-07-22 14:00:00,14,36,3,6,23,4,0,7,16,2,18,2,25.8,192.5,4.0,9.86,90.0,1.318181818181818,445.66861360347326,5.187581699346406,0.9,0.7099391480730224,3.2222222222222223
2022-07-22 15:00:00,15,34,1,4,24,4,1,10,14,1,15,1,26.8,217.0,4.0,9.86,85.0,1.02,405.9503068017366,5.592596348884381,0.85,1.0141987829614605,3.0
2022-07-22 16:00:00,16,31,1,6,22,2,0,11,12,2,14,2,27.8,114.5,4.0,9.86,77.5,0.9519230769230768,392.6236136034733,6.037782176274291,0.775,1.1156186612576064,3.193548387096774
2022-07-22 17:00:00,17,29,1,4,23,1,0,10,14,2,16,2,28.8,156.0,4.0,9.86,72.5,0.9583333333333334,420.7736136034732,5.517458208015668,0.725,1.0141987829614605,3.1724137931034484
2022-07-22 18:00:00,18,28,1,5,20,2,0,7,18,1,19,1,29.8,167.0,4.0,9.86,70.0,1.0595238095238095,463.6003068017366,4.48159229208925,0.7,0.7099391480730224,3.1785714285714284
2022-07-22 19:00:00,19,24,2,7,11,4,0,9,16,3,19,3,8.283333333333333,101.0,4.0,9.86,60.0,0.9404761904761904,335.40292040520984,4.979563894523326,0.6,0.9127789046653144,3.2916666666666665
2022-07-22 20:00:00,20,23,2,6,11,3,1,7,14,3,17,3,6.183333333333334,119.0,4.0,9.76,57.49999999999999,0.8043478260869565,294.61392040520985,4.157555238774055,0.575,0.7172131147540983,3.217391304347826
2022-07-22 21:00:00,21,27,2,3,18,3,1,13,12,2,14,2,7.183333333333334,153.0,4.0,9.76,67.5,0.7980769230769231,267.76561360347324,6.169565877352762,0.675,1.3319672131147542,3.074074074074074
2022-07-22 22:00:00,22,16,0,3,9,4,0,6,8,0,8,0,4.683333333333334,186.5,3.0,6.3,40.0,0.4895833333333333,147.93400000000003,3.972619047619048,0.4,0.9523809523809524,2.9375
2022-07-22 23:00:00,23,18,0,1,16,1,0,12,8,0,8,0,5.683333333333334,201.5,3.0,6.3,45.0,0.5625,157.864,7.064285714285715,0.45,1.9047619047619049,3.0
2022-07-23 00:00:00,0,15,0,1,14,0,0,4,6,0,6,0,6.683333333333334,261.5,3.0,6.3,37.5,0.4509803921568627,130.269,3.097089947089948,0.375,0.6349206349206349,3.066666666666667
2022-07-23 01:00:00,1,15,0,1,13,1,0,6,6,0,6,0,7.683333333333334,321.5,3.0,6.3,37.5,0.4411764705882353,135.909,3.9821428571428577,0.375,0.9523809523809524,3.0
2022-07-23 02:00:00,2,12,0,1,11,0,0,0,6,0,6,0,8.683333333333334,381.5,3.0,6.3,30.0,0.3627450980392157,135.114,0.925,0.3,0.0,3.083333333333333
2022-07-23 03:00:00,3,10,0,1,9,0,0,1,6,0,6,0,9.683333333333334,441.5,3.0,6.3,25.0,0.3039215686274509,136.464,1.267063492063492,0.25,0.1587301587301587,3.1
2022-07-23 04:00:00,4,10,0,1,9,0,0,1,7,0,7,0,10.683333333333334,469.0,3.0,6.3,25.0,0.3131313131313131,155.504,1.267063492063492,0.25,0.1587301587301587,3.1
2022-07-23 05:00:00,5,10,0,1,9,0,0,0,7,0,7,0,11.683333333333334,529.0,3.0,6.3,25.0,0.3131313131313131,161.144,0.775,0.25,0.0,3.1
2022-07-23 06:00:00,6,10,0,1,9,0,0,1,7,0,7,0,12.683333333333334,589.0,3.0,6.3,25.0,0.3131313131313131,166.784,1.267063492063492,0.25,0.1587301587301587,3.1
2022-07-23 07:00:00,7,16,0,2,14,0,0,6,8,0,8,0,13.683333333333334,625.0,3.0,6.3,40.0,0.5208333333333334,198.694,4.226190476190476,0.4,0.9523809523809524,3.125
2022-07-23 08:00:00,8,14,0,1,13,0,0,3,9,1,10,1,14.683333333333334,620.0,3.0,7.31,35.0,0.4777777777777778,227.71230680173664,2.335504201680672,0.35,0.4103967168262654,3.071428571428572
2022-07-23 09:00:00,9,16,1,1,13,0,1,7,10,1,11,1,15.683333333333334,329.0,3.0,7.31,40.0,0.5632183908045977,251.04230680173663,4.157626538987688,0.4,0.9575923392612858,3.0625
2022-07-23 10:00:00,10,17,1,0,14,2,0,7,8,0,8,0,16.683333333333334,544.0,4.0,10.77,42.5,0.3984375,217.759,3.224860724233983,0.425,0.6499535747446611,3.0
2022-07-23 11:00:00,11,20,2,1,12,4,1,10,8,1,9,1,17.683333333333334,122.0,4.0,10.77,50.0,0.4758064516129032,244.10230680173663,4.214090064995357,0.5,0.9285051067780872,2.95
2022-07-23 12:00:00,12,28,2,1,18,4,3,14,11,2,13,2,18.683333333333334,92.0,4.0,10.77,70.0,0.7314814814814815,321.3706136034732,5.642595171773445,0.7,1.2999071494893222,2.821428571428572
2022-07-23 13:00:00,13,29,3,2,22,1,1,11,12,5,17,5,17.9,80.0,4.0,10.77,72.5,1.0,375.3025340086831,5.5401626484807736,0.725,1.021355617455896,3.1724137931034484
2022-07-23 14:00:00,14,33,3,3,22,3,2,11,11,4,15,4,18.9,126.0,4.0,10.77,82.5,1.01,361.85422720694646,5.65096719281956,0.825,1.021355617455896,3.060606060606061
2022-07-23 15:00:00,15,32,2,3,22,4,1,9,11,4,15,4,19.9,165.0,4.0,10.77,80.0,0.97,365.34922720694647,4.95807799442897,0.8,0.8356545961002786,3.03125
2022-07-23 16:00:00,16,28,2,3,19,4,0,9,9,3,12,3,20.9,212.5,4.0,10.77,70.0,0.7767857142857143,321.34092040520983,4.77149820931158,0.7,0.8356545961002786,3.107142857142857
2022-07-23 17:00:00,17,26,2,3,17,4,0,7,8,3,11,3,21.9,264.0,4.0,10.77,65.0,0.6982758620689655,309.2909204052098,4.049855367473752,0.65,0.6499535747446611,3.1153846153846154
2022-07-23 18:00:00,18,20,2,3,13,2,0,8,7,3,10,3,22.9,259.5,4.0,10.77,50.0,0.5416666666666666,288.6609204052098,4.039113277623027,0.5,0.7428040854224699,3.25
2022-07-23 19:00:00,19,13,1,2,7,3,0,5,4,3,7,3,23.9,260.0,4.0,10.77,32.5,0.303030303030303,239.08592040520983,2.4284693950432112,0.325,0.4642525533890436,3.076923076923077
2022-07-23 20:00:00,20,19,1,3,12,3,0,10,6,3,9,3,24.9,120.0,4.0,10.67,47.5,0.4758064516129032,284.39592040520984,4.385274749667045,0.475,0.9372071227741332,3.1052631578947367
2022-07-23 21:00:00,21,21,1,3,16,1,0,6,5,3,8,3,25.9,168.5,4.0,10.67,52.5,0.5234375,280.9259204052098,3.469082206453341,0.525,0.5623242736644799,3.1904761904761907
2022-07-23 22:00:00,22,20,1,2,15,2,0,11,3,2,5,2,13.366666666666667,161.0,3.0,7.21,50.0,0.5904761904761905,167.02461360347323,6.279542302357838,0.5,1.5256588072122053,3.1
2022-07-23 23:00:00,23,18,0,1,17,0,0,10,3,1,4,1,11.1,152.5,3.0,7.21,45.0,0.5092592592592593,135.68230680173662,5.612941131145014,0.45,1.3869625520110958,3.055555555555556
2022-07-24 00:00:00,0,19,0,1,18,0,0,8,4,1,5,1,12.1,144.0,3.0,7.21,47.5,0.5523809523809524,156.86730680173662,4.837108548069202,0.475,1.1095700416088763,3.0526315789473686
2022-07-24 01:00:00,1,17,0,1,16,0,0,5,3,1,4,1,13.1,235.0,3.0,7.21,42.5,0.4814814814814814,144.8173068017366,3.421236844252264,0.425,0.6934812760055479,3.0588235294117645
2022-07-24 02:00:00,2,12,0,1,10,1,0,1,3,1,4,1,14.1,295.0,3.0,7.21,30.0,0.3333333333333333,139.7323068017366,1.3160887656033289,0.3,0.1386962552011095,3.0
2022-07-24 03:00:00,3,12,0,1,11,0,0,3,3,1,4,1,15.1,355.0,3.0,7.21,30.0,0.3425925925925926,145.3723068017366,2.207940360610264,0.3,0.4160887656033287,3.083333333333333
2022-07-24 04:00:00,4,12,0,1,11,0,0,3,3,1,4,1,16.1,415.0,3.0,7.21,30.0,0.3425925925925926,151.0123068017366,2.207940360610264,0.3,0.4160887656033287,3.083333333333333
2022-07-24 05:00:00,5,10,0,1,9,0,0,1,3,0,3,0,17.1,369.0,3.0,7.21,25.0,0.2792792792792792,138.094,1.2049583911234396,0.25,0.1386962552011095,3.1
2022-07-24 06:00:00,6,12,0,1,11,0,0,3,4,0,4,0,18.1,400.0,3.0,7.21,30.0,0.3425925925925926,161.424,2.207940360610264,0.3,0.4160887656033287,3.083333333333333
2022-07-24 07:00:00,7,13,0,1,12,0,0,2,5,0,5,0,19.1,431.0,3.0,7.21,32.5,0.3809523809523809,182.609,1.853515416622213,0.325,0.2773925104022191,3.076923076923077
2022-07-24 08:00:00,8,10,0,1,8,1,0,3,5,0,5,0,20.1,491.0,3.0,8.39,25.0,0.2857142857142857,181.814,1.822705601907032,0.25,0.3575685339690107,3.0
2022-07-24 09:00:00,9,13,1,2,8,2,0,8,4,1,5,1,21.1,126.0,3.0,8.39,32.5,0.3904761904761905,194.7573068017366,4.032243054918859,0.325,0.9535160905840284,3.1538461538461537
2022-07-24 10:00:00,10,20,2,2,14,2,0,11,7,0,7,0,22.1,67.0,4.0,11.73,50.0,0.4848484848484848,241.344,4.600852514919011,0.5,0.9377664109121908,3.2
2022-07-24 11:00:00,11,18,3,1,11,3,0,10,9,1,10,1,23.1,85.5,4.0,11.73,45.0,0.4833333333333333,283.7623068017366,4.196992516813489,0.45,0.8525149190110827,3.2222222222222223
2022-07-24 12:00:00,12,20,3,2,13,2,0,8,12,1,13,1,24.1,115.0,4.0,11.73,50.0,0.6111111111111112,333.8923068017366,3.900639386189258,0.5,0.6820119352088662,3.3
2022-07-24 13:00:00,13,23,2,3,14,4,0,8,16,0,16,0,25.1,114.5,4.0,11.73,57.49999999999999,0.75,385.299,3.934993884132103,0.575,0.6820119352088662,3.130434782608696
2022-07-24 14:00:00,14,22,1,4,16,1,0,8,16,0,16,0,26.1,125.5,4.0,11.73,55.00000000000001,0.7395833333333334,388.794,3.976038518174069,0.55,0.6820119352088662,3.227272727272727
2022-07-24 15:00:00,15,21,2,3,15,1,0,10,15,0,15,0,27.1,165.0,4.0,11.73,52.5,0.69,378.889,4.526120448179271,0.525,0.8525149190110827,3.2857142857142856
2022-07-24 16:00:00,16,21,2,5,12,2,0,8,11,1,12,1,28.1,142.5,4.0,11.73,52.5,0.625,345.19730680173666,4.023373117362888,0.525,0.6820119352088662,3.333333333333333
2022-07-24 17:00:00,17,24,2,5,16,1,0,8,11,2,13,2,29.1,198.0,4.0,11.73,60.0,0.7407407407407407,371.5406136034733,4.273373117362888,0.6,0.6820119352088662,3.333333333333333
2022-07-24 18:00:00,18,25,2,6,16,1,0,6,11,3,14,3,30.1,239.0,4.0,11.73,62.5,0.8076923076923077,393.5939204052098,3.818670076726342,0.625,0.5115089514066496,3.36
2022-07-24 19:00:00,19,19,0,4,14,1,0,9,8,2,10,2,31.1,132.0,4.0,11.73,47.5,0.5,331.89561360347324,3.9229371382420246,0.475,0.7672634271099744,3.1578947368421053
2022-07-24 20:00:00,20,24,0,5,16,2,1,9,10,2,12,2,32.1,95.5,4.0,10.0,60.0,0.6517857142857143,375.06061360347326,4.5625,0.6,0.9,3.0416666666666665
2022-07-24 21:00:00,21,28,0,7,18,1,2,12,10,2,12,2,33.1,121.0,4.0,10.0,70.0,0.7678571428571429,389.2806136034732,5.835714285714285,0.7,1.2,3.071428571428572
2022-07-24 22:00:00,22,29,0,8,18,1,1,6,12,2,14,2,34.1,143.5,3.0,6.66,72.5,1.141025641025641,423.8656136034732,4.989833799316558,0.725,0.9009009009009008,3.0689655172413794
2022-07-24 23:00:00,23,26,0,8,15,2,1,7,11,1,12,1,35.1,133.0,3.0,6.66,65.0,0.9761904761904762,395.40230680173664,5.364853314853314,0.65,1.0510510510510511,3.1538461538461537
2022-07-25 00:00:00,0,20,0,7,11,1,1,5,11,1,12,1,36.1,193.0,3.0,6.66,50.0,0.7619047619047619,388.1723068017366,4.002402402402402,0.5,0.7507507507507507,3.2
2022-07-25 01:00:00,1,22,0,7,13,1,1,6,12,0,12,0,37.1,221.5,3.0,6.66,55.00000000000001,0.8333333333333334,397.234,4.6165028665028665,0.55,0.9009009009009008,3.1818181818181817
2022-07-25 02:00:00,2,23,0,7,14,1,1,5,12,0,12,0,38.1,281.5,3.0,6.66,57.49999999999999,0.8690476190476191,405.019,4.207817600208904,0.575,0.7507507507507507,3.1739130434782608
2022-07-25 03:00:00,3,25,0,7,14,3,1,6,12,0,12,0,39.1,341.5,3.0,6.66,62.5,0.9166666666666666,414.949,4.699774774774776,0.625,0.9009009009009008,3.08
2022-07-25 04:00:00,4,23,0,7,13,2,1,2,12,0,12,0,40.1,401.5,3.0,6.66,57.49999999999999,0.8571428571428571,416.299,2.7400705052878966,0.575,0.3003003003003003,3.130434782608696
2022-07-25 05:00:00,5,22,0,7,13,1,1,3,12,1,13,1,41.1,451.0,3.0,6.66,55.00000000000001,0.8641975308641975,434.0623068017367,3.183251433251433,0.55,0.4504504504504504,3.1818181818181817
2022-07-25 06:00:00,6,23,0,7,14,1,1,2,12,1,13,1,42.1,511.0,3.0,6.66,57.49999999999999,0.9012345679012346,441.84730680173664,2.7781270400835614,0.575,0.3003003003003003,3.1739130434782608
2022-07-25 07:00:00,7,24,1,7,14,1,1,3,13,1,14,1,43.1,561.0,3.0,6.66,60.0,1.0,463.0323068017366,3.413963963963964,0.6,0.4504504504504504,3.25
2022-07-25 08:00:00,8,27,1,8,14,3,1,7,16,1,17,1,44.1,581.0,3.0,6.13,67.5,1.2463768115942029,515.3073068017366,5.787242462691077,0.675,1.1419249592169658,3.185185185185185
2022-07-25 09:00:00,9,28,1,7,15,5,0,8,15,1,16,1,45.1,638.5,3.0,6.13,70.0,1.2222222222222223,509.6923068017367,6.301608016779305,0.7,1.3050570962479608,3.142857142857143
2022-07-25 10:00:00,10,31,1,7,19,4,0,13,14,1,15,1,46.1,696.0,4.0,10.0,77.5,0.98,508.3673068017366,6.559677419354839,0.775,1.3,3.161290322580645
2022-07-25 11:00:00,11,30,1,7,17,5,0,7,13,0,13,0,47.1,571.0,4.0,10.0,75.0,0.8703703703703703,484.194,4.543333333333333,0.75,0.7,3.1333333333333333
2022-07-25 12:00:00,12,35,1,9,21,4,0,14,13,0,13,0,48.1,269.0,4.0,10.0,87.5,1.037037037037037,500.559,7.28,0.875,1.4,3.2
2022-07-25 13:00:00,13,33,0,11,20,2,0,5,16,0,16,0,49.1,260.5,4.0,10.0,82.5,1.125,542.1089999999999,4.336363636363637,0.825,0.5,3.272727272727273
2022-07-25 14:00:00,14,30,0,10,18,2,0,9,12,1,13,1,17.083333333333332,225.0,4.0,10.0,75.0,0.9074074074074074,315.76830680173657,5.39,0.75,0.9,3.2666666666666666
2022-07-25 15:00:00,15,28,0,8,19,1,0,6,9,2,11,2,16.683333333333334,153.0,4.0,10.0,70.0,0.7844827586206896,283.2906136034732,4.225,0.7,0.6,3.25
2022-07-25 16:00:00,16,30,1,8,19,2,0,11,11,3,14,3,17.683333333333334,74.0,4.0,10.0,75.0,0.9423076923076924,334.2889204052098,6.043333333333334,0.75,1.1,3.2666666666666666
2022-07-25 17:00:00,17,30,1,7,19,2,1,12,9,3,12,3,8.533333333333333,118.0,4.0,10.0,75.0,0.8482142857142857,255.88292040520983,6.175,0.75,1.2,3.1666666666666665
2022-07-25 18:00:00,18,30,2,8,19,1,0,11,9,2,11,2,9.533333333333331,167.0,4.0,10.0,75.0,0.8706896551724138,247.2546136034732,6.2283333333333335,0.75,1.1,3.3666666666666667
2022-07-25 19:00:00,19,27,2,5,18,2,0,8,9,1,10,1,10.533333333333331,168.0,4.0,10.0,67.5,0.7333333333333333,232.1913068017366,4.807407407407408,0.675,0.8,3.259259259259259
2022-07-25 20:00:00,20,28,2,7,16,3,0,12,13,2,15,2,11.533333333333331,156.0,4.0,10.5,70.0,0.92,307.84461360347325,6.055102040816326,0.7,1.1428571428571428,3.2857142857142856
2022-07-25 21:00:00,21,21,2,5,12,2,0,6,10,2,12,2,12.533333333333331,112.0,4.0,10.5,52.5,0.625,258.26961360347326,3.654761904761905,0.525,0.5714285714285714,3.333333333333333
2022-07-25 22:00:00,22,24,1,5,17,1,0,14,8,3,11,3,9.2,113.0,3.0,6.63,60.0,0.896551724137931,233.3729204052098,8.812745098039215,0.6,2.1116138763197587,3.25
2022-07-25 23:00:00,23,20,1,5,12,1,1,6,8,3,11,3,10.2,117.0,3.0,6.63,50.0,0.735632183908046,230.43292040520984,4.495927601809955,0.5,0.9049773755656108,3.2
2022-07-26 00:00:00,0,25,1,6,16,1,1,12,8,3,11,3,11.2,177.0,3.0,6.63,62.5,0.9195402298850576,246.79792040520985,7.791855203619909,0.625,1.8099547511312215,3.2
2022-07-26 01:00:00,1,22,0,6,15,1,0,2,8,2,10,2,12.2,231.5,3.0,6.63,55.00000000000001,0.7888888888888889,231.73461360347324,2.7485362676539147,0.55,0.3016591251885369,3.227272727272727
2022-07-26 02:00:00,2,17,0,5,12,0,0,2,9,2,11,2,10.95,286.0,3.0,6.63,42.5,0.6436781609195402,227.35961360347324,2.393700647679886,0.425,0.3016591251885369,3.294117647058824
2022-07-26 03:00:00,3,17,0,6,11,0,0,2,9,2,11,2,11.95,346.0,3.0,6.63,42.5,0.6551724137931034,232.9996136034732,2.436445302102741,0.425,0.3016591251885369,3.3529411764705883
2022-07-26 04:00:00,4,16,0,5,11,0,0,4,9,2,11,2,12.95,379.0,3.0,6.63,40.0,0.6091954022988506,236.49461360347323,3.323491704374057,0.4,0.6033182503770739,3.3125
2022-07-26 05:00:00,5,16,0,5,11,0,0,3,10,2,12,2,13.95,342.5,3.0,6.63,40.0,0.6309523809523809,255.53461360347325,2.823868778280543,0.4,0.4524886877828054,3.3125
2022-07-26 06:00:00,6,15,0,5,10,0,0,3,10,2,12,2,14.95,402.5,3.0,6.63,37.5,0.5952380952380952,259.02961360347325,2.7582956259426847,0.375,0.4524886877828054,3.333333333333333
2022-07-26 07:00:00,7,19,0,5,13,1,0,5,11,2,13,2,15.95,429.0,3.0,6.63,47.5,0.7530864197530864,286.6496136034732,3.946211399539573,0.475,0.7541478129713424,3.210526315789474
2022-07-26 08:00:00,8,23,0,5,18,0,0,6,11,2,13,2,16.95,489.0,3.0,6.43,57.49999999999999,0.9135802469135802,300.8696136034732,4.852231388193928,0.575,0.9331259720062208,3.217391304347826
2022-07-26 09:00:00,9,18,0,3,12,0,3,5,6,1,7,1,16.716666666666665,549.0,3.0,6.43,45.0,0.5151515151515151,207.5603068017366,3.478214100570244,0.45,0.7776049766718507,2.833333333333333
2022-07-26 10:00:00,10,22,0,2,17,3,0,11,6,1,7,1,17.716666666666665,211.0,4.0,9.77,55.00000000000001,0.4924242424242424,221.78030680173657,4.951509723643808,0.55,1.1258955987717505,2.9545454545454546
2022-07-26 11:00:00,11,27,0,2,22,3,0,10,6,1,7,1,15.983333333333333,154.0,4.0,9.77,67.5,0.6060606060606061,222.7293068017366,5.032715417567004,0.675,1.0235414534288638,2.962962962962963
2022-07-26 12:00:00,12,36,0,4,28,4,0,15,12,1,13,1,16.983333333333334,52.0,4.0,9.77,90.0,1.0,328.0743068017366,7.305936540429888,0.9,1.5353121801432958,3.0
2022-07-26 13:00:00,13,42,1,7,30,4,0,13,16,1,17,1,17.983333333333334,101.0,4.0,9.77,105.0,1.423913043478261,400.1843068017366,7.42521689330799,1.05,1.3306038894575232,3.119047619047619
2022-07-26 14:00:00,14,38,2,6,27,3,0,9,16,2,18,2,18.98333333333333,140.0,4.0,9.77,95.0,1.375,411.51261360347326,5.958254323115876,0.95,0.9211873080859776,3.1842105263157894
2022-07-26 15:00:00,15,35,2,7,20,6,0,10,10,2,12,2,5.35,158.0,4.0,9.77,87.5,0.9821428571428572,247.7856136034732,5.966844567919286,0.875,1.0235414534288638,3.142857142857143
2022-07-26 16:00:00,16,37,1,9,23,4,0,13,13,2,15,2,6.35,160.0,4.0,9.77,92.5,1.18,297.9156136034732,7.19354753935102,0.925,1.3306038894575232,3.189189189189189
2022-07-26 17:00:00,17,31,1,9,19,1,1,5,14,2,16,2,7.35,167.0,4.0,9.77,77.5,1.0520833333333333,304.08561360347323,4.192382045101859,0.775,0.5117707267144319,3.2580645161290325
2022-07-26 18:00:00,18,29,1,9,18,1,0,6,14,2,16,2,7.383333333333334,227.0,4.0,9.77,72.5,1.0104166666666667,299.9836136034732,4.479141813433099,0.725,0.6141248720573184,3.3448275862068964
2022-07-26 19:00:00,19,30,0,8,19,3,0,13,12,2,14,2,8.383333333333333,193.0,4.0,9.77,75.0,0.9134615384615384,280.9686136034732,6.588578983282156,0.75,1.3306038894575232,3.1666666666666665
2022-07-26 20:00:00,20,33,0,8,23,1,1,14,12,1,13,1,8.5,240.0,4.0,10.77,82.5,0.9629629629629628,273.7933068017366,6.696677077178469,0.825,1.2999071494893222,3.1515151515151514
2022-07-26 21:00:00,21,36,1,7,27,0,1,13,14,1,15,1,9.5,170.0,4.0,10.77,90.0,1.15,312.6683068017366,6.730875373981224,0.9,1.2070566388115136,3.1944444444444446
2022-07-26 22:00:00,22,36,1,5,26,1,3,16,12,1,13,1,9.266666666666667,124.0,3.0,7.43,90.0,1.3333333333333333,284.5523068017366,9.160296096904442,0.9,2.1534320323014806,3.0
2022-07-26 23:00:00,23,38,2,5,27,1,3,17,10,2,12,2,10.266666666666667,145.5,3.0,7.43,95.0,1.380952380952381,281.95061360347324,9.884486788977828,0.95,2.288021534320323,3.0526315789473686
2022-07-27 00:00:00,0,30,3,5,20,0,2,8,11,3,14,3,11.266666666666667,175.0,3.0,7.43,75.0,1.2435897435897436,298.0989204052098,5.906381785554061,0.75,1.0767160161507403,3.2333333333333334
2022-07-27 01:00:00,1,29,4,5,19,0,1,5,10,3,13,3,12.266666666666667,251.0,3.0,7.43,72.5,1.2098765432098766,288.19392040520984,4.72409848238734,0.725,0.6729475100942127,3.3793103448275863
2022-07-27 02:00:00,2,26,1,5,19,0,1,4,9,0,9,0,13.266666666666667,361.0,3.0,7.43,65.0,0.8924731182795699,231.194,3.793604410394451,0.65,0.5383580080753702,3.1923076923076925
2022-07-27 03:00:00,3,19,1,4,13,0,1,2,8,0,8,0,14.266666666666667,410.5,3.0,7.43,47.5,0.6354166666666666,208.419,2.389206276120989,0.475,0.2691790040376851,3.210526315789474
2022-07-27 04:00:00,4,19,1,4,13,0,1,3,8,0,8,0,15.266666666666667,470.5,3.0,7.43,47.5,0.6354166666666666,214.059,2.821309414181484,0.475,0.4037685060565276,3.210526315789474
2022-07-27 05:00:00,5,21,1,4,15,0,1,3,9,0,9,0,16.266666666666666,520.0,3.0,7.43,52.5,0.7204301075268817,237.389,2.963213805037493,0.525,0.4037685060565276,3.1904761904761907
2022-07-27 06:00:00,6,21,1,4,15,0,1,2,9,0,9,0,17.266666666666666,580.0,3.0,7.43,52.5,0.7204301075268817,243.029,2.5338092033583286,0.525,0.2691790040376851,3.1904761904761907
2022-07-27 07:00:00,7,21,2,4,14,0,1,2,9,1,10,1,18.266666666666666,625.5,3.0,7.43,52.5,0.7666666666666667,262.9373068017366,2.609445298980965,0.525,0.2691790040376851,3.2857142857142856
2022-07-27 08:00:00,8,28,2,5,19,1,1,7,9,2,11,2,19.266666666666666,671.0,3.0,6.38,70.0,1.0344827586206895,297.8606136034732,5.776645768025079,0.7,1.09717868338558,3.2142857142857144
2022-07-27 09:00:00,9,22,1,4,17,0,0,5,8,0,8,0,20.266666666666666,745.5,3.0,6.38,55.00000000000001,0.75,248.694,4.364833285836421,0.55,0.7836990595611285,3.272727272727273
2022-07-27 10:00:00,10,26,2,7,17,0,0,9,10,0,10,0,21.266666666666666,775.0,4.0,10.08,65.0,0.7416666666666667,289.714,5.281318681318681,0.65,0.8928571428571429,3.423076923076923
2022-07-27 11:00:00,11,22,2,4,15,1,0,7,8,1,9,1,19.25,819.0,4.0,10.08,55.00000000000001,0.5887096774193549,257.2283068017366,4.129292929292929,0.55,0.6944444444444444,3.3181818181818183
2022-07-27 12:00:00,12,28,2,8,18,0,0,12,10,2,12,2,20.25,153.0,4.0,10.08,70.0,0.8571428571428571,316.80661360347324,6.481632653061224,0.7,1.1904761904761905,3.4285714285714284
2022-07-27 13:00:00,13,27,1,8,18,0,0,2,9,2,11,2,21.25,192.0,4.0,10.08,67.5,0.7844827586206896,306.90161360347327,2.943724279835391,0.675,0.1984126984126984,3.3703703703703702
2022-07-27 14:00:00,14,27,1,7,19,0,0,9,10,2,12,2,21.35,176.0,4.0,10.08,67.5,0.8035714285714286,320.8656136034732,5.226190476190477,0.675,0.8928571428571429,3.333333333333333
2022-07-27 15:00:00,15,25,0,5,19,1,0,10,10,2,12,2,22.35,110.0,4.0,10.08,62.5,0.7053571428571429,322.21561360347323,5.109920634920635,0.625,0.992063492063492,3.16
2022-07-27 16:00:00,16,23,0,5,18,0,0,9,9,1,10,1,23.35,147.5,4.0,10.08,57.49999999999999,0.6166666666666667,295.8973068017366,4.722670807453417,0.575,0.8928571428571429,3.217391304347826
2022-07-27 17:00:00,17,21,0,6,15,0,0,8,10,0,10,0,24.35,179.0,4.0,10.08,52.5,0.575,296.379,4.332709750566893,0.525,0.7936507936507936,3.2857142857142856
2022-07-27 18:00:00,18,29,2,10,17,0,0,13,13,0,13,0,25.35,159.0,4.0,10.08,72.5,0.9351851851851852,359.379,7.0166529830322935,0.725,1.2896825396825398,3.4827586206896552
2022-07-27 19:00:00,19,34,2,12,20,0,0,10,15,0,15,0,26.35,117.0,4.0,10.08,85.0,1.18,402.544,6.393043884220355,0.85,0.992063492063492,3.4705882352941178
2022-07-27 20:00:00,20,34,2,10,22,0,0,9,11,0,11,0,6.283333333333333,174.0,4.0,10.99,85.0,1.0,235.768,5.693983835572445,0.85,0.818926296633303,3.411764705882353
2022-07-27 21:00:00,21,40,2,9,28,0,1,10,12,0,12,0,7.283333333333333,178.5,4.0,10.99,100.0,1.1696428571428572,267.678,6.254981801637852,1.0,0.9099181073703366,3.275
2022-07-27 22:00:00,22,33,1,9,22,1,0,10,7,1,8,1,7.3,96.0,3.0,7.29,82.5,1.1354166666666667,200.0253068017366,7.255905765473667,0.825,1.3717421124828533,3.303030303030303
2022-07-27 23:00:00,23,27,1,7,19,0,0,7,7,1,8,1,8.3,156.0,3.0,7.29,67.5,0.9375,192.7953068017366,5.450731595793325,0.675,0.9602194787379972,3.333333333333333
2022-07-28 00:00:00,0,20,1,5,13,1,0,5,4,1,5,1,9.3,210.0,3.0,7.29,50.0,0.6285714285714286,143.22030680173663,3.913374485596708,0.5,0.6858710562414266,3.3
2022-07-28 01:00:00,1,18,1,3,14,0,0,4,6,1,7,1,10.3,234.0,3.0,7.29,45.0,0.5959595959595959,171.3703068017366,3.2735063252552963,0.45,0.5486968449931413,3.2777777777777777
2022-07-28 02:00:00,2,19,1,2,16,0,0,3,8,0,8,0,11.3,156.5,3.0,7.29,47.5,0.6354166666666666,191.687,2.8462042451808536,0.475,0.411522633744856,3.210526315789474
2022-07-28 03:00:00,3,18,1,2,15,0,0,3,7,0,7,0,12.3,178.0,3.0,7.29,45.0,0.5858585858585859,181.782,2.776017375400092,0.45,0.411522633744856,3.2222222222222223
2022-07-28 04:00:00,4,19,1,3,15,0,0,4,7,0,7,0,13.3,238.0,3.0,7.29,47.5,0.6262626262626263,189.567,3.3404844415565664,0.475,0.5486968449931413,3.263157894736842
2022-07-28 05:00:00,5,21,1,3,17,0,0,2,7,0,7,0,14.3,298.0,3.0,7.29,52.5,0.6868686868686869,199.497,2.588366320465086,0.525,0.2743484224965706,3.238095238095238
2022-07-28 06:00:00,6,20,1,3,16,0,0,5,8,0,8,0,15.3,357.0,3.0,7.29,50.0,0.6770833333333334,216.392,3.854080932784637,0.5,0.6858710562414266,3.25
2022-07-28 07:00:00,7,21,1,3,16,1,0,3,10,0,10,0,16.3,387.5,3.0,7.29,52.5,0.7444444444444445,250.97700000000003,2.987953164805017,0.525,0.411522633744856,3.1904761904761907
2022-07-28 08:00:00,8,26,1,3,21,1,0,8,12,0,12,0,17.3,418.0,3.0,7.76,65.0,0.9761904761904762,294.14200000000005,5.301387787470262,0.65,1.0309278350515465,3.1538461538461537
2022-07-28 09:00:00,9,27,1,3,22,1,0,6,10,0,10,0,18.3,344.5,3.0,7.76,67.5,0.9444444444444444,275.127,4.55913516609393,0.675,0.7731958762886598,3.1481481481481484
2022-07-28 10:00:00,10,23,0,4,19,0,0,5,9,1,10,1,19.3,404.5,4.0,11.01,57.49999999999999,0.6083333333333333,273.0553068017366,3.266377403941081,0.575,0.4541326067211625,3.1739130434782608
2022-07-28 11:00:00,11,25,0,4,21,0,0,8,9,2,11,2,20.3,272.0,4.0,11.01,62.5,0.6810344827586207,297.25361360347324,4.271094459582199,0.625,0.7266121707538601,3.16
2022-07-28 12:00:00,12,31,0,5,26,0,0,10,13,2,15,2,21.3,72.0,4.0,11.01,77.5,0.98,369.36361360347325,5.321290029591866,0.775,0.9082652134423252,3.161290322580645
2022-07-28 13:00:00,13,30,0,6,24,0,0,4,14,1,15,1,22.3,127.0,4.0,11.01,75.0,0.96,371.9903068017366,3.5625794732061764,0.75,0.36330608537693,3.2
2022-07-28 14:00:00,14,30,0,5,25,0,0,7,13,2,15,2,18.216666666666665,168.0,4.0,11.01,75.0,0.95,349.8286136034732,4.388321223130488,0.75,0.6357856494096277,3.1666666666666665
2022-07-28 15:00:00,15,26,0,5,21,0,0,4,11,2,13,2,19.216666666666665,205.0,4.0,11.01,65.0,0.7685185185185185,320.0886136034732,3.234784811010969,0.65,0.36330608537693,3.1923076923076925
2022-07-28 16:00:00,16,23,0,5,18,0,0,4,10,2,12,2,19.5,240.0,4.0,11.01,57.49999999999999,0.6607142857142857,301.8516136034732,3.018897839908384,0.575,0.36330608537693,3.217391304347826
2022-07-28 17:00:00,17,23,0,4,19,0,0,6,12,1,13,1,20.5,275.0,4.0,11.01,57.49999999999999,0.6759259259259259,320.0233068017366,3.5546528847292973,0.575,0.5449591280653951,3.1739130434782608
2022-07-28 18:00:00,18,26,0,5,20,1,0,9,15,0,15,0,21.5,315.0,4.0,11.01,65.0,0.82,358.03,4.6280758750786,0.65,0.8174386920980926,3.1538461538461537
2022-07-28 19:00:00,19,23,0,5,17,1,0,7,12,0,12,0,20.25,141.0,4.0,11.01,57.49999999999999,0.6517857142857143,304.345,3.8429283655175137,0.575,0.6357856494096277,3.1739130434782608
2022-07-28 20:00:00,20,28,0,5,20,2,1,9,12,0,12,0,21.25,150.5,4.0,11.43,70.0,0.7589285714285714,320.71000000000004,4.515326209223847,0.7,0.7874015748031497,3.0357142857142856
2022-07-28 21:00:00,21,33,0,6,23,2,2,11,14,0,14,0,22.25,161.0,4.0,11.43,82.5,0.9519230769230768,363.875,5.362139107611548,0.825,0.9623797025371827,3.0
2022-07-28 22:00:00,22,31,0,5,23,2,1,11,13,0,13,0,23.25,144.0,3.0,8.18,77.5,1.160493827160494,351.82500000000005,6.427608644214844,0.775,1.344743276283619,3.032258064516129
2022-07-28 23:00:00,23,32,2,6,22,2,0,11,10,0,10,0,24.25,243.5,3.0,8.18,80.0,1.1555555555555554,319.41,6.970415647921761,0.8,1.344743276283619,3.25
2022-07-29 00:00:00,0,28,2,4,19,2,1,5,9,0,9,0,25.25,269.0,3.0,8.18,70.0,0.946236559139785,303.07,4.121061823262312,0.7,0.6112469437652812,3.142857142857143
2022-07-29 01:00:00,1,24,1,3,19,1,0,4,8,0,8,0,26.25,322.0,3.0,8.18,60.0,0.7916666666666666,286.73,3.4484922575387125,0.6,0.4889975550122249,3.1666666666666665
2022-07-29 02:00:00,2,22,1,4,16,1,0,4,9,0,9,0,27.25,375.0,3.0,8.18,55.00000000000001,0.7634408602150538,301.48,3.3531284729939985,0.55,0.4889975550122249,3.227272727272727
2022-07-29 03:00:00,3,18,1,4,12,1,0,1,9,0,9,0,28.25,435.0,3.0,8.18,45.0,0.6344086021505376,298.54,1.875706329801684,0.45,0.1222493887530562,3.2777777777777777
2022-07-29 04:00:00,4,20,1,5,13,1,0,2,10,0,10,0,29.25,480.5,3.0,8.18,50.0,0.7333333333333333,321.87,2.456845965770171,0.5,0.2444987775061124,3.3
2022-07-29 05:00:00,5,19,1,5,12,1,0,1,10,0,10,0,30.25,540.5,3.0,8.18,47.5,0.7,325.365,1.980353236391713,0.475,0.1222493887530562,3.3157894736842106
2022-07-29 06:00:00,6,17,1,5,10,1,0,2,9,0,9,0,31.25,615.0,3.0,8.18,42.5,0.6129032258064516,313.315,2.244790018696966,0.425,0.2444987775061124,3.3529411764705883
2022-07-29 07:00:00,7,18,1,4,12,1,0,5,10,0,10,0,32.25,660.5,3.0,8.18,45.0,0.6555555555555556,334.5,3.478531649008421,0.45,0.6112469437652812,3.2777777777777777
2022-07-29 08:00:00,8,18,1,3,13,1,0,3,11,0,11,0,33.25,706.0,3.0,7.76,45.0,0.6666666666666666,353.54,2.695704467353952,0.45,0.3865979381443299,3.2222222222222223
2022-07-29 09:00:00,9,22,1,5,16,0,0,6,13,0,13,0,34.25,697.0,3.0,7.76,55.00000000000001,0.9012345679012346,394.56,4.390604498594191,0.55,0.7731958762886598,3.3181818181818183
2022-07-29 10:00:00,10,24,1,8,15,0,0,8,13,2,15,2,35.25,143.0,4.0,11.01,60.0,0.82,433.0266136034732,4.532591583409022,0.6,0.7266121707538601,3.4166666666666665
2022-07-29 11:00:00,11,27,1,8,18,0,0,6,15,2,17,2,36.25,122.0,4.0,11.01,67.5,0.9891304347826086,471.9016136034732,4.11171409829448,0.675,0.5449591280653951,3.3703703703703702
2022-07-29 12:00:00,12,30,2,8,20,0,0,7,20,2,22,2,37.25,165.0,4.0,11.01,75.0,1.4166666666666667,550.9766136034732,4.711671207992734,0.75,0.6357856494096277,3.4
2022-07-29 13:00:00,13,36,2,11,23,0,0,11,23,1,24,1,38.25,133.5,4.0,11.01,90.0,1.921875,595.4183068017367,6.4885634271874055,0.9,0.9990917347865576,3.4166666666666665
2022-07-29 14:00:00,14,35,2,12,21,0,0,7,25,1,26,1,39.25,160.5,4.0,11.01,87.5,2.1607142857142856,625.7133068017366,5.223001816530427,0.875,0.6357856494096277,3.4571428571428573
2022-07-29 15:00:00,15,30,2,11,16,1,0,7,19,1,20,1,17.0,203.0,4.0,11.01,75.0,1.3,409.0983068017366,4.8040569179533765,0.75,0.6357856494096277,3.466666666666667
2022-07-29 16:00:00,16,27,1,6,20,0,0,11,15,1,16,1,7.716666666666667,158.5,4.0,11.01,67.5,0.9270833333333334,296.70530680173664,5.518302385037171,0.675,0.9990917347865576,3.2962962962962963
2022-07-29 17:00:00,17,30,1,6,22,1,0,8,16,1,17,1,6.966666666666667,202.0,4.0,11.01,75.0,1.0543478260869563,312.3103068017366,4.774379352104148,0.75,0.7266121707538601,3.2333333333333334
2022-07-29 18:00:00,18,26,1,7,18,0,0,4,16,1,17,1,7.966666666666667,262.0,4.0,11.01,65.0,0.9456521739130436,309.37030680173666,3.390678054915112,0.65,0.36330608537693,3.3461538461538463
2022-07-29 19:00:00,19,26,1,6,18,1,0,12,14,1,15,1,7.183333333333334,189.0,4.0,11.01,65.0,0.85,278.15230680173664,5.688194298889122,0.65,1.0899182561307903,3.269230769230769
2022-07-29 20:00:00,20,23,0,4,17,1,1,4,13,1,14,1,8.033333333333333,204.5,4.0,10.26,57.49999999999999,0.6730769230769231,263.1113068017366,2.936541232307823,0.575,0.3898635477582846,3.0434782608695654
2022-07-29 21:00:00,21,26,0,5,17,2,2,10,14,2,16,2,9.033333333333331,151.5,4.0,10.26,65.0,0.8020833333333334,302.85461360347324,4.811489728594992,0.65,0.9746588693957116,2.9615384615384617
2022-07-29 22:00:00,22,22,0,2,18,2,0,5,13,1,14,1,10.033333333333331,202.5,3.0,7.01,55.00000000000001,0.8461538461538461,272.24630680173664,3.789800285306705,0.55,0.7132667617689016,3.0
2022-07-29 23:00:00,23,12,0,2,10,0,0,6,8,1,9,1,11.033333333333331,264.0,3.0,7.01,30.0,0.4086021505376344,189.43630680173663,3.6604136947218255,0.3,0.8559201141226819,3.1666666666666665
2022-07-30 00:00:00,0,12,0,2,10,0,0,3,9,1,10,1,12.033333333333331,269.0,3.0,7.01,30.0,0.4222222222222222,208.4763068017366,2.3052068473609126,0.3,0.4279600570613409,3.1666666666666665
2022-07-30 01:00:00,1,15,0,3,12,0,0,5,9,1,10,1,13.033333333333331,329.0,3.0,7.01,37.5,0.5333333333333333,220.5513068017366,3.4824536376604858,0.375,0.7132667617689016,3.2
2022-07-30 02:00:00,2,17,0,3,13,1,0,5,11,1,12,1,14.033333333333331,303.0,3.0,7.01,42.5,0.6309523809523809,257.2813068017366,3.5487140219853988,0.425,0.7132667617689016,3.117647058823529
2022-07-30 03:00:00,3,13,0,3,10,0,0,0,11,0,11,0,15.033333333333331,383.0,3.0,7.01,32.5,0.4827586206896552,240.073,1.05,0.325,0.0,3.230769230769231
2022-07-30 04:00:00,4,13,0,3,10,0,0,2,12,0,12,0,16.033333333333335,423.0,3.0,7.01,32.5,0.5,259.113,1.97176012290135,0.325,0.2853067047075606,3.230769230769231
2022-07-30 05:00:00,5,15,0,3,12,0,0,2,12,0,12,0,17.033333333333335,483.0,3.0,7.01,37.5,0.5714285714285714,269.043,2.112981455064194,0.375,0.2853067047075606,3.2
2022-07-30 06:00:00,6,17,0,4,13,0,0,2,14,0,14,0,18.03333333333333,454.5,3.0,7.01,42.5,0.7051282051282052,305.773,2.298051103465637,0.425,0.2853067047075606,3.235294117647059
2022-07-30 07:00:00,7,16,0,3,13,0,0,1,14,0,14,0,19.03333333333333,514.5,3.0,7.01,40.0,0.6538461538461539,309.268,1.7297075606276748,0.4,0.1426533523537803,3.1875
2022-07-30 08:00:00,8,18,0,3,15,0,0,4,14,0,14,0,20.03333333333333,574.5,3.0,6.63,45.0,0.7307692307692307,319.198,3.335507792860734,0.45,0.6033182503770739,3.1666666666666665
2022-07-30 09:00:00,9,17,0,3,14,0,0,6,12,0,12,0,21.03333333333333,284.5,3.0,6.63,42.5,0.6428571428571429,295.89300000000003,4.224634016502528,0.425,0.9049773755656108,3.176470588235294
2022-07-30 10:00:00,10,19,0,2,16,1,0,11,11,0,11,0,22.03333333333333,409.0,4.0,10.33,47.5,0.5,292.423,4.70062414021501,0.475,1.0648596321393995,3.0526315789473686
2022-07-30 11:00:00,11,22,0,3,18,1,0,11,11,0,11,0,23.03333333333333,131.0,4.0,10.33,55.00000000000001,0.5862068965517241,304.49800000000005,4.991384317521781,0.55,1.0648596321393995,3.090909090909091
2022-07-30 12:00:00,12,28,0,4,22,1,1,12,11,1,12,1,24.03333333333333,102.0,4.0,10.33,70.0,0.7589285714285714,337.2763068017366,5.651483197344765,0.7,1.1616650532429815,3.0357142857142856
2022-07-30 13:00:00,13,28,2,4,21,1,0,6,12,2,14,2,25.03333333333333,140.0,4.0,10.33,70.0,0.875,370.5846136034732,4.162705711519845,0.7,0.5808325266214908,3.25
2022-07-30 14:00:00,14,24,1,6,16,1,0,6,11,3,14,3,26.03333333333333,194.0,4.0,10.33,60.0,0.7596153846153846,368.5129204052098,3.886907066795741,0.6,0.5808325266214908,3.2916666666666665
2022-07-30 15:00:00,15,21,0,5,15,1,0,5,11,1,12,1,11.816666666666666,193.5,4.0,10.33,52.5,0.5982142857142857,253.35930680173664,3.2192769556999954,0.525,0.484027105517909,3.1904761904761907
2022-07-30 16:00:00,16,15,0,4,11,0,0,7,8,1,9,1,7.183333333333334,174.0,4.0,10.33,37.5,0.3951612903225806,174.15730680173664,3.4386172959019032,0.375,0.6776379477250726,3.2666666666666666
2022-07-30 17:00:00,17,20,0,6,14,0,0,9,6,2,8,2,8.183333333333334,161.0,4.0,10.33,50.0,0.515625,177.9906136034732,4.525121006776379,0.5,0.8712487899322362,3.3
2022-07-30 18:00:00,18,17,1,6,10,0,0,4,6,3,9,3,6.233333333333333,171.0,4.0,10.33,42.5,0.4758064516129032,174.82592040520984,2.818887022379136,0.425,0.3872216844143272,3.4705882352941178
2022-07-30 19:00:00,19,25,2,10,13,0,0,12,7,3,10,3,5.9,115.0,4.0,10.33,62.5,0.7416666666666667,203.50592040520985,6.360527589545014,0.625,1.1616650532429815,3.56
2022-07-30 20:00:00,20,25,2,9,13,1,0,6,6,2,8,2,6.9,150.5,4.0,10.0,62.5,0.6796875,181.47761360347323,4.263,0.625,0.6,3.48
2022-07-30 21:00:00,21,24,1,7,15,1,0,7,6,1,7,1,7.9,224.0,4.0,10.0,60.0,0.6060606060606061,170.7043068017366,4.333333333333333,0.6,0.7,3.333333333333333
2022-07-30 22:00:00,22,21,0,6,14,1,0,4,5,2,7,2,8.9,240.0,3.0,6.3,52.5,0.6868686868686869,170.7776136034732,3.755933484504913,0.525,0.6349206349206349,3.238095238095238
2022-07-30 23:00:00,23,24,0,6,17,1,0,12,5,2,7,2,9.9,145.0,3.0,6.3,60.0,0.7777777777777778,182.85261360347323,8.036111111111111,0.6,1.9047619047619049,3.208333333333333
2022-07-31 00:00:00,0,22,1,6,14,1,0,4,5,2,7,2,10.9,205.0,3.0,6.3,55.00000000000001,0.7373737373737373,184.2026136034732,3.931782106782107,0.55,0.6349206349206349,3.3181818181818183
2022-07-31 01:00:00,1,23,1,5,15,2,0,6,6,2,8,2,11.9,228.0,3.0,6.3,57.49999999999999,0.7708333333333334,205.3876136034732,4.914182194616977,0.575,0.9523809523809524,3.217391304347826
2022-07-31 02:00:00,2,25,1,5,17,2,0,9,6,2,8,2,12.9,288.0,3.0,6.3,62.5,0.8333333333333334,215.31761360347323,6.571428571428573,0.625,1.4285714285714286,3.2
2022-07-31 03:00:00,3,22,0,5,15,2,0,2,7,2,9,2,13.9,311.0,3.0,6.3,55.00000000000001,0.7419354838709677,227.9226136034732,2.720670995670996,0.55,0.3174603174603174,3.136363636363636
2022-07-31 04:00:00,4,18,0,6,11,1,0,4,8,2,10,2,14.9,361.5,3.0,6.3,45.0,0.6555555555555556,238.3826136034733,3.556128747795414,0.45,0.6349206349206349,3.2777777777777777
2022-07-31 05:00:00,5,15,0,6,8,1,0,2,8,2,10,2,15.9,421.5,3.0,6.3,37.5,0.5555555555555556,237.58761360347324,2.308201058201058,0.375,0.3174603174603174,3.333333333333333
2022-07-31 06:00:00,6,17,0,5,10,2,0,4,8,2,10,2,16.9,481.5,3.0,6.3,42.5,0.6,247.5176136034732,3.366806722689076,0.425,0.6349206349206349,3.176470588235294
2022-07-31 07:00:00,7,16,1,5,8,2,0,2,8,3,11,3,17.9,532.0,3.0,6.3,40.0,0.6091954022988506,265.2809204052098,2.3765873015873016,0.4,0.3174603174603174,3.3125
2022-07-31 08:00:00,8,18,1,5,11,1,0,5,8,3,11,3,18.9,592.0,3.0,7.73,45.0,0.6896551724137931,275.21092040520983,3.6561017680034498,0.45,0.6468305304010349,3.333333333333333
2022-07-31 09:00:00,9,22,1,5,13,2,1,10,7,3,10,3,19.9,661.5,3.0,7.73,55.00000000000001,0.7666666666666667,276.0309204052098,5.782391508879218,0.55,1.2936610608020698,3.136363636363636
2022-07-31 10:00:00,10,19,1,5,12,1,0,8,4,3,7,3,20.9,731.0,4.0,10.98,47.5,0.4772727272727273,235.03592040520985,3.9908757549611735,0.475,0.7285974499089253,3.3157894736842106
2022-07-31 11:00:00,11,24,1,4,19,0,0,13,4,3,7,3,21.9,658.0,4.0,10.98,60.0,0.5909090909090909,251.40092040520983,5.797905282331511,0.6,1.1839708561020037,3.25
2022-07-31 12:00:00,12,21,1,2,17,0,1,9,5,3,8,3,19.1,342.5,4.0,10.98,52.5,0.5078125,242.57392040520983,4.162080405932865,0.525,0.819672131147541,3.095238095238096
2022-07-31 13:00:00,13,22,1,2,17,1,1,11,3,3,6,3,20.1,242.5,4.0,10.98,55.00000000000001,0.4926470588235294,223.55892040520985,4.726001821493624,0.55,1.0018214936247722,3.0454545454545454
2022-07-31 14:00:00,14,24,2,4,18,0,0,11,4,5,9,5,21.1,141.0,4.0,10.98,60.0,0.6451612903225806,275.4255340086831,5.339404978749242,0.6,1.0018214936247722,3.333333333333333
2022-07-31 15:00:00,15,18,1,4,12,1,0,9,5,2,7,2,20.716666666666665,67.0,4.0,10.98,45.0,0.4469696969696969,230.9886136034732,4.161703096539162,0.45,0.819672131147541,3.2777777777777777
2022-07-31 16:00:00,16,23,1,5,17,0,0,13,9,2,11,2,21.716666666666665,106.0,4.0,10.98,57.49999999999999,0.6551724137931034,300.95361360347323,5.812251524510969,0.575,1.1839708561020037,3.3043478260869565
2022-07-31 17:00:00,17,20,1,4,15,0,0,9,7,3,10,3,22.716666666666665,170.0,4.0,10.98,50.0,0.55,287.62692040520983,4.354918032786885,0.5,0.819672131147541,3.3
2022-07-31 18:00:00,18,21,1,3,14,3,0,11,7,3,10,3,23.716666666666665,176.0,4.0,10.98,52.5,0.5416666666666666,295.4119204052098,4.725876051695724,0.525,1.0018214936247722,3.095238095238096
2022-07-31 19:00:00,19,18,0,5,12,1,0,9,9,2,11,2,24.716666666666665,160.0,4.0,10.98,45.0,0.5,307.1486136034732,4.091165755919854,0.45,0.819672131147541,3.2222222222222223
2022-07-31 20:00:00,20,21,0,4,16,1,0,12,7,2,9,2,25.716666666666665,220.0,4.0,9.85,52.5,0.532258064516129,292.4236136034732,5.478861493836113,0.525,1.218274111675127,3.142857142857143
2022-07-31 21:00:00,21,22,0,6,15,1,0,7,6,2,8,2,26.716666666666665,226.0,4.0,9.85,55.00000000000001,0.5546875,286.8086136034732,4.068493308721735,0.55,0.7106598984771574,3.227272727272727
2022-07-31 22:00:00,22,17,0,7,10,0,0,12,4,1,5,1,27.716666666666665,232.0,3.0,6.6,42.5,0.5523809523809524,240.65530680173657,7.653208556149732,0.425,1.8181818181818183,3.411764705882353
2022-07-31 23:00:00,23,20,1,7,11,1,0,9,4,1,5,1,28.716666666666665,275.0,3.0,6.6,50.0,0.6476190476190476,252.73030680173665,6.336363636363637,0.5,1.3636363636363638,3.4
