ts,hour,census,l1,l2,l3,l4,l5,arrivals,waitBed,waitICU,D_board,vent,maxLOS_h,awt_curr_min,Na,cap_sum,OCCUPANCY,EDWIN,NEDOCS,READI,READI_BR,READI_PR,READI_AR
2021-03-01 00:00:00,0,29,1,9,19,0,0,11,9,3,12,3,8.183333333333334,134.0,3.0,6.66,72.5,1.1666666666666667,251.76392040520983,8.031443512477995,0.725,1.6516516516516515,3.3793103448275863
2021-03-01 01:00:00,1,33,1,9,21,1,1,7,10,3,13,3,9.183333333333334,191.0,3.0,6.66,82.5,1.3209876543209875,279.38392040520984,6.082953407953408,0.825,1.0510510510510511,3.242424242424242
2021-03-01 02:00:00,2,33,0,8,23,1,1,6,13,0,13,0,10.183333333333334,186.0,3.0,6.66,82.5,1.2839506172839503,282.419,5.439202839202839,0.825,0.9009009009009008,3.1515151515151514
2021-03-01 03:00:00,3,33,0,8,24,0,1,4,13,0,13,0,11.183333333333334,246.0,3.0,6.66,82.5,1.2962962962962965,288.059,4.536001911001911,0.825,0.6006006006006006,3.1818181818181817
2021-03-01 04:00:00,4,27,0,8,18,0,1,4,13,0,13,0,12.183333333333334,306.0,3.0,6.66,67.5,1.0740740740740742,280.829,4.110268601935269,0.675,0.6006006006006006,3.2222222222222223
2021-03-01 05:00:00,5,23,0,7,15,0,1,0,13,0,13,0,13.183333333333334,366.0,3.0,6.66,57.49999999999999,0.9135802469135802,277.889,1.85,0.575,0.0,3.217391304347826
2021-03-01 06:00:00,6,24,0,7,16,0,1,3,13,0,13,0,14.183333333333334,426.0,3.0,6.66,60.0,0.9506172839506172,285.674,3.370195195195195,0.6,0.4504504504504504,3.208333333333333
2021-03-01 07:00:00,7,26,0,8,17,0,1,5,15,0,15,0,11.666666666666666,463.0,3.0,6.66,65.0,1.12,302.57,4.525502425502426,0.65,0.7507507507507507,3.230769230769231
2021-03-01 08:00:00,8,26,0,8,17,0,1,3,15,1,16,1,12.35,476.0,3.0,6.29,65.0,1.1666666666666667,320.6923068017366,3.640907423260365,0.65,0.4769475357710652,3.230769230769231
2021-03-01 09:00:00,9,22,0,4,16,1,1,7,7,1,8,1,13.35,594.5,3.0,6.29,55.00000000000001,0.6979166666666666,210.55230680173665,5.064218095100448,0.55,1.1128775834658189,3.0454545454545454
2021-03-01 10:00:00,10,23,0,3,18,1,1,7,6,1,7,1,14.35,140.0,4.0,9.75,57.49999999999999,0.5227272727272727,204.9373068017366,3.8788461538461534,0.575,0.717948717948718,3.0
2021-03-01 11:00:00,11,24,0,4,18,1,1,9,6,3,9,3,14.133333333333333,95.0,4.0,9.75,60.0,0.5887096774193549,234.39692040520984,4.632692307692307,0.6,0.9230769230769232,3.0416666666666665
2021-03-01 12:00:00,12,26,0,5,21,0,0,6,7,3,10,3,15.133333333333333,126.5,4.0,9.75,65.0,0.6916666666666667,257.72692040520985,4.039497041420119,0.65,0.6153846153846154,3.1923076923076925
2021-03-01 13:00:00,13,26,1,6,19,0,0,9,11,3,14,3,6.516666666666667,99.0,4.0,9.75,65.0,0.8269230769230769,262.72892040520986,5.2032544378698224,0.65,0.9230769230769232,3.3076923076923075
2021-03-01 14:00:00,14,27,0,8,19,0,0,7,9,4,13,4,6.333333333333333,144.0,4.0,9.75,67.5,0.8240740740740741,251.30822720694647,4.591571699905033,0.675,0.717948717948718,3.2962962962962963
2021-03-01 15:00:00,15,23,0,5,17,1,0,5,9,3,12,3,5.583333333333333,163.0,4.0,9.75,57.49999999999999,0.6517857142857143,224.22992040520984,3.452647714604236,0.575,0.5128205128205128,3.1739130434782608
2021-03-01 16:00:00,16,24,0,4,19,1,0,7,9,2,11,2,6.583333333333333,219.0,4.0,9.75,60.0,0.646551724137931,217.74661360347324,4.118589743589744,0.6,0.717948717948718,3.125
2021-03-01 17:00:00,17,23,0,4,18,1,0,4,11,1,12,1,7.583333333333333,227.0,4.0,9.75,57.49999999999999,0.6428571428571429,233.77330680173665,3.0842809364548494,0.575,0.4102564102564102,3.130434782608696
2021-03-01 18:00:00,18,21,0,4,16,1,0,6,9,2,11,2,8.583333333333334,243.0,4.0,9.75,52.5,0.5689655172413793,222.59161360347323,3.5840659340659338,0.525,0.6153846153846154,3.142857142857143
2021-03-01 19:00:00,19,21,0,4,16,1,0,4,9,2,11,2,9.583333333333334,297.0,4.0,9.75,52.5,0.5689655172413793,228.23161360347325,2.939377289377289,0.525,0.4102564102564102,3.142857142857143
2021-03-01 20:00:00,20,15,0,3,11,1,0,3,6,2,8,2,10.583333333333334,282.5,4.0,11.489999999999998,37.5,0.3671875,180.80161360347324,1.9931026979982596,0.375,0.2610966057441253,3.1333333333333333
2021-03-01 21:00:00,21,16,0,3,12,1,0,7,3,2,5,2,11.583333333333334,417.0,4.0,11.489999999999998,40.0,0.3571428571428571,148.38661360347322,3.153829416884248,0.4,0.6092254134029592,3.125
2021-03-01 22:00:00,22,26,1,5,19,1,0,15,6,2,8,2,12.583333333333334,104.0,3.0,8.03,65.0,0.875,215.6766136034732,8.135060829581379,0.65,1.8679950186799503,3.230769230769231
2021-03-01 23:00:00,23,28,0,5,21,2,0,11,6,3,9,3,13.583333333333334,104.0,3.0,8.03,70.0,0.935483870967742,239.87492040520985,6.431360078277888,0.7,1.3698630136986305,3.107142857142857
2021-03-02 00:00:00,0,32,0,6,24,2,0,9,8,3,11,3,10.05,130.0,3.0,8.03,80.0,1.1494252873563218,255.32692040520988,6.002490660024907,0.8,1.1207970112079702,3.125
2021-03-02 01:00:00,1,33,0,6,24,2,1,9,8,3,11,3,11.05,190.0,3.0,8.03,82.5,1.160919540229885,263.11192040520984,5.955318125212272,0.825,1.1207970112079702,3.060606060606061
2021-03-02 02:00:00,2,33,1,5,24,2,1,8,8,3,11,3,12.05,250.0,3.0,8.03,82.5,1.1724137931034482,268.75192040520983,5.62936148533907,0.825,0.9962640099626402,3.090909090909091
2021-03-02 03:00:00,3,29,1,6,20,1,1,3,8,3,11,3,13.05,310.0,3.0,8.03,72.5,1.057471264367816,265.8119204052099,3.4852106325417616,0.725,0.3735990037359901,3.1724137931034484
2021-03-02 04:00:00,4,26,1,6,17,1,1,1,8,3,11,3,14.05,370.0,3.0,8.03,65.0,0.9540229885057472,265.0169204052099,2.472547657821631,0.65,0.12453300124533,3.1923076923076925
2021-03-02 05:00:00,5,25,1,6,16,1,1,2,8,3,11,3,15.05,430.0,3.0,8.03,62.5,0.9195402298850576,268.5119204052098,2.797011207970112,0.625,0.24906600249066,3.2
2021-03-02 06:00:00,6,21,0,6,13,1,1,0,8,3,11,3,16.05,490.0,3.0,8.03,52.5,0.7586206896551724,265.5719204052098,1.65,0.525,0.0,3.142857142857143
2021-03-02 07:00:00,7,23,0,6,15,1,1,5,9,3,12,3,17.05,537.5,3.0,8.03,57.49999999999999,0.8571428571428571,288.9019204052098,3.7492121934051656,0.575,0.6226650062266501,3.130434782608696
2021-03-02 08:00:00,8,22,0,6,14,1,1,2,9,3,12,3,18.05,597.5,3.0,8.120000000000001,55.00000000000001,0.8214285714285714,292.3969204052098,2.497503358710255,0.55,0.2463054187192118,3.136363636363636
2021-03-02 09:00:00,9,23,0,8,13,1,1,7,7,3,10,3,19.05,671.5,3.0,8.120000000000001,57.49999999999999,0.8222222222222222,273.3819204052098,4.6236131934032985,0.575,0.8620689655172413,3.217391304347826
2021-03-02 10:00:00,10,26,1,8,15,1,1,8,8,3,11,3,20.05,730.0,4.0,11.46,65.0,0.7327586206896551,298.85692040520985,4.407185528258826,0.65,0.6980802792321117,3.269230769230769
2021-03-02 11:00:00,11,28,1,9,17,1,0,8,9,3,12,3,21.05,737.0,4.0,11.46,70.0,0.8392857142857143,322.18692040520983,4.693555223136375,0.7,0.6980802792321117,3.357142857142857
2021-03-02 12:00:00,12,24,1,9,14,0,0,5,10,3,13,3,22.05,186.0,4.0,11.46,60.0,0.7685185185185185,332.6469204052098,3.583871436881908,0.6,0.4363001745200697,3.458333333333333
2021-03-02 13:00:00,13,24,2,10,12,0,0,4,10,3,13,3,23.05,163.0,4.0,11.46,60.0,0.7962962962962963,338.28692040520986,3.4007271669575334,0.6,0.3490401396160558,3.583333333333333
2021-03-02 14:00:00,14,27,2,9,16,0,0,7,10,3,13,3,24.05,223.0,4.0,11.46,67.5,0.8703703703703703,350.36192040520984,4.476559369142266,0.675,0.6108202443280977,3.4814814814814814
2021-03-02 15:00:00,15,29,2,7,20,0,0,7,12,1,13,1,24.95,271.0,4.0,11.46,72.5,0.9074074074074074,357.99130680173664,4.514151170488055,0.725,0.6108202443280977,3.3793103448275863
2021-03-02 16:00:00,16,28,2,4,22,0,0,6,11,0,11,0,25.95,230.0,4.0,11.46,70.0,0.7931034482758621,333.818,4.020269259536275,0.7,0.5235602094240838,3.2857142857142856
2021-03-02 17:00:00,17,21,1,4,16,0,0,4,10,0,10,0,26.95,297.0,4.0,11.46,52.5,0.575,311.043,2.8718461730241835,0.525,0.3490401396160558,3.2857142857142856
2021-03-02 18:00:00,18,18,1,4,13,0,0,1,10,0,10,0,27.95,329.5,4.0,11.46,45.0,0.5,310.248,1.79086678301338,0.45,0.0872600349040139,3.333333333333333
2021-03-02 19:00:00,19,21,1,5,15,0,0,9,11,0,11,0,28.95,146.0,4.0,11.46,52.5,0.603448275862069,335.723,4.367801047120419,0.525,0.7853403141361256,3.333333333333333
2021-03-02 20:00:00,20,22,1,5,16,0,0,10,8,0,8,0,29.95,170.5,4.0,11.4,55.00000000000001,0.5703125,303.308,4.735685805422648,0.55,0.8771929824561404,3.3181818181818183
2021-03-02 21:00:00,21,23,0,7,15,1,0,11,9,0,9,0,30.95,195.0,4.0,11.4,57.49999999999999,0.6048387096774194,324.493,5.021453089244851,0.575,0.9649122807017544,3.260869565217391
2021-03-02 22:00:00,22,22,0,8,12,2,0,9,8,0,8,0,31.95,162.0,3.0,8.059999999999999,55.00000000000001,0.75,314.588,5.45441010602301,0.55,1.1166253101736974,3.272727272727273
2021-03-02 23:00:00,23,22,0,7,14,1,0,6,10,0,10,0,32.95,127.0,3.0,8.059999999999999,55.00000000000001,0.8,347.028,4.23627340401534,0.55,0.7444168734491317,3.272727272727273
2021-03-03 00:00:00,0,20,0,8,12,0,0,2,10,1,11,1,33.95,185.0,3.0,8.059999999999999,50.0,0.7816091954022989,362.6463068017366,2.5436724565756825,0.5,0.2481389578163772,3.4
2021-03-03 01:00:00,1,26,0,8,18,0,0,8,11,1,12,1,34.95,243.5,3.0,8.059999999999999,65.0,1.0238095238095235,394.55630680173664,5.433069288032067,0.65,0.9925558312655088,3.3076923076923075
2021-03-03 02:00:00,2,24,1,6,16,1,0,3,11,1,12,1,35.95,303.5,3.0,8.059999999999999,60.0,0.9404761904761904,395.9063068017366,3.2001861042183624,0.6,0.3722084367245658,3.2916666666666665
2021-03-03 03:00:00,3,19,1,6,12,0,0,1,11,2,13,2,36.95,362.0,3.0,8.059999999999999,47.5,0.8024691358024691,405.08961360347325,2.0494482173174875,0.475,0.1240694789081886,3.421052631578948
2021-03-03 04:00:00,4,18,1,6,11,0,0,1,11,2,13,2,37.95,422.0,3.0,8.059999999999999,45.0,0.7654320987654321,408.58461360347326,1.9773504273504277,0.45,0.1240694789081886,3.4444444444444446
2021-03-03 05:00:00,5,19,1,5,13,0,0,2,12,1,13,1,38.95,482.0,3.0,8.059999999999999,47.5,0.7901234567901234,415.50130680173663,2.435836489486744,0.475,0.2481389578163772,3.3684210526315788
2021-03-03 06:00:00,6,21,1,5,15,0,0,3,12,2,14,2,39.95,527.5,3.0,8.059999999999999,52.5,0.8974358974358975,439.69961360347327,2.9906947890818865,0.525,0.3722084367245658,3.333333333333333
2021-03-03 07:00:00,7,21,0,6,15,0,0,2,13,1,14,1,40.95,587.5,3.0,8.059999999999999,52.5,0.8846153846153846,444.4713068017366,2.540313718539525,0.525,0.2481389578163772,3.2857142857142856
2021-03-03 08:00:00,8,25,0,7,18,0,0,5,15,1,16,1,41.95,607.5,3.0,6.6,62.5,1.1388888888888888,485.49130680173664,4.534848484848484,0.625,0.7575757575757576,3.28
2021-03-03 09:00:00,9,25,0,5,20,0,0,7,11,1,12,1,42.95,667.5,3.0,6.6,62.5,0.9523809523809524,437.5313068017366,5.3939393939393945,0.625,1.0606060606060606,3.2
2021-03-03 10:00:00,10,26,0,7,19,0,0,9,12,1,13,1,43.95,543.0,4.0,9.92,65.0,0.7870370370370371,458.7163068017367,5.091035980148883,0.65,0.907258064516129,3.269230769230769
2021-03-03 11:00:00,11,28,1,7,20,0,0,7,13,2,15,2,44.95,209.0,4.0,9.92,70.0,0.93,496.3146136034733,4.66875,0.7,0.7056451612903226,3.321428571428572
2021-03-03 12:00:00,12,30,1,7,22,0,0,5,15,2,17,2,45.95,151.0,4.0,9.92,75.0,1.076086956521739,533.0446136034732,4.138306451612903,0.75,0.5040322580645161,3.3
2021-03-03 13:00:00,13,30,1,6,23,0,0,6,15,1,16,1,46.95,164.5,4.0,9.92,75.0,1.0208333333333333,524.4163068017366,4.425806451612903,0.75,0.6048387096774194,3.2666666666666666
2021-03-03 14:00:00,14,29,1,6,22,0,0,8,13,1,14,1,21.433333333333334,194.0,4.0,9.92,72.5,0.9134615384615384,351.5573068017366,5.01682424916574,0.725,0.8064516129032259,3.2758620689655173
2021-03-03 15:00:00,15,26,1,3,22,0,0,4,11,1,12,1,22.433333333333334,231.0,4.0,9.92,65.0,0.7410714285714286,323.96230680173664,3.362220843672457,0.65,0.4032258064516129,3.1923076923076925
2021-03-03 16:00:00,16,30,1,6,23,0,0,9,12,1,13,1,23.433333333333334,283.0,4.0,9.92,75.0,0.9074074074074074,351.5823068017366,5.413709677419354,0.75,0.907258064516129,3.2666666666666666
2021-03-03 17:00:00,17,34,1,8,23,2,0,10,14,1,15,1,24.433333333333334,245.0,4.0,9.92,85.0,1.1,392.60230680173663,6.011385199240986,0.85,1.0080645161290325,3.235294117647059
2021-03-03 18:00:00,18,28,1,8,19,0,0,5,13,2,15,2,25.433333333333334,256.0,4.0,9.92,70.0,0.94,386.2406136034732,4.042108294930876,0.7,0.5040322580645161,3.357142857142857
2021-03-03 19:00:00,19,21,1,6,14,0,0,2,10,2,12,2,26.433333333333334,274.5,4.0,9.92,52.5,0.6339285714285714,336.6656136034733,2.4566436251920125,0.525,0.2016129032258064,3.380952380952381
2021-03-03 20:00:00,20,25,1,7,16,1,0,7,11,2,13,2,27.433333333333334,293.0,4.0,9.67,62.5,0.7685185185185185,364.2856136034732,4.478309203722854,0.625,0.7238883143743536,3.32
2021-03-03 21:00:00,21,27,1,5,17,4,0,8,11,2,13,2,28.433333333333334,353.0,4.0,9.67,67.5,0.7777777777777778,374.2156136034732,4.67382511777548,0.675,0.827300930713547,3.111111111111111
2021-03-03 22:00:00,22,22,1,4,14,3,0,3,11,1,12,1,29.433333333333334,454.5,3.0,6.35,55.00000000000001,0.8214285714285714,354.8623068017366,3.206746599856836,0.55,0.4724409448818898,3.136363636363636
2021-03-03 23:00:00,23,23,1,6,14,2,0,4,10,0,10,0,30.433333333333334,427.5,3.0,6.35,57.49999999999999,0.8333333333333334,334.979,3.929091064703868,0.575,0.6299212598425197,3.260869565217391
2021-03-04 00:00:00,0,23,1,5,15,2,0,6,11,0,11,0,31.433333333333334,442.0,3.0,6.35,57.49999999999999,0.8505747126436781,354.019,4.890054775761726,0.575,0.9448818897637796,3.217391304347826
2021-03-04 01:00:00,1,22,1,4,15,2,0,4,11,0,11,0,32.43333333333333,502.0,3.0,6.35,55.00000000000001,0.8045977011494253,357.514,3.754294917680745,0.55,0.6299212598425197,3.1818181818181817
2021-03-04 02:00:00,2,16,1,3,10,2,0,1,11,0,11,0,33.43333333333333,562.0,3.0,6.35,40.0,0.5862068965517241,350.284,1.7769685039370082,0.4,0.1574803149606299,3.1875
2021-03-04 03:00:00,3,17,1,3,11,2,0,3,11,0,11,0,34.43333333333333,622.0,3.0,6.35,42.5,0.6206896551724138,358.069,2.8506947660954145,0.425,0.4724409448818898,3.176470588235294
2021-03-04 04:00:00,4,17,1,2,12,2,0,2,11,0,11,0,35.43333333333333,682.0,3.0,6.35,42.5,0.6091954022988506,363.709,2.306936081519221,0.425,0.3149606299212598,3.117647058823529
2021-03-04 05:00:00,5,17,1,2,11,3,0,2,11,0,11,0,36.43333333333333,742.0,3.0,6.35,42.5,0.5977011494252874,369.349,2.2634089856415005,0.425,0.3149606299212598,3.0588235294117645
2021-03-04 06:00:00,6,17,1,2,11,3,0,1,11,0,11,0,37.43333333333333,802.0,3.0,6.35,42.5,0.5977011494252874,374.989,1.7817044928207502,0.425,0.1574803149606299,3.0588235294117645
2021-03-04 07:00:00,7,18,1,2,12,3,0,1,11,0,11,0,38.43333333333333,862.0,3.0,6.35,45.0,0.632183908045977,382.774,1.8561898512685917,0.45,0.1574803149606299,3.055555555555556
2021-03-04 08:00:00,8,24,1,5,15,3,0,7,13,0,13,0,39.43333333333333,910.0,3.0,6.8,60.0,0.9382716049382716,428.084,5.159803921568627,0.6,1.0294117647058825,3.1666666666666665
2021-03-04 09:00:00,9,31,1,6,21,3,0,10,14,0,14,0,40.43333333333333,784.0,3.0,6.8,77.5,1.2564102564102564,462.139,7.098956356736243,0.775,1.4705882352941178,3.161290322580645
2021-03-04 10:00:00,10,25,0,5,18,2,0,4,11,0,11,0,41.43333333333333,618.0,4.0,10.12,62.5,0.6724137931034483,414.709,3.183201581027668,0.625,0.3952569169960475,3.12
2021-03-04 11:00:00,11,27,0,7,19,1,0,7,13,1,14,1,42.43333333333333,205.0,4.0,10.12,67.5,0.8365384615384616,465.7073068017365,4.40380983750549,0.675,0.691699604743083,3.2222222222222223
2021-03-04 12:00:00,12,31,0,8,21,2,0,10,12,1,13,1,43.43333333333333,247.0,4.0,10.12,77.5,0.9166666666666666,466.5273068017366,5.630680224403927,0.775,0.9881422924901186,3.193548387096774
2021-03-04 13:00:00,13,34,0,9,23,2,0,8,11,1,12,1,44.43333333333333,280.5,4.0,10.12,85.0,0.9732142857142856,465.2023068017365,5.259294350151128,0.85,0.790513833992095,3.2058823529411766
2021-03-04 14:00:00,14,30,1,7,20,2,0,3,9,0,9,0,45.43333333333333,349.0,4.0,10.12,75.0,0.782258064516129,421.194,3.3834980237154157,0.75,0.2964426877470356,3.2333333333333334
2021-03-04 15:00:00,15,24,0,6,17,1,0,3,11,0,11,0,46.43333333333333,251.0,4.0,10.12,60.0,0.6637931034482759,440.764,2.876086956521739,0.6,0.2964426877470356,3.208333333333333
2021-03-04 16:00:00,16,20,0,4,15,1,0,2,9,1,10,1,47.43333333333333,306.0,4.0,10.12,50.0,0.525,425.2923068017366,2.1975296442687746,0.5,0.1976284584980237,3.15
2021-03-04 17:00:00,17,21,0,4,16,1,0,5,9,1,10,1,48.43333333333333,321.5,4.0,10.12,52.5,0.55,433.0773068017366,3.202795031055901,0.525,0.4940711462450593,3.142857142857143
2021-03-04 18:00:00,18,20,0,6,13,1,0,9,9,1,10,1,21.816666666666663,204.5,4.0,10.12,50.0,0.5416666666666666,280.8143068017366,4.515316205533598,0.5,0.8893280632411068,3.25
2021-03-04 19:00:00,19,19,0,6,12,1,0,4,6,1,7,1,11.566666666666666,203.0,4.0,10.12,47.5,0.4696969696969697,180.6593068017366,2.839785729144997,0.475,0.3952569169960475,3.263157894736842
2021-03-04 20:00:00,20,15,0,3,12,0,0,5,5,0,5,0,11.233333333333333,150.0,4.0,9.97,37.5,0.3428571428571428,142.531,2.80481444332999,0.375,0.5015045135406219,3.2
2021-03-04 21:00:00,21,18,0,2,16,0,0,9,5,0,5,0,12.233333333333333,95.0,4.0,9.97,45.0,0.4,154.606,4.208425275827483,0.45,0.9027081243731192,3.111111111111111
2021-03-04 22:00:00,22,16,0,2,14,0,0,4,5,0,5,0,10.033333333333331,89.0,3.0,6.65,40.0,0.4761904761904761,137.908,3.1296992481203003,0.4,0.6015037593984962,3.125
2021-03-04 23:00:00,23,24,0,4,20,0,0,11,8,1,9,1,11.033333333333331,91.0,3.0,6.65,60.0,0.8172043010752689,215.17630680173664,7.138095238095237,0.6,1.6541353383458646,3.1666666666666665
2021-03-05 00:00:00,0,19,0,3,16,0,0,5,8,0,8,0,12.033333333333331,133.5,3.0,6.65,47.5,0.625,195.823,3.874356944994064,0.475,0.7518796992481203,3.1578947368421053
2021-03-05 01:00:00,1,19,0,3,16,0,0,3,7,0,7,0,13.033333333333331,211.0,3.0,6.65,47.5,0.6060606060606061,188.063,2.9246141669964385,0.475,0.4511278195488721,3.1578947368421053
2021-03-05 02:00:00,2,21,0,2,18,1,0,5,7,0,7,0,14.033333333333331,271.0,3.0,6.65,52.5,0.6464646464646465,197.993,3.891442892946652,0.525,0.7518796992481203,3.0476190476190474
2021-03-05 03:00:00,3,22,0,2,18,2,0,3,7,0,7,0,15.033333333333331,331.0,3.0,6.65,55.00000000000001,0.6666666666666666,205.778,3.0033834586466166,0.55,0.4511278195488721,3.0
2021-03-05 04:00:00,4,22,0,2,18,2,0,3,9,0,9,0,16.033333333333335,356.0,3.0,6.65,55.00000000000001,0.7096774193548387,238.218,3.0033834586466166,0.55,0.4511278195488721,3.0
2021-03-05 05:00:00,5,23,0,3,18,2,0,2,9,1,10,1,17.033333333333335,405.5,3.0,6.65,57.49999999999999,0.7777777777777778,260.2713068017366,2.6653318077803205,0.575,0.3007518796992481,3.0434782608695654
2021-03-05 06:00:00,6,22,0,3,17,2,0,2,9,0,9,0,18.03333333333333,476.0,3.0,6.65,55.00000000000001,0.7204301075268817,249.49800000000005,2.590926179084074,0.55,0.3007518796992481,3.0454545454545454
2021-03-05 07:00:00,7,23,0,3,18,2,0,3,9,0,9,0,19.03333333333333,536.0,3.0,6.65,57.49999999999999,0.7526881720430108,257.283,3.122997711670481,0.575,0.4511278195488721,3.0434782608695654
2021-03-05 08:00:00,8,23,0,3,17,3,0,3,10,0,10,0,20.03333333333333,585.5,3.0,6.96,57.49999999999999,0.7666666666666667,276.323,3.018103448275862,0.575,0.4310344827586207,3.0
2021-03-05 09:00:00,9,27,0,5,19,3,0,9,9,0,9,0,21.03333333333333,555.0,3.0,6.96,67.5,0.8924731182795699,277.14300000000003,6.050095785440613,0.675,1.293103448275862,3.074074074074074
2021-03-05 10:00:00,10,25,0,5,20,0,0,5,10,0,10,0,22.03333333333333,381.5,4.0,10.3,62.5,0.6666666666666666,291.89300000000003,3.5533980582524274,0.625,0.4854368932038834,3.2
2021-03-05 11:00:00,11,27,0,7,20,0,0,5,11,0,11,0,23.03333333333333,171.0,4.0,10.3,67.5,0.7586206896551724,315.223,3.7821646889608056,0.675,0.4854368932038834,3.259259259259259
2021-03-05 12:00:00,12,31,0,8,23,0,0,9,14,0,14,0,24.03333333333333,127.0,4.0,10.3,77.5,0.971153846153846,369.643,5.371852489821484,0.775,0.8737864077669902,3.2580645161290325
2021-03-05 13:00:00,13,31,0,9,22,0,0,7,13,1,14,1,25.03333333333333,127.0,4.0,10.3,77.5,0.9807692307692308,376.1513068017366,4.78614155966176,0.775,0.6796116504854368,3.290322580645161
2021-03-05 14:00:00,14,34,0,7,26,1,0,10,13,1,14,1,26.03333333333333,142.5,4.0,10.3,85.0,1.0384615384615383,388.2263068017365,5.783952027412906,0.85,0.9708737864077668,3.176470588235294
2021-03-05 15:00:00,15,25,0,5,20,0,0,2,10,1,11,1,27.03333333333333,123.0,4.0,10.3,62.5,0.6896551724137931,334.36130680173665,2.621359223300971,0.625,0.1941747572815534,3.2
2021-03-05 16:00:00,16,26,0,6,19,1,0,7,9,0,9,0,28.03333333333333,165.0,4.0,10.3,65.0,0.6693548387096774,314.478,4.244529499626587,0.65,0.6796116504854368,3.1923076923076925
2021-03-05 17:00:00,17,22,0,4,17,0,1,3,9,0,9,0,8.616666666666667,225.0,4.0,10.3,55.00000000000001,0.5483870967741935,196.38800000000003,2.600264783759929,0.55,0.2912621359223301,3.090909090909091
2021-03-05 18:00:00,18,18,0,3,15,0,0,2,9,0,9,0,9.616666666666667,285.0,4.0,10.3,45.0,0.4596774193548387,193.448,2.0398867313915856,0.45,0.1941747572815534,3.1666666666666665
2021-03-05 19:00:00,19,18,1,5,12,0,0,7,8,1,9,1,10.616666666666667,198.0,4.0,10.3,45.0,0.4919354838709677,199.95630680173664,3.828128371089536,0.45,0.6796116504854368,3.388888888888889
2021-03-05 20:00:00,20,15,0,5,10,0,0,6,4,0,4,0,11.616666666666667,77.0,4.0,11.22,37.5,0.3472222222222222,131.293,3.0325311942959003,0.375,0.5347593582887701,3.333333333333333
2021-03-05 21:00:00,21,14,0,5,9,0,0,7,1,0,1,0,12.616666666666667,176.0,4.0,11.22,35.0,0.3012820512820512,94.588,3.2694741532976828,0.35,0.6238859180035651,3.357142857142857
2021-03-05 22:00:00,22,14,0,2,12,0,0,5,1,0,1,0,13.616666666666667,12.0,3.0,7.88,35.0,0.376068376068376,100.228,3.094198694706309,0.35,0.6345177664974619,3.142857142857143
2021-03-05 23:00:00,23,18,0,3,15,0,0,10,1,0,1,0,14.616666666666667,46.0,3.0,7.88,45.0,0.4871794871794871,114.448,5.443612521150592,0.45,1.269035532994924,3.1666666666666665
2021-03-06 00:00:00,0,15,0,2,12,1,0,3,1,0,1,0,15.616666666666667,106.0,3.0,7.88,37.5,0.3931623931623931,113.653,2.31751269035533,0.375,0.3807106598984772,3.066666666666667
2021-03-06 01:00:00,1,13,0,2,10,1,0,5,1,1,2,1,16.616666666666667,109.0,3.0,7.88,32.5,0.3508771929824561,129.2713068017366,2.9523623584537293,0.325,0.6345177664974619,3.076923076923077
2021-03-06 02:00:00,2,13,0,2,9,2,0,3,2,1,3,1,17.616666666666667,112.0,3.0,7.88,32.5,0.3513513513513513,148.31130680173663,2.117131979695432,0.325,0.3807106598984772,3.0
2021-03-06 03:00:00,3,11,0,2,8,1,0,2,2,0,2,0,18.616666666666667,180.5,3.0,7.88,27.500000000000004,0.2982456140350877,135.393,1.6344946931241346,0.275,0.2538071065989847,3.090909090909091
2021-03-06 04:00:00,4,13,0,2,9,2,0,2,2,0,2,0,19.616666666666667,240.5,3.0,7.88,32.5,0.3421052631578947,145.32299999999998,1.7364213197969545,0.325,0.2538071065989847,3.0
2021-03-06 05:00:00,5,14,0,2,10,2,0,3,2,0,2,0,20.616666666666667,300.5,3.0,7.88,35.0,0.3684210526315789,153.108,2.1921319796954317,0.35,0.3807106598984772,3.0
2021-03-06 06:00:00,6,14,0,2,11,1,0,3,2,0,2,0,21.616666666666667,360.5,3.0,7.88,35.0,0.3771929824561403,158.748,2.2443255982596084,0.35,0.3807106598984772,3.071428571428572
2021-03-06 07:00:00,7,9,0,1,7,1,0,2,2,0,2,0,22.616666666666667,420.5,3.0,7.88,22.5,0.2368421052631578,153.663,1.4364213197969542,0.225,0.2538071065989847,3.0
2021-03-06 08:00:00,8,13,0,3,9,1,0,6,3,1,4,1,23.616666666666667,202.5,3.0,6.3,32.5,0.3796296296296296,195.55130680173664,4.028663003663004,0.325,0.9523809523809524,3.1538461538461537
2021-03-06 09:00:00,9,15,0,1,12,2,0,5,3,1,4,1,24.616666666666667,82.0,3.0,6.3,37.5,0.4074074074074074,205.4813068017366,3.428042328042328,0.375,0.7936507936507937,2.933333333333333
2021-03-06 10:00:00,10,19,0,1,14,4,0,9,2,0,2,0,25.616666666666667,67.0,4.0,10.0,47.5,0.3552631578947368,192.033,3.907894736842105,0.475,0.9,2.8421052631578947
2021-03-06 11:00:00,11,16,0,4,10,2,0,4,3,2,5,2,26.616666666666667,11.0,4.0,10.0,40.0,0.3571428571428571,233.17461360347323,2.5,0.4,0.4,3.125
2021-03-06 12:00:00,12,15,0,3,11,1,0,10,3,1,4,1,27.616666666666667,62.5,4.0,10.0,37.5,0.3263888888888889,222.4013068017366,4.308333333333334,0.375,1.0,3.1333333333333333
2021-03-06 13:00:00,13,15,0,2,12,1,0,6,5,1,6,1,5.683333333333334,96.5,4.0,10.0,37.5,0.3382352941176471,125.4973068017366,2.99,0.375,0.6,3.066666666666667
2021-03-06 14:00:00,14,10,0,2,8,0,0,4,4,0,4,0,6.683333333333334,119.5,4.0,10.0,25.0,0.2222222222222222,92.744,2.08,0.25,0.4,3.2
2021-03-06 15:00:00,15,14,0,2,12,0,0,8,5,0,5,0,4.0,166.0,4.0,10.0,35.0,0.3142857142857143,99.59,3.614285714285714,0.35,0.8,3.142857142857143
2021-03-06 16:00:00,16,13,0,2,11,0,0,7,6,0,6,0,5.0,156.0,4.0,10.0,32.5,0.3014705882352941,116.485,3.2326923076923078,0.325,0.7,3.1538461538461537
2021-03-06 17:00:00,17,13,0,2,11,0,0,6,8,1,9,1,6.0,95.0,4.0,10.0,32.5,0.3306451612903225,163.1933068017366,2.917307692307692,0.325,0.6,3.1538461538461537
2021-03-06 18:00:00,18,12,0,3,9,0,0,5,5,1,6,1,6.216666666666667,143.5,4.0,10.0,30.0,0.2867647058823529,122.0703068017366,2.6,0.3,0.5,3.25
2021-03-06 19:00:00,19,14,0,2,12,0,0,9,3,0,3,0,7.216666666666667,258.0,4.0,10.0,35.0,0.2972972972972973,90.932,3.928571428571429,0.35,0.9,3.142857142857143
2021-03-06 20:00:00,20,17,0,2,12,3,0,10,4,0,4,0,8.216666666666667,189.0,4.0,11.46,42.5,0.3472222222222222,116.40699999999998,3.81647161482394,0.425,0.8726003490401395,2.9411764705882355
2021-03-06 21:00:00,21,16,0,1,13,2,0,6,5,0,5,0,9.216666666666669,120.0,4.0,11.46,40.0,0.3357142857142857,133.302,2.712958115183246,0.4,0.5235602094240838,2.9375
2021-03-06 22:00:00,22,13,0,0,12,1,0,6,3,1,4,1,3.45,44.5,3.0,7.76,32.5,0.3518518518518518,81.8113068017366,3.210111022997621,0.325,0.7731958762886598,2.923076923076923
2021-03-06 23:00:00,23,17,0,0,16,1,0,8,4,1,5,1,4.45,98.0,3.0,7.76,42.5,0.4761904761904761,109.4313068017366,4.282140691328078,0.425,1.0309278350515465,2.9411764705882355
2021-03-07 00:00:00,0,13,0,0,12,1,0,2,4,1,5,1,5.45,158.0,3.0,7.76,32.5,0.3619047619047619,106.4913068017366,1.703370340999207,0.325,0.2577319587628866,2.923076923076923
2021-03-07 01:00:00,1,9,0,0,8,1,0,1,4,1,5,1,5.383333333333334,218.0,3.0,7.76,22.5,0.2476190476190476,97.53530680173662,1.0222794959908363,0.225,0.1288659793814433,2.888888888888889
2021-03-07 02:00:00,2,11,0,0,10,1,0,3,4,0,4,0,6.383333333333334,280.5,3.0,7.76,27.500000000000004,0.2962962962962963,93.197,1.92464854732896,0.275,0.3865979381443299,2.909090909090909
2021-03-07 03:00:00,3,11,0,0,10,1,0,2,4,0,4,0,7.383333333333334,340.5,3.0,7.76,27.500000000000004,0.2962962962962963,98.83700000000002,1.5497656982193069,0.275,0.2577319587628866,2.909090909090909
2021-03-07 04:00:00,4,15,0,1,13,1,0,4,6,0,6,0,8.383333333333333,360.5,3.0,7.76,37.5,0.4411764705882353,139.857,2.67139175257732,0.375,0.5154639175257733,3.0
2021-03-07 05:00:00,5,17,0,1,13,3,0,5,6,0,6,0,9.383333333333333,420.5,3.0,7.76,42.5,0.4803921568627451,149.787,3.0821861734384477,0.425,0.6443298969072165,2.8823529411764706
2021-03-07 06:00:00,6,15,0,1,11,3,0,1,6,0,6,0,10.166666666666666,480.5,3.0,7.76,37.5,0.4215686274509804,149.915,1.4444158075601374,0.375,0.1288659793814433,2.8666666666666667
2021-03-07 07:00:00,7,16,0,1,12,3,0,2,6,0,6,0,11.166666666666666,540.5,3.0,7.76,40.0,0.4509803921568627,157.7,1.8909793814432996,0.4,0.2577319587628866,2.875
2021-03-07 08:00:00,8,17,0,0,14,3,0,5,6,0,6,0,12.166666666666666,600.5,3.0,6.38,42.5,0.4705882352941176,165.485,3.4127973446431863,0.425,0.7836990595611285,2.823529411764706
2021-03-07 09:00:00,9,15,0,0,13,2,0,5,3,0,3,0,13.166666666666666,51.0,3.0,6.38,37.5,0.3873873873873873,126.635,3.3216039707419016,0.375,0.7836990595611285,2.8666666666666667
2021-03-07 10:00:00,10,18,0,0,17,1,0,8,4,0,4,0,13.133333333333333,60.5,4.0,9.63,45.0,0.3680555555555556,146.28199999999998,3.771059766932042,0.45,0.8307372793354103,2.9444444444444446
2021-03-07 11:00:00,11,21,0,1,18,1,1,12,7,0,7,0,14.133333333333333,54.0,4.0,9.63,52.5,0.4621212121212121,198.557,5.144641002818573,0.525,1.2461059190031154,2.9047619047619047
2021-03-07 12:00:00,12,16,1,2,12,1,0,8,5,1,6,1,4.433333333333334,60.0,4.0,9.63,40.0,0.375,120.5923068017366,3.922975077881621,0.4,0.8307372793354103,3.1875
2021-03-07 13:00:00,13,22,1,3,17,1,0,9,5,1,6,1,5.433333333333334,105.5,4.0,9.63,55.00000000000001,0.5147058823529411,139.10230680173663,4.723661852166526,0.55,0.9345794392523366,3.1818181818181817
2021-03-07 14:00:00,14,28,1,4,22,1,0,12,5,1,6,1,6.433333333333334,138.5,4.0,9.63,70.0,0.6544117647058824,157.61230680173662,6.185836671117045,0.7,1.2461059190031154,3.1785714285714284
2021-03-07 15:00:00,15,26,1,4,20,1,0,7,5,1,6,1,7.433333333333334,93.5,4.0,9.63,65.0,0.6102941176470589,158.96230680173662,4.395472881220545,0.65,0.726895119418484,3.1923076923076925
2021-03-07 16:00:00,16,21,0,4,15,2,0,9,3,0,3,0,8.433333333333334,110.0,4.0,9.63,52.5,0.4391891891891892,112.809,4.51774588340009,0.525,0.9345794392523366,3.095238095238096
2021-03-07 17:00:00,17,19,0,4,14,1,0,4,4,0,4,0,4.183333333333334,130.0,4.0,9.63,47.5,0.4166666666666667,97.94899999999998,2.811690441055911,0.475,0.4153686396677051,3.1578947368421053
2021-03-07 18:00:00,18,26,0,3,21,2,0,11,4,1,5,1,4.933333333333334,150.0,4.0,9.63,65.0,0.5642857142857143,131.46230680173662,5.445724498761883,0.65,1.142263759086189,3.0384615384615383
2021-03-07 19:00:00,19,20,0,2,18,0,0,9,7,0,7,0,4.833333333333333,34.0,4.0,9.63,50.0,0.4696969696969697,143.95999999999998,4.447196261682244,0.5,0.9345794392523366,3.1
2021-03-07 20:00:00,20,23,0,3,20,0,0,10,8,0,8,0,5.1,77.0,4.0,9.93,57.49999999999999,0.5625,165.29899999999998,4.952502298699593,0.575,1.0070493454179257,3.130434782608696
2021-03-07 21:00:00,21,26,0,2,23,1,0,10,5,0,5,0,6.1,84.0,4.0,9.93,65.0,0.5642857142857143,137.174,5.034880703385236,0.65,1.0070493454179257,3.0384615384615383
2021-03-07 22:00:00,22,26,0,2,24,0,0,13,9,0,9,0,7.1,68.0,3.0,6.68,65.0,0.8602150537634409,196.414,7.988023952095808,0.65,1.9461077844311376,3.076923076923077
2021-03-07 23:00:00,23,26,0,4,22,0,0,9,9,0,9,0,7.566666666666666,128.0,3.0,6.68,65.0,0.8817204301075269,199.046,6.299193919852603,0.65,1.347305389221557,3.1538461538461537
2021-03-08 00:00:00,0,21,0,3,17,1,0,3,9,0,9,0,5.566666666666666,188.0,3.0,6.68,52.5,0.6989247311827957,177.041,3.015076988879384,0.525,0.4491017964071856,3.095238095238096
2021-03-08 01:00:00,1,18,0,3,15,0,0,2,9,0,9,0,6.566666666666666,248.0,3.0,6.68,45.0,0.6129032258064516,176.246,2.37310379241517,0.45,0.2994011976047904,3.1666666666666665
2021-03-08 02:00:00,2,17,0,2,15,0,0,3,9,0,9,0,7.566666666666666,308.0,3.0,6.68,42.5,0.5698924731182796,179.741,2.725140894681226,0.425,0.4491017964071856,3.117647058823529
2021-03-08 03:00:00,3,20,0,2,18,0,0,5,10,0,10,0,8.566666666666666,353.5,3.0,6.68,50.0,0.6888888888888889,205.216,3.8703592814371257,0.5,0.7485029940119761,3.1
2021-03-08 04:00:00,4,20,0,2,18,0,0,3,11,0,11,0,9.566666666666666,399.0,3.0,6.68,50.0,0.7126436781609196,224.256,2.942215568862276,0.5,0.4491017964071856,3.1
2021-03-08 05:00:00,5,17,0,3,14,0,0,3,11,0,11,0,10.566666666666666,459.0,3.0,6.68,42.5,0.6206896551724138,223.461,2.77655864741106,0.425,0.4491017964071856,3.176470588235294
2021-03-08 06:00:00,6,17,0,3,14,0,0,0,11,0,11,0,11.566666666666666,519.0,3.0,6.68,42.5,0.6206896551724138,229.101,1.35,0.425,0.0,3.176470588235294
2021-03-08 07:00:00,7,17,0,3,14,0,0,2,11,0,11,0,12.566666666666666,579.0,3.0,6.68,42.5,0.6206896551724138,234.741,2.30103909827404,0.425,0.2994011976047904,3.176470588235294
2021-03-08 08:00:00,8,17,0,3,14,0,0,1,11,0,11,0,13.566666666666666,639.0,3.0,7.76,42.5,0.6206896551724138,240.381,1.7593389933292904,0.425,0.1288659793814433,3.176470588235294
2021-03-08 09:00:00,9,16,0,1,15,0,0,6,6,0,6,0,13.033333333333331,516.0,3.0,7.76,40.0,0.4803921568627451,168.228,3.592912371134021,0.4,0.7731958762886598,3.0625
2021-03-08 10:00:00,10,16,0,2,14,0,0,9,3,1,4,1,12.2,59.0,4.0,11.08,40.0,0.3472222222222222,137.5963068017366,3.788357400722021,0.4,0.8122743682310469,3.125
2021-03-08 11:00:00,11,18,0,4,13,1,0,8,5,2,7,2,12.833333333333334,56.0,4.0,11.08,45.0,0.4318181818181818,186.5266136034732,3.711401925391095,0.45,0.7220216606498195,3.1666666666666665
2021-03-08 12:00:00,12,20,0,5,13,2,0,7,8,1,9,1,13.833333333333334,77.0,4.0,11.08,50.0,0.5080645161290323,222.38830680173663,3.565072202166065,0.5,0.631768953068592,3.15
2021-03-08 13:00:00,13,19,0,4,14,1,0,7,6,3,9,3,14.833333333333334,92.0,4.0,11.08,47.5,0.4838709677419355,227.61992040520985,3.495059851795554,0.475,0.631768953068592,3.1578947368421053
2021-03-08 14:00:00,14,23,0,4,19,0,0,7,7,3,10,3,15.833333333333334,138.0,4.0,11.08,57.49999999999999,0.6083333333333333,255.23992040520983,3.8301797206090087,0.575,0.631768953068592,3.1739130434782608
2021-03-08 15:00:00,15,22,0,5,16,1,0,9,6,3,9,3,5.433333333333334,177.0,4.0,11.08,55.00000000000001,0.5645161290322581,181.03892040520984,4.334509353462422,0.55,0.8122743682310469,3.1818181818181817
2021-03-08 16:00:00,16,23,0,6,16,1,0,9,6,2,8,2,6.433333333333334,179.0,4.0,11.08,57.49999999999999,0.578125,174.5556136034732,4.463404489091195,0.575,0.8122743682310469,3.217391304347826
2021-03-08 17:00:00,17,17,0,4,12,1,0,2,6,1,7,1,7.433333333333334,183.0,4.0,11.08,42.5,0.4090909090909091,153.05730680173662,1.9233701422807388,0.425,0.1805054151624548,3.176470588235294
2021-03-08 18:00:00,18,15,0,4,10,1,0,4,3,1,4,1,8.433333333333334,374.5,4.0,11.08,37.5,0.3333333333333333,114.20730680173662,2.355234657039712,0.375,0.3610108303249097,3.2
2021-03-08 19:00:00,19,18,0,3,11,2,2,8,3,1,4,1,9.433333333333334,308.0,4.0,11.08,45.0,0.3541666666666667,126.2823068017366,3.320728038507822,0.45,0.7220216606498195,2.833333333333333
2021-03-08 20:00:00,20,14,0,1,9,3,1,4,3,0,3,0,10.433333333333334,259.0,4.0,9.82,35.0,0.2567567567567567,109.074,2.055615362234507,0.35,0.4073319755600814,2.7142857142857144
2021-03-08 21:00:00,21,19,0,0,14,4,1,10,4,0,4,0,11.433333333333334,238.0,4.0,9.82,47.5,0.3541666666666667,138.839,4.008411941258441,0.475,1.0183299389002036,2.6842105263157894
2021-03-08 22:00:00,22,18,1,1,12,3,1,5,5,1,6,1,12.433333333333334,161.5,3.0,6.5,45.0,0.5098039215686274,170.0023068017366,3.5222222222222226,0.45,0.7692307692307693,2.888888888888889
2021-03-08 23:00:00,23,14,1,1,10,1,1,4,6,1,7,1,13.433333333333334,103.0,3.0,6.5,35.0,0.4242424242424242,180.4623068017366,2.896153846153846,0.35,0.6153846153846154,3.0
2021-03-09 00:00:00,0,13,1,1,8,2,1,3,7,1,8,1,14.433333333333334,143.0,3.0,6.5,32.5,0.3958333333333333,197.35730680173663,2.299112426035503,0.325,0.4615384615384615,2.923076923076923
2021-03-09 01:00:00,1,14,1,2,9,1,1,2,7,1,8,1,15.433333333333334,203.0,3.0,6.5,35.0,0.4479166666666667,205.1423068017366,2.020054945054945,0.35,0.3076923076923077,3.071428571428572
2021-03-09 02:00:00,2,13,0,2,8,2,1,2,7,0,7,0,16.433333333333334,243.0,3.0,6.5,32.5,0.3737373737373737,194.369,1.8007396449704145,0.325,0.3076923076923077,2.8461538461538463
2021-03-09 03:00:00,3,13,0,2,9,1,1,3,7,0,7,0,17.433333333333334,303.0,3.0,6.5,32.5,0.3838383838383838,200.009,2.299112426035503,0.325,0.4615384615384615,2.923076923076923
2021-03-09 04:00:00,4,11,0,2,7,1,1,0,7,0,7,0,18.433333333333334,363.0,3.0,6.5,27.500000000000004,0.3232323232323232,201.359,0.8,0.275,0.0,2.909090909090909
2021-03-09 05:00:00,5,12,0,1,9,1,1,2,8,0,8,0,19.433333333333334,417.0,3.0,6.5,30.0,0.3541666666666667,222.544,1.721794871794872,0.3,0.3076923076923077,2.833333333333333
2021-03-09 06:00:00,6,13,0,2,9,1,1,3,10,0,10,0,20.433333333333334,468.5,3.0,6.5,32.5,0.4222222222222222,257.129,2.299112426035503,0.325,0.4615384615384615,2.923076923076923
2021-03-09 07:00:00,7,19,0,3,14,1,1,6,11,0,11,0,21.433333333333334,526.0,3.0,6.5,47.5,0.6551724137931034,289.039,4.194230769230769,0.475,0.9230769230769232,3.0
2021-03-09 08:00:00,8,20,0,4,14,1,1,3,13,0,13,0,22.433333333333334,490.0,3.0,6.59,50.0,0.7530864197530864,323.624,2.913467374810318,0.5,0.4552352048558422,3.05
2021-03-09 09:00:00,9,16,0,4,10,1,1,1,9,0,9,0,23.433333333333334,270.0,3.0,6.59,40.0,0.5268817204301075,267.084,1.6897192716236722,0.4,0.1517450682852807,3.0625
2021-03-09 10:00:00,10,22,0,3,17,1,1,8,11,0,11,0,24.433333333333334,240.0,4.0,9.91,55.00000000000001,0.5689655172413793,312.394,4.071796165489404,0.55,0.8072653884964682,3.0
2021-03-09 11:00:00,11,28,0,5,22,1,0,13,11,2,13,2,17.6,219.0,4.0,9.91,70.0,0.8148148148148148,315.26061360347325,6.32281966267839,0.7,1.3118062563067607,3.142857142857143
2021-03-09 12:00:00,12,32,1,6,24,1,0,7,15,2,17,2,18.6,117.0,4.0,9.91,80.0,1.1195652173913044,383.0806136034733,4.848587285570131,0.8,0.7063572149344097,3.21875
2021-03-09 13:00:00,13,32,2,6,23,1,0,6,14,3,17,3,19.6,127.0,4.0,9.91,80.0,1.141304347826087,389.5889204052098,4.611629667003028,0.8,0.6054490413723511,3.28125
2021-03-09 14:00:00,14,27,3,4,19,1,0,3,9,4,13,4,20.6,182.0,4.0,9.91,67.5,0.8333333333333334,331.77222720694647,3.259081735620585,0.675,0.3027245206861755,3.333333333333333
2021-03-09 15:00:00,15,25,2,5,17,1,0,9,8,4,12,4,21.6,238.0,4.0,9.91,62.5,0.7410714285714286,319.72222720694646,5.090136226034309,0.625,0.9081735620585268,3.32
2021-03-09 16:00:00,16,27,1,4,20,2,0,8,8,3,11,3,22.6,251.0,4.0,9.91,67.5,0.7327586206896551,315.38392040520984,4.666391037859253,0.675,0.8072653884964682,3.1481481481481484
2021-03-09 17:00:00,17,30,0,4,25,1,0,8,8,3,11,3,23.6,137.0,4.0,9.91,75.0,0.8017241379310345,327.4589204052098,4.827522704339052,0.75,0.8072653884964682,3.1
2021-03-09 18:00:00,18,30,0,5,24,1,0,7,8,3,11,3,24.6,183.0,4.0,9.91,75.0,0.8103448275862069,333.0989204052098,4.563252606794483,0.75,0.7063572149344097,3.1333333333333333
2021-03-09 19:00:00,19,27,0,4,21,2,0,7,7,3,10,3,25.6,149.0,4.0,9.91,67.5,0.6916666666666667,318.9039204052098,4.246394401465038,0.675,0.7063572149344097,3.074074074074074
2021-03-09 20:00:00,20,23,0,3,19,1,0,4,5,2,7,2,26.6,124.0,4.0,11.3,57.49999999999999,0.5378787878787878,274.89561360347324,2.867727972297037,0.575,0.3539823008849558,3.0869565217391304
2021-03-09 21:00:00,21,15,0,1,13,1,0,4,2,0,2,0,27.6,432.5,4.0,11.3,37.5,0.2960526315789473,194.639,2.186946902654868,0.375,0.3539823008849558,3.0
2021-03-09 22:00:00,22,18,0,2,14,2,0,8,2,0,2,0,28.6,387.5,3.0,7.979999999999999,45.0,0.4736842105263157,206.714,4.357518796992482,0.45,1.0025062656641606,3.0
2021-03-09 23:00:00,23,16,0,2,13,1,0,1,2,0,2,0,29.6,447.5,3.0,7.979999999999999,40.0,0.4298245614035088,208.064,1.6087719298245615,0.4,0.12531328320802,3.0625
2021-03-10 00:00:00,0,19,0,3,15,1,0,7,3,0,3,0,30.6,154.0,3.0,7.979999999999999,47.5,0.5315315315315315,233.539,4.198915050784858,0.475,0.8771929824561404,3.1052631578947367
2021-03-10 01:00:00,1,21,0,3,17,1,0,5,4,0,4,0,31.6,151.0,3.0,7.979999999999999,52.5,0.6018518518518519,256.869,3.5643722401241207,0.525,0.6265664160401003,3.095238095238096
2021-03-10 02:00:00,2,19,0,3,15,1,0,2,4,0,4,0,32.6,211.0,3.0,7.979999999999999,47.5,0.5462962962962963,258.219,2.253261443081388,0.475,0.2506265664160401,3.1052631578947367
2021-03-10 03:00:00,3,17,0,3,13,1,0,2,4,0,4,0,33.6,271.0,3.0,7.979999999999999,42.5,0.4907407407407407,259.569,2.1063651776500074,0.425,0.2506265664160401,3.117647058823529
2021-03-10 04:00:00,4,19,0,3,15,1,0,3,5,0,5,0,34.6,268.0,3.0,7.979999999999999,47.5,0.5619047619047619,282.899,2.6423921646220814,0.475,0.3759398496240602,3.1052631578947367
2021-03-10 05:00:00,5,18,0,3,14,1,0,3,4,0,4,0,35.6,391.0,3.0,7.979999999999999,45.0,0.5185185185185185,272.994,2.569590643274854,0.45,0.3759398496240602,3.111111111111111
2021-03-10 06:00:00,6,18,0,3,14,1,0,1,4,0,4,0,36.6,451.0,3.0,7.979999999999999,45.0,0.5185185185185185,278.634,1.7898635477582847,0.45,0.12531328320802,3.111111111111111
2021-03-10 07:00:00,7,20,0,3,16,1,0,2,4,0,4,0,37.6,511.0,3.0,7.979999999999999,50.0,0.5740740740740741,288.564,2.326942355889724,0.5,0.2506265664160401,3.1
2021-03-10 08:00:00,8,19,0,3,14,2,0,5,5,0,5,0,38.6,508.0,3.0,7.76,47.5,0.5523809523809524,305.459,3.4169017905588714,0.475,0.6443298969072165,3.0526315789473686
2021-03-10 09:00:00,9,23,0,3,18,2,0,6,6,0,6,0,39.6,59.0,3.0,7.76,57.49999999999999,0.6862745098039216,333.079,4.10320484087853,0.575,0.7731958762886598,3.0434782608695654
2021-03-10 10:00:00,10,25,0,4,20,1,0,8,7,0,7,0,16.5,91.0,4.0,11.01,62.5,0.5909090909090909,220.485,4.217029972752044,0.625,0.7266121707538601,3.12
2021-03-10 11:00:00,11,27,1,7,18,0,1,11,9,1,10,1,16.266666666666666,136.5,4.0,11.01,67.5,0.7333333333333333,264.5273068017366,5.456298987452484,0.675,0.9990917347865576,3.259259259259259
2021-03-10 12:00:00,12,25,1,7,16,1,0,6,9,1,10,1,14.566666666666666,165.5,4.0,11.01,62.5,0.6916666666666667,250.6493068017366,3.884264305177112,0.625,0.5449591280653951,3.32
2021-03-10 13:00:00,13,27,1,7,18,1,0,5,9,2,11,2,15.566666666666666,184.0,4.0,11.01,67.5,0.7672413793103449,274.84761360347323,3.721955629562351,0.675,0.4541326067211625,3.2962962962962963
2021-03-10 14:00:00,14,22,0,5,16,1,0,3,6,1,7,1,16.566666666666666,331.0,4.0,11.01,55.00000000000001,0.5303030303030303,215.29430680173655,2.6169804310131286,0.55,0.2724795640326976,3.1818181818181817
2021-03-10 15:00:00,15,17,0,1,16,0,0,2,3,1,4,1,13.55,313.5,4.0,11.01,42.5,0.3611111111111111,147.35530680173662,1.8556446011647163,0.425,0.181653042688465,3.0588235294117645
2021-03-10 16:00:00,16,13,0,0,13,0,0,4,2,0,2,0,14.55,22.0,4.0,11.01,32.5,0.2565789473684211,116.747,2.06491825613079,0.325,0.36330608537693,3.0
2021-03-10 17:00:00,17,18,0,1,17,0,0,8,5,0,5,0,15.55,20.0,4.0,11.01,45.0,0.3928571428571428,173.312,3.5952038550812397,0.45,0.7266121707538601,3.055555555555556
2021-03-10 18:00:00,18,19,0,2,15,2,0,6,5,0,5,0,16.55,69.0,4.0,11.01,47.5,0.4071428571428571,181.097,3.0598773841961857,0.475,0.5449591280653951,3.0
2021-03-10 19:00:00,19,20,0,3,16,1,0,6,5,0,5,0,10.25,106.0,4.0,11.01,50.0,0.4428571428571428,147.71,3.239373297002725,0.5,0.5449591280653951,3.1
2021-03-10 20:00:00,20,19,0,4,15,0,0,5,6,0,6,0,11.25,121.0,4.0,10.05,47.5,0.4485294117647059,164.605,3.1222767740246136,0.475,0.4975124378109452,3.210526315789474
2021-03-10 21:00:00,21,20,0,6,13,1,0,10,6,0,6,0,12.25,126.0,4.0,10.05,50.0,0.4779411764705882,172.39,4.858830845771144,0.5,0.9950248756218903,3.25
2021-03-10 22:00:00,22,20,0,6,11,3,0,5,4,0,4,0,13.25,186.0,3.0,6.8,50.0,0.5833333333333334,151.23,3.8911764705882352,0.5,0.7352941176470589,3.15
2021-03-10 23:00:00,23,16,0,5,10,1,0,5,3,0,3,0,14.25,219.0,3.0,6.8,40.0,0.4684684684684684,134.89,3.689705882352941,0.4,0.7352941176470589,3.25
2021-03-11 00:00:00,0,12,0,4,7,1,0,1,3,0,3,0,15.25,279.0,3.0,6.8,30.0,0.3513513513513513,131.95,1.4529411764705882,0.3,0.1470588235294117,3.25
2021-03-11 01:00:00,1,22,0,6,14,2,0,13,4,0,4,0,16.25,250.0,3.0,6.8,55.00000000000001,0.6481481481481481,172.44,7.832887700534759,0.55,1.911764705882353,3.1818181818181817
2021-03-11 02:00:00,2,20,0,5,14,1,0,3,5,0,5,0,17.25,221.0,3.0,6.8,50.0,0.6095238095238096,187.19,3.011764705882353,0.5,0.4411764705882353,3.2
2021-03-11 03:00:00,3,17,0,5,11,1,0,2,5,0,5,0,18.25,281.0,3.0,6.8,42.5,0.5238095238095238,186.395,2.3265570934256057,0.425,0.2941176470588235,3.235294117647059
2021-03-11 04:00:00,4,17,0,5,11,1,0,1,5,0,5,0,19.25,341.0,3.0,6.8,42.5,0.5238095238095238,192.035,1.8507785467128024,0.425,0.1470588235294117,3.235294117647059
2021-03-11 05:00:00,5,17,0,6,10,1,0,4,5,0,5,0,20.25,401.0,3.0,6.8,42.5,0.5333333333333333,197.675,3.3377162629757784,0.425,0.5882352941176471,3.294117647058824
2021-03-11 06:00:00,6,19,1,6,10,2,0,4,5,1,6,1,21.25,399.0,3.0,6.8,47.5,0.6176470588235294,221.87330680173665,3.5254643962848298,0.475,0.5882352941176471,3.3157894736842106
2021-03-11 07:00:00,7,15,1,5,7,2,0,1,5,1,6,1,22.25,459.0,3.0,6.8,37.5,0.4901960784313725,218.9333068017366,1.7401960784313728,0.375,0.1470588235294117,3.333333333333333
2021-03-11 08:00:00,8,19,1,7,9,2,0,5,6,1,7,1,23.25,457.0,3.0,6.38,47.5,0.6464646464646465,246.5533068017366,4.239828411153274,0.475,0.7836990595611285,3.3684210526315788
2021-03-11 09:00:00,9,15,0,4,9,2,0,2,3,0,3,0,24.25,641.0,3.0,6.38,37.5,0.4234234234234234,189.145,2.157236154649948,0.375,0.3134796238244514,3.1333333333333333
2021-03-11 10:00:00,10,20,0,3,14,2,1,10,5,0,5,0,25.25,22.0,4.0,11.1,50.0,0.4214285714285714,232.31,4.132657657657658,0.5,0.9009009009009008,2.95
2021-03-11 11:00:00,11,20,1,7,10,1,1,9,5,0,5,0,15.65,68.0,4.0,11.1,50.0,0.4714285714285714,178.166,4.325675675675676,0.5,0.8108108108108109,3.3
2021-03-11 12:00:00,12,21,0,6,14,1,0,8,5,0,5,0,11.966666666666669,126.0,4.0,11.1,52.5,0.4857142857142857,159.53699999999998,4.033762333762335,0.525,0.7207207207207208,3.238095238095238
2021-03-11 13:00:00,13,21,0,6,14,1,0,6,5,0,5,0,8.1,161.0,4.0,11.1,52.5,0.4857142857142857,137.72899999999998,3.4503217503217507,0.525,0.5405405405405406,3.238095238095238
2021-03-11 14:00:00,14,16,0,3,12,1,0,4,4,0,4,0,8.233333333333333,60.0,4.0,11.1,40.0,0.3472222222222222,114.356,2.376126126126126,0.4,0.3603603603603604,3.125
2021-03-11 15:00:00,15,16,1,3,12,0,0,7,3,1,4,1,4.983333333333333,54.0,4.0,11.1,40.0,0.3680555555555556,96.8943068017366,3.4139639639639645,0.4,0.6306306306306306,3.3125
2021-03-11 16:00:00,16,20,1,3,16,0,0,10,3,1,4,1,5.983333333333333,88.0,4.0,11.1,50.0,0.4513888888888889,111.11430680173665,4.552927927927929,0.5,0.9009009009009008,3.25
2021-03-11 17:00:00,17,22,1,6,15,0,0,5,4,1,5,1,6.983333333333333,145.0,4.0,11.1,55.00000000000001,0.5285714285714286,134.44430680173662,3.365151515151516,0.55,0.4504504504504504,3.363636363636364
2021-03-11 18:00:00,18,23,1,5,17,0,0,8,6,1,7,1,7.75,165.0,4.0,11.1,57.49999999999999,0.5757575757575758,167.71330680173662,4.281511946729338,0.575,0.7207207207207208,3.3043478260869565
2021-03-11 19:00:00,19,20,1,3,16,0,0,6,4,1,5,1,8.616666666666667,80.0,4.0,11.1,50.0,0.4642857142857143,139.3663068017366,3.381756756756757,0.5,0.5405405405405406,3.25
2021-03-11 20:00:00,20,19,1,3,14,1,0,6,4,1,5,1,9.616666666666667,74.0,4.0,11.5,47.5,0.4357142857142857,142.86130680173662,3.2000572082379866,0.475,0.5217391304347826,3.210526315789474
2021-03-11 21:00:00,21,19,1,3,14,1,0,7,3,1,4,1,10.616666666666667,98.0,4.0,11.5,47.5,0.4236111111111111,135.1013068017366,3.4792334096109845,0.475,0.6086956521739131,3.210526315789474
2021-03-11 22:00:00,22,20,2,2,15,1,0,11,3,2,5,2,11.616666666666667,42.0,3.0,6.779999999999999,50.0,0.6190476190476191,157.15461360347322,6.897861356932154,0.5,1.6224188790560474,3.25
2021-03-11 23:00:00,23,26,1,2,22,1,0,8,3,1,4,1,12.616666666666667,100.5,3.0,6.779999999999999,65.0,0.75,161.3963068017366,5.700970047651464,0.65,1.1799410029498527,3.1153846153846154
2021-03-12 00:00:00,0,21,0,2,18,1,0,6,4,0,4,0,13.616666666666667,160.5,3.0,6.779999999999999,52.5,0.5925925925925926,155.443,4.297008006742519,0.525,0.8849557522123894,3.0476190476190474
2021-03-12 01:00:00,1,23,0,3,19,1,0,6,4,0,4,0,14.616666666666667,220.5,3.0,6.779999999999999,57.49999999999999,0.6574074074074074,165.373,4.506819930742593,0.575,0.8849557522123894,3.0869565217391304
2021-03-12 02:00:00,2,15,0,3,10,2,0,3,4,0,4,0,15.616666666666667,280.5,3.0,6.779999999999999,37.5,0.4259259259259259,153.853,2.5069321533923308,0.375,0.4424778761061947,3.066666666666667
2021-03-12 03:00:00,3,13,0,4,8,1,0,1,4,0,4,0,11.383333333333333,340.5,3.0,6.779999999999999,32.5,0.3888888888888889,125.687,1.5265146358066717,0.325,0.1474926253687316,3.230769230769231
2021-03-12 04:00:00,4,14,0,3,10,1,0,2,5,0,5,0,12.383333333333333,399.0,3.0,6.779999999999999,35.0,0.419047619047619,146.872,2.0270965023177414,0.35,0.2949852507374632,3.142857142857143
2021-03-12 05:00:00,5,13,0,3,9,1,0,1,5,0,5,0,13.383333333333333,459.0,3.0,6.779999999999999,32.5,0.3904761904761905,150.36700000000002,1.4901690492398458,0.325,0.1474926253687316,3.1538461538461537
2021-03-12 06:00:00,6,16,0,4,11,1,0,4,5,0,5,0,14.383333333333333,519.0,3.0,6.779999999999999,40.0,0.4857142857142857,162.44199999999998,3.155530973451328,0.4,0.5899705014749264,3.1875
2021-03-12 07:00:00,7,17,0,4,12,1,0,1,5,0,5,0,15.383333333333333,579.0,3.0,6.779999999999999,42.5,0.5142857142857142,170.22699999999998,1.8185059864653823,0.425,0.1474926253687316,3.176470588235294
2021-03-12 08:00:00,8,19,0,4,14,1,0,6,6,0,6,0,16.383333333333333,565.5,3.0,6.35,47.5,0.5882352941176471,193.557,4.483837546622462,0.475,0.9448818897637796,3.1578947368421053
2021-03-12 09:00:00,9,22,0,4,16,2,0,8,3,0,3,0,17.383333333333333,100.0,3.0,6.35,55.00000000000001,0.6126126126126126,165.43200000000002,5.594058697208303,0.55,1.2598425196850394,3.090909090909091
2021-03-12 10:00:00,10,15,0,1,13,1,0,6,4,0,4,0,18.383333333333333,67.0,4.0,9.6,37.5,0.3125,169.457,3.0,0.375,0.625,3.0
2021-03-12 11:00:00,11,21,0,2,19,0,0,13,6,0,6,0,15.666666666666666,55.0,4.0,9.6,52.5,0.4779411764705882,193.805,5.816468253968255,0.525,1.3541666666666667,3.095238095238096
2021-03-12 12:00:00,12,18,0,3,15,0,0,4,8,0,8,0,16.666666666666668,79.5,4.0,9.6,45.0,0.4453125,219.81,2.7444444444444445,0.45,0.4166666666666667,3.1666666666666665
2021-03-12 13:00:00,13,13,0,3,9,1,0,1,5,0,5,0,17.666666666666668,136.0,4.0,9.6,32.5,0.2928571428571428,174.525,1.353525641025641,0.325,0.1041666666666666,3.1538461538461537
2021-03-12 14:00:00,14,15,0,4,11,0,0,6,5,0,5,0,18.666666666666668,144.0,4.0,9.6,37.5,0.35,184.455,3.2666666666666666,0.375,0.625,3.2666666666666666
2021-03-12 15:00:00,15,17,0,4,13,0,0,5,6,0,6,0,7.1,161.0,4.0,9.6,42.5,0.4044117647058823,136.909,3.060049019607843,0.425,0.5208333333333334,3.235294117647059
2021-03-12 16:00:00,16,17,0,5,12,0,0,5,4,1,5,1,8.1,66.0,4.0,9.6,42.5,0.4,130.0173068017366,3.1156862745098035,0.425,0.5208333333333334,3.294117647058824
2021-03-12 17:00:00,17,18,0,5,13,0,0,6,5,1,6,1,9.1,121.5,4.0,9.6,45.0,0.4338235294117647,151.2023068017366,3.523611111111111,0.45,0.625,3.2777777777777777
2021-03-12 18:00:00,18,16,0,3,12,1,0,1,5,1,6,1,7.466666666666667,181.5,4.0,9.6,40.0,0.3676470588235294,137.70030680173662,1.5755208333333333,0.4,0.1041666666666666,3.125
2021-03-12 19:00:00,19,20,0,3,16,1,0,9,5,0,5,0,8.466666666666667,237.0,4.0,9.6,50.0,0.4428571428571428,137.652,4.45625,0.5,0.9375,3.1
2021-03-12 20:00:00,20,24,1,3,18,2,0,7,7,1,8,1,9.466666666666669,84.0,4.0,9.91,60.0,0.5859375,192.9403068017366,4.08236629667003,0.6,0.7063572149344097,3.125
2021-03-12 21:00:00,21,22,1,3,15,3,0,4,7,1,8,1,10.466666666666669,112.5,4.0,9.91,55.00000000000001,0.53125,194.29030680173665,2.9475919640399963,0.55,0.4036326942482341,3.090909090909091
2021-03-12 22:00:00,22,15,0,2,11,2,0,6,3,1,4,1,11.466666666666669,64.5,3.0,6.66,37.5,0.4166666666666667,131.3153068017366,3.827702702702703,0.375,0.9009009009009008,3.0
2021-03-12 23:00:00,23,15,0,2,10,3,0,8,3,0,3,0,12.466666666666669,98.0,3.0,6.66,37.5,0.3963963963963964,122.687,4.623523523523523,0.375,1.2012012012012012,2.933333333333333
2021-03-13 00:00:00,0,15,0,3,8,4,0,7,3,0,3,0,13.466666666666669,93.0,3.0,6.66,37.5,0.3963963963963964,128.327,4.183083083083083,0.375,1.0510510510510511,2.933333333333333
2021-03-13 01:00:00,1,13,0,2,8,3,0,2,4,0,4,0,14.466666666666669,118.5,3.0,6.66,32.5,0.3518518518518518,143.077,1.8278008778008776,0.325,0.3003003003003003,2.923076923076923
2021-03-13 02:00:00,2,15,0,3,9,3,0,5,4,0,4,0,15.466666666666669,178.5,3.0,6.66,37.5,0.4166666666666667,153.007,3.3772522522522523,0.375,0.7507507507507507,3.0
2021-03-13 03:00:00,3,14,0,3,9,2,0,2,4,0,4,0,16.466666666666665,238.5,3.0,6.66,35.0,0.3981481481481481,156.50199999999998,1.9973509223509225,0.35,0.3003003003003003,3.071428571428572
2021-03-13 04:00:00,4,13,0,3,8,2,0,1,4,0,4,0,17.466666666666665,298.5,3.0,6.66,32.5,0.3703703703703703,159.997,1.462000462000462,0.325,0.1501501501501501,3.076923076923077
2021-03-13 05:00:00,5,15,0,3,9,3,0,2,4,0,4,0,18.466666666666665,358.5,3.0,6.66,37.5,0.4166666666666667,169.927,2.025900900900901,0.375,0.3003003003003003,3.0
2021-03-13 06:00:00,6,18,0,3,11,4,0,4,5,0,5,0,19.466666666666665,384.0,3.0,6.66,45.0,0.5047619047619047,195.402,3.0934351017684354,0.45,0.6006006006006006,2.9444444444444446
2021-03-13 07:00:00,7,17,0,3,13,1,0,3,5,0,5,0,20.466666666666665,444.0,3.0,6.66,42.5,0.5047619047619047,198.897,2.7293455219925806,0.425,0.4504504504504504,3.117647058823529
2021-03-13 08:00:00,8,15,0,3,11,1,0,3,6,0,6,0,21.466666666666665,474.0,3.0,6.68,37.5,0.4607843137254901,213.647,2.582185628742516,0.375,0.4491017964071856,3.1333333333333333
2021-03-13 09:00:00,9,16,0,4,11,1,0,5,3,2,5,2,22.466666666666665,113.0,3.0,6.68,40.0,0.4857142857142857,209.76861360347323,3.660853293413173,0.4,0.7485029940119761,3.1875
2021-03-13 10:00:00,10,18,0,5,11,2,0,6,2,2,4,2,23.466666666666665,94.5,4.0,10.38,45.0,0.3958333333333333,206.2986136034732,3.2554431599229288,0.45,0.5780346820809249,3.1666666666666665
2021-03-13 11:00:00,11,22,1,5,14,1,1,8,4,3,7,3,24.466666666666665,48.0,4.0,10.38,55.00000000000001,0.5303030303030303,261.58692040520987,4.2022683482221055,0.55,0.7707129094412332,3.1818181818181817
2021-03-13 12:00:00,12,17,0,4,11,1,1,1,4,1,5,1,13.983333333333333,108.0,4.0,10.38,42.5,0.3714285714285714,163.1993068017366,1.5946843477275303,0.425,0.0963391136801541,3.0588235294117645
2021-03-13 13:00:00,13,18,1,1,15,1,0,9,2,1,3,1,5.983333333333333,124.0,4.0,10.38,45.0,0.3783783783783784,93.42430680173662,4.097495183044316,0.45,0.8670520231213874,3.111111111111111
2021-03-13 14:00:00,14,20,1,1,16,2,0,7,3,2,5,2,4.183333333333334,109.0,4.0,10.38,50.0,0.4357142857142857,115.23061360347322,3.5818400770712904,0.5,0.674373795761079,3.05
2021-03-13 15:00:00,15,21,1,1,17,2,0,6,3,1,4,1,5.183333333333334,170.0,4.0,10.38,52.5,0.4444444444444444,108.7473068017366,3.3616295072942477,0.525,0.5780346820809249,3.0476190476190474
2021-03-13 16:00:00,16,17,1,0,15,1,0,6,2,1,3,1,6.183333333333334,150.0,4.0,10.38,42.5,0.3513513513513513,92.4073068017366,3.068106086365181,0.425,0.5780346820809249,3.0588235294117645
2021-03-13 17:00:00,17,17,1,0,12,4,0,8,3,0,3,0,7.183333333333334,38.0,4.0,10.38,42.5,0.3310810810810811,97.179,3.446466621330613,0.425,0.7707129094412332,2.8823529411764706
2021-03-13 18:00:00,18,14,2,2,7,3,0,6,4,1,5,1,5.583333333333333,33.0,4.0,10.38,35.0,0.3214285714285714,109.3883068017366,2.9829686209744013,0.35,0.5780346820809249,3.2142857142857144
2021-03-13 19:00:00,19,14,1,2,9,2,0,6,3,1,4,1,3.4166666666666665,86.5,4.0,10.38,35.0,0.3055555555555556,83.76830680173661,2.9166804293971924,0.35,0.5780346820809249,3.142857142857143
2021-03-13 20:00:00,20,12,1,2,9,0,0,9,3,2,5,2,2.55,122.0,4.0,10.3,30.0,0.2857142857142857,88.85861360347323,3.912621359223301,0.3,0.8737864077669902,3.333333333333333
2021-03-13 21:00:00,21,10,0,0,8,2,0,10,1,1,2,1,1.65,79.5,4.0,10.3,25.0,0.1842105263157894,38.424306801736606,3.4184466019417474,0.25,0.9708737864077668,2.8
2021-03-13 22:00:00,22,15,0,2,12,1,0,8,3,1,4,1,2.65,67.0,3.0,6.6,37.5,0.4259259259259259,81.58930680173661,4.8671717171717175,0.375,1.2121212121212122,3.066666666666667
2021-03-13 23:00:00,23,16,0,3,11,2,0,9,5,2,7,2,3.65,70.0,3.0,6.6,40.0,0.494949494949495,130.4426136034732,5.401136363636364,0.4,1.3636363636363638,3.0625
2021-03-14 00:00:00,0,16,0,4,10,2,0,5,6,2,8,2,4.65,122.5,3.0,6.6,40.0,0.5208333333333334,149.48261360347323,3.617424242424242,0.4,0.7575757575757576,3.125
2021-03-14 01:00:00,1,18,0,5,11,2,0,5,6,1,7,1,5.0,175.0,3.0,6.6,45.0,0.5757575757575758,141.4783068017366,3.8239898989898986,0.45,0.7575757575757576,3.1666666666666665
2021-03-14 02:00:00,2,16,0,4,10,2,0,5,6,0,6,0,6.0,242.5,3.0,6.6,40.0,0.4901960784313725,128.56,3.617424242424242,0.4,0.7575757575757576,3.125
2021-03-14 03:00:00,3,11,0,4,5,2,0,2,6,0,6,0,7.0,302.5,3.0,6.6,27.500000000000004,0.3431372549019608,123.475,1.839187327823692,0.275,0.303030303030303,3.1818181818181817
2021-03-14 04:00:00,4,13,0,4,7,2,0,3,6,0,6,0,8.0,362.5,3.0,6.6,32.5,0.4019607843137255,133.405,2.4585664335664337,0.325,0.4545454545454546,3.1538461538461537
2021-03-14 05:00:00,5,14,0,4,8,2,0,3,8,0,8,0,9.0,401.5,3.0,6.6,35.0,0.4583333333333333,167.98999999999998,2.5285714285714285,0.35,0.4545454545454546,3.142857142857143
2021-03-14 06:00:00,6,14,0,4,8,2,0,2,10,0,10,0,10.0,427.5,3.0,6.6,35.0,0.4888888888888889,200.43,2.0523809523809526,0.35,0.303030303030303,3.142857142857143
2021-03-14 07:00:00,7,21,1,4,12,4,0,7,10,1,11,1,11.0,467.0,3.0,6.6,52.5,0.7471264367816092,235.3533068017366,4.907828282828283,0.525,1.0606060606060606,3.095238095238096
2021-03-14 08:00:00,8,25,1,4,17,3,0,8,10,1,11,1,12.0,527.0,3.0,6.65,62.5,0.896551724137931,249.57330680173663,5.703383458646616,0.625,1.2030075187969924,3.12
2021-03-14 09:00:00,9,23,1,1,20,1,0,8,6,1,7,1,10.533333333333331,133.0,3.0,6.65,57.49999999999999,0.7171717171717171,183.4113068017366,5.488631905851585,0.575,1.2030075187969924,3.0869565217391304
2021-03-14 10:00:00,10,19,0,0,18,1,0,4,4,0,4,0,11.533333333333331,83.0,4.0,9.99,47.5,0.3888888888888889,139.403,2.5801274959169693,0.475,0.4004004004004003,2.9473684210526314
2021-03-14 11:00:00,11,15,0,2,12,1,0,9,4,0,4,0,12.533333333333331,124.5,4.0,9.99,37.5,0.3194444444444444,136.46300000000002,3.912762762762764,0.375,0.9009009009009008,3.066666666666667
2021-03-14 12:00:00,12,15,0,2,13,0,0,6,4,0,4,0,5.95,152.0,4.0,9.99,37.5,0.3263888888888889,99.333,3.056881881881882,0.375,0.6006006006006006,3.1333333333333333
2021-03-14 13:00:00,13,17,1,3,13,0,0,7,6,0,6,0,4.433333333333334,124.5,4.0,9.99,42.5,0.4117647058823529,121.869,3.708190543484661,0.425,0.7007007007007007,3.294117647058824
2021-03-14 14:00:00,14,27,3,3,20,1,0,16,6,4,10,4,5.433333333333334,71.0,4.0,9.99,67.5,0.7416666666666667,206.0322272069465,7.504353427501576,0.675,1.6016016016016017,3.2962962962962963
2021-03-14 15:00:00,15,24,2,3,16,3,0,10,4,5,9,5,6.433333333333334,109.0,4.0,9.99,60.0,0.6129032258064516,192.70553400868303,5.069836503169837,0.6,1.001001001001001,3.1666666666666665
2021-03-14 16:00:00,16,23,2,1,17,3,0,9,6,3,9,3,7.433333333333334,152.0,4.0,9.99,57.49999999999999,0.5725806451612904,194.46392040520985,4.556041911476694,0.575,0.9009009009009008,3.0869565217391304
2021-03-14 17:00:00,17,24,1,1,20,2,0,10,7,2,9,2,8.433333333333334,212.0,4.0,9.99,60.0,0.5887096774193549,201.3806136034732,4.869711378044712,0.6,1.001001001001001,3.0416666666666665
2021-03-14 18:00:00,18,25,0,2,21,2,0,14,7,0,7,0,9.433333333333334,44.0,4.0,9.99,62.5,0.5681818181818182,180.629,6.0792042042042045,0.625,1.4014014014014011,3.0
2021-03-14 19:00:00,19,22,0,1,20,1,0,11,6,0,6,0,10.433333333333334,102.5,4.0,9.99,55.00000000000001,0.4852941176470588,166.434,4.953303303303303,0.55,1.1011011011011012,3.0
2021-03-14 20:00:00,20,16,0,1,14,1,0,6,3,0,3,0,11.433333333333334,443.0,4.0,9.94,40.0,0.3243243243243243,119.00400000000002,3.0108651911468813,0.4,0.6036217303822938,3.0
2021-03-14 21:00:00,21,14,0,1,12,1,0,6,1,0,1,0,8.383333333333333,503.0,4.0,9.94,35.0,0.2692307692307692,70.71199999999999,2.860865191146881,0.35,0.6036217303822938,3.0
2021-03-14 22:00:00,22,21,1,4,14,2,0,12,3,0,3,0,9.383333333333333,50.0,3.0,6.6,52.5,0.6036036036036037,118.167,7.475865800865802,0.525,1.8181818181818183,3.1904761904761907
2021-03-14 23:00:00,23,15,0,3,11,1,0,3,4,0,4,0,10.383333333333333,85.5,3.0,6.6,37.5,0.4351851851851852,124.337,2.599242424242424,0.375,0.4545454545454546,3.1333333333333333
2021-03-15 00:00:00,0,15,0,3,11,1,0,10,4,0,4,0,11.383333333333333,145.5,3.0,6.6,37.5,0.4351851851851852,129.977,5.922474747474747,0.375,1.5151515151515151,3.1333333333333333
2021-03-15 01:00:00,1,11,0,3,6,2,0,3,4,0,4,0,12.383333333333333,205.5,3.0,6.6,27.500000000000004,0.3148148148148148,127.037,2.2549586776859507,0.275,0.4545454545454546,3.090909090909091
2021-03-15 02:00:00,2,17,1,4,9,3,0,8,6,0,6,0,13.383333333333333,231.5,3.0,6.6,42.5,0.5294117647058824,172.347,5.200267379679144,0.425,1.2121212121212122,3.176470588235294
2021-03-15 03:00:00,3,19,0,3,15,1,0,8,6,0,6,0,14.383333333333333,291.5,3.0,6.6,47.5,0.5784313725490197,182.277,5.238955342902711,0.475,1.2121212121212122,3.1052631578947367
2021-03-15 04:00:00,4,20,0,4,14,2,0,5,7,0,7,0,15.383333333333333,342.0,3.0,6.6,50.0,0.6262626262626263,203.462,3.898484848484848,0.5,0.7575757575757576,3.1
2021-03-15 05:00:00,5,21,0,4,14,3,0,4,8,0,8,0,16.383333333333333,319.5,3.0,6.6,52.5,0.6666666666666666,224.647,3.447041847041847,0.525,0.6060606060606061,3.0476190476190474
2021-03-15 06:00:00,6,15,1,3,10,1,0,2,8,0,8,0,17.383333333333333,379.5,3.0,6.6,37.5,0.5104166666666666,217.417,2.2148989898989897,0.375,0.303030303030303,3.2666666666666666
2021-03-15 07:00:00,7,17,0,3,13,1,0,3,9,0,9,0,18.383333333333333,357.0,3.0,6.6,42.5,0.5698924731182796,240.747,2.7421122994652407,0.425,0.4545454545454546,3.117647058823529
2021-03-15 08:00:00,8,17,0,3,13,1,0,1,8,0,8,0,19.383333333333333,371.5,3.0,7.88,42.5,0.5520833333333334,232.987,1.720640489698417,0.425,0.1269035532994923,3.117647058823529
2021-03-15 09:00:00,9,11,0,1,9,1,0,5,5,0,5,0,20.383333333333333,173.0,3.0,7.88,27.500000000000004,0.3142857142857143,185.557,2.728553299492386,0.275,0.6345177664974619,3.0
2021-03-15 10:00:00,10,14,0,0,14,0,0,6,4,0,4,0,8.283333333333333,150.0,4.0,11.22,35.0,0.2916666666666667,110.34799999999998,2.65427807486631,0.35,0.5347593582887701,3.0
2021-03-15 11:00:00,11,21,0,0,20,1,0,12,9,0,9,0,9.283333333333331,59.0,4.0,11.22,52.5,0.5,198.003,4.707626687038452,0.525,1.0695187165775402,2.952380952380953
2021-03-15 12:00:00,12,22,2,0,19,1,0,9,11,0,11,0,8.316666666666666,63.0,4.0,11.22,55.00000000000001,0.5948275862068966,221.496,4.2407997083130775,0.55,0.8021390374331552,3.136363636363636
2021-03-15 13:00:00,13,18,2,0,15,1,0,4,8,1,9,1,7.433333333333334,88.0,4.0,11.22,45.0,0.4596774193548387,182.00230680173664,2.55393642305407,0.45,0.3565062388591801,3.1666666666666665
2021-03-15 14:00:00,14,19,1,1,17,0,0,7,7,1,8,1,4.5,98.0,4.0,11.22,47.5,0.46875,154.2033068017366,3.470166056853363,0.475,0.6238859180035651,3.1578947368421053
2021-03-15 15:00:00,15,22,1,3,18,0,0,7,7,3,10,3,5.5,114.0,4.0,11.22,55.00000000000001,0.5916666666666667,194.81492040520985,3.788450008102414,0.55,0.6238859180035651,3.227272727272727
2021-03-15 16:00:00,16,21,0,5,16,0,0,9,6,4,10,4,5.166666666666667,71.0,4.0,11.22,52.5,0.5666666666666667,191.65822720694644,4.297402597402598,0.525,0.8021390374331552,3.238095238095238
2021-03-15 17:00:00,17,23,0,4,18,1,0,10,7,4,11,4,6.166666666666667,112.0,4.0,11.22,57.49999999999999,0.6206896551724138,214.98822720694645,4.590048825854453,0.575,0.8912655971479502,3.130434782608696
2021-03-15 18:00:00,18,24,0,5,17,2,0,7,7,4,11,4,7.166666666666667,144.0,4.0,11.22,60.0,0.646551724137931,222.77322720694644,3.824643493761141,0.6,0.6238859180035651,3.125
2021-03-15 19:00:00,19,25,0,6,17,2,0,8,9,3,12,3,8.166666666666666,163.5,4.0,11.22,62.5,0.7053571428571429,243.08992040520985,4.228119429590018,0.625,0.7130124777183602,3.16
2021-03-15 20:00:00,20,24,0,7,15,2,0,11,8,1,9,1,6.75,83.0,4.0,11.1,60.0,0.6209677419354839,191.01830680173663,5.1044294294294295,0.6,0.990990990990991,3.208333333333333
2021-03-15 21:00:00,21,18,0,5,12,1,0,3,9,0,9,0,7.75,123.0,4.0,11.1,45.0,0.4677419354838709,182.92,2.320870870870871,0.45,0.2702702702702703,3.2222222222222223
2021-03-15 22:00:00,22,23,0,6,15,2,0,10,8,0,8,0,7.216666666666667,132.0,3.0,7.76,57.49999999999999,0.7604166666666666,177.237,5.915094128193635,0.575,1.288659793814433,3.1739130434782608
2021-03-15 23:00:00,23,20,0,3,13,3,1,7,7,0,7,0,6.433333333333334,110.0,3.0,7.76,50.0,0.5858585858585859,152.98399999999998,4.065979381443299,0.5,0.9020618556701032,2.9
2021-03-16 00:00:00,0,20,0,7,11,1,1,7,9,0,9,0,7.433333333333334,153.0,3.0,7.76,50.0,0.6881720430107527,185.424,4.48659793814433,0.5,0.9020618556701032,3.2
2021-03-16 01:00:00,1,24,1,7,14,1,1,5,10,0,10,0,8.433333333333334,209.5,3.0,7.76,60.0,0.8666666666666667,213.044,4.044072164948454,0.6,0.6443298969072165,3.25
2021-03-16 02:00:00,2,22,0,6,14,1,1,1,10,0,10,0,9.433333333333334,233.5,3.0,7.76,55.00000000000001,0.7666666666666667,214.394,2.1291705716963447,0.55,0.1288659793814433,3.136363636363636
2021-03-16 03:00:00,3,20,0,6,12,1,1,4,11,0,11,0,10.433333333333334,261.0,3.0,7.76,50.0,0.7241379310344828,229.144,3.1987113402061853,0.5,0.5154639175257733,3.15
2021-03-16 04:00:00,4,18,0,6,10,1,1,0,11,0,11,0,11.433333333333334,321.0,3.0,7.76,45.0,0.6551724137931034,230.494,1.425,0.45,0.0,3.1666666666666665
2021-03-16 05:00:00,5,20,0,6,12,1,1,3,11,0,11,0,12.433333333333334,381.0,3.0,7.76,50.0,0.7241379310344828,240.424,2.792783505154639,0.5,0.3865979381443299,3.15
2021-03-16 06:00:00,6,20,0,6,12,1,1,2,11,0,11,0,13.433333333333334,441.0,3.0,7.76,50.0,0.7241379310344828,246.064,2.3868556701030927,0.5,0.2577319587628866,3.15
2021-03-16 07:00:00,7,23,0,7,14,1,1,6,12,0,12,0,14.433333333333334,478.0,3.0,7.76,57.49999999999999,0.8690476190476191,271.539,4.279056476916181,0.575,0.7731958762886598,3.1739130434782608
2021-03-16 08:00:00,8,20,0,6,12,1,1,3,12,0,12,0,15.433333333333334,509.5,3.0,6.65,50.0,0.75,270.744,2.996052631578947,0.5,0.4511278195488721,3.15
2021-03-16 09:00:00,9,16,0,7,7,1,1,3,6,1,7,1,16.433333333333334,487.0,3.0,6.65,40.0,0.5252525252525253,201.6723068017366,2.7661654135338347,0.4,0.4511278195488721,3.25
2021-03-16 10:00:00,10,17,0,8,7,1,1,6,7,2,9,2,17.433333333333334,92.0,4.0,9.9,42.5,0.4516129032258064,237.12561360347323,3.396434937611408,0.425,0.6060606060606061,3.294117647058824
2021-03-16 11:00:00,11,19,0,7,10,1,1,5,6,2,8,2,18.433333333333334,130.0,4.0,9.9,47.5,0.4765625,233.65561360347323,3.146477937267411,0.475,0.5050505050505051,3.210526315789474
2021-03-16 12:00:00,12,18,0,4,13,0,1,6,5,2,7,2,19.433333333333334,212.0,4.0,9.9,45.0,0.4242424242424242,223.7506136034732,3.2855218855218857,0.45,0.6060606060606061,3.111111111111111
2021-03-16 13:00:00,13,17,0,2,14,0,1,4,5,1,6,1,20.433333333333334,290.5,4.0,9.9,42.5,0.375,212.97730680173663,2.4871212121212123,0.425,0.404040404040404,3.0
2021-03-16 14:00:00,14,20,0,3,16,0,1,6,8,1,9,1,21.433333333333334,148.0,4.0,9.9,50.0,0.4919354838709677,265.2523068017366,3.373484848484848,0.5,0.6060606060606061,3.05
2021-03-16 15:00:00,15,22,0,3,19,0,0,8,7,0,7,0,22.433333333333334,116.0,4.0,9.9,55.00000000000001,0.5227272727272727,247.514,4.259435261707989,0.55,0.8080808080808081,3.136363636363636
2021-03-16 16:00:00,16,25,0,4,20,1,0,5,9,1,10,1,23.433333333333334,131.5,4.0,9.9,62.5,0.65,300.6573068017366,3.5257575757575763,0.625,0.5050505050505051,3.12
2021-03-16 17:00:00,17,21,0,1,18,2,0,6,7,1,8,1,24.433333333333334,191.5,4.0,9.9,52.5,0.484375,270.91730680173663,3.3393217893217897,0.525,0.6060606060606061,2.952380952380953
2021-03-16 18:00:00,18,25,0,2,20,3,0,9,8,2,10,2,25.433333333333334,149.5,4.0,9.9,62.5,0.6166666666666667,312.80561360347326,4.540909090909091,0.625,0.9090909090909092,2.96
2021-03-16 19:00:00,19,20,0,1,16,3,0,6,8,1,9,1,26.433333333333334,98.0,4.0,9.9,50.0,0.4677419354838709,293.45230680173665,3.207575757575757,0.5,0.6060606060606061,2.9
2021-03-16 20:00:00,20,22,0,1,16,5,0,9,8,1,9,1,5.25,115.0,4.0,11.23,55.00000000000001,0.5,178.26830680173663,3.8085606735206015,0.55,0.8014247551202137,2.8181818181818183
2021-03-16 21:00:00,21,22,0,1,16,5,0,6,7,1,8,1,6.25,157.0,4.0,11.23,55.00000000000001,0.484375,170.50830680173664,3.0557071156804017,0.55,0.5342831700801425,2.8181818181818183
2021-03-16 22:00:00,22,28,0,2,23,3,0,11,8,1,9,1,7.25,199.0,3.0,7.979999999999999,70.0,0.8924731182795699,202.4183068017366,6.16110812746151,0.7,1.3784461152882206,2.9642857142857144
2021-03-16 23:00:00,23,31,0,3,27,1,0,12,7,0,7,0,8.25,213.0,3.0,7.979999999999999,77.5,0.9595959595959596,186.825,6.9832949308755765,0.775,1.5037593984962407,3.064516129032258
2021-03-17 00:00:00,0,33,0,4,26,3,0,8,9,0,9,0,9.25,144.0,3.0,7.979999999999999,82.5,1.075268817204301,223.555,5.53789777473988,0.825,1.0025062656641606,3.0303030303030303
2021-03-17 01:00:00,1,31,0,5,24,2,0,4,11,0,11,0,10.25,185.0,3.0,7.979999999999999,77.5,1.103448275862069,251.705,3.952267766189668,0.775,0.5012531328320803,3.096774193548387
2021-03-17 02:00:00,2,31,0,4,23,4,0,2,10,0,10,0,11.25,254.5,3.0,7.979999999999999,77.5,1.0333333333333334,243.945,3.0768796992481207,0.775,0.2506265664160401,3.0
2021-03-17 03:00:00,3,30,0,3,22,4,1,3,10,0,10,0,12.25,314.5,3.0,7.979999999999999,75.0,0.9666666666666668,247.44,3.2652255639097745,0.75,0.3759398496240602,2.9
2021-03-17 04:00:00,4,29,0,3,21,4,1,3,10,0,10,0,13.25,374.5,3.0,7.979999999999999,72.5,0.9333333333333332,250.93499999999997,3.188929219600726,0.725,0.3759398496240602,2.896551724137931
2021-03-17 05:00:00,5,27,0,3,21,2,1,1,10,0,10,0,14.25,434.5,3.0,7.979999999999999,67.5,0.8888888888888888,252.285,2.371298616912652,0.675,0.12531328320802,2.962962962962963
2021-03-17 06:00:00,6,28,0,2,22,3,1,3,11,0,11,0,15.25,485.0,3.0,7.979999999999999,70.0,0.9310344827586208,273.47,3.112540279269602,0.7,0.3759398496240602,2.892857142857143
2021-03-17 07:00:00,7,27,0,2,20,3,2,2,12,0,12,0,16.25,514.0,3.0,7.979999999999999,67.5,0.9047619047619048,290.365,2.605467372134039,0.675,0.2506265664160401,2.814814814814815
2021-03-17 08:00:00,8,27,0,2,18,5,2,3,14,0,14,0,17.25,526.5,3.0,7.16,67.5,0.9487179487179488,322.80499999999995,2.9983550589695844,0.675,0.4189944134078212,2.740740740740741
2021-03-17 09:00:00,9,29,0,2,20,5,2,9,11,0,11,0,15.8,406.0,3.0,7.16,72.5,0.9195402298850576,278.717,5.467539973030245,0.725,1.2569832402234635,2.7586206896551726
2021-03-17 10:00:00,10,34,0,3,23,6,2,9,13,0,13,0,16.8,160.0,4.0,10.41,85.0,0.8796296296296297,321.882,4.7906636718087805,0.85,0.8645533141210374,2.794117647058824
2021-03-17 11:00:00,11,33,0,3,23,5,2,8,14,0,14,0,17.8,179.5,4.0,10.41,82.5,0.8942307692307693,338.777,4.490749716181993,0.825,0.7684918347742555,2.8181818181818183
2021-03-17 12:00:00,12,27,0,3,21,3,0,5,10,0,10,0,18.8,202.0,4.0,10.41,67.5,0.675,277.947,3.465922190201729,0.675,0.4803073967339097,3.0
2021-03-17 13:00:00,13,28,0,3,22,3,0,5,11,0,11,0,19.8,239.0,4.0,10.41,70.0,0.7241379310344828,299.132,3.540922190201729,0.7,0.4803073967339097,3.0
2021-03-17 14:00:00,14,27,0,4,21,2,0,6,9,2,11,2,20.8,253.0,4.0,10.41,67.5,0.7155172413793104,304.36361360347325,3.846800619062867,0.675,0.5763688760806917,3.074074074074074
2021-03-17 15:00:00,15,25,0,4,19,2,0,5,9,2,11,2,21.8,119.0,4.0,10.41,62.5,0.6637931034482759,305.7136136034732,3.404346781940442,0.625,0.4803073967339097,3.08
2021-03-17 16:00:00,16,25,0,3,21,1,0,9,8,3,11,3,22.8,159.0,4.0,10.41,62.5,0.6637931034482759,312.22192040520986,4.587824207492796,0.625,0.8645533141210374,3.08
2021-03-17 17:00:00,17,23,0,3,19,1,0,6,11,2,13,2,23.8,149.0,4.0,10.41,57.49999999999999,0.6574074074074074,339.50361360347324,3.554225660944744,0.575,0.5763688760806917,3.0869565217391304
2021-03-17 18:00:00,18,18,0,2,16,0,0,3,10,2,12,2,12.066666666666666,202.0,4.0,10.41,45.0,0.5,249.20261360347325,2.296573807236632,0.45,0.2881844380403458,3.111111111111111
2021-03-17 19:00:00,19,16,0,2,14,0,0,6,7,1,8,1,8.883333333333333,152.0,4.0,10.41,40.0,0.390625,172.49030680173664,3.0511527377521617,0.4,0.5763688760806917,3.125
2021-03-17 20:00:00,20,23,0,1,21,1,0,13,4,1,5,1,9.883333333333333,165.0,4.0,10.71,57.49999999999999,0.4928571428571429,152.9453068017366,5.366456582633052,0.575,1.2138188608776843,3.0
2021-03-17 21:00:00,21,22,0,0,22,0,0,9,5,1,6,1,10.883333333333333,190.5,4.0,10.71,55.00000000000001,0.4852941176470588,169.84030680173663,4.171008403361345,0.55,0.8403361344537814,3.0
2021-03-17 22:00:00,22,22,0,1,20,1,0,8,4,0,4,0,11.883333333333333,168.5,3.0,7.46,55.00000000000001,0.6111111111111112,147.812,4.8671581769437005,0.55,1.0723860589812333,3.0
2021-03-17 23:00:00,23,16,0,0,15,1,0,5,3,0,3,0,12.883333333333333,181.0,3.0,7.46,40.0,0.4234234234234234,127.18200000000002,3.1438337801608576,0.4,0.6702412868632708,2.9375
2021-03-18 00:00:00,0,14,0,0,13,1,0,5,4,0,4,0,13.883333333333333,239.0,3.0,7.46,35.0,0.3796296296296296,141.932,2.987849482956721,0.35,0.6702412868632708,2.9285714285714284
2021-03-18 01:00:00,1,11,0,1,9,1,0,3,4,0,4,0,14.883333333333333,299.0,3.0,7.46,27.500000000000004,0.3055555555555556,141.137,2.031434316353887,0.275,0.4021447721179624,3.0
2021-03-18 02:00:00,2,13,0,2,9,2,0,3,4,0,4,0,15.883333333333333,359.0,3.0,7.46,32.5,0.3611111111111111,151.067,2.1814343163538874,0.325,0.4021447721179624,3.0
2021-03-18 03:00:00,3,11,0,2,8,1,0,1,4,0,4,0,16.883333333333333,419.0,3.0,7.46,27.500000000000004,0.3148148148148148,152.417,1.2643309773336582,0.275,0.1340482573726541,3.090909090909091
2021-03-18 04:00:00,4,11,0,2,8,1,0,0,4,0,4,0,17.883333333333333,479.0,3.0,7.46,27.500000000000004,0.3148148148148148,158.05700000000002,0.8500000000000001,0.275,0.0,3.090909090909091
2021-03-18 05:00:00,5,12,0,0,11,1,0,3,4,0,4,0,18.883333333333333,539.0,3.0,7.46,30.0,0.324074074074074,165.84199999999998,2.047922252010724,0.3,0.4021447721179624,2.9166666666666665
2021-03-18 06:00:00,6,13,0,2,10,1,0,3,7,0,7,0,19.883333333333333,395.0,3.0,7.46,32.5,0.404040404040404,213.827,2.2373685295937307,0.325,0.4021447721179624,3.076923076923077
2021-03-18 07:00:00,7,14,0,2,10,1,1,1,7,0,7,0,20.883333333333333,455.0,3.0,7.46,35.0,0.4141414141414141,221.612,1.417569896591344,0.35,0.1340482573726541,2.9285714285714284
2021-03-18 08:00:00,8,16,0,2,13,1,0,5,8,1,9,1,21.883333333333333,149.0,3.0,6.57,40.0,0.5268817204301075,259.2103068017366,3.555669710806697,0.4,0.76103500761035,3.0625
2021-03-18 09:00:00,9,20,0,2,17,1,0,9,7,2,9,2,22.883333333333333,191.0,3.0,6.57,50.0,0.6559139784946236,274.2986136034732,5.703082191780822,0.5,1.36986301369863,3.05
2021-03-18 10:00:00,10,24,0,2,20,2,0,7,6,3,9,3,23.883333333333333,178.0,4.0,9.89,60.0,0.5806451612903226,289.3869204052098,3.923356926188069,0.6,0.7077856420626896,3.0
2021-03-18 11:00:00,11,32,0,3,28,1,0,12,8,3,11,3,24.883333333333333,142.0,4.0,9.89,80.0,0.8448275862068966,338.98692040520984,6.16587462082912,0.8,1.2133468149646107,3.0625
2021-03-18 12:00:00,12,31,1,3,26,1,0,5,10,2,12,2,25.883333333333333,121.5,4.0,9.89,77.5,0.8660714285714286,355.01361360347323,4.006917218435044,0.775,0.5055611729019212,3.129032258064516
2021-03-18 13:00:00,13,31,1,6,24,0,0,8,11,3,14,3,26.883333333333333,146.0,4.0,9.89,77.5,0.971153846153846,388.32192040520977,5.160441469062918,0.775,0.8088978766430738,3.2580645161290325
2021-03-18 14:00:00,14,29,0,5,24,0,0,8,10,2,12,2,27.883333333333333,161.5,4.0,9.89,72.5,0.8214285714285714,362.0036136034733,4.866158781074579,0.725,0.8088978766430738,3.1724137931034484
2021-03-18 15:00:00,15,28,0,5,22,1,0,5,9,2,11,2,28.883333333333333,189.0,4.0,9.89,70.0,0.7586206896551724,352.0986136034732,3.788906543406038,0.7,0.5055611729019212,3.142857142857143
2021-03-18 16:00:00,16,30,0,8,21,1,0,11,10,2,12,2,29.883333333333333,224.5,4.0,9.89,75.0,0.8660714285714286,375.4286136034732,6.021225143242332,0.75,1.1122345803842264,3.2333333333333334
2021-03-18 17:00:00,17,30,1,6,22,1,0,6,9,2,11,2,30.883333333333333,191.0,4.0,9.89,75.0,0.8362068965517241,367.6686136034732,4.386577350859454,0.75,0.6066734074823054,3.2333333333333334
2021-03-18 18:00:00,18,33,1,6,26,0,0,9,11,3,14,3,31.883333333333333,151.5,4.0,9.89,82.5,1.0288461538461535,420.8119204052098,5.625638845482121,0.825,0.910010111223458,3.242424242424242
2021-03-18 19:00:00,19,26,1,5,20,0,0,2,8,3,11,3,32.88333333333333,221.0,4.0,9.89,65.0,0.7327586206896551,371.2369204052098,2.7861184568717428,0.65,0.2022244691607684,3.269230769230769
2021-03-18 20:00:00,20,23,0,8,15,0,0,9,6,3,9,3,33.88333333333333,157.0,4.0,10.12,57.49999999999999,0.6209677419354839,343.6419204052098,4.902315689981097,0.575,0.8893280632411068,3.347826086956522
2021-03-18 21:00:00,21,24,0,5,19,0,0,8,5,1,6,1,34.88333333333333,151.5,4.0,10.12,60.0,0.5661764705882353,309.4903068017366,4.461231884057971,0.6,0.790513833992095,3.208333333333333
2021-03-18 22:00:00,22,22,0,4,16,2,0,9,5,1,6,1,35.88333333333333,153.5,3.0,6.8,55.00000000000001,0.6666666666666666,310.8403068017366,5.790909090909091,0.55,1.3235294117647058,3.090909090909091
2021-03-18 23:00:00,23,22,0,4,17,1,0,8,5,1,6,1,36.88333333333333,213.5,3.0,6.8,55.00000000000001,0.6764705882352942,316.4803068017366,5.4148395721925136,0.55,1.1764705882352942,3.136363636363636
2021-03-19 00:00:00,0,24,0,5,18,1,0,7,4,2,6,2,37.88333333333333,266.0,3.0,6.8,60.0,0.7450980392156863,327.2786136034732,5.159803921568627,0.6,1.0294117647058825,3.1666666666666665
2021-03-19 01:00:00,1,19,0,4,14,1,0,3,6,1,7,1,38.88333333333333,127.0,3.0,6.8,47.5,0.6060606060606061,334.72530680173656,2.893188854489164,0.475,0.4411764705882353,3.1578947368421053
2021-03-19 02:00:00,2,22,0,6,15,1,0,7,6,1,7,1,39.88333333333333,187.0,3.0,6.8,55.00000000000001,0.7171717171717171,346.8003068017366,5.097192513368984,0.55,1.0294117647058825,3.227272727272727
2021-03-19 03:00:00,3,17,0,2,14,1,0,3,7,0,7,0,40.88333333333333,247.0,3.0,6.8,42.5,0.5252525252525253,340.847,2.649480968858132,0.425,0.4411764705882353,3.0588235294117645
2021-03-19 04:00:00,4,16,0,2,13,1,0,2,7,0,7,0,41.88333333333333,307.0,3.0,6.8,40.0,0.494949494949495,344.342,2.125735294117647,0.4,0.2941176470588235,3.0625
2021-03-19 05:00:00,5,18,1,2,13,2,0,2,7,1,8,1,42.88333333333333,328.5,3.0,6.8,45.0,0.5833333333333334,368.5403068017366,2.3150326797385623,0.45,0.2941176470588235,3.111111111111111
2021-03-19 06:00:00,6,18,1,2,13,2,0,2,8,1,9,1,43.88333333333333,350.0,3.0,6.8,45.0,0.6021505376344086,387.5803068017366,2.3150326797385623,0.45,0.2941176470588235,3.111111111111111
2021-03-19 07:00:00,7,18,0,3,13,2,0,1,9,0,9,0,44.88333333333333,410.0,3.0,6.8,45.0,0.5913978494623656,392.352,1.824346405228758,0.45,0.1470588235294117,3.055555555555556
2021-03-19 08:00:00,8,22,0,5,15,2,0,5,12,0,12,0,45.88333333333333,401.0,3.0,6.5600000000000005,55.00000000000001,0.8214285714285714,446.772,4.115521064301552,0.55,0.7621951219512194,3.136363636363636
2021-03-19 09:00:00,9,25,1,6,15,3,0,6,10,2,12,2,46.88333333333333,121.5,3.0,6.5600000000000005,62.5,0.9523809523809524,460.5836136034732,4.926829268292683,0.625,0.9146341463414632,3.2
2021-03-19 10:00:00,10,27,2,6,16,3,0,7,11,2,13,2,47.88333333333333,115.0,4.0,10.260000000000002,67.5,0.8148148148148148,483.9136136034732,4.4236661612879935,0.675,0.6822612085769979,3.259259259259259
2021-03-19 11:00:00,11,32,2,6,22,2,0,9,14,2,16,2,48.88333333333333,160.5,4.0,10.260000000000002,80.0,1.0833333333333333,540.4786136034733,5.450877192982456,0.8,0.8771929824561402,3.25
2021-03-19 12:00:00,12,31,1,8,22,0,0,5,16,1,17,1,49.88333333333333,174.0,4.0,10.260000000000002,77.5,1.1195652173913044,556.5053068017367,4.194191347544488,0.775,0.4873294346978556,3.3225806451612905
2021-03-19 13:00:00,13,32,0,9,23,0,0,7,16,1,17,1,50.88333333333333,217.0,4.0,10.260000000000002,80.0,1.141304347826087,564.2903068017366,4.8636695906432745,0.8,0.6822612085769979,3.28125
2021-03-19 14:00:00,14,30,0,9,20,0,1,5,13,2,15,2,51.88333333333333,190.0,4.0,10.260000000000002,75.0,0.97,539.7086136034732,4.000698505523067,0.75,0.4873294346978556,3.2333333333333334
2021-03-19 15:00:00,15,27,0,10,16,0,1,4,15,1,16,1,19.883333333333333,168.0,4.0,10.260000000000002,67.5,0.9270833333333334,365.32530680173664,3.510105768536568,0.675,0.3898635477582845,3.2962962962962963
2021-03-19 16:00:00,16,26,0,11,15,0,0,8,12,1,13,1,20.883333333333333,116.0,4.0,10.260000000000002,65.0,0.8240740740740741,328.6203068017366,4.894065826960564,0.65,0.779727095516569,3.423076923076923
2021-03-19 17:00:00,17,33,0,10,23,0,0,10,14,1,15,1,20.75,164.0,4.0,10.260000000000002,82.5,1.09,369.6833068017366,5.94432778073129,0.825,0.9746588693957112,3.303030303030303
2021-03-19 18:00:00,18,25,0,7,18,0,0,1,11,0,11,0,21.75,158.0,4.0,10.260000000000002,62.5,0.7068965517241379,303.695,2.3696881091617934,0.625,0.0974658869395711,3.28
2021-03-19 19:00:00,19,25,1,6,18,0,0,6,7,1,8,1,22.75,181.0,4.0,10.260000000000002,62.5,0.6484375,270.0033068017366,4.016520467836257,0.625,0.5847953216374268,3.32
2021-03-19 20:00:00,20,25,2,7,16,0,0,8,3,2,5,2,23.75,218.0,4.0,10.08,62.5,0.6142857142857143,236.31161360347323,4.88015873015873,0.625,0.7936507936507936,3.44
2021-03-19 21:00:00,21,25,1,7,16,1,0,9,5,3,8,3,24.75,32.0,4.0,10.08,62.5,0.6484375,283.01992040520986,5.039285714285714,0.625,0.8928571428571429,3.32
2021-03-19 22:00:00,22,23,0,5,18,0,0,6,4,2,6,2,25.75,92.0,3.0,6.38,57.49999999999999,0.7254901960784313,256.7016136034732,4.875759847349053,0.575,0.9404388714733544,3.217391304347826
2021-03-19 23:00:00,23,21,0,5,15,1,0,5,5,2,7,2,26.75,144.0,3.0,6.38,52.5,0.6767676767676768,271.4516136034732,4.175373190028362,0.525,0.7836990595611285,3.1904761904761907
2021-03-20 00:00:00,0,16,0,4,12,0,0,5,5,1,6,1,27.75,205.5,3.0,6.38,40.0,0.5098039215686274,252.0983068017366,3.847021943573668,0.4,0.7836990595611285,3.25
2021-03-20 01:00:00,1,16,0,4,12,0,0,6,6,1,7,1,28.75,251.0,3.0,6.38,40.0,0.5252525252525253,271.1383068017366,4.356426332288401,0.4,0.9404388714733544,3.25
2021-03-20 02:00:00,2,13,0,4,9,0,0,1,5,1,6,1,29.75,325.5,3.0,6.38,32.5,0.4215686274509804,256.94330680173664,1.593447070171208,0.325,0.1567398119122257,3.3076923076923075
2021-03-20 03:00:00,3,12,0,4,8,0,0,2,5,1,6,1,30.75,385.5,3.0,6.38,30.0,0.392156862745098,260.4383068017366,2.044932079414838,0.3,0.3134796238244514,3.333333333333333
2021-03-20 04:00:00,4,14,0,4,10,0,0,4,6,1,7,1,31.75,431.0,3.0,6.38,35.0,0.4646464646464646,283.76830680173657,3.2100089565606806,0.35,0.6269592476489029,3.2857142857142856
2021-03-20 05:00:00,5,15,0,4,11,0,0,2,6,1,7,1,32.75,491.0,3.0,6.38,37.5,0.494949494949495,291.5533068017366,2.249033437826541,0.375,0.3134796238244514,3.2666666666666666
2021-03-20 06:00:00,6,15,0,4,11,0,0,1,6,1,7,1,33.75,551.0,3.0,6.38,37.5,0.494949494949495,297.19330680173664,1.7370167189132708,0.375,0.1567398119122257,3.2666666666666666
2021-03-20 07:00:00,7,14,0,3,11,0,0,0,6,1,7,1,34.75,611.0,3.0,6.38,35.0,0.4545454545454545,300.6883068017366,1.125,0.35,0.0,3.2142857142857144
2021-03-20 08:00:00,8,17,0,3,14,0,0,4,6,1,7,1,35.75,671.0,3.0,6.779999999999999,42.5,0.5454545454545454,312.7633068017366,3.2240239458615307,0.425,0.5899705014749264,3.176470588235294
2021-03-20 09:00:00,9,18,0,5,13,0,0,8,7,1,8,1,36.75,32.5,3.0,6.779999999999999,45.0,0.6145833333333334,333.94830680173663,5.34258439855785,0.45,1.1799410029498527,3.2777777777777777
2021-03-20 10:00:00,10,24,0,5,17,2,0,10,7,0,7,0,37.75,88.0,4.0,10.03,60.0,0.5681818181818182,338.19,4.990653040877368,0.6,0.9970089730807578,3.125
2021-03-20 11:00:00,11,27,0,5,21,1,0,12,8,0,8,0,38.75,126.5,4.0,10.03,67.5,0.6640625,363.665,5.89147834274953,0.675,1.1964107676969091,3.1481481481481484
2021-03-20 12:00:00,12,24,0,5,18,1,0,6,9,0,9,0,16.45,108.0,4.0,10.03,60.0,0.6129032258064516,244.858,3.794317048853439,0.6,0.5982053838484547,3.1666666666666665
2021-03-20 13:00:00,13,25,0,7,15,3,0,8,10,0,10,0,17.45,122.0,4.0,10.03,62.5,0.6583333333333333,266.043,4.495438683948156,0.625,0.7976071784646063,3.16
2021-03-20 14:00:00,14,18,0,6,10,2,0,6,7,0,7,0,18.45,133.0,4.0,10.03,45.0,0.4393939393939394,216.468,3.377550681289465,0.45,0.5982053838484547,3.2222222222222223
2021-03-20 15:00:00,15,23,1,5,16,1,0,9,9,0,9,0,19.45,184.0,4.0,10.03,57.49999999999999,0.6048387096774194,259.633,4.801004594910919,0.575,0.897308075772682,3.260869565217391
2021-03-20 16:00:00,16,19,0,5,14,0,0,9,7,0,7,0,20.45,76.0,4.0,10.03,47.5,0.4696969696969697,229.893,4.478057931468752,0.475,0.897308075772682,3.263157894736842
2021-03-20 17:00:00,17,29,0,7,21,1,0,15,9,0,9,0,21.45,100.0,4.0,10.03,72.5,0.75,283.783,7.120956956716059,0.725,1.4955134596211366,3.206896551724138
2021-03-20 18:00:00,18,31,0,9,21,1,0,12,8,1,9,1,22.45,153.0,4.0,10.03,77.5,0.8145161290322581,294.5813068017366,6.422983468947995,0.775,1.1964107676969091,3.2580645161290325
2021-03-20 19:00:00,19,29,0,10,19,0,0,12,8,2,10,2,23.45,81.5,4.0,10.03,72.5,0.8083333333333333,310.1996136034732,6.426787740227593,0.725,1.1964107676969091,3.3448275862068964
2021-03-20 20:00:00,20,29,0,9,20,0,0,8,8,3,11,3,24.45,89.0,4.0,11.01,72.5,0.8275862068965517,330.1079204052098,4.805336841116226,0.725,0.7266121707538601,3.310344827586207
2021-03-20 21:00:00,21,35,0,8,25,2,0,13,8,2,10,2,25.45,130.5,4.0,11.01,87.5,0.925,334.34961360347324,6.519647722849358,0.875,1.1807447774750228,3.1714285714285717
2021-03-20 22:00:00,22,34,0,9,23,2,0,10,6,3,9,3,26.45,188.0,3.0,7.76,85.0,1.1720430107526882,325.31292040520987,6.856291691934506,0.85,1.288659793814433,3.2058823529411766
2021-03-20 23:00:00,23,31,0,7,23,1,0,13,3,4,7,4,27.45,185.0,3.0,7.76,77.5,1.0,298.58622720694643,7.825016627868307,0.775,1.675257731958763,3.193548387096774
2021-03-21 00:00:00,0,19,0,6,12,1,0,4,4,4,8,4,28.45,210.0,3.0,7.76,47.5,0.6458333333333334,291.88622720694644,3.232040151926207,0.475,0.5154639175257733,3.263157894736842
2021-03-21 01:00:00,1,19,0,7,10,2,0,4,4,4,8,4,29.45,270.0,3.0,7.76,47.5,0.6458333333333334,297.52622720694643,3.232040151926207,0.475,0.5154639175257733,3.263157894736842
2021-03-21 02:00:00,2,18,0,7,9,2,0,4,4,2,6,2,30.45,396.5,3.0,7.76,45.0,0.5784313725490197,272.48461360347324,3.164576174112257,0.45,0.5154639175257733,3.2777777777777777
2021-03-21 03:00:00,3,19,0,7,11,1,0,4,5,1,6,1,31.45,348.0,3.0,7.76,47.5,0.6176470588235294,279.4013068017366,3.284169831795985,0.475,0.5154639175257733,3.3157894736842106
2021-03-21 04:00:00,4,16,0,6,9,1,0,0,5,1,6,1,32.45,408.0,3.0,7.76,40.0,0.5196078431372549,278.60630680173665,1.3250000000000002,0.4,0.0,3.3125
2021-03-21 05:00:00,5,18,0,5,12,1,0,4,5,1,6,1,33.45,468.0,3.0,7.76,45.0,0.5686274509803921,288.5363068017366,3.1109392898052697,0.45,0.5154639175257733,3.2222222222222223
2021-03-21 06:00:00,6,19,0,5,13,1,0,2,5,1,6,1,34.45,528.0,3.0,7.76,47.5,0.5980392156862745,296.3213068017366,2.352455236028215,0.475,0.2577319587628866,3.210526315789474
2021-03-21 07:00:00,7,17,0,5,11,1,0,2,5,1,6,1,35.45,588.0,3.0,7.76,42.5,0.5392156862745098,297.67130680173665,2.208838690115221,0.425,0.2577319587628866,3.235294117647059
2021-03-21 08:00:00,8,17,0,5,11,1,0,2,5,1,6,1,36.45,648.0,3.0,7.74,42.5,0.5392156862745098,303.31130680173663,2.2109933120535032,0.425,0.2583979328165374,3.235294117647059
2021-03-21 09:00:00,9,17,0,5,11,1,0,6,3,2,5,2,37.45,848.0,3.0,7.74,42.5,0.5238095238095238,296.41961360347324,3.88297993616051,0.425,0.7751937984496123,3.235294117647059
2021-03-21 10:00:00,10,25,0,7,18,0,0,13,4,2,6,2,38.45,735.5,4.0,11.44,62.5,0.6029411764705882,332.6196136034732,5.7772727272727264,0.625,1.1363636363636362,3.28
2021-03-21 11:00:00,11,29,0,6,23,0,0,10,6,2,8,2,39.45,112.5,4.0,11.44,72.5,0.7265625,373.6396136034732,5.128231251507113,0.725,0.8741258741258741,3.206896551724138
2021-03-21 12:00:00,12,25,0,7,18,0,0,5,6,2,8,2,40.45,136.0,4.0,11.44,62.5,0.640625,370.69961360347327,3.4835664335664336,0.625,0.437062937062937,3.28
2021-03-21 13:00:00,13,26,0,7,19,0,0,4,7,2,9,2,41.45,168.0,4.0,11.44,65.0,0.6854838709677419,391.8846136034732,3.26808768154922,0.65,0.3496503496503496,3.269230769230769
2021-03-21 14:00:00,14,17,0,9,8,0,0,4,4,1,5,1,42.45,144.0,4.0,11.44,42.5,0.4285714285714285,323.75130680173663,2.734060057589469,0.425,0.3496503496503496,3.5294117647058822
2021-03-21 15:00:00,15,23,0,10,13,0,0,9,6,1,7,1,43.45,93.0,4.0,11.44,57.49999999999999,0.5984848484848485,369.0613068017366,4.6771891152325935,0.575,0.7867132867132867,3.4347826086956523
2021-03-21 16:00:00,16,29,1,8,20,0,0,16,6,1,7,1,44.45,64.0,4.0,11.44,72.5,0.7348484848484849,387.5713068017366,7.103080540149505,0.725,1.3986013986013983,3.3448275862068964
2021-03-21 17:00:00,17,27,1,7,17,1,1,9,8,1,9,1,45.45,75.0,4.0,11.44,67.5,0.7016129032258065,415.7213068017367,4.709965034965035,0.675,0.7867132867132867,3.2222222222222223
2021-03-21 18:00:00,18,29,1,9,17,1,1,9,9,2,11,2,46.45,132.0,4.0,11.44,72.5,0.8189655172413793,453.3196136034733,4.95216421509525,0.725,0.7867132867132867,3.2758620689655173
2021-03-21 19:00:00,19,23,0,8,14,1,0,8,6,1,7,1,47.45,192.0,4.0,11.44,57.49999999999999,0.5757575757575758,391.62130680173664,4.2107327455153545,0.575,0.6993006993006993,3.3043478260869565
2021-03-21 20:00:00,20,18,0,5,12,1,0,6,6,0,6,0,48.45,216.5,4.0,11.46,45.0,0.4264705882352941,372.268,3.137027341477604,0.45,0.5235602094240838,3.2222222222222223
2021-03-21 21:00:00,21,15,0,3,12,0,0,7,4,1,5,1,49.45,83.0,4.0,11.46,37.5,0.3428571428571428,358.94130680173663,3.154624781849913,0.375,0.6108202443280977,3.2
2021-03-21 22:00:00,22,20,1,5,13,0,1,10,5,1,6,1,50.45,138.5,3.0,7.76,50.0,0.6372549019607843,388.7063068017366,5.813144329896907,0.5,1.288659793814433,3.25
2021-03-21 23:00:00,23,21,2,7,11,1,0,10,6,1,7,1,51.45,139.0,3.0,7.76,52.5,0.7373737373737373,409.8913068017366,6.304626902307316,0.525,1.288659793814433,3.4761904761904763
2021-03-22 00:00:00,0,19,2,6,10,1,0,6,5,1,6,1,52.45,119.0,3.0,7.76,47.5,0.6470588235294118,397.8413068017366,4.335838307107976,0.475,0.7731958762886598,3.473684210526316
2021-03-22 01:00:00,1,21,3,7,9,2,0,6,5,2,7,2,53.45,146.0,3.0,7.76,52.5,0.7474747474747475,422.0396136034733,4.5745949926362295,0.525,0.7731958762886598,3.523809523809524
2021-03-22 02:00:00,2,20,3,8,7,2,0,3,5,3,8,3,54.45,199.5,3.0,7.76,50.0,0.75,439.8029204052099,3.1917525773195874,0.5,0.3865979381443299,3.6
2021-03-22 03:00:00,3,18,2,8,7,1,0,0,5,3,8,3,55.45,259.5,3.0,7.76,45.0,0.6770833333333334,441.1529204052098,1.625,0.45,0.0,3.611111111111111
2021-03-22 04:00:00,4,16,2,6,7,1,0,0,5,3,8,3,56.45,319.5,3.0,7.76,40.0,0.59375,442.5029204052098,1.425,0.4,0.0,3.5625
2021-03-22 05:00:00,5,18,2,6,8,2,0,2,6,3,9,3,57.45,373.0,3.0,7.76,45.0,0.6666666666666666,465.83292040520985,2.4377434135166096,0.45,0.2577319587628866,3.4444444444444446
2021-03-22 06:00:00,6,18,2,6,8,2,0,1,7,3,10,3,58.45,424.0,3.0,7.76,45.0,0.6888888888888889,484.87292040520987,1.993871706758305,0.45,0.1288659793814433,3.4444444444444446
2021-03-22 07:00:00,7,17,2,6,7,2,0,0,7,3,10,3,59.45,484.0,3.0,7.76,42.5,0.6555555555555556,488.3679204052098,1.475,0.425,0.0,3.4705882352941178
2021-03-22 08:00:00,8,21,2,6,10,3,0,5,7,3,10,3,60.45,544.0,3.0,6.68,52.5,0.7777777777777778,502.5879204052098,4.24500998003992,0.525,0.7485029940119761,3.333333333333333
2021-03-22 09:00:00,9,18,2,6,8,2,0,0,6,3,9,3,61.45,613.0,3.0,6.68,45.0,0.6666666666666666,488.3929204052098,1.55,0.45,0.0,3.4444444444444446
2021-03-22 10:00:00,10,20,1,5,11,2,1,7,7,3,10,3,62.45,605.0,4.0,9.93,50.0,0.525,511.7229204052098,3.795543806646526,0.5,0.7049345417925479,3.15
2021-03-22 11:00:00,11,28,1,5,20,1,1,10,11,3,14,3,63.45,461.0,4.0,9.93,70.0,0.8461538461538461,588.1229204052098,5.365012228456337,0.7,1.0070493454179257,3.142857142857143
2021-03-22 12:00:00,12,30,1,5,21,2,1,9,14,3,17,3,64.45,132.0,4.0,9.93,75.0,1.0108695652173914,638.2529204052098,5.134667673716012,0.75,0.9063444108761328,3.1
2021-03-22 13:00:00,13,25,0,4,19,1,1,7,11,2,13,2,65.45,130.0,4.0,9.93,62.5,0.7037037037037037,578.6996136034732,4.043001007049345,0.625,0.7049345417925479,3.04
2021-03-22 14:00:00,14,27,0,6,18,2,1,9,9,2,11,2,66.45,162.0,4.0,9.93,67.5,0.7155172413793104,561.8296136034733,4.861169855656261,0.675,0.9063444108761328,3.074074074074074
2021-03-22 15:00:00,15,28,0,6,21,0,1,8,8,1,9,1,67.45,195.0,4.0,9.93,70.0,0.7096774193548387,541.9463068017367,4.732009782765069,0.7,0.8056394763343404,3.142857142857143
2021-03-22 16:00:00,16,23,0,5,17,0,1,4,9,0,9,0,68.45,170.0,4.0,9.93,57.49999999999999,0.5806451612903226,535.9929999999999,3.061000919479837,0.575,0.4028197381671702,3.130434782608696
2021-03-22 17:00:00,17,24,1,5,17,0,1,6,9,2,11,2,69.45,112.0,4.0,9.93,60.0,0.6637931034482759,572.3146136034732,3.8635699899295055,0.6,0.6042296072507553,3.208333333333333
2021-03-22 18:00:00,18,21,1,5,14,0,1,5,8,2,10,2,70.45,137.0,4.0,9.93,52.5,0.5666666666666667,558.1196136034732,3.330460844962356,0.525,0.5035246727089627,3.238095238095238
2021-03-22 19:00:00,19,21,1,6,13,0,1,5,6,2,8,2,71.45,172.0,4.0,9.93,52.5,0.5390625,536.9596136034733,3.379438210329449,0.525,0.5035246727089627,3.2857142857142856
2021-03-22 20:00:00,20,24,1,5,17,0,1,10,4,2,6,2,72.45,201.5,4.0,11.23,60.0,0.5661764705882353,522.2346136034732,4.781930840011873,0.6,0.8904719501335707,3.208333333333333
2021-03-22 21:00:00,21,20,0,6,13,0,1,5,3,1,4,1,73.45,215.5,4.0,11.23,50.0,0.4444444444444444,491.62630680173663,3.024755120213713,0.5,0.4452359750667853,3.2
2021-03-22 22:00:00,22,20,0,7,12,0,1,8,4,1,5,1,74.45,139.0,3.0,7.979999999999999,50.0,0.6190476190476191,510.6663068017366,4.883145363408522,0.5,1.0025062656641606,3.25
2021-03-22 23:00:00,23,24,0,7,16,0,1,7,4,1,5,1,75.45,199.0,3.0,7.979999999999999,60.0,0.7333333333333333,524.8863068017366,4.739327485380118,0.6,0.8771929824561404,3.208333333333333
2021-03-23 00:00:00,0,20,0,5,14,0,1,4,3,1,4,1,76.45,381.5,3.0,7.979999999999999,50.0,0.5833333333333334,508.5463068017366,3.1539473684210524,0.5,0.5012531328320803,3.15
2021-03-23 01:00:00,1,23,0,5,15,2,1,10,3,0,3,0,77.45,592.0,3.0,7.979999999999999,57.49999999999999,0.6306306306306306,506.353,5.563882532418003,0.575,1.2531328320802009,3.0434782608695654
2021-03-23 02:00:00,2,23,0,6,16,0,1,6,4,0,4,0,78.45,470.5,3.0,7.979999999999999,57.49999999999999,0.6759259259259259,525.393,4.21140078457012,0.575,0.7518796992481204,3.1739130434782608
2021-03-23 03:00:00,3,15,0,5,9,0,1,0,4,0,4,0,79.45,530.5,3.0,7.979999999999999,37.5,0.4444444444444444,513.873,1.2000000000000002,0.375,0.0,3.2
2021-03-23 04:00:00,4,12,0,4,7,0,1,0,4,0,4,0,80.45,590.5,3.0,7.979999999999999,30.0,0.3518518518518518,513.078,0.95,0.3,0.0,3.1666666666666665
2021-03-23 05:00:00,5,13,0,4,8,0,1,2,4,0,4,0,81.45,650.5,3.0,7.979999999999999,32.5,0.3796296296296296,520.8629999999999,1.815437632542896,0.325,0.2506265664160401,3.1538461538461537
2021-03-23 06:00:00,6,15,0,4,10,0,1,4,5,0,5,0,82.45,529.0,3.0,7.979999999999999,37.5,0.4476190476190476,544.193,2.745593149540518,0.375,0.5012531328320803,3.1333333333333333
2021-03-23 07:00:00,7,16,1,4,10,0,1,2,5,1,6,1,83.45,455.5,3.0,7.979999999999999,40.0,0.5098039215686274,566.2463068017366,2.1145363408521307,0.4,0.2506265664160401,3.25
2021-03-23 08:00:00,8,16,1,3,10,1,1,4,6,1,7,1,84.45,382.0,3.0,7.76,40.0,0.5050505050505051,585.2863068017366,2.8608247422680413,0.4,0.5154639175257733,3.125
2021-03-23 09:00:00,9,14,1,3,9,0,1,2,5,1,6,1,85.45,420.5,3.0,7.76,35.0,0.4411764705882353,573.2363068017366,1.9534241531664212,0.35,0.2577319587628866,3.2142857142857144
2021-03-23 10:00:00,10,23,1,4,18,0,0,11,8,1,9,1,86.45,124.0,4.0,11.01,57.49999999999999,0.6048387096774194,638.3813068017366,5.13290783082573,0.575,0.9990917347865576,3.260869565217391
2021-03-23 11:00:00,11,31,1,6,23,0,1,11,9,2,11,2,87.45,102.0,4.0,11.01,77.5,0.853448275862069,688.8496136034732,5.665647798189329,0.775,0.9990917347865576,3.193548387096774
2021-03-23 12:00:00,12,30,1,8,21,0,0,7,9,2,11,2,88.45,160.0,4.0,11.01,75.0,0.8620689655172413,692.3446136034732,4.6192854980320925,0.75,0.6357856494096277,3.333333333333333
2021-03-23 13:00:00,13,36,1,9,26,0,0,10,12,2,14,2,89.45,166.5,4.0,11.01,90.0,1.1442307692307692,751.0546136034732,5.97732112221213,0.9,0.9082652134423252,3.305555555555556
2021-03-23 14:00:00,14,29,1,8,20,0,0,5,8,3,11,3,90.45,225.0,4.0,11.01,72.5,0.8362068965517241,702.3479204052098,3.943995270756992,0.725,0.4541326067211625,3.3448275862068964
2021-03-23 15:00:00,15,26,1,7,18,0,0,3,7,2,9,2,91.45,160.0,4.0,11.01,65.0,0.7016129032258065,673.8846136034733,3.0867585411863345,0.65,0.2724795640326976,3.3461538461538463
2021-03-23 16:00:00,16,21,1,6,14,0,0,6,7,2,9,2,92.45,101.0,4.0,11.01,52.5,0.5725806451612904,668.7996136034733,3.617480861554431,0.525,0.5449591280653951,3.380952380952381
2021-03-23 17:00:00,17,23,0,8,15,0,0,5,7,1,8,1,93.45,139.5,4.0,11.01,57.49999999999999,0.6015625,664.4613068017366,3.445356987718675,0.575,0.4541326067211625,3.347826086956522
2021-03-23 18:00:00,18,17,0,9,8,0,0,3,6,1,7,1,94.45,178.0,4.0,11.01,42.5,0.4545454545454545,643.8313068017366,2.461692578938933,0.425,0.2724795640326976,3.5294117647058822
2021-03-23 19:00:00,19,15,0,7,8,0,0,2,6,2,8,2,95.45,232.5,4.0,11.01,37.5,0.40625,659.4496136034732,1.9297305479866789,0.375,0.181653042688465,3.466666666666667
2021-03-23 20:00:00,20,14,0,5,9,0,0,6,6,2,8,2,96.45,169.5,4.0,10.05,35.0,0.3671875,662.9446136034732,3.179264392324093,0.35,0.5970149253731343,3.357142857142857
2021-03-23 21:00:00,21,17,1,3,13,0,0,7,7,2,9,2,97.45,118.0,4.0,10.05,42.5,0.4516129032258064,688.4196136034732,3.694410301434006,0.425,0.6965174129353233,3.294117647058824
2021-03-23 22:00:00,22,20,1,4,14,1,0,11,5,1,6,1,98.45,136.5,3.0,6.8,50.0,0.6372549019607843,659.4263068017367,6.882352941176471,0.5,1.6176470588235294,3.25
2021-03-23 23:00:00,23,25,1,4,19,1,0,12,6,1,7,1,99.45,187.0,3.0,6.8,62.5,0.8080808080808081,689.1913068017366,7.647058823529412,0.625,1.7647058823529411,3.2
2021-03-24 00:00:00,0,29,1,7,20,1,0,8,7,1,8,1,100.45,231.0,3.0,6.8,72.5,0.9895833333333334,716.8113068017367,6.22895537525355,0.725,1.1764705882352942,3.2758620689655173
2021-03-24 01:00:00,1,22,1,6,14,1,0,2,7,1,8,1,101.45,291.0,3.0,6.8,55.00000000000001,0.7604166666666666,707.4363068017367,2.8009358288770057,0.55,0.2941176470588235,3.3181818181818183
2021-03-24 02:00:00,2,18,1,5,11,1,0,0,7,1,8,1,102.45,351.0,3.0,6.8,45.0,0.625,704.4963068017366,1.5,0.45,0.0,3.333333333333333
2021-03-24 03:00:00,3,21,1,4,15,1,0,5,8,1,9,1,103.45,395.0,3.0,6.8,52.5,0.7311827956989247,729.9713068017365,4.080952380952381,0.525,0.7352941176470589,3.238095238095238
2021-03-24 04:00:00,4,18,1,4,12,1,0,4,8,1,9,1,104.45,455.0,3.0,6.8,45.0,0.6344086021505376,729.1763068017366,3.403104575163399,0.45,0.5882352941176471,3.2777777777777777
2021-03-24 05:00:00,5,17,1,4,11,1,0,0,8,1,9,1,105.45,515.0,3.0,6.8,42.5,0.6021505376344086,732.6713068017366,1.4,0.425,0.0,3.294117647058824
2021-03-24 06:00:00,6,16,1,4,10,1,0,2,8,1,9,1,106.45,575.0,3.0,6.8,40.0,0.5698924731182796,736.1663068017365,2.299264705882353,0.4,0.2941176470588235,3.3125
2021-03-24 07:00:00,7,18,1,4,12,1,0,2,10,1,11,1,107.45,601.0,3.0,6.8,45.0,0.6781609195402298,772.8963068017366,2.4390522875817,0.45,0.2941176470588235,3.2777777777777777
2021-03-24 08:00:00,8,18,1,4,12,1,0,3,10,1,11,1,108.45,661.0,3.0,6.38,45.0,0.6781609195402298,778.5363068017366,3.016274817136886,0.45,0.4702194357366771,3.2777777777777777
2021-03-24 09:00:00,9,17,1,3,12,1,0,2,7,1,8,1,109.45,738.0,3.0,6.38,42.5,0.5729166666666666,741.8313068017367,2.3891987829614605,0.425,0.3134796238244514,3.235294117647059
2021-03-24 10:00:00,10,22,1,6,14,1,0,10,8,1,9,1,42.86666666666667,781.0,4.0,10.08,55.00000000000001,0.5887096774193549,390.4263068017366,5.116847041847042,0.55,0.992063492063492,3.3181818181818183
2021-03-24 11:00:00,11,17,2,6,9,0,0,4,9,1,10,1,43.86666666666667,530.0,4.0,10.08,42.5,0.5083333333333333,398.74130680173664,2.94890289449113,0.425,0.3968253968253968,3.588235294117647
2021-03-24 12:00:00,12,19,2,7,10,0,0,5,9,1,10,1,44.86666666666667,266.5,4.0,10.08,47.5,0.5666666666666667,408.6713068017366,3.475271512113617,0.475,0.496031746031746,3.5789473684210527
2021-03-24 13:00:00,13,24,0,9,15,0,0,10,9,2,11,2,45.86666666666667,155.0,4.0,10.08,60.0,0.6982758620689655,439.3046136034732,5.373214285714286,0.6,0.992063492063492,3.375
2021-03-24 14:00:00,14,24,2,9,13,0,0,6,11,2,13,2,46.86666666666667,80.0,4.0,10.08,60.0,0.7870370370370371,471.7446136034732,4.23313492063492,0.6,0.5952380952380952,3.5416666666666665
2021-03-24 15:00:00,15,21,2,8,11,0,0,4,8,3,11,3,20.15,123.0,4.0,10.08,52.5,0.646551724137931,288.6959204052098,3.292233560090703,0.525,0.3968253968253968,3.571428571428572
2021-03-24 16:00:00,16,22,2,7,13,0,0,5,9,2,11,2,12.866666666666667,173.0,4.0,10.08,55.00000000000001,0.6637931034482759,248.8946136034732,3.661111111111112,0.55,0.496031746031746,3.5
2021-03-24 17:00:00,17,25,3,7,14,1,0,6,10,1,11,1,13.866666666666667,193.0,4.0,10.08,62.5,0.75,260.10130680173665,4.246428571428572,0.625,0.5952380952380952,3.48
2021-03-24 18:00:00,18,19,3,4,11,1,0,4,10,0,10,0,14.866666666666667,197.5,4.0,10.08,47.5,0.55,238.603,3.0284461152882205,0.475,0.3968253968253968,3.473684210526316
2021-03-24 19:00:00,19,21,2,4,14,1,0,9,8,1,9,1,15.866666666666667,161.0,4.0,10.08,52.5,0.5645161290322581,236.00130680173663,4.726190476190476,0.525,0.8928571428571429,3.333333333333333
2021-03-24 20:00:00,20,20,2,2,14,1,1,7,5,1,6,1,16.866666666666667,131.5,4.0,10.27,50.0,0.4632352941176471,199.29630680173665,3.722030185004869,0.5,0.6815968841285297,3.15
2021-03-24 21:00:00,21,17,2,3,11,1,0,3,4,1,5,1,17.866666666666667,170.0,4.0,10.27,42.5,0.4071428571428571,185.1013068017366,2.4044375393779718,0.425,0.2921129503407984,3.3529411764705883
2021-03-24 22:00:00,22,21,1,3,15,2,0,11,3,1,4,1,18.866666666666667,103.0,3.0,6.57,52.5,0.6111111111111112,185.92130680173665,6.912013481191563,0.525,1.67427701674277,3.142857142857143
2021-03-24 23:00:00,23,19,1,5,12,1,0,4,5,0,5,0,19.866666666666667,71.0,3.0,6.57,47.5,0.6,199.803,3.593745493871665,0.475,0.60882800608828,3.3157894736842106
2021-03-25 00:00:00,0,18,1,7,9,1,0,5,6,0,6,0,20.866666666666667,121.0,3.0,6.57,45.0,0.6078431372549019,216.698,4.171342803991206,0.45,0.76103500761035,3.4444444444444446
2021-03-25 01:00:00,1,19,1,7,10,1,0,3,6,0,6,0,8.733333333333333,181.0,3.0,6.57,47.5,0.6372549019607843,150.411,3.187124489305455,0.475,0.45662100456621,3.421052631578948
2021-03-25 02:00:00,2,18,1,6,10,1,0,2,6,0,6,0,9.733333333333333,241.0,3.0,6.57,45.0,0.5980392156862745,153.906,2.556625232538474,0.45,0.30441400304414,3.388888888888889
2021-03-25 03:00:00,3,16,1,5,9,1,0,1,6,0,6,0,10.733333333333333,301.0,3.0,6.57,40.0,0.5294117647058824,155.256,1.8636986301369864,0.4,0.15220700152207,3.375
2021-03-25 04:00:00,4,16,1,5,8,2,0,1,6,0,6,0,11.733333333333333,361.0,3.0,6.57,40.0,0.5196078431372549,160.896,1.829185692541857,0.4,0.15220700152207,3.3125
2021-03-25 05:00:00,5,17,1,5,9,2,0,2,6,0,6,0,12.733333333333333,421.0,3.0,6.57,42.5,0.5490196078431373,168.68099999999998,2.4027755394395203,0.425,0.30441400304414,3.294117647058824
2021-03-25 06:00:00,6,19,1,5,10,3,0,3,6,0,6,0,13.733333333333333,481.0,3.0,6.57,47.5,0.5980392156862745,178.611,2.990993751502043,0.475,0.45662100456621,3.210526315789474
2021-03-25 07:00:00,7,16,2,3,9,2,0,3,6,2,8,2,14.733333333333333,515.5,3.0,6.57,40.0,0.5520833333333334,206.35261360347323,2.8375570776255707,0.4,0.45662100456621,3.3125
2021-03-25 08:00:00,8,19,2,3,10,4,0,5,7,2,9,2,15.733333333333333,560.0,3.0,6.66,47.5,0.6451612903225806,231.8276136034732,3.8707918444760554,0.475,0.7507507507507507,3.1578947368421053
2021-03-25 09:00:00,9,18,0,1,13,4,0,4,7,0,7,0,16.733333333333334,117.0,3.0,6.66,45.0,0.5151515151515151,206.786,2.976701701701702,0.45,0.6006006006006006,2.833333333333333
2021-03-25 10:00:00,10,23,0,1,18,3,1,8,8,0,8,0,17.733333333333334,84.5,4.0,9.91,57.49999999999999,0.5078125,236.551,3.906402184881323,0.575,0.8072653884964682,2.8260869565217392
2021-03-25 11:00:00,11,25,1,1,19,4,0,7,8,1,9,1,18.73333333333333,133.0,4.0,9.91,62.5,0.5967741935483871,260.7493068017366,3.940817356205853,0.625,0.7063572149344097,2.96
2021-03-25 12:00:00,12,24,0,4,16,4,0,7,9,1,10,1,19.73333333333333,160.5,4.0,9.91,60.0,0.6,277.6443068017366,3.919071644803229,0.6,0.7063572149344097,3.0
2021-03-25 13:00:00,13,22,2,4,13,3,0,6,7,3,10,3,20.73333333333333,164.5,4.0,9.91,55.00000000000001,0.5916666666666667,280.7309204052098,3.728949178974406,0.55,0.6054490413723511,3.227272727272727
2021-03-25 14:00:00,14,16,1,4,10,1,0,3,5,2,7,2,21.73333333333333,161.0,4.0,9.91,40.0,0.4015151515151515,232.4326136034732,2.327774974772957,0.4,0.3027245206861755,3.3125
2021-03-25 15:00:00,15,21,1,2,17,1,0,8,5,2,7,2,22.73333333333333,221.0,4.0,9.91,52.5,0.5,248.7976136034732,4.187119792417472,0.525,0.8072653884964682,3.142857142857143
2021-03-25 16:00:00,16,25,1,4,18,2,0,9,8,3,11,3,23.73333333333333,142.0,4.0,9.91,62.5,0.6810344827586207,317.48592040520987,4.844828456104945,0.625,0.9081735620585268,3.16
2021-03-25 17:00:00,17,26,1,6,18,1,0,5,8,3,11,3,8.516666666666667,160.0,4.0,9.91,65.0,0.7327586206896551,233.80892040520985,3.7744605293798026,0.65,0.5045408678102926,3.269230769230769
2021-03-25 18:00:00,18,24,0,4,20,0,0,9,9,2,11,2,9.516666666666667,138.0,4.0,9.91,60.0,0.6551724137931034,234.29061360347325,4.775882946518667,0.6,0.9081735620585268,3.1666666666666665
2021-03-25 19:00:00,19,20,0,5,15,0,0,5,8,2,10,2,7.683333333333334,111.0,4.0,9.91,50.0,0.5416666666666666,201.97061360347325,3.2647578203834504,0.5,0.5045408678102926,3.25
2021-03-25 20:00:00,20,18,0,4,14,0,0,5,8,1,9,1,6.633333333333334,76.0,4.0,11.01,45.0,0.4677419354838709,177.49030680173664,2.9133161772126352,0.45,0.4541326067211625,3.2222222222222223
2021-03-25 21:00:00,21,20,0,5,13,0,2,7,9,2,11,2,7.633333333333334,88.0,4.0,11.01,50.0,0.5258620689655172,215.0886136034732,3.464146230699364,0.5,0.6357856494096277,3.05
2021-03-25 22:00:00,22,18,0,3,12,1,2,7,7,1,8,1,5.15,75.0,3.0,7.76,45.0,0.5416666666666666,155.72430680173662,3.9059564719358537,0.45,0.9020618556701032,2.888888888888889
2021-03-25 23:00:00,23,24,0,5,15,2,2,11,7,1,8,1,5.083333333333333,135.0,3.0,7.76,60.0,0.7395833333333334,168.2183068017366,5.968513745704468,0.6,1.4175257731958764,2.958333333333333
2021-03-26 00:00:00,0,19,0,4,12,1,2,3,7,1,8,1,6.083333333333333,195.0,3.0,7.76,47.5,0.5833333333333334,163.1333068017366,2.5394465545306564,0.475,0.3865979381443299,2.9473684210526314
2021-03-26 01:00:00,1,20,1,3,13,1,2,5,8,1,9,1,7.083333333333333,254.0,3.0,7.76,50.0,0.6451612903225806,184.3183068017366,3.4329896907216493,0.5,0.6443298969072165,3.0
2021-03-26 02:00:00,2,20,1,3,12,2,2,6,10,0,10,0,7.016666666666667,308.0,3.0,7.76,50.0,0.6555555555555556,196.474,3.7559278350515455,0.5,0.7731958762886598,2.95
2021-03-26 03:00:00,3,18,1,4,10,1,2,2,11,0,11,0,8.016666666666667,367.0,3.0,7.76,45.0,0.632183908045977,211.224,2.1625143184421534,0.45,0.2577319587628866,3.055555555555556
2021-03-26 04:00:00,4,17,1,3,10,1,2,1,10,0,10,0,9.016666666666667,428.0,3.0,7.76,42.5,0.5666666666666667,201.319,1.66159793814433,0.425,0.1288659793814433,3.0
2021-03-26 05:00:00,5,15,1,2,9,1,2,0,10,0,10,0,10.016666666666667,488.0,3.0,7.76,37.5,0.4888888888888889,202.669,1.1,0.375,0.0,2.933333333333333
2021-03-26 06:00:00,6,17,1,2,11,1,2,3,10,0,10,0,11.016666666666667,548.0,3.0,7.76,42.5,0.5555555555555556,212.599,2.387052759248029,0.425,0.3865979381443299,2.9411764705882355
2021-03-26 07:00:00,7,15,1,2,9,1,2,0,10,0,10,0,12.016666666666667,608.0,3.0,7.76,37.5,0.4888888888888889,213.949,1.1,0.375,0.0,2.933333333333333
2021-03-26 08:00:00,8,16,1,2,10,1,2,2,11,0,11,0,13.016666666666667,667.0,3.0,6.6,40.0,0.5402298850574713,235.134,2.0651515151515154,0.4,0.303030303030303,2.9375
2021-03-26 09:00:00,9,14,0,2,11,0,1,4,8,0,8,0,14.016666666666667,599.0,3.0,6.6,35.0,0.4375,196.284,2.868181818181818,0.35,0.6060606060606061,3.0
2021-03-26 10:00:00,10,17,0,2,14,0,1,6,7,0,7,0,13.666666666666666,483.0,4.0,9.85,42.5,0.3863636363636363,187.345,3.102411167512691,0.425,0.6091370558375635,3.0
2021-03-26 11:00:00,11,26,1,2,22,0,1,12,9,1,10,1,14.666666666666666,109.0,4.0,9.85,65.0,0.6666666666666666,253.3583068017366,5.74853572823116,0.65,1.218274111675127,3.076923076923077
2021-03-26 12:00:00,12,23,1,2,20,0,0,7,9,1,10,1,15.15,103.0,4.0,9.85,57.49999999999999,0.6083333333333333,249.6493068017366,4.080572721253587,0.575,0.7106598984771574,3.1739130434782608
2021-03-26 13:00:00,13,20,0,2,17,1,0,6,9,0,9,0,16.15,116.0,4.0,9.85,50.0,0.4919354838709677,234.586,3.3828680203045685,0.5,0.6091370558375635,3.05
2021-03-26 14:00:00,14,20,0,3,17,0,0,5,8,0,8,0,17.15,182.0,4.0,9.85,50.0,0.4921875,226.826,3.173984771573604,0.5,0.5076142131979695,3.15
2021-03-26 15:00:00,15,22,0,4,18,0,0,7,9,0,9,0,18.15,223.0,4.0,9.85,55.00000000000001,0.5645161290322581,250.156,4.011190586063683,0.55,0.7106598984771574,3.1818181818181817
2021-03-26 16:00:00,16,20,0,3,17,0,0,4,9,0,9,0,19.15,283.0,4.0,9.85,50.0,0.5080645161290323,251.506,2.8541878172588837,0.5,0.4060913705583756,3.15
2021-03-26 17:00:00,17,15,0,3,11,1,0,5,8,0,8,0,20.15,240.5,4.0,9.85,37.5,0.3671875,233.021,2.7655245346869712,0.375,0.5076142131979695,3.1333333333333333
2021-03-26 18:00:00,18,16,0,3,13,0,0,6,8,0,8,0,21.15,126.0,4.0,9.85,40.0,0.3984375,240.806,3.2166243654822333,0.4,0.6091370558375635,3.1875
2021-03-26 19:00:00,19,18,0,2,16,0,0,6,7,0,7,0,22.15,158.0,4.0,9.85,45.0,0.4242424242424242,237.336,3.295093062605753,0.45,0.6091370558375635,3.111111111111111
2021-03-26 20:00:00,20,18,1,5,12,0,0,9,5,2,7,2,9.35,39.0,4.0,11.31,45.0,0.4621212121212121,166.8806136034732,4.221728558797524,0.45,0.7957559681697614,3.388888888888889
2021-03-26 21:00:00,21,26,1,7,16,2,0,11,8,3,11,3,10.35,76.0,4.0,11.31,65.0,0.7327586206896551,244.14892040520988,5.304623206148405,0.65,0.9725906277630416,3.269230769230769
2021-03-26 22:00:00,22,23,0,7,15,1,0,7,7,2,9,2,7.3,123.0,3.0,8.059999999999999,57.49999999999999,0.8064516129032258,192.84361360347324,4.707020714208653,0.575,0.8684863523573202,3.260869565217391
2021-03-26 23:00:00,23,23,0,8,14,1,0,5,6,2,8,2,8.183333333333334,181.0,3.0,8.059999999999999,57.49999999999999,0.7916666666666666,184.4256136034732,3.949843564570073,0.575,0.620347394540943,3.3043478260869565
2021-03-27 00:00:00,0,19,0,7,11,1,0,1,7,2,9,2,7.633333333333334,239.0,3.0,8.059999999999999,47.5,0.6774193548387096,186.14361360347323,1.9863882721692567,0.475,0.1240694789081886,3.3157894736842106
2021-03-27 01:00:00,1,17,0,4,12,1,0,2,7,2,9,2,8.633333333333333,262.0,3.0,8.059999999999999,42.5,0.5806451612903226,187.49361360347325,2.1382061012990805,0.425,0.2481389578163772,3.176470588235294
2021-03-27 02:00:00,2,18,0,5,12,1,0,4,7,1,8,1,9.633333333333333,340.5,3.0,8.059999999999999,45.0,0.6041666666666666,181.01030680173665,3.0491177281499864,0.45,0.4962779156327544,3.2222222222222223
2021-03-27 03:00:00,3,17,0,5,10,2,0,2,7,1,8,1,10.633333333333333,400.5,3.0,8.059999999999999,42.5,0.5625,184.5053068017366,2.1382061012990805,0.425,0.2481389578163772,3.176470588235294
2021-03-27 04:00:00,4,16,0,4,10,2,0,0,7,1,8,1,11.633333333333333,460.5,3.0,8.059999999999999,40.0,0.5208333333333334,188.00030680173663,1.25,0.4,0.0,3.125
2021-03-27 05:00:00,5,14,0,4,8,2,0,3,7,0,7,0,12.633333333333333,539.0,3.0,8.059999999999999,35.0,0.4444444444444444,175.082,2.2697979439914926,0.35,0.3722084367245658,3.142857142857143
2021-03-27 06:00:00,6,14,0,4,8,2,0,1,7,0,7,0,13.633333333333333,599.0,3.0,8.059999999999999,35.0,0.4444444444444444,180.722,1.489932647997164,0.35,0.1240694789081886,3.142857142857143
2021-03-27 07:00:00,7,12,0,3,7,2,0,0,7,0,7,0,14.633333333333333,659.0,3.0,8.059999999999999,30.0,0.3737373737373737,182.072,0.925,0.3,0.0,3.083333333333333
2021-03-27 08:00:00,8,15,0,3,9,3,0,3,8,0,8,0,15.633333333333333,700.5,3.0,6.66,37.5,0.46875,207.547,2.476351351351352,0.375,0.4504504504504504,3.0
2021-03-27 09:00:00,9,12,0,1,8,3,0,1,4,0,4,0,13.65,740.0,3.0,6.66,30.0,0.3148148148148148,136.32600000000002,1.2754254254254254,0.3,0.1501501501501501,2.833333333333333
2021-03-27 10:00:00,10,12,0,1,9,2,0,5,2,1,3,1,14.65,20.0,4.0,10.12,30.0,0.2364864864864864,129.43430680173662,2.316040843214756,0.3,0.4940711462450592,2.9166666666666665
2021-03-27 11:00:00,11,13,0,2,9,2,0,4,3,1,4,1,15.65,77.0,4.0,10.12,32.5,0.2708333333333333,150.6193068017366,2.160770750988142,0.325,0.3952569169960473,3.0
2021-03-27 12:00:00,12,13,0,2,10,1,0,5,4,2,6,2,16.65,97.0,4.0,10.12,32.5,0.2941176470588235,183.9276136034732,2.5202189115232594,0.325,0.4940711462450592,3.076923076923077
2021-03-27 13:00:00,13,9,0,1,6,2,0,5,2,1,3,1,3.55,101.0,4.0,10.12,22.5,0.1756756756756756,60.39530680173661,2.077316644707949,0.225,0.4940711462450592,2.888888888888889
2021-03-27 14:00:00,14,7,0,1,6,0,0,4,2,1,3,1,3.95,161.0,4.0,10.12,17.5,0.1486486486486486,58.36130680173662,1.7922360248447204,0.175,0.3952569169960473,3.142857142857143
2021-03-27 15:00:00,15,10,0,0,8,2,0,8,3,1,4,1,4.0,109.0,4.0,10.12,25.0,0.1944444444444444,78.47830680173661,2.913438735177865,0.25,0.7905138339920947,2.8
2021-03-27 16:00:00,16,8,0,0,6,2,0,1,2,1,3,1,4.766666666666667,96.0,4.0,10.12,20.0,0.1486486486486486,65.11230680173661,0.8217391304347826,0.2,0.0988142292490118,2.75
2021-03-27 17:00:00,17,16,0,2,13,1,0,12,3,2,5,2,5.766666666666667,41.0,4.0,10.12,40.0,0.35,115.58061360347324,4.856422924901185,0.4,1.185770750988142,3.0625
2021-03-27 18:00:00,18,21,0,4,16,1,0,9,6,2,8,2,6.033333333333333,65.0,4.0,10.12,52.5,0.515625,168.00961360347324,4.44503105590062,0.525,0.8893280632411066,3.142857142857143
2021-03-27 19:00:00,19,18,0,0,14,4,0,5,4,1,5,1,7.033333333333333,121.0,4.0,10.12,45.0,0.3571428571428571,126.1463068017366,2.62241985068072,0.45,0.4940711462450592,2.7777777777777777
2021-03-27 20:00:00,20,13,0,0,13,0,0,10,5,0,5,0,3.333333333333333,30.0,4.0,11.19,32.5,0.2785714285714286,93.685,3.6559651474530823,0.325,0.8936550491510276,3.0
2021-03-27 21:00:00,21,25,0,4,20,1,0,15,8,0,8,0,4.333333333333333,54.5,4.0,11.19,62.5,0.609375,165.265,6.132305630026809,0.625,1.3404825737265411,3.12
2021-03-27 22:00:00,22,18,0,4,13,1,0,6,9,0,9,0,5.016666666666667,100.0,3.0,7.73,45.0,0.6129032258064516,167.50400000000002,3.882956015523932,0.45,0.7761966364812418,3.1666666666666665
2021-03-27 23:00:00,23,18,0,4,12,1,0,8,8,0,8,0,6.016666666666667,154.5,3.0,7.73,45.0,0.5625,159.744,4.454786545924968,0.45,1.034928848641656,3.0
2021-03-28 00:00:00,0,19,0,4,14,1,0,7,9,0,9,0,7.016666666666667,213.0,3.0,7.73,47.5,0.6451612903225806,180.92900000000003,4.359671818615102,0.475,0.9055627425614488,3.1578947368421053
2021-03-28 01:00:00,1,19,1,5,11,2,0,3,11,0,11,0,8.016666666666667,267.0,3.0,7.73,47.5,0.7126436781609196,213.369,2.8164260911009733,0.475,0.3880983182406209,3.263157894736842
2021-03-28 02:00:00,2,19,1,6,10,2,0,6,10,0,10,0,9.016666666666667,330.0,3.0,7.73,47.5,0.7,205.609,4.148704636753591,0.475,0.7761966364812418,3.3157894736842106
2021-03-28 03:00:00,3,25,1,6,13,5,0,6,11,0,11,0,10.016666666666667,387.0,3.0,7.73,62.5,0.896551724137931,237.519,4.371733505821474,0.625,0.7761966364812418,3.12
2021-03-28 04:00:00,4,21,1,6,13,1,0,1,11,0,11,0,11.016666666666667,447.0,3.0,7.73,52.5,0.8045977011494253,234.579,2.18122035360069,0.525,0.129366106080207,3.333333333333333
2021-03-28 05:00:00,5,22,2,5,13,2,0,3,13,0,13,0,12.016666666666667,475.0,3.0,7.73,55.00000000000001,0.9012345679012346,269.164,3.112780783252969,0.55,0.3880983182406209,3.3181818181818183
2021-03-28 06:00:00,6,20,2,7,9,2,0,3,15,0,15,0,13.016666666666667,447.0,3.0,7.73,50.0,0.92,297.314,3.0639391979301425,0.5,0.3880983182406209,3.45
2021-03-28 07:00:00,7,20,2,7,9,2,0,3,16,0,16,0,14.016666666666667,460.0,3.0,7.73,50.0,0.9583333333333334,316.35400000000004,3.0639391979301425,0.5,0.3880983182406209,3.45
2021-03-28 08:00:00,8,22,3,8,9,2,0,4,17,2,19,2,15.016666666666667,460.0,3.0,6.66,55.00000000000001,1.238095238095238,368.2206136034732,4.07940212940213,0.55,0.6006006006006006,3.5454545454545454
2021-03-28 09:00:00,9,21,1,5,13,2,0,7,12,2,14,2,16.016666666666666,453.5,3.0,6.66,52.5,0.8717948717948718,304.71561360347323,5.103403403403403,0.525,1.0510510510510511,3.238095238095238
2021-03-28 10:00:00,10,25,0,2,21,2,0,13,10,1,11,1,17.016666666666666,116.0,4.0,10.36,62.5,0.646551724137931,277.8673068017366,5.639478764478765,0.625,1.254826254826255,3.0
2021-03-28 11:00:00,11,28,0,2,23,3,0,11,10,1,11,1,15.5,112.0,4.0,10.36,70.0,0.7155172413793104,275.74830680173665,5.222407611693327,0.7,1.061776061776062,2.9642857142857144
2021-03-28 12:00:00,12,22,0,4,17,1,0,9,8,1,9,1,16.5,136.0,4.0,10.36,55.00000000000001,0.5564516129032258,241.71830680173665,4.449640224640225,0.55,0.8687258687258688,3.136363636363636
2021-03-28 13:00:00,13,25,0,4,20,1,0,9,8,2,10,2,17.5,178.5,4.0,10.36,62.5,0.65,268.06161360347323,4.660424710424711,0.625,0.8687258687258688,3.12
2021-03-28 14:00:00,14,27,0,1,23,3,0,14,10,2,12,2,18.5,76.0,4.0,10.36,67.5,0.7053571428571429,304.7916136034732,5.928953953953955,0.675,1.351351351351351,2.925925925925926
2021-03-28 15:00:00,15,26,0,3,22,1,0,10,9,3,12,3,5.266666666666667,102.5,4.0,10.36,65.0,0.7142857142857143,228.87892040520987,4.970002970002971,0.65,0.9652509652509652,3.076923076923077
2021-03-28 16:00:00,16,21,1,3,14,3,0,9,8,1,9,1,6.266666666666667,160.0,4.0,10.36,52.5,0.5241935483870968,181.85730680173663,4.313913403199118,0.525,0.8687258687258688,3.095238095238096
2021-03-28 17:00:00,17,15,1,3,10,1,0,5,3,2,5,2,3.6666666666666665,97.0,4.0,10.36,37.5,0.35,101.59161360347323,2.8015765765765765,0.375,0.4826254826254826,3.2666666666666666
2021-03-28 18:00:00,18,17,1,0,16,0,0,16,7,1,8,1,4.666666666666667,55.5,4.0,10.36,42.5,0.4140625,150.8533068017366,6.139898932545992,0.425,1.5444015444015444,3.117647058823529
2021-03-28 19:00:00,19,21,1,0,20,0,0,12,5,1,6,1,4.183333333333334,82.0,4.0,10.36,52.5,0.4779411764705882,129.9073068017366,5.210217870932158,0.525,1.1583011583011584,3.095238095238096
2021-03-28 20:00:00,20,28,0,1,27,0,0,14,6,2,8,2,5.183333333333334,69.0,4.0,11.46,70.0,0.6640625,178.23061360347324,5.833551483420592,0.7,1.2216404886561951,3.0357142857142856
2021-03-28 21:00:00,21,33,1,1,30,1,0,12,6,3,9,3,5.916666666666667,90.0,4.0,11.46,82.5,0.8145161290322581,207.35992040520983,5.729823100111058,0.825,1.0471204188481675,3.060606060606061
2021-03-28 22:00:00,22,29,1,1,25,2,0,10,6,3,9,3,6.916666666666667,115.0,3.0,7.76,72.5,0.946236559139785,204.41992040520984,6.110415926057589,0.725,1.288659793814433,3.034482758620689
2021-03-28 23:00:00,23,24,0,2,20,2,0,6,7,2,9,2,7.916666666666667,146.0,3.0,7.76,60.0,0.7741935483870968,198.46661360347323,4.119587628865979,0.6,0.7731958762886598,3.0
2021-03-29 00:00:00,0,12,0,2,9,1,0,0,6,1,7,1,8.916666666666666,171.0,3.0,7.76,30.0,0.3737373737373737,150.6983068017366,0.925,0.3,0.0,3.083333333333333
2021-03-29 01:00:00,1,11,0,2,8,1,0,3,7,1,8,1,9.916666666666666,216.0,3.0,7.76,27.500000000000004,0.3541666666666667,167.59330680173662,2.04493908153702,0.275,0.3865979381443299,3.090909090909091
2021-03-29 02:00:00,2,14,0,5,9,0,0,6,7,2,9,2,10.916666666666666,229.0,3.0,7.76,35.0,0.5053763440860215,193.93661360347323,3.7707290132547855,0.35,0.7731958762886598,3.357142857142857
2021-03-29 03:00:00,3,19,1,5,13,0,0,5,8,2,10,2,11.916666666666666,270.0,3.0,7.76,47.5,0.7111111111111111,223.7016136034732,3.770374389582203,0.475,0.6443298969072165,3.3684210526315788
2021-03-29 04:00:00,4,20,1,5,13,1,0,2,8,2,10,2,12.916666666666666,330.0,3.0,7.76,50.0,0.7333333333333333,231.4866136034732,2.5005154639175253,0.5,0.2577319587628866,3.3
2021-03-29 05:00:00,5,22,1,5,16,0,0,3,9,2,11,2,13.916666666666666,371.0,3.0,7.76,55.00000000000001,0.8390804597701149,254.81661360347323,3.107802249297095,0.55,0.3865979381443299,3.3181818181818183
2021-03-29 06:00:00,6,20,1,5,14,0,0,3,10,2,12,2,14.916666666666666,378.5,3.0,7.76,50.0,0.7976190476190477,269.56661360347323,2.9701030927835053,0.5,0.3865979381443299,3.35
2021-03-29 07:00:00,7,19,1,4,14,0,0,4,10,1,11,1,15.916666666666666,491.0,3.0,7.76,47.5,0.7241379310344828,258.7933068017366,3.284169831795985,0.475,0.5154639175257733,3.3157894736842106
2021-03-29 08:00:00,8,22,1,5,16,0,0,4,11,2,13,2,16.916666666666668,446.0,3.0,6.8,55.00000000000001,0.9012345679012346,298.53661360347326,3.7768716577540102,0.55,0.5882352941176471,3.3181818181818183
2021-03-29 09:00:00,9,24,1,7,16,0,0,5,10,2,12,2,17.916666666666668,558.5,3.0,6.8,60.0,0.9642857142857144,295.06661360347323,4.506617647058824,0.6,0.7352941176470589,3.375
2021-03-29 10:00:00,10,23,1,6,16,0,0,6,8,2,10,2,18.916666666666668,618.5,4.0,9.84,57.49999999999999,0.6416666666666667,271.7616136034732,3.96635737009544,0.575,0.6097560975609756,3.347826086956522
2021-03-29 11:00:00,11,24,2,6,16,0,0,8,8,2,10,2,15.466666666666669,122.5,4.0,9.84,60.0,0.6833333333333333,254.4486136034732,4.8277777777777775,0.6,0.8130081300813008,3.4166666666666665
2021-03-29 12:00:00,12,32,3,9,20,0,0,10,10,5,15,5,16.466666666666665,103.0,4.0,9.84,80.0,1.11,346.853534008683,6.300152439024391,0.8,1.016260162601626,3.46875
2021-03-29 13:00:00,13,35,2,9,23,1,0,10,10,4,14,4,14.816666666666666,124.0,4.0,9.84,87.5,1.125,329.7142272069464,6.322212543554008,0.875,1.016260162601626,3.342857142857143
2021-03-29 14:00:00,14,34,3,9,21,1,0,7,9,5,14,5,15.816666666666666,175.5,4.0,9.84,85.0,1.1153846153846154,334.0775340086831,5.327068388330942,0.85,0.7113821138211383,3.411764705882353
2021-03-29 15:00:00,15,37,2,8,26,1,0,10,11,3,14,3,16.816666666666666,138.0,4.0,9.84,92.5,1.1730769230769231,344.4159204052098,6.400911887497254,0.925,1.016260162601626,3.2972972972972974
2021-03-29 16:00:00,16,37,1,10,25,1,0,7,11,3,14,3,9.183333333333334,179.5,4.0,9.84,92.5,1.1730769230769231,301.3639204052098,5.395638321248078,0.925,0.7113821138211383,3.2972972972972974
2021-03-29 17:00:00,17,41,1,14,25,1,0,9,11,4,15,4,10.183333333333334,203.0,4.0,9.84,102.5,1.38,329.8522272069464,6.5285246876859,1.025,0.9146341463414634,3.365853658536585
2021-03-29 18:00:00,18,35,1,13,21,0,0,6,12,3,15,3,11.183333333333334,216.0,4.0,9.84,87.5,1.2,321.75392040520984,5.090592334494773,0.875,0.6097560975609756,3.4285714285714284
2021-03-29 19:00:00,19,23,1,6,16,0,0,5,7,1,8,1,12.183333333333334,307.0,4.0,9.84,57.49999999999999,0.6015625,206.11730680173665,3.6261311417462,0.575,0.508130081300813,3.347826086956522
2021-03-29 20:00:00,20,22,1,7,14,0,0,7,4,2,6,2,13.183333333333334,58.5,4.0,9.72,55.00000000000001,0.5514705882352942,183.6806136034732,4.3301066217732895,0.55,0.720164609053498,3.409090909090909
2021-03-29 21:00:00,21,27,1,11,15,0,0,10,4,3,7,3,14.183333333333334,62.0,4.0,9.72,67.5,0.7121212121212122,214.31392040520984,5.931771071483007,0.675,1.02880658436214,3.4814814814814814
2021-03-29 22:00:00,22,20,1,7,12,0,0,6,2,2,4,2,15.183333333333334,111.0,3.0,6.68,50.0,0.6388888888888888,163.8706136034732,4.823802395209582,0.5,0.8982035928143713,3.45
2021-03-29 23:00:00,23,15,1,3,11,0,0,4,3,0,3,0,16.183333333333334,125.0,3.0,6.68,37.5,0.4504504504504504,143.649,3.2460079840319365,0.375,0.5988023952095809,3.333333333333333
2021-03-30 00:00:00,0,15,1,3,11,0,0,3,4,0,4,0,17.183333333333334,130.0,3.0,6.68,37.5,0.4629629629629629,162.68900000000002,2.747005988023953,0.375,0.4491017964071856,3.333333333333333
2021-03-30 01:00:00,1,20,1,4,14,1,0,7,5,1,6,1,18.183333333333334,121.0,3.0,6.68,50.0,0.6372549019607843,206.72230680173664,5.030688622754491,0.5,1.0479041916167666,3.25
2021-03-30 02:00:00,2,22,1,4,16,1,0,5,7,1,8,1,19.183333333333334,139.5,3.0,6.68,55.00000000000001,0.7395833333333334,243.45230680173665,4.190623298856832,0.55,0.7485029940119761,3.227272727272727
2021-03-30 03:00:00,3,22,1,4,16,1,0,2,7,1,8,1,20.183333333333334,199.5,3.0,6.68,55.00000000000001,0.7395833333333334,249.09230680173664,2.741249319542733,0.55,0.2994011976047904,3.227272727272727
2021-03-30 04:00:00,4,24,1,5,17,1,0,4,7,1,8,1,21.183333333333334,259.5,3.0,6.68,60.0,0.8125,259.0223068017366,3.8961077844311376,0.6,0.5988023952095809,3.25
2021-03-30 05:00:00,5,22,1,5,15,1,0,2,7,1,8,1,22.183333333333334,319.5,3.0,6.68,55.00000000000001,0.75,260.3723068017366,2.779858464888405,0.55,0.2994011976047904,3.272727272727273
2021-03-30 06:00:00,6,22,1,4,16,1,0,3,7,1,8,1,23.183333333333334,379.5,3.0,6.68,55.00000000000001,0.7395833333333334,266.0123068017366,3.2243739793140995,0.55,0.4491017964071856,3.227272727272727
2021-03-30 07:00:00,7,24,1,4,19,0,0,4,8,2,10,2,24.183333333333334,388.0,3.0,6.68,60.0,0.8666666666666667,303.6106136034732,3.8961077844311376,0.6,0.5988023952095809,3.25
2021-03-30 08:00:00,8,29,1,5,22,1,0,8,9,3,12,3,25.183333333333334,400.5,3.0,6.72,72.5,1.1071428571428572,347.6439204052098,6.142733990147783,0.725,1.1904761904761905,3.206896551724138
2021-03-30 09:00:00,9,22,0,4,17,1,0,3,5,3,8,3,26.183333333333334,296.5,3.0,6.72,55.00000000000001,0.71875,284.66892040520986,3.1251623376623376,0.55,0.4464285714285714,3.136363636363636
2021-03-30 10:00:00,10,23,0,4,18,1,0,5,7,3,10,3,27.183333333333334,169.0,4.0,10.42,57.49999999999999,0.6,319.2539204052098,3.302128014687474,0.575,0.4798464491362764,3.130434782608696
2021-03-30 11:00:00,11,27,0,3,22,2,0,8,9,2,11,2,28.183333333333334,198.0,4.0,10.42,67.5,0.7068965517241379,346.0056136034732,4.381698300988129,0.675,0.7677543186180422,3.037037037037037
2021-03-30 12:00:00,12,33,1,5,25,2,0,11,13,1,14,1,29.183333333333334,128.0,4.0,10.42,82.5,1.0,403.8473068017366,5.926935380678183,0.825,1.055662188099808,3.1515151515151514
2021-03-30 13:00:00,13,33,1,7,23,2,0,5,13,1,14,1,30.183333333333334,149.5,4.0,10.42,82.5,1.0192307692307692,409.48730680173657,4.191324957831675,0.825,0.4798464491362764,3.212121212121212
2021-03-30 14:00:00,14,38,2,7,27,2,0,11,18,2,20,2,25.25,111.5,4.0,10.42,95.0,1.5375,473.65661360347326,6.492011819375694,0.95,1.055662188099808,3.236842105263158
2021-03-30 15:00:00,15,42,0,11,29,2,0,11,16,2,18,2,26.25,104.5,4.0,10.42,105.0,1.5340909090909092,461.0766136034732,6.768199890320813,1.05,1.055662188099808,3.2142857142857144
2021-03-30 16:00:00,16,36,0,7,27,2,0,10,14,1,15,1,17.983333333333334,153.0,4.0,10.42,90.0,1.13,360.5143068017366,5.8373693751332905,0.9,0.9596928982725528,3.138888888888889
2021-03-30 17:00:00,17,27,1,5,18,2,1,4,13,1,14,1,18.98333333333333,196.5,4.0,10.42,67.5,0.8076923076923077,333.4493068017366,3.294284495628066,0.675,0.3838771593090211,3.111111111111111
2021-03-30 18:00:00,18,24,1,4,18,1,0,4,11,1,12,1,19.98333333333333,256.5,4.0,10.42,60.0,0.6875,305.85430680173664,3.1566058861164428,0.6,0.3838771593090211,3.208333333333333
2021-03-30 19:00:00,19,24,1,4,18,1,0,10,9,1,10,1,20.98333333333333,308.0,4.0,10.42,60.0,0.6416666666666667,284.6943068017366,5.004014715291107,0.6,0.9596928982725528,3.208333333333333
2021-03-30 20:00:00,20,18,2,3,12,1,0,1,9,1,10,1,21.98333333333333,308.0,4.0,11.44,45.0,0.5,277.4643068017366,1.7913752913752916,0.45,0.0874125874125874,3.333333333333333
2021-03-30 21:00:00,21,20,1,2,15,2,0,8,9,0,9,0,22.98333333333333,160.0,4.0,11.44,50.0,0.5,273.126,3.7178321678321673,0.5,0.6993006993006993,3.1
2021-03-30 22:00:00,22,22,2,1,17,2,0,12,7,0,7,0,23.98333333333333,108.0,3.0,7.74,55.00000000000001,0.696969696969697,256.256,6.587579281183932,0.55,1.550387596899225,3.136363636363636
2021-03-30 23:00:00,23,25,2,1,20,2,0,10,6,0,6,0,24.98333333333333,165.0,3.0,7.74,62.5,0.7647058823529411,254.93100000000004,5.981007751937985,0.625,1.2919896640826871,3.12
2021-03-31 00:00:00,0,18,2,2,12,2,0,5,6,0,6,0,25.98333333333333,225.0,3.0,7.74,45.0,0.5686274509803921,245.556,3.53153890324433,0.45,0.6459948320413437,3.2222222222222223
2021-03-31 01:00:00,1,19,2,1,15,1,0,5,7,0,7,0,26.98333333333333,282.0,3.0,7.74,47.5,0.6161616161616161,266.741,3.598983408132735,0.475,0.6459948320413437,3.210526315789474
2021-03-31 02:00:00,2,20,2,1,16,1,0,3,7,0,7,0,27.98333333333333,342.0,3.0,7.74,50.0,0.6464646464646465,274.52599999999995,2.84031007751938,0.5,0.3875968992248061,3.2
2021-03-31 03:00:00,3,17,2,0,14,1,0,2,7,0,7,0,28.98333333333333,402.0,3.0,7.74,42.5,0.5454545454545454,273.731,2.1707934336525305,0.425,0.2583979328165374,3.176470588235294
2021-03-31 04:00:00,4,17,2,0,14,1,0,2,8,0,8,0,29.98333333333333,453.0,3.0,7.74,42.5,0.5625,292.771,2.1707934336525305,0.425,0.2583979328165374,3.176470588235294
2021-03-31 05:00:00,5,19,2,1,15,1,0,3,9,0,9,0,30.98333333333333,504.0,3.0,7.74,47.5,0.6559139784946236,316.101,2.769390044879641,0.475,0.3875968992248061,3.210526315789474
2021-03-31 06:00:00,6,19,2,1,15,1,0,1,10,0,10,0,31.98333333333333,543.5,3.0,7.74,47.5,0.6777777777777778,335.141,1.9397966816265475,0.475,0.1291989664082687,3.210526315789474
2021-03-31 07:00:00,7,20,2,3,14,1,0,3,11,0,11,0,32.983333333333334,583.0,3.0,7.74,50.0,0.7586206896551724,356.326,2.9290697674418604,0.5,0.3875968992248061,3.3
2021-03-31 08:00:00,8,20,2,3,14,1,0,6,11,1,12,1,33.983333333333334,544.0,3.0,6.35,50.0,0.7857142857142857,376.23430680173664,4.768110236220473,0.5,0.9448818897637796,3.3
2021-03-31 09:00:00,9,21,2,6,12,1,0,5,10,1,11,1,34.983333333333334,226.0,3.0,6.35,52.5,0.8275862068965517,370.61930680173657,4.499662542182227,0.525,0.7874015748031497,3.4285714285714284
2021-03-31 10:00:00,10,25,2,6,17,0,0,9,13,1,14,1,35.983333333333334,133.5,4.0,10.05,62.5,0.8173076923076923,425.03930680173664,5.169776119402985,0.625,0.8955223880597014,3.4
2021-03-31 11:00:00,11,29,1,7,20,1,0,7,12,1,13,1,36.98333333333333,173.0,4.0,10.05,72.5,0.8796296296296297,425.8593068017366,4.656694973408818,0.725,0.6965174129353233,3.2758620689655173
2021-03-31 12:00:00,12,25,1,7,17,0,0,5,13,0,13,0,37.98333333333333,221.0,4.0,10.05,62.5,0.7777777777777778,422.051,3.771641791044776,0.625,0.4975124378109452,3.36
2021-03-31 13:00:00,13,29,1,11,17,0,0,10,14,2,16,2,38.98333333333333,160.5,4.0,10.05,72.5,1.0416666666666667,478.2076136034732,5.931120260765139,0.725,0.9950248756218903,3.4482758620689653
2021-03-31 14:00:00,14,32,1,11,19,1,0,7,19,2,21,2,16.716666666666665,119.0,4.0,10.05,80.0,1.4210526315789471,426.0586136034733,5.050746268656717,0.8,0.6965174129353233,3.375
2021-03-31 15:00:00,15,35,0,11,24,0,0,10,20,3,23,3,10.2,151.0,4.0,10.05,87.5,1.7058823529411764,423.4079204052098,6.197796730632551,0.875,0.9950248756218903,3.3142857142857145
2021-03-31 16:00:00,16,28,0,10,17,1,0,3,16,2,18,2,11.2,175.0,4.0,10.05,70.0,1.056818181818182,346.16461360347324,3.3164712153518123,0.7,0.2985074626865671,3.321428571428572
2021-03-31 17:00:00,17,31,1,10,19,1,0,11,16,5,21,5,10.166666666666666,214.0,4.0,10.05,77.5,1.368421052631579,389.5765340086831,6.2719627668111055,0.775,1.0945273631840795,3.3548387096774195
2021-03-31 18:00:00,18,27,1,8,17,1,0,7,14,4,18,4,9.683333333333334,259.0,4.0,10.05,67.5,1.0227272727272727,337.2022272069465,4.571724709784411,0.675,0.6965174129353233,3.333333333333333
2021-03-31 19:00:00,19,27,1,7,17,2,0,7,13,4,17,4,10.683333333333334,304.0,4.0,10.05,67.5,0.9565217391304348,329.4422272069465,4.470130827344757,0.675,0.6965174129353233,3.259259259259259
2021-03-31 20:00:00,20,24,0,6,18,0,0,6,12,3,15,3,11.683333333333334,326.0,4.0,10.36,60.0,0.78,300.9789204052098,3.8322393822393823,0.6,0.5791505791505792,3.25
2021-03-31 21:00:00,21,23,1,5,16,1,0,5,10,2,12,2,12.683333333333334,317.5,4.0,10.36,57.49999999999999,0.6696428571428571,263.4056136034732,3.4487787476917906,0.575,0.4826254826254826,3.260869565217391
2021-03-31 22:00:00,22,22,1,1,18,1,1,10,11,0,11,0,13.683333333333334,253.0,3.0,6.66,55.00000000000001,0.7586206896551724,251.764,6.154504504504505,0.55,1.5015015015015014,3.0
2021-03-31 23:00:00,23,22,1,2,17,2,0,6,12,0,12,0,14.683333333333334,235.0,3.0,6.66,55.00000000000001,0.8095238095238095,270.804,4.484602784602784,0.55,0.9009009009009008,3.090909090909091
