ts,hour,census,l1,l2,l3,l4,l5,arrivals,waitBed,waitICU,D_board,vent,maxLOS_h,awt_curr_min,Na,cap_sum,OCCUPANCY,EDWIN,NEDOCS,READI,READI_BR,READI_PR,READI_AR
2024-06-01 00:00:00,0,43,2,12,22,6,1,5,26,2,28,2,62.083333333333336,555.5,3.0,6.63,107.5,3.8055555555555554,799.3216136034732,5.8277500087691605,1.075,0.7541478129713424,3.186046511627907
2024-06-01 01:00:00,1,43,2,13,22,6,0,7,27,2,29,2,63.083333333333336,603.0,3.0,6.63,107.5,4.242424242424242,818.3616136034732,6.93751096145077,1.075,1.0558069381598794,3.255813953488372
2024-06-01 02:00:00,2,41,1,14,23,3,0,4,29,1,30,1,64.08333333333333,645.0,3.0,6.63,102.5,4.533333333333333,832.2433068017365,5.401250781738586,1.025,0.6033182503770739,3.317073170731707
2024-06-01 03:00:00,3,36,1,12,21,2,0,1,28,0,28,0,65.08333333333333,735.5,3.0,6.63,90.0,3.333333333333333,799.4899999999999,3.502765208647562,0.9,0.1508295625942684,3.333333333333333
2024-06-01 04:00:00,4,39,1,12,23,3,0,3,28,0,28,0,66.08333333333333,795.5,3.0,6.63,97.5,3.555555555555556,811.565,4.685091077851259,0.975,0.4524886877828054,3.282051282051282
2024-06-01 05:00:00,5,40,1,11,25,3,0,5,29,0,29,0,67.08333333333333,843.0,3.0,6.63,100.0,3.939393939393939,832.75,5.700980392156863,1.0,0.7541478129713424,3.25
2024-06-01 06:00:00,6,37,2,11,21,3,0,1,28,1,29,1,68.08333333333333,903.0,3.0,6.63,92.5,3.727272727272727,832.8233068017366,3.5764063837593247,0.925,0.1508295625942684,3.324324324324324
2024-06-01 07:00:00,7,36,2,11,21,2,0,1,28,1,29,1,69.08333333333333,963.0,3.0,6.63,90.0,3.6666666666666665,836.3183068017365,3.5319549187196246,0.9,0.1508295625942684,3.361111111111111
2024-06-01 08:00:00,8,36,1,11,22,2,0,5,31,0,31,0,70.08333333333333,987.0,3.0,6.43,90.0,4.407407407407407,867.8899999999999,5.545416450665283,0.9,0.7776049766718507,3.305555555555556
2024-06-01 09:00:00,9,35,1,11,21,2,0,4,27,0,27,0,71.08333333333333,1083.0,3.0,6.43,87.5,2.9743589743589745,817.785,4.961764052432793,0.875,0.6220839813374806,3.3142857142857145
2024-06-01 10:00:00,10,34,1,10,21,2,0,5,24,0,24,0,72.08333333333333,1125.0,4.0,10.13,85.0,1.75,781.0799999999999,4.425921839614424,0.85,0.493583415597236,3.294117647058824
2024-06-01 11:00:00,11,26,0,5,19,2,0,4,15,0,15,0,73.08333333333333,1010.0,4.0,10.13,65.0,0.81,648.9599999999999,3.2551617434884963,0.65,0.3948667324777888,3.1153846153846154
2024-06-01 12:00:00,12,25,0,4,20,1,0,8,12,0,12,0,44.65,665.5,4.0,10.13,62.5,0.6964285714285714,446.251,4.413968410661402,0.625,0.7897334649555776,3.12
2024-06-01 13:00:00,13,23,1,4,16,2,0,6,10,0,10,0,45.65,676.5,4.0,10.13,57.49999999999999,0.6083333333333333,420.80099999999993,3.7049090089703434,0.575,0.5923000987166832,3.1739130434782608
2024-06-01 14:00:00,14,23,1,5,14,2,1,11,10,0,10,0,46.65,557.5,4.0,10.13,57.49999999999999,0.6,426.441,5.1992875230696605,0.575,1.0858835143139192,3.130434782608696
2024-06-01 15:00:00,15,23,2,5,15,0,1,10,8,0,8,0,28.666666666666668,186.0,4.0,10.13,57.49999999999999,0.59375,298.21500000000003,5.1619425726426025,0.575,0.987166831194472,3.3043478260869565
2024-06-01 16:00:00,16,29,2,5,21,1,0,11,10,0,10,0,29.666666666666668,190.0,4.0,10.13,72.5,0.7916666666666666,343.525,5.932204615855942,0.725,1.0858835143139192,3.2758620689655173
2024-06-01 17:00:00,17,31,2,5,23,1,0,11,12,0,12,0,30.666666666666668,183.5,4.0,10.13,77.5,0.9017857142857144,380.255,6.062878546635673,0.775,1.0858835143139192,3.2580645161290325
2024-06-01 18:00:00,18,34,2,6,26,0,0,12,15,0,15,0,31.666666666666668,192.0,4.0,10.13,85.0,1.12,432.53,6.702212415074618,0.85,1.1846001974333664,3.294117647058824
2024-06-01 19:00:00,19,35,2,6,27,0,0,7,15,0,15,0,21.98333333333333,213.0,4.0,10.13,87.5,1.15,380.061,5.145483711747286,0.875,0.6910167818361304,3.2857142857142856
2024-06-01 20:00:00,20,37,3,8,26,0,0,12,16,0,16,0,22.98333333333333,267.5,4.0,11.43,92.5,1.3020833333333333,403.391,6.671853940554728,0.925,1.0498687664041997,3.3783783783783785
2024-06-01 21:00:00,21,46,3,9,33,1,0,15,16,1,17,1,23.98333333333333,322.0,4.0,11.43,115.0,1.6521739130434785,442.6043068017366,8.136414469930388,1.15,1.3123359580052494,3.3043478260869565
2024-06-01 22:00:00,22,40,4,9,26,1,0,8,18,2,20,2,24.98333333333333,297.5,3.0,7.73,100.0,2.2666666666666666,476.44261360347326,6.91875808538163,1.0,1.034928848641656,3.4
2024-06-01 23:00:00,23,35,4,7,24,0,0,4,16,1,17,1,25.98333333333333,388.0,3.0,7.73,87.5,1.7391304347826086,430.2893068017366,4.774163740528553,0.875,0.517464424320828,3.4285714285714284
2024-06-02 00:00:00,0,34,3,7,24,0,0,10,15,0,15,0,26.98333333333333,513.0,3.0,7.73,85.0,1.5333333333333334,406.116,7.250618293889354,0.85,1.2936610608020698,3.3823529411764706
2024-06-02 01:00:00,1,38,3,8,26,1,0,10,16,0,16,0,27.98333333333333,540.5,3.0,7.73,95.0,1.7638888888888888,433.736,7.498551440049022,0.95,1.2936610608020698,3.3421052631578947
2024-06-02 02:00:00,2,31,3,8,18,2,0,3,16,0,16,0,28.98333333333333,600.5,3.0,7.73,77.5,1.4583333333333333,424.361,3.9395265617827486,0.775,0.3880983182406209,3.3870967741935485
2024-06-02 03:00:00,3,32,3,9,18,2,0,5,16,0,16,0,29.98333333333333,660.5,3.0,7.73,80.0,1.5138888888888888,432.146,4.9282664941785255,0.8,0.6468305304010349,3.40625
2024-06-02 04:00:00,4,29,3,9,17,0,0,3,17,0,17,0,30.98333333333333,688.0,3.0,7.73,72.5,1.4782608695652173,444.751,3.9150354641566665,0.725,0.3880983182406209,3.5172413793103448
2024-06-02 05:00:00,5,31,3,9,18,1,0,5,18,0,18,0,31.98333333333333,717.5,3.0,7.73,77.5,1.621212121212121,468.081,4.907608604932605,0.775,0.6468305304010349,3.4516129032258065
2024-06-02 06:00:00,6,32,3,9,17,3,0,5,17,0,17,0,32.983333333333334,808.0,3.0,7.73,80.0,1.565217391304348,462.466,4.883053040103493,0.8,0.6468305304010349,3.375
2024-06-02 07:00:00,7,29,3,9,15,2,0,2,17,0,17,0,33.983333333333334,868.0,3.0,7.73,72.5,1.4492753623188406,461.671,3.3921800419324617,0.725,0.258732212160414,3.4482758620689653
2024-06-02 08:00:00,8,28,3,10,13,2,0,2,17,0,17,0,34.983333333333334,928.0,3.0,6.79,70.0,1.420289855072464,465.166,3.4809278350515465,0.7,0.2945508100147275,3.5
2024-06-02 09:00:00,9,30,3,10,15,2,0,4,17,0,17,0,35.983333333333334,988.0,3.0,6.79,75.0,1.5072463768115942,475.096,4.642218949435445,0.75,0.5891016200294551,3.466666666666667
2024-06-02 10:00:00,10,30,1,10,15,4,0,11,16,0,16,0,36.98333333333333,977.0,4.0,10.04,75.0,1.0208333333333333,467.336,6.029017264276229,0.75,1.0956175298804782,3.2666666666666666
2024-06-02 11:00:00,11,30,1,10,15,4,0,7,17,0,17,0,33.53333333333333,925.0,4.0,10.04,75.0,1.065217391304348,461.278,4.727556440903054,0.75,0.6972111553784861,3.2666666666666666
2024-06-02 12:00:00,12,38,2,10,23,3,0,12,17,1,18,1,34.53333333333333,930.0,4.0,10.04,95.0,1.4204545454545454,498.34630680173655,7.056641853638078,0.95,1.195219123505976,3.289473684210526
2024-06-02 13:00:00,13,42,2,12,27,1,0,13,17,2,19,2,35.53333333333333,951.0,4.0,10.04,105.0,1.6785714285714286,526.8346136034733,7.871898121798522,1.05,1.2948207171314745,3.357142857142857
2024-06-02 14:00:00,14,35,1,11,22,1,0,4,16,1,17,1,36.53333333333333,1011.0,4.0,10.04,87.5,1.2717391304347827,489.7913068017366,4.256815594763802,0.875,0.398406374501992,3.342857142857143
2024-06-02 15:00:00,15,38,1,11,26,0,0,13,18,1,19,1,37.53333333333333,685.0,4.0,10.04,95.0,1.511904761904762,528.6663068017366,7.502427133570979,0.95,1.2948207171314745,3.3421052631578947
2024-06-02 16:00:00,16,43,1,11,28,3,0,13,19,1,20,1,38.53333333333333,707.0,4.0,10.04,107.5,1.7375,558.4313068017366,7.660583248401742,1.075,1.2948207171314745,3.232558139534884
2024-06-02 17:00:00,17,35,1,9,23,2,0,8,18,1,19,1,39.53333333333333,805.0,4.0,10.04,87.5,1.3571428571428572,533.5113068017366,5.445332953898691,0.875,0.7968127490039841,3.257142857142857
2024-06-02 18:00:00,18,34,1,10,19,4,0,7,18,1,19,1,40.53333333333333,865.0,4.0,10.04,85.0,1.3095238095238095,537.0063068017365,5.005683149753925,0.85,0.6972111553784861,3.235294117647059
2024-06-02 19:00:00,19,37,1,9,21,6,0,16,15,1,16,1,41.53333333333333,1118.0,4.0,10.04,92.5,1.2083333333333333,508.8813068017365,7.896231291052008,0.925,1.5936254980079685,3.135135135135135
2024-06-02 20:00:00,20,44,1,8,32,3,0,16,16,1,17,1,42.53333333333333,619.0,4.0,11.13,110.0,1.5108695652173914,542.9363068017367,8.016370579106427,1.1,1.4375561545372866,3.159090909090909
2024-06-02 21:00:00,21,39,1,8,28,2,0,11,16,1,17,1,43.53333333333333,679.0,4.0,11.13,97.5,1.358695652173913,537.8513068017367,6.292691846937131,0.975,0.9883198562443845,3.2051282051282053
2024-06-02 22:00:00,22,39,1,10,23,5,0,13,17,2,19,2,44.53333333333333,687.0,3.0,7.880000000000001,97.5,1.968253968253968,571.1596136034732,8.345346869712351,0.975,1.6497461928934007,3.1794871794871797
2024-06-02 23:00:00,23,35,1,9,23,2,0,8,16,1,17,1,45.53333333333333,799.0,3.0,7.880000000000001,87.5,1.6521739130434785,540.5513068017366,6.156744017403915,0.875,1.015228426395939,3.257142857142857
2024-06-03 00:00:00,0,33,1,10,21,1,0,7,16,2,18,2,46.53333333333333,833.0,3.0,7.880000000000001,82.5,1.6666666666666667,556.1696136034732,5.711082910321489,0.825,0.8883248730964466,3.333333333333333
2024-06-03 01:00:00,1,30,1,9,20,0,0,5,16,2,18,2,47.53333333333333,893.0,3.0,7.880000000000001,75.0,1.5303030303030305,555.3746136034732,4.661209813874788,0.75,0.6345177664974618,3.3666666666666667
2024-06-03 02:00:00,2,32,1,9,20,2,0,4,16,2,18,2,48.53333333333333,953.0,3.0,7.880000000000001,80.0,1.5909090909090908,565.3046136034732,4.290609137055838,0.8,0.5076142131979695,3.28125
2024-06-03 03:00:00,3,27,1,9,17,0,0,0,16,2,18,2,49.53333333333333,1013.0,3.0,7.880000000000001,67.5,1.393939393939394,560.2196136034732,2.3000000000000003,0.675,0.0,3.4074074074074074
2024-06-03 04:00:00,4,28,1,9,18,0,0,1,16,2,18,2,50.53333333333333,1073.0,3.0,7.880000000000001,70.0,1.4393939393939394,568.0046136034732,2.8055656272661347,0.7,0.1269035532994923,3.392857142857143
2024-06-03 05:00:00,5,33,1,10,21,1,0,6,16,2,18,2,51.53333333333333,1133.0,3.0,7.880000000000001,82.5,1.6666666666666667,584.3696136034732,5.288071065989848,0.825,0.7614213197969543,3.333333333333333
2024-06-03 06:00:00,6,32,1,10,21,0,0,2,16,2,18,2,52.53333333333333,1193.0,3.0,7.880000000000001,80.0,1.6363636363636365,587.8646136034731,3.5565989847715733,0.8,0.2538071065989847,3.375
2024-06-03 07:00:00,7,33,1,9,23,0,0,6,17,2,19,2,53.53333333333333,1227.0,3.0,7.880000000000001,82.5,1.746031746031746,609.0496136034733,5.288071065989848,0.825,0.7614213197969543,3.333333333333333
2024-06-03 08:00:00,8,34,1,9,23,1,0,3,18,2,20,2,54.53333333333333,1281.5,3.0,7.33,85.0,1.8666666666666667,630.2346136034732,4.148206403980419,0.85,0.4092769440654843,3.294117647058824
2024-06-03 09:00:00,9,35,1,11,22,1,0,7,19,1,20,1,55.53333333333333,1341.5,3.0,7.33,87.5,1.95,637.1513068017366,6.117360163710777,0.875,0.9549795361527968,3.342857142857143
2024-06-03 10:00:00,10,44,2,11,29,2,0,14,21,2,23,2,56.53333333333333,1371.0,4.0,10.58,110.0,2.1323529411764706,703.1646136034732,7.985714899467262,1.1,1.3232514177693762,3.2954545454545454
2024-06-03 11:00:00,11,44,2,11,30,1,0,10,22,2,24,2,57.53333333333333,1376.0,4.0,10.58,110.0,2.28125,722.2046136034733,6.786277710946899,1.1,0.945179584120983,3.3181818181818183
2024-06-03 12:00:00,12,43,4,7,30,2,0,10,21,4,25,4,58.53333333333333,1266.0,4.0,10.58,107.5,2.3666666666666667,740.8362272069464,6.671290719655339,1.075,0.945179584120983,3.302325581395349
2024-06-03 13:00:00,13,44,4,7,33,0,0,8,23,4,27,4,59.53333333333333,909.0,4.0,10.58,110.0,2.826923076923077,775.4212272069465,6.201207252105173,1.1,0.7561436672967864,3.340909090909091
2024-06-03 14:00:00,14,45,2,8,33,2,0,9,24,2,26,2,60.53333333333333,966.0,4.0,10.58,112.5,2.5892857142857144,768.0696136034733,6.366020793950852,1.125,0.8506616257088847,3.2222222222222223
2024-06-03 15:00:00,15,53,1,9,40,3,0,15,25,1,26,1,49.56666666666667,477.5,4.0,10.58,132.5,2.982142857142857,722.5093068017366,8.642311053251062,1.325,1.4177693761814745,3.150943396226415
2024-06-03 16:00:00,16,52,1,9,38,4,0,7,26,1,27,1,50.56666666666667,504.0,4.0,10.58,130.0,3.1346153846153846,739.4043068017367,6.148942125927003,1.3,0.6616257088846881,3.1346153846153846
2024-06-03 17:00:00,17,45,2,9,31,3,0,4,25,2,27,2,51.56666666666667,494.0,4.0,10.58,112.5,2.7884615384615383,730.8976136034732,4.843231463978157,1.125,0.3780718336483932,3.2222222222222223
2024-06-03 18:00:00,18,50,1,9,36,4,0,12,26,3,29,3,52.56666666666667,490.0,4.0,10.58,125.0,3.5681818181818183,774.9309204052099,7.486436672967865,1.25,1.1342155009451795,3.14
2024-06-03 19:00:00,19,52,1,7,36,8,0,10,22,3,25,3,53.56666666666667,540.0,4.0,10.58,130.0,2.6166666666666667,731.2609204052098,6.778715282826814,1.3,0.945179584120983,3.019230769230769
2024-06-03 20:00:00,20,52,1,9,40,2,0,11,25,4,29,4,54.56666666666667,489.0,4.0,11.13,130.0,3.75,791.3692272069466,7.261014928467757,1.3,0.9883198562443845,3.173076923076923
2024-06-03 21:00:00,21,57,1,8,46,2,0,10,28,3,31,3,55.56666666666667,534.0,4.0,11.13,142.5,4.972222222222222,833.6659204052098,7.2965192068220865,1.425,0.898472596585804,3.1403508771929824
2024-06-03 22:00:00,22,50,1,9,39,1,0,4,27,4,31,4,56.56666666666667,594.0,3.0,7.880000000000001,125.0,5.925925925925926,825.1592272069465,5.624365482233503,1.25,0.5076142131979695,3.2
2024-06-03 23:00:00,23,53,1,10,41,1,0,13,28,4,32,4,57.56666666666667,591.0,3.0,7.880000000000001,132.5,7.083333333333333,850.6342272069464,9.541638731922228,1.325,1.6497461928934007,3.207547169811321
2024-06-04 00:00:00,0,52,1,10,39,2,0,5,30,5,35,5,58.56666666666667,592.0,3.0,7.880000000000001,130.0,11.066666666666666,895.1975340086831,6.175575946895744,1.3,0.6345177664974618,3.1923076923076925
2024-06-04 01:00:00,1,50,1,11,37,1,0,4,30,5,35,5,59.56666666666667,652.0,3.0,7.880000000000001,125.0,10.8,896.5475340086831,5.694670050761421,1.25,0.5076142131979695,3.24
2024-06-04 02:00:00,2,50,1,10,37,2,0,2,30,5,35,5,60.56666666666667,712.0,3.0,7.880000000000001,125.0,10.666666666666666,902.1875340086832,4.812182741116752,1.25,0.2538071065989847,3.2
2024-06-04 03:00:00,3,51,1,10,38,2,0,5,30,5,35,5,61.56666666666667,772.0,3.0,7.880000000000001,127.5,10.866666666666667,909.972534008683,6.1029685478252205,1.275,0.6345177664974618,3.196078431372549
2024-06-04 04:00:00,4,48,1,9,36,2,0,3,30,5,35,5,62.56666666666667,832.0,3.0,7.880000000000001,120.0,10.2,909.1775340086832,5.038515228426395,1.2,0.3807106598984771,3.1875
2024-06-04 05:00:00,5,47,1,9,35,2,0,1,31,4,35,4,63.56666666666667,892.0,3.0,7.880000000000001,117.5,10.0,911.8042272069464,4.155011340317529,1.175,0.1269035532994923,3.191489361702128
2024-06-04 06:00:00,6,47,1,9,36,1,0,3,31,4,35,4,64.56666666666666,952.0,3.0,7.880000000000001,117.5,10.066666666666666,917.4442272069464,4.998134247758937,1.175,0.3807106598984771,3.2127659574468086
2024-06-04 07:00:00,7,41,1,8,32,0,0,0,30,4,34,4,65.56666666666666,1038.0,3.0,7.880000000000001,102.5,7.388888888888889,896.8142272069464,3.325,1.025,0.0,3.2439024390243905
2024-06-04 08:00:00,8,45,1,9,33,2,0,6,31,4,35,4,66.56666666666666,1072.0,3.0,7.75,112.5,9.6,924.4342272069464,6.07741935483871,1.125,0.7741935483870968,3.2
2024-06-04 09:00:00,9,49,1,11,36,1,0,8,30,3,33,3,67.56666666666666,1184.0,3.0,7.75,122.5,7.571428571428571,910.9859204052098,7.324572086899276,1.225,1.032258064516129,3.2448979591836733
2024-06-04 10:00:00,10,52,1,11,39,1,0,8,31,3,34,3,68.56666666666666,1218.0,4.0,11.21,130.0,7.0,936.46092040521,6.505633706168942,1.3,0.7136485280999108,3.230769230769231
2024-06-04 11:00:00,11,59,1,11,45,2,0,15,30,3,33,3,69.56666666666666,1252.0,4.0,11.21,147.5,6.714285714285714,943.7159204052098,8.963747561952857,1.475,1.3380909901873326,3.1864406779661016
2024-06-04 12:00:00,12,65,1,13,49,2,0,11,31,4,35,4,70.56666666666666,1292.0,4.0,11.21,162.5,10.4,989.8942272069464,8.34005352363961,1.625,0.9812667261373772,3.2
2024-06-04 13:00:00,13,66,1,13,49,3,0,11,32,3,35,3,71.56666666666666,1352.0,4.0,11.21,165.0,10.5,996.8109204052098,8.372212310437108,1.65,0.9812667261373772,3.1818181818181817
2024-06-04 14:00:00,14,64,1,13,47,3,0,6,32,3,35,3,72.56666666666666,1395.0,4.0,11.21,160.0,10.2,998.1609204052098,6.8060660124888495,1.6,0.535236396074933,3.1875
2024-06-04 15:00:00,15,63,1,13,47,2,0,8,32,2,34,2,73.56666666666666,1463.5,4.0,11.21,157.5,8.416666666666666,987.3876136034733,7.338206391685427,1.575,0.7136485280999108,3.2063492063492065
2024-06-04 16:00:00,16,57,2,12,41,2,0,8,32,2,34,2,74.56666666666666,1523.5,4.0,11.21,142.5,7.708333333333333,980.1576136034732,6.941227678920763,1.425,0.7136485280999108,3.245614035087719
2024-06-04 17:00:00,17,62,2,12,45,3,0,11,31,2,33,2,75.56666666666666,1592.0,4.0,11.21,155.0,7.107142857142857,983.1226136034732,8.124549653247389,1.55,0.9812667261373772,3.2096774193548385
2024-06-04 18:00:00,18,55,2,11,39,3,0,6,32,2,34,2,76.56666666666666,1643.5,4.0,11.21,137.5,7.375,987.1476136034732,6.147488038277512,1.375,0.535236396074933,3.2181818181818183
2024-06-04 19:00:00,19,56,3,11,39,3,0,9,31,2,33,2,77.56666666666666,1712.0,4.0,11.21,140.0,6.5,981.5326136034732,7.159277430865298,1.4,0.8028545941123996,3.25
2024-06-04 20:00:00,20,51,0,10,38,3,0,7,31,1,32,1,77.55,1698.5,4.0,9.81,127.5,5.0,956.4453068017366,6.238612060522476,1.275,0.7135575942915393,3.1372549019607843
2024-06-04 21:00:00,21,58,1,11,44,2,0,12,32,2,34,2,78.55,1577.0,4.0,9.81,145.0,7.708333333333333,1004.7686136034732,8.526718865337974,1.45,1.2232415902140674,3.189655172413793
2024-06-04 22:00:00,22,53,1,9,40,3,0,7,33,2,35,2,79.55,1512.0,3.0,6.35,132.5,11.133333333333333,1013.0836136034732,7.648480909225969,1.325,1.1023622047244095,3.150943396226415
2024-06-04 23:00:00,23,55,0,9,41,5,0,8,34,1,35,1,80.55,1572.0,3.0,6.35,137.5,11.266666666666667,1022.1453068017364,8.096152469577666,1.375,1.2598425196850394,3.0727272727272728
2024-06-05 00:00:00,0,51,0,10,36,5,0,6,34,1,35,1,81.55,1538.0,3.0,6.35,127.5,10.533333333333331,1019.2053068017364,6.877281148679945,1.275,0.9448818897637796,3.0980392156862746
2024-06-05 01:00:00,1,54,2,10,39,3,0,8,35,1,36,1,82.55,1586.0,3.0,6.35,135.0,14.416666666666666,1044.6803068017366,8.361162146398367,1.35,1.2598425196850394,3.203703703703704
2024-06-05 02:00:00,2,55,2,11,36,6,0,7,35,1,36,1,83.55,1646.0,3.0,6.35,137.5,14.5,1052.4653068017365,7.837473156764495,1.375,1.1023622047244095,3.163636363636364
2024-06-05 03:00:00,3,52,1,11,37,3,0,3,36,1,37,1,84.55,1694.0,3.0,6.35,130.0,18.444444444444443,1065.0703068017365,5.658176862507572,1.3,0.4724409448818898,3.1923076923076925
2024-06-05 04:00:00,4,51,1,12,35,3,0,3,36,1,37,1,85.55,1754.0,3.0,6.35,127.5,18.22222222222222,1068.5653068017366,5.619221861973136,1.275,0.4724409448818898,3.215686274509804
2024-06-05 05:00:00,5,49,1,12,33,3,0,1,36,1,37,1,86.55,1814.0,3.0,6.35,122.5,17.555555555555557,1069.9153068017367,4.457793668648562,1.225,0.1574803149606299,3.224489795918368
2024-06-05 06:00:00,6,49,1,12,33,3,0,1,36,1,37,1,87.55,1874.0,3.0,6.35,122.5,17.555555555555557,1075.5553068017366,4.457793668648562,1.225,0.1574803149606299,3.224489795918368
2024-06-05 07:00:00,7,52,1,10,36,5,0,5,36,1,37,1,88.55,1934.0,3.0,6.35,130.0,18.11111111111111,1087.6303068017369,6.543201090248335,1.3,0.7874015748031497,3.1346153846153846
2024-06-05 08:00:00,8,51,2,10,35,4,0,3,37,2,39,2,89.55,1982.0,3.0,6.65,127.5,54.333333333333336,1118.7936136034732,5.516839893852278,1.275,0.4511278195488721,3.196078431372549
2024-06-05 09:00:00,9,51,2,10,35,4,0,5,34,2,36,2,85.41666666666667,1451.0,3.0,6.65,127.5,13.583333333333334,1055.2816136034733,6.478066489753796,1.275,0.7518796992481203,3.196078431372549
2024-06-05 10:00:00,10,50,2,10,34,4,0,5,33,2,35,2,86.41666666666667,1564.0,4.0,10.35,125.0,8.0,1045.3766136034733,5.545893719806763,1.25,0.4830917874396134,3.2
2024-06-05 11:00:00,11,56,2,8,40,6,0,15,32,2,34,2,72.26666666666667,1348.0,4.0,10.35,140.0,7.25,965.0406136034732,8.85310559006211,1.4,1.4492753623188404,3.107142857142857
2024-06-05 12:00:00,12,47,1,8,34,4,0,6,31,2,33,2,73.26666666666667,1017.0,4.0,10.35,117.5,5.25,937.9756136034732,5.488135985198889,1.175,0.5797101449275361,3.127659574468085
2024-06-05 13:00:00,13,42,2,9,30,1,0,7,27,3,30,3,74.26666666666667,1039.0,4.0,10.35,105.0,3.45,893.5589204052098,5.672222222222222,1.05,0.6763285024154588,3.2857142857142856
2024-06-05 14:00:00,14,44,1,10,32,1,0,6,27,3,30,3,75.26666666666667,973.0,4.0,10.35,110.0,3.575,903.4889204052098,5.459057971014492,1.1,0.5797101449275361,3.25
2024-06-05 15:00:00,15,44,1,11,31,1,0,7,23,4,27,4,72.1,883.0,4.0,10.35,110.0,2.769230769230769,846.2972272069464,5.813438735177866,1.1,0.6763285024154588,3.272727272727273
2024-06-05 16:00:00,16,36,0,9,26,1,0,3,21,3,24,3,60.11666666666667,682.5,4.0,10.35,90.0,1.8125,720.4829204052098,3.8339774557165858,0.9,0.289855072463768,3.2222222222222223
2024-06-05 17:00:00,17,33,0,9,23,1,0,4,22,3,25,3,61.11666666666667,599.0,4.0,10.35,82.5,1.7833333333333334,733.0879204052098,3.928110818328209,0.825,0.3864734299516907,3.242424242424242
2024-06-05 18:00:00,18,32,0,9,22,1,0,3,22,3,25,3,62.11666666666667,659.0,4.0,10.35,80.0,1.7333333333333334,736.5829204052097,3.542028985507246,0.8,0.289855072463768,3.25
2024-06-05 19:00:00,19,36,0,10,25,1,0,6,25,4,29,4,63.11666666666667,597.0,4.0,10.35,90.0,2.659090909090909,805.2712272069465,4.809057971014492,0.9,0.5797101449275361,3.25
2024-06-05 20:00:00,20,39,0,10,27,2,0,8,26,3,29,3,64.11666666666666,657.0,4.0,12.03,97.5,2.840909090909091,816.4779204052098,5.256423577807618,0.975,0.6650041562759766,3.2051282051282053
2024-06-05 21:00:00,21,42,0,9,31,2,0,8,28,3,31,3,65.11666666666666,643.0,4.0,12.03,105.0,3.6944444444444446,855.3529204052098,5.430846494873926,1.05,0.6650041562759766,3.1666666666666665
2024-06-05 22:00:00,22,45,2,9,32,2,0,10,26,5,31,5,66.11666666666666,703.0,3.0,8.33,112.5,5.407407407407407,869.164534008683,7.544891289849273,1.125,1.2004801920768309,3.2444444444444445
2024-06-05 23:00:00,23,49,2,8,34,5,0,14,27,5,32,5,67.11666666666666,720.0,3.0,8.33,122.5,6.416666666666667,896.7845340086831,9.132112845138057,1.225,1.680672268907563,3.142857142857143
2024-06-06 00:00:00,0,42,1,9,29,3,0,2,27,5,32,5,68.11666666666666,780.0,3.0,8.33,105.0,5.583333333333333,887.4095340086831,4.116020693991882,1.05,0.2400960384153661,3.1904761904761907
2024-06-06 01:00:00,1,43,1,10,27,5,0,4,28,5,33,5,69.11666666666666,797.0,3.0,8.33,107.5,6.476190476190476,908.594534008683,4.9187470336972,1.075,0.4801920768307323,3.1627906976744184
2024-06-06 02:00:00,2,40,1,10,27,2,0,2,28,5,33,5,70.11666666666666,857.0,3.0,8.33,100.0,6.190476190476191,907.7995340086828,4.03031212484994,1.0,0.2400960384153661,3.25
2024-06-06 03:00:00,3,39,1,9,27,2,0,4,27,4,31,4,71.11666666666666,917.0,3.0,8.33,97.5,4.666666666666667,883.6262272069464,4.7013897866839045,0.975,0.4801920768307323,3.230769230769231
2024-06-06 04:00:00,4,38,0,8,27,3,0,3,27,2,29,2,72.11666666666666,1063.0,3.0,8.33,95.0,3.606060606060606,858.5846136034731,4.102819548872181,0.95,0.3601440576230492,3.131578947368421
2024-06-06 05:00:00,5,38,0,9,26,3,0,2,27,2,29,2,73.11666666666666,1123.0,3.0,8.33,95.0,3.636363636363636,864.2246136034732,3.758198016048525,0.95,0.2400960384153661,3.1578947368421053
2024-06-06 06:00:00,6,42,0,9,30,3,0,4,28,2,30,2,74.11666666666666,1140.0,3.0,8.33,105.0,4.4,891.8446136034731,4.809175098610873,1.05,0.4801920768307323,3.142857142857143
2024-06-06 07:00:00,7,41,0,9,29,3,0,2,29,2,31,2,75.11666666666666,1157.0,3.0,8.33,102.5,4.777777777777778,908.7396136034732,3.980424120867859,1.025,0.2400960384153661,3.1463414634146343
2024-06-06 08:00:00,8,44,0,9,32,3,0,7,29,2,31,2,73.51666666666667,1217.0,3.0,6.42,110.0,5.111111111111111,906.1506136034732,6.869711129991504,1.1,1.090342679127726,3.136363636363636
2024-06-06 09:00:00,9,49,0,9,37,3,0,10,28,4,32,4,69.9,1069.0,3.0,6.42,122.5,6.375,911.6142272069465,8.688627694068282,1.225,1.557632398753894,3.122448979591837
2024-06-06 10:00:00,10,48,1,11,33,3,0,6,28,4,32,4,70.9,1129.0,4.0,9.76,120.0,4.8125,915.1092272069466,5.822336065573771,1.2,0.6147540983606558,3.208333333333333
2024-06-06 11:00:00,11,53,2,12,34,4,1,11,28,4,32,4,68.25,933.0,4.0,9.76,132.5,5.28125,910.8882272069465,7.8187983297247134,1.325,1.1270491803278688,3.188679245283019
2024-06-06 12:00:00,12,54,2,13,35,3,1,7,31,4,35,4,69.25,930.0,4.0,9.76,135.0,8.7,958.8732272069464,6.661020036429873,1.35,0.7172131147540983,3.2222222222222223
2024-06-06 13:00:00,13,59,2,14,39,3,1,12,33,3,36,3,70.25,662.5,4.0,9.76,147.5,11.875,987.76992040521,8.70943317588219,1.475,1.2295081967213115,3.2203389830508478
2024-06-06 14:00:00,14,55,2,11,35,7,0,7,31,3,34,3,62.8,489.0,4.0,9.76,137.5,7.208333333333333,910.3719204052096,6.580961251862891,1.375,0.7172131147540983,3.145454545454545
2024-06-06 15:00:00,15,53,2,11,36,4,0,7,31,3,34,3,63.8,549.0,4.0,9.76,132.5,7.083333333333333,911.72192040521,6.550494896381069,1.325,0.7172131147540983,3.207547169811321
2024-06-06 16:00:00,16,54,2,10,39,3,0,7,33,3,36,3,64.8,503.5,4.0,9.76,135.0,10.8125,946.30692040521,6.622738312082575,1.35,0.7172131147540983,3.203703703703704
2024-06-06 17:00:00,17,51,1,10,38,2,0,5,34,2,36,2,65.8,563.5,4.0,9.76,127.5,10.1875,944.6436136034732,5.712335261973641,1.275,0.5122950819672131,3.196078431372549
2024-06-06 18:00:00,18,50,1,11,35,3,0,6,34,2,36,2,66.8,560.5,4.0,9.76,125.0,10.0,948.1386136034732,5.967213114754099,1.25,0.6147540983606558,3.2
2024-06-06 19:00:00,19,46,1,10,32,3,0,2,33,2,35,2,67.8,625.0,4.0,9.76,115.0,7.35,931.7986136034732,4.329846756949395,1.15,0.2049180327868852,3.1956521739130435
2024-06-06 20:00:00,20,49,1,10,35,3,0,10,32,2,34,2,68.8,743.5,4.0,10.61,122.5,6.5,930.4736136034732,6.900634749658583,1.225,0.942507068803016,3.183673469387755
2024-06-06 21:00:00,21,51,1,10,38,2,0,15,31,2,33,2,69.8,862.0,4.0,10.61,127.5,5.821428571428571,927.0036136034732,8.593489771026224,1.275,1.413760603204524,3.196078431372549
2024-06-06 22:00:00,22,42,1,8,29,4,0,5,31,1,32,1,70.8,969.0,3.0,7.27,105.0,5.5,899.0703068017365,5.461524857535862,1.05,0.687757909215956,3.142857142857143
2024-06-06 23:00:00,23,45,1,9,31,4,0,9,33,1,34,1,71.8,923.5,3.0,7.27,112.5,7.888888888888889,937.9453068017364,7.45646492434663,1.125,1.237964236588721,3.1555555555555554
2024-06-07 00:00:00,0,50,1,10,33,6,0,11,36,2,38,2,72.8,830.5,3.0,7.27,125.0,26.0,1008.7786136034732,8.620770288858322,1.25,1.5130674002751032,3.12
2024-06-07 01:00:00,1,45,1,9,32,3,0,5,35,2,37,2,73.8,929.0,3.0,7.27,112.5,15.88888888888889,990.2936136034732,5.760541800397371,1.125,0.687757909215956,3.1777777777777776
2024-06-07 02:00:00,2,42,1,9,29,3,0,4,36,2,38,2,74.8,950.5,3.0,7.27,105.0,22.33333333333333,1002.8986136034732,5.105420187332155,1.05,0.5502063273727649,3.1904761904761907
2024-06-07 03:00:00,3,42,1,9,29,3,0,3,35,2,37,2,75.8,1049.0,3.0,7.27,105.0,14.88888888888889,995.1386136034732,4.666565140499117,1.05,0.4126547455295736,3.1904761904761907
2024-06-07 04:00:00,4,44,1,9,29,5,0,5,35,2,37,2,76.8,1109.0,3.0,7.27,110.0,15.333333333333334,1005.0686136034732,5.607058897086407,1.1,0.687757909215956,3.136363636363636
2024-06-07 05:00:00,5,42,1,9,29,3,0,1,35,2,37,2,77.8,1169.0,3.0,7.27,105.0,14.88888888888889,1006.4186136034732,3.788855046833039,1.05,0.1375515818431912,3.1904761904761907
2024-06-07 06:00:00,6,45,1,10,31,3,0,3,35,3,38,3,78.8,1190.5,3.0,7.27,112.5,24.0,1032.7619204052098,4.920495185694636,1.125,0.4126547455295736,3.2
2024-06-07 07:00:00,7,42,1,10,29,2,0,1,35,3,38,3,79.8,1250.5,3.0,7.27,105.0,22.666666666666668,1031.9669204052095,3.8454051221589047,1.05,0.1375515818431912,3.238095238095238
2024-06-07 08:00:00,8,45,1,9,33,2,0,4,37,2,39,2,80.8,1272.0,3.0,6.13,112.5,48.0,1056.5736136034732,5.688091353996738,1.125,0.6525285481239804,3.2
2024-06-07 09:00:00,9,47,1,11,33,2,0,6,38,4,42,4,81.8,1303.5,3.0,6.13,117.5,50.66666666666666,1108.4402272069465,6.96545763770782,1.175,0.9787928221859706,3.234042553191489
2024-06-07 10:00:00,10,57,1,11,39,6,0,16,39,4,43,4,82.8,1345.0,4.0,9.38,142.5,44.5,1148.9302272069465,9.776749710096135,1.425,1.7057569296375268,3.12280701754386
2024-06-07 11:00:00,11,62,1,15,40,6,0,12,37,5,42,5,83.8,1347.0,4.0,9.38,155.0,49.25,1152.763534008683,8.989928812160397,1.55,1.279317697228145,3.177419354838709
2024-06-07 12:00:00,12,56,1,17,35,3,0,8,30,5,35,5,84.8,769.0,4.0,9.38,140.0,9.2,1051.733534008683,7.40231495583308,1.4,0.8528784648187634,3.2857142857142856
2024-06-07 13:00:00,13,58,1,15,39,3,0,9,32,3,35,3,85.8,814.0,4.0,9.38,145.0,9.4,1059.9269204052098,7.810065436364973,1.45,0.9594882729211088,3.2413793103448274
2024-06-07 14:00:00,14,52,1,15,33,3,0,9,30,3,33,3,66.95,354.0,4.0,9.38,130.0,6.071428571428571,913.94292040521,7.386788584549779,1.3,0.9594882729211088,3.269230769230769
2024-06-07 15:00:00,15,51,0,18,30,3,0,11,29,3,32,3,43.03333333333333,316.0,4.0,9.38,127.5,5.25,763.5079204052098,8.063037752414399,1.275,1.1727078891257996,3.294117647058824
2024-06-07 16:00:00,16,48,0,15,31,2,0,6,25,3,28,3,44.03333333333333,373.0,4.0,9.38,120.0,3.270833333333333,709.1129204052098,6.017217484008529,1.2,0.6396588486140725,3.270833333333333
2024-06-07 17:00:00,17,49,0,14,33,2,0,10,26,3,29,3,45.03333333333333,432.0,4.0,9.38,122.5,3.613636363636364,730.2979204052099,7.434379487402637,1.225,1.0660980810234544,3.2448979591836733
2024-06-07 18:00:00,18,47,0,12,32,3,0,7,26,2,28,2,46.03333333333333,493.0,4.0,9.38,117.5,3.125,717.3796136034732,6.131708478882185,1.175,0.746268656716418,3.191489361702128
2024-06-07 19:00:00,19,48,0,12,30,6,0,11,23,2,25,2,47.03333333333333,513.0,4.0,9.38,120.0,2.5,684.9646136034733,7.414712153518124,1.2,1.1727078891257996,3.125
2024-06-07 20:00:00,20,46,0,10,28,7,1,11,20,2,22,2,48.03333333333333,465.5,4.0,10.62,115.0,1.930555555555556,646.1146136034731,6.604861622860886,1.15,1.0357815442561205,3.0217391304347827
2024-06-07 21:00:00,21,43,0,9,27,7,0,10,20,2,22,2,49.03333333333333,525.5,4.0,10.62,107.5,1.8194444444444444,645.3196136034733,6.143655016861559,1.075,0.9416195856873822,3.046511627906977
2024-06-07 22:00:00,22,34,0,8,23,3,0,4,18,2,20,2,50.03333333333333,661.0,3.0,7.37,85.0,1.7833333333333334,604.8546136034732,4.38303735334025,0.85,0.5427408412483039,3.147058823529412
2024-06-07 23:00:00,23,35,0,8,23,4,0,11,19,2,21,2,51.03333333333333,586.0,3.0,7.37,87.5,1.912280701754386,626.0396136034733,7.37318763326226,0.875,1.4925373134328357,3.1142857142857143
2024-06-08 00:00:00,0,34,0,8,21,5,0,5,20,2,22,2,52.03333333333333,608.5,3.0,7.37,85.0,1.9444444444444444,642.9346136034732,4.720139276877644,0.85,0.6784260515603799,3.088235294117647
2024-06-08 01:00:00,1,39,1,9,24,5,0,13,22,2,24,2,53.03333333333333,618.5,3.0,7.37,97.5,2.5625,686.0996136034732,8.638093622795115,0.975,1.7639077340569878,3.1538461538461537
2024-06-08 02:00:00,2,37,1,8,25,3,0,5,22,2,24,2,54.03333333333333,678.5,3.0,7.37,92.5,2.458333333333333,687.4496136034732,5.113629029300671,0.925,0.6784260515603799,3.189189189189189
2024-06-08 03:00:00,3,34,1,8,22,3,0,1,22,2,24,2,55.03333333333333,738.5,3.0,7.37,85.0,2.270833333333333,686.6546136034733,3.1599908212945964,0.85,0.1356852103120759,3.2058823529411766
2024-06-08 04:00:00,4,34,1,8,21,4,0,5,23,2,25,2,56.03333333333333,786.0,3.0,7.37,85.0,2.4,705.6946136034733,4.855000399074148,0.85,0.6784260515603799,3.176470588235294
2024-06-08 05:00:00,5,34,1,8,22,3,0,4,23,2,25,2,57.03333333333333,846.0,3.0,7.37,85.0,2.422222222222222,711.3346136034731,4.464963285178386,0.85,0.5427408412483039,3.2058823529411766
2024-06-08 06:00:00,6,32,1,7,23,1,0,2,23,1,24,1,58.03333333333333,918.5,3.0,7.37,80.0,2.1666666666666665,698.4163068017366,3.4819538670284937,0.8,0.2713704206241519,3.25
2024-06-08 07:00:00,7,31,0,7,23,1,0,2,23,1,24,1,59.03333333333333,978.5,3.0,7.37,77.5,2.0625,701.9113068017366,3.3416345690900338,0.775,0.2713704206241519,3.193548387096774
2024-06-08 08:00:00,8,30,0,7,20,3,0,3,24,1,25,1,60.03333333333333,1026.0,3.0,6.35,75.0,2.088888888888889,718.8063068017366,3.8303149606299214,0.75,0.4724409448818898,3.1333333333333333
2024-06-08 09:00:00,9,30,1,9,16,3,1,8,23,1,24,1,61.03333333333333,1083.0,3.0,6.35,75.0,2.0,711.0463068017366,6.431496062992126,0.75,1.2598425196850394,3.2
2024-06-08 10:00:00,10,33,2,8,19,3,1,6,21,2,23,2,62.03333333333333,930.0,4.0,10.05,82.5,1.5588235294117647,710.5896136034733,4.567684305744007,0.825,0.5970149253731343,3.212121212121212
2024-06-08 11:00:00,11,33,2,7,22,2,0,8,18,3,21,3,35.81666666666667,620.0,4.0,10.05,82.5,1.4210526315789471,536.7959204052098,5.305156037991859,0.825,0.7960199004975124,3.272727272727273
2024-06-08 12:00:00,12,29,2,6,20,1,0,8,14,2,16,2,34.81666666666667,168.0,4.0,10.05,72.5,1.0,454.7076136034732,5.035100360267627,0.725,0.7960199004975124,3.310344827586207
2024-06-08 13:00:00,13,29,1,4,23,1,0,9,10,3,13,3,25.75,140.0,4.0,10.05,72.5,0.8518518518518519,364.2399204052099,5.140967575913536,0.725,0.8955223880597014,3.1724137931034484
2024-06-08 14:00:00,14,22,1,2,17,2,0,5,8,3,11,3,5.766666666666667,163.0,4.0,10.05,55.00000000000001,0.5862068965517241,209.71892040520984,3.2377657168701943,0.55,0.4975124378109452,3.090909090909091
2024-06-08 15:00:00,15,25,2,3,19,1,0,10,11,4,15,4,5.933333333333334,91.0,4.0,10.05,62.5,0.81,271.56222720694643,5.248880597014925,0.625,0.9950248756218903,3.24
2024-06-08 16:00:00,16,30,1,4,25,0,0,12,12,3,15,3,5.666666666666667,119.0,4.0,10.05,75.0,0.96,279.9149204052098,6.22089552238806,0.75,1.1940298507462686,3.2
2024-06-08 17:00:00,17,37,1,5,30,1,0,14,15,3,18,3,6.666666666666667,150.5,4.0,10.05,92.5,1.3295454545454546,340.76992040520986,7.330002016942315,0.925,1.3930348258706466,3.1621621621621623
2024-06-08 18:00:00,18,32,1,6,25,0,0,7,16,2,18,2,7.666666666666667,165.0,4.0,10.05,80.0,1.181818181818182,334.81661360347323,4.863681592039801,0.8,0.6965174129353233,3.25
2024-06-08 19:00:00,19,32,1,5,26,0,0,11,15,2,17,2,8.666666666666666,196.0,4.0,10.05,80.0,1.1195652173913044,327.05661360347324,6.098009950248756,0.8,1.0945273631840795,3.21875
2024-06-08 20:00:00,20,25,1,3,20,1,0,14,7,2,9,2,9.666666666666666,171.0,4.0,11.46,62.5,0.6370967741935484,210.48161360347325,5.835383944153578,0.625,1.2216404886561951,3.16
2024-06-08 21:00:00,21,27,1,3,23,0,0,13,6,3,9,3,10.666666666666666,231.0,4.0,11.46,67.5,0.6935483870967742,221.27992040520985,5.763211815655096,0.675,1.134380453752181,3.185185185185185
2024-06-08 22:00:00,22,31,1,3,27,0,0,10,7,3,10,3,11.666666666666666,283.0,3.0,7.76,77.5,1.0888888888888888,248.89992040520983,6.523827735284337,0.775,1.288659793814433,3.161290322580645
2024-06-08 23:00:00,23,31,1,3,27,0,0,8,8,3,11,3,12.666666666666666,335.0,3.0,7.76,77.5,1.1264367816091954,267.9399204052098,5.7090621882274695,0.775,1.0309278350515465,3.161290322580645
2024-06-09 00:00:00,0,22,0,3,19,0,0,6,8,2,10,2,13.666666666666666,354.0,3.0,7.76,55.00000000000001,0.7666666666666667,240.00661360347323,4.15002343017807,0.55,0.7731958762886598,3.136363636363636
2024-06-09 01:00:00,1,22,0,3,19,0,0,5,8,2,10,2,14.666666666666666,414.0,3.0,7.76,55.00000000000001,0.7666666666666667,245.64661360347327,3.745852858481725,0.55,0.6443298969072165,3.136363636363636
2024-06-09 02:00:00,2,25,1,3,21,0,0,7,9,2,11,2,15.666666666666666,433.0,3.0,7.76,62.5,0.9195402298850576,271.1216136034732,4.88659793814433,0.625,0.9020618556701032,3.2
2024-06-09 03:00:00,3,22,0,3,19,0,0,3,9,1,10,1,16.666666666666668,534.0,3.0,7.76,55.00000000000001,0.7666666666666667,256.05830680173665,2.9375117150890344,0.55,0.3865979381443299,3.136363636363636
2024-06-09 04:00:00,4,21,0,3,18,0,0,3,10,1,11,1,17.666666666666668,553.0,3.0,7.76,52.5,0.7586206896551724,272.95330680173663,2.865022091310751,0.525,0.3865979381443299,3.142857142857143
2024-06-09 05:00:00,5,20,0,4,16,0,0,1,10,1,11,1,18.666666666666668,613.0,3.0,7.76,50.0,0.735632183908046,276.44830680173663,2.0123711340206185,0.5,0.1288659793814433,3.2
2024-06-09 06:00:00,6,20,0,4,16,0,0,2,11,1,12,1,19.666666666666668,646.0,3.0,7.76,50.0,0.7619047619047619,295.48830680173666,2.4247422680412374,0.5,0.2577319587628866,3.2
2024-06-09 07:00:00,7,21,0,4,17,0,0,4,12,1,13,1,20.666666666666668,679.0,3.0,7.76,52.5,0.8271604938271605,316.67330680173666,3.3195753559155627,0.525,0.5154639175257733,3.1904761904761907
2024-06-09 08:00:00,8,25,0,4,21,0,0,9,15,1,16,1,21.666666666666668,618.5,3.0,8.08,62.5,1.0972222222222223,371.0933068017366,5.49480198019802,0.625,1.113861386138614,3.16
2024-06-09 09:00:00,9,32,0,6,24,2,0,14,13,1,14,1,22.666666666666668,678.5,3.0,8.08,80.0,1.2820512820512822,364.94830680173663,7.91460396039604,0.8,1.7326732673267329,3.125
2024-06-09 10:00:00,10,30,0,6,21,3,0,12,11,2,13,2,23.666666666666668,761.0,4.0,11.33,75.0,0.8611111111111112,353.7666136034733,5.608318623124449,0.75,1.059135039717564,3.1
2024-06-09 11:00:00,11,27,0,3,21,3,0,10,11,2,13,2,24.666666666666668,273.0,4.0,11.33,67.5,0.75,352.97161360347326,4.67283759929391,0.675,0.8826125330979699,3.0
2024-06-09 12:00:00,12,20,0,4,16,0,0,9,7,2,9,2,25.666666666666668,293.0,4.0,11.33,50.0,0.5161290322580645,289.99661360347324,4.141924095322153,0.5,0.794351279788173,3.2
2024-06-09 13:00:00,13,20,1,4,12,3,0,13,7,1,8,1,26.666666666666668,53.5,4.0,11.33,50.0,0.4921875,281.3683068017366,5.189298323036187,0.5,1.147396293027361,3.15
2024-06-09 14:00:00,14,26,1,6,15,4,0,10,8,2,10,2,27.666666666666668,96.5,4.0,11.33,65.0,0.6833333333333333,327.54661360347325,4.833624142847444,0.65,0.8826125330979699,3.1538461538461537
2024-06-09 15:00:00,15,27,1,5,13,8,0,15,8,1,9,1,7.883333333333334,134.0,4.0,11.33,67.5,0.6451612903225806,203.84530680173663,5.922722369324311,0.675,1.323918799646955,2.962962962962963
2024-06-09 16:00:00,16,21,0,6,11,4,0,9,8,1,9,1,8.883333333333333,124.0,4.0,11.33,52.5,0.5241935483870968,196.61530680173664,4.083706342201488,0.525,0.794351279788173,3.095238095238096
2024-06-09 17:00:00,17,15,0,3,8,4,0,6,6,0,6,0,9.883333333333333,202.0,4.0,11.33,37.5,0.3235294117647059,148.317,2.653398058252427,0.375,0.529567519858782,2.933333333333333
2024-06-09 18:00:00,18,14,0,3,10,1,0,6,8,0,8,0,10.883333333333333,196.5,4.0,11.33,35.0,0.34375,178.61199999999997,2.764355062413314,0.35,0.529567519858782,3.142857142857143
2024-06-09 19:00:00,19,19,0,4,13,2,0,11,11,0,11,0,11.883333333333333,233.0,4.0,11.33,47.5,0.5086206896551724,235.177,4.489818599897803,0.475,0.970873786407767,3.1052631578947367
2024-06-09 20:00:00,20,24,0,5,16,3,0,13,16,0,16,0,12.883333333333333,137.5,4.0,11.01,60.0,0.7708333333333334,318.542,5.490629730547988,0.6,1.1807447774750228,3.083333333333333
2024-06-09 21:00:00,21,36,0,5,29,2,0,19,16,0,16,0,13.883333333333333,197.5,4.0,11.01,90.0,1.15625,349.922,8.09592037541629,0.9,1.7257039055404175,3.083333333333333
2024-06-09 22:00:00,22,41,0,6,28,6,1,17,17,0,17,0,14.883333333333333,234.0,3.0,7.76,102.5,1.7536231884057971,379.687,9.490300477747043,1.025,2.1907216494845363,2.951219512195122
2024-06-09 23:00:00,23,29,0,6,15,5,3,10,17,0,17,0,15.883333333333333,294.0,3.0,7.76,72.5,1.1884057971014492,359.587,5.693796658371845,0.725,1.288659793814433,2.827586206896552
2024-06-10 00:00:00,0,29,0,8,17,4,0,9,16,0,16,0,16.883333333333333,375.0,3.0,7.76,72.5,1.2638888888888888,351.827,5.914353003910415,0.725,1.1597938144329898,3.1379310344827585
2024-06-10 01:00:00,1,31,0,8,20,3,0,9,16,0,16,0,17.883333333333333,435.0,3.0,7.76,77.5,1.3611111111111112,361.757,6.116444961755903,0.775,1.1597938144329898,3.161290322580645
2024-06-10 02:00:00,2,27,0,7,18,2,0,4,16,0,16,0,18.883333333333333,495.0,3.0,7.76,67.5,1.1944444444444444,358.817,3.791848033600612,0.675,0.5154639175257733,3.185185185185185
2024-06-10 03:00:00,3,25,0,7,16,2,0,0,16,0,16,0,19.883333333333333,555.0,3.0,7.76,62.5,1.1111111111111112,360.167,2.0,0.625,0.0,3.2
2024-06-10 04:00:00,4,26,0,8,15,3,0,3,16,0,16,0,20.883333333333333,615.0,3.0,7.76,65.0,1.1527777777777777,367.952,3.3091395717684384,0.65,0.3865979381443299,3.1923076923076925
2024-06-10 05:00:00,5,28,0,9,16,3,0,2,17,0,17,0,21.883333333333333,654.0,3.0,7.76,70.0,1.3043478260869563,391.282,3.078424153166421,0.7,0.2577319587628866,3.2142857142857144
2024-06-10 06:00:00,6,28,0,10,15,3,0,1,17,0,17,0,22.883333333333333,714.0,3.0,7.76,70.0,1.318840579710145,396.922,2.6938144329896905,0.7,0.1288659793814433,3.25
2024-06-10 07:00:00,7,28,0,9,15,4,0,6,17,0,17,0,23.883333333333333,774.0,3.0,7.76,70.0,1.289855072463768,402.562,4.682658321060383,0.7,0.7731958762886598,3.1785714285714284
2024-06-10 08:00:00,8,29,0,8,19,2,0,6,18,0,18,0,24.883333333333333,812.0,3.0,7.23,72.5,1.4090909090909092,423.747,4.986324939190156,0.725,0.8298755186721991,3.206896551724138
2024-06-10 09:00:00,9,30,0,6,20,4,0,9,18,0,18,0,25.883333333333333,866.0,3.0,7.23,75.0,1.393939393939394,431.532,6.117427385892117,0.75,1.2448132780082988,3.066666666666667
2024-06-10 10:00:00,10,34,0,7,25,2,0,12,21,1,22,1,26.883333333333333,846.5,4.0,10.48,85.0,1.4861111111111112,500.22030680173657,6.278502469690166,0.85,1.1450381679389312,3.147058823529412
2024-06-10 11:00:00,11,36,0,6,25,5,0,10,20,1,21,1,27.883333333333333,904.0,4.0,10.48,90.0,1.4342105263157894,496.7503068017367,5.614100932994063,0.9,0.9541984732824428,3.0277777777777777
2024-06-10 12:00:00,12,37,0,7,25,5,0,17,22,1,23,1,23.8,454.0,4.0,10.48,92.5,1.661764705882353,502.6653068017366,7.779095316690737,0.925,1.6221374045801529,3.054054054054054
2024-06-10 13:00:00,13,35,0,8,25,2,0,8,22,1,23,1,24.8,304.0,4.0,10.48,87.5,1.6323529411764706,504.0153068017365,5.195937840785168,0.875,0.7633587786259541,3.1714285714285717
2024-06-10 14:00:00,14,38,1,7,26,4,0,10,21,2,23,2,25.8,280.0,4.0,10.48,95.0,1.75,516.9586136034732,5.963147850542386,0.95,0.9541984732824428,3.131578947368421
2024-06-10 15:00:00,15,46,1,6,34,5,0,18,23,2,25,2,26.8,319.0,4.0,10.48,115.0,2.35,566.5586136034732,8.78968635911052,1.15,1.7175572519083968,3.065217391304348
2024-06-10 16:00:00,16,47,1,6,38,2,0,10,23,2,25,2,25.05,360.0,4.0,10.48,117.5,2.45,558.8336136034732,6.659407990904661,1.175,0.9541984732824428,3.127659574468085
2024-06-10 17:00:00,17,42,1,5,31,5,0,7,23,2,25,2,26.05,420.0,4.0,10.48,105.0,2.1333333333333333,553.7486136034732,5.235623409669211,1.05,0.6679389312977099,3.0476190476190474
2024-06-10 18:00:00,18,44,2,5,31,5,1,14,23,2,25,2,27.05,480.0,4.0,10.48,110.0,2.2333333333333334,563.6786136034732,7.418355308813323,1.1,1.3358778625954195,3.0454545454545454
2024-06-10 19:00:00,19,52,2,6,34,7,3,13,26,2,28,2,28.05,459.5,4.0,10.48,130.0,3.1875,626.6786136034732,7.474809160305345,1.3,1.2404580152671756,2.9423076923076925
2024-06-10 20:00:00,20,54,1,8,32,10,3,15,26,2,28,2,29.05,519.5,4.0,11.13,135.0,3.25,636.6086136034733,7.793381251871818,1.35,1.3477088948787062,2.888888888888889
2024-06-10 21:00:00,21,60,1,8,30,17,4,16,28,2,30,2,30.05,569.5,4.0,11.13,150.0,4.125,681.9186136034732,8.078279424977538,1.5,1.4375561545372866,2.75
2024-06-10 22:00:00,22,52,2,8,33,8,1,14,26,4,30,4,31.05,629.5,3.0,7.880000000000001,130.0,5.266666666666667,672.1352272069464,9.34828192112456,1.3,1.7766497461928932,3.0384615384615383
2024-06-10 23:00:00,23,46,2,8,29,6,1,9,24,4,28,4,32.05,699.5,3.0,7.880000000000001,115.0,3.9444444444444446,638.1052272069464,7.075711763407636,1.15,1.1421319796954317,3.0869565217391304
2024-06-11 00:00:00,0,47,3,8,33,3,0,13,24,4,28,4,33.05,759.5,3.0,7.880000000000001,117.5,4.222222222222222,645.8902272069465,9.135349389782911,1.175,1.6497461928934007,3.234042553191489
2024-06-11 01:00:00,1,46,3,7,29,7,0,11,24,4,28,4,34.05,819.5,3.0,7.880000000000001,115.0,4.0,649.3852272069464,7.969896270139041,1.15,1.395939086294416,3.130434782608696
2024-06-11 02:00:00,2,41,3,7,28,3,0,5,25,4,29,4,35.05,878.0,3.0,7.880000000000001,102.5,4.03030303030303,657.7002272069465,5.383313730345424,1.025,0.6345177664974618,3.2439024390243905
2024-06-11 03:00:00,3,41,3,7,27,4,0,3,25,4,29,4,36.05,938.0,3.0,7.880000000000001,102.5,4.0,663.3402272069465,4.525702612356072,1.025,0.3807106598984771,3.2195121951219514
2024-06-11 04:00:00,4,40,3,7,28,2,0,5,26,4,30,4,37.05,989.5,3.0,7.880000000000001,100.0,4.366666666666666,680.2352272069464,5.353045685279187,1.0,0.6345177664974618,3.275
2024-06-11 05:00:00,5,41,3,7,27,4,0,4,26,4,30,4,38.05,1049.5,3.0,7.880000000000001,102.5,4.4,688.0202272069464,4.934270149808097,1.025,0.5076142131979695,3.2195121951219514
2024-06-11 06:00:00,6,39,3,7,25,4,0,2,26,4,30,4,39.05,1109.5,3.0,7.880000000000001,97.5,4.2,689.3702272069464,3.969992190550566,0.975,0.2538071065989847,3.230769230769231
2024-06-11 07:00:00,7,40,3,6,26,5,0,5,26,4,30,4,40.05,1169.5,3.0,7.880000000000001,100.0,4.233333333333333,697.1552272069464,5.1895939086294405,1.0,0.6345177664974618,3.175
2024-06-11 08:00:00,8,40,3,7,27,3,0,4,28,4,32,4,41.05,1215.5,3.0,6.58,100.0,5.416666666666667,729.5952272069464,5.225683890577507,1.0,0.60790273556231,3.25
2024-06-11 09:00:00,9,51,3,11,32,5,0,14,29,6,35,6,42.05,1158.0,3.0,6.58,127.5,11.0,800.7668408104196,11.00860450563204,1.275,2.127659574468085,3.235294117647059
2024-06-11 10:00:00,10,64,3,12,43,6,0,16,31,6,37,6,43.05,1152.0,4.0,9.9,160.0,17.0,861.0918408104196,10.251515151515152,1.6,1.616161616161616,3.1875
2024-06-11 11:00:00,11,67,3,11,48,5,0,12,33,6,39,6,44.05,980.0,4.0,9.9,167.5,53.25,899.9668408104197,9.178459972862958,1.675,1.2121212121212122,3.1791044776119404
2024-06-11 12:00:00,12,74,4,11,53,5,1,17,37,6,43,6,45.05,975.0,4.0,9.9,185.0,58.5,974.2218408104196,11.27997542997543,1.85,1.7171717171717171,3.1621621621621623
2024-06-11 13:00:00,13,70,4,10,50,6,0,6,38,5,43,5,46.05,1035.0,4.0,9.9,175.0,55.5,970.4135340086832,7.472077922077921,1.75,0.6060606060606061,3.1714285714285717
2024-06-11 14:00:00,14,64,4,9,46,5,0,6,37,5,42,5,47.05,1066.5,4.0,9.9,160.0,51.0,949.7835340086832,7.031818181818182,1.6,0.6060606060606061,3.1875
2024-06-11 15:00:00,15,62,4,9,45,4,0,7,38,4,42,4,48.05,1100.0,4.0,9.9,155.0,49.75,950.2652272069464,7.244468882372107,1.55,0.7070707070707071,3.2096774193548385
2024-06-11 16:00:00,16,55,1,9,40,5,0,7,35,3,38,3,49.05,1270.0,4.0,9.9,137.5,21.375,886.4219204052099,6.473347107438016,1.375,0.7070707070707071,3.109090909090909
2024-06-11 17:00:00,17,58,1,9,43,5,0,7,35,3,38,3,50.05,1330.0,4.0,9.9,145.0,22.5,898.4969204052097,6.694357366771159,1.45,0.7070707070707071,3.103448275862069
2024-06-11 18:00:00,18,61,2,10,44,4,1,8,34,4,38,4,51.05,1357.5,4.0,9.9,152.5,23.875,911.4402272069464,7.305220235138267,1.525,0.8080808080808081,3.1311475409836067
2024-06-11 19:00:00,19,61,2,8,42,6,3,10,32,3,35,3,52.05,1395.0,4.0,9.9,152.5,9.15,876.0119204052098,7.60530303030303,1.525,1.0101010101010102,3.0
2024-06-11 20:00:00,20,60,1,9,41,6,3,9,33,2,35,2,53.05,1320.0,4.0,10.56,150.0,8.95,878.6386136034732,7.017613636363636,1.5,0.8522727272727272,2.9833333333333334
2024-06-11 21:00:00,21,65,1,9,46,6,3,13,33,3,36,3,54.05,1284.5,4.0,10.56,162.5,12.125,909.2719204052098,8.524242424242424,1.625,1.231060606060606,2.9846153846153847
2024-06-11 22:00:00,22,55,1,9,42,3,0,8,33,3,36,3,52.6,1123.0,3.0,7.24,137.5,14.416666666666666,879.6439204052099,7.800640381717729,1.375,1.1049723756906078,3.145454545454545
2024-06-11 23:00:00,23,56,0,9,42,4,1,10,32,2,34,2,53.6,1404.5,3.0,7.24,140.0,9.5,859.7606136034732,8.492640094711918,1.4,1.3812154696132597,3.0535714285714284
2024-06-12 00:00:00,0,50,0,10,37,3,0,6,32,1,33,1,54.6,1560.0,3.0,7.24,125.0,7.476190476190476,838.2623068017367,6.527209944751381,1.25,0.8287292817679558,3.14
2024-06-12 01:00:00,1,50,0,10,37,3,0,6,33,1,34,1,55.6,1524.5,3.0,7.24,125.0,8.722222222222221,857.3023068017367,6.527209944751381,1.25,0.8287292817679558,3.14
2024-06-12 02:00:00,2,51,0,11,37,3,0,5,33,0,33,0,56.6,1489.0,3.0,7.24,127.5,7.666666666666667,850.819,6.205153829487595,1.275,0.6906077348066298,3.156862745098039
2024-06-12 03:00:00,3,53,1,11,37,4,0,3,33,0,33,0,57.6,1549.0,3.0,7.24,132.5,8.0,860.749,5.513457729594496,1.325,0.4143646408839779,3.169811320754717
2024-06-12 04:00:00,4,49,0,10,36,3,0,3,33,0,33,0,58.6,1609.0,3.0,7.24,122.5,7.333333333333333,857.809,5.152288871349644,1.225,0.4143646408839779,3.142857142857143
2024-06-12 05:00:00,5,50,0,10,37,3,0,2,33,0,33,0,59.6,1669.0,3.0,7.24,125.0,7.476190476190476,865.594,4.792403314917127,1.25,0.2762430939226519,3.14
2024-06-12 06:00:00,6,51,0,11,37,3,0,2,33,0,33,0,60.6,1729.0,3.0,7.24,127.5,7.666666666666667,873.379,4.897061531795038,1.275,0.2762430939226519,3.156862745098039
2024-06-12 07:00:00,7,45,0,11,32,2,0,0,33,0,33,0,61.6,1789.0,3.0,7.24,112.5,6.857142857142857,866.149,3.6,1.125,0.0,3.2
2024-06-12 08:00:00,8,49,1,10,35,3,0,6,34,1,35,1,62.6,1597.0,3.0,6.359999999999999,122.5,10.4,908.0373068017366,6.903465537158261,1.225,0.9433962264150944,3.183673469387755
2024-06-12 09:00:00,9,51,1,11,36,3,0,7,31,1,32,1,63.6,1548.5,3.0,6.359999999999999,127.5,6.791666666666667,877.7673068017366,7.592696386730794,1.275,1.1006289308176105,3.196078431372549
2024-06-12 10:00:00,10,58,1,12,41,4,0,14,28,2,30,2,64.6,1608.5,4.0,10.06,145.0,4.6,872.4906136034732,9.0148899705217,1.45,1.3916500994035788,3.1724137931034484
2024-06-12 11:00:00,11,64,1,14,45,4,0,15,29,2,31,2,65.6,1511.0,4.0,10.06,160.0,5.666666666666667,904.4006136034732,9.852733598409545,1.6,1.4910536779324055,3.1875
2024-06-12 12:00:00,12,61,2,12,44,3,0,9,30,3,33,3,66.6,1442.0,4.0,10.06,152.5,7.0,931.2739204052098,7.774555943030343,1.525,0.8946322067594434,3.2131147540983607
2024-06-12 13:00:00,13,62,1,11,47,3,0,6,33,2,35,2,67.6,1410.0,4.0,10.06,155.0,9.8,964.9906136034732,6.785461424998396,1.55,0.5964214711729623,3.161290322580645
2024-06-12 14:00:00,14,70,1,13,53,3,0,10,34,2,36,2,68.6,1164.0,4.0,10.06,175.0,13.875,1001.1906136034733,8.702513490485657,1.75,0.9940357852882704,3.1714285714285717
2024-06-12 15:00:00,15,62,2,12,43,5,0,8,34,3,37,3,65.33333333333333,893.0,4.0,10.06,155.0,16.416666666666668,979.87492040521,7.451774834861797,1.55,0.7952286282306164,3.177419354838709
2024-06-12 16:00:00,16,71,3,10,52,6,0,15,37,4,41,4,66.33333333333333,398.0,4.0,10.06,177.5,55.75,1059.2882272069464,10.258168594069389,1.775,1.4910536779324055,3.140845070422535
2024-06-12 17:00:00,17,73,3,11,53,6,0,11,38,5,43,5,67.33333333333333,413.0,4.0,10.06,182.5,57.5,1096.886534008683,9.195082927094964,1.825,1.0934393638170976,3.150684931506849
2024-06-12 18:00:00,18,69,3,11,46,9,0,7,36,5,41,5,68.33333333333333,518.0,4.0,10.06,172.5,53.75,1067.146534008683,7.543150517186736,1.725,0.6958250497017894,3.1159420289855078
2024-06-12 19:00:00,19,62,2,10,45,5,0,11,35,4,39,4,69.33333333333333,687.0,4.0,10.06,155.0,48.75,1030.1032272069465,8.314043160392485,1.55,1.0934393638170976,3.1451612903225805
2024-06-12 20:00:00,20,59,2,11,42,4,0,8,35,4,39,4,70.33333333333333,747.0,4.0,11.45,147.5,47.0,1029.3082272069464,6.926334098142256,1.475,0.6986899563318778,3.1864406779661016
2024-06-12 21:00:00,21,62,2,12,43,4,1,13,35,4,39,4,71.33333333333333,807.0,4.0,11.45,155.0,49.0,1041.3832272069465,8.48923792083392,1.55,1.1353711790393013,3.161290322580645
2024-06-12 22:00:00,22,61,2,12,41,5,1,7,36,3,39,3,72.33333333333333,867.0,3.0,7.75,152.5,64.0,1044.00992040521,7.642940243257535,1.525,0.9032258064516128,3.1475409836065573
2024-06-12 23:00:00,23,61,2,11,40,8,0,9,35,2,37,2,73.33333333333333,1373.0,3.0,7.75,152.5,21.11111111111111,1021.9816136034732,8.367133791644633,1.525,1.1612903225806452,3.114754098360656
2024-06-13 00:00:00,0,61,2,12,40,7,0,8,36,2,38,2,74.33333333333333,1210.0,3.0,7.75,152.5,32.0,1041.0216136034733,8.049074563722897,1.525,1.032258064516129,3.1475409836065573
2024-06-13 01:00:00,1,60,2,13,41,4,0,5,36,2,38,2,75.33333333333333,1270.0,3.0,7.75,150.0,32.166666666666664,1044.5166136034732,6.900268817204301,1.5,0.6451612903225806,3.216666666666667
2024-06-13 02:00:00,2,58,2,13,39,4,0,9,36,2,38,2,76.33333333333333,1330.0,3.0,7.75,145.0,31.166666666666668,1045.866613603473,8.419160177975527,1.45,1.1612903225806452,3.2241379310344827
2024-06-13 03:00:00,3,49,2,12,33,2,0,1,36,2,38,2,77.33333333333333,1390.0,3.0,7.75,122.5,26.83333333333333,1032.201613603473,4.448963133640553,1.225,0.1290322580645161,3.2857142857142856
2024-06-13 04:00:00,4,48,2,12,31,3,0,1,36,2,38,2,78.33333333333333,1450.0,3.0,7.75,120.0,26.166666666666668,1035.6966136034732,4.347043010752689,1.2,0.1290322580645161,3.270833333333333
2024-06-13 05:00:00,5,48,2,11,31,4,0,4,36,2,38,2,79.33333333333333,1510.0,3.0,7.75,120.0,25.83333333333333,1041.336613603473,5.541666666666666,1.2,0.5161290322580645,3.2291666666666665
2024-06-13 06:00:00,6,50,3,11,33,3,0,3,37,2,39,2,80.33333333333333,1347.0,3.0,7.75,125.0,54.66666666666666,1064.6666136034733,5.369677419354839,1.25,0.3870967741935484,3.28
2024-06-13 07:00:00,7,50,3,11,33,3,0,2,37,2,39,2,81.33333333333333,1407.0,3.0,7.75,125.0,54.66666666666666,1070.3066136034731,4.946451612903226,1.25,0.2580645161290322,3.28
2024-06-13 08:00:00,8,55,3,11,38,3,0,8,40,2,42,2,82.25,1280.0,3.0,6.3,137.5,59.66666666666666,1126.4016136034734,8.607756132756132,1.375,1.2698412698412698,3.2545454545454544
2024-06-13 09:00:00,9,64,3,12,46,3,0,11,40,3,43,3,83.25,1307.0,3.0,6.3,160.0,69.0,1165.61492040521,10.82232142857143,1.6,1.746031746031746,3.234375
2024-06-13 10:00:00,10,58,3,9,44,2,0,7,36,3,39,3,72.66666666666667,1280.0,4.0,9.55,145.0,46.75,1039.45492040521,7.038242462538364,1.45,0.7329842931937173,3.2241379310344827
2024-06-13 11:00:00,11,63,3,7,49,4,0,15,37,2,39,2,73.66666666666667,1239.0,4.0,9.55,157.5,49.5,1054.951613603473,9.88642483171279,1.575,1.5706806282722512,3.142857142857143
2024-06-13 12:00:00,12,53,3,7,40,3,0,5,34,2,36,2,74.66666666666667,1223.5,4.0,9.55,132.5,10.5625,998.9416136034732,5.894465573446607,1.325,0.5235602094240838,3.188679245283019
2024-06-13 13:00:00,13,53,3,8,38,4,0,6,37,2,39,2,75.66666666666667,1226.0,4.0,9.55,132.5,42.25,1044.7816136034733,6.228358688135928,1.325,0.6282722513089005,3.188679245283019
2024-06-13 14:00:00,14,50,3,6,37,4,0,5,36,2,38,2,76.66666666666667,1312.0,4.0,9.55,125.0,19.75,1030.586613603473,5.604450261780104,1.25,0.5235602094240838,3.16
2024-06-13 15:00:00,15,50,5,5,35,5,0,7,35,3,38,3,77.66666666666667,1149.5,4.0,9.55,125.0,20.0,1037.09492040521,6.345549738219896,1.25,0.7329842931937173,3.2
2024-06-13 16:00:00,16,59,5,7,44,3,0,14,37,4,41,4,78.66666666666667,1001.0,4.0,9.55,147.5,47.75,1103.1082272069464,9.520762711864403,1.475,1.4659685863874343,3.23728813559322
2024-06-13 17:00:00,17,55,5,7,41,2,0,4,37,4,41,4,79.66666666666667,674.0,4.0,9.55,137.5,45.0,1100.1682272069463,5.8707758210376015,1.375,0.4188481675392669,3.272727272727273
2024-06-13 18:00:00,18,59,5,9,43,2,0,11,40,4,44,4,80.66666666666667,611.5,4.0,9.55,147.5,48.5,1154.5882272069464,8.637381311562695,1.475,1.1518324607329842,3.288135593220339
2024-06-13 19:00:00,19,59,5,9,43,2,0,6,40,4,44,4,81.66666666666667,671.5,4.0,9.55,147.5,48.5,1160.2282272069465,6.91584435176147,1.475,0.6282722513089005,3.288135593220339
2024-06-13 20:00:00,20,66,6,10,47,3,0,15,40,5,45,5,82.66666666666667,689.0,4.0,10.02,165.0,54.25,1195.151534008683,10.34697423335148,1.65,1.497005988023952,3.287878787878788
2024-06-13 21:00:00,21,68,7,10,48,3,0,11,40,5,45,5,83.66666666666667,749.0,4.0,10.02,170.0,56.25,1205.0815340086829,9.257441000352236,1.7,1.097804391217565,3.3088235294117645
2024-06-13 22:00:00,22,57,5,10,42,0,0,4,40,4,44,4,84.66666666666667,825.5,3.0,6.77,142.5,63.66666666666666,1172.8582272069466,6.754838814169842,1.425,0.5908419497784343,3.3508771929824563
2024-06-13 23:00:00,23,58,4,10,44,0,0,9,41,3,44,3,85.66666666666667,885.5,3.0,6.77,145.0,64.0,1179.77492040521,9.200753832832476,1.45,1.3293943870014773,3.310344827586207
2024-06-14 00:00:00,0,60,4,9,45,2,0,11,41,3,44,3,86.66666666666667,945.5,3.0,6.77,150.0,65.0,1189.7049204052098,10.155649926144756,1.5,1.6248153618906944,3.25
2024-06-14 01:00:00,1,63,4,10,47,2,0,8,43,3,46,3,87.66666666666667,972.5,3.0,6.77,157.5,68.33333333333333,1228.5799204052098,8.970161895383463,1.575,1.1816838995568686,3.253968253968254
2024-06-14 02:00:00,2,64,4,10,48,2,0,6,43,3,46,3,88.66666666666667,1032.5,3.0,6.77,160.0,69.33333333333333,1236.36492040521,8.080354505169868,1.6,0.8862629246676514,3.25
2024-06-14 03:00:00,3,61,4,11,45,1,0,4,45,2,47,2,89.66666666666667,1076.0,3.0,6.77,152.5,67.0,1248.1016136034732,6.971872654187955,1.525,0.5908419497784343,3.295081967213114
2024-06-14 04:00:00,4,54,4,10,40,0,0,3,44,1,45,1,90.66666666666669,1169.0,3.0,6.77,135.0,60.0,1211.0583068017368,5.977104874446086,1.35,0.4431314623338257,3.333333333333333
2024-06-14 05:00:00,5,57,4,10,43,0,0,4,44,1,45,1,91.66666666666669,1229.0,3.0,6.77,142.5,63.0,1223.1333068017366,6.684107517686389,1.425,0.5908419497784343,3.3157894736842106
2024-06-14 06:00:00,6,56,4,10,42,0,0,3,44,1,45,1,92.66666666666669,1289.0,3.0,6.77,140.0,62.0,1226.6283068017365,6.121829499894492,1.4,0.4431314623338257,3.321428571428572
2024-06-14 07:00:00,7,56,4,11,41,0,0,3,45,1,46,1,93.66666666666669,1332.5,3.0,6.77,140.0,62.333333333333336,1245.6683068017364,6.154742561721882,1.4,0.4431314623338257,3.3392857142857144
2024-06-14 08:00:00,8,57,4,11,42,0,0,5,46,1,47,1,94.66666666666669,1376.0,3.0,7.979999999999999,142.5,63.333333333333336,1266.8533068017366,6.8385547201336685,1.425,0.6265664160401003,3.333333333333333
2024-06-14 09:00:00,9,65,5,11,47,2,0,14,46,1,47,1,95.66666666666669,1319.0,3.0,7.979999999999999,162.5,71.33333333333333,1289.6533068017366,11.125978407557357,1.625,1.7543859649122808,3.292307692307692
2024-06-14 10:00:00,10,71,5,13,49,4,0,10,49,2,51,2,96.66666666666669,1287.0,4.0,11.68,177.5,58.0,1362.6316136034732,8.597607563187344,1.775,0.8561643835616438,3.267605633802817
2024-06-14 11:00:00,11,68,5,12,49,2,0,8,48,3,51,3,97.66666666666669,1237.0,4.0,11.68,170.0,56.0,1362.7049204052098,7.856244963738919,1.7,0.684931506849315,3.294117647058824
2024-06-14 12:00:00,12,62,5,13,40,3,1,13,39,3,42,3,98.66666666666669,1179.5,4.0,11.68,155.0,51.0,1234.87492040521,8.762174105170129,1.55,1.113013698630137,3.290322580645161
2024-06-14 13:00:00,13,58,5,12,39,1,1,6,38,3,41,3,99.66666666666669,1145.0,4.0,11.68,145.0,48.25,1218.53492040521,6.534376476145488,1.45,0.5136986301369864,3.327586206896552
2024-06-14 14:00:00,14,57,3,13,38,1,2,11,32,3,35,3,100.66666666666669,685.0,4.0,11.68,142.5,9.25,1141.6299204052098,7.681657053592886,1.425,0.9417808219178082,3.245614035087719
2024-06-14 15:00:00,15,54,3,12,36,1,2,7,28,3,31,3,33.233333333333334,497.0,4.0,11.68,135.0,4.861111111111111,701.27092040521,6.317224759005581,1.35,0.5993150684931507,3.240740740740741
2024-06-14 16:00:00,16,56,3,13,37,2,1,11,30,3,33,3,32.35,414.0,4.0,11.68,140.0,6.535714285714286,727.3789204052098,7.652605185909979,1.4,0.9417808219178082,3.267857142857143
2024-06-14 17:00:00,17,54,3,14,33,3,1,7,32,3,35,3,33.35,453.0,4.0,11.68,135.0,8.85,755.5289204052099,6.389421613394217,1.35,0.5993150684931507,3.2777777777777777
2024-06-14 18:00:00,18,48,4,12,29,2,1,4,31,2,33,2,34.35,534.0,4.0,11.68,120.0,5.714285714285714,720.6306136034733,5.141552511415525,1.2,0.3424657534246575,3.333333333333333
2024-06-14 19:00:00,19,54,4,16,30,3,1,16,33,2,35,2,31.05,522.0,4.0,11.68,135.0,9.05,741.6886136034732,9.11657787924911,1.35,1.36986301369863,3.351851851851852
2024-06-14 20:00:00,20,45,3,10,29,2,1,6,32,2,34,2,32.05,515.0,4.0,10.33,112.5,6.125,714.6236136034731,5.572386253630204,1.125,0.5808325266214908,3.2666666666666666
2024-06-14 21:00:00,21,49,3,9,32,4,1,12,32,2,34,2,33.05,556.5,4.0,10.33,122.5,6.5,728.8436136034732,7.598362210324594,1.225,1.1616650532429815,3.183673469387755
2024-06-14 22:00:00,22,50,3,9,31,6,1,9,35,1,36,1,34.05,563.0,3.0,6.63,125.0,13.083333333333334,762.5603068017367,8.187443438914027,1.25,1.3574660633484164,3.14
2024-06-14 23:00:00,23,51,4,10,32,4,1,6,37,1,38,1,35.05,552.5,3.0,6.63,127.5,27.5,797.1453068017365,7.052867979771094,1.275,0.9049773755656108,3.235294117647059
2024-06-15 00:00:00,0,54,4,10,30,9,1,8,37,1,38,1,36.05,612.5,3.0,6.63,135.0,28.166666666666668,809.2203068017366,8.001325344952795,1.35,1.2066365007541475,3.1296296296296298
2024-06-15 01:00:00,1,54,4,10,32,7,1,8,37,1,38,1,37.05,672.5,3.0,6.63,135.0,28.5,814.8603068017366,8.096015585721467,1.35,1.2066365007541475,3.1666666666666665
2024-06-15 02:00:00,2,56,4,10,33,8,1,10,38,1,39,1,38.05,650.0,3.0,6.63,140.0,58.66666666666666,838.1903068017366,9.140357681534152,1.4,1.5082956259426847,3.142857142857143
2024-06-15 03:00:00,3,53,4,12,31,5,1,5,39,2,41,2,39.05,697.0,3.0,6.63,132.5,57.333333333333336,865.0636136034732,6.747423091152282,1.325,0.7541478129713424,3.2452830188679247
2024-06-15 04:00:00,4,43,4,11,25,2,1,1,39,1,40,1,40.05,763.5,3.0,6.63,107.5,48.0,834.9853068017366,4.105103651478481,1.075,0.1508295625942684,3.3488372093023258
2024-06-15 05:00:00,5,45,4,11,26,3,1,3,40,1,41,1,41.05,817.0,3.0,6.63,112.5,49.66666666666666,858.3153068017365,5.223240321769733,1.125,0.4524886877828054,3.311111111111111
2024-06-15 06:00:00,6,45,4,12,26,2,1,3,41,1,42,1,42.05,864.0,3.0,6.63,112.5,50.333333333333336,877.3553068017366,5.293350930115636,1.125,0.4524886877828054,3.355555555555556
2024-06-15 07:00:00,7,48,4,13,28,2,1,4,43,1,44,1,43.05,907.0,3.0,6.63,120.0,53.66666666666666,916.2303068017366,6.048629964806435,1.2,0.6033182503770739,3.3541666666666665
2024-06-15 08:00:00,8,49,4,14,28,2,1,2,44,1,45,1,44.05,963.0,3.0,6.4,122.5,55.0,937.4153068017366,5.177295918367348,1.225,0.3125,3.36734693877551
2024-06-15 09:00:00,9,50,4,15,27,3,1,5,43,1,44,1,45.05,921.5,3.0,6.4,125.0,56.0,931.8003068017366,6.825,1.25,0.78125,3.36
2024-06-15 10:00:00,10,50,3,17,26,3,1,9,40,2,42,2,46.05,915.0,4.0,9.49,125.0,42.0,911.5086136034732,7.386512118018967,1.25,0.9483667017913592,3.36
2024-06-15 11:00:00,11,49,2,17,28,2,0,10,34,2,36,2,47.05,901.0,4.0,9.49,122.5,10.375,834.6036136034733,7.719815702888111,1.225,1.053740779768177,3.3877551020408165
2024-06-15 12:00:00,12,41,2,14,24,1,0,6,28,3,31,3,43.36666666666667,812.0,4.0,9.49,102.5,3.888888888888889,730.5379204052099,5.658883548793337,1.025,0.6322444678609062,3.414634146341464
2024-06-15 13:00:00,13,45,2,13,28,2,0,11,27,3,30,3,44.36666666666667,671.0,4.0,9.49,112.5,3.75,731.3579204052098,7.613716192483315,1.125,1.1591148577449948,3.333333333333333
2024-06-15 14:00:00,14,40,1,11,25,2,1,10,19,2,21,2,26.016666666666666,438.0,4.0,9.49,100.0,1.6973684210526316,495.6706136034732,6.623314014752372,1.0,1.053740779768177,3.225
2024-06-15 15:00:00,15,41,1,10,29,1,0,11,17,2,19,2,27.016666666666666,498.0,4.0,9.49,102.5,1.5952380952380951,476.6556136034732,7.138326608239739,1.025,1.1591148577449948,3.268292682926829
2024-06-15 16:00:00,16,37,1,10,25,1,0,4,17,2,19,2,28.016666666666666,480.0,4.0,9.49,92.5,1.4523809523809523,473.7156136034732,4.439798650072623,0.925,0.4214963119072708,3.2972972972972974
2024-06-15 17:00:00,17,41,1,12,26,2,0,11,20,2,22,2,29.016666666666666,506.0,4.0,9.49,102.5,1.875,528.1356136034733,7.191597702331079,1.025,1.1591148577449948,3.292682926829268
2024-06-15 18:00:00,18,40,1,13,24,2,0,7,22,2,24,2,30.016666666666666,529.5,4.0,9.49,100.0,2.078125,558.4306136034733,5.777581664910432,1.0,0.7376185458377239,3.325
2024-06-15 19:00:00,19,47,1,12,32,2,0,10,22,2,24,2,31.016666666666666,549.0,4.0,9.49,117.5,2.390625,579.0856136034732,7.255262538394279,1.175,1.053740779768177,3.25531914893617
2024-06-15 20:00:00,20,57,2,11,37,7,0,17,23,1,24,1,32.016666666666666,560.5,4.0,10.3,142.5,2.796875,605.3073068017366,9.658103389541816,1.425,1.6504854368932038,3.1403508771929824
2024-06-15 21:00:00,21,57,1,10,38,8,0,15,24,2,26,2,33.016666666666666,596.0,4.0,10.3,142.5,3.125,638.6156136034732,8.846129279509453,1.425,1.4563106796116505,3.0701754385964914
2024-06-15 22:00:00,22,49,1,9,33,6,0,10,24,2,26,2,34.016666666666666,544.0,3.0,7.21,122.5,3.619047619047619,627.0956136034733,8.102414447054826,1.225,1.3869625520110958,3.1020408163265305
2024-06-15 23:00:00,23,57,2,11,35,9,0,15,25,3,28,3,35.016666666666666,474.5,3.0,7.21,142.5,4.916666666666667,677.5639204052097,10.885325571209576,1.425,2.0804438280166435,3.1052631578947367
2024-06-16 00:00:00,0,58,3,11,38,6,0,10,25,4,29,4,36.016666666666666,515.0,3.0,7.21,145.0,5.606060606060606,699.6172272069465,9.048932277966426,1.45,1.3869625520110958,3.189655172413793
2024-06-16 01:00:00,1,55,4,12,34,5,0,10,25,5,30,5,37.016666666666666,553.0,3.0,7.21,137.5,6.0,713.0905340086831,9.039150170218132,1.375,1.3869625520110958,3.272727272727273
2024-06-16 02:00:00,2,52,4,11,34,3,0,4,25,5,30,5,38.016666666666666,613.0,3.0,7.21,130.0,5.733333333333333,712.295534008683,6.135058145737757,1.3,0.5547850208044383,3.3076923076923075
2024-06-16 03:00:00,3,44,3,12,29,0,0,4,25,3,28,3,39.016666666666666,714.5,3.0,7.21,110.0,4.166666666666667,672.2389204052098,5.641312570924222,1.1,0.5547850208044383,3.409090909090909
2024-06-16 04:00:00,4,47,3,12,32,0,0,6,26,3,29,3,40.016666666666666,755.0,3.0,7.21,117.5,4.818181818181818,697.7139204052098,6.790238882167202,1.175,0.8321775312066574,3.382978723404255
2024-06-16 05:00:00,5,45,3,12,29,1,0,2,25,3,28,3,41.016666666666666,834.5,3.0,7.21,112.5,4.222222222222222,685.6639204052098,4.736970257358607,1.125,0.2773925104022191,3.3777777777777778
2024-06-16 06:00:00,6,45,3,12,30,0,0,5,26,4,30,4,42.016666666666666,853.0,3.0,7.21,112.5,5.1,718.9722272069464,6.182836338418863,1.125,0.6934812760055479,3.4
2024-06-16 07:00:00,7,44,3,13,28,0,0,3,26,4,30,4,43.016666666666666,913.0,3.0,7.21,110.0,5.033333333333333,722.4672272069465,5.202940991047788,1.1,0.4160887656033287,3.4318181818181817
2024-06-16 08:00:00,8,41,3,11,27,0,0,3,26,3,29,3,44.016666666666666,995.0,3.0,6.59,102.5,4.242424242424242,707.4039204052099,5.054461675117509,1.025,0.4552352048558422,3.414634146341464
2024-06-16 09:00:00,9,46,2,12,32,0,0,10,27,2,29,2,45.016666666666666,1055.0,3.0,6.59,115.0,4.666666666666667,722.9006136034732,8.930160981724617,1.15,1.5174506828528074,3.347826086956522
2024-06-16 10:00:00,10,55,3,14,38,0,0,16,28,2,30,2,38.583333333333336,1065.0,4.0,9.95,137.5,4.625,719.3216136034732,10.03386249428963,1.375,1.6080402010050252,3.363636363636364
2024-06-16 11:00:00,11,57,2,15,39,1,0,15,23,2,25,2,36.53333333333333,1089.0,4.0,9.95,142.5,3.15,645.0496136034732,9.723677598518911,1.425,1.5075376884422111,3.3157894736842106
2024-06-16 12:00:00,12,60,3,17,40,0,0,16,27,3,30,3,37.53333333333333,1064.0,4.0,9.95,150.0,5.075,724.9929204052098,10.515536013400334,1.5,1.6080402010050252,3.3833333333333333
2024-06-16 13:00:00,13,58,3,16,39,0,0,11,27,4,31,4,38.53333333333333,1015.0,4.0,9.95,145.0,5.444444444444445,740.6112272069465,8.635920984231502,1.45,1.105527638190955,3.3793103448275863
2024-06-16 14:00:00,14,62,4,15,43,0,0,10,26,5,31,5,39.53333333333333,1047.0,4.0,9.95,155.0,5.805555555555555,755.699534008683,8.612907278327121,1.55,1.0050251256281408,3.370967741935484
2024-06-16 15:00:00,15,60,4,14,41,1,0,14,24,5,29,5,40.53333333333333,1107.0,4.0,9.95,150.0,4.568181818181818,730.249534008683,9.73856783919598,1.5,1.407035175879397,3.35
2024-06-16 16:00:00,16,55,4,13,38,0,0,7,24,5,29,5,41.53333333333333,1167.0,4.0,9.95,137.5,4.227272727272728,725.1645340086831,7.029168570123344,1.375,0.7035175879396985,3.381818181818182
2024-06-16 17:00:00,17,54,4,13,35,2,0,7,24,5,29,5,42.53333333333333,1227.0,4.0,9.95,135.0,4.113636363636363,728.6595340086831,6.883086729946026,1.35,0.7035175879396985,3.351851851851852
2024-06-16 18:00:00,18,54,4,14,30,6,0,11,24,5,29,5,43.53333333333333,1287.0,4.0,9.95,135.0,4.045454545454546,734.299534008683,8.094146659222037,1.35,1.105527638190955,3.2962962962962963
2024-06-16 19:00:00,19,58,4,13,34,7,0,10,24,5,29,5,44.53333333333333,1347.0,4.0,9.95,145.0,4.2727272727272725,748.5195340086831,7.957667648587766,1.45,1.0050251256281408,3.2413793103448274
2024-06-16 20:00:00,20,59,3,12,39,4,1,17,25,4,29,4,45.53333333333333,1407.0,4.0,10.37,147.5,4.295454545454546,755.4362272069465,9.976458738538485,1.475,1.639344262295082,3.2033898305084745
2024-06-16 21:00:00,21,56,3,12,35,5,1,7,25,4,29,4,46.53333333333333,1467.0,4.0,10.37,140.0,4.068181818181818,754.6412272069464,6.632666345226616,1.4,0.6750241080038574,3.196428571428572
2024-06-16 22:00:00,22,58,3,13,35,6,1,16,25,4,29,4,47.53333333333333,1527.0,3.0,7.01,145.0,5.606060606060606,764.5712272069464,11.905240051158444,1.45,2.282453637660485,3.189655172413793
2024-06-16 23:00:00,23,53,3,13,35,2,0,5,25,4,29,4,48.53333333333333,1587.0,3.0,7.01,132.5,5.333333333333333,759.4862272069464,6.768583963609937,1.325,0.7132667617689016,3.320754716981132
2024-06-17 00:00:00,0,54,3,13,35,2,1,8,26,4,30,4,49.53333333333333,1617.5,3.0,7.01,135.0,5.9,780.6712272069465,8.165687906165797,1.35,1.1412268188302426,3.2777777777777777
2024-06-17 01:00:00,1,50,3,12,32,3,0,5,27,4,31,4,50.53333333333333,1648.0,3.0,7.01,125.0,6.111111111111111,791.1312272069465,6.478780313837375,1.25,0.7132667617689016,3.3
2024-06-17 02:00:00,2,51,3,14,33,1,0,6,28,4,32,4,51.53333333333333,1664.5,3.0,7.01,127.5,7.166666666666667,812.3162272069465,7.186632541747083,1.275,0.8559201141226819,3.372549019607843
2024-06-17 03:00:00,3,48,3,14,29,2,0,3,28,5,33,5,52.53333333333333,1681.0,3.0,7.01,120.0,7.714285714285714,825.789534008683,5.494365192582025,1.2,0.4279600570613409,3.375
2024-06-17 04:00:00,4,51,3,13,31,4,0,5,28,5,33,5,53.53333333333333,1741.0,3.0,7.01,127.5,8.0,837.864534008683,6.549584627003441,1.275,0.7132667617689016,3.294117647058824
2024-06-17 05:00:00,5,50,3,14,30,3,0,2,29,5,34,5,54.53333333333333,1506.5,3.0,7.01,125.0,9.27777777777778,854.7595340086831,5.127924393723252,1.25,0.2853067047075606,3.34
2024-06-17 06:00:00,6,52,3,14,33,2,0,4,31,6,37,6,55.53333333333333,1243.0,3.0,7.01,130.0,19.33333333333333,905.7578408104196,6.2593602545813685,1.3,0.5706134094151213,3.3461538461538463
2024-06-17 07:00:00,7,54,3,14,35,2,0,2,31,6,37,6,56.53333333333333,1303.0,3.0,7.01,135.0,20.0,915.6878408104196,5.4510223490252026,1.35,0.2853067047075606,3.333333333333333
2024-06-17 08:00:00,8,58,4,14,37,3,0,5,32,6,38,6,57.53333333333333,1343.0,3.0,6.8,145.0,32.166666666666664,943.3078408104196,7.271754563894524,1.45,0.7352941176470589,3.327586206896552
2024-06-17 09:00:00,9,64,4,17,39,4,0,10,34,6,40,6,58.53333333333333,1328.0,3.0,6.8,160.0,71.0,988.6178408104196,10.219301470588237,1.6,1.4705882352941178,3.328125
2024-06-17 10:00:00,10,71,4,22,40,5,0,15,35,5,40,5,59.53333333333333,1347.5,4.0,10.05,177.5,59.5,1008.404534008683,10.95315324784528,1.775,1.4925373134328357,3.352112676056338
2024-06-17 11:00:00,11,71,4,21,42,4,0,12,34,5,39,5,60.53333333333333,1395.0,4.0,10.05,177.5,59.5,1000.644534008683,9.952522598276223,1.775,1.1940298507462686,3.352112676056338
2024-06-17 12:00:00,12,64,4,17,42,1,0,9,32,5,37,5,57.43333333333333,1455.0,4.0,10.05,160.0,18.0,941.345534008683,8.422388059701493,1.6,0.8955223880597014,3.375
2024-06-17 13:00:00,13,61,5,16,39,1,0,7,31,4,35,4,58.43333333333333,1515.0,4.0,10.05,152.5,10.4,912.8822272069464,7.575010194927003,1.525,0.6965174129353233,3.4098360655737703
2024-06-17 14:00:00,14,67,5,17,41,4,0,15,32,6,38,6,59.43333333333333,1569.5,4.0,10.05,167.5,28.0,973.3288408104196,10.589975495656049,1.675,1.4925373134328357,3.343283582089552
2024-06-17 15:00:00,15,72,5,19,44,4,0,13,35,5,40,5,60.43333333333333,1601.5,4.0,10.05,180.0,60.25,1015.625534008683,10.354740187949142,1.8,1.2935323383084576,3.3472222222222223
2024-06-17 16:00:00,16,64,6,18,38,2,0,11,35,3,38,3,61.43333333333333,1639.0,4.0,10.05,160.0,27.5,975.5689204052098,9.262437810945274,1.6,1.0945273631840795,3.4375
2024-06-17 17:00:00,17,65,7,17,36,5,0,9,36,3,39,3,62.43333333333333,1650.0,4.0,10.05,162.5,55.25,996.7539204052098,8.569776119402984,1.625,0.8955223880597014,3.4
2024-06-17 18:00:00,18,63,7,18,33,4,1,11,37,3,40,3,63.43333333333333,1530.0,4.0,10.05,157.5,53.75,1011.5039204052098,9.110291794993287,1.575,1.0945273631840795,3.412698412698413
2024-06-17 19:00:00,19,67,7,20,36,3,1,8,39,3,42,3,64.43333333333334,1295.5,4.0,10.05,167.5,57.5,1052.52392040521,8.48260562857355,1.675,0.7960199004975124,3.4328358208955225
2024-06-17 20:00:00,20,69,7,19,39,4,0,13,40,3,43,3,57.71666666666667,1086.0,4.0,11.64,172.5,59.0,1032.3319204052098,9.71991135016684,1.725,1.1168384879725086,3.420289855072464
2024-06-17 21:00:00,21,73,8,19,41,5,0,11,40,4,44,4,58.71666666666667,930.5,4.0,11.64,182.5,62.25,1060.8202272069464,9.448414771924869,1.825,0.9450171821305842,3.410958904109589
2024-06-17 22:00:00,22,66,8,16,37,5,0,11,34,5,39,5,59.71666666666667,763.0,3.0,8.39,165.0,75.0,985.3135340086832,10.094606674612631,1.65,1.3110846245530392,3.409090909090909
2024-06-17 23:00:00,23,68,7,18,38,5,0,8,34,4,38,4,60.71666666666667,807.0,3.0,8.39,170.0,38.5,980.9752272069464,9.014150248895744,1.7,0.9535160905840284,3.397058823529412
2024-06-18 00:00:00,0,62,7,17,34,4,0,5,34,3,37,3,61.71666666666667,883.0,3.0,8.39,155.0,23.666666666666668,959.47692040521,7.372368218693529,1.55,0.5959475566150179,3.435483870967742
2024-06-18 01:00:00,1,62,7,18,32,5,0,5,34,2,36,2,62.71666666666667,1002.5,3.0,8.39,155.0,17.75,950.8486136034732,7.372368218693529,1.55,0.5959475566150179,3.435483870967742
2024-06-18 02:00:00,2,59,7,17,31,4,0,5,34,2,36,2,63.71666666666667,1062.5,3.0,8.39,147.5,17.0,950.0536136034732,7.160564433041757,1.475,0.5959475566150179,3.457627118644068
2024-06-18 03:00:00,3,55,7,16,29,3,0,2,34,2,36,2,64.71666666666667,1122.5,3.0,8.39,137.5,16.0,947.1136136034734,5.63215949723697,1.375,0.2383790226460071,3.4909090909090907
2024-06-18 04:00:00,4,56,7,18,29,1,1,5,35,3,38,3,65.71666666666667,1107.0,3.0,8.39,140.0,32.833333333333336,982.56692040521,7.021458368806401,1.4,0.5959475566150179,3.517857142857143
2024-06-18 05:00:00,5,57,7,20,30,0,0,5,35,4,39,4,66.71666666666667,1151.0,3.0,8.39,142.5,68.33333333333333,1004.6202272069464,7.268320159755765,1.425,0.5959475566150179,3.5964912280701755
2024-06-18 06:00:00,6,58,7,20,31,0,0,2,35,4,39,4,67.71666666666667,1211.0,3.0,8.39,145.0,69.33333333333333,1012.4052272069464,6.05487649500637,1.45,0.2383790226460071,3.586206896551724
2024-06-18 07:00:00,7,54,6,20,28,0,0,0,35,4,39,4,68.71666666666667,1271.0,3.0,8.39,135.0,64.66666666666667,1009.4652272069466,4.8500000000000005,1.35,0.0,3.592592592592593
2024-06-18 08:00:00,8,56,6,20,29,1,0,2,35,4,39,4,69.71666666666667,1331.0,3.0,6.35,140.0,66.33333333333333,1019.3952272069464,6.094235095613048,1.4,0.3149606299212598,3.5535714285714284
2024-06-18 09:00:00,9,62,8,20,33,1,0,9,35,5,40,5,70.71666666666667,1169.5,3.0,6.35,155.0,73.66666666666667,1052.173534008683,10.577070104140208,1.55,1.4173228346456694,3.564516129032258
2024-06-18 10:00:00,10,58,8,19,29,2,0,3,34,5,39,5,71.71666666666667,1214.0,4.0,9.81,145.0,51.75,1035.833534008683,6.26642676368238,1.45,0.3058103975535168,3.5689655172413794
2024-06-18 11:00:00,11,58,8,18,30,2,0,8,32,5,37,5,66.65,1230.0,4.0,9.81,145.0,17.166666666666668,980.4575340086832,8.046411121656298,1.45,0.8154943934760449,3.5517241379310347
2024-06-18 12:00:00,12,60,8,16,33,2,1,10,30,4,34,4,67.65,1310.5,4.0,9.81,150.0,8.666666666666666,949.3192272069464,8.733809038396195,1.5,1.0193679918450562,3.466666666666667
2024-06-18 13:00:00,13,65,8,16,37,3,1,10,33,4,37,4,68.65,1307.0,4.0,9.81,162.5,18.5,1005.8842272069464,9.031533756763114,1.625,1.0193679918450562,3.4153846153846152
2024-06-18 14:00:00,14,64,8,14,34,8,0,12,33,3,36,3,65.45,1276.5,4.0,9.81,160.0,13.375,971.42292040521,9.440214067278289,1.6,1.2232415902140674,3.34375
2024-06-18 15:00:00,15,65,7,16,34,7,1,9,34,5,39,5,66.45,1269.0,4.0,9.81,162.5,54.0,1021.144534008683,8.448694424841214,1.625,0.9174311926605506,3.3230769230769237
2024-06-18 16:00:00,16,59,9,13,32,5,0,7,33,4,37,4,67.45,1392.0,4.0,9.81,147.5,16.916666666666668,986.2462272069464,7.530121892223432,1.475,0.7135575942915393,3.440677966101695
2024-06-18 17:00:00,17,56,9,13,27,7,0,5,33,4,37,4,68.45,1452.0,4.0,9.81,140.0,16.0,985.4512272069464,6.547487986020096,1.4,0.5096839959225281,3.4285714285714284
2024-06-18 18:00:00,18,61,9,13,32,7,0,9,35,4,39,4,69.45,1449.0,4.0,9.81,152.5,51.75,1028.6162272069464,8.288250112798918,1.525,0.9174311926605506,3.39344262295082
2024-06-18 19:00:00,19,56,8,12,30,6,0,5,34,3,37,3,70.45,1572.0,4.0,9.81,140.0,15.833333333333334,995.8629204052098,6.47928498616572,1.4,0.5096839959225281,3.392857142857143
2024-06-18 20:00:00,20,62,8,13,30,10,1,15,35,3,38,3,71.45,1600.5,4.0,10.12,155.0,25.375,1027.7729204052098,9.928053678439372,1.55,1.4822134387351775,3.274193548387097
2024-06-18 21:00:00,21,59,8,13,29,8,1,5,34,3,37,3,60.73333333333333,1629.0,4.0,10.12,147.5,16.333333333333332,947.49592040521,6.541321096000536,1.475,0.4940711462450592,3.3220338983050848
2024-06-18 22:00:00,22,56,6,12,31,7,0,10,34,2,36,2,60.71666666666667,1684.5,3.0,6.66,140.0,15.416666666666666,926.6986136034732,9.58531746031746,1.4,1.5015015015015014,3.3035714285714284
2024-06-18 23:00:00,23,54,6,11,31,6,0,9,35,1,36,1,61.71666666666667,1744.5,3.0,6.66,135.0,14.916666666666666,927.1803068017366,8.95447947947948,1.35,1.351351351351351,3.314814814814815
2024-06-19 00:00:00,0,52,6,11,29,6,0,13,35,0,35,0,62.71666666666667,1809.0,3.0,6.66,130.0,11.533333333333331,914.262,10.818993993993995,1.3,1.951951951951952,3.326923076923077
2024-06-19 01:00:00,1,55,6,11,32,6,0,8,37,0,37,0,63.71666666666667,1860.0,3.0,6.66,137.5,20.22222222222222,953.137,8.524883974883975,1.375,1.2012012012012012,3.309090909090909
2024-06-19 02:00:00,2,51,6,11,32,2,0,4,37,0,37,0,64.71666666666667,1920.0,3.0,6.66,127.5,19.33333333333333,950.197,6.399107931460872,1.275,0.6006006006006006,3.411764705882353
2024-06-19 03:00:00,3,52,6,11,33,2,0,3,38,1,39,1,65.71666666666667,1934.0,3.0,6.66,130.0,59.0,985.6503068017366,5.958264033264033,1.3,0.4504504504504504,3.4038461538461537
2024-06-19 04:00:00,4,53,6,11,34,2,0,6,38,1,39,1,66.71666666666667,1994.0,3.0,6.66,132.5,60.0,993.4353068017364,7.559663437021928,1.325,0.9009009009009008,3.39622641509434
2024-06-19 05:00:00,5,51,6,11,32,2,0,4,38,1,39,1,67.71666666666667,2054.0,3.0,6.66,127.5,58.0,994.7853068017366,6.399107931460872,1.275,0.6006006006006006,3.411764705882353
2024-06-19 06:00:00,6,48,6,11,29,2,0,1,38,1,39,1,68.71666666666667,2114.0,3.0,6.66,120.0,55.0,993.9903068017368,4.641141141141141,1.2,0.1501501501501501,3.4375
2024-06-19 07:00:00,7,50,6,12,30,2,0,4,38,1,39,1,69.71666666666667,2174.0,3.0,6.66,125.0,57.333333333333336,1003.9203068017366,6.366066066066066,1.25,0.6006006006006006,3.44
2024-06-19 08:00:00,8,55,8,14,31,2,0,8,38,2,40,2,70.71666666666667,2100.5,3.0,6.35,137.5,64.33333333333333,1034.5536136034732,9.245901932712956,1.375,1.2598425196850394,3.5090909090909093
2024-06-19 09:00:00,9,55,7,12,34,2,0,5,33,2,35,2,69.13333333333334,1758.0,3.0,6.35,137.5,12.6,958.6236136034732,7.430798138869005,1.375,0.7874015748031497,3.4363636363636365
2024-06-19 10:00:00,10,62,8,14,36,4,0,11,36,2,38,2,70.13333333333334,1502.5,4.0,9.39,155.0,26.5,1019.4786136034731,9.305633996358514,1.55,1.1714589989350372,3.419354838709677
2024-06-19 11:00:00,11,62,7,16,37,2,0,11,38,1,39,1,58.1,1026.0,4.0,9.39,155.0,53.5,964.1423068017366,9.39342299632416,1.55,1.1714589989350372,3.4516129032258065
2024-06-19 12:00:00,12,59,5,15,37,2,0,9,37,1,38,1,50.18333333333333,897.5,4.0,9.39,147.5,25.0,899.6573068017366,8.24903882601397,1.475,0.9584664536741212,3.389830508474576
2024-06-19 13:00:00,13,59,4,14,40,1,0,8,35,1,36,1,51.18333333333333,793.0,4.0,9.39,147.5,12.375,878.4973068017366,7.809154166892294,1.475,0.8519701810436634,3.3559322033898304
2024-06-19 14:00:00,14,55,3,12,37,2,1,5,34,1,35,1,48.53333333333333,815.0,4.0,9.39,137.5,8.95,841.5713068017366,6.207984800077452,1.375,0.5324813631522897,3.2545454545454544
2024-06-19 15:00:00,15,55,2,12,37,3,1,8,33,1,34,1,49.53333333333333,347.0,4.0,9.39,137.5,7.333333333333333,833.8113068017367,7.126304579339723,1.375,0.8519701810436634,3.2
2024-06-19 16:00:00,16,55,3,13,38,0,1,8,32,1,33,1,50.53333333333333,419.0,4.0,9.39,137.5,6.5,826.0513068017365,7.369246780908123,1.375,0.8519701810436634,3.309090909090909
2024-06-19 17:00:00,17,53,3,13,36,0,1,7,30,2,32,2,51.53333333333333,667.5,4.0,9.39,132.5,5.5,814.8696136034732,6.8755359977495125,1.325,0.7454739084132055,3.320754716981132
2024-06-19 18:00:00,18,59,3,16,38,1,1,11,31,2,33,2,52.53333333333333,539.0,4.0,9.39,147.5,7.0,846.7796136034731,8.791626504936735,1.475,1.1714589989350372,3.3220338983050848
2024-06-19 19:00:00,19,58,3,16,38,0,1,7,29,2,31,2,53.53333333333333,564.0,4.0,9.39,145.0,5.388888888888889,823.4746136034732,7.343481693657962,1.45,0.7454739084132055,3.3448275862068964
2024-06-19 20:00:00,20,61,3,16,38,4,0,13,30,2,32,2,54.53333333333333,590.5,4.0,10.22,152.5,6.28125,848.9496136034732,9.216395848705526,1.525,1.2720156555772997,3.295081967213114
2024-06-19 21:00:00,21,64,3,18,40,3,0,9,31,4,35,4,55.53333333333333,640.0,4.0,10.22,160.0,10.65,902.9612272069464,8.255834148727985,1.6,0.8806262230919766,3.328125
2024-06-19 22:00:00,22,66,3,18,41,4,0,13,32,4,36,4,56.53333333333333,689.0,3.0,7.18,165.0,18.166666666666668,926.2912272069464,11.430416983202498,1.65,1.8105849582172704,3.303030303030303
2024-06-19 23:00:00,23,64,3,18,39,4,0,10,32,4,36,4,57.53333333333333,749.0,3.0,7.18,160.0,17.666666666666668,927.6412272069464,9.91350974930362,1.6,1.392757660167131,3.3125
2024-06-20 00:00:00,0,61,3,17,39,2,0,9,32,2,34,2,58.53333333333333,809.0,3.0,7.18,152.5,11.333333333333334,898.3096136034733,9.291972236175168,1.525,1.2534818941504178,3.344262295081968
2024-06-20 01:00:00,1,54,4,14,36,0,0,7,32,3,35,3,59.53333333333333,864.0,3.0,7.18,135.0,12.266666666666667,903.20292040521,7.921984937583823,1.35,0.9749303621169916,3.4074074074074074
2024-06-20 02:00:00,2,54,4,14,35,1,0,6,32,3,35,3,60.53333333333333,924.0,3.0,7.18,135.0,12.2,908.8429204052096,7.406940575673167,1.35,0.8356545961002786,3.388888888888889
2024-06-20 03:00:00,3,56,4,15,36,1,0,7,33,3,36,3,61.53333333333333,947.5,3.0,7.18,140.0,15.833333333333334,932.17292040521,8.057799442896934,1.4,0.9749303621169916,3.392857142857143
2024-06-20 04:00:00,4,54,4,17,33,0,0,5,34,4,38,4,62.53333333333333,970.0,3.0,7.18,135.0,31.166666666666668,961.1912272069465,7.086534096770866,1.35,0.6963788300835655,3.462962962962963
2024-06-20 05:00:00,5,54,4,16,34,0,0,1,34,4,38,4,63.53333333333333,1030.0,3.0,7.18,135.0,31.0,966.8312272069464,5.129727638502013,1.35,0.1392757660167131,3.4444444444444446
2024-06-20 06:00:00,6,53,4,16,33,0,0,2,34,4,38,4,64.53333333333333,1090.0,3.0,7.18,132.5,30.5,970.3262272069464,5.5367911389078674,1.325,0.2785515320334262,3.452830188679245
2024-06-20 07:00:00,7,52,3,15,34,0,0,2,34,2,36,2,65.53333333333333,1187.5,3.0,7.18,130.0,14.75,945.2846136034732,5.373146560959931,1.3,0.2785515320334262,3.4038461538461537
2024-06-20 08:00:00,8,50,3,15,32,0,0,3,34,3,37,3,66.53333333333333,1211.0,3.0,7.68,125.0,19.0,960.90292040521,5.6109375,1.25,0.390625,3.42
2024-06-20 09:00:00,9,52,3,17,32,0,0,7,34,3,37,3,67.53333333333333,1269.0,3.0,7.68,130.0,19.88888888888889,970.8329204052096,7.612520032051282,1.3,0.9114583333333334,3.4423076923076925
2024-06-20 10:00:00,10,53,3,17,33,0,0,5,35,3,38,3,68.53333333333333,1300.0,4.0,10.77,132.5,22.75,992.0179204052096,6.144225749373697,1.325,0.4642525533890436,3.4339622641509435
2024-06-20 11:00:00,11,54,3,15,36,0,0,10,31,2,33,2,69.53333333333333,1256.0,4.0,10.77,135.0,6.535714285714286,931.934613603473,7.7216006396368515,1.35,0.9285051067780872,3.388888888888889
2024-06-20 12:00:00,12,57,3,13,41,0,0,15,29,2,31,2,70.53333333333333,1077.0,4.0,10.77,142.5,5.277777777777778,917.2096136034731,9.392525533890437,1.425,1.392757660167131,3.333333333333333
2024-06-20 13:00:00,13,51,3,13,35,0,0,5,28,2,30,2,71.53333333333333,1210.0,4.0,10.77,127.5,4.3,896.5796136034731,5.865714493782656,1.275,0.4642525533890436,3.372549019607843
2024-06-20 14:00:00,14,43,3,12,28,0,0,7,26,2,28,2,64.33333333333333,1034.5,4.0,10.77,107.5,3.0625,812.0116136034733,5.89693431366198,1.075,0.6499535747446611,3.4186046511627906
2024-06-20 15:00:00,15,36,3,8,25,0,0,4,24,2,26,2,28.98333333333333,1094.5,4.0,10.77,90.0,2.1785714285714284,570.8226136034732,4.3086402558547405,0.9,0.3714020427112349,3.388888888888889
2024-06-20 16:00:00,16,38,3,9,26,0,0,9,27,2,29,2,29.98333333333333,1122.0,4.0,10.77,95.0,2.9318181818181817,620.9526136034733,6.061827444656209,0.95,0.8356545961002786,3.3947368421052637
2024-06-20 17:00:00,17,43,3,10,30,0,0,7,29,3,32,3,30.98333333333333,1064.5,4.0,10.77,107.5,4.53125,678.3859204052098,5.816703914836648,1.075,0.6499535747446611,3.372093023255814
2024-06-20 18:00:00,18,49,3,12,33,0,1,10,30,3,33,3,31.98333333333333,1032.0,4.0,10.77,122.5,5.821428571428571,710.2959204052098,7.163700661323025,1.225,0.9285051067780872,3.326530612244898
2024-06-20 19:00:00,19,47,3,11,33,0,0,6,31,2,33,2,32.983333333333334,1092.0,4.0,10.77,117.5,5.642857142857143,710.7776136034731,5.822814555799207,1.175,0.5571030640668524,3.3617021276595747
2024-06-20 20:00:00,20,57,3,13,38,3,0,15,31,2,33,2,33.983333333333334,1152.0,4.0,10.42,142.5,6.678571428571429,737.8676136034733,9.397699262551772,1.425,1.4395393474088292,3.280701754385965
2024-06-20 21:00:00,21,61,3,13,40,5,0,12,32,2,34,2,34.983333333333334,1143.5,4.0,10.42,152.5,8.208333333333334,765.4876136034732,8.644203297567728,1.525,1.151631477927063,3.2295081967213117
2024-06-20 22:00:00,22,64,4,14,44,2,0,16,33,2,35,2,35.983333333333334,1135.0,3.0,7.33,160.0,14.133333333333333,790.9626136034732,12.53055934515689,1.6,2.1828103683492497,3.3125
2024-06-20 23:00:00,23,63,4,12,43,4,0,14,31,3,34,3,36.98333333333333,1263.5,3.0,7.33,157.5,11.38888888888889,781.9259204052098,11.339946187661058,1.575,1.9099590723055933,3.253968253968254
2024-06-21 00:00:00,0,58,3,10,42,2,1,8,31,3,34,3,37.98333333333333,1323.5,3.0,7.33,145.0,10.333333333333334,776.8409204052099,8.150023521663453,1.45,1.0914051841746248,3.206896551724138
2024-06-21 01:00:00,1,54,3,10,39,1,1,6,31,3,34,3,38.98333333333333,1383.5,3.0,7.33,135.0,9.72222222222222,773.9009204052098,7.02772093375777,1.35,0.8185538881309686,3.240740740740741
2024-06-21 02:00:00,2,45,2,10,33,0,0,2,31,2,33,2,39.98333333333333,1375.0,3.0,7.33,112.5,7.095238095238095,745.9676136034732,4.628440958011217,1.125,0.2728512960436562,3.311111111111111
2024-06-21 03:00:00,3,39,2,8,29,0,0,1,31,1,32,1,40.98333333333333,1596.0,3.0,7.33,97.5,5.375,724.4693068017366,3.676254066533738,0.975,0.1364256480218281,3.3076923076923075
2024-06-21 04:00:00,4,40,3,8,29,0,0,2,32,1,33,1,41.98333333333333,1495.0,3.0,7.33,100.0,6.380952380952381,745.6543068017365,4.264051841746248,1.0,0.2728512960436562,3.35
2024-06-21 05:00:00,5,41,3,9,29,0,0,1,32,1,33,1,42.98333333333333,1555.0,3.0,7.33,102.5,6.571428571428571,753.4393068017366,3.909188766512495,1.025,0.1364256480218281,3.365853658536585
2024-06-21 06:00:00,6,43,3,8,32,0,0,4,32,1,33,1,43.98333333333333,1615.0,3.0,7.33,107.5,6.809523809523809,763.3693068017367,5.389778387639202,1.075,0.5457025920873124,3.3255813953488373
2024-06-21 07:00:00,7,42,3,7,32,0,0,2,32,1,33,1,44.98333333333333,1675.0,3.0,7.33,105.0,6.619047619047619,766.8643068017366,4.378007860715909,1.05,0.2728512960436562,3.3095238095238093
2024-06-21 08:00:00,8,46,3,7,36,0,0,8,33,1,34,1,45.98333333333333,1576.5,3.0,6.359999999999999,115.0,8.38888888888889,794.4843068017366,7.904067541700848,1.15,1.257861635220126,3.282608695652174
2024-06-21 09:00:00,9,52,3,8,39,2,0,7,33,1,34,1,46.98333333333333,1636.5,3.0,6.359999999999999,130.0,9.333333333333334,812.9943068017366,7.7558780841799715,1.3,1.1006289308176105,3.230769230769231
2024-06-21 10:00:00,10,56,3,10,38,5,0,11,34,1,35,1,47.98333333333333,1538.0,4.0,9.61,140.0,8.95,840.6143068017366,8.133763193102423,1.4,1.1446409989594173,3.196428571428572
2024-06-21 11:00:00,11,58,3,11,36,8,0,11,32,0,32,0,48.61666666666667,1400.0,4.0,9.61,145.0,5.71875,807.408,8.186539703613334,1.45,1.1446409989594173,3.155172413793104
2024-06-21 12:00:00,12,59,4,8,38,9,0,10,32,0,32,0,49.4,1205.5,4.0,9.61,147.5,5.75,813.971,7.84520714651052,1.475,1.040582726326743,3.1186440677966103
2024-06-21 13:00:00,13,61,5,10,39,7,0,9,35,0,35,0,50.4,1148.0,4.0,9.61,152.5,9.8,864.101,7.90916053973832,1.525,0.9365244536940688,3.2131147540983607
2024-06-21 14:00:00,14,58,4,10,35,9,0,12,28,0,28,0,42.016666666666666,1005.5,4.0,9.61,145.0,3.8125,716.5840000000001,8.51486149485091,1.45,1.2486992715920917,3.155172413793104
2024-06-21 15:00:00,15,58,4,9,36,9,0,7,26,0,26,0,41.7,580.0,4.0,9.61,145.0,3.25,687.998,6.835693781621156,1.45,0.7284079084287202,3.1379310344827585
2024-06-21 16:00:00,16,56,5,9,34,8,0,8,24,1,25,1,39.5,374.0,4.0,9.61,140.0,2.9833333333333334,658.7683068017366,7.135918685892672,1.4,0.8324661810613945,3.196428571428572
2024-06-21 17:00:00,17,57,5,9,36,6,1,9,25,1,26,1,40.5,420.0,4.0,9.61,142.5,3.25,679.9533068017366,7.540306150391588,1.425,0.9365244536940688,3.192982456140351
2024-06-21 18:00:00,18,56,5,9,36,5,1,9,27,1,28,1,38.91666666666666,448.5,4.0,9.61,140.0,3.75,695.6783068017365,7.510257172588078,1.4,0.9365244536940688,3.2142857142857144
2024-06-21 19:00:00,19,54,5,9,31,7,2,7,28,1,29,1,39.91666666666666,466.0,4.0,9.61,135.0,3.863636363636364,710.4283068017367,6.543136008016342,1.35,0.7284079084287202,3.1481481481481484
2024-06-21 20:00:00,20,48,6,7,27,7,1,9,25,1,26,1,40.91666666666666,492.5,4.0,9.93,120.0,2.75,662.9983068017366,6.75785498489426,1.2,0.9063444108761328,3.208333333333333
2024-06-21 21:00:00,21,50,6,8,28,8,0,10,24,3,27,3,41.91666666666666,459.0,4.0,9.93,125.0,3.1153846153846154,688.0649204052098,7.31283987915408,1.25,1.0070493454179257,3.24
2024-06-21 22:00:00,22,49,6,8,30,4,1,13,28,3,31,3,42.91666666666666,425.0,3.0,6.68,122.5,5.962962962962963,745.1599204052098,10.419354148845168,1.225,1.9461077844311376,3.2857142857142856
2024-06-21 23:00:00,23,58,5,8,35,10,0,17,29,3,32,3,43.91666666666666,465.5,3.0,6.68,145.0,7.583333333333333,783.5049204052098,12.535752632665702,1.45,2.5449101796407185,3.1379310344827585
2024-06-22 00:00:00,0,48,5,8,27,8,0,3,29,3,32,3,44.91666666666666,525.5,3.0,6.68,120.0,6.416666666666667,767.6949204052098,5.290868263473055,1.2,0.4491017964071856,3.208333333333333
2024-06-22 01:00:00,1,50,5,8,32,5,0,9,28,3,31,3,45.91666666666666,605.0,3.0,6.68,125.0,6.037037037037037,764.2249204052098,8.467215568862274,1.25,1.347305389221557,3.26
2024-06-22 02:00:00,2,50,5,9,29,7,0,4,29,2,31,2,46.91666666666666,665.0,3.0,6.68,125.0,6.0,768.9966136034732,5.990119760479042,1.25,0.5988023952095809,3.24
2024-06-22 03:00:00,3,50,5,11,30,4,0,5,29,2,31,2,47.91666666666666,725.0,3.0,6.68,125.0,6.185185185185185,774.6366136034733,6.675,1.25,0.7485029940119761,3.34
2024-06-22 04:00:00,4,48,5,11,28,4,0,3,29,2,31,2,48.91666666666666,785.0,3.0,6.68,120.0,5.962962962962963,775.9866136034733,5.531362275449101,1.2,0.4491017964071856,3.3541666666666665
2024-06-22 05:00:00,5,46,5,12,24,5,0,4,29,2,31,2,49.91666666666666,845.0,3.0,6.68,115.0,5.7407407407407405,777.3366136034732,5.892703722988805,1.15,0.5988023952095809,3.369565217391304
2024-06-22 06:00:00,6,48,5,14,25,4,0,5,30,2,32,2,50.91666666666666,885.5,3.0,6.68,120.0,6.833333333333333,800.6666136034731,6.6573852295409175,1.2,0.7485029940119761,3.4166666666666665
2024-06-22 07:00:00,7,51,5,15,27,4,0,5,33,2,35,2,51.91666666666666,840.0,3.0,6.68,127.5,11.6,852.9416136034731,6.9037160972173295,1.275,0.7485029940119761,3.411764705882353
2024-06-22 08:00:00,8,45,4,14,23,4,0,5,33,1,34,1,52.91666666666666,943.0,3.0,6.57,112.5,8.5,831.4433068017365,6.41251902587519,1.125,0.76103500761035,3.4
2024-06-22 09:00:00,9,47,5,15,22,5,0,9,30,3,33,3,53.91666666666666,897.0,3.0,6.57,117.5,7.666666666666667,829.7099204052097,8.71750947245701,1.175,1.36986301369863,3.425531914893617
2024-06-22 10:00:00,10,53,5,15,30,3,0,11,31,3,34,3,54.91666666666666,848.5,4.0,10.44,132.5,7.541666666666667,861.6199204052098,8.123279476613893,1.325,1.0536398467432948,3.4150943396226414
2024-06-22 11:00:00,11,62,5,15,37,5,0,13,33,3,36,3,55.91666666666666,802.0,4.0,10.44,155.0,12.875,913.36492040521,9.28731306389816,1.55,1.2452107279693485,3.3225806451612905
2024-06-22 12:00:00,12,59,4,13,36,6,0,11,31,3,34,3,56.91666666666666,614.5,4.0,10.44,147.5,8.0,885.7699204052099,8.228794077537504,1.475,1.0536398467432948,3.254237288135593
2024-06-22 13:00:00,13,56,3,14,33,5,1,10,29,3,32,3,57.91666666666666,393.0,4.0,10.44,140.0,5.65625,858.1749204052098,7.620922276956758,1.4,0.957854406130268,3.232142857142857
2024-06-22 14:00:00,14,52,3,14,31,4,0,6,27,3,30,3,58.91666666666666,387.5,4.0,10.44,130.0,4.3,828.4349204052098,6.200972590627763,1.3,0.5747126436781609,3.3076923076923075
2024-06-22 15:00:00,15,50,3,10,31,6,0,10,26,1,27,1,28.766666666666666,391.0,4.0,10.44,125.0,3.076923076923077,612.1623068017366,7.065134099616859,1.25,0.957854406130268,3.2
2024-06-22 16:00:00,16,47,2,8,33,3,1,13,25,0,25,0,29.183333333333334,335.0,4.0,10.44,117.5,2.466666666666667,580.409,7.621089100839652,1.175,1.2452107279693485,3.148936170212766
2024-06-22 17:00:00,17,45,2,9,30,4,0,11,27,0,27,0,30.183333333333334,389.0,4.0,10.44,112.5,2.769230769230769,608.559,6.971647509578543,1.125,1.0536398467432948,3.2
2024-06-22 18:00:00,18,51,3,10,34,4,0,13,25,2,27,2,31.183333333333334,414.0,4.0,10.44,127.5,3.173076923076923,628.8056136034733,8.153622943430245,1.275,1.2452107279693485,3.235294117647059
2024-06-22 19:00:00,19,49,3,10,31,5,0,5,25,2,27,2,32.18333333333333,474.0,4.0,10.44,122.5,3.0384615384615383,630.1556136034733,5.494295879271249,1.225,0.478927203065134,3.224489795918368
2024-06-22 20:00:00,20,48,3,11,30,3,1,12,24,2,26,2,33.18333333333333,528.5,4.0,10.65,120.0,2.7857142857142856,620.2506136034732,7.561971830985915,1.2,1.1267605633802815,3.25
2024-06-22 21:00:00,21,47,2,12,29,4,0,10,25,0,25,0,34.18333333333333,594.0,4.0,10.65,117.5,2.55,608.6089999999999,6.881637698531615,1.175,0.9389671361502347,3.25531914893617
2024-06-22 22:00:00,22,46,2,11,27,6,0,7,26,0,26,0,35.18333333333333,648.5,3.0,6.779999999999999,115.0,3.5,625.504,6.974345902270104,1.15,1.032448377581121,3.1956521739130435
2024-06-22 23:00:00,23,49,2,14,28,5,0,12,26,1,27,1,36.18333333333333,703.0,3.0,6.779999999999999,122.5,4.102564102564102,651.8473068017366,9.779302871591115,1.225,1.7699115044247788,3.26530612244898
2024-06-23 00:00:00,0,48,2,15,27,4,0,5,27,1,28,1,37.18333333333333,740.5,3.0,6.779999999999999,120.0,4.416666666666667,668.7423068017365,6.417846607669617,1.2,0.7374631268436579,3.3125
2024-06-23 01:00:00,1,45,2,14,25,4,0,2,27,1,28,1,38.18333333333333,800.5,3.0,6.779999999999999,112.5,4.138888888888889,667.9473068017365,4.701728941330711,1.125,0.2949852507374632,3.311111111111111
2024-06-23 02:00:00,2,46,3,14,26,3,0,6,29,1,30,1,39.18333333333333,777.5,3.0,6.779999999999999,115.0,5.166666666666667,702.5323068017366,6.856916121585225,1.15,0.8849557522123894,3.369565217391304
2024-06-23 03:00:00,3,49,4,15,27,3,0,5,29,3,32,3,40.18333333333333,763.5,3.0,6.779999999999999,122.5,6.958333333333333,743.1439204052099,6.688394738426344,1.225,0.7374631268436579,3.4081632653061225
2024-06-23 04:00:00,4,42,2,15,22,3,0,1,29,1,30,1,41.18333333333333,897.5,3.0,6.779999999999999,105.0,4.733333333333333,705.2323068017366,4.048665542913331,1.05,0.1474926253687316,3.380952380952381
2024-06-23 05:00:00,5,43,2,15,24,2,0,5,29,1,30,1,42.18333333333333,957.5,3.0,6.779999999999999,107.5,4.866666666666666,713.0173068017366,6.1539445702133495,1.075,0.7374631268436579,3.395348837209302
2024-06-23 06:00:00,6,44,2,14,25,3,0,3,29,1,30,1,43.18333333333333,1017.5,3.0,6.779999999999999,110.0,4.9,720.8023068017366,5.153278358809333,1.1,0.4424778761061947,3.340909090909091
2024-06-23 07:00:00,7,51,2,17,29,3,0,8,31,1,32,1,44.18333333333333,1003.5,3.0,6.779999999999999,127.5,7.125,768.2573068017366,8.231272774596565,1.275,1.1799410029498527,3.3529411764705883
2024-06-23 08:00:00,8,52,2,17,30,3,0,6,31,0,31,0,45.18333333333333,1077.0,3.0,6.63,130.0,6.444444444444445,761.774,7.378193525931083,1.3,0.9049773755656108,3.3461538461538463
2024-06-23 09:00:00,9,56,2,15,32,7,0,13,32,0,32,0,46.18333333333333,1123.5,3.0,6.63,140.0,7.5,789.394,10.802521008403362,1.4,1.9607843137254903,3.2142857142857144
2024-06-23 10:00:00,10,59,2,17,33,7,0,13,34,0,34,0,47.18333333333333,1146.5,4.0,10.33,147.5,7.958333333333333,828.269,8.8490315355965,1.475,1.2584704743465631,3.23728813559322
2024-06-23 11:00:00,11,73,2,16,46,9,0,22,38,0,38,0,48.18333333333333,1178.0,4.0,10.33,182.5,28.75,917.539,12.460074394303067,1.825,2.1297192642787994,3.150684931506849
2024-06-23 12:00:00,12,74,2,15,49,8,0,20,37,0,37,0,49.18333333333333,1240.0,4.0,10.33,185.0,19.416666666666668,911.924,11.921125166793123,1.85,1.936108422071636,3.1486486486486487
2024-06-23 13:00:00,13,74,2,15,50,7,0,7,38,0,38,0,50.18333333333333,1298.0,4.0,10.33,185.0,29.25,930.964,7.992801077941446,1.85,0.6776379477250726,3.1621621621621623
2024-06-23 14:00:00,14,75,2,14,52,7,0,15,37,0,37,0,51.18333333333333,1360.0,4.0,10.33,187.5,19.666666666666668,925.349,10.46921587608906,1.875,1.452081316553727,3.1466666666666665
2024-06-23 15:00:00,15,74,2,14,51,7,0,11,37,0,37,0,52.18333333333333,1420.0,4.0,10.33,185.0,19.416666666666668,928.844,9.17786884173622,1.85,1.0648596321393995,3.1486486486486487
2024-06-23 16:00:00,16,70,2,15,46,7,0,7,39,1,40,1,53.18333333333333,1461.0,4.0,10.33,175.0,55.5,966.9723068017364,7.699080348499515,1.75,0.6776379477250726,3.1714285714285717
2024-06-23 17:00:00,17,75,3,15,46,11,0,14,42,1,43,1,54.18333333333333,1467.0,4.0,10.33,187.5,58.75,1023.5373068017366,10.12153113907712,1.875,1.3552758954501452,3.1333333333333333
2024-06-23 18:00:00,18,67,3,14,38,11,1,11,44,1,45,1,55.18333333333333,1500.0,4.0,10.33,167.5,52.0,1038.8173068017363,8.505832887835748,1.675,1.0648596321393995,3.1044776119402986
2024-06-23 19:00:00,19,74,3,14,40,13,4,15,47,1,48,1,56.18333333333333,1174.0,4.0,10.33,185.0,55.25,1099.6723068017366,9.861621229167213,1.85,1.452081316553727,2.9864864864864864
2024-06-23 20:00:00,20,80,4,14,46,13,3,19,47,1,48,1,57.18333333333333,1131.0,4.0,10.99,200.0,60.75,1118.1823068017366,11.326364877161057,2.0,1.7288444040036397,3.0375
2024-06-23 21:00:00,21,75,3,15,44,12,1,7,47,1,48,1,58.18333333333333,1191.0,4.0,10.99,187.5,58.0,1113.0973068017363,7.770276008492568,1.875,0.6369426751592356,3.0933333333333333
2024-06-23 22:00:00,22,73,3,16,42,12,0,11,47,0,47,0,59.18333333333333,1259.0,3.0,7.29,182.5,76.33333333333333,1100.179,10.458449837457955,1.825,1.5089163237311385,3.136986301369863
2024-06-23 23:00:00,23,72,4,16,45,7,0,9,46,1,47,1,60.18333333333333,1319.0,3.0,7.29,180.0,77.66666666666667,1104.542306801737,9.82019890260631,1.8,1.2345679012345678,3.236111111111111
2024-06-24 00:00:00,0,71,4,16,44,7,0,7,46,1,47,1,61.18333333333333,1379.0,3.0,7.29,177.5,76.66666666666667,1108.0373068017366,8.860570142390696,1.775,0.9602194787379972,3.23943661971831
2024-06-24 01:00:00,1,67,4,17,39,7,0,3,48,1,49,1,62.18333333333333,1423.0,3.0,7.29,167.5,73.0,1131.8973068017367,6.820126220748112,1.675,0.411522633744856,3.2686567164179103
2024-06-24 02:00:00,2,65,4,18,36,7,0,5,48,1,49,1,63.18333333333333,1483.0,3.0,7.29,162.5,71.33333333333333,1133.2473068017366,7.608098554394851,1.625,0.6858710562414266,3.292307692307692
2024-06-24 03:00:00,3,63,4,17,34,8,0,3,47,1,48,1,64.18333333333334,1551.0,3.0,7.29,157.5,68.66666666666667,1121.1973068017369,6.495613691292704,1.575,0.411522633744856,3.2698412698412698
2024-06-24 04:00:00,4,70,4,19,38,9,0,9,48,1,49,1,65.18333333333334,1603.0,3.0,7.29,175.0,76.0,1155.2523068017367,9.721164021164022,1.75,1.2345679012345678,3.257142857142857
2024-06-24 05:00:00,5,70,4,18,39,9,0,3,49,0,49,0,66.18333333333334,1663.0,3.0,7.29,175.0,75.66666666666667,1160.024,7.0095091122868896,1.75,0.411522633744856,3.242857142857143
2024-06-24 06:00:00,6,71,4,18,40,9,0,4,49,0,49,0,67.18333333333334,1723.0,3.0,7.29,177.5,76.66666666666667,1167.809,7.527468652794683,1.775,0.5486968449931413,3.23943661971831
2024-06-24 07:00:00,7,70,4,19,41,6,0,3,49,0,49,0,68.18333333333334,1783.0,3.0,7.29,175.0,77.0,1171.304,7.133024691358024,1.75,0.411522633744856,3.3
2024-06-24 08:00:00,8,71,5,19,40,6,1,5,50,1,51,1,69.18333333333334,1518.0,3.0,7.13,177.5,78.0,1206.7573068017366,8.161202417873298,1.775,0.7012622720897616,3.295774647887324
2024-06-24 09:00:00,9,74,5,19,43,7,0,6,50,1,51,1,70.18333333333334,1490.0,3.0,7.13,185.0,81.33333333333333,1218.8323068017366,8.87472423334976,1.85,0.8415147265077139,3.2972972972972974
2024-06-24 10:00:00,10,75,5,18,45,7,0,9,51,1,52,1,71.18333333333334,1533.5,4.0,10.45,187.5,61.5,1240.0173068017366,8.974880382775119,1.875,0.861244019138756,3.28
2024-06-24 11:00:00,11,72,5,16,44,7,0,8,50,3,53,3,72.18333333333334,1519.0,4.0,10.45,180.0,58.75,1254.3589204052098,8.373670919723551,1.8,0.7655502392344498,3.263888888888889
2024-06-24 12:00:00,12,70,5,17,42,6,0,9,47,3,50,3,73.18333333333334,1431.0,4.0,10.45,175.0,57.75,1215.50892040521,8.617105263157894,1.75,0.861244019138756,3.3
2024-06-24 13:00:00,13,72,4,17,45,6,0,12,45,3,48,3,74.18333333333334,1372.0,4.0,10.45,180.0,58.75,1198.6389204052098,9.623006379585329,1.8,1.1483253588516746,3.263888888888889
2024-06-24 14:00:00,14,74,5,17,45,7,0,12,43,4,47,4,75.18333333333334,1289.0,4.0,10.45,185.0,60.5,1196.037227206947,9.805334281650072,1.85,1.1483253588516746,3.27027027027027
2024-06-24 15:00:00,15,72,5,17,45,5,0,8,43,4,47,4,76.18333333333334,1315.0,4.0,10.45,180.0,59.5,1197.3872272069466,8.48056884635832,1.8,0.7655502392344498,3.305555555555556
2024-06-24 16:00:00,16,62,5,13,40,4,0,1,40,3,43,3,53.71666666666667,1375.0,4.0,10.45,155.0,51.25,994.75692040521,5.441406852909401,1.55,0.0956937799043062,3.306451612903226
2024-06-24 17:00:00,17,61,5,13,38,5,0,6,40,3,43,3,54.71666666666667,1435.0,4.0,10.45,152.5,50.25,998.2519204052098,6.91691309122284,1.525,0.5741626794258373,3.295081967213114
2024-06-24 18:00:00,18,59,5,14,35,5,0,3,41,3,44,3,55.71666666666667,1489.0,4.0,10.45,147.5,49.0,1013.0019204052098,5.853693942097154,1.475,0.2870813397129186,3.3220338983050848
2024-06-24 19:00:00,19,62,4,17,35,5,1,8,41,3,44,3,55.9,1508.5,4.0,10.45,155.0,51.0,1020.4709204052097,7.618907238771417,1.55,0.7655502392344498,3.290322580645161
2024-06-24 20:00:00,20,65,4,17,35,9,0,13,42,2,44,2,53.5,1528.0,4.0,10.6,162.5,52.75,1012.5016136034732,9.256132075471696,1.625,1.2264150943396226,3.246153846153846
2024-06-24 21:00:00,21,77,3,17,46,10,1,16,44,1,45,1,54.5,1582.0,4.0,10.6,192.5,60.5,1056.4133068017368,10.793935309973048,1.925,1.509433962264151,3.142857142857143
2024-06-24 22:00:00,22,73,3,18,41,10,1,9,45,1,46,1,55.5,1616.0,3.0,7.28,182.5,77.0,1066.8733068017366,9.68701264488936,1.825,1.2362637362637363,3.164383561643836
2024-06-24 23:00:00,23,64,3,15,38,8,0,3,44,0,44,0,56.5,1604.0,3.0,7.28,160.0,68.33333333333333,1025.54,6.444969093406593,1.6,0.412087912087912,3.203125
2024-06-25 00:00:00,0,63,3,15,37,7,1,7,46,0,46,0,57.5,1497.5,3.0,7.28,157.5,67.0,1055.835,8.092765567765568,1.575,0.9615384615384616,3.1904761904761907
2024-06-25 01:00:00,1,64,3,15,38,8,0,4,47,0,47,0,58.5,1437.0,3.0,7.28,160.0,68.33333333333333,1077.02,6.884958791208791,1.6,0.5494505494505494,3.203125
2024-06-25 02:00:00,2,63,3,16,38,6,0,4,47,0,47,0,59.5,1497.0,3.0,7.28,157.5,68.33333333333333,1080.515,6.912894645037502,1.575,0.5494505494505494,3.253968253968254
2024-06-25 03:00:00,3,62,3,17,37,5,0,3,47,0,47,0,60.5,1557.0,3.0,7.28,155.0,68.0,1084.01,6.455902162353776,1.55,0.412087912087912,3.290322580645161
2024-06-25 04:00:00,4,61,3,16,38,4,0,7,49,0,49,0,61.5,1466.0,3.0,7.28,152.5,67.0,1114.305,8.193348045397224,1.525,0.9615384615384616,3.295081967213114
2024-06-25 05:00:00,5,64,3,16,39,6,0,6,48,0,48,0,62.5,1601.5,3.0,7.28,160.0,69.33333333333333,1112.98,7.87857142857143,1.6,0.8241758241758241,3.25
2024-06-25 06:00:00,6,65,3,15,43,4,0,4,48,0,48,0,63.5,1661.5,3.0,7.28,162.5,70.66666666666667,1120.765,7.092054099746407,1.625,0.5494505494505494,3.261538461538461
2024-06-25 07:00:00,7,62,3,14,41,4,0,2,48,0,48,0,64.5,1721.5,3.0,7.28,155.0,67.33333333333333,1119.97,5.945072669266218,1.55,0.2747252747252747,3.2580645161290325
2024-06-25 08:00:00,8,68,3,14,46,5,0,6,48,0,48,0,65.5,1781.5,3.0,8.120000000000001,170.0,73.0,1138.48,7.854745001448856,1.7,0.7389162561576353,3.2205882352941178
2024-06-25 09:00:00,9,70,3,14,49,4,0,4,48,0,48,0,66.5,1841.5,3.0,8.120000000000001,175.0,75.33333333333333,1148.41,7.240429275158339,1.75,0.4926108374384236,3.2285714285714286
2024-06-25 10:00:00,10,73,3,14,50,6,0,9,47,1,48,1,66.71666666666667,1458.5,4.0,11.21,182.5,58.25,1156.9353068017367,8.387535896276562,1.825,0.8028545941123996,3.191780821917808
2024-06-25 11:00:00,11,72,3,15,46,8,0,10,47,2,49,2,67.71666666666667,1432.0,4.0,11.21,180.0,57.25,1174.6986136034732,8.56224848845277,1.8,0.8920606601248884,3.180555555555556
2024-06-25 12:00:00,12,69,3,15,46,5,0,10,44,2,46,2,51.833333333333336,1391.0,4.0,11.21,172.5,55.75,1038.481613603473,8.458036626200727,1.725,0.8920606601248884,3.231884057971014
2024-06-25 13:00:00,13,73,3,14,51,5,0,10,46,2,48,2,52.43333333333333,1414.0,4.0,11.21,182.5,58.5,1077.2456136034732,8.709482116016764,1.825,0.8920606601248884,3.2054794520547945
2024-06-25 14:00:00,14,70,3,14,49,4,0,7,47,2,49,2,53.43333333333333,1466.0,4.0,11.21,175.0,56.5,1089.8506136034732,7.666057091882248,1.75,0.6244424620874219,3.2285714285714286
2024-06-25 15:00:00,15,62,3,15,43,1,0,7,45,2,47,2,53.31666666666667,1173.0,4.0,11.21,155.0,51.5,1045.2326136034733,7.224760438548532,1.55,0.6244424620874219,3.3225806451612905
2024-06-25 16:00:00,16,59,3,13,43,0,0,2,45,1,46,1,54.31666666666667,1196.0,4.0,11.21,147.5,49.0,1030.1693068017366,5.492691150455858,1.475,0.1784121320249777,3.3220338983050848
2024-06-25 17:00:00,17,60,3,13,42,2,0,4,44,1,45,1,55.31666666666667,1293.0,4.0,11.21,150.0,49.25,1024.5543068017366,6.096573000297353,1.5,0.3568242640499554,3.283333333333333
2024-06-25 18:00:00,18,57,3,13,41,0,0,5,44,1,45,1,56.31666666666667,1353.0,4.0,11.21,142.5,47.5,1023.7593068017366,6.236767766874815,1.425,0.4460303300624442,3.333333333333333
2024-06-25 19:00:00,19,56,3,12,40,0,1,6,46,0,46,0,57.31666666666667,1376.0,4.0,11.21,140.0,46.0,1039.786,6.358633872817637,1.4,0.535236396074933,3.2857142857142856
2024-06-25 20:00:00,20,55,3,12,39,0,1,7,46,1,47,1,58.31666666666667,1399.0,4.0,9.87,137.5,45.25,1057.5493068017367,6.8589780786589305,1.375,0.7092198581560284,3.290909090909091
2024-06-25 21:00:00,21,60,3,12,42,3,0,9,46,1,47,1,59.31666666666667,1459.0,4.0,9.87,150.0,48.75,1073.9143068017368,7.838525835866262,1.5,0.9118541033434652,3.25
2024-06-25 22:00:00,22,60,4,12,43,0,1,8,44,2,46,2,60.31666666666667,1512.5,3.0,6.779999999999999,150.0,66.0,1067.0226136034732,8.843805309734513,1.5,1.1799410029498527,3.3
2024-06-25 23:00:00,23,63,4,14,44,1,0,11,45,3,48,3,61.31666666666667,1553.5,3.0,6.779999999999999,157.5,70.0,1106.76592040521,10.658062930186825,1.575,1.6224188790560474,3.333333333333333
2024-06-26 00:00:00,0,60,3,13,44,0,0,7,45,2,47,2,62.31666666666667,1626.0,3.0,6.779999999999999,150.0,66.33333333333333,1091.7026136034733,8.399287118977385,1.5,1.032448377581121,3.316666666666667
2024-06-26 01:00:00,1,57,3,13,40,1,0,3,45,2,47,2,63.31666666666667,1686.0,3.0,6.779999999999999,142.5,63.0,1090.9076136034732,6.192163483931067,1.425,0.4424778761061947,3.3157894736842106
2024-06-26 02:00:00,2,57,3,13,40,1,0,5,45,1,46,1,64.31666666666666,1752.5,3.0,6.779999999999999,142.5,63.0,1082.2793068017363,7.1702724732184455,1.425,0.7374631268436579,3.3157894736842106
2024-06-26 03:00:00,3,56,3,14,39,0,0,3,45,1,46,1,65.31666666666666,1812.5,3.0,6.779999999999999,140.0,62.66666666666666,1085.7743068017369,6.185461441213653,1.4,0.4424778761061947,3.357142857142857
2024-06-26 04:00:00,4,58,4,13,41,0,0,4,47,1,48,1,66.31666666666666,1853.5,3.0,6.779999999999999,145.0,65.0,1122.504306801737,6.858521513579494,1.45,0.5899705014749264,3.362068965517241
2024-06-26 05:00:00,5,60,4,13,42,0,1,4,48,1,49,1,67.31666666666666,1901.0,3.0,6.779999999999999,150.0,66.33333333333333,1145.8343068017366,6.931735496558507,1.5,0.5899705014749264,3.316666666666667
2024-06-26 06:00:00,6,61,4,13,43,1,0,3,48,1,49,1,68.31666666666666,1961.0,3.0,6.779999999999999,152.5,67.66666666666667,1153.619306801737,6.547508341796025,1.525,0.4424778761061947,3.3278688524590163
2024-06-26 07:00:00,7,63,4,14,44,1,0,8,52,1,53,1,69.31666666666666,1890.0,3.0,6.779999999999999,157.5,70.0,1217.1493068017369,9.183136676499508,1.575,1.1799410029498527,3.333333333333333
2024-06-26 08:00:00,8,66,4,14,45,3,0,5,52,1,53,1,70.31666666666666,1950.0,3.0,6.38,165.0,72.33333333333333,1229.2243068017367,8.001707514011589,1.65,0.7836990595611285,3.287878787878788
2024-06-26 09:00:00,9,71,3,17,49,2,0,10,49,2,51,2,71.31666666666666,1784.0,3.0,6.38,177.5,78.0,1219.657613603473,11.015790984149412,1.775,1.567398119122257,3.295774647887324
2024-06-26 10:00:00,10,71,3,17,47,4,0,8,47,2,49,2,72.31666666666666,1496.0,4.0,9.63,177.5,58.0,1198.4976136034732,8.514521814166411,1.775,0.8307372793354103,3.267605633802817
2024-06-26 11:00:00,11,60,4,14,39,3,0,9,44,2,46,2,67.51666666666667,1461.0,4.0,9.63,150.0,49.75,1107.6306136034732,8.07468847352025,1.5,0.9345794392523366,3.316666666666667
2024-06-26 12:00:00,12,62,4,15,38,5,0,9,44,2,46,2,68.51666666666667,1511.5,4.0,9.63,155.0,51.0,1117.560613603473,8.175067832378657,1.55,0.9345794392523366,3.290322580645161
2024-06-26 13:00:00,13,56,4,15,34,3,0,6,42,2,44,2,69.51666666666667,1510.5,4.0,9.63,140.0,47.0,1083.5306136034733,6.791677792612372,1.4,0.6230529595015577,3.357142857142857
2024-06-26 14:00:00,14,61,3,15,41,2,0,11,41,2,43,2,60.95,1512.0,4.0,9.63,152.5,50.5,1032.5396136034733,8.832578349760823,1.525,1.142263759086189,3.3114754098360657
2024-06-26 15:00:00,15,58,2,13,40,3,0,5,39,1,40,1,61.95,1547.0,4.0,9.63,145.0,47.0,990.6763068017366,6.3829591434812185,1.45,0.5192107995846315,3.2413793103448274
2024-06-26 16:00:00,16,55,2,12,39,2,0,7,39,1,40,1,62.95,1566.0,4.0,9.63,137.5,44.75,989.8813068017366,6.840713206834701,1.375,0.726895119418484,3.2545454545454544
2024-06-26 17:00:00,17,54,2,12,38,2,0,6,39,0,39,0,63.95,1642.0,4.0,9.63,135.0,44.0,979.108,6.430691127264336,1.35,0.6230529595015577,3.259259259259259
2024-06-26 18:00:00,18,55,2,13,38,2,0,6,41,0,41,0,64.95,1670.0,4.0,9.63,137.5,45.0,1013.693,6.53908241291419,1.375,0.6230529595015577,3.272727272727273
2024-06-26 19:00:00,19,59,2,14,39,4,0,11,42,1,43,1,65.95,1691.0,4.0,9.63,147.5,47.75,1055.581306801737,8.472836915007832,1.475,1.142263759086189,3.23728813559322
2024-06-26 20:00:00,20,55,2,13,36,3,1,8,43,0,43,0,66.95,1276.0,4.0,10.07,137.5,44.25,1051.773,6.981648912160332,1.375,0.7944389275074478,3.2181818181818183
2024-06-26 21:00:00,21,59,2,14,39,4,0,8,43,0,43,0,67.95,1336.0,4.0,10.07,147.5,47.75,1065.9930000000002,7.346827714473263,1.475,0.7944389275074478,3.23728813559322
2024-06-26 22:00:00,22,56,2,13,37,4,0,8,43,0,43,0,68.95,1128.0,3.0,6.82,140.0,60.333333333333336,1065.198,8.316369920402177,1.4,1.1730205278592374,3.232142857142857
2024-06-26 23:00:00,23,56,2,12,38,4,0,12,42,0,42,0,69.95,1322.0,3.0,6.82,140.0,60.0,1057.438,10.155634687892752,1.4,1.7595307917888563,3.2142857142857144
2024-06-27 00:00:00,0,58,2,12,41,3,0,8,43,0,43,0,70.95,1248.0,3.0,6.82,145.0,62.333333333333336,1080.768,8.45697997775306,1.45,1.1730205278592374,3.2241379310344827
2024-06-27 01:00:00,1,55,3,12,39,1,0,6,43,0,43,0,71.95,1308.0,3.0,6.82,137.5,60.66666666666666,1079.973,7.461223673687017,1.375,0.8797653958944281,3.309090909090909
2024-06-27 02:00:00,2,56,3,12,40,1,0,4,44,0,44,0,72.95,1358.0,3.0,6.82,140.0,61.66666666666666,1101.158,6.562578550481775,1.4,0.5865102639296187,3.3035714285714284
2024-06-27 03:00:00,3,55,3,12,39,1,0,3,44,0,44,0,73.95,1418.0,3.0,6.82,137.5,60.66666666666666,1104.653,6.005611836843508,1.375,0.4398826979472141,3.309090909090909
2024-06-27 04:00:00,4,53,2,12,38,1,0,3,45,0,45,0,74.95,1468.0,3.0,6.82,132.5,58.0,1119.403,5.79414319703425,1.325,0.4398826979472141,3.2830188679245285
2024-06-27 05:00:00,5,55,2,12,40,1,0,4,46,0,46,0,75.95,1497.5,3.0,6.82,137.5,60.0,1142.733,6.419488136496934,1.375,0.5865102639296187,3.272727272727273
2024-06-27 06:00:00,6,57,2,12,41,2,0,4,46,0,46,0,76.95,1557.5,3.0,6.82,142.5,61.66666666666666,1152.663,6.528585944332973,1.425,0.5865102639296187,3.245614035087719
2024-06-27 07:00:00,7,53,2,12,38,1,0,1,46,0,46,0,77.95,1617.5,3.0,6.82,132.5,58.0,1149.723,4.831381065678084,1.325,0.1466275659824046,3.2830188679245285
2024-06-27 08:00:00,8,54,2,12,39,1,0,2,46,0,46,0,78.95,1677.5,3.0,7.73,135.0,59.0,1157.508,5.27306669541469,1.35,0.258732212160414,3.2777777777777777
2024-06-27 09:00:00,9,55,2,12,40,1,0,8,45,0,45,0,79.95,1387.0,3.0,7.73,137.5,60.0,1151.893,7.887039868281783,1.375,1.034928848641656,3.272727272727273
2024-06-27 10:00:00,10,66,2,13,49,2,0,16,47,0,47,0,80.95,1409.0,4.0,10.82,165.0,53.25,1207.928,10.09730717526466,1.65,1.478743068391867,3.227272727272727
2024-06-27 11:00:00,11,63,2,13,45,3,0,12,43,0,43,0,72.15,1422.0,4.0,10.82,157.5,50.75,1098.261,8.648629081947012,1.575,1.1090573012939002,3.2222222222222223
2024-06-27 12:00:00,12,68,2,13,50,3,0,14,45,1,46,1,73.15,1292.5,4.0,10.82,170.0,54.5,1155.6943068017367,9.598091769055126,1.7,1.2939001848428835,3.2058823529411766
2024-06-27 13:00:00,13,74,4,13,55,2,0,12,44,3,47,3,74.15,1100.0,4.0,10.82,185.0,60.25,1189.34092040521,9.636929859619324,1.85,1.1090573012939002,3.256756756756757
2024-06-27 14:00:00,14,65,4,11,48,2,0,4,41,3,44,3,75.15,1151.5,4.0,10.82,162.5,53.0,1135.4759204052098,6.505744348073368,1.625,0.3696857670979667,3.261538461538461
2024-06-27 15:00:00,15,62,3,11,44,4,0,10,37,2,39,2,63.5,1192.0,4.0,10.82,155.0,49.75,995.4666136034732,7.941430147278039,1.55,0.9242144177449167,3.2096774193548385
2024-06-27 16:00:00,16,57,4,10,39,3,1,11,33,2,35,2,53.88333333333333,879.0,4.0,10.82,142.5,9.2,876.9036136034733,7.881771897395985,1.425,1.0166358595194085,3.2280701754385963
2024-06-27 17:00:00,17,54,4,9,36,4,1,8,35,2,37,2,54.88333333333333,814.0,4.0,10.82,135.0,14.416666666666666,902.9086136034732,6.693727322516602,1.35,0.7393715341959335,3.203703703703704
2024-06-27 18:00:00,18,54,4,9,35,4,2,5,35,2,37,2,55.88333333333333,874.0,4.0,10.82,135.0,14.25,908.5486136034732,5.738339494762785,1.35,0.4621072088724584,3.1666666666666665
2024-06-27 19:00:00,19,51,4,8,34,4,1,3,34,2,36,2,56.88333333333333,759.0,4.0,10.82,127.5,10.1875,894.3536136034733,4.96115852995542,1.275,0.277264325323475,3.196078431372549
2024-06-27 20:00:00,20,53,3,8,37,4,1,9,32,2,34,2,57.88333333333333,1056.5,4.0,9.49,132.5,6.958333333333333,877.4836136034733,7.1632497962105095,1.325,0.9483667017913592,3.150943396226415
2024-06-27 21:00:00,21,52,3,9,35,4,1,9,31,2,33,2,58.88333333333333,1054.0,4.0,9.49,130.0,5.892857142857143,867.5786136034732,7.134240496068736,1.3,0.9483667017913592,3.173076923076923
2024-06-27 22:00:00,22,51,3,9,32,6,1,10,29,2,31,2,56.36666666666667,760.0,3.0,6.4,127.5,5.925925925925926,824.4396136034732,8.901960784313726,1.275,1.5625,3.1372549019607843
2024-06-27 23:00:00,23,52,3,11,30,6,2,12,29,2,31,2,57.36666666666667,820.0,3.0,6.4,130.0,6.037037037037037,832.2246136034732,9.952403846153846,1.3,1.875,3.1346153846153846
2024-06-28 00:00:00,0,54,4,11,30,8,1,10,32,2,34,2,58.36666666666667,848.0,3.0,6.4,135.0,9.5,882.3546136034732,9.222916666666666,1.35,1.5625,3.1666666666666665
2024-06-28 01:00:00,1,57,4,11,33,8,1,9,33,2,35,2,59.36666666666667,895.0,3.0,6.4,142.5,12.0,907.8296136034731,8.94078947368421,1.425,1.40625,3.1578947368421053
2024-06-28 02:00:00,2,58,4,12,35,6,1,7,35,2,37,2,60.36666666666667,934.0,3.0,6.4,145.0,20.666666666666668,942.4146136034732,8.157543103448276,1.45,1.09375,3.206896551724138
2024-06-28 03:00:00,3,55,5,11,34,4,1,4,35,2,37,2,61.36666666666667,994.0,3.0,6.4,137.5,20.0,941.6196136034732,6.545454545454546,1.375,0.625,3.272727272727273
2024-06-28 04:00:00,4,53,5,11,32,4,1,2,36,2,38,2,62.36666666666667,1053.0,3.0,6.4,132.5,29.0,956.3696136034732,5.375943396226416,1.325,0.3125,3.2830188679245285
2024-06-28 05:00:00,5,56,5,11,33,6,1,3,36,2,38,2,63.36666666666667,1113.0,3.0,6.4,140.0,30.166666666666668,968.4446136034732,6.040066964285714,1.4,0.46875,3.232142857142857
2024-06-28 06:00:00,6,56,5,10,36,4,1,4,36,2,38,2,64.36666666666666,1173.0,3.0,6.4,140.0,30.33333333333333,974.0846136034731,6.58125,1.4,0.625,3.25
2024-06-28 07:00:00,7,60,6,10,38,6,0,8,37,2,39,2,65.36666666666666,1232.0,3.0,6.4,150.0,65.33333333333333,1001.7046136034731,8.983333333333333,1.5,1.25,3.2666666666666666
2024-06-28 08:00:00,8,63,7,12,38,6,0,12,39,2,41,2,66.36666666666666,1229.0,3.0,6.57,157.5,69.66666666666667,1040.579613603473,11.284288251069071,1.575,1.82648401826484,3.3174603174603177
2024-06-28 09:00:00,9,69,8,14,42,5,0,9,38,3,41,3,67.36666666666666,1289.0,3.0,6.57,172.5,77.33333333333333,1059.9579204052095,10.405916219972204,1.725,1.36986301369863,3.36231884057971
2024-06-28 10:00:00,10,64,7,14,40,3,0,6,36,3,39,3,68.36666666666666,1312.0,4.0,9.91,160.0,54.25,1028.07292040521,7.477850655903128,1.6,0.6054490413723511,3.390625
2024-06-28 11:00:00,11,59,6,14,36,3,0,8,33,3,36,3,69.36666666666666,1349.5,4.0,9.91,147.5,12.5,982.7879204052098,7.73649284236091,1.475,0.8072653884964682,3.389830508474576
2024-06-28 12:00:00,12,48,6,10,32,0,0,4,25,3,28,3,41.333333333333336,1212.0,4.0,9.91,120.0,3.458333333333333,693.8849204052099,5.54589640094181,1.2,0.4036326942482341,3.458333333333333
2024-06-28 13:00:00,13,44,6,7,31,0,0,6,22,4,26,4,42.333333333333336,1234.5,4.0,9.91,110.0,2.696428571428572,665.0132272069465,5.852791028346023,1.1,0.6054490413723511,3.4318181818181817
2024-06-28 14:00:00,14,41,6,7,28,0,0,7,18,4,22,4,43.333333333333336,1089.5,4.0,9.91,102.5,1.9722222222222223,610.6182272069465,5.996407915138687,1.025,0.7063572149344097,3.463414634146341
2024-06-28 15:00:00,15,38,6,6,26,0,0,4,20,3,23,3,44.333333333333336,948.0,4.0,9.91,95.0,1.9411764705882355,622.3549204052098,4.702092516862288,0.95,0.4036326942482341,3.473684210526316
2024-06-28 16:00:00,16,33,6,6,21,0,0,7,18,2,20,2,45.333333333333336,741.0,4.0,9.91,82.5,1.4625,576.2016136034732,5.429357398403816,0.825,0.7063572149344097,3.5454545454545454
2024-06-28 17:00:00,17,34,6,6,22,0,0,7,18,2,20,2,46.333333333333336,801.0,4.0,9.91,85.0,1.5,583.9866136034732,5.493025464474386,0.85,0.7063572149344097,3.5294117647058822
2024-06-28 18:00:00,18,37,5,6,26,0,0,10,16,2,18,2,40.65,636.5,4.0,9.91,92.5,1.443181818181818,531.5676136034732,6.638604876319306,0.925,1.0090817356205852,3.4324324324324325
2024-06-28 19:00:00,19,37,4,4,29,0,0,11,16,1,17,1,41.65,660.0,4.0,9.91,92.5,1.3369565217391304,522.9393068017366,6.76496645485041,0.925,1.1099899091826435,3.324324324324324
2024-06-28 20:00:00,20,46,6,5,35,0,0,11,18,3,21,3,42.65,633.0,4.0,9.74,115.0,2.039473684210526,603.2209204052099,7.680463797875189,1.15,1.1293634496919918,3.369565217391304
2024-06-28 21:00:00,21,47,6,4,37,0,0,9,20,3,23,3,43.65,402.0,4.0,9.74,117.5,2.3088235294117645,637.8059204052098,7.011635501769409,1.175,0.924024640657084,3.3404255319148937
2024-06-28 22:00:00,22,43,7,4,30,2,0,12,19,4,23,4,44.65,462.0,3.0,6.4,107.5,2.843137254901961,635.7342272069463,9.947674418604652,1.075,1.875,3.372093023255814
2024-06-28 23:00:00,23,39,5,3,29,2,0,7,19,3,22,3,45.65,667.5,3.0,6.4,97.5,2.3703703703703702,618.5259204052097,6.78974358974359,0.975,1.09375,3.282051282051282
2024-06-29 00:00:00,0,36,4,4,28,0,0,7,19,3,22,3,46.65,727.5,3.0,6.4,90.0,2.2222222222222223,617.7309204052099,6.645833333333333,0.9,1.09375,3.333333333333333
2024-06-29 01:00:00,1,41,5,4,32,0,0,10,20,3,23,3,47.65,642.0,3.0,6.4,102.5,2.6862745098039214,647.4959204052097,8.646036585365852,1.025,1.5625,3.341463414634146
2024-06-29 02:00:00,2,37,5,5,27,0,0,2,20,3,23,3,48.65,702.0,3.0,6.4,92.5,2.4705882352941178,644.5559204052098,4.214189189189189,0.925,0.3125,3.4054054054054053
2024-06-29 03:00:00,3,36,5,6,25,0,0,5,21,2,23,2,49.65,762.0,3.0,6.4,90.0,2.431372549019608,647.1826136034731,5.790972222222222,0.9,0.78125,3.4444444444444446
2024-06-29 04:00:00,4,32,5,6,21,0,0,2,21,2,23,2,50.65,822.0,3.0,6.4,80.0,2.196078431372549,644.2426136034733,3.89375,0.8,0.3125,3.5
2024-06-29 05:00:00,5,36,5,6,24,1,0,6,24,2,26,2,51.65,819.5,3.0,6.4,90.0,2.9285714285714284,698.6626136034732,6.278124999999999,0.9,0.9375,3.4166666666666665
2024-06-29 06:00:00,6,35,5,6,23,1,0,3,25,2,27,2,52.65,843.0,3.0,6.4,87.5,3.076923076923077,715.5576136034732,4.607142857142857,0.875,0.46875,3.4285714285714284
2024-06-29 07:00:00,7,35,6,5,24,0,0,3,25,3,28,3,53.65,825.0,3.0,6.4,87.5,3.388888888888889,735.4659204052098,4.683928571428572,0.875,0.46875,3.4857142857142858
2024-06-29 08:00:00,8,35,6,3,26,0,0,7,26,1,27,1,54.65,963.0,3.0,6.55,87.5,3.076923076923077,725.9693068017366,6.66412213740458,0.875,1.068702290076336,3.4285714285714284
2024-06-29 09:00:00,9,32,6,4,22,0,0,3,25,1,26,1,44.11666666666667,945.0,3.0,6.55,80.0,2.6666666666666665,646.7263068017367,4.403053435114504,0.8,0.4580152671755725,3.5
2024-06-29 10:00:00,10,29,5,5,19,0,0,5,25,1,26,1,45.11666666666667,858.0,4.0,9.87,72.5,1.8214285714285716,645.9313068017367,4.331783880096427,0.725,0.5065856129685917,3.5172413793103448
2024-06-29 11:00:00,11,37,5,5,26,1,0,14,23,3,26,3,46.11666666666667,691.0,4.0,9.87,92.5,2.232142857142857,670.46792040521,7.917026068621814,0.925,1.4184397163120568,3.3783783783783785
2024-06-29 12:00:00,12,25,6,4,15,0,0,7,17,3,20,3,47.11666666666667,491.5,4.0,9.87,62.5,1.1375,569.9679204052098,4.856560283687944,0.625,0.7092198581560284,3.64
2024-06-29 13:00:00,13,28,4,5,18,1,0,11,14,4,18,4,37.86666666666667,147.5,4.0,9.87,70.0,1.0909090909090908,498.30122720694646,6.221102909248806,0.7,1.1144883485309018,3.4285714285714284
2024-06-29 14:00:00,14,26,2,5,18,1,0,8,10,5,15,5,16.95,157.0,4.0,9.87,65.0,0.86,336.709534008683,4.8310069363260855,0.65,0.8105369807497468,3.3076923076923075
2024-06-29 15:00:00,15,26,2,5,18,0,1,6,9,5,14,5,17.95,206.0,4.0,9.87,65.0,0.8173076923076923,328.94953400868303,4.11237432779986,0.65,0.6079027355623101,3.269230769230769
2024-06-29 16:00:00,16,34,1,7,26,0,0,18,11,3,14,3,7.516666666666667,200.5,4.0,9.87,85.0,1.0673076923076923,285.5289204052098,8.728870910066155,0.85,1.8237082066869303,3.264705882352941
2024-06-29 17:00:00,17,33,0,5,26,2,0,11,10,3,13,3,8.516666666666667,262.0,4.0,9.87,82.5,0.9444444444444444,275.62392040520984,5.994782168186424,0.825,1.1144883485309018,3.090909090909091
2024-06-29 18:00:00,18,26,0,5,20,1,0,8,9,2,11,2,9.516666666666667,322.0,4.0,9.87,65.0,0.7068965517241379,238.58061360347324,4.606308939287663,0.65,0.8105369807497468,3.1538461538461537
2024-06-29 19:00:00,19,31,0,4,27,0,0,13,10,2,12,2,10.516666666666667,353.0,4.0,9.87,77.5,0.8660714285714286,268.3456136034733,6.5463190835702845,0.775,1.3171225937183384,3.129032258064516
2024-06-29 20:00:00,20,28,0,6,21,1,0,11,9,2,11,2,11.516666666666667,384.0,4.0,10.53,70.0,0.7672413793103449,254.15061360347323,5.545444987111654,0.7,1.0446343779677114,3.1785714285714284
2024-06-29 21:00:00,21,32,0,7,25,0,0,15,12,1,13,1,10.1,335.0,4.0,10.53,80.0,0.9537037037037036,280.6723068017366,7.160113960113961,0.8,1.4245014245014247,3.21875
2024-06-29 22:00:00,22,32,0,6,24,2,0,12,15,0,15,0,11.1,182.0,3.0,7.21,80.0,1.3333333333333333,312.244,7.701109570041609,0.8,1.6643550624133148,3.125
2024-06-29 23:00:00,23,36,1,6,26,3,0,10,16,0,16,0,12.1,204.5,3.0,7.21,90.0,1.5694444444444444,339.86400000000003,7.178521343812607,0.9,1.3869625520110958,3.138888888888889
2024-06-30 00:00:00,0,38,1,9,27,1,0,11,17,0,17,0,13.1,227.0,3.0,7.21,95.0,1.7971014492753623,363.194,8.0784655814293,0.95,1.5256588072122053,3.263157894736842
2024-06-30 01:00:00,1,36,1,8,27,0,0,6,17,0,17,0,14.1,287.0,3.0,7.21,90.0,1.710144927536232,364.544,5.677693018955154,0.9,0.8321775312066574,3.2777777777777777
2024-06-30 02:00:00,2,33,1,8,24,0,0,2,17,0,17,0,15.1,347.0,3.0,7.21,82.5,1.579710144927536,363.749,3.6412358676921786,0.825,0.2773925104022191,3.303030303030303
2024-06-30 03:00:00,3,30,1,9,20,0,0,3,17,0,17,0,16.1,407.0,3.0,7.21,75.0,1.463768115942029,362.954,3.925832177531207,0.75,0.4160887656033287,3.3666666666666667
2024-06-30 04:00:00,4,29,1,7,21,0,0,2,17,0,17,0,17.1,467.0,3.0,7.21,72.5,1.391304347826087,366.449,3.318264862021139,0.725,0.2773925104022191,3.310344827586207
2024-06-30 05:00:00,5,26,1,8,17,0,0,1,18,0,18,0,18.1,521.0,3.0,7.21,65.0,1.3333333333333333,379.054,2.669433479142217,0.65,0.1386962552011095,3.3846153846153846
2024-06-30 06:00:00,6,30,2,8,20,0,0,5,19,1,20,1,19.1,567.0,3.0,7.21,75.0,1.7,420.9423068017366,4.907836338418863,0.75,0.6934812760055479,3.4
2024-06-30 07:00:00,7,28,2,8,17,1,0,2,19,1,20,1,20.1,627.0,3.0,7.21,70.0,1.5833333333333333,422.2923068017366,3.3161531602932435,0.7,0.2773925104022191,3.392857142857143
2024-06-30 08:00:00,8,35,2,8,24,1,0,10,20,1,21,1,21.1,679.0,3.0,7.76,87.5,2.0350877192982457,456.34730680173664,7.17098674521355,0.875,1.288659793814433,3.3142857142857145
2024-06-30 09:00:00,9,36,2,8,25,1,0,7,21,2,23,2,22.1,714.0,3.0,7.76,90.0,2.333333333333333,491.8006136034732,5.956815578465063,0.9,0.9020618556701032,3.305555555555556
2024-06-30 10:00:00,10,44,2,8,30,3,1,13,21,2,23,2,23.1,774.0,4.0,11.46,110.0,2.044117647058824,514.6006136034732,7.058610978898937,1.1,1.134380453752181,3.159090909090909
2024-06-30 11:00:00,11,54,1,8,33,8,4,19,22,1,23,1,24.1,834.0,4.0,11.46,135.0,2.294117647058824,540.8223068017365,8.689606360286989,1.35,1.6579406631762652,2.888888888888889
2024-06-30 12:00:00,12,47,1,7,29,8,2,13,22,1,23,1,25.1,868.0,4.0,11.46,117.5,2.0294117647058822,531.4473068017365,6.780734098251086,1.175,1.134380453752181,2.936170212765957
2024-06-30 13:00:00,13,49,1,7,28,7,6,13,22,2,24,2,26.1,907.0,4.0,11.46,122.5,2.140625,555.6456136034733,6.596635146205079,1.225,1.134380453752181,2.795918367346939
2024-06-30 14:00:00,14,42,1,8,28,3,2,9,22,1,23,1,27.1,969.0,4.0,11.46,105.0,1.897058823529412,532.0023068017366,5.637116679132386,1.05,0.7853403141361256,3.071428571428572
2024-06-30 15:00:00,15,42,1,7,26,5,3,12,23,0,23,0,28.1,1029.0,4.0,11.46,105.0,1.8235294117647056,536.774,6.191498379456495,1.05,1.0471204188481675,2.952380952380953
2024-06-30 16:00:00,16,33,1,6,25,1,0,8,23,0,23,0,29.1,1089.0,4.0,11.46,82.5,1.5588235294117647,523.109,4.8923184726849644,0.825,0.6980802792321117,3.212121212121212
2024-06-30 17:00:00,17,33,1,6,24,2,0,7,23,0,23,0,30.1,1149.0,4.0,11.46,82.5,1.5441176470588236,528.749,4.568518959225765,0.825,0.6108202443280977,3.1818181818181817
2024-06-30 18:00:00,18,35,1,7,23,3,1,13,23,0,23,0,31.1,1209.0,4.0,11.46,87.5,1.6029411764705883,538.679,6.257784841685365,0.875,1.134380453752181,3.1142857142857143
2024-06-30 19:00:00,19,40,1,9,27,3,0,18,24,0,24,0,32.1,1267.0,4.0,11.46,100.0,2.0,568.4440000000001,8.226178010471205,1.0,1.5706806282722512,3.2
2024-06-30 20:00:00,20,45,1,11,30,3,0,17,26,0,26,0,33.1,1316.0,4.0,10.61,112.5,2.5892857142857144,611.609,8.787844276887634,1.125,1.6022620169651274,3.2222222222222223
2024-06-30 21:00:00,21,49,2,10,34,3,0,15,26,1,27,1,34.1,1367.0,4.0,10.61,122.5,3.0384615384615383,640.0973068017366,8.508656638904384,1.225,1.413760603204524,3.224489795918368
2024-06-30 22:00:00,22,47,1,9,34,3,0,11,25,0,25,0,35.1,1445.0,3.0,6.91,117.5,3.311111111111111,613.779,8.771648397327338,1.175,1.5918958031837915,3.1702127659574466
2024-06-30 23:00:00,23,49,1,10,35,3,0,14,26,0,26,0,36.1,1496.0,3.0,6.91,122.5,3.7142857142857135,637.109,10.350279098614845,1.225,2.0260492040520983,3.183673469387755
