ts,hour,census,l1,l2,l3,l4,l5,arrivals,waitBed,waitICU,D_board,vent,maxLOS_h,awt_curr_min,Na,cap_sum,OCCUPANCY,EDWIN,NEDOCS,READI,READI_BR,READI_PR,READI_AR
2024-02-01 00:00:00,0,36,1,5,25,5,0,2,22,2,24,2,31.7,330.5,3.0,6.67,90.0,2.2916666666666665,559.3446136034732,3.6662085623854734,0.9,0.2998500749625187,3.055555555555556
2024-02-01 01:00:00,1,34,1,5,24,4,0,3,22,2,24,2,32.7,390.5,3.0,6.67,85.0,2.1875,560.6946136034733,4.01401137666461,0.85,0.4497751124437781,3.088235294117647
2024-02-01 02:00:00,2,34,1,5,25,3,0,3,23,2,25,2,33.7,444.0,3.0,6.67,85.0,2.355555555555556,579.7346136034732,4.052240056442368,0.85,0.4497751124437781,3.117647058823529
2024-02-01 03:00:00,3,36,2,5,26,3,0,9,23,4,27,4,34.7,500.0,3.0,6.67,90.0,2.923076923076923,618.2012272069464,7.122863568215891,0.9,1.3493253373313343,3.1666666666666665
2024-02-01 04:00:00,4,34,2,5,24,3,0,3,24,3,27,3,35.7,560.0,3.0,6.67,85.0,2.769230769230769,618.6829204052099,4.128697415997883,0.85,0.4497751124437781,3.176470588235294
2024-02-01 05:00:00,5,35,2,5,25,3,0,5,24,3,27,3,36.7,620.0,3.0,6.67,87.5,2.8461538461538463,626.4679204052098,5.152382737202827,0.875,0.7496251874062969,3.1714285714285717
2024-02-01 06:00:00,6,36,2,5,26,3,0,3,25,3,28,3,37.7,677.5,3.0,6.67,90.0,3.1666666666666665,647.6529204052099,4.274287856071964,0.9,0.4497751124437781,3.1666666666666665
2024-02-01 07:00:00,7,39,2,6,27,4,0,6,25,3,28,3,38.7,674.0,3.0,6.67,97.5,3.4166666666666665,659.7279204052098,5.912043016953062,0.975,0.8995502248875562,3.1538461538461537
2024-02-01 08:00:00,8,37,1,8,25,3,0,5,25,3,28,3,39.7,734.0,3.0,6.58,92.5,3.2777777777777777,661.0779204052099,5.373396040417316,0.925,0.7598784194528875,3.189189189189189
2024-02-01 09:00:00,9,35,1,8,22,4,0,2,21,3,24,3,40.7,857.5,3.0,6.58,87.5,2.3125,608.8279204052099,3.738960052105949,0.875,0.303951367781155,3.1714285714285717
2024-02-01 10:00:00,10,31,1,7,19,4,0,3,18,3,21,3,41.7,915.0,4.0,9.67,77.5,1.2894736842105263,565.6879204052099,3.4307519097975114,0.775,0.3102378490175801,3.161290322580645
2024-02-01 11:00:00,11,30,0,6,20,4,0,7,15,4,19,4,42.7,760.0,4.0,9.67,75.0,1.0952380952380951,543.2512272069464,4.519924164081352,0.75,0.7238883143743536,3.066666666666667
2024-02-01 12:00:00,12,27,0,6,18,3,0,7,16,3,19,3,43.7,820.0,4.0,9.67,67.5,1.0,541.5879204052098,4.352096978053544,0.675,0.7238883143743536,3.111111111111111
2024-02-01 13:00:00,13,26,0,6,17,3,0,4,15,2,17,2,44.7,880.0,4.0,9.67,65.0,0.8804347826086957,517.4146136034733,3.313680295919179,0.65,0.4136504653567735,3.1153846153846154
2024-02-01 14:00:00,14,35,1,5,25,4,0,13,14,4,18,4,45.7,575.0,4.0,9.67,87.5,1.2272727272727273,557.4962272069465,6.848323238292215,0.875,1.344364012409514,3.085714285714286
2024-02-01 15:00:00,15,27,1,3,21,2,0,1,9,4,13,4,46.55,248.0,4.0,9.67,67.5,0.7777777777777778,478.1302272069464,2.4217281397219352,0.675,0.1034126163391933,3.111111111111111
2024-02-01 16:00:00,16,26,0,3,22,1,0,9,6,3,9,3,47.55,281.0,4.0,9.67,65.0,0.6451612903225806,427.1569204052098,4.863733990931509,0.65,0.9307135470527405,3.076923076923077
2024-02-01 17:00:00,17,28,0,3,23,1,1,6,6,3,9,3,48.55,341.0,4.0,9.67,70.0,0.6774193548387096,437.08692040520975,3.961427094105481,0.7,0.6204756980351603,3.0
2024-02-01 18:00:00,18,24,0,2,20,2,0,6,8,3,11,3,49.55,293.0,4.0,9.67,60.0,0.6206896551724138,460.9469204052098,3.661427094105481,0.6,0.6204756980351603,3.0
2024-02-01 19:00:00,19,25,0,3,19,3,0,6,9,3,12,3,50.55,341.5,4.0,9.67,62.5,0.6696428571428571,482.1319204052098,3.7364270941054807,0.625,0.6204756980351603,3.0
2024-02-01 20:00:00,20,24,0,3,19,2,0,9,7,3,10,3,51.55,467.0,4.0,9.45,60.0,0.6083333333333333,458.82692040520976,4.7218253968253965,0.6,0.9523809523809524,3.0416666666666665
2024-02-01 21:00:00,21,32,1,4,25,2,0,15,11,4,15,4,52.55,215.0,4.0,9.45,80.0,1.0,549.4952272069464,7.460317460317461,0.8,1.5873015873015874,3.125
2024-02-01 22:00:00,22,37,1,5,28,3,0,9,13,4,17,4,53.55,119.0,3.0,6.359999999999999,92.5,1.6666666666666667,592.6602272069465,7.273266190719021,0.925,1.4150943396226416,3.108108108108108
2024-02-01 23:00:00,23,39,2,5,29,3,0,11,14,4,18,4,54.55,173.0,3.0,6.359999999999999,97.5,1.8636363636363635,615.9902272069464,8.529765360425737,0.975,1.729559748427673,3.1538461538461537
2024-02-02 00:00:00,0,35,1,5,26,3,0,4,15,3,18,3,55.55,233.0,3.0,6.359999999999999,87.5,1.6515151515151516,612.1819204052099,4.6836702605570535,0.875,0.628930817610063,3.1142857142857143
2024-02-02 01:00:00,1,33,1,5,24,3,0,4,15,3,18,3,56.55,293.0,3.0,6.359999999999999,82.5,1.5606060606060606,613.5319204052098,4.538026491328378,0.825,0.628930817610063,3.121212121212121
2024-02-02 02:00:00,2,29,1,5,21,2,0,2,15,2,17,2,57.55,347.0,3.0,6.359999999999999,72.5,1.3333333333333333,596.3236136034732,3.2976144003469967,0.725,0.3144654088050315,3.1724137931034484
2024-02-02 03:00:00,3,24,1,6,15,2,0,2,16,2,18,2,58.55,406.0,3.0,6.359999999999999,60.0,1.181818181818182,604.6386136034732,2.9720125786163525,0.6,0.3144654088050315,3.25
2024-02-02 04:00:00,4,26,1,6,17,2,0,3,16,2,18,2,59.55,466.0,3.0,6.359999999999999,65.0,1.2727272727272727,614.5686136034732,3.623947750362845,0.65,0.4716981132075472,3.230769230769231
2024-02-02 05:00:00,5,26,1,6,17,2,0,2,16,2,18,2,60.55,526.0,3.0,6.359999999999999,65.0,1.2727272727272727,620.2086136034732,3.1159651669085635,0.65,0.3144654088050315,3.230769230769231
2024-02-02 06:00:00,6,25,1,7,15,2,0,2,17,2,19,2,61.55,585.0,3.0,6.359999999999999,62.5,1.3015873015873016,637.1036136034731,3.081446540880503,0.625,0.3144654088050315,3.28
2024-02-02 07:00:00,7,26,1,8,14,3,0,4,17,2,19,2,62.55,645.0,3.0,6.359999999999999,65.0,1.3492063492063493,644.8886136034732,4.181119980648283,0.65,0.628930817610063,3.269230769230769
2024-02-02 08:00:00,8,26,1,7,14,4,0,2,17,2,19,2,63.55,705.0,3.0,8.120000000000001,65.0,1.3174603174603174,650.5286136034731,2.861282682834408,0.65,0.2463054187192118,3.1923076923076925
2024-02-02 09:00:00,9,26,2,6,17,1,0,8,15,2,17,2,64.55,746.0,3.0,8.120000000000001,65.0,1.2608695652173914,629.3686136034732,5.471703296703297,0.65,0.9852216748768472,3.3461538461538463
2024-02-02 10:00:00,10,30,2,6,21,1,0,12,19,1,20,1,65.55,179.0,4.0,11.37,75.0,1.2375,682.9203068017366,5.957849604221636,0.75,1.0554089709762533,3.3
2024-02-02 11:00:00,11,32,2,6,23,1,0,8,19,1,20,1,66.55,152.0,4.0,11.37,80.0,1.3125,692.8503068017366,4.933707124010554,0.8,0.7036059806508355,3.28125
2024-02-02 12:00:00,12,29,2,8,19,0,0,9,15,1,16,1,25.133333333333333,171.5,4.0,11.37,72.5,1.03125,399.22530680173656,5.177210899827131,0.725,0.7915567282321899,3.413793103448276
2024-02-02 13:00:00,13,27,1,9,17,0,0,7,13,1,14,1,26.133333333333333,224.5,4.0,11.37,67.5,0.8846153846153846,373.77530680173663,4.397788201570084,0.675,0.615655233069481,3.4074074074074074
2024-02-02 14:00:00,14,30,2,7,19,2,0,12,10,1,11,1,27.133333333333333,242.0,4.0,11.37,75.0,0.853448275862069,345.6503068017366,5.957849604221636,0.75,1.0554089709762533,3.3
2024-02-02 15:00:00,15,33,5,10,17,1,0,14,13,2,15,2,28.133333333333333,75.0,4.0,11.37,82.5,1.18,412.1936136034732,7.352867727405985,0.825,1.231310466138962,3.575757575757576
2024-02-02 16:00:00,16,39,7,7,24,1,0,12,13,2,15,2,29.133333333333333,96.0,4.0,11.37,97.5,1.37,430.7036136034732,7.132462282660171,0.975,1.0554089709762533,3.5128205128205128
2024-02-02 17:00:00,17,47,6,6,28,7,0,13,16,2,18,2,30.133333333333333,137.0,4.0,11.37,117.5,1.7272727272727273,493.7036136034733,7.497673983420348,1.175,1.1433597185576077,3.234042553191489
2024-02-02 18:00:00,18,40,5,6,25,4,0,9,19,2,21,2,31.133333333333333,187.0,4.0,11.37,100.0,1.736842105263158,524.5286136034732,5.9121372031662265,1.0,0.7915567282321899,3.3
2024-02-02 19:00:00,19,37,3,4,26,4,0,9,14,2,16,2,32.13333333333333,233.5,4.0,11.37,92.5,1.21875,456.73361360347326,5.428030735220709,0.925,0.7915567282321899,3.1621621621621623
2024-02-02 20:00:00,20,38,2,3,28,5,0,13,12,2,14,2,33.13333333333333,229.0,4.0,9.65,95.0,1.1153846153846154,437.7186136034732,7.012353422416143,0.95,1.3471502590673574,3.0526315789473686
2024-02-02 21:00:00,21,47,4,3,31,9,0,16,13,3,16,3,34.13333333333333,205.0,4.0,9.65,117.5,1.4895833333333333,490.3319204052098,8.61964777863521,1.175,1.6580310880829014,3.042553191489361
2024-02-02 22:00:00,22,49,4,4,27,14,0,12,11,4,15,4,35.13333333333333,174.0,3.0,6.4,122.5,1.9333333333333331,487.7302272069464,9.173469387755102,1.225,1.875,2.959183673469388
2024-02-02 23:00:00,23,33,3,1,20,9,0,6,9,3,12,3,36.13333333333333,182.0,3.0,6.4,82.5,1.1547619047619049,417.98192040520985,5.180681818181818,0.825,0.9375,2.9393939393939394
2024-02-03 00:00:00,0,31,2,2,20,7,0,7,11,2,13,2,37.13333333333333,225.0,3.0,6.4,77.5,1.1358024691358024,431.86361360347325,5.545967741935484,0.775,1.09375,2.967741935483871
2024-02-03 01:00:00,1,33,2,2,23,6,0,9,12,2,14,2,38.13333333333333,283.5,3.0,6.4,82.5,1.2692307692307692,455.1936136034732,6.6937500000000005,0.825,1.40625,3.0
2024-02-03 02:00:00,2,28,1,2,21,4,0,4,13,1,14,1,39.13333333333333,343.5,3.0,6.4,70.0,1.0769230769230769,449.2403068017366,3.975,0.7,0.625,3.0
2024-02-03 03:00:00,3,27,1,2,21,3,0,2,14,1,15,1,40.13333333333333,402.0,3.0,6.4,67.5,1.0933333333333333,466.1353068017366,2.9990740740740742,0.675,0.3125,3.037037037037037
2024-02-03 04:00:00,4,25,1,2,19,3,0,1,13,1,14,1,41.13333333333333,463.5,3.0,6.4,62.5,0.9743589743589745,454.0853068017366,2.375,0.625,0.15625,3.04
2024-02-03 05:00:00,5,24,1,2,18,3,0,1,13,1,14,1,42.13333333333333,523.5,3.0,6.4,60.0,0.935897435897436,457.5803068017366,2.3002604166666667,0.6,0.15625,3.0416666666666665
2024-02-03 06:00:00,6,25,1,2,18,4,0,3,13,1,14,1,43.13333333333333,583.5,3.0,6.4,62.5,0.9615384615384616,465.3653068017366,3.28125,0.625,0.46875,3.0
2024-02-03 07:00:00,7,25,1,2,18,4,0,1,13,1,14,1,44.13333333333333,643.5,3.0,6.4,62.5,0.9615384615384616,471.0053068017366,2.34375,0.625,0.15625,3.0
2024-02-03 08:00:00,8,30,2,2,22,4,0,6,14,1,15,1,45.13333333333333,702.0,3.0,7.78,75.0,1.2266666666666666,500.77030680173664,4.665038560411311,0.75,0.7712082262210797,3.066666666666667
2024-02-03 09:00:00,9,30,1,1,24,4,0,5,16,1,17,1,46.13333333333333,746.0,3.0,7.78,75.0,1.289855072463768,533.2103068017366,4.131598114824336,0.75,0.6426735218508998,2.966666666666667
2024-02-03 10:00:00,10,38,1,2,30,5,0,13,20,1,21,1,47.13333333333333,606.0,4.0,11.48,95.0,1.486842105263158,609.6103068017367,6.192412433522832,0.95,1.132404181184669,2.973684210526316
2024-02-03 11:00:00,11,35,2,1,28,4,0,9,19,1,20,1,48.13333333333333,148.5,4.0,11.48,87.5,1.325,595.4153068017366,5.024315579890493,0.875,0.7839721254355401,3.0285714285714285
2024-02-03 12:00:00,12,31,2,1,25,2,1,10,15,2,17,2,49.13333333333333,152.0,4.0,11.48,77.5,1.0217391304347827,553.1436136034732,4.9913397774530734,0.775,0.8710801393728222,3.032258064516129
2024-02-03 13:00:00,13,25,2,2,18,3,0,6,14,2,16,2,50.13333333333333,153.0,4.0,11.48,62.5,0.8125,532.5136136034732,3.580662020905924,0.625,0.5226480836236934,3.12
2024-02-03 14:00:00,14,24,2,2,16,4,0,6,13,2,15,2,51.13333333333333,200.0,4.0,11.48,60.0,0.74,522.6086136034733,3.4614982578397213,0.6,0.5226480836236934,3.083333333333333
2024-02-03 15:00:00,15,25,1,2,21,0,1,14,9,2,11,2,52.13333333333333,124.0,4.0,11.48,62.5,0.6637931034482759,476.7936136034732,5.681097560975609,0.625,1.2195121951219512,3.08
2024-02-03 16:00:00,16,23,1,4,17,1,0,11,9,1,10,1,26.866666666666667,136.5,4.0,11.48,57.49999999999999,0.6166666666666667,315.7313068017366,4.932866232389032,0.575,0.9581881533101044,3.217391304347826
2024-02-03 17:00:00,17,20,1,4,15,0,0,4,9,1,10,1,27.866666666666667,196.5,4.0,11.48,50.0,0.55,314.93630680173663,2.799825783972125,0.5,0.3484320557491289,3.3
2024-02-03 18:00:00,18,25,1,5,17,2,0,13,9,1,10,1,28.866666666666667,243.0,4.0,11.48,62.5,0.6666666666666666,331.3013068017366,5.623693379790941,0.625,1.132404181184669,3.2
2024-02-03 19:00:00,19,24,1,3,15,5,0,9,10,0,10,0,29.866666666666667,199.5,4.0,11.48,60.0,0.6,333.928,4.1519163763066205,0.6,0.7839721254355401,3.0
2024-02-03 20:00:00,20,20,1,3,14,2,0,13,8,0,8,0,30.866666666666667,259.5,4.0,10.35,50.0,0.4921875,304.188,5.531521739130434,0.5,1.256038647342995,3.15
2024-02-03 21:00:00,21,25,1,3,19,2,0,14,10,0,10,0,31.866666666666667,179.0,4.0,10.35,62.5,0.65,347.35299999999995,6.170289855072463,0.625,1.3526570048309177,3.12
2024-02-03 22:00:00,22,19,1,3,14,1,0,7,11,0,11,0,32.86666666666667,77.0,3.0,6.65,47.5,0.7011494252873564,353.523,4.904501385041551,0.475,1.0526315789473684,3.210526315789474
2024-02-03 23:00:00,23,20,0,2,17,1,0,10,10,0,10,0,33.86666666666667,131.5,3.0,6.65,50.0,0.6777777777777778,347.908,6.111466165413534,0.5,1.5037593984962403,3.05
2024-02-04 00:00:00,0,22,0,1,19,2,0,11,11,0,11,0,34.86666666666667,172.0,3.0,6.65,55.00000000000001,0.7471264367816092,371.238,6.512218045112782,0.55,1.6541353383458646,2.9545454545454546
2024-02-04 01:00:00,1,23,0,3,19,1,0,8,12,0,12,0,35.86666666666667,217.0,3.0,6.65,57.49999999999999,0.8452380952380952,392.423,5.488631905851585,0.575,1.2030075187969924,3.0869565217391304
2024-02-04 02:00:00,2,30,0,5,23,2,0,8,13,0,13,0,36.86666666666667,262.0,3.0,6.65,75.0,1.148148148148148,426.478,6.054323308270677,0.75,1.2030075187969924,3.1
2024-02-04 03:00:00,3,30,0,4,24,2,0,6,17,0,17,0,37.86666666666667,304.0,3.0,6.65,75.0,1.3333333333333333,485.718,5.066917293233083,0.75,0.9022556390977444,3.066666666666667
2024-02-04 04:00:00,4,25,1,4,19,1,0,2,17,1,18,1,38.86666666666667,307.0,3.0,6.65,62.5,1.2121212121212122,494.9013068017366,2.962406015037594,0.625,0.3007518796992481,3.2
2024-02-04 05:00:00,5,27,1,4,21,1,0,3,18,1,19,1,39.86666666666667,310.0,3.0,6.65,67.5,1.3650793650793651,518.2313068017365,3.586925647451963,0.675,0.4511278195488721,3.185185185185185
2024-02-04 06:00:00,6,28,0,6,21,1,0,5,18,0,18,0,40.86666666666667,427.0,3.0,6.65,70.0,1.3484848484848484,511.7480000000001,4.614903329752953,0.7,0.7518796992481203,3.1785714285714284
2024-02-04 07:00:00,7,32,0,7,24,1,0,7,18,0,18,0,41.86666666666667,487.0,3.0,6.65,80.0,1.5454545454545454,525.9680000000001,5.905263157894737,0.8,1.0526315789473684,3.1875
2024-02-04 08:00:00,8,38,0,8,28,2,0,8,20,0,20,0,42.86666666666667,486.0,3.0,7.2,95.0,2.0,571.278,6.508771929824561,0.95,1.1111111111111112,3.1578947368421053
2024-02-04 09:00:00,9,34,0,7,23,4,0,7,17,0,17,0,43.86666666666667,523.0,3.0,7.2,85.0,1.5217391304347827,528.138,5.627450980392157,0.85,0.9722222222222222,3.088235294117647
2024-02-04 10:00:00,10,31,0,7,19,5,0,11,17,0,17,0,44.86666666666667,427.0,4.0,11.11,77.5,1.0326086956521738,527.3430000000001,5.409174385180454,0.775,0.9900990099009902,3.064516129032258
2024-02-04 11:00:00,11,24,0,4,16,4,0,9,12,1,13,1,45.86666666666667,185.0,4.0,11.11,60.0,0.6666666666666666,465.2363068017367,4.23024302430243,0.6,0.8100810081008101,3.0
2024-02-04 12:00:00,12,23,0,4,11,8,0,12,8,1,9,1,46.86666666666667,143.0,4.0,11.11,57.49999999999999,0.5241935483870968,415.1313068017366,4.677479160959575,0.575,1.08010801080108,2.8260869565217392
2024-02-04 13:00:00,13,28,1,5,15,7,0,13,10,2,12,2,47.86666666666667,82.0,4.0,11.11,70.0,0.75,472.5646136034732,5.61035103510351,0.7,1.17011701170117,3.0
2024-02-04 14:00:00,14,27,2,5,11,9,0,11,10,2,12,2,48.86666666666667,127.5,4.0,11.11,67.5,0.7232142857142857,476.0596136034732,4.995297029702972,0.675,0.9900990099009902,3.0
2024-02-04 15:00:00,15,34,2,8,12,12,0,15,13,1,14,1,49.86666666666667,145.5,4.0,11.11,85.0,0.9807692307692308,522.6463068017365,6.60040504050405,0.85,1.35013501350135,3.0
2024-02-04 16:00:00,16,41,2,7,17,15,0,16,13,1,14,1,50.86666666666667,179.5,4.0,11.11,102.5,1.1442307692307692,543.3013068017366,7.1549301881407645,1.025,1.44014401440144,2.902439024390244
2024-02-04 17:00:00,17,46,2,8,25,11,0,20,14,1,15,1,51.86666666666667,228.0,4.0,11.11,115.0,1.39,573.0663068017366,8.91467440222283,1.15,1.8001800180018002,3.0217391304347827
2024-02-04 18:00:00,18,50,2,8,29,11,0,18,17,1,18,1,52.86666666666667,253.5,4.0,11.11,125.0,1.7159090909090908,627.4863068017366,8.667889288928892,1.25,1.62016201620162,3.02
2024-02-04 19:00:00,19,44,2,7,23,12,0,12,17,1,18,1,53.86666666666667,279.5,4.0,11.11,110.0,1.4886363636363635,620.2563068017366,6.490776123066852,1.1,1.08010801080108,2.977272727272727
2024-02-04 20:00:00,20,44,2,5,27,10,0,12,19,1,20,1,54.86666666666667,319.5,4.0,12.3,110.0,1.6375,652.6963068017366,6.179656319290466,1.1,0.975609756097561,2.977272727272727
2024-02-04 21:00:00,21,42,2,8,22,10,0,15,20,2,22,2,55.86666666666667,319.0,4.0,12.3,105.0,1.7777777777777777,681.7146136034733,6.916608594657375,1.05,1.2195121951219512,3.0476190476190474
2024-02-04 22:00:00,22,49,2,9,24,12,2,19,21,2,23,2,56.86666666666667,350.0,3.0,8.39,122.5,2.823529411764706,715.7696136034733,10.255153122035466,1.225,2.264600715137068,2.938775510204082
2024-02-04 23:00:00,23,42,2,8,23,9,0,8,22,3,25,3,57.86666666666667,349.0,3.0,8.39,105.0,2.8666666666666667,734.0629204052098,6.15365656393666,1.05,0.9535160905840284,3.071428571428572
2024-02-05 00:00:00,0,34,2,7,19,6,0,8,22,2,24,2,58.86666666666667,400.5,3.0,8.39,85.0,2.2291666666666665,708.2746136034732,5.675771226249736,0.85,0.9535160905840284,3.147058823529412
2024-02-05 01:00:00,1,39,2,7,21,9,0,9,22,2,24,2,59.86666666666667,460.5,3.0,8.39,97.5,2.4791666666666665,724.6396136034732,6.248127349408636,0.975,1.072705601907032,3.051282051282051
2024-02-05 02:00:00,2,36,3,8,19,6,0,5,22,3,25,3,60.86666666666667,512.0,3.0,8.39,90.0,2.577777777777778,738.1129204052098,4.820275460203947,0.9,0.5959475566150179,3.2222222222222223
2024-02-05 03:00:00,3,37,3,8,22,4,0,3,22,3,25,3,61.86666666666667,572.0,3.0,8.39,92.5,2.688888888888889,745.8979204052098,4.1943457462229805,0.925,0.3575685339690107,3.27027027027027
2024-02-05 04:00:00,4,37,3,7,23,4,0,6,23,3,26,3,62.86666666666667,628.0,3.0,8.39,92.5,2.857142857142857,764.9379204052099,5.319363463582773,0.925,0.7151370679380215,3.2432432432432434
2024-02-05 05:00:00,5,35,2,7,22,4,0,3,23,2,25,2,63.86666666666667,692.0,3.0,8.39,87.5,2.488888888888889,752.0196136034732,3.944219308700834,0.875,0.3575685339690107,3.2
2024-02-05 06:00:00,6,33,2,7,20,4,0,1,23,2,25,2,64.86666666666666,752.0,3.0,8.39,82.5,2.355555555555556,753.3696136034732,3.032851157582981,0.825,0.1191895113230035,3.212121212121212
2024-02-05 07:00:00,7,34,2,8,20,4,0,5,26,2,28,2,65.86666666666666,782.5,3.0,8.39,85.0,3.055555555555556,801.3546136034731,4.678065624342705,0.85,0.5959475566150179,3.235294117647059
2024-02-05 08:00:00,8,35,2,8,21,4,0,6,26,2,28,2,66.86666666666666,842.5,3.0,6.57,87.5,3.138888888888889,809.1396136034732,5.773467058056099,0.875,0.91324200913242,3.2285714285714286
2024-02-05 09:00:00,9,34,2,8,22,2,0,6,24,3,27,3,67.86666666666666,871.0,3.0,6.57,85.0,2.871794871794872,800.1029204052097,5.80832661831856,0.85,0.91324200913242,3.294117647058824
2024-02-05 10:00:00,10,44,2,8,32,2,0,14,23,3,26,3,68.86666666666666,899.0,4.0,10.27,110.0,2.5357142857142856,813.7929204052098,7.949398070284145,1.1,1.3631937682570594,3.227272727272727
2024-02-05 11:00:00,11,49,2,10,36,1,0,11,25,4,29,4,69.86666666666666,888.0,4.0,10.27,122.5,3.636363636363636,871.2262272069464,7.497406752379628,1.225,1.071080817916261,3.26530612244898
2024-02-05 12:00:00,12,45,1,10,33,1,0,7,23,4,27,4,70.86666666666666,891.0,4.0,10.27,112.5,2.8076923076923075,841.4862272069463,5.861403224061452,1.125,0.6815968841285297,3.2444444444444445
2024-02-05 13:00:00,13,46,1,10,32,3,0,12,20,4,24,4,71.86666666666666,863.0,4.0,10.27,115.0,2.296875,809.0712272069463,7.408965539138901,1.15,1.1684518013631937,3.1956521739130435
2024-02-05 14:00:00,14,33,0,9,22,2,0,6,16,4,20,4,25.666666666666668,364.5,4.0,10.27,82.5,1.325,467.0182272069465,4.526604408249978,0.825,0.5842259006815969,3.212121212121212
2024-02-05 15:00:00,15,35,0,6,27,2,0,9,15,3,18,3,26.666666666666668,338.0,4.0,10.27,87.5,1.2386363636363635,449.27992040520985,5.454169564612602,0.875,0.8763388510223954,3.1142857142857143
2024-02-05 16:00:00,16,35,0,6,27,2,0,10,13,3,16,3,27.666666666666668,298.5,4.0,10.27,87.5,1.1354166666666667,428.1199204052099,5.757410627347337,0.875,0.973709834469328,3.1142857142857143
2024-02-05 17:00:00,17,36,0,6,27,3,0,10,15,4,19,4,28.666666666666668,193.0,4.0,10.27,90.0,1.3214285714285714,476.9732272069464,5.777271989613762,0.9,0.973709834469328,3.083333333333333
2024-02-05 18:00:00,18,29,0,4,22,3,0,4,14,4,18,4,29.666666666666668,224.0,4.0,10.27,72.5,1.0,454.19822720694646,3.3818822818386325,0.725,0.3894839337877313,3.034482758620689
2024-02-05 19:00:00,19,29,0,4,21,3,1,7,14,4,18,4,30.666666666666668,228.0,4.0,10.27,72.5,0.9772727272727272,459.8382272069465,4.171287311553571,0.725,0.6815968841285297,2.9655172413793105
2024-02-05 20:00:00,20,25,0,3,19,2,1,9,10,4,14,4,31.666666666666668,277.0,4.0,12.09,62.5,0.7115384615384616,403.2982272069464,4.053473945409429,0.625,0.7444168734491315,2.96
2024-02-05 21:00:00,21,26,0,2,20,3,1,10,9,3,12,3,32.666666666666664,317.5,4.0,12.09,65.0,0.6696428571428571,383.4149204052098,4.260951517465165,0.65,0.8271298593879239,2.8846153846153846
2024-02-05 22:00:00,22,20,0,2,15,2,1,3,7,3,10,3,33.666666666666664,270.0,3.0,8.39,50.0,0.6444444444444445,349.3849204052098,2.4869487485101307,0.5,0.3575685339690107,2.9
2024-02-05 23:00:00,23,26,0,3,20,2,1,10,11,3,14,3,34.666666666666664,181.0,3.0,8.39,65.0,0.9871794871794872,421.4949204052098,5.45484321995049,0.65,1.1918951132300355,2.9615384615384617
2024-02-06 00:00:00,0,25,0,2,16,6,1,10,10,2,12,2,35.666666666666664,241.0,3.0,8.39,62.5,0.8214285714285714,397.3216136034732,5.014630512514898,0.625,1.1918951132300355,2.76
2024-02-06 01:00:00,1,21,0,2,16,2,1,6,10,2,12,2,36.66666666666666,301.0,3.0,8.39,52.5,0.7261904761904762,394.3816136034732,3.602302911629491,0.525,0.7151370679380215,2.9047619047619047
2024-02-06 02:00:00,2,19,0,2,15,1,1,3,10,2,12,2,37.66666666666666,361.0,3.0,8.39,47.5,0.6666666666666666,395.7316136034732,2.453886205382348,0.475,0.3575685339690107,2.9473684210526314
2024-02-06 03:00:00,3,17,0,2,13,1,1,0,10,2,12,2,38.66666666666666,421.0,3.0,8.39,42.5,0.5952380952380952,397.0816136034732,1.25,0.425,0.0,2.9411764705882355
2024-02-06 04:00:00,4,18,0,2,14,1,1,2,10,2,12,2,39.66666666666666,481.0,3.0,8.39,45.0,0.6309523809523809,404.8666136034732,2.0268937889021323,0.45,0.2383790226460071,2.9444444444444446
2024-02-06 05:00:00,5,19,0,2,13,3,1,3,10,3,13,3,40.66666666666666,533.0,3.0,8.39,47.5,0.6666666666666666,426.9199204052098,2.366247412332978,0.475,0.3575685339690107,2.8421052631578947
2024-02-06 06:00:00,6,23,0,2,17,3,1,5,12,3,15,3,41.66666666666666,574.0,3.0,8.39,57.49999999999999,0.88,467.9399204052098,3.36011037985179,0.575,0.5959475566150179,2.869565217391304
2024-02-06 07:00:00,7,23,0,2,18,2,1,7,12,3,15,3,42.66666666666666,634.0,3.0,8.39,57.49999999999999,0.8933333333333333,473.5799204052098,4.10542960045603,0.575,0.8343265792610249,2.9130434782608696
2024-02-06 08:00:00,8,27,1,3,20,2,1,7,12,3,15,3,43.66666666666666,694.0,3.0,7.0,67.5,1.0933333333333333,487.7999204052098,5.087037037037037,0.675,1.0,3.037037037037037
2024-02-06 09:00:00,9,30,2,3,23,2,0,9,9,4,13,4,44.66666666666666,644.0,3.0,7.0,75.0,1.1728395061728396,473.9432272069464,6.44642857142857,0.75,1.2857142857142858,3.1666666666666665
2024-02-06 10:00:00,10,33,2,5,23,3,0,12,9,5,14,5,23.366666666666667,506.0,4.0,10.32,82.5,1.0096153846153846,374.5145340086831,6.3247885835095135,0.825,1.162790697674419,3.1818181818181817
2024-02-06 11:00:00,11,36,3,6,25,2,0,7,9,5,14,5,24.366666666666667,319.5,4.0,10.32,90.0,1.1346153846153846,386.5895340086831,5.173298880275624,0.9,0.6782945736434108,3.2777777777777777
2024-02-06 12:00:00,12,33,3,4,24,2,0,8,9,5,14,5,25.366666666666667,140.5,4.0,10.32,82.5,1.0288461538461535,385.7945340086831,5.1885071646699545,0.825,0.7751937984496123,3.242424242424242
2024-02-06 13:00:00,13,31,3,4,23,1,0,6,9,5,14,5,26.366666666666667,179.0,4.0,10.32,77.5,0.9807692307692308,387.1445340086831,4.462978244561141,0.775,0.5813953488372093,3.290322580645161
2024-02-06 14:00:00,14,34,3,4,25,2,0,9,9,5,14,5,27.366666666666667,239.0,4.0,10.32,85.0,1.0576923076923077,399.219534008683,5.571477428180574,0.85,0.872093023255814,3.235294117647059
2024-02-06 15:00:00,15,42,3,4,34,1,0,13,10,4,14,4,28.366666666666667,258.5,4.0,10.32,105.0,1.2980769230769231,421.1512272069464,7.4240033222591375,1.05,1.2596899224806202,3.2142857142857144
2024-02-06 16:00:00,16,45,2,5,37,1,0,12,10,2,12,2,11.433333333333334,290.5,4.0,10.32,112.5,1.2767857142857142,303.5456136034732,7.270090439276486,1.125,1.162790697674419,3.1777777777777776
2024-02-06 17:00:00,17,42,2,5,32,2,1,9,14,2,16,2,12.433333333333334,311.0,4.0,10.32,105.0,1.3645833333333333,356.3506136034732,5.995099667774086,1.05,0.872093023255814,3.119047619047619
2024-02-06 18:00:00,18,34,2,4,26,1,1,6,17,2,19,2,13.433333333333334,338.0,4.0,10.32,85.0,1.2738095238095235,385.0306136034732,4.5046853625171,0.85,0.5813953488372093,3.147058823529412
2024-02-06 19:00:00,19,34,2,3,26,3,0,7,19,2,21,2,14.433333333333334,345.0,4.0,10.32,85.0,1.394736842105263,417.4706136034732,4.764683082535339,0.85,0.6782945736434108,3.117647058823529
2024-02-06 20:00:00,20,38,2,4,31,1,0,9,20,2,22,2,15.433333333333334,364.5,4.0,12.27,95.0,1.6805555555555556,445.0906136034732,5.360606743018916,0.95,0.7334963325183373,3.1842105263157894
2024-02-06 21:00:00,21,47,3,6,36,2,0,12,20,3,23,3,16.433333333333334,384.0,4.0,12.27,117.5,2.2205882352941178,484.30392040520985,6.917069396035998,1.175,0.9779951100244496,3.2127659574468086
2024-02-06 22:00:00,22,44,3,5,29,7,0,11,21,3,24,3,17.433333333333334,386.0,3.0,8.950000000000001,110.0,2.833333333333333,496.9089204052098,7.198882681564245,1.1,1.2290502793296088,3.090909090909091
2024-02-06 23:00:00,23,45,3,6,27,9,0,11,20,3,23,3,18.433333333333334,504.0,3.0,8.950000000000001,112.5,2.7058823529411766,491.2939204052098,7.219087523277468,1.125,1.2290502793296088,3.066666666666667
2024-02-07 00:00:00,0,45,4,6,27,8,0,7,20,3,23,3,19.433333333333334,564.0,3.0,8.950000000000001,112.5,2.764705882352941,496.93392040520985,5.975651769087523,1.125,0.7821229050279329,3.1333333333333333
2024-02-07 01:00:00,1,43,5,6,26,6,0,5,20,3,23,3,20.433333333333334,624.0,3.0,8.950000000000001,107.5,2.7254901960784315,498.2839204052098,5.280898401974794,1.075,0.5586592178770949,3.232558139534884
2024-02-07 02:00:00,2,38,5,7,24,2,0,5,21,2,23,2,21.433333333333334,684.0,3.0,8.950000000000001,95.0,2.5294117647058822,492.3306136034733,5.121501029109085,0.95,0.5586592178770949,3.3947368421052637
2024-02-07 03:00:00,3,36,4,6,24,2,0,3,21,2,23,2,22.433333333333334,744.0,3.0,8.950000000000001,90.0,2.3529411764705883,493.6806136034732,4.11731843575419,0.9,0.3351955307262569,3.333333333333333
2024-02-07 04:00:00,4,38,4,6,26,2,0,5,21,2,23,2,23.433333333333334,804.0,3.0,8.950000000000001,95.0,2.4705882352941178,503.6106136034732,5.002396354013525,0.95,0.5586592178770949,3.3157894736842106
2024-02-07 05:00:00,5,32,4,6,20,2,0,1,21,2,23,2,24.433333333333334,864.0,3.0,8.950000000000001,80.0,2.117647058823529,496.3806136034732,3.077094972067039,0.8,0.1117318435754189,3.375
2024-02-07 06:00:00,6,33,4,6,21,2,0,1,21,2,23,2,25.433333333333334,924.0,3.0,8.950000000000001,82.5,2.176470588235294,504.1656136034732,3.150825292026409,0.825,0.1117318435754189,3.363636363636364
2024-02-07 07:00:00,7,34,4,6,22,2,0,1,21,2,23,2,26.433333333333334,984.0,3.0,8.950000000000001,85.0,2.235294117647059,511.95061360347313,3.2246302990469933,0.85,0.1117318435754189,3.3529411764705883
2024-02-07 08:00:00,8,34,4,7,21,2,0,3,21,3,24,3,27.433333333333334,986.0,3.0,6.91,85.0,2.395833333333333,531.8589204052098,4.343460032348685,0.85,0.4341534008683068,3.3823529411764706
2024-02-07 09:00:00,9,36,4,7,20,5,0,6,18,3,21,3,28.433333333333334,1104.0,3.0,6.91,90.0,2.0701754385964914,501.58892040520993,5.796116739025567,0.9,0.8683068017366136,3.2777777777777777
2024-02-07 10:00:00,10,37,4,6,22,5,0,8,16,3,19,3,29.433333333333334,1245.0,4.0,10.61,92.5,1.4285714285714286,482.5739204052098,5.4454237460835015,0.925,0.7540056550424129,3.2432432432432434
2024-02-07 11:00:00,11,38,4,6,23,5,0,8,17,3,20,3,30.433333333333334,1206.5,4.0,10.61,95.0,1.5375,503.7589204052099,5.51559725184781,0.95,0.7540056550424129,3.236842105263158
2024-02-07 12:00:00,12,39,5,6,22,6,0,8,19,3,22,3,31.433333333333334,1159.0,4.0,10.61,97.5,1.7638888888888888,538.3439204052098,5.630351748471447,0.975,0.7540056550424129,3.2564102564102564
2024-02-07 13:00:00,13,40,5,6,24,5,0,8,17,2,19,2,28.85,1181.0,4.0,10.61,100.0,1.5595238095238095,484.8506136034732,5.744368520263903,1.0,0.7540056550424129,3.275
2024-02-07 14:00:00,14,38,4,5,24,5,0,8,15,3,18,3,29.85,711.5,4.0,10.61,95.0,1.3863636363636365,473.6689204052098,5.470754997767747,0.95,0.7540056550424129,3.210526315789474
2024-02-07 15:00:00,15,29,4,5,16,4,0,4,13,2,15,2,30.85,238.0,4.0,10.61,72.5,0.96,418.93561360347326,3.6480093600702,0.725,0.3770028275212064,3.310344827586207
2024-02-07 16:00:00,16,26,3,4,16,3,0,6,11,1,12,1,23.466666666666665,228.5,4.0,10.61,65.0,0.7589285714285714,329.7903068017366,3.973763865728993,0.65,0.5655042412818096,3.269230769230769
2024-02-07 17:00:00,17,25,3,4,14,4,0,6,12,1,13,1,24.466666666666665,277.0,4.0,10.61,62.5,0.75,346.6853068017366,3.8572337417530633,0.625,0.5655042412818096,3.24
2024-02-07 18:00:00,18,24,3,4,13,4,0,10,13,0,13,0,25.466666666666665,189.0,4.0,10.61,60.0,0.7222222222222222,349.312,5.013147973609802,0.6,0.942507068803016,3.25
2024-02-07 19:00:00,19,33,3,3,22,3,2,15,16,0,16,0,26.466666666666665,143.5,4.0,10.61,82.5,1.0520833333333333,414.457,6.851964270413846,0.825,1.413760603204524,3.060606060606061
2024-02-07 20:00:00,20,31,2,4,21,2,2,11,15,1,16,1,27.466666666666665,161.0,4.0,13.1,77.5,0.9895833333333334,416.6753068017366,4.948257818271362,0.775,0.8396946564885496,3.064516129032258
2024-02-07 21:00:00,21,30,2,4,20,2,2,5,14,1,15,1,28.466666666666665,224.0,4.0,13.1,75.0,0.92,406.77030680173664,3.4704834605597967,0.75,0.381679389312977,3.066666666666667
2024-02-07 22:00:00,22,25,3,5,15,1,1,8,10,2,12,2,29.466666666666665,259.0,3.0,9.4,62.5,0.988095238095238,362.35361360347326,4.900531914893617,0.625,0.851063829787234,3.32
2024-02-07 23:00:00,23,27,3,2,19,2,1,8,8,2,10,2,30.466666666666665,319.0,3.0,9.4,67.5,0.9444444444444444,345.4836136034732,4.804275019700553,0.675,0.851063829787234,3.1481481481481484
2024-02-08 00:00:00,0,24,3,3,15,2,1,7,8,2,10,2,31.466666666666665,379.0,3.0,9.4,60.0,0.8555555555555555,344.6886136034732,4.31418439716312,0.6,0.7446808510638298,3.208333333333333
2024-02-08 01:00:00,1,20,3,2,13,1,1,4,8,2,10,2,32.46666666666667,439.0,3.0,9.4,50.0,0.7222222222222222,341.74861360347325,3.007978723404255,0.5,0.425531914893617,3.25
2024-02-08 02:00:00,2,23,3,4,14,1,1,9,8,2,10,2,33.46666666666667,499.0,3.0,9.4,57.49999999999999,0.8444444444444444,353.82361360347323,5.063737280296022,0.575,0.9574468085106382,3.3043478260869565
2024-02-08 03:00:00,3,22,3,3,11,4,1,3,8,2,10,2,34.46666666666667,559.0,3.0,9.4,55.00000000000001,0.7666666666666667,357.31861360347324,2.7259671179883944,0.55,0.3191489361702127,3.136363636363636
2024-02-08 04:00:00,4,21,3,3,12,2,1,1,8,2,10,2,35.46666666666667,619.0,3.0,9.4,52.5,0.7555555555555555,360.8136136034733,2.0444782168186424,0.525,0.1063829787234042,3.238095238095238
2024-02-08 05:00:00,5,21,3,2,14,1,1,4,8,2,10,2,36.46666666666667,679.0,3.0,9.4,52.5,0.7555555555555555,366.4536136034732,3.07791286727457,0.525,0.425531914893617,3.238095238095238
2024-02-08 06:00:00,6,21,3,2,14,1,1,2,8,2,10,2,37.46666666666667,739.0,3.0,9.4,52.5,0.7555555555555555,372.0936136034733,2.3889564336372846,0.525,0.2127659574468085,3.238095238095238
2024-02-08 07:00:00,7,19,2,3,12,1,1,4,10,1,11,1,38.46666666666667,780.0,3.0,9.4,47.5,0.7011494252873564,385.9753068017366,2.8911814109742444,0.475,0.425531914893617,3.210526315789474
2024-02-08 08:00:00,8,24,2,4,16,1,1,6,10,1,11,1,39.46666666666667,840.0,3.0,6.6,60.0,0.8850574712643678,402.3403068017366,4.841666666666668,0.6,0.9090909090909092,3.208333333333333
2024-02-08 09:00:00,9,30,2,5,21,2,0,8,12,1,13,1,40.46666666666667,885.0,3.0,6.6,75.0,1.1975308641975309,447.65030680173663,6.344191919191919,0.75,1.2121212121212122,3.2333333333333334
2024-02-08 10:00:00,10,32,2,3,24,3,0,9,12,1,13,1,41.46666666666667,889.0,4.0,9.85,80.0,0.925925925925926,457.5803068017366,5.355329949238579,0.8,0.9137055837563453,3.125
2024-02-08 11:00:00,11,38,3,4,26,5,0,10,16,1,17,1,42.46666666666667,278.0,4.0,9.85,95.0,1.2934782608695652,529.6903068017366,6.154267966871494,0.95,1.015228426395939,3.131578947368421
2024-02-08 12:00:00,12,38,2,5,28,2,1,9,16,2,18,2,43.46666666666667,271.0,4.0,9.85,95.0,1.3522727272727273,549.5986136034733,5.836341170184345,0.95,0.9137055837563453,3.131578947368421
2024-02-08 13:00:00,13,36,2,4,27,2,1,8,14,4,18,4,44.46666666666667,257.0,4.0,9.85,90.0,1.2727272727272727,552.6852272069465,5.326790750141004,0.9,0.8121827411167513,3.111111111111111
2024-02-08 14:00:00,14,31,2,4,22,2,1,6,10,4,14,4,45.46666666666667,317.0,4.0,9.85,77.5,0.9326923076923076,494.0002272069464,4.331009497298182,0.775,0.6091370558375635,3.129032258064516
2024-02-08 15:00:00,15,30,2,4,23,1,0,6,10,3,13,3,46.46666666666667,370.0,4.0,9.85,75.0,0.8981481481481481,483.22692040520985,4.394543147208122,0.75,0.6091370558375635,3.2333333333333334
2024-02-08 16:00:00,16,26,1,4,21,0,0,5,7,2,9,2,22.966666666666665,430.0,4.0,9.85,65.0,0.6774193548387096,287.63861360347323,3.7399843811011326,0.65,0.5076142131979695,3.230769230769231
2024-02-08 17:00:00,17,22,1,4,17,0,0,7,8,2,10,2,23.966666666666665,379.5,4.0,9.85,55.00000000000001,0.6,298.09861360347327,4.125796031379789,0.55,0.7106598984771574,3.272727272727273
2024-02-08 18:00:00,18,23,1,4,17,1,0,10,9,2,11,2,24.966666666666665,419.0,4.0,9.85,57.49999999999999,0.6379310344827587,319.2836136034732,5.1163871110130215,0.575,1.015228426395939,3.217391304347826
2024-02-08 19:00:00,19,29,0,4,22,2,1,9,10,1,11,1,25.966666666666665,253.0,4.0,9.85,72.5,0.75,336.9253068017366,4.916116751269036,0.725,0.9137055837563453,3.0
2024-02-08 20:00:00,20,29,1,2,25,1,0,11,8,1,9,1,26.966666666666665,539.0,4.0,10.49,72.5,0.7258064516129032,315.76530680173664,5.50433088984583,0.725,1.0486177311725453,3.103448275862069
2024-02-08 21:00:00,21,32,2,1,24,4,1,15,10,2,12,2,27.966666666666665,258.0,4.0,10.49,80.0,0.8482142857142857,368.9086136034732,6.620114394661583,0.8,1.4299332697807436,2.96875
2024-02-08 22:00:00,22,26,2,1,17,6,0,9,8,2,10,2,28.966666666666665,109.0,3.0,7.24,65.0,0.8555555555555555,334.87861360347324,5.60647046323842,0.65,1.2430939226519335,2.9615384615384617
2024-02-08 23:00:00,23,29,2,3,18,6,0,13,6,1,7,1,29.966666666666665,157.0,3.0,7.24,72.5,0.8888888888888888,305.8853068017366,7.6486568870261,0.725,1.7955801104972375,3.034482758620689
2024-02-09 00:00:00,0,25,2,3,17,3,0,7,6,1,7,1,30.966666666666665,217.0,3.0,7.24,62.5,0.797979797979798,302.9453068017366,5.030248618784531,0.625,0.9668508287292816,3.16
2024-02-09 01:00:00,1,25,2,2,17,4,0,7,6,1,7,1,31.966666666666665,277.0,3.0,7.24,62.5,0.7777777777777778,308.5853068017366,4.902900552486187,0.625,0.9668508287292816,3.08
2024-02-09 02:00:00,2,21,1,3,13,4,0,5,6,1,7,1,32.96666666666667,337.0,3.0,7.24,52.5,0.6464646464646465,305.64530680173664,3.704709287029729,0.525,0.6906077348066298,3.0476190476190474
2024-02-09 03:00:00,3,21,1,2,14,4,0,4,7,1,8,1,33.96666666666667,392.0,3.0,7.24,52.5,0.65625,324.6853068017366,3.2324585635359115,0.525,0.5524861878453039,3.0
2024-02-09 04:00:00,4,21,1,2,15,3,0,4,8,1,9,1,34.96666666666667,447.0,3.0,7.24,52.5,0.6881720430107527,343.7253068017366,3.2837674296237838,0.525,0.5524861878453039,3.0476190476190474
2024-02-09 05:00:00,5,22,1,2,16,3,0,1,8,1,9,1,35.96666666666667,507.0,3.0,7.24,55.00000000000001,0.7204301075268817,351.51030680173665,2.095642893018584,0.55,0.1381215469613259,3.0454545454545454
2024-02-09 06:00:00,6,21,1,2,14,4,0,2,8,1,9,1,36.96666666666667,567.0,3.0,7.24,52.5,0.6774193548387096,355.00530680173665,2.403729281767956,0.525,0.2762430939226519,3.0
2024-02-09 07:00:00,7,19,1,1,14,3,0,0,8,1,9,1,37.96666666666667,627.0,3.0,7.24,47.5,0.6129032258064516,356.3553068017366,1.4249999999999998,0.475,0.0,3.0
2024-02-09 08:00:00,8,28,1,2,20,5,0,9,9,1,10,1,38.96666666666667,673.5,3.0,7.28,70.0,0.9222222222222224,394.7003068017366,5.739638932496075,0.7,1.2362637362637363,2.9642857142857144
2024-02-09 09:00:00,9,32,1,2,24,4,1,12,14,1,15,1,39.96666666666667,333.0,3.0,7.28,80.0,1.2533333333333334,475.9203068017366,7.192032967032968,0.8,1.6483516483516485,2.9375
2024-02-09 10:00:00,10,38,0,3,29,5,1,13,15,1,16,1,40.96666666666667,92.0,4.0,10.53,95.0,1.1458333333333333,507.8303068017366,6.323749187784276,0.95,1.2345679012345678,2.8947368421052637
2024-02-09 11:00:00,11,36,0,6,23,6,1,13,13,1,14,1,41.96666666666667,142.0,4.0,10.53,90.0,1.0192307692307692,482.3803068017366,6.285116598079561,0.9,1.2345679012345678,2.9444444444444446
2024-02-09 12:00:00,12,31,1,7,19,3,1,10,14,1,15,1,42.96666666666667,195.0,4.0,10.53,77.5,0.97,490.6953068017366,5.396540605949207,0.775,0.9496676163342828,3.129032258064516
2024-02-09 13:00:00,13,31,2,7,19,2,1,11,16,1,17,1,43.96666666666667,246.0,4.0,10.53,77.5,1.0869565217391304,523.1353068017366,5.8697883160248745,0.775,1.0446343779677112,3.225806451612903
2024-02-09 14:00:00,14,27,2,2,19,3,1,8,10,1,11,1,44.96666666666667,279.0,4.0,10.53,67.5,0.7068965517241379,439.7953068017366,4.357340578945517,0.675,0.7597340930674263,3.037037037037037
2024-02-09 15:00:00,15,23,2,2,18,1,0,10,6,1,7,1,16.95,198.0,4.0,10.53,57.49999999999999,0.5606060606060606,219.6013068017366,4.905452330814649,0.575,0.9496676163342828,3.217391304347826
2024-02-09 16:00:00,16,21,1,1,18,1,0,6,3,1,4,1,8.316666666666666,199.5,4.0,10.53,52.5,0.4513888888888889,126.4193068017366,3.3886684303350965,0.525,0.5698005698005697,3.095238095238096
2024-02-09 17:00:00,17,24,1,0,20,3,0,11,4,1,5,1,9.316666666666666,162.0,4.0,10.53,60.0,0.5071428571428571,151.8943068017366,4.865376701487813,0.6,1.0446343779677112,2.958333333333333
2024-02-09 18:00:00,18,21,1,0,20,0,0,10,6,1,7,1,10.316666666666666,117.0,4.0,10.53,52.5,0.4924242424242424,177.8993068017366,4.564447383891828,0.525,0.9496676163342828,3.095238095238096
2024-02-09 19:00:00,19,24,2,1,20,1,0,13,6,2,8,2,11.316666666666666,96.0,4.0,10.53,60.0,0.59375,204.2426136034732,5.8094650205761305,0.6,1.2345679012345678,3.1666666666666665
2024-02-09 20:00:00,20,29,2,1,20,5,1,18,6,1,7,1,7.383333333333334,115.0,4.0,10.49,72.5,0.6439393939393939,178.5153068017366,7.154420466125374,0.725,1.7159199237368925,2.931034482758621
2024-02-09 21:00:00,21,35,1,1,26,7,0,18,5,2,7,2,8.383333333333333,136.0,4.0,10.49,87.5,0.7651515151515151,197.89361360347323,7.476654637069317,0.875,1.7159199237368925,2.8857142857142857
2024-02-09 22:00:00,22,24,2,2,20,0,0,9,5,2,7,2,9.383333333333333,196.0,3.0,7.24,60.0,0.7878787878787878,179.9386136034732,5.990055248618784,0.6,1.2430939226519335,3.25
2024-02-09 23:00:00,23,22,3,2,14,3,0,11,7,2,9,2,10.383333333333333,251.0,3.0,7.24,55.00000000000001,0.7634408602150538,208.0886136034732,6.678314917127072,0.55,1.5193370165745856,3.227272727272727
2024-02-10 00:00:00,0,24,3,4,15,2,0,10,8,2,10,2,7.95,254.5,3.0,7.24,60.0,0.8888888888888888,212.0546136034732,6.6040515653775325,0.6,1.3812154696132597,3.333333333333333
2024-02-10 01:00:00,1,23,3,4,13,3,0,6,8,2,10,2,8.95,314.5,3.0,7.24,57.49999999999999,0.8444444444444444,215.54961360347323,4.63840980062455,0.575,0.8287292817679558,3.3043478260869565
2024-02-10 02:00:00,2,19,3,4,9,3,0,7,9,2,11,2,9.95,318.0,3.0,7.24,47.5,0.735632183908046,226.0096136034732,4.856760686246001,0.475,0.9668508287292816,3.3684210526315788
2024-02-10 03:00:00,3,19,2,3,11,3,0,6,9,1,10,1,10.95,349.5,3.0,7.24,47.5,0.6777777777777778,217.38130680173663,4.185657167781332,0.475,0.8287292817679558,3.210526315789474
2024-02-10 04:00:00,4,16,2,3,9,2,0,2,9,1,10,1,11.95,409.5,3.0,7.24,40.0,0.5888888888888889,216.5863068017366,2.240055248618785,0.4,0.2762430939226519,3.3125
2024-02-10 05:00:00,5,17,2,4,8,3,0,3,10,2,12,2,12.95,424.5,3.0,7.24,42.5,0.6666666666666666,252.03961360347324,2.7649658758531035,0.425,0.4143646408839779,3.294117647058824
2024-02-10 06:00:00,6,21,2,4,12,3,0,5,12,2,14,2,13.95,446.5,3.0,7.24,52.5,0.8717948717948718,293.0596136034732,3.936253617469087,0.525,0.6906077348066298,3.238095238095238
2024-02-10 07:00:00,7,22,2,3,14,3,0,4,11,1,12,1,14.95,506.5,3.0,7.24,55.00000000000001,0.8333333333333334,273.17630680173664,3.5079105976896034,0.55,0.5524861878453039,3.1818181818181817
2024-02-10 08:00:00,8,20,3,3,11,3,0,5,12,1,13,1,15.95,545.0,3.0,7.29,50.0,0.8148148148148148,287.9263068017366,3.913374485596708,0.5,0.6858710562414266,3.3
2024-02-10 09:00:00,9,27,3,5,15,4,0,12,16,1,17,1,16.95,474.0,3.0,7.29,67.5,1.2753623188405796,362.1813068017366,7.565035817710715,0.675,1.646090534979424,3.259259259259259
2024-02-10 10:00:00,10,25,3,5,15,2,0,7,16,1,17,1,17.95,322.0,4.0,10.54,62.5,0.9130434782608696,363.5313068017366,4.331499051233396,0.625,0.6641366223908919,3.36
2024-02-10 11:00:00,11,28,2,5,18,3,0,10,15,1,16,1,17.666666666666668,270.5,4.0,10.54,70.0,0.9375,354.9683068017366,5.299606939550015,0.7,0.94876660341556,3.2142857142857144
2024-02-10 12:00:00,12,39,2,5,29,3,0,17,16,1,17,1,18.666666666666668,225.0,4.0,10.54,97.5,1.3369565217391304,397.6033068017366,8.161848635235732,0.975,1.6129032258064515,3.1538461538461537
2024-02-10 13:00:00,13,35,1,4,27,3,0,15,14,1,15,1,19.666666666666668,248.0,4.0,10.54,87.5,1.08,367.8633068017367,7.0914339929520205,0.875,1.4231499051233398,3.085714285714286
2024-02-10 14:00:00,14,38,0,6,27,5,0,19,16,1,17,1,20.666666666666668,282.0,4.0,10.54,95.0,1.25,406.7383068017366,8.330407969639468,0.95,1.802656546489564,3.026315789473684
2024-02-10 15:00:00,15,51,0,5,41,4,1,22,18,1,19,1,21.666666666666668,226.0,4.0,10.54,127.5,1.809523809523809,467.0633068017366,10.02093239572869,1.275,2.087286527514232,2.980392156862745
2024-02-10 16:00:00,16,39,0,4,31,4,0,10,17,1,18,1,22.666666666666668,151.0,4.0,10.54,97.5,1.3295454545454546,433.56330680173664,5.77129981024668,0.975,0.94876660341556,3.0
2024-02-10 17:00:00,17,36,0,6,29,1,0,10,18,1,19,1,23.666666666666668,198.0,4.0,10.54,90.0,1.3452380952380951,446.16830680173655,5.803072949609952,0.9,0.94876660341556,3.138888888888889
2024-02-10 18:00:00,18,36,0,6,30,0,0,9,18,1,19,1,24.666666666666668,253.0,4.0,10.54,90.0,1.3571428571428572,451.8083068017366,5.553984819734345,0.9,0.8538899430740039,3.1666666666666665
2024-02-10 19:00:00,19,35,0,6,27,1,1,11,18,0,18,0,25.666666666666668,315.5,4.0,10.54,87.5,1.2272727272727273,441.035,5.920384928164815,0.875,1.0436432637571158,3.085714285714286
2024-02-10 20:00:00,20,39,0,6,28,4,1,17,15,0,15,0,20.416666666666668,340.0,4.0,10.49,97.5,1.17,379.805,7.786773117254528,0.975,1.6205910390848426,3.0
2024-02-10 21:00:00,21,42,2,5,27,7,1,15,17,3,20,3,21.416666666666668,355.5,4.0,10.49,105.0,1.575,461.4849204052098,7.43979980934223,1.05,1.4299332697807436,3.0
2024-02-10 22:00:00,22,45,2,5,25,13,0,17,18,3,21,3,22.416666666666668,407.0,3.0,7.24,112.5,2.298245614035088,486.95992040520986,10.11048189073051,1.125,2.348066298342541,2.911111111111111
2024-02-10 23:00:00,23,48,2,6,23,17,0,16,17,5,22,5,23.416666666666668,271.0,3.0,7.24,120.0,2.537037037037037,514.171534008683,9.73255064456722,1.2,2.209944751381216,2.8541666666666665
2024-02-11 00:00:00,0,46,2,6,22,16,0,8,17,5,22,5,24.416666666666668,331.0,3.0,7.24,115.0,2.4444444444444446,515.521534008683,6.470790295460005,1.15,1.1049723756906078,2.869565217391304
2024-02-11 01:00:00,1,37,2,6,22,7,0,7,18,5,23,5,25.416666666666668,283.0,3.0,7.24,92.5,2.235294117647059,515.256534008683,5.828945796625355,0.925,0.9668508287292816,3.081081081081081
2024-02-11 02:00:00,2,33,2,5,19,7,0,8,18,4,22,4,26.416666666666668,451.0,3.0,7.24,82.5,1.8703703703703705,498.0482272069464,5.906885149840951,0.825,1.1049723756906078,3.060606060606061
2024-02-11 03:00:00,3,34,2,5,19,8,0,6,18,4,22,4,27.416666666666668,511.0,3.0,7.24,85.0,1.9074074074074077,505.8332272069465,5.085562235944101,0.85,0.8287292817679558,3.0294117647058822
2024-02-11 04:00:00,4,32,2,6,17,7,0,3,18,4,22,4,28.416666666666668,571.0,3.0,7.24,80.0,1.8333333333333333,507.1832272069464,3.756940607734807,0.8,0.4143646408839779,3.09375
2024-02-11 05:00:00,5,33,2,6,20,5,0,4,18,4,22,4,29.416666666666668,631.0,3.0,7.24,82.5,1.9259259259259256,514.9682272069465,4.341168591997321,0.825,0.5524861878453039,3.1515151515151514
2024-02-11 06:00:00,6,35,2,7,20,6,0,8,18,4,22,4,30.416666666666668,691.0,3.0,7.24,87.5,2.037037037037037,524.8982272069464,6.222770323599053,0.875,1.1049723756906078,3.142857142857143
2024-02-11 07:00:00,7,39,2,8,21,8,0,8,19,4,23,4,31.416666666666668,643.0,3.0,7.24,97.5,2.372549019607843,552.5182272069464,6.453247627142654,0.975,1.1049723756906078,3.102564102564102
2024-02-11 08:00:00,8,33,2,6,22,3,0,4,20,3,23,3,32.416666666666664,703.0,3.0,6.55,82.5,2.07843137254902,544.4199204052097,4.611600740226693,0.825,0.6106870229007634,3.212121212121212
2024-02-11 09:00:00,9,30,2,4,19,5,0,11,19,3,22,3,33.416666666666664,871.0,3.0,6.55,75.0,1.7222222222222223,530.2249204052098,7.531106870229008,0.75,1.6793893129770994,3.1
2024-02-11 10:00:00,10,35,2,4,24,5,0,14,17,3,20,3,34.416666666666664,818.5,4.0,9.87,87.5,1.35,519.7899204052098,7.076899696048633,0.875,1.4184397163120568,3.085714285714286
2024-02-11 11:00:00,11,26,1,4,17,4,0,12,15,2,17,2,35.416666666666664,874.0,4.0,9.87,65.0,0.8695652173913043,465.0566136034733,5.740939911152678,0.65,1.2158054711246202,3.076923076923077
2024-02-11 12:00:00,12,37,2,4,24,7,0,20,16,2,18,2,36.41666666666666,900.5,4.0,9.87,92.5,1.2727272727272727,507.6916136034732,8.933793367835921,0.925,2.026342451874367,3.027027027027027
2024-02-11 13:00:00,13,41,2,4,29,6,0,21,16,2,18,2,37.41666666666666,815.5,4.0,9.87,102.5,1.4204545454545454,521.9116136034731,9.611766995329528,1.025,2.127659574468085,3.048780487804878
2024-02-11 14:00:00,14,46,2,3,37,4,0,18,14,2,16,2,38.41666666666666,640.5,4.0,9.87,115.0,1.46875,511.4766136034732,9.115062111801242,1.15,1.8237082066869303,3.065217391304348
2024-02-11 15:00:00,15,38,2,2,32,1,1,17,13,1,14,1,39.41666666666666,277.5,4.0,9.87,95.0,1.125,472.28830680173655,8.228151495760677,0.95,1.722391084093212,3.0789473684210527
2024-02-11 16:00:00,16,30,1,2,25,1,1,14,11,0,11,0,40.41666666666666,289.0,4.0,9.87,75.0,0.7844827586206896,419.69999999999993,6.57760047281324,0.75,1.4184397163120568,3.033333333333333
2024-02-11 17:00:00,17,41,1,4,29,6,1,20,13,0,13,0,41.41666666666666,262.0,4.0,9.87,102.5,1.1203703703703705,475.735,9.005181382360936,1.025,2.026342451874367,2.951219512195122
2024-02-11 18:00:00,18,40,1,4,28,7,0,15,11,0,11,0,42.41666666666666,322.0,4.0,9.87,100.0,1.0258620689655171,452.43,7.496276595744681,1.0,1.5197568389057752,2.975
2024-02-11 19:00:00,19,37,1,5,22,9,0,10,11,0,11,0,43.41666666666666,277.0,4.0,9.87,92.5,0.9396551724137931,451.635,5.70974766559873,0.925,1.0131712259371837,2.945945945945946
2024-02-11 20:00:00,20,30,2,6,17,5,0,15,11,0,11,0,44.41666666666666,237.0,4.0,9.72,75.0,0.8189655172413793,442.26,7.261831275720163,0.75,1.5432098765432098,3.1666666666666665
2024-02-11 21:00:00,21,37,4,6,13,12,2,19,12,1,13,1,45.41666666666666,291.0,4.0,9.72,92.5,1.0092592592592593,490.5833068017366,8.48353631409187,0.925,1.9547325102880655,2.945945945945946
2024-02-11 22:00:00,22,30,4,4,9,13,0,12,8,1,9,1,46.41666666666666,154.0,3.0,6.4,75.0,0.956989247311828,427.6083068017366,7.7875,0.75,1.875,2.966666666666667
2024-02-11 23:00:00,23,26,4,5,10,6,1,10,10,1,11,1,47.41666666666666,181.0,3.0,6.4,65.0,0.9540229885057472,451.46830680173656,7.062980769230769,0.65,1.5625,3.1923076923076925
2024-02-12 00:00:00,0,21,4,6,7,4,0,4,10,1,11,1,48.41666666666666,241.0,3.0,6.4,52.5,0.8390804597701149,446.3833068017366,3.997619047619048,0.525,0.625,3.4761904761904763
2024-02-12 01:00:00,1,21,4,6,7,4,0,6,10,1,11,1,49.41666666666666,301.0,3.0,6.4,52.5,0.8390804597701149,452.02330680173657,5.083928571428571,0.525,0.9375,3.4761904761904763
2024-02-12 02:00:00,2,22,4,6,7,5,0,7,11,1,12,1,50.41666666666666,349.5,3.0,6.4,55.00000000000001,0.8928571428571429,473.2083068017366,5.603693181818183,0.55,1.09375,3.409090909090909
2024-02-12 03:00:00,3,21,3,6,7,5,0,4,11,1,12,1,51.41666666666666,409.5,3.0,6.4,52.5,0.8333333333333334,476.7033068017366,3.833333333333333,0.525,0.625,3.333333333333333
2024-02-12 04:00:00,4,22,3,6,8,5,0,5,12,1,13,1,52.41666666666666,458.0,3.0,6.4,55.00000000000001,0.9012345679012346,497.8883068017367,4.417329545454546,0.55,0.78125,3.3181818181818183
2024-02-12 05:00:00,5,21,3,6,6,6,0,1,12,1,13,1,53.41666666666666,518.0,3.0,6.4,52.5,0.8518518518518519,501.3833068017366,2.2383928571428573,0.525,0.15625,3.2857142857142856
2024-02-12 06:00:00,6,19,3,6,4,6,0,3,12,1,13,1,54.41666666666666,578.0,3.0,6.4,47.5,0.7777777777777778,502.7333068017366,3.1292763157894736,0.475,0.46875,3.3157894736842106
2024-02-12 07:00:00,7,20,3,6,6,5,0,4,12,1,13,1,55.41666666666666,638.0,3.0,6.4,50.0,0.8271604938271605,510.51830680173657,3.76875,0.5,0.625,3.35
2024-02-12 08:00:00,8,26,4,7,10,5,0,11,14,1,15,1,56.41666666666666,667.0,3.0,6.55,65.0,1.1733333333333331,555.8283068017365,7.884086905460951,0.65,1.6793893129770994,3.3846153846153846
2024-02-12 09:00:00,9,30,4,9,8,9,0,12,18,1,19,1,57.41666666666666,548.0,3.0,6.55,75.0,1.5555555555555556,623.6483068017366,8.434732824427481,0.75,1.83206106870229,3.2666666666666666
2024-02-12 10:00:00,10,34,4,10,10,10,0,10,19,1,20,1,58.41666666666666,486.5,4.0,9.87,85.0,1.375,651.2683068017366,6.027906907443829,0.85,1.0131712259371837,3.235294117647059
2024-02-12 11:00:00,11,37,3,11,8,15,0,16,19,2,21,2,59.41666666666666,230.0,4.0,9.87,92.5,1.486842105263158,677.6116136034732,7.775847504038993,0.925,1.6210739614994936,3.054054054054054
2024-02-12 12:00:00,12,46,3,8,19,16,0,21,18,2,20,2,60.41666666666666,230.5,4.0,9.87,115.0,1.7,689.1566136034731,9.690471785383902,1.15,2.127659574468085,2.9565217391304346
2024-02-12 13:00:00,13,52,3,9,19,20,1,21,19,2,21,2,61.41666666666666,284.0,4.0,9.87,130.0,1.9605263157894737,721.0666136034732,9.821563011456629,1.3,2.127659574468085,2.8653846153846154
2024-02-12 14:00:00,14,44,3,10,20,11,0,13,21,2,23,2,62.41666666666666,310.0,4.0,9.87,110.0,2.014705882352941,736.3466136034732,7.526040803168463,1.1,1.3171225937183384,3.113636363636364
2024-02-12 15:00:00,15,46,3,10,21,11,1,13,21,2,23,2,63.41666666666666,365.0,4.0,9.87,115.0,2.073529411764706,746.2766136034732,7.562267080745341,1.15,1.3171225937183384,3.065217391304348
2024-02-12 16:00:00,16,43,3,9,24,6,1,15,21,3,24,3,64.41666666666667,352.0,4.0,9.87,107.5,2.125,759.7499204052099,8.206672792818265,1.075,1.5197568389057752,3.1627906976744184
2024-02-12 17:00:00,17,41,3,8,21,8,1,6,22,3,25,3,65.41666666666667,362.0,4.0,9.87,102.5,2.1166666666666667,774.4999204052099,5.0580157906442285,1.025,0.6079027355623101,3.097560975609756
2024-02-12 18:00:00,18,51,4,11,28,7,1,18,24,2,26,2,66.41666666666667,368.0,4.0,9.87,127.5,2.9107142857142856,814.1216136034733,9.903714464509209,1.275,1.8237082066869303,3.196078431372549
2024-02-12 19:00:00,19,43,4,10,25,4,0,12,20,2,22,2,67.41666666666667,342.5,4.0,9.87,107.5,1.9861111111111112,749.0016136034733,7.618260055135364,1.075,1.2158054711246202,3.3255813953488373
2024-02-12 20:00:00,20,37,4,10,15,8,0,10,18,2,20,2,68.41666666666667,402.5,4.0,11.1,92.5,1.5125,714.9716136034732,5.971189432675919,0.925,0.9009009009009008,3.27027027027027
2024-02-12 21:00:00,21,47,4,10,19,12,2,21,21,2,23,2,69.41666666666667,355.0,4.0,11.1,117.5,2.1029411764705883,782.2616136034733,9.331181713628522,1.175,1.891891891891892,3.042553191489361
2024-02-12 22:00:00,22,40,5,11,15,7,2,13,18,2,20,2,70.41666666666667,437.0,3.0,7.779999999999999,100.0,2.1666666666666665,732.6866136034732,8.680591259640103,1.0,1.6709511568123394,3.25
2024-02-12 23:00:00,23,37,5,12,12,8,0,6,19,3,22,3,71.41666666666667,440.5,3.0,7.779999999999999,92.5,2.314814814814815,759.5599204052098,5.730433196692838,0.925,0.7712082262210798,3.3783783783783785
2024-02-13 00:00:00,0,40,5,10,19,6,0,9,19,3,22,3,72.41666666666667,500.5,3.0,7.779999999999999,100.0,2.4814814814814814,771.6349204052099,7.225321336760926,1.0,1.1568123393316196,3.35
2024-02-13 01:00:00,1,45,5,10,20,10,0,10,19,3,22,3,73.41666666666667,560.5,3.0,7.779999999999999,112.5,2.685185185185185,787.9999204052099,7.766673807483576,1.125,1.2853470437017995,3.2222222222222223
2024-02-13 02:00:00,2,38,5,10,16,7,0,5,19,2,21,2,74.41666666666667,635.0,3.0,7.779999999999999,95.0,2.2280701754385963,764.3566136034733,5.322882559870113,0.95,0.6426735218508998,3.3421052631578947
2024-02-13 03:00:00,3,33,5,9,15,4,0,3,19,2,21,2,75.41666666666667,695.0,3.0,7.779999999999999,82.5,2.0,759.2716136034733,4.182086936200046,0.825,0.3856041131105399,3.4545454545454546
2024-02-13 04:00:00,4,32,5,9,13,5,0,5,20,2,22,2,76.41666666666667,740.5,3.0,7.779999999999999,80.0,2.037037037037037,776.1666136034733,4.959190231362468,0.8,0.6426735218508998,3.4375
2024-02-13 05:00:00,5,33,5,9,12,7,0,4,22,2,24,2,77.41666666666667,764.0,3.0,7.779999999999999,82.5,2.3125,810.7516136034733,4.504376022435149,0.825,0.5141388174807199,3.363636363636364
2024-02-13 06:00:00,6,30,7,8,11,4,0,3,21,4,25,4,78.41666666666667,802.0,3.0,7.779999999999999,75.0,2.4,825.0932272069465,4.088174807197944,0.75,0.3856041131105399,3.6
2024-02-13 07:00:00,7,31,6,8,11,6,0,4,21,4,25,4,79.41666666666667,862.0,3.0,7.779999999999999,77.5,2.3777777777777778,832.8782272069466,4.449608176465711,0.775,0.5141388174807199,3.4516129032258065
2024-02-13 08:00:00,8,31,6,8,12,5,0,2,21,4,25,4,80.41666666666667,922.0,3.0,6.779999999999999,77.5,2.4,838.5182272069464,3.727690550956324,0.775,0.2949852507374632,3.4838709677419355
2024-02-13 09:00:00,9,34,5,6,16,7,0,14,15,4,19,4,81.41666666666667,1026.0,3.0,6.779999999999999,85.0,1.761904761904762,770.1932272069464,9.516280583029673,0.85,2.064896755162242,3.264705882352941
2024-02-13 10:00:00,10,36,4,7,20,5,0,14,16,4,20,4,82.41666666666667,871.0,4.0,10.48,90.0,1.475,793.5232272069464,7.328710771840543,0.9,1.3358778625954195,3.2777777777777777
2024-02-13 11:00:00,11,45,4,8,22,10,1,20,17,4,21,4,83.41666666666667,855.0,4.0,10.48,112.5,1.8289473684210529,831.8682272069465,9.369826123833755,1.125,1.9083969465648851,3.088888888888889
2024-02-13 12:00:00,12,37,5,8,13,11,0,12,15,4,19,4,84.41666666666667,369.0,4.0,10.48,92.5,1.4047619047619049,793.5482272069464,6.601743346399835,0.925,1.1450381679389312,3.189189189189189
2024-02-13 13:00:00,13,42,5,8,19,8,2,18,16,4,20,4,85.41666666666667,219.5,4.0,10.48,105.0,1.65,823.3132272069465,8.69803707742639,1.05,1.7175572519083968,3.142857142857143
2024-02-13 14:00:00,14,46,3,8,25,10,0,17,17,3,20,3,86.41666666666667,246.0,4.0,10.48,115.0,1.775,836.6649204052098,8.557467640225687,1.15,1.6221374045801529,3.0869565217391304
2024-02-13 15:00:00,15,49,2,11,28,8,0,18,15,3,18,3,87.41666666666667,306.0,4.0,10.48,122.5,1.75,821.9399204052098,9.24803707742639,1.225,1.7175572519083968,3.142857142857143
2024-02-13 16:00:00,16,49,1,7,32,9,0,20,12,2,14,2,88.41666666666667,316.0,4.0,10.48,122.5,1.4134615384615383,773.1116136034732,9.400190839694655,1.225,1.9083969465648851,3.0
2024-02-13 17:00:00,17,45,1,7,30,7,0,15,11,2,13,2,89.41666666666667,251.0,4.0,10.48,112.5,1.2685185185185186,756.7716136034733,7.782506361323155,1.125,1.431297709923664,3.0444444444444443
2024-02-13 18:00:00,18,34,1,5,23,5,0,10,11,1,12,1,90.41666666666669,288.5,4.0,10.48,85.0,0.9285714285714286,724.5483068017365,5.518724741805118,0.85,0.9541984732824428,3.0588235294117645
2024-02-13 19:00:00,19,36,1,4,23,8,0,14,11,1,12,1,91.41666666666669,348.5,4.0,10.48,90.0,0.9464285714285714,734.4783068017366,6.583418150975404,0.9,1.3358778625954195,2.9444444444444446
2024-02-13 20:00:00,20,29,2,2,15,10,0,13,8,1,9,1,92.41666666666669,280.0,4.0,11.48,72.5,0.6693548387096774,684.9033068017367,5.316018863390604,0.725,1.132404181184669,2.862068965517241
2024-02-13 21:00:00,21,30,2,2,22,4,0,16,6,1,7,1,93.41666666666669,234.0,4.0,11.48,75.0,0.696969696969697,665.8883068017366,6.574099883855983,0.75,1.3937282229965156,3.066666666666667
2024-02-13 22:00:00,22,25,2,1,21,1,0,18,4,1,5,1,94.41666666666669,506.0,3.0,7.779999999999999,62.5,0.7523809523809524,634.0033068017366,9.286053984575837,0.625,2.3136246786632397,3.16
2024-02-13 23:00:00,23,20,2,1,16,1,0,9,4,1,5,1,95.41666666666669,566.0,3.0,7.779999999999999,50.0,0.6095238095238096,628.9183068017365,5.301799485861183,0.5,1.1568123393316196,3.2
2024-02-14 00:00:00,0,17,2,3,11,1,0,8,6,1,7,1,96.41666666666669,276.0,3.0,7.779999999999999,42.5,0.5757575757575758,654.9233068017365,4.872754423106004,0.425,1.0282776349614398,3.3529411764705883
2024-02-14 01:00:00,1,22,2,3,12,4,1,8,5,1,6,1,97.41666666666669,511.0,3.0,7.779999999999999,55.00000000000001,0.6568627450980392,657.8883068017366,4.806572797382566,0.55,1.0282776349614398,3.0454545454545454
2024-02-14 02:00:00,2,16,2,4,9,1,0,6,5,1,6,1,98.41666666666669,571.0,3.0,7.779999999999999,40.0,0.5392156862745098,650.6583068017367,4.026028277634961,0.4,0.7712082262210798,3.4375
2024-02-14 03:00:00,3,16,2,4,9,1,0,4,5,1,6,1,99.41666666666669,631.0,3.0,7.779999999999999,40.0,0.5392156862745098,656.2983068017367,3.1423521850899747,0.4,0.5141388174807199,3.4375
2024-02-14 04:00:00,4,16,2,4,9,1,0,7,6,1,7,1,100.41666666666669,516.0,3.0,7.779999999999999,40.0,0.5555555555555556,675.3383068017366,4.467866323907455,0.4,0.8997429305912598,3.4375
2024-02-14 05:00:00,5,19,2,5,10,2,0,4,7,1,8,1,101.41666666666669,554.0,3.0,7.779999999999999,47.5,0.6666666666666666,700.8133068017366,3.331836016777161,0.475,0.5141388174807199,3.3684210526315788
2024-02-14 06:00:00,6,18,2,6,9,1,0,3,8,1,9,1,102.41666666666669,592.0,3.0,7.779999999999999,45.0,0.6774193548387096,717.7083068017366,2.924614395886889,0.45,0.3856041131105399,3.5
2024-02-14 07:00:00,7,17,2,7,7,1,0,4,9,1,10,1,103.41666666666669,547.5,3.0,7.779999999999999,42.5,0.6777777777777778,734.6033068017366,3.36985105096023,0.425,0.5141388174807199,3.588235294117647
2024-02-14 08:00:00,8,16,2,6,7,1,0,2,10,1,11,1,104.41666666666669,503.0,3.0,8.03,40.0,0.6551724137931034,751.4983068017366,2.3122976338729764,0.4,0.24906600249066,3.5625
2024-02-14 09:00:00,9,17,2,3,8,4,0,7,6,1,7,1,105.41666666666669,348.0,3.0,8.03,42.5,0.5454545454545454,705.6833068017365,4.11902791004322,0.425,0.8717310087173101,3.176470588235294
2024-02-14 10:00:00,10,31,2,5,20,4,0,16,8,1,9,1,106.41666666666669,182.0,4.0,11.35,77.5,0.7903225806451613,768.1533068017366,6.906444507602672,0.775,1.4096916299559472,3.161290322580645
2024-02-14 11:00:00,11,34,2,4,21,5,2,17,7,1,8,1,107.41666666666669,85.0,4.0,11.35,85.0,0.7890625,766.8283068017366,6.974339207048459,0.85,1.497797356828194,2.9705882352941178
2024-02-14 12:00:00,12,33,2,3,23,4,1,13,9,1,10,1,63.11666666666667,48.5,4.0,11.35,82.5,0.8333333333333334,541.6313068017366,5.970831664664264,0.825,1.145374449339207,3.0303030303030303
2024-02-14 13:00:00,13,28,3,4,20,1,0,9,10,2,12,2,64.11666666666666,83.0,4.0,11.35,70.0,0.8303571428571429,564.2146136034731,4.9587319068596605,0.7,0.7929515418502203,3.321428571428572
2024-02-14 14:00:00,14,32,2,5,22,3,0,11,10,2,12,2,65.11666666666666,143.0,4.0,11.35,80.0,0.9107142857142856,578.4346136034732,5.63920704845815,0.8,0.9691629955947136,3.1875
2024-02-14 15:00:00,15,32,2,4,19,6,1,14,6,2,8,2,66.11666666666666,220.5,4.0,11.35,80.0,0.75,530.4746136034732,6.100440528634362,0.8,1.2334801762114538,3.0
2024-02-14 16:00:00,16,35,2,4,21,7,1,17,5,2,7,2,67.11666666666666,245.0,4.0,11.35,87.5,0.7878787878787878,529.1496136034732,7.050597860289491,0.875,1.497797356828194,2.9714285714285715
2024-02-14 17:00:00,17,35,2,4,22,6,1,16,7,2,9,2,68.11666666666666,125.0,4.0,11.35,87.5,0.8467741935483871,561.5896136034733,6.854074889867842,0.875,1.4096916299559472,3.0
2024-02-14 18:00:00,18,30,1,5,18,3,3,14,11,1,12,1,8.75,84.5,4.0,11.35,75.0,0.7857142857142857,255.3683068017366,5.818208516886931,0.75,1.2334801762114538,2.933333333333333
2024-02-14 19:00:00,19,32,1,4,21,5,1,11,12,1,13,1,9.75,106.0,4.0,11.35,80.0,0.8796296296296297,278.69830680173663,5.252202643171806,0.8,0.9691629955947136,2.96875
2024-02-14 20:00:00,20,28,0,6,18,3,1,14,6,1,7,1,10.75,123.0,4.0,11.34,70.0,0.6439393939393939,195.3583068017366,5.872795414462081,0.7,1.2345679012345678,3.0357142857142856
2024-02-14 21:00:00,21,37,0,8,21,8,0,15,8,1,9,1,11.75,167.0,4.0,11.34,92.5,0.8951612903225806,247.1033068017366,6.743253968253968,0.925,1.3227513227513228,3.0
2024-02-14 22:00:00,22,33,0,6,20,7,0,9,10,0,10,0,8.233333333333333,160.5,3.0,8.02,82.5,1.0888888888888888,231.221,5.78257764679211,0.825,1.1221945137157108,2.9696969696969697
2024-02-14 23:00:00,23,33,0,4,25,4,0,11,11,1,12,1,9.233333333333333,173.5,3.0,8.02,82.5,1.1785714285714286,264.52930680173665,6.589713216957605,0.825,1.371571072319202,3.0
2024-02-15 00:00:00,0,27,0,2,21,4,0,12,10,1,11,1,10.233333333333333,236.0,3.0,8.02,67.5,0.9080459770114944,243.8993068017366,6.352944028816847,0.675,1.4962593516209477,2.925925925925926
2024-02-15 01:00:00,1,24,0,2,18,4,0,7,11,1,12,1,11.233333333333333,244.0,3.0,8.02,60.0,0.8333333333333334,256.5043068017366,4.295719035743973,0.6,0.8728179551122195,2.9166666666666665
2024-02-15 02:00:00,2,24,0,2,20,2,0,7,12,1,13,1,12.233333333333333,252.0,3.0,8.02,60.0,0.8888888888888888,275.54430680173664,4.418453865336659,0.6,0.8728179551122195,3.0
2024-02-15 03:00:00,3,26,1,2,22,1,0,5,15,1,16,1,13.233333333333333,282.0,3.0,8.02,65.0,1.125,325.67430680173663,3.967259735277192,0.65,0.6234413965087282,3.1153846153846154
2024-02-15 04:00:00,4,25,1,2,20,2,0,2,15,0,15,0,14.233333333333333,360.0,3.0,8.02,62.5,1.0266666666666666,314.901,2.693079800498753,0.625,0.2493765586034912,3.08
2024-02-15 05:00:00,5,26,1,2,22,1,0,5,14,0,14,0,15.233333333333333,426.0,3.0,8.02,65.0,1.0384615384615383,309.286,3.967259735277192,0.65,0.6234413965087282,3.1153846153846154
2024-02-15 06:00:00,6,22,1,2,18,1,0,1,14,1,15,1,16.233333333333334,480.0,3.0,8.02,55.00000000000001,0.92,320.61430680173663,2.116067785082748,0.55,0.1246882793017456,3.136363636363636
2024-02-15 07:00:00,7,23,2,2,18,1,0,4,14,0,14,0,17.233333333333334,546.0,3.0,8.02,57.49999999999999,0.9487179487179488,314.131,3.454683942318118,0.575,0.4987531172069825,3.217391304347826
2024-02-15 08:00:00,8,24,1,4,18,1,0,4,16,0,16,0,18.23333333333333,582.0,3.0,6.55,60.0,1.0694444444444444,348.716,3.884287531806616,0.6,0.6106870229007634,3.208333333333333
2024-02-15 09:00:00,9,27,2,4,20,1,0,8,13,1,14,1,15.05,592.5,3.0,6.55,67.5,1.1282051282051282,311.26530680173664,6.180774667797569,0.675,1.2213740458015268,3.259259259259259
2024-02-15 10:00:00,10,33,2,4,26,1,0,11,15,1,16,1,16.05,488.0,4.0,9.89,82.5,1.1041666666666667,356.5753068017366,6.222632288506909,0.825,1.1122345803842264,3.212121212121212
2024-02-15 11:00:00,11,33,0,3,28,2,0,13,10,2,12,2,16.416666666666668,131.0,4.0,9.89,82.5,0.8928571428571429,305.91161360347326,6.483209241045438,0.825,1.3144590495449948,3.0303030303030303
2024-02-15 12:00:00,12,32,0,3,26,3,0,7,11,2,13,2,14.2,145.0,4.0,9.89,80.0,0.8888888888888888,304.66461360347324,4.523356926188069,0.8,0.7077856420626896,3.0
2024-02-15 13:00:00,13,26,0,3,21,2,0,6,9,2,11,2,13.35,131.0,4.0,9.89,65.0,0.6810344827586207,260.20061360347324,3.818353815042389,0.65,0.6066734074823054,3.0384615384615383
2024-02-15 14:00:00,14,30,1,4,22,3,0,10,9,2,11,2,14.35,121.0,4.0,9.89,75.0,0.8017241379310345,274.42061360347327,5.459479271991912,0.75,1.0111223458038423,3.1
2024-02-15 15:00:00,15,31,1,4,23,3,0,10,9,2,11,2,8.666666666666666,92.0,4.0,9.89,77.5,0.8275862068965517,244.5116136034732,5.531217587005447,0.775,1.0111223458038423,3.096774193548387
2024-02-15 16:00:00,16,36,2,4,27,2,1,11,11,2,13,2,9.666666666666666,124.0,4.0,9.89,90.0,1.037037037037037,287.67661360347324,6.260285361195371,0.9,1.1122345803842264,3.111111111111111
2024-02-15 17:00:00,17,38,2,6,27,2,1,8,14,2,16,2,9.366666666666667,151.5,4.0,9.89,95.0,1.25,330.47461360347324,5.554414347293918,0.95,0.8088978766430738,3.1578947368421053
2024-02-15 18:00:00,18,31,1,6,21,2,1,1,13,2,15,2,10.366666666666667,211.0,4.0,9.89,77.5,0.97,307.69961360347327,2.741383443687009,0.775,0.1011122345803842,3.129032258064516
2024-02-15 19:00:00,19,30,1,6,20,2,1,7,15,0,15,0,9.383333333333333,220.0,4.0,9.89,75.0,0.94,298.27200000000005,4.567728345129761,0.75,0.7077856420626896,3.1333333333333333
2024-02-15 20:00:00,20,33,1,5,23,3,1,14,15,0,15,0,9.45,112.0,4.0,10.57,82.5,1.01,305.083,6.578782861729881,0.825,1.324503311258278,3.060606060606061
2024-02-15 21:00:00,21,30,1,6,21,1,1,12,11,1,12,1,10.266666666666667,192.5,4.0,10.57,75.0,0.8482142857142857,263.9223068017366,5.970080416272468,0.75,1.1352885525070957,3.1666666666666665
2024-02-15 22:00:00,22,33,0,6,25,1,1,14,10,1,11,1,11.266666666666667,162.0,3.0,7.23,82.5,1.1724137931034482,262.5973068017366,8.535162831635859,0.825,1.9363762102351312,3.090909090909091
2024-02-15 23:00:00,23,27,0,5,21,0,1,7,10,0,10,0,8.533333333333333,240.5,3.0,7.23,67.5,0.9333333333333332,220.043,5.112140771476871,0.675,0.9681881051175656,3.111111111111111
2024-02-16 00:00:00,0,25,0,4,20,0,1,4,9,0,9,0,9.533333333333331,319.0,3.0,7.23,62.5,0.8279569892473119,207.993,3.629011065006915,0.625,0.553250345781466,3.08
2024-02-16 01:00:00,1,27,0,5,19,2,1,8,10,1,11,1,10.533333333333331,313.0,3.0,7.23,67.5,0.942528735632184,245.5913068017366,5.41048358178372,0.675,1.106500691562932,3.037037037037037
2024-02-16 02:00:00,2,22,0,5,15,1,1,1,10,1,11,1,11.533333333333331,373.0,3.0,7.23,55.00000000000001,0.7816091954022989,240.50630680173663,2.127511630831133,0.55,0.1383125864453665,3.090909090909091
2024-02-16 03:00:00,3,24,0,6,16,1,1,3,10,1,11,1,12.533333333333331,433.0,3.0,7.23,60.0,0.8620689655172413,250.43630680173663,3.171680497925311,0.6,0.4149377593360995,3.125
2024-02-16 04:00:00,4,26,0,6,17,2,1,3,10,1,11,1,13.533333333333331,493.0,3.0,7.23,65.0,0.9195402298850576,260.3663068017366,3.276731567187999,0.65,0.4149377593360995,3.076923076923077
2024-02-16 05:00:00,5,22,0,6,14,1,1,2,10,1,11,1,14.533333333333331,553.0,3.0,7.23,55.00000000000001,0.7931034482758621,257.4263068017366,2.592597133157299,0.55,0.276625172890733,3.136363636363636
2024-02-16 06:00:00,6,22,0,6,13,2,1,2,11,1,12,1,15.533333333333331,601.5,3.0,7.23,55.00000000000001,0.8095238095238095,276.4663068017366,2.555023261662265,0.55,0.276625172890733,3.090909090909091
2024-02-16 07:00:00,7,22,0,6,12,3,1,2,11,1,12,1,16.533333333333335,661.5,3.0,7.23,55.00000000000001,0.7976190476190477,282.10630680173665,2.5174493901672323,0.55,0.276625172890733,3.0454545454545454
2024-02-16 08:00:00,8,20,0,5,12,2,1,4,11,1,12,1,17.533333333333335,721.5,3.0,7.76,50.0,0.7261904761904762,283.4563068017367,3.097164948453608,0.5,0.5154639175257733,3.05
2024-02-16 09:00:00,9,25,0,6,16,2,1,7,11,1,12,1,18.53333333333333,718.0,3.0,7.76,62.5,0.9166666666666666,299.8213068017366,4.703350515463917,0.625,0.9020618556701032,3.08
2024-02-16 10:00:00,10,24,0,8,14,1,1,8,11,2,13,2,19.53333333333333,585.0,4.0,11.46,60.0,0.7129629629629629,317.58461360347326,4.164674229203025,0.6,0.6980802792321117,3.208333333333333
2024-02-16 11:00:00,11,28,0,7,18,2,1,12,14,2,16,2,20.53333333333333,234.5,4.0,11.46,70.0,0.90625,372.0046136034732,5.4285527299925205,0.7,1.0471204188481675,3.107142857142857
2024-02-16 12:00:00,12,29,0,6,22,1,0,12,13,1,14,1,21.53333333333333,116.5,4.0,11.46,72.5,0.8846153846153846,352.12130680173664,5.621899259794186,0.725,1.0471204188481675,3.1724137931034484
2024-02-16 13:00:00,13,28,1,6,20,1,0,6,13,1,14,1,17.75,121.5,4.0,11.46,70.0,0.875,328.63830680173663,3.976570680628273,0.7,0.5235602094240838,3.25
2024-02-16 14:00:00,14,31,1,6,24,0,0,10,16,1,17,1,5.766666666666667,168.0,4.0,11.46,77.5,1.0978260869565215,307.6873068017366,5.367988233969488,0.775,0.8726003490401395,3.2580645161290325
2024-02-16 15:00:00,15,36,1,9,25,1,0,14,16,4,20,4,6.766666666666667,120.0,4.0,11.46,90.0,1.475,366.8572272069465,6.954266046150862,0.9,1.2216404886561951,3.2777777777777777
2024-02-16 16:00:00,16,33,0,8,25,0,0,8,13,4,17,4,7.766666666666667,144.0,4.0,11.46,82.5,1.1630434782608696,325.86222720694644,4.938472420540483,0.825,0.6980802792321117,3.242424242424242
2024-02-16 17:00:00,17,32,0,9,21,2,0,6,14,4,18,4,8.766666666666667,183.5,4.0,11.46,80.0,1.1704545454545454,342.7572272069465,4.2602094240837705,0.8,0.5235602094240838,3.21875
2024-02-16 18:00:00,18,31,0,9,20,2,0,4,14,4,18,4,9.766666666666667,243.5,4.0,11.46,77.5,1.1363636363636365,346.2522272069465,3.6259359342453417,0.775,0.3490401396160558,3.225806451612903
2024-02-16 19:00:00,19,31,1,9,17,4,0,9,15,4,19,4,10.766666666666667,283.0,4.0,11.46,77.5,1.1904761904761905,365.2922272069465,5.033355852052018,0.775,0.7853403141361256,3.225806451612903
2024-02-16 20:00:00,20,29,1,6,18,4,0,10,12,3,15,3,11.766666666666667,307.0,4.0,10.88,72.5,0.91,312.17392040520986,5.159127789046653,0.725,0.9191176470588236,3.1379310344827585
2024-02-16 21:00:00,21,31,1,4,21,5,0,13,10,2,12,2,11.833333333333334,309.5,4.0,10.88,77.5,0.8392857142857143,275.77161360347327,5.97310246679317,0.775,1.1948529411764708,3.032258064516129
2024-02-16 22:00:00,22,24,0,5,17,2,0,9,7,2,9,2,12.833333333333334,463.0,3.0,7.18,60.0,0.8064516129032258,226.1966136034732,5.792130919220055,0.6,1.2534818941504178,3.125
2024-02-16 23:00:00,23,21,0,5,14,2,0,8,8,2,10,2,13.833333333333334,334.0,3.0,7.18,52.5,0.7333333333333333,238.80161360347324,5.151790688420214,0.525,1.1142061281337048,3.142857142857143
2024-02-17 00:00:00,0,21,0,4,14,3,0,8,8,2,10,2,14.833333333333334,394.0,3.0,7.18,52.5,0.7111111111111111,244.44161360347323,4.995675819074148,0.525,1.1142061281337048,3.0476190476190474
2024-02-17 01:00:00,1,20,0,5,13,2,0,4,8,2,10,2,15.833333333333334,454.0,3.0,7.18,50.0,0.7,247.93661360347323,3.329874651810585,0.5,0.5571030640668524,3.15
2024-02-17 02:00:00,2,21,1,4,15,1,0,5,8,2,10,2,16.833333333333332,371.0,3.0,7.18,52.5,0.7555555555555555,255.7216136034732,3.9549409736039274,0.525,0.6963788300835655,3.238095238095238
2024-02-17 03:00:00,3,23,1,4,16,2,0,7,9,2,11,2,17.833333333333332,377.0,3.0,7.18,57.49999999999999,0.8390804597701149,279.05161360347324,4.919344192806104,0.575,0.9749303621169916,3.1739130434782608
2024-02-17 04:00:00,4,25,0,3,19,3,0,5,10,1,11,1,18.83333333333333,437.0,3.0,7.18,62.5,0.8620689655172413,288.1133068017366,3.964136490250697,0.625,0.6963788300835655,3.0
2024-02-17 05:00:00,5,19,0,3,14,2,0,1,10,1,11,1,19.83333333333333,497.0,3.0,7.18,47.5,0.6666666666666666,280.8833068017366,1.8751576015247031,0.475,0.1392757660167131,3.0526315789473686
2024-02-17 06:00:00,6,19,0,3,14,2,0,1,10,1,11,1,20.83333333333333,557.0,3.0,7.18,47.5,0.6666666666666666,286.5233068017366,1.8751576015247031,0.475,0.1392757660167131,3.0526315789473686
2024-02-17 07:00:00,7,17,0,4,12,1,0,2,8,1,9,1,21.83333333333333,725.0,3.0,7.18,42.5,0.5806451612903226,261.07330680173663,2.23481074881206,0.425,0.2785515320334262,3.176470588235294
2024-02-17 08:00:00,8,21,0,3,17,1,0,6,8,1,9,1,22.83333333333333,785.0,3.0,6.3,52.5,0.6989247311827957,275.2933068017366,4.572845804988662,0.525,0.9523809523809524,3.095238095238096
2024-02-17 09:00:00,9,21,0,5,16,0,0,8,7,2,9,2,23.83333333333333,716.0,3.0,6.3,52.5,0.7311827956989247,281.80161360347324,5.8118669690098255,0.525,1.2698412698412698,3.238095238095238
2024-02-17 10:00:00,10,20,0,4,16,0,0,5,10,2,12,2,24.83333333333333,557.0,4.0,9.64,50.0,0.5714285714285714,325.4966136034732,3.2597510373443983,0.5,0.5186721991701244,3.2
2024-02-17 11:00:00,11,27,0,7,20,0,0,16,9,3,12,3,25.83333333333333,91.0,4.0,9.64,67.5,0.7857142857142857,347.01992040520986,7.609558936529891,0.675,1.6597510373443982,3.259259259259259
2024-02-17 12:00:00,12,28,0,8,20,0,0,12,8,4,12,4,26.83333333333333,120.5,4.0,9.64,70.0,0.8214285714285714,355.6732272069464,6.390100770598695,0.7,1.2448132780082988,3.2857142857142856
2024-02-17 13:00:00,13,27,1,8,18,0,0,8,6,4,10,4,27.83333333333333,133.0,4.0,9.64,67.5,0.7583333333333333,332.3682272069465,5.071987859228523,0.675,0.8298755186721991,3.3703703703703702
2024-02-17 14:00:00,14,29,1,7,17,2,2,10,7,4,11,4,28.83333333333333,190.0,4.0,9.64,72.5,0.7758620689655172,355.6982272069464,5.469344684504221,0.725,1.0373443983402488,3.103448275862069
2024-02-17 15:00:00,15,30,1,6,21,0,2,12,9,3,12,3,16.45,154.5,4.0,9.64,75.0,0.8392857142857143,300.53292040520984,6.250414937759336,0.75,1.2448132780082988,3.1333333333333333
2024-02-17 16:00:00,16,34,1,9,23,1,0,8,8,4,12,4,17.45,176.5,4.0,9.64,85.0,1.0,315.62122720694646,5.5337075909201845,0.85,0.8298755186721991,3.294117647058824
2024-02-17 17:00:00,17,38,1,9,23,5,0,13,13,4,17,4,18.45,153.0,4.0,9.64,95.0,1.3043478260869563,396.8412272069464,7.258571740554705,0.95,1.3485477178423235,3.1578947368421053
2024-02-17 18:00:00,18,41,1,9,24,7,0,10,15,4,19,4,19.45,194.0,4.0,9.64,102.5,1.511904761904762,435.7162272069464,6.388237526566137,1.025,1.0373443983402488,3.097560975609756
2024-02-17 19:00:00,19,27,0,6,15,6,0,4,10,2,12,2,10.116666666666667,162.0,4.0,9.64,67.5,0.7232142857142857,257.5096136034732,3.269813278008299,0.675,0.4149377593360995,3.0
2024-02-17 20:00:00,20,31,0,7,15,9,0,13,10,2,12,2,11.116666666666667,198.0,4.0,9.97,77.5,0.8125,271.72961360347324,6.10261186786165,0.775,1.303911735205617,2.935483870967742
2024-02-17 21:00:00,21,34,0,7,17,10,0,13,11,2,13,2,12.116666666666667,252.0,4.0,9.97,85.0,0.9166666666666666,297.20461360347326,6.271684170157532,0.85,1.303911735205617,2.911764705882353
2024-02-17 22:00:00,22,29,0,4,14,11,0,12,6,2,8,2,13.116666666666667,234.0,3.0,6.63,72.5,0.8333333333333334,225.11961360347323,6.992978623810267,0.725,1.8099547511312215,2.7586206896551726
2024-02-17 23:00:00,23,25,0,2,15,8,0,10,5,1,6,1,12.816666666666666,213.5,3.0,6.63,62.5,0.6764705882352942,187.17930680173663,5.887895927601809,0.625,1.5082956259426847,2.76
2024-02-18 00:00:00,0,17,1,2,11,3,0,3,5,2,7,2,13.816666666666666,271.0,3.0,6.63,42.5,0.5252525252525253,189.9276136034732,2.6840830449826987,0.425,0.4524886877828054,3.0588235294117645
2024-02-18 01:00:00,1,22,1,3,15,3,0,8,6,2,8,2,14.816666666666666,325.5,3.0,6.63,55.00000000000001,0.7083333333333334,219.6926136034732,5.42960372960373,0.55,1.2066365007541475,3.090909090909091
2024-02-18 02:00:00,2,21,0,5,14,2,0,5,7,1,8,1,15.816666666666666,385.5,3.0,6.63,52.5,0.6875,222.31930680173664,4.020178840767076,0.525,0.7541478129713424,3.142857142857143
2024-02-18 03:00:00,3,21,0,6,13,2,0,7,7,1,8,1,16.816666666666666,445.5,3.0,6.63,52.5,0.6979166666666666,227.9593068017366,5.043526897938664,0.525,1.0558069381598794,3.1904761904761907
2024-02-18 04:00:00,4,22,0,7,13,2,0,4,7,1,8,1,17.816666666666666,505.5,3.0,6.63,55.00000000000001,0.7395833333333334,235.74430680173663,3.722072535307829,0.55,0.6033182503770739,3.227272727272727
2024-02-18 05:00:00,5,24,0,7,15,2,0,5,9,1,10,1,18.816666666666663,522.5,3.0,6.63,60.0,0.8555555555555555,272.4743068017366,4.34455756661639,0.6,0.7541478129713424,3.208333333333333
2024-02-18 06:00:00,6,26,0,7,17,2,0,5,10,1,11,1,19.816666666666663,545.0,3.0,6.63,65.0,0.9540229885057472,295.80430680173663,4.482471864485439,0.65,0.7541478129713424,3.1923076923076925
2024-02-18 07:00:00,7,22,1,6,12,3,0,2,10,1,11,1,20.816666666666663,605.0,3.0,6.63,55.00000000000001,0.8160919540229885,292.86430680173663,2.7485362676539147,0.55,0.3016591251885369,3.227272727272727
2024-02-18 08:00:00,8,21,0,5,12,4,0,3,12,1,13,1,21.816666666666663,437.0,3.0,6.42,52.5,0.7901234567901234,323.15930680173665,3.024121050289274,0.525,0.4672897196261682,3.0476190476190474
2024-02-18 09:00:00,9,25,0,4,14,7,0,9,9,1,10,1,22.816666666666663,589.0,3.0,6.42,62.5,0.8,297.17930680173663,5.837383177570093,0.625,1.4018691588785046,2.88
2024-02-18 10:00:00,10,26,0,4,17,5,0,7,9,1,10,1,23.816666666666663,649.0,4.0,9.78,65.0,0.6416666666666667,304.9643068017366,4.044710555293378,0.65,0.7157464212678937,2.9615384615384617
2024-02-18 11:00:00,11,30,0,4,19,7,0,12,8,1,9,1,24.816666666666663,415.0,4.0,9.78,75.0,0.7016129032258065,305.7843068017366,5.733282208588957,0.75,1.2269938650306749,2.9
2024-02-18 12:00:00,12,33,0,5,22,6,0,15,8,1,9,1,25.816666666666663,251.0,4.0,9.78,82.5,0.7903225806451613,317.8593068017366,7.0047499535229605,0.825,1.5337423312883436,2.9696969696969697
2024-02-18 13:00:00,13,29,0,6,21,2,0,12,9,1,10,1,26.816666666666663,121.0,4.0,9.78,72.5,0.7583333333333333,328.3193068017366,6.125222128199704,0.725,1.2269938650306749,3.1379310344827585
2024-02-18 14:00:00,14,24,0,4,19,1,0,10,10,1,11,1,27.816666666666663,91.0,4.0,9.78,60.0,0.646551724137931,336.6343068017366,5.070296523517383,0.6,1.0224948875255624,3.125
2024-02-18 15:00:00,15,33,0,7,22,4,0,16,13,1,14,1,28.816666666666663,107.0,4.0,9.78,82.5,0.9807692307692308,401.7793068017365,7.606701989217327,0.825,1.6359918200408998,3.090909090909091
2024-02-18 16:00:00,16,34,0,8,24,2,0,7,13,2,15,2,29.816666666666663,159.0,4.0,9.78,85.0,1.08,423.8326136034733,4.973547455792133,0.85,0.7157464212678937,3.176470588235294
2024-02-18 17:00:00,17,36,0,7,26,3,0,14,15,2,17,2,30.816666666666663,141.0,4.0,9.78,90.0,1.2173913043478262,460.5626136034732,7.253533287889116,0.9,1.4314928425357871,3.111111111111111
2024-02-18 18:00:00,18,35,1,6,25,3,0,8,17,2,19,2,31.816666666666663,197.0,4.0,9.78,87.5,1.3095238095238095,490.8576136034733,5.3208442886357,0.875,0.8179959100204499,3.142857142857143
2024-02-18 19:00:00,19,38,1,6,24,6,1,15,15,2,17,2,32.81666666666667,257.0,4.0,9.78,95.0,1.2391304347826086,476.13261360347326,7.451226993865031,0.95,1.5337423312883436,3.0
2024-02-18 20:00:00,20,30,1,4,20,3,2,10,14,1,15,1,22.45,309.0,4.0,10.55,75.0,0.89,372.8363068017366,5.037006319115324,0.75,0.9478672985781992,2.966666666666667
2024-02-18 21:00:00,21,40,1,5,22,9,3,16,15,1,16,1,23.45,365.5,4.0,10.55,100.0,1.1666666666666667,413.3263068017366,7.046445497630332,1.0,1.5165876777251186,2.8
2024-02-18 22:00:00,22,42,1,6,26,8,1,15,20,1,21,1,24.45,359.0,3.0,7.19,105.0,2.175438596491228,490.2563068017366,9.259348301212004,1.05,2.0862308762169683,2.952380952380953
2024-02-18 23:00:00,23,33,1,6,21,4,1,4,19,1,20,1,24.95,440.5,3.0,7.19,82.5,1.6833333333333331,460.37130680173664,4.227701563619505,0.825,0.5563282336578582,3.060606060606061
2024-02-19 00:00:00,0,32,1,6,22,2,1,6,19,1,20,1,25.95,500.5,3.0,7.19,80.0,1.6666666666666667,463.8663068017365,5.10778859527121,0.8,0.8344923504867873,3.125
2024-02-19 01:00:00,1,38,1,7,24,5,1,10,20,2,22,2,26.95,519.5,3.0,7.19,95.0,2.1481481481481484,510.0446136034732,7.14566283580997,0.95,1.3908205841446457,3.0526315789473686
2024-02-19 02:00:00,2,32,1,9,19,2,1,4,21,2,23,2,27.95,560.0,3.0,7.19,80.0,2.019607843137255,516.2146136034733,4.365681502086232,0.8,0.5563282336578582,3.21875
2024-02-19 03:00:00,3,30,1,9,17,2,1,2,20,2,22,2,28.95,639.5,3.0,7.19,75.0,1.7962962962962965,504.1646136034732,3.324397311080204,0.75,0.2781641168289291,3.2333333333333334
2024-02-19 04:00:00,4,37,2,9,19,5,2,8,22,3,25,3,29.95,678.0,3.0,7.19,92.5,2.555555555555556,565.8879204052098,6.333256587602902,0.925,1.1126564673157164,3.108108108108108
2024-02-19 05:00:00,5,34,2,8,18,5,1,0,22,2,24,2,30.95,739.0,3.0,7.19,85.0,2.2291666666666665,550.8246136034733,2.675,0.85,0.0,3.147058823529412
2024-02-19 06:00:00,6,37,2,7,24,3,1,6,23,2,25,2,31.95,798.0,3.0,7.19,92.5,2.6,576.2996136034732,5.563800135323085,0.925,0.8344923504867873,3.1621621621621623
2024-02-19 07:00:00,7,37,2,7,24,3,1,3,23,2,25,2,32.95,858.0,3.0,7.19,92.5,2.6,581.9396136034732,4.244400067661542,0.925,0.4172461752433936,3.1621621621621623
2024-02-19 08:00:00,8,40,3,9,25,2,1,5,24,3,27,3,33.95,883.0,3.0,7.68,100.0,3.358974358974359,621.6829204052099,5.407161458333333,1.0,0.6510416666666667,3.275
2024-02-19 09:00:00,9,48,3,9,33,3,0,11,22,3,25,3,34.95,978.0,3.0,7.68,120.0,3.466666666666667,617.6829204052099,8.554947916666666,1.2,1.4322916666666667,3.25
2024-02-19 10:00:00,10,55,3,10,40,2,0,11,22,3,25,3,35.95,1003.0,4.0,10.93,137.5,2.9833333333333334,638.3379204052098,7.750388838060385,1.375,1.0064043915827996,3.2545454545454544
2024-02-19 11:00:00,11,49,3,7,36,3,0,9,18,3,21,3,36.95,1063.0,4.0,10.93,122.5,2.0657894736842106,577.5079204052099,6.563310584984222,1.225,0.8234217749313816,3.204081632653061
2024-02-19 12:00:00,12,51,3,8,38,2,0,12,19,3,22,3,37.95,898.5,4.0,10.93,127.5,2.2916666666666665,600.8379204052098,7.677015499703999,1.275,1.0978956999085088,3.235294117647059
2024-02-19 13:00:00,13,50,3,7,40,0,0,11,19,3,22,3,38.95,384.0,4.0,10.93,125.0,2.263888888888889,604.3329204052098,7.355878316559927,1.25,1.0064043915827996,3.26
2024-02-19 14:00:00,14,49,2,7,40,0,0,11,18,3,21,3,26.45,374.0,4.0,10.93,122.5,2.0789473684210527,518.2879204052099,7.19514069122617,1.225,1.0064043915827996,3.224489795918368
2024-02-19 15:00:00,15,41,2,4,35,0,0,6,15,3,18,3,27.45,295.0,4.0,10.93,102.5,1.4886363636363635,466.56792040520986,5.028955325463594,1.025,0.5489478499542544,3.1951219512195124
2024-02-19 16:00:00,16,30,1,2,27,0,0,3,15,2,17,2,28.45,282.0,4.0,10.93,75.0,1.0217391304347827,434.3446136034733,3.2100182982616654,0.75,0.2744739249771272,3.1333333333333333
2024-02-19 17:00:00,17,37,3,2,30,1,1,10,16,2,18,2,29.45,336.5,4.0,10.93,92.5,1.318181818181818,468.3996136034732,5.768376152914122,0.925,0.9149130832570906,3.135135135135135
2024-02-19 18:00:00,18,34,3,3,28,0,0,5,19,2,21,2,30.45,319.0,4.0,10.93,85.0,1.4605263157894737,507.8046136034732,4.268461062375545,0.85,0.4574565416285453,3.264705882352941
2024-02-19 19:00:00,19,34,3,3,27,1,0,6,17,2,19,2,31.45,379.0,4.0,10.93,85.0,1.3095238095238095,486.6446136034732,4.526007749851999,0.85,0.5489478499542544,3.235294117647059
2024-02-19 20:00:00,20,34,3,3,26,2,0,9,16,2,18,2,32.45,401.5,4.0,10.05,85.0,1.2386363636363635,478.8846136034732,5.595939420544338,0.85,0.8955223880597014,3.2058823529411766
2024-02-19 21:00:00,21,31,2,3,25,1,0,7,14,2,16,2,33.45,437.0,4.0,10.05,77.5,1.03125,451.2896136034733,4.699362060664419,0.775,0.6965174129353233,3.193548387096774
2024-02-19 22:00:00,22,32,2,3,25,2,0,6,14,2,16,2,34.45,497.0,3.0,6.8,80.0,1.4027777777777777,459.07461360347327,5.309926470588235,0.8,0.8823529411764706,3.15625
2024-02-19 23:00:00,23,40,2,3,24,11,0,14,15,2,17,2,35.45,554.0,3.0,6.8,100.0,1.681159420289855,495.2746136034732,8.870588235294118,1.0,2.058823529411765,2.9
2024-02-20 00:00:00,0,37,2,5,25,5,0,10,19,3,22,3,36.45,454.5,3.0,6.8,92.5,2.1296296296296298,562.3479204052098,7.445747217806041,0.925,1.4705882352941178,3.108108108108108
2024-02-20 01:00:00,1,37,1,4,25,7,0,6,20,1,21,1,37.45,470.0,3.0,6.8,92.5,1.9298245614035088,552.8513068017367,5.373211446740858,0.925,0.8823529411764706,2.972972972972973
2024-02-20 02:00:00,2,30,1,4,20,5,0,1,18,1,19,1,38.45,619.0,3.0,6.8,75.0,1.4444444444444444,516.6763068017366,2.721078431372549,0.75,0.1470588235294117,3.033333333333333
2024-02-20 03:00:00,3,32,1,4,24,3,0,5,19,1,20,1,39.45,634.5,3.0,6.8,80.0,1.65,540.0063068017366,4.749816176470588,0.8,0.7352941176470589,3.09375
2024-02-20 04:00:00,4,37,1,4,28,4,0,7,20,1,21,1,40.45,650.0,3.0,6.8,92.5,1.9824561403508767,569.7713068017366,5.968879173290938,0.925,1.0294117647058825,3.054054054054054
2024-02-20 05:00:00,5,38,2,4,26,6,0,4,20,1,21,1,41.45,710.0,3.0,6.8,95.0,2.0350877192982457,577.5563068017366,4.695665634674922,0.95,0.5882352941176471,3.0526315789473686
2024-02-20 06:00:00,6,37,2,4,27,4,0,4,20,1,21,1,42.45,770.0,3.0,6.8,92.5,2.017543859649123,581.0513068017367,4.703298887122416,0.925,0.5882352941176471,3.108108108108108
2024-02-20 07:00:00,7,35,2,4,25,4,0,1,19,1,20,1,43.45,874.5,3.0,6.8,87.5,1.8166666666666669,569.0013068017366,3.1829831932773107,0.875,0.1470588235294117,3.1142857142857143
2024-02-20 08:00:00,8,34,2,4,24,4,0,3,19,1,20,1,44.45,934.5,3.0,6.37,85.0,1.7666666666666666,572.4963068017366,4.118279619540124,0.85,0.4709576138147566,3.117647058823529
2024-02-20 09:00:00,9,36,1,5,25,5,0,8,19,1,20,1,45.45,919.5,3.0,6.37,90.0,1.8333333333333333,582.4263068017367,6.58743240886098,0.9,1.2558869701726845,3.055555555555556
2024-02-20 10:00:00,10,38,2,7,25,4,0,7,20,2,22,2,46.45,882.5,4.0,9.62,95.0,1.6805555555555556,620.0246136034732,5.341993106466791,0.95,0.7276507276507276,3.1842105263157894
2024-02-20 11:00:00,11,44,2,8,31,3,0,12,22,3,25,3,47.45,694.0,4.0,9.62,110.0,2.35,679.6029204052098,7.522353997353998,1.1,1.2474012474012472,3.2045454545454546
2024-02-20 12:00:00,12,43,2,8,31,1,1,9,20,4,24,4,44.7,652.0,4.0,9.62,107.5,2.15625,649.4162272069465,6.452465793163468,1.075,0.9355509355509356,3.2093023255813957
2024-02-20 13:00:00,13,51,2,9,35,2,3,12,20,4,24,4,45.7,463.5,4.0,9.62,127.5,2.46875,672.2162272069465,7.814497982145041,1.275,1.2474012474012472,3.0980392156862746
2024-02-20 14:00:00,14,46,2,9,29,3,3,3,19,4,23,4,46.7,302.0,4.0,9.62,115.0,2.088235294117647,653.7312272069464,4.5126683539727015,1.15,0.3118503118503118,3.0869565217391304
2024-02-20 15:00:00,15,49,1,8,32,4,4,9,19,2,21,2,47.7,362.0,4.0,9.62,122.5,1.9078947368421053,637.2696136034733,6.39346705418134,1.225,0.9355509355509356,2.959183673469388
2024-02-20 16:00:00,16,46,1,8,33,2,2,11,26,3,29,3,48.7,337.0,4.0,9.62,115.0,3.227272727272727,744.5429204052099,7.079783964566573,1.15,1.1434511434511434,3.0869565217391304
2024-02-20 17:00:00,17,51,0,9,39,2,1,10,32,3,35,3,49.7,322.0,4.0,9.62,127.5,7.9,841.3079204052099,7.170414985120867,1.275,1.0395010395010391,3.0980392156862746
2024-02-20 18:00:00,18,58,0,9,46,2,1,11,34,2,36,2,50.7,299.5,4.0,9.62,145.0,11.1875,874.4946136034732,8.003926804788874,1.45,1.1434511434511434,3.086206896551724
2024-02-20 19:00:00,19,59,0,10,45,3,1,9,34,3,37,3,51.7,261.0,4.0,9.62,147.5,15.166666666666666,896.5479204052099,7.435936784241869,1.475,0.9355509355509356,3.0847457627118646
2024-02-20 20:00:00,20,60,0,11,44,4,1,12,34,3,37,3,52.7,321.0,4.0,10.56,150.0,15.416666666666666,904.33292040521,8.128787878787879,1.5,1.1363636363636362,3.083333333333333
2024-02-20 21:00:00,21,68,0,12,48,7,1,16,33,2,35,2,53.7,423.0,4.0,10.56,170.0,10.35,899.4646136034733,9.78729946524064,1.7,1.5151515151515151,3.044117647058824
2024-02-20 22:00:00,22,62,0,10,43,8,1,7,34,1,35,1,54.7,483.0,3.0,7.31,155.0,12.4,891.3663068017365,7.5227770177838575,1.55,0.9575923392612858,3.0
2024-02-20 23:00:00,23,59,0,10,41,7,1,6,34,1,35,1,55.7,543.0,3.0,7.31,147.5,11.866666666666667,890.5713068017367,6.926292054070347,1.475,0.8207934336525308,3.016949152542373
2024-02-21 00:00:00,0,57,0,11,40,5,1,8,34,1,35,1,56.7,603.0,3.0,7.31,142.5,11.666666666666666,891.9213068017366,7.73497312021504,1.425,1.094391244870041,3.0701754385964914
2024-02-21 01:00:00,1,56,0,12,39,4,1,3,34,1,35,1,57.7,663.0,3.0,7.31,140.0,11.6,895.4163068017366,5.625161227281611,1.4,0.4103967168262654,3.107142857142857
2024-02-21 02:00:00,2,51,0,12,36,3,0,2,34,1,35,1,58.7,723.0,3.0,7.31,127.5,10.8,890.3313068017366,4.919075400337973,1.275,0.2735978112175102,3.176470588235294
2024-02-21 03:00:00,3,52,0,12,37,3,0,4,35,1,36,1,59.7,762.0,3.0,7.31,130.0,13.75,911.5163068017366,5.8612938019572765,1.3,0.5471956224350205,3.173076923076923
2024-02-21 04:00:00,4,48,0,12,33,3,0,2,35,1,36,1,60.7,822.0,3.0,7.31,120.0,12.75,908.5763068017366,4.697093023255814,1.2,0.2735978112175102,3.1875
2024-02-21 05:00:00,5,48,0,12,34,2,0,2,35,1,36,1,61.7,882.0,3.0,7.31,120.0,12.833333333333334,914.2163068017368,4.727792977656179,1.2,0.2735978112175102,3.208333333333333
2024-02-21 06:00:00,6,47,0,10,35,2,0,4,34,0,34,0,61.98333333333333,942.0,3.0,7.31,117.5,8.277777777777779,886.001,5.459726547719533,1.175,0.5471956224350205,3.1702127659574466
2024-02-21 07:00:00,7,46,0,10,33,3,0,3,34,0,34,0,62.98333333333333,1002.0,3.0,7.31,115.0,8.055555555555555,889.496,4.918641824778445,1.15,0.4103967168262654,3.152173913043478
2024-02-21 08:00:00,8,45,0,10,33,2,0,5,35,0,35,0,63.98333333333333,1041.0,3.0,7.68,112.5,9.533333333333331,906.391,5.643865740740741,1.125,0.6510416666666667,3.1777777777777776
2024-02-21 09:00:00,9,46,0,11,33,2,0,7,33,0,33,0,64.98333333333333,1032.0,3.0,7.68,115.0,7.0,887.376,6.587703804347826,1.15,0.9114583333333334,3.1956521739130435
2024-02-21 10:00:00,10,50,0,12,36,2,0,12,32,0,32,0,65.98333333333333,1086.5,4.0,11.38,125.0,5.0,888.1959999999999,7.374340949033393,1.25,1.0544815465729351,3.2
2024-02-21 11:00:00,11,50,2,12,34,2,0,10,29,1,30,1,66.98333333333333,1060.0,4.0,11.38,125.0,4.1,867.9043068017365,6.98224956063269,1.25,0.8787346221441126,3.28
2024-02-21 12:00:00,12,47,3,10,32,2,0,10,26,1,27,1,67.98333333333333,1077.0,4.0,11.38,117.5,2.980769230769231,826.9093068017366,6.772954604943351,1.175,0.8787346221441126,3.297872340425532
2024-02-21 13:00:00,13,49,3,9,35,2,0,11,24,1,25,1,68.98333333333333,1040.0,4.0,11.38,122.5,2.6666666666666665,810.0393068017365,7.156271295864569,1.225,0.966608084358524,3.26530612244898
2024-02-21 14:00:00,14,45,2,7,33,3,0,8,23,0,23,0,27.616666666666667,417.0,4.0,11.38,112.5,2.1029411764705883,540.483,5.80893868385081,1.125,0.70298769771529,3.1777777777777776
2024-02-21 15:00:00,15,36,2,6,26,2,0,5,20,0,20,0,28.616666666666667,310.5,4.0,11.38,90.0,1.45,486.61800000000005,4.315739113454404,0.9,0.4393673110720563,3.2222222222222223
2024-02-21 16:00:00,16,33,3,5,22,3,0,13,20,0,20,0,24.58333333333333,273.5,4.0,11.38,82.5,1.3375,457.435,6.37899957394685,0.825,1.1423550087873464,3.242424242424242
2024-02-21 17:00:00,17,33,3,5,20,5,0,9,22,0,22,0,25.58333333333333,303.5,4.0,11.38,82.5,1.4583333333333333,489.875,5.14137641795814,0.825,0.7908611599297013,3.1818181818181817
2024-02-21 18:00:00,18,33,3,6,19,5,0,7,21,0,21,0,26.58333333333333,387.0,4.0,11.38,82.5,1.394736842105263,482.115,4.625821483730095,0.825,0.6151142355008787,3.212121212121212
2024-02-21 19:00:00,19,33,3,6,20,4,0,7,19,0,19,0,27.58333333333333,317.0,4.0,11.38,82.5,1.2738095238095235,460.955,4.669461309048304,0.825,0.6151142355008787,3.242424242424242
2024-02-21 20:00:00,20,30,3,6,17,4,0,8,18,0,18,0,28.58333333333333,359.5,4.0,10.71,75.0,1.1136363636363635,446.76,4.890087145969499,0.75,0.7469654528478057,3.2666666666666666
2024-02-21 21:00:00,21,32,3,5,19,4,1,6,20,0,20,0,29.58333333333333,388.5,4.0,10.71,80.0,1.2625,483.49,4.293207282913166,0.8,0.5602240896358543,3.15625
2024-02-21 22:00:00,22,30,3,5,16,4,2,8,19,0,19,0,30.58333333333333,403.0,3.0,7.01,75.0,1.4761904761904765,471.44,5.862803138373752,0.75,1.1412268188302426,3.1
2024-02-21 23:00:00,23,36,4,6,21,4,1,12,21,1,22,1,31.58333333333333,440.0,3.0,7.01,90.0,2.1481481481481484,531.0183068017366,8.415929624346173,0.9,1.7118402282453635,3.2222222222222223
2024-02-22 00:00:00,0,36,4,5,23,3,1,9,21,1,22,1,32.583333333333336,500.0,3.0,7.01,90.0,2.1481481481481484,536.6583068017367,7.0369472182596295,0.9,1.2838801711840229,3.2222222222222223
2024-02-22 01:00:00,1,32,3,5,21,2,1,3,21,1,22,1,33.583333333333336,560.0,3.0,7.01,80.0,1.9074074074074077,533.7183068017366,3.952496433666191,0.8,0.4279600570613409,3.21875
2024-02-22 02:00:00,2,28,3,5,18,1,1,4,21,1,22,1,34.583333333333336,620.0,3.0,7.01,70.0,1.7037037037037035,530.7783068017366,4.174872630935399,0.7,0.5706134094151213,3.2857142857142856
2024-02-22 03:00:00,3,27,3,5,18,0,1,3,21,1,22,1,35.583333333333336,680.0,3.0,7.01,67.5,1.6666666666666667,534.2733068017367,3.6765335235378034,0.675,0.4279600570613409,3.333333333333333
2024-02-22 04:00:00,4,27,4,5,17,0,1,5,21,1,22,1,36.583333333333336,740.0,3.0,7.01,67.5,1.7037037037037035,539.9133068017367,4.730390447508849,0.675,0.7132667617689016,3.4074074074074074
2024-02-22 05:00:00,5,28,4,5,18,0,1,1,22,1,23,1,37.583333333333336,793.0,3.0,7.01,70.0,1.862745098039216,561.0983068017366,2.85900244548604,0.7,0.1426533523537803,3.392857142857143
2024-02-22 06:00:00,6,32,5,5,20,1,1,4,23,1,24,1,38.583333333333336,841.5,3.0,7.01,80.0,2.25,588.7183068017366,4.625820256776035,0.8,0.5706134094151213,3.375
2024-02-22 07:00:00,7,33,5,6,20,1,1,3,23,1,24,1,39.583333333333336,901.5,3.0,7.01,82.5,2.333333333333333,596.5033068017367,4.252470496693036,0.825,0.4279600570613409,3.393939393939394
2024-02-22 08:00:00,8,37,5,6,23,2,1,7,23,1,24,1,40.583333333333336,961.5,3.0,7.73,92.5,2.5625,610.7233068017366,6.08538425229887,0.925,0.9055627425614488,3.324324324324324
2024-02-22 09:00:00,9,34,5,6,20,2,1,8,19,1,20,1,41.583333333333336,765.5,3.0,7.73,85.0,1.9,556.3283068017366,6.320055551327906,0.85,1.034928848641656,3.3529411764705883
2024-02-22 10:00:00,10,41,4,7,25,4,1,15,18,1,19,1,23.933333333333334,678.0,4.0,11.43,102.5,1.5714285714285714,458.3973068017366,7.52508162089495,1.025,1.3123359580052494,3.2195121951219514
2024-02-22 11:00:00,11,40,3,6,26,4,1,9,14,0,14,0,24.933333333333334,344.5,4.0,11.43,100.0,1.2115384615384617,394.024,5.630314960629921,1.0,0.7874015748031497,3.15
2024-02-22 12:00:00,12,37,3,6,24,4,0,5,12,0,12,0,21.25,301.5,4.0,11.43,92.5,1.0625,340.015,4.381918729753376,0.925,0.4374453193350831,3.216216216216216
2024-02-22 13:00:00,13,35,5,4,21,3,2,10,15,0,15,0,21.45,214.0,4.0,11.43,87.5,1.12,377.053,5.599650043744532,0.875,0.8748906386701663,3.2
2024-02-22 14:00:00,14,40,3,3,27,6,1,15,15,0,15,0,15.216666666666669,106.0,4.0,11.43,100.0,1.21,352.622,6.994816272965879,1.0,1.3123359580052494,3.025
2024-02-22 15:00:00,15,35,3,2,25,4,1,5,14,0,14,0,16.216666666666665,156.0,4.0,11.43,87.5,1.0288461538461535,334.137,4.012332833395825,0.875,0.4374453193350831,3.057142857142857
2024-02-22 16:00:00,16,28,3,2,21,2,0,3,10,0,10,0,17.216666666666665,236.0,4.0,11.43,70.0,0.75,271.162,3.093644544431946,0.7,0.2624671916010498,3.2142857142857144
2024-02-22 17:00:00,17,24,2,4,18,0,0,6,11,0,11,0,8.2,266.0,4.0,11.43,60.0,0.6896551724137931,225.128,3.749781277340333,0.6,0.5249343832020997,3.333333333333333
2024-02-22 18:00:00,18,27,1,4,21,1,0,7,14,0,14,0,9.2,281.5,4.0,11.43,67.5,0.8269230769230769,277.403,4.100682090664593,0.675,0.6124234470691163,3.185185185185185
2024-02-22 19:00:00,19,32,1,3,27,1,0,9,15,0,15,0,10.2,340.0,4.0,11.43,80.0,1.0,307.168,4.960629921259844,0.8,0.7874015748031497,3.125
2024-02-22 20:00:00,20,25,1,1,21,2,0,8,14,0,14,0,10.633333333333333,191.0,4.0,10.07,62.5,0.7307692307692307,281.197,4.315094339622641,0.625,0.7944389275074478,3.04
2024-02-22 21:00:00,21,25,1,2,20,2,0,6,13,0,13,0,11.633333333333333,270.0,4.0,10.07,62.5,0.7129629629629629,273.437,3.7601539225422047,0.625,0.5958291956305859,3.08
2024-02-22 22:00:00,22,29,2,3,22,2,0,9,13,1,14,1,12.633333333333333,311.0,3.0,6.37,72.5,1.1794871794871795,301.9253068017366,6.782217290099064,0.725,1.41287284144427,3.1724137931034484
2024-02-22 23:00:00,23,19,1,2,15,1,0,2,12,0,12,0,13.633333333333333,485.0,3.0,6.37,47.5,0.7142857142857143,258.447,2.491489713294224,0.475,0.3139717425431711,3.1578947368421053
2024-02-23 00:00:00,0,25,1,3,20,1,0,8,13,0,13,0,14.633333333333333,450.0,3.0,6.37,62.5,0.9753086419753086,290.357,5.943602825745683,0.625,1.2558869701726845,3.16
2024-02-23 01:00:00,1,26,2,6,17,1,0,7,17,1,18,1,15.633333333333333,422.0,3.0,6.37,65.0,1.318181818181818,366.0103068017367,5.8520921386306,0.65,1.0989010989010988,3.3461538461538463
2024-02-23 02:00:00,2,27,2,7,17,1,0,3,17,1,18,1,16.633333333333333,482.0,3.0,6.37,67.5,1.378787878787879,373.7953068017366,3.8623015873015873,0.675,0.4709576138147566,3.3703703703703702
2024-02-23 03:00:00,3,30,1,9,19,1,0,6,18,0,18,0,17.633333333333333,542.0,3.0,6.37,75.0,1.5151515151515151,385.002,5.639717425431711,0.75,0.9419152276295132,3.333333333333333
2024-02-23 04:00:00,4,27,1,7,18,1,0,1,18,0,18,0,18.633333333333333,602.0,3.0,6.37,67.5,1.3484848484848484,384.207,2.742471946043375,0.675,0.1569858712715855,3.2962962962962963
2024-02-23 05:00:00,5,27,1,7,18,1,0,2,18,0,18,0,19.633333333333333,662.0,3.0,6.37,67.5,1.3484848484848484,389.847,3.2599438920867496,0.675,0.3139717425431711,3.2962962962962963
2024-02-23 06:00:00,6,25,1,5,18,1,0,2,18,1,19,1,20.633333333333333,712.0,3.0,6.37,62.5,1.2857142857142858,405.4653068017366,3.0422684458398748,0.625,0.3139717425431711,3.24
2024-02-23 07:00:00,7,33,2,7,23,1,0,8,20,2,22,2,21.633333333333333,707.5,3.0,6.37,82.5,2.0185185185185186,469.3336136034732,6.873232719661291,0.825,1.2558869701726845,3.303030303030303
2024-02-23 08:00:00,8,36,2,8,25,1,0,4,21,3,24,3,22.633333333333333,626.5,3.0,6.58,90.0,2.4791666666666665,509.0769204052099,4.984456264775414,0.9,0.60790273556231,3.305555555555556
2024-02-23 09:00:00,9,35,2,7,26,0,0,7,15,4,19,4,20.766666666666666,523.0,3.0,6.58,87.5,1.8412698412698407,430.2722272069464,6.425835866261399,0.875,1.0638297872340423,3.3142857142857145
2024-02-23 10:00:00,10,38,2,9,27,0,0,12,16,4,20,4,21.766666666666666,359.5,4.0,9.83,95.0,1.5875,455.7472272069465,7.254884349734967,0.95,1.2207527975584944,3.3421052631578947
2024-02-23 11:00:00,11,47,0,9,36,2,0,20,17,2,19,2,22.766666666666666,276.0,4.0,9.83,117.5,1.761904761904762,465.5556136034732,10.106787731867277,1.175,2.034587995930824,3.148936170212766
2024-02-23 12:00:00,12,47,0,10,36,1,0,10,18,2,20,2,18.2,143.0,4.0,9.83,117.5,1.875,453.19961360347327,6.996682972230038,1.175,1.017293997965412,3.191489361702128
2024-02-23 13:00:00,13,43,0,12,30,1,0,9,16,3,19,3,12.85,164.0,4.0,9.83,107.5,1.6666666666666667,401.9139204052098,6.480907994038184,1.075,0.9155645981688708,3.255813953488372
2024-02-23 14:00:00,14,46,1,14,29,2,0,11,15,3,18,3,13.85,205.0,4.0,9.83,115.0,1.7272727272727273,400.5889204052098,7.497642531735149,1.15,1.1190233977619533,3.3043478260869565
2024-02-23 15:00:00,15,43,1,14,26,2,0,9,18,2,20,2,14.85,228.5,4.0,9.83,107.5,1.7875,425.7256136034732,6.619784593910431,1.075,0.9155645981688708,3.3255813953488373
2024-02-23 16:00:00,16,38,1,10,26,1,0,7,15,2,17,2,15.466666666666669,258.0,4.0,9.83,95.0,1.358695652173913,378.2786136034732,5.467453284788777,0.95,0.7121057985757884,3.289473684210526
2024-02-23 17:00:00,17,35,1,7,24,3,0,7,16,1,17,1,16.466666666666665,255.0,4.0,9.83,87.5,1.2065217391304348,376.61530680173655,5.033392675483214,0.875,0.7121057985757884,3.1714285714285717
2024-02-23 18:00:00,18,38,1,9,23,5,0,8,16,2,18,2,17.466666666666665,309.0,4.0,9.83,95.0,1.3636363636363635,402.9586136034732,5.57000588959683,0.95,0.8138351983723296,3.1578947368421053
2024-02-23 19:00:00,19,33,1,8,21,3,0,3,13,2,15,2,9.25,348.0,4.0,9.83,82.5,1.06,305.69161360347323,3.6303014889484873,0.825,0.3051881993896236,3.212121212121212
2024-02-23 20:00:00,20,28,1,7,18,2,0,4,11,2,13,2,10.25,408.0,4.0,10.02,70.0,0.8425925925925926,273.80661360347324,3.572405189620759,0.7,0.3992015968063872,3.25
2024-02-23 21:00:00,21,24,0,4,16,4,0,6,13,0,13,0,11.25,383.0,4.0,10.02,60.0,0.6666666666666666,269.13,3.5964071856287423,0.6,0.5988023952095809,3.0
2024-02-23 22:00:00,22,19,0,3,11,5,0,6,11,0,11,0,12.25,443.0,3.0,6.77,47.5,0.632183908045977,237.245,3.940497939827412,0.475,0.8862629246676514,2.8947368421052637
2024-02-23 23:00:00,23,23,0,2,14,7,0,10,11,0,11,0,13.25,435.0,3.0,6.77,57.49999999999999,0.735632183908046,251.46500000000003,5.71020486802389,0.575,1.4771048744460855,2.782608695652174
2024-02-24 00:00:00,0,25,0,3,16,6,0,10,12,0,12,0,14.25,484.0,3.0,6.77,62.5,0.8571428571428571,274.795,6.054062038404728,0.625,1.4771048744460855,2.88
2024-02-24 01:00:00,1,26,1,4,19,2,0,6,13,1,14,1,15.25,422.5,3.0,6.77,65.0,1.051282051282051,310.2483068017366,4.845136916259516,0.65,0.8862629246676514,3.1538461538461537
2024-02-24 02:00:00,2,23,0,2,19,2,0,3,15,0,15,0,16.25,372.0,3.0,6.77,57.49999999999999,0.92,321.985,3.0543943870014774,0.575,0.4431314623338257,3.0
2024-02-24 03:00:00,3,25,0,2,19,4,0,5,14,0,14,0,17.25,542.5,3.0,6.77,62.5,0.935897435897436,318.515,3.9815731166912856,0.625,0.7385524372230429,2.92
2024-02-24 04:00:00,4,24,0,2,19,3,0,3,15,0,15,0,18.25,492.0,3.0,6.77,60.0,0.9466666666666668,335.41,3.085930576070901,0.6,0.4431314623338257,2.958333333333333
2024-02-24 05:00:00,5,25,1,2,18,4,0,3,16,0,16,0,19.25,540.5,3.0,6.77,62.5,1.0416666666666667,356.595,3.204394387001477,0.625,0.4431314623338257,3.0
2024-02-24 06:00:00,6,27,1,2,20,4,0,3,17,0,17,0,20.25,589.0,3.0,6.77,67.5,1.173913043478261,379.925,3.3543943870014776,0.675,0.4431314623338257,3.0
2024-02-24 07:00:00,7,28,1,3,22,2,0,3,18,1,19,1,21.25,620.0,3.0,6.77,70.0,1.380952380952381,415.3783068017366,3.551872757965816,0.7,0.4431314623338257,3.107142857142857
2024-02-24 08:00:00,8,30,1,4,23,2,0,4,19,2,21,2,22.25,565.0,3.0,7.29,75.0,1.649122807017544,452.97661360347325,4.069250114311843,0.75,0.5486968449931413,3.1333333333333333
2024-02-24 09:00:00,9,28,1,4,21,2,0,3,17,1,18,1,23.25,754.5,3.0,7.29,70.0,1.3333333333333333,413.25830680173664,3.4933568489124047,0.7,0.411522633744856,3.142857142857143
2024-02-24 10:00:00,10,23,1,2,18,2,0,5,12,0,12,0,24.25,879.0,4.0,10.63,57.49999999999999,0.6339285714285714,326.905,3.227002126876355,0.575,0.4703668861712136,3.0869565217391304
2024-02-24 11:00:00,11,25,1,4,19,1,0,9,13,0,13,0,25.25,355.0,4.0,10.63,62.5,0.7407407407407407,350.235,4.70931326434619,0.625,0.8466603951081845,3.2
2024-02-24 12:00:00,12,26,1,5,20,0,0,9,11,0,11,0,26.25,117.0,4.0,10.63,65.0,0.7327586206896551,331.22,4.892928214776757,0.65,0.8466603951081845,3.269230769230769
2024-02-24 13:00:00,13,33,1,6,24,2,0,13,12,0,12,0,27.25,168.0,4.0,10.63,82.5,0.9375,365.275,6.516216967416403,0.825,1.2229539040451554,3.1818181818181817
2024-02-24 14:00:00,14,21,0,4,15,2,0,4,6,0,6,0,28.25,205.5,4.0,10.63,52.5,0.4779411764705882,264.775,2.789718003852529,0.525,0.3762935089369709,3.095238095238096
2024-02-24 15:00:00,15,23,0,5,13,5,0,14,4,0,4,0,29.25,293.5,4.0,10.63,57.49999999999999,0.4791666666666667,247.905,5.676081843838194,0.575,1.317027281279398,3.0
2024-02-24 16:00:00,16,22,0,4,12,6,0,7,4,0,4,0,30.25,353.5,4.0,10.63,55.00000000000001,0.4444444444444444,251.4,3.5156760454973064,0.55,0.658513640639699,2.909090909090909
2024-02-24 17:00:00,17,26,0,4,18,4,0,13,6,0,6,0,31.25,271.0,4.0,10.63,65.0,0.5735294117647058,292.42,5.618861712135466,0.65,1.2229539040451554,3.0
2024-02-24 18:00:00,18,22,0,3,18,1,0,7,6,0,6,0,32.25,331.0,4.0,10.63,55.00000000000001,0.5,289.48,3.735405798340888,0.55,0.658513640639699,3.090909090909091
2024-02-24 19:00:00,19,19,0,2,14,3,0,9,7,0,7,0,33.25,252.0,4.0,10.63,47.5,0.4242424242424242,302.08500000000004,3.895420111897807,0.475,0.8466603951081845,2.9473684210526314
2024-02-24 20:00:00,20,13,0,4,8,1,0,8,5,0,5,0,34.25,79.0,4.0,10.14,32.5,0.3,268.055,3.598930359581247,0.325,0.7889546351084812,3.230769230769231
2024-02-24 21:00:00,21,19,0,4,13,2,0,10,9,0,9,0,35.25,69.0,4.0,10.14,47.5,0.4758064516129032,340.165,4.537389702065815,0.475,0.9861932938856016,3.1052631578947367
2024-02-24 22:00:00,22,22,0,4,13,5,0,8,9,0,9,0,36.25,129.0,3.0,6.8,55.00000000000001,0.6989247311827957,352.24,5.100935828877006,0.55,1.1764705882352942,2.9545454545454546
2024-02-24 23:00:00,23,23,1,4,16,2,0,6,10,0,10,0,37.25,183.0,3.0,6.8,57.49999999999999,0.8111111111111111,373.425,4.625511508951406,0.575,0.8823529411764706,3.1739130434782608
2024-02-25 00:00:00,0,38,0,6,27,5,0,20,14,0,14,0,38.25,222.5,3.0,6.8,95.0,1.4743589743589745,464.84,11.77592879256966,0.95,2.9411764705882355,3.026315789473684
2024-02-25 01:00:00,1,35,0,9,23,3,0,11,14,0,14,0,39.25,282.5,3.0,6.8,87.5,1.4230769230769231,464.045,7.905252100840336,0.875,1.6176470588235294,3.1714285714285717
2024-02-25 02:00:00,2,28,0,9,17,2,0,6,14,0,14,0,40.25,342.5,3.0,6.8,70.0,1.1666666666666667,454.67,5.142647058823529,0.7,0.8823529411764706,3.25
2024-02-25 03:00:00,3,24,0,9,13,2,0,2,14,0,14,0,41.25,402.5,3.0,6.8,60.0,1.0128205128205128,451.73,2.9431372549019605,0.6,0.2941176470588235,3.2916666666666665
2024-02-25 04:00:00,4,23,0,9,12,2,0,1,14,0,14,0,42.25,462.5,3.0,6.8,57.49999999999999,0.9743589743589745,455.225,2.385933503836317,0.575,0.1470588235294117,3.3043478260869565
2024-02-25 05:00:00,5,24,0,8,14,2,0,5,16,0,16,0,43.25,506.0,3.0,6.8,60.0,1.0833333333333333,489.81,4.339705882352941,0.6,0.7352941176470589,3.25
2024-02-25 06:00:00,6,22,0,7,13,2,0,0,16,0,16,0,44.25,566.0,3.0,6.8,55.00000000000001,0.9861111111111112,491.16,1.775,0.55,0.0,3.227272727272727
2024-02-25 07:00:00,7,24,0,8,13,3,0,4,17,0,17,0,45.25,619.0,3.0,6.8,60.0,1.115942028985507,514.49,3.812254901960785,0.6,0.5882352941176471,3.208333333333333
2024-02-25 08:00:00,8,23,0,9,12,2,0,3,18,0,18,0,46.25,610.0,3.0,7.23,57.49999999999999,1.1515151515151516,531.385,3.271098683023633,0.575,0.4149377593360995,3.3043478260869565
2024-02-25 09:00:00,9,26,0,9,15,2,0,8,17,1,18,1,47.25,598.0,3.0,7.23,65.0,1.2878787878787878,544.3283068017366,5.742406107032663,0.65,1.106500691562932,3.269230769230769
2024-02-25 10:00:00,10,33,0,8,22,3,0,15,18,1,19,1,48.25,618.0,4.0,10.93,82.5,1.238095238095238,578.3833068017366,6.925043666306246,0.825,1.372369624885636,3.1515151515151514
2024-02-25 11:00:00,11,32,1,6,23,2,0,13,16,1,17,1,49.25,135.0,4.0,10.93,80.0,1.108695652173913,555.0783068017366,6.341171088746569,0.8,1.1893870082342175,3.1875
2024-02-25 12:00:00,12,31,2,7,21,1,0,12,14,1,15,1,50.25,176.0,4.0,10.93,77.5,1.03,531.7733068017366,6.222847002921819,0.775,1.0978956999085088,3.3225806451612905
2024-02-25 13:00:00,13,32,1,4,26,1,0,10,13,1,14,1,51.25,175.5,4.0,10.93,80.0,0.971153846153846,526.1583068017367,5.412694419030193,0.8,0.9149130832570906,3.15625
2024-02-25 14:00:00,14,33,1,4,28,0,0,13,17,1,18,1,52.25,207.5,4.0,10.93,82.5,1.193181818181818,587.5433068017367,6.409413208017965,0.825,1.1893870082342175,3.1818181818181817
2024-02-25 15:00:00,15,40,0,5,32,3,0,17,20,1,21,1,53.25,167.0,4.0,10.93,100.0,1.605263157894737,648.3983068017367,7.793824336688014,1.0,1.555352241537054,3.05
2024-02-25 16:00:00,16,35,0,4,28,3,0,13,15,1,16,1,8.65,165.0,4.0,10.93,87.5,1.1041666666666667,319.1293068017366,6.252143510652202,0.875,1.1893870082342175,3.0285714285714285
2024-02-25 17:00:00,17,32,0,4,24,4,0,8,14,1,15,1,9.65,221.0,4.0,10.93,80.0,0.96,304.93430680173657,4.595791399817018,0.8,0.7319304666056725,3.0
2024-02-25 18:00:00,18,33,0,4,26,3,0,10,15,1,16,1,10.65,273.5,4.0,10.93,82.5,1.0416666666666667,326.11930680173657,5.2724638886578505,0.825,0.9149130832570906,3.0303030303030303
2024-02-25 19:00:00,19,32,1,3,23,5,0,12,15,0,15,0,11.65,326.0,4.0,10.93,80.0,0.96,315.346,5.693687099725526,0.8,1.0978956999085088,3.0
2024-02-25 20:00:00,20,42,1,3,24,14,0,16,16,0,16,0,12.65,365.0,4.0,10.36,105.0,1.21875,355.836,7.227261445118589,1.05,1.5444015444015444,2.7857142857142856
2024-02-25 21:00:00,21,38,1,4,23,10,0,11,15,0,15,0,13.65,446.0,4.0,10.36,95.0,1.1,339.496,5.8235622840886005,0.95,1.061776061776062,2.8947368421052637
2024-02-25 22:00:00,22,46,1,5,32,8,0,18,18,0,18,0,14.65,425.5,3.0,6.66,115.0,2.075757575757576,402.496,11.474353701527614,1.15,2.702702702702702,2.9782608695652173
2024-02-25 23:00:00,23,48,1,4,35,8,0,13,18,0,18,0,15.65,485.5,3.0,6.66,120.0,2.1515151515151514,412.426,9.324524524524524,1.2,1.951951951951952,2.958333333333333
2024-02-26 00:00:00,0,44,1,4,33,6,0,8,19,0,19,0,16.65,507.0,3.0,6.66,110.0,2.095238095238096,422.886,6.903603603603604,1.1,1.2012012012012012,3.0
2024-02-26 01:00:00,1,33,1,3,26,3,0,1,19,0,19,0,17.65,567.0,3.0,6.66,82.5,1.6031746031746033,404.931,2.984550459550459,0.825,0.1501501501501501,3.060606060606061
2024-02-26 02:00:00,2,32,1,3,25,3,0,1,19,0,19,0,18.65,627.0,3.0,6.66,80.0,1.5555555555555556,408.426,2.909834834834834,0.8,0.1501501501501501,3.0625
2024-02-26 03:00:00,3,34,1,3,28,2,0,7,19,0,19,0,19.65,687.0,3.0,6.66,85.0,1.6666666666666667,418.356,5.870892951775305,0.85,1.0510510510510511,3.088235294117647
2024-02-26 04:00:00,4,32,1,3,25,3,0,2,18,0,18,0,20.65,785.5,3.0,6.66,80.0,1.4848484848484849,406.306,3.36966966966967,0.8,0.3003003003003003,3.0625
2024-02-26 05:00:00,5,33,1,4,26,2,0,4,18,0,18,0,21.65,845.5,3.0,6.66,82.5,1.5606060606060606,414.091,4.449601874601874,0.825,0.6006006006006006,3.121212121212121
2024-02-26 06:00:00,6,27,1,3,21,2,0,1,18,0,18,0,22.65,905.5,3.0,6.66,67.5,1.2727272727272727,406.861,2.567133800467134,0.675,0.1501501501501501,3.111111111111111
2024-02-26 07:00:00,7,29,1,4,22,2,0,2,18,1,19,1,23.65,927.0,3.0,6.66,72.5,1.4444444444444444,431.0593068017366,3.2173216319768043,0.725,0.3003003003003003,3.1379310344827585
2024-02-26 08:00:00,8,29,1,4,22,2,0,0,18,1,19,1,24.65,987.0,3.0,7.19,72.5,1.4444444444444444,436.6993068017366,2.275,0.725,0.0,3.1379310344827585
2024-02-26 09:00:00,9,30,1,4,22,3,0,7,16,1,17,1,25.65,1047.0,3.0,7.19,75.0,1.3478260869565215,417.6843068017366,5.34308066759388,0.75,0.9735744089012518,3.1
2024-02-26 10:00:00,10,43,2,5,32,4,0,17,17,2,19,2,26.65,954.0,4.0,10.44,107.5,1.5952380952380951,478.8776136034732,8.424400784104073,1.075,1.628352490421456,3.116279069767442
2024-02-26 11:00:00,11,46,2,5,35,4,0,11,17,2,19,2,24.55,719.0,4.0,10.44,115.0,1.7023809523809523,473.4686136034732,6.8504456105280696,1.15,1.053639846743295,3.108695652173913
2024-02-26 12:00:00,12,47,3,5,35,4,0,12,20,3,23,3,25.55,174.0,4.0,10.44,117.5,2.176470588235294,535.7219204052099,7.319466862313525,1.175,1.149425287356322,3.148936170212766
2024-02-26 13:00:00,13,45,4,6,34,1,0,9,20,3,23,3,25.466666666666665,161.0,4.0,10.44,112.5,2.176470588235294,530.9619204052098,6.535249042145594,1.125,0.8620689655172414,3.2888888888888888
2024-02-26 14:00:00,14,46,3,10,31,2,0,11,21,3,24,3,22.45,183.5,4.0,10.44,115.0,2.375,529.4929204052098,7.2815925370648,1.15,1.053639846743295,3.3043478260869565
2024-02-26 15:00:00,15,42,1,10,29,2,0,8,16,2,18,2,15.983333333333333,192.0,4.0,10.44,105.0,1.5454545454545454,403.1726136034732,5.881299033023171,1.05,0.7662835249042146,3.238095238095238
2024-02-26 16:00:00,16,43,1,12,29,1,0,10,16,3,19,3,10.666666666666666,229.0,4.0,10.44,107.5,1.6904761904761905,389.5999204052098,6.713147108616235,1.075,0.9578544061302684,3.302325581395349
2024-02-26 17:00:00,17,44,0,10,33,1,0,11,20,3,23,3,8.7,221.0,4.0,10.44,110.0,2.073529411764706,434.2529204052098,6.901436781609196,1.1,1.053639846743295,3.2045454545454546
2024-02-26 18:00:00,18,41,0,11,27,3,0,5,18,3,21,3,9.7,270.0,4.0,10.44,102.5,1.7236842105263157,406.6579204052098,4.805230819549575,1.025,0.4789272030651341,3.1951219512195124
2024-02-26 19:00:00,19,41,0,8,29,4,0,8,14,2,16,2,10.7,377.5,4.0,10.44,102.5,1.3229166666666667,344.42961360347323,5.548609942995982,1.025,0.7662835249042146,3.097560975609756
2024-02-26 20:00:00,20,39,0,8,28,2,1,7,15,2,17,2,9.683333333333334,390.0,4.0,10.68,97.5,1.315217391304348,347.8056136034732,5.058515797560742,0.975,0.6554307116104869,3.102564102564102
2024-02-26 21:00:00,21,42,0,8,29,4,1,10,16,2,18,2,10.683333333333334,399.0,4.0,10.68,105.0,1.4545454545454546,373.2806136034733,6.053575887283753,1.05,0.9363295880149812,3.0476190476190474
2024-02-26 22:00:00,22,39,0,10,27,2,0,9,14,3,17,3,11.683333333333334,350.0,3.0,7.43,97.5,1.8115942028985508,359.95392040520983,7.0073894813127655,0.975,1.2113055181695829,3.2051282051282053
2024-02-26 23:00:00,23,43,0,11,27,5,0,11,14,2,16,2,12.683333333333334,408.0,3.0,7.43,107.5,1.875,359.9056136034732,8.02303280227863,1.075,1.4804845222072678,3.13953488372093
2024-02-27 00:00:00,0,30,0,9,18,3,0,2,14,2,16,2,13.683333333333334,468.0,3.0,7.43,75.0,1.3333333333333333,337.6606136034732,3.261372812920593,0.75,0.2691790040376851,3.2
2024-02-27 01:00:00,1,26,0,9,15,2,0,5,15,2,17,2,14.683333333333334,526.0,3.0,7.43,65.0,1.2318840579710144,348.1206136034732,4.325020706077233,0.65,0.6729475100942127,3.269230769230769
2024-02-27 02:00:00,2,31,0,10,16,5,0,8,15,1,16,1,15.683333333333334,574.0,3.0,7.43,77.5,1.3611111111111112,350.21730680173664,5.853811922024921,0.775,1.0767160161507403,3.161290322580645
2024-02-27 03:00:00,3,28,0,12,14,2,0,4,16,2,18,2,16.683333333333334,617.0,3.0,7.43,70.0,1.4242424242424243,377.0906136034732,4.157344741395885,0.7,0.5383580080753702,3.357142857142857
2024-02-27 04:00:00,4,26,0,12,12,2,0,1,16,1,17,1,17.683333333333334,682.0,3.0,7.43,65.0,1.2753623188405796,364.1723068017366,2.655533699140698,0.65,0.1345895020188425,3.3846153846153846
2024-02-27 05:00:00,5,27,1,11,13,2,0,2,16,1,17,1,18.683333333333334,742.0,3.0,7.43,67.5,1.3333333333333333,371.9573068017367,3.217202532276557,0.675,0.2691790040376851,3.4074074074074074
2024-02-27 06:00:00,6,25,1,11,11,2,0,0,16,1,17,1,19.683333333333334,802.0,3.0,7.43,62.5,1.2463768115942029,373.3073068017366,2.15,0.625,0.0,3.44
2024-02-27 07:00:00,7,25,1,11,11,2,0,2,16,1,17,1,20.683333333333334,862.0,3.0,7.43,62.5,1.2463768115942029,378.9473068017366,3.075975773889637,0.625,0.2691790040376851,3.44
2024-02-27 08:00:00,8,28,1,14,11,2,0,5,18,1,19,1,21.683333333333334,912.0,3.0,6.41,70.0,1.5555555555555556,417.8223068017366,5.180109204368175,0.7,0.7800312012480499,3.5
2024-02-27 09:00:00,9,32,1,13,14,4,0,8,17,1,18,1,22.683333333333334,665.0,3.0,6.41,80.0,1.621212121212121,418.6423068017366,6.848166926677068,0.8,1.24804992199688,3.34375
2024-02-27 10:00:00,10,38,2,15,19,1,1,12,17,2,19,2,23.683333333333334,356.0,4.0,9.45,95.0,1.5476190476190477,451.4206136034732,7.594193817878029,0.95,1.26984126984127,3.421052631578948
2024-02-27 11:00:00,11,39,2,17,18,1,1,8,15,3,18,3,24.683333333333334,169.5,4.0,9.45,97.5,1.5340909090909092,446.67392040520986,6.305402930402931,0.975,0.8465608465608466,3.4615384615384617
2024-02-27 12:00:00,12,36,2,13,18,3,0,7,14,3,17,3,25.683333333333334,167.0,4.0,9.45,90.0,1.326086956521739,432.47892040520986,5.560288065843622,0.9,0.7407407407407408,3.388888888888889
2024-02-27 13:00:00,13,37,2,13,19,3,0,10,16,3,19,3,26.683333333333334,194.0,4.0,9.45,92.5,1.488095238095238,467.0639204052098,6.700003575003576,0.925,1.0582010582010584,3.3783783783783785
2024-02-27 14:00:00,14,35,1,13,19,2,0,5,15,2,17,2,27.683333333333334,185.0,4.0,9.45,87.5,1.2826086956521738,440.7456136034732,4.733824640967499,0.875,0.5291005291005292,3.3714285714285714
2024-02-27 15:00:00,15,36,1,8,25,2,0,8,13,1,14,1,13.483333333333333,187.0,4.0,9.45,90.0,1.1153846153846154,321.7343068017366,5.627807172251617,0.9,0.8465608465608466,3.2222222222222223
2024-02-27 16:00:00,16,32,0,7,22,3,0,8,10,1,11,1,14.483333333333333,245.0,4.0,9.45,80.0,0.8620689655172413,278.5943068017366,5.145502645502647,0.8,0.8465608465608466,3.125
2024-02-27 17:00:00,17,38,0,6,27,4,1,9,13,1,14,1,15.483333333333333,233.0,4.0,9.45,95.0,1.0961538461538465,337.30430680173663,5.707142857142857,0.95,0.9523809523809524,3.0
2024-02-27 18:00:00,18,32,0,6,23,3,0,5,14,2,16,2,16.483333333333334,240.0,4.0,9.45,80.0,1.03125,357.7426136034733,4.111904761904762,0.8,0.5291005291005292,3.09375
2024-02-27 19:00:00,19,33,0,4,25,4,0,6,14,2,16,2,17.483333333333334,273.5,4.0,9.45,82.5,1.03125,365.5276136034733,4.379761904761905,0.825,0.634920634920635,3.0
2024-02-27 20:00:00,20,21,0,1,17,2,1,8,8,1,9,1,11.566666666666666,227.0,4.0,9.84,52.5,0.4838709677419355,211.74930680173665,3.822880371660859,0.525,0.8130081300813008,2.857142857142857
2024-02-27 21:00:00,21,26,1,1,22,2,0,10,11,1,12,1,12.566666666666666,173.0,4.0,9.84,65.0,0.7053571428571429,268.3143068017366,5.062867417135711,0.65,1.016260162601626,3.0384615384615383
2024-02-27 22:00:00,22,25,1,1,22,1,0,6,11,1,12,1,13.566666666666666,188.0,3.0,6.8,62.5,0.9166666666666666,271.8093068017366,4.642647058823529,0.625,0.8823529411764706,3.08
2024-02-27 23:00:00,23,22,0,0,18,4,0,6,10,0,10,0,9.283333333333331,217.0,3.0,6.8,55.00000000000001,0.6888888888888889,213.548,4.036631016042781,0.55,0.8823529411764706,2.8181818181818183
2024-02-28 00:00:00,0,25,0,1,15,9,0,12,12,1,13,1,10.283333333333331,210.0,3.0,6.8,62.5,0.8271604938271605,266.69130680173663,6.404411764705882,0.625,1.7647058823529411,2.68
2024-02-28 01:00:00,1,26,0,2,17,7,0,6,14,1,15,1,11.283333333333331,267.0,3.0,6.8,65.0,0.9733333333333334,301.2763068017366,4.302375565610859,0.65,0.8823529411764706,2.8076923076923075
2024-02-28 02:00:00,2,25,0,4,18,3,0,7,15,0,15,0,12.283333333333331,327.0,3.0,6.8,62.5,1.0133333333333334,303.903,5.029411764705883,0.625,1.0294117647058825,3.04
2024-02-28 03:00:00,3,26,0,3,19,4,0,6,15,1,16,1,13.283333333333331,362.5,3.0,6.8,65.0,1.0694444444444444,325.9563068017366,4.538122171945702,0.65,0.8823529411764706,2.9615384615384617
2024-02-28 04:00:00,4,22,0,3,17,2,0,0,15,1,16,1,14.283333333333331,422.5,3.0,6.8,55.00000000000001,0.9305555555555556,323.0163068017366,1.675,0.55,0.0,3.0454545454545454
2024-02-28 05:00:00,5,22,0,3,17,2,0,1,15,1,16,1,15.283333333333331,482.5,3.0,6.8,55.00000000000001,0.9305555555555556,328.6563068017366,2.122860962566845,0.55,0.1470588235294117,3.0454545454545454
2024-02-28 06:00:00,6,19,0,3,14,2,0,1,15,0,15,0,16.283333333333335,567.0,3.0,6.8,47.5,0.7733333333333333,313.593,1.898916408668731,0.475,0.1470588235294117,3.0526315789473686
2024-02-28 07:00:00,7,21,0,3,16,2,0,4,16,0,16,0,17.283333333333335,602.5,3.0,6.8,52.5,0.8888888888888888,336.923,3.392717086834734,0.525,0.5882352941176471,3.0476190476190474
2024-02-28 08:00:00,8,23,0,3,17,3,0,5,16,0,16,0,18.28333333333333,662.5,3.0,6.619999999999999,57.49999999999999,0.9583333333333334,346.853,3.990861027190332,0.575,0.7552870090634441,3.0
2024-02-28 09:00:00,9,28,0,3,23,2,0,8,17,0,17,0,19.28333333333333,698.0,3.0,6.619999999999999,70.0,1.2318840579710144,376.61800000000005,5.7935369011653,0.7,1.2084592145015107,3.0357142857142856
2024-02-28 10:00:00,10,35,0,4,29,2,0,11,21,0,21,0,20.28333333333333,590.0,4.0,10.32,87.5,1.4078947368421053,450.8730000000001,5.933582502768549,0.875,1.065891472868217,3.057142857142857
2024-02-28 11:00:00,11,30,0,3,24,3,0,13,13,1,14,1,19.816666666666663,129.0,4.0,10.32,75.0,0.8653846153846154,344.5843068017366,6.029069767441861,0.75,1.2596899224806202,3.0
2024-02-28 12:00:00,12,25,2,1,21,1,0,9,11,1,12,1,20.816666666666663,116.5,4.0,10.32,62.5,0.7053571428571429,312.6993068017366,4.730813953488372,0.625,0.872093023255814,3.16
2024-02-28 13:00:00,13,32,2,5,24,1,0,11,12,1,13,1,21.816666666666663,171.0,4.0,10.32,80.0,0.9629629629629628,346.7543068017366,6.064147286821705,0.8,1.065891472868217,3.25
2024-02-28 14:00:00,14,34,2,7,23,2,0,11,10,1,11,1,22.816666666666663,231.0,4.0,10.32,85.0,0.956896551724138,329.88430680173656,6.254822161422708,0.85,1.065891472868217,3.264705882352941
2024-02-28 15:00:00,15,33,2,7,21,3,0,13,11,1,12,1,23.816666666666663,246.5,4.0,10.32,82.5,0.9553571428571428,346.77930680173665,6.759449142588676,0.825,1.2596899224806202,3.242424242424242
2024-02-28 16:00:00,16,26,2,7,15,2,0,8,10,1,11,1,24.816666666666663,262.0,4.0,10.32,65.0,0.75,324.00430680173656,4.76891771019678,0.65,0.7751937984496123,3.3461538461538463
2024-02-28 17:00:00,17,26,2,8,15,1,0,12,9,1,10,1,25.816666666666663,314.0,4.0,10.32,65.0,0.7416666666666667,316.2443068017366,6.205322003577818,0.65,1.162790697674419,3.423076923076923
2024-02-28 18:00:00,18,30,2,7,19,1,1,14,12,1,13,1,26.816666666666663,341.0,4.0,10.32,75.0,0.9074074074074074,370.6643068017366,6.881524547803616,0.75,1.3565891472868217,3.2666666666666666
2024-02-28 19:00:00,19,27,2,7,16,2,0,8,13,1,14,1,27.816666666666663,378.5,4.0,10.32,67.5,0.8653846153846154,383.2693068017366,4.833979328165374,0.675,0.7751937984496123,3.333333333333333
2024-02-28 20:00:00,20,30,2,6,19,3,0,8,12,1,13,1,28.816666666666663,461.0,4.0,12.03,75.0,0.8981481481481481,381.9443068017366,4.575180105292325,0.75,0.6650041562759766,3.2333333333333334
2024-02-28 21:00:00,21,33,2,7,19,5,0,9,13,1,14,1,29.816666666666663,439.0,4.0,12.03,82.5,1.0096153846153846,407.4193068017366,5.005412604851506,0.825,0.7481296758104737,3.1818181818181817
2024-02-28 22:00:00,22,31,2,6,19,4,0,11,10,1,11,1,30.816666666666663,536.0,3.0,8.33,77.5,1.137931034482759,368.5693068017366,6.692170739263447,0.775,1.3205282112845138,3.193548387096774
2024-02-28 23:00:00,23,32,2,4,23,3,0,8,11,1,12,1,31.816666666666663,559.0,3.0,8.33,80.0,1.2023809523809523,389.7543068017366,5.556212484993997,0.8,0.9603841536614646,3.15625
2024-02-29 00:00:00,0,21,2,3,14,2,0,3,9,1,10,1,32.81666666666667,678.5,3.0,8.33,52.5,0.7555555555555555,344.9993068017366,2.8661807580174927,0.525,0.3601440576230492,3.238095238095238
2024-02-29 01:00:00,1,21,2,3,14,2,0,4,9,1,10,1,33.81666666666667,738.5,3.0,8.33,52.5,0.7555555555555555,350.6393068017366,3.254907677356657,0.525,0.4801920768307323,3.238095238095238
2024-02-29 02:00:00,2,23,3,3,15,2,0,2,10,1,11,1,34.81666666666667,776.0,3.0,8.33,57.49999999999999,0.8735632183908046,373.9693068017366,2.6933608225899053,0.575,0.2400960384153661,3.3043478260869565
2024-02-29 03:00:00,3,23,3,4,14,2,0,6,10,1,11,1,35.81666666666667,836.0,3.0,8.33,57.49999999999999,0.8850574712643678,379.6093068017366,4.336399342345634,0.575,0.7202881152460985,3.347826086956522
2024-02-29 04:00:00,4,28,3,4,18,3,0,7,12,1,13,1,36.81666666666667,822.0,3.0,8.33,70.0,1.123456790123457,422.7743068017367,5.0060924369747895,0.7,0.8403361344537815,3.25
2024-02-29 05:00:00,5,26,3,4,16,3,0,2,12,1,13,1,37.81666666666667,882.0,3.0,8.33,65.0,1.0493827160493827,424.1243068017366,2.909929356357928,0.65,0.2400960384153661,3.269230769230769
2024-02-29 06:00:00,6,27,3,4,18,2,0,5,12,1,13,1,38.81666666666667,942.0,3.0,8.33,67.5,1.0987654320987654,431.9093068017367,4.203569205459962,0.675,0.6002400960384153,3.2962962962962963
2024-02-29 07:00:00,7,21,3,3,13,2,0,1,12,1,13,1,39.81666666666667,1002.0,3.0,8.33,52.5,0.8641975308641975,424.67930680173663,2.15016006402561,0.525,0.120048019207683,3.333333333333333
2024-02-29 08:00:00,8,22,3,3,14,2,0,2,13,1,14,1,40.81666666666667,962.5,3.0,7.13,55.00000000000001,0.935897435897436,445.86430680173663,2.755766288410048,0.55,0.2805049088359046,3.3181818181818183
2024-02-29 09:00:00,9,27,2,2,20,3,0,11,14,1,15,1,41.81666666666667,923.0,3.0,7.13,67.5,1.12,475.6293068017366,6.899750662303258,0.675,1.5427769985974755,3.111111111111111
2024-02-29 10:00:00,10,33,2,3,26,2,0,12,16,2,18,2,24.916666666666668,590.5,4.0,10.47,82.5,1.181818181818182,434.2516136034733,6.212051749587566,0.825,1.1461318051575933,3.1515151515151514
2024-02-29 11:00:00,11,39,1,4,31,2,1,11,16,2,18,2,25.916666666666668,178.5,4.0,10.47,97.5,1.3522727272727273,452.7616136034733,6.1807404550241225,0.975,1.0506208213944606,3.051282051282051
2024-02-29 12:00:00,12,33,2,4,26,1,0,9,10,2,12,2,25.85,198.5,4.0,10.47,82.5,0.9464285714285714,359.1156136034732,5.411135712425111,0.825,0.8595988538681949,3.212121212121212
2024-02-29 13:00:00,13,37,4,5,27,1,0,10,13,3,16,3,26.85,192.0,4.0,10.47,92.5,1.28125,427.80392040520985,6.250094865639279,0.925,0.9551098376313276,3.324324324324324
2024-02-29 14:00:00,14,46,4,6,34,2,0,14,15,5,20,5,27.85,228.0,4.0,10.47,115.0,1.875,508.085534008683,8.110284041360407,1.15,1.3371537726838587,3.260869565217391
2024-02-29 15:00:00,15,47,4,7,34,2,0,10,15,4,19,4,27.1,136.0,4.0,10.47,117.5,1.8333333333333333,491.7322272069465,6.979508829685628,1.175,0.9551098376313276,3.276595744680851
2024-02-29 16:00:00,16,45,4,7,31,2,1,6,15,5,20,5,21.866666666666667,153.0,4.0,10.47,112.5,1.825,472.19453400868304,5.509280483922319,1.125,0.5730659025787966,3.2444444444444445
2024-02-29 17:00:00,17,48,4,7,32,4,1,8,20,5,25,5,22.866666666666667,198.0,4.0,10.47,120.0,2.55,551.2695340086831,6.260530085959886,1.2,0.7640878701050622,3.1875
2024-02-29 18:00:00,18,41,3,7,24,7,0,7,21,3,24,3,23.866666666666667,227.5,4.0,10.47,102.5,2.015625,526.7579204052099,5.328571178978266,1.025,0.6685768863419294,3.1463414634146343
2024-02-29 19:00:00,19,44,4,8,24,8,0,8,25,4,29,4,24.866666666666667,214.0,4.0,10.47,110.0,3.1818181818181817,606.7012272069464,5.931188677607016,1.1,0.7640878701050622,3.1818181818181817
2024-02-29 20:00:00,20,46,4,8,25,9,0,8,25,4,29,4,25.866666666666667,267.0,4.0,9.75,115.0,3.2954545454545454,616.6312272069465,6.211399108138238,1.15,0.8205128205128205,3.152173913043478
2024-02-29 21:00:00,21,41,3,8,24,6,0,7,26,3,29,3,26.866666666666667,309.0,4.0,9.75,102.5,2.977272727272727,610.6779204052099,5.568933708567855,1.025,0.717948717948718,3.1951219512195124
2024-02-29 22:00:00,22,46,2,8,28,8,0,12,26,2,28,2,27.866666666666667,351.0,3.0,6.41,115.0,3.9444444444444446,612.7746136034732,9.32901376924642,1.15,1.87207488299532,3.0869565217391304
2024-02-29 23:00:00,23,49,2,8,31,8,0,9,26,2,28,2,28.866666666666667,411.0,3.0,6.41,122.5,4.194444444444445,624.8496136034732,8.101785316310611,1.225,1.4040561622464898,3.0816326530612246
