ts,hour,census,l1,l2,l3,l4,l5,arrivals,waitBed,waitICU,D_board,vent,maxLOS_h,awt_curr_min,Na,cap_sum,OCCUPANCY,EDWIN,NEDOCS,READI,READI_BR,READI_PR,READI_AR
2020-11-01 00:00:00,0,15,0,4,11,0,0,8,4,0,4,0,5.116666666666666,203.5,3.0,7.76,37.5,0.4537037037037037,94.633,4.592697594501718,0.375,1.0309278350515465,3.2666666666666666
2020-11-01 01:00:00,1,12,0,5,7,0,0,1,5,0,5,0,6.116666666666666,250.0,3.0,7.76,30.0,0.3904761904761905,107.238,1.4652920962199314,0.3,0.1288659793814433,3.4166666666666665
2020-11-01 02:00:00,2,15,0,5,10,0,0,5,6,0,6,0,7.116666666666666,265.5,3.0,7.76,37.5,0.4901960784313725,132.713,3.397766323024055,0.375,0.6443298969072165,3.333333333333333
2020-11-01 03:00:00,3,19,0,5,14,0,0,7,6,0,6,0,8.116666666666667,325.5,3.0,7.76,47.5,0.6078431372549019,146.933,4.493570265870862,0.475,0.9020618556701032,3.263157894736842
2020-11-01 04:00:00,4,18,0,5,13,0,0,7,7,0,7,0,9.116666666666667,341.0,3.0,7.76,45.0,0.5959595959595959,163.828,4.431758304696449,0.45,0.9020618556701032,3.2777777777777777
2020-11-01 05:00:00,5,18,0,5,13,0,0,3,6,0,6,0,10.116666666666667,445.5,3.0,7.76,45.0,0.5784313725490197,156.068,2.7421821305841925,0.45,0.3865979381443299,3.2777777777777777
2020-11-01 06:00:00,6,16,0,5,11,0,0,1,6,0,6,0,10.533333333333331,505.5,3.0,7.76,40.0,0.5196078431372549,154.128,1.751868556701031,0.4,0.1288659793814433,3.3125
2020-11-01 07:00:00,7,19,0,5,12,2,0,6,6,0,6,0,11.533333333333331,565.5,3.0,7.76,47.5,0.5882352941176471,166.203,3.941671188279978,0.475,0.7731958762886598,3.1578947368421053
2020-11-01 08:00:00,8,14,0,3,10,1,0,3,7,0,7,0,12.533333333333331,581.0,3.0,6.65,35.0,0.4444444444444444,174.518,2.5178302900107408,0.35,0.4511278195488721,3.142857142857143
2020-11-01 09:00:00,9,16,0,3,9,4,0,8,4,1,5,1,13.15,103.0,3.0,6.65,40.0,0.4476190476190476,156.3543068017366,4.708834586466165,0.4,1.2030075187969924,2.9375
2020-11-01 10:00:00,10,20,0,3,15,2,0,10,3,1,4,1,14.15,335.5,4.0,9.99,50.0,0.4236111111111111,157.17430680173663,4.578053053053053,0.5,1.001001001001001,3.05
2020-11-01 11:00:00,11,19,1,2,15,1,0,11,3,1,4,1,15.15,45.0,4.0,9.99,47.5,0.4166666666666667,160.6693068017366,4.977161371898214,0.475,1.1011011011011012,3.1578947368421053
2020-11-01 12:00:00,12,21,1,2,17,1,0,9,4,1,5,1,16.15,96.0,4.0,9.99,52.5,0.4714285714285714,183.9993068017366,4.481402831402831,0.525,0.9009009009009008,3.142857142857143
2020-11-01 13:00:00,13,21,1,1,18,1,0,10,5,1,6,1,4.466666666666667,107.0,4.0,9.99,52.5,0.4779411764705882,131.50530680173662,4.7233364316697655,0.525,1.001001001001001,3.095238095238096
2020-11-01 14:00:00,14,21,2,4,15,0,0,6,7,1,8,1,4.566666666666666,88.5,4.0,9.99,52.5,0.5546875,158.86930680173663,3.805602030602031,0.525,0.6006006006006006,3.380952380952381
2020-11-01 15:00:00,15,24,1,5,17,1,0,10,8,0,8,0,5.566666666666666,93.5,4.0,9.99,60.0,0.609375,170.076,5.203253253253254,0.6,1.001001001001001,3.25
2020-11-01 16:00:00,16,24,0,6,17,1,0,10,6,0,6,0,6.566666666666666,134.5,4.0,9.99,60.0,0.5661764705882353,148.916,5.136544878211546,0.6,1.001001001001001,3.208333333333333
2020-11-01 17:00:00,17,23,0,3,18,2,0,9,7,0,7,0,4.316666666666666,106.0,4.0,9.99,57.49999999999999,0.5303030303030303,147.481,4.491872307089698,0.575,0.9009009009009008,3.0434782608695654
2020-11-01 18:00:00,18,16,0,3,12,1,0,2,7,0,7,0,5.316666666666666,110.0,4.0,9.99,40.0,0.3787878787878788,138.106,1.8756256256256256,0.4,0.2002002002002001,3.125
2020-11-01 19:00:00,19,13,0,3,9,1,0,3,4,0,4,0,6.316666666666666,147.0,4.0,9.99,32.5,0.2847222222222222,97.111,1.9721009471009472,0.325,0.3003003003003003,3.1538461538461537
2020-11-01 20:00:00,20,13,0,1,11,1,0,7,4,0,4,0,7.316666666666666,161.5,4.0,10.0,32.5,0.2708333333333333,102.751,3.075,0.325,0.7,3.0
2020-11-01 21:00:00,21,19,0,1,17,1,0,11,4,0,4,0,8.316666666666666,169.5,4.0,10.0,47.5,0.3958333333333333,121.261,4.7250000000000005,0.475,1.1,3.0
2020-11-01 22:00:00,22,15,0,2,13,0,0,6,3,0,3,0,9.316666666666666,139.0,3.0,6.66,37.5,0.4234234234234234,104.921,3.997822822822823,0.375,0.9009009009009008,3.1333333333333333
2020-11-01 23:00:00,23,21,0,1,18,2,0,9,7,0,7,0,10.316666666666666,32.0,3.0,6.66,52.5,0.6262626262626263,177.031,5.539703989703989,0.525,1.351351351351351,2.952380952380953
2020-11-02 00:00:00,0,18,0,1,16,1,0,5,6,1,7,1,11.316666666666666,81.0,3.0,6.66,45.0,0.5454545454545454,177.1043068017366,3.602252252252252,0.45,0.7507507507507507,3.0
2020-11-02 01:00:00,1,17,0,3,14,0,0,6,5,1,6,1,12.316666666666666,143.0,3.0,6.66,42.5,0.5294117647058824,167.1993068017366,4.211685214626391,0.425,0.9009009009009008,3.176470588235294
2020-11-02 02:00:00,2,23,0,7,15,1,0,7,7,2,9,2,13.316666666666666,182.0,3.0,6.66,57.49999999999999,0.8064516129032258,226.77761360347324,5.302340383862123,0.575,1.0510510510510511,3.260869565217391
2020-11-02 03:00:00,3,17,0,6,10,1,0,1,6,2,8,2,14.316666666666666,248.0,3.0,6.66,42.5,0.5833333333333334,206.1476136034732,1.8946122593181416,0.425,0.1501501501501501,3.294117647058824
2020-11-02 04:00:00,4,18,0,6,12,0,0,3,7,2,9,2,15.316666666666666,302.0,3.0,6.66,45.0,0.6451612903225806,227.3326136034732,3.001501501501502,0.45,0.4504504504504504,3.333333333333333
2020-11-02 05:00:00,5,17,0,5,12,0,0,2,7,2,9,2,16.316666666666666,362.0,3.0,6.66,42.5,0.6021505376344086,230.82761360347325,2.389224518636283,0.425,0.3003003003003003,3.294117647058824
2020-11-02 06:00:00,6,15,0,5,10,0,0,2,7,2,9,2,17.316666666666666,422.0,3.0,6.66,37.5,0.5376344086021505,232.1776136034732,2.251001001001001,0.375,0.3003003003003003,3.333333333333333
2020-11-02 07:00:00,7,13,0,2,11,0,0,2,7,1,8,1,18.316666666666663,488.0,3.0,6.66,32.5,0.4270833333333333,219.2593068017366,1.9721009471009472,0.325,0.3003003003003003,3.1538461538461537
2020-11-02 08:00:00,8,18,0,2,13,3,0,6,9,1,10,1,19.316666666666663,512.0,3.0,7.04,45.0,0.5888888888888889,262.42430680173663,3.834469696969697,0.45,0.8522727272727273,2.9444444444444446
2020-11-02 09:00:00,9,20,0,1,18,1,0,9,7,1,8,1,20.316666666666663,431.0,3.0,7.04,50.0,0.625,245.55430680173663,5.3352272727272725,0.5,1.2784090909090908,3.0
2020-11-02 10:00:00,10,28,0,3,23,1,1,13,10,2,12,2,21.316666666666663,153.5,4.0,10.29,70.0,0.75,322.8226136034732,5.890087463556851,0.7,1.2633624878522838,3.0
2020-11-02 11:00:00,11,21,0,4,17,0,0,4,12,2,14,2,22.316666666666663,167.0,4.0,10.29,52.5,0.6442307692307693,340.2476136034732,2.9152239807487623,0.525,0.3887269193391642,3.1904761904761907
2020-11-02 12:00:00,12,19,0,4,14,1,0,6,11,1,12,1,22.58333333333333,167.5,4.0,10.29,47.5,0.5357142857142857,309.7933068017366,3.3413380389749885,0.475,0.5830903790087464,3.1578947368421053
2020-11-02 13:00:00,13,19,0,4,14,1,0,7,12,1,13,1,23.58333333333333,190.0,4.0,10.29,47.5,0.5555555555555556,328.8333068017366,3.648227712137487,0.475,0.6802721088435375,3.1578947368421053
2020-11-02 14:00:00,14,20,0,3,17,0,0,9,10,1,11,1,24.58333333333333,175.0,4.0,10.29,50.0,0.5431034482758621,309.8183068017366,4.330102040816327,0.5,0.8746355685131196,3.15
2020-11-02 15:00:00,15,20,0,3,17,0,0,5,12,1,13,1,25.58333333333333,187.0,4.0,10.29,50.0,0.5833333333333334,342.2583068017366,3.105612244897959,0.5,0.4859086491739553,3.15
2020-11-02 16:00:00,16,18,0,2,16,0,0,5,9,0,9,0,26.58333333333333,159.0,4.0,10.29,45.0,0.4516129032258064,289.14,2.911715797430084,0.45,0.4859086491739553,3.111111111111111
2020-11-02 17:00:00,17,22,0,4,17,1,0,10,10,1,11,1,18.23333333333333,128.0,4.0,10.29,55.00000000000001,0.5948275862068966,278.29430680173664,4.772972435727538,0.55,0.9718172983479106,3.136363636363636
2020-11-02 18:00:00,18,24,0,4,20,0,0,6,11,1,12,1,19.23333333333333,160.0,4.0,10.29,60.0,0.6785714285714286,301.6243068017366,3.74645286686103,0.6,0.5830903790087464,3.1666666666666665
2020-11-02 19:00:00,19,21,1,4,16,0,0,8,8,2,10,2,9.783333333333331,140.0,4.0,10.29,52.5,0.575,215.95961360347323,4.279491184228793,0.525,0.7774538386783285,3.2857142857142856
2020-11-02 20:00:00,20,24,1,5,16,2,0,11,9,1,10,1,10.783333333333331,137.0,4.0,11.01,60.0,0.6416666666666667,227.1663068017366,5.13041931577354,0.6,0.9990917347865576,3.208333333333333
2020-11-02 21:00:00,21,21,0,3,17,1,0,8,7,0,7,0,11.783333333333331,233.0,4.0,11.01,52.5,0.4924242424242424,185.303,3.874037671380996,0.525,0.7266121707538601,3.095238095238096
2020-11-02 22:00:00,22,16,0,3,12,1,0,5,5,0,5,0,11.333333333333334,124.0,3.0,7.76,40.0,0.4761904761904761,145.24,3.263530927835052,0.4,0.6443298969072165,3.125
2020-11-02 23:00:00,23,15,0,4,11,0,0,8,4,1,5,1,12.333333333333334,162.0,3.0,7.76,37.5,0.4666666666666667,149.6033068017366,4.592697594501718,0.375,1.0309278350515465,3.2666666666666666
2020-11-03 00:00:00,0,15,0,4,11,0,0,5,4,1,5,1,13.333333333333334,222.0,3.0,7.76,37.5,0.4666666666666667,155.2433068017366,3.3298109965635736,0.375,0.6443298969072165,3.2666666666666666
2020-11-03 01:00:00,1,13,0,4,9,0,0,2,4,1,5,1,14.333333333333334,282.0,3.0,7.76,32.5,0.4095238095238095,156.59330680173662,1.927498017446471,0.325,0.2577319587628866,3.3076923076923075
2020-11-03 02:00:00,2,14,0,4,9,1,0,4,4,1,5,1,15.333333333333334,342.0,3.0,7.76,35.0,0.4285714285714285,164.3783068017366,2.7818483063328427,0.35,0.5154639175257733,3.2142857142857144
2020-11-03 03:00:00,3,13,0,4,9,0,0,1,4,1,5,1,16.333333333333332,402.0,3.0,7.76,32.5,0.4095238095238095,167.8733068017366,1.5012490087232355,0.325,0.1288659793814433,3.3076923076923075
2020-11-03 04:00:00,4,12,0,4,8,0,0,2,5,0,5,0,17.333333333333332,462.0,3.0,7.76,30.0,0.3809523809523809,170.5,1.859106529209622,0.3,0.2577319587628866,3.333333333333333
2020-11-03 05:00:00,5,13,1,3,9,0,0,2,6,0,6,0,18.33333333333333,484.5,3.0,7.76,32.5,0.4313725490196078,191.685,1.972323552735924,0.325,0.2577319587628866,3.3846153846153846
2020-11-03 06:00:00,6,13,1,3,9,0,0,1,6,0,6,0,19.33333333333333,544.5,3.0,7.76,32.5,0.4313725490196078,197.325,1.536161776367962,0.325,0.1288659793814433,3.3846153846153846
2020-11-03 07:00:00,7,14,1,3,10,0,0,1,6,0,6,0,20.33333333333333,604.5,3.0,7.76,35.0,0.4607843137254901,205.11,1.607621502209131,0.35,0.1288659793814433,3.357142857142857
2020-11-03 08:00:00,8,16,1,4,11,0,0,4,7,0,7,0,15.783333333333331,627.0,3.0,6.77,40.0,0.5454545454545454,197.138,3.344091580502216,0.4,0.5908419497784343,3.375
2020-11-03 09:00:00,9,15,1,3,11,0,0,4,6,0,6,0,16.783333333333335,300.5,3.0,6.77,37.5,0.4901960784313725,187.233,3.2194731659281146,0.375,0.5908419497784343,3.333333333333333
2020-11-03 10:00:00,10,19,0,4,13,2,0,9,4,0,4,0,17.783333333333335,269.5,4.0,10.74,47.5,0.4097222222222222,174.653,4.077175830638048,0.475,0.8379888268156425,3.1052631578947367
2020-11-03 11:00:00,11,20,1,4,14,1,0,10,3,1,4,1,18.78333333333333,143.0,4.0,10.74,50.0,0.4513888888888889,183.30630680173664,4.651070763500932,0.5,0.931098696461825,3.25
2020-11-03 12:00:00,12,19,1,5,12,1,0,2,4,2,6,2,19.78333333333333,111.5,4.0,10.74,47.5,0.4632352941176471,214.46961360347325,2.192465451337842,0.475,0.186219739292365,3.3157894736842106
2020-11-03 13:00:00,13,17,1,5,11,0,0,2,5,2,7,2,20.78333333333333,105.0,4.0,10.74,42.5,0.4393939393939394,229.21961360347325,2.085337934056304,0.425,0.186219739292365,3.411764705882353
2020-11-03 14:00:00,14,14,0,5,8,1,0,1,3,1,4,1,21.78333333333333,199.5,4.0,10.74,35.0,0.3194444444444444,187.35630680173665,1.4559324288374569,0.35,0.0931098696461825,3.2857142857142856
2020-11-03 15:00:00,15,19,0,5,11,2,1,8,4,1,5,1,22.78333333333333,152.0,4.0,10.74,47.5,0.4142857142857143,217.1213068017366,3.723841027148878,0.475,0.74487895716946,3.0526315789473686
2020-11-03 16:00:00,16,12,1,2,7,1,1,4,3,1,4,1,23.78333333333333,97.5,4.0,10.74,30.0,0.2569444444444444,194.3463068017366,2.073355058969584,0.3,0.37243947858473,3.083333333333333
2020-11-03 17:00:00,17,14,2,2,9,1,0,10,3,2,5,2,6.9,64.0,4.0,10.74,35.0,0.3357142857142857,117.6826136034732,4.300831338121841,0.35,0.931098696461825,3.357142857142857
2020-11-03 18:00:00,18,13,2,3,7,1,0,4,2,2,4,2,7.9,111.0,4.0,10.74,32.5,0.3125,107.77761360347324,2.4142135797163733,0.325,0.37243947858473,3.4615384615384617
2020-11-03 19:00:00,19,22,3,4,11,4,0,10,2,3,5,3,4.35,86.0,4.0,10.74,55.00000000000001,0.5142857142857142,121.32892040520984,4.847232097511427,0.55,0.931098696461825,3.272727272727273
2020-11-03 20:00:00,20,23,3,4,13,3,0,9,5,3,8,3,4.066666666666666,111.5,4.0,11.71,57.49999999999999,0.59375,162.07592040520984,4.439635391527123,0.575,0.7685738684884713,3.3043478260869565
2020-11-03 21:00:00,21,29,2,5,19,3,0,8,7,2,9,2,4.8,110.0,4.0,11.71,72.5,0.75,191.61361360347323,4.515877234311964,0.725,0.6831767719897524,3.206896551724138
2020-11-03 22:00:00,22,24,1,4,15,4,0,5,6,2,8,2,5.8,199.5,3.0,7.74,60.0,0.7708333333333334,173.1286136034732,3.8418173987941433,0.6,0.6459948320413437,3.083333333333333
2020-11-03 23:00:00,23,25,0,3,20,2,0,6,6,1,7,1,6.8,230.0,3.0,7.74,62.5,0.7676767676767676,166.6453068017366,4.256589147286822,0.625,0.7751937984496123,3.04
2020-11-04 00:00:00,0,28,0,3,21,4,0,10,5,1,6,1,7.8,319.5,3.0,7.74,70.0,0.8137254901960784,165.32030680173662,5.904826504245109,0.7,1.2919896640826871,2.9642857142857144
2020-11-04 01:00:00,1,22,1,2,16,3,0,3,6,1,7,1,8.8,335.0,3.0,7.74,55.00000000000001,0.6767676767676768,171.4903068017366,2.855408738548274,0.55,0.3875968992248061,3.0454545454545454
2020-11-04 02:00:00,2,24,1,2,19,2,0,5,6,1,7,1,9.8,395.0,3.0,7.74,60.0,0.7474747474747475,181.4203068017366,3.8418173987941433,0.6,0.6459948320413437,3.083333333333333
2020-11-04 03:00:00,3,31,1,3,24,2,1,8,8,1,9,1,10.8,249.0,3.0,7.74,77.5,1.010752688172043,228.87530680173663,5.48411686254897,0.775,1.0335917312661498,3.032258064516129
2020-11-04 04:00:00,4,25,1,1,21,2,0,1,7,1,8,1,11.8,412.0,3.0,7.74,62.5,0.7916666666666666,208.2453068017366,2.292764857881137,0.625,0.1291989664082687,3.04
2020-11-04 05:00:00,5,24,1,1,20,2,0,2,7,1,8,1,12.8,472.0,3.0,7.74,60.0,0.7604166666666666,211.7403068017366,2.610960378983634,0.6,0.2583979328165374,3.0416666666666665
2020-11-04 06:00:00,6,22,0,2,18,2,0,2,7,0,7,0,13.8,635.0,3.0,7.74,55.00000000000001,0.6666666666666666,198.822,2.4251937984496124,0.55,0.2583979328165374,3.0
2020-11-04 07:00:00,7,25,0,3,20,2,0,5,7,1,8,1,14.8,592.0,3.0,7.74,62.5,0.7916666666666666,225.16530680173665,3.863824289405685,0.625,0.6459948320413437,3.04
2020-11-04 08:00:00,8,27,0,4,21,2,0,3,8,1,9,1,15.8,549.0,3.0,6.68,67.5,0.8924731182795699,248.49530680173663,3.455572188955423,0.675,0.4491017964071856,3.074074074074074
2020-11-04 09:00:00,9,27,0,5,20,2,0,6,6,2,8,2,16.8,120.5,3.0,6.68,67.5,0.875,241.6036136034732,4.89441117764471,0.675,0.8982035928143713,3.111111111111111
2020-11-04 10:00:00,10,29,1,5,22,1,0,8,4,3,7,3,17.7,81.0,4.0,10.38,72.5,0.7045454545454546,238.4379204052098,4.7965965716563685,0.725,0.7707129094412332,3.206896551724138
2020-11-04 11:00:00,11,29,1,5,22,1,0,6,4,3,7,3,18.7,135.0,4.0,10.38,72.5,0.7045454545454546,244.07792040520985,4.178697428742276,0.725,0.5780346820809249,3.206896551724138
2020-11-04 12:00:00,12,30,1,4,24,1,0,8,9,3,12,3,19.7,104.0,4.0,10.38,75.0,0.8482142857142857,318.8629204052098,4.815590879897238,0.75,0.7707129094412332,3.1666666666666665
2020-11-04 13:00:00,13,26,0,4,21,1,0,5,9,2,11,2,17.5,115.0,4.0,10.38,65.0,0.6982758620689655,283.6066136034732,3.525666963094709,0.65,0.4816955684007707,3.1153846153846154
2020-11-04 14:00:00,14,28,0,4,23,1,0,5,10,2,12,2,18.5,164.5,4.0,10.38,70.0,0.7767857142857143,306.93661360347323,3.671696944673824,0.7,0.4816955684007707,3.107142857142857
2020-11-04 15:00:00,15,23,0,2,20,1,0,4,10,2,12,2,19.5,212.0,4.0,10.38,57.49999999999999,0.625,301.8516136034732,2.922823992627964,0.575,0.3853564547206166,3.0434782608695654
2020-11-04 16:00:00,16,16,0,1,14,1,0,4,5,1,6,1,10.15,258.5,4.0,10.38,40.0,0.3529411764705882,152.83430680173663,2.3560693641618498,0.4,0.3853564547206166,3.0
2020-11-04 17:00:00,17,20,0,1,19,0,0,11,4,1,5,1,11.15,101.0,4.0,10.38,50.0,0.4357142857142857,153.6543068017366,4.757177263969171,0.5,1.0597302504816957,3.05
2020-11-04 18:00:00,18,19,1,1,16,1,0,11,6,0,6,0,12.15,50.0,4.0,10.38,47.5,0.4338235294117647,169.68099999999998,4.76574130412737,0.475,1.0597302504816957,3.1052631578947367
2020-11-04 19:00:00,19,24,1,2,20,1,0,7,6,1,7,1,13.15,96.0,4.0,10.38,60.0,0.5681818181818182,200.31430680173665,3.982418111753372,0.6,0.674373795761079,3.125
2020-11-04 20:00:00,20,27,1,4,21,1,0,11,7,1,8,1,13.333333333333334,137.5,4.0,10.06,67.5,0.671875,221.1833068017366,5.6328068625285335,0.675,1.0934393638170976,3.185185185185185
2020-11-04 21:00:00,21,27,1,4,21,1,0,8,8,0,8,0,14.333333333333334,197.5,4.0,10.06,67.5,0.671875,225.955,4.682950445475297,0.675,0.7952286282306164,3.185185185185185
2020-11-04 22:00:00,22,17,0,3,14,0,0,5,5,0,5,0,15.333333333333334,243.0,3.0,6.359999999999999,42.5,0.5142857142857142,169.945,3.847225305216426,0.425,0.7861635220125787,3.176470588235294
2020-11-04 23:00:00,23,20,0,4,15,1,0,11,4,1,5,1,16.333333333333332,303.0,3.0,6.359999999999999,50.0,0.6,182.8883068017366,7.023113207547169,0.5,1.729559748427673,3.15
2020-11-05 00:00:00,0,11,0,1,9,1,0,3,3,1,4,1,17.333333333333332,290.0,3.0,6.359999999999999,27.500000000000004,0.3055555555555556,155.8233068017366,2.2400943396226416,0.275,0.4716981132075472,3.0
2020-11-05 01:00:00,1,14,0,0,13,1,0,8,4,0,4,0,18.33333333333333,350.0,3.0,6.359999999999999,35.0,0.3796296296296296,167.02999999999997,4.708737646001797,0.35,1.257861635220126,2.9285714285714284
2020-11-05 02:00:00,2,13,1,0,11,1,0,3,5,1,6,1,19.33333333333333,199.0,3.0,6.359999999999999,32.5,0.392156862745098,198.1933068017366,2.451378809869376,0.325,0.4716981132075472,3.076923076923077
2020-11-05 03:00:00,3,15,1,0,13,1,0,4,6,1,7,1,20.33333333333333,121.0,3.0,6.359999999999999,37.5,0.4646464646464646,221.52330680173665,3.078721174004193,0.375,0.628930817610063,3.066666666666667
2020-11-05 04:00:00,4,15,0,0,13,2,0,3,6,0,6,0,21.33333333333333,319.0,3.0,6.359999999999999,37.5,0.4215686274509804,212.895,2.427201257861636,0.375,0.4716981132075472,2.8666666666666667
2020-11-05 05:00:00,5,13,0,0,11,2,0,1,6,0,6,0,22.33333333333333,379.0,3.0,6.359999999999999,32.5,0.3627450980392157,214.245,1.3725084663763911,0.325,0.1572327044025157,2.8461538461538463
2020-11-05 06:00:00,6,11,0,0,10,1,0,2,6,0,6,0,23.33333333333333,439.0,3.0,6.359999999999999,27.500000000000004,0.3137254901960784,215.595,1.7148084619782735,0.275,0.3144654088050315,2.909090909090909
2020-11-05 07:00:00,7,13,0,0,12,1,0,3,6,0,6,0,24.33333333333333,499.0,3.0,6.359999999999999,32.5,0.3725490196078431,225.525,2.3288098693759074,0.325,0.4716981132075472,2.923076923076923
2020-11-05 08:00:00,8,15,0,0,14,1,0,4,7,0,7,0,15.933333333333334,421.0,3.0,6.57,37.5,0.4444444444444444,195.839,2.885895484525621,0.375,0.60882800608828,2.933333333333333
2020-11-05 09:00:00,9,17,0,0,16,1,0,6,6,0,6,0,16.933333333333334,247.5,3.0,6.57,42.5,0.4901960784313725,192.369,3.9360059092130006,0.425,0.91324200913242,2.9411764705882355
2020-11-05 10:00:00,10,18,0,0,18,0,0,6,5,2,7,2,17.933333333333334,91.0,4.0,9.82,45.0,0.4090909090909091,215.2906136034732,3.1829938900203665,0.45,0.6109979633401221,3.0
2020-11-05 11:00:00,11,15,0,0,14,1,0,5,3,2,5,2,17.05,66.0,4.0,9.82,37.5,0.3142857142857143,177.07361360347323,2.593550577053632,0.375,0.5091649694501018,2.933333333333333
2020-11-05 12:00:00,12,18,1,1,15,1,0,7,5,1,6,1,18.05,114.5,4.0,9.82,45.0,0.4117647058823529,201.6803068017366,3.6176963113826655,0.45,0.7128309572301426,3.111111111111111
2020-11-05 13:00:00,13,25,2,3,18,2,0,7,6,1,7,1,19.05,169.0,4.0,9.82,62.5,0.6060606060606061,235.7353068017366,4.281059063136456,0.625,0.7128309572301426,3.2
2020-11-05 14:00:00,14,27,1,3,22,1,0,6,8,1,9,1,20.05,143.0,4.0,9.82,67.5,0.6854838709677419,272.46530680173663,4.048512106811496,0.675,0.6109979633401221,3.1481481481481484
2020-11-05 15:00:00,15,25,1,3,18,3,0,6,7,0,7,0,5.9,147.0,4.0,9.82,62.5,0.5833333333333334,160.70100000000002,3.806873727087576,0.625,0.6109979633401221,3.08
2020-11-05 16:00:00,16,29,1,3,21,4,0,9,6,0,6,0,6.9,176.0,4.0,9.82,72.5,0.6470588235294118,161.52100000000002,4.981094177961936,0.725,0.9164969450101832,3.034482758620689
2020-11-05 17:00:00,17,31,2,5,21,3,0,9,8,0,8,0,7.9,172.0,4.0,9.82,77.5,0.7734375,198.251,5.401877340516392,0.775,0.9164969450101832,3.193548387096774
2020-11-05 18:00:00,18,26,1,7,16,2,0,7,7,2,9,2,8.9,118.0,4.0,9.82,65.0,0.6854838709677419,208.30261360347325,4.455408898637004,0.65,0.7128309572301426,3.269230769230769
2020-11-05 19:00:00,19,20,0,5,13,2,0,3,5,2,7,2,9.9,112.0,4.0,9.82,50.0,0.4772727272727273,174.27261360347325,2.537321792260692,0.5,0.305498981670061,3.15
2020-11-05 20:00:00,20,18,0,4,13,1,0,5,3,1,4,1,10.9,149.5,4.0,9.75,45.0,0.3958333333333333,134.55430680173663,3.0489316239316238,0.45,0.5128205128205128,3.1666666666666665
2020-11-05 21:00:00,21,16,0,5,11,0,0,5,2,1,3,1,9.133333333333333,54.0,4.0,9.75,40.0,0.3581081081081081,106.9003068017366,3.0237179487179486,0.4,0.5128205128205128,3.3125
2020-11-05 22:00:00,22,20,0,4,16,0,0,10,3,0,3,0,10.133333333333333,73.0,3.0,6.5,50.0,0.5765765765765766,120.25199999999998,6.523076923076923,0.5,1.5384615384615383,3.2
2020-11-05 23:00:00,23,19,0,5,14,0,0,6,3,0,3,0,11.133333333333333,133.0,3.0,6.5,47.5,0.5585585585585585,123.747,4.562145748987854,0.475,0.9230769230769232,3.263157894736842
2020-11-06 00:00:00,0,19,0,6,12,1,0,7,5,0,5,0,12.133333333333333,127.0,3.0,6.5,47.5,0.5904761904761905,156.18699999999998,5.06417004048583,0.475,1.0769230769230769,3.263157894736842
2020-11-06 01:00:00,1,25,0,5,18,2,0,8,6,0,6,0,13.133333333333333,139.0,3.0,6.5,62.5,0.7647058823529411,188.097,5.79,0.625,1.2307692307692308,3.12
2020-11-06 02:00:00,2,19,0,4,14,1,0,0,6,0,6,0,14.133333333333333,199.0,3.0,6.5,47.5,0.5882352941176471,180.867,1.5,0.475,0.0,3.1578947368421053
2020-11-06 03:00:00,3,20,0,4,14,1,1,3,7,0,7,0,15.133333333333333,211.0,3.0,6.5,50.0,0.6161616161616161,202.052,2.9326923076923075,0.5,0.4615384615384615,3.05
2020-11-06 04:00:00,4,20,0,4,14,1,1,0,7,0,7,0,16.133333333333333,271.0,3.0,6.5,50.0,0.6161616161616161,207.692,1.525,0.5,0.0,3.05
2020-11-06 05:00:00,5,21,0,4,15,1,1,2,7,0,7,0,17.133333333333333,331.0,3.0,6.5,52.5,0.6464646464646465,215.477,2.5377289377289376,0.525,0.3076923076923077,3.0476190476190474
2020-11-06 06:00:00,6,21,0,5,14,1,1,1,8,0,8,0,18.133333333333333,380.5,3.0,6.5,52.5,0.6770833333333334,234.517,2.1011904761904763,0.525,0.1538461538461538,3.095238095238096
2020-11-06 07:00:00,7,22,0,5,15,1,1,4,9,0,9,0,19.133333333333333,430.0,3.0,6.5,55.00000000000001,0.7311827956989247,255.702,3.6020979020979023,0.55,0.6153846153846154,3.090909090909091
2020-11-06 08:00:00,8,19,0,4,13,1,1,2,9,0,9,0,20.133333333333333,490.0,3.0,7.979999999999999,47.5,0.6236559139784946,254.90700000000004,2.2150705711647545,0.475,0.2506265664160401,3.0526315789473686
2020-11-06 09:00:00,9,17,0,2,11,3,1,5,5,0,5,0,21.133333333333333,417.0,3.0,7.979999999999999,42.5,0.4571428571428571,202.657,2.9691287041132246,0.425,0.6265664160401003,2.823529411764706
2020-11-06 10:00:00,10,16,0,1,12,2,1,6,5,1,6,1,12.416666666666666,131.5,4.0,11.68,40.0,0.3308823529411764,165.6183068017366,2.569777397260274,0.4,0.5136986301369864,2.8125
2020-11-06 11:00:00,11,21,0,1,18,2,0,8,5,1,6,1,13.416666666666666,96.0,4.0,11.68,52.5,0.4558823529411764,181.9833068017366,3.572178734507502,0.525,0.684931506849315,2.952380952380953
2020-11-06 12:00:00,12,26,0,1,23,2,0,8,8,1,9,1,14.416666666666666,95.0,4.0,11.68,65.0,0.6209677419354839,238.5483068017366,3.953451001053741,0.65,0.684931506849315,2.9615384615384617
2020-11-06 13:00:00,13,24,0,1,21,2,0,4,7,1,8,1,15.416666666666666,176.0,4.0,11.68,60.0,0.5546875,226.4983068017366,2.7881278538812784,0.6,0.3424657534246575,2.958333333333333
2020-11-06 14:00:00,14,25,1,1,22,1,0,7,8,1,9,1,16.416666666666668,206.0,4.0,11.68,62.5,0.6209677419354839,247.68330680173665,3.770890410958904,0.625,0.5993150684931507,3.08
2020-11-06 15:00:00,15,25,1,1,22,1,0,7,9,1,10,1,17.416666666666668,190.5,4.0,11.68,62.5,0.6416666666666667,266.7233068017366,3.770890410958904,0.625,0.5993150684931507,3.08
2020-11-06 16:00:00,16,20,1,2,16,1,0,4,8,0,8,0,18.416666666666668,197.0,4.0,11.68,50.0,0.4921875,233.97,2.6537671232876714,0.5,0.3424657534246575,3.15
2020-11-06 17:00:00,17,22,1,3,17,1,0,7,9,0,9,0,11.766666666666667,161.0,4.0,11.68,55.00000000000001,0.5645161290322581,214.154,3.656911581569116,0.55,0.5993150684931507,3.1818181818181817
2020-11-06 18:00:00,18,20,0,5,14,1,0,6,8,0,8,0,12.766666666666667,165.5,4.0,11.68,50.0,0.5,202.104,3.2438356164383566,0.5,0.5136986301369864,3.2
2020-11-06 19:00:00,19,19,0,4,13,2,0,6,6,0,6,0,13.766666666666667,198.5,4.0,11.68,47.5,0.4338235294117647,178.799,3.0701694304253784,0.475,0.5136986301369864,3.1052631578947367
2020-11-06 20:00:00,20,19,0,5,13,1,0,7,6,0,6,0,14.766666666666667,158.5,4.0,10.38,47.5,0.4485294117647059,184.439,3.69009481796978,0.475,0.674373795761079,3.210526315789474
2020-11-06 21:00:00,21,19,0,4,14,1,0,4,5,0,5,0,15.766666666666667,294.0,4.0,10.38,47.5,0.4285714285714285,176.679,2.7169151201703685,0.475,0.3853564547206166,3.1578947368421053
2020-11-06 22:00:00,22,18,0,3,14,1,0,13,3,0,3,0,16.766666666666666,58.0,3.0,6.68,45.0,0.5045045045045045,153.374,7.454557551563541,0.45,1.9461077844311376,3.111111111111111
2020-11-06 23:00:00,23,22,1,4,16,1,0,13,4,1,5,1,6.133333333333334,50.0,3.0,6.68,55.00000000000001,0.6761904761904762,129.65030680173663,8.055620577027764,0.55,1.9461077844311376,3.227272727272727
2020-11-07 00:00:00,0,17,1,4,11,1,0,5,5,1,6,1,3.433333333333333,99.5,3.0,6.68,42.5,0.5490196078431373,117.0973068017366,3.8656569214512153,0.425,0.7485029940119761,3.294117647058824
2020-11-07 01:00:00,1,12,1,4,7,0,0,3,5,1,6,1,4.433333333333334,159.5,3.0,6.68,30.0,0.4117647058823529,112.0123068017366,2.6218562874251496,0.3,0.4491017964071856,3.5
2020-11-07 02:00:00,2,9,0,4,5,0,0,1,5,0,5,0,5.433333333333334,230.0,3.0,6.68,22.5,0.2952380952380952,96.949,1.290635395874917,0.225,0.1497005988023952,3.4444444444444446
2020-11-07 03:00:00,3,14,0,5,9,0,0,5,8,0,8,0,6.433333333333334,224.5,3.0,6.68,35.0,0.4895833333333333,153.51399999999998,3.6878314798973486,0.35,0.7485029940119761,3.357142857142857
2020-11-07 04:00:00,4,15,0,5,10,0,0,1,8,0,8,0,7.433333333333334,284.5,3.0,6.68,37.5,0.5208333333333334,161.299,1.749001996007984,0.375,0.1497005988023952,3.333333333333333
2020-11-07 05:00:00,5,13,0,5,8,0,0,1,8,0,8,0,8.433333333333334,344.5,3.0,6.68,32.5,0.4583333333333333,162.649,1.6066789497927223,0.325,0.1497005988023952,3.3846153846153846
2020-11-07 06:00:00,6,13,0,4,9,0,0,3,8,0,8,0,9.433333333333334,404.5,3.0,6.68,32.5,0.4479166666666667,168.28900000000002,2.560490557346845,0.325,0.4491017964071856,3.3076923076923075
2020-11-07 07:00:00,7,12,0,4,8,0,0,0,8,0,8,0,10.433333333333334,464.5,3.0,6.68,30.0,0.4166666666666667,171.784,1.0,0.3,0.0,3.333333333333333
2020-11-07 08:00:00,8,18,1,6,11,0,0,6,11,0,11,0,11.433333333333334,335.0,3.0,6.66,45.0,0.7126436781609196,230.494,4.653103103103104,0.45,0.9009009009009008,3.4444444444444446
2020-11-07 09:00:00,9,17,1,5,11,0,0,4,8,1,9,1,12.433333333333334,99.0,3.0,6.66,42.5,0.6236559139784946,208.05730680173664,3.499107931460873,0.425,0.6006006006006006,3.411764705882353
2020-11-07 10:00:00,10,20,1,7,12,0,0,7,8,1,9,1,13.433333333333334,122.0,4.0,10.36,50.0,0.5564516129032258,220.1323068017366,4.056081081081081,0.5,0.6756756756756757,3.45
2020-11-07 11:00:00,11,29,2,5,18,4,0,13,9,1,10,1,14.433333333333334,127.0,4.0,10.36,72.5,0.7666666666666667,258.47730680173663,6.280828118759153,0.725,1.254826254826255,3.1724137931034484
2020-11-07 12:00:00,12,21,2,4,12,3,0,8,8,0,8,0,9.583333333333334,119.5,4.0,10.36,52.5,0.53125,186.295,4.200459643316787,0.525,0.7722007722007722,3.238095238095238
2020-11-07 13:00:00,13,24,2,5,14,3,0,11,7,0,7,0,5.316666666666666,173.0,4.0,10.36,60.0,0.5909090909090909,155.266,5.4007722007722005,0.6,1.061776061776062,3.25
2020-11-07 14:00:00,14,18,1,4,12,1,0,3,5,0,5,0,6.316666666666666,182.0,4.0,10.36,45.0,0.4214285714285714,121.236,2.424163449163449,0.45,0.2895752895752896,3.2777777777777777
2020-11-07 15:00:00,15,14,1,2,11,0,0,7,4,1,5,1,7.316666666666666,148.0,4.0,10.36,35.0,0.3285714285714285,119.1643068017366,3.3700772200772198,0.35,0.6756756756756757,3.2857142857142856
2020-11-07 16:00:00,16,18,1,0,17,0,0,11,2,2,4,2,8.0,78.0,4.0,10.36,45.0,0.3888888888888889,119.06661360347324,4.703303303303303,0.45,1.061776061776062,3.111111111111111
2020-11-07 17:00:00,17,21,1,1,17,1,0,8,3,2,5,2,9.0,137.0,4.0,10.36,52.5,0.4428571428571428,144.54161360347322,3.8298308512594232,0.525,0.7722007722007722,2.952380952380953
2020-11-07 18:00:00,18,17,2,1,12,1,0,6,2,2,4,2,10.0,155.0,4.0,10.36,42.5,0.3611111111111111,128.20161360347322,3.0715194185782417,0.425,0.5791505791505792,3.0588235294117645
2020-11-07 19:00:00,19,17,3,3,9,2,0,8,3,1,4,1,11.0,99.0,4.0,10.36,42.5,0.4027777777777778,132.9733068017366,4.084567340449693,0.425,0.7722007722007722,3.411764705882353
2020-11-07 20:00:00,20,21,1,4,16,0,0,12,5,1,6,1,7.166666666666667,52.0,4.0,11.759999999999998,52.5,0.5073529411764706,146.7333068017366,5.077769679300292,0.525,1.0204081632653064,3.2857142857142856
2020-11-07 21:00:00,21,22,1,2,17,2,0,10,4,0,4,0,8.166666666666666,80.0,4.0,11.759999999999998,55.00000000000001,0.4722222222222222,126.85,4.328324056895486,0.55,0.8503401360544219,3.090909090909091
2020-11-07 22:00:00,22,21,0,2,17,2,0,8,3,0,3,0,6.15,131.0,3.0,8.059999999999999,52.5,0.5675675675675675,99.931,4.552667493796527,0.525,0.9925558312655088,3.0
2020-11-07 23:00:00,23,22,0,5,15,2,0,9,3,0,3,0,7.15,150.0,3.0,8.059999999999999,55.00000000000001,0.6216216216216216,107.716,5.22714301827205,0.55,1.1166253101736974,3.136363636363636
2020-11-08 00:00:00,0,21,0,2,17,2,0,6,3,0,3,0,8.15,210.0,3.0,8.059999999999999,52.5,0.5675675675675675,111.211,3.8082506203473954,0.525,0.7444168734491317,3.0
2020-11-08 01:00:00,1,19,0,2,15,2,0,6,5,0,5,0,9.15,54.0,3.0,8.059999999999999,47.5,0.5428571428571428,139.361,3.6582506203473946,0.475,0.7444168734491317,3.0
2020-11-08 02:00:00,2,15,0,2,11,2,0,2,5,0,5,0,10.15,114.0,3.0,8.059999999999999,37.5,0.4285714285714285,136.421,1.8694168734491317,0.375,0.2481389578163772,3.0
2020-11-08 03:00:00,3,15,0,3,10,2,0,2,5,0,5,0,11.15,174.0,3.0,8.059999999999999,37.5,0.4380952380952381,142.06099999999998,1.9109594706368904,0.375,0.2481389578163772,3.066666666666667
2020-11-08 04:00:00,4,14,0,3,9,2,0,3,5,0,5,0,12.15,234.0,3.0,8.059999999999999,35.0,0.4095238095238095,145.55599999999998,2.218211627082595,0.35,0.3722084367245658,3.071428571428572
2020-11-08 05:00:00,5,13,0,3,8,2,0,2,6,0,6,0,13.15,285.0,3.0,8.059999999999999,32.5,0.392156862745098,162.45100000000002,1.763504485588853,0.325,0.2481389578163772,3.076923076923077
2020-11-08 06:00:00,6,14,0,3,10,1,0,2,6,0,6,0,14.15,345.0,3.0,8.059999999999999,35.0,0.4313725490196078,170.236,1.8798652959943285,0.35,0.2481389578163772,3.142857142857143
2020-11-08 07:00:00,7,15,0,3,10,1,1,2,6,0,6,0,15.15,405.0,3.0,8.059999999999999,37.5,0.4411764705882353,178.02100000000002,1.8694168734491317,0.375,0.2481389578163772,3.0
2020-11-08 08:00:00,8,20,1,4,13,1,1,9,6,2,8,2,16.15,448.0,3.0,6.66,50.0,0.65625,222.9226136034732,5.831756756756756,0.5,1.351351351351351,3.15
2020-11-08 09:00:00,9,17,1,4,11,0,1,5,4,2,6,2,17.15,181.5,3.0,6.66,42.5,0.5392156862745098,195.3276136034732,3.803899487723017,0.425,0.7507507507507507,3.235294117647059
2020-11-08 10:00:00,10,29,1,5,17,5,1,16,7,2,9,2,18.15,61.0,4.0,10.12,72.5,0.7016129032258065,266.90761360347324,6.918083003952569,0.725,1.5810276679841897,3.0
2020-11-08 11:00:00,11,22,0,4,14,3,1,8,5,2,7,2,19.15,60.0,4.0,10.12,55.00000000000001,0.4924242424242424,230.73261360347323,3.960609054976644,0.55,0.7905138339920947,2.9545454545454546
2020-11-08 12:00:00,12,20,0,4,14,1,1,6,7,2,9,2,20.15,112.0,4.0,10.12,50.0,0.4919354838709677,258.88261360347326,3.3333003952569165,0.5,0.592885375494071,3.05
2020-11-08 13:00:00,13,26,1,4,20,0,1,14,9,3,12,3,5.833333333333333,150.0,4.0,10.12,65.0,0.7321428571428571,232.07492040520987,6.413028276071754,0.65,1.3833992094861658,3.1538461538461537
2020-11-08 14:00:00,14,27,1,3,21,2,0,10,4,2,6,2,6.833333333333333,218.0,4.0,10.12,67.5,0.6176470588235294,158.59161360347323,5.174220465524813,0.675,0.9881422924901184,3.111111111111111
2020-11-08 15:00:00,15,20,0,3,13,4,0,8,3,0,3,0,7.833333333333333,54.0,4.0,10.12,50.0,0.3986486486486486,107.28,3.80701581027668,0.5,0.7905138339920947,2.95
2020-11-08 16:00:00,16,21,0,5,14,2,0,11,3,0,3,0,8.833333333333334,18.0,4.0,10.12,52.5,0.4459459459459459,115.065,5.06614906832298,0.525,1.0869565217391304,3.142857142857143
2020-11-08 17:00:00,17,18,0,4,13,1,0,8,4,0,4,0,9.383333333333333,70.0,4.0,10.12,45.0,0.3958333333333333,125.132,3.928293807641633,0.45,0.7905138339920947,3.1666666666666665
2020-11-08 18:00:00,18,18,0,5,12,1,0,8,5,1,6,1,10.383333333333333,55.0,4.0,10.12,45.0,0.4264705882352941,158.4403068017366,3.997211242863417,0.45,0.7905138339920947,3.2222222222222223
2020-11-08 19:00:00,19,18,0,5,12,1,0,5,5,1,6,1,4.433333333333334,103.5,4.0,10.12,45.0,0.4264705882352941,124.8823068017366,3.042007026789636,0.45,0.4940711462450592,3.2222222222222223
2020-11-08 20:00:00,20,17,0,5,11,1,0,6,6,1,7,1,5.433333333333334,162.0,4.0,11.52,42.5,0.4166666666666667,141.7773068017366,3.060049019607843,0.425,0.5208333333333334,3.235294117647059
2020-11-08 21:00:00,21,17,0,3,14,0,0,6,5,1,6,1,5.55,161.0,4.0,11.52,42.5,0.3970588235294117,129.03530680173662,3.004411764705882,0.425,0.5208333333333334,3.176470588235294
2020-11-08 22:00:00,22,17,0,2,15,0,0,7,5,1,6,1,6.55,151.5,3.0,8.059999999999999,42.5,0.5196078431372549,134.6753068017366,4.032633922055174,0.425,0.8684863523573202,3.117647058823529
2020-11-08 23:00:00,23,18,0,2,16,0,0,7,5,0,5,0,7.55,203.0,3.0,8.059999999999999,45.0,0.5333333333333333,128.192,4.101957540667219,0.45,0.8684863523573202,3.111111111111111
2020-11-09 00:00:00,0,21,0,3,17,1,0,11,5,0,5,0,8.55,263.0,3.0,8.059999999999999,52.5,0.6190476190476191,140.267,5.849270353302612,0.525,1.3647642679900749,3.095238095238096
2020-11-09 01:00:00,1,18,0,4,14,0,0,4,6,0,6,0,9.55,256.5,3.0,8.059999999999999,45.0,0.5686274509803921,152.872,3.0491177281499864,0.45,0.4962779156327544,3.2222222222222223
2020-11-09 02:00:00,2,16,0,5,11,0,0,4,7,0,7,0,10.55,250.0,3.0,8.059999999999999,40.0,0.5353535353535354,167.622,2.968920595533499,0.4,0.4962779156327544,3.3125
2020-11-09 03:00:00,3,16,0,5,11,0,0,1,7,0,7,0,11.55,310.0,3.0,8.059999999999999,40.0,0.5353535353535354,173.262,1.735980148883375,0.4,0.1240694789081886,3.3125
2020-11-09 04:00:00,4,13,0,5,8,0,0,0,7,0,7,0,12.55,370.0,3.0,8.059999999999999,32.5,0.4444444444444444,172.46699999999998,1.1,0.325,0.0,3.3846153846153846
2020-11-09 05:00:00,5,16,0,6,10,0,0,3,8,0,8,0,13.55,378.5,3.0,8.059999999999999,40.0,0.5625,197.942,2.60620347394541,0.4,0.3722084367245658,3.375
2020-11-09 06:00:00,6,16,0,7,9,0,0,1,8,0,8,0,14.55,438.5,3.0,8.059999999999999,40.0,0.5729166666666666,203.582,1.8014888337468984,0.4,0.1240694789081886,3.4375
2020-11-09 07:00:00,7,16,0,7,9,0,0,1,8,0,8,0,15.55,498.5,3.0,8.059999999999999,40.0,0.5729166666666666,209.222,1.8014888337468984,0.4,0.1240694789081886,3.4375
2020-11-09 08:00:00,8,19,0,8,11,0,0,4,9,1,10,1,16.55,477.0,3.0,6.59,47.5,0.7222222222222222,248.96530680173663,3.7015114607459454,0.475,0.6069802731411229,3.421052631578948
2020-11-09 09:00:00,9,16,0,4,11,1,0,7,4,1,5,1,11.166666666666666,102.0,3.0,6.59,40.0,0.4857142857142857,145.1683068017366,4.660811836115326,0.4,1.062215477996965,3.1875
2020-11-09 10:00:00,10,17,0,4,12,1,0,6,4,1,5,1,10.9,149.0,4.0,9.63,42.5,0.3857142857142857,145.80930680173662,3.329109400769654,0.425,0.6230529595015577,3.176470588235294
2020-11-09 11:00:00,11,20,0,5,14,1,0,9,7,1,8,1,6.183333333333334,96.0,4.0,9.63,50.0,0.5,165.8423068017366,4.5906542056074775,0.5,0.9345794392523366,3.2
2020-11-09 12:00:00,12,23,1,5,16,1,0,7,8,0,8,0,7.183333333333334,104.5,4.0,9.63,57.49999999999999,0.5859375,177.04899999999998,4.245310172016795,0.575,0.726895119418484,3.260869565217391
2020-11-09 13:00:00,13,21,1,5,15,0,0,4,9,0,9,0,8.183333333333334,161.0,4.0,9.63,52.5,0.5645161290322581,191.799,3.134562132225684,0.525,0.4153686396677051,3.333333333333333
2020-11-09 14:00:00,14,22,1,5,16,0,0,7,6,1,7,1,9.183333333333334,154.0,4.0,9.63,55.00000000000001,0.553030303030303,173.6523068017366,4.236970168979516,0.55,0.726895119418484,3.3181818181818183
2020-11-09 15:00:00,15,28,0,7,21,0,0,14,6,1,7,1,7.4,80.0,4.0,9.63,70.0,0.6893939393939394,176.4643068017366,6.999818276220146,0.7,1.453790238836968,3.25
2020-11-09 16:00:00,16,29,0,6,22,1,0,11,7,2,9,2,8.4,73.0,4.0,9.63,72.5,0.7419354838709677,211.91761360347328,5.92373330468722,0.725,1.142263759086189,3.1724137931034484
2020-11-09 17:00:00,17,29,1,6,21,1,0,8,9,1,10,1,8.85,71.0,4.0,9.63,72.5,0.7833333333333333,226.9873068017366,5.04273462956995,0.725,0.8307372793354103,3.2413793103448274
2020-11-09 18:00:00,18,26,1,5,19,1,0,3,8,1,9,1,9.85,125.0,4.0,9.63,65.0,0.6774193548387096,212.79230680173663,3.10647016534867,0.65,0.3115264797507788,3.230769230769231
2020-11-09 19:00:00,19,23,1,6,15,1,0,7,6,1,7,1,9.916666666666666,131.0,4.0,9.63,57.49999999999999,0.5757575757575758,179.9333068017366,4.301914307643687,0.575,0.726895119418484,3.3043478260869565
2020-11-09 20:00:00,20,22,0,6,15,1,0,9,3,1,4,1,8.816666666666666,86.5,4.0,10.47,55.00000000000001,0.4930555555555556,131.3843068017366,4.54915993748372,0.55,0.8595988538681949,3.227272727272727
2020-11-09 21:00:00,21,25,0,9,15,1,0,11,4,1,5,1,9.816666666666666,117.0,4.0,10.47,62.5,0.5928571428571429,156.8593068017366,5.563061127029608,0.625,1.0506208213944606,3.32
2020-11-09 22:00:00,22,18,0,7,10,1,0,5,4,1,5,1,8.1,70.0,3.0,7.43,45.0,0.5714285714285714,132.1623068017366,3.7431583669807096,0.45,0.6729475100942127,3.333333333333333
2020-11-09 23:00:00,23,12,0,4,7,1,0,6,2,0,2,0,7.916666666666667,229.0,3.0,7.43,30.0,0.3421052631578947,77.19,3.5994952893674297,0.3,0.8075370121130552,3.25
2020-11-10 00:00:00,0,15,0,4,10,1,0,7,2,0,2,0,8.916666666666666,289.0,3.0,7.43,37.5,0.4210526315789473,89.26499999999999,4.214804845222073,0.375,0.9421265141318976,3.2
2020-11-10 01:00:00,1,13,0,4,9,0,0,5,3,0,3,0,8.0,218.0,3.0,7.43,32.5,0.3873873873873873,93.205,3.300903302619319,0.325,0.6729475100942127,3.3076923076923075
2020-11-10 02:00:00,2,9,0,4,5,0,0,4,6,0,6,0,9.0,79.5,3.0,7.43,22.5,0.3039215686274509,130.465,2.629344250037386,0.225,0.5383580080753702,3.4444444444444446
2020-11-10 03:00:00,3,9,0,4,4,1,0,4,6,0,6,0,10.0,139.5,3.0,7.43,22.5,0.2941176470588235,136.10500000000002,2.5445266935845674,0.225,0.5383580080753702,3.333333333333333
2020-11-10 04:00:00,4,9,1,4,4,0,0,1,7,0,7,0,11.0,170.0,3.0,7.43,22.5,0.3333333333333333,155.14499999999998,1.318494840735756,0.225,0.1345895020188425,3.6666666666666665
2020-11-10 05:00:00,5,9,1,3,5,0,0,1,8,0,8,0,12.0,219.5,3.0,7.43,22.5,0.3333333333333333,174.185,1.2785404516225511,0.225,0.1345895020188425,3.555555555555556
2020-11-10 06:00:00,6,10,1,3,6,0,0,2,8,0,8,0,13.0,279.5,3.0,7.43,25.0,0.3645833333333333,181.97,1.817126514131898,0.25,0.2691790040376851,3.5
2020-11-10 07:00:00,7,10,1,3,6,0,0,2,8,0,8,0,14.0,339.5,3.0,7.43,25.0,0.3645833333333333,187.61,1.817126514131898,0.25,0.2691790040376851,3.5
2020-11-10 08:00:00,8,12,1,4,7,0,0,4,7,1,8,1,15.0,399.5,3.0,6.59,30.0,0.4375,198.4083068017366,3.1744309559939303,0.3,0.6069802731411229,3.5
2020-11-10 09:00:00,9,17,1,4,9,3,0,6,7,1,8,1,11.633333333333333,396.5,3.0,6.59,42.5,0.5625,190.1453068017366,4.242082477907703,0.425,0.9104704097116844,3.176470588235294
2020-11-10 10:00:00,10,14,0,4,6,4,0,3,5,1,6,1,12.633333333333333,217.5,4.0,9.93,35.0,0.3088235294117647,162.5503068017366,1.956344410876133,0.35,0.3021148036253776,3.0
2020-11-10 11:00:00,11,11,0,3,6,2,0,3,4,2,6,2,13.633333333333333,277.5,4.0,9.93,27.500000000000004,0.25,162.62361360347325,1.7838093930238947,0.275,0.3021148036253776,3.090909090909091
2020-11-10 12:00:00,12,16,0,3,11,2,0,6,4,2,6,2,14.633333333333333,337.5,4.0,9.93,40.0,0.3602941176470588,178.98861360347323,3.075453172205438,0.4,0.6042296072507553,3.0625
2020-11-10 13:00:00,13,16,0,4,11,1,0,6,4,1,5,1,15.633333333333333,492.0,4.0,9.93,40.0,0.3642857142857142,170.3603068017366,3.2009818731117825,0.4,0.6042296072507553,3.1875
2020-11-10 14:00:00,14,21,0,3,16,2,0,10,5,1,6,1,9.2,59.0,4.0,9.93,52.5,0.4705882352941176,158.20130680173662,4.6691027669879634,0.525,1.0070493454179257,3.0476190476190474
2020-11-10 15:00:00,15,18,0,4,13,1,0,6,8,1,9,1,10.2,105.0,4.0,9.93,45.0,0.4596774193548387,197.60630680173665,3.3383937562940584,0.45,0.6042296072507553,3.1666666666666665
2020-11-10 16:00:00,16,18,0,4,14,0,0,5,7,1,8,1,5.133333333333334,156.0,4.0,9.93,45.0,0.453125,155.63030680173662,3.072468389839991,0.45,0.5035246727089627,3.2222222222222223
2020-11-10 17:00:00,17,22,0,4,18,0,0,8,6,2,8,2,6.133333333333334,216.0,4.0,9.93,55.00000000000001,0.546875,170.71861360347322,4.313398333791083,0.55,0.8056394763343404,3.1818181818181817
2020-11-10 18:00:00,18,18,0,4,14,0,0,3,4,2,6,2,7.133333333333334,278.0,4.0,9.93,45.0,0.4264705882352941,140.97861360347324,2.4234810339039945,0.45,0.3021148036253776,3.2222222222222223
2020-11-10 19:00:00,19,17,1,0,16,0,0,5,2,2,4,2,8.133333333333333,338.0,4.0,9.93,42.5,0.3680555555555556,117.6736136034732,2.8948122149161777,0.425,0.5035246727089627,3.117647058823529
2020-11-10 20:00:00,20,14,2,1,11,0,0,6,1,3,4,3,9.133333333333333,65.5,4.0,11.07,35.0,0.3263888888888889,117.74692040520983,2.994589624467673,0.35,0.5420054200542005,3.357142857142857
2020-11-10 21:00:00,21,21,2,3,15,1,0,9,3,2,5,2,6.866666666666666,61.0,4.0,11.07,52.5,0.4928571428571429,132.5096136034732,4.396312427409988,0.525,0.8130081300813008,3.2857142857142856
2020-11-10 22:00:00,22,17,1,2,13,1,0,8,3,1,4,1,7.866666666666666,118.0,3.0,7.73,42.5,0.5,115.30130680173662,4.637421048626436,0.425,1.034928848641656,3.176470588235294
2020-11-10 23:00:00,23,16,1,3,12,0,0,8,4,1,5,1,8.866666666666667,175.0,3.0,7.73,40.0,0.5047619047619047,132.19630680173665,4.753201811125485,0.4,1.034928848641656,3.3125
2020-11-11 00:00:00,0,17,2,3,12,0,0,6,6,0,6,0,9.866666666666667,82.0,3.0,7.73,42.5,0.5686274509803921,152.513,4.098200289171295,0.425,0.7761966364812418,3.411764705882353
2020-11-11 01:00:00,1,23,3,6,14,0,0,8,8,0,8,0,10.866666666666667,107.0,3.0,7.73,57.49999999999999,0.84375,197.823,5.669749423477136,0.575,1.034928848641656,3.5217391304347827
2020-11-11 02:00:00,2,19,3,6,10,0,0,4,9,0,9,0,11.866666666666667,142.0,3.0,7.73,47.5,0.7419354838709677,208.283,3.6042129093756383,0.475,0.517464424320828,3.631578947368421
2020-11-11 03:00:00,3,20,1,6,13,0,0,5,10,0,10,0,12.866666666666667,195.0,3.0,7.73,50.0,0.7555555555555555,229.468,3.8992238033635194,0.5,0.6468305304010349,3.4
2020-11-11 04:00:00,4,18,1,6,11,0,0,1,10,0,10,0,13.866666666666667,255.0,3.0,7.73,45.0,0.6888888888888889,230.818,1.99559436538738,0.45,0.129366106080207,3.4444444444444446
2020-11-11 05:00:00,5,20,2,7,10,0,1,4,10,1,11,1,14.866666666666667,308.0,3.0,7.73,50.0,0.7931034482758621,255.01630680173665,3.5102522639068567,0.5,0.517464424320828,3.45
2020-11-11 06:00:00,6,18,1,8,8,0,1,2,12,0,12,0,15.866666666666667,340.5,3.0,7.73,45.0,0.7380952380952381,268.898,2.44118873077476,0.45,0.258732212160414,3.4444444444444446
2020-11-11 07:00:00,7,19,1,8,9,0,1,1,13,0,13,0,16.866666666666667,373.0,3.0,7.73,47.5,0.8024691358024691,290.083,2.0675682576428134,0.475,0.129366106080207,3.421052631578948
2020-11-11 08:00:00,8,24,1,9,13,0,1,7,14,0,14,0,17.866666666666667,431.0,3.0,7.04,60.0,1.0384615384615383,319.848,5.380823863636364,0.6,0.9943181818181818,3.375
2020-11-11 09:00:00,9,18,0,4,13,0,1,3,8,0,8,0,18.866666666666667,169.0,3.0,7.04,45.0,0.5833333333333334,232.218,2.725757575757576,0.45,0.4261363636363636,3.111111111111111
2020-11-11 10:00:00,10,25,0,5,19,0,1,9,8,0,8,0,19.866666666666667,189.5,4.0,10.38,62.5,0.609375,252.873,4.655202312138729,0.625,0.8670520231213874,3.12
2020-11-11 11:00:00,11,24,0,4,19,0,1,7,8,0,8,0,20.866666666666667,136.5,4.0,10.38,60.0,0.578125,256.368,3.929319203596661,0.6,0.674373795761079,3.083333333333333
2020-11-11 12:00:00,12,21,0,3,16,1,1,4,9,0,9,0,16.466666666666665,177.0,4.0,10.38,52.5,0.5080645161290323,238.517,2.7310693641618498,0.525,0.3853564547206166,3.0
2020-11-11 13:00:00,13,19,0,4,13,1,1,5,9,0,9,0,8.4,126.0,4.0,10.38,47.5,0.4677419354838709,188.731,2.920439103539195,0.475,0.4816955684007707,3.0526315789473686
2020-11-11 14:00:00,14,15,1,3,11,0,0,7,8,0,8,0,8.033333333333333,120.0,4.0,10.38,37.5,0.390625,164.683,3.4979126525369297,0.375,0.674373795761079,3.333333333333333
2020-11-11 15:00:00,15,17,1,3,13,0,0,5,8,1,9,1,9.033333333333331,85.0,4.0,10.38,42.5,0.4516129032258064,188.88130680173663,2.986761872379009,0.425,0.4816955684007707,3.294117647058824
2020-11-11 16:00:00,16,16,2,4,10,0,0,5,10,1,11,1,10.033333333333331,101.0,4.0,10.38,40.0,0.4827586206896552,219.17630680173664,3.085934489402698,0.4,0.4816955684007707,3.5
2020-11-11 17:00:00,17,21,2,8,11,0,0,8,10,1,11,1,11.033333333333331,155.0,4.0,10.38,52.5,0.646551724137931,235.5413068017366,4.627546105147261,0.525,0.7707129094412332,3.571428571428572
2020-11-11 18:00:00,18,27,2,8,17,0,0,8,12,1,13,1,12.033333333333331,152.0,4.0,10.38,67.5,0.8611111111111112,280.85130680173665,4.979677799186471,0.675,0.7707129094412332,3.4444444444444446
2020-11-11 19:00:00,19,25,2,7,15,1,0,6,9,2,11,2,7.066666666666666,195.0,4.0,10.38,62.5,0.7327586206896551,222.6176136034732,4.090317919075144,0.625,0.5780346820809249,3.4
2020-11-11 20:00:00,20,24,1,7,15,1,0,10,6,2,8,2,7.55,145.5,4.0,10.77,60.0,0.625,182.9986136034732,5.095017022593624,0.6,0.9285051067780872,3.333333333333333
2020-11-11 21:00:00,21,20,1,7,11,1,0,2,6,2,8,2,8.55,180.0,4.0,10.77,50.0,0.53125,180.05861360347322,2.3313834726091,0.5,0.1857010213556174,3.4
2020-11-11 22:00:00,22,19,1,7,10,1,0,5,6,2,8,2,9.55,155.5,3.0,7.43,47.5,0.6770833333333334,183.5536136034732,3.9271888503223065,0.475,0.6729475100942127,3.421052631578948
2020-11-11 23:00:00,23,16,1,3,10,2,0,3,6,1,7,1,9.5,186.0,3.0,7.43,40.0,0.5151515151515151,162.56830680173658,2.562012113055182,0.4,0.4037685060565276,3.1875
2020-11-12 00:00:00,0,15,1,3,10,1,0,4,6,1,7,1,10.5,246.0,3.0,7.43,37.5,0.494949494949495,166.06330680173662,2.983636159712876,0.375,0.5383580080753702,3.2666666666666666
2020-11-12 01:00:00,1,20,1,3,15,1,0,8,8,1,9,1,11.5,240.0,3.0,7.43,50.0,0.6881720430107527,209.2283068017366,5.045491251682369,0.5,1.0767160161507403,3.2
2020-11-12 02:00:00,2,20,1,3,15,1,0,3,8,1,9,1,12.5,300.0,3.0,7.43,50.0,0.6881720430107527,214.86830680173665,2.8920592193808883,0.5,0.4037685060565276,3.2
2020-11-12 03:00:00,3,18,2,3,12,1,0,2,9,2,11,2,13.5,341.0,3.0,7.43,45.0,0.6896551724137931,243.8866136034732,2.397263346792284,0.45,0.2691790040376851,3.333333333333333
2020-11-12 04:00:00,4,17,1,3,12,1,0,5,9,1,10,1,14.5,410.5,3.0,7.43,42.5,0.6111111111111112,233.11330680173663,3.552183120893041,0.425,0.6729475100942127,3.235294117647059
2020-11-12 05:00:00,5,19,1,3,14,1,0,3,10,1,11,1,15.5,461.0,3.0,7.43,47.5,0.7011494252873564,256.44330680173664,2.821309414181484,0.475,0.4037685060565276,3.210526315789474
2020-11-12 06:00:00,6,22,1,3,17,1,0,3,11,1,12,1,16.5,460.5,3.0,7.43,55.00000000000001,0.8333333333333334,281.9183068017366,3.034717973816224,0.55,0.4037685060565276,3.1818181818181817
2020-11-12 07:00:00,7,26,1,4,20,1,0,5,13,2,15,2,17.5,403.0,3.0,7.43,65.0,1.106666666666667,337.2066136034732,4.223255512993064,0.65,0.6729475100942127,3.1923076923076925
2020-11-12 08:00:00,8,26,1,4,20,1,0,3,15,2,17,2,18.5,427.0,3.0,6.38,65.0,1.2028985507246377,369.6466136034732,3.576085121774777,0.65,0.4702194357366771,3.1923076923076925
2020-11-12 09:00:00,9,24,1,6,16,1,0,4,14,3,17,3,19.5,217.0,3.0,6.38,60.0,1.144927536231884,371.8649204052099,4.038740856844305,0.6,0.6269592476489029,3.2916666666666665
2020-11-12 10:00:00,10,23,1,7,14,1,0,5,13,4,17,4,20.5,187.0,4.0,9.63,57.49999999999999,0.8369565217391305,376.2282272069465,3.6632274594789833,0.575,0.5192107995846315,3.347826086956522
2020-11-12 11:00:00,11,26,1,6,18,1,0,5,14,4,18,4,21.5,197.0,4.0,9.63,65.0,0.9659090909090908,401.7032272069465,3.8224199217189874,0.65,0.5192107995846315,3.269230769230769
2020-11-12 12:00:00,12,23,1,3,19,0,0,7,13,1,14,1,22.5,257.0,4.0,9.63,57.49999999999999,0.7115384615384616,344.7033068017366,4.188706036389905,0.575,0.726895119418484,3.217391304347826
2020-11-12 13:00:00,13,21,1,4,16,0,0,2,11,2,13,2,23.5,241.0,4.0,9.63,52.5,0.6388888888888888,333.52161360347327,2.407391336596944,0.525,0.2076843198338525,3.2857142857142856
2020-11-12 14:00:00,14,28,2,6,20,0,0,9,12,2,14,2,24.5,288.0,4.0,9.63,70.0,0.903846153846154,367.5766136034732,5.487516688918558,0.7,0.9345794392523366,3.357142857142857
2020-11-12 15:00:00,15,30,2,7,21,0,0,11,12,3,15,3,25.5,231.0,4.0,9.63,75.0,1.01,391.7749204052098,6.370621322256836,0.75,1.142263759086189,3.3666666666666667
2020-11-12 16:00:00,16,25,1,5,19,0,0,4,11,2,13,2,25.683333333333334,291.0,4.0,9.63,62.5,0.7592592592592593,354.4156136034732,3.412409138110073,0.625,0.4153686396677051,3.28
2020-11-12 17:00:00,17,24,1,4,19,0,0,6,10,1,11,1,12.333333333333334,177.0,4.0,9.63,60.0,0.6724137931034483,249.30830680173665,3.974922118380063,0.6,0.6230529595015577,3.25
2020-11-12 18:00:00,18,23,1,8,14,0,0,10,10,1,11,1,8.0,110.0,4.0,9.63,57.49999999999999,0.6810344827586207,222.7233068017366,5.541752449320512,0.575,1.038421599169263,3.4347826086956523
2020-11-12 19:00:00,19,26,1,10,15,0,0,7,12,1,13,1,9.0,128.0,4.0,9.63,65.0,0.8333333333333334,261.5983068017366,4.766175413371675,0.65,0.726895119418484,3.4615384615384617
2020-11-12 20:00:00,20,25,0,8,17,0,0,12,7,2,9,2,10.0,131.0,4.0,10.05,62.5,0.6693548387096774,212.36161360347324,6.039179104477611,0.625,1.1940298507462686,3.32
2020-11-12 21:00:00,21,20,1,8,11,0,0,7,7,2,9,2,11.0,166.0,4.0,10.05,50.0,0.5645161290322581,207.27661360347324,4.187810945273632,0.5,0.6965174129353233,3.5
2020-11-12 22:00:00,22,17,1,5,11,0,0,4,6,1,7,1,12.0,108.0,3.0,6.8,42.5,0.5858585858585859,178.8133068017366,3.4569204152249133,0.425,0.5882352941176471,3.411764705882353
2020-11-12 23:00:00,23,20,1,4,14,1,0,6,6,1,7,1,13.0,168.0,3.0,6.8,50.0,0.6565656565656566,190.8883068017366,4.492647058823529,0.5,0.8823529411764706,3.25
2020-11-13 00:00:00,0,12,1,3,7,1,0,2,6,1,7,1,14.0,206.0,3.0,6.8,30.0,0.404040404040404,179.3683068017366,1.9803921568627447,0.3,0.2941176470588235,3.333333333333333
2020-11-13 01:00:00,1,17,1,5,10,1,0,6,7,1,8,1,15.0,250.0,3.0,6.8,42.5,0.59375,209.1333068017366,4.383477508650519,0.425,0.8823529411764706,3.3529411764705883
2020-11-13 02:00:00,2,17,1,5,10,1,0,2,8,1,9,1,16.0,294.0,3.0,6.8,42.5,0.6129032258064516,228.1733068017366,2.411159169550173,0.425,0.2941176470588235,3.3529411764705883
2020-11-13 03:00:00,3,17,1,5,10,1,0,3,8,1,9,1,17.0,354.0,3.0,6.8,42.5,0.6129032258064516,233.81330680173664,2.90423875432526,0.425,0.4411764705882353,3.3529411764705883
2020-11-13 04:00:00,4,19,1,6,10,2,0,4,9,1,10,1,18.0,400.0,3.0,6.8,47.5,0.7,257.1433068017366,3.5254643962848298,0.475,0.5882352941176471,3.3157894736842106
2020-11-13 05:00:00,5,21,1,7,11,2,0,4,11,1,12,1,19.0,387.0,3.0,6.8,52.5,0.8333333333333334,293.8733068017366,3.7107843137254894,0.525,0.5882352941176471,3.333333333333333
2020-11-13 06:00:00,6,20,2,7,10,1,0,3,11,1,12,1,20.0,447.0,3.0,6.8,50.0,0.8333333333333334,297.36830680173665,3.294117647058824,0.5,0.4411764705882353,3.5
2020-11-13 07:00:00,7,22,2,8,11,1,0,2,11,1,12,1,21.0,507.0,3.0,6.8,55.00000000000001,0.9166666666666666,307.29830680173666,2.954411764705883,0.55,0.2941176470588235,3.5
2020-11-13 08:00:00,8,22,2,7,13,0,0,3,11,1,12,1,22.0,567.0,3.0,6.6,55.00000000000001,0.9166666666666666,312.93830680173664,3.515909090909091,0.55,0.4545454545454546,3.5
2020-11-13 09:00:00,9,23,2,6,15,0,0,8,7,2,9,2,23.0,568.0,3.0,6.6,57.49999999999999,0.8494623655913979,281.3916136034733,6.138372859025033,0.575,1.2121212121212122,3.4347826086956523
2020-11-13 10:00:00,10,30,3,7,19,1,0,10,10,2,12,2,24.0,419.0,4.0,9.85,75.0,0.9107142857142856,342.2466136034732,6.001776649746192,0.75,1.015228426395939,3.4
2020-11-13 11:00:00,11,37,3,9,25,0,0,11,13,4,17,4,25.0,112.0,4.0,9.85,92.5,1.3695652173913044,431.63822720694645,6.95299080806695,0.925,1.116751269035533,3.4054054054054053
2020-11-13 12:00:00,12,36,0,11,25,0,0,5,12,5,17,5,22.1,148.0,4.0,9.85,90.0,1.2934782608695652,414.0055340086831,4.652946982515511,0.9,0.5076142131979695,3.305555555555556
2020-11-13 13:00:00,13,34,0,12,21,1,0,7,10,5,15,5,17.216666666666665,168.0,4.0,9.85,85.0,1.13,355.373534008683,5.186899074350553,0.85,0.7106598984771574,3.323529411764706
2020-11-13 14:00:00,14,30,0,11,18,1,0,3,10,4,14,4,18.216666666666665,229.5,4.0,9.85,75.0,0.9615384615384616,338.16522720694644,3.5152284263959395,0.75,0.3045685279187817,3.333333333333333
2020-11-13 15:00:00,15,28,0,10,16,2,0,7,10,4,14,4,19.216666666666665,272.0,4.0,9.85,70.0,0.8846153846153846,339.51522720694646,4.63502538071066,0.7,0.7106598984771574,3.2857142857142856
2020-11-13 16:00:00,16,22,0,10,12,0,0,6,9,4,13,4,20.216666666666665,242.0,4.0,9.85,55.00000000000001,0.7037037037037037,318.88522720694647,4.004291647438856,0.55,0.6091370558375635,3.4545454545454546
2020-11-13 17:00:00,17,24,0,7,17,0,0,7,10,3,13,3,21.216666666666665,233.0,4.0,9.85,60.0,0.7314814814814815,327.9469204052098,4.314255499153976,0.6,0.7106598984771574,3.2916666666666665
2020-11-13 18:00:00,18,24,0,6,17,1,0,6,12,4,16,4,22.216666666666665,219.0,4.0,9.85,60.0,0.8020833333333334,374.6552272069465,3.879314720812183,0.6,0.6091370558375635,3.208333333333333
2020-11-13 19:00:00,19,18,0,6,11,1,0,0,9,4,13,4,23.216666666666665,180.0,4.0,9.85,45.0,0.5462962962962963,327.22522720694644,1.475,0.45,0.0,3.2777777777777777
2020-11-13 20:00:00,20,20,0,5,13,2,0,8,8,3,11,3,15.066666666666666,151.0,4.0,9.9,50.0,0.5431034482758621,257.88092040520985,4.120454545454545,0.5,0.8080808080808081,3.15
2020-11-13 21:00:00,21,20,0,3,14,3,0,9,6,3,9,3,10.583333333333334,98.0,4.0,9.9,50.0,0.4838709677419355,205.79492040520984,4.227272727272728,0.5,0.9090909090909092,3.0
2020-11-13 22:00:00,22,21,0,1,18,2,0,5,5,2,7,2,4.983333333333333,151.0,3.0,6.65,52.5,0.6262626262626263,148.6876136034732,3.76983530254207,0.525,0.7518796992481203,2.952380952380953
2020-11-13 23:00:00,23,17,0,1,14,2,0,7,4,2,6,2,5.983333333333333,193.0,3.0,6.65,42.5,0.4901960784313725,132.34761360347323,4.345975232198143,0.425,1.0526315789473684,2.9411764705882355
2020-11-14 00:00:00,0,19,0,3,14,2,0,6,6,2,8,2,6.983333333333333,166.5,3.0,6.65,47.5,0.6041666666666666,169.07761360347322,4.204254056193115,0.475,0.9022556390977444,3.0526315789473686
2020-11-14 01:00:00,1,19,1,4,12,2,0,4,7,4,11,4,7.983333333333333,122.0,3.0,6.65,47.5,0.7011494252873564,216.65422720694647,3.4561436485951726,0.475,0.6015037593984962,3.210526315789474
2020-11-14 02:00:00,2,19,1,5,11,2,0,3,9,3,12,3,6.816666666666666,153.0,3.0,6.65,47.5,0.7380952380952381,222.60592040520984,3.0221013058963195,0.475,0.4511278195488721,3.263157894736842
2020-11-14 03:00:00,3,19,2,4,11,2,0,2,10,2,12,2,7.633333333333334,187.5,3.0,6.65,47.5,0.75,226.34361360347324,2.572229916897507,0.475,0.3007518796992481,3.3157894736842106
2020-11-14 04:00:00,4,18,1,4,11,2,0,3,11,1,12,1,8.633333333333333,247.5,3.0,6.65,45.0,0.6904761904761905,228.97030680173663,2.9036340852130325,0.45,0.4511278195488721,3.2222222222222223
2020-11-14 05:00:00,5,20,1,4,13,2,0,3,13,1,14,1,9.633333333333333,266.0,3.0,6.65,50.0,0.8205128205128205,265.7003068017366,3.043609022556391,0.5,0.4511278195488721,3.2
2020-11-14 06:00:00,6,21,1,3,15,2,0,2,13,1,14,1,10.633333333333333,326.0,3.0,6.65,52.5,0.8461538461538461,273.4853068017366,2.595220193340494,0.525,0.3007518796992481,3.142857142857143
2020-11-14 07:00:00,7,22,1,3,16,2,0,2,13,1,14,1,11.633333333333333,386.0,3.0,6.65,55.00000000000001,0.8846153846153846,281.27030680173664,2.6682672590567327,0.55,0.3007518796992481,3.136363636363636
2020-11-14 08:00:00,8,20,1,5,14,0,0,2,14,1,15,1,12.266666666666667,409.0,3.0,7.46,50.0,0.8933333333333333,293.95230680173665,2.5731233243967826,0.5,0.2680965147453083,3.35
2020-11-14 09:00:00,9,19,1,7,11,0,0,6,10,1,11,1,13.166666666666666,360.0,3.0,7.46,47.5,0.7586206896551724,243.2833068017366,4.443847890503739,0.475,0.8042895442359249,3.473684210526316
2020-11-14 10:00:00,10,23,1,8,14,0,0,9,11,1,12,1,14.166666666666666,360.5,4.0,11.16,57.49999999999999,0.7053571428571429,270.9033068017366,4.744985974754558,0.575,0.8064516129032258,3.4347826086956523
2020-11-14 11:00:00,11,22,0,9,13,0,0,5,11,1,12,1,15.166666666666666,284.0,4.0,11.16,55.00000000000001,0.6696428571428571,274.3983068017366,3.402370478983382,0.55,0.4480286738351254,3.409090909090909
2020-11-14 12:00:00,12,22,0,9,13,0,0,3,12,1,13,1,16.166666666666668,261.0,4.0,11.16,55.00000000000001,0.6944444444444444,293.43830680173664,2.7914222873900294,0.55,0.2688172043010752,3.409090909090909
2020-11-14 13:00:00,13,22,0,9,13,0,0,5,9,1,10,1,17.166666666666668,319.5,4.0,11.16,55.00000000000001,0.625,258.87830680173664,3.402370478983382,0.55,0.4480286738351254,3.409090909090909
2020-11-14 14:00:00,14,26,1,11,13,1,0,12,7,1,8,1,14.666666666666666,259.5,4.0,11.16,65.0,0.703125,226.55830680173665,5.972084367245658,0.65,1.075268817204301,3.4615384615384617
2020-11-14 15:00:00,15,25,0,6,19,0,0,10,9,0,9,0,15.666666666666666,100.0,4.0,11.16,62.5,0.6532258064516129,242.58500000000004,4.928225806451613,0.625,0.8960573476702509,3.24
2020-11-14 16:00:00,16,19,0,4,15,0,0,6,7,1,8,1,12.0,91.0,4.0,11.16,47.5,0.4765625,196.50330680173656,3.2510894170911158,0.475,0.5376344086021505,3.210526315789474
2020-11-14 17:00:00,17,17,0,4,13,0,0,3,9,1,10,1,13.0,104.0,4.0,11.16,42.5,0.4583333333333333,224.65330680173665,2.2447027197975964,0.425,0.2688172043010752,3.235294117647059
2020-11-14 18:00:00,18,21,2,4,15,0,0,7,11,2,13,2,14.0,125.0,4.0,11.16,52.5,0.6574074074074074,279.94161360347323,3.895669056152927,0.525,0.6272401433691757,3.380952380952381
2020-11-14 19:00:00,19,18,2,4,12,0,0,3,10,2,12,2,15.0,143.0,4.0,11.16,45.0,0.5535714285714286,265.74661360347324,2.475925925925926,0.45,0.2688172043010752,3.4444444444444446
2020-11-14 20:00:00,20,13,1,4,8,0,0,6,6,2,8,2,16.0,156.5,4.0,10.36,32.5,0.3515625,207.06161360347323,3.1297520047520053,0.325,0.5791505791505792,3.4615384615384617
2020-11-14 21:00:00,21,23,1,6,15,1,0,11,5,3,8,3,17.0,198.5,4.0,10.36,57.49999999999999,0.59375,235.01992040520983,5.4084774215209,0.575,1.061776061776062,3.3043478260869565
2020-11-14 22:00:00,22,21,1,3,13,4,0,7,2,2,4,2,18.0,207.0,3.0,6.66,52.5,0.5925925925925926,181.9016136034732,4.803203203203203,0.525,1.0510510510510511,3.0476190476190474
2020-11-14 23:00:00,23,18,1,3,13,1,0,8,3,2,5,2,5.65,200.0,3.0,6.66,45.0,0.5523809523809524,119.21261360347324,5.320537203870537,0.45,1.2012012012012012,3.2222222222222223
2020-11-15 00:00:00,0,23,0,2,16,4,1,11,3,1,4,1,6.65,241.0,3.0,6.66,57.49999999999999,0.6018518518518519,121.30930680173662,6.292711189450319,0.575,1.6516516516516515,2.8260869565217392
2020-11-15 01:00:00,1,20,0,1,16,3,0,3,3,0,3,0,7.65,320.0,3.0,6.66,50.0,0.5225225225225225,106.246,2.7563063063063065,0.5,0.4504504504504504,2.9
2020-11-15 02:00:00,2,14,0,1,11,2,0,4,3,0,3,0,8.65,380.0,3.0,6.66,35.0,0.3693693693693693,99.016,2.7839017589017585,0.35,0.6006006006006006,2.9285714285714284
2020-11-15 03:00:00,3,16,0,1,12,3,0,4,4,0,4,0,9.65,359.0,3.0,6.66,40.0,0.4259259259259259,122.346,2.876726726726728,0.4,0.6006006006006006,2.875
2020-11-15 04:00:00,4,15,0,1,12,2,0,2,4,0,4,0,10.65,419.0,3.0,6.66,37.5,0.4074074074074074,125.841,1.9808808808808809,0.375,0.3003003003003003,2.933333333333333
2020-11-15 05:00:00,5,15,0,1,12,2,0,2,4,0,4,0,11.65,479.0,3.0,6.66,37.5,0.4074074074074074,131.481,1.9808808808808809,0.375,0.3003003003003003,2.933333333333333
2020-11-15 06:00:00,6,14,0,1,11,2,0,2,4,0,4,0,12.65,539.0,3.0,6.66,35.0,0.3796296296296296,134.976,1.9044508794508792,0.35,0.3003003003003003,2.9285714285714284
2020-11-15 07:00:00,7,17,1,1,13,2,0,4,6,0,6,0,13.65,400.5,3.0,6.66,42.5,0.5098039215686274,173.851,3.137131248895954,0.425,0.6006006006006006,3.0588235294117645
2020-11-15 08:00:00,8,18,1,2,13,2,0,5,6,0,6,0,14.65,460.5,3.0,6.5,45.0,0.5490196078431373,181.636,3.7931623931623935,0.45,0.7692307692307693,3.111111111111111
2020-11-15 09:00:00,9,17,2,0,14,1,0,9,4,1,5,1,13.9,35.0,3.0,6.5,42.5,0.5142857142857142,162.7293068017366,5.748190045248869,0.425,1.3846153846153846,3.176470588235294
2020-11-15 10:00:00,10,21,2,0,18,1,0,7,7,1,8,1,11.45,89.0,4.0,9.84,52.5,0.515625,197.69130680173663,3.885772357723577,0.525,0.7113821138211383,3.142857142857143
2020-11-15 11:00:00,11,23,1,0,21,1,0,11,8,1,9,1,12.45,107.0,4.0,9.84,57.49999999999999,0.5645161290322581,221.0213068017366,5.152262283492401,0.575,1.1178861788617886,3.0434782608695654
2020-11-15 12:00:00,12,23,1,0,20,2,0,14,4,1,5,1,13.45,158.0,4.0,9.84,57.49999999999999,0.4928571428571429,173.06130680173658,5.993292682926829,0.575,1.4227642276422765,3.0
2020-11-15 13:00:00,13,28,1,1,25,1,0,14,3,1,4,1,14.45,174.0,4.0,9.84,70.0,0.5972222222222222,176.0263068017366,6.519918699186993,0.7,1.4227642276422765,3.071428571428572
2020-11-15 14:00:00,14,22,1,2,18,1,0,8,2,2,4,2,15.45,234.0,4.0,9.84,55.00000000000001,0.4791666666666667,169.66461360347324,4.2748891352549885,0.55,0.8130081300813008,3.136363636363636
2020-11-15 15:00:00,15,25,0,3,20,2,0,10,3,1,4,1,16.45,79.5,4.0,9.84,62.5,0.5277777777777778,180.8713068017366,4.989430894308944,0.625,1.016260162601626,3.04
2020-11-15 16:00:00,16,23,0,3,19,1,0,12,3,1,4,1,17.45,100.5,4.0,9.84,57.49999999999999,0.4930555555555556,182.2213068017366,5.53958112407211,0.575,1.2195121951219512,3.0869565217391304
2020-11-15 17:00:00,17,14,0,4,9,1,0,11,4,1,5,1,4.8,80.0,4.0,9.84,35.0,0.3214285714285714,104.9703068017366,4.718205574912892,0.35,1.1178861788617886,3.2142857142857144
2020-11-15 18:00:00,18,17,0,4,13,0,0,10,5,0,5,0,3.95,105.0,4.0,9.84,42.5,0.3928571428571428,105.743,4.662900526064084,0.425,1.016260162601626,3.235294117647059
2020-11-15 19:00:00,19,16,0,4,12,0,0,9,6,0,6,0,3.333333333333333,129.5,4.0,9.84,40.0,0.3823529411764705,113.52,4.272560975609756,0.4,0.9146341463414634,3.25
2020-11-15 20:00:00,20,18,0,3,15,0,0,10,6,0,6,0,4.033333333333333,87.0,4.0,9.94,45.0,0.4191176470588235,121.758,4.61078135479544,0.45,1.006036217303823,3.1666666666666665
2020-11-15 21:00:00,21,24,0,4,19,1,0,12,5,0,5,0,5.033333333333333,136.0,4.0,9.94,60.0,0.5357142857142857,126.868,5.647635814889336,0.6,1.2072434607645877,3.125
2020-11-15 22:00:00,22,23,0,3,20,0,0,11,5,0,5,0,5.783333333333333,127.0,3.0,6.6,57.49999999999999,0.6857142857142857,128.95299999999995,7.017391304347827,0.575,1.6666666666666667,3.130434782608696
2020-11-15 23:00:00,23,25,0,4,21,0,0,13,5,0,5,0,6.783333333333333,187.0,3.0,6.6,62.5,0.7523809523809524,138.88299999999998,8.199242424242424,0.625,1.9696969696969695,3.16
2020-11-16 00:00:00,0,25,0,6,19,0,0,6,7,0,7,0,7.783333333333333,242.0,3.0,6.6,62.5,0.8181818181818182,171.323,4.970454545454546,0.625,0.9090909090909092,3.24
2020-11-16 01:00:00,1,21,0,6,15,0,0,4,8,0,8,0,8.783333333333333,155.0,3.0,6.6,52.5,0.71875,181.783,3.716341991341992,0.525,0.6060606060606061,3.2857142857142856
2020-11-16 02:00:00,2,19,0,5,14,0,0,1,9,0,9,0,9.783333333333331,145.0,3.0,6.6,47.5,0.6666666666666666,196.533,2.044417862838915,0.475,0.1515151515151515,3.263157894736842
2020-11-16 03:00:00,3,18,0,3,15,0,0,2,8,0,8,0,10.783333333333331,275.0,3.0,6.6,45.0,0.59375,186.628,2.38459595959596,0.45,0.303030303030303,3.1666666666666665
2020-11-16 04:00:00,4,24,0,5,19,0,0,7,8,0,8,0,11.783333333333331,335.0,3.0,6.6,60.0,0.8020833333333334,205.138,5.327777777777778,0.6,1.0606060606060606,3.208333333333333
2020-11-16 05:00:00,5,20,0,5,15,0,0,0,8,0,8,0,12.783333333333331,395.0,3.0,6.6,50.0,0.6770833333333334,202.198,1.625,0.5,0.0,3.25
2020-11-16 06:00:00,6,19,0,5,14,0,0,1,8,0,8,0,13.783333333333331,455.0,3.0,6.6,47.5,0.6458333333333334,205.693,2.044417862838915,0.475,0.1515151515151515,3.263157894736842
2020-11-16 07:00:00,7,16,0,3,13,0,0,2,8,0,8,0,14.783333333333331,515.0,3.0,6.6,40.0,0.53125,204.898,2.240909090909091,0.4,0.303030303030303,3.1875
2020-11-16 08:00:00,8,21,0,3,15,3,0,6,9,0,9,0,15.783333333333331,505.0,3.0,6.8,52.5,0.6774193548387096,234.663,4.222058823529411,0.525,0.8823529411764706,3.0
2020-11-16 09:00:00,9,30,1,3,24,2,0,13,10,1,11,1,16.783333333333335,520.0,3.0,6.8,75.0,1.0689655172413792,287.2763068017366,8.251470588235295,0.75,1.911764705882353,3.1
2020-11-16 10:00:00,10,28,3,4,20,1,0,7,9,1,10,1,17.783333333333335,340.5,4.0,9.84,70.0,0.775,275.2263068017366,4.687804878048781,0.7,0.7113821138211383,3.321428571428572
2020-11-16 11:00:00,11,33,3,5,25,0,0,11,11,1,12,1,18.78333333333333,160.0,4.0,9.84,82.5,0.9821428571428572,318.3913068017366,6.476287262872629,0.825,1.1178861788617886,3.333333333333333
2020-11-16 12:00:00,12,35,3,7,25,0,0,11,10,1,11,1,19.78333333333333,126.0,4.0,9.84,87.5,1.0172413793103448,314.9213068017366,6.718873403019745,0.875,1.1178861788617886,3.3714285714285714
2020-11-16 13:00:00,13,33,2,5,25,1,0,10,11,0,11,0,20.78333333333333,182.0,4.0,9.84,82.5,0.9224137931034484,315.403,5.970146587829515,0.825,1.016260162601626,3.242424242424242
2020-11-16 14:00:00,14,28,1,5,22,0,0,8,8,0,8,0,21.78333333333333,240.5,4.0,9.84,70.0,0.7109375,270.118,4.917276422764227,0.7,0.8130081300813008,3.25
2020-11-16 15:00:00,15,31,1,6,24,0,0,12,9,1,10,1,22.78333333333333,181.0,4.0,9.84,77.5,0.8416666666666667,309.8613068017366,6.498249409913455,0.775,1.2195121951219512,3.2580645161290325
2020-11-16 16:00:00,16,27,0,5,21,1,0,7,8,1,9,1,23.78333333333333,91.0,4.0,9.84,67.5,0.6854838709677419,293.5213068017366,4.364536284251732,0.675,0.7113821138211383,3.1481481481481484
2020-11-16 17:00:00,17,33,0,5,28,0,0,11,10,1,11,1,13.616666666666667,139.0,4.0,9.84,82.5,0.896551724137931,275.8513068017366,6.123035230352303,0.825,1.1178861788617886,3.1515151515151514
2020-11-16 18:00:00,18,28,1,6,21,0,0,4,10,2,12,2,10.0,169.0,4.0,9.84,70.0,0.8214285714285714,258.99661360347324,3.6356562137049937,0.7,0.4065040650406504,3.2857142857142856
2020-11-16 19:00:00,19,30,2,8,20,0,0,11,11,2,13,2,11.0,211.0,4.0,9.84,75.0,0.9444444444444444,282.3266136034733,6.350813008130081,0.75,1.1178861788617886,3.4
2020-11-16 20:00:00,20,26,1,7,18,0,0,6,9,1,10,1,12.0,183.5,4.0,9.67,65.0,0.725,238.31830680173664,4.251207143425344,0.65,0.6204756980351603,3.3461538461538463
2020-11-16 21:00:00,21,29,0,8,21,0,0,10,10,2,12,2,13.0,150.5,4.0,9.67,72.5,0.8482142857142857,278.06161360347323,5.7626546731804735,0.725,1.034126163391934,3.2758620689655173
2020-11-16 22:00:00,22,29,0,8,20,1,0,7,7,2,9,2,14.0,294.0,3.0,6.63,72.5,1.010752688172043,243.50161360347323,5.772270765069953,0.725,1.0558069381598794,3.2413793103448274
2020-11-16 23:00:00,23,23,1,6,16,0,0,8,7,3,10,3,15.0,167.0,3.0,6.63,57.49999999999999,0.8555555555555555,250.53992040520984,5.964609154698668,0.575,1.2066365007541475,3.347826086956522
2020-11-17 00:00:00,0,30,1,7,22,0,0,9,8,2,10,2,16.0,217.0,3.0,6.63,75.0,1.1,270.3266136034732,6.9546380090497735,0.75,1.3574660633484164,3.3
2020-11-17 01:00:00,1,27,1,9,17,0,0,3,9,2,11,2,17.0,275.0,3.0,6.63,67.5,1.057471264367816,282.93161360347324,3.841813306519189,0.675,0.4524886877828054,3.4074074074074074
2020-11-17 02:00:00,2,27,0,9,18,0,0,4,9,1,10,1,18.0,337.0,3.0,6.63,67.5,1.0,274.3033068017366,4.261060834590246,0.675,0.6033182503770739,3.333333333333333
2020-11-17 03:00:00,3,22,0,9,13,0,0,2,9,1,10,1,19.0,397.0,3.0,6.63,55.00000000000001,0.8333333333333334,269.2183068017366,2.903383381324558,0.55,0.3016591251885369,3.409090909090909
2020-11-17 04:00:00,4,21,0,8,13,0,0,3,9,1,10,1,20.0,457.0,3.0,6.63,52.5,0.7888888888888889,272.7133068017366,3.304842706313295,0.525,0.4524886877828054,3.380952380952381
2020-11-17 05:00:00,5,22,0,8,14,0,0,4,9,0,9,0,21.0,519.0,3.0,6.63,55.00000000000001,0.7956989247311828,266.23,3.879343205813794,0.55,0.6033182503770739,3.363636363636364
2020-11-17 06:00:00,6,21,0,8,13,0,0,2,10,0,10,0,22.0,577.0,3.0,6.63,52.5,0.7888888888888889,283.125,2.794895137542196,0.525,0.3016591251885369,3.380952380952381
2020-11-17 07:00:00,7,21,0,7,14,0,0,1,10,0,10,0,23.0,637.0,3.0,6.63,52.5,0.7777777777777778,288.765,2.252765208647562,0.525,0.1508295625942684,3.333333333333333
2020-11-17 08:00:00,8,22,0,7,15,0,0,5,11,0,11,0,24.0,589.0,3.0,7.68,55.00000000000001,0.8390804597701149,309.95,3.9852746212121217,0.55,0.6510416666666667,3.3181818181818183
2020-11-17 09:00:00,9,27,1,10,16,0,0,11,12,2,14,2,25.0,168.0,3.0,7.68,67.5,1.1923076923076923,368.2516136034732,7.258449074074075,0.675,1.4322916666666667,3.4444444444444446
2020-11-17 10:00:00,10,22,1,9,12,0,0,4,8,3,11,3,26.0,113.0,4.0,11.02,55.00000000000001,0.6637931034482759,323.8349204052098,3.195417422867514,0.55,0.3629764065335753,3.5
2020-11-17 11:00:00,11,23,1,10,12,0,0,6,11,2,13,2,27.0,154.0,4.0,11.02,57.49999999999999,0.75,357.55161360347324,3.942462321470843,0.575,0.544464609800363,3.5217391304347827
2020-11-17 12:00:00,12,27,0,12,15,0,0,11,12,2,14,2,28.0,126.5,4.0,11.02,67.5,0.8942307692307693,385.1716136034733,5.763193184109699,0.675,0.998185117967332,3.4444444444444446
2020-11-17 13:00:00,13,24,0,12,12,0,0,4,10,2,12,2,29.0,186.5,4.0,11.02,60.0,0.75,357.5766136034732,3.3704174228675137,0.6,0.3629764065335753,3.5
2020-11-17 14:00:00,14,26,0,13,13,0,0,8,14,2,16,2,23.05,167.0,4.0,11.02,65.0,0.9479166666666666,381.90861360347327,4.815834845735028,0.65,0.7259528130671506,3.5
2020-11-17 15:00:00,15,24,0,14,10,0,0,5,14,1,15,1,24.05,202.0,4.0,11.02,60.0,0.86,368.9903068017366,3.77583182093164,0.6,0.4537205081669692,3.583333333333333
2020-11-17 16:00:00,16,27,2,13,12,0,0,9,13,2,15,2,25.05,149.0,4.0,11.02,67.5,0.98,381.9336136034732,5.414307320024199,0.675,0.8166969147005445,3.6296296296296298
2020-11-17 17:00:00,17,30,2,13,14,1,0,9,14,1,15,1,26.05,204.0,4.0,11.02,75.0,1.06,393.14030680173664,5.535662431941923,0.75,0.8166969147005445,3.533333333333333
2020-11-17 18:00:00,18,23,1,8,14,0,0,6,10,1,11,1,21.966666666666665,190.0,4.0,11.02,57.49999999999999,0.6810344827586207,301.4953068017366,3.845117572792551,0.575,0.544464609800363,3.4347826086956523
2020-11-17 19:00:00,19,19,1,4,14,0,0,7,8,1,9,1,13.85,194.0,4.0,11.02,47.5,0.5080645161290323,220.3373068017366,3.6812183589645615,0.475,0.6352087114337568,3.3157894736842106
2020-11-17 20:00:00,20,20,1,2,17,0,0,10,7,1,8,1,6.766666666666667,72.5,4.0,12.03,50.0,0.5,169.1323068017366,4.260016625103908,0.5,0.8312551953449709,3.2
2020-11-17 21:00:00,21,28,2,3,22,1,0,11,9,1,10,1,7.766666666666667,103.5,4.0,12.03,70.0,0.75,218.7323068017366,5.189080869255433,0.7,0.914380714879468,3.2142857142857144
2020-11-17 22:00:00,22,22,1,1,19,1,0,7,5,1,6,1,5.933333333333334,145.5,3.0,8.69,55.00000000000001,0.6666666666666666,141.92230680173662,4.189800188304217,0.55,0.805523590333717,3.090909090909091
2020-11-17 23:00:00,23,28,1,2,22,3,0,10,6,1,7,1,5.516666666666667,155.0,3.0,8.69,70.0,0.8585858585858586,165.8423068017366,5.618342100937038,0.7,1.150747986191024,3.0357142857142856
2020-11-18 00:00:00,0,31,1,2,23,5,0,11,6,1,7,1,6.516666666666667,215.0,3.0,8.69,77.5,0.9292929292929292,177.9173068017366,6.056635361371988,0.775,1.2658227848101269,2.967741935483871
2020-11-18 01:00:00,1,25,1,4,19,1,0,3,7,1,8,1,7.516666666666667,270.0,3.0,8.69,62.5,0.8333333333333334,184.08730680173664,3.104718066743384,0.625,0.3452243958573072,3.2
2020-11-18 02:00:00,2,26,1,5,19,1,0,3,7,1,8,1,8.516666666666667,330.0,3.0,8.69,65.0,0.875,191.8723068017366,3.215340355846685,0.65,0.3452243958573072,3.230769230769231
2020-11-18 03:00:00,3,26,1,5,19,1,0,5,8,1,9,1,9.516666666666667,385.0,3.0,8.69,65.0,0.9032258064516128,210.91230680173663,3.958900593077809,0.65,0.5753739930955121,3.230769230769231
2020-11-18 04:00:00,4,26,1,4,20,1,0,5,8,1,9,1,10.516666666666667,445.0,3.0,8.69,65.0,0.8924731182795699,216.55230680173665,3.9117708241125966,0.65,0.5753739930955121,3.1923076923076925
2020-11-18 05:00:00,5,24,1,4,18,1,0,1,8,1,9,1,11.516666666666667,505.0,3.0,8.69,60.0,0.8279569892473119,217.90230680173664,2.294198312236287,0.6,0.1150747986191024,3.208333333333333
2020-11-18 06:00:00,6,23,1,3,18,1,0,3,9,1,10,1,12.516666666666667,519.5,3.0,8.69,57.49999999999999,0.8111111111111111,234.7973068017366,2.920712212938409,0.575,0.3452243958573072,3.1739130434782608
2020-11-18 07:00:00,7,22,1,3,17,1,0,2,9,1,10,1,13.516666666666667,579.5,3.0,8.69,55.00000000000001,0.7777777777777778,238.29230680173663,2.482294173030652,0.55,0.2301495972382048,3.1818181818181817
2020-11-18 08:00:00,8,20,1,3,15,1,0,2,9,1,10,1,14.516666666666667,639.5,3.0,6.3,50.0,0.7111111111111111,239.6423068017366,2.615873015873016,0.5,0.3174603174603174,3.2
2020-11-18 09:00:00,9,28,1,4,22,1,0,8,9,1,10,1,15.516666666666667,699.5,3.0,6.3,70.0,0.9888888888888888,262.4423068017366,6.261281179138321,0.7,1.2698412698412698,3.1785714285714284
2020-11-18 10:00:00,10,26,2,4,19,1,0,7,7,1,8,1,16.516666666666666,751.0,4.0,9.55,65.0,0.6640625,236.99230680173665,4.521294804671768,0.65,0.7329842931937173,3.269230769230769
2020-11-18 11:00:00,11,23,3,6,13,1,0,7,11,1,12,1,17.516666666666666,350.0,4.0,9.55,57.49999999999999,0.7142857142857143,289.79730680173657,4.549510585021625,0.575,0.7329842931937173,3.4782608695652173
2020-11-18 12:00:00,12,21,2,5,14,0,0,4,12,1,13,1,18.516666666666666,118.0,4.0,9.55,52.5,0.6666666666666666,304.5473068017366,3.2360508601346294,0.525,0.4188481675392669,3.4285714285714284
2020-11-18 13:00:00,13,19,2,4,13,0,0,4,11,0,11,0,17.633333333333333,164.0,4.0,9.55,47.5,0.5603448275862069,267.607,3.057901625792229,0.475,0.4188481675392669,3.421052631578948
2020-11-18 14:00:00,14,20,2,6,12,0,0,4,12,0,12,0,18.633333333333333,223.0,4.0,9.55,50.0,0.625,288.79200000000003,3.2159685863874348,0.5,0.4188481675392669,3.5
2020-11-18 15:00:00,15,19,2,6,11,0,0,6,11,0,11,0,19.633333333333333,181.0,4.0,9.55,47.5,0.5775862068965517,278.887,3.890486359878754,0.475,0.6282722513089005,3.526315789473684
2020-11-18 16:00:00,16,26,3,5,18,0,0,10,12,2,14,2,20.633333333333333,84.0,4.0,9.55,65.0,0.8557692307692307,341.4786136034732,5.809373741441805,0.65,1.0471204188481675,3.423076923076923
2020-11-18 17:00:00,17,35,3,6,25,1,0,11,16,2,18,2,21.633333333333333,123.0,4.0,9.55,87.5,1.318181818181818,420.0236136034733,6.71750186985789,0.875,1.1518324607329842,3.3142857142857145
2020-11-18 18:00:00,18,36,3,7,25,1,0,8,16,2,18,2,22.633333333333333,167.0,4.0,9.55,90.0,1.3636363636363635,427.8086136034733,5.792321116928447,0.9,0.8376963350785339,3.333333333333333
2020-11-18 19:00:00,19,38,4,7,25,2,0,11,14,3,17,3,23.633333333333333,186.0,4.0,9.55,95.0,1.3804347826086956,425.2069204052098,7.024545329291815,0.95,1.1518324607329842,3.3421052631578947
2020-11-18 20:00:00,20,34,3,7,24,0,0,12,9,2,11,2,24.633333333333333,230.0,4.0,10.56,85.0,0.9913793103448276,340.99861360347325,6.718582887700535,0.85,1.1363636363636362,3.3823529411764706
2020-11-18 21:00:00,21,27,2,6,19,0,0,6,10,2,12,2,25.633333333333333,228.0,4.0,10.56,67.5,0.8125,345.0236136034732,4.189983164983165,0.675,0.5681818181818181,3.3703703703703702
2020-11-18 22:00:00,22,24,2,6,16,0,0,12,9,3,12,3,26.633333333333333,194.5,3.0,7.31,60.0,0.9761904761904762,345.09692040520986,7.658755129958959,0.6,1.6415868673050615,3.4166666666666665
2020-11-18 23:00:00,23,17,2,4,11,0,0,5,8,2,10,2,27.633333333333333,254.5,3.0,7.31,42.5,0.6555555555555556,308.0536136034732,3.84886336203428,0.425,0.6839945280437756,3.4705882352941178
2020-11-19 00:00:00,0,21,1,7,12,1,0,8,10,0,10,0,28.633333333333333,247.0,3.0,7.31,52.5,0.7888888888888889,320.53700000000003,5.475084685036805,0.525,1.094391244870041,3.380952380952381
2020-11-19 01:00:00,1,25,1,7,17,0,0,10,13,0,13,0,29.633333333333333,215.0,3.0,7.31,62.5,1.037037037037037,374.957,6.696443228454172,0.625,1.3679890560875512,3.36
2020-11-19 02:00:00,2,22,1,6,15,0,0,2,13,0,13,0,30.633333333333333,275.0,3.0,7.31,55.00000000000001,0.9135802469135802,374.162,2.770283546822535,0.55,0.2735978112175102,3.363636363636364
2020-11-19 03:00:00,3,18,1,5,12,0,0,1,12,0,12,0,31.633333333333333,318.5,3.0,7.31,45.0,0.7261904761904762,357.822,1.9885962912296704,0.45,0.1367989056087551,3.388888888888889
2020-11-19 04:00:00,4,18,1,5,12,0,0,2,12,0,12,0,32.63333333333333,378.5,3.0,7.31,45.0,0.7261904761904762,363.462,2.4521925824593405,0.45,0.2735978112175102,3.388888888888889
2020-11-19 05:00:00,5,24,1,6,16,1,0,8,12,1,13,1,33.63333333333333,422.0,3.0,7.31,60.0,0.9753086419753086,396.2403068017366,5.577371181030552,0.6,1.094391244870041,3.2916666666666665
2020-11-19 06:00:00,6,23,1,6,16,0,0,3,13,1,14,1,34.63333333333333,447.0,3.0,7.31,57.49999999999999,0.9871794871794872,413.1353068017366,3.29893683459228,0.575,0.4103967168262654,3.347826086956522
2020-11-19 07:00:00,7,17,1,6,10,0,0,1,13,1,14,1,35.63333333333333,507.0,3.0,7.31,42.5,0.7564102564102564,405.9053068017366,1.949772672406856,0.425,0.1367989056087551,3.4705882352941178
2020-11-19 08:00:00,8,18,1,6,11,0,0,2,13,1,14,1,36.63333333333333,567.0,3.0,7.76,45.0,0.7948717948717948,413.6903068017366,2.4377434135166096,0.45,0.2577319587628866,3.4444444444444446
2020-11-19 09:00:00,9,23,1,4,18,0,0,7,12,1,13,1,37.63333333333333,592.0,3.0,7.76,57.49999999999999,0.925925925925926,416.65530680173663,4.8165060510981625,0.575,0.9020618556701032,3.260869565217391
2020-11-19 10:00:00,10,25,1,4,18,2,0,7,13,1,14,1,38.63333333333333,594.5,4.0,11.08,62.5,0.7596153846153846,439.9853068017366,3.971389891696752,0.625,0.631768953068592,3.16
2020-11-19 11:00:00,11,32,1,6,23,2,0,11,16,2,18,2,39.63333333333333,503.0,4.0,11.08,80.0,1.1590909090909092,515.1086136034733,5.714485559566787,0.8,0.9927797833935018,3.1875
2020-11-19 12:00:00,12,34,1,7,24,2,0,11,15,1,16,1,40.63333333333333,192.5,4.0,11.08,85.0,1.1354166666666667,497.3703068017367,5.907735187937991,0.85,0.9927797833935018,3.2058823529411766
2020-11-19 13:00:00,13,38,0,9,28,1,0,11,14,2,16,2,41.63333333333333,169.0,4.0,11.08,95.0,1.2708333333333333,512.4586136034732,6.237345620368612,0.95,0.9927797833935018,3.210526315789474
2020-11-19 14:00:00,14,37,0,10,26,1,0,6,14,1,15,1,42.63333333333333,226.0,4.0,11.08,92.5,1.2,501.6853068017366,4.756268904283345,0.925,0.5415162454873647,3.2432432432432434
2020-11-19 15:00:00,15,39,0,12,24,3,0,8,14,2,16,2,43.63333333333333,227.0,4.0,11.08,97.5,1.3125,525.8836136034732,5.482685365176341,0.975,0.7220216606498195,3.230769230769231
2020-11-19 16:00:00,16,47,0,13,32,2,0,13,18,3,21,3,44.63333333333333,204.0,4.0,11.08,117.5,2.0,616.5519204052098,7.594454259159689,1.175,1.1732851985559567,3.234042553191489
2020-11-19 17:00:00,17,42,1,13,28,0,0,6,18,3,21,3,45.63333333333333,232.0,4.0,11.08,105.0,1.855263157894737,611.4669204052099,5.342947395564724,1.05,0.5415162454873647,3.357142857142857
2020-11-19 18:00:00,18,40,1,11,28,0,0,7,17,2,19,2,46.63333333333333,324.0,4.0,11.08,100.0,1.5833333333333333,585.1486136034732,5.425631768953069,1.0,0.631768953068592,3.325
2020-11-19 19:00:00,19,41,1,10,29,0,1,9,18,2,20,2,47.63333333333333,307.0,4.0,11.08,102.5,1.6625,606.3336136034732,5.9599388042616885,1.025,0.8122743682310469,3.2439024390243905
2020-11-19 20:00:00,20,35,1,5,27,1,1,10,16,3,19,3,48.63333333333333,265.0,4.0,9.97,87.5,1.2976190476190477,586.5719204052098,5.848656684338731,0.875,1.0030090270812435,3.1142857142857143
2020-11-19 21:00:00,21,43,1,7,33,1,1,15,16,2,18,2,49.63333333333333,143.0,4.0,9.97,107.5,1.5340909090909092,595.1036136034731,8.098472743812833,1.075,1.5045135406218657,3.13953488372093
2020-11-19 22:00:00,22,45,0,6,33,5,1,13,16,0,16,0,50.63333333333333,271.0,3.0,6.65,112.5,1.8611111111111112,576.4970000000001,9.17121971595656,1.125,1.954887218045113,2.977777777777778
2020-11-19 23:00:00,23,37,0,5,28,3,1,7,18,0,18,0,51.63333333333333,228.0,3.0,6.65,92.5,1.681818181818182,591.777,5.932894736842105,0.925,1.0526315789473684,3.0
2020-11-20 00:00:00,0,32,0,6,23,2,1,6,17,0,17,0,52.63333333333333,260.0,3.0,6.65,80.0,1.420289855072464,573.2919999999999,5.213157894736842,0.8,0.9022556390977444,3.0625
2020-11-20 01:00:00,1,32,0,9,20,2,1,5,17,1,18,1,53.63333333333333,318.5,3.0,6.65,80.0,1.5303030303030305,593.2003068017366,4.89812030075188,0.8,0.7518796992481203,3.15625
2020-11-20 02:00:00,2,35,0,9,23,2,1,6,17,1,18,1,54.63333333333333,378.5,3.0,6.65,87.5,1.6666666666666667,605.2753068017366,5.585660580021482,0.875,0.9022556390977444,3.142857142857143
2020-11-20 03:00:00,3,32,0,8,21,2,1,2,16,0,16,0,55.63333333333333,451.5,3.0,6.65,80.0,1.3888888888888888,576.812,3.4398496240601504,0.8,0.3007518796992481,3.125
2020-11-20 04:00:00,4,38,1,8,26,2,1,7,17,0,17,0,56.63333333333333,500.0,3.0,6.65,95.0,1.7391304347826086,608.722,6.324099722991689,0.95,1.0526315789473684,3.1578947368421053
2020-11-20 05:00:00,5,36,1,8,24,2,1,2,17,0,17,0,57.63333333333333,560.0,3.0,6.65,90.0,1.6521739130434785,610.0719999999999,3.802380952380952,0.9,0.3007518796992481,3.1666666666666665
2020-11-20 06:00:00,6,37,1,8,25,2,1,4,16,0,16,0,58.63333333333333,592.5,3.0,6.65,92.5,1.625,604.4569999999999,4.827052428368218,0.925,0.6015037593984962,3.1621621621621623
2020-11-20 07:00:00,7,30,1,6,20,2,1,1,17,0,17,0,59.63333333333333,625.0,3.0,6.65,75.0,1.3623188405797102,608.482,2.8211779448621552,0.75,0.150375939849624,3.1333333333333333
2020-11-20 08:00:00,8,32,1,7,21,2,1,4,18,0,18,0,60.63333333333333,678.5,3.0,8.059999999999999,80.0,1.5303030303030305,631.812,4.091377171215881,0.8,0.4962779156327544,3.15625
2020-11-20 09:00:00,9,32,1,6,23,2,0,5,16,0,16,0,61.63333333333333,766.0,3.0,8.059999999999999,80.0,1.4166666666666667,610.652,4.527357320099256,0.8,0.620347394540943,3.1875
2020-11-20 10:00:00,10,35,1,8,23,3,0,8,18,0,18,0,62.63333333333333,758.5,4.0,11.31,87.5,1.2727272727272727,649.527,5.063483642793988,0.875,0.7073386383731212,3.2
2020-11-20 11:00:00,11,39,0,9,27,3,0,8,19,1,20,1,63.63333333333333,779.5,4.0,11.31,97.5,1.5375,691.4153068017366,5.305837244099844,0.975,0.7073386383731212,3.1538461538461537
2020-11-20 12:00:00,12,39,1,8,27,3,0,9,16,2,18,2,64.63333333333334,513.5,4.0,11.31,97.5,1.4090909090909092,671.1236136034734,5.630095898796164,0.975,0.7957559681697614,3.1794871794871797
2020-11-20 13:00:00,13,35,3,8,22,2,0,5,16,3,19,3,65.63333333333334,160.0,4.0,11.31,87.5,1.3928571428571428,682.4519204052099,4.402832512315271,0.875,0.4420866489832007,3.342857142857143
2020-11-20 14:00:00,14,32,2,6,22,2,0,5,16,2,18,2,66.63333333333334,202.5,4.0,11.31,80.0,1.181818181818182,667.3886136034732,4.036781609195402,0.8,0.4420866489832007,3.25
2020-11-20 15:00:00,15,24,2,5,17,0,0,5,12,2,14,2,67.63333333333334,177.0,4.0,11.31,60.0,0.7788461538461539,602.2686136034732,3.5170424403183027,0.6,0.4420866489832007,3.375
2020-11-20 16:00:00,16,20,0,6,14,0,0,7,12,0,12,0,68.63333333333334,133.5,4.0,11.31,50.0,0.5892857142857143,570.792,3.692440318302388,0.5,0.6189213085764811,3.3
2020-11-20 17:00:00,17,24,0,8,16,0,0,6,12,1,13,1,69.63333333333334,171.0,4.0,11.31,60.0,0.7407407407407407,599.2803068017366,3.768346595932803,0.6,0.5305039787798409,3.333333333333333
2020-11-20 18:00:00,18,22,1,9,12,0,0,8,8,2,10,2,70.63333333333334,235.5,4.0,11.31,55.00000000000001,0.6416666666666667,561.2986136034733,4.400685234305925,0.55,0.7073386383731212,3.5
2020-11-20 19:00:00,19,21,1,7,12,1,0,3,7,2,9,2,71.63333333333334,252.0,4.0,11.31,52.5,0.5725806451612904,551.3936136034732,2.671804345080208,0.525,0.2652519893899204,3.380952380952381
2020-11-20 20:00:00,20,17,1,4,12,0,0,5,7,1,8,1,72.63333333333334,229.0,4.0,9.55,42.5,0.4453125,534.1853068017366,3.180466584539575,0.425,0.5235602094240838,3.3529411764705883
2020-11-20 21:00:00,21,19,1,6,12,0,0,7,7,1,8,1,73.63333333333334,200.5,4.0,9.55,47.5,0.5078125,544.1153068017367,4.132577845136401,0.475,0.7329842931937173,3.421052631578948
2020-11-20 22:00:00,22,16,0,7,9,0,0,8,9,0,9,0,74.63333333333334,72.0,3.0,6.3,40.0,0.5913978494623656,555.8520000000001,5.740079365079365,0.4,1.2698412698412698,3.4375
2020-11-20 23:00:00,23,16,0,6,9,0,0,6,8,0,8,0,75.63333333333334,117.0,3.0,6.3,40.0,0.53125,548.092,4.310714285714286,0.4,0.9523809523809524,3.1875
2020-11-21 00:00:00,0,19,0,9,9,1,0,8,9,1,10,1,76.63333333333334,158.5,3.0,6.3,47.5,0.7222222222222222,587.8353068017366,5.969193817878028,0.475,1.2698412698412698,3.421052631578948
2020-11-21 01:00:00,1,21,0,9,10,2,0,3,9,1,10,1,77.63333333333334,218.5,3.0,6.3,52.5,0.7777777777777778,597.7653068017366,3.3373015873015874,0.525,0.4761904761904762,3.333333333333333
2020-11-21 02:00:00,2,22,0,11,10,1,0,5,12,1,13,1,78.63333333333334,263.0,3.0,6.3,55.00000000000001,0.9382716049382716,645.7503068017367,4.641702741702742,0.55,0.7936507936507937,3.4545454545454546
2020-11-21 03:00:00,3,19,0,11,7,1,0,1,12,1,13,1,79.63333333333334,323.0,3.0,6.3,47.5,0.8271604938271605,644.9553068017367,2.2347326649958226,0.475,0.1587301587301587,3.526315789473684
2020-11-21 04:00:00,4,21,0,11,9,1,0,3,12,1,13,1,80.63333333333334,383.0,3.0,6.3,52.5,0.9012345679012346,654.8853068017366,3.480328798185941,0.525,0.4761904761904762,3.4761904761904763
2020-11-21 05:00:00,5,21,0,11,9,1,0,2,13,1,14,1,81.63333333333334,396.0,3.0,6.3,52.5,0.935897435897436,673.9253068017366,2.9285525321239607,0.525,0.3174603174603174,3.4761904761904763
2020-11-21 06:00:00,6,20,0,11,8,1,0,3,14,1,15,1,82.63333333333334,409.0,3.0,6.3,50.0,0.9333333333333332,690.8203068017367,3.416666666666667,0.5,0.4761904761904762,3.5
2020-11-21 07:00:00,7,23,0,11,11,1,0,4,14,1,15,1,83.63333333333334,469.0,3.0,6.3,57.49999999999999,1.0533333333333332,702.8953068017366,4.155814354727398,0.575,0.6349206349206349,3.4347826086956523
2020-11-21 08:00:00,8,22,0,10,11,1,0,4,15,1,16,1,84.63333333333334,513.5,3.0,6.77,55.00000000000001,1.0416666666666667,719.7903068017366,3.889233919699208,0.55,0.5908419497784343,3.409090909090909
2020-11-21 09:00:00,9,16,0,6,10,0,0,2,8,1,9,1,85.63333333333334,558.0,3.0,6.77,40.0,0.5806451612903226,618.7603068017366,2.347045790251108,0.4,0.2954209748892171,3.375
2020-11-21 10:00:00,10,20,0,6,14,0,0,8,8,2,10,2,86.63333333333334,436.5,4.0,10.47,50.0,0.55,647.2486136034732,4.171489971346705,0.5,0.7640878701050622,3.3
2020-11-21 11:00:00,11,26,1,6,19,0,0,11,8,3,11,3,87.63333333333334,191.0,4.0,10.47,65.0,0.7413793103448276,680.0269204052099,5.625130409227832,0.65,1.0506208213944606,3.3076923076923075
2020-11-21 12:00:00,12,27,1,7,18,1,0,8,10,2,12,2,88.63333333333334,147.0,4.0,10.47,67.5,0.7946428571428571,700.3436136034732,4.743660016272242,0.675,0.7640878701050622,3.2962962962962963
2020-11-21 13:00:00,13,27,1,6,19,1,0,6,10,2,12,2,89.63333333333334,207.0,4.0,10.47,67.5,0.7857142857142857,705.9836136034733,4.067770349145707,0.675,0.5730659025787966,3.259259259259259
2020-11-21 14:00:00,14,22,1,6,14,1,0,8,7,1,8,1,90.63333333333334,211.5,4.0,10.47,55.00000000000001,0.5703125,646.4303068017366,4.360382478075889,0.55,0.7640878701050622,3.3181818181818183
2020-11-21 15:00:00,15,22,1,5,15,1,0,7,6,1,7,1,91.63333333333334,247.0,4.0,10.47,55.00000000000001,0.5454545454545454,638.6703068017366,3.9880698098463134,0.55,0.6685768863419294,3.272727272727273
2020-11-21 16:00:00,16,21,2,5,13,1,0,6,5,3,8,3,92.63333333333334,103.5,4.0,10.47,52.5,0.5546875,657.3019204052098,3.712508527766408,0.525,0.5730659025787966,3.380952380952381
2020-11-21 17:00:00,17,24,2,5,15,2,0,8,5,2,7,2,93.63333333333334,186.0,4.0,10.47,60.0,0.5984848484848485,655.1086136034733,4.490122572429163,0.6,0.7640878701050622,3.2916666666666665
2020-11-21 18:00:00,18,24,3,5,16,0,0,3,5,2,7,2,94.63333333333334,246.0,4.0,10.47,60.0,0.6287878787878788,660.7486136034731,3.065926456542502,0.6,0.2865329512893983,3.458333333333333
2020-11-21 19:00:00,19,18,2,4,12,0,0,3,4,2,6,2,95.63333333333334,283.5,4.0,10.47,45.0,0.4558823529411764,640.1186136034732,2.536946832219039,0.45,0.2865329512893983,3.4444444444444446
2020-11-21 20:00:00,20,17,2,3,12,0,0,8,3,2,5,2,96.63333333333334,366.0,4.0,10.08,42.5,0.4142857142857143,630.2136136034733,4.157749766573295,0.425,0.7936507936507936,3.411764705882353
2020-11-21 21:00:00,21,19,1,1,16,1,0,8,3,1,4,1,97.63333333333334,494.0,4.0,10.08,47.5,0.4097222222222222,625.8753068017367,3.939494569757728,0.475,0.7936507936507936,3.1052631578947367
2020-11-21 22:00:00,22,15,2,2,11,0,0,7,2,1,3,1,98.63333333333334,441.0,3.0,6.38,37.5,0.4594594594594595,609.5353068017366,5.005407523510971,0.375,1.09717868338558,3.4
2020-11-21 23:00:00,23,13,1,1,11,0,0,4,2,1,3,1,99.63333333333334,75.0,3.0,6.38,32.5,0.3783783783783784,610.8853068017366,3.075560646250302,0.325,0.6269592476489029,3.230769230769231
2020-11-22 00:00:00,0,15,0,2,13,0,0,10,2,0,2,0,100.63333333333334,3046.5,3.0,6.38,37.5,0.4122807017543859,606.547,6.086180773249739,0.375,1.567398119122257,3.1333333333333333
2020-11-22 01:00:00,1,14,0,3,10,1,0,5,2,0,2,0,101.63333333333334,3106.5,3.0,6.38,35.0,0.3859649122807017,610.042,3.563054187192118,0.35,0.7836990595611285,3.142857142857143
2020-11-22 02:00:00,2,13,1,2,9,1,0,7,3,0,3,0,102.63333333333334,175.0,3.0,6.38,32.5,0.3783783783783784,626.937,4.594731130938027,0.325,1.09717868338558,3.230769230769231
2020-11-22 03:00:00,3,16,1,2,12,1,0,4,3,0,3,0,103.63333333333334,235.0,3.0,6.38,40.0,0.4594594594594595,639.012,3.273432601880878,0.4,0.6269592476489029,3.1875
2020-11-22 04:00:00,4,11,1,2,7,1,0,0,3,0,3,0,104.63333333333334,295.0,3.0,6.38,27.500000000000004,0.3243243243243243,633.9269999999999,0.9000000000000001,0.275,0.0,3.272727272727273
2020-11-22 05:00:00,5,12,1,2,8,1,0,2,3,0,3,0,105.63333333333334,355.0,3.0,6.38,30.0,0.3513513513513513,641.712,1.993808777429467,0.3,0.3134796238244514,3.25
2020-11-22 06:00:00,6,12,1,3,7,1,0,3,4,0,4,0,106.63333333333334,347.0,3.0,6.38,30.0,0.3703703703703703,660.7520000000001,2.567398119122257,0.3,0.4702194357366771,3.333333333333333
2020-11-22 07:00:00,7,15,1,4,9,1,0,6,4,0,4,0,107.63333333333334,407.0,3.0,6.38,37.5,0.4629629629629629,672.827,4.3847962382445145,0.375,0.9404388714733544,3.333333333333333
2020-11-22 08:00:00,8,16,1,4,11,0,0,6,5,0,5,0,108.63333333333334,399.0,3.0,7.73,40.0,0.5142857142857142,694.012,3.969663648124192,0.4,0.7761966364812418,3.375
2020-11-22 09:00:00,9,16,0,1,15,0,0,9,2,1,3,1,109.63333333333334,86.0,3.0,7.73,40.0,0.4414414414414414,673.7203068017366,4.7906532988357045,0.4,1.1642949547218628,3.0625
2020-11-22 10:00:00,10,21,0,2,17,2,0,14,4,1,5,1,110.63333333333334,45.0,4.0,10.98,52.5,0.45,716.8853068017365,5.400136612021859,0.525,1.275045537340619,3.0
2020-11-22 11:00:00,11,19,0,4,15,0,0,5,6,1,7,1,111.63333333333334,84.0,4.0,10.98,47.5,0.4621212121212121,745.0353068017366,2.9869883040935674,0.475,0.4553734061930783,3.210526315789474
2020-11-22 12:00:00,12,30,1,5,21,3,0,18,8,3,11,3,112.63333333333334,62.0,4.0,10.98,75.0,0.8103448275862069,829.6069204052098,7.4866120218579235,0.75,1.639344262295082,3.1333333333333333
2020-11-22 13:00:00,13,31,0,7,22,2,0,8,9,3,12,3,113.63333333333334,117.5,4.0,10.98,77.5,0.875,850.7919204052099,4.753308067454022,0.775,0.7285974499089253,3.161290322580645
2020-11-22 14:00:00,14,30,0,9,20,1,0,9,9,2,11,2,114.63333333333334,170.0,4.0,10.98,75.0,0.8448275862068966,840.0186136034733,5.127595628415301,0.75,0.819672131147541,3.2666666666666666
2020-11-22 15:00:00,15,30,0,6,23,1,0,12,10,2,12,2,115.63333333333334,200.5,4.0,10.98,75.0,0.8482142857142857,859.0586136034733,5.835837887067394,0.75,1.092896174863388,3.1666666666666665
2020-11-22 16:00:00,16,36,0,10,25,1,0,11,9,3,12,3,116.63333333333334,195.0,4.0,10.98,90.0,1.0446428571428572,878.4369204052099,6.18091985428051,0.9,1.0018214936247722,3.25
2020-11-22 17:00:00,17,39,1,7,28,2,1,13,9,2,11,2,117.63333333333334,252.0,4.0,10.98,97.5,1.0517241379310345,876.2436136034732,6.753703703703703,0.975,1.1839708561020037,3.128205128205128
2020-11-22 18:00:00,18,26,1,7,18,0,0,6,7,2,9,2,118.63333333333334,220.0,4.0,10.98,65.0,0.7016129032258065,827.1986136034732,4.003499369482976,0.65,0.5464480874316939,3.3461538461538463
2020-11-22 19:00:00,19,27,1,8,18,0,0,10,7,2,9,2,119.63333333333334,276.0,4.0,10.98,67.5,0.7338709677419355,834.9836136034733,5.344554071375565,0.675,0.9107468123861566,3.3703703703703702
2020-11-22 20:00:00,20,28,0,5,23,0,0,12,4,1,5,1,120.63333333333334,336.0,4.0,9.55,70.0,0.6357142857142857,788.3003068017366,6.219016454749439,0.7,1.256544502617801,3.1785714285714284
2020-11-22 21:00:00,21,36,3,8,24,1,0,16,9,2,11,2,121.63333333333334,59.0,4.0,9.55,90.0,1.043103448275862,892.3686136034732,8.656180919139034,0.9,1.6753926701570678,3.361111111111111
2020-11-22 22:00:00,22,42,3,5,33,1,0,15,11,1,12,1,122.63333333333334,92.0,3.0,6.3,105.0,1.619047619047619,923.4103068017366,11.109750566893425,1.05,2.380952380952381,3.238095238095238
2020-11-22 23:00:00,23,39,2,5,30,2,0,13,11,0,11,0,123.63333333333334,126.0,3.0,6.3,97.5,1.4252873563218391,908.347,9.66084656084656,0.975,2.063492063492064,3.1794871794871797
2020-11-23 00:00:00,0,30,2,5,23,0,0,3,11,0,11,0,124.63333333333334,186.0,3.0,6.3,75.0,1.137931034482759,894.682,4.046428571428572,0.75,0.4761904761904762,3.3
2020-11-23 01:00:00,1,25,2,5,17,1,0,4,11,0,11,0,125.63333333333334,246.0,3.0,6.3,62.5,0.9540229885057472,889.597,4.182936507936508,0.625,0.6349206349206349,3.32
2020-11-23 02:00:00,2,26,3,5,18,0,0,5,11,1,12,1,126.63333333333334,304.0,3.0,6.3,65.0,1.0595238095238095,911.6503068017366,4.941727716727717,0.65,0.7936507936507937,3.423076923076923
2020-11-23 03:00:00,3,25,3,4,18,0,0,2,11,1,12,1,127.63333333333334,364.0,3.0,6.3,62.5,1.011904761904762,915.1453068017366,3.204365079365079,0.625,0.3174603174603174,3.4
2020-11-23 04:00:00,4,22,2,4,16,0,0,0,11,0,11,0,128.63333333333333,426.0,3.0,6.3,55.00000000000001,0.8505747126436781,900.082,1.8500000000000003,0.55,0.0,3.363636363636364
2020-11-23 05:00:00,5,23,2,4,17,0,0,2,12,0,12,0,129.63333333333333,484.0,3.0,6.3,57.49999999999999,0.9166666666666666,921.267,2.98780193236715,0.575,0.3174603174603174,3.347826086956522
2020-11-23 06:00:00,6,24,2,4,18,0,0,3,12,0,12,0,130.63333333333333,544.0,3.0,6.3,60.0,0.9523809523809524,929.052,3.5873015873015874,0.6,0.4761904761904762,3.333333333333333
2020-11-23 07:00:00,7,26,3,5,17,1,0,5,13,1,14,1,131.63333333333333,600.5,3.0,6.3,65.0,1.1282051282051282,966.6503068017364,4.886202686202687,0.65,0.7936507936507937,3.3846153846153846
2020-11-23 08:00:00,8,29,3,5,21,0,0,4,15,1,16,1,132.63333333333333,655.0,3.0,6.8,72.5,1.3611111111111112,1005.5253068017364,4.437829614604462,0.725,0.5882352941176471,3.3793103448275863
2020-11-23 09:00:00,9,22,1,3,18,0,0,5,8,1,9,1,133.63333333333333,148.0,3.0,6.8,55.00000000000001,0.7634408602150538,902.3503068017365,4.1479946524064175,0.55,0.7352941176470589,3.227272727272727
2020-11-23 10:00:00,10,23,1,2,20,0,0,9,8,1,9,1,134.63333333333333,208.0,4.0,10.05,57.49999999999999,0.5887096774193549,910.1353068017364,4.667310188189487,0.575,0.8955223880597014,3.1739130434782608
2020-11-23 11:00:00,11,26,1,3,22,0,0,8,11,1,12,1,135.63333333333333,189.5,4.0,10.05,65.0,0.7410714285714286,962.4103068017364,4.616140451588213,0.65,0.7960199004975124,3.1923076923076925
2020-11-23 12:00:00,12,29,0,6,23,0,0,10,13,0,13,0,136.63333333333333,121.0,4.0,10.05,72.5,0.8611111111111112,987.017,5.51594184251158,0.725,0.9950248756218903,3.206896551724138
2020-11-23 13:00:00,13,33,0,8,24,1,0,10,13,0,13,0,137.63333333333333,144.0,4.0,10.05,82.5,0.9814814814814816,1001.237,5.8461405095733445,0.825,0.9950248756218903,3.212121212121212
2020-11-23 14:00:00,14,31,0,6,23,2,0,5,10,0,10,0,138.63333333333333,176.5,4.0,10.05,77.5,0.8083333333333333,962.387,3.981732466698764,0.775,0.4975124378109452,3.129032258064516
2020-11-23 15:00:00,15,25,0,7,17,1,0,4,9,1,10,1,139.63333333333333,210.5,4.0,10.05,62.5,0.675,956.0253068017364,3.31455223880597,0.625,0.3980099502487562,3.24
2020-11-23 16:00:00,16,29,0,9,19,1,0,10,11,1,12,1,140.63333333333333,199.5,4.0,10.05,72.5,0.8482142857142857,997.0453068017364,5.634564247726883,0.725,0.9950248756218903,3.2758620689655173
2020-11-23 17:00:00,17,27,0,6,20,1,0,7,14,1,15,1,141.63333333333333,149.0,4.0,10.05,67.5,0.86,1038.5953068017366,4.368536944905104,0.675,0.6965174129353233,3.185185185185185
2020-11-23 18:00:00,18,23,0,3,19,1,0,4,11,0,11,0,142.63333333333333,323.0,4.0,10.05,57.49999999999999,0.6120689655172413,981.187,3.0036394116374647,0.575,0.3980099502487562,3.0869565217391304
2020-11-23 19:00:00,19,25,0,3,21,1,0,6,12,0,12,0,143.63333333333333,296.5,4.0,10.05,62.5,0.6875,1004.5169999999998,3.763805970149253,0.625,0.5970149253731343,3.08
2020-11-23 20:00:00,20,25,0,3,21,1,0,8,13,0,13,0,144.63333333333333,95.0,4.0,11.31,62.5,0.7129629629629629,1023.5569999999998,4.103603006189213,0.625,0.7073386383731212,3.08
2020-11-23 21:00:00,21,30,0,3,26,1,0,9,13,0,13,0,145.63333333333333,118.0,4.0,11.31,75.0,0.8518518518518519,1039.922,4.740318302387268,0.75,0.7957559681697614,3.066666666666667
2020-11-23 22:00:00,22,27,0,2,23,2,0,8,14,0,14,0,146.63333333333333,143.5,3.0,8.059999999999999,67.5,1.0384615384615383,1052.527,5.002667493796527,0.675,0.9925558312655088,3.0
2020-11-23 23:00:00,23,33,0,4,27,2,0,10,16,0,16,0,147.63333333333333,198.0,3.0,8.059999999999999,82.5,1.4027777777777777,1097.837,6.322277990826377,0.825,1.240694789081886,3.060606060606061
2020-11-24 00:00:00,0,32,0,4,26,2,0,7,18,0,18,0,148.63333333333333,249.5,3.0,8.059999999999999,80.0,1.4848484848484849,1128.132,5.109739454094294,0.8,0.8684863523573202,3.0625
2020-11-24 01:00:00,1,27,0,3,22,2,0,4,19,0,19,0,149.63333333333333,303.0,3.0,8.059999999999999,67.5,1.3015873015873016,1136.447,3.557214410440217,0.675,0.4962779156327544,3.037037037037037
2020-11-24 02:00:00,2,23,0,1,20,2,0,0,19,0,19,0,150.63333333333333,363.0,3.0,8.059999999999999,57.49999999999999,1.0793650793650793,1133.5069999999998,1.6999999999999995,0.575,0.0,2.9565217391304346
2020-11-24 03:00:00,3,23,0,1,21,1,0,2,21,0,21,0,151.63333333333333,406.0,3.0,8.059999999999999,57.49999999999999,1.2105263157894737,1165.947,2.4694168734491315,0.575,0.2481389578163772,3.0
2020-11-24 04:00:00,4,26,0,2,23,1,0,4,22,0,22,0,152.63333333333333,458.0,3.0,8.059999999999999,65.0,1.462962962962963,1191.4219999999998,3.482921359037985,0.65,0.4962779156327544,3.0384615384615383
2020-11-24 05:00:00,5,30,2,2,25,1,0,5,24,0,24,0,153.63333333333333,486.0,3.0,8.059999999999999,75.0,1.9791666666666667,1232.442,4.33943341604632,0.75,0.620347394540943,3.1666666666666665
2020-11-24 06:00:00,6,30,2,2,25,1,0,2,23,0,23,0,154.63333333333333,570.0,3.0,8.059999999999999,75.0,1.862745098039216,1224.6819999999998,3.160773366418528,0.75,0.2481389578163772,3.1666666666666665
2020-11-24 07:00:00,7,31,2,2,25,2,0,3,23,0,23,0,155.63333333333333,630.0,3.0,8.059999999999999,77.5,1.9019607843137252,1232.467,3.589652205234932,0.775,0.3722084367245658,3.129032258064516
2020-11-24 08:00:00,8,32,2,2,27,1,0,4,23,1,24,1,156.63333333333333,666.0,3.0,7.73,80.0,2.1041666666666665,1254.5203068017363,4.1582470892626135,0.8,0.517464424320828,3.15625
2020-11-24 09:00:00,9,36,2,7,26,1,0,10,19,2,21,2,157.63333333333333,652.0,3.0,7.73,90.0,2.0701754385964914,1229.4086136034732,7.190333477073451,0.9,1.2936610608020698,3.2777777777777777
2020-11-24 10:00:00,10,39,2,6,30,1,0,6,21,2,23,2,158.63333333333333,658.0,4.0,11.05,97.5,1.8529411764705883,1268.283613603473,4.9042638357118,0.975,0.5429864253393665,3.230769230769231
2020-11-24 11:00:00,11,41,2,6,31,2,0,10,21,1,22,1,159.63333333333333,673.5,4.0,11.05,102.5,1.8194444444444444,1263.9453068017365,6.166513078026708,1.025,0.9049773755656108,3.1951219512195124
2020-11-24 12:00:00,12,47,3,6,36,2,0,10,23,1,24,1,160.63333333333333,171.5,4.0,11.05,117.5,2.359375,1309.2553068017364,6.68248050447675,1.175,0.9049773755656108,3.2127659574468086
2020-11-24 13:00:00,13,41,2,6,31,2,0,3,20,0,20,0,161.63333333333333,216.0,4.0,11.05,102.5,1.6375,1247.5569999999998,4.142453923408012,1.025,0.2714932126696832,3.1951219512195124
2020-11-24 14:00:00,14,42,2,7,31,2,0,6,19,0,19,0,162.63333333333333,278.0,4.0,11.05,105.0,1.6071428571428572,1241.942,5.120313510019393,1.05,0.5429864253393665,3.2142857142857144
2020-11-24 15:00:00,15,40,2,8,29,1,0,6,18,0,18,0,163.63333333333333,313.5,4.0,11.05,100.0,1.4886363636363635,1229.8919999999998,5.053280542986425,1.0,0.5429864253393665,3.275
2020-11-24 16:00:00,16,31,1,4,25,1,0,2,14,0,14,0,164.63333333333333,970.5,4.0,11.05,77.5,0.9423076923076924,1162.627,3.022179243906,0.775,0.1809954751131221,3.161290322580645
2020-11-24 17:00:00,17,35,0,4,30,1,0,8,14,0,14,0,165.63333333333333,630.5,4.0,11.05,87.5,1.0384615384615383,1176.847,4.934001292824823,0.875,0.7239819004524887,3.085714285714286
2020-11-24 18:00:00,18,33,0,5,27,1,0,8,14,0,14,0,166.63333333333333,690.5,4.0,11.05,82.5,0.9903846153846154,1178.197,4.834701083230494,0.825,0.7239819004524887,3.121212121212121
2020-11-24 19:00:00,19,28,0,3,24,1,0,4,14,0,14,0,167.63333333333333,477.0,4.0,11.05,70.0,0.8269230769230769,1173.112,3.261829347123465,0.7,0.3619909502262443,3.071428571428572
2020-11-24 20:00:00,20,20,0,3,16,1,0,5,11,0,11,0,32.68333333333333,429.0,4.0,12.01,50.0,0.5344827586206896,354.634,2.840591174021649,0.5,0.4163197335553705,3.1
2020-11-24 21:00:00,21,24,0,4,17,3,0,9,12,0,12,0,33.68333333333333,180.0,4.0,12.01,60.0,0.6517857142857143,382.254,4.104350541215653,0.6,0.7493755203996669,3.0416666666666665
2020-11-24 22:00:00,22,27,0,5,20,2,0,8,12,1,13,1,34.68333333333333,193.0,3.0,8.69,67.5,1.037037037037037,408.59730680173664,4.964083876742105,0.675,0.9205983889528194,3.111111111111111
2020-11-24 23:00:00,23,28,0,6,20,2,0,6,12,2,14,2,35.68333333333333,233.5,3.0,8.69,70.0,1.1282051282051282,430.6506136034732,4.36998191681736,0.7,0.6904487917146145,3.142857142857143
2020-11-25 00:00:00,0,31,0,9,20,2,0,8,13,2,15,2,36.68333333333333,274.0,3.0,8.69,77.5,1.3333333333333333,456.1256136034732,5.469672222428449,0.775,0.9205983889528194,3.225806451612903
2020-11-25 01:00:00,1,32,0,9,21,2,0,4,13,2,15,2,37.68333333333333,334.0,3.0,8.69,80.0,1.3733333333333333,463.9106136034732,4.056588032220944,0.8,0.4602991944764097,3.21875
2020-11-25 02:00:00,2,34,0,11,21,2,0,6,14,2,16,2,38.68333333333333,370.5,3.0,8.69,85.0,1.5416666666666667,487.2406136034732,5.029112231774182,0.85,0.6904487917146145,3.264705882352941
2020-11-25 03:00:00,3,37,0,11,25,1,0,6,14,3,17,3,39.68333333333333,407.0,3.0,8.69,92.5,1.7536231884057971,513.5839204052098,5.282954156688334,0.925,0.6904487917146145,3.27027027027027
2020-11-25 04:00:00,4,35,0,10,24,1,0,3,14,2,16,2,40.68333333333333,490.5,3.0,8.69,87.5,1.5833333333333333,500.6656136034732,3.974445175078087,0.875,0.3452243958573072,3.257142857142857
2020-11-25 05:00:00,5,37,0,10,26,1,0,4,14,2,16,2,41.68333333333333,550.5,3.0,8.69,92.5,1.6666666666666667,510.5956136034732,4.492862252355923,0.925,0.4602991944764097,3.2432432432432434
2020-11-25 06:00:00,6,32,0,10,21,1,0,3,14,0,14,0,42.68333333333333,653.5,3.0,8.69,80.0,1.3461538461538465,476.974,3.757767548906789,0.8,0.3452243958573072,3.28125
2020-11-25 07:00:00,7,34,0,9,24,1,0,3,15,0,15,0,43.68333333333333,694.0,3.0,8.69,85.0,1.4666666666666666,500.304,3.8669024571854056,0.85,0.3452243958573072,3.235294117647059
2020-11-25 08:00:00,8,33,0,6,25,2,0,4,15,0,15,0,44.68333333333333,754.0,3.0,7.16,82.5,1.3733333333333333,503.799,4.318693922464871,0.825,0.5586592178770949,3.121212121212121
2020-11-25 09:00:00,9,34,0,4,29,1,0,8,14,0,14,0,45.68333333333333,833.5,3.0,7.16,85.0,1.3461538461538465,498.184,6.07554222806441,0.85,1.11731843575419,3.088235294117647
2020-11-25 10:00:00,10,39,0,6,32,1,0,11,14,0,14,0,46.68333333333333,802.0,4.0,10.41,97.5,1.1730769230769231,514.549,6.355500135471316,0.975,1.0566762728146013,3.128205128205128
2020-11-25 11:00:00,11,37,0,5,31,1,0,7,15,0,15,0,47.68333333333333,859.0,4.0,10.41,92.5,1.15,529.299,4.964986239842148,0.925,0.6724303554274735,3.108108108108108
2020-11-25 12:00:00,12,37,1,6,29,1,0,10,17,0,17,0,48.68333333333333,317.0,4.0,10.41,92.5,1.2826086956521738,561.739,6.013582314302775,0.925,0.9606147934678194,3.189189189189189
2020-11-25 13:00:00,13,45,2,7,36,0,0,14,19,0,19,0,49.68333333333333,275.0,4.0,10.41,112.5,1.738095238095238,611.3389999999999,8.013325861884939,1.125,1.344860710854947,3.2444444444444445
2020-11-25 14:00:00,14,34,3,7,23,1,0,5,15,1,16,1,50.68333333333333,258.0,4.0,10.41,85.0,1.1875,554.0523068017367,4.460442447872521,0.85,0.4803073967339097,3.3529411764705883
2020-11-25 15:00:00,15,34,2,6,24,2,0,5,15,1,16,1,51.68333333333333,261.5,4.0,10.41,85.0,1.1458333333333333,559.6923068017365,4.30393569531559,0.85,0.4803073967339097,3.235294117647059
2020-11-25 16:00:00,16,33,2,4,24,3,0,5,13,2,15,2,52.68333333333333,291.0,4.0,10.41,82.5,1.04,550.6556136034732,4.113696038191716,0.825,0.4803073967339097,3.1515151515151514
2020-11-25 17:00:00,17,33,3,4,23,3,0,7,14,1,15,1,53.68333333333333,295.0,4.0,10.41,82.5,1.06,555.4273068017366,4.809927808342794,0.825,0.6724303554274735,3.212121212121212
2020-11-25 18:00:00,18,36,4,5,24,3,0,7,17,2,19,2,54.68333333333333,176.0,4.0,10.41,90.0,1.4047619047619049,621.9706136034732,5.154077276123385,0.9,0.6724303554274735,3.2777777777777777
2020-11-25 19:00:00,19,34,4,6,22,2,0,10,14,2,16,2,55.68333333333333,177.5,4.0,10.41,85.0,1.1875,583.1206136034732,6.070884895745041,0.85,0.9606147934678194,3.3529411764705883
2020-11-25 20:00:00,20,34,4,6,23,1,0,10,12,2,14,2,56.68333333333333,181.0,4.0,10.71,85.0,1.1057692307692308,561.9606136034731,6.0331259954962375,0.85,0.9337068160597572,3.3823529411764706
2020-11-25 21:00:00,21,40,4,8,28,0,0,14,12,2,14,2,57.68333333333333,212.0,4.0,10.71,100.0,1.3076923076923077,580.4706136034731,7.844444444444443,1.0,1.30718954248366,3.4
2020-11-25 22:00:00,22,30,1,6,23,0,0,8,10,1,11,1,58.68333333333333,207.0,3.0,7.46,75.0,1.1264367816091954,523.5923068017366,5.953127792672029,0.75,1.0723860589812333,3.2666666666666666
2020-11-25 23:00:00,23,28,0,6,20,2,0,9,8,0,8,0,59.68333333333333,170.0,3.0,7.46,70.0,0.9166666666666666,483.874,5.991650708540789,0.7,1.206434316353887,3.142857142857143
2020-11-26 00:00:00,0,27,1,9,17,0,0,7,10,0,10,0,60.68333333333333,175.5,3.0,7.46,67.5,1.022222222222222,514.169,5.497299175851455,0.675,0.938337801608579,3.4074074074074074
2020-11-26 01:00:00,1,30,1,10,19,0,0,8,10,1,11,1,61.68333333333333,216.0,3.0,7.46,75.0,1.1724137931034482,540.5123068017365,6.196112600536193,0.75,1.0723860589812333,3.4
2020-11-26 02:00:00,2,25,1,10,14,0,0,3,10,1,11,1,62.68333333333333,276.0,3.0,7.46,62.5,1.0,535.4273068017366,3.5744638069705097,0.625,0.4021447721179624,3.48
2020-11-26 03:00:00,3,26,1,10,15,0,0,6,10,0,10,0,63.68333333333333,355.5,3.0,7.46,65.0,1.0,528.944,5.034079191585894,0.65,0.8042895442359249,3.4615384615384617
2020-11-26 04:00:00,4,27,1,10,16,0,0,3,10,0,10,0,64.68333333333334,415.5,3.0,7.46,67.5,1.0333333333333334,536.729,3.710165326184093,0.675,0.4021447721179624,3.4444444444444446
2020-11-26 05:00:00,5,27,2,10,15,0,0,5,12,1,13,1,65.68333333333334,435.0,3.0,7.46,67.5,1.1728395061728396,583.4373068017367,4.733256379704101,0.675,0.6702412868632708,3.5185185185185186
2020-11-26 06:00:00,6,22,2,10,10,0,0,1,12,1,13,1,66.68333333333334,495.0,3.0,7.46,55.00000000000001,0.9876543209876544,578.3523068017366,2.4874482086278333,0.55,0.1340482573726541,3.636363636363636
2020-11-26 07:00:00,7,23,2,10,11,0,0,2,12,1,13,1,67.68333333333334,555.0,3.0,7.46,57.49999999999999,1.0246913580246917,586.1373068017366,3.042478727124373,0.575,0.2680965147453083,3.608695652173913
2020-11-26 08:00:00,8,22,1,9,12,0,0,2,13,0,13,0,68.68333333333334,615.0,3.0,6.66,55.00000000000001,0.9506172839506172,588.764,2.9760510510510514,0.55,0.3003003003003003,3.5
2020-11-26 09:00:00,9,20,0,7,13,0,0,4,9,0,9,0,69.68333333333334,696.0,3.0,6.66,50.0,0.7204301075268817,536.514,3.687012012012012,0.5,0.6006006006006006,3.35
2020-11-26 10:00:00,10,27,0,9,18,0,0,8,11,0,11,0,70.68333333333334,735.0,4.0,9.91,67.5,0.7758620689655172,583.969,4.9408846283215615,0.675,0.8072653884964682,3.333333333333333
2020-11-26 11:00:00,11,30,0,11,19,0,0,7,11,0,11,0,71.68333333333334,362.0,4.0,9.91,75.0,0.8706896551724138,596.044,4.90306929027918,0.75,0.7063572149344097,3.3666666666666667
2020-11-26 12:00:00,12,31,0,11,20,0,0,7,12,0,12,0,72.68333333333334,222.0,4.0,9.91,77.5,0.9285714285714286,617.229,4.969714527521892,0.775,0.7063572149344097,3.3548387096774195
2020-11-26 13:00:00,13,35,1,9,25,0,0,11,13,0,13,0,73.68333333333334,75.0,4.0,9.91,87.5,1.0740740740740742,644.849,6.578823699005334,0.875,1.1099899091826435,3.3142857142857145
2020-11-26 14:00:00,14,38,1,10,27,0,0,7,15,0,15,0,74.68333333333334,129.0,4.0,9.91,95.0,1.26,683.7239999999999,5.492131817940411,0.95,0.7063572149344097,3.3157894736842106
2020-11-26 15:00:00,15,37,2,11,24,0,0,7,15,0,15,0,75.68333333333334,167.0,4.0,9.91,92.5,1.26,687.219,5.555432677884746,0.925,0.7063572149344097,3.4054054054054053
2020-11-26 16:00:00,16,34,2,13,19,0,0,7,13,0,13,0,76.68333333333334,187.0,4.0,9.91,85.0,1.101851851851852,659.624,5.447250252270433,0.85,0.7063572149344097,3.5
2020-11-26 17:00:00,17,34,1,14,19,0,0,6,13,1,14,1,77.68333333333334,224.5,4.0,9.91,85.0,1.1346153846153846,679.5323068017366,5.051264320056983,0.85,0.6054490413723511,3.4705882352941178
2020-11-26 18:00:00,18,30,1,11,18,0,0,2,10,0,10,0,78.68333333333334,284.5,4.0,9.91,75.0,0.8583333333333333,622.124,3.2679027917928014,0.75,0.201816347124117,3.433333333333333
2020-11-26 19:00:00,19,29,1,8,20,0,0,10,10,1,11,1,79.68333333333334,288.0,4.0,9.91,72.5,0.8362068965517241,639.8873068017366,5.800204426041267,0.725,1.0090817356205852,3.3448275862068964
2020-11-26 20:00:00,20,23,0,8,15,0,0,7,10,0,10,0,80.68333333333334,94.5,4.0,9.85,57.49999999999999,0.6416666666666667,618.3889999999999,4.304165747075701,0.575,0.7106598984771574,3.347826086956522
2020-11-26 21:00:00,21,23,0,8,14,1,0,6,10,0,10,0,81.68333333333334,105.5,4.0,9.85,57.49999999999999,0.6333333333333333,624.029,3.912800706245862,0.575,0.6091370558375635,3.3043478260869565
2020-11-26 22:00:00,22,28,0,10,17,1,0,10,10,0,10,0,82.68333333333334,132.0,3.0,6.6,70.0,1.0333333333333334,640.394,7.357467532467532,0.7,1.5151515151515151,3.321428571428572
2020-11-26 23:00:00,23,25,0,10,15,0,0,7,11,0,11,0,83.68333333333334,181.0,3.0,6.6,62.5,0.9770114942528736,652.999,5.7310606060606055,0.625,1.0606060606060606,3.4
2020-11-27 00:00:00,0,24,0,10,14,0,0,4,11,0,11,0,84.68333333333334,241.0,3.0,6.6,60.0,0.942528735632184,656.4939999999999,4.120707070707071,0.6,0.6060606060606061,3.4166666666666665
2020-11-27 01:00:00,1,25,1,9,15,0,0,5,11,1,12,1,85.68333333333334,291.5,3.0,6.6,62.5,1.0238095238095235,678.5473068017367,4.756060606060606,0.625,0.7575757575757576,3.44
2020-11-27 02:00:00,2,25,1,9,15,0,0,4,11,1,12,1,86.68333333333334,351.5,3.0,6.6,62.5,1.0238095238095235,684.1873068017367,4.234848484848484,0.625,0.6060606060606061,3.44
2020-11-27 03:00:00,3,27,1,9,17,0,0,5,12,1,13,1,87.68333333333334,402.0,3.0,6.6,67.5,1.1358024691358024,707.5173068017366,4.881369248035915,0.675,0.7575757575757576,3.4074074074074074
2020-11-27 04:00:00,4,23,0,8,15,0,0,2,12,0,12,0,88.68333333333334,471.5,3.0,6.6,57.49999999999999,0.9166666666666666,690.309,2.9394927536231883,0.575,0.303030303030303,3.347826086956522
2020-11-27 05:00:00,5,22,0,8,14,0,0,3,11,0,11,0,89.68333333333334,541.0,3.0,6.6,55.00000000000001,0.8505747126436781,680.404,3.3789256198347117,0.55,0.4545454545454546,3.363636363636364
2020-11-27 06:00:00,6,25,0,8,17,0,0,3,11,0,11,0,90.68333333333334,601.0,3.0,6.6,62.5,0.9540229885057472,692.479,3.584090909090909,0.625,0.4545454545454546,3.32
2020-11-27 07:00:00,7,29,0,9,20,0,0,5,13,0,13,0,91.68333333333334,642.0,3.0,6.6,72.5,1.1851851851851851,733.499,4.9078369905956105,0.725,0.7575757575757576,3.310344827586207
2020-11-27 08:00:00,8,21,0,8,13,0,0,1,13,0,13,0,92.68333333333334,702.0,3.0,6.65,52.5,0.8765432098765432,721.979,2.2834138918725384,0.525,0.150375939849624,3.380952380952381
2020-11-27 09:00:00,9,25,1,8,16,0,0,5,15,0,15,0,93.68333333333334,725.0,3.0,6.65,62.5,1.1333333333333333,762.999,4.681390977443609,0.625,0.7518796992481203,3.4
2020-11-27 10:00:00,10,29,1,11,17,0,0,7,17,1,18,1,94.68333333333334,731.5,4.0,10.35,72.5,1.1363636363636365,818.2873068017366,4.832167249708479,0.725,0.6763285024154588,3.4482758620689653
2020-11-27 11:00:00,11,28,1,10,17,0,0,4,16,1,17,1,95.68333333333334,764.0,4.0,10.35,70.0,1.0434782608695652,808.3823068017366,3.725051759834368,0.7,0.3864734299516907,3.4285714285714284
2020-11-27 12:00:00,12,27,1,7,19,0,0,5,15,1,16,1,96.68333333333334,851.5,4.0,10.35,67.5,0.9375,798.4773068017366,3.860305958132045,0.675,0.4830917874396134,3.333333333333333
2020-11-27 13:00:00,13,24,1,5,18,0,0,2,13,1,14,1,97.68333333333334,899.5,4.0,10.35,60.0,0.7596153846153846,770.8823068017366,2.6110708534621576,0.6,0.1932367149758453,3.2916666666666665
2020-11-27 14:00:00,14,22,1,4,16,1,0,4,10,1,11,1,98.68333333333334,920.0,4.0,10.35,55.00000000000001,0.6120689655172413,732.0323068017366,3.0222551602986383,0.55,0.3864734299516907,3.227272727272727
2020-11-27 15:00:00,15,16,0,3,12,1,0,3,9,0,9,0,99.68333333333334,486.0,4.0,10.35,40.0,0.4032258064516129,697.134,2.1557971014492754,0.4,0.289855072463768,3.125
2020-11-27 16:00:00,16,18,1,4,13,0,0,7,9,1,10,1,100.68333333333334,241.0,4.0,10.35,45.0,0.5,721.3323068017366,3.754428341384863,0.45,0.6763285024154588,3.333333333333333
2020-11-27 17:00:00,17,24,1,4,19,0,0,9,13,1,14,1,101.68333333333334,117.0,4.0,10.35,60.0,0.75,793.4423068017367,4.776086956521739,0.6,0.8695652173913042,3.25
2020-11-27 18:00:00,18,29,2,4,23,0,0,10,13,2,15,2,102.68333333333334,151.0,4.0,10.35,72.5,0.95,824.0756136034732,5.540084124604364,0.725,0.9661835748792268,3.2758620689655173
2020-11-27 19:00:00,19,26,1,2,22,1,0,5,9,2,11,2,103.68333333333334,158.0,4.0,10.35,65.0,0.6982758620689655,769.6806136034733,3.530016722408026,0.65,0.4830917874396134,3.1153846153846154
2020-11-27 20:00:00,20,32,1,3,26,2,0,13,8,3,11,3,104.68333333333334,188.0,4.0,11.58,80.0,0.853448275862069,789.0589204052098,5.948121761658031,0.8,1.1226252158894643,3.09375
2020-11-27 21:00:00,21,30,1,5,23,1,0,8,8,4,12,4,105.68333333333334,231.0,4.0,11.58,75.0,0.8571428571428571,804.6772272069464,4.6107081174438695,0.75,0.690846286701209,3.2
2020-11-27 22:00:00,22,22,1,3,18,0,0,7,6,2,8,2,106.68333333333334,222.5,3.0,7.88,55.00000000000001,0.7395833333333334,737.8206136034732,4.641866635902169,0.55,0.8883248730964467,3.227272727272727
2020-11-27 23:00:00,23,21,1,3,17,0,0,4,6,2,8,2,107.68333333333334,282.5,3.0,7.88,52.5,0.7083333333333334,741.3156136034731,3.3437031665458066,0.525,0.5076142131979695,3.238095238095238
2020-11-28 00:00:00,0,25,0,3,22,0,0,7,6,1,7,1,108.68333333333334,279.0,3.0,7.88,62.5,0.7878787878787878,741.2673068017366,4.7215736040609135,0.625,0.8883248730964467,3.12
2020-11-28 01:00:00,1,22,0,3,18,1,0,3,7,1,8,1,109.68333333333334,319.0,3.0,7.88,55.00000000000001,0.7083333333333334,753.8723068017366,2.8767420396862025,0.55,0.3807106598984772,3.090909090909091
2020-11-28 02:00:00,2,20,0,4,15,1,0,1,8,1,9,1,110.68333333333334,359.0,3.0,7.88,50.0,0.6774193548387096,768.6223068017366,1.9747461928934007,0.5,0.1269035532994923,3.15
2020-11-28 03:00:00,3,21,0,5,15,1,0,4,9,1,10,1,111.68333333333334,396.5,3.0,7.88,52.5,0.7444444444444445,789.8073068017366,3.294531061155427,0.525,0.5076142131979695,3.1904761904761907
2020-11-28 04:00:00,4,21,0,5,16,0,0,1,9,1,10,1,112.68333333333334,456.5,3.0,7.88,52.5,0.7555555555555555,795.4473068017367,2.1109257916364514,0.525,0.1269035532994923,3.238095238095238
2020-11-28 05:00:00,5,20,0,5,14,0,1,1,9,1,10,1,113.68333333333334,516.5,3.0,7.88,50.0,0.7,798.9423068017365,1.9747461928934007,0.5,0.1269035532994923,3.15
2020-11-28 06:00:00,6,19,0,4,14,0,1,1,10,1,11,1,114.68333333333334,554.0,3.0,7.88,47.5,0.6781609195402298,815.8373068017365,1.8690689286668445,0.475,0.1269035532994923,3.1052631578947367
2020-11-28 07:00:00,7,21,0,4,16,0,1,5,11,2,13,2,115.68333333333334,582.0,3.0,7.88,52.5,0.8024691358024691,853.4356136034733,3.5889835629683358,0.525,0.6345177664974619,3.095238095238096
2020-11-28 08:00:00,8,20,0,4,15,0,1,2,11,2,13,2,116.68333333333334,642.0,3.0,6.68,50.0,0.7654320987654321,856.9306136034731,2.4781437125748504,0.5,0.2994011976047904,3.1
2020-11-28 09:00:00,9,15,0,2,12,1,0,4,7,1,8,1,117.68333333333334,776.5,3.0,6.68,37.5,0.4791666666666667,783.9773068017366,2.9863273453093817,0.375,0.5988023952095809,3.066666666666667
2020-11-28 10:00:00,10,21,0,2,16,3,0,10,8,1,9,1,118.68333333333334,575.0,4.0,9.94,52.5,0.5,815.8873068017367,4.520202165373193,0.525,1.006036217303823,2.952380952380953
2020-11-28 11:00:00,11,21,0,2,17,2,0,8,8,1,9,1,119.68333333333334,130.0,4.0,9.94,52.5,0.5080645161290323,821.5273068017366,3.989486921529175,0.525,0.8048289738430584,3.0
2020-11-28 12:00:00,12,20,0,1,17,2,0,5,6,1,7,1,120.68333333333334,190.0,4.0,9.94,50.0,0.4469696969696969,798.2223068017366,2.958903420523139,0.5,0.5030181086519115,2.95
2020-11-28 13:00:00,13,22,0,1,19,2,0,4,6,0,6,0,121.68333333333334,716.5,4.0,9.94,55.00000000000001,0.4779411764705882,793.884,2.8139518931772454,0.55,0.4024144869215292,2.9545454545454546
2020-11-28 14:00:00,14,20,1,1,16,2,0,5,7,0,7,0,122.68333333333334,116.0,4.0,9.94,50.0,0.4621212121212121,808.634,3.05920523138833,0.5,0.5030181086519115,3.05
2020-11-28 15:00:00,15,25,1,2,20,2,0,11,6,1,7,1,123.68333333333334,69.0,4.0,9.94,62.5,0.5833333333333334,825.8673068017365,5.333450704225353,0.625,1.1066398390342054,3.08
2020-11-28 16:00:00,16,24,1,2,19,2,0,5,6,2,8,2,124.68333333333334,84.5,4.0,9.94,60.0,0.578125,843.6306136034732,3.400972501676727,0.6,0.5030181086519115,3.083333333333333
2020-11-28 17:00:00,17,26,2,3,18,3,0,6,7,2,9,2,125.68333333333334,140.0,4.0,9.94,65.0,0.6612903225806451,866.9606136034731,3.9537300727441576,0.65,0.6036217303822938,3.1538461538461537
2020-11-28 18:00:00,18,22,0,4,14,4,0,5,9,0,9,0,126.68333333333334,146.0,4.0,9.94,55.00000000000001,0.532258064516129,862.2840000000001,3.159054325955735,0.55,0.5030181086519115,3.0
2020-11-28 19:00:00,19,19,0,3,12,4,0,7,6,0,6,0,127.68333333333334,233.0,4.0,9.94,47.5,0.4117647058823529,821.289,3.4756115641215715,0.475,0.7042253521126761,2.9473684210526314
2020-11-28 20:00:00,20,15,0,6,7,2,0,6,5,0,5,0,128.68333333333334,132.0,4.0,10.06,37.5,0.35,804.949,3.17331013916501,0.375,0.5964214711729623,3.2666666666666666
2020-11-28 21:00:00,21,22,0,7,13,2,0,12,5,0,5,0,129.68333333333334,192.0,4.0,10.06,55.00000000000001,0.5071428571428571,825.604,5.624629495752757,0.55,1.1928429423459246,3.227272727272727
2020-11-28 22:00:00,22,16,0,4,10,2,0,7,2,0,2,0,130.68333333333334,5380.0,3.0,6.8,40.0,0.4385964912280701,778.174,4.466911764705883,0.4,1.0294117647058825,3.125
2020-11-28 23:00:00,23,17,0,3,12,2,0,8,2,0,2,0,131.68333333333334,5440.0,3.0,6.8,42.5,0.4561403508771929,785.959,4.898615916955017,0.425,1.1764705882352942,3.0588235294117645
2020-11-29 00:00:00,0,20,1,3,14,2,0,9,3,0,3,0,132.68333333333334,3039.0,3.0,6.8,50.0,0.5675675675675675,811.434,5.744117647058824,0.5,1.3235294117647058,3.15
2020-11-29 01:00:00,1,16,1,2,12,1,0,3,3,1,4,1,133.68333333333334,1590.0,3.0,6.8,40.0,0.4722222222222222,822.7623068017365,2.68125,0.4,0.4411764705882353,3.1875
2020-11-29 02:00:00,2,14,1,3,9,1,0,2,3,2,5,2,134.68333333333334,141.0,3.0,6.8,35.0,0.4380952380952381,838.3806136034732,2.1163865546218483,0.35,0.2941176470588235,3.2857142857142856
2020-11-29 03:00:00,3,17,1,3,12,1,0,3,3,2,5,2,135.68333333333334,201.0,3.0,6.8,42.5,0.5238095238095238,850.4556136034732,2.8023356401384083,0.425,0.4411764705882353,3.235294117647059
2020-11-29 04:00:00,4,19,2,3,13,1,0,2,5,2,7,2,136.68333333333334,194.0,3.0,6.8,47.5,0.6363636363636364,887.1856136034733,2.5502321981424148,0.475,0.2941176470588235,3.3157894736842106
2020-11-29 05:00:00,5,21,3,3,14,1,0,2,5,3,8,3,137.68333333333334,246.0,3.0,6.8,52.5,0.7395833333333334,911.38392040521,2.7693977591036414,0.525,0.2941176470588235,3.380952380952381
2020-11-29 06:00:00,6,19,2,3,13,1,0,2,5,3,8,3,138.68333333333334,306.0,3.0,6.8,47.5,0.65625,912.7339204052098,2.5502321981424148,0.475,0.2941176470588235,3.3157894736842106
2020-11-29 07:00:00,7,22,2,3,16,1,0,5,6,3,9,3,139.68333333333334,358.0,3.0,6.8,55.00000000000001,0.7741935483870968,938.2089204052098,4.206417112299466,0.55,0.7352941176470589,3.272727272727273
2020-11-29 08:00:00,8,23,2,3,17,1,0,11,7,2,9,2,140.68333333333334,418.0,3.0,6.59,57.49999999999999,0.8064516129032258,945.1256136034732,7.318029623276374,0.575,1.6691957511380882,3.260869565217391
2020-11-29 09:00:00,9,27,1,4,21,1,0,9,8,3,11,3,141.68333333333334,304.0,3.0,6.59,67.5,0.9885057471264368,987.0139204052098,6.5000252908447145,0.675,1.3657056145675266,3.185185185185185
2020-11-29 10:00:00,10,35,1,5,27,2,0,14,11,2,13,2,142.68333333333334,68.0,4.0,10.29,87.5,1.0185185185185186,1035.7456136034732,7.025996112730807,0.875,1.360544217687075,3.142857142857143
2020-11-29 11:00:00,11,41,1,6,30,4,0,11,12,2,14,2,143.68333333333334,114.0,4.0,10.29,102.5,1.2211538461538465,1067.6556136034733,6.48628967266349,1.025,1.0689990281827018,3.097560975609756
2020-11-29 12:00:00,12,33,0,6,23,4,0,5,11,2,13,2,144.68333333333334,163.0,4.0,10.29,82.5,0.9351851851851852,1042.7356136034732,4.012174956562712,0.825,0.4859086491739553,3.060606060606061
2020-11-29 13:00:00,13,33,0,3,28,2,0,11,8,2,10,2,145.68333333333334,211.5,4.0,10.29,82.5,0.8333333333333334,1008.1756136034732,5.739390994493036,0.825,1.0689990281827018,3.0303030303030303
2020-11-29 14:00:00,14,26,0,2,22,2,0,5,5,0,5,0,146.68333333333334,283.0,4.0,10.29,65.0,0.5571428571428572,930.064,3.4077259475218664,0.65,0.4859086491739553,3.0
2020-11-29 15:00:00,15,27,0,2,23,2,0,6,5,0,5,0,147.68333333333334,320.0,4.0,10.29,67.5,0.5785714285714286,937.849,3.774271137026239,0.675,0.5830903790087464,3.0
2020-11-29 16:00:00,16,24,0,3,19,2,0,11,7,0,7,0,148.68333333333334,77.0,4.0,10.29,60.0,0.553030303030303,963.854,5.076538710722384,0.6,1.0689990281827018,3.0416666666666665
2020-11-29 17:00:00,17,33,0,8,22,3,0,12,9,0,9,0,149.68333333333334,102.0,4.0,10.29,82.5,0.8387096774193549,1015.599,6.275236328297552,0.825,1.1661807580174928,3.1515151515151514
2020-11-29 18:00:00,18,28,1,9,16,2,0,7,9,1,10,1,150.68333333333334,115.0,4.0,10.29,70.0,0.775,1024.7823068017365,4.584475218658892,0.7,0.6802721088435375,3.321428571428572
2020-11-29 19:00:00,19,30,0,9,20,1,0,9,8,1,9,1,151.68333333333334,168.0,4.0,10.29,75.0,0.7903225806451613,1021.3123068017368,5.307142857142858,0.75,0.8746355685131196,3.2666666666666666
2020-11-29 20:00:00,20,33,0,10,22,1,0,9,7,1,8,1,152.68333333333334,235.0,4.0,11.46,82.5,0.84375,1019.9873068017366,5.270204664445502,0.825,0.7853403141361256,3.272727272727273
2020-11-29 21:00:00,21,34,0,10,23,1,0,7,7,1,8,1,153.68333333333334,295.0,4.0,11.46,85.0,0.8671875,1027.7723068017367,4.769148444718201,0.85,0.6108202443280977,3.264705882352941
2020-11-29 22:00:00,22,25,0,10,14,1,0,7,7,0,7,0,154.68333333333334,362.0,3.0,7.76,62.5,0.8484848484848485,999.839,5.130927835051546,0.625,0.9020618556701032,3.36
2020-11-29 23:00:00,23,23,0,9,13,1,0,6,6,0,6,0,155.68333333333334,442.0,3.0,7.76,57.49999999999999,0.7549019607843137,987.789,4.513525324966383,0.575,0.7731958762886598,3.347826086956522
2020-11-30 00:00:00,0,19,0,8,10,1,0,4,6,0,6,0,156.68333333333334,502.0,3.0,7.76,47.5,0.6274509803921569,984.849,3.336299511665762,0.475,0.5154639175257733,3.3684210526315788
2020-11-30 01:00:00,1,18,1,8,8,1,0,5,9,1,10,1,157.68333333333334,356.5,3.0,7.76,45.0,0.7,1042.812306801737,3.830154639175258,0.45,0.6443298969072165,3.5
2020-11-30 02:00:00,2,25,2,9,12,2,0,9,10,2,12,2,158.68333333333334,169.0,3.0,7.76,62.5,1.0238095238095235,1091.1356136034733,6.139690721649485,0.625,1.1597938144329898,3.44
2020-11-30 03:00:00,3,24,2,9,11,2,0,2,11,2,13,2,159.68333333333334,153.0,3.0,7.76,60.0,1.0246913580246917,1108.0306136034733,2.966323024054983,0.6,0.2577319587628866,3.458333333333333
2020-11-30 04:00:00,4,23,1,10,11,1,0,5,12,1,13,1,160.68333333333334,213.0,3.0,7.76,57.49999999999999,0.9876543209876544,1110.6573068017367,4.241147467503362,0.575,0.6443298969072165,3.4782608695652173
2020-11-30 05:00:00,5,23,1,10,11,1,0,0,12,1,13,1,161.68333333333334,273.0,3.0,7.76,57.49999999999999,0.9876543209876544,1116.2973068017366,2.0,0.575,0.0,3.4782608695652173
2020-11-30 06:00:00,6,22,1,11,9,1,0,1,13,1,14,1,162.68333333333334,325.0,3.0,7.76,55.00000000000001,1.0,1133.1923068017363,2.40688847235239,0.55,0.1288659793814433,3.5454545454545454
2020-11-30 07:00:00,7,23,0,11,11,1,0,2,13,0,13,0,163.68333333333334,393.0,3.0,7.76,57.49999999999999,0.9753086419753086,1126.709,2.8602532496638275,0.575,0.2577319587628866,3.4347826086956523
2020-11-30 08:00:00,8,30,0,12,16,2,0,9,14,0,14,0,164.68333333333334,445.0,3.0,6.58,75.0,1.2820512820512822,1160.764,7.0592705167173255,0.75,1.3677811550151977,3.333333333333333
2020-11-30 09:00:00,9,31,0,6,23,2,0,8,11,0,11,0,165.68333333333334,351.0,3.0,6.58,77.5,1.1149425287356325,1128.349,6.229294538680263,0.775,1.21580547112462,3.129032258064516
2020-11-30 10:00:00,10,40,0,8,26,6,0,16,16,0,16,0,166.68333333333334,95.5,4.0,10.28,100.0,1.2708333333333333,1220.294,7.797081712062256,1.0,1.5564202334630348,3.05
2020-11-30 11:00:00,11,37,1,9,24,3,0,8,17,1,18,1,167.68333333333334,131.0,4.0,10.28,92.5,1.3522727272727273,1247.167306801737,5.477891997055421,0.925,0.7782101167315174,3.216216216216216
2020-11-30 12:00:00,12,35,1,8,24,2,0,6,19,1,20,1,86.65,148.0,4.0,10.28,87.5,1.4125,812.6493068017367,4.70938021122846,0.875,0.5836575875486381,3.2285714285714286
2020-11-30 13:00:00,13,35,1,7,23,4,0,7,19,1,20,1,87.65,208.0,4.0,10.28,87.5,1.375,818.2893068017366,4.890077821011673,0.875,0.6809338521400777,3.142857142857143
2020-11-30 14:00:00,14,30,0,5,21,3,1,6,16,1,17,1,88.65,253.0,4.0,10.28,75.0,0.9782608695652174,773.0043068017367,4.000972762645914,0.75,0.5836575875486381,3.0
2020-11-30 15:00:00,15,24,1,3,17,3,0,7,11,1,12,1,89.65,300.5,4.0,10.28,60.0,0.6607142857142857,698.7743068017367,3.949546044098573,0.6,0.6809338521400777,3.083333333333333
2020-11-30 16:00:00,16,30,1,5,19,4,1,8,12,1,13,1,90.65,342.0,4.0,10.28,75.0,0.8425925925925926,730.6843068017366,4.635570687418936,0.75,0.7782101167315174,3.033333333333333
2020-11-30 17:00:00,17,27,0,5,15,6,1,4,11,2,13,2,91.65,396.0,4.0,10.28,67.5,0.7222222222222222,730.7576136034731,3.074081279723303,0.675,0.3891050583657587,2.888888888888889
2020-11-30 18:00:00,18,25,0,8,13,3,1,7,9,4,13,4,92.65,294.0,4.0,10.28,62.5,0.7222222222222222,733.8442272069465,4.0745136186770425,0.625,0.6809338521400777,3.12
2020-11-30 19:00:00,19,23,0,7,13,2,1,8,8,2,10,2,93.65,220.5,4.0,10.28,57.49999999999999,0.6,693.2576136034733,4.236136017594316,0.575,0.7782101167315174,3.130434782608696
2020-11-30 20:00:00,20,20,0,5,12,2,1,7,8,1,9,1,94.65,179.0,4.0,11.16,50.0,0.4919354838709677,678.1943068017366,3.4380824372759857,0.5,0.6272401433691757,3.05
2020-11-30 21:00:00,21,21,0,6,12,2,1,6,6,1,7,1,95.65,239.0,4.0,11.16,52.5,0.4924242424242424,659.1793068017366,3.28910650281618,0.525,0.5376344086021505,3.095238095238096
2020-11-30 22:00:00,22,14,0,4,9,1,0,4,2,1,3,1,96.65,1131.0,3.0,7.46,35.0,0.4054054054054054,596.2043068017366,2.848477594791268,0.35,0.5361930294906166,3.2142857142857144
2020-11-30 23:00:00,23,16,0,4,11,1,0,8,4,1,5,1,97.65,52.0,3.0,7.46,40.0,0.4857142857142857,632.9343068017366,4.693230563002682,0.4,1.0723860589812333,3.1875
