ts,hour,census,l1,l2,l3,l4,l5,arrivals,waitBed,waitICU,D_board,vent,maxLOS_h,awt_curr_min,Na,cap_sum,OCCUPANCY,EDWIN,NEDOCS,READI,READI_BR,READI_PR,READI_AR
2020-07-01 00:00:00,0,15,0,0,14,1,0,8,3,0,3,0,9.45,201.0,3.0,6.6,37.5,0.3963963963963964,105.673,4.655555555555555,0.375,1.2121212121212122,2.933333333333333
2020-07-01 01:00:00,1,18,0,0,16,2,0,4,3,0,3,0,10.45,261.0,3.0,6.6,45.0,0.4684684684684684,117.748,3.050841750841751,0.45,0.6060606060606061,2.888888888888889
2020-07-01 02:00:00,2,14,0,0,12,2,0,1,3,0,3,0,11.45,321.0,3.0,6.6,35.0,0.3603603603603603,114.808,1.432900432900433,0.35,0.1515151515151515,2.857142857142857
2020-07-01 03:00:00,3,12,0,0,10,2,0,0,3,0,3,0,12.45,381.0,3.0,6.6,30.0,0.3063063063063063,116.158,0.85,0.3,0.0,2.833333333333333
2020-07-01 04:00:00,4,16,0,0,14,2,0,4,5,0,5,0,13.45,303.0,3.0,6.6,40.0,0.4380952380952381,157.178,2.8924242424242426,0.4,0.6060606060606061,2.875
2020-07-01 05:00:00,5,17,0,1,15,1,0,3,5,0,5,0,14.45,363.0,3.0,6.6,42.5,0.4857142857142857,164.963,2.638636363636364,0.425,0.4545454545454546,3.0
2020-07-01 06:00:00,6,18,0,1,16,1,0,1,5,0,5,0,15.45,423.0,3.0,6.6,45.0,0.5142857142857142,172.748,1.804545454545455,0.45,0.1515151515151515,3.0
2020-07-01 07:00:00,7,18,0,1,16,1,0,1,5,0,5,0,16.45,483.0,3.0,6.6,45.0,0.5142857142857142,178.38799999999998,1.804545454545455,0.45,0.1515151515151515,3.0
2020-07-01 08:00:00,8,13,0,1,12,0,0,3,5,0,5,0,12.65,265.0,3.0,7.73,32.5,0.3809523809523809,146.231,2.1941486715096032,0.325,0.3880983182406209,3.076923076923077
2020-07-01 09:00:00,9,15,0,1,13,1,0,6,3,0,3,0,12.35,325.0,3.0,7.73,37.5,0.4054054054054054,122.029,3.4535899094437257,0.375,0.7761966364812418,3.0
2020-07-01 10:00:00,10,12,0,0,12,0,0,3,4,0,4,0,13.35,256.5,4.0,11.43,30.0,0.25,134.634,1.6874015748031497,0.3,0.2624671916010498,3.0
2020-07-01 11:00:00,11,10,0,0,10,0,0,5,3,0,3,0,14.35,445.0,4.0,11.43,25.0,0.2027027027027027,122.584,2.0623359580052494,0.25,0.4374453193350831,3.0
2020-07-01 12:00:00,12,14,1,0,12,1,0,8,4,0,4,0,8.416666666666666,91.5,4.0,11.43,35.0,0.2986111111111111,111.1,3.224731283589551,0.35,0.699912510936133,3.071428571428572
2020-07-01 13:00:00,13,14,1,1,12,0,0,6,6,1,7,1,9.416666666666666,77.0,4.0,11.43,35.0,0.3409090909090909,157.8083068017366,2.812289088863892,0.35,0.5249343832020997,3.2142857142857144
2020-07-01 14:00:00,14,17,1,1,15,0,0,9,4,1,5,1,10.166666666666666,72.0,4.0,11.43,42.5,0.3857142857142857,141.6733068017366,3.851157943492357,0.425,0.7874015748031497,3.176470588235294
2020-07-01 15:00:00,15,16,1,1,14,0,0,5,3,0,3,0,11.166666666666666,113.0,4.0,11.43,40.0,0.3445945945945945,117.5,2.6693569553805774,0.4,0.4374453193350831,3.1875
2020-07-01 16:00:00,16,15,0,2,13,0,0,5,3,0,3,0,12.166666666666666,173.0,4.0,11.43,37.5,0.3175675675675675,120.995,2.5456620005832606,0.375,0.4374453193350831,3.1333333333333333
2020-07-01 17:00:00,17,13,0,1,12,0,0,4,3,0,3,0,5.15,211.0,4.0,11.43,32.5,0.2702702702702703,77.131,2.076788478363282,0.325,0.3499562554680665,3.076923076923077
2020-07-01 18:00:00,18,14,0,1,13,0,0,4,3,0,3,0,6.15,271.0,4.0,11.43,35.0,0.2905405405405405,84.916,2.149865641794776,0.35,0.3499562554680665,3.071428571428572
2020-07-01 19:00:00,19,15,0,1,14,0,0,8,3,0,3,0,7.15,150.0,4.0,11.43,37.5,0.3108108108108108,92.701,3.2963983668708083,0.375,0.699912510936133,3.066666666666667
2020-07-01 20:00:00,20,18,0,2,16,0,0,7,4,0,4,0,8.15,66.0,4.0,10.2,45.0,0.3888888888888889,118.17600000000002,3.5350762527233117,0.45,0.6862745098039216,3.111111111111111
2020-07-01 21:00:00,21,16,0,2,14,0,0,11,4,0,4,0,9.15,53.0,4.0,10.2,40.0,0.3472222222222222,119.526,4.620098039215686,0.4,1.0784313725490198,3.125
2020-07-01 22:00:00,22,15,0,2,13,0,0,6,5,0,5,0,10.15,75.0,3.0,6.5,37.5,0.4476190476190476,136.421,4.0673076923076925,0.375,0.9230769230769232,3.1333333333333333
2020-07-01 23:00:00,23,17,0,1,16,0,0,6,5,0,5,0,11.15,135.0,3.0,6.5,42.5,0.4952380952380952,146.351,4.123529411764706,0.425,0.9230769230769232,3.0588235294117645
2020-07-02 00:00:00,0,13,0,1,12,0,0,5,5,0,5,0,12.15,195.0,3.0,6.5,32.5,0.3809523809523809,143.411,3.3668639053254443,0.325,0.7692307692307693,3.076923076923077
2020-07-02 01:00:00,1,13,0,1,12,0,0,4,5,0,5,0,13.15,255.0,3.0,6.5,32.5,0.3809523809523809,149.051,2.893491124260356,0.325,0.6153846153846154,3.076923076923077
2020-07-02 02:00:00,2,15,0,2,13,0,0,6,6,0,6,0,14.15,297.5,3.0,6.5,37.5,0.4607843137254901,172.381,4.0673076923076925,0.375,0.9230769230769232,3.1333333333333333
2020-07-02 03:00:00,3,14,0,3,11,0,0,1,7,0,7,0,15.15,340.0,3.0,6.5,35.0,0.4545454545454545,189.276,1.6195054945054943,0.35,0.1538461538461538,3.2142857142857144
2020-07-02 04:00:00,4,16,0,4,12,0,0,2,8,0,8,0,16.15,328.0,3.0,6.5,40.0,0.5416666666666666,212.606,2.3000000000000003,0.4,0.3076923076923077,3.25
2020-07-02 05:00:00,5,18,0,5,13,0,0,3,8,1,9,1,17.15,316.0,3.0,6.5,45.0,0.6344086021505376,236.80430680173663,2.987820512820513,0.45,0.4615384615384615,3.2777777777777777
2020-07-02 06:00:00,6,16,0,4,12,0,0,2,8,0,8,0,18.15,448.0,3.0,6.5,40.0,0.5416666666666666,223.886,2.3000000000000003,0.4,0.3076923076923077,3.25
2020-07-02 07:00:00,7,16,0,5,11,0,0,3,9,1,10,1,19.15,374.5,3.0,6.5,40.0,0.5888888888888889,257.1943068017366,2.853846153846154,0.4,0.4615384615384615,3.3125
2020-07-02 08:00:00,8,22,0,5,17,0,0,7,12,1,13,1,20.15,345.0,3.0,7.67,55.00000000000001,0.8765432098765432,315.90430680173665,4.720359725020742,0.55,0.9126466753585398,3.227272727272727
2020-07-02 09:00:00,9,22,0,3,16,3,0,4,10,1,11,1,21.15,333.0,3.0,7.67,55.00000000000001,0.7586206896551724,294.7443068017366,3.2145371577574973,0.55,0.5215123859191656,3.0
2020-07-02 10:00:00,10,23,0,2,18,3,0,6,9,0,9,0,22.15,172.0,4.0,10.99,57.49999999999999,0.5483870967741935,274.861,3.3141155991612923,0.575,0.545950864422202,2.9565217391304346
2020-07-02 11:00:00,11,28,1,2,21,4,0,9,11,0,11,0,23.15,84.0,4.0,10.99,70.0,0.7241379310344828,318.02599999999995,4.556778889899908,0.7,0.818926296633303,3.0
2020-07-02 12:00:00,12,27,1,2,21,3,0,5,14,0,14,0,24.15,86.0,4.0,10.99,67.5,0.7884615384615384,361.721,3.431727496377178,0.675,0.4549590536851683,3.037037037037037
2020-07-02 13:00:00,13,28,1,2,22,3,0,4,13,0,13,0,25.15,144.0,4.0,10.99,70.0,0.7870370370370371,356.106,3.2299005589496943,0.7,0.3639672429481346,3.0357142857142856
2020-07-02 14:00:00,14,22,1,3,16,2,0,6,11,0,11,0,26.15,183.0,4.0,10.99,55.00000000000001,0.5948275862068966,322.076,3.437300438415088,0.55,0.545950864422202,3.136363636363636
2020-07-02 15:00:00,15,24,1,3,18,2,0,9,11,0,11,0,27.15,239.0,4.0,10.99,60.0,0.646551724137931,332.006,4.434144676979072,0.6,0.818926296633303,3.125
2020-07-02 16:00:00,16,20,0,2,16,2,0,4,8,1,9,1,28.15,156.0,4.0,10.99,50.0,0.4838709677419355,303.1343068017366,2.591901728844404,0.5,0.3639672429481346,3.0
2020-07-02 17:00:00,17,25,0,2,22,1,0,8,7,1,8,1,29.15,158.5,4.0,10.99,62.5,0.59375,306.0993068017366,4.112920837124658,0.625,0.7279344858962693,3.04
2020-07-02 18:00:00,18,24,0,4,20,0,0,6,8,2,10,2,30.15,102.0,4.0,10.99,60.0,0.6333333333333333,337.2626136034732,3.628844404003639,0.6,0.545950864422202,3.1666666666666665
2020-07-02 19:00:00,19,23,0,3,20,0,0,6,5,1,6,1,31.15,102.0,4.0,10.99,57.49999999999999,0.5294117647058824,286.2893068017366,3.509063575582545,0.575,0.545950864422202,3.130434782608696
2020-07-02 20:00:00,20,20,0,2,17,1,0,4,5,1,6,1,12.583333333333334,144.5,4.0,10.0,50.0,0.4485294117647059,175.13830680173663,2.745,0.5,0.4,3.05
2020-07-02 21:00:00,21,20,0,2,17,1,0,9,4,0,4,0,13.583333333333334,48.5,4.0,10.0,50.0,0.4236111111111111,153.11,4.27,0.5,0.9,3.05
2020-07-02 22:00:00,22,17,1,2,13,1,0,7,3,1,4,1,6.066666666666666,37.5,3.0,6.68,42.5,0.5,105.1493068017366,4.678636843959141,0.425,1.0479041916167666,3.176470588235294
2020-07-02 23:00:00,23,19,1,3,14,1,0,7,3,1,4,1,7.066666666666666,97.5,3.0,6.68,47.5,0.5648148148148148,115.0793068017366,4.889323983611725,0.475,1.0479041916167666,3.210526315789474
2020-07-03 00:00:00,0,20,2,3,13,2,0,8,3,1,4,1,8.066666666666666,157.5,3.0,6.68,50.0,0.6018518518518519,122.86430680173665,5.517215568862276,0.5,1.1976047904191618,3.25
2020-07-03 01:00:00,1,20,2,3,14,1,0,4,4,1,5,1,9.066666666666666,190.0,3.0,6.68,50.0,0.6285714285714286,141.9043068017366,3.626047904191617,0.5,0.5988023952095809,3.3
2020-07-03 02:00:00,2,18,2,2,12,2,0,3,4,1,5,1,10.066666666666666,250.0,3.0,6.68,45.0,0.5523809523809524,143.25430680173662,2.897105788423154,0.45,0.4491017964071856,3.2222222222222223
2020-07-03 03:00:00,3,17,1,2,12,2,0,3,4,0,4,0,11.066666666666666,337.5,3.0,6.68,42.5,0.4907407407407407,132.481,2.725140894681226,0.425,0.4491017964071856,3.117647058823529
2020-07-03 04:00:00,4,15,2,2,9,2,0,2,4,1,5,1,12.066666666666666,370.0,3.0,6.68,37.5,0.4666666666666667,148.0993068017366,2.203043912175649,0.375,0.2994011976047904,3.2666666666666666
2020-07-03 05:00:00,5,18,2,2,13,1,0,5,4,1,5,1,13.066666666666666,430.0,3.0,6.68,45.0,0.5619047619047619,160.1743068017366,3.928426480372588,0.45,0.7485029940119761,3.2777777777777777
2020-07-03 06:00:00,6,14,1,2,10,1,0,0,4,0,4,0,14.066666666666666,517.5,3.0,6.68,35.0,0.4166666666666667,142.966,1.125,0.35,0.0,3.2142857142857144
2020-07-03 07:00:00,7,18,1,2,14,1,0,4,5,0,5,0,15.066666666666666,550.0,3.0,6.68,45.0,0.5428571428571428,170.586,3.321207584830339,0.45,0.5988023952095809,3.1666666666666665
2020-07-03 08:00:00,8,17,1,1,14,1,0,4,5,0,5,0,12.0,610.0,3.0,6.65,42.5,0.5047619047619047,151.14499999999998,3.2002764263600176,0.425,0.6015037593984962,3.117647058823529
2020-07-03 09:00:00,9,18,1,1,14,2,0,6,5,1,6,1,12.516666666666667,51.0,3.0,6.65,45.0,0.5392156862745098,170.4723068017366,4.13189223057644,0.45,0.9022556390977444,3.055555555555556
2020-07-03 10:00:00,10,23,0,2,20,1,0,7,6,2,8,2,13.516666666666667,70.5,4.0,10.35,57.49999999999999,0.546875,214.5056136034732,3.8083910943079182,0.575,0.6763285024154588,3.0434782608695654
2020-07-03 11:00:00,11,29,0,2,26,1,0,13,11,2,13,2,14.516666666666667,47.0,4.0,10.35,72.5,0.8148148148148148,300.01561360347324,6.0114276195235705,0.725,1.256038647342995,3.034482758620689
2020-07-03 12:00:00,12,25,0,2,23,0,0,5,12,2,14,2,14.466666666666669,104.0,4.0,10.35,62.5,0.7403846153846154,304.5536136034732,3.412922705314009,0.625,0.4830917874396134,3.08
2020-07-03 13:00:00,13,21,0,2,19,0,0,1,10,1,11,1,15.466666666666669,161.0,4.0,10.35,52.5,0.5603448275862069,260.5453068017366,1.9240568207959516,0.525,0.0966183574879226,3.095238095238096
2020-07-03 14:00:00,14,20,0,2,18,0,0,4,9,0,9,0,16.466666666666665,221.0,4.0,10.35,50.0,0.5,236.372,2.7480676328502414,0.5,0.3864734299516907,3.1
2020-07-03 15:00:00,15,18,1,1,16,0,0,6,6,1,7,1,17.466666666666665,255.0,4.0,10.35,45.0,0.4318181818181818,211.79030680173665,3.260748792270531,0.45,0.5797101449275361,3.1666666666666665
2020-07-03 16:00:00,16,15,1,3,11,0,0,5,3,2,5,2,6.75,137.0,4.0,10.35,37.5,0.3571428571428571,118.98161360347322,2.860305958132045,0.375,0.4830917874396134,3.333333333333333
2020-07-03 17:00:00,17,16,0,2,13,1,0,7,2,1,3,1,7.75,108.0,4.0,10.35,40.0,0.3310810810810811,99.0983068017366,3.2962560386473423,0.4,0.6763285024154588,3.0625
2020-07-03 18:00:00,18,17,1,4,10,2,0,10,3,2,5,2,7.25,110.0,4.0,10.35,42.5,0.3928571428571428,126.0916136034732,4.500888036373969,0.425,0.9661835748792268,3.235294117647059
2020-07-03 19:00:00,19,16,1,2,12,1,0,3,2,2,4,2,5.433333333333334,141.0,4.0,10.35,40.0,0.3541666666666667,100.30061360347324,2.1989130434782607,0.4,0.289855072463768,3.1875
2020-07-03 20:00:00,20,18,1,2,14,1,0,7,3,2,5,2,5.4,172.0,4.0,10.08,45.0,0.4071428571428571,117.80261360347322,3.624074074074074,0.45,0.6944444444444444,3.1666666666666665
2020-07-03 21:00:00,21,14,0,2,11,0,1,7,3,1,4,1,5.8,53.0,4.0,10.08,35.0,0.2916666666666667,97.2103068017366,3.133333333333333,0.35,0.6944444444444444,3.0
2020-07-03 22:00:00,22,13,0,1,11,0,1,5,3,1,4,1,6.8,92.0,3.0,6.38,32.5,0.3518518518518518,100.7053068017366,3.240812635640222,0.325,0.7836990595611285,2.923076923076923
2020-07-03 23:00:00,23,19,1,1,14,2,1,12,4,1,5,1,7.8,142.0,3.0,6.38,47.5,0.5333333333333333,132.6153068017366,6.9436396634218776,0.475,1.8808777429467085,2.9473684210526314
2020-07-04 00:00:00,0,19,1,2,14,1,1,11,4,1,5,1,8.8,202.0,3.0,6.38,47.5,0.5523809523809524,138.25530680173662,6.713157894736843,0.475,1.7241379310344829,3.0526315789473686
2020-07-04 01:00:00,1,17,1,2,13,0,1,3,5,1,6,1,9.8,237.0,3.0,6.38,42.5,0.5196078431372549,153.00530680173662,2.790978240826111,0.425,0.4702194357366771,3.117647058823529
2020-07-04 02:00:00,2,14,1,2,10,0,1,3,5,1,6,1,10.8,297.0,3.0,6.38,35.0,0.4313725490196078,152.2103068017366,2.577832512315271,0.35,0.4702194357366771,3.142857142857143
2020-07-04 03:00:00,3,12,1,1,9,0,1,2,6,0,6,0,7.5,313.0,3.0,6.38,30.0,0.3627450980392157,128.44,1.8915621734587251,0.3,0.3134796238244514,3.083333333333333
2020-07-04 04:00:00,4,12,1,1,9,0,1,1,6,0,6,0,8.5,373.0,3.0,6.38,30.0,0.3627450980392157,134.07999999999998,1.4082810867293625,0.3,0.1567398119122257,3.083333333333333
2020-07-04 05:00:00,5,16,1,2,12,0,1,4,6,0,6,0,9.5,433.0,3.0,6.38,40.0,0.4901960784313725,148.3,3.2092476489028217,0.4,0.6269592476489029,3.125
2020-07-04 06:00:00,6,16,1,1,13,0,1,1,6,0,6,0,10.5,493.0,3.0,6.38,40.0,0.4803921568627451,153.94,1.7050156739811917,0.4,0.1567398119122257,3.0625
2020-07-04 07:00:00,7,16,1,1,13,0,1,3,7,0,7,0,11.5,534.0,3.0,6.38,40.0,0.494949494949495,172.98000000000002,2.6650470219435736,0.4,0.4702194357366771,3.0625
2020-07-04 08:00:00,8,17,1,0,15,0,1,5,8,1,9,1,12.5,428.0,3.0,6.65,42.5,0.5483870967741935,208.43330680173665,3.530639097744361,0.425,0.7518796992481203,3.0
2020-07-04 09:00:00,9,21,0,0,19,1,1,9,13,1,14,1,13.5,73.5,3.0,6.65,52.5,0.7692307692307693,289.6533068017366,5.366809881847476,0.525,1.3533834586466165,2.857142857142857
2020-07-04 10:00:00,10,19,0,0,17,1,1,5,12,0,12,0,14.5,82.0,4.0,10.11,47.5,0.4821428571428571,263.33500000000004,2.755591129158207,0.475,0.4945598417408506,2.8421052631578947
2020-07-04 11:00:00,11,23,0,0,22,1,0,9,13,0,13,0,15.5,133.0,4.0,10.11,57.49999999999999,0.6296296296296297,290.95500000000004,4.331918462133918,0.575,0.8902077151335313,2.9565217391304346
2020-07-04 12:00:00,12,24,1,1,21,1,0,7,12,1,13,1,14.316666666666666,81.0,4.0,10.11,60.0,0.6851851851851852,287.29430680173664,3.984849983514672,0.6,0.6923837784371909,3.083333333333333
2020-07-04 13:00:00,13,21,1,2,17,1,0,5,11,1,12,1,15.316666666666666,134.5,4.0,10.11,52.5,0.5892857142857143,273.0993068017366,3.2043309311855306,0.525,0.4945598417408506,3.142857142857143
2020-07-04 14:00:00,14,23,1,2,15,5,0,8,8,1,9,1,16.316666666666666,133.0,4.0,10.11,57.49999999999999,0.5483870967741935,242.8293068017366,4.039483077452372,0.575,0.7912957467853611,2.9565217391304346
2020-07-04 15:00:00,15,26,0,3,17,6,0,10,9,0,9,0,17.316666666666666,87.0,4.0,10.11,65.0,0.6048387096774194,254.036,4.728229856197216,0.65,0.9891196834817012,2.8846153846153846
2020-07-04 16:00:00,16,24,0,4,16,4,0,8,8,0,8,0,5.4,103.0,4.0,10.11,60.0,0.5625,169.136,4.173887240356083,0.6,0.7912957467853611,3.0
2020-07-04 17:00:00,17,23,0,4,16,3,0,9,8,0,8,0,6.066666666666666,130.5,4.0,10.11,57.49999999999999,0.546875,170.75099999999998,4.459327828667269,0.575,0.8902077151335313,3.0434782608695654
2020-07-04 18:00:00,18,16,0,4,12,0,0,8,7,0,7,0,4.45,103.0,4.0,10.11,40.0,0.3939393939393939,133.21800000000002,3.871711177052424,0.4,0.7912957467853611,3.25
2020-07-04 19:00:00,19,20,1,5,13,1,0,10,8,0,8,0,4.416666666666667,71.0,4.0,10.11,50.0,0.515625,155.01,4.914094955489614,0.5,0.9891196834817012,3.3
2020-07-04 20:00:00,20,20,1,5,14,0,0,5,8,0,8,0,5.416666666666667,117.5,4.0,9.76,50.0,0.5234375,160.65,3.3911885245901634,0.5,0.5122950819672131,3.35
2020-07-04 21:00:00,21,17,1,3,13,0,0,6,3,0,3,0,4.666666666666667,150.0,4.0,9.76,42.5,0.3783783783783784,82.98499999999999,3.4250723240115715,0.425,0.6147540983606558,3.294117647058824
2020-07-04 22:00:00,22,19,0,2,17,0,0,6,4,0,4,0,5.45,27.5,3.0,6.3,47.5,0.5462962962962963,105.093,4.432393483709273,0.475,0.9523809523809524,3.1052631578947367
2020-07-04 23:00:00,23,21,0,4,15,2,0,10,4,0,4,0,6.45,87.5,3.0,6.3,52.5,0.6018518518518519,115.02300000000002,6.538076341647771,0.525,1.5873015873015874,3.095238095238096
2020-07-05 00:00:00,0,20,0,5,14,1,0,7,5,0,5,0,7.45,141.0,3.0,6.3,50.0,0.6095238095238096,131.918,5.155555555555556,0.5,1.1111111111111112,3.2
2020-07-05 01:00:00,1,20,1,4,15,0,0,6,5,0,5,0,8.45,201.0,3.0,6.3,50.0,0.6285714285714286,137.558,4.792857142857144,0.5,0.9523809523809524,3.3
2020-07-05 02:00:00,2,19,1,4,14,0,0,5,6,0,6,0,9.45,258.0,3.0,6.3,47.5,0.6176470588235294,154.453,4.2065789473684205,0.475,0.7936507936507937,3.3157894736842106
2020-07-05 03:00:00,3,15,1,2,12,0,0,1,7,0,7,0,10.45,315.0,3.0,6.3,37.5,0.494949494949495,164.91299999999998,1.7435185185185185,0.375,0.1587301587301587,3.2666666666666666
2020-07-05 04:00:00,4,18,1,2,15,0,0,3,8,0,8,0,11.45,307.5,3.0,6.3,45.0,0.6041666666666666,190.388,2.9843915343915346,0.45,0.4761904761904762,3.2222222222222223
2020-07-05 05:00:00,5,19,1,3,15,0,0,2,10,0,10,0,12.45,264.5,3.0,6.3,47.5,0.6888888888888889,224.973,2.585923141186299,0.475,0.3174603174603174,3.263157894736842
2020-07-05 06:00:00,6,21,1,3,17,0,0,3,12,0,12,0,13.45,262.5,3.0,6.3,52.5,0.8095238095238095,261.70300000000003,3.2419501133786848,0.525,0.4761904761904762,3.238095238095238
2020-07-05 07:00:00,7,20,1,3,16,0,0,1,12,0,12,0,14.45,322.5,3.0,6.3,50.0,0.7738095238095238,265.198,2.140873015873016,0.5,0.1587301587301587,3.25
2020-07-05 08:00:00,8,22,1,5,16,0,0,5,13,0,13,0,15.45,356.0,3.0,6.66,55.00000000000001,0.9012345679012346,288.528,4.316127491127491,0.55,0.7507507507507507,3.3181818181818183
2020-07-05 09:00:00,9,26,1,6,18,1,0,11,11,0,11,0,16.45,240.0,3.0,6.66,65.0,0.9770114942528736,275.948,7.524630399630399,0.65,1.6516516516516515,3.269230769230769
2020-07-05 10:00:00,10,20,1,4,15,0,0,6,8,1,9,1,17.45,300.0,4.0,10.36,50.0,0.532258064516129,242.7863068017366,3.5611969111969115,0.5,0.5791505791505792,3.3
2020-07-05 11:00:00,11,22,1,5,14,2,0,12,8,1,9,1,18.45,124.0,4.0,10.36,55.00000000000001,0.5725806451612904,252.7163068017366,5.513153738153738,0.55,1.1583011583011584,3.227272727272727
2020-07-05 12:00:00,12,23,1,4,17,1,0,8,8,1,9,1,19.45,119.0,4.0,10.36,57.49999999999999,0.5967741935483871,260.50130680173663,4.334472049689441,0.575,0.7722007722007722,3.217391304347826
2020-07-05 13:00:00,13,23,1,4,17,1,0,7,8,1,9,1,15.25,179.0,4.0,10.36,57.49999999999999,0.5967741935483871,236.81330680173664,4.02391304347826,0.575,0.6756756756756757,3.217391304347826
2020-07-05 14:00:00,14,26,1,5,19,1,0,14,9,1,10,1,13.816666666666666,73.0,4.0,10.36,65.0,0.7,248.56430680173665,6.465904365904366,0.65,1.351351351351351,3.230769230769231
2020-07-05 15:00:00,15,28,1,4,22,1,0,12,7,1,8,1,14.816666666666666,88.5,4.0,10.36,70.0,0.6953125,231.69430680173664,5.906742967457253,0.7,1.1583011583011584,3.1785714285714284
2020-07-05 16:00:00,16,21,1,4,15,1,0,10,5,1,6,1,15.816666666666666,141.0,4.0,10.36,52.5,0.5,195.5193068017366,4.825574554145984,0.525,0.9652509652509652,3.238095238095238
2020-07-05 17:00:00,17,22,1,5,14,2,0,10,7,1,8,1,16.816666666666666,163.5,4.0,10.36,55.00000000000001,0.5546875,230.10430680173664,4.890128115128115,0.55,0.9652509652509652,3.227272727272727
2020-07-05 18:00:00,18,20,1,4,14,1,0,9,6,1,7,1,17.816666666666666,111.0,4.0,10.36,50.0,0.4924242424242424,218.0543068017366,4.448359073359073,0.5,0.8687258687258688,3.25
2020-07-05 19:00:00,19,19,2,4,11,2,0,8,7,1,8,1,18.816666666666663,125.5,4.0,10.36,47.5,0.4921875,234.9493068017366,4.135455192034139,0.475,0.7722007722007722,3.3157894736842106
2020-07-05 20:00:00,20,19,3,4,10,2,0,8,5,2,7,2,19.816666666666663,91.0,4.0,12.84,47.5,0.4924242424242424,228.0576136034732,3.756496966715855,0.475,0.6230529595015576,3.421052631578948
2020-07-05 21:00:00,21,23,2,4,15,2,0,9,8,1,9,1,20.816666666666663,109.0,4.0,12.84,57.49999999999999,0.6048387096774194,268.2093068017366,4.160656237301909,0.575,0.7009345794392523,3.260869565217391
2020-07-05 22:00:00,22,29,1,3,22,3,0,18,11,1,12,1,13.366666666666667,88.5,3.0,9.14,72.5,1.0595238095238095,279.2613068017366,8.268914585376896,0.725,1.9693654266958425,3.0689655172413794
2020-07-05 23:00:00,23,31,1,4,26,0,0,9,12,1,13,1,14.366666666666667,112.0,3.0,9.14,77.5,1.2222222222222223,302.59130680173666,5.619631891014328,0.775,0.9846827133479212,3.193548387096774
2020-07-06 00:00:00,0,31,0,3,26,2,0,9,12,0,12,0,12.733333333333333,167.0,3.0,9.14,77.5,1.119047619047619,279.111,5.335812098538858,0.775,0.9846827133479212,3.032258064516129
2020-07-06 01:00:00,1,27,0,6,20,1,0,5,14,1,15,1,13.733333333333333,213.0,3.0,9.14,67.5,1.1466666666666667,317.2393068017366,3.8924426614798606,0.675,0.5470459518599562,3.185185185185185
2020-07-06 02:00:00,2,27,0,6,20,1,0,4,16,1,17,1,14.733333333333333,256.0,3.0,9.14,67.5,1.2463768115942029,349.67930680173663,3.5439541291838887,0.675,0.437636761487965,3.185185185185185
2020-07-06 03:00:00,3,32,0,7,22,3,0,7,19,1,20,1,15.733333333333333,300.5,3.0,9.14,80.0,1.6666666666666667,406.24430680173657,4.893326039387309,0.8,0.7658643326039387,3.125
2020-07-06 04:00:00,4,34,0,7,25,2,0,4,19,1,20,1,16.733333333333334,360.5,3.0,9.14,85.0,1.7833333333333334,416.17430680173663,4.052268631741536,0.85,0.437636761487965,3.147058823529412
2020-07-06 05:00:00,5,33,1,7,25,0,0,1,19,1,20,1,17.733333333333334,420.5,3.0,9.14,82.5,1.8,419.66930680173664,3.058066441217426,0.825,0.1094091903719912,3.272727272727273
2020-07-06 06:00:00,6,32,0,7,24,1,0,2,19,1,20,1,18.73333333333333,480.5,3.0,9.14,80.0,1.7,423.1643068017366,3.2474835886214444,0.8,0.2188183807439825,3.1875
2020-07-06 07:00:00,7,33,0,7,25,1,0,5,19,1,20,1,19.73333333333333,540.5,3.0,9.14,82.5,1.75,430.9493068017366,4.365600755918042,0.825,0.5470459518599562,3.1818181818181817
2020-07-06 08:00:00,8,34,0,7,26,1,0,6,19,1,20,1,20.73333333333333,600.5,3.0,6.63,85.0,1.8,438.7343068017366,5.574634016502528,0.85,0.9049773755656108,3.176470588235294
2020-07-06 09:00:00,9,33,0,4,27,2,0,10,11,1,12,1,21.73333333333333,592.5,3.0,6.63,82.5,1.2023809523809523,335.02930680173665,7.141298733945793,0.825,1.5082956259426847,3.060606060606061
2020-07-06 10:00:00,10,29,0,5,23,1,0,4,11,1,12,1,19.316666666666663,536.0,4.0,9.97,72.5,0.8125,312.8193068017366,3.533949261577837,0.725,0.4012036108324975,3.1379310344827585
2020-07-06 11:00:00,11,34,1,5,27,1,0,13,12,1,13,1,20.316666666666663,563.0,4.0,9.97,85.0,1.0,342.5843068017366,6.84183727653549,0.85,1.303911735205617,3.176470588235294
2020-07-06 12:00:00,12,42,1,8,31,2,0,14,17,1,18,1,21.316666666666663,229.0,4.0,9.97,105.0,1.5227272727272727,432.3843068017366,7.830106987629557,1.05,1.4042126379137414,3.1904761904761907
2020-07-06 13:00:00,13,43,1,8,32,2,0,7,18,1,19,1,22.316666666666663,190.0,4.0,9.97,107.5,1.630952380952381,453.5693068017366,5.661943388304448,1.075,0.7021063189568707,3.186046511627907
2020-07-06 14:00:00,14,35,0,5,28,2,0,5,16,0,16,0,23.316666666666663,210.5,4.0,9.97,87.5,1.125,400.981,4.247499641782491,0.875,0.501504513540622,3.085714285714286
2020-07-06 15:00:00,15,35,0,3,31,1,0,8,13,0,13,0,24.316666666666663,232.0,4.0,9.97,87.5,0.9907407407407408,366.4210000000001,5.128073506232985,0.875,0.8024072216649951,3.057142857142857
2020-07-06 16:00:00,16,29,0,1,27,1,0,4,10,0,10,0,19.566666666666663,289.0,4.0,9.97,72.5,0.725,286.561,3.3786108324974924,0.725,0.4012036108324975,3.0
2020-07-06 17:00:00,17,29,0,1,28,0,0,4,9,0,9,0,20.566666666666663,352.0,4.0,9.97,72.5,0.7096774193548387,278.801,3.417445439767578,0.725,0.4012036108324975,3.034482758620689
2020-07-06 18:00:00,18,21,0,1,20,0,0,4,8,0,8,0,10.283333333333331,398.0,4.0,9.97,52.5,0.5,190.243,2.822715766346659,0.525,0.4012036108324975,3.0476190476190474
2020-07-06 19:00:00,19,12,0,1,10,1,0,3,3,0,3,0,11.283333333333331,466.0,4.0,9.97,30.0,0.2432432432432432,109.578,1.80270812437312,0.3,0.3009027081243731,3.0
2020-07-06 20:00:00,20,18,0,3,15,0,0,13,1,0,1,0,12.283333333333331,532.0,4.0,11.1,45.0,0.3653846153846153,101.28799999999998,5.133708708708708,0.45,1.1711711711711712,3.1666666666666665
2020-07-06 21:00:00,21,20,1,4,14,1,0,9,3,1,4,1,13.283333333333331,24.0,4.0,11.1,50.0,0.4513888888888889,152.2863068017366,4.260135135135136,0.5,0.8108108108108109,3.25
2020-07-06 22:00:00,22,17,2,3,11,1,0,6,4,2,6,2,10.866666666666667,72.0,3.0,7.76,42.5,0.5588235294117647,159.8896136034732,4.017480291085507,0.425,0.7731958762886598,3.3529411764705883
2020-07-06 23:00:00,23,16,0,2,11,3,0,6,4,0,4,0,11.866666666666667,132.0,3.0,7.76,40.0,0.4351851851851852,134.848,3.446262886597938,0.4,0.7731958762886598,2.9375
2020-07-07 00:00:00,0,19,0,2,14,3,0,9,5,0,5,0,12.866666666666667,187.0,3.0,7.76,47.5,0.5333333333333333,160.32299999999998,4.818339663591969,0.475,1.1597938144329898,2.9473684210526314
2020-07-07 01:00:00,1,18,0,2,14,2,0,6,8,0,8,0,13.866666666666667,157.5,3.0,7.76,45.0,0.5625,204.018,3.66958762886598,0.45,0.7731958762886598,3.0
2020-07-07 02:00:00,2,19,1,3,13,2,0,5,8,1,9,1,14.866666666666667,142.0,3.0,7.76,47.5,0.6451612903225806,226.07130680173665,3.5347259902333152,0.475,0.6443298969072165,3.1578947368421053
2020-07-07 03:00:00,3,18,1,2,13,2,0,6,9,0,9,0,15.866666666666667,202.0,3.0,7.76,45.0,0.6021505376344086,228.698,3.805498281786942,0.45,0.7731958762886598,3.111111111111111
2020-07-07 04:00:00,4,18,1,3,13,1,0,3,9,0,9,0,16.866666666666667,226.0,3.0,7.76,45.0,0.6236559139784946,234.338,2.695704467353952,0.45,0.3865979381443299,3.2222222222222223
2020-07-07 05:00:00,5,12,1,3,7,1,0,1,9,0,9,0,17.866666666666667,286.0,3.0,7.76,30.0,0.4301075268817204,227.108,1.4295532646048112,0.3,0.1288659793814433,3.333333333333333
2020-07-07 06:00:00,6,15,1,3,10,1,0,3,9,0,9,0,18.866666666666667,346.0,3.0,7.76,37.5,0.5268817204301075,239.183,2.487886597938144,0.375,0.3865979381443299,3.2666666666666666
2020-07-07 07:00:00,7,17,1,4,10,2,0,4,10,0,10,0,19.866666666666667,394.5,3.0,7.76,42.5,0.6111111111111112,262.51300000000003,3.0426773802304425,0.425,0.5154639175257733,3.235294117647059
2020-07-07 08:00:00,8,17,1,4,10,2,0,2,11,0,11,0,20.866666666666667,443.0,3.0,6.68,42.5,0.632183908045977,281.553,2.343650933427263,0.425,0.2994011976047904,3.235294117647059
2020-07-07 09:00:00,9,15,0,1,12,2,0,4,9,0,9,0,21.866666666666667,387.0,3.0,6.68,37.5,0.4731182795698925,256.103,2.856487025948104,0.375,0.5988023952095809,2.933333333333333
2020-07-07 10:00:00,10,15,0,1,13,1,0,5,9,0,9,0,22.866666666666667,211.0,4.0,9.93,37.5,0.3629032258064516,261.743,2.635574018126888,0.375,0.5035246727089627,3.0
2020-07-07 11:00:00,11,18,0,1,15,2,0,6,12,0,12,0,23.866666666666667,148.5,4.0,9.93,45.0,0.4732142857142857,314.01800000000003,3.104120510238335,0.45,0.6042296072507553,2.9444444444444446
2020-07-07 12:00:00,12,26,0,4,19,3,0,11,13,0,13,0,24.866666666666667,97.0,4.0,9.93,65.0,0.7314814814814815,350.218,5.340868773723758,0.65,1.107754279959718,3.0384615384615383
2020-07-07 13:00:00,13,30,0,3,24,3,0,9,16,0,16,0,25.866666666666667,109.5,4.0,9.93,75.0,0.9375,404.638,4.969033232628399,0.75,0.9063444108761328,3.0
2020-07-07 14:00:00,14,32,0,2,27,3,0,5,18,0,18,0,26.866666666666667,137.5,4.0,9.93,80.0,1.0795454545454546,441.36800000000005,3.869838872104733,0.8,0.5035246727089627,2.96875
2020-07-07 15:00:00,15,28,0,1,25,2,0,5,13,0,13,0,14.766666666666667,185.0,4.0,9.93,70.0,0.7685185185185185,297.54400000000004,3.567590994101568,0.7,0.5035246727089627,2.9642857142857144
2020-07-07 16:00:00,16,22,0,1,20,1,0,4,10,0,10,0,8.316666666666666,242.0,4.0,9.93,55.00000000000001,0.55,208.096,2.85845921450151,0.55,0.4028197381671702,3.0
2020-07-07 17:00:00,17,19,0,1,17,1,0,1,9,0,9,0,9.316666666666666,299.0,4.0,9.93,47.5,0.4596774193548387,193.901,1.7271148036253776,0.475,0.1007049345417925,3.0
2020-07-07 18:00:00,18,22,0,2,20,0,0,9,12,0,12,0,10.316666666666666,148.5,4.0,9.93,55.00000000000001,0.6071428571428571,246.176,4.501428179071684,0.55,0.9063444108761328,3.090909090909091
2020-07-07 19:00:00,19,19,0,1,18,0,0,5,8,0,8,0,7.733333333333333,95.5,4.0,9.93,47.5,0.453125,171.57099999999997,2.9870753166905177,0.475,0.5035246727089627,3.0526315789473686
2020-07-07 20:00:00,20,18,0,0,16,2,0,7,7,1,8,1,8.733333333333333,119.0,4.0,10.05,45.0,0.40625,175.93430680173662,3.3121614151464893,0.45,0.6965174129353233,2.888888888888889
2020-07-07 21:00:00,21,20,0,0,18,2,0,5,6,1,7,1,9.733333333333333,157.0,4.0,10.05,50.0,0.4393939393939394,172.4643068017366,2.892786069651741,0.5,0.4975124378109452,2.9
2020-07-07 22:00:00,22,22,1,1,19,1,0,7,5,1,6,1,10.733333333333333,196.5,3.0,6.8,55.00000000000001,0.6666666666666666,168.99430680173663,4.881818181818182,0.55,1.0294117647058825,3.090909090909091
2020-07-07 23:00:00,23,21,0,1,19,1,0,6,6,0,6,0,11.733333333333333,235.5,3.0,6.8,52.5,0.6176470588235294,171.62099999999998,4.222058823529411,0.525,0.8823529411764706,3.0
2020-07-08 00:00:00,0,24,0,2,21,1,0,7,6,1,7,1,12.733333333333333,254.0,3.0,6.8,60.0,0.7373737373737373,197.9643068017366,4.956127450980392,0.6,1.0294117647058825,3.0416666666666665
2020-07-08 01:00:00,1,20,1,2,16,1,0,4,7,1,8,1,13.733333333333333,252.0,3.0,6.8,50.0,0.65625,208.4243068017366,3.4279411764705885,0.5,0.5882352941176471,3.15
2020-07-08 02:00:00,2,18,1,2,15,0,0,1,7,1,8,1,14.733333333333333,312.0,3.0,6.8,45.0,0.6041666666666666,209.7743068017366,1.9238562091503268,0.45,0.1470588235294117,3.2222222222222223
2020-07-08 03:00:00,3,20,1,2,17,0,0,3,7,1,8,1,15.733333333333333,372.0,3.0,6.8,50.0,0.6666666666666666,219.7043068017366,3.011764705882353,0.5,0.4411764705882353,3.2
2020-07-08 04:00:00,4,23,1,2,20,0,0,5,7,1,8,1,16.733333333333334,432.0,3.0,6.8,57.49999999999999,0.7604166666666666,231.77930680173665,4.158759590792839,0.575,0.7352941176470589,3.1739130434782608
2020-07-08 05:00:00,5,22,1,2,18,1,0,2,7,1,8,1,17.733333333333334,492.0,3.0,6.8,55.00000000000001,0.71875,235.27430680173663,2.647459893048129,0.55,0.2941176470588235,3.136363636363636
2020-07-08 06:00:00,6,25,1,2,21,1,0,5,9,1,10,1,18.73333333333333,478.0,3.0,6.8,62.5,0.8666666666666667,274.14930680173666,4.244117647058824,0.625,0.7352941176470589,3.12
2020-07-08 07:00:00,7,31,1,3,26,1,0,7,9,1,10,1,19.73333333333333,538.0,3.0,6.8,77.5,1.0777777777777775,292.6593068017366,5.646062618595826,0.775,1.0294117647058825,3.129032258064516
2020-07-08 08:00:00,8,33,1,3,28,1,0,6,12,1,13,1,20.73333333333333,526.0,3.0,6.66,82.5,1.271604938271605,342.7893068017366,5.386902811902811,0.825,0.9009009009009008,3.121212121212121
2020-07-08 09:00:00,9,37,0,4,30,3,0,8,12,1,13,1,21.73333333333333,232.0,3.0,6.66,92.5,1.382716049382716,357.0093068017366,6.436068500933367,0.925,1.2012012012012012,3.027027027027027
2020-07-08 10:00:00,10,37,0,4,30,3,0,5,13,1,14,1,22.73333333333333,156.5,4.0,10.36,92.5,1.0769230769230769,376.04930680173663,4.260920379839299,0.925,0.4826254826254826,3.027027027027027
2020-07-08 11:00:00,11,44,0,4,37,3,0,12,16,1,17,1,23.73333333333333,159.0,4.0,10.36,110.0,1.4456521739130437,436.9043068017367,6.826228501228502,1.1,1.1583011583011584,3.022727272727273
2020-07-08 12:00:00,12,39,0,5,32,2,0,7,16,1,17,1,20.916666666666668,203.0,4.0,10.36,97.5,1.3043478260869563,410.2933068017367,5.079002079002079,0.975,0.6756756756756757,3.076923076923077
2020-07-08 13:00:00,13,35,0,4,28,3,0,6,14,1,15,1,21.916666666666668,200.0,4.0,10.36,87.5,1.06,380.5533068017367,4.40399889685604,0.875,0.5791505791505792,3.0285714285714285
2020-07-08 14:00:00,14,33,0,5,24,4,0,8,12,1,13,1,22.916666666666668,219.0,4.0,10.36,82.5,0.925925925925926,355.1033068017366,4.84000234000234,0.825,0.7722007722007722,3.0303030303030303
2020-07-08 15:00:00,15,25,0,4,18,3,0,3,10,0,10,0,23.916666666666668,157.0,4.0,10.36,62.5,0.6333333333333333,302.515,2.7803088803088807,0.625,0.2895752895752896,3.04
2020-07-08 16:00:00,16,29,0,6,19,4,0,9,10,1,11,1,20.23333333333333,186.0,4.0,10.36,72.5,0.7672413793103449,304.5893068017366,4.891089735055252,0.725,0.8687258687258688,3.0689655172413794
2020-07-08 17:00:00,17,28,0,8,18,2,0,7,11,1,12,1,21.23333333333333,169.5,4.0,10.36,70.0,0.8035714285714286,321.4843068017366,4.421814671814672,0.7,0.6756756756756757,3.2142857142857144
2020-07-08 18:00:00,18,25,0,6,18,1,0,4,10,1,11,1,22.23333333333333,224.0,4.0,10.36,62.5,0.6896551724137931,307.28930680173664,3.235521235521236,0.625,0.3861003861003861,3.2
2020-07-08 19:00:00,19,23,0,5,17,0,1,5,8,1,9,1,23.23333333333333,284.0,4.0,10.36,57.49999999999999,0.5806451612903226,281.8393068017366,3.3108275977841197,0.575,0.4826254826254826,3.130434782608696
2020-07-08 20:00:00,20,22,0,4,17,1,0,5,8,1,9,1,20.866666666666667,248.0,4.0,11.16,55.00000000000001,0.5564516129032258,266.3463068017366,3.130180840664712,0.55,0.4480286738351254,3.136363636363636
2020-07-08 21:00:00,21,23,0,4,17,2,0,8,8,1,9,1,21.866666666666667,308.0,4.0,11.16,57.49999999999999,0.5725806451612904,274.1313068017366,3.987872058594358,0.575,0.7168458781362007,3.0869565217391304
2020-07-08 22:00:00,22,19,0,4,14,1,0,4,7,2,9,2,22.866666666666667,320.0,3.0,7.46,47.5,0.6451612903225806,272.0596136034732,3.193241145759842,0.475,0.5361930294906166,3.1578947368421053
2020-07-08 23:00:00,23,23,1,4,17,1,0,11,7,3,10,3,13.333333333333334,329.5,3.0,7.46,57.49999999999999,0.8222222222222222,241.1399204052098,6.594142673971325,0.575,1.4745308310991958,3.217391304347826
2020-07-09 00:00:00,0,20,0,5,14,1,0,7,9,1,10,1,14.333333333333334,389.5,3.0,7.46,50.0,0.7111111111111111,238.6083068017366,4.602680965147453,0.5,0.938337801608579,3.2
2020-07-09 01:00:00,1,20,0,5,14,1,0,3,9,0,9,0,15.333333333333334,500.0,3.0,7.46,50.0,0.6881720430107527,229.98,2.8868632707774804,0.5,0.4021447721179624,3.2
2020-07-09 02:00:00,2,20,0,6,14,0,0,3,11,0,11,0,16.333333333333332,459.0,3.0,7.46,50.0,0.7586206896551724,262.42,2.9770777479892763,0.5,0.4021447721179624,3.3
2020-07-09 03:00:00,3,20,0,6,14,0,0,2,11,0,11,0,17.333333333333332,519.0,3.0,7.46,50.0,0.7586206896551724,268.06,2.534718498659517,0.5,0.2680965147453083,3.3
2020-07-09 04:00:00,4,21,0,7,14,0,0,2,11,1,12,1,18.33333333333333,534.0,3.0,7.46,52.5,0.8333333333333334,290.1133068017366,2.643655049151028,0.525,0.2680965147453083,3.333333333333333
2020-07-09 05:00:00,5,21,0,7,14,0,0,1,11,1,12,1,19.33333333333333,594.0,3.0,7.46,52.5,0.8333333333333334,295.7533068017366,2.196827524575514,0.525,0.1340482573726541,3.333333333333333
2020-07-09 06:00:00,6,21,0,6,14,1,0,4,11,0,11,0,20.33333333333333,699.0,3.0,7.46,52.5,0.7816091954022989,287.125,3.436244095493425,0.525,0.5361930294906166,3.238095238095238
2020-07-09 07:00:00,7,22,0,7,14,1,0,1,11,1,12,1,21.33333333333333,714.0,3.0,7.46,55.00000000000001,0.8571428571428571,309.17830680173665,2.23870338776505,0.55,0.1340482573726541,3.272727272727273
2020-07-09 08:00:00,8,19,0,5,14,0,0,3,12,0,12,0,22.33333333333333,774.0,3.0,6.8,47.5,0.7380952380952381,307.515,2.989628482972136,0.475,0.4411764705882353,3.263157894736842
2020-07-09 09:00:00,9,18,1,5,12,0,0,4,9,0,9,0,23.33333333333333,565.0,3.0,6.8,45.0,0.6559139784946236,270.81,3.518464052287582,0.45,0.5882352941176471,3.388888888888889
2020-07-09 10:00:00,10,23,1,5,13,4,0,9,7,0,7,0,17.333333333333332,537.0,4.0,10.05,57.49999999999999,0.5454545454545454,220.895,4.603374432186891,0.575,0.8955223880597014,3.130434782608696
2020-07-09 11:00:00,11,22,0,6,12,4,0,4,9,1,10,1,18.33333333333333,376.5,4.0,10.05,55.00000000000001,0.5666666666666667,265.4583068017366,2.9302125734961555,0.55,0.3980099502487562,3.090909090909091
2020-07-09 12:00:00,12,26,0,5,16,5,0,8,9,1,10,1,16.15,197.0,4.0,10.05,65.0,0.65,261.7243068017366,4.338059701492536,0.65,0.7960199004975124,3.0
2020-07-09 13:00:00,13,20,0,3,13,4,0,1,9,1,10,1,17.15,257.0,4.0,10.05,50.0,0.4916666666666666,254.49430680173663,1.7685323383084577,0.5,0.099502487562189,2.95
2020-07-09 14:00:00,14,18,0,3,13,2,0,4,9,1,10,1,15.45,190.5,4.0,10.05,45.0,0.4583333333333333,240.61630680173656,2.591141514648977,0.45,0.3980099502487562,3.055555555555556
2020-07-09 15:00:00,15,19,0,4,13,2,0,7,6,2,8,2,7.183333333333334,155.0,4.0,10.05,47.5,0.4609375,170.20561360347324,3.6378698612202154,0.475,0.6965174129353233,3.1052631578947367
2020-07-09 16:00:00,16,17,0,3,12,2,0,1,4,2,6,2,8.183333333333334,283.0,4.0,10.05,42.5,0.3823529411764705,144.75561360347322,1.6043605501902254,0.425,0.099502487562189,3.0588235294117645
2020-07-09 17:00:00,17,18,0,1,15,2,0,4,4,1,5,1,9.183333333333334,362.0,4.0,10.05,45.0,0.3785714285714285,138.2723068017366,2.49691818684356,0.45,0.3980099502487562,2.9444444444444446
2020-07-09 18:00:00,18,20,0,3,13,4,0,6,5,2,7,2,10.183333333333334,384.0,4.0,10.05,50.0,0.4469696969696969,175.87061360347323,3.236194029850746,0.5,0.5970149253731343,2.95
2020-07-09 19:00:00,19,20,0,3,14,3,0,7,3,2,5,2,9.9,335.0,4.0,10.05,50.0,0.4285714285714285,147.47261360347323,3.58955223880597,0.5,0.6965174129353233,3.0
2020-07-09 20:00:00,20,21,0,5,13,3,0,7,3,1,4,1,10.9,89.5,4.0,9.83,52.5,0.4513888888888889,140.98930680173663,3.8291369955917256,0.525,0.7121057985757884,3.095238095238096
2020-07-09 21:00:00,21,17,0,5,8,4,0,6,4,0,4,0,11.9,84.5,4.0,9.83,42.5,0.3611111111111111,137.18099999999998,3.16703369038358,0.425,0.6103763987792472,3.0588235294117645
2020-07-09 22:00:00,22,22,1,5,14,2,0,8,4,0,4,0,12.9,74.0,3.0,6.58,55.00000000000001,0.6574074074074074,153.546,5.698735838629455,0.55,1.21580547112462,3.227272727272727
2020-07-09 23:00:00,23,19,1,4,12,1,1,6,5,0,5,0,8.266666666666667,96.0,3.0,6.58,47.5,0.5714285714285714,134.379,4.379539273716205,0.475,0.9118541033434652,3.1578947368421053
2020-07-10 00:00:00,0,21,1,6,14,0,0,8,8,0,8,0,9.266666666666667,94.5,3.0,6.58,52.5,0.7395833333333334,184.509,5.885580402373716,0.525,1.21580547112462,3.380952380952381
2020-07-10 01:00:00,1,21,1,6,14,0,0,4,9,0,9,0,10.266666666666667,123.0,3.0,6.58,52.5,0.7634408602150538,203.549,3.8302902011868576,0.525,0.60790273556231,3.380952380952381
2020-07-10 02:00:00,2,18,1,5,12,0,0,2,9,0,9,0,11.266666666666667,183.0,3.0,6.58,45.0,0.6559139784946236,202.754,2.5550574130361365,0.45,0.303951367781155,3.388888888888889
2020-07-10 03:00:00,3,19,1,5,11,1,1,4,10,0,10,0,12.266666666666667,229.5,3.0,6.58,47.5,0.6777777777777778,223.939,3.476687729963206,0.475,0.60790273556231,3.210526315789474
2020-07-10 04:00:00,4,20,1,5,11,2,1,4,10,0,10,0,13.266666666666667,289.5,3.0,6.58,50.0,0.7,231.724,3.489893617021276,0.5,0.60790273556231,3.15
2020-07-10 05:00:00,5,22,1,6,12,2,1,3,10,1,11,1,14.266666666666667,336.0,3.0,6.58,55.00000000000001,0.8045977011494253,255.92230680173665,3.200676982591876,0.55,0.4559270516717325,3.1818181818181817
2020-07-10 06:00:00,6,21,1,6,11,2,1,1,10,1,11,1,15.266666666666667,396.0,3.0,6.58,52.5,0.7701149425287356,259.41730680173663,2.159874800984224,0.525,0.1519756838905775,3.1904761904761907
2020-07-10 07:00:00,7,21,1,5,13,1,1,3,11,0,11,0,16.266666666666666,456.0,3.0,6.58,52.5,0.7701149425287356,264.189,3.1296244029526705,0.525,0.4559270516717325,3.1904761904761907
2020-07-10 08:00:00,8,22,2,5,13,1,1,2,11,1,12,1,17.266666666666666,510.5,3.0,6.38,55.00000000000001,0.8571428571428571,286.2423068017366,2.8259333143345686,0.55,0.3134796238244514,3.272727272727273
2020-07-10 09:00:00,9,19,3,2,12,1,1,5,5,1,6,1,18.266666666666666,451.0,3.0,6.38,47.5,0.6078431372549019,205.04730680173665,4.107333773304735,0.475,0.7836990595611285,3.263157894736842
2020-07-10 10:00:00,10,28,4,3,19,2,0,10,9,1,10,1,19.266666666666666,168.5,4.0,9.63,70.0,0.775,283.5923068017366,5.774043168669338,0.7,1.038421599169263,3.321428571428572
2020-07-10 11:00:00,11,32,3,5,21,3,0,10,11,0,11,0,20.266666666666666,86.0,4.0,9.63,80.0,0.896551724137931,310.344,5.974870197300104,0.8,1.038421599169263,3.25
2020-07-10 12:00:00,12,27,4,4,17,2,0,3,10,1,11,1,21.266666666666666,135.0,4.0,9.63,67.5,0.7844827586206896,306.1273068017366,3.3249596169378104,0.675,0.3115264797507788,3.3703703703703702
2020-07-10 13:00:00,13,26,4,3,17,2,0,5,10,2,12,2,22.266666666666666,172.5,4.0,9.63,65.0,0.7767857142857143,323.89061360347324,3.912359213994729,0.65,0.5192107995846315,3.3461538461538463
2020-07-10 14:00:00,14,25,4,2,18,1,0,5,10,2,12,2,23.266666666666666,166.5,4.0,9.63,62.5,0.75,327.38561360347325,3.844548286604362,0.625,0.5192107995846315,3.36
2020-07-10 15:00:00,15,26,4,2,19,1,0,3,10,2,12,2,24.266666666666666,161.0,4.0,9.63,65.0,0.7767857142857143,335.1706136034732,3.2174155283968373,0.65,0.3115264797507788,3.3461538461538463
2020-07-10 16:00:00,16,20,2,2,15,1,0,5,8,1,9,1,25.266666666666666,251.0,4.0,9.63,50.0,0.5241935483870968,286.8723068017366,3.3124350986500524,0.5,0.5192107995846315,3.25
2020-07-10 17:00:00,17,19,1,2,15,1,0,6,11,0,11,0,26.266666666666666,145.0,4.0,9.63,47.5,0.5172413793103449,316.299,3.4675356615838666,0.475,0.6230529595015577,3.1578947368421053
2020-07-10 18:00:00,18,24,1,2,19,2,0,7,14,0,14,0,20.83333333333333,121.5,4.0,9.63,60.0,0.7115384615384616,336.58,4.091259951540326,0.6,0.726895119418484,3.083333333333333
2020-07-10 19:00:00,19,20,0,2,16,2,0,4,13,0,13,0,18.05,154.0,4.0,9.63,50.0,0.5555555555555556,298.90200000000004,2.7461059190031154,0.5,0.4153686396677051,3.0
2020-07-10 20:00:00,20,25,0,2,17,6,0,11,11,0,11,0,19.05,166.0,4.0,9.93,62.5,0.6120689655172413,288.467,4.921022155085599,0.625,1.107754279959718,2.84
2020-07-10 21:00:00,21,27,0,2,22,3,0,9,13,0,13,0,20.05,223.0,4.0,9.93,67.5,0.7407407407407407,325.197,4.685464921114468,0.675,0.9063444108761328,2.962962962962963
2020-07-10 22:00:00,22,30,0,3,23,4,0,13,12,0,12,0,21.05,100.0,3.0,6.68,75.0,1.0595238095238095,323.872,7.998453093812376,0.75,1.9461077844311376,2.966666666666667
2020-07-10 23:00:00,23,24,0,1,18,5,0,7,8,0,8,0,22.05,160.0,3.0,6.68,60.0,0.7083333333333334,263.04200000000003,4.669061876247505,0.6,1.0479041916167666,2.833333333333333
2020-07-11 00:00:00,0,19,0,1,16,2,0,4,8,0,8,0,23.05,220.0,3.0,6.68,47.5,0.5833333333333334,257.957,3.164891270091396,0.475,0.5988023952095809,2.9473684210526314
2020-07-11 01:00:00,1,19,0,1,17,1,0,6,8,0,8,0,24.05,280.0,3.0,6.68,47.5,0.59375,263.597,4.119610778443114,0.475,0.8982035928143713,3.0
2020-07-11 02:00:00,2,14,0,1,13,0,0,3,7,0,7,0,25.05,353.0,3.0,6.68,35.0,0.4343434343434343,245.112,2.4543840889649275,0.35,0.4491017964071856,3.071428571428572
2020-07-11 03:00:00,3,14,0,1,13,0,0,4,7,0,7,0,26.05,413.0,3.0,6.68,35.0,0.4343434343434343,250.752,2.91417878528657,0.35,0.5988023952095809,3.071428571428572
2020-07-11 04:00:00,4,14,0,1,13,0,0,3,7,0,7,0,27.05,473.0,3.0,6.68,35.0,0.4343434343434343,256.392,2.4543840889649275,0.35,0.4491017964071856,3.071428571428572
2020-07-11 05:00:00,5,13,0,1,12,0,0,0,7,0,7,0,28.05,533.0,3.0,6.68,32.5,0.404040404040404,259.887,1.0,0.325,0.0,3.076923076923077
2020-07-11 06:00:00,6,13,0,2,11,0,0,2,7,0,7,0,29.05,593.0,3.0,6.68,32.5,0.4141414141414141,265.527,1.9692653155228008,0.325,0.2994011976047904,3.1538461538461537
2020-07-11 07:00:00,7,18,0,1,16,1,0,7,11,0,11,0,30.05,583.0,3.0,6.68,45.0,0.6206896551724138,335.492,4.493712574850299,0.45,1.0479041916167666,3.0
2020-07-11 08:00:00,8,19,0,1,18,0,0,4,12,0,12,0,31.05,636.5,3.0,6.8,47.5,0.6904761904761905,356.677,3.245665634674922,0.475,0.5882352941176471,3.0526315789473686
2020-07-11 09:00:00,9,15,0,1,13,1,0,4,8,0,8,0,16.516666666666666,167.0,3.0,6.8,37.5,0.46875,212.529,2.889705882352941,0.375,0.5882352941176471,3.0
2020-07-11 10:00:00,10,16,0,2,13,1,0,4,5,1,6,1,17.516666666666666,161.0,4.0,10.5,40.0,0.3602941176470588,194.3823068017366,2.3916666666666666,0.4,0.3809523809523809,3.0625
2020-07-11 11:00:00,11,15,0,2,12,1,0,2,5,1,6,1,18.516666666666666,159.5,4.0,10.5,37.5,0.3382352941176471,197.8773068017366,1.7341269841269842,0.375,0.1904761904761904,3.066666666666667
2020-07-11 12:00:00,12,21,1,3,14,3,0,10,6,3,9,3,19.516666666666666,53.0,4.0,10.5,52.5,0.5241935483870968,258.32392040520983,4.572845804988662,0.525,0.9523809523809524,3.095238095238096
2020-07-11 13:00:00,13,17,1,3,10,3,0,4,5,3,8,3,20.516666666666666,102.0,4.0,10.5,42.5,0.4140625,241.9839204052098,2.512675070028011,0.425,0.3809523809523809,3.117647058823529
2020-07-11 14:00:00,14,20,1,4,12,3,0,8,6,3,9,3,21.516666666666666,136.0,4.0,10.5,50.0,0.5080645161290323,267.4589204052098,3.975,0.5,0.7619047619047619,3.15
2020-07-11 15:00:00,15,22,0,4,15,3,0,9,6,1,7,1,22.516666666666666,184.0,4.0,10.5,55.00000000000001,0.5075757575757576,248.85230680173655,4.28538961038961,0.55,0.8571428571428571,3.0454545454545454
2020-07-11 16:00:00,16,26,0,3,20,3,0,7,7,0,7,0,23.516666666666666,154.0,4.0,10.5,65.0,0.5909090909090909,262.20399999999995,3.95,0.65,0.6666666666666666,3.0
2020-07-11 17:00:00,17,21,0,2,15,4,0,6,7,0,7,0,19.98333333333333,214.0,4.0,10.5,52.5,0.4621212121212121,231.551,3.1848639455782317,0.525,0.5714285714285714,2.9047619047619047
2020-07-11 18:00:00,18,20,2,3,12,3,0,6,7,1,8,1,20.98333333333333,129.0,4.0,10.5,50.0,0.5,249.31430680173665,3.428571428571429,0.5,0.5714285714285714,3.2
2020-07-11 19:00:00,19,16,2,3,9,2,0,5,6,1,7,1,21.98333333333333,151.0,4.0,10.5,40.0,0.4015151515151515,232.9743068017366,2.9023809523809523,0.4,0.4761904761904761,3.3125
2020-07-11 20:00:00,20,9,0,0,8,1,0,4,2,0,2,0,16.45,91.0,4.0,11.68,22.5,0.1710526315789473,118.88299999999998,1.639345509893455,0.225,0.3424657534246575,2.888888888888889
2020-07-11 21:00:00,21,11,0,1,10,0,0,5,6,0,6,0,17.45,53.0,4.0,11.68,27.500000000000004,0.25,182.413,2.173163138231631,0.275,0.4280821917808219,3.090909090909091
2020-07-11 22:00:00,22,13,0,2,10,1,0,7,4,0,4,0,18.45,108.0,3.0,7.979999999999999,32.5,0.3703703703703703,165.543,3.699055330634278,0.325,0.8771929824561404,3.076923076923077
2020-07-11 23:00:00,23,19,0,3,14,1,1,13,6,0,6,0,19.45,164.0,3.0,7.979999999999999,47.5,0.5588235294117647,210.853,6.312218045112782,0.475,1.629072681704261,3.0
2020-07-12 00:00:00,0,16,0,4,12,0,0,7,7,0,7,0,20.45,222.0,3.0,7.979999999999999,40.0,0.5252525252525253,223.458,4.150877192982456,0.4,0.8771929824561404,3.25
2020-07-12 01:00:00,1,20,0,4,16,0,0,9,10,0,10,0,21.45,134.5,3.0,7.979999999999999,50.0,0.7111111111111111,277.878,5.209022556390978,0.5,1.1278195488721805,3.2
2020-07-12 02:00:00,2,23,0,4,19,0,0,5,12,0,12,0,22.45,155.0,3.0,7.979999999999999,57.49999999999999,0.8690476190476191,316.753,3.813667320475101,0.575,0.6265664160401003,3.1739130434782608
2020-07-12 03:00:00,3,27,0,4,23,0,0,5,13,0,13,0,23.45,188.0,3.0,7.979999999999999,67.5,1.0493827160493827,344.373,4.097523902348464,0.675,0.6265664160401003,3.1481481481481484
2020-07-12 04:00:00,4,26,0,4,22,0,0,3,15,0,15,0,24.45,209.0,3.0,7.979999999999999,65.0,1.0933333333333333,374.668,3.235656448814344,0.65,0.3759398496240602,3.1538461538461537
2020-07-12 05:00:00,5,23,0,4,19,0,0,1,16,0,16,0,25.45,255.5,3.0,7.979999999999999,57.49999999999999,1.0138888888888888,387.273,2.22273346409502,0.575,0.12531328320802,3.1739130434782608
2020-07-12 06:00:00,6,25,0,3,22,0,0,3,16,0,16,0,26.45,315.5,3.0,7.979999999999999,62.5,1.0833333333333333,397.203,3.122932330827068,0.625,0.3759398496240602,3.12
2020-07-12 07:00:00,7,23,0,3,20,0,0,1,15,0,15,0,27.45,389.0,3.0,7.979999999999999,57.49999999999999,0.96,385.153,2.19228506047728,0.575,0.12531328320802,3.130434782608696
2020-07-12 08:00:00,8,22,0,2,20,0,0,4,15,0,15,0,28.45,422.0,3.0,6.8,55.00000000000001,0.9066666666666666,388.648,3.518181818181818,0.55,0.5882352941176471,3.090909090909091
2020-07-12 09:00:00,9,17,0,0,16,1,0,5,6,0,6,0,29.45,357.5,3.0,6.8,42.5,0.4901960784313725,262.963,3.412629757785468,0.425,0.7352941176470589,2.9411764705882355
2020-07-12 10:00:00,10,23,0,0,22,1,0,12,10,0,10,0,30.45,162.5,4.0,10.14,57.49999999999999,0.5666666666666667,335.073,5.198842294828916,0.575,1.1834319526627215,2.9565217391304346
2020-07-12 11:00:00,11,26,0,0,25,1,0,13,10,0,10,0,31.45,89.5,4.0,10.14,65.0,0.6416666666666667,347.148,5.7218441814595655,0.65,1.282051282051282,2.9615384615384617
2020-07-12 12:00:00,12,27,0,2,25,0,0,8,9,0,9,0,32.45,111.0,4.0,10.14,67.5,0.6693548387096774,341.533,4.500304989407553,0.675,0.7889546351084812,3.074074074074074
2020-07-12 13:00:00,13,22,0,1,20,1,0,5,8,0,8,0,33.45,118.5,4.0,10.14,55.00000000000001,0.515625,323.048,3.1292899408284027,0.55,0.4930966469428007,3.0
2020-07-12 14:00:00,14,23,0,2,19,2,0,8,5,1,6,1,34.45,133.0,4.0,10.14,57.49999999999999,0.5073529411764706,304.9013068017366,4.091863905325443,0.575,0.7889546351084812,3.0
2020-07-12 15:00:00,15,22,0,0,21,1,0,12,6,1,7,1,35.45,76.0,4.0,10.14,55.00000000000001,0.4924242424242424,321.7963068017366,5.121503496503496,0.55,1.1834319526627215,2.9545454545454546
2020-07-12 16:00:00,16,18,0,0,18,0,0,5,5,1,6,1,36.45,102.0,4.0,10.14,45.0,0.3970588235294117,305.4563068017366,2.8292899408284025,0.45,0.4930966469428007,3.0
2020-07-12 17:00:00,17,15,0,0,15,0,0,11,3,1,4,1,37.45,104.5,4.0,10.14,37.5,0.3125,277.86130680173665,4.379437869822485,0.375,1.0848126232741615,3.0
2020-07-12 18:00:00,18,20,0,2,18,0,0,13,4,1,5,1,7.35,106.0,4.0,10.14,50.0,0.4428571428571428,132.2223068017366,5.524358974358974,0.5,1.282051282051282,3.1
2020-07-12 19:00:00,19,21,0,4,17,0,0,11,3,0,3,0,8.35,32.0,4.0,10.14,52.5,0.4527027027027027,112.339,5.136068845684231,0.525,1.0848126232741615,3.1904761904761907
2020-07-12 20:00:00,20,23,1,5,16,1,0,12,5,0,5,0,9.35,57.0,4.0,11.4,57.49999999999999,0.5357142857142857,149.069,5.307494279176201,0.575,1.0526315789473686,3.260869565217391
2020-07-12 21:00:00,21,35,1,6,25,3,0,14,8,0,8,0,10.35,92.5,4.0,11.4,87.5,0.859375,220.649,6.609649122807018,0.875,1.2280701754385963,3.142857142857143
2020-07-12 22:00:00,22,36,1,5,26,3,1,14,10,0,10,0,11.35,121.5,3.0,8.059999999999999,90.0,1.2222222222222223,255.234,8.057416597739179,0.9,1.7369727047146404,3.055555555555556
2020-07-12 23:00:00,23,32,1,4,23,3,1,8,10,0,10,0,12.35,181.5,3.0,8.059999999999999,80.0,1.0777777777777775,252.294,5.433684863523574,0.8,0.9925558312655088,3.03125
2020-07-13 00:00:00,0,28,2,4,18,3,1,9,9,0,9,0,13.35,232.0,3.0,8.059999999999999,70.0,0.935483870967742,235.954,5.644514356611131,0.7,1.1166253101736974,3.107142857142857
2020-07-13 01:00:00,1,27,2,4,17,3,1,2,9,0,9,0,14.35,292.0,3.0,8.059999999999999,67.5,0.9032258064516128,239.449,2.8719878687620626,0.675,0.2481389578163772,3.111111111111111
2020-07-13 02:00:00,2,28,2,5,17,3,1,6,10,1,11,1,15.35,288.0,3.0,8.059999999999999,70.0,1.011494252873563,274.90230680173664,4.539595887982985,0.7,0.7444168734491317,3.142857142857143
2020-07-13 03:00:00,3,27,2,5,16,3,1,2,10,1,11,1,16.35,348.0,3.0,8.059999999999999,67.5,0.9770114942528736,278.3973068017366,2.90617820053304,0.675,0.2481389578163772,3.1481481481481484
2020-07-13 04:00:00,4,27,2,5,16,3,1,2,10,1,11,1,17.35,408.0,3.0,8.059999999999999,67.5,0.9770114942528736,284.03730680173663,2.90617820053304,0.675,0.2481389578163772,3.1481481481481484
2020-07-13 05:00:00,5,26,2,5,15,3,1,2,10,1,11,1,18.35,468.0,3.0,8.059999999999999,65.0,0.942528735632184,287.5323068017366,2.832592097728574,0.65,0.2481389578163772,3.1538461538461537
2020-07-13 06:00:00,6,29,3,6,16,3,1,6,10,1,11,1,19.35,528.0,3.0,8.059999999999999,72.5,1.0804597701149423,299.6073068017366,4.762937451869599,0.725,0.7444168734491317,3.2413793103448274
2020-07-13 07:00:00,7,30,3,6,17,3,1,4,10,1,11,1,20.35,588.0,3.0,8.059999999999999,75.0,1.1149425287356325,307.3923068017366,4.029631927212573,0.75,0.4962779156327544,3.2333333333333334
2020-07-13 08:00:00,8,34,3,8,19,3,1,5,10,1,11,1,21.35,648.0,3.0,6.38,85.0,1.2758620689655171,321.6123068017366,5.333546929743684,0.85,0.7836990595611285,3.264705882352941
2020-07-13 09:00:00,9,30,1,6,18,4,1,5,8,1,9,1,22.35,679.0,3.0,6.38,75.0,0.989247311827957,291.8723068017366,4.703343782654128,0.75,0.7836990595611285,3.066666666666667
2020-07-13 10:00:00,10,26,0,6,16,3,1,7,9,1,10,1,15.533333333333331,733.5,4.0,9.63,65.0,0.6583333333333333,258.24630680173664,4.183642862848471,0.65,0.726895119418484,3.0384615384615383
2020-07-13 11:00:00,11,27,1,6,17,2,1,6,10,1,11,1,16.533333333333335,788.0,4.0,9.63,67.5,0.7327586206896551,279.43130680173664,4.086463020653053,0.675,0.6230529595015577,3.1481481481481484
2020-07-13 12:00:00,12,22,1,5,16,0,0,8,9,2,11,2,17.533333333333335,208.0,4.0,9.63,55.00000000000001,0.6293103448275862,275.21461360347325,4.581537335976589,0.55,0.8307372793354103,3.3181818181818183
2020-07-13 13:00:00,13,24,1,4,19,0,0,4,9,2,11,2,18.53333333333333,268.0,4.0,9.63,60.0,0.6724137931034483,285.14461360347326,3.2999480789200417,0.6,0.4153686396677051,3.25
2020-07-13 14:00:00,14,22,1,4,17,0,0,7,6,2,8,2,19.53333333333333,187.5,4.0,9.63,55.00000000000001,0.5625,246.29461360347324,4.1789294817332205,0.55,0.726895119418484,3.272727272727273
2020-07-13 15:00:00,15,23,1,5,17,0,0,7,4,1,5,1,20.53333333333333,225.0,4.0,9.63,57.49999999999999,0.5428571428571428,213.01130680173665,4.301914307643687,0.575,0.726895119418484,3.3043478260869565
2020-07-13 16:00:00,16,18,0,6,12,0,0,5,4,3,7,3,21.53333333333333,123.0,4.0,9.63,45.0,0.4545454545454545,236.46292040520984,3.2307026652821054,0.45,0.5192107995846315,3.333333333333333
2020-07-13 17:00:00,17,18,1,4,11,2,0,6,4,3,7,3,22.53333333333333,183.0,4.0,9.63,45.0,0.4393939393939394,242.10292040520983,3.457615091727241,0.45,0.6230529595015577,3.2222222222222223
2020-07-13 18:00:00,18,23,0,3,19,1,0,10,5,1,6,1,23.53333333333333,210.5,4.0,9.63,57.49999999999999,0.5220588235294118,243.33130680173664,4.9805623278703335,0.575,1.038421599169263,3.0869565217391304
2020-07-13 19:00:00,19,16,1,3,11,1,0,4,2,1,3,1,24.53333333333333,238.0,4.0,9.63,40.0,0.3513513513513513,193.75630680173663,2.649948078920042,0.4,0.4153686396677051,3.25
2020-07-13 20:00:00,20,19,2,4,13,0,0,9,4,2,6,2,25.53333333333333,156.0,4.0,9.82,47.5,0.4779411764705882,246.89961360347328,4.760384285561154,0.475,0.9164969450101832,3.421052631578948
2020-07-13 21:00:00,21,19,1,4,13,1,0,5,3,2,5,2,26.53333333333333,107.0,4.0,9.82,47.5,0.4428571428571428,239.1396136034732,3.2114856897845425,0.475,0.5091649694501018,3.263157894736842
2020-07-13 22:00:00,22,19,1,5,11,2,0,6,4,2,6,2,27.53333333333333,162.0,3.0,6.57,47.5,0.6078431372549019,258.17961360347323,4.530052871905792,0.475,0.91324200913242,3.263157894736842
2020-07-13 23:00:00,23,17,1,3,13,0,0,4,5,2,7,2,28.53333333333333,217.0,3.0,6.57,42.5,0.5656565656565656,272.92961360347323,3.40555107887904,0.425,0.60882800608828,3.294117647058824
2020-07-14 00:00:00,0,23,1,3,17,2,0,12,5,2,7,2,29.53333333333333,277.0,3.0,6.57,57.49999999999999,0.7272727272727273,291.4396136034733,7.517689100655152,0.575,1.82648401826484,3.130434782608696
2020-07-14 01:00:00,1,21,1,3,15,2,0,6,4,2,6,2,30.53333333333333,342.0,3.0,6.57,52.5,0.6470588235294118,279.3896136034732,4.520189171559034,0.525,0.91324200913242,3.142857142857143
2020-07-14 02:00:00,2,17,1,2,12,2,0,7,5,0,5,0,31.53333333333333,397.0,3.0,6.57,42.5,0.5047619047619047,261.313,4.64669397439341,0.425,1.06544901065449,3.117647058823529
2020-07-14 03:00:00,3,16,1,1,13,1,0,7,5,0,5,0,32.53333333333333,457.0,3.0,6.57,40.0,0.4761904761904761,264.808,4.579528158295282,0.4,1.06544901065449,3.125
2020-07-14 04:00:00,4,17,1,1,14,1,0,4,5,0,5,0,33.53333333333333,517.0,3.0,6.57,42.5,0.5047619047619047,272.593,3.22311084251052,0.425,0.60882800608828,3.117647058823529
2020-07-14 05:00:00,5,15,1,1,12,1,0,0,5,0,5,0,34.53333333333333,577.0,3.0,6.57,37.5,0.4476190476190476,273.943,1.175,0.375,0.0,3.1333333333333333
2020-07-14 06:00:00,6,13,1,1,10,1,0,2,5,0,5,0,35.53333333333333,637.0,3.0,6.57,32.5,0.3904761904761905,275.293,1.985074932677672,0.325,0.30441400304414,3.1538461538461537
2020-07-14 07:00:00,7,17,1,1,14,1,0,5,6,0,6,0,36.53333333333333,643.0,3.0,6.57,42.5,0.5196078431372549,302.913,3.6976385531381504,0.425,0.76103500761035,3.117647058823529
2020-07-14 08:00:00,8,17,1,1,14,1,0,5,8,0,8,0,37.53333333333333,357.5,3.0,6.8,42.5,0.5520833333333334,335.35299999999995,3.617387543252596,0.425,0.7352941176470589,3.117647058823529
2020-07-14 09:00:00,9,22,2,1,18,1,0,6,9,1,10,1,38.53333333333333,109.5,3.0,6.8,55.00000000000001,0.7777777777777778,379.3863068017366,4.557486631016043,0.55,0.8823529411764706,3.1818181818181817
2020-07-14 10:00:00,10,27,2,4,20,1,0,8,8,3,11,3,39.53333333333333,129.0,4.0,10.05,67.5,0.7586206896551724,410.8879204052098,4.794435231251152,0.675,0.7960199004975124,3.259259259259259
2020-07-14 11:00:00,11,23,1,5,16,1,0,3,9,3,12,3,40.53333333333333,141.0,4.0,10.05,57.49999999999999,0.6696428571428571,421.3479204052098,2.848393900064893,0.575,0.2985074626865671,3.260869565217391
2020-07-14 12:00:00,12,25,1,7,16,1,0,7,9,4,13,4,41.53333333333333,171.0,4.0,10.05,62.5,0.7685185185185185,445.54622720694647,4.387437810945273,0.625,0.6965174129353233,3.32
2020-07-14 13:00:00,13,26,1,7,18,0,0,4,9,3,12,3,42.53333333333333,194.0,4.0,10.05,65.0,0.7767857142857143,439.06292040520987,3.5068025258323763,0.65,0.3980099502487562,3.3461538461538463
2020-07-14 14:00:00,14,23,1,6,15,1,0,4,7,4,11,4,43.53333333333333,247.0,4.0,10.05,57.49999999999999,0.6551724137931034,425.7362272069464,3.215163313865455,0.575,0.3980099502487562,3.3043478260869565
2020-07-14 15:00:00,15,28,2,5,20,1,0,10,9,4,13,4,44.53333333333333,160.0,4.0,10.05,70.0,0.8518518518518519,468.9012272069465,5.569367448471925,0.7,0.9950248756218903,3.2857142857142856
2020-07-14 16:00:00,16,23,2,3,18,0,0,7,9,2,11,2,45.53333333333333,99.0,4.0,10.05,57.49999999999999,0.6551724137931034,435.2796136034732,4.201535799264547,0.575,0.6965174129353233,3.3043478260869565
2020-07-14 17:00:00,17,24,2,3,18,1,0,5,9,1,10,1,46.53333333333333,153.5,4.0,10.05,60.0,0.65,428.7963068017366,3.566915422885572,0.6,0.4975124378109452,3.25
2020-07-14 18:00:00,18,28,2,3,23,0,0,9,10,2,12,2,47.53333333333333,149.0,4.0,10.05,70.0,0.8125,470.6846136034732,5.1854477611940295,0.7,0.8955223880597014,3.25
2020-07-14 19:00:00,19,27,2,3,22,0,0,8,10,2,12,2,48.53333333333333,123.0,4.0,10.05,67.5,0.7857142857142857,474.1796136034732,4.794435231251152,0.675,0.7960199004975124,3.259259259259259
2020-07-14 20:00:00,20,29,2,4,22,1,0,8,11,2,13,2,49.53333333333333,164.0,4.0,10.98,72.5,0.8703703703703703,497.5096136034732,4.711660699704792,0.725,0.7285974499089253,3.2413793103448274
2020-07-14 21:00:00,21,30,2,6,20,1,1,9,10,2,12,2,50.53333333333333,172.5,4.0,10.98,75.0,0.8660714285714286,491.8946136034732,5.075273224043716,0.75,0.819672131147541,3.2333333333333334
2020-07-14 22:00:00,22,29,1,9,16,3,0,8,9,2,11,2,51.53333333333333,183.0,3.0,7.73,72.5,1.091954022988506,481.9896136034732,5.765284159343356,0.725,1.034928848641656,3.2758620689655173
2020-07-14 23:00:00,23,27,1,8,16,2,0,7,8,1,9,1,52.53333333333333,243.0,3.0,7.73,67.5,0.956989247311828,455.6713068017366,5.21000311436922,0.675,0.9055627425614488,3.2962962962962963
2020-07-15 00:00:00,0,27,2,7,15,1,2,7,9,1,10,1,53.53333333333333,295.0,3.0,7.73,67.5,0.9666666666666668,474.7113068017366,5.092924392698002,0.675,0.9055627425614488,3.2222222222222223
2020-07-15 01:00:00,1,27,2,7,17,1,0,4,11,0,11,0,54.53333333333333,343.0,3.0,7.73,67.5,1.0459770114942528,492.883,4.019046763451679,0.675,0.517464424320828,3.3703703703703702
2020-07-15 02:00:00,2,26,2,8,14,2,0,4,12,0,12,0,55.53333333333333,380.0,3.0,7.73,65.0,1.0476190476190477,509.778,3.951418051547418,0.65,0.517464424320828,3.3846153846153846
2020-07-15 03:00:00,3,26,2,6,15,3,0,2,12,0,12,0,56.53333333333333,440.0,3.0,7.73,65.0,1.011904761904762,515.418,2.9708553089859686,0.65,0.258732212160414,3.269230769230769
2020-07-15 04:00:00,4,28,2,5,17,4,0,5,12,0,12,0,57.53333333333333,500.0,3.0,7.73,70.0,1.0595238095238095,525.348,4.280997043060432,0.7,0.6468305304010349,3.1785714285714284
2020-07-15 05:00:00,5,24,3,5,14,2,0,1,12,1,13,1,58.53333333333333,537.0,3.0,7.73,60.0,1.0,536.6763068017366,2.4616106080206985,0.6,0.129366106080207,3.375
2020-07-15 06:00:00,6,24,3,6,14,1,0,1,12,1,13,1,59.53333333333333,597.0,3.0,7.73,60.0,1.0246913580246917,542.3163068017366,2.522391116860716,0.6,0.129366106080207,3.458333333333333
2020-07-15 07:00:00,7,24,3,6,14,1,0,0,12,1,13,1,60.53333333333333,657.0,3.0,7.73,60.0,1.0246913580246917,547.9563068017366,2.075,0.6,0.0,3.458333333333333
2020-07-15 08:00:00,8,25,3,6,14,2,0,3,13,1,14,1,61.53333333333333,696.0,3.0,6.3,62.5,1.0897435897435896,569.1413068017366,3.744047619047619,0.625,0.4761904761904762,3.4
2020-07-15 09:00:00,9,21,3,5,12,1,0,2,10,1,11,1,62.53333333333333,777.0,3.0,6.3,52.5,0.8390804597701149,526.0013068017366,2.9285525321239607,0.525,0.3174603174603174,3.4761904761904763
2020-07-15 10:00:00,10,22,3,6,12,1,0,4,12,1,13,1,63.53333333333333,591.0,4.0,9.62,55.00000000000001,0.7129629629629629,560.5863068017366,3.3803014553014554,0.55,0.4158004158004158,3.5
2020-07-15 11:00:00,11,27,3,4,19,1,0,9,16,1,17,1,64.53333333333333,394.0,4.0,9.62,67.5,0.9782608695652174,630.5513068017366,5.36850311850312,0.675,0.9355509355509356,3.333333333333333
2020-07-15 12:00:00,12,27,3,3,20,1,0,4,15,1,16,1,65.53333333333333,359.5,4.0,9.62,67.5,0.9270833333333334,622.7913068017366,3.5956013706013707,0.675,0.4158004158004158,3.2962962962962963
2020-07-15 13:00:00,13,29,2,3,23,1,0,10,13,1,14,1,66.53333333333333,261.0,4.0,9.62,72.5,0.8942307692307693,605.9213068017366,5.65857229908954,0.725,1.0395010395010396,3.206896551724138
2020-07-15 14:00:00,14,30,1,3,25,1,0,12,14,1,15,1,67.53333333333333,250.0,4.0,9.62,75.0,0.94,627.1063068017365,6.258523908523909,0.75,1.2474012474012477,3.1333333333333333
2020-07-15 15:00:00,15,30,0,5,23,2,0,8,12,1,13,1,68.53333333333333,304.0,4.0,9.62,75.0,0.8611111111111112,605.9463068017366,4.902962577962578,0.75,0.8316008316008316,3.1
2020-07-15 16:00:00,16,21,2,5,13,1,0,6,9,1,10,1,69.53333333333333,184.5,4.0,9.62,52.5,0.5916666666666667,552.0813068017366,3.883702108702109,0.525,0.6237006237006237,3.380952380952381
2020-07-15 17:00:00,17,26,2,8,15,1,0,8,11,1,12,1,70.53333333333333,166.0,4.0,9.62,65.0,0.7946428571428571,595.2463068017366,5.071633615864385,0.65,0.8316008316008316,3.423076923076923
2020-07-15 18:00:00,18,26,1,7,16,2,0,7,11,1,12,1,71.53333333333333,226.0,4.0,9.62,65.0,0.7589285714285714,600.8863068017366,4.503858148088917,0.65,0.7276507276507277,3.269230769230769
2020-07-15 19:00:00,19,21,1,6,13,1,0,5,11,1,12,1,72.53333333333333,197.0,4.0,9.62,52.5,0.625,595.8013068017366,3.4825017325017327,0.525,0.5197505197505198,3.333333333333333
2020-07-15 20:00:00,20,29,1,8,18,2,0,12,13,2,15,2,73.53333333333333,144.0,4.0,10.12,72.5,0.95,659.6696136034732,6.259421425650811,0.725,1.1857707509881423,3.2758620689655173
2020-07-15 21:00:00,21,30,1,9,19,1,0,6,12,2,14,2,74.53333333333333,183.0,4.0,10.12,75.0,0.9615384615384616,654.0546136034732,4.476284584980238,0.75,0.5928853754940712,3.333333333333333
2020-07-15 22:00:00,22,25,0,8,16,1,0,3,11,0,11,0,75.53333333333333,222.0,3.0,6.8,62.5,0.942528735632184,607.033,3.4970588235294118,0.625,0.4411764705882353,3.28
2020-07-15 23:00:00,23,31,0,10,20,1,0,11,11,0,11,0,76.53333333333333,282.0,3.0,6.8,77.5,1.1724137931034482,625.543,7.872580645161291,0.775,1.6176470588235294,3.290322580645161
2020-07-16 00:00:00,0,26,1,9,15,1,0,3,12,0,12,0,77.53333333333333,315.5,3.0,6.8,65.0,1.0476190476190477,633.858,3.693212669683258,0.65,0.4411764705882353,3.3846153846153846
2020-07-16 01:00:00,1,25,1,9,15,0,0,3,13,0,13,0,78.53333333333333,349.0,3.0,6.8,62.5,1.0617283950617284,650.7529999999999,3.667647058823529,0.625,0.4411764705882353,3.44
2020-07-16 02:00:00,2,24,1,10,13,0,0,2,13,0,13,0,79.53333333333333,409.0,3.0,6.8,60.0,1.037037037037037,654.248,3.129411764705882,0.6,0.2941176470588235,3.5
2020-07-16 03:00:00,3,23,1,8,14,0,0,1,13,0,13,0,80.53333333333333,469.0,3.0,6.8,57.49999999999999,0.9753086419753086,657.7429999999999,2.4801150895140665,0.575,0.1470588235294117,3.4347826086956523
2020-07-16 04:00:00,4,23,1,9,13,0,0,4,15,0,15,0,81.53333333333333,510.0,3.0,6.8,57.49999999999999,1.0666666666666669,690.183,4.046035805626598,0.575,0.5882352941176471,3.4782608695652173
2020-07-16 05:00:00,5,25,1,10,14,0,0,3,15,0,15,0,82.53333333333333,570.0,3.0,6.8,62.5,1.16,700.1129999999999,3.710294117647059,0.625,0.4411764705882353,3.48
2020-07-16 06:00:00,6,27,1,10,16,0,0,4,15,0,15,0,83.53333333333333,630.0,3.0,6.8,67.5,1.24,710.043,4.351143790849673,0.675,0.5882352941176471,3.4444444444444446
2020-07-16 07:00:00,7,30,1,10,18,1,0,6,17,0,17,0,84.53333333333333,683.0,3.0,6.8,75.0,1.463768115942029,748.9179999999999,5.495588235294117,0.75,0.8823529411764706,3.3666666666666667
2020-07-16 08:00:00,8,31,1,10,19,1,0,4,16,0,16,0,85.53333333333333,740.5,3.0,7.76,77.5,1.4444444444444444,743.3029999999999,4.329298303957433,0.775,0.5154639175257733,3.3548387096774195
2020-07-16 09:00:00,9,30,1,10,18,1,0,7,13,0,13,0,86.53333333333333,325.0,3.0,7.76,75.0,1.2469135802469136,706.598,5.561941580756013,0.75,0.9020618556701032,3.3666666666666667
2020-07-16 10:00:00,10,35,1,12,21,1,0,9,14,0,14,0,87.53333333333333,310.0,4.0,11.01,87.5,1.1346153846153846,736.363,5.705936161930713,0.875,0.8174386920980926,3.3714285714285714
2020-07-16 11:00:00,11,30,1,12,16,1,0,1,13,0,13,0,88.53333333333333,295.0,4.0,11.01,75.0,0.9537037037037036,717.8779999999999,2.886837723281865,0.75,0.0908265213442325,3.433333333333333
2020-07-16 12:00:00,12,32,1,11,19,1,0,10,14,0,14,0,26.28333333333333,271.0,4.0,11.01,80.0,1.0384615384615383,384.478,5.765395095367847,0.8,0.9082652134423252,3.375
2020-07-16 13:00:00,13,25,1,7,16,1,0,2,13,0,13,0,27.28333333333333,371.0,4.0,11.01,62.5,0.7685185185185185,361.703,2.678088101725704,0.625,0.181653042688465,3.32
2020-07-16 14:00:00,14,20,1,5,13,1,0,1,11,0,11,0,28.28333333333333,475.0,4.0,11.01,50.0,0.5689655172413793,329.818,1.9497275204359672,0.5,0.0908265213442325,3.3
2020-07-16 15:00:00,15,21,1,6,14,0,0,7,11,1,12,1,29.28333333333333,321.5,4.0,11.01,52.5,0.6339285714285714,351.87130680173664,3.924561005146836,0.525,0.6357856494096277,3.380952380952381
2020-07-16 16:00:00,16,21,1,7,13,0,0,6,10,3,13,3,20.5,100.0,4.0,11.01,52.5,0.6666666666666666,317.46992040520985,3.6684312962242114,0.525,0.5449591280653951,3.4285714285714284
2020-07-16 17:00:00,17,24,1,7,15,0,1,9,10,3,13,3,21.5,160.0,4.0,11.01,60.0,0.7314814814814815,329.54492040520984,4.665735694822888,0.6,0.8174386920980926,3.2916666666666665
2020-07-16 18:00:00,18,23,1,5,16,0,1,8,10,2,12,2,22.5,188.0,4.0,11.01,57.49999999999999,0.6607142857142857,318.7716136034732,4.187795679816767,0.575,0.7266121707538601,3.217391304347826
2020-07-16 19:00:00,19,24,0,5,17,0,2,7,9,1,10,1,23.5,198.0,4.0,11.01,60.0,0.6083333333333333,298.8883068017366,3.758848016954284,0.6,0.6357856494096277,3.0416666666666665
2020-07-16 20:00:00,20,17,0,2,14,0,1,5,5,0,5,0,24.5,346.0,4.0,9.9,42.5,0.3642857142857142,221.645,2.790151515151515,0.425,0.5050505050505051,3.0
2020-07-16 21:00:00,21,21,0,3,17,1,0,8,6,0,6,0,25.5,371.0,4.0,9.9,52.5,0.4779411764705882,249.265,4.126202501202501,0.525,0.8080808080808081,3.095238095238096
2020-07-16 22:00:00,22,22,0,3,18,1,0,5,7,0,7,0,26.5,396.0,3.0,6.65,55.00000000000001,0.6868686868686869,270.45,4.0239917976760085,0.55,0.7518796992481203,3.090909090909091
2020-07-16 23:00:00,23,24,0,4,19,0,1,10,9,0,9,0,14.85,171.0,3.0,6.65,60.0,0.7956989247311828,235.834,6.486591478696743,0.6,1.5037593984962403,3.083333333333333
2020-07-17 00:00:00,0,17,0,2,15,0,0,2,8,0,8,0,15.85,300.5,3.0,6.65,42.5,0.5520833333333334,213.059,2.262638213180009,0.425,0.3007518796992481,3.117647058823529
2020-07-17 01:00:00,1,17,0,2,15,0,0,2,7,0,7,0,16.85,430.0,3.0,6.65,42.5,0.5353535353535354,205.299,2.262638213180009,0.425,0.3007518796992481,3.117647058823529
2020-07-17 02:00:00,2,14,0,1,13,0,0,4,8,0,8,0,17.85,420.5,3.0,6.65,35.0,0.4479166666666667,217.904,2.9224758324382383,0.35,0.6015037593984962,3.071428571428572
2020-07-17 03:00:00,3,14,0,1,13,0,0,1,8,0,8,0,18.85,480.5,3.0,6.65,35.0,0.4479166666666667,223.544,1.5368689581095596,0.35,0.150375939849624,3.071428571428572
2020-07-17 04:00:00,4,17,1,1,15,0,0,4,8,0,8,0,19.85,540.5,3.0,6.65,42.5,0.5625,235.619,3.260659000442282,0.425,0.6015037593984962,3.176470588235294
2020-07-17 05:00:00,5,19,1,2,16,0,0,3,9,0,9,0,20.85,531.0,3.0,6.65,47.5,0.6559139784946236,258.949,2.973357736446379,0.475,0.4511278195488721,3.210526315789474
2020-07-17 06:00:00,6,18,1,2,14,1,0,2,10,0,10,0,21.85,548.0,3.0,6.65,45.0,0.6333333333333333,275.844,2.377380952380952,0.45,0.3007518796992481,3.1666666666666665
2020-07-17 07:00:00,7,20,1,2,17,0,0,6,12,0,12,0,22.85,534.5,3.0,6.65,50.0,0.7619047619047619,312.574,4.487218045112782,0.5,0.9022556390977444,3.2
2020-07-17 08:00:00,8,25,2,2,21,0,0,7,13,0,13,0,23.85,564.0,3.0,6.66,62.5,1.0,342.33900000000006,5.430405405405406,0.625,1.0510510510510511,3.24
2020-07-17 09:00:00,9,25,2,3,19,1,0,8,7,1,8,1,23.65,200.5,3.0,6.66,62.5,0.84375,275.0793068017366,5.9168918918918925,0.625,1.2012012012012012,3.24
2020-07-17 10:00:00,10,29,2,4,23,0,0,5,9,1,10,1,24.65,231.0,4.0,10.36,72.5,0.7916666666666666,316.0993068017366,3.956014512048995,0.725,0.4826254826254826,3.2758620689655173
2020-07-17 11:00:00,11,27,2,2,23,0,0,4,9,1,10,1,25.65,255.5,4.0,10.36,67.5,0.725,317.4493068017366,3.419101244101244,0.675,0.3861003861003861,3.2222222222222223
2020-07-17 12:00:00,12,24,2,3,19,0,0,3,10,1,11,1,26.65,214.0,4.0,10.36,60.0,0.6810344827586207,330.05430680173663,2.928185328185328,0.6,0.2895752895752896,3.2916666666666665
2020-07-17 13:00:00,13,26,2,4,20,0,0,6,11,2,13,2,22.766666666666666,211.0,4.0,10.36,65.0,0.7962962962962963,340.1106136034732,4.065651915651916,0.65,0.5791505791505792,3.3076923076923075
2020-07-17 14:00:00,14,25,2,4,19,0,0,3,11,2,13,2,23.766666666666666,208.0,4.0,10.36,62.5,0.7685185185185185,343.6056136034732,3.0363899613899616,0.625,0.2895752895752896,3.32
2020-07-17 15:00:00,15,22,2,3,15,2,0,7,8,1,9,1,24.766666666666666,268.0,4.0,10.36,55.00000000000001,0.5725806451612904,288.34230680173664,3.95558968058968,0.55,0.6756756756756757,3.227272727272727
2020-07-17 16:00:00,16,24,1,3,17,3,0,9,6,1,7,1,25.766666666666666,454.0,4.0,10.36,60.0,0.5606060606060606,271.47230680173664,4.5285714285714285,0.6,0.8687258687258688,3.083333333333333
2020-07-17 17:00:00,17,18,1,4,11,2,0,5,4,1,5,1,10.916666666666666,227.0,4.0,10.36,45.0,0.4142857142857143,148.0483068017366,3.005126555126556,0.45,0.4826254826254826,3.2222222222222223
2020-07-17 18:00:00,18,19,1,5,12,1,0,6,6,0,6,0,11.916666666666666,96.5,4.0,10.36,47.5,0.4632352941176471,168.365,3.495341394025605,0.475,0.5791505791505792,3.3157894736842106
2020-07-17 19:00:00,19,25,0,5,19,1,0,10,6,0,6,0,12.916666666666666,144.5,4.0,10.36,62.5,0.5808823529411765,186.875,5.02519305019305,0.625,0.9652509652509652,3.16
2020-07-17 20:00:00,20,21,0,2,17,2,0,5,5,0,5,0,13.916666666666666,241.0,4.0,10.08,52.5,0.45,170.535,3.063095238095238,0.525,0.496031746031746,3.0
2020-07-17 21:00:00,21,20,0,3,15,2,0,7,3,0,3,0,14.916666666666666,132.0,4.0,10.08,50.0,0.4121621621621621,147.23,3.6430555555555553,0.5,0.6944444444444444,3.05
2020-07-17 22:00:00,22,21,0,3,17,1,0,8,4,0,4,0,15.916666666666666,154.5,3.0,6.38,52.5,0.6018518518518519,168.41500000000002,5.506176294969399,0.525,1.2539184952978055,3.095238095238096
2020-07-17 23:00:00,23,25,0,3,20,2,0,11,5,0,5,0,16.916666666666668,177.0,3.0,6.38,62.5,0.7238095238095238,196.035,7.141379310344829,0.625,1.7241379310344829,3.04
2020-07-18 00:00:00,0,26,0,3,21,2,0,8,6,0,6,0,17.916666666666668,180.0,3.0,6.38,65.0,0.7745098039215687,217.22000000000003,5.784983120327948,0.65,1.2539184952978055,3.0384615384615383
2020-07-18 01:00:00,1,23,0,3,18,2,0,3,6,0,6,0,18.916666666666668,240.0,3.0,6.38,57.49999999999999,0.6862745098039216,216.425,3.1811026305029304,0.575,0.4702194357366771,3.0434782608695654
2020-07-18 02:00:00,2,23,0,4,16,3,0,3,6,0,6,0,19.916666666666668,300.0,3.0,6.38,57.49999999999999,0.6862745098039216,222.065,3.1811026305029304,0.575,0.4702194357366771,3.0434782608695654
2020-07-18 03:00:00,3,22,0,6,14,2,0,2,6,0,6,0,20.916666666666668,360.0,3.0,6.38,55.00000000000001,0.6862745098039216,225.56,2.747435166714164,0.55,0.3134796238244514,3.1818181818181817
2020-07-18 04:00:00,4,22,0,5,15,2,0,1,6,0,6,0,21.916666666666668,420.0,3.0,6.38,55.00000000000001,0.6764705882352942,231.2,2.216593046451981,0.55,0.1567398119122257,3.136363636363636
2020-07-18 05:00:00,5,19,0,4,13,2,0,4,6,0,6,0,22.916666666666668,480.0,3.0,6.38,47.5,0.5784313725490197,230.405,3.4218734532255404,0.475,0.6269592476489029,3.1052631578947367
2020-07-18 06:00:00,6,20,0,4,14,2,0,2,6,0,6,0,23.916666666666668,540.0,3.0,6.38,50.0,0.6078431372549019,238.19,2.5217868338558,0.5,0.3134796238244514,3.1
2020-07-18 07:00:00,7,19,0,3,14,2,0,3,7,0,7,0,24.916666666666668,543.0,3.0,6.38,47.5,0.5858585858585859,255.08500000000004,2.8854066985645934,0.475,0.4702194357366771,3.0526315789473686
2020-07-18 08:00:00,8,20,0,2,16,2,0,4,9,0,9,0,25.916666666666668,553.0,3.0,7.67,50.0,0.6451612903225806,289.67,3.0645371577574965,0.5,0.5215123859191656,3.0
2020-07-18 09:00:00,9,16,0,3,12,1,0,7,4,0,4,0,26.916666666666668,62.5,3.0,7.67,40.0,0.4629629629629629,219.73,4.102020860495436,0.4,0.9126466753585398,3.125
2020-07-18 10:00:00,10,23,1,6,15,1,0,11,6,2,8,2,27.916666666666668,70.5,4.0,11.01,57.49999999999999,0.59375,295.7216136034732,5.201346601903407,0.575,0.9990917347865576,3.3043478260869565
2020-07-18 11:00:00,11,27,1,11,13,2,0,10,7,3,10,3,16.816666666666666,81.0,4.0,11.01,67.5,0.7666666666666667,269.3659204052098,5.3948296161738485,0.675,0.9082652134423252,3.4074074074074074
2020-07-18 12:00:00,12,29,2,13,12,2,0,11,10,3,13,3,17.816666666666666,116.0,4.0,11.01,72.5,0.9444444444444444,319.49592040520986,6.064046791318237,0.725,0.9990917347865576,3.5172413793103448
2020-07-18 13:00:00,13,26,1,11,12,2,0,6,7,2,9,2,18.816666666666663,112.0,4.0,11.01,65.0,0.717741935483871,264.2326136034732,4.090437015300775,0.65,0.5449591280653951,3.423076923076923
2020-07-18 14:00:00,14,26,1,9,14,2,0,5,7,2,9,2,19.816666666666663,164.0,4.0,11.01,65.0,0.7016129032258065,269.87261360347327,3.69459756864389,0.65,0.4541326067211625,3.3461538461538463
2020-07-18 15:00:00,15,25,0,7,16,2,0,7,8,1,9,1,20.816666666666663,71.0,4.0,11.01,62.5,0.6451612903225806,272.4993068017366,4.034514078110809,0.625,0.6357856494096277,3.2
2020-07-18 16:00:00,16,21,0,8,11,2,0,6,9,1,10,1,21.816666666666663,129.0,4.0,11.01,52.5,0.575,282.9593068017366,3.515579992214869,0.525,0.5449591280653951,3.2857142857142856
2020-07-18 17:00:00,17,19,0,8,10,1,0,2,9,0,9,0,22.816666666666663,159.0,4.0,11.01,47.5,0.5161290322580645,270.041,2.2118839332664084,0.475,0.181653042688465,3.3684210526315788
2020-07-18 18:00:00,18,18,0,4,14,0,0,7,8,0,8,0,23.816666666666663,233.0,4.0,11.01,45.0,0.453125,260.136,3.498642648097689,0.45,0.6357856494096277,3.2222222222222223
2020-07-18 19:00:00,19,19,0,1,18,0,0,8,6,0,6,0,24.816666666666663,172.0,4.0,11.01,47.5,0.4264705882352941,241.121,3.668079258090731,0.475,0.7266121707538601,3.0526315789473686
2020-07-18 20:00:00,20,22,0,1,19,2,0,9,8,0,8,0,25.816666666666663,126.5,4.0,9.72,55.00000000000001,0.5078125,279.996,4.360690235690236,0.55,0.925925925925926,2.9545454545454546
2020-07-18 21:00:00,21,23,0,3,20,0,0,9,11,0,11,0,26.816666666666663,148.0,4.0,9.72,57.49999999999999,0.6206896551724138,327.981,4.698550724637681,0.575,0.925925925925926,3.130434782608696
2020-07-18 22:00:00,22,17,0,2,15,0,0,4,7,0,7,0,14.483333333333333,147.0,3.0,6.38,42.5,0.5353535353535354,191.951,3.2796376544348145,0.425,0.6269592476489029,3.117647058823529
2020-07-18 23:00:00,23,21,0,5,16,0,0,11,8,1,9,1,15.483333333333333,145.0,3.0,6.38,52.5,0.7311827956989247,233.83930680173663,7.282922824302135,0.525,1.7241379310344829,3.238095238095238
2020-07-19 00:00:00,0,22,0,1,20,1,0,9,10,0,10,0,16.483333333333334,147.0,3.0,6.38,55.00000000000001,0.7333333333333333,254.156,5.881974921630095,0.55,1.4106583072100314,3.0
2020-07-19 01:00:00,1,21,0,1,19,1,0,3,9,0,9,0,11.183333333333334,149.0,3.0,6.38,52.5,0.6774193548387096,208.719,2.985658307210032,0.525,0.4702194357366771,3.0
2020-07-19 02:00:00,2,21,1,2,17,1,0,5,10,1,11,1,12.183333333333334,198.0,3.0,6.38,52.5,0.7586206896551724,242.0273068017366,4.113054187192118,0.525,0.7836990595611285,3.142857142857143
2020-07-19 03:00:00,3,23,1,3,17,2,0,5,11,1,12,1,13.183333333333334,257.0,3.0,6.38,57.49999999999999,0.8571428571428571,265.3573068017366,4.253318795147881,0.575,0.7836990595611285,3.130434782608696
2020-07-19 04:00:00,4,20,1,1,16,2,0,3,11,0,11,0,14.183333333333334,318.0,3.0,6.38,50.0,0.7011494252873564,250.294,2.959169278996865,0.5,0.4702194357366771,3.05
2020-07-19 05:00:00,5,22,1,2,17,2,0,2,12,0,12,0,15.183333333333334,377.0,3.0,6.38,55.00000000000001,0.8095238095238095,273.624,2.668937019093759,0.55,0.3134796238244514,3.090909090909091
2020-07-19 06:00:00,6,24,1,2,19,2,0,3,12,0,12,0,16.183333333333334,437.0,3.0,6.38,60.0,0.8809523809523809,283.554,3.299843260188088,0.6,0.4702194357366771,3.083333333333333
2020-07-19 07:00:00,7,22,1,2,17,2,0,2,12,0,12,0,17.183333333333334,497.0,3.0,6.38,55.00000000000001,0.8095238095238095,284.904,2.668937019093759,0.55,0.3134796238244514,3.090909090909091
2020-07-19 08:00:00,8,21,1,2,17,1,0,6,13,0,13,0,18.183333333333334,556.0,3.0,7.67,52.5,0.8148148148148148,301.799,4.108558390761781,0.525,0.7822685788787483,3.142857142857143
2020-07-19 09:00:00,9,18,1,3,12,2,0,7,8,0,8,0,14.9,278.5,3.0,7.67,45.0,0.59375,209.846,4.315047805302043,0.45,0.9126466753585398,3.1666666666666665
2020-07-19 10:00:00,10,21,1,3,15,2,0,10,8,0,8,0,11.7,62.5,4.0,11.37,52.5,0.515625,198.233,4.414166352556854,0.525,0.8795074758135444,3.142857142857143
2020-07-19 11:00:00,11,22,1,3,18,0,0,6,8,0,8,0,12.7,92.0,4.0,11.37,55.00000000000001,0.5546875,206.018,3.4780462940753183,0.55,0.5277044854881267,3.227272727272727
2020-07-19 12:00:00,12,18,0,1,15,2,0,9,5,0,5,0,12.333333333333334,117.0,4.0,11.37,45.0,0.3785714285714285,155.17000000000002,3.655694810905893,0.45,0.7915567282321899,2.9444444444444446
2020-07-19 13:00:00,13,21,0,3,18,0,0,12,9,0,9,0,13.333333333333334,61.0,4.0,11.37,52.5,0.532258064516129,220.84500000000003,4.966999623068225,0.525,1.0554089709762533,3.142857142857143
2020-07-19 14:00:00,14,20,0,4,15,1,0,7,7,0,7,0,5.933333333333334,83.0,4.0,11.37,50.0,0.4772727272727273,150.164,3.5143139841688646,0.5,0.615655233069481,3.15
2020-07-19 15:00:00,15,18,1,4,13,0,0,10,5,1,6,1,6.933333333333334,130.5,4.0,11.37,45.0,0.4411764705882353,138.98230680173663,4.431691586045148,0.45,0.8795074758135444,3.333333333333333
2020-07-19 16:00:00,16,21,1,5,13,2,0,12,6,1,7,1,7.933333333333334,103.0,4.0,11.37,52.5,0.5151515151515151,164.45730680173662,5.117514763161202,0.525,1.0554089709762533,3.238095238095238
2020-07-19 17:00:00,17,20,0,4,15,1,0,12,7,0,7,0,8.933333333333334,83.0,4.0,11.37,50.0,0.4772727272727273,167.084,4.899538258575197,0.5,1.0554089709762533,3.15
2020-07-19 18:00:00,18,21,0,6,14,1,0,13,6,0,6,0,9.933333333333334,104.0,4.0,11.37,52.5,0.5,161.469,5.402307660091301,0.525,1.1433597185576077,3.238095238095238
2020-07-19 19:00:00,19,24,1,7,16,0,0,14,5,0,5,0,10.933333333333334,75.0,4.0,11.37,60.0,0.5785714285714286,160.14399999999998,6.1806728232189965,0.6,1.231310466138962,3.375
2020-07-19 20:00:00,20,25,1,7,16,1,0,10,3,0,3,0,11.933333333333334,102.0,4.0,10.35,62.5,0.5608108108108109,141.12900000000002,5.282729468599033,0.625,0.9661835748792268,3.32
2020-07-19 21:00:00,21,25,2,7,13,2,1,8,4,1,5,1,8.3,146.0,4.0,10.35,62.5,0.5857142857142857,148.30530680173663,4.585265700483091,0.625,0.7729468599033815,3.28
2020-07-19 22:00:00,22,20,1,5,14,0,0,8,5,1,6,1,9.3,152.0,3.0,6.65,50.0,0.6568627450980392,156.6203068017366,5.705075187969925,0.5,1.2030075187969924,3.35
2020-07-19 23:00:00,23,20,0,5,15,0,0,8,7,0,7,0,10.3,134.0,3.0,6.65,50.0,0.6565656565656566,174.79199999999997,5.534774436090226,0.5,1.2030075187969924,3.25
2020-07-20 00:00:00,0,20,0,6,14,0,0,6,7,0,7,0,11.3,194.0,3.0,6.65,50.0,0.6666666666666666,180.432,4.627443609022556,0.5,0.9022556390977444,3.3
2020-07-20 01:00:00,1,22,0,6,13,2,1,8,7,0,7,0,12.3,254.0,3.0,6.65,55.00000000000001,0.6868686868686869,190.362,5.4183868762816125,0.55,1.2030075187969924,3.090909090909091
2020-07-20 02:00:00,2,18,0,6,11,1,0,5,7,0,7,0,13.3,314.0,3.0,6.65,45.0,0.5959595959595959,187.422,3.939494569757727,0.45,0.7518796992481203,3.2777777777777777
2020-07-20 03:00:00,3,20,0,5,14,1,0,7,7,0,7,0,14.3,374.0,3.0,6.65,50.0,0.6464646464646465,197.352,4.968421052631579,0.5,1.0526315789473684,3.2
2020-07-20 04:00:00,4,19,0,5,14,0,0,2,8,0,8,0,15.3,426.5,3.0,6.65,47.5,0.6458333333333334,214.247,2.531400870597546,0.475,0.3007518796992481,3.263157894736842
2020-07-20 05:00:00,5,18,0,6,12,0,0,3,8,0,8,0,16.3,486.5,3.0,6.65,45.0,0.625,217.742,3.0037593984962405,0.45,0.4511278195488721,3.333333333333333
2020-07-20 06:00:00,6,20,0,6,14,0,0,2,9,0,9,0,17.3,539.0,3.0,6.65,50.0,0.7096774193548387,241.072,2.6424812030075184,0.5,0.3007518796992481,3.3
2020-07-20 07:00:00,7,22,0,5,17,0,0,6,10,0,10,0,18.3,564.0,3.0,6.65,55.00000000000001,0.7888888888888889,264.402,4.686825017088174,0.55,0.9022556390977444,3.227272727272727
2020-07-20 08:00:00,8,24,0,5,19,0,0,7,11,0,11,0,19.3,589.0,3.0,6.66,60.0,0.8850574712643678,287.732,5.297122122122123,0.6,1.0510510510510511,3.208333333333333
2020-07-20 09:00:00,9,20,2,4,14,0,0,5,6,0,6,0,14.433333333333334,197.0,3.0,6.66,50.0,0.6666666666666666,184.704,4.252552552552553,0.5,0.7507507507507507,3.4
2020-07-20 10:00:00,10,21,1,4,16,0,0,6,8,0,8,0,14.116666666666667,95.0,4.0,10.12,52.5,0.5390625,211.863,3.673051948051948,0.525,0.592885375494071,3.2857142857142856
2020-07-20 11:00:00,11,23,1,7,15,0,0,7,9,0,9,0,15.116666666666667,110.0,4.0,10.12,57.49999999999999,0.6290322580645161,235.193,4.295763876954802,0.575,0.6916996047430829,3.391304347826087
2020-07-20 12:00:00,12,22,0,5,17,0,0,6,7,0,7,0,16.116666666666667,146.0,4.0,10.12,55.00000000000001,0.5378787878787878,211.888,3.6884028027308657,0.55,0.592885375494071,3.227272727272727
2020-07-20 13:00:00,13,27,1,6,19,1,0,9,8,0,8,0,17.116666666666667,137.5,4.0,10.12,67.5,0.6875,241.653,5.098550724637681,0.675,0.8893280632411066,3.259259259259259
2020-07-20 14:00:00,14,25,1,5,17,2,0,5,6,0,6,0,18.116666666666667,131.5,4.0,10.12,62.5,0.5882352941176471,216.203,3.58102766798419,0.625,0.4940711462450592,3.2
2020-07-20 15:00:00,15,24,1,7,14,2,0,5,5,0,5,0,19.116666666666667,126.0,4.0,10.12,60.0,0.5642857142857143,206.298,3.601317523056653,0.6,0.4940711462450592,3.2916666666666665
2020-07-20 16:00:00,16,25,2,8,15,0,0,7,8,1,9,1,20.116666666666667,79.0,4.0,10.12,62.5,0.7016129032258065,268.5513068017366,4.5821146245059285,0.625,0.6916996047430829,3.48
2020-07-20 17:00:00,17,20,1,7,12,0,0,5,7,1,8,1,21.116666666666667,93.0,4.0,10.12,50.0,0.5390625,250.06630680173663,3.4295454545454547,0.5,0.4940711462450592,3.45
2020-07-20 18:00:00,18,23,1,9,13,0,0,6,8,1,9,1,22.116666666666667,128.0,4.0,10.12,57.49999999999999,0.6451612903225806,275.5413068017366,4.062210001718507,0.575,0.592885375494071,3.4782608695652173
2020-07-20 19:00:00,19,28,0,6,21,1,0,10,9,1,10,1,23.116666666666667,161.5,4.0,10.12,70.0,0.7416666666666667,305.3063068017366,5.3658808582721615,0.7,0.9881422924901184,3.1785714285714284
2020-07-20 20:00:00,20,29,0,5,23,0,1,8,10,1,11,1,24.116666666666667,139.0,4.0,10.06,72.5,0.7758620689655172,326.49130680173664,4.717950915198465,0.725,0.7952286282306164,3.103448275862069
2020-07-20 21:00:00,21,31,0,5,22,3,1,9,11,1,12,1,10.333333333333334,142.5,4.0,10.06,77.5,0.8303571428571429,266.44330680173664,5.00889662027833,0.775,0.8946322067594434,3.0
2020-07-20 22:00:00,22,36,0,6,26,3,1,13,11,0,11,0,11.333333333333334,147.0,3.0,6.6,90.0,1.2528735632183907,268.54,8.688804713804714,0.9,1.9696969696969695,3.0277777777777777
2020-07-20 23:00:00,23,41,0,6,34,1,0,13,13,1,14,1,8.316666666666666,166.0,3.0,6.6,102.5,1.641025641025641,303.3193068017366,9.34929785661493,1.025,1.9696969696969695,3.1219512195121952
2020-07-21 00:00:00,0,42,0,6,35,1,0,8,13,1,14,1,9.316666666666666,226.0,3.0,6.6,105.0,1.6794871794871795,311.1043068017366,7.055663780663781,1.05,1.2121212121212122,3.119047619047619
2020-07-21 01:00:00,1,39,0,6,31,2,0,6,14,1,15,1,10.316666666666666,283.0,3.0,6.6,97.5,1.6133333333333333,323.7093068017366,5.8455128205128215,0.975,0.9090909090909092,3.102564102564102
2020-07-21 02:00:00,2,34,0,5,27,2,0,5,14,0,14,0,11.316666666666666,346.0,3.0,6.6,85.0,1.3461538461538465,304.356,4.964572192513368,0.85,0.7575757575757576,3.088235294117647
2020-07-21 03:00:00,3,32,0,5,23,4,0,3,14,0,14,0,12.316666666666666,406.0,3.0,6.6,80.0,1.2435897435897436,305.706,3.802840909090909,0.8,0.4545454545454546,3.03125
2020-07-21 04:00:00,4,30,0,5,21,4,0,0,14,0,14,0,13.316666666666666,466.0,3.0,6.6,75.0,1.1666666666666667,307.056,2.275,0.75,0.0,3.033333333333333
2020-07-21 05:00:00,5,31,0,6,23,2,0,3,14,0,14,0,14.316666666666666,526.0,3.0,6.6,77.5,1.2435897435897436,314.841,3.847287390029325,0.775,0.4545454545454546,3.129032258064516
2020-07-21 06:00:00,6,34,0,6,24,2,2,3,16,0,16,0,15.316666666666666,572.0,3.0,6.6,85.0,1.4166666666666667,353.716,3.913636363636364,0.85,0.4545454545454546,3.0
2020-07-21 07:00:00,7,34,0,7,23,2,2,4,18,0,18,0,16.316666666666666,607.0,3.0,6.6,85.0,1.5606060606060606,386.156,4.411007130124777,0.85,0.6060606060606061,3.0294117647058822
2020-07-21 08:00:00,8,34,0,7,24,2,1,6,19,0,19,0,17.316666666666666,653.0,3.0,6.65,85.0,1.6666666666666667,405.196,5.411377708978328,0.85,0.9022556390977444,3.088235294117647
2020-07-21 09:00:00,9,30,0,5,22,2,1,1,16,0,16,0,16.9,679.5,3.0,6.65,75.0,1.2638888888888888,354.066,2.731140350877193,0.75,0.150375939849624,3.033333333333333
2020-07-21 10:00:00,10,34,0,5,26,2,1,9,14,0,14,0,17.9,683.5,4.0,9.9,85.0,0.9903846153846154,341.486,5.329010695187166,0.85,0.9090909090909092,3.0294117647058822
2020-07-21 11:00:00,11,34,0,5,27,2,0,8,10,0,10,0,18.9,538.0,4.0,9.9,85.0,0.875,293.526,5.120543672014261,0.85,0.8080808080808081,3.088235294117647
2020-07-21 12:00:00,12,33,0,5,27,1,0,9,12,0,12,0,19.9,380.5,4.0,9.9,82.5,0.9196428571428572,323.821,5.412465564738291,0.825,0.9090909090909092,3.121212121212121
2020-07-21 13:00:00,13,36,0,6,29,1,0,6,14,0,14,0,20.9,364.5,4.0,9.9,90.0,1.0865384615384617,362.696,4.727356902356902,0.9,0.6060606060606061,3.138888888888889
2020-07-21 14:00:00,14,31,0,6,25,0,0,4,14,1,15,1,19.166666666666668,243.0,4.0,9.9,77.5,0.99,356.4633068017366,3.765322580645161,0.775,0.404040404040404,3.193548387096774
2020-07-21 15:00:00,15,30,0,9,21,0,0,10,15,2,17,2,18.716666666666665,191.0,4.0,9.9,75.0,1.076086956521739,379.4486136034732,5.808333333333334,0.75,1.0101010101010102,3.3
2020-07-21 16:00:00,16,27,0,5,22,0,0,6,16,2,18,2,19.716666666666665,245.5,4.0,9.9,67.5,0.9772727272727272,392.05361360347325,4.0804152637485975,0.675,0.6060606060606061,3.185185185185185
2020-07-21 17:00:00,17,25,0,3,22,0,0,5,15,2,17,2,20.716666666666665,311.0,4.0,9.9,62.5,0.8478260869565217,380.0036136034733,3.5257575757575763,0.625,0.5050505050505051,3.12
2020-07-21 18:00:00,18,30,0,4,25,1,0,9,14,2,16,2,19.016666666666666,279.0,4.0,9.9,75.0,0.96875,367.7406136034732,5.1431818181818185,0.75,0.9090909090909092,3.1
2020-07-21 19:00:00,19,27,0,4,23,0,0,2,15,2,17,2,20.016666666666666,332.0,4.0,9.9,67.5,0.9239130434782608,380.3456136034732,2.760989524878414,0.675,0.202020202020202,3.1481481481481484
2020-07-21 20:00:00,20,26,0,4,21,0,1,6,16,2,18,2,21.016666666666666,369.5,4.0,11.01,65.0,0.9090909090909092,397.2406136034732,3.6767973171242927,0.65,0.5449591280653951,3.076923076923077
2020-07-21 21:00:00,21,29,0,6,21,2,0,11,16,2,18,2,22.016666666666666,327.5,4.0,11.01,72.5,1.0340909090909092,409.31561360347325,5.410080960881956,0.725,0.9990917347865576,3.1379310344827585
2020-07-21 22:00:00,22,29,0,4,23,2,0,6,15,2,17,2,23.016666666666666,215.0,3.0,7.76,72.5,1.289855072463768,401.55561360347326,4.597911482403129,0.725,0.7731958762886598,3.0689655172413794
2020-07-21 23:00:00,23,37,0,4,28,4,1,12,15,2,17,2,24.016666666666666,229.0,3.0,7.76,92.5,1.579710144927536,424.3556136034732,7.280586514349402,0.925,1.5463917525773196,2.945945945945946
2020-07-22 00:00:00,0,32,0,4,26,2,0,5,15,1,16,1,25.016666666666666,249.0,3.0,7.76,80.0,1.3611111111111112,405.0023068017366,4.423260309278351,0.8,0.6443298969072165,3.0625
2020-07-22 01:00:00,1,29,0,4,24,1,0,1,14,1,15,1,26.016666666666666,349.0,3.0,7.76,72.5,1.2,390.8073068017366,2.649928901528617,0.725,0.1288659793814433,3.103448275862069
2020-07-22 02:00:00,2,28,0,4,23,1,0,4,14,2,16,2,27.016666666666666,369.0,3.0,7.76,70.0,1.2083333333333333,408.5706136034733,3.776620029455082,0.7,0.5154639175257733,3.107142857142857
2020-07-22 03:00:00,3,29,0,3,25,1,0,3,14,1,15,1,28.016666666666666,469.0,3.0,7.76,72.5,1.1866666666666668,402.08730680173664,3.4114557412015643,0.725,0.3865979381443299,3.0689655172413794
2020-07-22 04:00:00,4,28,0,3,24,1,0,1,14,1,15,1,29.016666666666666,529.0,3.0,7.76,70.0,1.1466666666666667,405.5823068017366,2.54580265095729,0.7,0.1288659793814433,3.071428571428572
2020-07-22 05:00:00,5,30,0,3,25,2,0,2,15,1,16,1,30.016666666666666,549.0,3.0,7.76,75.0,1.2638888888888888,428.9123068017366,3.056786941580756,0.75,0.2577319587628866,3.033333333333333
2020-07-22 06:00:00,6,28,0,3,24,1,0,3,15,1,16,1,31.016666666666666,609.0,3.0,7.76,70.0,1.1944444444444444,430.2623068017366,3.3374079528718705,0.7,0.3865979381443299,3.071428571428572
2020-07-22 07:00:00,7,27,0,3,23,1,0,3,14,1,15,1,32.016666666666666,709.0,3.0,7.76,67.5,1.106666666666667,420.3573068017366,3.263430698739977,0.675,0.3865979381443299,3.074074074074074
2020-07-22 08:00:00,8,24,0,3,20,1,0,4,14,1,15,1,33.016666666666666,769.0,3.0,7.01,60.0,0.9866666666666668,419.56230680173655,3.609391345696624,0.6,0.5706134094151213,3.083333333333333
2020-07-22 09:00:00,9,30,0,3,26,1,0,6,15,1,16,1,34.016666666666666,789.0,3.0,7.01,75.0,1.2777777777777777,451.4723068017366,4.924821683309558,0.75,0.8559201141226819,3.066666666666667
2020-07-22 10:00:00,10,33,0,5,27,1,0,10,11,1,12,1,35.016666666666666,842.5,4.0,10.26,82.5,0.9196428571428572,409.9473068017366,5.617117077204796,0.825,0.9746588693957116,3.121212121212121
2020-07-22 11:00:00,11,37,1,8,26,2,0,9,13,3,16,3,36.016666666666666,811.5,4.0,10.26,92.5,1.2395833333333333,479.5039204052098,5.796242294926506,0.925,0.8771929824561404,3.216216216216216
2020-07-22 12:00:00,12,29,1,7,20,1,0,8,11,4,15,4,30.916666666666668,832.0,4.0,10.26,72.5,0.95,421.0482272069464,4.929278416347382,0.725,0.7797270955165693,3.2758620689655173
2020-07-22 13:00:00,13,33,1,8,23,1,0,7,13,3,16,3,31.916666666666668,223.5,4.0,10.26,82.5,1.125,447.7999204052098,4.932854864433812,0.825,0.682261208576998,3.272727272727273
2020-07-22 14:00:00,14,34,0,9,24,1,0,10,16,1,17,1,32.916666666666664,164.0,4.0,10.26,85.0,1.1956521739130437,467.2483068017366,5.903308106868479,0.85,0.9746588693957116,3.235294117647059
2020-07-22 15:00:00,15,30,0,11,18,1,0,6,14,2,16,2,18.866666666666667,119.5,4.0,10.26,75.0,1.0416666666666667,366.89461360347326,4.449317738791423,0.75,0.5847953216374269,3.333333333333333
2020-07-22 16:00:00,16,28,0,11,15,2,0,5,12,2,14,2,8.6,175.5,4.0,10.26,70.0,0.8942307692307693,277.90061360347323,3.943629908103593,0.7,0.4873294346978558,3.321428571428572
2020-07-22 17:00:00,17,32,0,14,15,3,0,10,16,2,18,2,9.6,212.0,4.0,10.26,80.0,1.2159090909090908,345.7206136034732,5.93401559454191,0.8,0.9746588693957116,3.34375
2020-07-22 18:00:00,18,29,0,11,15,3,0,4,13,1,14,1,10.6,257.0,4.0,10.26,72.5,0.9134615384615384,290.4573068017366,3.652139208173691,0.725,0.3898635477582846,3.2758620689655173
2020-07-22 19:00:00,19,31,0,8,20,3,0,5,13,1,14,1,11.6,259.0,4.0,10.26,77.5,0.9423076923076924,300.3873068017366,3.990589825819028,0.775,0.4873294346978558,3.161290322580645
2020-07-22 20:00:00,20,31,0,5,23,2,1,10,11,2,13,2,12.6,214.0,4.0,11.43,77.5,0.8703703703703703,293.4956136034732,5.002894194677278,0.775,0.8748906386701663,3.032258064516129
2020-07-22 21:00:00,21,29,0,5,21,2,1,6,10,2,12,2,13.6,292.0,4.0,11.43,72.5,0.7857142857142857,281.44561360347325,3.7929043352339575,0.725,0.5249343832020997,3.034482758620689
2020-07-22 22:00:00,22,25,1,4,18,1,1,9,9,0,9,0,14.6,186.0,3.0,8.18,62.5,0.8387096774193549,236.569,5.38276283618582,0.625,1.1002444987775062,3.12
2020-07-22 23:00:00,23,28,1,5,20,1,1,8,10,0,10,0,15.6,212.5,3.0,8.18,70.0,0.9777777777777776,262.044,5.2736989172197,0.7,0.97799511002445,3.142857142857143
2020-07-23 00:00:00,0,26,0,4,20,1,1,6,12,0,12,0,16.6,214.0,3.0,8.18,65.0,0.9404761904761904,290.194,4.203700394959563,0.65,0.7334963325183375,3.0384615384615383
2020-07-23 01:00:00,1,28,0,5,21,1,1,6,12,0,12,0,17.6,198.5,3.0,8.18,70.0,1.0238095238095235,300.124,4.402881592734894,0.7,0.7334963325183375,3.071428571428572
2020-07-23 02:00:00,2,26,0,5,19,1,1,2,11,0,11,0,18.6,277.0,3.0,8.18,65.0,0.9195402298850576,288.074,2.7523039307880386,0.65,0.2444987775061124,3.076923076923077
2020-07-23 03:00:00,3,28,0,6,21,0,1,5,12,0,12,0,12.35,312.5,3.0,8.18,70.0,1.0476190476190477,270.514,4.121061823262312,0.7,0.6112469437652812,3.142857142857143
2020-07-23 04:00:00,4,30,0,6,22,1,1,3,12,0,12,0,13.35,372.5,3.0,8.18,75.0,1.1071428571428572,280.444,3.461919315403424,0.75,0.3667481662591687,3.1
2020-07-23 05:00:00,5,27,0,5,21,0,1,1,12,0,12,0,14.35,432.5,3.0,8.18,67.5,1.0,279.649,2.4803314316761758,0.675,0.1222493887530562,3.111111111111111
2020-07-23 06:00:00,6,27,0,5,21,0,1,2,13,1,14,1,15.35,424.5,3.0,8.18,67.5,1.0769230769230769,312.9573068017366,2.86066286335235,0.675,0.2444987775061124,3.111111111111111
2020-07-23 07:00:00,7,26,0,5,20,0,1,1,13,1,14,1,16.35,484.5,3.0,8.18,65.0,1.0384615384615383,316.4523068017366,2.4058538649614447,0.65,0.1222493887530562,3.1153846153846154
2020-07-23 08:00:00,8,28,0,4,23,0,1,6,12,1,13,1,15.65,501.0,3.0,7.68,70.0,1.0617283950617284,303.39430680173666,4.549553571428572,0.7,0.78125,3.071428571428572
2020-07-23 09:00:00,9,32,1,5,25,0,1,4,13,2,15,2,16.65,554.0,3.0,7.68,80.0,1.346666666666667,345.28261360347324,4.168880208333333,0.8,0.5208333333333334,3.15625
2020-07-23 10:00:00,10,34,1,5,28,0,0,10,11,2,13,2,17.65,541.0,4.0,11.02,85.0,1.0092592592592593,328.41261360347323,5.634149140599979,0.85,0.9074410163339384,3.2058823529411766
2020-07-23 11:00:00,11,36,0,8,28,0,0,9,15,1,16,1,18.65,563.0,4.0,11.02,90.0,1.2083333333333333,377.6743068017366,5.531578947368421,0.9,0.8166969147005445,3.2222222222222223
2020-07-23 12:00:00,12,34,0,11,23,0,0,5,17,1,18,1,19.65,501.0,4.0,11.02,85.0,1.2840909090909092,405.82430680173655,4.332953453613751,0.85,0.4537205081669692,3.323529411764706
2020-07-23 13:00:00,13,37,0,10,26,1,0,8,17,1,18,1,20.65,221.5,4.0,11.02,92.5,1.3636363636363635,417.8993068017367,5.354441555893462,0.925,0.7259528130671506,3.2432432432432434
2020-07-23 14:00:00,14,30,1,9,20,0,0,5,17,0,17,0,21.65,135.0,4.0,11.02,75.0,1.0978260869565215,394.256,4.052525710828796,0.75,0.4537205081669692,3.3666666666666667
2020-07-23 15:00:00,15,34,2,11,21,0,0,9,17,2,19,2,22.65,132.0,4.0,11.02,85.0,1.3928571428571428,437.0126136034732,5.7353982064695215,0.85,0.8166969147005445,3.4411764705882355
2020-07-23 16:00:00,16,32,2,11,19,0,0,5,15,3,18,3,23.183333333333334,171.5,4.0,11.02,80.0,1.2613636363636365,423.1989204052098,4.348843012704175,0.8,0.4537205081669692,3.46875
2020-07-23 17:00:00,17,27,1,10,16,0,0,4,14,3,17,3,24.183333333333334,222.0,4.0,11.02,67.5,1.0108695652173914,404.7139204052099,3.575252066948982,0.675,0.3629764065335753,3.4444444444444446
2020-07-23 18:00:00,18,26,1,9,16,0,0,5,15,2,17,2,25.183333333333334,272.0,4.0,11.02,65.0,0.967391304347826,407.3406136034732,3.778120201033087,0.65,0.4537205081669692,3.423076923076923
2020-07-23 19:00:00,19,18,1,6,11,0,0,0,12,1,13,1,26.183333333333334,332.0,4.0,11.02,45.0,0.5740740740740741,341.35230680173663,1.55,0.45,0.0,3.4444444444444446
2020-07-23 20:00:00,20,11,1,2,7,1,0,3,7,0,7,0,27.183333333333334,392.0,4.0,11.52,27.500000000000004,0.2727272727272727,250.709,1.7522727272727274,0.275,0.2604166666666667,3.272727272727273
2020-07-23 21:00:00,21,16,1,2,12,1,0,6,10,0,10,0,28.183333333333334,395.0,4.0,11.52,40.0,0.425,307.274,2.9351562500000004,0.4,0.5208333333333334,3.1875
2020-07-23 22:00:00,22,20,2,4,14,0,0,7,10,1,11,1,29.183333333333334,419.0,3.0,8.18,50.0,0.7816091954022989,335.7623068017366,4.6095354523227385,0.5,0.8557457212713937,3.4
2020-07-23 23:00:00,23,21,2,2,17,0,0,7,11,1,12,1,30.183333333333334,391.0,3.0,8.18,52.5,0.8214285714285714,356.9473068017366,4.536735941320294,0.525,0.8557457212713937,3.2857142857142856
2020-07-24 00:00:00,0,26,2,3,20,1,0,9,11,1,12,1,31.183333333333334,451.0,3.0,8.18,65.0,1.0,373.3123068017367,5.654636072973482,0.65,1.1002444987775062,3.230769230769231
2020-07-24 01:00:00,1,26,2,3,20,1,0,5,11,1,12,1,32.18333333333333,511.0,3.0,8.18,65.0,1.0,378.9523068017367,4.0747978183186015,0.65,0.6112469437652812,3.230769230769231
2020-07-24 02:00:00,2,27,2,3,22,0,0,4,11,1,12,1,33.18333333333333,571.0,3.0,8.18,67.5,1.0476190476190477,386.7373068017366,3.793769808928733,0.675,0.4889975550122249,3.259259259259259
2020-07-24 03:00:00,3,28,2,4,22,0,0,7,11,1,12,1,34.18333333333333,631.0,3.0,8.18,70.0,1.0952380952380951,394.5223068017366,5.111735941320293,0.7,0.8557457212713937,3.2857142857142856
2020-07-24 04:00:00,4,26,2,4,20,0,0,2,11,2,13,2,35.18333333333333,603.0,3.0,8.18,65.0,1.0617283950617284,410.1406136034732,2.958726725597141,0.65,0.2444987775061124,3.3076923076923075
2020-07-24 05:00:00,5,28,2,3,22,1,0,4,13,2,15,2,36.18333333333333,537.0,3.0,8.18,70.0,1.2,446.8706136034732,3.821777855396437,0.7,0.4889975550122249,3.2142857142857144
2020-07-24 06:00:00,6,25,2,2,20,1,0,0,13,2,15,2,37.18333333333333,597.0,3.0,8.18,62.5,1.0666666666666669,446.0756136034733,2.0,0.625,0.0,3.2
2020-07-24 07:00:00,7,28,2,1,24,1,0,6,13,1,14,1,38.18333333333333,720.0,3.0,8.18,70.0,1.1282051282051282,443.8823068017366,4.505274187914774,0.7,0.7334963325183375,3.142857142857143
2020-07-24 08:00:00,8,37,2,2,32,1,0,10,14,2,16,2,39.18333333333333,689.5,3.0,6.68,92.5,1.6111111111111112,496.4956136034732,7.593316070561578,0.925,1.497005988023952,3.135135135135135
2020-07-24 09:00:00,9,36,1,2,32,1,0,4,12,2,14,2,40.18333333333333,704.5,3.0,6.68,90.0,1.4230769230769231,473.1906136034732,4.621307385229541,0.9,0.5988023952095809,3.083333333333333
2020-07-24 10:00:00,10,31,1,2,27,1,0,1,11,2,13,2,41.18333333333333,747.0,4.0,9.93,77.5,0.8888888888888888,454.7056136034733,2.7118604424520028,0.775,0.1007049345417925,3.096774193548387
2020-07-24 11:00:00,11,29,1,2,24,2,0,6,11,2,13,2,42.18333333333333,807.0,4.0,9.93,72.5,0.8240740740740741,456.0556136034732,4.07935982914887,0.725,0.6042296072507553,3.0689655172413794
2020-07-24 12:00:00,12,27,0,6,21,0,0,9,14,1,15,1,24.25,261.0,4.0,9.93,67.5,0.87,376.5533068017366,5.095443101711984,0.675,0.9063444108761328,3.2222222222222223
2020-07-24 13:00:00,13,29,0,8,21,0,0,6,10,3,13,3,25.25,185.0,4.0,9.93,72.5,0.8796296296296297,361.4199204052098,4.354372851338681,0.725,0.6042296072507553,3.2758620689655173
2020-07-24 14:00:00,14,31,0,7,24,0,0,8,10,2,12,2,22.98333333333333,194.5,4.0,9.93,77.5,0.8928571428571429,338.65761360347324,5.098837020433356,0.775,0.8056394763343404,3.225806451612903
2020-07-24 15:00:00,15,21,0,5,16,0,0,4,6,0,6,0,8.65,143.5,4.0,9.93,52.5,0.5,154.231,3.0043686759698844,0.525,0.4028197381671702,3.238095238095238
2020-07-24 16:00:00,16,24,0,7,17,0,0,11,6,2,8,2,8.233333333333333,56.5,4.0,9.93,60.0,0.6171875,186.85261360347323,5.621357838200739,0.6,1.107754279959718,3.2916666666666665
2020-07-24 17:00:00,17,23,1,6,16,0,0,7,6,3,9,3,9.233333333333333,103.0,4.0,9.93,57.49999999999999,0.6209677419354839,204.61592040520983,4.284998248609834,0.575,0.7049345417925479,3.347826086956522
2020-07-24 18:00:00,18,26,1,7,17,1,0,11,8,2,10,2,10.233333333333333,150.0,4.0,9.93,65.0,0.7166666666666667,229.22261360347323,5.814110310635989,0.65,1.107754279959718,3.3076923076923075
2020-07-24 19:00:00,19,27,1,6,19,1,0,10,9,1,10,1,11.233333333333333,113.0,4.0,9.93,67.5,0.7333333333333333,236.1393068017366,5.48223490358435,0.675,1.0070493454179257,3.259259259259259
2020-07-24 20:00:00,20,26,0,5,20,1,0,6,8,0,8,0,5.45,90.5,4.0,11.31,65.0,0.640625,173.708,3.723127933074883,0.65,0.5305039787798409,3.1538461538461537
2020-07-24 21:00:00,21,30,0,7,21,2,0,7,9,1,10,1,6.45,131.5,4.0,11.31,75.0,0.7916666666666666,215.5963068017366,4.334917477158856,0.75,0.6189213085764811,3.1666666666666665
2020-07-24 22:00:00,22,23,0,5,16,2,0,7,7,1,8,1,5.15,122.0,3.0,8.059999999999999,57.49999999999999,0.75,166.4493068017366,4.518739885640307,0.575,0.8684863523573202,3.130434782608696
2020-07-24 23:00:00,23,23,0,4,18,1,0,6,10,0,10,0,6.15,134.5,3.0,8.059999999999999,57.49999999999999,0.8,198.021,4.130348473405977,0.575,0.7444168734491317,3.130434782608696
2020-07-25 00:00:00,0,28,0,3,23,2,0,9,10,0,10,0,7.15,194.5,3.0,8.059999999999999,70.0,0.9444444444444444,214.386,5.514755405884438,0.7,1.1166253101736974,3.0357142857142856
2020-07-25 01:00:00,1,24,0,4,19,1,0,5,10,0,10,0,8.15,254.5,3.0,8.059999999999999,60.0,0.8333333333333334,211.446,3.813585607940447,0.6,0.620347394540943,3.125
2020-07-25 02:00:00,2,26,0,4,21,1,0,6,11,0,11,0,9.15,281.0,3.0,8.059999999999999,65.0,0.9310344827586208,234.776,4.344144874976141,0.65,0.7444168734491317,3.1153846153846154
2020-07-25 03:00:00,3,25,0,4,20,1,0,3,11,0,11,0,10.15,341.0,3.0,8.059999999999999,62.5,0.896551724137931,238.271,3.1112903225806456,0.625,0.3722084367245658,3.12
2020-07-25 04:00:00,4,20,0,4,15,1,0,1,11,0,11,0,11.15,401.0,3.0,8.059999999999999,50.0,0.7241379310344828,233.186,1.965818858560794,0.5,0.1240694789081886,3.15
2020-07-25 05:00:00,5,22,0,4,17,1,0,3,14,0,14,0,12.15,433.5,3.0,8.059999999999999,55.00000000000001,0.8846153846153846,283.316,2.892381006090684,0.55,0.3722084367245658,3.136363636363636
2020-07-25 06:00:00,6,23,0,4,18,1,0,2,14,0,14,0,13.15,493.5,3.0,8.059999999999999,57.49999999999999,0.9230769230769232,291.101,2.576782824468659,0.575,0.2481389578163772,3.130434782608696
2020-07-25 07:00:00,7,22,0,4,17,1,0,0,14,0,14,0,14.15,553.5,3.0,8.059999999999999,55.00000000000001,0.8846153846153846,294.596,1.725,0.55,0.0,3.136363636363636
2020-07-25 08:00:00,8,18,0,3,15,0,0,0,14,0,14,0,15.15,613.5,3.0,6.3,45.0,0.7307692307692307,291.65599999999995,1.425,0.45,0.0,3.1666666666666665
2020-07-25 09:00:00,9,18,0,2,16,0,0,6,10,0,10,0,15.0,673.5,3.0,6.3,45.0,0.6222222222222222,237.21000000000004,4.362962962962963,0.45,0.9523809523809524,3.111111111111111
2020-07-25 10:00:00,10,21,0,2,19,0,0,10,11,0,11,0,15.166666666666666,315.0,4.0,10.0,52.5,0.5603448275862069,257.985,4.720238095238095,0.525,1.0,3.095238095238096
2020-07-25 11:00:00,11,19,1,1,17,0,0,5,11,0,11,0,16.166666666666668,375.0,4.0,10.0,47.5,0.5172413793103449,259.33500000000004,3.0789473684210527,0.475,0.5,3.1578947368421053
2020-07-25 12:00:00,12,26,1,2,22,1,0,13,15,1,16,1,14.683333333333334,49.5,4.0,10.0,65.0,0.84375,333.85230680173663,6.075,0.65,1.3,3.1153846153846154
2020-07-25 13:00:00,13,27,0,1,26,0,0,8,19,0,19,0,15.683333333333334,101.0,4.0,10.0,67.5,0.9761904761904762,380.969,4.47962962962963,0.675,0.8,3.037037037037037
2020-07-25 14:00:00,14,27,0,3,23,1,0,9,14,0,14,0,16.683333333333334,149.0,4.0,10.0,67.5,0.7980769230769231,319.609,4.841666666666667,0.675,0.9,3.074074074074074
2020-07-25 15:00:00,15,23,0,3,19,1,0,9,13,0,13,0,17.683333333333334,154.0,4.0,10.0,57.49999999999999,0.6574074074074074,303.269,4.553260869565218,0.575,0.9,3.0869565217391304
2020-07-25 16:00:00,16,20,0,2,17,1,0,5,12,0,12,0,18.683333333333334,225.5,4.0,10.0,50.0,0.5446428571428571,289.074,3.05,0.5,0.5,3.05
2020-07-25 17:00:00,17,24,1,4,18,1,0,8,12,1,13,1,19.683333333333334,149.0,4.0,10.0,60.0,0.7129629629629629,317.5623068017366,4.491666666666666,0.6,0.8,3.208333333333333
2020-07-25 18:00:00,18,27,0,5,21,1,0,8,14,0,14,0,20.683333333333334,179.5,4.0,10.0,67.5,0.8173076923076923,342.169,4.643518518518519,0.675,0.8,3.1481481481481484
2020-07-25 19:00:00,19,25,0,5,20,0,0,9,12,0,12,0,21.683333333333334,115.5,4.0,10.0,62.5,0.7142857142857143,316.719,4.88,0.625,0.9,3.2
2020-07-25 20:00:00,20,26,0,6,20,0,0,9,9,1,10,1,22.683333333333334,124.0,4.0,10.36,65.0,0.7,298.57230680173666,4.906652806652807,0.65,0.8687258687258688,3.230769230769231
2020-07-25 21:00:00,21,28,0,7,20,1,0,8,7,1,8,1,23.683333333333334,177.0,4.0,10.36,70.0,0.703125,281.7023068017366,4.732073910645339,0.7,0.7722007722007722,3.2142857142857144
2020-07-25 22:00:00,22,25,0,6,18,1,0,7,6,1,7,1,24.683333333333334,126.0,3.0,6.66,62.5,0.8080808080808081,267.5073068017366,5.363363363363364,0.625,1.0510510510510511,3.2
2020-07-25 23:00:00,23,20,0,4,15,1,0,3,6,0,6,0,25.683333333333334,398.0,3.0,6.66,50.0,0.6176470588235294,248.154,2.993918918918919,0.5,0.4504504504504504,3.15
2020-07-26 00:00:00,0,18,0,3,14,1,0,5,7,0,7,0,26.683333333333334,242.0,3.0,6.66,45.0,0.5656565656565656,262.904,3.7356690023356687,0.45,0.7507507507507507,3.111111111111111
2020-07-26 01:00:00,1,24,0,3,20,1,0,7,7,0,7,0,27.683333333333334,302.0,3.0,6.66,60.0,0.7474747474747475,281.414,5.090740740740742,0.6,1.0510510510510511,3.083333333333333
2020-07-26 02:00:00,2,19,0,3,15,1,0,2,8,0,8,0,28.683333333333334,330.0,3.0,6.66,47.5,0.6145833333333334,289.729,2.407511458827248,0.475,0.3003003003003003,3.1052631578947367
2020-07-26 03:00:00,3,19,0,3,15,1,0,3,9,0,9,0,29.683333333333334,358.0,3.0,6.66,47.5,0.6344086021505376,308.769,2.873767188240872,0.475,0.4504504504504504,3.1052631578947367
2020-07-26 04:00:00,4,22,1,3,16,2,0,4,10,1,11,1,30.683333333333334,395.0,3.0,6.66,55.00000000000001,0.7931034482758621,348.5123068017366,3.608701883701884,0.55,0.6006006006006006,3.136363636363636
2020-07-26 05:00:00,5,26,1,3,19,3,0,4,13,1,14,1,31.683333333333334,274.5,3.0,6.66,65.0,1.0256410256410255,402.93230680173656,3.8480018480018487,0.65,0.6006006006006006,3.076923076923077
2020-07-26 06:00:00,6,24,0,3,19,2,0,1,14,0,14,0,32.68333333333333,334.5,3.0,6.66,60.0,0.935897435897436,403.414,2.2817067067067067,0.6,0.1501501501501501,3.0416666666666665
2020-07-26 07:00:00,7,27,0,3,22,2,0,5,15,0,15,0,33.68333333333333,338.0,3.0,6.66,67.5,1.0933333333333333,428.889,4.330057835613391,0.675,0.7507507507507507,3.037037037037037
2020-07-26 08:00:00,8,29,0,2,25,2,0,7,16,0,16,0,34.68333333333333,316.5,3.0,6.5,72.5,1.2083333333333333,452.219,5.405769230769231,0.725,1.0769230769230769,3.0
2020-07-26 09:00:00,9,20,0,3,16,1,0,6,12,0,12,0,23.28333333333333,237.5,3.0,6.5,50.0,0.7380952380952381,315.01800000000003,4.411538461538462,0.5,0.9230769230769232,3.1
2020-07-26 10:00:00,10,22,0,2,19,1,0,6,11,0,11,0,24.28333333333333,184.0,4.0,9.76,55.00000000000001,0.5775862068965517,311.548,3.54720566318927,0.55,0.6147540983606558,3.0454545454545454
2020-07-26 11:00:00,11,23,0,6,16,1,0,7,12,0,12,0,25.28333333333333,179.0,4.0,9.76,57.49999999999999,0.6607142857142857,332.733,4.157555238774055,0.575,0.7172131147540983,3.217391304347826
2020-07-26 12:00:00,12,22,0,7,15,0,0,10,10,0,10,0,18.616666666666667,153.5,4.0,9.76,55.00000000000001,0.6083333333333333,266.188,5.224776453055141,0.55,1.024590163934426,3.3181818181818183
2020-07-26 13:00:00,13,30,0,8,22,0,0,13,13,0,13,0,19.616666666666667,162.0,4.0,9.76,75.0,0.9074074074074074,329.188,6.801092896174863,0.75,1.3319672131147542,3.2666666666666666
2020-07-26 14:00:00,14,23,0,6,16,1,0,4,9,0,9,0,20.616666666666667,197.0,4.0,9.76,57.49999999999999,0.5967741935483871,266.213,3.1686029935851745,0.575,0.4098360655737705,3.217391304347826
2020-07-26 15:00:00,15,18,0,2,15,1,0,6,5,0,5,0,21.616666666666667,151.0,4.0,9.76,45.0,0.3928571428571428,207.528,3.253415300546448,0.45,0.6147540983606558,3.055555555555556
2020-07-26 16:00:00,16,15,0,1,13,0,1,7,6,0,6,0,22.616666666666667,191.0,4.0,9.76,37.5,0.3235294117647059,220.133,3.2038251366120214,0.375,0.7172131147540983,2.933333333333333
2020-07-26 17:00:00,17,14,0,0,14,0,0,3,5,0,5,0,12.7,231.0,4.0,9.76,35.0,0.3,148.658,1.972131147540984,0.35,0.3073770491803279,3.0
2020-07-26 18:00:00,18,14,0,0,14,0,0,6,5,0,5,0,13.7,165.0,4.0,9.76,35.0,0.3,154.298,2.894262295081967,0.35,0.6147540983606558,3.0
2020-07-26 19:00:00,19,23,0,0,19,4,0,15,6,0,6,0,14.7,165.5,4.0,9.76,57.49999999999999,0.4779411764705882,192.643,5.9683713471133295,0.575,1.536885245901639,2.8260869565217392
2020-07-26 20:00:00,20,26,0,1,21,4,0,10,6,1,7,1,15.7,106.0,4.0,9.92,65.0,0.5681818181818182,218.9863068017366,4.78287841191067,0.65,1.0080645161290325,2.8846153846153846
2020-07-26 21:00:00,21,31,0,1,25,5,0,13,8,1,9,1,16.7,87.0,4.0,9.92,77.5,0.717741935483871,262.1513068017366,5.98735691987513,0.775,1.310483870967742,2.870967741935484
2020-07-26 22:00:00,22,30,0,2,22,6,0,10,9,1,10,1,17.7,116.5,3.0,6.66,75.0,0.9555555555555556,279.0463068017366,6.454304304304304,0.75,1.5015015015015014,2.8666666666666667
2020-07-26 23:00:00,23,28,0,3,22,3,0,8,10,2,12,2,18.7,146.5,3.0,6.66,70.0,1.0,308.0646136034732,5.703603603603604,0.7,1.2012012012012012,3.0
2020-07-27 00:00:00,0,25,0,3,20,2,0,8,9,3,12,3,19.7,206.5,3.0,6.66,62.5,0.9047619047619048,308.13792040520985,5.551651651651651,0.625,1.2012012012012012,3.04
2020-07-27 01:00:00,1,30,0,1,27,2,0,10,10,1,11,1,20.7,257.0,3.0,6.66,75.0,1.0229885057471264,309.3663068017366,6.679454454454454,0.75,1.5015015015015014,2.966666666666667
2020-07-27 02:00:00,2,25,0,1,23,1,0,3,10,1,11,1,21.7,317.0,3.0,6.66,62.5,0.8620689655172413,304.2813068017366,3.226351351351352,0.625,0.4504504504504504,3.0
2020-07-27 03:00:00,3,20,0,1,18,1,0,3,9,0,9,0,22.7,377.0,3.0,6.66,50.0,0.6451612903225806,271.528,2.851351351351352,0.5,0.4504504504504504,3.0
2020-07-27 04:00:00,4,20,0,1,18,1,0,3,9,0,9,0,23.7,437.0,3.0,6.66,50.0,0.6451612903225806,277.168,2.851351351351352,0.5,0.4504504504504504,3.0
2020-07-27 05:00:00,5,24,0,2,21,1,0,5,10,0,10,0,24.7,482.0,3.0,6.66,60.0,0.8111111111111111,304.788,4.1085335335335325,0.6,0.7507507507507507,3.0416666666666665
2020-07-27 06:00:00,6,27,0,5,21,1,0,5,10,0,10,0,25.7,542.0,3.0,6.66,67.5,0.9444444444444444,316.86299999999994,4.4884745856968085,0.675,0.7507507507507507,3.1481481481481484
2020-07-27 07:00:00,7,24,0,5,18,1,0,1,10,0,10,0,26.7,602.0,3.0,6.66,60.0,0.8444444444444444,316.068,2.375475475475476,0.6,0.1501501501501501,3.1666666666666665
2020-07-27 08:00:00,8,26,0,5,20,1,0,5,10,0,10,0,27.7,662.0,3.0,7.46,65.0,0.9111111111111112,325.998,4.163837904722623,0.65,0.6702412868632708,3.1538461538461537
2020-07-27 09:00:00,9,22,0,4,17,1,0,4,7,0,7,0,28.7,666.0,3.0,7.46,55.00000000000001,0.696969696969697,282.858,3.4066963197660254,0.55,0.5361930294906166,3.136363636363636
2020-07-27 10:00:00,10,26,1,4,17,4,0,11,8,1,9,1,29.7,580.0,4.0,10.8,65.0,0.6451612903225806,324.74630680173664,5.133903133903134,0.65,1.0185185185185184,3.076923076923077
2020-07-27 11:00:00,11,29,1,5,19,4,0,12,10,1,11,1,30.7,138.0,4.0,10.8,72.5,0.7758620689655172,363.62130680173664,5.698275862068964,0.725,1.111111111111111,3.103448275862069
2020-07-27 12:00:00,12,23,0,4,18,1,0,6,10,0,10,0,31.7,298.0,4.0,10.8,57.49999999999999,0.6,342.12299999999993,3.5391304347826087,0.575,0.5555555555555555,3.130434782608696
2020-07-27 13:00:00,13,26,0,3,22,1,0,8,11,0,11,0,32.7,156.0,4.0,10.8,65.0,0.6896551724137931,367.598,4.27920227920228,0.65,0.7407407407407407,3.076923076923077
2020-07-27 14:00:00,14,31,0,6,22,3,0,12,14,1,15,1,33.7,125.0,4.0,10.8,77.5,0.96,438.4313068017366,5.840860215053763,0.775,1.111111111111111,3.096774193548387
2020-07-27 15:00:00,15,29,0,8,20,1,0,8,15,2,17,2,34.7,132.0,4.0,10.8,72.5,1.0217391304347827,467.44961360347327,4.751021711366538,0.725,0.7407407407407407,3.2413793103448274
2020-07-27 16:00:00,16,22,0,5,15,2,0,5,12,2,14,2,35.7,173.0,4.0,10.8,55.00000000000001,0.6634615384615384,417.8746136034732,3.177020202020202,0.55,0.4629629629629629,3.136363636363636
2020-07-27 17:00:00,17,24,1,6,16,1,0,8,15,3,18,3,36.7,193.5,4.0,10.8,60.0,0.8977272727272727,482.27292040520985,4.413271604938271,0.6,0.7407407407407407,3.2916666666666665
2020-07-27 18:00:00,18,24,1,6,16,1,0,5,12,2,14,2,34.93333333333333,218.0,4.0,10.8,60.0,0.7596153846153846,417.8406136034732,3.49891975308642,0.6,0.4629629629629629,3.2916666666666665
2020-07-27 19:00:00,19,20,0,6,14,0,0,7,10,1,11,1,21.1,197.0,4.0,10.8,50.0,0.5689655172413793,290.1723068017366,3.7888888888888888,0.5,0.6481481481481481,3.3
2020-07-27 20:00:00,20,20,0,5,14,1,0,8,9,1,10,1,8.933333333333334,212.5,4.0,11.4,50.0,0.5333333333333333,208.15230680173664,3.8456140350877193,0.5,0.7017543859649124,3.2
2020-07-27 21:00:00,21,20,0,5,15,0,0,10,8,1,9,1,6.95,123.0,4.0,11.4,50.0,0.5241935483870968,183.56630680173663,4.475877192982456,0.5,0.8771929824561404,3.25
2020-07-27 22:00:00,22,21,0,7,13,1,0,6,9,1,10,1,7.95,178.0,3.0,8.059999999999999,52.5,0.7666666666666667,204.7513068017366,4.170941155618576,0.525,0.7444168734491317,3.2857142857142856
2020-07-27 23:00:00,23,21,0,7,14,0,0,4,9,1,10,1,8.95,238.0,3.0,8.059999999999999,52.5,0.7777777777777778,210.39130680173665,3.4042597187758483,0.525,0.4962779156327544,3.333333333333333
2020-07-28 00:00:00,0,22,0,8,14,0,0,4,11,1,12,1,9.95,275.5,3.0,8.059999999999999,55.00000000000001,0.8809523809523809,244.97630680173663,3.519298443491992,0.55,0.4962779156327544,3.363636363636364
2020-07-28 01:00:00,1,25,0,7,18,0,0,4,10,1,11,1,10.95,353.0,3.0,8.059999999999999,62.5,0.942528735632184,243.6513068017366,3.677791563275434,0.625,0.4962779156327544,3.28
2020-07-28 02:00:00,2,23,0,6,17,0,0,3,11,0,11,0,11.316666666666666,378.0,3.0,8.059999999999999,57.49999999999999,0.8620689655172413,240.56100000000004,3.08872316323228,0.575,0.3722084367245658,3.260869565217391
2020-07-28 03:00:00,3,20,0,6,14,0,0,1,11,1,12,1,12.316666666666666,405.0,3.0,8.059999999999999,50.0,0.7857142857142857,254.03430680173665,2.059429280397022,0.5,0.1240694789081886,3.3
2020-07-28 04:00:00,4,20,0,5,14,1,0,2,11,0,11,0,13.316666666666666,498.0,3.0,8.059999999999999,50.0,0.735632183908046,245.406,2.394044665012407,0.5,0.2481389578163772,3.2
2020-07-28 05:00:00,5,19,0,4,14,1,0,1,11,0,11,0,14.316666666666666,558.0,3.0,8.059999999999999,47.5,0.6896551724137931,248.901,1.8917983544469117,0.475,0.1240694789081886,3.1578947368421053
2020-07-28 06:00:00,6,21,0,4,16,1,0,3,12,0,12,0,15.316666666666666,585.0,3.0,8.059999999999999,52.5,0.7857142857142857,272.231,2.8197979439914924,0.525,0.3722084367245658,3.142857142857143
2020-07-28 07:00:00,7,23,1,4,17,1,0,3,12,1,13,1,16.316666666666666,612.0,3.0,8.059999999999999,57.49999999999999,0.9135802469135802,296.42930680173663,3.047540187722516,0.575,0.3722084367245658,3.217391304347826
2020-07-28 08:00:00,8,22,1,4,16,1,0,3,12,1,13,1,17.316666666666666,672.0,3.0,7.76,55.00000000000001,0.8765432098765432,299.92430680173663,3.0226569821930647,0.55,0.3865979381443299,3.227272727272727
2020-07-28 09:00:00,9,24,1,6,15,2,0,8,13,1,14,1,18.316666666666663,721.0,3.0,7.76,60.0,1.0,323.2543068017366,5.300515463917526,0.6,1.0309278350515465,3.25
2020-07-28 10:00:00,10,26,1,7,15,3,0,10,11,0,11,0,19.316666666666663,528.0,4.0,11.02,65.0,0.7241379310344828,292.116,5.031732514309647,0.65,0.9074410163339384,3.230769230769231
2020-07-28 11:00:00,11,29,0,9,17,3,0,8,11,0,11,0,20.316666666666663,304.0,4.0,11.02,72.5,0.8017241379310345,304.19100000000003,4.653055572939483,0.725,0.7259528130671506,3.206896551724138
2020-07-28 12:00:00,12,28,0,8,18,2,0,7,14,0,14,0,21.316666666666663,146.5,4.0,11.02,70.0,0.8653846153846154,347.886,4.2917422867513615,0.7,0.6352087114337568,3.2142857142857144
2020-07-28 13:00:00,13,29,0,9,19,1,0,8,19,0,19,0,22.316666666666663,154.0,4.0,11.02,72.5,1.130952380952381,422.671,4.753121284185493,0.725,0.7259528130671506,3.2758620689655173
2020-07-28 14:00:00,14,30,0,9,18,2,1,6,18,0,18,0,23.316666666666663,209.5,4.0,11.02,75.0,1.0795454545454546,417.056,4.099137931034483,0.75,0.544464609800363,3.1666666666666665
2020-07-28 15:00:00,15,27,0,9,17,1,0,4,16,0,16,0,24.316666666666663,289.5,4.0,11.02,67.5,0.9270833333333334,389.461,3.421477784499563,0.675,0.3629764065335753,3.2962962962962963
2020-07-28 16:00:00,16,32,0,10,21,1,0,10,20,0,20,0,25.316666666666663,279.0,4.0,11.02,80.0,1.3125,459.426,5.602540834845735,0.8,0.9074410163339384,3.28125
2020-07-28 17:00:00,17,31,0,12,18,1,0,4,19,1,20,1,26.316666666666663,339.0,4.0,11.02,77.5,1.3,463.7893068017366,3.817727299338447,0.775,0.3629764065335753,3.3548387096774195
2020-07-28 18:00:00,18,28,0,12,15,1,0,3,19,1,20,1,27.316666666666663,375.0,4.0,11.02,70.0,1.1875,462.99430680173657,3.2986453201970445,0.7,0.2722323049001815,3.392857142857143
2020-07-28 19:00:00,19,27,0,10,17,0,0,5,16,0,16,0,28.316666666666663,401.0,4.0,11.02,67.5,0.9479166666666666,412.021,3.804206157155341,0.675,0.4537205081669692,3.3703703703703702
2020-07-28 20:00:00,20,30,0,11,19,0,0,6,18,0,18,0,29.316666666666663,373.0,4.0,11.29,75.0,1.1477272727272727,450.896,4.31419397697077,0.75,0.5314437555358725,3.3666666666666667
2020-07-28 21:00:00,21,34,0,12,22,0,0,8,17,0,17,0,30.316666666666663,512.0,4.0,11.29,85.0,1.2391304347826086,451.716,5.225866201219194,0.85,0.70859167404783,3.3529411764705883
2020-07-28 22:00:00,22,27,1,10,16,0,0,8,11,1,12,1,31.316666666666663,493.0,3.0,8.03,67.5,1.1071428571428572,376.2093068017366,5.756576034315762,0.675,0.9962640099626402,3.4444444444444446
2020-07-28 23:00:00,23,29,1,10,18,0,0,7,11,1,12,1,31.183333333333334,455.0,3.0,8.03,72.5,1.1785714285714286,379.7473068017366,5.450909305621162,0.725,0.8717310087173101,3.413793103448276
2020-07-29 00:00:00,0,29,1,10,18,0,0,6,10,1,11,1,32.18333333333333,534.0,3.0,8.03,72.5,1.137931034482759,371.9873068017366,5.025779404818139,0.725,0.7471980074719802,3.413793103448276
2020-07-29 01:00:00,1,26,0,10,16,0,0,2,10,0,10,0,33.18333333333333,673.0,3.0,8.03,65.0,0.9777777777777776,356.924,3.0429926238145417,0.65,0.24906600249066,3.3846153846153846
2020-07-29 02:00:00,2,24,0,8,12,4,0,5,10,0,10,0,34.18333333333333,733.0,3.0,8.03,60.0,0.8444444444444444,358.274,3.871772519717725,0.6,0.6226650062266501,3.1666666666666665
2020-07-29 03:00:00,3,25,0,8,13,4,0,2,10,0,10,0,35.18333333333333,793.0,3.0,8.03,62.5,0.8777777777777778,366.059,2.762048567870486,0.625,0.24906600249066,3.16
2020-07-29 04:00:00,4,25,1,9,13,2,0,3,10,2,12,2,36.18333333333333,755.0,3.0,8.03,62.5,1.0,400.2356136034732,3.3552926525529267,0.625,0.3735990037359901,3.36
2020-07-29 05:00:00,5,23,1,9,11,2,0,1,10,2,12,2,37.18333333333333,815.0,3.0,8.03,57.49999999999999,0.9285714285714286,401.5856136034732,2.372329308571119,0.575,0.12453300124533,3.391304347826087
2020-07-29 06:00:00,6,24,0,10,12,2,0,3,10,1,11,1,38.18333333333333,894.0,3.0,8.03,60.0,0.9195402298850576,395.1023068017366,3.2453300124533,0.6,0.3735990037359901,3.333333333333333
2020-07-29 07:00:00,7,22,0,9,9,4,0,2,10,1,11,1,25.066666666666663,954.0,3.0,8.03,55.00000000000001,0.8160919540229885,316.8343068017366,2.578803917128948,0.55,0.24906600249066,3.227272727272727
2020-07-29 08:00:00,8,22,0,8,12,2,0,3,11,0,11,0,26.066666666666663,1014.0,3.0,6.68,55.00000000000001,0.8275862068965517,321.606,3.269787697332608,0.55,0.4491017964071856,3.272727272727273
2020-07-29 09:00:00,9,27,0,6,19,2,0,11,12,0,12,0,27.066666666666663,945.5,3.0,6.68,67.5,1.011904761904762,351.371,7.309076291860723,0.675,1.6467065868263473,3.1481481481481484
2020-07-29 10:00:00,10,36,0,8,27,1,0,12,14,2,16,2,28.066666666666663,77.5,4.0,10.38,90.0,1.1979166666666667,431.6526136034733,6.567999357739243,0.9,1.1560693641618498,3.1944444444444446
2020-07-29 11:00:00,11,35,0,7,27,1,0,8,14,2,16,2,29.066666666666663,129.5,4.0,10.38,87.5,1.15625,435.1476136034732,5.219260941370767,0.875,0.7707129094412332,3.1714285714285717
2020-07-29 12:00:00,12,41,2,7,30,2,0,8,16,2,18,2,30.066666666666663,173.5,4.0,10.38,102.5,1.5,480.4576136034732,5.78131961088397,1.025,0.7707129094412332,3.2195121951219514
2020-07-29 13:00:00,13,40,2,7,28,3,0,6,17,1,18,1,31.066666666666663,226.5,4.0,10.38,100.0,1.4545454545454546,483.0843068017366,5.04971098265896,1.0,0.5780346820809249,3.2
2020-07-29 14:00:00,14,37,2,7,25,3,0,6,15,1,16,1,32.06666666666667,259.5,4.0,10.38,92.5,1.2395833333333333,455.4893068017366,4.834084518044056,0.925,0.5780346820809249,3.216216216216216
2020-07-29 15:00:00,15,36,2,7,25,2,0,8,13,1,14,1,33.06666666666667,232.0,4.0,10.38,90.0,1.125,432.1843068017366,5.429816955684008,0.9,0.7707129094412332,3.25
2020-07-29 16:00:00,16,33,2,6,23,2,0,6,13,2,15,2,24.9,254.0,4.0,10.38,82.5,1.07,393.9576136034732,4.5492336661411805,0.825,0.5780346820809249,3.242424242424242
2020-07-29 17:00:00,17,34,2,6,25,1,0,9,12,2,14,2,25.9,320.5,4.0,10.38,85.0,1.0673076923076923,388.3426136034732,5.605669840190411,0.85,0.8670520231213874,3.264705882352941
2020-07-29 18:00:00,18,30,1,7,21,1,0,5,13,1,14,1,26.9,355.5,4.0,10.38,75.0,0.9423076923076924,384.5343068017365,4.0235388567758505,0.75,0.4816955684007707,3.2666666666666666
2020-07-29 19:00:00,19,26,1,9,16,0,0,7,12,0,12,0,27.9,437.5,4.0,10.38,65.0,0.7946428571428571,353.92600000000004,4.53343337779754,0.65,0.674373795761079,3.423076923076923
2020-07-29 20:00:00,20,30,1,12,17,0,0,10,11,1,12,1,28.9,313.5,4.0,10.48,75.0,0.9285714285714286,369.0143068017366,5.907888040712468,0.75,0.9541984732824428,3.466666666666667
2020-07-29 21:00:00,21,36,1,13,22,0,0,12,16,1,17,1,29.9,126.0,4.0,10.48,90.0,1.3369565217391304,454.5243068017367,6.987213740458015,0.9,1.1450381679389312,3.4166666666666665
2020-07-29 22:00:00,22,35,1,13,21,0,0,10,18,1,19,1,30.9,156.0,3.0,6.779999999999999,87.5,1.9047619047619049,484.8193068017366,8.056890012642224,0.875,1.4749262536873158,3.4285714285714284
2020-07-29 23:00:00,23,44,1,12,30,1,0,14,18,1,19,1,31.9,216.0,3.0,6.779999999999999,110.0,2.3015873015873014,509.76430680173655,10.429773397693753,1.1,2.064896755162242,3.2954545454545454
2020-07-30 00:00:00,0,42,2,11,29,0,0,9,20,2,22,2,32.9,246.0,3.0,6.779999999999999,105.0,2.611111111111111,552.1826136034732,7.981384323640961,1.05,1.327433628318584,3.357142857142857
2020-07-30 01:00:00,1,39,2,11,26,0,0,1,19,2,21,2,33.9,316.0,3.0,6.779999999999999,97.5,2.3157894736842106,537.9876136034732,3.799205808940322,0.975,0.1474926253687316,3.3846153846153846
2020-07-30 02:00:00,2,38,1,11,26,0,0,3,19,1,20,1,34.9,386.0,3.0,6.779999999999999,95.0,2.1166666666666667,527.2143068017366,4.65380763856544,0.95,0.4424778761061947,3.3421052631578947
2020-07-30 03:00:00,3,39,1,11,26,1,0,5,19,1,20,1,35.9,426.0,3.0,6.779999999999999,97.5,2.15,534.9993068017366,5.664301111867483,0.975,0.7374631268436579,3.3076923076923075
2020-07-30 04:00:00,4,39,1,12,25,1,0,3,20,0,20,0,36.9,486.0,3.0,6.779999999999999,97.5,2.1666666666666665,539.771,4.724926253687316,0.975,0.4424778761061947,3.333333333333333
2020-07-30 05:00:00,5,37,1,12,23,1,0,0,20,0,20,0,37.9,546.0,3.0,6.779999999999999,92.5,2.066666666666667,541.121,3.1,0.925,0.0,3.3513513513513518
2020-07-30 06:00:00,6,39,1,13,24,1,0,2,20,0,20,0,38.9,606.0,3.0,6.779999999999999,97.5,2.183333333333333,551.0509999999999,4.265847893502761,0.975,0.2949852507374632,3.358974358974359
2020-07-30 07:00:00,7,41,1,14,25,1,0,4,21,0,21,0,39.9,656.0,3.0,6.779999999999999,102.5,2.421052631578948,574.381,5.435754370818044,1.025,0.5899705014749264,3.365853658536585
2020-07-30 08:00:00,8,40,1,13,25,1,0,7,21,0,21,0,40.9,716.0,3.0,6.6,100.0,2.3508771929824563,577.876,6.903030303030303,1.0,1.0606060606060606,3.35
2020-07-30 09:00:00,9,39,1,10,27,1,0,3,17,0,17,0,41.9,766.0,3.0,6.6,97.5,1.855072463768116,527.771,4.691841491841492,0.975,0.4545454545454546,3.282051282051282
2020-07-30 10:00:00,10,38,1,7,29,1,0,7,15,0,15,0,42.9,728.0,4.0,9.64,95.0,1.22,504.466,5.381295042585717,0.95,0.7261410788381742,3.210526315789474
2020-07-30 11:00:00,11,36,1,6,29,0,0,12,14,0,14,0,43.9,705.5,4.0,9.64,90.0,1.1153846153846154,492.416,6.91106500691563,0.9,1.2448132780082988,3.2222222222222223
2020-07-30 12:00:00,12,33,1,5,27,0,0,3,13,0,13,0,44.9,775.0,4.0,9.64,82.5,0.9814814814814816,478.221,3.6496227838551487,0.825,0.3112033195020747,3.212121212121212
2020-07-30 13:00:00,13,32,1,6,25,0,0,8,10,2,12,2,45.9,734.0,4.0,9.64,80.0,0.9285714285714286,470.0526136034732,5.297095435684647,0.8,0.8298755186721991,3.25
2020-07-30 14:00:00,14,33,3,8,22,0,0,6,9,3,12,3,46.9,251.5,4.0,9.64,82.5,1.0089285714285714,478.7059204052098,4.956271218408148,0.825,0.6224066390041494,3.4242424242424243
2020-07-30 15:00:00,15,25,3,8,14,0,0,6,9,3,12,3,47.9,172.0,4.0,9.64,62.5,0.7946428571428571,467.1859204052098,4.440767634854772,0.625,0.6224066390041494,3.56
2020-07-30 16:00:00,16,21,1,9,11,0,0,5,8,2,10,2,48.9,173.0,4.0,9.64,52.5,0.6166666666666667,436.5776136034732,3.677702035170914,0.525,0.5186721991701244,3.523809523809524
2020-07-30 17:00:00,17,23,0,9,10,2,2,10,8,2,10,2,49.9,169.0,4.0,9.64,57.49999999999999,0.6,446.5076136034732,5.047338986108605,0.575,1.0373443983402488,3.130434782608696
2020-07-30 18:00:00,18,21,0,8,11,1,1,7,10,2,12,2,24.166666666666668,136.0,4.0,9.64,52.5,0.6071428571428571,323.8816136034733,4.051313969571231,0.525,0.7261410788381742,3.238095238095238
2020-07-30 19:00:00,19,20,0,8,10,2,0,7,11,1,12,1,25.166666666666668,196.0,4.0,9.64,50.0,0.5892857142857143,326.50830680173664,4.046265560165975,0.5,0.7261410788381742,3.3
2020-07-30 20:00:00,20,29,0,8,16,5,0,10,14,1,15,1,26.166666666666668,129.0,4.0,10.78,72.5,0.9,391.6533068017367,5.128894504510267,0.725,0.9276437847866418,3.103448275862069
2020-07-30 21:00:00,21,28,0,6,21,1,0,10,13,0,13,0,27.166666666666668,177.0,4.0,10.78,70.0,0.8240740740740741,367.48,5.173582030214683,0.7,0.9276437847866418,3.1785714285714284
2020-07-30 22:00:00,22,28,0,5,20,3,0,10,11,0,11,0,28.166666666666668,237.0,3.0,7.74,70.0,0.9885057471264368,346.32,6.118253968253969,0.7,1.2919896640826871,3.071428571428572
2020-07-30 23:00:00,23,26,0,5,19,2,0,4,12,0,12,0,29.166666666666668,254.5,3.0,7.74,65.0,0.9642857142857144,361.0700000000001,3.6350178890876568,0.65,0.5167958656330749,3.1153846153846154
2020-07-31 00:00:00,0,27,1,7,16,3,0,7,12,0,12,0,30.166666666666668,314.5,3.0,7.74,67.5,1.0357142857142858,368.855,5.089154464542061,0.675,0.9043927648578812,3.2222222222222223
2020-07-31 01:00:00,1,29,1,7,18,3,0,6,12,0,12,0,31.166666666666668,374.5,3.0,7.74,72.5,1.1071428571428572,378.785,4.810966319165998,0.725,0.7751937984496123,3.206896551724138
2020-07-31 02:00:00,2,32,1,7,22,2,0,5,13,0,13,0,32.166666666666664,392.0,3.0,7.74,80.0,1.271604938271605,404.26,4.654295865633075,0.8,0.6459948320413437,3.21875
2020-07-31 03:00:00,3,33,2,8,21,2,0,5,13,1,14,1,33.166666666666664,449.5,3.0,7.74,82.5,1.3974358974358974,426.3133068017365,4.858740505833529,0.825,0.6459948320413437,3.303030303030303
2020-07-31 04:00:00,4,32,1,9,20,2,0,3,15,0,15,0,34.166666666666664,507.0,3.0,7.74,80.0,1.4,442.34,3.896802325581396,0.8,0.3875968992248061,3.28125
2020-07-31 05:00:00,5,30,1,8,19,2,0,4,16,0,16,0,35.166666666666664,560.5,3.0,7.74,75.0,1.3611111111111112,457.09,4.138199827734711,0.75,0.5167958656330749,3.2666666666666666
2020-07-31 06:00:00,6,32,1,9,20,2,0,4,16,0,16,0,36.16666666666666,620.5,3.0,7.74,80.0,1.4583333333333333,467.02,4.320736434108527,0.8,0.5167958656330749,3.28125
2020-07-31 07:00:00,7,33,1,10,20,2,0,3,17,0,17,0,37.16666666666666,674.0,3.0,7.74,82.5,1.579710144927536,488.205,4.005244303500118,0.825,0.3875968992248061,3.303030303030303
2020-07-31 08:00:00,8,32,1,10,19,2,0,2,17,0,17,0,38.16666666666666,734.0,3.0,6.6,80.0,1.536231884057971,491.69999999999993,3.653787878787879,0.8,0.303030303030303,3.3125
2020-07-31 09:00:00,9,31,1,6,22,2,0,8,14,0,14,0,35.13333333333333,499.0,3.0,6.6,77.5,1.2692307692307692,432.247,6.345967741935484,0.775,1.2121212121212122,3.193548387096774
2020-07-31 10:00:00,10,40,1,7,31,1,0,13,16,1,17,1,36.13333333333333,339.0,4.0,9.64,100.0,1.391304347826087,498.2603068017365,7.515352697095435,1.0,1.3485477178423235,3.2
2020-07-31 11:00:00,11,37,1,6,28,2,0,5,16,1,17,1,37.13333333333333,399.0,4.0,9.64,92.5,1.2717391304347827,497.4653068017366,4.565125602781205,0.925,0.5186721991701244,3.1621621621621623
2020-07-31 12:00:00,12,35,2,4,28,1,0,7,15,0,15,0,22.0,182.0,4.0,9.64,87.5,1.12,380.155,5.123651452282158,0.875,0.7261410788381742,3.2
2020-07-31 13:00:00,13,34,2,2,28,2,0,8,14,0,14,0,18.95,211.5,4.0,9.64,85.0,1.0192307692307692,347.408,5.237258969978032,0.85,0.8298755186721991,3.117647058823529
2020-07-31 14:00:00,14,33,2,2,28,1,0,5,11,0,11,0,16.866666666666667,168.0,4.0,9.64,82.5,0.896551724137931,293.313,4.234603294354331,0.825,0.5186721991701244,3.1515151515151514
2020-07-31 15:00:00,15,32,2,5,24,1,0,6,12,0,12,0,17.866666666666667,181.5,4.0,9.64,80.0,0.9285714285714286,310.208,4.622821576763486,0.8,0.6224066390041494,3.25
2020-07-31 16:00:00,16,23,2,5,14,2,0,5,12,0,12,0,18.866666666666667,131.5,4.0,9.64,57.49999999999999,0.6785714285714286,296.543,3.6138733537795416,0.575,0.5186721991701244,3.3043478260869565
2020-07-31 17:00:00,17,27,1,6,18,2,0,6,14,0,14,0,19.866666666666667,144.5,4.0,9.64,67.5,0.8365384615384616,337.563,4.180532503457815,0.675,0.6224066390041494,3.2222222222222223
2020-07-31 18:00:00,18,25,1,5,16,3,0,4,11,0,11,0,20.866666666666667,193.0,4.0,9.64,62.5,0.6810344827586207,298.713,3.2862033195020746,0.625,0.4149377593360995,3.16
2020-07-31 19:00:00,19,24,1,6,15,2,0,8,6,1,7,1,10.816666666666666,216.0,4.0,9.64,60.0,0.5909090909090909,187.15430680173665,4.647095435684647,0.6,0.8298755186721991,3.25
2020-07-31 20:00:00,20,23,1,6,16,0,0,9,2,1,3,1,11.716666666666669,276.0,4.0,9.81,57.49999999999999,0.5202702702702703,136.4853068017366,4.996400079776626,0.575,0.9174311926605506,3.347826086956522
2020-07-31 21:00:00,21,26,1,4,21,0,0,9,3,1,4,1,12.716666666666669,105.0,4.0,9.81,65.0,0.5833333333333334,161.96030680173664,5.064008468595626,0.65,0.9174311926605506,3.230769230769231
2020-07-31 22:00:00,22,23,1,3,18,0,1,6,5,0,5,0,13.716666666666669,84.0,3.0,6.77,57.49999999999999,0.6857142857142857,173.697,4.574388285916126,0.575,0.8862629246676514,3.130434782608696
2020-07-31 23:00:00,23,24,1,4,16,2,1,8,6,0,6,0,14.716666666666669,104.0,3.0,6.77,60.0,0.7254901960784313,194.882,5.493525356967012,0.6,1.1816838995568686,3.083333333333333
