ts,hour,census,l1,l2,l3,l4,l5,arrivals,waitBed,waitICU,D_board,vent,maxLOS_h,awt_curr_min,Na,cap_sum,OCCUPANCY,EDWIN,NEDOCS,READI,READI_BR,READI_PR,READI_AR
2020-05-01 00:00:00,0,22,1,3,18,0,0,5,8,2,10,2,11.65,220.0,3.0,6.77,55.00000000000001,0.7888888888888889,228.6326136034733,4.158510138310729,0.55,0.7385524372230429,3.227272727272727
2020-05-01 01:00:00,1,24,2,2,20,0,0,5,10,1,11,1,11.05,268.0,3.0,6.77,60.0,0.896551724137931,242.0703068017366,4.35029542097489,0.6,0.7385524372230429,3.25
2020-05-01 02:00:00,2,21,2,1,17,1,0,4,11,1,12,1,12.05,308.5,3.0,6.77,52.5,0.7976190476190477,254.6753068017366,3.5600671731026234,0.525,0.5908419497784343,3.1904761904761907
2020-05-01 03:00:00,3,22,2,1,18,1,0,2,11,1,12,1,13.05,368.5,3.0,6.77,55.00000000000001,0.8333333333333334,262.46030680173664,2.689975829192964,0.55,0.2954209748892171,3.1818181818181817
2020-05-01 04:00:00,4,20,1,1,18,0,0,2,12,1,13,1,14.05,409.0,3.0,6.77,50.0,0.7777777777777778,277.21030680173664,2.505576070901034,0.5,0.2954209748892171,3.15
2020-05-01 05:00:00,5,19,1,1,16,1,0,1,11,1,12,1,15.05,488.5,3.0,6.77,47.5,0.7023809523809523,267.3053068017366,1.933679934696416,0.475,0.1477104874446085,3.1052631578947367
2020-05-01 06:00:00,6,20,2,1,16,1,0,2,11,2,13,2,16.05,529.0,3.0,6.77,50.0,0.7901234567901234,289.35861360347326,2.545347119645495,0.5,0.2954209748892171,3.2
2020-05-01 07:00:00,7,19,2,2,15,0,0,2,12,2,14,2,16.533333333333335,577.0,3.0,6.77,47.5,0.8076923076923077,303.3396136034732,2.554553758843194,0.475,0.2954209748892171,3.3157894736842106
2020-05-01 08:00:00,8,23,2,2,15,3,1,6,12,2,14,2,17.533333333333335,637.0,3.0,6.68,57.49999999999999,0.8974358974358975,317.5596136034732,4.4836631085654775,0.575,0.8982035928143713,3.0434782608695654
2020-05-01 09:00:00,9,24,1,2,15,5,1,8,9,2,11,2,18.53333333333333,498.0,3.0,6.68,60.0,0.7931034482758621,285.14461360347326,5.16811377245509,0.6,1.1976047904191618,2.875
2020-05-01 10:00:00,10,24,0,3,16,4,1,8,8,1,9,1,19.53333333333333,513.0,4.0,11.4,60.0,0.5564516129032258,263.11630680173664,3.742543859649123,0.6,0.7017543859649124,2.875
2020-05-01 11:00:00,11,24,0,6,11,6,1,7,8,1,9,1,20.53333333333333,157.0,4.0,11.4,60.0,0.5645161290322581,268.7563068017366,3.54093567251462,0.6,0.6140350877192983,2.9166666666666665
2020-05-01 12:00:00,12,19,1,5,10,2,1,7,6,3,9,3,21.53333333333333,80.0,4.0,11.4,47.5,0.4838709677419355,265.4079204052099,3.4390581717451525,0.475,0.6140350877192983,3.1578947368421053
2020-05-01 13:00:00,13,17,1,5,9,2,0,5,6,2,8,2,17.366666666666667,131.0,4.0,11.4,42.5,0.4375,223.3496136034732,2.8447884416924665,0.425,0.4385964912280702,3.294117647058824
2020-05-01 14:00:00,14,12,0,5,6,1,0,4,4,2,6,2,5.75,177.5,4.0,11.4,30.0,0.2941176470588235,120.30661360347324,2.169590643274854,0.3,0.3508771929824562,3.333333333333333
2020-05-01 15:00:00,15,12,0,4,6,2,0,3,4,1,5,1,6.2,85.0,4.0,11.4,30.0,0.2714285714285714,108.5763068017366,1.7833333333333332,0.3,0.2631578947368421,3.1666666666666665
2020-05-01 16:00:00,16,14,0,4,9,1,0,7,5,2,7,2,5.333333333333333,20.0,4.0,11.4,35.0,0.3409090909090909,135.6466136034732,3.098684210526316,0.35,0.6140350877192983,3.2142857142857144
2020-05-01 17:00:00,17,14,0,3,11,0,0,6,3,3,6,3,5.15,65.0,4.0,11.4,35.0,0.3308823529411764,122.08092040520984,2.816729323308271,0.35,0.5263157894736843,3.2142857142857144
2020-05-01 18:00:00,18,14,0,2,12,0,0,5,3,2,5,2,6.15,96.0,4.0,11.4,35.0,0.3142857142857143,113.45261360347322,2.4784461152882207,0.35,0.4385964912280702,3.142857142857143
2020-05-01 19:00:00,19,12,0,3,9,0,0,3,1,1,2,1,7.15,147.0,4.0,11.4,30.0,0.2565789473684211,73.73430680173661,1.8302631578947368,0.3,0.2631578947368421,3.25
2020-05-01 20:00:00,20,8,0,2,6,0,0,3,2,1,3,1,4.0,174.0,4.0,11.22,20.0,0.1756756756756756,60.78830680173661,1.5189839572192514,0.2,0.267379679144385,3.25
2020-05-01 21:00:00,21,12,0,4,8,0,0,7,5,0,5,0,3.9,53.0,4.0,11.22,30.0,0.2857142857142857,94.736,3.0796197266785503,0.3,0.6238859180035651,3.333333333333333
2020-05-01 22:00:00,22,17,2,7,8,0,0,8,8,0,8,0,4.9,85.5,3.0,6.5,42.5,0.6458333333333334,151.301,6.03868778280543,0.425,1.2307692307692308,3.647058823529412
2020-05-01 23:00:00,23,21,4,6,10,1,0,7,8,2,10,2,5.9,121.0,3.0,6.5,52.5,0.8444444444444444,194.05761360347324,5.797435897435898,0.525,1.0769230769230769,3.619047619047619
2020-05-02 00:00:00,0,18,4,6,8,0,0,3,8,2,10,2,6.9,181.0,3.0,6.5,45.0,0.7555555555555555,193.26261360347323,3.443589743589744,0.45,0.4615384615384615,3.7777777777777777
2020-05-02 01:00:00,1,20,4,7,8,1,0,5,10,1,11,1,7.9,219.0,3.0,6.5,50.0,0.8505747126436781,215.7243068017366,4.696153846153846,0.5,0.7692307692307693,3.7
2020-05-02 02:00:00,2,16,3,7,6,0,0,0,10,0,10,0,8.9,301.0,3.0,6.5,40.0,0.6777777777777778,198.516,1.525,0.4,0.0,3.8125
2020-05-02 03:00:00,3,17,3,7,6,0,1,2,11,0,11,0,9.9,339.0,3.0,6.5,42.5,0.7126436781609196,219.701,2.6721719457013577,0.425,0.3076923076923077,3.647058823529412
2020-05-02 04:00:00,4,19,3,7,8,0,1,2,11,0,11,0,10.9,399.0,3.0,6.5,47.5,0.7816091954022989,229.631,2.8012145748987853,0.475,0.3076923076923077,3.5789473684210527
2020-05-02 05:00:00,5,21,3,7,10,0,1,2,12,0,12,0,11.9,456.0,3.0,6.5,52.5,0.8809523809523809,252.961,2.9342490842490845,0.525,0.3076923076923077,3.523809523809524
2020-05-02 06:00:00,6,18,3,6,8,0,1,0,12,0,12,0,12.9,516.0,3.0,6.5,45.0,0.7619047619047619,252.16600000000005,1.6,0.45,0.0,3.555555555555556
2020-05-02 07:00:00,7,20,3,6,10,0,1,2,12,0,12,0,13.9,576.0,3.0,6.5,50.0,0.8333333333333334,262.096,2.826923076923077,0.5,0.3076923076923077,3.5
2020-05-02 08:00:00,8,24,3,7,13,0,1,5,15,0,15,0,14.9,630.0,3.0,7.76,60.0,1.106666666666667,316.516,4.3033075601374575,0.6,0.6443298969072165,3.458333333333333
2020-05-02 09:00:00,9,26,3,5,17,0,1,8,15,0,15,0,15.9,88.0,3.0,7.76,65.0,1.16,326.446,5.624643140364791,0.65,1.0309278350515465,3.3461538461538463
2020-05-02 10:00:00,10,32,4,7,19,0,2,9,20,0,20,0,16.9,80.5,4.0,11.46,80.0,1.3375,411.956,5.30098167539267,0.8,0.7853403141361256,3.34375
2020-05-02 11:00:00,11,34,4,8,20,2,0,8,20,1,21,1,13.55,120.0,4.0,11.46,85.0,1.5263157894736843,411.6203068017367,5.281685658556617,0.85,0.6980802792321117,3.411764705882353
2020-05-02 12:00:00,12,32,2,8,21,1,0,9,19,1,20,1,14.55,126.5,4.0,11.46,80.0,1.3375,399.5703068017366,5.30098167539267,0.8,0.7853403141361256,3.34375
2020-05-02 13:00:00,13,28,1,7,19,1,0,4,14,0,14,0,15.55,194.5,4.0,11.46,70.0,0.8846153846153846,315.362,3.4468461730241837,0.7,0.3490401396160558,3.2857142857142856
2020-05-02 14:00:00,14,20,1,3,16,0,0,5,11,0,11,0,15.483333333333333,222.0,4.0,11.46,50.0,0.5603448275862069,257.626,3.0429755671902265,0.5,0.4363001745200697,3.25
2020-05-02 15:00:00,15,20,1,4,13,2,0,5,10,0,10,0,16.483333333333334,240.5,4.0,11.46,50.0,0.5333333333333333,249.866,2.9961605584642235,0.5,0.4363001745200697,3.2
2020-05-02 16:00:00,16,14,0,3,10,1,0,6,7,0,7,0,12.15,255.0,4.0,11.46,35.0,0.3333333333333333,172.356,2.745474943904263,0.35,0.5235602094240838,3.142857142857143
2020-05-02 17:00:00,17,16,0,3,10,3,0,9,6,2,8,2,12.7,122.5,4.0,11.46,40.0,0.375,194.8846136034732,3.556020942408377,0.4,0.7853403141361256,3.0
2020-05-02 18:00:00,18,13,0,4,9,0,0,4,4,2,6,2,13.7,99.0,4.0,11.46,32.5,0.3161764705882353,167.28961360347324,2.2295173848838767,0.325,0.3490401396160558,3.3076923076923075
2020-05-02 19:00:00,19,10,0,2,8,0,0,5,3,2,5,2,14.7,112.0,4.0,11.46,25.0,0.2285714285714285,153.09461360347322,2.196160558464223,0.25,0.4363001745200697,3.2
2020-05-02 20:00:00,20,15,0,3,10,1,1,11,4,2,6,2,15.7,121.0,4.0,10.5,37.5,0.3308823529411764,182.85961360347324,4.267857142857143,0.375,1.0476190476190477,3.0
2020-05-02 21:00:00,21,13,0,5,6,2,0,4,6,1,7,1,16.7,130.0,4.0,10.5,32.5,0.3181818181818182,196.74130680173656,2.2807692307692307,0.325,0.3809523809523809,3.230769230769231
2020-05-02 22:00:00,22,13,0,5,8,0,0,4,7,1,8,1,17.7,105.5,3.0,6.8,32.5,0.4583333333333333,215.7813068017366,3.090950226244344,0.325,0.5882352941176471,3.3846153846153846
2020-05-02 23:00:00,23,24,0,5,11,8,0,13,8,1,9,1,18.7,144.0,3.0,6.8,60.0,0.7419354838709677,258.4163068017366,7.221323529411764,0.6,1.911764705882353,2.875
2020-05-03 00:00:00,0,16,0,5,10,1,0,7,9,1,10,1,12.1,170.0,3.0,6.8,40.0,0.5777777777777777,217.43230680173664,4.645588235294119,0.4,1.0294117647058825,3.25
2020-05-03 01:00:00,1,18,0,5,10,3,0,4,9,1,10,1,13.1,230.0,3.0,6.8,45.0,0.6222222222222222,227.36230680173665,3.2300653594771247,0.45,0.5882352941176471,3.111111111111111
2020-05-03 02:00:00,2,16,0,5,10,1,0,4,9,1,10,1,14.1,290.0,3.0,6.8,40.0,0.5777777777777777,228.7123068017366,3.211764705882353,0.4,0.5882352941176471,3.25
2020-05-03 03:00:00,3,18,1,4,12,1,0,4,11,2,13,2,15.1,304.0,3.0,6.8,45.0,0.7283950617283951,279.71061360347323,3.403104575163399,0.45,0.5882352941176471,3.2777777777777777
2020-05-03 04:00:00,4,20,1,4,14,1,0,2,11,2,13,2,16.1,364.0,3.0,6.8,50.0,0.8024691358024691,289.64061360347324,2.5808823529411766,0.5,0.2941176470588235,3.25
2020-05-03 05:00:00,5,21,1,5,13,2,0,4,13,2,15,2,17.1,396.0,3.0,6.8,52.5,0.9066666666666666,324.2256136034732,3.604761904761905,0.525,0.5882352941176471,3.238095238095238
2020-05-03 06:00:00,6,21,0,5,15,1,0,3,13,1,14,1,18.1,470.0,3.0,6.8,52.5,0.8589743589743589,315.59730680173664,3.082563025210084,0.525,0.4411764705882353,3.1904761904761907
2020-05-03 07:00:00,7,22,0,5,16,1,0,3,13,1,14,1,19.1,530.0,3.0,6.8,55.00000000000001,0.8974358974358975,323.3823068017366,3.153743315508021,0.55,0.4411764705882353,3.1818181818181817
2020-05-03 08:00:00,8,19,0,6,12,1,0,2,13,1,14,1,20.1,558.0,3.0,7.67,47.5,0.7948717948717948,322.58730680173664,2.400888629657586,0.475,0.2607561929595828,3.263157894736842
2020-05-03 09:00:00,9,19,0,6,13,0,0,4,11,1,12,1,21.1,598.0,3.0,7.67,47.5,0.75,301.4273068017366,3.304225279626707,0.475,0.5215123859191656,3.3157894736842106
2020-05-03 10:00:00,10,23,1,6,15,1,0,11,9,1,10,1,16.866666666666667,450.5,4.0,10.71,57.49999999999999,0.6333333333333333,259.3313068017366,5.293821296634595,0.575,1.0270774976657329,3.3043478260869565
2020-05-03 11:00:00,11,21,1,6,13,1,0,5,9,1,10,1,17.866666666666667,312.5,4.0,10.71,52.5,0.5833333333333334,260.6813068017366,3.306178026766262,0.525,0.4668534080298785,3.333333333333333
2020-05-03 12:00:00,12,24,2,3,17,2,0,12,7,1,8,1,18.866666666666667,93.5,4.0,10.71,60.0,0.6015625,245.95630680173664,5.519771241830066,0.6,1.1204481792717087,3.208333333333333
2020-05-03 13:00:00,13,22,2,2,16,2,0,7,10,1,11,1,19.866666666666667,108.0,4.0,10.71,55.00000000000001,0.603448275862069,287.5063068017366,3.82961972667855,0.55,0.65359477124183,3.1818181818181817
2020-05-03 14:00:00,14,20,1,3,14,2,0,7,7,1,8,1,20.866666666666667,175.0,4.0,10.71,50.0,0.4921875,248.6563068017366,3.633823529411764,0.5,0.65359477124183,3.15
2020-05-03 15:00:00,15,18,1,4,12,1,0,5,7,1,8,1,7.6,160.5,4.0,10.71,45.0,0.4609375,169.54230680173663,3.0052417263201576,0.45,0.4668534080298785,3.2777777777777777
2020-05-03 16:00:00,16,18,0,5,11,2,0,10,6,2,8,2,8.6,135.0,4.0,10.71,45.0,0.4453125,176.05061360347324,4.381738250855897,0.45,0.9337068160597572,3.1666666666666665
2020-05-03 17:00:00,17,16,0,8,8,0,0,6,8,1,9,1,9.6,141.0,4.0,10.71,40.0,0.4516129032258064,189.93230680173664,3.3607843137254902,0.4,0.5602240896358543,3.5
2020-05-03 18:00:00,18,22,0,7,12,2,1,14,6,1,7,1,10.6,112.0,4.0,10.71,55.00000000000001,0.5227272727272727,181.6423068017366,5.82482174688057,0.55,1.30718954248366,3.136363636363636
2020-05-03 19:00:00,19,23,0,7,15,1,0,8,6,1,7,1,11.6,130.0,4.0,10.71,57.49999999999999,0.5681818181818182,189.42730680173665,4.310756911460235,0.575,0.7469654528478057,3.260869565217391
2020-05-03 20:00:00,20,17,0,3,12,2,0,11,4,0,4,0,12.6,174.5,4.0,11.079999999999998,42.5,0.3611111111111111,141.129,4.336738160968359,0.425,0.992779783393502,3.0588235294117645
2020-05-03 21:00:00,21,20,0,3,16,1,0,11,6,0,6,0,13.6,49.5,4.0,11.079999999999998,50.0,0.4558823529411764,180.00400000000002,4.6276173285198565,0.5,0.992779783393502,3.1
2020-05-03 22:00:00,22,19,0,5,14,0,0,8,9,0,9,0,4.65,75.0,3.0,8.04,47.5,0.6666666666666666,167.58100000000002,4.796923278345116,0.475,0.9950248756218908,3.263157894736842
2020-05-03 23:00:00,23,18,0,2,15,1,0,6,8,0,8,0,5.65,110.5,3.0,8.04,45.0,0.5729166666666666,157.676,3.655265339966832,0.45,0.746268656716418,3.055555555555556
2020-05-04 00:00:00,0,19,0,3,16,0,0,5,7,0,7,0,6.65,146.0,3.0,8.04,47.5,0.6060606060606061,152.061,3.4638648860958368,0.475,0.6218905472636816,3.1578947368421053
2020-05-04 01:00:00,1,17,0,3,14,0,0,2,7,0,7,0,5.883333333333334,199.0,3.0,8.04,42.5,0.5454545454545454,143.447,2.1401668129938543,0.425,0.2487562189054726,3.176470588235294
2020-05-04 02:00:00,2,19,0,4,15,0,0,6,8,0,8,0,6.883333333333334,229.0,3.0,8.04,47.5,0.6354166666666666,166.777,3.920915161036921,0.475,0.746268656716418,3.210526315789474
2020-05-04 03:00:00,3,20,0,5,15,0,0,3,9,0,9,0,7.883333333333334,259.0,3.0,8.04,50.0,0.6989247311827957,187.962,2.837686567164179,0.5,0.373134328358209,3.25
2020-05-04 04:00:00,4,21,1,5,15,0,0,3,10,0,10,0,8.883333333333333,261.0,3.0,8.04,52.5,0.7777777777777778,209.147,2.9937810945273635,0.525,0.373134328358209,3.333333333333333
2020-05-04 05:00:00,5,22,1,5,16,0,0,3,10,0,10,0,9.883333333333333,321.0,3.0,8.04,55.00000000000001,0.8111111111111111,216.932,3.0631275440976937,0.55,0.373134328358209,3.3181818181818183
2020-05-04 06:00:00,6,19,1,6,12,0,0,2,10,1,11,1,10.883333333333333,323.0,3.0,8.04,47.5,0.7471264367816092,230.40530680173663,2.4760081173081963,0.475,0.2487562189054726,3.421052631578948
2020-05-04 07:00:00,7,21,1,6,14,0,0,3,10,2,12,2,11.883333333333333,359.5,3.0,8.04,52.5,0.8452380952380952,254.6036136034733,3.0365493958777545,0.525,0.373134328358209,3.380952380952381
2020-05-04 08:00:00,8,20,1,7,12,0,0,3,9,2,11,2,12.883333333333333,396.0,3.0,7.01,50.0,0.7931034482758621,244.69861360347323,3.2014621968616264,0.5,0.4279600570613409,3.45
2020-05-04 09:00:00,9,16,1,5,9,1,0,6,7,1,8,1,11.316666666666666,424.5,3.0,7.01,40.0,0.5625,186.21430680173663,4.238730385164051,0.4,0.8559201141226819,3.375
2020-05-04 10:00:00,10,20,1,5,12,2,0,6,7,1,8,1,12.316666666666666,432.5,4.0,10.26,50.0,0.5078125,200.43430680173665,3.5255847953216373,0.5,0.5847953216374269,3.25
2020-05-04 11:00:00,11,17,1,5,11,0,0,6,6,1,7,1,11.883333333333333,262.0,4.0,10.26,42.5,0.4393939393939394,178.1553068017366,3.4451840385276915,0.425,0.5847953216374269,3.411764705882353
2020-05-04 12:00:00,12,20,3,4,13,0,0,4,6,3,9,3,12.883333333333333,145.0,4.0,10.26,50.0,0.5645161290322581,218.76692040520985,3.114522417153996,0.5,0.3898635477582846,3.5
2020-05-04 13:00:00,13,20,3,4,11,2,0,4,7,3,10,3,13.883333333333333,170.0,4.0,10.26,50.0,0.5666666666666667,237.80692040520984,3.0255360623781677,0.5,0.3898635477582846,3.4
2020-05-04 14:00:00,14,22,3,5,14,0,0,7,6,3,9,3,14.883333333333333,174.0,4.0,10.26,55.00000000000001,0.6209677419354839,234.33692040520987,4.312914230019493,0.55,0.682261208576998,3.5
2020-05-04 15:00:00,15,21,2,10,9,0,0,7,7,1,8,1,15.883333333333333,178.0,4.0,10.26,52.5,0.6015625,222.69530680173665,4.426624431448992,0.525,0.682261208576998,3.6666666666666665
2020-05-04 16:00:00,16,24,0,11,13,0,0,8,6,1,7,1,13.2,142.0,4.0,10.26,60.0,0.6287878787878788,200.5963068017366,4.771556205328135,0.6,0.7797270955165693,3.458333333333333
2020-05-04 17:00:00,17,25,0,10,15,0,0,6,6,1,7,1,14.2,144.0,4.0,10.26,62.5,0.6439393939393939,208.3813068017366,4.113304093567251,0.625,0.5847953216374269,3.4
2020-05-04 18:00:00,18,24,0,11,13,0,0,7,6,2,8,2,15.2,127.0,4.0,10.26,60.0,0.6484375,226.1446136034732,4.434486679662118,0.6,0.682261208576998,3.458333333333333
2020-05-04 19:00:00,19,17,0,8,8,0,1,2,5,1,6,1,5.366666666666666,162.5,4.0,10.26,42.5,0.4191176470588235,128.0013068017366,2.0785947712418302,0.425,0.1949317738791423,3.3529411764705883
2020-05-04 20:00:00,20,21,1,9,11,0,0,9,5,2,7,2,6.366666666666666,148.0,4.0,9.63,52.5,0.5606060606060606,156.4896136034732,5.143279928793947,0.525,0.9345794392523366,3.523809523809524
2020-05-04 21:00:00,21,25,1,5,17,1,1,13,6,2,8,2,7.216666666666667,72.0,4.0,9.63,62.5,0.6171875,183.26361360347323,6.240835929387332,0.625,1.3499480789200418,3.16
2020-05-04 22:00:00,22,25,0,5,18,1,1,7,5,1,6,1,8.216666666666667,95.5,3.0,6.38,62.5,0.7549019607843137,161.2353068017366,5.304310344827586,0.625,1.09717868338558,3.08
2020-05-04 23:00:00,23,20,0,6,13,1,0,4,5,1,6,1,9.216666666666669,130.0,3.0,6.38,50.0,0.6372549019607843,156.15030680173663,3.662617554858935,0.5,0.6269592476489029,3.25
2020-05-05 00:00:00,0,17,0,6,10,1,0,3,5,2,7,2,10.216666666666669,183.0,3.0,6.38,42.5,0.5656565656565656,169.62361360347325,2.9489581412502304,0.425,0.4702194357366771,3.294117647058824
2020-05-05 01:00:00,1,15,0,5,9,1,0,4,6,1,7,1,11.216666666666669,243.0,3.0,6.38,37.5,0.494949494949495,170.10530680173662,3.273066875653083,0.375,0.6269592476489029,3.2666666666666666
2020-05-05 02:00:00,2,18,1,5,10,2,0,4,9,0,9,0,12.216666666666669,233.0,3.0,6.38,45.0,0.6344086021505376,208.112,3.5300330895158485,0.45,0.6269592476489029,3.2777777777777777
2020-05-05 03:00:00,3,18,1,5,12,0,0,2,9,0,9,0,13.216666666666669,293.0,3.0,6.38,45.0,0.6559139784946236,213.752,2.587347614071752,0.45,0.3134796238244514,3.388888888888889
2020-05-05 04:00:00,4,15,1,5,9,0,0,1,9,0,9,0,14.216666666666669,353.0,3.0,6.38,37.5,0.5591397849462365,212.957,1.843364681295716,0.375,0.1567398119122257,3.466666666666667
2020-05-05 05:00:00,5,17,1,5,10,1,0,2,9,0,9,0,15.216666666666669,413.0,3.0,6.38,42.5,0.6129032258064516,222.887,2.476078738705514,0.425,0.3134796238244514,3.3529411764705883
2020-05-05 06:00:00,6,21,2,5,13,1,0,4,10,0,10,0,16.216666666666665,403.5,3.0,6.38,52.5,0.7888888888888889,250.507,3.894719361098672,0.525,0.6269592476489029,3.380952380952381
2020-05-05 07:00:00,7,24,2,5,16,1,0,5,11,1,12,1,17.216666666666665,364.0,3.0,6.38,60.0,0.9523809523809524,290.2503068017366,4.612330198537095,0.6,0.7836990595611285,3.333333333333333
2020-05-05 08:00:00,8,29,2,5,21,1,0,6,13,1,14,1,18.216666666666665,383.5,3.0,7.73,72.5,1.2179487179487178,333.4153068017366,4.917713119507516,0.725,0.7761966364812418,3.2758620689655173
2020-05-05 09:00:00,9,26,1,4,18,3,0,6,9,1,10,1,19.216666666666665,157.5,3.0,7.73,65.0,0.9,279.02030680173664,4.443151059806946,0.65,0.7761966364812418,3.1153846153846154
2020-05-05 10:00:00,10,26,1,4,19,2,0,4,8,0,8,0,20.216666666666665,180.5,4.0,11.07,65.0,0.640625,256.992,3.18960113960114,0.65,0.3613369467028003,3.1538461538461537
2020-05-05 11:00:00,11,24,1,4,17,2,0,6,7,0,7,0,21.216666666666665,259.0,4.0,11.07,60.0,0.5757575757575758,244.942,3.616350496838301,0.6,0.5420054200542005,3.1666666666666665
2020-05-05 12:00:00,12,27,1,3,20,3,0,12,9,0,9,0,22.216666666666665,282.0,4.0,11.07,67.5,0.6693548387096774,283.817,5.407329619592492,0.675,1.084010840108401,3.074074074074074
2020-05-05 13:00:00,13,27,1,5,21,0,0,7,9,1,10,1,23.216666666666665,67.5,4.0,11.07,67.5,0.7333333333333333,303.72530680173656,4.26095888119375,0.675,0.6323396567299007,3.259259259259259
2020-05-05 14:00:00,14,24,1,4,19,0,0,4,11,1,12,1,24.216666666666665,113.5,4.0,11.07,60.0,0.6964285714285714,329.7303068017366,3.124345076784101,0.6,0.3613369467028003,3.25
2020-05-05 15:00:00,15,26,0,5,20,1,0,9,12,0,12,0,25.216666666666665,169.0,4.0,11.07,65.0,0.7321428571428571,338.79200000000003,4.614102564102564,0.65,0.8130081300813008,3.1538461538461537
2020-05-05 16:00:00,16,26,0,3,22,1,0,6,10,0,10,0,26.216666666666665,193.5,4.0,11.07,65.0,0.6666666666666666,317.632,3.667708984782156,0.65,0.5420054200542005,3.076923076923077
2020-05-05 17:00:00,17,23,0,3,16,4,0,6,10,0,10,0,27.216666666666665,253.5,4.0,11.07,57.49999999999999,0.5666666666666667,316.837,3.302450807116766,0.575,0.5420054200542005,2.9565217391304346
2020-05-05 18:00:00,18,25,0,5,17,3,0,9,8,1,9,1,28.216666666666665,263.0,4.0,11.07,62.5,0.6209677419354839,314.23530680173656,4.429065040650406,0.625,0.8130081300813008,3.08
2020-05-05 19:00:00,19,23,0,4,14,4,1,9,8,0,8,0,29.216666666666665,297.5,4.0,11.07,57.49999999999999,0.5234375,301.317,4.043328031106398,0.575,0.8130081300813008,2.9130434782608696
2020-05-05 20:00:00,20,26,1,3,17,5,0,9,10,0,10,0,30.216666666666665,227.0,4.0,9.94,65.0,0.65,340.192,4.666297786720322,0.65,0.9054325955734408,3.0
2020-05-05 21:00:00,21,18,0,2,14,2,0,6,6,0,6,0,31.216666666666665,131.0,4.0,9.94,45.0,0.3970588235294117,275.072,3.1608651911468817,0.45,0.6036217303822938,3.0
2020-05-05 22:00:00,22,18,0,3,14,1,0,8,5,0,5,0,32.21666666666667,218.0,3.0,6.6,45.0,0.5333333333333333,267.312,5.171043771043771,0.45,1.2121212121212122,3.111111111111111
2020-05-05 23:00:00,23,16,0,3,13,0,0,3,4,0,4,0,33.21666666666667,265.0,3.0,6.6,40.0,0.4722222222222222,255.262,2.7238636363636366,0.4,0.4545454545454546,3.1875
2020-05-06 00:00:00,0,13,0,2,9,2,0,4,3,0,3,0,34.21666666666667,242.0,3.0,6.6,32.5,0.3513513513513513,241.067,2.7931818181818184,0.325,0.6060606060606061,3.0
2020-05-06 01:00:00,1,13,0,2,9,2,0,3,4,0,4,0,17.7,244.5,3.0,6.6,32.5,0.3611111111111111,161.313,2.338636363636364,0.325,0.4545454545454546,3.0
2020-05-06 02:00:00,2,15,0,3,9,3,0,4,4,0,4,0,18.7,304.5,3.0,6.6,37.5,0.4166666666666667,171.243,2.9431818181818183,0.375,0.6060606060606061,3.0
2020-05-06 03:00:00,3,13,0,3,9,1,0,0,4,0,4,0,19.7,364.5,3.0,6.6,32.5,0.3796296296296296,172.593,1.025,0.325,0.0,3.1538461538461537
2020-05-06 04:00:00,4,11,0,3,8,0,0,0,3,0,3,0,20.7,482.0,3.0,6.6,27.500000000000004,0.3243243243243243,160.543,0.9000000000000001,0.275,0.0,3.272727272727273
2020-05-06 05:00:00,5,11,0,2,9,0,0,1,3,0,3,0,21.7,542.0,3.0,6.6,27.500000000000004,0.3153153153153153,166.183,1.3570936639118456,0.275,0.1515151515151515,3.1818181818181817
2020-05-06 06:00:00,6,12,0,2,9,1,0,3,3,0,3,0,22.7,602.0,3.0,6.6,30.0,0.3333333333333333,173.968,2.326515151515152,0.3,0.4545454545454546,3.083333333333333
2020-05-06 07:00:00,7,14,0,3,10,1,0,2,3,1,4,1,23.7,604.5,3.0,6.6,35.0,0.4074074074074074,198.1663068017366,2.0523809523809526,0.35,0.303030303030303,3.142857142857143
2020-05-06 08:00:00,8,15,1,3,10,1,0,1,3,2,5,2,24.7,607.0,3.0,7.46,37.5,0.4666666666666667,220.2196136034732,1.6628909740840034,0.375,0.1340482573726541,3.2666666666666666
2020-05-06 09:00:00,9,13,0,4,8,1,0,4,3,1,4,1,25.7,466.5,3.0,7.46,32.5,0.3888888888888889,207.3013068017366,2.7823159414312237,0.325,0.5361930294906166,3.230769230769231
2020-05-06 10:00:00,10,13,1,6,6,0,0,5,3,2,5,2,26.7,100.0,4.0,10.71,32.5,0.3357142857142857,227.20961360347323,2.8628546290311,0.325,0.4668534080298785,3.615384615384616
2020-05-06 11:00:00,11,16,2,6,8,0,0,7,4,2,6,2,27.7,128.5,4.0,10.71,40.0,0.4264705882352941,252.6846136034732,3.819281045751633,0.4,0.65359477124183,3.625
2020-05-06 12:00:00,12,19,2,6,11,0,0,8,6,0,6,0,28.7,52.5,4.0,10.71,47.5,0.4926470588235294,263.023,4.3090360705685775,0.475,0.7469654528478057,3.526315789473684
2020-05-06 13:00:00,13,17,1,7,9,0,0,3,6,0,6,0,18.58333333333333,101.0,4.0,10.71,42.5,0.4411764705882353,201.675,2.4886307464162134,0.425,0.2801120448179272,3.5294117647058822
2020-05-06 14:00:00,14,20,2,5,13,0,0,6,7,0,7,0,19.58333333333333,150.0,4.0,10.71,50.0,0.5227272727272727,227.15,3.657773109243698,0.5,0.5602240896358543,3.45
2020-05-06 15:00:00,15,24,3,7,13,1,0,8,10,0,10,0,20.58333333333333,75.5,4.0,10.71,60.0,0.7,281.57,4.71437908496732,0.6,0.7469654528478057,3.5
2020-05-06 16:00:00,16,26,3,8,15,0,0,6,12,0,12,0,21.58333333333333,120.0,4.0,10.71,65.0,0.8214285714285714,318.3,4.282331394096101,0.65,0.5602240896358543,3.5384615384615383
2020-05-06 17:00:00,17,28,3,8,17,0,0,6,12,0,12,0,22.58333333333333,180.0,4.0,10.71,70.0,0.875,328.23,4.41078431372549,0.7,0.5602240896358543,3.5
2020-05-06 18:00:00,18,19,1,7,9,0,2,5,10,0,10,0,23.58333333333333,233.0,4.0,10.71,47.5,0.5166666666666667,287.765,3.0734163840974986,0.475,0.4668534080298785,3.263157894736842
2020-05-06 19:00:00,19,17,0,3,12,0,2,8,7,0,7,0,24.58333333333333,113.0,4.0,10.71,42.5,0.3787878787878788,248.915,3.446957214258252,0.425,0.7469654528478057,2.9411764705882355
2020-05-06 20:00:00,20,15,1,6,7,1,0,7,5,0,5,0,25.58333333333333,161.0,4.0,9.83,37.5,0.3714285714285714,223.465,3.768633435062733,0.375,0.7121057985757884,3.466666666666667
2020-05-06 21:00:00,21,14,1,6,7,0,0,4,4,1,5,1,26.58333333333333,67.0,4.0,9.83,35.0,0.3571428571428571,227.82830680173657,2.7032771399505884,0.35,0.4069175991861648,3.571428571428572
2020-05-06 22:00:00,22,16,1,5,10,0,0,7,3,1,4,1,27.58333333333333,201.0,3.0,6.58,40.0,0.5092592592592593,224.3583068017366,5.031914893617021,0.4,1.0638297872340423,3.4375
2020-05-06 23:00:00,23,16,1,7,8,0,0,7,3,1,4,1,28.58333333333333,261.0,3.0,6.58,40.0,0.5277777777777778,229.9983068017366,5.214893617021276,0.4,1.0638297872340423,3.5625
2020-05-07 00:00:00,0,14,1,7,6,0,0,5,3,0,3,0,12.5,413.0,3.0,6.58,35.0,0.4594594594594595,120.73000000000002,4.043128528006947,0.35,0.7598784194528875,3.642857142857143
2020-05-07 01:00:00,1,13,1,7,5,0,0,1,3,1,4,1,13.5,314.0,3.0,6.58,32.5,0.4444444444444444,138.4933068017366,1.7611409866729018,0.325,0.1519756838905775,3.692307692307693
2020-05-07 02:00:00,2,14,1,7,5,1,0,3,3,1,4,1,14.5,374.0,3.0,6.58,35.0,0.4629629629629629,146.27830680173662,2.8783108988276163,0.35,0.4559270516717325,3.571428571428572
2020-05-07 03:00:00,3,13,1,7,5,0,0,1,3,1,4,1,15.5,434.0,3.0,6.58,32.5,0.4444444444444444,149.77330680173662,1.7611409866729018,0.325,0.1519756838905775,3.692307692307693
2020-05-07 04:00:00,4,11,1,5,5,0,0,0,3,1,4,1,16.5,494.0,3.0,6.58,27.500000000000004,0.3703703703703703,151.1233068017366,1.0,0.275,0.0,3.636363636363636
2020-05-07 05:00:00,5,13,1,5,7,0,0,2,4,1,5,1,17.5,395.0,3.0,6.58,32.5,0.4380952380952381,174.4533068017366,2.2255202244563947,0.325,0.303951367781155,3.5384615384615383
2020-05-07 06:00:00,6,14,1,5,8,0,0,1,5,1,6,1,18.5,349.0,3.0,6.58,35.0,0.4803921568627451,195.6383068017366,1.7569148936170211,0.35,0.1519756838905775,3.5
2020-05-07 07:00:00,7,17,1,6,10,0,0,6,6,1,7,1,19.5,303.0,3.0,6.58,42.5,0.5959595959595959,221.1133068017366,4.6396701233684965,0.425,0.9118541033434652,3.4705882352941178
2020-05-07 08:00:00,8,25,1,6,18,0,0,9,10,1,11,1,20.5,156.0,3.0,6.38,62.5,0.9540229885057472,297.51330680173663,6.758385579937304,0.625,1.4106583072100314,3.32
2020-05-07 09:00:00,9,24,1,5,16,2,0,4,9,1,10,1,15.883333333333333,194.0,3.0,6.38,60.0,0.8555555555555555,255.9303068017366,3.936494252873564,0.6,0.6269592476489029,3.208333333333333
2020-05-07 10:00:00,10,27,1,6,17,3,0,9,8,1,9,1,16.883333333333333,276.0,4.0,9.69,67.5,0.6935483870967742,254.60530680173665,5.108376332989336,0.675,0.9287925696594428,3.185185185185185
2020-05-07 11:00:00,11,26,0,6,17,3,0,7,10,1,11,1,17.883333333333333,226.0,4.0,9.69,65.0,0.6982758620689655,284.90030680173663,4.275535841867111,0.65,0.7223942208462333,3.1153846153846154
2020-05-07 12:00:00,12,28,0,5,21,2,0,11,12,0,12,0,18.883333333333333,79.0,4.0,9.69,70.0,0.7767857142857143,307.362,5.702200353825741,0.7,1.1351909184726523,3.107142857142857
2020-05-07 13:00:00,13,27,0,4,20,3,0,4,12,0,12,0,19.883333333333333,128.0,4.0,9.69,67.5,0.7321428571428571,310.857,3.3036788594580138,0.675,0.412796697626419,3.037037037037037
2020-05-07 14:00:00,14,22,1,3,15,3,0,8,9,0,9,0,7.4,129.0,4.0,9.69,55.00000000000001,0.5483870967741935,189.526,4.251834130781499,0.55,0.825593395252838,3.090909090909091
2020-05-07 15:00:00,15,25,1,3,18,3,0,7,8,0,8,0,8.4,110.0,4.0,9.69,62.5,0.6015625,188.201,4.149974200206398,0.625,0.7223942208462333,3.08
2020-05-07 16:00:00,16,19,1,2,14,2,0,3,9,0,9,0,8.766666666666667,146.0,4.0,9.69,47.5,0.4758064516129032,190.79900000000004,2.436381782629949,0.475,0.3095975232198142,3.1052631578947367
2020-05-07 17:00:00,17,20,1,5,13,1,0,7,10,0,10,0,7.65,190.5,4.0,9.69,50.0,0.55,200.046,4.03390092879257,0.5,0.7223942208462333,3.3
2020-05-07 18:00:00,18,17,0,5,12,0,0,6,10,0,10,0,6.15,108.5,4.0,9.69,42.5,0.4666666666666667,185.151,3.439701329448188,0.425,0.6191950464396285,3.294117647058824
2020-05-07 19:00:00,19,16,1,7,8,0,0,5,9,0,9,0,5.433333333333334,101.0,4.0,9.69,40.0,0.4596774193548387,165.56400000000002,3.2632352941176475,0.4,0.5159958720330238,3.5625
2020-05-07 20:00:00,20,20,2,8,9,1,0,8,9,0,9,0,6.433333333333334,133.0,4.0,9.91,50.0,0.5725806451612904,179.784,4.640792129162462,0.5,0.8072653884964682,3.55
2020-05-07 21:00:00,21,26,1,10,14,1,0,13,7,2,9,2,4.75,141.0,4.0,9.91,65.0,0.717741935483871,184.89661360347324,6.715413723511604,0.65,1.3118062563067607,3.423076923076923
2020-05-07 22:00:00,22,16,0,9,7,0,0,2,4,1,5,1,5.75,148.0,3.0,6.6,40.0,0.5428571428571428,114.61830680173662,2.504545454545455,0.4,0.303030303030303,3.5625
2020-05-07 23:00:00,23,19,0,9,9,1,0,10,4,1,5,1,6.75,146.0,3.0,6.6,47.5,0.6190476190476191,126.6933068017366,6.80841307814992,0.475,1.5151515151515151,3.421052631578948
2020-05-08 00:00:00,0,16,0,7,9,0,0,3,3,1,4,1,7.75,237.0,3.0,6.6,40.0,0.5092592592592593,112.49830680173662,2.9375,0.4,0.4545454545454546,3.4375
2020-05-08 01:00:00,1,19,0,7,12,0,0,6,3,1,4,1,8.75,297.0,3.0,6.6,47.5,0.5925925925925926,124.5733068017366,4.6622009569378,0.475,0.9090909090909092,3.3684210526315788
2020-05-08 02:00:00,2,19,0,7,12,0,0,4,3,2,5,2,9.75,326.0,3.0,6.6,47.5,0.6095238095238096,144.48161360347322,3.6414673046251993,0.475,0.6060606060606061,3.3684210526315788
2020-05-08 03:00:00,3,19,0,7,12,0,0,2,3,2,5,2,10.75,386.0,3.0,6.6,47.5,0.6095238095238096,150.12161360347324,2.6207336523125995,0.475,0.303030303030303,3.3684210526315788
2020-05-08 04:00:00,4,19,0,7,12,0,0,1,3,2,5,2,11.75,446.0,3.0,6.6,47.5,0.6095238095238096,155.76161360347322,2.1103668261563,0.475,0.1515151515151515,3.3684210526315788
2020-05-08 05:00:00,5,17,0,6,11,0,0,1,4,1,5,1,12.75,506.0,3.0,6.6,42.5,0.5428571428571428,156.2433068017366,1.933021390374332,0.425,0.1515151515151515,3.3529411764705883
2020-05-08 06:00:00,6,17,0,7,10,0,0,1,4,1,5,1,13.75,566.0,3.0,6.6,42.5,0.5523809523809524,161.8833068017366,1.9669340463458111,0.425,0.1515151515151515,3.411764705882353
2020-05-08 07:00:00,7,15,0,7,8,0,0,0,4,1,5,1,14.75,626.0,3.0,6.6,37.5,0.4952380952380952,163.2333068017366,1.3,0.375,0.0,3.466666666666667
2020-05-08 08:00:00,8,17,0,5,12,0,0,5,6,1,7,1,15.75,578.0,3.0,6.8,42.5,0.5656565656565656,199.96330680173665,3.8221453287197233,0.425,0.7352941176470589,3.294117647058824
2020-05-08 09:00:00,9,17,0,5,12,0,0,4,6,1,7,1,16.75,248.0,3.0,6.8,42.5,0.5656565656565656,205.6033068017366,3.3377162629757784,0.425,0.5882352941176471,3.294117647058824
2020-05-08 10:00:00,10,19,0,3,15,0,1,8,6,1,7,1,17.75,80.0,4.0,10.05,47.5,0.4393939393939394,215.5333068017366,3.8799554857292486,0.475,0.7960199004975124,3.0526315789473686
2020-05-08 11:00:00,11,24,0,5,18,1,0,10,6,3,9,3,18.75,72.0,4.0,10.05,60.0,0.6129032258064516,260.4349204052098,5.0509121061359865,0.6,0.9950248756218903,3.1666666666666665
2020-05-08 12:00:00,12,24,0,4,19,1,0,4,7,3,10,3,12.05,118.0,4.0,10.05,60.0,0.625,236.04692040520985,3.118781094527363,0.6,0.3980099502487562,3.125
2020-05-08 13:00:00,13,18,0,4,14,0,0,3,7,3,10,3,13.05,149.0,4.0,10.05,45.0,0.4833333333333333,228.81692040520983,2.4118573797678278,0.45,0.2985074626865671,3.2222222222222223
2020-05-08 14:00:00,14,17,0,3,14,0,0,4,5,2,7,2,14.05,203.0,4.0,10.05,42.5,0.4090909090909091,191.24361360347325,2.6142669007901667,0.425,0.3980099502487562,3.176470588235294
2020-05-08 15:00:00,15,25,0,5,19,1,0,12,7,2,9,2,15.05,230.0,4.0,10.05,62.5,0.6370967741935484,240.84361360347327,5.7481343283582085,0.625,1.1940298507462686,3.16
2020-05-08 16:00:00,16,26,0,4,19,3,0,8,8,1,9,1,10.216666666666669,212.0,4.0,10.05,65.0,0.6370967741935484,214.8603068017366,4.393675851511672,0.65,0.7960199004975124,3.0384615384615383
2020-05-08 17:00:00,17,29,0,5,22,2,0,7,7,1,8,1,11.216666666666669,218.5,4.0,10.05,72.5,0.703125,213.53530680173665,4.411605764282038,0.725,0.6965174129353233,3.103448275862069
2020-05-08 18:00:00,18,25,0,4,19,2,0,4,7,0,7,0,12.216666666666669,197.0,4.0,10.05,62.5,0.5833333333333334,196.327,3.150870646766169,0.625,0.3980099502487562,3.08
2020-05-08 19:00:00,19,18,0,2,14,2,0,1,5,0,5,0,7.833333333333333,298.0,4.0,10.05,45.0,0.3857142857142857,129.79,1.648507462686567,0.45,0.099502487562189,3.0
2020-05-08 20:00:00,20,21,0,4,16,1,0,10,6,0,6,0,8.833333333333334,179.0,4.0,9.93,52.5,0.4852941176470588,155.265,4.815012228456338,0.525,1.0070493454179257,3.142857142857143
2020-05-08 21:00:00,21,28,0,8,19,1,0,10,6,0,6,0,9.833333333333334,239.0,4.0,9.93,70.0,0.6691176470588235,175.92000000000002,5.547910372608258,0.7,1.0070493454179257,3.25
2020-05-08 22:00:00,22,19,1,6,11,1,0,7,5,1,6,1,8.2,102.5,3.0,6.68,47.5,0.6274509803921569,148.2713068017366,5.129782540182792,0.475,1.0479041916167666,3.3684210526315788
2020-05-08 23:00:00,23,16,2,6,8,0,0,3,6,1,7,1,9.2,105.0,3.0,6.68,40.0,0.5858585858585859,160.87630680173658,3.077994011976048,0.4,0.4491017964071856,3.625
2020-05-09 00:00:00,0,13,2,4,6,0,1,4,6,0,6,0,10.2,172.0,3.0,6.68,32.5,0.4411764705882353,145.813,3.1977775218793183,0.325,0.5988023952095809,3.4615384615384617
2020-05-09 01:00:00,1,10,2,4,4,0,0,1,7,0,7,0,11.2,225.0,3.0,6.68,25.0,0.3838383838383838,158.418,1.5188622754491017,0.25,0.1497005988023952,3.8
2020-05-09 02:00:00,2,10,2,4,4,0,0,3,7,1,8,1,12.2,257.0,3.0,6.68,25.0,0.3958333333333333,178.32630680173662,2.6565868263473056,0.25,0.4491017964071856,3.8
2020-05-09 03:00:00,3,11,2,4,5,0,0,2,7,1,8,1,13.2,317.0,3.0,6.68,27.500000000000004,0.4270833333333333,186.1113068017366,2.140949918345128,0.275,0.2994011976047904,3.727272727272727
2020-05-09 04:00:00,4,11,2,4,5,0,0,2,8,0,8,0,14.2,377.0,3.0,6.68,27.500000000000004,0.4270833333333333,190.883,2.140949918345128,0.275,0.2994011976047904,3.727272727272727
2020-05-09 05:00:00,5,12,2,4,6,0,0,1,8,0,8,0,15.2,437.0,3.0,6.68,30.0,0.4583333333333333,198.668,1.6489021956087824,0.3,0.1497005988023952,3.6666666666666665
2020-05-09 06:00:00,6,15,2,4,9,0,0,3,8,0,8,0,16.2,497.0,3.0,6.68,37.5,0.5520833333333334,210.743,2.9118263473053894,0.375,0.4491017964071856,3.533333333333333
2020-05-09 07:00:00,7,16,2,4,10,0,0,2,8,0,8,0,17.2,557.0,3.0,6.68,40.0,0.5833333333333334,218.528,2.4479041916167668,0.4,0.2994011976047904,3.5
2020-05-09 08:00:00,8,20,2,6,12,0,0,5,8,2,10,2,18.2,566.5,3.0,8.42,50.0,0.7777777777777778,261.2846136034732,3.8283847980997625,0.5,0.5938242280285035,3.5
2020-05-09 09:00:00,9,17,0,5,12,0,0,5,4,2,6,2,19.2,81.0,3.0,8.42,42.5,0.5490196078431373,206.8896136034732,3.3561268687997763,0.425,0.5938242280285035,3.294117647058824
2020-05-09 10:00:00,10,19,0,4,15,0,0,6,5,2,7,2,11.066666666666666,91.0,4.0,11.88,47.5,0.4621212121212121,178.70761360347322,3.146477937267411,0.475,0.5050505050505051,3.210526315789474
2020-05-09 11:00:00,11,20,0,3,17,0,0,5,6,1,7,1,12.066666666666666,120.0,4.0,11.88,50.0,0.4772727272727273,185.62430680173665,2.9007575757575754,0.5,0.4208754208754209,3.15
2020-05-09 12:00:00,12,15,0,3,11,1,0,6,5,0,5,0,9.333333333333334,133.0,4.0,11.88,37.5,0.3357142857142857,131.815,2.7574915824915824,0.375,0.5050505050505051,3.1333333333333333
2020-05-09 13:00:00,13,14,1,4,8,1,0,4,4,1,5,1,10.333333333333334,71.0,4.0,11.88,35.0,0.3357142857142857,136.1783068017366,2.3053511303511303,0.35,0.3367003367003367,3.357142857142857
2020-05-09 14:00:00,14,17,2,7,7,1,0,4,5,1,6,1,11.333333333333334,107.0,4.0,11.88,42.5,0.4485294117647059,161.65330680173662,2.733160031689444,0.425,0.3367003367003367,3.588235294117647
2020-05-09 15:00:00,15,15,1,8,6,0,0,4,3,0,3,0,8.5,125.0,4.0,11.88,37.5,0.3716216216216216,100.315,2.609567901234568,0.375,0.3367003367003367,3.6666666666666665
2020-05-09 16:00:00,16,15,1,7,6,0,1,7,2,1,3,1,7.983333333333333,45.0,4.0,11.88,37.5,0.3513513513513513,98.26930680173662,3.3426487093153763,0.375,0.5892255892255893,3.466666666666667
2020-05-09 17:00:00,17,15,2,5,7,1,0,5,4,2,6,2,4.316666666666666,69.5,4.0,11.88,37.5,0.3897058823529412,118.65761360347324,2.8120931537598204,0.375,0.4208754208754209,3.533333333333333
2020-05-09 18:00:00,18,18,2,5,7,4,0,7,4,3,7,3,5.316666666666666,111.0,4.0,11.88,45.0,0.4469696969696969,145.00092040520985,3.4063505424616536,0.45,0.5892255892255893,3.2777777777777777
2020-05-09 19:00:00,19,12,2,3,5,2,0,1,2,2,4,2,6.233333333333333,148.5,4.0,11.88,30.0,0.2847222222222222,96.23261360347324,1.312598204264871,0.3,0.0841750841750841,3.4166666666666665
2020-05-09 20:00:00,20,16,2,3,9,2,0,10,3,1,4,1,5.183333333333334,80.5,4.0,10.11,40.0,0.3680555555555556,98.0223068017366,4.601458951533136,0.4,0.9891196834817012,3.3125
2020-05-09 21:00:00,21,16,1,3,10,2,0,7,4,0,4,0,6.183333333333334,80.0,4.0,10.11,40.0,0.3541666666666667,102.794,3.4819732937685464,0.4,0.6923837784371909,3.1875
2020-05-09 22:00:00,22,17,1,2,12,2,0,6,3,0,3,0,4.166666666666667,97.0,3.0,6.65,42.5,0.4774774774774775,80.16499999999999,4.137914639540027,0.425,0.9022556390977444,3.117647058823529
2020-05-09 23:00:00,23,11,0,2,7,2,0,4,3,0,3,0,5.166666666666667,90.0,3.0,6.65,27.500000000000004,0.2972972972972973,72.935,2.629511278195489,0.275,0.6015037593984962,3.0
2020-05-10 00:00:00,0,14,0,4,7,3,0,10,4,0,4,0,4.9,127.5,3.0,6.65,35.0,0.3981481481481481,91.266,5.6936895810955965,0.35,1.5037593984962403,3.071428571428572
2020-05-10 01:00:00,1,16,0,5,9,2,0,4,4,1,5,1,5.9,165.0,3.0,6.65,40.0,0.4857142857142857,115.46430680173664,3.1922932330827063,0.4,0.6015037593984962,3.1875
2020-05-10 02:00:00,2,16,0,4,9,2,1,4,5,1,6,1,6.9,188.5,3.0,6.65,40.0,0.4705882352941176,134.50430680173662,3.0045112781954884,0.4,0.6015037593984962,3.0
2020-05-10 03:00:00,3,15,0,3,9,3,0,2,5,1,6,1,7.9,248.5,3.0,6.65,37.5,0.4411764705882353,137.99930680173662,2.0272556390977443,0.375,0.3007518796992481,3.0
2020-05-10 04:00:00,4,14,0,2,8,4,0,3,6,0,6,0,7.783333333333333,308.5,3.0,6.65,35.0,0.392156862745098,134.328,2.288936627282492,0.35,0.4511278195488721,2.857142857142857
2020-05-10 05:00:00,5,13,0,2,8,3,0,2,5,0,5,0,8.783333333333333,332.0,3.0,6.65,32.5,0.3619047619047619,124.423,1.8291208791208788,0.325,0.3007518796992481,2.923076923076923
2020-05-10 06:00:00,6,15,0,4,8,3,0,3,5,2,7,2,9.783333333333331,297.0,3.0,6.65,37.5,0.4646464646464646,162.8896136034732,2.5334586466165416,0.375,0.4511278195488721,3.066666666666667
2020-05-10 07:00:00,7,14,0,4,9,1,0,3,5,2,7,2,10.616666666666667,357.0,3.0,6.65,35.0,0.4545454545454545,165.4446136034732,2.575053705692804,0.35,0.4511278195488721,3.2142857142857144
2020-05-10 08:00:00,8,13,0,3,9,1,0,3,4,1,5,1,11.616666666666667,417.0,3.0,6.66,32.5,0.3904761904761905,141.2713068017366,2.4456514206514206,0.325,0.4504504504504504,3.1538461538461537
2020-05-10 09:00:00,9,17,0,4,11,2,0,10,2,1,3,1,11.466666666666669,477.0,3.0,6.66,42.5,0.4774774774774775,122.2053068017366,6.0061517399752695,0.425,1.5015015015015014,3.117647058823529
2020-05-10 10:00:00,10,22,1,4,15,2,0,14,8,0,8,0,10.533333333333331,28.0,4.0,9.91,55.00000000000001,0.546875,193.798,6.245000458673516,0.55,1.4127144298688197,3.1818181818181817
2020-05-10 11:00:00,11,28,1,5,19,3,0,12,11,1,12,1,11.533333333333331,73.5,4.0,9.91,70.0,0.7857142857142857,266.7763068017366,6.005679688626207,0.7,1.2108980827447022,3.142857142857143
2020-05-10 12:00:00,12,23,0,3,19,1,0,5,8,1,9,1,10.95,121.0,4.0,9.91,57.49999999999999,0.5725806451612904,212.56130680173663,3.3324957223709037,0.575,0.5045408678102926,3.0869565217391304
2020-05-10 13:00:00,13,20,0,2,17,1,0,5,9,1,10,1,11.95,148.5,4.0,9.91,50.0,0.5083333333333333,225.16630680173665,3.063849646821392,0.5,0.5045408678102926,3.05
2020-05-10 14:00:00,14,23,0,1,21,1,0,7,6,1,7,1,12.883333333333333,201.0,4.0,9.91,57.49999999999999,0.5227272727272727,196.66530680173665,3.844071644803229,0.575,0.7063572149344097,3.0
2020-05-10 15:00:00,15,24,0,0,21,3,0,8,8,0,8,0,13.883333333333333,202.0,4.0,9.91,60.0,0.5390625,216.982,4.045887991927346,0.6,0.8072653884964682,2.875
2020-05-10 16:00:00,16,20,0,0,16,4,0,10,4,0,4,0,14.883333333333333,75.0,4.0,9.91,50.0,0.3888888888888889,160.442,4.225428859737638,0.5,1.0090817356205852,2.8
2020-05-10 17:00:00,17,19,0,2,16,1,0,6,8,0,8,0,15.883333333333333,64.5,4.0,9.91,47.5,0.453125,217.537,3.298212863136651,0.475,0.6054490413723511,3.0526315789473686
2020-05-10 18:00:00,18,24,0,3,19,2,0,11,8,0,8,0,16.883333333333333,109.0,4.0,9.91,60.0,0.5703125,233.902,5.201219307097207,0.6,1.1099899091826435,3.0416666666666665
2020-05-10 19:00:00,19,25,0,6,16,3,0,9,8,0,8,0,17.883333333333333,124.0,4.0,9.91,62.5,0.609375,241.687,4.783501513622603,0.625,0.9081735620585268,3.12
2020-05-10 20:00:00,20,19,0,5,13,1,0,7,5,0,5,0,18.883333333333333,91.0,4.0,9.85,47.5,0.4357142857142857,194.257,3.8065923056371895,0.475,0.7106598984771574,3.210526315789474
2020-05-10 21:00:00,21,19,0,4,15,0,0,8,6,0,6,0,19.883333333333333,54.5,4.0,9.85,47.5,0.4485294117647059,213.297,4.132534063585359,0.475,0.8121827411167513,3.210526315789474
2020-05-10 22:00:00,22,17,0,4,13,0,0,11,3,0,3,0,20.883333333333333,110.0,3.0,6.6,42.5,0.4954954954954955,174.447,6.767156862745098,0.425,1.6666666666666667,3.235294117647059
2020-05-10 23:00:00,23,14,0,3,10,0,1,3,3,0,3,0,21.883333333333333,98.0,3.0,6.6,35.0,0.3873873873873873,173.652,2.471103896103896,0.35,0.4545454545454546,3.071428571428572
2020-05-11 00:00:00,0,14,0,4,9,0,1,6,4,0,4,0,22.883333333333333,114.0,3.0,6.6,35.0,0.4074074074074074,192.692,3.9571428571428577,0.35,0.9090909090909092,3.142857142857143
2020-05-11 01:00:00,1,15,0,4,10,0,1,4,4,0,4,0,23.883333333333333,174.0,3.0,6.6,37.5,0.4351851851851852,200.477,3.073989898989899,0.375,0.6060606060606061,3.1333333333333333
2020-05-11 02:00:00,2,15,0,4,10,0,1,1,5,0,5,0,24.883333333333333,190.0,3.0,6.6,37.5,0.4476190476190476,219.517,1.6497474747474747,0.375,0.1515151515151515,3.1333333333333333
2020-05-11 03:00:00,3,16,0,4,11,0,1,3,5,0,5,0,25.883333333333333,250.0,3.0,6.6,40.0,0.4761904761904761,227.302,2.670454545454546,0.4,0.4545454545454546,3.125
2020-05-11 04:00:00,4,16,0,4,11,0,1,1,5,0,5,0,26.883333333333333,310.0,3.0,6.6,40.0,0.4761904761904761,232.942,1.7234848484848484,0.4,0.1515151515151515,3.125
2020-05-11 05:00:00,5,15,0,4,10,0,1,0,4,0,4,0,27.883333333333333,414.0,3.0,6.6,37.5,0.4351851851851852,223.037,1.175,0.375,0.0,3.1333333333333333
2020-05-11 06:00:00,6,17,0,4,12,0,1,2,4,0,4,0,28.883333333333333,474.0,3.0,6.6,42.5,0.4907407407407407,232.967,2.269741532976827,0.425,0.303030303030303,3.117647058823529
2020-05-11 07:00:00,7,19,0,4,14,0,1,5,4,0,4,0,29.883333333333333,534.0,3.0,6.6,47.5,0.5462962962962963,242.897,3.827472089314194,0.475,0.7575757575757576,3.1052631578947367
2020-05-11 08:00:00,8,17,0,4,12,0,1,6,4,1,5,1,30.883333333333333,550.0,3.0,6.779999999999999,42.5,0.5047619047619047,258.5153068017366,4.08397969807392,0.425,0.8849557522123894,3.117647058823529
2020-05-11 09:00:00,9,17,0,4,12,0,1,5,5,1,6,1,31.883333333333333,45.0,3.0,6.779999999999999,42.5,0.5196078431372549,277.5553068017366,3.624149748394933,0.425,0.7374631268436579,3.117647058823529
2020-05-11 10:00:00,10,20,1,4,15,0,0,6,8,1,9,1,32.88333333333333,65.0,4.0,10.03,50.0,0.532258064516129,329.8303068017366,3.6240777666999,0.5,0.5982053838484547,3.3
2020-05-11 11:00:00,11,27,2,5,19,1,0,10,12,1,13,1,33.88333333333333,101.0,4.0,10.03,67.5,0.8240740740740741,404.0853068017366,5.511436985340275,0.675,0.9970089730807578,3.2962962962962963
2020-05-11 12:00:00,12,36,2,5,28,1,0,13,14,1,15,1,34.88333333333333,88.0,4.0,10.03,90.0,1.16,455.8303068017366,7.076359809460508,0.9,1.296111665004985,3.2222222222222223
2020-05-11 13:00:00,13,32,2,5,24,1,0,3,14,1,15,1,35.88333333333333,140.0,4.0,10.03,80.0,1.04,452.8903068017365,3.572083748753739,0.8,0.2991026919242273,3.25
2020-05-11 14:00:00,14,31,1,6,24,0,0,6,13,1,14,1,36.88333333333333,174.0,4.0,10.03,77.5,0.971153846153846,442.9853068017366,4.473991734473998,0.775,0.5982053838484547,3.2580645161290325
2020-05-11 15:00:00,15,30,0,6,24,0,0,7,11,2,13,2,37.88333333333333,185.0,4.0,10.03,75.0,0.8888888888888888,433.9486136034732,4.6333000997008975,0.75,0.6979062811565304,3.2
2020-05-11 16:00:00,16,27,0,3,23,1,0,6,10,1,11,1,38.88333333333333,245.0,4.0,10.03,67.5,0.7155172413793104,405.4853068017366,3.913927661460064,0.675,0.5982053838484547,3.074074074074074
2020-05-11 17:00:00,17,32,1,6,23,1,1,9,11,4,15,4,39.88333333333333,139.0,4.0,10.03,80.0,1.01,478.0552272069465,5.357128614157528,0.8,0.897308075772682,3.15625
2020-05-11 18:00:00,18,31,0,7,23,1,0,9,10,3,13,3,40.88333333333333,196.0,4.0,10.03,77.5,0.9166666666666666,453.8819204052098,5.340596758112758,0.775,0.897308075772682,3.193548387096774
2020-05-11 19:00:00,19,29,0,7,21,1,0,8,9,3,12,3,41.88333333333333,235.5,4.0,10.03,72.5,0.8303571428571429,441.8319204052098,4.882843710248565,0.725,0.7976071784646063,3.206896551724138
2020-05-11 20:00:00,20,32,0,10,20,1,1,10,10,1,11,1,42.88333333333333,269.0,4.0,10.71,80.0,0.8879310344827587,438.77030680173664,5.580368814192344,0.8,0.9337068160597572,3.21875
2020-05-11 21:00:00,21,31,0,9,18,3,1,7,8,0,8,0,43.88333333333333,225.5,4.0,10.71,77.5,0.7578125,401.197,4.470119122917984,0.775,0.65359477124183,3.129032258064516
2020-05-11 22:00:00,22,29,0,6,17,5,1,7,7,0,7,0,44.88333333333333,389.0,3.0,7.46,72.5,0.8686868686868687,389.147,4.9326569289082,0.725,0.938337801608579,2.9655172413793105
2020-05-11 23:00:00,23,19,0,6,12,0,1,3,7,0,7,0,45.88333333333333,449.0,3.0,7.46,47.5,0.6161616161616161,373.337,2.81609637364188,0.475,0.4021447721179624,3.210526315789474
2020-05-12 00:00:00,0,18,0,3,11,3,1,6,8,0,8,0,46.88333333333333,387.0,3.0,7.46,45.0,0.5416666666666666,390.232,3.623503127792672,0.45,0.8042895442359249,2.888888888888889
2020-05-12 01:00:00,1,17,0,3,11,2,1,1,8,0,8,0,47.88333333333333,447.0,3.0,7.46,42.5,0.5208333333333334,393.727,1.6442595805078066,0.425,0.1340482573726541,2.9411764705882355
2020-05-12 02:00:00,2,17,0,4,11,1,1,4,8,0,8,0,48.88333333333333,507.0,3.0,7.46,42.5,0.5416666666666666,399.367,2.940119854912474,0.425,0.5361930294906166,3.0588235294117645
2020-05-12 03:00:00,3,19,0,4,13,1,1,4,7,0,7,0,49.88333333333333,689.0,3.0,7.46,47.5,0.5858585858585859,395.897,3.086799774234514,0.475,0.5361930294906166,3.0526315789473686
2020-05-12 04:00:00,4,18,0,4,12,1,1,1,7,0,7,0,50.88333333333333,749.0,3.0,7.46,45.0,0.5555555555555556,399.392,1.7845918975275543,0.45,0.1340482573726541,3.055555555555556
2020-05-12 05:00:00,5,17,0,4,12,0,1,0,7,0,7,0,51.88333333333333,809.0,3.0,7.46,42.5,0.5353535353535354,402.887,1.325,0.425,0.0,3.117647058823529
2020-05-12 06:00:00,6,16,0,5,10,0,1,2,7,1,8,1,52.88333333333333,747.0,3.0,7.46,40.0,0.53125,420.65030680173663,2.1295576407506704,0.4,0.2680965147453083,3.1875
2020-05-12 07:00:00,7,17,0,5,11,0,1,2,7,1,8,1,53.88333333333333,807.0,3.0,7.46,42.5,0.5625,428.4353068017366,2.2016006938968617,0.425,0.2680965147453083,3.176470588235294
2020-05-12 08:00:00,8,19,1,4,12,1,1,5,8,0,8,0,54.88333333333333,867.0,3.0,6.8,47.5,0.625,437.497,3.821981424148608,0.475,0.7352941176470589,3.1578947368421053
2020-05-12 09:00:00,9,23,1,4,15,1,2,8,7,1,8,1,55.88333333333333,794.5,3.0,6.8,57.49999999999999,0.7291666666666666,452.5853068017366,5.330562659846548,0.575,1.1764705882352942,3.0434782608695654
2020-05-12 10:00:00,10,30,1,4,22,2,1,13,11,1,12,1,56.88333333333333,61.5,4.0,10.12,75.0,0.8214285714285714,526.8403068017367,6.23939393939394,0.75,1.2845849802371545,3.066666666666667
2020-05-12 11:00:00,11,31,1,3,26,1,0,7,13,1,14,1,57.88333333333333,87.0,4.0,10.12,77.5,0.9326923076923076,561.4253068017366,4.5893503761315815,0.775,0.691699604743083,3.129032258064516
2020-05-12 12:00:00,12,27,1,1,24,1,0,2,12,1,13,1,58.88333333333333,150.0,4.0,10.12,67.5,0.7685185185185185,545.0853068017366,2.682524520567999,0.675,0.1976284584980237,3.074074074074074
2020-05-12 13:00:00,13,23,0,2,19,2,0,4,11,1,12,1,59.88333333333333,178.0,4.0,10.12,57.49999999999999,0.6160714285714286,528.7453068017365,2.910770750988142,0.575,0.3952569169960475,3.0
2020-05-12 14:00:00,14,15,0,2,13,0,0,1,5,1,6,1,60.88333333333333,229.5,4.0,10.12,37.5,0.3455882352941176,436.8253068017366,1.4846179183135704,0.375,0.0988142292490118,3.1333333333333333
2020-05-12 15:00:00,15,17,0,2,13,2,0,3,5,1,6,1,61.88333333333333,289.5,4.0,10.12,42.5,0.375,446.7553068017366,2.164328063241107,0.425,0.2964426877470356,3.0
2020-05-12 16:00:00,16,14,0,2,12,0,0,6,6,0,6,0,62.88333333333333,208.5,4.0,10.12,35.0,0.3235294117647059,445.092,2.963354037267081,0.35,0.5928853754940712,3.142857142857143
2020-05-12 17:00:00,17,16,1,3,10,1,1,5,8,0,8,0,63.88333333333333,88.5,4.0,10.12,40.0,0.390625,481.822,2.7939723320158105,0.4,0.4940711462450593,3.125
2020-05-12 18:00:00,18,18,1,3,11,2,1,2,8,0,8,0,64.88333333333334,148.5,4.0,10.12,45.0,0.4296875,491.752,1.978864734299517,0.45,0.1976284584980237,3.055555555555556
2020-05-12 19:00:00,19,12,1,2,7,2,0,4,5,0,5,0,65.88333333333334,199.0,4.0,10.12,30.0,0.2714285714285714,444.322,2.2016469038208166,0.3,0.3952569169960475,3.1666666666666665
2020-05-12 20:00:00,20,15,2,3,8,2,0,6,6,1,7,1,66.88333333333334,232.0,4.0,11.08,37.5,0.3787878787878788,484.0653068017367,3.055054151624549,0.375,0.5415162454873647,3.333333333333333
2020-05-12 21:00:00,21,19,2,2,12,2,1,7,5,2,7,2,67.88333333333334,279.0,4.0,11.08,47.5,0.4469696969696969,499.1536136034732,3.436808854265628,0.475,0.631768953068592,3.1052631578947367
2020-05-12 22:00:00,22,17,1,2,11,2,1,4,5,1,6,1,68.88333333333334,359.0,3.0,7.76,42.5,0.5,486.2353068017366,2.82139175257732,0.425,0.5154639175257733,3.0
2020-05-12 23:00:00,23,21,1,4,12,3,1,8,7,1,8,1,69.88333333333334,303.5,3.0,7.76,52.5,0.6666666666666666,527.2553068017367,4.741875306823761,0.525,1.0309278350515465,3.0476190476190474
2020-05-13 00:00:00,0,23,1,6,13,2,1,6,7,1,8,1,70.88333333333334,363.5,3.0,7.76,57.49999999999999,0.7604166666666666,537.1853068017367,4.279056476916181,0.575,0.7731958762886598,3.1739130434782608
2020-05-13 01:00:00,1,20,1,7,9,2,1,4,7,0,7,0,71.88333333333334,519.0,3.0,7.76,50.0,0.6565656565656566,522.1220000000001,3.3002577319587627,0.5,0.5154639175257733,3.25
2020-05-13 02:00:00,2,21,1,8,9,2,1,5,9,0,9,0,72.88333333333334,388.0,3.0,7.76,52.5,0.7419354838709677,556.707,3.8420839469808543,0.525,0.6443298969072165,3.2857142857142856
2020-05-13 03:00:00,3,21,1,9,8,2,1,3,9,0,9,0,73.88333333333334,448.0,3.0,7.76,52.5,0.7526881720430108,562.347,3.0386597938144333,0.525,0.3865979381443299,3.333333333333333
2020-05-13 04:00:00,4,21,1,8,9,2,1,3,12,0,12,0,74.88333333333334,332.0,3.0,7.76,52.5,0.8214285714285714,608.1870000000001,2.9952503681885125,0.525,0.3865979381443299,3.2857142857142856
2020-05-13 05:00:00,5,23,1,8,11,2,1,2,13,0,13,0,75.88333333333334,390.0,3.0,7.76,57.49999999999999,0.925925925925926,631.517,2.71543030031376,0.575,0.2577319587628866,3.260869565217391
2020-05-13 06:00:00,6,23,0,8,12,2,1,3,15,0,15,0,76.88333333333334,297.0,3.0,7.76,57.49999999999999,0.9733333333333334,663.957,3.05202823845809,0.575,0.3865979381443299,3.1739130434782608
2020-05-13 07:00:00,7,22,0,8,11,2,1,1,14,0,14,0,77.88333333333334,433.5,3.0,7.76,55.00000000000001,0.8974358974358975,654.052,2.160028116213683,0.55,0.1288659793814433,3.1818181818181817
2020-05-13 08:00:00,8,23,1,9,11,2,0,3,14,1,15,1,78.88333333333334,417.0,3.0,6.95,57.49999999999999,1.04,676.1053068017366,3.413872380356584,0.575,0.4316546762589928,3.391304347826087
2020-05-13 09:00:00,9,25,2,7,14,2,0,7,11,2,13,2,79.88333333333334,343.0,3.0,6.95,62.5,1.037037037037037,660.1036136034733,5.484172661870503,0.625,1.0071942446043165,3.36
2020-05-13 10:00:00,10,37,1,7,28,1,0,16,11,1,12,1,80.88333333333334,362.0,4.0,10.21,92.5,1.0625,677.2153068017367,8.015103766842259,0.925,1.5670910871694417,3.216216216216216
2020-05-13 11:00:00,11,36,1,6,28,1,0,6,11,1,12,1,81.88333333333334,368.5,4.0,10.21,90.0,1.0267857142857142,680.7103068017366,4.7522445315050605,0.9,0.5876591576885406,3.1944444444444446
2020-05-13 12:00:00,12,32,3,5,22,2,0,6,9,2,11,2,82.88333333333334,224.0,4.0,10.21,80.0,0.9051724137931034,665.2386136034733,4.553256611165524,0.8,0.5876591576885406,3.28125
2020-05-13 13:00:00,13,36,3,8,23,2,0,13,11,3,14,3,83.88333333333334,139.5,4.0,10.21,90.0,1.1538461538461535,720.5269204052099,7.244205027750572,0.9,1.2732615083251713,3.333333333333333
2020-05-13 14:00:00,14,35,2,7,23,3,0,6,12,3,15,3,84.88333333333334,170.0,4.0,10.21,87.5,1.13,737.4219204052099,4.722299566251574,0.875,0.5876591576885406,3.2285714285714286
2020-05-13 15:00:00,15,31,1,5,24,1,0,8,12,4,16,4,85.88333333333334,130.5,4.0,10.21,77.5,1.03125,748.7502272069464,4.9772906069318505,0.775,0.7835455435847208,3.193548387096774
2020-05-13 16:00:00,16,26,1,4,19,2,0,5,11,3,14,3,86.88333333333334,187.0,4.0,10.21,65.0,0.7884615384615384,715.9969204052098,3.5944888118737284,0.65,0.4897159647404505,3.1538461538461537
2020-05-13 17:00:00,17,22,0,4,15,3,0,4,12,2,14,2,87.88333333333334,193.5,4.0,10.21,55.00000000000001,0.6442307692307693,712.1886136034732,2.8681261686403707,0.55,0.3917727717923604,3.0454545454545454
2020-05-13 18:00:00,18,22,1,4,13,4,0,6,11,1,12,1,88.88333333333334,233.0,4.0,10.21,55.00000000000001,0.6071428571428571,690.1603068017366,3.516401032855489,0.55,0.5876591576885406,3.090909090909091
2020-05-13 19:00:00,19,17,1,3,8,5,0,2,9,0,9,0,89.88333333333334,179.0,4.0,10.21,42.5,0.4112903225806452,644.0070000000001,1.8626591576885403,0.425,0.1958863858961802,3.0
2020-05-13 20:00:00,20,14,1,3,7,3,0,7,3,0,3,0,90.88333333333334,133.0,4.0,9.91,35.0,0.2972972972972973,562.812,3.319979818365287,0.35,0.7063572149344097,3.142857142857143
2020-05-13 21:00:00,21,14,1,3,7,3,0,3,3,0,3,0,91.88333333333334,193.0,4.0,9.91,35.0,0.2972972972972973,568.452,2.051419922156552,0.35,0.3027245206861755,3.142857142857143
2020-05-13 22:00:00,22,15,1,3,6,5,0,9,3,0,3,0,92.88333333333334,253.0,3.0,6.65,37.5,0.4054054054054054,576.237,5.185150375939849,0.375,1.3533834586466165,3.0
2020-05-13 23:00:00,23,18,1,5,9,3,0,8,4,0,4,0,93.88333333333334,170.0,3.0,6.65,45.0,0.5370370370370371,601.712,5.326357560568087,0.45,1.2030075187969924,3.2222222222222223
2020-05-14 00:00:00,0,15,1,3,9,2,0,5,4,0,4,0,94.88333333333334,230.0,3.0,6.65,37.5,0.4444444444444444,600.917,3.606015037593985,0.375,0.7518796992481203,3.2
2020-05-14 01:00:00,1,12,1,3,6,2,0,3,4,0,4,0,95.88333333333334,290.0,3.0,6.65,30.0,0.3611111111111111,600.1220000000001,2.4411654135338345,0.3,0.4511278195488721,3.25
2020-05-14 02:00:00,2,11,1,2,5,3,0,2,4,0,4,0,96.88333333333334,350.0,3.0,6.65,27.500000000000004,0.3148148148148148,603.6170000000001,1.7795967190704032,0.275,0.3007518796992481,3.090909090909091
2020-05-14 03:00:00,3,12,2,2,4,4,0,3,4,1,5,1,97.88333333333334,267.0,3.0,6.65,30.0,0.3619047619047619,625.6703068017366,2.378571428571429,0.3,0.4511278195488721,3.1666666666666665
2020-05-14 04:00:00,4,11,2,3,3,3,0,1,4,1,5,1,98.88333333333334,327.0,3.0,6.65,27.500000000000004,0.3523809523809524,629.1653068017366,1.4308099794941902,0.275,0.150375939849624,3.363636363636364
2020-05-14 05:00:00,5,11,1,4,3,3,0,2,4,1,5,1,99.88333333333334,387.0,3.0,6.65,27.500000000000004,0.3428571428571428,634.8053068017366,1.8842788790157208,0.275,0.3007518796992481,3.272727272727273
2020-05-14 06:00:00,6,13,2,4,4,3,0,2,5,2,7,2,100.88333333333334,432.0,3.0,6.65,32.5,0.4444444444444444,672.4036136034732,2.1179294389820704,0.325,0.3007518796992481,3.3846153846153846
2020-05-14 07:00:00,7,13,2,4,5,2,0,1,6,2,8,2,101.88333333333334,313.0,3.0,6.65,32.5,0.46875,691.4436136034732,1.645532099479468,0.325,0.150375939849624,3.4615384615384617
2020-05-14 08:00:00,8,14,1,4,6,3,0,3,7,0,7,0,102.88333333333334,552.0,3.0,8.059999999999999,35.0,0.4545454545454545,684.0920000000001,2.3213842609003903,0.35,0.3722084367245658,3.2142857142857144
2020-05-14 09:00:00,9,18,1,6,9,2,0,8,7,0,7,0,103.88333333333334,143.0,3.0,8.059999999999999,45.0,0.6060606060606061,698.312,4.808519437551697,0.45,0.9925558312655088,3.333333333333333
2020-05-14 10:00:00,10,19,1,5,10,3,0,4,6,0,6,0,104.88333333333334,209.0,4.0,11.52,47.5,0.4485294117647059,692.697,2.639766081871345,0.475,0.3472222222222222,3.210526315789474
2020-05-14 11:00:00,11,20,1,6,10,3,0,4,8,0,8,0,105.88333333333334,205.0,4.0,11.52,50.0,0.5078125,727.282,2.7534722222222223,0.5,0.3472222222222222,3.25
2020-05-14 12:00:00,12,18,1,5,10,2,0,6,8,0,8,0,106.88333333333334,76.5,4.0,11.52,45.0,0.4609375,728.6320000000001,3.182175925925926,0.45,0.5208333333333334,3.2777777777777777
2020-05-14 13:00:00,13,19,1,4,13,1,0,4,7,0,7,0,107.88333333333334,128.0,4.0,11.52,47.5,0.4696969696969697,723.017,2.6830409356725147,0.475,0.3472222222222222,3.263157894736842
2020-05-14 14:00:00,14,21,1,5,13,1,1,5,6,0,6,0,108.88333333333334,196.5,4.0,11.52,52.5,0.4926470588235294,719.547,3.0597552910052914,0.525,0.4340277777777778,3.1904761904761907
2020-05-14 15:00:00,15,14,1,3,9,0,1,2,3,0,3,0,109.88333333333334,543.0,4.0,11.52,35.0,0.304054054054054,669.972,1.6830357142857142,0.35,0.1736111111111111,3.2142857142857144
2020-05-14 16:00:00,16,13,1,3,8,1,0,6,4,0,4,0,110.88333333333334,322.5,4.0,11.52,32.5,0.2986111111111111,686.867,2.7977564102564103,0.325,0.5208333333333334,3.3076923076923075
2020-05-14 17:00:00,17,13,2,3,8,0,0,4,5,1,6,1,111.88333333333334,55.0,4.0,11.52,32.5,0.3382352941176471,720.1753068017367,2.3786324786324786,0.325,0.3472222222222222,3.5384615384615383
2020-05-14 18:00:00,18,18,2,3,13,0,0,9,5,1,6,1,112.88333333333334,74.0,4.0,11.52,45.0,0.4485294117647059,736.5403068017366,4.172569444444444,0.45,0.78125,3.388888888888889
2020-05-14 19:00:00,19,14,0,3,11,0,0,3,3,0,3,0,113.88333333333334,98.0,4.0,11.52,35.0,0.304054054054054,692.532,1.9620535714285716,0.35,0.2604166666666667,3.2142857142857144
2020-05-14 20:00:00,20,18,1,3,13,1,0,9,3,1,4,1,114.88333333333334,47.5,4.0,10.92,45.0,0.4027777777777778,721.0203068017366,4.105677655677655,0.45,0.8241758241758241,3.2222222222222223
2020-05-14 21:00:00,21,20,1,3,16,0,0,6,3,2,5,2,115.88333333333334,103.0,4.0,10.92,50.0,0.4642857142857143,745.2186136034732,3.410714285714286,0.5,0.5494505494505495,3.25
2020-05-14 22:00:00,22,17,0,3,14,0,0,2,4,1,5,1,116.88333333333334,163.0,3.0,7.46,42.5,0.5142857142857142,743.5553068017366,2.2016006938968617,0.425,0.2680965147453083,3.176470588235294
2020-05-14 23:00:00,23,16,0,2,14,0,0,9,6,0,6,0,117.88333333333334,73.0,3.0,7.46,40.0,0.4901960784313725,759.582,5.020107238605897,0.4,1.206434316353887,3.125
2020-05-15 00:00:00,0,16,1,3,12,0,0,4,7,0,7,0,118.88333333333334,87.0,3.0,7.46,40.0,0.5353535353535354,778.622,3.101139410187668,0.4,0.5361930294906166,3.3125
2020-05-15 01:00:00,1,19,1,4,13,1,0,6,8,0,8,0,119.88333333333334,143.0,3.0,7.46,47.5,0.6458333333333334,804.097,4.174523775927755,0.475,0.8042895442359249,3.263157894736842
2020-05-15 02:00:00,2,21,1,4,13,3,0,6,8,0,8,0,120.88333333333334,203.0,3.0,7.46,52.5,0.6875,814.027,4.177767139027193,0.525,0.8042895442359249,3.142857142857143
2020-05-15 03:00:00,3,19,1,4,12,1,1,5,8,0,8,0,121.88333333333334,263.0,3.0,7.46,47.5,0.625,815.377,3.616551432199803,0.475,0.6702412868632708,3.1578947368421053
2020-05-15 04:00:00,4,17,1,4,11,1,0,0,8,0,8,0,122.88333333333334,323.0,3.0,7.46,42.5,0.5833333333333334,816.727,1.4,0.425,0.0,3.294117647058824
2020-05-15 05:00:00,5,19,1,4,13,1,0,3,8,0,8,0,123.88333333333334,383.0,3.0,7.46,47.5,0.6458333333333334,826.6569999999999,2.8622618879638773,0.475,0.4021447721179624,3.263157894736842
2020-05-15 06:00:00,6,20,1,5,13,1,0,2,9,0,9,0,124.88333333333334,439.0,3.0,7.46,50.0,0.7096774193548387,847.842,2.534718498659517,0.5,0.2680965147453083,3.3
2020-05-15 07:00:00,7,23,1,5,16,1,0,3,11,0,11,0,125.88333333333334,475.0,3.0,7.46,57.49999999999999,0.8620689655172413,886.717,3.186341648210747,0.575,0.4021447721179624,3.260869565217391
2020-05-15 08:00:00,8,25,1,5,18,1,0,4,12,0,12,0,126.88333333333334,482.0,3.0,6.66,62.5,0.9642857142857144,910.047,3.9709459459459455,0.625,0.6006006006006006,3.24
2020-05-15 09:00:00,9,23,1,5,17,0,0,6,7,0,7,0,127.88333333333334,595.0,3.0,6.66,57.49999999999999,0.7676767676767676,844.3969999999999,4.876889933411672,0.575,0.9009009009009008,3.3043478260869565
2020-05-15 10:00:00,10,29,1,3,25,0,0,12,10,0,10,0,128.88333333333333,200.5,4.0,10.12,72.5,0.7666666666666667,903.107,6.061755485893417,0.725,1.185770750988142,3.1724137931034484
2020-05-15 11:00:00,11,31,1,3,27,0,0,6,11,0,11,0,129.88333333333333,84.0,4.0,10.12,77.5,0.8448275862068966,926.437,4.324282799948999,0.775,0.592885375494071,3.161290322580645
2020-05-15 12:00:00,12,34,1,5,27,1,0,10,16,0,16,0,130.88333333333333,91.5,4.0,10.12,85.0,1.125,1005.512,5.838804929086258,0.85,0.9881422924901184,3.176470588235294
2020-05-15 13:00:00,13,35,1,6,27,1,0,5,17,0,17,0,131.88333333333333,143.0,4.0,10.12,87.5,1.2173913043478262,1026.697,4.38102766798419,0.875,0.4940711462450592,3.2
2020-05-15 14:00:00,14,29,1,7,21,0,0,5,12,1,13,1,132.88333333333333,167.0,4.0,10.12,72.5,0.8888888888888888,966.7353068017364,4.03554586343192,0.725,0.4940711462450592,3.310344827586207
2020-05-15 15:00:00,15,26,1,4,21,0,0,6,8,1,9,1,133.88333333333333,188.0,4.0,10.12,65.0,0.6774193548387096,912.3403068017363,4.015475828519307,0.65,0.592885375494071,3.230769230769231
2020-05-15 16:00:00,16,19,1,1,17,0,0,3,5,1,6,1,134.88333333333333,232.0,4.0,10.12,47.5,0.4411764705882353,862.7653068017366,2.436134803411691,0.475,0.2964426877470355,3.1578947368421053
2020-05-15 17:00:00,17,22,2,2,18,0,0,10,5,3,8,3,135.88333333333333,103.5,4.0,10.12,55.00000000000001,0.5625,903.3769204052098,5.033920229967661,0.55,0.9881422924901184,3.272727272727273
2020-05-15 18:00:00,18,14,0,1,13,0,0,2,2,2,4,2,136.88333333333333,249.0,4.0,10.12,35.0,0.2986111111111111,837.3886136034731,1.6820016939582156,0.35,0.1976284584980236,3.071428571428572
2020-05-15 19:00:00,19,12,0,1,11,0,0,4,1,1,2,1,137.88333333333333,173.0,4.0,10.12,30.0,0.2434210526315789,811.0703068017365,2.14370882740448,0.3,0.3952569169960473,3.083333333333333
2020-05-15 20:00:00,20,13,0,1,10,2,0,7,3,0,3,0,138.88333333333333,44.0,4.0,9.76,32.5,0.2567567567567567,831.387,3.046469104665825,0.325,0.7172131147540983,2.923076923076923
2020-05-15 21:00:00,21,13,0,2,10,1,0,7,5,0,5,0,139.88333333333333,100.0,4.0,9.76,32.5,0.2857142857142857,863.8269999999999,3.206809583858764,0.325,0.7172131147540983,3.076923076923077
2020-05-15 22:00:00,22,5,0,1,4,0,0,0,2,0,2,0,140.88333333333333,113.0,3.0,6.3,12.5,0.1403508771929824,812.1069999999999,0.4,0.125,0.0,3.2
2020-05-15 23:00:00,23,9,0,1,8,0,0,4,3,0,3,0,141.88333333333333,122.0,3.0,6.3,22.5,0.2522522522522522,839.7269999999999,2.6753086419753087,0.225,0.6349206349206349,3.111111111111111
2020-05-16 00:00:00,0,9,0,0,9,0,0,6,2,0,2,0,142.88333333333333,233.0,3.0,6.3,22.5,0.2368421052631578,831.967,3.532142857142857,0.225,0.9523809523809524,3.0
2020-05-16 01:00:00,1,8,0,0,8,0,0,3,2,0,2,0,143.88333333333333,293.0,3.0,6.3,20.0,0.2105263157894736,835.462,2.0285714285714285,0.2,0.4761904761904762,3.0
2020-05-16 02:00:00,2,9,0,0,7,2,0,3,2,0,2,0,144.88333333333333,353.0,3.0,6.3,22.5,0.219298245614035,843.247,1.9477513227513228,0.225,0.4761904761904762,2.7777777777777777
2020-05-16 03:00:00,3,7,0,0,6,1,0,1,2,0,2,0,145.88333333333333,413.0,3.0,6.3,17.5,0.175438596491228,844.597,0.9535147392290249,0.175,0.1587301587301587,2.857142857142857
2020-05-16 04:00:00,4,7,0,0,7,0,0,2,3,0,3,0,146.88333333333333,422.0,3.0,6.3,17.5,0.1891891891891892,863.637,1.4773809523809522,0.175,0.3174603174603174,3.0
2020-05-16 05:00:00,5,8,1,0,7,0,0,1,3,0,3,0,147.88333333333333,482.0,3.0,6.3,20.0,0.2342342342342342,871.4219999999999,1.165873015873016,0.2,0.1587301587301587,3.25
2020-05-16 06:00:00,6,9,1,0,8,0,0,1,3,0,3,0,148.88333333333333,542.0,3.0,6.3,22.5,0.2612612612612612,879.2069999999999,1.236463844797178,0.225,0.1587301587301587,3.2222222222222223
2020-05-16 07:00:00,7,11,0,1,10,0,0,5,3,0,3,0,149.88333333333333,602.0,3.0,6.3,27.500000000000004,0.3063063063063063,889.1369999999998,3.3031024531024538,0.275,0.7936507936507937,3.090909090909091
2020-05-16 08:00:00,8,16,0,1,15,0,0,6,4,0,4,0,150.88333333333333,478.5,3.0,6.66,40.0,0.4537037037037037,918.9019999999998,3.984009009009009,0.4,0.9009009009009008,3.0625
2020-05-16 09:00:00,9,18,0,3,14,1,0,6,6,0,6,0,151.88333333333333,41.0,3.0,6.66,45.0,0.5490196078431373,955.632,4.202802802802803,0.45,0.9009009009009008,3.111111111111111
2020-05-16 10:00:00,10,24,1,4,18,1,0,7,7,0,7,0,152.88333333333333,93.0,4.0,10.36,60.0,0.5833333333333334,987.542,4.0927927927927925,0.6,0.6756756756756757,3.208333333333333
2020-05-16 11:00:00,11,29,2,6,20,1,0,9,10,1,11,1,153.88333333333333,136.0,4.0,10.36,72.5,0.8275862068965517,1058.3753068017363,5.275782186127014,0.725,0.8687258687258688,3.310344827586207
2020-05-16 12:00:00,12,31,2,6,22,1,0,9,8,1,9,1,154.88333333333333,138.0,4.0,10.36,77.5,0.8225806451612904,1041.5053068017364,5.408388342259311,0.775,0.8687258687258688,3.290322580645161
2020-05-16 13:00:00,13,28,1,6,21,0,0,2,6,0,6,0,155.88333333333333,260.0,4.0,10.36,70.0,0.6764705882352942,999.642,2.93430777716492,0.7,0.193050193050193,3.2857142857142856
2020-05-16 14:00:00,14,24,0,4,19,1,0,7,6,0,6,0,156.88333333333333,320.0,4.0,10.36,60.0,0.5514705882352942,996.702,3.986486486486486,0.6,0.6756756756756757,3.125
2020-05-16 15:00:00,15,21,0,3,17,1,0,8,3,1,4,1,157.88333333333333,80.0,4.0,10.36,52.5,0.4513888888888889,969.9753068017365,4.015145247288105,0.525,0.7722007722007722,3.095238095238096
2020-05-16 16:00:00,16,19,0,3,15,1,0,4,5,1,6,1,158.88333333333333,102.5,4.0,10.36,47.5,0.4338235294117647,998.1253068017364,2.6739433042064618,0.475,0.3861003861003861,3.1052631578947367
2020-05-16 17:00:00,17,15,0,1,13,1,0,3,4,0,4,0,159.88333333333333,200.0,4.0,10.36,37.5,0.3125,967.517,1.993725868725869,0.375,0.2895752895752896,3.0
2020-05-16 18:00:00,18,11,0,1,9,1,0,5,3,0,3,0,160.88333333333333,130.0,4.0,10.36,27.500000000000004,0.2229729729729729,951.177,2.272876447876448,0.275,0.4826254826254826,3.0
2020-05-16 19:00:00,19,9,0,2,7,0,0,4,1,0,1,0,161.88333333333333,65.0,4.0,10.36,22.5,0.1858974358974359,925.727,1.969101244101244,0.225,0.3861003861003861,3.2222222222222223
2020-05-16 20:00:00,20,14,0,2,12,0,0,7,2,1,3,1,162.88333333333333,11.0,4.0,11.46,35.0,0.2972972972972973,969.7603068017364,3.0197207678883067,0.35,0.6108202443280977,3.142857142857143
2020-05-16 21:00:00,21,12,0,1,10,1,0,4,2,0,2,0,163.88333333333333,41.5,4.0,11.46,30.0,0.2368421052631578,956.842,1.947120418848168,0.3,0.3490401396160558,3.0
2020-05-16 22:00:00,22,12,0,1,8,3,0,11,4,1,5,1,164.88333333333333,27.0,3.0,7.76,30.0,0.3238095238095238,1003.5503068017364,4.866323024054983,0.3,1.4175257731958764,2.833333333333333
2020-05-16 23:00:00,23,18,0,4,12,2,0,11,7,1,8,1,165.88333333333333,76.0,3.0,7.76,45.0,0.5833333333333334,1062.2603068017363,5.810080183276059,0.45,1.4175257731958764,3.111111111111111
2020-05-17 00:00:00,0,16,0,3,11,2,0,5,7,1,8,1,166.88333333333333,136.0,3.0,7.76,40.0,0.5104166666666666,1063.6103068017364,3.198260309278351,0.4,0.6443298969072165,3.0625
2020-05-17 01:00:00,1,13,0,4,7,2,0,2,7,1,8,1,167.88333333333333,196.0,3.0,7.76,32.5,0.4270833333333333,1062.8153068017364,1.8378469468675656,0.325,0.2577319587628866,3.1538461538461537
2020-05-17 02:00:00,2,12,0,4,7,1,0,3,7,1,8,1,6.116666666666666,256.0,3.0,7.76,30.0,0.40625,148.3063068017366,2.231443298969072,0.3,0.3865979381443299,3.25
2020-05-17 03:00:00,3,10,0,3,6,1,0,3,7,0,7,0,7.116666666666666,319.0,3.0,7.76,25.0,0.3232323232323232,135.388,2.0371134020618555,0.25,0.3865979381443299,3.2
2020-05-17 04:00:00,4,8,0,3,4,1,0,0,7,0,7,0,8.116666666666667,379.0,3.0,7.76,20.0,0.2626262626262626,136.738,0.65,0.2,0.0,3.25
2020-05-17 05:00:00,5,12,0,5,6,1,0,4,9,0,9,0,9.116666666666667,410.0,3.0,7.76,30.0,0.4301075268817204,177.758,2.718213058419244,0.3,0.5154639175257733,3.333333333333333
2020-05-17 06:00:00,6,12,0,5,6,1,0,2,9,0,9,0,10.116666666666667,470.0,3.0,7.76,30.0,0.4301075268817204,183.398,1.859106529209622,0.3,0.2577319587628866,3.333333333333333
2020-05-17 07:00:00,7,13,0,6,6,1,0,2,9,0,9,0,11.116666666666667,530.0,3.0,7.76,32.5,0.4731182795698925,191.183,1.972323552735924,0.325,0.2577319587628866,3.3846153846153846
2020-05-17 08:00:00,8,13,0,6,6,1,0,3,9,0,9,0,12.116666666666667,590.0,3.0,6.8,32.5,0.4731182795698925,196.823,2.5932126696832576,0.325,0.4411764705882353,3.3846153846153846
2020-05-17 09:00:00,9,14,0,6,6,2,0,7,4,0,4,0,11.316666666666666,283.5,3.0,6.8,35.0,0.4259259259259259,127.456,4.532352941176471,0.35,1.0294117647058825,3.2857142857142856
2020-05-17 10:00:00,10,12,0,6,4,2,0,8,3,0,3,0,11.933333333333334,124.0,4.0,10.05,30.0,0.2702702702702703,113.244,3.653399668325042,0.3,0.7960199004975124,3.333333333333333
2020-05-17 11:00:00,11,10,0,4,5,1,0,7,1,0,1,0,12.933333333333334,67.0,4.0,10.05,25.0,0.2115384615384615,87.79400000000001,3.123507462686567,0.25,0.6965174129353233,3.3
2020-05-17 12:00:00,12,14,0,3,10,1,0,11,3,0,3,0,3.6166666666666663,51.0,4.0,10.05,35.0,0.2972972972972973,70.628,4.539943141435678,0.35,1.0945273631840795,3.142857142857143
2020-05-17 13:00:00,13,13,0,2,11,0,0,7,6,0,6,0,3.1166666666666667,57.5,4.0,10.05,32.5,0.3014705882352941,105.863,3.2217087638729427,0.325,0.6965174129353233,3.1538461538461537
2020-05-17 14:00:00,14,12,0,1,11,0,0,7,5,0,5,0,4.116666666666666,115.0,4.0,10.05,30.0,0.2642857142857143,95.958,3.0725953565505804,0.3,0.6965174129353233,3.083333333333333
2020-05-17 15:00:00,15,15,0,0,15,0,0,9,4,0,4,0,3.3,154.0,4.0,10.05,37.5,0.3125,84.387,3.811567164179104,0.375,0.8955223880597014,3.0
2020-05-17 16:00:00,16,16,0,0,16,0,0,9,6,0,6,0,4.0,126.5,4.0,10.05,40.0,0.3529411764705882,117.28,3.886567164179104,0.4,0.8955223880597014,3.0
2020-05-17 17:00:00,17,19,0,1,14,4,0,6,6,0,6,0,5.0,70.0,4.0,10.05,47.5,0.3970588235294117,129.355,3.046779261586803,0.475,0.5970149253731343,2.8421052631578947
2020-05-17 18:00:00,18,24,1,1,18,4,0,11,7,0,7,0,6.0,98.0,4.0,10.05,60.0,0.5378787878787878,159.12,5.012976782752903,0.6,1.0945273631840795,2.958333333333333
2020-05-17 19:00:00,19,20,0,1,14,5,0,4,6,0,6,0,7.0,176.0,4.0,10.05,50.0,0.4117647058823529,142.78,2.514427860696517,0.5,0.3980099502487562,2.8
2020-05-17 20:00:00,20,20,0,2,15,3,0,7,5,0,5,0,8.0,218.0,4.0,12.39,50.0,0.4214285714285714,135.02,3.141666666666667,0.5,0.5649717514124294,2.95
2020-05-17 21:00:00,21,21,1,0,18,2,0,10,5,0,5,0,9.0,255.0,4.0,12.39,52.5,0.45,142.805,3.996307506053269,0.525,0.8071025020177562,3.0
2020-05-17 22:00:00,22,19,1,0,17,1,0,5,5,0,5,0,10.0,109.0,3.0,9.14,47.5,0.5523809523809524,144.155,3.119929747783024,0.475,0.5470459518599562,3.0526315789473686
2020-05-17 23:00:00,23,22,1,0,20,1,0,9,5,0,5,0,11.0,169.0,3.0,9.14,55.00000000000001,0.638095238095238,156.23,4.673806445195942,0.55,0.9846827133479212,3.0454545454545454
2020-05-18 00:00:00,0,23,1,0,21,1,0,6,7,0,7,0,12.0,225.0,3.0,9.14,57.49999999999999,0.7070707070707071,190.815,3.747906954618971,0.575,0.6564551422319475,3.0434782608695654
2020-05-18 01:00:00,1,25,1,0,23,1,0,7,9,0,9,0,13.0,213.0,3.0,9.14,62.5,0.8172043010752689,227.545,4.228227571115974,0.625,0.7658643326039387,3.04
2020-05-18 02:00:00,2,27,2,0,24,1,0,6,10,0,10,0,14.0,212.5,3.0,9.14,67.5,0.9333333333333332,250.875,4.142304886943837,0.675,0.6564551422319475,3.111111111111111
2020-05-18 03:00:00,3,21,2,0,18,1,0,1,10,0,10,0,15.0,272.5,3.0,9.14,52.5,0.7333333333333333,243.645,1.9938574554548296,0.525,0.1094091903719912,3.142857142857143
2020-05-18 04:00:00,4,23,2,1,19,1,0,3,10,0,10,0,16.0,332.5,3.0,9.14,57.49999999999999,0.8111111111111111,253.575,2.866765769194177,0.575,0.3282275711159737,3.1739130434782608
2020-05-18 05:00:00,5,27,2,2,22,1,0,6,10,0,10,0,17.0,392.5,3.0,9.14,67.5,0.9555555555555556,267.795,4.240931193775833,0.675,0.6564551422319475,3.185185185185185
2020-05-18 06:00:00,6,25,2,2,20,1,0,1,10,0,10,0,18.0,452.5,3.0,9.14,62.5,0.8888888888888888,269.145,2.350109409190372,0.625,0.1094091903719912,3.2
2020-05-18 07:00:00,7,23,2,2,17,2,0,4,12,0,12,0,19.0,448.0,3.0,9.14,57.49999999999999,0.8690476190476191,297.295,3.214021025592237,0.575,0.437636761487965,3.1739130434782608
2020-05-18 08:00:00,8,24,2,2,19,1,0,5,12,0,12,0,20.0,508.0,3.0,6.38,60.0,0.9166666666666666,305.08,4.439367816091954,0.6,0.7836990595611285,3.208333333333333
2020-05-18 09:00:00,9,22,1,3,16,2,0,5,7,0,7,0,12.75,147.0,3.0,6.38,55.00000000000001,0.696969696969697,192.9,4.182965232259903,0.55,0.7836990595611285,3.136363636363636
2020-05-18 10:00:00,10,21,0,2,16,3,0,6,5,0,5,0,13.35,207.0,4.0,9.63,52.5,0.4428571428571428,167.339,3.38948968995698,0.525,0.6230529595015577,2.952380952380953
2020-05-18 11:00:00,11,22,0,2,15,5,0,8,8,0,8,0,13.333333333333334,160.5,4.0,9.63,55.00000000000001,0.4921875,209.59000000000003,3.953929481733221,0.55,0.8307372793354103,2.863636363636364
2020-05-18 12:00:00,12,25,0,2,19,4,0,8,9,0,9,0,14.333333333333334,91.0,4.0,9.63,62.5,0.5887096774193549,235.06500000000003,4.250752855659399,0.625,0.8307372793354103,2.92
2020-05-18 13:00:00,13,22,0,2,17,3,0,3,8,1,9,1,13.533333333333331,137.0,4.0,9.63,55.00000000000001,0.5241935483870968,224.9863068017366,2.54541914471821,0.55,0.3115264797507788,2.9545454545454546
2020-05-18 14:00:00,14,21,0,1,16,4,0,5,6,1,7,1,13.266666666666667,197.0,4.0,9.63,52.5,0.4545454545454545,194.53730680173663,2.9834594273846613,0.525,0.5192107995846315,2.857142857142857
2020-05-18 15:00:00,15,20,0,1,17,2,0,7,4,1,5,1,7.65,183.0,4.0,9.63,50.0,0.4214285714285714,133.9143068017366,3.619340602284528,0.5,0.726895119418484,2.95
2020-05-18 16:00:00,16,23,0,2,19,2,0,6,7,0,7,0,8.65,62.0,4.0,9.63,57.49999999999999,0.5227272727272727,171.921,3.5941588785046727,0.575,0.6230529595015577,3.0
2020-05-18 17:00:00,17,27,0,2,23,2,0,8,8,1,9,1,9.65,117.0,4.0,9.63,67.5,0.6532258064516129,213.80930680173665,4.517211838006231,0.675,0.8307372793354103,3.0
2020-05-18 18:00:00,18,25,0,2,21,2,0,7,4,1,5,1,10.65,84.0,4.0,9.63,62.5,0.5357142857142857,161.55930680173662,4.055685358255452,0.625,0.726895119418484,3.0
2020-05-18 19:00:00,19,19,0,3,16,0,0,4,3,1,4,1,11.65,139.5,4.0,9.63,47.5,0.4166666666666667,140.92930680173663,2.811690441055911,0.475,0.4153686396677051,3.1578947368421053
2020-05-18 20:00:00,20,21,0,2,19,0,0,7,5,1,6,1,12.65,183.5,4.0,10.02,52.5,0.4779411764705882,177.65930680173662,3.787341982701265,0.525,0.6986027944111777,3.095238095238096
2020-05-18 21:00:00,21,16,0,1,15,0,0,5,4,0,4,0,13.65,166.0,4.0,10.02,40.0,0.3402777777777778,144.906,2.753193612774451,0.4,0.499001996007984,3.0625
2020-05-18 22:00:00,22,10,0,0,10,0,0,4,2,0,2,0,14.65,68.0,3.0,6.77,25.0,0.2631578947368421,110.87599999999998,2.522525849335303,0.25,0.5908419497784343,3.0
2020-05-18 23:00:00,23,11,0,0,11,0,0,7,2,0,2,0,15.65,128.0,3.0,6.77,27.500000000000004,0.2894736842105263,118.661,3.926920236336781,0.275,1.03397341211226,3.0
2020-05-19 00:00:00,0,10,0,0,10,0,0,2,2,0,2,0,16.65,188.0,3.0,6.77,25.0,0.2631578947368421,122.156,1.6362629246676514,0.25,0.2954209748892171,3.0
2020-05-19 01:00:00,1,10,0,1,9,0,0,4,3,0,3,0,17.65,233.0,3.0,6.77,25.0,0.2792792792792792,141.196,2.6066100443131464,0.25,0.5908419497784343,3.1
2020-05-19 02:00:00,2,11,0,1,10,0,0,1,3,0,3,0,18.65,293.0,3.0,6.77,27.500000000000004,0.3063063063063063,148.981,1.3065596884651538,0.275,0.1477104874446085,3.090909090909091
2020-05-19 03:00:00,3,13,0,1,11,1,0,2,3,0,3,0,19.65,353.0,3.0,6.77,32.5,0.3513513513513513,158.911,1.8612629246676515,0.325,0.2954209748892171,3.0
2020-05-19 04:00:00,4,13,0,1,12,0,0,3,4,0,4,0,20.65,312.0,3.0,6.77,32.5,0.3703703703703703,177.95099999999996,2.3634814225656178,0.325,0.4431314623338257,3.076923076923077
2020-05-19 05:00:00,5,13,0,1,12,0,0,0,4,0,4,0,21.65,372.0,3.0,6.77,32.5,0.3703703703703703,183.591,1.0,0.325,0.0,3.076923076923077
2020-05-19 06:00:00,6,12,0,2,10,0,0,1,5,0,5,0,22.65,331.0,3.0,6.77,30.0,0.3619047619047619,200.486,1.417749876907927,0.3,0.1477104874446085,3.1666666666666665
2020-05-19 07:00:00,7,13,0,2,10,1,0,2,5,0,5,0,23.65,391.0,3.0,6.77,32.5,0.3809523809523809,208.271,1.908987615043745,0.325,0.2954209748892171,3.076923076923077
2020-05-19 08:00:00,8,14,0,2,11,1,0,2,5,0,5,0,24.65,451.0,3.0,6.66,35.0,0.4095238095238095,216.056,1.9973509223509225,0.35,0.3003003003003003,3.071428571428572
2020-05-19 09:00:00,9,14,1,3,9,1,0,5,4,0,4,0,25.65,173.0,3.0,6.66,35.0,0.4259259259259259,208.296,3.616752466752466,0.35,0.7507507507507507,3.2857142857142856
2020-05-19 10:00:00,10,15,1,5,8,1,0,4,5,0,5,0,13.083333333333334,94.0,4.0,10.0,37.5,0.3642857142857142,152.965,2.635,0.375,0.4,3.4
2020-05-19 11:00:00,11,16,2,4,9,1,0,5,6,0,6,0,14.083333333333334,124.0,4.0,10.0,40.0,0.4044117647058823,174.14999999999998,3.09375,0.4,0.5,3.4375
2020-05-19 12:00:00,12,15,2,3,9,1,0,3,6,0,6,0,15.083333333333334,130.5,4.0,10.0,37.5,0.375,177.64499999999998,2.295,0.375,0.3,3.4
2020-05-19 13:00:00,13,14,1,3,8,2,0,2,5,0,5,0,14.05,143.0,4.0,10.0,35.0,0.3214285714285714,156.272,1.767857142857143,0.35,0.2,3.2142857142857144
2020-05-19 14:00:00,14,16,1,4,8,3,0,4,4,0,4,0,15.05,199.5,4.0,10.0,40.0,0.3541666666666667,152.80200000000002,2.5500000000000003,0.4,0.4,3.1875
2020-05-19 15:00:00,15,15,1,3,8,3,0,6,4,0,4,0,6.283333333333333,234.0,4.0,10.0,37.5,0.3263888888888889,101.213,3.055,0.375,0.6,3.1333333333333333
2020-05-19 16:00:00,16,12,0,4,5,3,0,1,1,0,1,0,7.283333333333333,4.0,4.0,10.0,30.0,0.2371794871794871,60.21799999999999,1.2333333333333334,0.3,0.1,3.083333333333333
2020-05-19 17:00:00,17,17,1,5,7,4,0,7,3,0,3,0,8.283333333333333,51.0,4.0,10.0,42.5,0.3648648648648648,103.38299999999998,3.5735294117647056,0.425,0.7,3.176470588235294
2020-05-19 18:00:00,18,17,1,5,6,5,0,4,3,0,3,0,9.283333333333331,111.0,4.0,10.0,42.5,0.3581081081081081,109.023,2.5720588235294115,0.425,0.4,3.117647058823529
2020-05-19 19:00:00,19,11,1,3,3,4,0,2,3,0,3,0,10.283333333333331,171.0,4.0,10.0,27.500000000000004,0.2297297297297297,101.793,1.4681818181818185,0.275,0.2,3.090909090909091
2020-05-19 20:00:00,20,11,1,2,6,2,0,6,3,0,3,0,10.066666666666666,92.0,4.0,9.91,27.500000000000004,0.2364864864864864,100.571,2.8014287680029355,0.275,0.6054490413723511,3.1818181818181817
2020-05-19 21:00:00,21,13,0,1,8,4,0,5,3,0,3,0,11.066666666666666,83.0,4.0,9.91,32.5,0.2432432432432432,110.501,2.2971900954746567,0.325,0.5045408678102926,2.769230769230769
2020-05-19 22:00:00,22,14,0,1,9,4,0,5,2,0,2,0,12.066666666666666,130.0,3.0,6.57,35.0,0.3421052631578947,104.886,3.0950260926288315,0.35,0.76103500761035,2.7857142857142856
2020-05-19 23:00:00,23,13,0,1,8,4,0,2,2,0,2,0,13.066666666666666,190.0,3.0,6.57,32.5,0.3157894736842105,108.381,1.7429926238145417,0.325,0.30441400304414,2.769230769230769
2020-05-20 00:00:00,0,10,0,2,6,2,0,2,2,0,2,0,14.066666666666666,250.0,3.0,6.57,25.0,0.2631578947368421,107.586,1.66324200913242,0.25,0.30441400304414,3.0
2020-05-20 01:00:00,1,11,0,2,6,3,0,3,2,0,2,0,15.066666666666666,310.0,3.0,6.57,27.500000000000004,0.2807017543859649,115.371,2.12835201328352,0.275,0.45662100456621,2.909090909090909
2020-05-20 02:00:00,2,14,0,2,7,5,0,5,2,0,2,0,16.066666666666666,370.0,3.0,6.57,35.0,0.3421052631578947,127.446,3.0950260926288315,0.35,0.76103500761035,2.7857142857142856
2020-05-20 03:00:00,3,12,0,2,7,3,0,2,2,0,2,0,17.066666666666666,430.0,3.0,6.57,30.0,0.3070175438596491,128.796,1.7628741755454085,0.3,0.30441400304414,2.9166666666666665
2020-05-20 04:00:00,4,14,0,2,7,4,1,4,4,0,4,0,18.066666666666663,262.5,3.0,6.57,35.0,0.3518518518518518,165.52599999999998,2.6025331593824745,0.35,0.60882800608828,2.7142857142857144
2020-05-20 05:00:00,5,11,0,2,7,2,0,2,3,0,3,0,19.066666666666663,537.0,3.0,6.57,27.500000000000004,0.2972972972972973,151.331,1.7382420091324202,0.275,0.30441400304414,3.0
2020-05-20 06:00:00,6,14,0,2,10,2,0,4,4,0,4,0,20.066666666666663,365.5,3.0,6.57,35.0,0.3888888888888889,176.80599999999998,2.87648401826484,0.35,0.60882800608828,3.0
2020-05-20 07:00:00,7,17,0,2,12,3,0,3,5,0,5,0,21.066666666666663,194.0,3.0,6.57,42.5,0.4761904761904761,202.281,2.5930029546065003,0.425,0.45662100456621,2.9411764705882355
2020-05-20 08:00:00,8,19,0,2,12,5,0,4,6,0,6,0,22.066666666666663,214.0,3.0,9.14,47.5,0.5294117647058824,225.611,2.593809743176321,0.475,0.437636761487965,2.8421052631578947
2020-05-20 09:00:00,9,18,0,2,12,4,0,6,5,0,5,0,23.066666666666663,234.0,3.0,9.14,45.0,0.4952380952380952,215.706,3.1964259664478485,0.45,0.6564551422319475,2.888888888888889
2020-05-20 10:00:00,10,21,0,3,15,3,0,10,8,0,8,0,24.066666666666663,88.0,4.0,12.84,52.5,0.4921875,267.981,3.911448598130841,0.525,0.778816199376947,3.0
2020-05-20 11:00:00,11,22,1,2,18,1,0,10,10,0,10,0,15.383333333333333,90.0,4.0,12.84,55.00000000000001,0.575,247.952,4.167650807136789,0.55,0.778816199376947,3.136363636363636
2020-05-20 12:00:00,12,28,1,4,23,0,0,9,12,1,13,1,16.383333333333333,122.0,4.0,12.84,70.0,0.8333333333333334,307.53030680173663,4.503004005340454,0.7,0.7009345794392523,3.2142857142857144
2020-05-20 13:00:00,13,24,1,4,19,0,0,3,9,1,10,1,17.383333333333333,181.0,4.0,12.84,60.0,0.65,264.3903068017366,2.709345794392523,0.6,0.2336448598130841,3.25
2020-05-20 14:00:00,14,22,1,3,17,0,1,4,9,0,9,0,18.383333333333333,218.0,4.0,12.84,55.00000000000001,0.5564516129032258,251.472,2.7020603228547158,0.55,0.3115264797507788,3.136363636363636
2020-05-20 15:00:00,15,22,1,3,17,0,1,6,9,0,9,0,19.383333333333333,181.0,4.0,12.84,55.00000000000001,0.5564516129032258,257.112,3.1905904842820734,0.55,0.4672897196261682,3.136363636363636
2020-05-20 16:00:00,16,23,1,1,21,0,0,6,9,1,10,1,20.383333333333333,122.0,4.0,12.84,57.49999999999999,0.6,279.1653068017366,3.2628199918732226,0.575,0.4672897196261682,3.130434782608696
2020-05-20 17:00:00,17,25,1,1,19,4,0,5,10,1,11,1,21.383333333333333,171.0,4.0,12.84,62.5,0.6379310344827587,302.4953068017366,3.002647975077881,0.625,0.3894080996884735,2.96
2020-05-20 18:00:00,18,29,1,2,21,5,0,11,8,0,8,0,9.45,185.5,4.0,12.84,72.5,0.671875,202.703,4.690552153829627,0.725,0.8566978193146417,2.9655172413793105
2020-05-20 19:00:00,19,22,1,3,17,1,0,3,8,0,8,0,9.4,202.0,4.0,12.84,55.00000000000001,0.546875,187.406,2.4934154630416314,0.55,0.2336448598130841,3.1818181818181817
2020-05-20 20:00:00,20,25,1,3,19,2,0,6,9,0,9,0,10.4,155.0,4.0,10.3,62.5,0.6290322580645161,212.88100000000003,3.76747572815534,0.625,0.5825242718446602,3.12
2020-05-20 21:00:00,21,23,1,2,17,3,0,7,5,0,5,0,11.4,399.0,4.0,10.3,57.49999999999999,0.5,160.63099999999997,3.818383284086112,0.575,0.6796116504854368,3.0434782608695654
2020-05-20 22:00:00,22,21,1,3,14,3,0,5,5,0,5,0,12.4,459.0,3.0,6.6,52.5,0.6190476190476191,161.981,3.969877344877345,0.525,0.7575757575757576,3.095238095238096
2020-05-20 23:00:00,23,29,0,6,21,2,0,12,8,0,8,0,13.4,284.5,3.0,6.6,72.5,0.9479166666666666,224.981,7.980329153605016,0.725,1.8181818181818183,3.1379310344827585
2020-05-21 00:00:00,0,27,0,6,19,2,0,4,9,0,9,0,14.4,297.0,3.0,6.6,67.5,0.913978494623656,239.731,4.032968574635242,0.675,0.6060606060606061,3.1481481481481484
2020-05-21 01:00:00,1,25,0,6,18,1,0,4,9,0,9,0,15.4,357.0,3.0,6.6,62.5,0.8602150537634409,241.081,3.939393939393939,0.625,0.6060606060606061,3.2
2020-05-21 02:00:00,2,26,0,5,20,1,0,4,9,0,9,0,16.4,417.0,3.0,6.6,65.0,0.8817204301075269,248.866,3.961421911421912,0.65,0.6060606060606061,3.1538461538461537
2020-05-21 03:00:00,3,19,0,4,14,1,0,3,9,0,9,0,17.4,477.0,3.0,6.6,47.5,0.6451612903225806,239.491,2.935406698564593,0.475,0.4545454545454546,3.1578947368421053
2020-05-21 04:00:00,4,21,0,4,16,1,0,2,9,0,9,0,18.4,537.0,3.0,6.6,52.5,0.7096774193548387,249.421,2.6023809523809525,0.525,0.303030303030303,3.142857142857143
2020-05-21 05:00:00,5,21,0,4,16,1,0,0,9,0,9,0,19.4,597.0,3.0,6.6,52.5,0.7096774193548387,255.061,1.65,0.525,0.0,3.142857142857143
2020-05-21 06:00:00,6,23,1,4,17,1,0,4,10,0,10,0,20.4,557.0,3.0,6.6,57.49999999999999,0.8222222222222222,278.391,3.799934123847168,0.575,0.6060606060606061,3.217391304347826
2020-05-21 07:00:00,7,21,1,4,15,1,0,1,10,0,10,0,21.4,617.0,3.0,6.6,52.5,0.7555555555555555,279.741,2.1906204906204905,0.525,0.1515151515151515,3.238095238095238
2020-05-21 08:00:00,8,21,1,5,14,1,0,5,11,0,11,0,22.4,577.0,3.0,9.14,52.5,0.7931034482758621,298.78099999999995,3.522436698968428,0.525,0.5470459518599562,3.2857142857142856
2020-05-21 09:00:00,9,20,1,5,13,1,0,4,10,1,11,1,23.4,619.0,3.0,9.14,50.0,0.7586206896551724,303.14430680173655,3.0942013129102843,0.5,0.437636761487965,3.3
2020-05-21 10:00:00,10,18,1,4,12,1,0,2,10,1,11,1,24.4,663.0,4.0,12.46,45.0,0.5086206896551724,304.49430680173657,2.0011280542179417,0.45,0.160513643659711,3.2777777777777777
2020-05-21 11:00:00,11,26,1,6,18,1,0,8,10,2,12,2,25.4,464.5,4.0,12.46,65.0,0.7589285714285714,341.5626136034732,4.224024570934684,0.65,0.6420545746388443,3.269230769230769
2020-05-21 12:00:00,12,24,0,5,17,2,0,6,8,1,9,1,26.4,188.0,4.0,12.46,60.0,0.6048387096774194,301.8443068017366,3.379815409309792,0.6,0.4815409309791332,3.125
2020-05-21 13:00:00,13,21,0,2,18,1,0,3,8,1,9,1,27.4,170.0,4.0,12.46,52.5,0.5161290322580645,301.04930680173663,2.3337766567301075,0.525,0.2407704654895666,3.0476190476190474
2020-05-21 14:00:00,14,22,0,3,19,0,0,6,8,2,10,2,28.4,93.0,4.0,12.46,55.00000000000001,0.575,323.10261360347323,3.235287465343645,0.55,0.4815409309791332,3.136363636363636
2020-05-21 15:00:00,15,20,0,3,17,0,0,4,5,2,7,2,25.266666666666666,126.0,4.0,12.46,50.0,0.4772727272727273,260.94061360347325,2.58623595505618,0.5,0.3210272873194221,3.15
2020-05-21 16:00:00,16,14,1,1,12,0,0,5,3,3,6,3,22.666666666666668,180.5,4.0,12.46,35.0,0.3308823529411764,220.87492040520985,2.4148417794083925,0.35,0.4012841091492776,3.2142857142857144
2020-05-21 17:00:00,17,15,1,2,11,1,0,5,4,3,7,3,23.666666666666668,84.0,4.0,12.46,37.5,0.3636363636363636,242.05992040520985,2.484109149277689,0.375,0.4012841091492776,3.2
2020-05-21 18:00:00,18,17,1,3,13,0,0,6,6,1,7,1,24.666666666666668,111.0,4.0,12.46,42.5,0.4242424242424242,250.25330680173656,2.9862524785194977,0.425,0.4815409309791332,3.294117647058824
2020-05-21 19:00:00,19,18,1,3,14,0,0,6,6,2,8,2,25.666666666666668,101.0,4.0,12.46,45.0,0.4609375,272.30661360347324,3.0533841626538254,0.45,0.4815409309791332,3.2777777777777777
2020-05-21 20:00:00,20,13,1,3,9,0,0,3,4,2,6,2,7.1,129.5,4.0,9.67,32.5,0.3235294117647059,130.06561360347325,2.150035796674887,0.325,0.3102378490175801,3.3846153846153846
2020-05-21 21:00:00,21,15,1,2,10,1,1,9,2,1,3,1,8.1,317.0,4.0,9.67,37.5,0.3108108108108108,98.92730680173662,4.004188210961737,0.375,0.9307135470527405,3.066666666666667
2020-05-21 22:00:00,22,12,0,3,7,1,1,3,2,0,2,0,9.1,461.5,3.0,6.35,30.0,0.3157894736842105,83.864,2.31732283464567,0.3,0.4724409448818898,3.0
2020-05-21 23:00:00,23,16,0,3,11,1,1,6,2,0,2,0,10.1,521.5,3.0,6.35,40.0,0.4210526315789473,98.084,4.034645669291338,0.4,0.9448818897637796,3.0
2020-05-22 00:00:00,0,17,0,4,12,0,1,4,3,0,3,0,11.1,497.0,3.0,6.35,42.5,0.4774774774774775,119.26899999999998,3.288872163038444,0.425,0.6299212598425197,3.117647058823529
2020-05-22 01:00:00,1,16,0,3,11,1,1,4,3,0,3,0,12.1,557.0,3.0,6.35,40.0,0.4324324324324324,122.764,3.0897637795275594,0.4,0.6299212598425197,3.0
2020-05-22 02:00:00,2,16,0,3,11,1,1,3,3,0,3,0,13.1,617.0,3.0,6.35,40.0,0.4324324324324324,128.404,2.6173228346456696,0.4,0.4724409448818898,3.0
2020-05-22 03:00:00,3,14,0,3,9,1,1,2,3,0,3,0,14.1,677.0,3.0,6.35,35.0,0.3783783783783784,129.754,1.9948818897637797,0.35,0.3149606299212598,3.0
2020-05-22 04:00:00,4,13,1,2,8,1,1,2,3,0,3,0,15.1,737.0,3.0,6.35,32.5,0.3603603603603603,133.249,1.9691096305269535,0.325,0.3149606299212598,3.076923076923077
2020-05-22 05:00:00,5,11,0,2,7,1,1,0,3,0,3,0,16.1,797.0,3.0,6.35,27.500000000000004,0.2882882882882883,134.599,0.8,0.275,0.0,2.909090909090909
2020-05-22 06:00:00,6,12,0,2,7,2,1,2,4,0,4,0,17.1,609.5,3.0,6.35,30.0,0.3148148148148148,155.784,1.7423884514435697,0.3,0.3149606299212598,2.833333333333333
2020-05-22 07:00:00,7,13,0,2,8,2,1,2,4,0,4,0,18.1,669.5,3.0,6.35,32.5,0.3425925925925926,163.56900000000002,1.821426408237432,0.325,0.3149606299212598,2.8461538461538463
2020-05-22 08:00:00,8,14,0,2,10,1,1,6,7,0,7,0,19.1,149.0,3.0,6.8,35.0,0.4141414141414141,211.554,3.609033613445378,0.35,0.8823529411764706,2.9285714285714284
2020-05-22 09:00:00,9,15,0,2,10,2,1,4,7,0,7,0,20.1,113.0,3.0,6.8,37.5,0.4343434343434343,219.339,2.761274509803921,0.375,0.5882352941176471,2.8666666666666667
2020-05-22 10:00:00,10,15,0,1,11,3,0,5,8,0,8,0,21.1,165.5,4.0,10.05,37.5,0.3359375,238.379,2.5012023217247097,0.375,0.4975124378109452,2.8666666666666667
2020-05-22 11:00:00,11,18,0,1,15,2,0,8,10,0,10,0,22.1,213.0,4.0,10.05,45.0,0.4416666666666666,277.254,3.66883637368712,0.45,0.7960199004975124,2.9444444444444446
2020-05-22 12:00:00,12,16,0,2,13,1,0,4,8,0,8,0,22.73333333333333,191.0,4.0,10.05,40.0,0.3828125,249.736,2.443905472636816,0.4,0.3980099502487562,3.0625
2020-05-22 13:00:00,13,15,0,2,12,1,0,2,9,0,9,0,23.73333333333333,156.0,4.0,10.05,37.5,0.3709677419354839,266.631,1.7602819237147596,0.375,0.1990049751243781,3.066666666666667
2020-05-22 14:00:00,14,16,0,1,14,1,0,5,6,1,7,1,24.73333333333333,210.0,4.0,10.05,40.0,0.3636363636363636,248.48430680173655,2.692537313432836,0.4,0.4975124378109452,3.0
2020-05-22 15:00:00,15,15,0,2,12,1,0,5,6,2,8,2,25.73333333333333,200.5,4.0,10.05,37.5,0.359375,266.24761360347327,2.675704809286899,0.375,0.4975124378109452,3.066666666666667
2020-05-22 16:00:00,16,13,0,2,10,1,0,5,3,2,5,2,26.73333333333333,176.0,4.0,10.05,32.5,0.2857142857142857,227.39761360347325,2.5308075009567546,0.325,0.4975124378109452,3.076923076923077
2020-05-22 17:00:00,17,12,0,1,10,1,0,4,3,1,4,1,27.73333333333333,154.5,4.0,10.05,30.0,0.25,216.62430680173665,2.094029850746269,0.3,0.3980099502487562,3.0
2020-05-22 18:00:00,18,12,0,1,10,1,0,4,2,1,3,1,7.566666666666666,133.0,4.0,10.05,30.0,0.2432432432432432,89.48430680173661,2.094029850746269,0.3,0.3980099502487562,3.0
2020-05-22 19:00:00,19,10,0,0,9,1,0,4,0,1,1,1,7.833333333333333,7.0,4.0,10.05,25.0,0.1858974358974359,59.8983068017366,1.879228855721393,0.25,0.3980099502487562,2.9
2020-05-22 20:00:00,20,12,1,1,9,1,0,5,0,1,1,1,8.833333333333334,67.0,4.0,9.63,30.0,0.2435897435897435,69.8283068017366,2.594167532017999,0.3,0.5192107995846315,3.1666666666666665
2020-05-22 21:00:00,21,10,1,0,8,1,0,6,1,1,2,1,3.4166666666666665,72.0,4.0,9.63,25.0,0.2039473684210526,48.38830680173661,2.706464174454829,0.25,0.6230529595015577,3.1
2020-05-22 22:00:00,22,12,1,1,7,3,0,8,1,2,3,2,3.633333333333333,77.0,3.0,6.38,30.0,0.3243243243243243,68.16861360347323,4.661755485893417,0.3,1.2539184952978055,3.0
2020-05-22 23:00:00,23,8,0,1,7,0,0,1,1,1,2,1,4.633333333333334,126.0,3.0,6.38,20.0,0.219298245614035,50.96030680173662,1.1148119122257054,0.2,0.1567398119122257,3.125
2020-05-23 00:00:00,0,8,1,0,6,0,1,4,1,1,2,1,5.633333333333334,103.5,3.0,6.38,20.0,0.2105263157894736,56.60030680173662,2.480877742946709,0.2,0.6269592476489029,3.0
2020-05-23 01:00:00,1,9,1,0,8,0,0,5,1,1,2,1,6.633333333333334,163.5,3.0,6.38,22.5,0.2543859649122807,64.38530680173662,3.250252525252525,0.225,0.7836990595611285,3.2222222222222223
2020-05-23 02:00:00,2,7,0,0,7,0,0,3,2,0,2,0,7.633333333333334,187.0,3.0,6.38,17.5,0.1842105263157894,64.86699999999999,1.9356583072100315,0.175,0.4702194357366771,3.0
2020-05-23 03:00:00,3,7,0,0,7,0,0,2,3,0,3,0,8.633333333333333,117.0,3.0,6.38,17.5,0.1891891891891892,83.907,1.4654388714733542,0.175,0.3134796238244514,3.0
2020-05-23 04:00:00,4,6,0,0,6,0,0,0,3,0,3,0,9.633333333333333,177.0,3.0,6.38,15.0,0.1621621621621621,87.40199999999999,0.4499999999999999,0.15,0.0,3.0
2020-05-23 05:00:00,5,8,0,0,8,0,0,2,3,0,3,0,10.633333333333333,237.0,3.0,6.38,20.0,0.2162162162162162,97.332,1.5404388714733543,0.2,0.3134796238244514,3.0
2020-05-23 06:00:00,6,8,0,0,8,0,0,1,3,0,3,0,11.633333333333333,297.0,3.0,6.38,20.0,0.2162162162162162,102.972,1.0702194357366772,0.2,0.1567398119122257,3.0
2020-05-23 07:00:00,7,7,1,0,6,0,0,1,2,1,3,1,12.633333333333333,274.0,3.0,6.38,17.5,0.2072072072072072,107.3353068017366,1.09000223914017,0.175,0.1567398119122257,3.2857142857142856
2020-05-23 08:00:00,8,12,1,1,9,1,0,7,3,1,4,1,6.95,214.0,3.0,6.57,30.0,0.3518518518518518,99.4063068017366,4.323921867072552,0.3,1.06544901065449,3.1666666666666665
2020-05-23 09:00:00,9,14,1,1,11,1,0,4,5,1,6,1,7.95,115.5,3.0,6.57,35.0,0.4313725490196078,136.13630680173662,3.013459447706023,0.35,0.60882800608828,3.142857142857143
2020-05-23 10:00:00,10,12,1,2,8,1,0,3,4,1,5,1,7.566666666666666,137.0,4.0,10.27,30.0,0.2785714285714286,116.2843068017366,1.924367088607595,0.3,0.2921129503407984,3.25
2020-05-23 11:00:00,11,18,1,3,13,1,0,9,7,0,7,0,8.566666666666666,123.0,4.0,10.27,45.0,0.4393939393939394,160.726,4.273758519961052,0.45,0.8763388510223954,3.2222222222222223
2020-05-23 12:00:00,12,20,1,6,13,0,0,8,9,0,9,0,4.533333333333333,113.0,4.0,10.27,50.0,0.5483870967741935,169.06799999999998,4.348490749756572,0.5,0.7789678675754625,3.4
2020-05-23 13:00:00,13,21,1,5,15,0,0,5,9,3,12,3,5.533333333333333,73.0,4.0,10.27,52.5,0.625,219.65792040520984,3.372849724115547,0.525,0.486854917234664,3.333333333333333
2020-05-23 14:00:00,14,23,0,6,17,0,0,6,7,4,11,4,6.533333333333333,123.0,4.0,10.27,57.49999999999999,0.646551724137931,217.0562272069465,3.780084458744337,0.575,0.5842259006815969,3.260869565217391
2020-05-23 15:00:00,15,24,0,6,17,1,0,9,5,4,9,4,7.533333333333333,122.0,4.0,10.27,60.0,0.6209677419354839,198.04122720694647,4.7365871470301855,0.6,0.8763388510223954,3.208333333333333
2020-05-23 16:00:00,16,27,0,5,21,1,0,10,6,4,10,4,8.533333333333333,173.0,4.0,10.27,67.5,0.7083333333333334,223.51622720694644,5.190382812218255,0.675,0.973709834469328,3.1481481481481484
2020-05-23 17:00:00,17,26,0,4,21,1,0,7,8,3,11,3,9.533333333333331,156.0,4.0,10.27,65.0,0.6982758620689655,239.54292040520983,4.148436446708112,0.65,0.6815968841285297,3.1153846153846154
2020-05-23 18:00:00,18,21,1,3,16,1,0,4,7,2,9,2,8.266666666666667,145.0,4.0,10.27,52.5,0.5403225806451613,194.0056136034732,2.917639217322762,0.525,0.3894839337877313,3.1904761904761907
2020-05-23 19:00:00,19,20,1,3,16,0,0,11,4,2,6,2,9.266666666666667,90.5,4.0,10.27,50.0,0.4779411764705882,157.30061360347324,5.106012658227848,0.5,1.071080817916261,3.25
2020-05-23 20:00:00,20,13,1,1,10,1,0,5,4,1,5,1,9.766666666666667,101.0,4.0,10.38,32.5,0.2928571428571428,130.83730680173662,2.544193715725508,0.325,0.4816955684007707,3.1538461538461537
2020-05-23 21:00:00,21,20,1,1,16,2,0,11,6,1,7,1,10.766666666666667,64.0,4.0,10.38,50.0,0.4621212121212121,178.29230680173663,4.757177263969171,0.5,1.0597302504816957,3.05
2020-05-23 22:00:00,22,22,1,0,18,3,0,9,4,1,5,1,11.766666666666667,95.0,3.0,6.68,55.00000000000001,0.6190476190476191,161.42230680173662,5.6056750136091456,0.55,1.347305389221557,2.9545454545454546
2020-05-23 23:00:00,23,22,1,1,15,5,0,8,5,1,6,1,6.516666666666667,112.5,3.0,6.68,55.00000000000001,0.6274509803921569,145.21230680173662,5.083941208492107,0.55,1.1976047904191618,2.909090909090909
2020-05-24 00:00:00,0,23,1,3,15,4,0,9,5,1,6,1,7.516666666666667,172.5,3.0,6.68,57.49999999999999,0.6862745098039216,152.9973068017366,5.8504946628482175,0.575,1.347305389221557,3.0434782608695654
2020-05-24 01:00:00,1,16,1,2,11,2,0,3,5,1,6,1,8.516666666666667,232.5,3.0,6.68,40.0,0.4901960784313725,143.6223068017366,2.6534431137724552,0.4,0.4491017964071856,3.125
2020-05-24 02:00:00,2,16,1,2,11,2,0,3,5,1,6,1,9.516666666666667,292.5,3.0,6.68,40.0,0.4901960784313725,149.26230680173663,2.6534431137724552,0.4,0.4491017964071856,3.125
2020-05-24 03:00:00,3,15,1,2,10,2,0,4,5,1,6,1,10.516666666666667,352.5,3.0,6.68,37.5,0.4607843137254901,152.7573068017366,3.05124750499002,0.375,0.5988023952095809,3.1333333333333333
2020-05-24 04:00:00,4,17,1,2,11,2,1,3,5,2,7,2,11.516666666666667,410.0,3.0,6.68,42.5,0.5151515151515151,176.95561360347324,2.622305389221557,0.425,0.4491017964071856,3.0
2020-05-24 05:00:00,5,19,1,2,12,2,2,2,5,2,7,2,12.516666666666667,470.0,3.0,6.68,47.5,0.5555555555555556,186.8856136034732,2.241687677277025,0.475,0.2994011976047904,2.8947368421052637
2020-05-24 06:00:00,6,17,1,2,12,1,1,1,5,2,7,2,13.516666666666667,530.0,3.0,6.68,42.5,0.5252525252525253,188.2356136034732,1.757907713983797,0.425,0.1497005988023952,3.0588235294117645
2020-05-24 07:00:00,7,18,1,3,12,1,1,7,7,1,8,1,13.533333333333331,494.5,3.0,6.68,45.0,0.5833333333333334,203.00630680173663,4.660146373918829,0.45,1.0479041916167666,3.111111111111111
2020-05-24 08:00:00,8,17,0,3,12,1,1,2,7,1,8,1,12.066666666666666,554.5,3.0,7.73,42.5,0.53125,192.5893068017366,2.051196636481242,0.425,0.258732212160414,3.0
2020-05-24 09:00:00,9,20,0,4,14,1,1,8,7,1,8,1,11.45,91.5,3.0,7.73,50.0,0.6354166666666666,195.5463068017366,4.68153298835705,0.5,1.034928848641656,3.05
2020-05-24 10:00:00,10,19,0,4,14,1,0,11,7,0,7,0,12.45,98.0,4.0,11.07,47.5,0.4545454545454545,184.773,4.637926116103267,0.475,0.9936766034327008,3.1578947368421053
2020-05-24 11:00:00,11,18,0,3,12,3,0,7,7,0,7,0,13.45,129.0,4.0,11.07,45.0,0.4090909090909091,188.268,3.2470189701897016,0.45,0.6323396567299007,3.0
2020-05-24 12:00:00,12,14,0,3,10,1,0,5,6,0,6,0,14.45,133.0,4.0,11.07,35.0,0.3235294117647059,171.928,2.5195380049038585,0.35,0.4516711833785004,3.142857142857143
2020-05-24 13:00:00,13,20,0,3,17,0,0,11,8,0,8,0,15.45,70.5,4.0,11.07,50.0,0.4921875,217.238,4.705081300813008,0.5,0.9936766034327008,3.15
2020-05-24 14:00:00,14,23,0,4,17,2,0,11,8,1,9,1,7.6,66.0,4.0,11.07,57.49999999999999,0.5725806451612904,193.66730680173663,4.842436471466163,0.575,0.9936766034327008,3.0869565217391304
2020-05-24 15:00:00,15,20,1,6,13,0,0,5,8,2,10,2,8.6,77.5,4.0,11.07,50.0,0.5666666666666667,207.1406136034732,3.235682023486901,0.5,0.4516711833785004,3.4
2020-05-24 16:00:00,16,30,1,7,21,1,0,14,12,2,14,2,9.6,103.5,4.0,11.07,75.0,0.9423076923076924,287.83061360347324,6.581285757302018,0.75,1.2646793134598011,3.2666666666666666
2020-05-24 17:00:00,17,31,1,6,21,2,1,11,12,1,13,1,10.6,124.0,4.0,11.07,77.5,0.8981481481481481,281.34730680173664,5.534246146224902,0.775,0.9936766034327008,3.129032258064516
2020-05-24 18:00:00,18,26,2,4,19,1,0,11,9,1,10,1,11.6,164.0,4.0,11.07,65.0,0.7083333333333334,236.0623068017366,5.373558126606906,0.65,0.9936766034327008,3.269230769230769
2020-05-24 19:00:00,19,24,2,4,17,1,0,7,7,1,8,1,12.6,204.0,4.0,11.07,60.0,0.6171875,210.6123068017366,4.056451370069256,0.6,0.6323396567299007,3.2916666666666665
2020-05-24 20:00:00,20,19,1,3,15,0,0,7,4,1,5,1,13.6,249.0,4.0,11.4,47.5,0.4428571428571428,165.3273068017366,3.553693444136657,0.475,0.6140350877192983,3.263157894736842
2020-05-24 21:00:00,21,20,2,2,16,0,0,6,4,1,5,1,14.6,138.0,4.0,11.4,50.0,0.4714285714285714,173.11230680173662,3.386842105263158,0.5,0.5263157894736843,3.3
2020-05-24 22:00:00,22,15,2,3,10,0,0,5,4,1,5,1,15.6,91.0,3.0,8.059999999999999,37.5,0.4952380952380952,168.0273068017366,3.4505376344086027,0.375,0.620347394540943,3.466666666666667
2020-05-24 23:00:00,23,16,1,4,11,0,0,5,5,0,5,0,16.6,148.0,3.0,8.059999999999999,40.0,0.5142857142857142,174.94400000000002,3.4436724565756838,0.4,0.620347394540943,3.375
2020-05-25 00:00:00,0,15,1,4,9,1,0,4,4,1,5,1,17.6,167.0,3.0,8.059999999999999,37.5,0.4761904761904761,179.30730680173662,2.904259718775848,0.375,0.4962779156327544,3.333333333333333
2020-05-25 01:00:00,1,12,1,4,7,0,0,3,5,1,6,1,18.6,186.5,3.0,8.059999999999999,30.0,0.4117647058823529,191.9123068017366,2.3527295285359804,0.3,0.3722084367245658,3.5
2020-05-25 02:00:00,2,13,1,4,8,0,0,3,5,1,6,1,19.6,246.5,3.0,8.059999999999999,32.5,0.4411764705882353,199.6973068017366,2.41341381943119,0.325,0.3722084367245658,3.4615384615384617
2020-05-25 03:00:00,3,15,1,4,9,1,0,4,7,1,8,1,20.6,241.0,3.0,8.059999999999999,37.5,0.5208333333333334,236.42730680173665,2.904259718775848,0.375,0.4962779156327544,3.333333333333333
2020-05-25 04:00:00,4,14,1,4,9,0,0,0,7,1,8,1,21.6,301.0,3.0,8.059999999999999,35.0,0.5,239.92230680173665,1.2,0.35,0.0,3.4285714285714284
2020-05-25 05:00:00,5,15,1,4,10,0,0,1,7,1,8,1,22.6,361.0,3.0,8.059999999999999,37.5,0.53125,247.70730680173665,1.696836228287841,0.375,0.1240694789081886,3.4
2020-05-25 06:00:00,6,18,1,4,13,0,0,3,7,1,8,1,23.6,421.0,3.0,8.059999999999999,45.0,0.625,259.78230680173664,2.7406947890818865,0.45,0.3722084367245658,3.333333333333333
2020-05-25 07:00:00,7,18,1,4,12,1,0,2,7,1,8,1,24.6,481.0,3.0,8.059999999999999,45.0,0.6145833333333334,265.4223068017366,2.2883443617314585,0.45,0.2481389578163772,3.2777777777777777
2020-05-25 08:00:00,8,21,1,5,13,2,0,5,8,1,9,1,25.6,516.0,3.0,6.38,52.5,0.7311827956989247,290.8973068017366,4.237692192864607,0.525,0.7836990595611285,3.238095238095238
2020-05-25 09:00:00,9,17,0,5,11,1,0,3,5,1,6,1,26.6,554.0,3.0,6.38,42.5,0.5392156862745098,247.7573068017366,2.8962981744421907,0.425,0.4702194357366771,3.235294117647059
2020-05-25 10:00:00,10,16,0,5,9,1,1,5,3,2,5,2,27.6,592.0,4.0,10.08,40.0,0.3571428571428571,238.72061360347325,2.8000992063492065,0.4,0.496031746031746,3.125
2020-05-25 11:00:00,11,19,0,4,14,0,1,7,3,2,5,2,28.6,183.0,4.0,10.08,47.5,0.4214285714285714,250.7956136034732,3.631432748538011,0.475,0.6944444444444444,3.1052631578947367
2020-05-25 12:00:00,12,19,0,1,17,0,1,6,2,0,2,0,17.433333333333334,62.0,4.0,10.08,47.5,0.3684210526315789,145.879,3.1543859649122803,0.475,0.5952380952380952,2.9473684210526314
2020-05-25 13:00:00,13,21,0,3,17,1,0,6,3,0,3,0,18.433333333333334,74.0,4.0,10.08,52.5,0.4391891891891892,169.209,3.467403628117914,0.525,0.5952380952380952,3.095238095238096
2020-05-25 14:00:00,14,19,1,3,13,2,0,6,5,0,5,0,19.433333333333334,99.0,4.0,10.08,47.5,0.4285714285714285,197.359,3.3796992481203008,0.475,0.5952380952380952,3.1578947368421053
2020-05-25 15:00:00,15,17,1,3,12,1,0,5,5,0,5,0,20.433333333333334,70.0,4.0,10.08,42.5,0.3928571428571428,198.709,2.979808590102708,0.425,0.496031746031746,3.235294117647059
2020-05-25 16:00:00,16,17,0,5,10,2,0,4,3,0,3,0,21.433333333333334,86.0,4.0,10.08,42.5,0.3648648648648648,177.54899999999998,2.610504201680672,0.425,0.3968253968253968,3.176470588235294
2020-05-25 17:00:00,17,18,0,4,12,1,0,6,5,0,5,0,15.55,141.0,4.0,10.08,45.0,0.3857142857142857,173.312,3.135714285714286,0.45,0.5952380952380952,3.0
2020-05-25 18:00:00,18,16,0,4,12,0,0,6,7,0,7,0,16.55,86.0,4.0,10.08,40.0,0.3939393939393939,201.462,3.2345238095238096,0.4,0.5952380952380952,3.25
2020-05-25 19:00:00,19,15,0,4,10,0,1,3,6,0,6,0,17.55,108.5,4.0,10.08,37.5,0.3455882352941176,191.557,2.1075396825396826,0.375,0.2976190476190476,3.1333333333333333
2020-05-25 20:00:00,20,20,0,7,12,0,1,8,7,0,7,0,8.633333333333333,146.0,4.0,11.88,50.0,0.4924242424242424,165.392,3.8135521885521886,0.5,0.6734006734006734,3.25
2020-05-25 21:00:00,21,27,1,7,18,0,1,8,10,0,10,0,9.633333333333333,104.0,4.0,11.88,67.5,0.7333333333333333,226.247,4.394787379972565,0.675,0.6734006734006734,3.259259259259259
2020-05-25 22:00:00,22,25,1,5,18,1,0,9,7,0,7,0,10.633333333333333,121.0,3.0,8.18,62.5,0.8181818181818182,187.397,5.58979217603912,0.625,1.1002444987775062,3.24
2020-05-25 23:00:00,23,24,1,3,19,1,0,10,8,0,8,0,11.633333333333333,97.0,3.0,8.18,60.0,0.7916666666666666,204.292,5.771230643846781,0.6,1.2224938875305624,3.1666666666666665
2020-05-26 00:00:00,0,23,1,4,18,0,0,9,8,0,8,0,9.266666666666667,157.0,3.0,8.18,57.49999999999999,0.78125,188.799,5.462753800361432,0.575,1.1002444987775062,3.260869565217391
2020-05-26 01:00:00,1,25,1,6,18,0,0,9,9,1,10,1,10.266666666666667,179.0,3.0,8.18,62.5,0.9222222222222224,226.39730680173665,5.72781173594132,0.625,1.1002444987775062,3.32
2020-05-26 02:00:00,2,22,1,6,14,1,0,4,9,1,10,1,11.266666666666667,220.5,3.0,8.18,55.00000000000001,0.8111111111111111,225.60230680173663,3.4475827961769285,0.55,0.4889975550122249,3.3181818181818183
2020-05-26 03:00:00,3,24,1,5,17,1,0,3,11,0,11,0,12.266666666666667,255.0,3.0,8.18,60.0,0.896551724137931,248.064,3.1419315403422985,0.6,0.3667481662591687,3.25
2020-05-26 04:00:00,4,22,1,5,15,1,0,3,11,1,12,1,13.266666666666667,284.5,3.0,8.18,55.00000000000001,0.8571428571428571,263.6823068017366,3.000266725939098,0.55,0.3667481662591687,3.272727272727273
2020-05-26 05:00:00,5,22,1,4,16,1,0,3,11,1,12,1,14.266666666666667,344.5,3.0,8.18,55.00000000000001,0.8452380952380952,269.32230680173666,2.958596354745499,0.55,0.3667481662591687,3.227272727272727
2020-05-26 06:00:00,6,22,1,4,16,1,0,1,11,1,12,1,15.266666666666667,404.5,3.0,8.18,55.00000000000001,0.8452380952380952,274.96230680173664,2.1695321182485,0.55,0.1222493887530562,3.227272727272727
2020-05-26 07:00:00,7,22,1,4,16,1,0,1,12,1,13,1,16.266666666666666,434.0,3.0,8.18,55.00000000000001,0.8765432098765432,294.0023068017366,2.1695321182485,0.55,0.1222493887530562,3.227272727272727
2020-05-26 08:00:00,8,19,1,3,14,1,0,3,12,1,13,1,15.866666666666667,458.0,3.0,6.65,47.5,0.7530864197530864,285.31130680173663,2.973357736446379,0.475,0.4511278195488721,3.210526315789474
2020-05-26 09:00:00,9,16,1,3,11,1,0,3,8,1,9,1,16.866666666666667,461.0,3.0,6.65,40.0,0.5591397849462365,230.9163068017366,2.7661654135338347,0.4,0.4511278195488721,3.25
2020-05-26 10:00:00,10,21,1,6,13,1,0,9,11,1,12,1,17.866666666666667,77.0,4.0,9.99,52.5,0.625,287.48130680173665,4.753003003003004,0.525,0.9009009009009008,3.333333333333333
2020-05-26 11:00:00,11,20,1,8,11,0,0,5,11,0,11,0,14.766666666666667,119.0,4.0,9.99,50.0,0.603448275862069,253.584,3.501751751751752,0.5,0.5005005005005005,3.5
2020-05-26 12:00:00,12,23,0,7,14,2,0,7,13,0,13,0,14.1,161.0,4.0,9.99,57.49999999999999,0.6851851851851852,283.059,4.104428341384863,0.575,0.7007007007007007,3.217391304347826
2020-05-26 13:00:00,13,20,0,4,15,1,0,4,11,0,11,0,15.1,221.0,4.0,9.99,50.0,0.5431034482758621,255.464,2.836261261261261,0.5,0.4004004004004003,3.15
2020-05-26 14:00:00,14,23,2,4,16,1,0,8,10,1,11,1,16.1,223.0,4.0,9.99,57.49999999999999,0.6551724137931034,268.4073068017366,4.54612438525482,0.575,0.8008008008008007,3.3043478260869565
2020-05-26 15:00:00,15,15,2,3,9,1,0,1,7,1,8,1,5.983333333333333,210.5,4.0,9.99,37.5,0.3984375,153.98930680173663,1.61534034034034,0.375,0.1001001001001,3.4
2020-05-26 16:00:00,16,17,2,4,9,2,0,5,7,1,8,1,6.183333333333334,251.0,4.0,9.99,42.5,0.4453125,159.4073068017366,3.103148736972267,0.425,0.5005005005005005,3.3529411764705883
2020-05-26 17:00:00,17,17,0,4,11,2,0,7,7,0,7,0,7.183333333333334,301.0,4.0,9.99,42.5,0.4015151515151515,150.779,3.5095374786551257,0.425,0.7007007007007007,3.117647058823529
2020-05-26 18:00:00,18,18,0,4,13,1,0,4,8,1,9,1,8.183333333333334,141.0,4.0,9.99,45.0,0.4596774193548387,186.23230680173663,2.6929346012679347,0.45,0.4004004004004003,3.1666666666666665
2020-05-26 19:00:00,19,20,1,3,16,0,0,7,7,2,9,2,9.183333333333334,135.0,4.0,9.99,50.0,0.5241935483870968,197.03061360347323,3.902277277277277,0.5,0.7007007007007007,3.25
2020-05-26 20:00:00,20,22,1,3,18,0,0,4,7,2,9,2,10.183333333333334,195.0,4.0,11.08,55.00000000000001,0.5725806451612904,206.96061360347323,2.940080406957663,0.55,0.3610108303249097,3.227272727272727
2020-05-26 21:00:00,21,24,2,5,16,1,0,9,11,2,13,2,11.183333333333334,137.0,4.0,11.08,60.0,0.7407407407407407,270.49061360347326,4.707581227436823,0.6,0.8122743682310469,3.333333333333333
2020-05-26 22:00:00,22,21,1,5,15,0,0,5,11,1,12,1,12.183333333333334,95.5,3.0,7.74,52.5,0.8333333333333334,255.42730680173665,3.9033161068044793,0.525,0.6459948320413437,3.333333333333333
2020-05-26 23:00:00,23,23,1,5,17,0,0,6,10,1,11,1,13.183333333333334,163.0,3.0,7.74,57.49999999999999,0.8735632183908046,251.9573068017366,4.461509942703066,0.575,0.7751937984496123,3.3043478260869565
2020-05-27 00:00:00,0,20,1,6,13,0,0,4,9,2,11,2,14.183333333333334,223.0,3.0,7.74,50.0,0.7816091954022989,252.03061360347323,3.4571059431524547,0.5,0.5167958656330749,3.4
2020-05-27 01:00:00,1,26,2,9,14,1,0,8,9,3,12,3,15.183333333333334,275.5,3.0,7.74,65.0,1.0714285714285714,284.80892040520985,5.827817531305903,0.65,1.0335917312661498,3.4615384615384617
2020-05-27 02:00:00,2,29,2,8,17,2,0,6,10,2,12,2,16.183333333333334,335.5,3.0,7.74,72.5,1.1547619047619049,296.01561360347324,5.017889601710772,0.725,0.7751937984496123,3.3448275862068964
2020-05-27 03:00:00,3,28,2,7,18,1,0,3,10,2,12,2,17.183333333333334,395.5,3.0,7.74,70.0,1.119047619047619,299.51061360347325,3.651218161683278,0.7,0.3875968992248061,3.357142857142857
2020-05-27 04:00:00,4,28,3,6,18,1,0,2,10,1,11,1,18.183333333333334,463.0,3.0,7.74,70.0,1.091954022988506,290.8823068017366,3.251707272056109,0.7,0.2583979328165374,3.392857142857143
2020-05-27 05:00:00,5,25,2,6,16,1,0,1,10,1,11,1,19.183333333333334,523.0,3.0,7.74,62.5,0.9655172413793104,290.08730680173664,2.5341085271317825,0.625,0.1291989664082687,3.36
2020-05-27 06:00:00,6,24,2,6,15,1,0,1,10,1,11,1,20.183333333333334,583.0,3.0,7.74,60.0,0.9310344827586208,293.5823068017366,2.461046511627907,0.6,0.1291989664082687,3.375
2020-05-27 07:00:00,7,22,3,6,13,0,0,1,10,1,11,1,21.183333333333334,643.0,3.0,7.74,55.00000000000001,0.896551724137931,294.9323068017366,2.4080690627202253,0.55,0.1291989664082687,3.5454545454545454
2020-05-27 08:00:00,8,20,3,6,11,0,0,2,9,1,10,1,22.183333333333334,792.0,3.0,6.57,50.0,0.8,282.8823068017366,2.8958904109589043,0.5,0.30441400304414,3.6
2020-05-27 09:00:00,9,19,3,6,9,1,0,4,6,1,7,1,23.183333333333334,726.0,3.0,6.57,47.5,0.6868686868686869,246.17730680173656,3.878963390210687,0.475,0.60882800608828,3.5789473684210527
2020-05-27 10:00:00,10,16,2,4,10,0,0,7,5,0,5,0,17.25,786.0,4.0,9.82,40.0,0.4,178.61,3.8949083503054975,0.4,0.7128309572301426,3.5
2020-05-27 11:00:00,11,16,1,4,10,1,0,6,6,0,6,0,18.25,695.5,4.0,9.82,40.0,0.3897058823529412,197.65,3.3489307535641544,0.4,0.6109979633401221,3.3125
2020-05-27 12:00:00,12,19,1,5,13,0,0,5,6,0,6,0,19.25,755.5,4.0,9.82,47.5,0.4705882352941176,209.725,3.315082002358237,0.475,0.5091649694501018,3.3684210526315788
2020-05-27 13:00:00,13,16,1,4,11,0,0,5,4,1,5,1,20.25,59.0,4.0,9.82,40.0,0.3857142857142857,196.39830680173665,3.068431771894094,0.4,0.5091649694501018,3.375
2020-05-27 14:00:00,14,21,1,5,15,0,0,8,6,1,7,1,21.25,61.0,4.0,9.82,52.5,0.5303030303030303,239.56330680173664,4.465546503733877,0.525,0.8146639511201629,3.333333333333333
2020-05-27 15:00:00,15,20,1,3,14,2,0,7,7,0,7,0,22.25,84.0,4.0,9.82,50.0,0.4772727272727273,242.19,3.820417515274949,0.5,0.7128309572301426,3.15
2020-05-27 16:00:00,16,22,0,4,17,1,0,7,8,2,10,2,23.25,120.5,4.0,9.82,55.00000000000001,0.575,294.05661360347324,3.960697093130902,0.55,0.7128309572301426,3.136363636363636
2020-05-27 17:00:00,17,19,0,4,14,1,0,3,8,2,10,2,24.25,157.0,4.0,9.82,47.5,0.5,293.2616136034732,2.4647336263265087,0.475,0.305498981670061,3.1578947368421053
2020-05-27 18:00:00,18,18,0,4,13,1,0,6,9,1,10,1,25.25,189.0,4.0,9.82,45.0,0.475,295.8883068017366,3.359826883910386,0.45,0.6109979633401221,3.1666666666666665
2020-05-27 19:00:00,19,21,0,4,15,1,1,5,8,1,9,1,26.25,233.0,4.0,9.82,52.5,0.5161290322580645,294.56330680173664,3.151740859276501,0.525,0.5091649694501018,3.0476190476190474
2020-05-27 20:00:00,20,16,0,3,12,1,0,3,6,1,7,1,6.733333333333333,230.0,4.0,11.43,40.0,0.3787878787878788,146.9643068017366,2.070209973753281,0.4,0.2624671916010498,3.125
2020-05-27 21:00:00,21,18,0,3,14,1,0,10,6,1,7,1,7.733333333333333,119.0,4.0,11.43,45.0,0.4242424242424242,156.8943068017366,4.12188198697385,0.45,0.8748906386701663,3.111111111111111
2020-05-27 22:00:00,22,14,0,1,13,0,0,5,5,0,5,0,5.833333333333333,85.0,3.0,8.18,35.0,0.4095238095238095,109.93,2.952401327279078,0.35,0.6112469437652812,3.071428571428572
2020-05-27 23:00:00,23,12,0,0,12,0,0,2,4,0,4,0,3.3666666666666667,144.0,3.0,8.18,30.0,0.3333333333333333,78.328,1.6334963325183376,0.3,0.2444987775061124,3.0
2020-05-28 00:00:00,0,13,0,0,12,1,0,6,3,0,3,0,4.366666666666666,205.0,3.0,8.18,32.5,0.3423423423423423,72.71300000000001,3.094066202745909,0.325,0.7334963325183375,2.923076923076923
2020-05-28 01:00:00,1,13,0,1,12,0,0,5,5,0,5,0,5.366666666666666,263.0,3.0,8.18,32.5,0.3809523809523809,105.153,2.880759826970096,0.325,0.6112469437652812,3.076923076923077
2020-05-28 02:00:00,2,11,0,2,8,1,0,5,6,0,6,0,6.366666666666666,204.0,3.0,8.18,27.500000000000004,0.3333333333333333,119.903,2.7393087352745056,0.275,0.6112469437652812,3.090909090909091
2020-05-28 03:00:00,3,11,0,2,9,0,0,1,6,0,6,0,7.366666666666666,264.0,3.0,8.18,27.500000000000004,0.3431372549019608,125.543,1.2639753278506336,0.275,0.1222493887530562,3.1818181818181817
2020-05-28 04:00:00,4,10,0,2,8,0,0,0,6,0,6,0,8.366666666666667,324.0,3.0,8.18,25.0,0.3137254901960784,129.038,0.8,0.25,0.0,3.2
2020-05-28 05:00:00,5,12,0,2,10,0,0,3,6,0,6,0,9.366666666666667,384.0,3.0,8.18,30.0,0.3725490196078431,138.96800000000002,2.1113691931540344,0.3,0.3667481662591687,3.1666666666666665
2020-05-28 06:00:00,6,13,0,3,10,0,0,2,8,0,8,0,10.366666666666667,317.0,3.0,8.18,32.5,0.4375,173.553,1.83991912732744,0.325,0.2444987775061124,3.230769230769231
2020-05-28 07:00:00,7,12,0,3,9,0,0,1,8,0,8,0,11.366666666666667,377.0,3.0,8.18,30.0,0.40625,177.048,1.3723105134474327,0.3,0.1222493887530562,3.25
2020-05-28 08:00:00,8,13,0,3,9,1,0,1,8,0,8,0,12.366666666666667,437.0,3.0,6.68,32.5,0.4270833333333333,184.83300000000003,1.4971326577614004,0.325,0.1497005988023952,3.1538461538461537
2020-05-28 09:00:00,9,15,0,1,13,1,0,6,6,0,6,0,13.366666666666667,616.0,3.0,6.68,37.5,0.4411764705882353,167.96300000000002,3.8196107784431135,0.375,0.8982035928143713,3.0
2020-05-28 10:00:00,10,16,0,3,12,1,0,6,5,0,5,0,13.416666666666666,549.0,4.0,9.93,40.0,0.3571428571428571,156.98999999999998,3.13821752265861,0.4,0.6042296072507553,3.125
2020-05-28 11:00:00,11,15,0,1,14,0,0,6,4,0,4,0,14.383333333333333,327.0,4.0,9.93,37.5,0.3194444444444444,146.897,3.002970795568983,0.375,0.6042296072507553,3.066666666666667
2020-05-28 12:00:00,12,12,0,2,10,0,0,4,2,0,2,0,14.133333333333333,95.0,4.0,9.93,30.0,0.25,112.25199999999998,2.225595837529372,0.3,0.4028197381671702,3.1666666666666665
2020-05-28 13:00:00,13,13,0,2,11,0,0,6,2,0,2,0,15.133333333333333,100.0,4.0,9.93,32.5,0.2697368421052631,120.03699999999998,2.9306472228677665,0.325,0.6042296072507553,3.1538461538461537
2020-05-28 14:00:00,14,16,1,2,12,1,0,6,3,0,3,0,16.133333333333333,115.0,4.0,9.93,40.0,0.3445945945945945,145.512,3.2009818731117825,0.4,0.6042296072507553,3.1875
2020-05-28 15:00:00,15,21,2,2,15,2,0,8,6,1,7,1,17.133333333333333,32.0,4.0,9.93,52.5,0.5075757575757576,216.34530680173663,4.24537356735242,0.525,0.8056394763343404,3.1904761904761907
2020-05-28 16:00:00,16,20,1,0,17,2,0,5,5,1,6,1,18.133333333333333,83.5,4.0,9.93,50.0,0.4411764705882353,206.4403068017366,3.0105740181268885,0.5,0.5035246727089627,3.0
2020-05-28 17:00:00,17,24,1,4,18,1,0,9,6,3,9,3,6.316666666666666,132.0,4.0,9.93,60.0,0.6209677419354839,190.31092040520983,4.832854984894261,0.6,0.9063444108761328,3.208333333333333
2020-05-28 18:00:00,18,22,0,4,17,1,0,4,8,2,10,2,5.916666666666667,146.0,4.0,9.93,55.00000000000001,0.575,196.29661360347325,2.988389178797034,0.55,0.4028197381671702,3.136363636363636
2020-05-28 19:00:00,19,19,0,3,13,3,0,5,4,2,6,2,6.916666666666667,149.0,4.0,9.93,47.5,0.4191176470588235,141.90161360347324,2.9355740181268883,0.475,0.5035246727089627,3.0
2020-05-28 20:00:00,20,25,0,3,15,5,2,11,3,1,4,1,7.916666666666667,253.0,4.0,10.03,62.5,0.4791666666666667,132.74330680173662,4.75191924227318,0.625,1.0967098703888336,2.76
2020-05-28 21:00:00,21,17,0,1,12,4,0,6,2,0,2,0,8.916666666666666,453.5,4.0,10.03,42.5,0.3157894736842105,93.555,2.8890504955721075,0.425,0.5982053838484547,2.823529411764706
2020-05-28 22:00:00,22,16,0,3,11,2,0,7,1,0,1,0,9.916666666666666,595.0,3.0,6.779999999999999,40.0,0.4188034188034188,83.64999999999999,4.386873156342183,0.4,1.032448377581121,3.0625
2020-05-28 23:00:00,23,17,0,1,16,0,0,7,2,0,2,0,10.916666666666666,332.5,3.0,6.779999999999999,42.5,0.4561403508771929,104.835,4.458077390248135,0.425,1.032448377581121,3.0588235294117645
2020-05-29 00:00:00,0,18,0,2,16,0,0,6,3,0,3,0,11.916666666666666,70.0,3.0,6.779999999999999,45.0,0.5045045045045045,126.01999999999998,4.153195673549656,0.45,0.8849557522123894,3.111111111111111
2020-05-29 01:00:00,1,16,0,3,13,0,0,4,4,0,4,0,12.916666666666666,97.0,3.0,6.779999999999999,40.0,0.4722222222222222,140.76999999999998,3.155530973451328,0.4,0.5899705014749264,3.1875
2020-05-29 02:00:00,2,15,0,3,11,1,0,4,2,0,2,0,6.4,157.0,3.0,6.779999999999999,37.5,0.4122807017543859,75.071,3.023574237954769,0.375,0.5899705014749264,3.1333333333333333
2020-05-29 03:00:00,3,15,0,3,12,0,0,4,4,0,4,0,7.4,110.5,3.0,6.779999999999999,37.5,0.4444444444444444,107.511,3.0879056047197646,0.375,0.5899705014749264,3.2
2020-05-29 04:00:00,4,13,0,3,10,0,0,0,4,0,4,0,8.4,170.5,3.0,6.779999999999999,32.5,0.3888888888888889,108.861,1.05,0.325,0.0,3.230769230769231
2020-05-29 05:00:00,5,15,0,3,11,1,0,3,4,0,4,0,9.4,230.5,3.0,6.779999999999999,37.5,0.4351851851851852,118.791,2.5614306784660767,0.375,0.4424778761061947,3.1333333333333333
2020-05-29 06:00:00,6,14,0,3,11,0,0,2,5,0,5,0,10.4,217.0,3.0,6.779999999999999,35.0,0.4285714285714285,135.686,2.0731668773704173,0.35,0.2949852507374632,3.2142857142857144
2020-05-29 07:00:00,7,14,0,3,11,0,0,3,6,0,6,0,11.4,267.5,3.0,6.779999999999999,35.0,0.4411764705882353,154.726,2.5472503160556257,0.35,0.4424778761061947,3.2142857142857144
2020-05-29 08:00:00,8,14,0,3,11,0,0,4,9,0,9,0,11.083333333333334,165.0,3.0,6.3,35.0,0.4838709677419355,193.14,3.1658163265306123,0.35,0.6349206349206349,3.2142857142857144
2020-05-29 09:00:00,9,13,0,2,11,0,0,4,6,0,6,0,12.083333333333334,162.0,3.0,6.3,32.5,0.4019607843137255,156.435,3.027442002442002,0.325,0.6349206349206349,3.1538461538461537
2020-05-29 10:00:00,10,15,0,2,13,0,0,8,7,0,7,0,10.066666666666666,145.0,4.0,10.0,37.5,0.3560606060606061,162.75099999999998,3.681666666666666,0.375,0.8,3.1333333333333333
2020-05-29 11:00:00,11,20,0,4,15,1,0,8,7,0,7,0,11.066666666666666,205.0,4.0,10.0,50.0,0.4772727272727273,179.116,4.095,0.5,0.8,3.15
2020-05-29 12:00:00,12,21,0,5,15,1,0,5,7,1,8,1,9.616666666666667,147.0,4.0,10.0,52.5,0.5234375,187.35130680173663,3.270238095238095,0.525,0.5,3.1904761904761907
2020-05-29 13:00:00,13,26,0,7,18,1,0,7,8,1,9,1,10.616666666666667,196.0,4.0,10.0,65.0,0.6774193548387096,217.11630680173664,4.361538461538462,0.65,0.7,3.230769230769231
2020-05-29 14:00:00,14,26,1,9,14,1,1,8,7,2,9,2,11.616666666666667,139.0,4.0,10.0,65.0,0.6935483870967742,223.62461360347325,4.796153846153847,0.65,0.8,3.3076923076923075
2020-05-29 15:00:00,15,22,2,10,9,1,0,3,7,2,9,2,12.616666666666667,105.0,4.0,10.0,55.00000000000001,0.6370967741935484,220.6846136034732,3.052272727272728,0.55,0.3,3.590909090909091
2020-05-29 16:00:00,16,24,2,9,11,2,0,8,6,3,9,3,7.533333333333333,113.0,4.0,10.0,60.0,0.6693548387096774,197.17292040520985,4.841666666666667,0.6,0.8,3.458333333333333
2020-05-29 17:00:00,17,21,2,8,9,2,0,1,6,2,8,2,8.533333333333333,147.5,4.0,10.0,52.5,0.5703125,182.10961360347324,2.1726190476190474,0.525,0.1,3.4761904761904763
2020-05-29 18:00:00,18,11,0,5,5,1,0,2,3,1,4,1,9.3,149.5,4.0,10.0,27.500000000000004,0.2569444444444444,110.5153068017366,1.5977272727272729,0.275,0.2,3.363636363636364
2020-05-29 19:00:00,19,11,0,4,5,2,0,3,2,1,3,1,10.3,84.0,4.0,10.0,27.500000000000004,0.2364864864864864,102.7553068017366,1.8295454545454544,0.275,0.3,3.1818181818181817
2020-05-29 20:00:00,20,13,0,5,6,2,0,4,3,1,4,1,9.7,104.5,4.0,10.36,32.5,0.2916666666666667,117.0613068017366,2.297401247401248,0.325,0.3861003861003861,3.230769230769231
2020-05-29 21:00:00,21,12,0,3,8,1,0,7,3,1,4,1,10.083333333333334,46.0,4.0,10.36,30.0,0.2638888888888889,117.0783068017366,3.0896396396396395,0.3,0.6756756756756757,3.1666666666666665
2020-05-29 22:00:00,22,9,0,2,7,0,0,4,1,1,2,1,11.083333333333334,72.5,3.0,6.66,22.5,0.2543859649122807,89.4833068017366,2.6602686019352686,0.225,0.6006006006006006,3.2222222222222223
2020-05-29 23:00:00,23,11,0,5,6,0,0,7,1,1,2,1,12.083333333333334,68.5,3.0,6.66,27.500000000000004,0.3333333333333333,99.41330680173662,4.580903630903631,0.275,1.0510510510510511,3.4545454545454546
2020-05-30 00:00:00,0,6,0,2,4,0,0,3,1,0,1,0,13.083333333333334,75.0,3.0,6.66,15.0,0.1709401709401709,80.06,2.0015015015015014,0.15,0.4504504504504504,3.333333333333333
2020-05-30 01:00:00,1,9,0,2,7,0,0,4,1,0,1,0,14.083333333333334,135.0,3.0,6.66,22.5,0.2478632478632478,92.135,2.6602686019352686,0.225,0.6006006006006006,3.2222222222222223
2020-05-30 02:00:00,2,12,0,5,6,0,1,7,4,0,4,0,15.083333333333334,24.5,3.0,6.66,30.0,0.3611111111111111,144.41,4.390915915915916,0.3,1.0510510510510511,3.25
2020-05-30 03:00:00,3,11,0,4,6,0,1,3,4,1,5,1,16.083333333333332,80.0,3.0,6.66,27.500000000000004,0.3333333333333333,162.1733068017366,2.308251433251433,0.275,0.4504504504504504,3.1818181818181817
2020-05-30 04:00:00,4,14,1,4,8,0,1,3,6,1,7,1,17.083333333333332,123.0,3.0,6.66,35.0,0.4646464646464646,201.0483068017366,2.63005148005148,0.35,0.4504504504504504,3.2857142857142856
2020-05-30 05:00:00,5,13,1,4,6,1,1,2,5,1,6,1,9.4,191.5,3.0,6.66,32.5,0.4117647058823529,142.1693068017366,2.0202009702009707,0.325,0.3003003003003003,3.230769230769231
2020-05-30 06:00:00,6,16,1,3,9,2,1,4,6,0,6,0,10.4,251.5,3.0,6.66,40.0,0.4803921568627451,153.376,3.06433933933934,0.4,0.6006006006006006,3.0625
2020-05-30 07:00:00,7,21,2,3,13,2,1,6,9,0,9,0,11.4,206.0,3.0,6.66,52.5,0.7096774193548387,209.941,4.481402831402831,0.525,0.9009009009009008,3.142857142857143
2020-05-30 08:00:00,8,20,2,4,12,1,1,4,10,1,11,1,12.4,128.0,3.0,7.76,50.0,0.7471264367816092,241.10430680173656,3.3002577319587627,0.5,0.5154639175257733,3.25
2020-05-30 09:00:00,9,21,1,4,15,1,0,4,9,1,10,1,13.4,153.5,3.0,7.76,52.5,0.7555555555555555,235.4893068017366,3.369121256750123,0.525,0.5154639175257733,3.238095238095238
2020-05-30 10:00:00,10,24,2,4,17,1,0,8,8,2,10,2,14.4,201.5,4.0,11.01,60.0,0.6583333333333333,248.4326136034732,4.366765062064789,0.6,0.7266121707538601,3.2916666666666665
2020-05-30 11:00:00,11,27,1,7,19,0,0,12,7,5,12,5,15.4,49.0,4.0,11.01,67.5,0.8035714285714286,289.9125340086831,5.883060853769301,0.675,1.0899182561307903,3.333333333333333
2020-05-30 12:00:00,12,27,1,6,19,1,0,6,4,3,7,3,16.4,92.0,4.0,11.01,67.5,0.6666666666666666,226.81592040520985,3.976163084064992,0.675,0.5449591280653951,3.259259259259259
2020-05-30 13:00:00,13,24,1,3,20,0,0,8,2,2,4,2,9.6,127.5,4.0,11.01,60.0,0.5347222222222222,140.96061360347323,4.256214047835301,0.6,0.7266121707538601,3.208333333333333
2020-05-30 14:00:00,14,29,1,7,21,0,0,11,6,2,8,2,10.6,79.0,4.0,11.01,72.5,0.75,210.9256136034732,5.707338156534812,0.725,0.9990917347865576,3.310344827586207
2020-05-30 15:00:00,15,24,1,6,16,1,0,6,4,2,6,2,8.933333333333334,133.0,4.0,11.01,60.0,0.5808823529411765,164.00061360347323,3.7688237965485927,0.6,0.5449591280653951,3.2916666666666665
2020-05-30 16:00:00,16,18,0,7,9,2,0,9,5,0,5,0,9.933333333333334,83.0,4.0,11.01,45.0,0.4214285714285714,141.634,4.15438237965486,0.45,0.8174386920980926,3.2777777777777777
2020-05-30 17:00:00,17,19,1,6,12,0,0,7,5,0,5,0,9.816666666666666,101.0,4.0,11.01,47.5,0.4642857142857143,143.12099999999998,3.800056169032937,0.475,0.6357856494096277,3.421052631578948
2020-05-30 18:00:00,18,18,1,6,6,5,0,8,6,1,7,1,10.816666666666666,118.0,4.0,11.01,45.0,0.4318181818181818,174.28430680173662,3.725938540720557,0.45,0.7266121707538601,3.1666666666666665
2020-05-30 19:00:00,19,21,1,4,13,3,0,12,4,1,5,1,11.816666666666666,111.0,4.0,11.01,52.5,0.4714285714285714,159.55930680173662,5.075457376411054,0.525,1.0899182561307903,3.142857142857143
2020-05-30 20:00:00,20,20,0,3,13,4,0,8,4,2,6,2,4.683333333333334,65.5,4.0,10.02,50.0,0.4338235294117647,131.45061360347324,3.830289421157685,0.5,0.7984031936127745,2.95
2020-05-30 21:00:00,21,25,0,4,17,4,0,13,6,3,9,3,5.683333333333334,65.0,4.0,10.02,62.5,0.6048387096774194,188.88392040520984,5.767215568862276,0.625,1.2974051896207586,3.0
2020-05-30 22:00:00,22,19,0,3,16,0,0,4,5,2,7,2,6.683333333333334,120.0,3.0,6.77,47.5,0.6060606060606061,153.9856136034732,3.3658166835108454,0.475,0.5908419497784343,3.1578947368421053
2020-05-30 23:00:00,23,18,0,2,16,0,0,3,5,2,7,2,7.683333333333334,180.0,3.0,6.77,45.0,0.5656565656565656,157.48061360347322,2.77863121614968,0.45,0.4431314623338257,3.111111111111111
2020-05-31 00:00:00,0,18,0,4,14,0,0,6,7,2,9,2,8.683333333333334,220.0,3.0,6.77,45.0,0.6236559139784946,189.9206136034732,4.305736090595766,0.45,0.8862629246676514,3.2222222222222223
2020-05-31 01:00:00,1,17,0,4,12,1,0,4,8,1,9,1,9.683333333333334,274.0,3.0,6.77,42.5,0.5806451612903226,192.54730680173665,3.226792075766791,0.425,0.5908419497784343,3.176470588235294
2020-05-31 02:00:00,2,15,0,3,11,1,0,3,8,0,8,0,10.683333333333334,331.0,3.0,6.77,37.5,0.4895833333333333,179.629,2.5634785819793207,0.375,0.4431314623338257,3.1333333333333333
2020-05-31 03:00:00,3,15,0,3,11,1,0,1,8,0,8,0,11.683333333333334,391.0,3.0,6.77,37.5,0.4895833333333333,185.269,1.637826193993107,0.375,0.1477104874446085,3.1333333333333333
2020-05-31 04:00:00,4,15,0,3,11,1,0,2,8,0,8,0,12.683333333333334,451.0,3.0,6.77,37.5,0.4895833333333333,190.909,2.1006523879862136,0.375,0.2954209748892171,3.1333333333333333
2020-05-31 05:00:00,5,15,0,3,11,1,0,1,8,0,8,0,13.683333333333334,511.0,3.0,6.77,37.5,0.4895833333333333,196.549,1.637826193993107,0.375,0.1477104874446085,3.1333333333333333
2020-05-31 06:00:00,6,15,0,3,11,1,0,1,8,0,8,0,14.683333333333334,571.0,3.0,6.77,37.5,0.4895833333333333,202.189,1.637826193993107,0.375,0.1477104874446085,3.1333333333333333
2020-05-31 07:00:00,7,20,0,6,13,1,0,5,10,0,10,0,15.683333333333334,543.5,3.0,6.77,50.0,0.7222222222222222,245.354,4.0252954209748895,0.5,0.7385524372230429,3.25
2020-05-31 08:00:00,8,25,0,5,19,1,0,10,11,0,11,0,16.683333333333334,525.0,3.0,6.66,62.5,0.9080459770114944,275.119,6.7197447447447445,0.625,1.5015015015015014,3.16
2020-05-31 09:00:00,9,20,0,2,15,3,0,9,3,0,3,0,17.683333333333334,785.0,3.0,6.66,50.0,0.5315315315315315,162.834,5.461486486486487,0.5,1.351351351351351,2.95
2020-05-31 10:00:00,10,18,0,2,15,1,0,10,3,0,3,0,13.266666666666667,27.0,4.0,9.91,45.0,0.3716216216216216,133.634,4.458305303285121,0.45,1.0090817356205852,3.055555555555556
2020-05-31 11:00:00,11,19,0,2,17,0,0,6,4,0,4,0,14.266666666666667,80.5,4.0,9.91,47.5,0.4097222222222222,154.819,3.355078602156248,0.475,0.6054490413723511,3.1052631578947367
2020-05-31 12:00:00,12,20,0,1,19,0,0,7,6,0,6,0,8.6,125.5,4.0,9.91,50.0,0.4485294117647059,151.804,3.6793895055499495,0.5,0.7063572149344097,3.05
2020-05-31 13:00:00,13,29,0,3,26,0,0,15,9,1,10,1,9.6,73.5,4.0,9.91,72.5,0.75,231.2173068017366,6.947449458923415,0.725,1.513622603430878,3.103448275862069
2020-05-31 14:00:00,14,28,0,3,23,2,0,7,9,1,10,1,10.6,111.0,4.0,9.91,70.0,0.7083333333333334,234.7123068017366,4.269298688193744,0.7,0.7063572149344097,3.0357142857142856
2020-05-31 15:00:00,15,22,0,4,17,1,0,6,8,0,8,0,11.6,166.5,4.0,9.91,55.00000000000001,0.5390625,199.814,3.6239083570314654,0.55,0.6054490413723511,3.136363636363636
2020-05-31 16:00:00,16,18,0,5,13,0,0,5,5,0,5,0,12.6,129.0,4.0,9.91,45.0,0.4214285714285714,156.67399999999998,3.1287728444892924,0.45,0.5045408678102926,3.2777777777777777
2020-05-31 17:00:00,17,26,0,6,18,1,1,14,5,2,7,2,13.6,42.0,4.0,9.91,65.0,0.6136363636363636,208.01061360347325,6.426148800745168,0.65,1.4127144298688197,3.1153846153846154
2020-05-31 18:00:00,18,30,0,4,24,2,0,11,5,2,7,2,14.6,75.0,4.0,9.91,75.0,0.696969696969697,222.2306136034732,5.703969054826774,0.75,1.1099899091826435,3.066666666666667
2020-05-31 19:00:00,19,25,0,3,18,3,1,4,5,2,7,2,15.6,133.0,4.0,9.91,62.5,0.553030303030303,217.14561360347324,3.0036074672048434,0.625,0.4036326942482341,2.92
2020-05-31 20:00:00,20,24,0,3,19,2,0,9,6,2,8,2,16.6,188.5,4.0,9.9,60.0,0.5703125,234.0406136034732,4.590151515151515,0.6,0.9090909090909092,3.0416666666666665
2020-05-31 21:00:00,21,18,0,2,15,1,0,6,4,1,5,1,17.6,253.0,4.0,9.9,45.0,0.3928571428571428,185.74230680173665,3.226851851851852,0.45,0.6060606060606061,3.055555555555556
2020-05-31 22:00:00,22,15,0,3,11,1,0,8,4,0,4,0,18.6,161.0,3.0,6.65,37.5,0.4351851851851852,170.679,4.944423558897243,0.375,1.2030075187969924,3.1333333333333333
2020-05-31 23:00:00,23,18,0,4,13,1,0,7,6,1,7,1,19.6,73.0,3.0,6.65,45.0,0.5757575757575758,223.8223068017366,4.758333333333333,0.45,1.0526315789473684,3.1666666666666665
