ts,hour,census,l1,l2,l3,l4,l5,arrivals,waitBed,waitICU,D_board,vent,maxLOS_h,awt_curr_min,Na,cap_sum,OCCUPANCY,EDWIN,NEDOCS,READI,READI_BR,READI_PR,READI_AR
2023-11-01 00:00:00,0,31,1,5,23,2,0,10,16,0,16,0,103.15,520.5,3.0,8.02,77.5,1.3611111111111112,842.661,6.39175850695841,0.775,1.2468827930174564,3.161290322580645
2023-11-01 01:00:00,1,34,1,6,24,3,0,6,16,1,17,1,104.15,570.0,3.0,8.02,85.0,1.5507246376811594,869.0043068017366,5.02940809740355,0.85,0.7481296758104738,3.147058823529412
2023-11-01 02:00:00,2,31,1,5,22,3,0,8,17,0,17,0,105.15,630.0,3.0,8.02,77.5,1.4057971014492754,867.3410000000001,5.546229185101762,0.775,0.9975062344139652,3.129032258064516
2023-11-01 03:00:00,3,27,1,4,21,1,0,3,17,0,17,0,106.15,690.0,3.0,8.02,67.5,1.2463768115942029,864.4010000000001,3.3414657799944583,0.675,0.3740648379052369,3.185185185185185
2023-11-01 04:00:00,4,26,1,4,19,2,0,2,16,0,16,0,107.15,760.5,3.0,8.02,65.0,1.1388888888888888,854.4960000000001,2.836495300211011,0.65,0.2493765586034912,3.1538461538461537
2023-11-01 05:00:00,5,27,1,5,20,1,0,3,17,0,17,0,108.15,810.0,3.0,8.02,67.5,1.2608695652173914,875.681,3.380320033250208,0.675,0.3740648379052369,3.2222222222222223
2023-11-01 06:00:00,6,26,1,5,19,1,0,2,18,0,18,0,109.15,850.0,3.0,8.02,65.0,1.2727272727272727,892.576,2.90567811241128,0.65,0.2493765586034912,3.230769230769231
2023-11-01 07:00:00,7,25,1,5,18,1,0,0,18,0,18,0,110.15,910.0,3.0,8.02,62.5,1.2272727272727273,896.071,2.0250000000000004,0.625,0.0,3.24
2023-11-01 08:00:00,8,26,1,6,18,1,0,4,19,0,19,0,111.15,950.0,3.0,6.55,65.0,1.3492063492063493,917.256,4.121476805637111,0.65,0.6106870229007634,3.269230769230769
2023-11-01 09:00:00,9,26,1,7,18,0,0,4,19,0,19,0,112.15,752.0,3.0,6.55,65.0,1.380952380952381,922.896,4.218452730475631,0.65,0.6106870229007634,3.3461538461538463
2023-11-01 10:00:00,10,34,1,12,21,0,0,10,20,1,21,1,113.15,673.0,4.0,10.25,85.0,1.5263157894736843,973.3643068017366,6.228550932568149,0.85,0.975609756097561,3.411764705882353
2023-11-01 11:00:00,11,36,1,12,23,0,0,12,17,2,19,2,114.15,414.0,4.0,10.25,90.0,1.4523809523809523,957.3626136034732,7.017479674796748,0.9,1.170731707317073,3.388888888888889
2023-11-01 12:00:00,12,29,0,9,19,1,0,8,12,1,13,1,115.15,474.0,4.0,10.25,72.5,0.8796296296296297,866.7193068017366,4.93177039529016,0.725,0.7804878048780488,3.2758620689655173
2023-11-01 13:00:00,13,32,0,8,23,1,0,9,13,1,14,1,116.15,246.0,4.0,10.25,80.0,0.9903846153846154,892.1943068017366,5.401219512195122,0.8,0.8780487804878049,3.21875
2023-11-01 14:00:00,14,32,0,7,25,0,0,12,14,2,16,2,117.15,210.0,4.0,10.25,80.0,1.0729166666666667,925.5026136034732,6.343292682926829,0.8,1.170731707317073,3.21875
2023-11-01 15:00:00,15,27,0,5,22,0,0,2,12,2,14,2,118.15,198.0,4.0,10.25,67.5,0.8269230769230769,893.6176136034733,2.7714995483288165,0.675,0.1951219512195122,3.185185185185185
2023-11-01 16:00:00,16,28,0,5,23,0,0,11,8,2,10,2,119.15,161.5,4.0,10.25,70.0,0.7416666666666667,847.8026136034732,5.636149825783972,0.7,1.0731707317073171,3.1785714285714284
2023-11-01 17:00:00,17,28,0,3,23,2,0,8,10,1,11,1,120.15,204.0,4.0,10.25,70.0,0.7327586206896551,865.9743068017366,4.494337979094077,0.7,0.7804878048780488,3.0357142857142856
2023-11-01 18:00:00,18,20,0,3,15,2,0,5,9,1,10,1,121.15,271.0,4.0,10.25,50.0,0.5083333333333333,841.0543068017366,3.0128048780487804,0.5,0.4878048780487805,3.05
2023-11-01 19:00:00,19,20,0,2,15,2,1,9,8,0,8,0,122.15,331.0,4.0,10.25,50.0,0.453125,819.0260000000001,3.996341463414634,0.5,0.8780487804878049,2.9
2023-11-01 20:00:00,20,26,0,4,17,5,0,15,6,3,9,3,123.15,223.0,4.0,10.37,65.0,0.6209677419354839,853.5409204052098,6.2088068392552485,0.65,1.4464802314368368,2.9615384615384617
2023-11-01 21:00:00,21,24,0,4,19,1,0,8,8,3,11,3,124.15,135.0,4.0,10.37,60.0,0.646551724137931,881.6909204052099,4.285800385728061,0.6,0.7714561234329796,3.125
2023-11-01 22:00:00,22,25,0,3,21,1,0,11,6,2,8,2,125.15,240.5,3.0,6.67,62.5,0.8020833333333334,848.4076136034732,7.004460269865067,0.625,1.6491754122938531,3.08
2023-11-01 23:00:00,23,26,0,4,21,1,0,10,7,1,8,1,126.15,295.5,3.0,6.67,65.0,0.84375,855.3243068017366,6.695741552300773,0.65,1.4992503748125938,3.1153846153846154
2023-11-02 00:00:00,0,27,0,3,22,2,0,9,8,1,9,1,127.15,228.0,3.0,6.67,67.5,0.8817204301075269,876.5093068017366,6.1479510244877575,0.675,1.3493253373313343,3.037037037037037
2023-11-02 01:00:00,1,18,0,2,15,1,0,2,7,1,8,1,128.15,268.0,3.0,6.67,45.0,0.5729166666666666,849.4443068017366,2.291208562385474,0.45,0.2998500749625187,3.055555555555556
2023-11-02 02:00:00,2,20,0,3,14,3,0,7,8,1,9,1,129.15,308.0,3.0,6.67,50.0,0.6451612903225806,872.7743068017365,4.648425787106446,0.5,1.0494752623688155,3.0
2023-11-02 03:00:00,3,20,0,2,15,3,0,5,8,0,8,0,130.15,388.0,3.0,6.67,50.0,0.6145833333333334,864.146,3.686394302848576,0.5,0.7496251874062969,2.95
2023-11-02 04:00:00,4,19,0,2,15,2,0,1,8,0,8,0,131.15,448.0,3.0,6.67,47.5,0.59375,867.6410000000001,1.874775112443778,0.475,0.1499250374812593,3.0
2023-11-02 05:00:00,5,22,0,2,18,2,0,4,9,0,9,0,132.15,488.0,3.0,6.67,55.00000000000001,0.7096774193548387,893.116,3.4491004497751123,0.55,0.5997001499250375,3.0
2023-11-02 06:00:00,6,19,0,1,15,3,0,4,10,0,10,0,133.15,512.5,3.0,6.67,47.5,0.6111111111111112,905.721,3.110974118204056,0.475,0.5997001499250375,2.8947368421052637
2023-11-02 07:00:00,7,18,0,3,13,2,0,5,12,0,12,0,134.15,503.0,3.0,6.67,45.0,0.6547619047619048,936.016,3.665521405963685,0.45,0.7496251874062969,3.055555555555556
2023-11-02 08:00:00,8,26,0,5,19,2,0,9,14,1,15,1,135.15,411.0,3.0,7.68,65.0,1.08,999.8843068017366,5.675841346153846,0.65,1.171875,3.1153846153846154
2023-11-02 09:00:00,9,32,1,6,22,3,0,13,15,2,17,2,136.15,199.0,3.0,7.68,80.0,1.463768115942029,1046.0626136034732,7.867610677083334,0.8,1.6927083333333337,3.15625
2023-11-02 10:00:00,10,35,1,6,23,5,0,9,16,2,18,2,137.15,221.0,4.0,11.59,87.5,1.2272727272727273,1071.5376136034731,5.0961543202267965,0.875,0.7765314926660914,3.085714285714286
2023-11-02 11:00:00,11,43,1,8,29,5,0,14,19,2,21,2,138.15,184.0,4.0,11.59,107.5,1.763157894736842,1134.5376136034731,7.11427152517206,1.075,1.207937877480587,3.116279069767442
2023-11-02 12:00:00,12,40,1,9,27,3,0,7,19,2,21,2,139.15,227.0,4.0,11.59,100.0,1.6842105263157894,1133.7426136034733,5.132700603968939,1.0,0.6039689387402933,3.2
2023-11-02 13:00:00,13,44,2,10,29,3,0,10,20,3,23,3,140.15,249.0,4.0,11.59,110.0,2.1029411764705883,1175.63092040521,6.37914150129422,1.1,0.8628127696289906,3.25
2023-11-02 14:00:00,14,41,3,8,27,3,0,9,18,4,22,4,141.15,268.0,4.0,11.59,102.5,1.8611111111111112,1162.3042272069465,5.8879321955428345,1.025,0.7765314926660914,3.268292682926829
2023-11-02 15:00:00,15,39,3,7,26,2,1,7,16,4,20,4,142.15,290.5,4.0,11.59,97.5,1.575,1136.8542272069465,5.101284263622486,0.975,0.6039689387402933,3.230769230769231
2023-11-02 16:00:00,16,33,1,6,26,0,0,11,15,2,17,2,143.15,223.0,4.0,11.59,82.5,1.1630434782608696,1087.6876136034732,5.752365545010066,0.825,0.9490940465918896,3.242424242424242
2023-11-02 17:00:00,17,30,0,6,24,0,0,6,16,2,18,2,144.15,278.0,4.0,11.59,75.0,1.0909090909090908,1100.2926136034732,4.056600517687662,0.75,0.5176876617773943,3.2
2023-11-02 18:00:00,18,35,0,6,27,2,0,11,17,2,19,2,145.15,336.0,4.0,11.59,87.5,1.2976190476190477,1130.057613603473,5.680750030814742,0.875,0.9490940465918896,3.1142857142857143
2023-11-02 19:00:00,19,27,0,6,20,1,0,4,12,2,14,2,146.15,319.0,4.0,11.59,67.5,0.8269230769230769,1051.5376136034731,3.2492873805643434,0.675,0.3451251078515962,3.185185185185185
2023-11-02 20:00:00,20,29,0,7,20,2,0,11,10,2,12,2,147.15,225.0,4.0,10.55,72.5,0.8214285714285714,1034.6676136034732,5.607730021245301,0.725,1.0426540284360188,3.1724137931034484
2023-11-02 21:00:00,21,32,0,10,20,2,0,11,12,4,16,4,148.15,225.0,4.0,10.55,80.0,1.0833333333333333,1102.0792272069466,5.988625592417061,0.8,1.0426540284360188,3.25
2023-11-02 22:00:00,22,36,0,10,22,4,0,10,12,4,16,4,149.15,236.0,3.0,6.640000000000001,90.0,1.5833333333333333,1116.2992272069464,7.619076305220883,0.9,1.506024096385542,3.1666666666666665
2023-11-02 23:00:00,23,34,0,9,22,3,0,9,11,3,14,3,150.15,281.5,3.0,6.640000000000001,85.0,1.3846153846153846,1089.98092040521,7.005457122608079,0.85,1.355421686746988,3.176470588235294
2023-11-03 00:00:00,0,27,0,6,19,2,0,8,8,3,11,3,151.15,299.0,3.0,6.640000000000001,67.5,0.9770114942528736,1040.4059204052098,5.917949576082107,0.675,1.2048192771084336,3.1481481481481484
2023-11-03 01:00:00,1,23,0,6,16,1,0,6,9,3,12,3,152.15,340.0,3.0,6.640000000000001,57.49999999999999,0.8809523809523809,1050.86592040521,4.757281299109481,0.575,0.9036144578313252,3.217391304347826
2023-11-03 02:00:00,2,22,0,4,16,2,0,4,9,1,10,1,153.15,400.0,3.0,6.640000000000001,55.00000000000001,0.7555555555555555,1025.8243068017366,3.5619934282584884,0.55,0.6024096385542168,3.090909090909091
2023-11-03 03:00:00,3,19,0,5,13,1,0,2,9,1,10,1,154.15,460.0,3.0,6.640000000000001,47.5,0.6777777777777778,1025.0293068017363,2.492025998731769,0.475,0.3012048192771084,3.210526315789474
2023-11-03 04:00:00,4,19,0,5,13,1,0,1,9,1,10,1,155.15,520.0,3.0,6.640000000000001,47.5,0.6777777777777778,1030.6693068017366,2.008512999365885,0.475,0.1506024096385542,3.210526315789474
2023-11-03 05:00:00,5,21,0,5,15,1,0,5,9,1,10,1,156.15,580.0,3.0,6.640000000000001,52.5,0.7444444444444445,1040.5993068017367,4.077467010900746,0.525,0.753012048192771,3.1904761904761907
2023-11-03 06:00:00,6,21,0,6,14,1,0,6,10,1,11,1,157.15,621.0,3.0,6.640000000000001,52.5,0.7816091954022989,1059.639306801737,4.625989672977625,0.525,0.9036144578313252,3.238095238095238
2023-11-03 07:00:00,7,20,0,6,13,1,0,3,11,1,12,1,158.15,660.5,3.0,6.640000000000001,50.0,0.7738095238095238,1076.5343068017366,3.0933734939759034,0.5,0.4518072289156626,3.25
2023-11-03 08:00:00,8,19,0,6,12,1,0,2,11,1,12,1,159.15,720.5,3.0,6.66,47.5,0.7380952380952381,1080.0293068017363,2.529927295716769,0.475,0.3003003003003003,3.263157894736842
2023-11-03 09:00:00,9,20,0,4,16,0,0,7,9,1,10,1,160.15,750.5,3.0,6.66,50.0,0.7111111111111111,1061.014306801737,4.963363363363364,0.5,1.0510510510510511,3.2
2023-11-03 10:00:00,10,24,1,5,18,0,0,10,9,3,12,3,21.716666666666665,673.5,4.0,10.12,60.0,0.7053571428571429,317.36692040520984,5.227635046113306,0.6,0.9881422924901184,3.2916666666666665
2023-11-03 11:00:00,11,21,1,4,15,1,0,8,11,3,14,3,22.716666666666665,123.0,4.0,10.12,52.5,0.6538461538461539,343.37192040520983,4.259759081498212,0.525,0.7905138339920947,3.238095238095238
2023-11-03 12:00:00,12,22,0,4,17,1,0,7,9,2,11,2,19.1,176.0,4.0,10.12,55.00000000000001,0.5948275862068966,284.0506136034732,3.894421487603305,0.55,0.6916996047430829,3.136363636363636
2023-11-03 13:00:00,13,26,0,5,20,1,0,12,10,2,12,2,17.983333333333334,175.0,4.0,10.12,65.0,0.7321428571428571,299.7326136034732,5.789738522347217,0.65,1.185770750988142,3.1538461538461537
2023-11-03 14:00:00,14,24,0,6,17,1,0,8,8,2,10,2,17.35,168.0,4.0,10.12,60.0,0.6416666666666667,265.0706136034732,4.461231884057971,0.6,0.7905138339920947,3.208333333333333
2023-11-03 15:00:00,15,29,0,5,22,2,0,13,6,1,7,1,18.35,149.0,4.0,10.12,72.5,0.6818181818181818,240.36730680173665,6.236643042115305,0.725,1.284584980237154,3.103448275862069
2023-11-03 16:00:00,16,32,1,7,24,0,0,13,10,1,11,1,7.166666666666667,46.0,4.0,10.12,80.0,0.9051724137931034,237.32830680173663,6.840044466403162,0.8,1.284584980237154,3.28125
2023-11-03 17:00:00,17,26,1,6,17,2,0,6,9,1,10,1,8.166666666666666,140.0,4.0,10.12,65.0,0.7,216.69830680173663,4.015475828519307,0.65,0.592885375494071,3.230769230769231
2023-11-03 18:00:00,18,25,2,5,16,2,0,6,8,1,9,1,9.166666666666666,166.0,4.0,10.12,62.5,0.6612903225806451,206.7933068017366,3.9946640316205526,0.625,0.592885375494071,3.28
2023-11-03 19:00:00,19,23,2,1,19,1,0,12,3,1,4,1,10.166666666666666,58.0,4.0,10.12,57.49999999999999,0.5069444444444444,141.1433068017366,5.588533253136276,0.575,1.185770750988142,3.1739130434782608
2023-11-03 20:00:00,20,30,2,0,25,3,0,18,7,1,8,1,11.166666666666666,62.0,4.0,12.41,75.0,0.7109375,215.3983068017366,6.674677679290895,0.75,1.4504431909750202,3.033333333333333
2023-11-03 21:00:00,21,31,1,0,26,3,1,13,7,1,8,1,8.383333333333333,108.0,4.0,12.41,77.5,0.703125,201.84530680173663,5.291251852044398,0.775,1.04754230459307,2.903225806451613
2023-11-03 22:00:00,22,25,1,1,19,4,0,9,7,1,8,1,6.266666666666667,157.0,3.0,8.950000000000001,62.5,0.7708333333333334,177.0373068017366,4.826536312849162,0.625,1.0055865921787708,2.96
2023-11-03 23:00:00,23,25,1,1,19,3,1,10,8,2,10,2,7.266666666666667,186.5,3.0,8.950000000000001,62.5,0.8111111111111111,210.34561360347325,5.0875698324022345,0.625,1.11731843575419,2.92
2023-11-04 00:00:00,0,26,1,2,17,6,0,10,10,2,12,2,8.266666666666667,227.5,3.0,8.950000000000001,65.0,0.9047619047619048,244.9306136034733,5.166007735281478,0.65,1.11731843575419,2.923076923076923
2023-11-04 01:00:00,1,25,1,1,18,5,0,6,12,2,14,2,9.266666666666667,257.5,3.0,8.950000000000001,62.5,0.935897435897436,275.2256136034732,3.7825418994413407,0.625,0.6703910614525139,2.92
2023-11-04 02:00:00,2,20,1,2,14,3,0,3,12,1,13,1,10.266666666666667,343.0,3.0,8.950000000000001,50.0,0.7530864197530864,255.8723068017366,2.5473463687150835,0.5,0.3351955307262569,3.05
2023-11-04 03:00:00,3,23,0,4,14,5,0,4,13,0,13,0,11.266666666666667,352.0,3.0,8.950000000000001,57.49999999999999,0.8395061728395061,267.079,3.0213504979353893,0.575,0.4469273743016759,2.9565217391304346
2023-11-04 04:00:00,4,25,0,4,16,5,0,3,13,0,13,0,12.266666666666667,412.0,3.0,8.950000000000001,62.5,0.9135802469135802,277.009,2.8421787709497206,0.625,0.3351955307262569,2.96
2023-11-04 05:00:00,5,28,0,5,18,5,0,4,14,0,14,0,13.266666666666667,429.5,3.0,8.950000000000001,70.0,1.0769230769230769,302.484,3.440782122905028,0.7,0.4469273743016759,3.0
2023-11-04 06:00:00,6,26,0,5,17,4,0,1,14,0,14,0,14.266666666666667,489.5,3.0,8.950000000000001,65.0,1.0128205128205128,303.834,2.3144929093253115,0.65,0.1117318435754189,3.0384615384615383
2023-11-04 07:00:00,7,27,0,5,19,3,0,3,16,0,16,0,15.266666666666667,488.0,3.0,8.950000000000001,67.5,1.1527777777777777,338.419,3.1054158907510865,0.675,0.3351955307262569,3.074074074074074
2023-11-04 08:00:00,8,26,0,4,18,4,0,5,16,0,16,0,16.266666666666666,548.0,3.0,7.23,65.0,1.0833333333333333,341.914,4.024688796680499,0.65,0.6915629322268326,3.0
2023-11-04 09:00:00,9,25,1,3,19,2,0,5,14,1,15,1,17.266666666666666,589.0,3.0,7.23,62.5,1.04,332.8773068017366,4.107676348547718,0.625,0.6915629322268326,3.12
2023-11-04 10:00:00,10,33,1,5,23,4,0,12,19,1,20,1,18.266666666666666,447.0,4.0,10.93,82.5,1.275,422.6773068017366,5.943495799717208,0.825,1.0978956999085088,3.090909090909091
2023-11-04 11:00:00,11,34,0,3,30,1,0,11,16,0,16,0,16.75,447.0,4.0,10.93,85.0,1.0833333333333333,361.8,5.678413433076798,0.85,1.0064043915827996,3.0588235294117645
2023-11-04 12:00:00,12,34,0,4,28,1,1,10,14,0,14,0,17.75,151.5,4.0,10.93,85.0,0.9903846153846154,340.64,5.346648458102362,0.85,0.9149130832570906,3.0294117647058822
2023-11-04 13:00:00,13,29,0,5,23,1,0,8,13,0,13,0,18.75,198.0,4.0,10.93,72.5,0.8425925925925926,322.15500000000003,4.5717473262453865,0.725,0.7319304666056725,3.1379310344827585
2023-11-04 14:00:00,14,27,0,4,22,1,0,11,6,0,6,0,18.883333333333333,339.0,4.0,10.93,67.5,0.6176470588235294,224.817,5.231035884924266,0.675,1.0064043915827996,3.111111111111111
2023-11-04 15:00:00,15,29,0,5,24,0,0,13,6,0,6,0,8.783333333333333,218.5,4.0,10.93,72.5,0.6764705882352942,172.14300000000003,6.073227750260277,0.725,1.1893870082342175,3.1724137931034484
2023-11-04 16:00:00,16,29,1,4,24,0,0,9,6,0,6,0,9.783333333333331,92.5,4.0,10.93,72.5,0.6838235294117647,177.78300000000002,4.965628450642017,0.725,0.8234217749313816,3.206896551724138
2023-11-04 17:00:00,17,28,1,5,20,2,0,6,8,0,8,0,10.783333333333331,120.0,4.0,10.93,70.0,0.6953125,208.078,3.969869951640309,0.7,0.5489478499542544,3.1785714285714284
2023-11-04 18:00:00,18,25,1,6,17,1,0,6,9,0,9,0,11.783333333333331,120.0,4.0,10.93,62.5,0.6612903225806451,220.683,3.850548947849954,0.625,0.5489478499542544,3.28
2023-11-04 19:00:00,19,25,2,6,16,1,0,9,8,1,9,1,10.933333333333334,149.0,4.0,10.93,62.5,0.6774193548387096,216.7573068017366,4.866697163769442,0.625,0.8234217749313816,3.36
2023-11-04 20:00:00,20,20,2,4,12,2,0,3,5,1,6,1,11.933333333333334,221.5,4.0,11.48,50.0,0.4852941176470588,171.47230680173664,2.512369337979094,0.5,0.2613240418118467,3.3
2023-11-04 21:00:00,21,25,2,2,18,3,0,13,4,1,5,1,12.933333333333334,269.0,4.0,11.48,62.5,0.5571428571428572,174.4373068017366,5.483101045296167,0.625,1.132404181184669,3.12
2023-11-04 22:00:00,22,25,0,1,22,2,0,12,4,0,4,0,13.933333333333334,261.0,3.0,7.779999999999999,62.5,0.6851851851851852,165.809,6.415552699228792,0.625,1.5424164524421595,2.96
2023-11-04 23:00:00,23,29,0,0,25,4,0,14,5,0,5,0,11.066666666666666,73.0,3.0,7.779999999999999,72.5,0.7904761904761904,171.62099999999998,7.225252637177556,0.725,1.7994858611825195,2.862068965517241
2023-11-05 00:00:00,0,27,0,0,26,1,0,11,6,0,6,0,12.066666666666666,123.0,3.0,7.779999999999999,67.5,0.7843137254901961,186.371,6.189279253546606,0.675,1.4138817480719796,2.962962962962963
2023-11-05 01:00:00,1,24,0,0,23,1,0,6,7,1,8,1,13.066666666666666,158.0,3.0,7.779999999999999,60.0,0.7395833333333334,213.2443068017366,4.056491002570695,0.6,0.7712082262210798,2.958333333333333
2023-11-05 02:00:00,2,21,0,0,20,1,0,6,7,1,8,1,14.066666666666666,218.0,3.0,7.779999999999999,52.5,0.6458333333333334,212.4493068017366,3.826900477414617,0.525,0.7712082262210798,2.952380952380953
2023-11-05 03:00:00,3,22,0,1,19,2,0,7,7,2,9,2,15.066666666666666,263.0,3.0,7.779999999999999,55.00000000000001,0.6989247311827957,234.50261360347324,4.283331385837813,0.55,0.8997429305912598,2.9545454545454546
2023-11-05 04:00:00,4,17,0,0,16,1,0,4,7,1,8,1,16.066666666666666,338.0,3.0,7.779999999999999,42.5,0.5208333333333334,215.1493068017366,2.7621729925903526,0.425,0.5141388174807199,2.9411764705882355
2023-11-05 05:00:00,5,18,1,0,15,2,0,4,7,2,9,2,17.066666666666666,383.0,3.0,7.779999999999999,45.0,0.5806451612903226,237.2026136034732,2.89241645244216,0.45,0.5141388174807199,3.0
2023-11-05 06:00:00,6,23,1,0,19,3,0,6,8,2,10,2,18.066666666666663,426.5,3.0,7.779999999999999,57.49999999999999,0.7555555555555555,266.9676136034732,3.980093886218844,0.575,0.7712082262210798,2.9565217391304346
2023-11-05 07:00:00,7,23,1,0,21,1,0,6,10,2,12,2,19.066666666666663,440.5,3.0,7.779999999999999,57.49999999999999,0.8333333333333334,299.40761360347324,4.097155471107635,0.575,0.7712082262210798,3.0434782608695654
2023-11-05 08:00:00,8,19,0,0,18,1,0,4,10,1,11,1,20.066666666666663,530.0,3.0,8.850000000000001,47.5,0.6436781609195402,282.1993068017366,2.732143919119833,0.475,0.4519774011299434,2.9473684210526314
2023-11-05 09:00:00,9,21,0,0,20,1,0,9,10,0,10,0,21.066666666666663,560.5,3.0,8.850000000000001,52.5,0.6888888888888889,277.861,4.552421307506053,0.525,1.0169491525423726,2.952380952380953
2023-11-05 10:00:00,10,30,0,0,27,2,1,17,14,0,14,0,22.066666666666663,255.5,4.0,11.94,75.0,0.8269230769230769,356.40599999999995,6.231518704634282,0.75,1.423785594639866,2.8666666666666667
2023-11-05 11:00:00,11,26,0,1,24,1,0,12,10,0,10,0,19.7,136.0,4.0,11.94,65.0,0.65,280.878,4.965075376884421,0.65,1.0050251256281406,3.0
2023-11-05 12:00:00,12,31,0,2,27,2,0,17,11,0,11,0,20.7,179.0,4.0,11.94,77.5,0.8017241379310345,310.64300000000003,6.596356783919598,0.775,1.423785594639866,3.0
2023-11-05 13:00:00,13,30,0,1,27,2,0,10,10,0,10,0,14.383333333333333,195.5,4.0,11.94,75.0,0.7416666666666667,259.472,4.70964544946957,0.75,0.8375209380234505,2.966666666666667
2023-11-05 14:00:00,14,34,0,2,25,7,0,18,10,1,11,1,15.383333333333333,215.0,4.0,11.94,85.0,0.8362068965517241,287.9603068017366,6.725916346438073,0.85,1.507537688442211,2.8529411764705883
2023-11-05 15:00:00,15,25,0,2,18,5,0,11,6,1,7,1,8.9,140.0,4.0,11.94,62.5,0.5454545454545454,178.4893068017366,4.453266331658291,0.625,0.9212730318257956,2.88
2023-11-05 16:00:00,16,29,0,2,22,5,0,20,6,1,7,1,9.9,200.0,4.0,11.94,72.5,0.6363636363636364,192.7093068017366,6.951845434066886,0.725,1.675041876046901,2.896551724137931
2023-11-05 17:00:00,17,26,0,0,24,1,1,13,6,0,6,0,10.9,327.5,4.0,11.94,65.0,0.5514705882352942,177.64600000000002,5.015703517587939,0.65,1.0887772194304857,2.8846153846153846
2023-11-05 18:00:00,18,26,0,0,24,2,0,13,6,0,6,0,11.9,136.5,4.0,11.94,65.0,0.5588235294117647,183.286,5.082579564489111,0.65,1.0887772194304857,2.923076923076923
2023-11-05 19:00:00,19,17,0,0,16,1,0,4,5,0,5,0,12.9,161.0,4.0,11.94,42.5,0.3571428571428571,156.221,2.2353187506158245,0.425,0.3350083752093802,2.9411764705882355
2023-11-05 20:00:00,20,22,0,1,19,2,0,18,7,0,7,0,13.9,177.0,4.0,10.87,55.00000000000001,0.4924242424242424,199.386,6.517531571464414,0.55,1.655933762649494,2.9545454545454546
2023-11-05 21:00:00,21,23,0,2,18,3,0,13,6,2,8,2,14.9,93.5,4.0,10.87,57.49999999999999,0.53125,222.3076136034732,5.235858565657374,0.575,1.1959521619135236,2.9565217391304346
2023-11-05 22:00:00,22,24,0,3,16,5,0,17,5,3,8,3,15.9,106.0,3.0,7.779999999999999,60.0,0.7291666666666666,230.96092040520983,8.123179091688089,0.6,2.185089974293059,2.9166666666666665
2023-11-05 23:00:00,23,21,0,1,18,2,0,13,4,1,5,1,16.9,108.0,3.0,7.779999999999999,52.5,0.5904761904761905,188.22930680173656,6.483284367731669,0.525,1.6709511568123394,2.952380952380953
2023-11-06 00:00:00,0,16,0,1,12,3,0,6,4,1,5,1,17.9,168.0,3.0,7.779999999999999,40.0,0.4380952380952381,183.1443068017366,3.367223650385604,0.4,0.7712082262210798,2.875
2023-11-06 01:00:00,1,18,0,3,12,3,0,7,4,2,6,2,18.9,218.5,3.0,7.779999999999999,45.0,0.5294117647058824,207.34261360347324,4.049228791773779,0.45,0.8997429305912598,3.0
2023-11-06 02:00:00,2,20,1,4,11,4,0,8,5,1,6,1,19.9,260.0,3.0,7.779999999999999,50.0,0.6078431372549019,216.4043068017366,4.737660668380463,0.5,1.0282776349614398,3.1
2023-11-06 03:00:00,3,16,1,4,7,4,0,1,5,1,6,1,20.9,320.0,3.0,7.779999999999999,40.0,0.4901960784313725,213.4643068017366,1.6516709511568126,0.4,0.1285347043701799,3.125
2023-11-06 04:00:00,4,17,1,5,7,4,0,2,5,1,6,1,21.9,380.0,3.0,7.779999999999999,42.5,0.5294117647058824,221.24930680173665,2.16657341599879,0.425,0.2570694087403599,3.176470588235294
2023-11-06 05:00:00,5,20,1,6,8,5,0,4,6,1,7,1,22.9,431.0,3.0,7.779999999999999,50.0,0.6363636363636364,246.7243068017366,3.194537275064268,0.5,0.5141388174807199,3.15
2023-11-06 06:00:00,6,18,2,4,7,5,0,2,6,1,7,1,23.9,491.0,3.0,7.779999999999999,45.0,0.5757575757575758,248.0743068017366,2.2390531276778063,0.45,0.2570694087403599,3.1666666666666665
2023-11-06 07:00:00,7,19,2,4,8,4,1,5,6,1,7,1,24.9,551.0,3.0,7.779999999999999,47.5,0.5959595959595959,255.85930680173655,3.470670409958057,0.475,0.6426735218508998,3.1052631578947367
2023-11-06 08:00:00,8,20,2,4,10,4,0,6,6,2,8,2,25.9,528.5,3.0,6.6,50.0,0.6666666666666666,277.91261360347323,4.50909090909091,0.5,0.9090909090909092,3.2
2023-11-06 09:00:00,9,23,1,5,13,4,0,8,7,2,9,2,26.9,448.0,3.0,6.6,57.49999999999999,0.7741935483870968,303.38761360347326,5.594466403162056,0.575,1.2121212121212122,3.130434782608696
2023-11-06 10:00:00,10,31,1,7,20,3,0,13,9,3,12,3,27.9,95.5,4.0,9.69,77.5,0.8839285714285714,367.25592040520985,6.759430240687107,0.775,1.3415892672858618,3.193548387096774
2023-11-06 11:00:00,11,29,3,8,16,2,0,12,8,4,12,4,24.466666666666665,105.5,4.0,9.69,72.5,0.8839285714285714,344.47022720694645,6.702607558449878,0.725,1.238390092879257,3.413793103448276
2023-11-06 12:00:00,12,34,3,11,17,3,0,9,9,4,13,4,25.466666666666665,121.0,4.0,9.69,85.0,1.0740740740740742,374.2352272069464,6.068821708249864,0.85,0.9287925696594428,3.411764705882353
2023-11-06 13:00:00,13,33,4,12,16,1,0,11,9,4,13,4,26.466666666666665,157.0,4.0,9.69,82.5,1.0925925925925926,377.7302272069464,7.009167526659787,0.825,1.1351909184726523,3.575757575757576
2023-11-06 14:00:00,14,33,3,11,19,0,0,10,9,4,13,4,27.466666666666665,199.0,4.0,9.69,82.5,1.0740740740740742,383.3702272069464,6.527607342777621,0.825,1.0319917440660475,3.515151515151515
2023-11-06 15:00:00,15,32,3,12,17,0,0,8,9,4,13,4,28.466666666666665,219.0,4.0,9.69,80.0,1.0555555555555556,386.8652272069464,5.791176470588236,0.8,0.825593395252838,3.5625
2023-11-06 16:00:00,16,35,4,14,17,0,0,17,13,3,16,3,29.466666666666665,118.0,4.0,9.69,87.5,1.3229166666666667,438.2719204052098,9.540914786967418,0.875,1.7543859649122808,3.628571428571429
2023-11-06 17:00:00,17,37,4,15,16,2,0,9,15,3,18,3,16.433333333333334,153.0,4.0,9.69,92.5,1.5,395.8539204052098,6.613530248514769,0.925,0.9287925696594428,3.5675675675675675
2023-11-06 18:00:00,18,28,4,11,11,2,0,5,13,4,17,4,17.433333333333334,211.0,4.0,9.69,70.0,1.0978260869565215,369.65722720694646,4.386270824119121,0.7,0.5159958720330238,3.607142857142857
2023-11-06 19:00:00,19,23,2,9,8,3,1,7,8,3,11,3,18.433333333333334,206.0,4.0,9.69,57.49999999999999,0.6637931034482759,283.30392040520985,4.343450217615651,0.575,0.7223942208462333,3.347826086956522
2023-11-06 20:00:00,20,24,1,9,11,3,0,7,8,3,11,3,19.433333333333334,227.0,4.0,10.32,60.0,0.6896551724137931,291.0889204052098,4.260981912144703,0.6,0.6782945736434108,3.333333333333333
2023-11-06 21:00:00,21,26,1,6,15,4,0,14,8,4,12,4,20.433333333333334,231.0,4.0,10.32,65.0,0.7321428571428571,315.28722720694645,6.328473464519976,0.65,1.3565891472868217,3.1538461538461537
2023-11-06 22:00:00,22,23,1,4,13,5,0,6,8,4,12,4,21.433333333333334,245.0,3.0,7.23,57.49999999999999,0.8333333333333334,314.49222720694644,4.2757081003066935,0.575,0.8298755186721991,3.0434782608695654
2023-11-06 23:00:00,23,19,0,2,12,5,0,6,6,3,9,3,14.55,282.0,3.0,7.23,47.5,0.5806451612903226,226.02192040520987,3.708593579384144,0.475,0.8298755186721991,2.8421052631578947
2023-11-07 00:00:00,0,25,0,3,16,6,0,9,7,3,10,3,15.55,277.5,3.0,7.23,62.5,0.8,257.93192040520984,5.3850622406639,0.625,1.2448132780082988,2.88
2023-11-07 01:00:00,1,21,0,4,13,4,0,4,7,3,10,3,16.55,337.5,3.0,7.23,52.5,0.7,254.99192040520984,3.234751037344398,0.525,0.553250345781466,3.0
2023-11-07 02:00:00,2,19,0,3,14,2,0,3,8,2,10,2,17.55,319.0,3.0,7.23,47.5,0.6444444444444445,255.47361360347327,2.716652107447041,0.475,0.4149377593360995,3.0526315789473686
2023-11-07 03:00:00,3,17,0,3,12,2,0,3,7,2,9,2,18.55,365.0,3.0,7.23,42.5,0.5591397849462365,243.42361360347329,2.569221381498657,0.425,0.4149377593360995,3.0588235294117645
2023-11-07 04:00:00,4,19,0,3,13,3,0,4,8,2,10,2,19.55,410.5,3.0,7.23,47.5,0.6333333333333333,266.75361360347324,3.084751037344398,0.475,0.553250345781466,3.0
2023-11-07 05:00:00,5,18,1,2,12,3,0,2,9,2,11,2,20.55,456.0,3.0,7.23,45.0,0.632183908045977,283.6486136034732,2.2202435838327954,0.45,0.276625172890733,3.055555555555556
2023-11-07 06:00:00,6,20,1,3,13,3,0,3,9,3,12,3,21.55,484.0,3.0,7.23,50.0,0.7380952380952381,307.84692040520986,2.836307053941909,0.5,0.4149377593360995,3.1
2023-11-07 07:00:00,7,21,1,3,14,3,0,4,9,3,12,3,22.55,544.0,3.0,7.23,52.5,0.7738095238095238,315.6319204052099,3.337441546466443,0.525,0.553250345781466,3.095238095238096
2023-11-07 08:00:00,8,17,1,2,11,3,0,2,9,1,10,1,23.55,604.0,3.0,6.8,42.5,0.5777777777777777,284.15530680173663,2.199653979238754,0.425,0.2941176470588235,3.0588235294117645
2023-11-07 09:00:00,9,20,1,3,13,3,0,6,9,2,11,2,24.55,574.0,3.0,6.8,50.0,0.7126436781609196,310.49861360347325,4.285294117647059,0.5,0.8823529411764706,3.1
2023-11-07 10:00:00,10,19,1,3,12,2,1,3,7,1,8,1,25.55,629.0,4.0,10.12,47.5,0.453125,272.9253068017366,2.354930309964635,0.475,0.2964426877470356,3.0526315789473686
2023-11-07 11:00:00,11,11,0,2,7,2,0,3,3,1,4,1,26.55,483.0,4.0,10.12,27.500000000000004,0.2291666666666666,207.8053068017366,1.7143280632411066,0.275,0.2964426877470356,3.0
2023-11-07 12:00:00,12,18,0,3,13,2,0,8,4,1,5,1,27.55,204.0,4.0,10.12,45.0,0.3928571428571428,241.8603068017366,3.790458937198068,0.45,0.790513833992095,3.055555555555556
2023-11-07 13:00:00,13,21,0,3,14,4,0,12,6,1,7,1,28.55,89.0,4.0,10.12,52.5,0.4696969696969697,280.7353068017366,5.05084697910785,0.525,1.1857707509881423,2.952380952380953
2023-11-07 14:00:00,14,24,0,3,16,5,0,10,6,1,7,1,17.8,74.0,4.0,10.12,60.0,0.5303030303030303,226.54030680173665,4.632081686429513,0.6,0.9881422924901186,2.9166666666666665
2023-11-07 15:00:00,15,19,0,1,14,4,0,8,4,0,4,0,18.8,147.0,4.0,10.12,47.5,0.375,180.387,3.596723528188059,0.475,0.790513833992095,2.8421052631578947
2023-11-07 16:00:00,16,19,0,0,14,5,0,6,4,0,4,0,4.083333333333333,49.0,4.0,10.12,47.5,0.3611111111111111,97.385,2.9226336592469315,0.475,0.5928853754940712,2.736842105263158
2023-11-07 17:00:00,17,18,1,0,15,2,0,7,5,0,5,0,4.2,92.0,4.0,10.12,45.0,0.3857142857142857,109.298,3.4250988142292487,0.45,0.691699604743083,3.0
2023-11-07 18:00:00,18,16,2,0,12,1,1,3,7,0,7,0,5.2,149.0,4.0,10.12,40.0,0.3712121212121212,137.448,2.1328557312252965,0.4,0.2964426877470356,3.0625
2023-11-07 19:00:00,19,20,2,0,16,1,1,8,9,0,9,0,6.2,157.0,4.0,10.12,50.0,0.4919354838709677,178.468,3.9360671936758895,0.5,0.790513833992095,3.05
2023-11-07 20:00:00,20,18,0,0,13,3,2,9,6,1,7,1,7.2,109.0,4.0,10.27,45.0,0.3560606060606061,153.88630680173662,3.463218111002921,0.45,0.8763388510223954,2.611111111111111
2023-11-07 21:00:00,21,16,0,0,13,2,1,6,5,1,6,1,8.2,147.0,4.0,10.27,40.0,0.3235294117647059,141.8363068017366,2.7066212268743914,0.4,0.5842259006815969,2.75
2023-11-07 22:00:00,22,14,0,0,12,1,1,5,3,1,4,1,9.2,185.5,3.0,6.95,35.0,0.3611111111111111,116.38630680173662,2.979110996916752,0.35,0.7194244604316546,2.7857142857142856
2023-11-07 23:00:00,23,18,0,0,17,0,1,10,5,1,6,1,9.416666666666666,157.0,3.0,6.95,45.0,0.5098039215686274,152.9883068017366,5.456674660271783,0.45,1.4388489208633093,2.888888888888889
2023-11-08 00:00:00,0,16,1,0,15,0,0,5,7,0,7,0,10.416666666666666,101.0,3.0,6.95,40.0,0.5050505050505051,166.87,3.4982014388489207,0.4,0.7194244604316546,3.125
2023-11-08 01:00:00,1,17,1,0,16,0,0,8,7,0,7,0,11.416666666666666,161.0,3.0,6.95,42.5,0.5353535353535354,174.65499999999997,4.913658484976724,0.425,1.1510791366906474,3.117647058823529
2023-11-08 02:00:00,2,14,1,0,13,0,0,4,7,0,7,0,12.416666666666666,221.0,3.0,6.95,35.0,0.4444444444444444,173.86,2.908838643371017,0.35,0.5755395683453237,3.142857142857143
2023-11-08 03:00:00,3,14,1,0,13,0,0,1,7,0,7,0,13.416666666666666,281.0,3.0,6.95,35.0,0.4444444444444444,179.5,1.5522096608427542,0.35,0.1438848920863309,3.142857142857143
2023-11-08 04:00:00,4,15,1,0,14,0,0,2,8,0,8,0,14.416666666666666,320.5,3.0,6.95,37.5,0.4895833333333333,200.685,2.0766786570743405,0.375,0.2877697841726618,3.1333333333333333
2023-11-08 05:00:00,5,18,1,0,17,0,0,5,8,0,8,0,15.416666666666666,380.5,3.0,6.95,45.0,0.5833333333333334,212.76,3.638209432454037,0.45,0.7194244604316546,3.111111111111111
2023-11-08 06:00:00,6,21,2,0,19,0,0,5,9,1,10,1,16.416666666666668,419.0,3.0,6.95,52.5,0.7444444444444445,252.50330680173656,3.9703066118533754,0.525,0.7194244604316546,3.1904761904761907
2023-11-08 07:00:00,7,19,1,0,18,0,0,4,11,0,11,0,17.416666666666668,478.0,3.0,6.95,47.5,0.6781609195402298,266.385,3.262201817493374,0.475,0.5755395683453237,3.1052631578947367
2023-11-08 08:00:00,8,20,2,1,17,0,0,6,12,1,13,1,18.416666666666668,488.0,3.0,6.96,50.0,0.8024691358024691,301.8383068017366,4.426724137931035,0.5,0.8620689655172414,3.25
2023-11-08 09:00:00,9,24,2,1,21,0,0,7,13,1,14,1,16.816666666666666,270.0,3.0,6.96,60.0,0.9871794871794872,314.7943068017366,5.151772030651341,0.6,1.0057471264367817,3.208333333333333
2023-11-08 10:00:00,10,22,2,4,16,0,0,5,14,1,15,1,17.816666666666666,195.0,4.0,10.66,55.00000000000001,0.74,329.54430680173664,3.427690602080846,0.55,0.4690431519699812,3.363636363636364
2023-11-08 11:00:00,11,23,0,4,19,0,0,10,12,1,13,1,18.816666666666663,161.0,4.0,10.66,57.49999999999999,0.6759259259259259,310.5293068017366,4.802404355983359,0.575,0.9380863039399624,3.1739130434782608
2023-11-08 12:00:00,12,25,0,5,20,0,0,7,13,1,14,1,19.816666666666663,163.0,4.0,10.66,62.5,0.7692307692307693,333.8593068017366,4.101313320825516,0.625,0.6566604127579737,3.2
2023-11-08 13:00:00,13,24,0,4,20,0,0,5,13,0,13,0,18.816666666666663,195.0,4.0,10.66,60.0,0.7037037037037037,311.806,3.385303314571607,0.6,0.4690431519699812,3.1666666666666665
2023-11-08 14:00:00,14,20,0,4,16,0,0,4,9,0,9,0,15.0,164.0,4.0,10.66,50.0,0.5161290322580645,228.1,2.800750469043152,0.5,0.3752345215759849,3.2
2023-11-08 15:00:00,15,21,0,5,15,1,0,10,8,1,9,1,9.15,75.0,4.0,10.66,52.5,0.5403225806451613,198.11930680173663,4.667942017332262,0.525,0.9380863039399624,3.1904761904761907
2023-11-08 16:00:00,16,19,0,3,15,1,0,5,10,0,10,0,10.15,86.0,4.0,10.66,47.5,0.4916666666666666,212.001,2.931502419275205,0.475,0.4690431519699812,3.1052631578947367
2023-11-08 17:00:00,17,25,0,3,21,1,0,8,10,0,10,0,11.15,129.0,4.0,10.66,62.5,0.6416666666666667,230.511,4.236444652908067,0.625,0.7504690431519699,3.08
2023-11-08 18:00:00,18,30,0,4,25,1,0,8,12,0,12,0,12.15,180.0,4.0,10.66,75.0,0.8303571428571429,273.676,4.651454033771107,0.75,0.7504690431519699,3.1
2023-11-08 19:00:00,19,37,0,5,28,3,1,13,9,0,9,0,13.15,250.0,4.0,10.66,92.5,0.8951612903225806,254.131,6.433536585365854,0.925,1.2195121951219512,3.0
2023-11-08 20:00:00,20,32,0,3,26,3,0,12,8,0,8,0,14.15,301.0,4.0,12.84,80.0,0.75,235.646,5.20373831775701,0.8,0.9345794392523364,3.0
2023-11-08 21:00:00,21,25,1,4,17,3,0,6,7,2,9,2,15.15,307.0,4.0,12.84,62.5,0.6290322580645161,241.40761360347324,3.407943925233645,0.625,0.4672897196261682,3.12
2023-11-08 22:00:00,22,25,1,6,15,3,0,10,7,1,8,1,8.85,295.5,3.0,9.14,62.5,0.8333333333333334,191.6073068017366,5.50109409190372,0.625,1.0940919037199124,3.2
2023-11-08 23:00:00,23,27,1,5,16,5,0,10,7,1,8,1,9.85,355.5,3.0,9.14,67.5,0.8645833333333334,201.5373068017366,5.438319555879731,0.675,1.0940919037199124,3.074074074074074
2023-11-09 00:00:00,0,28,0,7,18,3,0,14,8,0,8,0,10.85,260.5,3.0,9.14,70.0,0.9166666666666666,208.454,7.014004376367615,0.7,1.5317286652078774,3.142857142857143
2023-11-09 01:00:00,1,29,0,7,18,4,0,6,9,0,9,0,11.85,205.0,3.0,9.14,72.5,0.967741935483871,229.639,4.287274579340527,0.725,0.6564551422319475,3.103448275862069
2023-11-09 02:00:00,2,28,0,6,17,5,0,5,9,0,9,0,12.85,265.0,3.0,9.14,70.0,0.913978494623656,233.134,3.785675211003438,0.7,0.5470459518599562,3.0357142857142856
2023-11-09 03:00:00,3,24,0,5,14,5,0,2,9,0,9,0,13.85,325.0,3.0,9.14,60.0,0.7741935483870968,230.194,2.456455142231948,0.6,0.2188183807439825,3.0
2023-11-09 04:00:00,4,24,0,5,14,5,0,5,9,0,9,0,14.85,385.0,3.0,9.14,60.0,0.7741935483870968,235.834,3.441137855579868,0.6,0.5470459518599562,3.0
2023-11-09 05:00:00,5,25,1,5,15,4,0,3,10,0,10,0,15.85,439.5,3.0,9.14,62.5,0.8666666666666667,257.019,2.974070021881838,0.625,0.3282275711159737,3.12
2023-11-09 06:00:00,6,24,1,5,13,5,0,4,10,0,10,0,16.85,499.5,3.0,9.14,60.0,0.8222222222222222,260.514,3.199380014587892,0.6,0.437636761487965,3.083333333333333
2023-11-09 07:00:00,7,26,1,6,14,5,0,2,11,0,11,0,17.85,554.0,3.0,9.14,65.0,0.9310344827586208,283.84400000000005,2.7067034169331765,0.65,0.2188183807439825,3.1153846153846154
2023-11-09 08:00:00,8,27,1,4,17,5,0,4,10,0,10,0,18.85,578.0,3.0,6.67,67.5,0.9111111111111112,278.229,3.8713115664390023,0.675,0.5997001499250375,3.037037037037037
2023-11-09 09:00:00,9,19,1,2,12,4,0,4,6,0,6,0,19.85,800.5,3.0,6.67,47.5,0.5588235294117647,213.109,3.224100449775112,0.475,0.5997001499250375,3.0
2023-11-09 10:00:00,10,18,1,1,14,2,0,6,7,1,8,1,19.316666666666663,210.5,4.0,9.92,45.0,0.4296875,235.62430680173665,3.2231182795698925,0.45,0.6048387096774194,3.055555555555556
2023-11-09 11:00:00,11,19,0,1,15,3,0,7,6,1,7,1,20.316666666666663,81.0,4.0,9.92,47.5,0.4166666666666667,230.0093068017366,3.417657045840408,0.475,0.7056451612903226,2.8947368421052637
2023-11-09 12:00:00,12,24,0,3,18,3,0,8,10,1,11,1,21.316666666666663,116.0,4.0,9.92,60.0,0.6206896551724138,299.9743068017366,4.219354838709678,0.6,0.8064516129032259,3.0
2023-11-09 13:00:00,13,31,1,5,21,4,0,13,14,2,16,2,19.266666666666666,88.0,4.0,9.92,77.5,1.0,371.2956136034732,6.458272632674297,0.775,1.310483870967742,3.096774193548387
2023-11-09 14:00:00,14,29,1,2,23,3,0,8,9,2,11,2,17.816666666666666,127.0,4.0,9.92,72.5,0.7586206896551724,291.8276136034732,4.647163515016685,0.725,0.8064516129032259,3.034482758620689
2023-11-09 15:00:00,15,22,1,3,17,1,0,9,10,1,11,1,18.816666666666663,129.0,4.0,9.92,55.00000000000001,0.603448275862069,281.5843068017366,4.636730205278592,0.55,0.907258064516129,3.1818181818181817
2023-11-09 16:00:00,16,32,0,3,28,1,0,17,13,1,14,1,19.816666666666663,77.5,4.0,9.92,80.0,0.9423076923076924,348.87430680173657,7.698235887096774,0.8,1.7137096774193548,3.0625
2023-11-09 17:00:00,17,37,0,6,28,3,0,11,14,2,16,2,20.816666666666663,126.0,4.0,9.92,92.5,1.1875,392.9076136034733,6.266521360069748,0.925,1.1088709677419355,3.081081081081081
2023-11-09 18:00:00,18,33,0,5,27,1,0,8,12,2,14,2,21.816666666666663,177.0,4.0,9.92,82.5,0.9903846153846154,363.1676136034732,5.092106549364614,0.825,0.8064516129032259,3.121212121212121
2023-11-09 19:00:00,19,33,0,6,22,5,0,12,12,2,14,2,22.816666666666663,220.5,4.0,9.92,82.5,0.9615384615384616,368.8076136034732,6.165689149560118,0.825,1.2096774193548387,3.0303030303030303
2023-11-09 20:00:00,20,34,0,5,23,6,0,10,13,2,15,2,23.816666666666663,235.0,4.0,10.99,85.0,1.01,389.9926136034733,5.227992024835412,0.85,0.9099181073703366,2.9705882352941178
2023-11-09 21:00:00,21,36,0,6,26,4,0,10,13,2,15,2,24.816666666666663,295.0,4.0,10.99,90.0,1.1,399.9226136034732,5.530305328076029,0.9,0.9099181073703366,3.055555555555556
2023-11-09 22:00:00,22,31,0,7,22,2,0,6,12,1,13,1,25.816666666666663,351.0,3.0,7.74,77.5,1.2098765432098766,367.16930680173664,4.90061265316329,0.775,0.7751937984496123,3.161290322580645
2023-11-09 23:00:00,23,31,0,7,21,3,0,9,14,1,15,1,8.583333333333334,399.0,3.0,7.74,77.5,1.2933333333333332,296.7733068017366,6.063409602400601,0.775,1.162790697674419,3.129032258064516
2023-11-10 00:00:00,0,30,0,7,22,1,0,8,14,1,15,1,9.583333333333334,459.0,3.0,7.74,75.0,1.28,300.2683068017366,5.707493540051679,0.75,1.0335917312661498,3.2
2023-11-10 01:00:00,1,28,0,7,21,0,0,4,13,0,13,0,10.583333333333334,519.0,3.0,7.74,70.0,1.123456790123457,273.95000000000005,3.954586563307493,0.7,0.5167958656330749,3.25
2023-11-10 02:00:00,2,23,0,7,15,1,0,1,14,0,14,0,11.583333333333334,569.5,3.0,7.74,57.49999999999999,0.9615384615384616,282.265,2.296300977418267,0.575,0.1291989664082687,3.260869565217391
2023-11-10 03:00:00,3,24,0,6,17,1,0,3,14,0,14,0,12.583333333333334,629.5,3.0,7.74,60.0,0.9871794871794872,290.04999999999995,3.1685400516795865,0.6,0.3875968992248061,3.208333333333333
2023-11-10 04:00:00,4,30,0,7,21,2,0,6,15,0,15,0,13.583333333333334,680.0,3.0,7.74,75.0,1.2666666666666666,321.96000000000004,4.829780361757106,0.75,0.7751937984496123,3.1666666666666665
2023-11-10 05:00:00,5,31,0,7,21,3,0,5,16,0,16,0,14.583333333333334,691.5,3.0,7.74,77.5,1.3472222222222223,343.145,4.446338668000333,0.775,0.6459948320413437,3.129032258064516
2023-11-10 06:00:00,6,34,0,7,25,2,0,6,17,0,17,0,15.583333333333334,703.0,3.0,7.74,85.0,1.5507246376811594,368.62,5.114580483356133,0.85,0.7751937984496123,3.147058823529412
2023-11-10 07:00:00,7,31,0,7,21,3,0,4,17,0,17,0,16.583333333333332,763.0,3.0,7.74,77.5,1.4057971014492754,367.825,4.042070934400267,0.775,0.5167958656330749,3.129032258064516
2023-11-10 08:00:00,8,29,0,7,20,2,0,7,18,0,18,0,17.583333333333332,771.5,3.0,6.4,72.5,1.393939393939394,382.5750000000001,5.769827586206897,0.725,1.09375,3.1724137931034484
2023-11-10 09:00:00,9,33,0,6,26,1,0,8,16,0,16,0,18.58333333333333,831.5,3.0,6.4,82.5,1.4444444444444444,369.995,6.53939393939394,0.825,1.25,3.1515151515151514
2023-11-10 10:00:00,10,31,1,6,23,1,0,10,12,0,12,0,19.216666666666665,770.5,4.0,10.37,77.5,0.8928571428571429,315.677,5.610710175132983,0.775,0.9643201542912246,3.225806451612903
2023-11-10 11:00:00,11,28,1,7,19,1,0,8,13,1,14,1,20.216666666666665,545.0,4.0,10.37,70.0,0.8846153846153846,342.5503068017366,4.834784405565505,0.7,0.7714561234329796,3.2857142857142856
2023-11-10 12:00:00,12,30,1,8,20,1,0,9,12,2,14,2,21.216666666666665,215.5,4.0,10.37,75.0,0.9519230769230768,353.3486136034732,5.339030858244937,0.75,0.8678881388621021,3.3
2023-11-10 13:00:00,13,29,1,7,20,1,0,8,10,4,14,4,22.216666666666665,148.5,4.0,10.37,72.5,0.9134615384615384,358.5802272069464,4.902183852625278,0.725,0.7714561234329796,3.2758620689655173
2023-11-10 14:00:00,14,30,1,9,19,1,0,11,14,4,18,4,23.216666666666665,121.0,4.0,10.37,75.0,1.1363636363636365,419.96522720694645,6.035840565734491,0.75,1.060752169720347,3.333333333333333
2023-11-10 15:00:00,15,33,1,9,22,1,0,11,15,5,20,5,24.216666666666665,104.5,4.0,10.37,82.5,1.3625,459.7085340086831,6.228696560591449,0.825,1.060752169720347,3.303030303030303
2023-11-10 16:00:00,16,28,1,6,20,1,0,9,13,4,17,4,10.35,121.0,4.0,10.37,70.0,0.9891304347826086,329.7072272069464,5.095636451301832,0.7,0.8678881388621021,3.25
2023-11-10 17:00:00,17,29,1,5,20,2,1,7,13,3,16,3,11.35,181.0,4.0,10.37,72.5,0.9375,323.22392040520987,4.344902404149901,0.725,0.6750241080038573,3.103448275862069
2023-11-10 18:00:00,18,30,2,4,21,2,1,6,14,3,17,3,12.35,226.0,4.0,10.37,75.0,1.0217391304347827,344.40892040520987,4.162921890067502,0.75,0.5785920925747348,3.1333333333333333
2023-11-10 19:00:00,19,23,2,2,17,2,0,8,6,3,9,3,13.35,246.0,4.0,10.37,57.49999999999999,0.5887096774193549,227.83392040520985,4.273534652635109,0.575,0.7714561234329796,3.1739130434782608
2023-11-10 20:00:00,20,23,1,4,15,3,0,10,5,3,8,3,12.4,270.5,4.0,10.55,57.49999999999999,0.5625,209.07592040520984,4.767236760766536,0.575,0.947867298578199,3.130434782608696
2023-11-10 21:00:00,21,27,1,4,19,3,0,12,5,4,9,4,13.4,316.0,4.0,10.55,67.5,0.6774193548387096,237.5642272069465,5.63870458135861,0.675,1.1374407582938388,3.111111111111111
2023-11-10 22:00:00,22,29,2,5,18,4,0,8,7,5,12,5,14.4,116.0,3.0,6.58,72.5,1.0952380952380951,288.5625340086831,6.157038046326381,0.725,1.21580547112462,3.1724137931034484
2023-11-10 23:00:00,23,29,2,5,17,5,0,5,8,5,13,5,15.4,128.0,3.0,6.58,72.5,1.123456790123457,307.60253400868305,4.659446074834922,0.725,0.7598784194528875,3.1379310344827585
2023-11-11 00:00:00,0,27,1,3,18,5,0,7,7,3,10,3,16.4,164.5,3.0,6.58,67.5,0.9,267.01592040520984,5.216489361702128,0.675,1.0638297872340423,3.0
2023-11-11 01:00:00,1,28,1,6,14,7,0,8,8,3,11,3,17.4,201.0,3.0,6.58,70.0,0.9770114942528736,288.20092040520984,5.815838037342596,0.7,1.21580547112462,3.0357142857142856
2023-11-11 02:00:00,2,21,1,6,11,3,0,3,9,2,11,2,18.4,250.0,3.0,6.58,52.5,0.7816091954022989,277.9576136034732,3.1763352149370387,0.525,0.4559270516717325,3.238095238095238
2023-11-11 03:00:00,3,19,0,6,10,3,0,3,9,1,10,1,19.4,289.0,3.0,6.58,47.5,0.6666666666666666,265.0393068017366,2.9397696368581028,0.475,0.4559270516717325,3.1578947368421053
2023-11-11 04:00:00,4,19,0,4,11,4,0,4,11,1,12,1,20.4,323.5,3.0,6.58,47.5,0.6785714285714286,297.4793068017366,3.24870820668693,0.475,0.60790273556231,3.0
2023-11-11 05:00:00,5,19,0,4,11,4,0,1,11,1,12,1,21.4,383.5,3.0,6.58,47.5,0.6785714285714286,303.1193068017366,1.8809270516717325,0.475,0.1519756838905775,3.0
2023-11-11 06:00:00,6,22,0,5,13,4,0,5,10,1,11,1,22.4,436.0,3.0,6.58,55.00000000000001,0.7701149425287356,301.79430680173664,3.989175186515612,0.55,0.7598784194528875,3.0454545454545454
2023-11-11 07:00:00,7,18,0,3,10,5,0,2,10,1,11,1,23.4,496.0,3.0,6.58,45.0,0.5977011494252874,298.8543068017366,2.1780817291455588,0.45,0.303951367781155,2.888888888888889
2023-11-11 08:00:00,8,25,1,2,17,5,0,11,10,1,11,1,13.216666666666669,443.0,3.0,6.43,62.5,0.8505747126436781,256.4353068017366,6.913763608087091,0.625,1.7107309486780715,2.96
2023-11-11 09:00:00,9,23,1,1,17,4,0,5,11,1,12,1,14.216666666666669,417.0,3.0,6.43,57.49999999999999,0.8095238095238095,271.1853068017366,3.999006017986341,0.575,0.7776049766718507,2.9565217391304346
2023-11-11 10:00:00,10,20,1,1,15,3,0,6,11,2,13,2,13.133333333333333,398.0,4.0,9.68,50.0,0.5555555555555556,272.9086136034732,3.3595041322314048,0.5,0.6198347107438017,3.0
2023-11-11 11:00:00,11,24,1,3,16,4,0,13,12,2,14,2,12.266666666666667,165.0,4.0,9.68,60.0,0.7019230769230769,290.0006136034732,5.909882920110192,0.6,1.3429752066115703,3.0416666666666665
2023-11-11 12:00:00,12,22,1,1,18,2,0,8,11,2,13,2,13.266666666666667,127.0,4.0,9.68,55.00000000000001,0.6203703703703703,277.95061360347324,4.191904583020286,0.55,0.8264462809917356,3.0454545454545454
2023-11-11 13:00:00,13,19,1,1,16,0,1,6,9,2,11,2,6.416666666666667,149.0,4.0,9.68,47.5,0.5,206.0816136034732,3.3421270117442368,0.475,0.6198347107438017,3.0526315789473686
2023-11-11 14:00:00,14,19,0,1,14,4,0,8,8,1,9,1,5.816666666666666,140.0,4.0,9.68,47.5,0.4354838709677419,175.0293068017366,3.69884732492388,0.475,0.8264462809917356,2.8421052631578947
2023-11-11 15:00:00,15,17,0,1,15,1,0,8,6,1,7,1,6.683333333333334,159.0,4.0,9.68,42.5,0.3863636363636363,148.8273068017366,3.754338842975207,0.425,0.8264462809917356,3.0
2023-11-11 16:00:00,16,20,1,2,17,0,0,12,8,1,9,1,7.683333333333334,114.0,4.0,9.68,50.0,0.5161290322580645,187.70230680173665,5.566942148760331,0.5,1.2396694214876034,3.2
2023-11-11 17:00:00,17,26,0,1,24,1,0,13,10,1,11,1,8.683333333333334,110.0,4.0,9.68,65.0,0.6724137931034483,233.0123068017366,5.978925619834712,0.65,1.3429752066115703,3.0
2023-11-11 18:00:00,18,27,1,2,23,1,0,7,11,0,11,0,9.683333333333334,164.0,4.0,9.68,67.5,0.7241379310344828,239.929,4.349770431588614,0.675,0.7231404958677686,3.111111111111111
2023-11-11 19:00:00,19,23,1,2,19,1,0,6,11,0,11,0,10.683333333333334,224.0,4.0,9.68,57.49999999999999,0.6206896551724138,236.98900000000003,3.740352137980597,0.575,0.6198347107438017,3.130434782608696
2023-11-11 20:00:00,20,23,0,2,20,1,0,12,9,0,9,0,11.683333333333334,150.0,4.0,11.64,57.49999999999999,0.5645161290322581,215.829,4.887606454504707,0.575,1.0309278350515465,3.0434782608695654
2023-11-11 21:00:00,21,33,0,3,29,1,0,17,9,0,9,0,9.15,103.0,4.0,11.64,82.5,0.8145161290322581,222.991,6.9949573050088505,0.825,1.4604810996563573,3.060606060606061
2023-11-11 22:00:00,22,31,0,2,28,1,0,13,7,0,7,0,5.016666666666667,154.0,3.0,8.39,77.5,0.9494949494949496,168.589,7.0483736398938825,0.775,1.5494636471990464,3.032258064516129
2023-11-11 23:00:00,23,26,0,2,23,1,0,6,7,0,7,0,6.016666666666667,130.0,3.0,8.39,65.0,0.797979797979798,163.504,4.147916475657834,0.65,0.7151370679380215,3.0384615384615383
2023-11-12 00:00:00,0,16,0,1,14,1,0,7,5,0,5,0,7.016666666666667,199.0,3.0,8.39,40.0,0.4571428571428571,120.894,3.702979737783074,0.4,0.8343265792610249,3.0
2023-11-12 01:00:00,1,17,1,1,11,3,1,8,5,1,6,1,8.016666666666667,207.0,3.0,8.39,42.5,0.4803921568627451,142.9473068017366,3.973369908153965,0.425,0.9535160905840284,2.8823529411764706
2023-11-12 02:00:00,2,13,1,1,9,2,0,4,5,1,6,1,9.016666666666667,267.0,3.0,8.39,32.5,0.392156862745098,140.0073068017366,2.4669478316677367,0.325,0.4767580452920142,3.076923076923077
2023-11-12 03:00:00,3,15,0,1,9,5,0,9,7,0,7,0,10.016666666666667,275.0,3.0,8.39,37.5,0.4141414141414141,162.469,3.957061978545888,0.375,1.072705601907032,2.7333333333333334
2023-11-12 04:00:00,4,16,0,1,10,5,0,6,8,0,8,0,11.016666666666667,333.5,3.0,8.39,40.0,0.4583333333333333,183.654,3.066626936829559,0.4,0.7151370679380215,2.75
2023-11-12 05:00:00,5,16,0,2,10,4,0,5,9,0,9,0,12.016666666666667,392.0,3.0,8.39,40.0,0.4946236559139785,202.694,2.8633492252681765,0.4,0.5959475566150179,2.875
2023-11-12 06:00:00,6,17,1,1,11,4,0,3,10,1,11,1,13.016666666666667,183.0,3.0,8.39,42.5,0.5747126436781609,238.1473068017366,2.3016721587323845,0.425,0.3575685339690107,2.9411764705882355
2023-11-12 07:00:00,7,21,1,1,14,5,0,4,11,1,12,1,14.016666666666667,241.5,3.0,8.39,52.5,0.7261904761904762,265.7673068017366,2.9098686077529936,0.525,0.4767580452920142,2.9047619047619047
2023-11-12 08:00:00,8,19,0,1,14,4,0,4,10,0,10,0,15.016666666666667,437.5,3.0,6.55,47.5,0.6,239.449,3.085636801928485,0.475,0.6106870229007634,2.8421052631578947
2023-11-12 09:00:00,9,20,0,1,17,2,0,11,9,0,9,0,16.016666666666666,360.0,3.0,6.55,50.0,0.6344086021505376,233.834,6.429198473282444,0.5,1.6793893129770994,2.95
2023-11-12 10:00:00,10,32,0,2,26,4,0,16,9,0,9,0,17.016666666666666,420.0,4.0,10.25,80.0,0.7580645161290323,265.214,6.935365853658538,0.8,1.5609756097560976,2.9375
2023-11-12 11:00:00,11,39,0,3,32,4,0,18,9,0,9,0,18.016666666666666,355.0,4.0,10.25,97.5,0.935483870967742,285.869,8.123264540337711,0.975,1.7560975609756098,2.9743589743589745
2023-11-12 12:00:00,12,26,0,4,21,1,0,10,8,0,8,0,19.016666666666666,144.0,4.0,10.25,65.0,0.6328125,250.224,5.064399624765478,0.65,0.975609756097561,3.1153846153846154
2023-11-12 13:00:00,13,30,0,4,25,1,0,13,10,0,10,0,20.016666666666666,130.5,4.0,10.25,75.0,0.775,291.244,6.256707317073172,0.75,1.2682926829268293,3.1
2023-11-12 14:00:00,14,28,1,2,24,1,0,13,10,0,10,0,21.016666666666666,113.5,4.0,10.25,70.0,0.725,292.594,6.115766550522648,0.7,1.2682926829268293,3.107142857142857
2023-11-12 15:00:00,15,39,1,0,35,3,0,19,11,0,11,0,22.016666666666666,80.0,4.0,10.25,97.5,1.0,335.229,8.413445903689807,0.975,1.853658536585366,2.9743589743589745
2023-11-12 16:00:00,16,32,3,0,27,2,0,12,9,1,10,1,23.016666666666666,108.5,4.0,10.25,80.0,0.8333333333333334,313.3223068017366,6.158536585365853,0.8,1.170731707317073,3.125
2023-11-12 17:00:00,17,37,3,1,24,9,0,17,12,1,13,1,8.133333333333333,143.0,4.0,10.25,92.5,1.0092592592592593,280.3053068017366,7.610959129861569,0.925,1.6585365853658536,2.945945945945946
2023-11-12 18:00:00,18,29,2,1,18,8,0,5,9,1,10,1,9.133333333333333,169.5,4.0,10.25,72.5,0.7,228.5853068017366,3.5129520605550884,0.725,0.4878048780487805,2.896551724137931
2023-11-12 19:00:00,19,30,2,2,18,8,0,11,11,2,13,2,10.133333333333333,197.0,4.0,10.25,75.0,0.8148148148148148,277.43861360347324,5.3479674796747965,0.75,1.0731707317073171,2.933333333333333
2023-11-12 20:00:00,20,38,2,4,20,12,0,14,13,2,15,2,11.133333333333333,207.0,4.0,10.71,95.0,1.1,327.0386136034732,6.533969728242174,0.95,1.30718954248366,2.8947368421052637
2023-11-12 21:00:00,21,25,2,3,14,6,0,10,12,2,14,2,12.133333333333333,262.5,4.0,10.71,62.5,0.7307692307692307,291.3936136034732,4.738468720821661,0.625,0.9337068160597572,3.04
2023-11-12 22:00:00,22,20,1,2,13,4,0,11,5,2,7,2,8.333333333333334,219.0,3.0,7.01,50.0,0.6060606060606061,165.43661360347323,6.20756062767475,0.5,1.5691868758915837,3.0
2023-11-12 23:00:00,23,16,0,2,10,4,0,8,6,0,6,0,9.333333333333334,272.0,3.0,7.01,40.0,0.4509803921568627,147.36,4.431027104136948,0.4,1.1412268188302426,2.875
2023-11-13 00:00:00,0,22,0,2,13,7,0,12,7,1,8,1,10.333333333333334,302.0,3.0,7.01,55.00000000000001,0.6354166666666666,193.53830680173664,6.2714660874076005,0.55,1.7118402282453635,2.772727272727273
2023-11-13 01:00:00,1,22,0,2,16,4,0,10,8,1,9,1,11.333333333333334,336.0,3.0,7.01,55.00000000000001,0.6881720430107527,212.57830680173663,5.749915704837246,0.55,1.4265335235378032,2.909090909090909
2023-11-13 02:00:00,2,21,0,3,15,3,0,6,7,2,9,2,12.333333333333334,396.0,3.0,7.01,52.5,0.6774193548387096,216.94161360347323,4.142760342368046,0.525,0.8559201141226819,3.0
2023-11-13 03:00:00,3,21,0,3,14,4,0,4,7,2,9,2,13.333333333333334,456.0,3.0,7.01,52.5,0.6666666666666666,222.5816136034732,3.2346681611303585,0.525,0.5706134094151213,2.952380952380953
2023-11-13 04:00:00,4,24,0,4,16,4,0,8,7,1,8,1,14.333333333333334,542.0,3.0,7.01,60.0,0.75,220.3883068017366,5.223680456490728,0.6,1.1412268188302426,3.0
2023-11-13 05:00:00,5,19,0,3,12,4,0,0,7,1,8,1,15.333333333333334,602.0,3.0,7.01,47.5,0.5833333333333334,215.3033068017366,1.4,0.475,0.0,2.9473684210526314
2023-11-13 06:00:00,6,19,0,3,12,4,0,2,7,1,8,1,16.333333333333332,662.0,3.0,7.01,47.5,0.5833333333333334,220.94330680173655,2.2409039717696526,0.475,0.2853067047075606,2.9473684210526314
2023-11-13 07:00:00,7,20,0,3,13,4,0,3,7,1,8,1,17.333333333333332,722.0,3.0,7.01,50.0,0.6145833333333334,228.7283068017366,2.737482168330956,0.5,0.4279600570613409,2.95
2023-11-13 08:00:00,8,21,0,3,14,4,0,7,8,1,9,1,18.33333333333333,756.0,3.0,9.14,52.5,0.6666666666666666,249.9133068017366,3.811123267687819,0.525,0.7658643326039387,2.952380952380953
2023-11-13 09:00:00,9,24,0,4,19,1,0,8,7,1,8,1,19.33333333333333,723.5,3.0,9.14,60.0,0.78125,248.58830680173665,4.610229759299781,0.6,0.87527352297593,3.125
2023-11-13 10:00:00,10,25,0,5,20,0,0,6,8,1,9,1,20.33333333333333,615.0,4.0,12.4,62.5,0.6451612903225806,269.7733068017366,3.548387096774194,0.625,0.4838709677419354,3.2
2023-11-13 11:00:00,11,30,0,4,26,0,0,9,10,1,11,1,21.33333333333333,215.0,4.0,12.4,75.0,0.8103448275862069,312.9383068017366,4.624193548387097,0.75,0.7258064516129032,3.1333333333333333
2023-11-13 12:00:00,12,26,0,5,21,0,0,5,8,1,9,1,16.6,120.0,4.0,12.4,65.0,0.6693548387096774,250.86230680173665,3.362220843672457,0.65,0.4032258064516129,3.1923076923076925
2023-11-13 13:00:00,13,20,0,4,16,0,0,7,10,1,11,1,17.6,171.0,4.0,12.4,50.0,0.5517241379310345,270.4323068017366,3.4064516129032256,0.5,0.564516129032258,3.2
2023-11-13 14:00:00,14,22,0,4,18,0,0,6,10,1,11,1,18.6,231.0,4.0,12.4,55.00000000000001,0.603448275862069,280.3623068017366,3.289589442815249,0.55,0.4838709677419354,3.1818181818181817
2023-11-13 15:00:00,15,26,1,6,19,0,0,11,11,0,11,0,19.6,170.0,4.0,12.4,65.0,0.7413793103448276,293.714,5.08424317617866,0.65,0.8870967741935484,3.3076923076923075
2023-11-13 16:00:00,16,29,2,6,21,0,0,8,13,0,13,0,20.6,226.0,4.0,12.4,72.5,0.8981481481481481,332.58900000000006,4.582953281423804,0.725,0.6451612903225806,3.3448275862068964
2023-11-13 17:00:00,17,34,3,7,23,1,0,9,13,0,13,0,21.6,286.0,4.0,12.4,85.0,1.0555555555555556,348.954,5.283586337760911,0.85,0.7258064516129032,3.3529411764705883
2023-11-13 18:00:00,18,35,4,8,22,1,0,6,14,0,14,0,22.6,342.0,4.0,12.4,87.5,1.1538461538461535,370.139,4.658986175115207,0.875,0.4838709677419354,3.4285714285714284
2023-11-13 19:00:00,19,28,3,8,16,1,0,6,14,0,14,0,23.6,402.0,4.0,12.4,70.0,0.9326923076923076,360.764,4.101267281105991,0.7,0.4838709677419354,3.4642857142857144
2023-11-13 20:00:00,20,29,3,6,18,2,0,11,15,1,16,1,24.6,392.5,4.0,10.5,72.5,1.0104166666666667,396.21730680173664,5.929105090311986,0.725,1.0476190476190477,3.3448275862068964
2023-11-13 21:00:00,21,33,2,6,23,1,1,10,15,1,16,1,25.6,380.0,4.0,10.5,82.5,1.1041666666666667,410.43730680173655,5.709163059163059,0.825,0.9523809523809524,3.212121212121212
2023-11-13 22:00:00,22,32,2,8,20,1,1,11,16,1,17,1,26.6,400.0,3.0,7.24,80.0,1.5217391304347827,427.3323068017367,7.610324585635359,0.8,1.5193370165745856,3.28125
2023-11-13 23:00:00,23,29,2,6,21,0,0,8,16,1,17,1,27.6,460.0,3.0,7.24,72.5,1.4057971014492754,426.53730680173663,6.120942084206515,0.725,1.1049723756906078,3.3448275862068964
2023-11-14 00:00:00,0,30,2,8,19,1,0,11,17,1,18,1,28.6,511.0,3.0,7.24,75.0,1.5303030303030305,447.72230680173664,7.640101289134438,0.75,1.5193370165745856,3.3666666666666667
2023-11-14 01:00:00,1,32,2,8,21,1,0,6,18,1,19,1,29.6,562.0,3.0,7.24,80.0,1.6984126984126984,471.05230680173656,5.446063535911603,0.8,0.8287292817679558,3.34375
2023-11-14 02:00:00,2,26,2,3,21,0,0,4,18,0,18,0,30.6,631.0,3.0,7.24,65.0,1.2878787878787878,449.554,3.931204844878878,0.65,0.5524861878453039,3.269230769230769
2023-11-14 03:00:00,3,25,2,3,20,0,0,1,18,0,18,0,31.6,691.0,3.0,7.24,62.5,1.2424242424242424,453.049,2.503038674033149,0.625,0.1381215469613259,3.28
2023-11-14 04:00:00,4,26,2,3,21,0,0,4,18,0,18,0,32.6,751.0,3.0,7.24,65.0,1.2878787878787878,460.83400000000006,3.931204844878878,0.65,0.5524861878453039,3.269230769230769
2023-11-14 05:00:00,5,29,3,3,23,0,0,5,19,0,19,0,33.6,802.0,3.0,7.24,72.5,1.5238095238095235,486.309,4.686149742808154,0.725,0.6906077348066298,3.310344827586207
2023-11-14 06:00:00,6,25,2,3,20,0,0,0,19,0,19,0,34.6,862.0,3.0,7.24,62.5,1.3015873015873016,483.369,2.05,0.625,0.0,3.28
2023-11-14 07:00:00,7,23,2,3,18,0,0,2,19,0,19,0,35.6,922.0,3.0,7.24,57.49999999999999,1.2063492063492065,484.719,2.812803266874849,0.575,0.2762430939226519,3.3043478260869565
2023-11-14 08:00:00,8,29,2,4,23,0,0,6,23,0,23,0,36.6,832.0,3.0,6.57,72.5,1.862745098039216,556.829,5.366654857502756,0.725,0.91324200913242,3.2758620689655173
2023-11-14 09:00:00,9,34,3,4,26,1,0,10,23,0,23,0,37.6,892.0,3.0,6.57,85.0,2.176470588235294,573.194,7.74411093204405,0.85,1.5220700152207,3.264705882352941
2023-11-14 10:00:00,10,32,2,5,25,0,0,9,19,0,19,0,38.6,965.0,4.0,10.03,80.0,1.25,520.944,5.569292123629113,0.8,0.8973080757726819,3.28125
2023-11-14 11:00:00,11,25,2,3,20,0,0,3,16,0,16,0,26.8,923.5,4.0,10.03,62.5,0.8541666666666666,399.177,3.0310568295114653,0.625,0.2991026919242273,3.28
2023-11-14 12:00:00,12,21,2,4,15,0,0,5,11,1,12,1,27.8,258.5,4.0,10.03,52.5,0.6339285714285714,343.50530680173665,3.460419930684138,0.525,0.4985044865403788,3.380952380952381
2023-11-14 13:00:00,13,21,1,5,15,0,0,5,10,1,11,1,28.8,306.0,4.0,10.03,52.5,0.603448275862069,335.7453068017366,3.411681621801263,0.525,0.4985044865403788,3.333333333333333
2023-11-14 14:00:00,14,22,1,4,17,0,0,7,11,1,12,1,29.8,355.5,4.0,10.03,55.00000000000001,0.6428571428571429,356.9303068017366,4.084056920148646,0.55,0.6979062811565303,3.272727272727273
2023-11-14 15:00:00,15,24,1,5,17,1,0,8,12,0,12,0,27.23333333333333,248.0,4.0,10.03,60.0,0.6964285714285714,345.876,4.5422233300099695,0.6,0.797607178464606,3.25
2023-11-14 16:00:00,16,24,1,4,19,0,0,8,12,0,12,0,8.516666666666667,210.5,4.0,10.03,60.0,0.6964285714285714,240.314,4.5422233300099695,0.6,0.797607178464606,3.25
2023-11-14 17:00:00,17,27,1,5,21,0,0,7,12,1,13,1,9.516666666666667,204.0,4.0,10.03,67.5,0.8148148148148148,266.65730680173664,4.474657508954618,0.675,0.6979062811565303,3.259259259259259
2023-11-14 18:00:00,18,31,1,5,24,1,0,8,12,2,14,2,10.516666666666667,257.0,4.0,10.03,77.5,0.9519230769230768,295.14561360347324,5.022197118322452,0.775,0.797607178464606,3.193548387096774
2023-11-14 19:00:00,19,33,1,5,25,2,0,9,12,2,14,2,11.516666666666667,317.0,4.0,10.03,82.5,1.0,305.07561360347324,5.427879996374513,0.825,0.8973080757726819,3.1515151515151514
2023-11-14 20:00:00,20,29,1,5,22,1,0,7,13,1,14,1,12.516666666666667,377.0,4.0,9.83,72.5,0.8942307692307693,301.2673068017366,4.608649629915459,0.725,0.7121057985757884,3.206896551724138
2023-11-14 21:00:00,21,32,2,4,24,2,0,8,15,0,15,0,13.516666666666667,430.0,4.0,9.83,80.0,1.02,325.874,5.144099694811801,0.8,0.8138351983723296,3.1875
2023-11-14 22:00:00,22,43,2,6,30,5,0,18,17,0,17,0,14.516666666666667,464.0,3.0,6.37,107.5,1.9420289855072463,381.909,12.155812128071265,1.075,2.82574568288854,3.116279069767442
2023-11-14 23:00:00,23,42,2,7,29,4,0,8,20,0,20,0,15.516666666666667,510.5,3.0,6.37,105.0,2.216666666666667,425.604,7.301975405546834,1.05,1.2558869701726845,3.1666666666666665
2023-11-15 00:00:00,0,34,2,5,23,4,0,4,21,0,21,0,16.516666666666666,564.0,3.0,6.37,85.0,1.8771929824561404,427.484,4.651175085418783,0.85,0.6279434850863422,3.147058823529412
2023-11-15 01:00:00,1,34,3,4,23,4,0,5,22,0,22,0,17.516666666666666,604.0,3.0,6.37,85.0,2.0,446.524,5.193305014313417,0.85,0.7849293563579278,3.176470588235294
2023-11-15 02:00:00,2,33,3,4,21,5,0,5,21,0,21,0,18.516666666666666,684.0,3.0,6.37,82.5,1.824561403508772,436.619,5.073716759431045,0.825,0.7849293563579278,3.1515151515151514
2023-11-15 03:00:00,3,33,3,4,21,5,0,3,21,0,21,0,19.516666666666666,744.0,3.0,6.37,82.5,1.824561403508772,442.259,4.084230055658627,0.825,0.4709576138147566,3.1515151515151514
2023-11-15 04:00:00,4,32,3,5,20,4,0,5,22,1,23,1,20.516666666666666,764.0,3.0,6.37,80.0,2.019607843137255,473.4223068017366,5.10149136577708,0.8,0.7849293563579278,3.21875
2023-11-15 05:00:00,5,31,3,5,20,3,0,1,23,1,24,1,21.516666666666666,685.0,3.0,6.37,77.5,2.1041666666666665,490.3173068017366,3.036470096723553,0.775,0.1569858712715855,3.2580645161290325
2023-11-15 06:00:00,6,33,3,5,22,3,0,3,24,0,24,0,22.516666666666666,745.0,3.0,6.37,82.5,2.2291666666666665,499.379,4.202044384187241,0.825,0.4709576138147566,3.242424242424242
2023-11-15 07:00:00,7,32,3,5,21,3,0,1,24,0,24,0,23.516666666666666,805.0,3.0,6.37,80.0,2.1666666666666665,502.874,3.110204081632653,0.8,0.1569858712715855,3.25
2023-11-15 08:00:00,8,31,3,5,21,2,0,3,25,0,25,0,24.516666666666666,726.0,3.0,8.39,77.5,2.2666666666666666,519.769,3.726515821446423,0.775,0.3575685339690107,3.290322580645161
2023-11-15 09:00:00,9,37,4,4,26,3,0,10,23,0,23,0,25.1,692.0,3.0,8.39,92.5,2.3529411764705883,509.129,6.865605772637953,0.925,1.1918951132300355,3.2432432432432434
2023-11-15 10:00:00,10,36,4,6,24,2,0,7,21,1,22,1,26.016666666666666,704.0,4.0,12.09,90.0,1.6666666666666667,499.6223068017366,4.929969671905156,0.9,0.5789909015715468,3.333333333333333
2023-11-15 11:00:00,11,29,4,6,17,2,0,7,15,2,17,2,24.65,662.0,4.0,12.09,72.5,1.076086956521739,410.7676136034733,4.451555146744246,0.725,0.5789909015715468,3.413793103448276
2023-11-15 12:00:00,12,25,3,5,13,4,0,6,11,2,13,2,25.65,337.0,4.0,12.09,62.5,0.7592592592592593,354.22761360347323,3.677791563275434,0.625,0.4962779156327543,3.28
2023-11-15 13:00:00,13,24,4,6,12,1,1,8,9,2,11,2,23.166666666666668,287.0,4.0,12.09,60.0,0.7155172413793104,311.27661360347327,4.363392610973257,0.6,0.6617038875103392,3.458333333333333
2023-11-15 14:00:00,14,27,2,8,16,0,1,9,8,3,11,3,24.166666666666668,201.0,4.0,12.09,67.5,0.7844827586206896,324.21992040520985,4.783960573476703,0.675,0.7444168734491315,3.3703703703703702
2023-11-15 15:00:00,15,20,1,6,11,1,1,7,4,3,7,3,5.966666666666667,146.0,4.0,12.09,50.0,0.4924242424242424,152.9569204052098,3.5067204301075274,0.5,0.5789909015715468,3.25
2023-11-15 16:00:00,16,19,1,4,12,1,1,6,4,1,5,1,6.966666666666667,146.0,4.0,12.09,47.5,0.4285714285714285,127.91530680173662,3.067193417787645,0.475,0.4962779156327543,3.1578947368421053
2023-11-15 17:00:00,17,17,1,4,10,2,0,3,5,1,6,1,7.966666666666667,199.5,4.0,12.09,42.5,0.4044117647058823,142.66530680173662,2.1778025105823966,0.425,0.2481389578163771,3.235294117647059
2023-11-15 18:00:00,18,20,1,4,13,2,0,10,6,0,6,0,5.816666666666666,188.0,4.0,12.09,50.0,0.4705882352941176,136.106,4.246815550041357,0.5,0.8271298593879239,3.2
2023-11-15 19:00:00,19,23,1,4,15,3,0,9,9,0,9,0,6.816666666666666,162.0,4.0,12.09,57.49999999999999,0.5806451612903226,188.381,4.130348473405977,0.575,0.7444168734491315,3.130434782608696
2023-11-15 20:00:00,20,20,1,4,10,5,0,8,7,0,7,0,7.816666666666666,222.0,4.0,10.2,50.0,0.4621212121212121,160.786,3.9171568627450974,0.5,0.7843137254901962,3.05
2023-11-15 21:00:00,21,17,0,4,11,2,0,5,7,0,7,0,8.816666666666666,133.0,4.0,10.2,42.5,0.4015151515151515,159.991,2.853258362168397,0.425,0.4901960784313726,3.117647058823529
2023-11-15 22:00:00,22,12,0,2,9,1,0,3,5,0,5,0,8.433333333333334,193.0,3.0,6.5,30.0,0.3523809523809524,120.304,2.348076923076923,0.3,0.4615384615384615,3.083333333333333
2023-11-15 23:00:00,23,17,0,3,13,1,0,7,7,0,7,0,9.433333333333334,242.0,3.0,6.5,42.5,0.5353535353535354,163.469,4.682466063348416,0.425,1.0769230769230769,3.117647058823529
2023-11-16 00:00:00,0,20,0,4,14,2,0,10,6,1,7,1,7.7,200.0,3.0,6.5,50.0,0.6262626262626263,160.9963068017366,6.319230769230769,0.5,1.5384615384615383,3.1
2023-11-16 01:00:00,1,17,0,4,11,2,0,2,6,1,7,1,8.7,260.0,3.0,6.5,42.5,0.5353535353535354,160.2013068017366,2.284276018099548,0.425,0.3076923076923077,3.117647058823529
2023-11-16 02:00:00,2,16,0,4,10,2,0,1,7,1,8,1,9.7,278.5,3.0,6.5,40.0,0.5208333333333334,177.09630680173663,1.7307692307692308,0.4,0.1538461538461538,3.125
2023-11-16 03:00:00,3,19,0,4,11,4,0,6,7,1,8,1,10.7,338.5,3.0,6.5,47.5,0.59375,189.1713068017366,4.194230769230769,0.475,0.9230769230769232,3.0
2023-11-16 04:00:00,4,16,0,3,11,2,0,0,7,0,7,0,11.7,440.0,3.0,6.5,40.0,0.494949494949495,174.108,1.225,0.4,0.0,3.0625
2023-11-16 05:00:00,5,18,0,3,13,2,0,3,8,0,8,0,12.7,458.5,3.0,6.5,45.0,0.5729166666666666,197.438,2.7852564102564106,0.45,0.4615384615384615,3.055555555555556
2023-11-16 06:00:00,6,21,0,4,15,2,0,5,9,1,10,1,13.7,474.0,3.0,6.5,52.5,0.7222222222222222,237.18130680173655,4.005952380952381,0.525,0.7692307692307693,3.095238095238096
2023-11-16 07:00:00,7,20,0,4,14,2,0,2,8,1,9,1,14.7,537.0,3.0,6.5,50.0,0.6666666666666666,227.2763068017366,2.503846153846154,0.5,0.3076923076923077,3.1
2023-11-16 08:00:00,8,21,0,3,16,2,0,3,9,1,10,1,15.7,594.0,3.0,7.19,52.5,0.7111111111111111,248.4613068017366,2.8716073912179616,0.525,0.4172461752433936,3.0476190476190474
2023-11-16 09:00:00,9,23,1,3,15,4,0,7,8,1,9,1,16.7,651.0,3.0,7.19,57.49999999999999,0.7526881720430108,244.99130680173664,4.713052548829897,0.575,0.9735744089012518,3.0434782608695654
2023-11-16 10:00:00,10,25,1,2,20,2,0,8,9,1,10,1,16.283333333333335,331.5,4.0,10.44,62.5,0.6416666666666667,260.3313068017366,4.285153256704981,0.625,0.7662835249042146,3.08
2023-11-16 11:00:00,11,27,1,3,22,1,0,12,8,1,9,1,17.283333333333335,121.0,4.0,10.44,67.5,0.6854838709677419,256.86130680173665,5.743561089825459,0.675,1.149425287356322,3.1481481481481484
2023-11-16 12:00:00,12,22,1,2,18,1,0,8,6,1,7,1,18.28333333333333,99.0,4.0,10.44,55.00000000000001,0.5227272727272727,224.9763068017366,4.128343782654127,0.55,0.7662835249042146,3.136363636363636
2023-11-16 13:00:00,13,27,1,2,23,1,0,10,7,1,8,1,19.28333333333333,126.0,4.0,10.44,67.5,0.65625,254.74130680173664,5.079991485738613,0.675,0.9578544061302684,3.111111111111111
2023-11-16 14:00:00,14,27,1,1,24,1,0,8,9,1,10,1,20.28333333333333,143.5,4.0,10.44,67.5,0.6916666666666667,287.1813068017366,4.4306123172981415,0.675,0.7662835249042146,3.074074074074074
2023-11-16 15:00:00,15,32,3,2,26,1,0,12,14,1,15,1,21.28333333333333,107.0,4.0,10.44,80.0,1.03,370.5463068017366,6.2747126436781615,0.8,1.149425287356322,3.21875
2023-11-16 16:00:00,16,29,3,3,23,0,0,6,13,0,13,0,22.28333333333333,114.0,4.0,10.44,72.5,0.8888888888888888,342.083,4.3024970273483945,0.725,0.574712643678161,3.310344827586207
2023-11-16 17:00:00,17,33,3,4,26,0,0,4,15,0,15,0,23.28333333333333,156.0,4.0,10.44,82.5,1.09,383.103,3.990528851735748,0.825,0.3831417624521073,3.303030303030303
2023-11-16 18:00:00,18,28,3,6,19,0,0,4,16,0,16,0,12.316666666666666,209.5,4.0,10.44,70.0,1.0,323.926,3.713628899835796,0.7,0.3831417624521073,3.4285714285714284
2023-11-16 19:00:00,19,28,3,6,18,1,0,6,18,1,19,1,13.316666666666666,260.0,4.0,10.44,70.0,1.130952380952381,370.6343068017366,4.32491789819376,0.7,0.574712643678161,3.392857142857143
2023-11-16 20:00:00,20,33,2,6,23,1,1,13,15,2,17,2,11.2,272.0,4.0,10.52,82.5,1.1521739130434785,343.48961360347323,6.61935130775435,0.825,1.2357414448669202,3.212121212121212
2023-11-16 21:00:00,21,28,2,5,20,1,0,4,17,1,18,1,12.2,302.5,4.0,10.52,70.0,1.0454545454545454,350.93630680173663,3.5493210211841384,0.7,0.3802281368821293,3.2857142857142856
2023-11-16 22:00:00,22,38,2,6,28,2,0,17,19,2,21,2,13.2,314.0,3.0,7.27,95.0,2.1403508771929824,419.0946136034733,10.557420545862596,0.95,2.33837689133425,3.210526315789474
2023-11-16 23:00:00,23,34,2,6,25,1,0,10,20,1,21,1,14.2,339.0,3.0,7.27,85.0,1.947368421052632,415.2863068017366,7.265654583704183,0.85,1.375515818431912,3.264705882352941
2023-11-17 00:00:00,0,30,2,6,21,1,0,5,20,1,21,1,15.2,399.0,3.0,7.27,75.0,1.736842105263158,412.3463068017367,4.744601100412655,0.75,0.687757909215956,3.3
2023-11-17 01:00:00,1,34,3,8,21,2,0,7,22,1,23,1,16.2,382.0,3.0,7.27,85.0,2.235294117647059,453.3663068017366,6.0784165385549,0.85,0.9628610729023384,3.3529411764705883
2023-11-17 02:00:00,2,35,3,9,22,1,0,4,25,1,26,1,17.2,393.0,3.0,7.27,87.5,2.833333333333333,501.3513068017367,4.8457015130674,0.875,0.5502063273727649,3.4
2023-11-17 03:00:00,3,38,3,8,26,1,0,5,26,1,27,1,18.2,409.0,3.0,7.27,95.0,3.2564102564102564,526.8263068017366,5.473559328169116,0.95,0.687757909215956,3.3421052631578947
2023-11-17 04:00:00,4,36,3,8,24,1,0,4,27,1,28,1,19.2,420.5,3.0,7.27,90.0,3.361111111111111,541.5763068017366,4.874304600336238,0.9,0.5502063273727649,3.361111111111111
2023-11-17 05:00:00,5,37,3,8,25,1,0,1,27,1,28,1,20.2,480.5,3.0,7.27,92.5,3.4444444444444446,549.3613068017365,3.560983679690694,0.925,0.1375515818431912,3.3513513513513518
2023-11-17 06:00:00,6,34,3,8,22,1,0,1,26,1,27,1,21.2,548.0,3.0,7.27,85.0,2.948717948717949,535.1663068017366,3.3402479974107937,0.85,0.1375515818431912,3.3823529411764706
2023-11-17 07:00:00,7,39,3,8,27,1,0,6,27,1,28,1,22.2,600.5,3.0,7.27,97.5,3.611111111111111,564.9313068017366,6.001031636863824,0.975,0.8253094910591472,3.333333333333333
2023-11-17 08:00:00,8,38,3,8,26,1,0,3,28,1,29,1,23.2,653.0,3.0,6.4,95.0,3.8484848484848486,581.8263068017366,4.741611842105263,0.95,0.46875,3.3421052631578947
2023-11-17 09:00:00,9,37,2,10,25,0,0,6,23,1,24,1,24.2,711.5,3.0,6.4,92.5,2.6041666666666665,518.3213068017367,6.29222972972973,0.925,0.9375,3.3783783783783785
2023-11-17 10:00:00,10,35,2,9,24,0,0,3,21,1,22,1,25.2,780.5,4.0,9.65,87.5,1.6388888888888888,492.87130680173664,3.9981125092524055,0.875,0.310880829015544,3.3714285714285714
2023-11-17 11:00:00,11,31,3,6,22,0,0,5,17,1,18,1,26.2,813.0,4.0,9.65,77.5,1.193181818181818,436.3313068017367,4.379972421861942,0.775,0.5181347150259067,3.3870967741935485
2023-11-17 12:00:00,12,31,2,6,23,0,0,12,15,4,19,4,27.2,530.0,4.0,9.65,77.5,1.2261904761904765,457.9762272069464,6.706706501754972,0.775,1.243523316062176,3.3225806451612905
2023-11-17 13:00:00,13,35,1,8,24,2,0,11,14,4,18,4,20.23333333333333,210.5,4.0,9.65,87.5,1.2840909090909092,413.86422720694645,6.505236861584012,0.875,1.1398963730569949,3.2285714285714286
2023-11-17 14:00:00,14,37,1,8,26,2,0,6,14,5,19,5,21.23333333333333,232.0,4.0,9.65,92.5,1.4166666666666667,438.0625340086831,4.974719927181067,0.925,0.6217616580310881,3.216216216216216
2023-11-17 15:00:00,15,30,0,6,23,1,0,7,8,4,12,4,22.23333333333333,223.0,4.0,9.65,75.0,0.8482142857142857,334.0192272069465,4.672063903281519,0.75,0.7253886010362695,3.1666666666666665
2023-11-17 16:00:00,16,31,0,8,23,0,0,8,9,3,12,3,18.883333333333333,197.5,4.0,9.65,77.5,0.9017857142857144,316.40192040520986,5.225986127360856,0.775,0.8290155440414507,3.2580645161290325
2023-11-17 17:00:00,17,28,0,8,18,2,0,7,10,3,13,3,19.883333333333333,213.0,4.0,9.65,70.0,0.8333333333333334,329.0069204052098,4.581606217616581,0.7,0.7253886010362695,3.2142857142857144
2023-11-17 18:00:00,18,33,0,6,24,2,1,12,12,2,14,2,20.883333333333333,194.0,4.0,9.65,82.5,0.971153846153846,357.9036136034732,6.330934997644842,0.825,1.243523316062176,3.060606060606061
2023-11-17 19:00:00,19,35,0,6,29,0,0,12,13,2,15,2,21.883333333333333,229.0,4.0,9.65,87.5,1.11,381.23361360347326,6.718745373797187,0.875,1.243523316062176,3.1714285714285717
2023-11-17 20:00:00,20,32,0,4,27,1,0,8,10,3,13,3,22.883333333333333,298.0,4.0,9.83,80.0,0.9166666666666666,354.5069204052098,4.992802644964395,0.8,0.8138351983723296,3.09375
2023-11-17 21:00:00,21,31,0,6,25,0,0,12,12,2,14,2,23.883333333333333,159.0,4.0,9.83,77.5,0.9519230769230768,370.5336136034732,6.373533127686804,0.775,1.2207527975584944,3.193548387096774
2023-11-17 22:00:00,22,33,0,3,29,1,0,13,11,1,12,1,10.8,190.0,3.0,6.58,82.5,1.2023809523809523,273.3653068017366,8.571790089343281,0.825,1.975683890577508,3.060606060606061
2023-11-17 23:00:00,23,27,0,3,23,1,0,9,12,1,13,1,11.8,178.0,3.0,6.58,67.5,1.0246913580246917,279.5353068017366,6.279660587639311,0.675,1.3677811550151977,3.074074074074074
2023-11-18 00:00:00,0,32,0,3,25,4,0,13,11,2,13,2,12.8,238.0,3.0,6.58,80.0,1.1728395061728396,296.7686136034732,8.240311550151976,0.8,1.975683890577508,2.96875
2023-11-18 01:00:00,1,28,0,4,22,2,0,6,11,2,13,2,13.8,298.0,3.0,6.58,70.0,1.0617283950617284,293.82861360347323,4.9506947459835,0.7,0.9118541033434652,3.071428571428572
2023-11-18 02:00:00,2,21,1,3,17,0,0,2,12,0,12,0,14.633333333333333,355.5,3.0,6.58,52.5,0.8095238095238095,268.377,2.684223476624693,0.525,0.303951367781155,3.238095238095238
2023-11-18 03:00:00,3,17,1,2,14,0,0,1,13,0,13,0,15.633333333333333,413.0,3.0,6.58,42.5,0.6790123456790124,278.837,1.8666860361165745,0.425,0.1519756838905775,3.235294117647059
2023-11-18 04:00:00,4,19,2,2,15,0,0,2,13,1,14,1,16.633333333333333,454.5,3.0,6.58,47.5,0.8076923076923077,303.0353068017366,2.582838745800672,0.475,0.303951367781155,3.3157894736842106
2023-11-18 05:00:00,5,21,2,2,17,0,0,5,15,1,16,1,17.633333333333333,489.0,3.0,6.58,52.5,0.9583333333333334,339.76530680173664,4.221743378202344,0.525,0.7598784194528875,3.2857142857142856
2023-11-18 06:00:00,6,19,1,2,16,0,0,3,13,0,13,0,16.316666666666666,556.0,3.0,6.58,47.5,0.7530864197530864,286.981,2.9887657974724045,0.475,0.4559270516717325,3.210526315789474
2023-11-18 07:00:00,7,22,1,2,18,1,0,3,14,0,14,0,17.316666666666666,609.0,3.0,6.58,55.00000000000001,0.8846153846153846,312.456,3.154953025697706,0.55,0.4559270516717325,3.136363636363636
2023-11-18 08:00:00,8,30,1,2,25,2,0,10,16,1,17,1,18.316666666666663,592.0,3.0,6.37,75.0,1.3333333333333333,376.3243068017366,7.114233385661958,0.75,1.5698587127158556,3.066666666666667
2023-11-18 09:00:00,9,22,1,2,17,2,0,3,13,1,14,1,19.316666666666663,539.0,3.0,6.37,55.00000000000001,0.8717948717948718,324.6043068017366,3.155687169972884,0.55,0.4709576138147566,3.090909090909091
2023-11-18 10:00:00,10,24,0,2,19,3,0,9,11,1,12,1,20.316666666666663,168.5,4.0,10.07,60.0,0.6339285714285714,307.73430680173664,4.418992055610725,0.6,0.8937437934458788,2.958333333333333
2023-11-18 11:00:00,11,27,0,3,21,3,0,11,10,0,10,0,21.316666666666663,211.5,4.0,10.07,67.5,0.675,292.141,5.3020605759682224,0.675,1.0923535253227408,3.0
2023-11-18 12:00:00,12,29,0,4,24,1,0,16,9,1,10,1,22.316666666666663,87.0,4.0,10.07,72.5,0.75,302.9393068017366,7.1810002397014,0.725,1.5888778550148956,3.103448275862069
2023-11-18 13:00:00,13,29,0,3,25,1,0,9,8,1,9,1,23.316666666666663,86.0,4.0,10.07,72.5,0.717741935483871,295.17930680173663,4.967868883333904,0.725,0.8937437934458788,3.0689655172413794
2023-11-18 14:00:00,14,27,0,5,21,1,0,10,8,1,9,1,24.316666666666663,136.0,4.0,10.07,67.5,0.6854838709677419,296.52930680173665,5.251264298061717,0.675,0.9930486593843098,3.1481481481481484
2023-11-18 15:00:00,15,26,0,4,20,2,0,10,8,0,8,0,25.316666666666663,92.5,4.0,10.07,65.0,0.625,285.756,5.055534336567107,0.65,0.9930486593843098,3.076923076923077
2023-11-18 16:00:00,16,30,0,6,21,3,0,13,9,0,9,0,26.316666666666663,62.0,4.0,10.07,75.0,0.75,313.376,6.326986097318768,0.75,1.2909632571996028,3.1
2023-11-18 17:00:00,17,25,0,6,17,1,1,8,10,1,11,1,27.316666666666663,97.0,4.0,10.07,62.5,0.6724137931034483,335.9593068017366,4.428649453823237,0.625,0.7944389275074478,3.12
2023-11-18 18:00:00,18,25,1,7,15,1,1,8,9,1,10,1,28.316666666666663,145.5,4.0,10.07,62.5,0.675,328.1993068017366,4.598982125124131,0.625,0.7944389275074478,3.24
2023-11-18 19:00:00,19,16,1,3,8,2,2,8,8,0,8,0,29.316666666666663,169.0,4.0,10.07,40.0,0.3671875,286.866,3.508664349553128,0.4,0.7944389275074478,2.9375
2023-11-18 20:00:00,20,15,1,1,7,4,2,9,5,0,5,0,30.316666666666663,132.0,4.0,10.89,37.5,0.2857142857142857,250.161,3.2038567493112944,0.375,0.8264462809917354,2.6666666666666665
2023-11-18 21:00:00,21,16,1,2,11,1,1,10,6,0,6,0,31.316666666666663,88.0,4.0,10.89,40.0,0.3602941176470588,271.346,4.037213039485767,0.4,0.9182736455463728,3.0625
2023-11-18 22:00:00,22,19,1,2,14,1,1,7,6,0,6,0,32.31666666666667,82.5,3.0,7.19,47.5,0.5686274509803921,283.42100000000005,4.421963985066979,0.475,0.9735744089012518,3.0526315789473686
2023-11-18 23:00:00,23,19,0,2,15,1,1,8,9,0,9,0,33.31666666666667,117.0,3.0,7.19,47.5,0.6021505376344086,329.261,4.6794085352463215,0.475,1.1126564673157164,2.9473684210526314
2023-11-19 00:00:00,0,24,0,3,18,1,2,9,9,1,10,1,34.31666666666667,140.0,3.0,7.19,60.0,0.7777777777777778,359.89430680173666,5.400904033379693,0.6,1.251738525730181,2.9166666666666665
2023-11-19 01:00:00,1,20,0,2,14,2,2,5,10,0,10,0,35.31666666666667,200.0,3.0,7.19,50.0,0.6222222222222222,356.086,3.3471488178025037,0.5,0.6954102920723227,2.8
2023-11-19 02:00:00,2,20,0,1,14,3,2,4,11,0,11,0,36.31666666666667,223.0,3.0,7.19,50.0,0.6206896551724138,375.126,2.852086230876217,0.5,0.5563282336578582,2.7
2023-11-19 03:00:00,3,17,0,1,12,3,1,1,10,0,10,0,37.31666666666667,320.0,3.0,7.19,42.5,0.5222222222222223,360.931,1.5595209850282254,0.425,0.1390820584144645,2.764705882352941
2023-11-19 04:00:00,4,18,0,1,14,2,1,4,10,1,11,1,38.31666666666667,343.0,3.0,7.19,45.0,0.5862068965517241,382.9843068017366,2.8512633286972653,0.45,0.5563282336578582,2.833333333333333
2023-11-19 05:00:00,5,20,0,1,16,2,1,3,11,1,12,1,39.31666666666667,394.0,3.0,7.19,50.0,0.6785714285714286,406.3143068017366,2.614151599443672,0.5,0.4172461752433936,2.85
2023-11-19 06:00:00,6,20,0,1,17,1,1,1,11,1,12,1,40.31666666666667,454.0,3.0,7.19,50.0,0.6904761904761905,411.9543068017366,1.8533379694019472,0.5,0.1390820584144645,2.9
2023-11-19 07:00:00,7,20,0,1,17,1,1,2,10,1,11,1,41.31666666666667,523.0,3.0,7.19,50.0,0.6666666666666666,404.1943068017366,2.256675938803894,0.5,0.2781641168289291,2.9
2023-11-19 08:00:00,8,25,0,2,20,2,1,6,12,1,13,1,42.31666666666667,565.0,3.0,8.32,62.5,0.9012345679012346,447.35930680173664,3.930769230769231,0.625,0.7211538461538461,2.92
2023-11-19 09:00:00,9,29,0,4,22,3,0,11,10,1,11,1,43.31666666666667,625.0,3.0,8.32,72.5,1.011494252873563,434.7793068017367,6.211936339522547,0.725,1.3221153846153846,3.034482758620689
2023-11-19 10:00:00,10,28,0,4,21,3,0,9,11,1,12,1,44.31666666666667,511.5,4.0,11.65,70.0,0.7589285714285714,451.67430680173663,4.470187001839362,0.7,0.7725321888412017,3.0357142857142856
2023-11-19 11:00:00,11,26,0,2,21,3,0,7,8,1,9,1,45.31666666666667,213.0,4.0,11.65,65.0,0.6209677419354839,412.8243068017366,3.70446517002311,0.65,0.6008583690987124,2.9615384615384617
2023-11-19 12:00:00,12,25,0,4,16,5,0,12,9,0,9,0,46.31666666666667,138.0,4.0,11.65,62.5,0.5967741935483871,415.451,4.898927038626609,0.625,1.0300429184549356,2.96
2023-11-19 13:00:00,13,21,0,3,15,3,0,7,8,1,9,1,47.31666666666667,198.0,4.0,11.65,52.5,0.5080645161290323,413.3793068017366,3.377575107296137,0.525,0.6008583690987124,3.0
2023-11-19 14:00:00,14,30,0,3,23,4,0,15,12,1,13,1,48.31666666666667,129.0,4.0,11.65,75.0,0.8240740740740741,491.92430680173663,6.044742489270387,0.75,1.2875536480686696,2.966666666666667
2023-11-19 15:00:00,15,36,0,3,29,4,0,13,11,1,12,1,49.31666666666667,172.0,4.0,11.65,90.0,0.9553571428571428,497.0343068017367,5.991642823080591,0.9,1.1158798283261802,2.9722222222222223
2023-11-19 16:00:00,16,41,0,5,31,5,0,19,10,1,11,1,50.31666666666667,205.0,4.0,11.65,102.5,1.0603448275862069,499.99930680173657,7.967703862660943,1.025,1.630901287553648,3.0
2023-11-19 17:00:00,17,32,0,4,25,3,0,13,11,1,12,1,51.31666666666667,251.0,4.0,11.65,80.0,0.8660714285714286,499.7343068017366,5.807510729613734,0.8,1.1158798283261802,3.03125
2023-11-19 18:00:00,18,27,0,5,18,4,0,6,12,0,12,0,52.31666666666667,288.0,4.0,11.65,67.5,0.7321428571428571,493.781,3.61413924654268,0.675,0.5150214592274678,3.037037037037037
2023-11-19 19:00:00,19,28,0,4,21,3,0,15,11,0,11,0,53.31666666666667,329.0,4.0,11.65,70.0,0.7327586206896551,488.16600000000005,6.033645003065604,0.7,1.2875536480686696,3.0357142857142856
2023-11-19 20:00:00,20,37,0,6,25,6,0,20,11,1,12,1,54.31666666666667,319.5,4.0,10.66,92.5,0.9910714285714286,527.3793068017367,8.403517823639776,0.925,1.876172607879925,3.0
2023-11-19 21:00:00,21,34,1,6,22,5,0,13,12,1,13,1,55.31666666666667,310.0,4.0,10.66,85.0,0.9722222222222222,539.9843068017366,6.391140602582496,0.85,1.2195121951219512,3.088235294117647
2023-11-19 22:00:00,22,24,1,6,16,1,0,10,12,1,13,1,56.31666666666667,370.0,3.0,7.33,60.0,0.9753086419753086,524.1743068017366,6.465677580718507,0.6,1.364256480218281,3.2916666666666665
2023-11-19 23:00:00,23,23,1,6,13,3,0,13,9,1,10,1,57.31666666666667,349.0,3.0,7.33,57.49999999999999,0.8222222222222222,487.4693068017366,7.55615101726081,0.575,1.7735334242837653,3.217391304347826
2023-11-20 00:00:00,0,25,1,7,14,3,0,8,9,1,10,1,58.31666666666667,409.0,3.0,7.33,62.5,0.9,497.3993068017367,5.561152796725785,0.625,1.0914051841746248,3.24
2023-11-20 01:00:00,1,21,2,6,12,1,0,6,10,2,12,2,59.31666666666667,371.5,3.0,7.33,52.5,0.8571428571428571,522.1276136034733,4.606470473591893,0.525,0.8185538881309686,3.4285714285714284
2023-11-20 02:00:00,2,27,3,5,16,3,0,8,11,2,13,2,60.31666666666667,415.0,3.0,7.33,67.5,1.0987654320987654,554.0376136034732,5.822594866353393,0.675,1.0914051841746248,3.2962962962962963
2023-11-20 03:00:00,3,24,1,5,16,2,0,4,11,0,11,0,61.31666666666667,508.0,3.0,7.33,60.0,0.8850574712643678,524.706,3.675795816280128,0.6,0.5457025920873124,3.208333333333333
2023-11-20 04:00:00,4,25,1,6,16,2,0,4,12,0,12,0,62.31666666666667,530.5,3.0,7.33,62.5,0.9642857142857144,545.8910000000001,3.793076398362893,0.625,0.5457025920873124,3.24
2023-11-20 05:00:00,5,22,1,6,13,2,0,1,12,0,12,0,63.31666666666667,590.5,3.0,7.33,55.00000000000001,0.8571428571428571,545.096,2.2464839389805284,0.55,0.1364256480218281,3.272727272727273
2023-11-20 06:00:00,6,28,1,6,19,2,0,10,13,0,13,0,64.31666666666666,613.0,3.0,7.33,70.0,1.1111111111111112,577.006,6.635110114987332,0.7,1.364256480218281,3.2142857142857144
2023-11-20 07:00:00,7,23,1,6,15,1,0,1,13,0,13,0,65.31666666666666,673.0,3.0,7.33,57.49999999999999,0.9382716049382716,571.921,2.350797793463432,0.575,0.1364256480218281,3.3043478260869565
2023-11-20 08:00:00,8,27,1,7,17,2,0,9,14,0,14,0,66.31666666666666,709.0,3.0,6.699999999999999,67.5,1.1282051282051282,599.5409999999999,6.578109452736318,0.675,1.3432835820895523,3.259259259259259
2023-11-20 09:00:00,9,27,1,7,18,1,0,6,13,0,13,0,67.31666666666666,745.0,3.0,6.699999999999999,67.5,1.0987654320987654,591.781,5.1769071310116095,0.675,0.8955223880597016,3.2962962962962963
2023-11-20 10:00:00,10,30,3,7,19,1,0,6,13,1,14,1,68.31666666666666,678.5,4.0,9.96,75.0,0.9807692307692308,618.1243068017366,4.598192771084337,0.75,0.6024096385542169,3.4
2023-11-20 11:00:00,11,29,2,9,16,2,0,8,14,0,14,0,69.31666666666666,538.0,4.0,9.96,72.5,0.9423076923076924,620.751,5.164305497853484,0.725,0.8032128514056226,3.3793103448275863
2023-11-20 12:00:00,12,25,2,8,13,2,0,2,14,0,14,0,70.31666666666666,377.5,4.0,9.96,62.5,0.8173076923076923,617.8109999999999,2.807730923694779,0.625,0.2008032128514056,3.4
2023-11-20 13:00:00,13,28,3,8,15,2,0,6,15,1,16,1,71.31666666666666,243.5,4.0,9.96,70.0,1.0,657.5543068017366,4.465404475043029,0.7,0.6024096385542169,3.4285714285714284
2023-11-20 14:00:00,14,25,3,8,13,1,0,7,11,2,13,2,18.216666666666665,227.0,4.0,9.96,62.5,0.8148148148148148,312.3036136034732,4.673895582329318,0.625,0.7028112449799198,3.52
2023-11-20 15:00:00,15,26,1,7,17,1,0,9,10,1,11,1,19.216666666666665,164.0,4.0,9.96,65.0,0.7413793103448276,292.4203068017366,5.13887859128823,0.65,0.9036144578313254,3.3076923076923075
2023-11-20 16:00:00,16,26,1,7,17,1,0,10,10,1,11,1,19.066666666666663,131.0,4.0,9.96,65.0,0.7413793103448276,291.5743068017366,5.470976212542477,0.65,1.0040160642570282,3.3076923076923075
2023-11-20 17:00:00,17,26,0,7,18,1,0,7,12,1,13,1,20.066666666666663,184.0,4.0,9.96,65.0,0.7777777777777778,324.0143068017366,4.370620945319741,0.65,0.7028112449799198,3.230769230769231
2023-11-20 18:00:00,18,21,0,7,14,0,0,6,11,1,12,1,21.066666666666663,239.5,4.0,9.96,52.5,0.625,305.5293068017366,3.7580321285140568,0.525,0.6024096385542169,3.333333333333333
2023-11-20 19:00:00,19,29,0,9,19,1,0,10,12,3,15,3,22.066666666666663,272.0,4.0,9.96,72.5,0.95,370.2659204052098,5.664018141531645,0.725,1.0040160642570282,3.2758620689655173
2023-11-20 20:00:00,20,21,0,6,14,1,0,9,7,2,9,2,23.066666666666663,182.0,4.0,10.04,52.5,0.5483870967741935,277.47761360347323,4.602675014228799,0.525,0.8964143426294822,3.238095238095238
2023-11-20 21:00:00,21,32,0,6,22,4,0,16,10,1,11,1,24.066666666666663,159.0,4.0,10.04,80.0,0.8448275862068966,332.6443068017366,7.330478087649403,0.8,1.5936254980079685,3.0625
2023-11-20 22:00:00,22,28,0,7,18,2,1,7,11,1,12,1,25.066666666666663,205.5,3.0,6.779999999999999,70.0,1.0357142857142858,343.1043068017366,5.382964601769912,0.7,1.032448377581121,3.107142857142857
2023-11-20 23:00:00,23,27,0,8,16,3,0,11,11,2,13,2,26.066666666666663,173.0,3.0,6.779999999999999,67.5,1.0617283950617284,360.8676136034733,7.317704577734077,0.675,1.6224188790560474,3.185185185185185
2023-11-21 00:00:00,0,20,1,7,11,1,0,6,11,1,12,1,27.066666666666663,208.0,3.0,6.779999999999999,50.0,0.8095238095238095,337.2243068017366,4.708849557522124,0.5,0.8849557522123894,3.4
2023-11-21 01:00:00,1,20,1,7,11,1,0,4,12,2,14,2,28.066666666666663,238.5,3.0,6.779999999999999,50.0,0.8717948717948718,370.5326136034733,3.705899705014749,0.5,0.5899705014749264,3.4
2023-11-21 02:00:00,2,20,1,7,10,2,0,4,12,1,13,1,29.066666666666663,303.0,3.0,6.779999999999999,50.0,0.8271604938271605,361.9043068017366,3.6514011799410033,0.5,0.5899705014749264,3.35
2023-11-21 03:00:00,3,17,1,4,10,2,0,2,11,0,11,0,30.066666666666663,363.0,3.0,6.779999999999999,42.5,0.632183908045977,333.44100000000003,2.329364046503557,0.425,0.2949852507374632,3.235294117647059
2023-11-21 04:00:00,4,20,1,5,13,1,0,5,11,0,11,0,31.066666666666663,423.0,3.0,6.779999999999999,50.0,0.7586206896551724,345.516,4.08362831858407,0.5,0.7374631268436579,3.3
2023-11-21 05:00:00,5,21,1,5,14,1,0,4,13,0,13,0,32.06666666666667,474.0,3.0,6.779999999999999,52.5,0.8518518518518519,380.101,3.663474504846187,0.525,0.5899705014749264,3.2857142857142856
2023-11-21 06:00:00,6,19,1,5,12,1,0,0,13,0,13,0,33.06666666666667,534.0,3.0,6.779999999999999,47.5,0.7777777777777778,381.451,1.575,0.475,0.0,3.3157894736842106
2023-11-21 07:00:00,7,20,1,5,13,1,0,3,14,0,14,0,34.06666666666667,560.5,3.0,6.779999999999999,50.0,0.8461538461538461,402.636,3.110176991150442,0.5,0.4424778761061947,3.3
2023-11-21 08:00:00,8,19,1,5,12,1,0,5,12,1,13,1,35.06666666666667,587.0,3.0,6.74,47.5,0.7777777777777778,393.5993068017367,4.034784476026863,0.475,0.7418397626112759,3.3157894736842106
2023-11-21 09:00:00,9,22,1,4,16,1,0,9,12,1,13,1,17.566666666666666,561.0,3.0,6.74,55.00000000000001,0.8765432098765432,301.3343068017366,6.084414620987321,0.55,1.3353115727002969,3.227272727272727
2023-11-21 10:00:00,10,24,1,3,20,0,0,8,10,2,12,2,18.566666666666663,355.0,4.0,9.99,60.0,0.6875,298.7326136034732,4.494235902569235,0.6,0.8008008008008007,3.208333333333333
2023-11-21 11:00:00,11,30,1,4,24,1,0,13,13,3,16,3,12.783333333333331,90.0,4.0,9.99,75.0,0.9895833333333334,333.45292040520985,6.495787454120787,0.75,1.3013013013013013,3.1666666666666665
2023-11-21 12:00:00,12,30,2,4,23,1,0,8,15,3,18,3,13.783333333333331,112.0,4.0,9.99,75.0,1.1022727272727273,365.89292040520985,5.014255922589256,0.75,0.8008008008008007,3.2333333333333334
2023-11-21 13:00:00,13,30,2,5,23,0,0,7,18,3,21,3,14.783333333333331,168.0,4.0,9.99,75.0,1.3026315789473684,411.7329204052099,4.787312312312312,0.75,0.7007007007007007,3.3
2023-11-21 14:00:00,14,39,0,6,33,0,0,16,19,2,21,2,15.783333333333331,198.0,4.0,9.99,97.5,1.618421052631579,435.8096136034733,8.126205051205051,0.975,1.6016016016016017,3.1538461538461537
2023-11-21 15:00:00,15,38,0,6,32,0,0,6,22,1,23,1,16.783333333333335,208.0,4.0,9.99,95.0,1.7647058823529411,465.2363068017366,4.896633475580844,0.95,0.6006006006006006,3.1578947368421053
2023-11-21 16:00:00,16,45,0,8,37,0,0,12,26,3,29,3,17.783333333333335,237.0,4.0,9.99,112.5,3.25,568.0279204052099,7.39215048381715,1.125,1.2012012012012012,3.1777777777777776
2023-11-21 17:00:00,17,42,0,9,32,1,0,5,27,3,30,3,18.78333333333333,273.0,4.0,9.99,105.0,3.35,580.6329204052098,4.946834930168264,1.05,0.5005005005005005,3.1904761904761907
2023-11-21 18:00:00,18,43,0,10,32,1,0,9,27,4,31,4,19.78333333333333,306.0,4.0,9.99,107.5,3.8333333333333335,602.6862272069465,6.341263356379635,1.075,0.9009009009009008,3.2093023255813957
2023-11-21 19:00:00,19,47,0,10,35,2,0,9,29,4,33,4,20.78333333333333,348.0,4.0,9.99,117.5,5.321428571428571,643.7062272069464,6.5810475368986,1.175,0.9009009009009008,3.1702127659574466
2023-11-21 20:00:00,20,50,0,10,38,2,0,7,28,4,32,4,21.78333333333333,402.0,4.0,10.43,125.0,4.9375,642.3812272069465,6.070805369127517,1.25,0.6711409395973155,3.16
2023-11-21 21:00:00,21,47,0,9,36,2,0,7,28,4,32,4,22.78333333333333,462.0,4.0,10.43,117.5,4.625,641.5862272069464,5.813379980008569,1.175,0.6711409395973155,3.148936170212766
2023-11-21 22:00:00,22,48,0,10,37,1,0,12,31,3,34,3,23.78333333333333,491.0,3.0,7.18,120.0,8.5,675.3029204052099,9.152298050139276,1.2,1.6713091922005572,3.1875
2023-11-21 23:00:00,23,52,0,9,40,3,0,17,33,2,35,2,24.78333333333333,526.0,3.0,7.18,130.0,10.8,702.0546136034733,11.426258838654384,1.3,2.367688022284123,3.1153846153846154
2023-11-22 00:00:00,0,46,0,10,34,2,0,9,34,1,35,1,25.78333333333333,586.0,3.0,7.18,115.0,9.733333333333333,693.9563068017366,7.628442533607848,1.15,1.2534818941504178,3.1739130434782608
2023-11-22 01:00:00,1,45,0,11,33,1,0,4,34,2,36,2,26.78333333333333,636.0,3.0,7.18,112.5,12.083333333333334,711.7196136034732,5.420109873104303,1.125,0.5571030640668524,3.2222222222222223
2023-11-22 02:00:00,2,44,0,11,31,2,0,3,34,2,36,2,27.78333333333333,696.0,3.0,7.18,110.0,11.75,715.2146136034733,4.863946568751583,1.1,0.4178272980501393,3.2045454545454546
2023-11-22 03:00:00,3,42,0,11,30,1,0,2,34,2,36,2,28.78333333333333,756.0,3.0,7.18,105.0,11.333333333333334,716.5646136034733,4.30197638944157,1.05,0.2785515320334262,3.238095238095238
2023-11-22 04:00:00,4,42,0,9,32,1,0,5,36,1,37,1,29.78333333333333,806.0,3.0,7.18,105.0,14.88888888888889,734.7363068017366,5.571780076933281,1.05,0.6963788300835655,3.1904761904761907
2023-11-22 05:00:00,5,43,0,9,33,1,0,2,37,1,38,1,30.78333333333333,846.5,3.0,7.18,107.5,22.83333333333333,755.9213068017366,4.312478136943707,1.075,0.2785515320334262,3.186046511627907
2023-11-22 06:00:00,6,43,0,9,32,2,0,3,37,1,38,1,31.78333333333333,906.5,3.0,7.18,107.5,22.666666666666668,761.5613068017367,4.721500291507417,1.075,0.4178272980501393,3.1627906976744184
2023-11-22 07:00:00,7,45,1,10,33,1,0,3,38,2,40,2,32.78333333333333,945.0,3.0,7.18,112.5,48.66666666666666,799.1596136034732,5.005617455896007,1.125,0.4178272980501393,3.2444444444444445
2023-11-22 08:00:00,8,49,1,11,35,2,0,5,38,3,41,3,33.78333333333333,1003.0,3.0,8.39,122.5,52.66666666666666,827.6479204052098,5.871626815207609,1.225,0.5959475566150179,3.224489795918368
2023-11-22 09:00:00,9,52,0,10,39,3,0,10,33,2,35,2,24.48333333333333,1028.0,3.0,8.39,130.0,10.866666666666667,700.3626136034733,7.811132758778765,1.3,1.1918951132300355,3.1346153846153846
2023-11-22 10:00:00,10,51,1,12,37,1,0,12,31,2,33,2,23.883333333333333,986.0,4.0,11.64,127.5,5.928571428571429,668.0336136034732,7.505569031736405,1.275,1.0309278350515465,3.2549019607843137
2023-11-22 11:00:00,11,47,1,13,32,1,0,12,27,2,29,2,24.85,919.0,4.0,11.64,117.5,3.522727272727273,611.3056136034733,7.274868392191269,1.175,1.0309278350515465,3.297872340425532
2023-11-22 12:00:00,12,49,2,13,32,2,0,15,30,1,31,1,25.85,791.0,4.0,11.64,122.5,4.5,647.1673068017366,8.31046707342731,1.225,1.2886597938144329,3.306122448979592
2023-11-22 13:00:00,13,48,2,13,32,1,0,10,28,1,29,1,25.133333333333333,499.0,4.0,11.64,120.0,3.636363636363636,614.1803068017366,6.86368843069874,1.2,0.8591065292096219,3.333333333333333
2023-11-22 14:00:00,14,42,2,16,24,0,0,9,27,1,28,1,26.133333333333333,246.5,4.0,11.64,105.0,3.0416666666666665,593.5503068017366,6.3377761413843885,1.05,0.7731958762886597,3.4761904761904763
2023-11-22 15:00:00,15,45,2,15,28,0,0,10,25,1,26,1,22.916666666666668,239.5,4.0,11.64,112.5,2.75,555.0433068017367,6.790053455517373,1.125,0.8591065292096219,3.422222222222222
2023-11-22 16:00:00,16,48,3,16,28,1,0,9,26,2,28,2,23.916666666666668,295.5,4.0,11.64,120.0,3.4375,594.7866136034731,6.782860824742268,1.2,0.7731958762886597,3.4375
2023-11-22 17:00:00,17,49,3,17,29,0,0,10,27,3,30,3,24.916666666666668,351.0,4.0,11.64,122.5,4.25,630.2399204052099,7.2305736727680765,1.225,0.8591065292096219,3.4693877551020407
2023-11-22 18:00:00,18,50,3,16,29,2,0,7,29,3,32,3,25.916666666666668,389.0,4.0,11.64,125.0,5.3125,664.8249204052098,6.2946735395189,1.25,0.6013745704467354,3.4
2023-11-22 19:00:00,19,53,3,16,32,1,1,7,27,3,30,3,26.916666666666668,413.0,4.0,11.64,132.5,4.45,650.0999204052098,6.469710821500357,1.325,0.6013745704467354,3.358490566037736
2023-11-22 20:00:00,20,49,3,17,28,0,1,8,25,3,28,3,27.916666666666668,452.5,4.0,9.75,122.5,3.5,620.3599204052098,7.013186813186814,1.225,0.8205128205128205,3.4285714285714284
2023-11-22 21:00:00,21,47,3,17,26,0,1,11,27,3,30,3,28.916666666666668,464.0,4.0,9.75,117.5,4.05,648.5099204052099,7.938707037643208,1.175,1.1282051282051282,3.4468085106382977
2023-11-22 22:00:00,22,41,2,16,22,0,1,6,26,2,28,2,29.916666666666668,524.0,3.0,6.5,102.5,3.9166666666666665,613.6116136034732,6.699484052532833,1.025,0.9230769230769232,3.4390243902439024
2023-11-22 23:00:00,23,48,2,16,25,4,1,12,27,1,28,1,30.916666666666668,584.0,3.0,6.5,120.0,4.388888888888889,633.3983068017366,10.026923076923076,1.2,1.8461538461538465,3.2916666666666665
2023-11-23 00:00:00,0,39,2,16,20,0,1,4,27,1,28,1,31.916666666666668,644.0,3.0,6.5,97.5,3.75,619.7333068017366,5.5051775147929,0.975,0.6153846153846154,3.4615384615384617
2023-11-23 01:00:00,1,40,2,16,18,2,2,5,27,1,28,1,32.916666666666664,704.0,3.0,6.5,100.0,3.7222222222222223,627.5183068017366,5.926923076923077,1.0,0.7692307692307693,3.35
2023-11-23 02:00:00,2,42,2,17,21,1,1,6,27,2,29,2,33.916666666666664,726.0,3.0,6.5,105.0,4.363636363636363,651.7166136034732,6.764835164835165,1.05,0.9230769230769232,3.4285714285714284
2023-11-23 03:00:00,3,42,2,17,21,1,1,3,27,2,29,2,34.916666666666664,786.0,3.0,6.5,105.0,4.363636363636363,657.3566136034732,5.182417582417582,1.05,0.4615384615384615,3.4285714285714284
2023-11-23 04:00:00,4,40,2,17,19,1,1,5,28,2,30,2,35.916666666666664,826.5,3.0,6.5,100.0,4.6,672.1066136034732,6.103846153846154,1.0,0.7692307692307693,3.45
2023-11-23 05:00:00,5,43,2,18,21,1,1,5,28,2,30,2,36.91666666666666,886.5,3.0,6.5,107.5,4.933333333333334,684.1816136034731,6.347584973166368,1.075,0.7692307692307693,3.441860465116279
2023-11-23 06:00:00,6,35,2,16,16,0,1,1,27,1,28,1,37.91666666666666,946.5,3.0,6.5,87.5,3.4166666666666665,644.9933068017365,3.61565934065934,0.875,0.1538461538461538,3.5142857142857142
2023-11-23 07:00:00,7,38,2,15,19,1,1,4,27,1,28,1,38.91666666666666,1006.5,3.0,6.5,95.0,3.611111111111111,657.0683068017365,5.355263157894737,0.95,0.6153846153846154,3.421052631578948
2023-11-23 08:00:00,8,39,2,15,20,1,1,3,27,1,28,1,39.91666666666666,1066.5,3.0,6.67,97.5,3.6944444444444446,664.8533068017366,4.858848460385192,0.975,0.4497751124437781,3.41025641025641
2023-11-23 09:00:00,9,40,2,16,22,0,0,9,25,1,26,1,39.65,1000.5,3.0,6.67,100.0,3.333333333333333,638.6943068017366,8.22263868065967,1.0,1.3493253373313343,3.5
2023-11-23 10:00:00,10,48,2,16,28,2,0,10,25,1,26,1,40.65,1060.5,4.0,11.65,120.0,2.892857142857143,661.4943068017366,6.946995708154506,1.2,0.8583690987124464,3.375
2023-11-23 11:00:00,11,41,2,16,22,1,0,7,24,1,25,1,41.43333333333333,1068.0,4.0,11.65,102.5,2.3666666666666667,637.4973068017366,5.631021668585784,1.025,0.6008583690987124,3.463414634146341
2023-11-23 12:00:00,12,45,3,17,23,2,0,14,27,0,27,0,37.18333333333333,946.0,4.0,11.65,112.5,3.0,648.039,8.065951359084407,1.125,1.2017167381974247,3.466666666666667
2023-11-23 13:00:00,13,51,3,18,27,3,0,14,31,0,31,0,38.18333333333333,858.0,4.0,11.65,127.5,4.833333333333333,720.149,8.449974753850038,1.275,1.2017167381974247,3.411764705882353
2023-11-23 14:00:00,14,50,2,19,27,2,0,8,29,0,29,0,39.18333333333333,918.0,4.0,11.65,125.0,3.886363636363636,696.844,6.623497854077254,1.25,0.6866952789699571,3.42
2023-11-23 15:00:00,15,50,2,21,26,1,0,9,29,0,29,0,39.05,691.0,4.0,11.65,125.0,3.954545454545455,696.092,7.038412017167382,1.25,0.7725321888412017,3.48
2023-11-23 16:00:00,16,40,2,17,20,1,0,4,27,0,27,0,30.683333333333334,320.0,4.0,11.65,100.0,2.6923076923076925,600.654,4.701716738197425,1.0,0.3433476394849785,3.5
2023-11-23 17:00:00,17,36,2,17,17,0,0,3,26,0,26,0,31.683333333333334,431.5,4.0,11.65,90.0,2.3035714285714284,584.314,4.14774678111588,0.9,0.2575107296137339,3.583333333333333
2023-11-23 18:00:00,18,41,3,17,21,0,0,10,28,3,31,3,32.68333333333333,419.0,4.0,11.65,102.5,4.055555555555555,670.2839204052099,6.706631424683345,1.025,0.8583690987124464,3.5609756097560976
2023-11-23 19:00:00,19,45,3,15,25,2,0,8,27,3,30,3,33.68333333333333,473.5,4.0,11.65,112.5,3.85,671.1039204052098,6.200023843586076,1.125,0.6866952789699571,3.422222222222222
2023-11-23 20:00:00,20,50,3,14,31,2,0,10,26,2,28,2,34.68333333333333,533.5,4.0,11.34,125.0,3.5,659.8006136034733,7.162962962962963,1.25,0.8818342151675486,3.36
2023-11-23 21:00:00,21,47,4,13,28,2,0,7,23,3,26,3,35.68333333333333,593.5,4.0,11.34,117.5,2.857142857142857,633.0739204052098,6.101392172314158,1.175,0.6172839506172839,3.404255319148936
2023-11-23 22:00:00,22,49,3,14,27,5,0,18,25,1,26,1,36.68333333333333,653.5,3.0,6.359999999999999,122.5,3.857142857142857,641.2673068017366,13.406950327300732,1.225,2.8301886792452837,3.306122448979592
2023-11-23 23:00:00,23,45,3,12,26,4,0,5,24,1,25,1,37.68333333333333,717.0,3.0,6.359999999999999,112.5,3.311111111111111,624.9273068017366,6.328074772886094,1.125,0.7861635220125787,3.311111111111111
2023-11-24 00:00:00,0,36,3,11,19,3,0,2,24,1,25,1,38.68333333333333,777.0,3.0,6.359999999999999,90.0,2.7111111111111112,611.2623068017366,4.115688329839274,0.9,0.3144654088050315,3.388888888888889
2023-11-24 01:00:00,1,40,3,12,20,5,0,8,24,1,25,1,39.68333333333333,837.0,3.0,6.359999999999999,100.0,2.955555555555556,625.4823068017365,7.507389937106919,1.0,1.257861635220126,3.325
2023-11-24 02:00:00,2,36,3,11,18,4,0,5,25,0,25,0,40.68333333333333,897.0,3.0,6.359999999999999,90.0,2.688888888888889,621.674,5.667382948986723,0.9,0.7861635220125787,3.361111111111111
2023-11-24 03:00:00,3,38,3,11,16,8,0,7,26,0,26,0,41.68333333333333,942.0,3.0,6.359999999999999,95.0,2.9285714285714284,645.004,6.637562065541212,0.95,1.1006289308176105,3.236842105263158
2023-11-24 04:00:00,4,38,3,11,18,6,0,5,26,1,27,1,42.68333333333333,987.0,3.0,6.359999999999999,95.0,3.2051282051282053,664.9123068017366,5.71106421714664,0.95,0.7861635220125787,3.289473684210526
2023-11-24 05:00:00,5,37,3,12,18,3,1,3,26,1,27,1,43.68333333333333,1047.0,3.0,6.359999999999999,92.5,3.1794871794871797,668.4073068017366,4.680826109127996,0.925,0.4716981132075472,3.3513513513513518
2023-11-24 06:00:00,6,35,3,13,16,3,0,1,27,0,27,0,44.68333333333333,1107.0,3.0,6.359999999999999,87.5,3.102564102564102,668.8889999999999,3.5685759209344114,0.875,0.1572327044025157,3.4571428571428573
2023-11-24 07:00:00,7,37,4,13,16,4,0,3,29,0,29,0,45.68333333333333,1156.0,3.0,6.359999999999999,92.5,3.878787878787879,705.6189999999999,4.831820499745029,0.925,0.4716981132075472,3.45945945945946
2023-11-24 08:00:00,8,36,4,11,16,5,0,4,31,0,31,0,46.68333333333333,1190.0,3.0,6.43,90.0,4.518518518518518,735.914,5.15817349231035,0.9,0.6220839813374806,3.388888888888889
2023-11-24 09:00:00,9,32,4,9,16,3,0,3,27,0,27,0,47.68333333333333,1241.0,3.0,6.43,80.0,2.8205128205128207,679.374,4.353810264385692,0.8,0.4665629860031104,3.4375
2023-11-24 10:00:00,10,33,2,7,21,3,0,8,24,0,24,0,41.1,1281.0,4.0,10.13,82.5,1.671875,604.189,5.23565093182566,0.825,0.7897334649555776,3.242424242424242
2023-11-24 11:00:00,11,35,2,8,23,2,0,5,23,0,23,0,42.1,1321.0,4.0,10.13,87.5,1.6911764705882353,600.7189999999999,4.49677407981949,0.875,0.493583415597236,3.2857142857142856
2023-11-24 12:00:00,12,37,1,6,28,2,0,10,21,0,21,0,42.8,854.0,4.0,10.13,92.5,1.5394736842105263,582.157,6.046581601344681,0.925,0.987166831194472,3.1621621621621623
2023-11-24 13:00:00,13,37,1,5,28,3,0,9,25,0,25,0,43.8,259.0,4.0,10.13,92.5,1.9166666666666667,641.3969999999999,5.636399108881833,0.925,0.8884501480750248,3.108108108108108
2023-11-24 14:00:00,14,33,1,5,24,3,0,7,22,0,22,0,44.8,168.5,4.0,10.13,82.5,1.4305555555555556,598.2570000000001,4.731809955427922,0.825,0.6910167818361304,3.121212121212121
2023-11-24 15:00:00,15,33,0,4,23,6,0,8,20,0,20,0,45.8,167.5,4.0,10.13,82.5,1.2125,577.097,4.746337760627001,0.825,0.7897334649555776,2.9393939393939394
2023-11-24 16:00:00,16,33,0,4,25,4,0,8,19,0,19,0,46.8,240.0,4.0,10.13,82.5,1.1785714285714286,569.337,4.844200394866733,0.825,0.7897334649555776,3.0
2023-11-24 17:00:00,17,41,1,6,31,3,0,12,23,0,23,0,47.8,273.0,4.0,10.13,102.5,1.8823529411764703,645.737,6.898264031011486,1.025,1.1846001974333664,3.1219512195121952
2023-11-24 18:00:00,18,39,1,7,29,2,0,9,24,2,26,2,48.8,319.5,4.0,10.13,97.5,2.2142857142857144,689.0236136034732,5.924815855418027,0.975,0.8884501480750248,3.1794871794871797
2023-11-24 19:00:00,19,33,1,6,23,3,0,7,17,2,19,2,30.683333333333334,303.0,4.0,10.13,82.5,1.238095238095238,480.17561360347327,4.777749857907804,0.825,0.6910167818361304,3.1515151515151514
2023-11-24 20:00:00,20,28,1,4,22,1,0,6,14,2,16,2,31.683333333333334,340.5,4.0,10.98,70.0,0.9270833333333334,434.8906136034732,3.961924277907884,0.7,0.5464480874316939,3.1785714285714284
2023-11-24 21:00:00,21,28,1,2,23,2,0,8,13,2,15,2,14.316666666666666,378.0,4.0,10.98,70.0,0.86,323.5426136034732,4.38783502472027,0.7,0.7285974499089253,3.071428571428572
2023-11-24 22:00:00,22,26,0,2,23,1,0,8,16,2,18,2,10.5,306.5,3.0,7.28,65.0,1.196969696969697,337.92661360347324,5.313968723584108,0.65,1.0989010989010988,3.0384615384615383
2023-11-24 23:00:00,23,23,0,1,21,1,0,4,16,0,16,0,11.5,381.0,3.0,7.28,57.49999999999999,0.9583333333333334,308.595,3.3733516483516484,0.575,0.5494505494505494,3.0
2023-11-25 00:00:00,0,29,0,2,25,2,0,7,17,0,17,0,12.5,437.0,3.0,7.28,72.5,1.2608695652173914,340.505,5.059615384615384,0.725,0.9615384615384616,3.0
2023-11-25 01:00:00,1,29,0,2,25,2,0,6,16,0,16,0,13.5,501.0,3.0,7.28,72.5,1.2083333333333333,332.745,4.647527472527472,0.725,0.8241758241758241,3.0
2023-11-25 02:00:00,2,29,0,3,24,2,0,3,16,0,16,0,14.5,561.0,3.0,7.28,72.5,1.2222222222222223,338.385,3.4504736642667675,0.725,0.412087912087912,3.034482758620689
2023-11-25 03:00:00,3,27,0,1,23,3,0,5,16,0,16,0,15.5,621.0,3.0,7.28,67.5,1.0972222222222223,339.735,3.98456450956451,0.675,0.6868131868131868,2.925925925925926
2023-11-25 04:00:00,4,27,0,1,24,2,0,2,15,0,15,0,16.5,677.0,3.0,7.28,67.5,1.0666666666666669,331.975,2.814000814000814,0.675,0.2747252747252747,2.962962962962963
2023-11-25 05:00:00,5,34,0,2,29,3,0,8,15,0,15,0,17.5,737.0,3.0,7.28,85.0,1.346666666666667,352.63,5.789382676147381,0.85,1.0989010989010988,2.9705882352941178
2023-11-25 06:00:00,6,30,0,2,26,2,0,1,15,0,15,0,18.5,692.0,3.0,7.28,75.0,1.2,349.69,2.662087912087912,0.75,0.1373626373626373,3.0
2023-11-25 07:00:00,7,28,0,2,22,4,0,2,15,0,15,0,19.5,752.0,3.0,7.28,70.0,1.0933333333333333,351.04,2.854552590266876,0.7,0.2747252747252747,2.9285714285714284
2023-11-25 08:00:00,8,26,0,2,20,4,0,5,16,0,16,0,20.5,773.0,3.0,6.82,65.0,1.0555555555555556,365.79,4.0430182720505305,0.65,0.7331378299120235,2.923076923076923
2023-11-25 09:00:00,9,21,0,2,17,2,0,4,11,0,11,0,21.0,794.0,3.0,6.82,52.5,0.7241379310344828,290.885,3.334530791788856,0.525,0.5865102639296187,3.0
2023-11-25 10:00:00,10,27,0,3,23,1,0,12,11,1,12,1,22.0,756.5,4.0,10.14,67.5,0.7410714285714286,323.6633068017366,5.71295748411133,0.675,1.1834319526627215,3.074074074074074
2023-11-25 11:00:00,11,32,0,6,25,1,0,12,11,1,12,1,23.0,381.0,4.0,10.14,80.0,0.9017857142857144,340.0283068017366,6.260207100591716,0.8,1.1834319526627215,3.15625
2023-11-25 12:00:00,12,28,0,5,23,0,0,8,11,1,12,1,24.0,118.5,4.0,10.14,70.0,0.7946428571428571,337.0883068017366,4.732748661594814,0.7,0.7889546351084812,3.1785714285714284
2023-11-25 13:00:00,13,31,0,4,26,1,0,10,9,1,10,1,25.0,155.0,4.0,10.14,77.5,0.8,322.3633068017366,5.454017942355412,0.775,0.9861932938856016,3.096774193548387
2023-11-25 14:00:00,14,28,0,7,19,2,0,10,10,1,11,1,5.583333333333333,121.0,4.0,10.14,70.0,0.7672413793103449,219.81830680173664,5.359685826993519,0.7,0.9861932938856016,3.1785714285714284
2023-11-25 15:00:00,15,25,0,7,16,2,0,6,7,1,8,1,6.583333333333333,108.5,4.0,10.14,62.5,0.625,178.8233068017366,3.893491124260355,0.625,0.5917159763313609,3.2
2023-11-25 16:00:00,16,27,0,5,20,2,0,11,5,1,6,1,7.583333333333333,137.0,4.0,10.14,67.5,0.6176470588235294,161.95330680173663,5.474972605741836,0.675,1.0848126232741615,3.111111111111111
2023-11-25 17:00:00,17,31,0,7,22,2,0,11,7,1,8,1,8.583333333333334,193.0,4.0,10.14,77.5,0.765625,202.9733068017366,5.879407647769931,0.775,1.0848126232741615,3.161290322580645
2023-11-25 18:00:00,18,29,1,7,18,3,0,9,7,2,9,2,9.583333333333334,251.0,4.0,10.14,72.5,0.75,218.5916136034733,5.171357886145684,0.725,0.8875739644970414,3.206896551724138
2023-11-25 19:00:00,19,22,1,5,14,2,0,8,6,2,8,2,10.583333333333334,258.5,4.0,10.14,55.00000000000001,0.5546875,195.81661360347323,4.321171776941007,0.55,0.7889546351084812,3.227272727272727
2023-11-25 20:00:00,20,23,1,3,17,2,0,9,5,1,6,1,11.583333333333334,318.5,4.0,10.63,57.49999999999999,0.5294117647058824,175.9333068017366,4.450415149903882,0.575,0.8466603951081844,3.130434782608696
2023-11-25 21:00:00,21,22,1,2,17,2,0,6,5,1,6,1,12.583333333333334,378.5,4.0,10.63,55.00000000000001,0.5,179.42830680173662,3.444633541435046,0.55,0.5644402634054562,3.090909090909091
2023-11-25 22:00:00,22,20,0,1,19,0,0,7,5,0,5,0,13.583333333333334,491.0,3.0,7.31,50.0,0.580952380952381,166.51,4.445656634746921,0.5,0.9575923392612858,3.05
2023-11-25 23:00:00,23,21,0,2,19,0,0,10,5,0,5,0,11.85,551.0,3.0,7.31,52.5,0.6190476190476191,158.879,5.859251840270992,0.525,1.3679890560875512,3.095238095238096
2023-11-26 00:00:00,0,21,0,2,19,0,0,10,7,0,7,0,12.85,506.0,3.0,7.31,52.5,0.6565656565656566,191.319,5.859251840270992,0.525,1.3679890560875512,3.095238095238096
2023-11-26 01:00:00,1,18,0,2,16,0,0,4,7,0,7,0,13.85,566.0,3.0,7.31,45.0,0.5656565656565656,190.524,3.1023863809089525,0.45,0.5471956224350205,3.111111111111111
2023-11-26 02:00:00,2,19,0,3,14,2,0,5,7,1,8,1,14.85,585.5,3.0,7.31,47.5,0.6041666666666666,212.5773068017366,3.537983296133631,0.475,0.6839945280437756,3.0526315789473686
2023-11-26 03:00:00,3,16,0,3,13,0,0,2,8,1,9,1,15.85,605.0,3.0,7.31,40.0,0.5483870967741935,225.18230680173664,2.147093023255814,0.4,0.2735978112175102,3.1875
2023-11-26 04:00:00,4,18,1,2,14,1,0,3,8,0,8,0,16.85,705.5,3.0,7.31,45.0,0.59375,220.844,2.7245896032831736,0.45,0.4103967168262654,3.1666666666666665
2023-11-26 05:00:00,5,16,1,3,11,1,0,3,8,0,8,0,17.85,765.5,3.0,7.31,40.0,0.5416666666666666,222.194,2.6337893296853623,0.4,0.4103967168262654,3.25
2023-11-26 06:00:00,6,15,1,3,10,1,0,2,8,0,8,0,18.85,825.5,3.0,7.31,37.5,0.5104166666666666,225.689,2.1187528499772,0.375,0.2735978112175102,3.2666666666666666
2023-11-26 07:00:00,7,17,1,3,11,2,0,3,8,0,8,0,19.85,885.5,3.0,7.31,42.5,0.5625,235.619,2.6536131005069605,0.425,0.4103967168262654,3.176470588235294
2023-11-26 08:00:00,8,19,1,1,14,3,0,7,8,0,8,0,20.85,945.5,3.0,7.27,47.5,0.59375,245.549,4.313583218707016,0.475,0.9628610729023384,3.0
2023-11-26 09:00:00,9,25,1,3,17,4,0,11,10,0,10,0,21.85,761.0,3.0,7.27,62.5,0.8444444444444444,290.859,6.499724896836314,0.625,1.5130674002751032,3.04
2023-11-26 10:00:00,10,21,0,2,19,0,0,7,9,0,9,0,22.85,1025.0,4.0,10.59,52.5,0.5241935483870968,274.519,3.670955303745672,0.525,0.6610009442870632,3.095238095238096
2023-11-26 11:00:00,11,27,0,1,26,0,0,17,8,0,8,0,23.85,128.5,4.0,10.59,67.5,0.640625,279.629,6.925319134053789,0.675,1.6052880075542966,3.037037037037037
2023-11-26 12:00:00,12,26,0,4,21,1,0,14,6,0,6,0,22.766666666666666,148.0,4.0,10.59,65.0,0.5955882352941176,244.574,6.14354434517324,0.65,1.3220018885741265,3.1153846153846154
2023-11-26 13:00:00,13,31,2,5,20,4,0,15,7,0,7,0,23.766666666666666,173.0,4.0,10.59,77.5,0.7424242424242424,274.339,6.927748332267202,0.775,1.4164305949008498,3.161290322580645
2023-11-26 14:00:00,14,33,1,4,27,1,0,14,8,0,8,0,24.766666666666666,214.0,4.0,10.59,82.5,0.8125,297.669,6.766308982173005,0.825,1.3220018885741265,3.1515151515151514
2023-11-26 15:00:00,15,35,0,6,27,2,0,15,11,1,12,1,25.766666666666666,187.0,4.0,10.59,87.5,0.9732142857142856,362.0673068017366,7.136169566976932,0.875,1.4164305949008498,3.1142857142857143
2023-11-26 16:00:00,16,35,0,6,26,2,1,14,12,1,13,1,26.766666666666666,144.0,4.0,10.59,87.5,0.9907407407407408,381.1073068017366,6.716548630783758,0.875,1.3220018885741265,3.057142857142857
2023-11-26 17:00:00,17,28,0,6,20,1,1,8,10,2,12,2,27.766666666666666,224.5,4.0,10.59,70.0,0.7767857142857143,359.20061360347324,4.522227842978551,0.7,0.7554296506137866,3.107142857142857
2023-11-26 18:00:00,18,30,0,5,20,4,1,11,10,2,12,2,28.766666666666666,284.5,4.0,10.59,75.0,0.7946428571428571,369.1306136034732,5.306523449795405,0.75,1.0387157695939566,2.966666666666667
2023-11-26 19:00:00,19,34,0,6,24,3,1,15,13,2,15,2,29.766666666666666,270.0,4.0,10.59,85.0,1.03,423.55061360347327,6.865951508081985,0.85,1.4164305949008498,3.0294117647058822
2023-11-26 20:00:00,20,27,0,3,22,1,1,8,12,2,14,2,30.766666666666666,334.5,4.0,9.97,67.5,0.7788461538461539,400.7756136034732,4.432221664994985,0.675,0.8024072216649949,3.0
2023-11-26 21:00:00,21,38,0,5,31,1,1,15,14,3,17,3,31.766666666666666,383.0,4.0,9.97,95.0,1.2608695652173914,471.0789204052098,7.492725545056222,0.95,1.5045135406218657,3.0526315789473686
2023-11-26 22:00:00,22,37,1,5,29,1,1,15,14,3,17,3,32.766666666666666,443.0,3.0,6.65,92.5,1.6666666666666667,474.5739204052098,9.885770168664903,0.925,2.255639097744361,3.108108108108108
2023-11-26 23:00:00,23,32,1,7,19,4,1,10,15,2,17,2,33.766666666666666,463.0,3.0,6.65,80.0,1.434782608695652,468.6206136034732,7.127255639097745,0.8,1.5037593984962403,3.09375
2023-11-27 00:00:00,0,26,0,6,17,2,1,5,15,1,16,1,34.766666666666666,543.0,3.0,6.65,65.0,1.1111111111111112,447.1223068017366,4.313475997686525,0.65,0.7518796992481203,3.076923076923077
2023-11-27 01:00:00,1,29,0,7,19,2,1,5,15,1,16,1,35.766666666666666,603.0,3.0,6.65,72.5,1.25,459.1973068017366,4.583419756287269,0.725,0.7518796992481203,3.103448275862069
2023-11-27 02:00:00,2,28,0,6,20,1,1,4,15,1,16,1,36.766666666666666,663.0,3.0,6.65,70.0,1.2083333333333333,462.6923068017366,4.043958109559613,0.7,0.6015037593984962,3.107142857142857
2023-11-27 03:00:00,3,25,0,5,18,1,1,2,16,0,16,0,37.766666666666666,723.0,3.0,6.65,62.5,1.0694444444444444,461.029,2.851315789473684,0.625,0.3007518796992481,3.08
2023-11-27 04:00:00,4,29,0,6,21,1,1,6,16,0,16,0,38.766666666666666,783.0,3.0,6.65,72.5,1.25,475.249,5.050103707544724,0.725,0.9022556390977444,3.103448275862069
2023-11-27 05:00:00,5,29,0,6,21,1,1,2,16,0,16,0,39.766666666666666,843.0,3.0,6.65,72.5,1.25,480.889,3.183367902514908,0.725,0.3007518796992481,3.103448275862069
2023-11-27 06:00:00,6,28,0,6,20,1,1,0,16,0,16,0,40.766666666666666,903.0,3.0,6.65,70.0,1.2083333333333333,484.384,2.175,0.7,0.0,3.107142857142857
2023-11-27 07:00:00,7,30,1,6,22,1,0,4,18,0,18,0,41.766666666666666,857.5,3.0,6.65,75.0,1.4696969696969695,521.114,4.369862155388471,0.75,0.6015037593984962,3.2333333333333334
2023-11-27 08:00:00,8,26,1,5,19,1,0,4,19,0,19,0,42.766666666666666,832.0,3.0,6.58,65.0,1.3333333333333333,531.574,4.063993453355155,0.65,0.60790273556231,3.230769230769231
2023-11-27 09:00:00,9,26,1,4,20,1,0,6,17,0,17,0,43.766666666666666,880.0,3.0,6.58,65.0,1.2028985507246377,510.414,4.985918868365678,0.65,0.9118541033434652,3.1923076923076925
2023-11-27 10:00:00,10,33,1,4,26,2,0,12,17,0,17,0,44.766666666666666,940.0,4.0,9.92,82.5,1.1195652173913044,531.069,6.350659824046921,0.825,1.2096774193548387,3.121212121212121
2023-11-27 11:00:00,11,31,2,4,24,1,0,8,17,0,17,0,45.766666666666666,880.0,4.0,9.92,77.5,1.0869565217391304,532.419,5.101456815816857,0.775,0.8064516129032259,3.225806451612903
2023-11-27 12:00:00,12,37,2,5,30,0,0,14,19,0,19,0,46.766666666666666,347.0,4.0,9.92,92.5,1.4285714285714286,577.7289999999999,7.577157802964256,0.925,1.4112903225806452,3.2432432432432434
2023-11-27 13:00:00,13,34,1,4,29,0,0,7,20,0,20,0,47.766666666666666,243.5,4.0,9.92,85.0,1.35,590.3340000000001,4.94146110056926,0.85,0.7056451612903226,3.176470588235294
2023-11-27 14:00:00,14,35,1,6,28,0,0,7,20,1,21,1,35.78333333333333,189.0,4.0,9.92,87.5,1.486842105263158,539.1613068017366,5.103225806451613,0.875,0.7056451612903226,3.2285714285714286
2023-11-27 15:00:00,15,31,1,5,25,0,0,7,16,1,17,1,20.666666666666668,234.0,4.0,9.92,77.5,1.0869565217391304,391.7233068017366,4.77627471383975,0.775,0.7056451612903226,3.225806451612903
2023-11-27 16:00:00,16,31,2,5,24,0,0,6,16,2,18,2,21.666666666666668,249.0,4.0,9.92,77.5,1.1590909090909092,411.6316136034732,4.540114464099896,0.775,0.6048387096774194,3.290322580645161
2023-11-27 17:00:00,17,39,2,5,32,0,0,11,18,3,21,3,22.666666666666668,255.0,4.0,9.92,97.5,1.6578947368421053,475.4999204052099,6.732506203473946,0.975,1.1088709677419355,3.230769230769231
2023-11-27 18:00:00,18,39,2,7,30,0,0,7,19,4,23,4,23.666666666666668,302.0,4.0,9.92,97.5,1.8823529411764703,508.8082272069464,5.515963606286187,0.975,0.7056451612903226,3.282051282051282
2023-11-27 19:00:00,19,42,2,5,35,0,0,8,18,2,20,2,24.666666666666668,386.5,4.0,9.92,105.0,1.6875,478.9466136034732,5.967165898617512,1.05,0.8064516129032259,3.2142857142857144
2023-11-27 20:00:00,20,41,1,6,34,0,0,6,17,3,20,3,25.666666666666668,446.5,4.0,11.73,102.5,1.6375,483.3099204052098,4.909333478884661,1.025,0.5115089514066496,3.1951219512195124
2023-11-27 21:00:00,21,42,1,6,35,0,0,11,19,3,22,3,26.666666666666668,469.0,4.0,11.73,105.0,1.8611111111111112,517.8949204052099,6.3419214062436575,1.05,0.9377664109121908,3.1904761904761907
2023-11-27 22:00:00,22,45,1,6,38,0,0,9,19,3,22,3,25.666666666666668,472.5,3.0,8.39,112.5,2.6481481481481484,518.6899204052098,6.9838200238379,1.125,1.072705601907032,3.1777777777777776
2023-11-27 23:00:00,23,37,1,6,30,0,0,4,19,3,22,3,26.666666666666668,532.5,3.0,8.39,92.5,2.203703703703704,507.1699204052098,4.508356956479721,0.925,0.4767580452920142,3.216216216216216
2023-11-28 00:00:00,0,36,1,6,29,0,0,5,18,3,21,3,27.666666666666668,623.0,3.0,8.39,90.0,2.0350877192982457,497.26492040520986,4.820275460203947,0.9,0.5959475566150179,3.2222222222222223
2023-11-28 01:00:00,1,34,1,6,27,0,0,3,18,3,21,3,28.666666666666668,683.0,3.0,8.39,85.0,1.9298245614035088,498.6149204052099,3.906839374605623,0.85,0.3575685339690107,3.235294117647059
2023-11-28 02:00:00,2,31,1,4,24,2,0,4,19,1,20,1,29.666666666666668,769.0,3.0,8.39,77.5,1.6166666666666667,482.6833068017366,3.916791303010496,0.775,0.4767580452920142,3.129032258064516
2023-11-28 03:00:00,3,31,2,4,24,1,0,2,19,2,21,2,30.666666666666668,803.0,3.0,8.39,77.5,1.7543859649122806,502.5916136034733,3.268964589180668,0.775,0.2383790226460071,3.225806451612903
2023-11-28 04:00:00,4,29,1,4,23,1,0,1,19,1,20,1,31.666666666666668,889.0,3.0,8.39,72.5,1.5333333333333334,489.6733068017367,2.6781184497143564,0.725,0.1191895113230035,3.1724137931034484
2023-11-28 05:00:00,5,31,1,4,25,1,0,4,20,1,21,1,32.666666666666664,923.0,3.0,8.39,77.5,1.719298245614035,513.0033068017366,3.9571705947941096,0.775,0.4767580452920142,3.161290322580645
2023-11-28 06:00:00,6,32,2,4,24,2,0,4,20,2,22,2,33.666666666666664,952.5,3.0,8.39,80.0,1.8888888888888888,535.0566136034732,4.069666269368296,0.8,0.4767580452920142,3.1875
2023-11-28 07:00:00,7,30,1,6,22,1,0,3,21,1,22,1,34.666666666666664,1012.5,3.0,8.39,75.0,1.7962962962962965,535.5383068017366,3.5811382598331347,0.75,0.3575685339690107,3.2333333333333334
2023-11-28 08:00:00,8,28,1,5,21,1,0,0,21,1,22,1,35.666666666666664,1072.5,3.0,6.58,70.0,1.6666666666666667,536.8883068017366,2.25,0.7,0.0,3.2142857142857144
2023-11-28 09:00:00,9,31,0,5,24,2,0,8,19,1,20,1,36.66666666666666,1012.0,3.0,6.58,77.5,1.6,522.1633068017366,6.165075007353662,0.775,1.21580547112462,3.096774193548387
2023-11-28 10:00:00,10,33,1,5,25,2,0,10,15,2,17,2,37.66666666666666,1057.0,4.0,10.28,82.5,1.1304347826086956,492.7616136034732,5.6656762174271895,0.825,0.9727626459143968,3.1515151515151514
2023-11-28 11:00:00,11,35,1,5,28,1,0,9,16,2,18,2,38.66666666666666,708.5,4.0,10.28,87.5,1.2613636363636365,516.0916136034732,5.551542523624235,0.875,0.8754863813229571,3.1714285714285717
2023-11-28 12:00:00,12,36,1,5,30,0,0,8,16,3,19,3,39.66666666666666,193.0,4.0,10.28,90.0,1.369047619047619,538.1449204052099,5.360948984003459,0.9,0.7782101167315174,3.1944444444444446
2023-11-28 13:00:00,13,38,0,6,31,1,0,11,16,2,18,2,40.66666666666666,125.0,4.0,10.28,95.0,1.3522727272727273,533.8066136034732,6.32591132500512,0.95,1.0700389105058363,3.131578947368421
2023-11-28 14:00:00,14,36,0,7,27,2,0,6,17,2,19,2,41.66666666666666,174.0,4.0,10.28,90.0,1.3452380952380951,548.5566136034732,4.657036316472114,0.9,0.5836575875486381,3.138888888888889
2023-11-28 15:00:00,15,39,0,7,29,3,0,8,17,2,19,2,18.2,195.0,4.0,10.28,97.5,1.4404761904761905,422.6396136034732,5.439446772423426,0.975,0.7782101167315174,3.102564102564102
2023-11-28 16:00:00,16,40,0,8,30,2,0,11,21,2,23,2,19.2,209.0,4.0,10.28,100.0,1.8529411764705883,484.0246136034732,6.520622568093384,1.0,1.0700389105058363,3.15
2023-11-28 17:00:00,17,39,0,8,30,1,0,8,21,2,23,2,20.2,269.0,4.0,10.28,97.5,1.8235294117647056,487.5196136034732,5.574309089095081,0.975,0.7782101167315174,3.1794871794871797
2023-11-28 18:00:00,18,41,0,7,34,0,0,9,22,4,26,4,21.2,308.5,4.0,10.28,102.5,2.321428571428572,539.3862272069465,6.025932428584986,1.025,0.8754863813229571,3.1707317073170733
2023-11-28 19:00:00,19,36,0,7,29,0,0,3,20,4,24,4,21.116666666666667,347.5,4.0,10.28,90.0,1.796875,501.3912272069465,3.807230869001297,0.9,0.291828793774319,3.1944444444444446
2023-11-28 20:00:00,20,36,0,7,28,1,0,8,22,3,25,3,22.116666666666667,307.0,4.0,11.990000000000002,90.0,1.9,519.5629204052098,4.962871837642479,0.9,0.6672226855713093,3.1666666666666665
2023-11-28 21:00:00,21,44,0,8,35,1,0,13,25,5,30,5,23.116666666666667,311.5,4.0,11.990000000000002,110.0,3.475,611.0995340086831,6.900202820532261,1.1,1.0842368640533775,3.159090909090909
2023-11-28 22:00:00,22,40,0,8,32,0,0,5,26,3,29,3,24.116666666666667,373.0,3.0,8.290000000000001,100.0,3.878787878787879,593.0229204052099,5.130036188178528,1.0,0.6031363088057901,3.2
2023-11-28 23:00:00,23,45,1,8,35,1,0,12,28,3,31,3,25.116666666666667,430.0,3.0,8.290000000000001,112.5,5.333333333333333,636.1879204052099,8.232086851628468,1.125,1.447527141133896,3.2
2023-11-29 00:00:00,0,46,1,7,38,0,0,6,29,3,32,3,26.116666666666667,487.0,3.0,8.290000000000001,115.0,6.125,657.3729204052098,5.987896627681334,1.15,0.7237635705669481,3.1956521739130435
2023-11-29 01:00:00,1,48,1,7,39,1,0,6,28,3,31,3,27.116666666666667,544.0,3.0,8.290000000000001,120.0,5.62962962962963,653.9029204052099,6.091917973462002,1.2,0.7237635705669481,3.1666666666666665
2023-11-29 02:00:00,2,41,1,7,32,1,0,1,28,3,31,3,28.116666666666667,604.0,3.0,8.290000000000001,102.5,4.851851851851852,644.5279204052099,3.6604188119685777,1.025,0.120627261761158,3.1951219512195124
2023-11-29 03:00:00,3,39,2,6,31,0,0,3,30,2,32,2,20.616666666666667,663.5,3.0,8.290000000000001,97.5,5.291666666666667,610.4696136034732,4.353435557205159,0.975,0.361881785283474,3.2564102564102564
2023-11-29 04:00:00,4,41,1,7,32,1,0,4,32,1,33,1,21.616666666666667,723.0,3.0,8.290000000000001,102.5,6.238095238095238,632.9313068017366,4.816675247874312,1.025,0.482509047044632,3.1951219512195124
2023-11-29 05:00:00,5,37,1,7,29,0,0,2,31,1,32,1,22.616666666666667,729.5,3.0,8.290000000000001,92.5,5.0,616.5913068017367,3.78244710331562,0.925,0.241254523522316,3.2432432432432434
2023-11-29 06:00:00,6,37,1,6,30,0,0,2,31,0,31,0,23.616666666666667,844.0,3.0,8.290000000000001,92.5,4.407407407407407,607.9630000000001,3.7509267107879896,0.925,0.241254523522316,3.216216216216216
2023-11-29 07:00:00,7,39,1,6,32,0,0,5,32,0,32,0,24.616666666666667,849.5,3.0,8.290000000000001,97.5,5.208333333333333,631.293,5.058129194890353,0.975,0.6031363088057901,3.2051282051282053
2023-11-29 08:00:00,8,40,1,6,33,0,0,2,32,0,32,0,25.616666666666667,909.5,3.0,7.51,100.0,5.333333333333333,639.078,4.0521970705725705,1.0,0.2663115845539281,3.2
2023-11-29 09:00:00,9,37,0,6,31,0,0,6,28,0,28,0,26.616666666666667,917.0,3.0,7.51,92.5,3.25,584.683,5.451361248065643,0.925,0.7989347536617843,3.1621621621621623
2023-11-29 10:00:00,10,39,0,6,31,2,0,11,24,0,24,0,27.616666666666667,851.0,4.0,10.87,97.5,1.890625,541.0129999999999,6.164669285023471,0.975,1.0119595216191353,3.102564102564102
2023-11-29 11:00:00,11,32,0,3,27,2,0,7,20,0,20,0,28.616666666666667,996.5,4.0,10.87,80.0,1.2125,478.038,4.377046918123275,0.8,0.6439742410303588,3.03125
2023-11-29 12:00:00,12,31,0,2,28,1,0,11,20,0,20,0,23.766666666666666,256.5,4.0,10.87,77.5,1.175,448.539,5.418522420393507,0.775,1.0119595216191353,3.032258064516129
2023-11-29 13:00:00,13,34,0,3,29,2,0,6,23,0,23,0,24.766666666666666,254.0,4.0,10.87,85.0,1.5147058823529411,500.814,4.247168407381351,0.85,0.5519779208831647,3.0294117647058822
2023-11-29 14:00:00,14,36,0,6,27,3,0,12,23,0,23,0,25.766666666666666,124.0,4.0,10.87,90.0,1.6323529411764706,510.7439999999999,6.178863845446183,0.9,1.103955841766329,3.083333333333333
2023-11-29 15:00:00,15,35,0,7,26,2,0,6,22,0,22,0,26.766666666666666,182.0,4.0,10.87,87.5,1.5277777777777777,500.839,4.484787751347089,0.875,0.5519779208831647,3.142857142857143
2023-11-29 16:00:00,16,34,0,7,27,0,0,5,23,0,23,0,27.766666666666666,240.0,4.0,10.87,85.0,1.6029411764705883,517.7339999999999,4.199646896477082,0.85,0.4599816007359706,3.2058823529411766
2023-11-29 17:00:00,17,40,1,8,30,1,0,11,27,1,28,1,28.766666666666666,229.0,4.0,10.87,100.0,2.6875,604.1123068017366,6.488569457221712,1.0,1.0119595216191353,3.225
2023-11-29 18:00:00,18,45,1,7,36,1,0,8,29,1,30,1,29.766666666666666,282.0,4.0,10.87,112.5,3.575,647.2773068017366,5.913750894408667,1.125,0.735970561177553,3.1777777777777776
2023-11-29 19:00:00,19,43,0,8,35,0,0,6,28,0,28,0,30.766666666666666,349.0,4.0,10.87,107.5,2.8541666666666665,620.959,5.183627329325431,1.075,0.5519779208831647,3.186046511627907
2023-11-29 20:00:00,20,43,0,8,34,1,0,5,28,0,28,0,31.766666666666666,402.0,4.0,10.54,107.5,2.833333333333333,626.5989999999999,4.900375093773443,1.075,0.4743833017077799,3.1627906976744184
2023-11-29 21:00:00,21,45,0,8,34,3,0,10,29,0,29,0,32.766666666666666,456.0,4.0,10.54,112.5,3.1818181818181817,649.929,6.451718321737297,1.125,0.94876660341556,3.111111111111111
2023-11-29 22:00:00,22,42,0,6,35,1,0,11,30,0,30,0,33.766666666666666,515.0,3.0,7.18,105.0,4.366666666666666,662.534,8.053485210240085,1.05,1.532033426183844,3.119047619047619
2023-11-29 23:00:00,23,43,0,6,36,1,0,9,30,0,30,0,34.766666666666666,575.0,3.0,7.18,107.5,4.466666666666667,670.319,7.2561993910733955,1.075,1.2534818941504178,3.116279069767442
2023-11-30 00:00:00,0,49,0,7,40,2,0,14,31,0,31,0,35.766666666666666,634.0,3.0,7.18,122.5,5.62962962962963,702.229,9.848547552725826,1.225,1.9498607242339836,3.1020408163265305
2023-11-30 01:00:00,1,44,0,7,37,0,0,5,31,0,31,0,36.766666666666666,694.0,3.0,7.18,110.0,5.148148148148148,697.144,5.674924031400355,1.1,0.6963788300835655,3.159090909090909
2023-11-30 02:00:00,2,42,0,7,35,0,0,4,31,0,31,0,37.766666666666666,754.0,3.0,7.18,105.0,4.925925925925926,698.494,5.089159702878366,1.05,0.5571030640668524,3.1666666666666665
2023-11-30 03:00:00,3,41,0,7,34,0,0,2,31,0,31,0,38.766666666666666,814.0,3.0,7.18,102.5,4.814814814814815,701.989,4.133212174740132,1.025,0.2785515320334262,3.1707317073170733
2023-11-30 04:00:00,4,41,0,7,34,0,0,4,31,1,32,1,39.766666666666666,811.5,3.0,7.18,102.5,5.416666666666667,721.8973068017366,5.016424349480264,1.025,0.5571030640668524,3.1707317073170733
2023-11-30 05:00:00,5,40,0,8,30,2,0,5,31,1,32,1,40.766666666666666,871.5,3.0,7.18,100.0,5.25,725.3923068017366,5.343593314763232,1.0,0.6963788300835655,3.15
2023-11-30 06:00:00,6,36,0,7,28,1,0,0,31,0,31,0,41.766666666666666,994.0,3.0,7.18,90.0,4.222222222222222,708.184,2.85,0.9,0.0,3.1666666666666665
2023-11-30 07:00:00,7,40,0,9,30,1,0,4,31,1,32,1,42.766666666666666,991.5,3.0,7.18,100.0,5.333333333333333,736.6723068017366,4.982729805013928,1.0,0.5571030640668524,3.2
2023-11-30 08:00:00,8,40,0,9,30,1,0,1,32,1,33,1,43.766666666666666,989.0,3.0,7.29,100.0,6.095238095238095,755.7123068017365,3.6389574759945136,1.0,0.1371742112482853,3.2
2023-11-30 09:00:00,9,40,0,8,31,1,0,6,29,1,30,1,44.766666666666666,1047.5,3.0,7.29,100.0,4.233333333333333,721.1523068017366,5.788168724279835,1.0,0.823045267489712,3.175
2023-11-30 10:00:00,10,41,1,8,31,1,0,11,30,1,31,1,27.53333333333333,1058.0,4.0,10.55,102.5,3.6666666666666665,639.5013068017366,6.656837359842793,1.025,1.0426540284360188,3.2195121951219514
2023-11-30 11:00:00,11,45,2,12,30,1,0,13,27,2,29,2,26.4,1015.0,4.0,10.55,112.5,3.409090909090909,615.7576136034733,7.857424960505529,1.125,1.2322274881516586,3.333333333333333
2023-11-30 12:00:00,12,46,2,10,33,1,0,9,26,2,28,2,27.4,238.5,4.0,10.55,115.0,3.145833333333333,610.1426136034731,6.575329692973418,1.15,0.8530805687203791,3.282608695652174
2023-11-30 13:00:00,13,48,2,11,33,2,0,7,26,2,28,2,28.4,298.5,4.0,10.55,120.0,3.270833333333333,620.0726136034732,6.095221169036335,1.2,0.6635071090047393,3.270833333333333
2023-11-30 14:00:00,14,48,1,11,34,2,0,9,26,1,27,1,29.4,353.0,4.0,10.55,120.0,2.980769230769231,611.4443068017365,6.629739336492889,1.2,0.8530805687203791,3.2291666666666665
2023-11-30 15:00:00,15,45,1,11,32,1,0,6,24,0,24,0,27.883333333333333,418.5,4.0,10.55,112.5,2.296875,555.387,5.532819905213271,1.125,0.5687203791469194,3.2666666666666666
2023-11-30 16:00:00,16,36,1,11,23,1,0,5,20,0,20,0,26.6,389.0,4.0,10.55,90.0,1.5,475.244,4.579778830963665,0.9,0.4739336492890995,3.333333333333333
2023-11-30 17:00:00,17,35,1,9,24,1,0,6,20,0,20,0,27.6,449.0,4.0,10.55,87.5,1.4375,478.739,4.743652674339878,0.875,0.5687203791469194,3.2857142857142856
2023-11-30 18:00:00,18,36,1,7,27,1,0,6,20,0,20,0,28.6,509.0,4.0,10.55,90.0,1.45,486.524,4.732543443917852,0.9,0.5687203791469194,3.2222222222222223
2023-11-30 19:00:00,19,37,1,9,24,3,0,10,25,0,25,0,29.6,509.0,4.0,10.55,92.5,1.9833333333333332,561.309,6.023546176508261,0.925,0.947867298578199,3.216216216216216
2023-11-30 20:00:00,20,40,1,10,27,2,0,11,24,0,24,0,27.9,534.0,4.0,10.45,100.0,2.03125,544.7560000000001,6.671052631578948,1.0,1.0526315789473686,3.25
2023-11-30 21:00:00,21,39,1,11,25,2,0,6,24,0,24,0,28.9,594.0,4.0,10.45,97.5,2.0,548.251,5.084431358115569,0.975,0.5741626794258373,3.282051282051282
2023-11-30 22:00:00,22,39,1,11,24,3,0,10,24,0,24,0,29.9,654.0,3.0,7.19,97.5,2.645833333333333,553.891,7.704082415035127,0.975,1.3908205841446457,3.2564102564102564
2023-11-30 23:00:00,23,38,1,11,24,2,0,12,24,0,24,0,30.9,683.0,3.0,7.19,95.0,2.6041666666666665,557.386,8.615081253202547,0.95,1.6689847009735743,3.289473684210526
