ts,hour,census,l1,l2,l3,l4,l5,arrivals,waitBed,waitICU,D_board,vent,maxLOS_h,awt_curr_min,Na,cap_sum,OCCUPANCY,EDWIN,NEDOCS,READI,READI_BR,READI_PR,READI_AR
2022-05-01 00:00:00,0,38,0,1,30,3,4,16,9,0,9,0,9.6,199.0,3.0,6.68,95.0,1.118279569892473,236.254,9.155310431768044,0.95,2.395209580838324,2.736842105263158
2022-05-01 01:00:00,1,20,0,1,17,2,0,4,8,0,8,0,10.6,281.0,3.0,6.68,50.0,0.6145833333333334,189.884,3.241467065868264,0.5,0.5988023952095809,2.95
2022-05-01 02:00:00,2,19,0,1,14,4,0,5,7,0,7,0,11.6,363.0,3.0,6.68,47.5,0.5454545454545454,179.97899999999998,3.4773242987708795,0.475,0.7485029940119761,2.8421052631578947
2022-05-01 03:00:00,3,17,0,0,14,3,0,2,5,0,5,0,12.6,443.0,3.0,6.68,42.5,0.4571428571428571,154.529,2.0453680873547024,0.425,0.2994011976047904,2.823529411764706
2022-05-01 04:00:00,4,18,0,1,14,3,0,2,6,0,6,0,13.6,493.0,3.0,6.68,45.0,0.5098039215686274,175.714,2.1649367930805057,0.45,0.2994011976047904,2.888888888888889
2022-05-01 05:00:00,5,19,0,1,16,2,0,6,7,1,8,1,14.6,489.0,3.0,6.68,47.5,0.5833333333333334,211.1673068017366,4.047336905137094,0.475,0.8982035928143713,2.9473684210526314
2022-05-01 06:00:00,6,16,0,1,12,3,0,3,6,1,7,1,15.6,603.0,3.0,6.68,40.0,0.4646464646464646,196.97230680173655,2.4411676646706586,0.4,0.4491017964071856,2.875
2022-05-01 07:00:00,7,14,0,1,11,2,0,6,6,1,7,1,16.6,663.0,3.0,6.68,35.0,0.4141414141414141,198.3223068017366,3.655453378956373,0.35,0.8982035928143713,2.9285714285714284
2022-05-01 08:00:00,8,17,0,1,12,4,0,5,7,1,8,1,17.6,669.0,3.0,7.88,42.5,0.5,223.79730680173665,2.991579575992834,0.425,0.6345177664974619,2.823529411764706
2022-05-01 09:00:00,9,23,0,2,14,7,0,16,8,0,8,0,15.1,555.5,3.0,7.88,57.49999999999999,0.6666666666666666,221.699,7.249966894725226,0.575,2.030456852791878,2.782608695652174
2022-05-01 10:00:00,10,24,1,2,15,5,1,15,9,1,10,1,16.1,88.5,4.0,11.13,60.0,0.575,257.1523068017366,5.599663072776281,0.6,1.3477088948787064,2.875
2022-05-01 11:00:00,11,29,2,6,14,5,2,22,10,3,13,3,17.1,93.0,4.0,11.13,72.5,0.8148148148148148,315.4539204052099,8.198079127552127,0.725,1.9766397124887691,3.034482758620689
2022-05-01 12:00:00,12,20,2,5,9,1,3,14,7,3,10,3,18.1,152.0,4.0,11.13,50.0,0.5166666666666667,261.5889204052098,5.449371069182391,0.5,1.257861635220126,3.1
2022-05-01 13:00:00,13,23,1,5,15,2,0,21,4,1,5,1,4.683333333333334,169.0,4.0,11.13,57.49999999999999,0.5285714285714286,123.61730680173662,7.920549630844956,0.575,1.886792452830189,3.217391304347826
2022-05-01 14:00:00,14,26,0,5,15,4,2,24,5,0,5,0,5.683333333333334,98.0,4.0,11.13,65.0,0.5357142857142857,134.824,8.095194899440182,0.65,2.15633423180593,2.8846153846153846
2022-05-01 15:00:00,15,32,0,5,14,10,3,23,8,0,8,0,6.683333333333334,70.5,4.0,11.13,80.0,0.6640625,193.534,7.614106019766397,0.8,2.0664869721473496,2.65625
2022-05-01 16:00:00,16,25,0,5,11,6,3,25,7,0,7,0,7.683333333333334,140.0,4.0,11.13,62.5,0.5151515151515151,170.759,7.809613656783469,0.625,2.2461814914645104,2.72
2022-05-01 17:00:00,17,29,0,7,16,6,0,20,10,0,10,0,8.683333333333334,142.0,4.0,11.13,72.5,0.7333333333333333,225.179,7.652799206865571,0.725,1.7969451931716085,3.034482758620689
2022-05-01 18:00:00,18,28,0,12,12,2,2,23,13,1,14,1,9.683333333333334,82.0,4.0,11.13,70.0,0.8653846153846154,283.1423068017366,8.892279553330768,0.7,2.0664869721473496,3.2142857142857144
2022-05-01 19:00:00,19,35,0,10,21,1,3,22,10,2,12,2,8.733333333333333,82.5,4.0,11.13,87.5,0.9642857142857144,266.8676136034732,8.799345398536774,0.875,1.9766397124887691,3.085714285714286
2022-05-01 20:00:00,20,32,0,10,20,1,1,14,9,2,11,2,9.733333333333333,144.0,4.0,9.93,80.0,0.8879310344827587,252.6726136034732,7.113016112789526,0.8,1.4098690835850958,3.21875
2022-05-01 21:00:00,21,27,0,8,15,3,1,17,10,0,10,0,10.733333333333333,200.0,4.0,9.93,67.5,0.7,232.451,7.426172093543695,0.675,1.7119838872104731,3.111111111111111
2022-05-01 22:00:00,22,30,0,7,18,3,2,23,10,0,10,0,10.983333333333333,160.5,3.0,6.68,75.0,1.0,240.296,12.579341317365271,0.75,3.44311377245509,3.0
2022-05-01 23:00:00,23,31,0,6,22,3,0,18,12,0,12,0,11.983333333333333,144.5,3.0,6.68,77.5,1.1428571428571428,274.88100000000003,10.744601120339963,0.775,2.694610778443114,3.096774193548387
2022-05-02 00:00:00,0,26,0,5,18,3,0,10,10,0,10,0,12.983333333333333,172.5,3.0,6.68,65.0,0.8888888888888888,242.996,6.606172270842929,0.65,1.497005988023952,3.076923076923077
2022-05-02 01:00:00,1,22,0,5,13,4,0,6,9,0,9,0,13.983333333333333,242.0,3.0,6.68,55.00000000000001,0.7204301075268817,226.656,4.410438214480131,0.55,0.8982035928143713,3.0454545454545454
2022-05-02 02:00:00,2,23,0,5,17,1,0,9,11,0,11,0,14.983333333333333,283.0,3.0,6.68,57.49999999999999,0.8390804597701149,261.241,6.101230148398854,0.575,1.347305389221557,3.1739130434782608
2022-05-02 03:00:00,3,22,0,4,17,1,0,1,10,0,10,0,15.983333333333333,324.5,3.0,6.68,55.00000000000001,0.7666666666666667,251.336,2.194515514425694,0.55,0.1497005988023952,3.136363636363636
2022-05-02 04:00:00,4,24,1,5,17,1,0,5,10,1,11,1,16.983333333333334,366.0,3.0,6.68,60.0,0.896551724137931,275.53430680173665,4.382634730538922,0.6,0.7485029940119761,3.25
2022-05-02 05:00:00,5,22,1,6,14,1,0,3,9,1,10,1,17.983333333333334,444.5,3.0,6.68,55.00000000000001,0.8111111111111111,263.48430680173664,3.3152014153511167,0.55,0.4491017964071856,3.3181818181818183
2022-05-02 06:00:00,6,26,1,6,16,3,0,5,9,2,11,2,18.98333333333333,486.0,3.0,6.68,65.0,0.9540229885057472,291.97261360347323,4.46445186549977,0.65,0.7485029940119761,3.1923076923076925
2022-05-02 07:00:00,7,26,0,7,17,2,0,4,9,1,10,1,19.98333333333333,564.5,3.0,6.68,65.0,0.9222222222222224,283.34430680173665,3.986561492399817,0.65,0.5988023952095809,3.1923076923076925
2022-05-02 08:00:00,8,25,1,7,16,1,0,6,11,0,11,0,20.98333333333333,606.0,3.0,6.74,62.5,0.9540229885057472,299.371,5.030489614243323,0.625,0.8902077151335311,3.32
2022-05-02 09:00:00,9,37,1,7,20,8,1,17,9,1,10,1,21.98333333333333,539.0,3.0,6.74,92.5,1.2222222222222223,318.2193068017366,10.248596519368032,0.925,2.522255192878338,2.972972972972973
2022-05-02 10:00:00,10,43,2,6,21,7,7,21,12,1,13,1,22.98333333333333,75.0,4.0,9.99,107.5,1.0925925925925926,376.92930680173663,8.71855925693135,1.075,2.1021021021021022,2.744186046511628
2022-05-02 11:00:00,11,60,2,8,24,23,3,32,15,1,16,1,23.98333333333333,124.0,4.0,9.99,150.0,1.6979166666666667,459.2343068017366,12.777035368702036,1.5,3.203203203203203,2.716666666666667
2022-05-02 12:00:00,12,58,2,8,25,19,4,22,14,1,15,1,24.98333333333333,167.0,4.0,9.99,145.0,1.59,447.1843068017366,10.012071554312934,1.45,2.2022022022022023,2.7413793103448274
2022-05-02 13:00:00,13,65,2,11,25,23,4,25,15,1,16,1,25.98333333333333,191.0,4.0,9.99,162.5,1.8645833333333333,481.23930680173663,11.36650689150689,1.625,2.5025025025025025,2.753846153846154
2022-05-02 14:00:00,14,65,3,11,21,22,8,26,14,3,17,3,26.98333333333333,228.0,4.0,9.99,162.5,1.891304347826087,502.0159204052098,11.316966966966966,1.625,2.6026026026026026,2.6769230769230767
2022-05-02 15:00:00,15,78,4,11,21,31,11,31,12,4,16,4,27.98333333333333,175.5,4.0,9.99,195.0,2.083333333333333,523.0092272069464,12.956674623341293,1.95,3.103103103103103,2.5641025641025643
2022-05-02 16:00:00,16,83,3,7,24,34,15,26,8,3,11,3,28.98333333333333,220.0,4.0,9.99,207.50000000000003,1.706896551724138,471.50592040520985,11.158618256811028,2.075,2.6026026026026026,2.3855421686746987
2022-05-02 17:00:00,17,83,4,8,23,22,26,25,10,3,13,3,29.98333333333333,261.0,4.0,9.99,207.50000000000003,1.7685185185185186,503.9459204052098,10.533770819011783,2.075,2.5025025025025025,2.3012048192771086
2022-05-02 18:00:00,18,79,3,6,20,12,38,23,13,2,15,2,30.98333333333333,112.0,4.0,9.99,197.5,1.61,526.9376136034732,8.71703380595786,1.975,2.3023023023023024,2.037974683544304
2022-05-02 19:00:00,19,81,3,6,17,6,49,26,16,1,17,1,26.83333333333333,151.0,4.0,9.99,202.5,1.641304347826087,533.7533068017366,8.626765345592505,2.025,2.6026026026026026,1.8641975308641976
2022-05-02 20:00:00,20,72,3,5,13,4,47,17,16,1,17,1,25.366666666666667,147.0,4.0,11.31,180.0,1.4021739130434785,506.1763068017366,5.918044503389331,1.8,1.5030946065428823,1.7916666666666667
2022-05-02 21:00:00,21,84,2,4,21,5,52,27,17,1,18,1,26.366666666666667,198.0,4.0,11.31,210.0,1.7159090909090908,550.9563068017367,8.0663982569155,2.1,2.387267904509284,1.7976190476190477
2022-05-02 22:00:00,22,64,0,4,27,5,28,24,12,1,13,1,27.366666666666667,256.0,3.0,8.059999999999999,160.0,1.6666666666666667,446.69630680173657,9.65601736972705,1.6,2.9776674937965266,2.109375
2022-05-02 23:00:00,23,50,0,3,19,5,23,18,11,1,12,1,28.366666666666667,276.0,3.0,8.059999999999999,125.0,1.2142857142857142,408.9063068017366,7.1058312655086855,1.25,2.2332506203473947,2.04
2022-05-03 00:00:00,0,27,0,1,14,1,11,11,8,1,9,1,29.366666666666667,231.0,3.0,8.059999999999999,67.5,0.6344086021505376,325.0113068017366,4.457262659682015,0.675,1.3647642679900749,2.185185185185185
2022-05-03 01:00:00,1,25,0,2,14,2,7,12,11,1,12,1,30.366666666666667,271.0,3.0,8.059999999999999,62.5,0.7261904761904762,366.56130680173663,5.157754342431763,0.625,1.4888337468982633,2.44
2022-05-03 02:00:00,2,19,0,2,13,3,1,5,7,1,8,1,31.366666666666667,123.5,3.0,8.059999999999999,47.5,0.5625,305.7313068017366,3.113092595011101,0.475,0.620347394540943,2.8421052631578947
2022-05-03 03:00:00,3,21,0,4,14,3,0,7,8,1,9,1,32.36666666666667,148.0,3.0,8.059999999999999,52.5,0.6881720430107527,329.06130680173663,4.246815550041356,0.525,0.8684863523573202,3.0476190476190474
2022-05-03 04:00:00,4,19,0,4,13,2,0,5,7,1,8,1,33.36666666666667,121.5,3.0,8.059999999999999,47.5,0.6145833333333334,317.0113068017366,3.4013419093639805,0.475,0.620347394540943,3.1052631578947367
2022-05-03 05:00:00,5,18,0,4,12,2,0,3,6,1,7,1,34.36666666666667,168.0,3.0,8.059999999999999,45.0,0.5656565656565656,307.10630680173665,2.557981803143094,0.45,0.3722084367245658,3.111111111111111
2022-05-03 06:00:00,6,17,0,3,13,1,0,3,5,1,6,1,35.36666666666667,307.5,3.0,8.059999999999999,42.5,0.5196078431372549,297.2013068017366,2.485414538023646,0.425,0.3722084367245658,3.117647058823529
2022-05-03 07:00:00,7,19,0,3,16,0,0,4,7,2,9,2,36.36666666666667,229.0,3.0,8.059999999999999,47.5,0.6451612903225806,348.19961360347327,3.067193417787646,0.475,0.4962779156327544,3.1578947368421053
2022-05-03 08:00:00,8,20,0,2,16,2,0,5,9,2,11,2,37.36666666666667,253.0,3.0,6.779999999999999,50.0,0.6896551724137931,382.7846136034732,3.712389380530973,0.5,0.7374631268436579,3.0
2022-05-03 09:00:00,9,30,0,3,20,5,2,17,10,2,12,2,38.36666666666667,166.0,3.0,6.779999999999999,75.0,1.0,423.2746136034732,9.120648967551622,0.75,2.5073746312684366,2.8
2022-05-03 10:00:00,10,39,0,4,25,6,4,22,13,1,14,1,39.36666666666667,174.0,4.0,10.03,97.5,1.0288461538461535,474.1513068017366,8.692843904184882,0.975,2.193419740777667,2.743589743589744
2022-05-03 11:00:00,11,46,1,4,25,8,8,25,17,1,18,1,40.36666666666667,177.5,4.0,10.03,115.0,1.3636363636363635,548.4063068017366,9.502232433135378,1.15,2.4925224327018944,2.608695652173913
2022-05-03 12:00:00,12,49,2,5,21,10,11,27,12,2,14,2,41.36666666666667,177.5,4.0,10.03,122.5,1.1923076923076923,507.7496136034732,9.912216411988526,1.225,2.691924227318046,2.5306122448979598
2022-05-03 13:00:00,13,62,2,9,21,21,9,25,13,3,16,3,42.36666666666667,194.0,4.0,10.03,155.0,1.6666666666666667,568.9429204052099,10.432315955359728,1.55,2.4925224327018944,2.5806451612903225
2022-05-03 14:00:00,14,52,2,11,17,18,4,19,9,3,12,3,24.98333333333333,203.5,4.0,10.03,130.0,1.2946428571428572,395.8509204052099,8.907230232379783,1.3,1.89431704885344,2.7884615384615383
2022-05-03 15:00:00,15,68,1,10,23,22,12,31,10,2,12,2,25.98333333333333,263.5,4.0,10.03,170.0,1.5178571428571428,434.9426136034732,11.976819541375876,1.7,3.0907278165503493,2.5
2022-05-03 16:00:00,16,67,1,10,25,16,15,16,11,2,13,2,19.08333333333333,303.0,4.0,10.03,167.5,1.5462962962962965,407.28161360347326,8.151131307569829,1.675,1.5952143569292123,2.492537313432836
2022-05-03 17:00:00,17,57,1,9,21,7,19,19,11,1,12,1,20.08333333333333,371.0,4.0,10.03,142.5,1.2232142857142858,377.20330680173663,7.97800764373546,1.425,1.89431704885344,2.4035087719298245
2022-05-03 18:00:00,18,65,0,10,22,8,25,29,13,0,13,0,8.583333333333334,178.0,4.0,10.03,162.5,1.3611111111111112,342.035,10.213845003451183,1.625,2.8913260219341974,2.261538461538461
2022-05-03 19:00:00,19,57,0,8,21,9,19,12,11,0,11,0,9.583333333333334,232.0,4.0,10.03,142.5,1.137931034482759,303.71500000000003,6.070635462034949,1.425,1.1964107676969091,2.3157894736842106
2022-05-03 20:00:00,20,55,0,9,22,8,16,14,12,0,12,0,10.583333333333334,214.5,4.0,11.01,137.5,1.1964285714285714,318.465,6.4480100734869135,1.375,1.2715712988192551,2.4363636363636365
2022-05-03 21:00:00,21,52,0,9,24,10,9,18,12,0,12,0,11.583333333333334,274.5,4.0,11.01,130.0,1.2232142857142858,317.67,7.732273108363026,1.3,1.6348773841961852,2.6346153846153846
2022-05-03 22:00:00,22,61,0,8,37,11,5,24,13,0,13,0,12.583333333333334,291.0,3.0,7.76,152.5,2.098765432098765,356.015,12.86923271928342,1.525,3.0927835051546397,2.7868852459016398
2022-05-03 23:00:00,23,67,0,8,35,19,5,26,15,0,15,0,13.583333333333334,338.0,3.0,7.76,167.5,2.4,401.3250000000001,13.501384828435146,1.675,3.350515463917526,2.6865671641791047
2022-05-04 00:00:00,0,46,0,9,21,10,6,12,13,0,13,0,14.583333333333334,398.0,3.0,7.76,115.0,1.5432098765432098,335.12,7.327151501568804,1.15,1.5463917525773196,2.717391304347826
2022-05-04 01:00:00,1,36,0,9,18,6,3,5,13,0,13,0,15.583333333333334,458.0,3.0,7.76,90.0,1.2962962962962965,319.31,4.504295532646048,0.9,0.6443298969072165,2.9166666666666665
2022-05-04 02:00:00,2,33,0,7,22,1,3,11,13,0,13,0,16.583333333333332,518.0,3.0,7.76,82.5,1.2222222222222223,318.515,6.727577319587629,0.825,1.4175257731958764,3.0
2022-05-04 03:00:00,3,26,0,6,16,2,2,5,11,1,12,1,17.583333333333332,584.5,3.0,7.76,65.0,0.9285714285714286,296.6083068017366,3.88298969072165,0.65,0.6443298969072165,3.0
2022-05-04 04:00:00,4,26,0,7,14,4,1,5,12,1,13,1,18.58333333333333,638.0,3.0,7.76,65.0,0.9753086419753086,315.6483068017366,3.9327716098334657,0.65,0.6443298969072165,3.0384615384615383
2022-05-04 05:00:00,5,25,0,7,15,2,1,4,13,1,14,1,19.58333333333333,595.0,3.0,7.76,62.5,1.0,332.5433068017366,3.558247422680412,0.625,0.5154639175257733,3.12
2022-05-04 06:00:00,6,24,0,7,13,3,1,3,12,1,13,1,20.58333333333333,758.0,3.0,7.76,60.0,0.9135802469135802,322.63830680173663,3.042010309278351,0.6,0.3865979381443299,3.083333333333333
2022-05-04 07:00:00,7,25,0,7,14,2,2,5,12,2,14,2,21.58333333333333,715.0,3.0,7.76,62.5,0.9743589743589745,344.69161360347323,3.858762886597938,0.625,0.6443298969072165,3.04
2022-05-04 08:00:00,8,27,0,8,13,1,5,11,13,1,14,1,22.58333333333333,775.0,3.0,6.38,67.5,1.0,353.7533068017366,6.930842911877395,0.675,1.7241379310344829,2.888888888888889
2022-05-04 09:00:00,9,41,1,7,27,1,5,19,14,1,15,1,23.58333333333333,732.0,3.0,6.38,102.5,1.6133333333333333,402.8233068017366,11.813898233809924,1.025,2.9780564263322886,2.951219512195122
2022-05-04 10:00:00,10,47,1,6,35,0,5,21,12,1,13,1,24.58333333333333,737.0,4.0,9.7,117.5,1.287037037037037,394.5333068017366,9.877719894713756,1.175,2.164948453608248,2.9574468085106385
2022-05-04 11:00:00,11,54,1,6,43,0,4,25,13,1,14,1,25.58333333333333,642.0,4.0,9.7,135.0,1.5576923076923077,428.5883068017366,11.7819587628866,1.35,2.577319587628866,3.0
2022-05-04 12:00:00,12,61,2,7,43,5,4,28,13,2,15,2,26.58333333333333,296.0,4.0,9.7,152.5,1.81,463.5116136034732,13.090151259083996,1.525,2.8865979381443303,2.9672131147540983
2022-05-04 13:00:00,13,70,2,7,50,4,7,26,14,2,16,2,27.58333333333333,262.0,4.0,9.7,175.0,2.114583333333333,501.8566136034733,12.84819587628866,1.75,2.680412371134021,2.9
2022-05-04 14:00:00,14,78,2,7,58,4,7,20,14,2,16,2,27.883333333333333,216.0,4.0,9.7,195.0,2.364583333333333,520.7086136034732,11.675528680941053,1.95,2.061855670103093,2.91025641025641
2022-05-04 15:00:00,15,63,2,7,53,0,1,19,12,2,14,2,28.883333333333333,197.5,4.0,9.7,157.5,1.9038461538461535,467.3736136034732,11.106111929307806,1.575,1.9587628865979383,3.142857142857143
2022-05-04 16:00:00,16,65,1,8,54,0,2,22,13,2,15,2,29.883333333333333,182.0,4.0,9.7,162.5,2.01,490.7036136034732,12.03848136399683,1.625,2.2680412371134024,3.0923076923076924
2022-05-04 17:00:00,17,80,1,9,67,0,3,31,14,2,16,2,30.883333333333333,185.0,4.0,9.7,200.0,2.552083333333333,541.9186136034732,15.91237113402062,2.0,3.195876288659794,3.0625
2022-05-04 18:00:00,18,92,1,10,76,3,2,26,14,2,16,2,31.883333333333333,201.0,4.0,9.7,230.0,2.927083333333333,573.2986136034732,15.21191169878978,2.3,2.680412371134021,3.0543478260869565
2022-05-04 19:00:00,19,91,1,9,78,2,1,24,18,3,21,3,32.88333333333333,221.0,4.0,9.7,227.5,3.684210526315789,644.6619204052099,14.613005551149882,2.275,2.4742268041237114,3.076923076923077
2022-05-04 20:00:00,20,89,1,8,76,3,1,17,13,3,16,3,31.65,236.5,4.0,11.05,222.5,2.833333333333333,566.4159204052098,11.50181503889369,2.225,1.5384615384615383,3.056179775280899
2022-05-04 21:00:00,21,78,0,11,65,2,0,23,12,3,15,3,32.65,249.0,4.0,11.05,195.0,2.43,535.0609204052098,12.559510964148972,1.95,2.0814479638009047,3.1153846153846154
2022-05-04 22:00:00,22,71,1,10,58,1,1,31,12,3,15,3,33.65,309.0,3.0,7.73,177.5,2.96,525.6859204052098,18.0894020006195,1.775,4.010349288486417,3.126760563380281
2022-05-04 23:00:00,23,76,1,5,64,4,2,31,7,2,9,2,34.65,280.0,3.0,7.73,190.0,2.4408602150537635,460.7826136034732,17.653280111663378,1.9,4.010349288486417,2.986842105263158
2022-05-05 00:00:00,0,75,2,5,62,4,2,21,7,3,10,3,35.65,334.5,3.0,7.73,187.5,2.511111111111111,478.5459204052098,13.836287192755496,1.875,2.7166882276843465,3.013333333333333
2022-05-05 01:00:00,1,42,2,5,20,6,9,14,6,3,9,3,36.65,400.0,3.0,7.73,105.0,1.1935483870967742,400.00092040520985,7.561545924967659,1.05,1.8111254851228975,2.642857142857143
2022-05-05 02:00:00,2,24,2,5,13,1,3,7,6,3,9,3,37.65,460.0,3.0,7.73,60.0,0.7956989247311828,367.0309204052098,4.642151789564467,0.6,0.9055627425614488,3.083333333333333
2022-05-05 03:00:00,3,26,2,4,12,2,6,11,6,3,9,3,38.65,520.0,3.0,7.73,65.0,0.7741935483870968,376.9609204052098,5.740690615981689,0.65,1.4230271668822767,2.769230769230769
2022-05-05 04:00:00,4,25,1,4,13,2,5,5,6,2,8,2,39.65,644.0,3.0,7.73,62.5,0.71875,366.1876136034732,3.510252263906856,0.625,0.6468305304010349,2.76
2022-05-05 05:00:00,5,21,1,4,12,1,3,3,6,2,8,2,40.65,704.0,3.0,7.73,52.5,0.6458333333333334,363.24761360347327,2.6958140824246906,0.525,0.3880983182406209,2.952380952380953
2022-05-05 06:00:00,6,21,1,4,12,1,3,4,7,2,9,2,41.65,700.0,3.0,7.73,52.5,0.6666666666666666,382.2876136034732,3.077752109899588,0.525,0.517464424320828,2.952380952380953
2022-05-05 07:00:00,7,20,1,5,12,1,1,5,9,2,11,2,42.65,616.0,3.0,7.73,50.0,0.735632183908046,412.5826136034732,3.669857697283312,0.5,0.6468305304010349,3.2
2022-05-05 08:00:00,8,22,1,4,12,2,3,17,10,2,12,2,43.65,671.5,3.0,6.51,55.00000000000001,0.7619047619047619,435.9126136034732,9.19670437089792,0.55,2.61136712749616,2.909090909090909
2022-05-05 09:00:00,9,24,0,3,14,5,2,21,7,3,10,3,30.116666666666667,458.5,3.0,6.51,60.0,0.7333333333333333,337.94292040520986,10.520967741935484,0.6,3.2258064516129035,2.75
2022-05-05 10:00:00,10,33,0,4,11,16,2,24,7,3,10,3,31.116666666666667,230.5,4.0,10.21,82.5,0.6916666666666667,362.8879204052098,7.987207283411984,0.825,2.3506366307541624,2.515151515151515
2022-05-05 11:00:00,11,37,0,5,11,17,4,18,9,3,12,3,32.11666666666667,172.0,4.0,10.21,92.5,0.8125,403.9079204052099,6.610971622945178,0.925,1.7629774730656218,2.45945945945946
2022-05-05 12:00:00,12,39,0,4,16,16,3,26,12,2,14,2,33.11666666666667,170.5,4.0,10.21,97.5,0.9519230769230768,439.7696136034732,8.939250734573946,0.975,2.5465230166503425,2.5384615384615383
2022-05-05 13:00:00,13,36,0,3,13,17,3,16,12,2,14,2,34.11666666666667,178.5,4.0,10.21,90.0,0.8461538461538461,438.9746136034733,6.030667101969748,0.9,1.5670910871694417,2.4444444444444446
2022-05-05 14:00:00,14,37,0,4,18,13,2,23,11,4,15,4,35.11666666666667,187.0,4.0,10.21,92.5,0.98,461.8962272069464,8.416593429864731,0.925,2.252693437806072,2.6486486486486487
2022-05-05 15:00:00,15,33,0,5,18,7,3,23,12,4,16,4,36.11666666666667,223.0,4.0,10.21,82.5,0.9479166666666666,472.3562272069464,8.486972813344018,0.825,2.252693437806072,2.757575757575758
2022-05-05 16:00:00,16,39,0,8,20,7,4,35,10,6,16,6,37.11666666666667,237.5,4.0,10.21,97.5,1.1458333333333333,492.6028408104197,12.418751098721716,0.975,3.4280117531831533,2.8205128205128207
2022-05-05 17:00:00,17,42,0,8,24,9,1,24,13,6,19,6,38.11666666666667,207.0,4.0,10.21,105.0,1.4642857142857142,544.8778408104197,9.959007275780046,1.05,2.3506366307541624,2.9285714285714284
2022-05-05 18:00:00,18,45,0,7,30,6,2,22,12,5,17,5,39.11666666666667,217.0,4.0,10.21,112.5,1.434782608695652,529.2845340086831,9.62060071825008,1.125,2.1547502448579823,2.933333333333333
2022-05-05 19:00:00,19,35,0,6,24,5,0,17,9,5,14,5,40.11666666666667,243.0,4.0,10.21,87.5,1.0192307692307692,473.274534008683,7.692675248355953,0.875,1.6650342801175315,3.0285714285714285
2022-05-05 20:00:00,20,51,1,5,29,15,1,26,10,5,15,5,41.11666666666667,267.0,4.0,10.71,127.5,1.43,526.6345340086831,10.381905768843485,1.275,2.4276377217553686,2.803921568627451
2022-05-05 21:00:00,21,67,1,6,34,24,2,37,9,4,13,4,42.11666666666667,327.0,4.0,10.71,167.5,1.6759259259259258,538.9262272069465,13.857887383809246,1.675,3.454715219421101,2.701492537313433
2022-05-05 22:00:00,22,73,1,8,41,19,4,24,12,3,15,3,16.166666666666668,308.0,3.0,7.01,182.5,2.6933333333333334,431.3699204052098,14.523745920700367,1.825,3.4236804564907275,2.767123287671233
2022-05-05 23:00:00,23,42,1,8,29,4,0,20,12,3,15,3,17.166666666666668,206.0,3.0,7.01,105.0,1.76,370.5149204052098,12.266782147951906,1.05,2.8530670470756063,3.142857142857143
2022-05-06 00:00:00,0,44,0,8,28,7,1,24,14,3,17,3,18.166666666666668,153.0,3.0,7.01,110.0,1.8985507246376807,407.2449204052099,13.468230450006484,1.1,3.4236804564907275,2.977272727272727
2022-05-06 01:00:00,1,46,0,8,30,7,1,12,16,3,19,3,19.166666666666668,202.0,3.0,7.01,115.0,2.1746031746031744,443.9749204052098,8.523306766730757,1.15,1.7118402282453635,2.9782608695652173
2022-05-06 02:00:00,2,35,0,8,23,3,1,2,15,3,18,3,20.166666666666668,267.5,3.0,7.01,87.5,1.6363636363636365,412.6199204052099,3.5803749745261872,0.875,0.2853067047075606,3.085714285714286
2022-05-06 03:00:00,3,29,0,8,17,2,2,6,13,3,16,3,21.166666666666668,381.0,3.0,7.01,72.5,1.2361111111111112,378.58992040520985,4.851789315755817,0.725,0.8559201141226819,3.0689655172413794
2022-05-06 04:00:00,4,29,0,8,18,2,1,6,12,3,15,3,22.166666666666668,489.0,3.0,7.01,72.5,1.2133333333333334,370.8299204052098,4.960818289143588,0.725,0.8559201141226819,3.1379310344827585
2022-05-06 05:00:00,5,25,0,8,15,2,0,1,11,3,14,3,23.166666666666668,636.5,3.0,7.01,62.5,1.0384615384615383,354.48992040520983,2.4871968616262485,0.625,0.1426533523537803,3.24
2022-05-06 06:00:00,6,22,0,8,12,2,0,0,11,3,14,3,24.166666666666668,696.5,3.0,7.01,55.00000000000001,0.9230769230769232,353.6949204052098,1.8000000000000005,0.55,0.0,3.272727272727273
2022-05-06 07:00:00,7,24,0,8,14,2,0,7,12,3,15,3,25.166666666666668,669.0,3.0,7.01,60.0,1.04,377.02492040520985,5.195363766048502,0.6,0.9985734664764624,3.25
2022-05-06 08:00:00,8,30,0,8,15,5,2,11,12,3,15,3,26.166666666666668,729.0,3.0,6.72,75.0,1.1866666666666668,395.53492040520985,7.081150793650794,0.75,1.636904761904762,2.966666666666667
2022-05-06 09:00:00,9,33,1,8,14,5,5,21,12,3,15,3,27.166666666666668,789.0,3.0,6.72,82.5,1.2533333333333334,407.6099204052099,11.251515151515152,0.825,3.125,2.8484848484848486
2022-05-06 10:00:00,10,31,1,12,14,1,3,27,17,3,20,3,28.166666666666668,694.5,4.0,10.06,77.5,1.25,475.9599204052098,11.157731033155905,0.775,2.6838966202783303,3.225806451612903
2022-05-06 11:00:00,11,35,1,12,17,2,3,26,20,3,23,3,29.166666666666668,528.0,4.0,10.06,87.5,1.6323529411764706,530.3799204052098,10.97153507526271,0.875,2.584493041749503,3.1714285714285717
2022-05-06 12:00:00,12,42,2,13,18,3,6,26,21,4,25,4,30.166666666666668,337.0,4.0,10.06,105.0,2.1333333333333333,578.7032272069464,11.076550222474676,1.05,2.584493041749503,3.0476190476190474
2022-05-06 13:00:00,13,34,1,14,13,3,3,16,18,3,21,3,31.166666666666668,233.0,4.0,10.06,85.0,1.4342105263157894,512.7149204052099,7.823818851596305,0.85,1.5904572564612327,3.2058823529411766
2022-05-06 14:00:00,14,33,0,15,12,2,4,20,15,2,17,2,32.166666666666664,293.0,4.0,10.06,82.5,1.1304347826086956,461.7416136034732,8.865437676968492,0.825,1.988071570576541,3.1515151515151514
2022-05-06 15:00:00,15,31,0,14,9,2,6,26,15,1,16,1,33.166666666666664,348.0,4.0,10.06,77.5,0.96875,448.82330680173663,10.07847912524851,0.775,2.584493041749503,3.0
2022-05-06 16:00:00,16,25,0,11,8,1,5,17,11,0,11,0,34.166666666666664,387.0,4.0,10.06,62.5,0.646551724137931,373.725,6.944582504970179,0.625,1.68986083499006,3.0
2022-05-06 17:00:00,17,37,2,11,10,11,3,22,11,1,12,1,35.166666666666664,280.0,4.0,10.06,92.5,0.9732142857142856,419.3733068017366,9.167426521949388,0.925,2.186878727634195,2.945945945945946
2022-05-06 18:00:00,18,41,2,9,12,17,1,23,12,2,14,2,36.16666666666666,177.5,4.0,10.06,102.5,1.125,461.2616136034732,9.449269020026184,1.025,2.286282306163022,2.8536585365853657
2022-05-06 19:00:00,19,38,2,7,8,21,0,23,7,2,9,2,28.566666666666663,145.0,4.0,10.06,95.0,0.8387096774193549,344.9626136034732,8.857193680025114,0.95,2.286282306163022,2.736842105263158
2022-05-06 20:00:00,20,34,2,6,12,14,0,21,7,2,9,2,29.566666666666663,170.0,4.0,10.62,85.0,0.7903225806451613,342.02261360347325,8.149567962778331,0.85,1.9774011299435024,2.8823529411764706
2022-05-06 21:00:00,21,31,0,7,11,13,0,29,8,0,8,0,30.566666666666663,147.5,4.0,10.62,77.5,0.6796875,326.091,9.838568434481502,0.775,2.7306967984934083,2.806451612903226
2022-05-06 22:00:00,22,33,0,9,10,8,6,25,7,0,7,0,31.566666666666663,139.0,3.0,7.28,82.5,0.8888888888888888,322.621,11.357509157509156,0.825,3.434065934065934,2.6666666666666665
2022-05-06 23:00:00,23,44,1,9,18,13,3,27,12,0,12,0,32.56666666666667,150.0,3.0,7.28,110.0,1.4761904761904765,418.856,13.552047952047952,1.1,3.708791208791209,2.8181818181818183
2022-05-07 00:00:00,0,31,1,10,13,7,0,15,11,0,11,0,33.56666666666667,224.0,3.0,7.28,77.5,1.1264367816091954,383.211,8.963647642679899,0.775,2.06043956043956,3.161290322580645
2022-05-07 01:00:00,1,25,1,9,12,3,0,9,10,1,11,1,27.55,284.0,3.0,7.28,62.5,0.9540229885057472,337.27530680173663,6.179395604395604,0.625,1.2362637362637363,3.32
2022-05-07 02:00:00,2,27,2,9,12,4,0,9,12,1,13,1,28.55,239.0,3.0,7.28,67.5,1.1111111111111112,374.0053068017367,6.370879120879121,0.675,1.2362637362637363,3.333333333333333
2022-05-07 03:00:00,3,25,2,8,13,2,0,2,13,1,14,1,29.55,289.0,3.0,7.28,62.5,1.0897435897435896,388.7553068017367,3.059065934065934,0.625,0.2747252747252747,3.4
2022-05-07 04:00:00,4,23,1,8,12,1,1,4,13,1,14,1,30.55,349.0,3.0,7.28,57.49999999999999,0.9743589743589745,390.10530680173656,3.715575728619207,0.575,0.5494505494505494,3.3043478260869565
2022-05-07 05:00:00,5,20,1,8,10,1,0,2,12,1,13,1,31.55,419.0,3.0,7.28,50.0,0.8518518518518519,375.9103068017366,2.6728021978021976,0.5,0.2747252747252747,3.45
2022-05-07 06:00:00,6,23,1,9,9,2,2,11,12,1,13,1,32.55,479.0,3.0,7.28,57.49999999999999,0.9135802469135802,387.98530680173656,6.711442904921166,0.575,1.510989010989011,3.217391304347826
2022-05-07 07:00:00,7,19,1,9,8,1,0,4,12,1,13,1,33.55,539.0,3.0,7.28,47.5,0.8271604938271605,385.0453068017366,3.612536148062464,0.475,0.5494505494505494,3.526315789473684
2022-05-07 08:00:00,8,30,1,9,9,9,2,13,13,1,14,1,34.55,589.0,3.0,8.120000000000001,75.0,1.1282051282051282,427.68030680173655,6.8962233169129705,0.75,1.6009852216748766,2.933333333333333
2022-05-07 09:00:00,9,29,2,10,9,2,6,21,11,3,14,3,35.55,630.0,3.0,8.120000000000001,72.5,1.1153846153846154,432.9119204052098,9.933620689655172,0.725,2.586206896551724,3.0
2022-05-07 10:00:00,10,45,2,11,14,5,13,26,12,4,16,4,36.55,615.0,4.0,11.21,112.5,1.2395833333333333,500.5402272069464,9.108412627614232,1.125,2.31935771632471,2.6444444444444444
2022-05-07 11:00:00,11,41,2,10,18,3,8,28,13,4,17,4,37.55,218.0,4.0,11.21,102.5,1.2826086956521738,511.0002272069464,10.138703465982028,1.025,2.497769848349688,2.8780487804878048
2022-05-07 12:00:00,12,37,2,9,16,9,1,30,10,4,14,4,38.55,202.5,4.0,11.21,92.5,1.0865384615384617,467.8602272069464,10.998204426549654,0.925,2.676181980374665,3.054054054054054
2022-05-07 13:00:00,13,52,2,11,21,7,11,34,13,5,18,5,39.55,130.5,4.0,11.21,130.0,1.6136363636363635,560.1435340086831,11.832440129005697,1.3,3.033006244424621,2.730769230769231
2022-05-07 14:00:00,14,56,1,11,19,7,18,30,12,4,16,4,16.7,158.5,4.0,11.21,140.0,1.4375,412.18122720694646,10.04487702306614,1.4,2.676181980374665,2.4642857142857144
2022-05-07 15:00:00,15,46,2,6,20,7,11,21,11,2,13,2,17.7,150.0,4.0,11.21,115.0,1.101851851851852,354.4346136034732,7.821216499243688,1.15,1.8733273862622657,2.5869565217391304
2022-05-07 16:00:00,16,39,1,4,20,7,7,24,10,1,11,1,18.7,200.0,4.0,11.21,97.5,0.8793103448275862,317.3913068017366,8.149396143553146,0.975,2.140945584299732,2.6153846153846154
2022-05-07 17:00:00,17,40,1,3,15,7,14,31,8,2,10,2,19.7,206.5,4.0,11.21,100.0,0.75,312.6446136034732,8.472123104371097,1.0,2.7653880463871543,2.25
2022-05-07 18:00:00,18,54,1,3,17,10,23,35,9,2,11,2,20.7,204.0,4.0,11.21,135.0,0.956896551724138,361.7146136034732,9.192880860342946,1.35,3.1222123104371096,2.055555555555556
2022-05-07 19:00:00,19,59,1,4,21,6,27,40,9,2,11,2,21.7,260.0,4.0,11.21,147.5,1.0603448275862069,378.0796136034732,10.513878725109238,1.475,3.568242640499553,2.0847457627118646
2022-05-07 20:00:00,20,67,1,6,24,4,32,38,9,3,12,3,22.7,151.5,4.0,10.4,167.5,1.2589285714285714,415.1479204052099,11.214437428243398,1.675,3.6538461538461537,2.1044776119402986
2022-05-07 21:00:00,21,59,0,8,21,5,25,23,9,3,12,3,23.7,178.0,4.0,10.4,147.5,1.1607142857142858,403.6279204052098,8.122881355932204,1.475,2.2115384615384617,2.2033898305084745
2022-05-07 22:00:00,22,46,0,6,19,4,17,21,7,3,10,3,24.7,238.0,3.0,7.31,115.0,1.1777777777777778,354.58292040520985,9.269877475762804,1.15,2.8727770177838576,2.3043478260869565
2022-05-07 23:00:00,23,33,0,7,14,3,9,21,5,2,7,2,25.7,222.0,3.0,7.31,82.5,0.8585858585858586,291.2696136034732,9.524577167019029,0.825,2.8727770177838576,2.575757575757576
2022-05-08 00:00:00,0,27,0,9,14,1,3,16,5,1,6,1,26.7,261.5,3.0,7.31,67.5,0.8137254901960784,269.7713068017366,8.803479505497288,0.675,2.188782489740082,3.074074074074074
2022-05-08 01:00:00,1,23,0,7,13,2,1,10,4,1,5,1,27.7,342.0,3.0,7.31,57.49999999999999,0.6857142857142857,253.43130680173655,6.082400523404508,0.575,1.3679890560875512,3.130434782608696
2022-05-08 02:00:00,2,23,0,6,15,1,1,10,4,1,5,1,28.7,402.0,3.0,7.31,57.49999999999999,0.6857142857142857,259.07130680173657,6.082400523404508,0.575,1.3679890560875512,3.130434782608696
2022-05-08 03:00:00,3,21,0,5,13,1,2,6,5,1,6,1,29.7,363.5,3.0,7.31,52.5,0.6176470588235294,273.82130680173657,4.037380300957592,0.525,0.8207934336525308,3.0
2022-05-08 04:00:00,4,20,0,4,12,3,1,7,5,1,6,1,30.7,423.5,3.0,7.31,50.0,0.5784313725490197,277.31630680173663,4.299897400820793,0.5,0.9575923392612858,2.95
2022-05-08 05:00:00,5,22,0,4,15,3,0,9,5,1,6,1,31.7,483.5,3.0,7.31,55.00000000000001,0.6568627450980392,287.24630680173664,5.424533640094515,0.55,1.231190150478796,3.0454545454545454
2022-05-08 06:00:00,6,22,0,4,13,1,4,7,5,1,6,1,32.7,543.5,3.0,7.31,55.00000000000001,0.5980392156862745,292.8863068017366,4.180142395224475,0.55,0.9575923392612858,2.772727272727273
2022-05-08 07:00:00,7,15,0,3,11,0,1,1,5,1,6,1,33.7,603.5,3.0,7.31,37.5,0.4509803921568627,283.5113068017366,1.569516643866849,0.375,0.1367989056087551,3.066666666666667
2022-05-08 08:00:00,8,13,1,2,10,0,0,11,6,1,7,1,22.116666666666667,565.0,3.0,7.51,32.5,0.4343434343434343,227.2913068017366,5.919822288231076,0.325,1.4647137150466043,3.3076923076923075
2022-05-08 09:00:00,9,18,1,2,11,0,4,16,5,2,7,2,23.116666666666667,465.0,3.0,7.51,45.0,0.5050505050505051,244.5246136034732,7.168035212309514,0.45,2.130492676431425,2.7777777777777777
2022-05-08 10:00:00,10,22,1,3,9,3,6,25,5,2,7,2,24.116666666666667,525.0,4.0,10.83,55.00000000000001,0.4242424242424242,258.7446136034732,7.275933853773189,0.55,2.308402585410896,2.5454545454545454
2022-05-08 11:00:00,11,47,1,5,12,7,22,36,7,2,9,2,25.116666666666667,184.0,4.0,10.83,117.5,0.782258064516129,344.8096136034732,9.28537602404668,1.175,3.324099722991689,2.0638297872340425
2022-05-08 12:00:00,12,60,1,9,14,6,30,33,7,3,10,3,26.116666666666667,118.5,4.0,10.83,150.0,1.0416666666666667,392.6029204052098,9.473107109879964,1.5,3.047091412742382,2.083333333333333
2022-05-08 13:00:00,13,83,1,8,22,12,40,38,10,3,13,3,27.116666666666667,131.0,4.0,10.83,207.50000000000003,1.5462962962962965,487.7779204052098,11.23481822024942,2.075,3.508771929824561,2.0120481927710845
2022-05-08 14:00:00,14,100,1,10,24,25,40,37,9,4,13,4,28.116666666666667,131.0,4.0,10.83,250.0,1.9166666666666667,530.7512272069465,12.24702216066482,2.5,3.4164358264081254,2.07
2022-05-08 15:00:00,15,68,0,11,20,22,15,35,8,5,13,5,29.116666666666667,176.0,4.0,10.83,170.0,1.5092592592592593,468.619534008683,11.82172749986421,1.7,3.2317636195752537,2.397058823529412
2022-05-08 16:00:00,16,43,0,12,18,4,9,27,9,5,14,5,30.116666666666667,218.5,4.0,10.83,107.5,1.1442307692307692,434.0345340086831,9.874439541325776,1.075,2.4930747922437675,2.7674418604651163
2022-05-08 17:00:00,17,56,0,10,15,3,28,36,10,5,15,5,31.116666666666667,226.0,4.0,10.83,140.0,1.19,480.9595340086831,10.03871191135734,1.4,3.324099722991689,2.125
2022-05-08 18:00:00,18,71,0,11,16,2,42,48,10,4,14,4,19.416666666666668,259.5,4.0,10.83,177.5,1.3269230769230769,432.87822720694646,12.064568296203818,1.775,4.43213296398892,1.943661971830986
2022-05-08 19:00:00,19,82,1,8,17,2,54,42,10,3,13,3,20.416666666666668,312.0,4.0,10.83,205.0,1.351851851851852,447.8449204052098,10.554938855482735,2.05,3.878116343490305,1.7804878048780488
2022-05-08 20:00:00,20,81,1,8,18,1,53,28,8,3,11,3,9.183333333333334,304.0,4.0,11.38,202.5,1.2586206896551724,355.5439204052098,8.084897697932261,2.025,2.460456942003515,1.8024691358024687
2022-05-08 21:00:00,21,90,1,7,17,1,64,33,11,4,15,4,10.183333333333334,261.0,4.0,11.38,225.0,1.5,434.9572272069464,8.58304042179262,2.25,2.899824253075572,1.6666666666666667
2022-05-08 22:00:00,22,76,1,5,16,1,53,37,11,3,14,3,11.183333333333334,331.5,3.0,8.059999999999999,190.0,1.641025641025641,396.2989204052098,10.931487527752385,1.9,4.590570719602979,1.6842105263157894
2022-05-08 23:00:00,23,72,1,4,15,2,50,28,11,1,12,1,12.183333333333334,391.5,3.0,8.059999999999999,180.0,1.4285714285714286,364.8223068017366,8.78990901571547,1.8,3.4739454094292808,1.6666666666666667
2022-05-09 00:00:00,0,66,1,4,18,2,41,31,11,1,12,1,13.183333333333334,451.5,3.0,8.059999999999999,165.0,1.4285714285714286,357.5923068017366,9.993006993006995,1.65,3.846153846153847,1.818181818181818
2022-05-09 01:00:00,1,48,1,4,15,3,25,15,11,1,12,1,14.183333333333334,511.5,3.0,8.059999999999999,120.0,1.1547619047619049,324.6223068017366,6.185856079404467,1.2,1.861042183622829,2.020833333333333
2022-05-09 02:00:00,2,44,1,4,16,2,21,18,11,1,12,1,15.183333333333334,571.5,3.0,8.059999999999999,110.0,1.119047619047619,321.6823068017367,7.121035416196706,1.1,2.2332506203473947,2.136363636363636
2022-05-09 03:00:00,3,24,1,4,15,1,3,6,12,1,13,1,16.183333333333334,621.0,3.0,8.059999999999999,60.0,0.8765432098765432,297.82230680173666,3.977233250620348,0.6,0.7444168734491317,2.958333333333333
2022-05-09 04:00:00,4,27,2,4,14,2,5,8,12,2,14,2,17.183333333333334,647.0,3.0,8.059999999999999,67.5,0.9871794871794872,324.1656136034732,4.755622185460895,0.675,0.9925558312655088,2.851851851851852
2022-05-09 05:00:00,5,26,2,5,14,1,4,3,13,3,16,3,18.183333333333334,638.5,3.0,8.059999999999999,65.0,1.0833333333333333,355.32892040520983,3.066625310173697,0.65,0.3722084367245658,3.0
2022-05-09 06:00:00,6,26,2,5,15,2,2,4,14,3,17,3,19.183333333333334,664.0,3.0,8.059999999999999,65.0,1.173913043478261,374.3689204052098,3.5710965833174275,0.65,0.4962779156327544,3.1153846153846154
2022-05-09 07:00:00,7,27,1,5,17,1,3,8,14,3,17,3,20.183333333333334,724.0,3.0,8.059999999999999,67.5,1.173913043478261,382.1539204052099,5.002667493796527,0.675,0.9925558312655088,3.0
2022-05-09 08:00:00,8,38,1,6,16,2,13,18,14,3,17,3,21.183333333333334,784.0,3.0,6.72,95.0,1.3623188405797102,411.3889204052098,8.975939849624062,0.95,2.678571428571429,2.473684210526316
2022-05-09 09:00:00,9,35,0,6,18,8,3,21,11,3,14,3,21.98333333333333,581.5,3.0,6.72,87.5,1.2435897435897436,369.2659204052098,11.085714285714284,0.875,3.125,2.771428571428572
2022-05-09 10:00:00,10,42,1,7,18,12,4,32,13,4,17,4,22.98333333333333,422.0,4.0,10.04,105.0,1.25,430.98922720694645,11.601996774805542,1.05,3.1872509960159365,2.738095238095238
2022-05-09 11:00:00,11,44,2,5,21,13,3,34,14,5,19,5,23.98333333333333,399.0,4.0,10.04,110.0,1.4523809523809523,468.5875340086831,12.439713871785589,1.1,3.3864541832669324,2.772727272727273
2022-05-09 12:00:00,12,48,2,7,23,13,3,38,15,5,20,5,24.98333333333333,429.0,4.0,10.04,120.0,1.7,496.2075340086831,14.123771580345288,1.2,3.784860557768925,2.833333333333333
2022-05-09 13:00:00,13,53,2,9,24,16,2,34,15,6,21,6,25.98333333333333,459.0,4.0,10.04,132.5,2.0,526.8408408104196,13.512095016161767,1.325,3.3864541832669324,2.8679245283018866
2022-05-09 14:00:00,14,42,3,8,20,8,3,26,13,6,19,6,26.98333333333333,436.0,4.0,10.04,105.0,1.5,482.08584081041965,10.918924302788843,1.05,2.589641434262949,3.0
2022-05-09 15:00:00,15,52,3,8,23,11,7,32,15,6,21,6,27.98333333333333,337.0,4.0,10.04,130.0,1.9078947368421053,535.9758408104198,12.512526815813668,1.3,3.1872509960159365,2.7884615384615383
2022-05-09 16:00:00,16,53,4,7,22,16,4,37,17,5,22,5,28.98333333333333,346.5,4.0,10.04,132.5,2.083333333333333,556.2925340086831,14.179978200405923,1.325,3.6852589641434266,2.830188679245283
2022-05-09 17:00:00,17,50,3,10,21,4,12,29,19,5,24,5,29.98333333333333,385.0,4.0,10.04,125.0,2.15625,582.2975340086831,11.42211155378486,1.25,2.8884462151394423,2.76
2022-05-09 18:00:00,18,48,3,6,23,3,13,32,17,4,21,4,30.98333333333333,440.0,4.0,10.04,120.0,1.6710526315789471,542.5792272069465,11.607934926958832,1.2,3.1872509960159365,2.645833333333333
2022-05-09 19:00:00,19,59,3,5,27,3,21,35,18,3,21,3,31.98333333333333,500.0,4.0,10.04,147.5,1.881578947368421,570.9459204052099,12.024253832129114,1.475,3.4860557768924307,2.4237288135593222
2022-05-09 20:00:00,20,43,3,5,25,2,8,35,16,3,19,3,32.983333333333334,570.0,4.0,11.16,107.5,1.4523809523809523,515.4659204052098,11.948057847795283,1.075,3.1362007168458783,2.8372093023255816
2022-05-09 21:00:00,21,41,4,5,23,0,9,26,13,4,17,4,31.45,471.0,4.0,11.16,102.5,1.2826086956521738,476.5962272069465,9.655131567444704,1.025,2.3297491039426523,2.8780487804878048
2022-05-09 22:00:00,22,70,4,6,31,9,20,32,13,3,16,3,32.45,451.0,3.0,7.84,175.0,2.430555555555556,530.1729204052099,14.57908163265306,1.75,4.081632653061225,2.5
2022-05-09 23:00:00,23,50,4,5,22,1,18,36,11,4,15,4,33.45,392.0,3.0,7.84,125.0,1.68,480.3812272069465,14.721428571428572,1.25,4.591836734693878,2.52
2022-05-10 00:00:00,0,54,3,5,23,3,20,28,11,3,14,3,34.45,394.5,3.0,7.84,135.0,1.6666666666666667,480.33292040520985,11.847883597883598,1.35,3.571428571428572,2.4074074074074074
2022-05-10 01:00:00,1,57,3,7,20,13,14,19,10,5,15,5,35.45,385.0,3.0,7.84,142.5,1.9066666666666667,507.5445340086831,9.654931972789116,1.425,2.423469387755102,2.508771929824561
2022-05-10 02:00:00,2,30,3,7,18,1,1,11,9,5,14,5,36.45,413.0,3.0,7.84,75.0,1.2820512820512822,441.8695340086831,7.17687074829932,0.75,1.403061224489796,3.333333333333333
2022-05-10 03:00:00,3,31,3,7,17,3,1,8,8,5,13,5,37.45,505.0,3.0,7.84,77.5,1.2469135802469136,436.2545340086831,5.849555628703095,0.775,1.020408163265306,3.2580645161290325
2022-05-10 04:00:00,4,25,2,6,13,2,2,10,8,4,12,4,38.45,571.0,3.0,7.84,62.5,0.9404761904761904,414.7562272069465,6.005612244897959,0.625,1.2755102040816326,3.16
2022-05-10 05:00:00,5,23,2,7,11,1,2,7,10,4,14,4,39.45,593.0,3.0,7.84,57.49999999999999,0.9615384615384616,442.9062272069464,4.786490683229814,0.575,0.8928571428571429,3.260869565217391
2022-05-10 06:00:00,6,21,2,5,11,0,3,6,10,2,12,2,40.45,653.0,3.0,7.84,52.5,0.7857142857142857,415.7196136034733,4.055247813411079,0.525,0.7653061224489796,3.142857142857143
2022-05-10 07:00:00,7,25,2,6,11,0,6,16,10,2,12,2,41.45,713.0,3.0,7.84,62.5,0.8690476190476191,429.9396136034733,7.784183673469387,0.625,2.0408163265306123,2.92
2022-05-10 08:00:00,8,27,2,4,14,3,4,18,11,2,13,2,42.45,741.0,3.0,6.35,67.5,0.9629629629629628,453.26961360347326,10.138976377952757,0.675,2.834645669291339,2.888888888888889
2022-05-10 09:00:00,9,36,2,4,14,15,1,27,14,2,16,2,43.45,674.0,3.0,6.35,90.0,1.375,518.4146136034733,14.167913385826774,0.9,4.251968503937008,2.75
2022-05-10 10:00:00,10,41,2,3,16,15,5,36,14,1,15,1,44.45,679.0,4.0,9.69,102.5,1.05,520.5113068017366,12.139460469682096,1.025,3.715170278637771,2.5609756097560976
2022-05-10 11:00:00,11,39,2,4,21,9,3,30,16,2,18,2,45.45,300.5,4.0,9.69,97.5,1.25,562.9296136034733,11.482237834405018,0.975,3.095975232198142,2.8205128205128207
2022-05-10 12:00:00,12,35,2,7,18,6,2,27,16,2,18,2,46.45,266.5,4.0,9.69,87.5,1.2045454545454546,559.9896136034733,11.08874391862008,0.875,2.7863777089783284,3.0285714285714285
2022-05-10 13:00:00,13,46,3,6,25,9,3,32,16,2,18,2,47.45,326.5,4.0,9.69,115.0,1.5340909090909092,589.2246136034732,13.0667485529681,1.15,3.302373581011352,2.9347826086956523
2022-05-10 14:00:00,14,44,2,8,21,9,4,29,14,3,17,3,48.45,270.0,4.0,9.69,110.0,1.3804347826086956,578.0429204052098,11.81323998498921,1.1,2.992776057791538,2.886363636363636
2022-05-10 15:00:00,15,38,3,6,19,8,2,25,13,3,16,3,49.45,205.5,4.0,9.69,95.0,1.1875,557.4129204052099,10.589938080495358,0.95,2.579979360165119,3.0
2022-05-10 16:00:00,16,42,2,4,19,12,5,28,10,3,13,3,50.45,150.0,4.0,9.69,105.0,1.037037037037037,531.4329204052099,10.505538355693156,1.05,2.889576883384933,2.6666666666666665
2022-05-10 17:00:00,17,59,1,4,24,25,5,35,10,1,11,1,8.8,210.0,4.0,9.69,147.5,1.2758620689655171,304.45530680173664,12.760537685190044,1.475,3.6119711042311664,2.5084745762711864
2022-05-10 18:00:00,18,37,1,4,19,9,4,24,11,1,12,1,9.8,233.5,4.0,9.69,92.5,0.8928571428571429,276.3053068017366,9.194000502050038,0.925,2.476780185758514,2.702702702702702
2022-05-10 19:00:00,19,24,2,3,15,4,0,19,12,0,12,0,6.466666666666667,227.0,4.0,9.69,60.0,0.6696428571428571,228.752,8.002450980392158,0.6,1.9607843137254903,3.125
2022-05-10 20:00:00,20,45,4,3,24,13,1,33,12,0,12,0,7.466666666666667,141.5,4.0,11.63,112.5,1.1696428571428572,279.437,11.53524648896532,1.125,2.837489251934652,2.911111111111111
2022-05-10 21:00:00,21,49,3,4,26,14,2,28,12,0,12,0,5.35,100.0,4.0,11.63,122.5,1.2410714285714286,276.079,10.30462780985137,1.225,2.4075666380051595,2.836734693877551
2022-05-10 22:00:00,22,46,2,4,28,9,3,20,14,0,14,0,5.916666666666667,117.5,3.0,8.29,115.0,1.6794871794871795,299.64,10.145509256831176,1.15,2.4125452352231607,2.847826086956522
2022-05-10 23:00:00,23,59,2,4,33,7,13,26,13,0,13,0,6.916666666666667,160.0,3.0,8.29,147.5,1.876543209876543,319.765,11.87998200813723,1.475,3.136308805790109,2.5762711864406778
2022-05-11 00:00:00,0,51,2,4,25,11,9,17,12,0,12,0,7.916666666666667,217.5,3.0,8.29,127.5,1.5714285714285714,294.845,8.607599517490954,1.275,2.0506634499396865,2.588235294117647
2022-05-11 01:00:00,1,30,2,3,15,9,1,8,10,0,10,0,6.083333333333333,272.5,3.0,8.29,75.0,0.9555555555555556,212.66,4.916385203055891,0.75,0.9650180940892644,2.8666666666666667
2022-05-11 02:00:00,2,19,2,2,12,3,0,7,10,1,11,1,7.083333333333333,330.0,3.0,8.29,47.5,0.6896551724137931,208.9733068017366,4.166497365246651,0.475,0.8443908323281062,3.1578947368421053
2022-05-11 03:00:00,3,15,3,2,10,0,0,6,8,2,10,2,8.083333333333334,364.5,3.0,8.29,37.5,0.5888888888888889,193.50161360347323,3.882297949336551,0.375,0.7237635705669482,3.533333333333333
2022-05-11 04:00:00,4,17,3,2,10,1,1,4,8,2,10,2,9.083333333333334,424.5,3.0,8.29,42.5,0.6222222222222222,203.43161360347324,2.9894415667352585,0.425,0.4825090470446321,3.294117647058824
2022-05-11 05:00:00,5,22,2,2,15,2,1,10,9,1,10,1,10.083333333333334,484.5,3.0,8.29,55.00000000000001,0.7555555555555555,218.92830680173665,5.42847899989034,0.55,1.2062726176115803,3.090909090909091
2022-05-11 06:00:00,6,20,2,2,12,3,1,9,8,1,9,1,11.083333333333334,570.0,3.0,8.29,50.0,0.6559139784946236,206.8783068017366,4.836218335343787,0.5,1.0856453558504222,3.05
2022-05-11 07:00:00,7,17,2,2,11,1,1,5,8,1,9,1,12.083333333333334,630.0,3.0,8.29,42.5,0.5806451612903226,206.08330680173663,3.2658447456183923,0.425,0.6031363088057902,3.176470588235294
2022-05-11 08:00:00,8,19,2,3,11,3,0,16,8,0,8,0,13.083333333333334,692.5,3.0,6.359999999999999,47.5,0.6354166666666666,201.745,9.601795762992388,0.475,2.515723270440252,3.210526315789474
2022-05-11 09:00:00,9,25,2,5,12,0,6,22,7,0,7,0,14.083333333333334,750.0,3.0,6.359999999999999,62.5,0.7272727272727273,206.855,11.762264150943397,0.625,3.459119496855346,2.88
2022-05-11 10:00:00,10,30,2,7,13,3,5,30,8,0,8,0,15.083333333333334,408.5,4.0,9.82,75.0,0.6875,236.62,11.161303462321792,0.75,3.054989816700611,2.933333333333333
2022-05-11 11:00:00,11,38,2,9,16,4,7,34,11,0,11,0,16.083333333333332,119.0,4.0,9.82,95.0,0.9396551724137931,299.62,12.656396719905668,0.95,3.4623217922606924,2.8684210526315788
2022-05-11 12:00:00,12,47,3,8,16,4,16,33,12,0,12,0,17.083333333333332,160.0,4.0,9.82,117.5,1.0625,337.96500000000003,11.48347163842787,1.175,3.360488798370672,2.5319148936170213
2022-05-11 13:00:00,13,42,3,9,16,7,7,15,14,0,14,0,18.08333333333333,192.0,4.0,9.82,105.0,1.1538461538461535,359.67999999999995,7.364271166715159,1.05,1.5274949083503055,2.857142857142857
2022-05-11 14:00:00,14,31,3,7,16,3,2,28,12,0,12,0,17.583333333333332,190.5,4.0,9.82,77.5,0.8839285714285714,306.46500000000003,11.580840614939884,0.775,2.8513238289205702,3.193548387096774
2022-05-11 15:00:00,15,26,2,5,15,4,0,25,12,0,12,0,18.58333333333333,250.5,4.0,9.82,65.0,0.7410714285714286,301.38,10.202056243145856,0.65,2.545824847250509,3.1923076923076925
2022-05-11 16:00:00,16,33,4,3,15,6,5,26,16,0,16,0,19.58333333333333,184.0,4.0,9.82,82.5,0.9791666666666666,375.635,9.891813244460902,0.825,2.6476578411405294,2.8484848484848486
2022-05-11 17:00:00,17,34,4,3,16,9,2,24,17,0,17,0,20.58333333333333,228.0,4.0,9.82,85.0,1.0869565217391304,396.82,9.688211333413202,0.85,2.4439918533604885,2.9411764705882355
2022-05-11 18:00:00,18,32,5,3,14,10,0,23,18,0,18,0,21.58333333333333,227.0,4.0,9.82,80.0,1.125,411.5700000000001,9.72105397148676,0.8,2.3421588594704685,3.09375
2022-05-11 19:00:00,19,30,3,2,17,7,1,20,15,0,15,0,22.58333333333333,348.0,4.0,9.82,75.0,0.89,372.72,8.267090970807875,0.75,2.0366598778004072,2.966666666666667
2022-05-11 20:00:00,20,43,3,3,18,10,9,32,12,0,12,0,10.983333333333333,316.5,4.0,10.11,107.5,0.9821428571428572,294.981,10.84697973454788,1.075,3.1651829871414443,2.558139534883721
2022-05-11 21:00:00,21,45,2,3,20,18,2,34,10,0,10,0,11.983333333333333,327.5,4.0,10.11,112.5,1.0,278.111,11.968018463567423,1.125,3.3630069238377844,2.6666666666666665
2022-05-11 22:00:00,22,55,2,5,20,20,8,22,11,0,11,0,12.983333333333333,310.0,3.0,6.65,137.5,1.5862068965517242,318.601,11.750751879699248,1.375,3.308270676691729,2.5090909090909093
2022-05-11 23:00:00,23,31,2,5,19,4,1,22,11,0,11,0,13.983333333333333,370.0,3.0,6.65,77.5,1.103448275862069,272.761,12.644967256851803,0.775,3.308270676691729,3.096774193548387
2022-05-12 00:00:00,0,21,2,2,15,2,0,14,9,0,9,0,14.983333333333333,585.0,3.0,6.65,52.5,0.7204301075268817,230.151,8.391791979949875,0.525,2.1052631578947367,3.1904761904761907
2022-05-12 01:00:00,1,20,2,2,12,4,0,9,9,0,9,0,15.983333333333333,645.0,3.0,6.65,50.0,0.6666666666666666,233.646,5.745488721804511,0.5,1.3533834586466165,3.1
2022-05-12 02:00:00,2,19,2,1,11,5,0,9,9,0,9,0,16.983333333333334,705.0,3.0,6.65,47.5,0.6129032258064516,237.141,5.485150375939849,0.475,1.3533834586466165,3.0
2022-05-12 03:00:00,3,16,2,1,9,4,0,6,8,0,8,0,17.983333333333334,796.5,3.0,6.65,40.0,0.5104166666666666,222.94600000000003,3.9881578947368417,0.4,0.9022556390977444,3.0625
2022-05-12 04:00:00,4,19,2,2,11,4,0,5,8,0,8,0,18.98333333333333,856.5,3.0,6.65,47.5,0.6145833333333334,235.021,3.809784329244162,0.475,0.7518796992481203,3.1052631578947367
2022-05-12 05:00:00,5,19,2,3,12,2,0,4,9,0,9,0,19.98333333333333,885.0,3.0,6.65,47.5,0.6666666666666666,254.06100000000004,3.512801741195093,0.475,0.6015037593984962,3.263157894736842
2022-05-12 06:00:00,6,15,1,2,10,2,0,2,8,0,8,0,19.266666666666666,867.5,3.0,6.65,37.5,0.4895833333333333,228.039,2.1173558897243105,0.375,0.3007518796992481,3.1333333333333333
2022-05-12 07:00:00,7,19,1,2,10,6,0,6,8,0,8,0,20.266666666666666,927.5,3.0,6.65,47.5,0.5729166666666666,242.259,3.986792639493471,0.475,0.9022556390977444,2.8947368421052637
2022-05-12 08:00:00,8,22,1,2,11,8,0,14,7,1,8,1,19.933333333333334,987.5,3.0,7.31,55.00000000000001,0.6458333333333334,247.68230680173664,6.947338639472703,0.55,1.915184678522572,2.8181818181818183
2022-05-12 09:00:00,9,27,3,2,15,4,3,23,8,2,10,2,20.33333333333333,463.5,3.0,7.31,67.5,0.8777777777777778,288.3316136034732,11.181059684855851,0.675,3.146374829001368,2.925925925925926
2022-05-12 10:00:00,10,29,3,2,18,2,4,20,12,2,14,2,21.33333333333333,93.0,4.0,11.010000000000002,72.5,0.8173076923076923,351.8616136034732,7.449313320179146,0.725,1.81653042688465,2.931034482758621
2022-05-12 11:00:00,11,25,2,3,16,1,3,18,12,1,13,1,22.33333333333333,127.0,4.0,11.010000000000002,62.5,0.6944444444444444,334.6533068017366,6.779632152588555,0.625,1.634877384196185,3.0
2022-05-12 12:00:00,12,33,3,2,16,6,6,19,14,2,16,2,23.33333333333333,156.5,4.0,11.010000000000002,82.5,0.9270833333333334,398.52161360347327,6.879171139184761,0.825,1.7257039055404175,2.696969696969697
2022-05-12 13:00:00,13,46,3,4,21,7,11,28,11,2,13,2,24.33333333333333,211.0,4.0,11.010000000000002,115.0,1.101851851851852,391.8466136034732,9.553999328673536,1.15,2.5431425976385102,2.5869565217391304
2022-05-12 14:00:00,14,41,3,4,21,7,6,20,16,2,18,2,25.33333333333333,179.0,4.0,11.010000000000002,102.5,1.2954545454545454,453.7616136034732,7.900840699142685,1.025,1.81653042688465,2.7804878048780486
2022-05-12 15:00:00,15,36,2,5,19,6,4,21,15,2,17,2,26.33333333333333,208.0,4.0,11.010000000000002,90.0,1.1195652173913044,435.2766136034732,8.032160157432637,0.9,1.9073569482288824,2.861111111111111
2022-05-12 16:00:00,16,34,2,7,15,4,6,21,14,2,16,2,22.45,249.5,4.0,11.010000000000002,85.0,1.0104166666666667,395.6846136034732,7.86657717582946,0.85,1.9073569482288824,2.8529411764705883
2022-05-12 17:00:00,17,45,3,6,20,7,9,28,17,1,18,1,23.45,270.5,4.0,11.010000000000002,112.5,1.3863636363636365,450.8513068017366,9.94474215359774,1.125,2.5431425976385102,2.7111111111111112
2022-05-12 18:00:00,18,49,4,6,22,7,10,26,19,2,21,2,24.45,268.0,4.0,11.010000000000002,122.5,1.763157894736842,506.1396136034733,9.807951027822572,1.225,2.361489554950045,2.7346938775510203
2022-05-12 19:00:00,19,33,4,7,19,3,0,7,16,2,18,2,25.45,157.0,4.0,11.010000000000002,82.5,1.2613636363636365,437.2596136034732,4.913551729832383,0.825,0.6357856494096276,3.363636363636364
2022-05-12 20:00:00,20,42,4,7,25,6,0,19,18,2,20,2,26.45,179.5,4.0,11.43,105.0,1.6875,489.0046136034732,8.71808211473566,1.05,1.6622922134733158,3.2142857142857144
2022-05-12 21:00:00,21,49,4,8,17,8,12,26,17,2,19,2,27.45,201.0,4.0,11.43,122.5,1.5595238095238095,496.2596136034732,9.35638268430732,1.225,2.2747156605424323,2.673469387755102
2022-05-12 22:00:00,22,34,4,7,14,3,6,22,13,3,16,3,28.45,210.0,3.0,7.73,85.0,1.4166666666666667,430.3929204052098,11.08816300129366,0.85,2.8460543337645534,3.0
2022-05-12 23:00:00,23,30,3,6,17,3,1,13,11,3,14,3,29.45,241.0,3.0,7.73,75.0,1.2435897435897436,400.6529204052098,7.862688658904701,0.75,1.6817593790426908,3.2333333333333334
2022-05-13 00:00:00,0,37,2,6,22,5,2,22,12,2,14,2,30.45,301.0,3.0,7.73,92.5,1.435897435897436,420.4396136034732,11.415083388692702,0.925,2.8460543337645534,3.027027027027027
2022-05-13 01:00:00,1,37,2,8,23,3,1,9,12,2,14,2,31.45,361.0,3.0,7.73,92.5,1.5128205128205128,426.0796136034732,6.663156882626482,0.925,1.1642949547218628,3.189189189189189
2022-05-13 02:00:00,2,28,2,6,15,5,0,7,7,2,9,2,32.45,405.0,3.0,7.73,70.0,0.956989247311828,345.4146136034732,5.103395860284604,0.7,0.9055627425614488,3.1785714285714284
2022-05-13 03:00:00,3,28,2,7,14,5,0,8,7,3,10,3,33.45,464.0,3.0,7.73,70.0,1.0,365.32292040520986,5.576557013491037,0.7,1.034928848641656,3.2142857142857144
2022-05-13 04:00:00,4,25,2,8,11,4,0,3,7,3,10,3,34.45,524.0,3.0,7.73,62.5,0.9222222222222224,364.5279204052098,3.3634864165588607,0.625,0.3880983182406209,3.32
2022-05-13 05:00:00,5,30,2,10,12,6,0,7,8,3,11,3,35.45,583.0,3.0,7.73,75.0,1.1264367816091954,394.2929204052099,5.408171625700733,0.75,0.9055627425614488,3.2666666666666666
2022-05-13 06:00:00,6,26,2,8,13,3,0,9,8,2,10,2,36.45,644.0,3.0,7.73,65.0,0.9666666666666668,377.08461360347326,6.070910040800079,0.65,1.1642949547218628,3.3461538461538463
2022-05-13 07:00:00,7,25,2,6,14,3,0,8,9,2,11,2,37.45,703.0,3.0,7.73,62.5,0.942528735632184,393.9796136034733,5.444566623544631,0.625,1.034928848641656,3.28
2022-05-13 08:00:00,8,33,2,6,22,3,0,19,10,2,12,2,38.45,748.0,3.0,6.43,82.5,1.261904761904762,430.1796136034732,12.141493472830952,0.825,2.9548989113530326,3.212121212121212
2022-05-13 09:00:00,9,41,2,6,16,11,6,18,10,2,12,2,39.45,808.0,3.0,6.43,102.5,1.3095238095238095,452.9796136034733,10.26052611614763,1.025,2.7993779160186625,2.682926829268293
2022-05-13 10:00:00,10,47,2,6,19,10,10,29,12,2,14,2,40.45,840.0,4.0,10.13,117.5,1.1634615384615383,498.2896136034732,10.395145554598727,1.175,2.8627838104639687,2.574468085106383
2022-05-13 11:00:00,11,48,2,6,19,6,15,25,12,3,15,3,41.45,858.0,4.0,10.13,120.0,1.18,520.3429204052098,9.016962816716028,1.2,2.46791707798618,2.458333333333333
2022-05-13 12:00:00,12,54,2,4,16,10,22,23,10,3,13,3,42.45,918.0,4.0,10.13,135.0,1.0740740740740742,512.0529204052099,7.777335380790467,1.35,2.2704837117472856,2.1481481481481484
2022-05-13 13:00:00,13,65,2,6,18,16,22,32,11,3,14,3,43.45,651.0,4.0,10.13,162.5,1.3653846153846154,554.6879204052098,10.451055509150278,1.625,3.1589338598223105,2.1846153846153844
2022-05-13 14:00:00,14,49,2,6,15,13,13,23,10,2,12,2,44.45,317.5,4.0,10.13,122.5,1.0535714285714286,498.33961360347325,8.417695469105709,1.225,2.2704837117472856,2.4081632653061225
2022-05-13 15:00:00,15,50,1,5,16,11,17,29,10,1,11,1,45.45,271.0,4.0,10.13,125.0,0.9655172413793104,491.8563068017367,9.21263573543929,1.25,2.8627838104639687,2.24
2022-05-13 16:00:00,16,40,3,5,12,11,9,29,10,1,11,1,46.45,208.0,4.0,10.13,100.0,0.8793103448275862,476.0463068017366,9.85009871668312,1.0,2.8627838104639687,2.55
2022-05-13 17:00:00,17,33,3,6,13,5,6,18,11,1,12,1,23.85,215.5,4.0,10.13,82.5,0.8392857142857143,346.96730680173664,7.411473570851657,0.825,1.7769002961500495,2.8484848484848486
2022-05-13 18:00:00,18,29,1,6,11,6,5,23,12,0,12,0,22.166666666666668,191.0,4.0,10.13,72.5,0.7053571428571429,328.025,8.160110800966743,0.725,2.2704837117472856,2.7241379310344827
2022-05-13 19:00:00,19,26,0,3,14,4,5,12,11,2,13,2,23.166666666666668,171.0,4.0,10.13,65.0,0.6203703703703703,342.36661360347324,4.727623585693675,0.65,1.1846001974333664,2.576923076923077
2022-05-13 20:00:00,20,28,0,5,15,3,4,15,10,2,12,2,24.166666666666668,251.0,4.0,10.08,70.0,0.6696428571428571,338.89661360347327,5.860969387755103,0.7,1.488095238095238,2.6785714285714284
2022-05-13 21:00:00,21,38,0,4,20,4,10,28,8,3,11,3,25.166666666666668,232.0,4.0,10.08,95.0,0.8103448275862069,353.4549204052098,9.221345029239767,0.95,2.7777777777777777,2.473684210526316
2022-05-13 22:00:00,22,54,0,6,19,8,21,31,11,3,14,3,26.166666666666668,245.5,3.0,6.38,135.0,1.5128205128205128,433.6149204052099,13.56767096249855,1.35,4.858934169278997,2.185185185185185
2022-05-13 23:00:00,23,38,0,5,16,8,9,16,9,2,11,2,27.166666666666668,352.0,3.0,6.38,95.0,1.0689655172413792,363.8666136034732,8.462601055931364,0.95,2.5078369905956115,2.4473684210526314
2022-05-14 00:00:00,0,26,0,3,12,8,3,17,7,2,9,2,28.166666666666668,412.0,3.0,6.38,65.0,0.7204301075268817,316.9666136034732,8.54140945261635,0.65,2.664576802507837,2.576923076923077
2022-05-14 01:00:00,1,27,0,3,15,7,2,15,10,2,12,2,29.166666666666668,424.5,3.0,6.38,67.5,0.8690476190476191,364.9516136034732,8.181670149773598,0.675,2.3510971786833856,2.703703703703704
2022-05-14 02:00:00,2,26,0,3,16,5,2,4,10,2,12,2,30.166666666666668,484.5,3.0,6.38,65.0,0.8571428571428571,368.4466136034732,3.5361948396431155,0.65,0.6269592476489029,2.769230769230769
2022-05-14 03:00:00,3,21,0,2,15,4,0,3,9,2,11,2,31.166666666666668,527.0,3.0,6.38,52.5,0.7011494252873564,349.9616136034732,2.890875503806538,0.525,0.4702194357366771,2.9047619047619047
2022-05-14 04:00:00,4,18,0,1,12,4,1,3,9,1,10,1,32.166666666666664,510.5,3.0,6.38,45.0,0.5444444444444444,334.89830680173657,2.5050417972831767,0.45,0.4702194357366771,2.7222222222222223
2022-05-14 05:00:00,5,20,0,1,13,5,1,5,9,1,10,1,33.166666666666664,570.5,3.0,6.38,50.0,0.6,344.82830680173663,3.4659874608150467,0.5,0.7836990595611285,2.7
2022-05-14 06:00:00,6,16,0,1,11,4,0,5,9,1,10,1,34.166666666666664,630.5,3.0,6.38,40.0,0.5,341.8883068017366,3.329153605015674,0.4,0.7836990595611285,2.8125
2022-05-14 07:00:00,7,18,0,1,13,4,0,9,9,1,10,1,35.166666666666664,690.5,3.0,6.38,45.0,0.5666666666666667,351.8183068017366,5.271865203761756,0.45,1.4106583072100314,2.833333333333333
2022-05-14 08:00:00,8,18,0,2,11,5,0,15,9,0,9,0,36.16666666666666,862.0,3.0,6.57,45.0,0.5483870967741935,343.18999999999994,7.743797564687977,0.45,2.2831050228310503,2.833333333333333
2022-05-14 09:00:00,9,19,0,2,11,3,3,19,6,0,6,0,37.16666666666666,810.5,3.0,6.57,47.5,0.4901960784313725,310.775,8.860350076103503,0.475,2.8919330289193304,2.631578947368421
2022-05-14 10:00:00,10,23,0,2,12,4,5,30,9,0,9,0,38.16666666666666,35.0,4.0,9.66,57.49999999999999,0.4596774193548387,365.195,9.12146232784229,0.575,3.1055900621118013,2.4782608695652173
2022-05-14 11:00:00,11,30,0,3,12,9,6,28,9,0,9,0,39.16666666666666,95.0,4.0,9.66,75.0,0.5806451612903226,385.85,8.756521739130434,0.75,2.898550724637681,2.4
2022-05-14 12:00:00,12,23,1,4,10,5,3,27,10,0,10,0,40.16666666666666,134.0,4.0,9.66,57.49999999999999,0.5333333333333333,389.875,9.377477720766946,0.575,2.7950310559006213,2.782608695652174
2022-05-14 13:00:00,13,23,2,4,11,3,3,18,10,0,10,0,41.16666666666666,191.5,4.0,9.66,57.49999999999999,0.5666666666666667,395.515,7.209046718876585,0.575,1.8633540372670807,2.9565217391304346
2022-05-14 14:00:00,14,20,3,5,8,3,1,25,10,0,10,0,42.16666666666666,212.0,4.0,9.66,50.0,0.55,394.72,10.190372670807452,0.5,2.587991718426501,3.3
2022-05-14 15:00:00,15,26,4,4,6,6,6,26,11,0,11,0,43.16666666666666,233.0,4.0,9.66,65.0,0.6206896551724138,426.63,9.253416149068322,0.65,2.691511387163561,2.769230769230769
2022-05-14 16:00:00,16,34,4,3,9,6,12,42,10,0,10,0,44.16666666666666,243.5,4.0,9.66,85.0,0.6916666666666667,436.03,12.68881074168798,0.85,4.3478260869565215,2.4411764705882355
2022-05-14 17:00:00,17,40,4,3,27,4,2,30,10,0,10,0,45.16666666666666,256.0,4.0,9.66,100.0,1.025,454.54,12.624689440993787,1.0,3.1055900621118013,3.075
2022-05-14 18:00:00,18,26,4,2,13,5,2,23,8,1,9,1,46.16666666666666,298.0,4.0,9.66,65.0,0.6370967741935484,417.6183068017366,9.209432234432231,0.65,2.380952380952381,3.0384615384615383
2022-05-14 19:00:00,19,41,3,2,25,6,5,31,5,1,6,1,47.16666666666666,216.5,4.0,9.66,102.5,0.8455882352941176,415.2333068017366,11.876161440185829,1.025,3.209109730848861,2.804878048780488
2022-05-14 20:00:00,20,32,4,3,16,7,2,27,6,1,7,1,48.16666666666666,135.0,4.0,9.47,80.0,0.7272727272727273,414.96830680173656,10.953326293558607,0.8,2.851108764519536,3.0
2022-05-14 21:00:00,21,31,3,4,18,5,1,28,6,0,6,0,49.16666666666666,300.5,4.0,9.47,77.5,0.7058823529411765,404.195,11.556248935517935,0.775,2.9567053854276666,3.096774193548387
2022-05-14 22:00:00,22,23,3,2,14,3,1,28,6,0,6,0,50.16666666666666,168.0,3.0,6.38,57.49999999999999,0.7058823529411765,392.675,15.538585252828131,0.575,4.38871473354232,3.130434782608696
2022-05-14 23:00:00,23,20,2,3,13,2,0,27,5,0,5,0,51.16666666666666,243.0,3.0,6.38,50.0,0.6190476190476191,378.48,15.378918495297809,0.5,4.231974921630094,3.25
2022-05-15 00:00:00,0,16,2,3,9,2,0,19,5,0,5,0,52.16666666666666,303.0,3.0,6.38,40.0,0.5047619047619047,375.54,11.189811912225704,0.4,2.9780564263322886,3.3125
2022-05-15 01:00:00,1,22,2,2,11,6,1,21,5,0,5,0,53.16666666666666,363.0,3.0,6.38,55.00000000000001,0.6095238095238096,394.05,11.17537760045597,0.55,3.29153605015674,2.909090909090909
2022-05-15 02:00:00,2,18,3,2,8,4,1,6,5,0,5,0,54.16666666666666,423.0,3.0,6.38,45.0,0.5333333333333333,391.11,4.325809822361546,0.45,0.9404388714733544,3.111111111111111
2022-05-15 03:00:00,3,13,3,3,5,2,0,8,5,1,6,1,55.16666666666666,404.5,3.0,6.38,32.5,0.4509803921568627,400.2933068017366,5.58694236797685,0.325,1.2539184952978055,3.5384615384615383
2022-05-15 04:00:00,4,18,3,4,6,5,0,8,6,1,7,1,56.16666666666666,386.0,3.0,6.38,45.0,0.5959595959595959,430.0583068017366,5.585066179031696,0.45,1.2539184952978055,3.2777777777777777
2022-05-15 05:00:00,5,11,1,3,5,2,0,5,4,0,4,0,57.16666666666666,524.5,3.0,6.38,27.500000000000004,0.3333333333333333,379.615,3.464833285836421,0.275,0.7836990595611285,3.272727272727273
2022-05-15 06:00:00,6,11,1,3,3,4,0,4,4,0,4,0,58.16666666666666,584.5,3.0,6.38,27.500000000000004,0.3148148148148148,385.255,2.787874038187518,0.275,0.6269592476489029,3.090909090909091
2022-05-15 07:00:00,7,11,1,2,4,4,0,6,4,0,4,0,59.16666666666666,644.5,3.0,6.38,27.500000000000004,0.3055555555555556,390.895,3.6463166144200634,0.275,0.9404388714733544,3.0
2022-05-15 08:00:00,8,18,1,2,9,6,0,20,6,0,6,0,60.16666666666666,449.0,3.0,6.66,45.0,0.5098039215686274,438.35,9.975342008675344,0.45,3.003003003003003,2.888888888888889
2022-05-15 09:00:00,9,17,1,1,8,4,3,20,5,0,5,0,61.16666666666666,332.0,3.0,6.66,42.5,0.419047619047619,428.445,8.872478360713654,0.425,3.003003003003003,2.588235294117647
2022-05-15 10:00:00,10,26,1,1,7,10,7,20,6,0,6,0,62.16666666666666,275.0,4.0,9.75,65.0,0.4191176470588235,466.79,5.922041420118343,0.65,2.051282051282051,2.1923076923076925
2022-05-15 11:00:00,11,25,1,1,8,12,3,24,5,0,5,0,63.16666666666666,218.0,4.0,9.75,62.5,0.4285714285714285,456.885,7.407692307692308,0.625,2.4615384615384617,2.4
2022-05-15 12:00:00,12,21,1,1,7,10,2,27,5,0,5,0,64.16666666666667,257.0,4.0,9.75,52.5,0.3714285714285714,453.9450000000001,8.157142857142857,0.525,2.769230769230769,2.4761904761904763
2022-05-15 13:00:00,13,21,2,1,4,10,4,27,7,0,7,0,65.16666666666667,90.0,4.0,9.75,52.5,0.3787878787878788,486.385,7.843406593406593,0.525,2.769230769230769,2.380952380952381
2022-05-15 14:00:00,14,20,2,1,9,4,4,20,7,0,7,0,66.16666666666667,150.0,4.0,9.75,50.0,0.4015151515151515,489.88,6.760897435897435,0.5,2.051282051282051,2.65
2022-05-15 15:00:00,15,26,1,3,11,9,2,31,7,1,8,1,67.16666666666667,173.5,4.0,9.75,65.0,0.546875,522.6583068017367,10.310157790927022,0.65,3.1794871794871797,2.6923076923076925
2022-05-15 16:00:00,16,33,0,2,13,13,5,27,4,1,5,1,68.16666666666667,197.0,4.0,9.75,82.5,0.5571428571428572,503.1133068017366,8.495454545454546,0.825,2.769230769230769,2.363636363636364
2022-05-15 17:00:00,17,46,0,3,16,22,5,34,5,1,6,1,69.16666666666667,178.0,4.0,9.75,115.0,0.8014705882352942,550.0383068017366,10.98809921962096,1.15,3.4871794871794872,2.369565217391304
2022-05-15 18:00:00,18,39,0,0,16,22,1,34,4,0,4,0,70.16666666666667,167.5,4.0,9.75,97.5,0.6458333333333334,512.995,10.640581854043392,0.975,3.4871794871794872,2.3846153846153846
2022-05-15 19:00:00,19,32,0,1,16,12,3,25,5,0,5,0,71.16666666666667,146.0,4.0,9.75,80.0,0.5642857142857143,517.02,8.305128205128206,0.8,2.5641025641025643,2.46875
2022-05-15 20:00:00,20,39,0,0,18,14,7,28,6,0,6,0,72.16666666666667,200.0,4.0,10.1,97.5,0.6544117647058824,551.075,8.551478801726327,0.975,2.7722772277227725,2.282051282051282
2022-05-15 21:00:00,21,44,0,1,21,15,7,30,6,1,7,1,73.16666666666667,254.0,4.0,10.1,110.0,0.7878787878787878,581.7083068017366,9.620702070207022,1.1,2.9702970297029703,2.363636363636364
2022-05-15 22:00:00,22,52,0,2,27,17,6,32,6,2,8,2,74.16666666666667,187.0,3.0,7.01,130.0,1.34375,618.7766136034733,14.54948150993087,1.3,4.56490727532097,2.480769230769231
2022-05-15 23:00:00,23,24,0,1,16,6,1,15,7,1,8,1,75.16666666666667,247.0,3.0,7.01,60.0,0.6770833333333334,563.4883068017366,7.420292439372326,0.6,2.1398002853067046,2.708333333333333
2022-05-16 00:00:00,0,29,0,2,17,7,3,19,8,1,9,1,76.16666666666667,174.0,3.0,7.01,72.5,0.8172043010752689,593.2533068017366,9.00315313099513,0.725,2.7104136947218262,2.6206896551724137
2022-05-16 01:00:00,1,25,0,2,14,8,1,11,9,1,10,1,77.16666666666667,178.0,3.0,7.01,62.5,0.7444444444444445,603.7133068017366,5.880420827389444,0.625,1.5691868758915837,2.68
2022-05-16 02:00:00,2,22,0,2,12,7,1,3,9,1,10,1,78.16666666666667,238.0,3.0,7.01,55.00000000000001,0.6555555555555556,602.9183068017367,2.6227110621190506,0.55,0.4279600570613409,2.6818181818181817
2022-05-16 03:00:00,3,26,0,3,14,7,2,9,10,1,11,1,79.16666666666667,266.0,3.0,7.01,65.0,0.8045977011494253,630.5383068017366,5.206600460880062,0.65,1.2838801711840229,2.6923076923076925
2022-05-16 04:00:00,4,18,0,4,8,4,2,2,9,0,9,0,80.16666666666667,297.0,3.0,7.01,45.0,0.5376344086021505,591.35,2.0425186241876685,0.45,0.2853067047075606,2.7777777777777777
2022-05-16 05:00:00,5,20,0,5,8,5,2,5,9,1,10,1,81.16666666666667,351.0,3.0,7.01,50.0,0.6222222222222222,615.5483068017365,3.3971469329529245,0.5,0.7132667617689016,2.8
2022-05-16 06:00:00,6,22,1,5,10,5,1,9,10,2,12,2,82.16666666666667,363.0,3.0,7.01,55.00000000000001,0.7857142857142857,653.1466136034733,5.5016405135520685,0.55,1.2838801711840229,3.0
2022-05-16 07:00:00,7,28,1,5,9,11,2,7,10,2,12,2,83.16666666666667,423.0,3.0,7.01,70.0,0.9047619047619048,671.6566136034733,4.610413694721826,0.7,0.9985734664764624,2.7142857142857144
2022-05-16 08:00:00,8,24,2,6,9,6,1,17,11,3,14,3,84.16666666666667,434.5,3.0,6.65,60.0,0.9487179487179488,696.3849204052099,9.732205513784464,0.6,2.556390977443609,3.083333333333333
2022-05-16 09:00:00,9,32,1,8,14,8,1,21,11,3,14,3,85.16666666666667,218.5,3.0,6.65,80.0,1.2307692307692308,719.1849204052098,11.873684210526315,0.8,3.1578947368421053,3.0
2022-05-16 10:00:00,10,35,1,10,18,5,1,15,13,3,16,3,86.16666666666667,207.0,4.0,9.9,87.5,1.1458333333333333,758.0599204052098,7.511904761904762,0.875,1.5151515151515151,3.142857142857143
2022-05-16 11:00:00,11,39,1,11,20,5,2,16,14,3,17,3,87.16666666666667,219.0,4.0,9.9,97.5,1.315217391304348,785.6799204052098,8.039245014245013,0.975,1.616161616161616,3.102564102564102
2022-05-16 12:00:00,12,43,1,6,23,10,3,26,12,3,15,3,88.16666666666667,192.0,4.0,9.9,107.5,1.21,773.0999204052098,10.415180878552972,1.075,2.6262626262626263,2.813953488372093
2022-05-16 13:00:00,13,59,3,9,27,18,2,37,17,2,19,2,89.16666666666667,179.0,4.0,9.9,147.5,2.023809523809524,865.7916136034733,15.018703989042972,1.475,3.7373737373737375,2.8813559322033897
2022-05-16 14:00:00,14,67,3,9,29,23,3,23,16,2,18,2,90.16666666666669,221.5,4.0,9.9,167.5,2.125,875.1916136034733,11.15924543946932,1.675,2.323232323232323,2.791044776119403
2022-05-16 15:00:00,15,60,3,7,26,22,2,17,16,1,17,1,91.16666666666669,264.0,4.0,9.9,150.0,1.815217391304348,851.5483068017365,8.95446127946128,1.5,1.7171717171717171,2.783333333333333
2022-05-16 16:00:00,16,53,4,9,24,13,3,19,14,2,16,2,92.16666666666669,192.5,4.0,9.9,132.5,1.6354166666666667,829.6416136034733,9.610153421002476,1.325,1.9191919191919191,2.962264150943396
2022-05-16 17:00:00,17,65,4,9,20,4,28,43,14,2,16,2,93.16666666666669,252.5,4.0,9.9,162.5,1.5833333333333333,861.0216136034733,13.956954156954158,1.625,4.343434343434343,2.3384615384615386
2022-05-16 18:00:00,18,72,4,10,20,6,32,31,15,2,17,2,94.16666666666669,258.0,4.0,9.9,180.0,1.7826086956521738,895.0766136034732,11.232435465768798,1.8,3.131313131313131,2.2777777777777777
2022-05-16 19:00:00,19,74,4,8,18,7,37,20,13,2,15,2,95.16666666666669,318.0,4.0,9.9,185.0,1.57,878.2066136034732,8.211104286104286,1.85,2.0202020202020203,2.121621621621621
2022-05-16 20:00:00,20,72,0,8,14,10,40,24,8,2,10,2,96.16666666666669,312.5,4.0,11.64,180.0,1.1166666666666667,812.5566136034732,7.187342497136311,1.8,2.061855670103093,1.8611111111111112
2022-05-16 21:00:00,21,69,0,7,13,12,37,28,7,2,9,2,97.16666666666669,416.0,4.0,11.64,172.5,1.032258064516129,798.3616136034732,7.662373624184472,1.725,2.405498281786941,1.855072463768116
2022-05-16 22:00:00,22,58,1,8,13,7,29,20,7,2,9,2,98.16666666666669,389.0,3.0,8.39,145.0,1.2795698924731185,780.4066136034733,7.865879947392217,1.45,2.3837902264600714,2.0517241379310347
2022-05-16 23:00:00,23,36,1,6,12,5,12,22,6,1,7,1,99.16666666666669,177.0,3.0,8.39,90.0,0.8787878787878788,711.1883068017365,8.511909018673022,0.9,2.6221692491060784,2.4166666666666665
2022-05-17 00:00:00,0,20,1,7,9,3,0,13,6,2,8,2,100.16666666666669,207.5,3.0,8.39,50.0,0.6875,696.7766136034732,6.7632300357568536,0.5,1.5494636471990464,3.3
2022-05-17 01:00:00,1,27,1,7,10,3,6,14,6,2,8,2,101.16666666666669,267.5,3.0,8.39,67.5,0.78125,717.4316136034732,6.510147662561249,0.675,1.66865315852205,2.7777777777777777
2022-05-17 02:00:00,2,17,0,5,9,2,1,9,4,2,6,2,102.16666666666669,296.5,3.0,8.39,42.5,0.5098039215686274,674.8216136034732,4.581217135245039,0.425,1.072705601907032,3.0588235294117645
2022-05-17 03:00:00,3,23,2,7,10,2,2,11,5,3,8,3,103.16666666666669,281.0,3.0,8.39,57.49999999999999,0.7708333333333334,720.9999204052099,6.068272270301082,0.575,1.3110846245530392,3.217391304347826
2022-05-17 04:00:00,4,23,2,6,9,3,3,6,6,2,8,2,104.16666666666669,341.0,3.0,8.39,57.49999999999999,0.7291666666666666,725.7716136034733,3.92650411981137,0.575,0.7151370679380215,3.0434782608695654
2022-05-17 05:00:00,5,20,1,6,8,3,2,1,6,1,7,1,105.16666666666669,416.0,3.0,8.39,50.0,0.6161616161616161,710.7083068017366,1.8885280095351609,0.5,0.1191895113230035,3.05
2022-05-17 06:00:00,6,19,1,5,9,2,2,4,8,1,9,1,106.16666666666669,446.0,3.0,8.39,47.5,0.6236559139784946,741.0033068017366,2.9053666645756224,0.475,0.4767580452920142,3.0526315789473686
2022-05-17 07:00:00,7,24,1,5,8,5,5,11,8,1,9,1,107.16666666666669,506.0,3.0,8.39,60.0,0.6881720430107527,757.3683068017366,5.096225665474771,0.6,1.3110846245530392,2.6666666666666665
2022-05-17 08:00:00,8,23,1,5,10,3,4,18,8,1,9,1,108.16666666666669,566.0,3.0,6.43,57.49999999999999,0.6989247311827957,760.8633068017366,9.536285414835351,0.575,2.7993779160186625,2.8260869565217392
2022-05-17 09:00:00,9,20,1,3,10,4,2,9,4,1,5,1,109.16666666666669,189.0,3.0,6.43,50.0,0.5428571428571428,706.4683068017366,5.414113530326595,0.5,1.3996889580093312,2.85
2022-05-17 10:00:00,10,20,1,4,12,1,2,21,5,1,6,1,110.16666666666669,244.5,4.0,9.77,50.0,0.4485294117647059,725.5083068017367,8.080783009211872,0.5,2.1494370522006143,3.05
2022-05-17 11:00:00,11,27,1,4,13,2,7,27,5,1,6,1,111.16666666666669,238.0,4.0,9.77,67.5,0.5220588235294118,746.1633068017367,9.042144319344931,0.675,2.763561924257933,2.6296296296296298
2022-05-17 12:00:00,12,32,1,5,15,2,9,26,6,1,7,1,24.016666666666666,236.0,4.0,9.77,80.0,0.6287878787878788,278.7623068017366,8.9775076765609,0.8,2.6612077789150463,2.59375
2022-05-17 13:00:00,13,22,2,3,14,0,3,17,5,2,7,2,16.95,217.0,4.0,9.77,55.00000000000001,0.5075757575757576,218.3246136034732,6.974153252070346,0.55,1.7400204708290687,3.0454545454545454
2022-05-17 14:00:00,14,24,2,2,16,1,3,14,8,2,10,2,17.95,183.0,4.0,9.77,60.0,0.5916666666666667,268.4546136034732,6.014167519617878,0.6,1.4329580348004094,2.958333333333333
2022-05-17 15:00:00,15,27,1,2,16,3,5,21,9,2,11,2,18.95,144.0,4.0,9.77,67.5,0.6206896551724138,293.92961360347323,7.531832139201637,0.675,2.1494370522006143,2.6666666666666665
2022-05-17 16:00:00,16,28,2,3,13,3,7,14,11,2,13,2,10.0,139.0,4.0,9.77,70.0,0.6851851851851852,272.3966136034732,5.637103377686795,0.7,1.4329580348004094,2.642857142857143
2022-05-17 17:00:00,17,20,2,3,11,2,2,18,11,2,13,2,11.0,199.0,4.0,9.77,50.0,0.5648148148148148,260.87661360347323,7.1442425793244615,0.5,1.842374616171955,3.05
2022-05-17 18:00:00,18,23,2,4,13,3,1,21,9,2,11,2,12.0,259.0,4.0,9.77,57.49999999999999,0.6206896551724138,246.1516136034732,8.528672511236707,0.575,2.1494370522006143,3.130434782608696
2022-05-17 19:00:00,19,25,2,2,18,2,1,20,8,2,10,2,13.0,294.0,4.0,9.77,62.5,0.6416666666666667,242.68161360347324,8.230015353121802,0.625,2.047082906857728,3.08
2022-05-17 20:00:00,20,26,2,1,21,2,0,23,8,2,10,2,14.0,303.5,4.0,11.22,65.0,0.675,250.4666136034732,8.411260798025506,0.65,2.0499108734402856,3.1153846153846154
2022-05-17 21:00:00,21,36,2,3,23,1,7,31,8,2,10,2,15.0,236.0,4.0,11.22,90.0,0.8333333333333334,277.55661360347324,10.174787086551792,0.9,2.762923351158645,2.7777777777777777
2022-05-17 22:00:00,22,39,2,3,23,2,9,19,11,2,13,2,16.0,97.0,3.0,7.88,97.5,1.2839506172839503,329.8316136034733,9.029780033840948,0.975,2.411167512690356,2.6666666666666665
2022-05-17 23:00:00,23,43,2,2,32,2,5,21,12,2,14,2,17.0,151.5,3.0,7.88,107.5,1.5769230769230769,357.4516136034732,10.698066934246253,1.075,2.66497461928934,2.86046511627907
2022-05-18 00:00:00,0,29,2,2,21,2,2,17,13,2,15,2,18.0,206.0,3.0,7.88,72.5,1.16,346.4616136034732,8.647081218274112,0.725,2.1573604060913705,3.0
2022-05-18 01:00:00,1,31,2,4,21,2,2,8,14,2,16,2,19.0,244.5,3.0,7.88,77.5,1.3194444444444444,369.79161360347325,5.486183887342394,0.775,1.015228426395939,3.064516129032258
2022-05-18 02:00:00,2,30,3,3,18,4,2,5,12,3,15,3,20.0,326.0,3.0,7.88,75.0,1.2133333333333334,360.7549204052098,4.199703891708968,0.75,0.6345177664974619,3.033333333333333
2022-05-18 03:00:00,3,24,3,2,18,1,0,5,12,3,15,3,21.0,386.0,3.0,7.88,60.0,1.0533333333333332,353.52492040520985,4.063620981387478,0.6,0.6345177664974619,3.2916666666666665
2022-05-18 04:00:00,4,22,3,2,16,1,0,5,11,3,14,3,22.0,451.5,3.0,7.88,55.00000000000001,0.935897435897436,341.47492040520984,3.930445316105215,0.55,0.6345177664974619,3.3181818181818183
2022-05-18 05:00:00,5,22,3,2,15,2,0,3,11,3,14,3,23.0,511.5,3.0,7.88,55.00000000000001,0.9230769230769232,347.11492040520983,3.045962159667744,0.55,0.3807106598984772,3.272727272727273
2022-05-18 06:00:00,6,22,3,4,12,3,0,7,11,3,14,3,24.0,571.5,3.0,7.88,55.00000000000001,0.935897435897436,352.7549204052098,4.772623442547301,0.55,0.8883248730964467,3.3181818181818183
2022-05-18 07:00:00,7,19,2,4,12,1,0,3,11,2,13,2,25.0,626.0,3.0,7.88,47.5,0.7901234567901234,337.69161360347323,2.8823938017632917,0.475,0.3807106598984772,3.3684210526315788
2022-05-18 08:00:00,8,21,2,4,14,1,0,3,12,2,14,2,26.0,646.0,3.0,6.35,52.5,0.8974358974358975,361.0216136034732,3.3248031496062995,0.525,0.4724409448818898,3.333333333333333
2022-05-18 09:00:00,9,24,4,4,16,0,0,10,12,4,16,4,27.0,642.0,3.0,6.35,60.0,1.1666666666666667,401.63322720694646,7.611811023622047,0.6,1.5748031496062993,3.5
2022-05-18 10:00:00,10,27,4,4,18,1,0,14,11,4,15,4,28.0,682.0,4.0,9.6,67.5,0.92,400.3082272069464,7.269135802469138,0.675,1.4583333333333337,3.4074074074074074
2022-05-18 11:00:00,11,33,3,5,24,1,0,25,12,3,15,3,29.0,742.0,4.0,9.6,82.5,1.09,417.94992040520987,11.326641414141417,0.825,2.604166666666667,3.303030303030303
2022-05-18 12:00:00,12,40,3,6,26,3,1,28,13,3,16,3,30.0,658.0,4.0,9.6,100.0,1.2916666666666667,452.0049204052098,12.141666666666667,1.0,2.916666666666667,3.1
2022-05-18 13:00:00,13,38,4,5,22,6,0,25,14,3,17,3,31.0,689.0,4.0,9.6,95.0,1.2826086956521738,466.7549204052099,11.036622807017546,0.95,2.604166666666667,3.1052631578947367
2022-05-18 14:00:00,14,37,3,4,27,2,0,21,14,3,17,3,32.0,340.0,4.0,9.6,92.5,1.2608695652173914,470.2499204052099,9.758108108108107,0.925,2.1875,3.135135135135135
2022-05-18 15:00:00,15,39,2,6,29,1,0,28,11,3,14,3,33.0,369.0,4.0,9.6,97.5,1.1826923076923077,439.9799204052098,12.27371794871795,0.975,2.916666666666667,3.1538461538461537
2022-05-18 16:00:00,16,41,2,4,32,1,1,31,11,3,14,3,34.0,429.0,4.0,9.6,102.5,1.2019230769230769,449.90992040520985,12.97002032520325,1.025,3.229166666666667,3.048780487804878
2022-05-18 17:00:00,17,37,2,6,21,6,1,20,13,2,15,2,35.0,458.0,4.0,9.6,92.5,1.1,459.5016136034732,8.943693693693694,0.925,2.083333333333333,2.972972972972973
2022-05-18 18:00:00,18,34,2,6,21,4,0,16,13,2,15,2,36.0,518.0,4.0,9.6,85.0,1.05,458.7066136034732,7.772058823529412,0.85,1.6666666666666667,3.088235294117647
2022-05-18 19:00:00,19,40,1,7,23,8,0,14,15,2,17,2,37.0,437.0,4.0,9.6,100.0,1.2826086956521738,504.0166136034732,7.252083333333334,1.0,1.4583333333333337,2.95
2022-05-18 20:00:00,20,53,2,9,26,14,1,24,17,3,20,3,38.0,322.0,4.0,9.83,132.5,1.9125,578.6099204052098,10.873119925526405,1.325,2.441505595116989,2.8867924528301887
2022-05-18 21:00:00,21,48,2,7,26,6,6,24,17,3,20,3,39.0,271.5,4.0,9.83,120.0,1.675,573.5249204052097,10.16586978636826,1.2,2.441505595116989,2.7916666666666665
2022-05-18 22:00:00,22,31,2,6,17,6,0,15,15,2,17,2,40.0,309.0,3.0,6.58,77.5,1.4057971014492754,501.6316136034733,9.558052260025493,0.775,2.2796352583586628,3.129032258064516
2022-05-18 23:00:00,23,26,2,5,14,5,0,16,11,2,13,2,41.0,296.0,3.0,6.58,65.0,1.0123456790123455,442.9466136034732,9.718926817862988,0.65,2.43161094224924,3.1538461538461537
2022-05-19 00:00:00,0,20,2,5,12,1,0,8,10,2,12,2,42.0,314.0,3.0,6.58,50.0,0.8095238095238095,422.3166136034732,5.833738601823708,0.5,1.21580547112462,3.4
2022-05-19 01:00:00,1,18,2,5,9,2,0,5,10,2,12,2,43.0,374.0,3.0,6.58,45.0,0.7261904761904762,423.66661360347325,4.100143532590341,0.45,0.7598784194528875,3.388888888888889
2022-05-19 02:00:00,2,19,2,5,10,2,0,3,9,2,11,2,44.0,476.0,3.0,6.58,47.5,0.735632183908046,418.0516136034733,3.135754279315309,0.475,0.4559270516717325,3.3684210526315788
2022-05-19 03:00:00,3,18,1,5,12,0,0,3,9,1,10,1,45.0,558.5,3.0,6.58,45.0,0.6777777777777778,407.27830680173656,3.070086119554205,0.45,0.4559270516717325,3.388888888888889
2022-05-19 04:00:00,4,15,1,5,8,1,0,5,10,1,11,1,46.0,596.0,3.0,6.58,37.5,0.5862068965517241,419.8833068017366,3.8585866261398176,0.375,0.7598784194528875,3.4
2022-05-19 05:00:00,5,16,1,5,9,1,0,3,9,1,10,1,47.0,678.5,3.0,6.58,40.0,0.6,414.26830680173657,2.8887537993920973,0.4,0.4559270516717325,3.375
2022-05-19 06:00:00,6,21,1,5,13,2,0,8,10,1,11,1,48.0,716.0,3.0,6.58,52.5,0.7816091954022989,444.03330680173656,5.63689390649877,0.525,1.21580547112462,3.238095238095238
2022-05-19 07:00:00,7,23,1,5,11,6,0,10,10,1,11,1,49.0,776.0,3.0,6.58,57.49999999999999,0.8045977011494253,453.96330680173656,6.3753469010175765,0.575,1.519756838905775,3.0434782608695654
2022-05-19 08:00:00,8,18,1,7,10,0,0,9,11,2,13,2,50.0,743.0,3.0,6.68,45.0,0.7777777777777778,476.5466136034733,6.29056886227545,0.45,1.347305389221557,3.5
2022-05-19 09:00:00,9,17,1,6,8,1,1,8,7,2,9,2,31.48333333333333,795.0,3.0,6.68,42.5,0.6021505376344086,316.3676136034733,5.345051074321945,0.425,1.1976047904191618,3.294117647058824
2022-05-19 10:00:00,10,26,2,8,11,1,4,16,9,3,12,3,32.483333333333334,468.5,4.0,9.93,65.0,0.7232142857142857,382.38092040520985,7.044753660237044,0.65,1.6112789526686808,3.1153846153846154
2022-05-19 11:00:00,11,26,2,8,11,2,3,20,10,3,13,3,33.483333333333334,189.0,4.0,9.93,65.0,0.7592592592592593,401.4209204052098,8.402157409559221,0.65,2.014098690835851,3.1538461538461537
2022-05-19 12:00:00,12,30,2,8,15,2,3,17,10,3,13,3,34.483333333333334,246.0,4.0,9.93,75.0,0.8703703703703703,415.6409204052098,7.714216179926149,0.75,1.7119838872104731,3.1333333333333333
2022-05-19 13:00:00,13,33,2,11,14,1,5,14,12,3,15,3,35.483333333333334,228.0,4.0,9.93,82.5,1.03,454.5159204052098,6.975500473008027,0.825,1.4098690835850958,3.121212121212121
2022-05-19 14:00:00,14,33,3,10,13,4,3,15,13,2,15,2,36.48333333333333,270.0,4.0,9.93,82.5,1.05,459.2876136034732,7.43137187585828,0.825,1.5105740181268883,3.1818181818181817
2022-05-19 15:00:00,15,37,6,9,17,5,0,17,16,2,18,2,37.48333333333333,292.0,4.0,9.93,92.5,1.443181818181818,513.7076136034732,9.051269018262976,0.925,1.7119838872104731,3.4324324324324325
2022-05-19 16:00:00,16,35,6,8,17,2,2,13,16,2,18,2,38.48333333333333,352.0,4.0,9.93,87.5,1.3522727272727273,515.0576136034733,7.42615810674723,0.875,1.3091641490433032,3.4
2022-05-19 17:00:00,17,38,4,8,17,1,8,20,16,1,17,1,24.15,400.0,4.0,9.93,95.0,1.2282608695652173,426.38430680173656,8.814293475380293,0.95,2.014098690835851,2.973684210526316
2022-05-19 18:00:00,18,36,4,7,19,1,5,14,18,1,19,1,25.15,380.0,4.0,9.93,90.0,1.3333333333333333,454.5343068017365,7.186259371153631,0.9,1.4098690835850958,3.111111111111111
2022-05-19 19:00:00,19,38,4,5,23,3,3,17,18,1,19,1,23.466666666666665,314.0,4.0,9.93,95.0,1.4047619047619049,449.3303068017366,8.2661604918641,0.95,1.7119838872104731,3.1052631578947367
2022-05-19 20:00:00,20,24,2,4,15,0,3,10,12,2,14,2,24.466666666666665,353.5,4.0,10.02,60.0,0.7115384615384616,358.8086136034732,4.927178975382568,0.6,0.998003992015968,3.083333333333333
2022-05-19 21:00:00,21,23,2,2,16,2,1,15,11,2,13,2,25.466666666666665,217.0,4.0,10.02,57.49999999999999,0.6574074074074074,348.9036136034732,6.39619239781307,0.575,1.497005988023952,3.0869565217391304
2022-05-19 22:00:00,22,30,2,3,19,4,2,21,12,0,12,0,26.466666666666665,205.5,3.0,6.77,75.0,1.0595238095238095,354.422,11.427363367799115,0.75,3.10192023633678,2.966666666666667
2022-05-19 23:00:00,23,35,2,5,20,2,6,21,13,1,14,1,27.466666666666665,170.0,3.0,6.77,87.5,1.2820512820512822,398.4553068017366,11.362629246676516,0.875,3.10192023633678,2.857142857142857
2022-05-20 00:00:00,0,23,2,4,14,2,1,7,11,1,12,1,28.466666666666665,219.0,3.0,6.77,57.49999999999999,0.8690476190476191,351.5553068017366,5.106741699312825,0.575,1.03397341211226,3.1739130434782608
2022-05-20 01:00:00,1,20,2,4,12,2,0,8,10,1,11,1,29.466666666666665,288.0,3.0,6.77,50.0,0.7586206896551724,337.36030680173656,5.549556868537666,0.5,1.1816838995568686,3.3
2022-05-20 02:00:00,2,21,4,3,12,2,0,9,12,0,12,0,30.466666666666665,339.0,3.0,6.77,52.5,0.8571428571428571,357.677,6.357923612576493,0.525,1.3293943870014773,3.4285714285714284
2022-05-20 03:00:00,3,15,4,2,8,1,0,2,11,0,11,0,31.466666666666665,408.0,3.0,6.77,37.5,0.6206896551724138,337.047,2.413515509601182,0.375,0.2954209748892171,3.6
2022-05-20 04:00:00,4,16,4,3,8,1,0,6,12,0,12,0,32.46666666666667,459.0,3.0,6.77,40.0,0.6904761904761905,358.232,4.662703101920237,0.4,0.8862629246676514,3.625
2022-05-20 05:00:00,5,19,3,3,12,1,0,7,12,0,12,0,33.46666666666667,519.0,3.0,6.77,47.5,0.7738095238095238,370.307,5.16227746248931,0.475,1.03397341211226,3.421052631578948
2022-05-20 06:00:00,6,20,3,3,12,2,0,3,12,0,12,0,34.46666666666667,579.0,3.0,6.77,50.0,0.7976190476190477,378.092,3.159490398818316,0.5,0.4431314623338257,3.35
2022-05-20 07:00:00,7,21,4,4,11,2,0,5,14,0,14,0,35.46666666666667,579.0,3.0,6.77,52.5,0.935897435897436,412.677,4.392348948442006,0.525,0.7385524372230429,3.4761904761904763
2022-05-20 08:00:00,8,26,4,6,13,3,0,8,13,0,13,0,36.46666666666667,690.0,3.0,6.91,65.0,1.0987654320987654,415.64200000000005,6.188041300233774,0.65,1.1577424023154848,3.423076923076923
2022-05-20 09:00:00,9,21,2,4,12,3,0,11,9,0,9,0,37.46666666666667,648.0,3.0,6.91,52.5,0.7311827956989247,356.957,6.85471021983323,0.525,1.5918958031837915,3.238095238095238
2022-05-20 10:00:00,10,28,2,5,15,6,0,16,9,0,9,0,38.46666666666667,708.0,4.0,10.61,70.0,0.7016129032258065,377.612,6.860606570620709,0.7,1.5080113100848258,3.107142857142857
2022-05-20 11:00:00,11,21,2,4,9,6,0,9,7,0,7,0,39.46666666666667,579.0,4.0,10.61,52.5,0.4924242424242424,341.437,4.25055540595126,0.525,0.8482563619227145,3.095238095238096
2022-05-20 12:00:00,12,17,1,5,7,4,0,14,6,0,6,0,40.46666666666667,278.5,4.0,10.61,42.5,0.3970588235294117,325.097,5.541384376559295,0.425,1.3195098963242224,3.176470588235294
2022-05-20 13:00:00,13,16,1,7,5,3,0,8,6,0,6,0,41.46666666666667,291.5,4.0,10.61,40.0,0.3970588235294117,328.592,3.894769085768144,0.4,0.7540056550424129,3.375
2022-05-20 14:00:00,14,19,2,6,6,5,0,18,7,0,7,0,42.46666666666667,168.0,4.0,10.61,47.5,0.4696969696969697,354.067,7.085988888337715,0.475,1.696512723845429,3.263157894736842
2022-05-20 15:00:00,15,18,2,4,9,3,0,9,7,0,7,0,18.5,159.0,4.0,10.61,45.0,0.4469696969696969,216.75,4.255395852968897,0.45,0.8482563619227145,3.2777777777777777
2022-05-20 16:00:00,16,21,3,4,11,3,0,14,10,1,11,1,19.5,136.0,4.0,10.61,52.5,0.603448275862069,283.2933068017366,6.148366321080742,0.525,1.3195098963242224,3.333333333333333
2022-05-20 17:00:00,17,29,3,7,15,4,0,14,14,1,15,1,20.5,104.0,4.0,10.61,72.5,0.96,359.69330680173664,6.768032760245702,0.725,1.3195098963242224,3.310344827586207
2022-05-20 18:00:00,18,27,3,7,15,2,0,10,14,1,15,1,21.5,156.0,4.0,10.61,67.5,0.92,361.0433068017366,5.51150556777324,0.675,0.942507068803016,3.4074074074074074
2022-05-20 19:00:00,19,36,2,10,21,2,1,13,16,0,16,0,22.5,142.5,4.0,10.61,90.0,1.2291666666666667,398.52,6.966127343177296,0.9,1.2252591894439209,3.2777777777777777
2022-05-20 20:00:00,20,43,3,6,33,0,1,18,18,0,18,0,23.5,157.5,4.0,11.13,107.5,1.5795454545454546,445.975,8.702856829436469,1.075,1.6172506738544477,3.232558139534884
2022-05-20 21:00:00,21,39,4,6,25,2,2,14,16,0,16,0,24.5,217.5,4.0,11.13,97.5,1.3020833333333333,416.235,7.156607805192712,0.975,1.257861635220126,3.2051282051282053
2022-05-20 22:00:00,22,34,2,7,22,2,1,21,15,0,15,0,25.5,237.0,3.0,7.43,85.0,1.4533333333333334,397.75,11.786040297680312,0.85,2.826379542395693,3.2058823529411766
2022-05-20 23:00:00,23,33,1,6,25,1,0,16,14,0,14,0,26.5,273.5,3.0,7.43,82.5,1.358974358974359,387.845,9.567084709816877,0.825,2.1534320323014806,3.212121212121212
2022-05-21 00:00:00,0,21,0,6,14,1,0,11,10,0,10,0,27.5,331.5,3.0,7.43,52.5,0.7555555555555555,314.145,6.493949881433057,0.525,1.4804845222072678,3.238095238095238
2022-05-21 01:00:00,1,22,0,6,14,2,0,10,11,0,11,0,28.5,366.0,3.0,7.43,55.00000000000001,0.8045977011494253,335.33,6.032393246054081,0.55,1.3458950201884254,3.1818181818181817
2022-05-21 02:00:00,2,19,0,4,14,1,0,3,10,0,10,0,29.5,451.5,3.0,7.43,47.5,0.6666666666666666,321.135,2.7750584401785083,0.475,0.4037685060565276,3.1578947368421053
2022-05-21 03:00:00,3,15,1,4,9,1,0,4,11,0,11,0,30.5,486.0,3.0,7.43,37.5,0.5747126436781609,331.595,3.0445266935845674,0.375,0.5383580080753702,3.333333333333333
2022-05-21 04:00:00,4,19,1,5,11,2,0,5,12,0,12,0,31.5,533.0,3.0,7.43,47.5,0.7380952380952381,359.21500000000003,3.745933980307431,0.475,0.6729475100942127,3.263157894736842
2022-05-21 05:00:00,5,18,1,6,10,1,0,1,13,0,13,0,32.5,580.0,3.0,7.43,45.0,0.7530864197530864,376.11,1.981108867952744,0.45,0.1345895020188425,3.388888888888889
2022-05-21 06:00:00,6,17,1,5,10,1,0,1,12,0,12,0,33.5,653.0,3.0,7.43,42.5,0.6785714285714286,366.205,1.8762706832396483,0.425,0.1345895020188425,3.3529411764705883
2022-05-21 07:00:00,7,16,1,5,9,1,0,2,12,0,12,0,34.5,713.0,3.0,7.43,40.0,0.6428571428571429,369.7,2.258479138627187,0.4,0.2691790040376851,3.375
2022-05-21 08:00:00,8,24,1,6,17,0,0,12,13,1,14,1,35.5,694.5,3.0,6.91,60.0,1.0256410256410255,420.1683068017366,7.788712011577425,0.6,1.7366136034732271,3.333333333333333
2022-05-21 09:00:00,9,28,1,6,17,0,4,11,13,1,14,1,36.5,467.0,3.0,6.91,70.0,1.0769230769230769,434.3883068017366,6.875687409551375,0.7,1.5918958031837915,3.0
2022-05-21 10:00:00,10,28,1,9,16,1,1,18,14,2,16,2,37.5,161.0,4.0,10.16,70.0,0.9583333333333334,467.6966136034732,8.121147356580426,0.7,1.7716535433070866,3.2857142857142856
2022-05-21 11:00:00,11,26,0,7,12,2,5,16,12,1,13,1,38.5,140.0,4.0,10.16,65.0,0.6759259259259259,427.9783068017366,6.246562689279224,0.65,1.574803149606299,2.8076923076923075
2022-05-21 12:00:00,12,22,0,8,10,3,1,18,12,1,13,1,17.1,152.0,4.0,10.16,55.00000000000001,0.6388888888888888,298.70230680173665,7.281549749463136,0.55,1.7716535433070866,3.136363636363636
2022-05-21 13:00:00,13,23,0,6,10,1,6,17,12,0,12,0,18.1,105.0,4.0,10.16,57.49999999999999,0.5535714285714286,292.219,6.060441629578911,0.575,1.6732283464566928,2.6956521739130435
2022-05-21 14:00:00,14,20,0,6,12,0,2,22,11,0,11,0,19.1,131.0,4.0,10.16,50.0,0.5344827586206896,278.024,8.26259842519685,0.5,2.1653543307086616,3.1
2022-05-21 15:00:00,15,23,0,6,12,1,4,17,12,0,12,0,20.1,135.5,4.0,10.16,57.49999999999999,0.5892857142857143,303.499,6.451437863745292,0.575,1.6732283464566928,2.869565217391304
2022-05-21 16:00:00,16,18,0,6,9,0,3,13,10,0,10,0,6.883333333333334,170.5,4.0,10.16,45.0,0.45,191.432,5.188582677165354,0.45,1.279527559055118,3.0
2022-05-21 17:00:00,17,20,0,7,10,1,2,8,10,1,11,1,7.616666666666666,154.0,4.0,10.16,50.0,0.5344827586206896,214.1263068017366,3.990944881889764,0.5,0.7874015748031495,3.1
2022-05-21 18:00:00,18,19,0,6,12,0,1,14,11,1,12,1,8.616666666666667,206.5,4.0,10.16,47.5,0.5446428571428571,231.0213068017366,5.948953584749274,0.475,1.3779527559055118,3.210526315789474
2022-05-21 19:00:00,19,24,0,5,12,7,0,19,12,1,13,1,9.616666666666667,218.0,4.0,10.16,60.0,0.6481481481481481,260.7863068017366,7.204396325459317,0.6,1.8700787401574803,2.9166666666666665
2022-05-21 20:00:00,20,23,0,5,10,8,0,17,10,1,11,1,10.616666666666667,221.0,4.0,11.13,57.49999999999999,0.5689655172413793,237.4813068017366,6.032983710301184,0.575,1.5274034141958672,2.869565217391304
2022-05-21 21:00:00,21,25,0,5,16,3,1,14,10,1,11,1,11.616666666666667,281.0,4.0,11.13,62.5,0.646551724137931,247.4113068017366,5.648584905660378,0.625,1.257861635220126,3.0
2022-05-21 22:00:00,22,26,0,4,14,7,1,19,8,1,9,1,12.616666666666667,117.0,3.0,7.88,65.0,0.7849462365591398,228.3963068017366,8.594816477938304,0.65,2.411167512690356,2.8076923076923075
2022-05-21 23:00:00,23,17,0,3,8,5,1,8,4,0,4,0,13.616666666666667,256.0,3.0,7.88,42.5,0.4351851851851852,146.863,3.9818080023887727,0.425,1.015228426395939,2.764705882352941
2022-05-22 00:00:00,0,19,0,3,10,4,2,17,5,0,5,0,14.616666666666667,201.0,3.0,7.88,47.5,0.4952380952380952,170.19299999999998,7.204354795618488,0.475,2.1573604060913705,2.736842105263158
2022-05-22 01:00:00,1,20,0,4,8,6,2,11,6,0,6,0,15.616666666666667,249.0,3.0,7.88,50.0,0.5294117647058824,191.378,5.119035532994924,0.5,1.3959390862944163,2.7
2022-05-22 02:00:00,2,16,0,5,8,2,1,8,7,0,7,0,16.616666666666667,297.0,3.0,7.88,40.0,0.494949494949495,201.838,4.334137055837563,0.4,1.015228426395939,3.0625
2022-05-22 03:00:00,3,16,0,5,6,3,2,3,6,0,6,0,17.616666666666667,369.0,3.0,7.88,40.0,0.4509803921568627,194.078,2.244543147208122,0.4,0.3807106598984772,2.875
2022-05-22 04:00:00,4,14,0,6,5,2,1,2,7,0,7,0,18.616666666666667,417.0,3.0,7.88,35.0,0.4444444444444444,208.828,1.8976794778825237,0.35,0.2538071065989847,3.142857142857143
2022-05-22 05:00:00,5,18,1,7,6,3,1,7,9,0,9,0,19.616666666666667,281.0,3.0,7.88,45.0,0.6236559139784946,249.848,4.312380146644107,0.45,0.8883248730964467,3.2222222222222223
2022-05-22 06:00:00,6,15,1,7,5,1,1,4,9,0,9,0,20.616666666666667,341.0,3.0,7.88,37.5,0.5483870967741935,249.053,3.000888324873096,0.375,0.5076142131979695,3.4
2022-05-22 07:00:00,7,18,1,7,8,1,1,4,10,1,11,1,21.616666666666667,331.0,3.0,7.88,45.0,0.6896551724137931,288.7963068017366,3.192047377326565,0.45,0.5076142131979695,3.333333333333333
2022-05-22 08:00:00,8,22,2,6,11,2,1,9,11,1,12,1,16.633333333333333,315.0,3.0,7.21,55.00000000000001,0.8571428571428571,282.6703068017366,5.885235153196319,0.55,1.2482662968099862,3.272727272727273
2022-05-22 09:00:00,9,23,2,4,15,2,0,12,8,1,9,1,17.533333333333335,170.0,3.0,7.21,57.49999999999999,0.8064516129032258,249.69130680173663,7.30224476873907,0.575,1.6643550624133148,3.260869565217391
2022-05-22 10:00:00,10,20,1,4,13,2,0,14,5,1,6,1,18.53333333333333,208.5,4.0,10.91,50.0,0.4705882352941176,208.69630680173665,5.706324472960587,0.5,1.2832263978001832,3.2
2022-05-22 11:00:00,11,25,1,4,17,3,0,21,6,0,6,0,19.53333333333333,223.0,4.0,10.91,62.5,0.5735294117647058,224.193,7.955499541704858,0.625,1.924839596700275,3.12
2022-05-22 12:00:00,12,19,1,3,8,6,1,14,7,0,7,0,19.183333333333334,259.0,4.0,10.91,47.5,0.4090909090909091,222.749,4.997064499011047,0.475,1.2832263978001832,2.8421052631578947
2022-05-22 13:00:00,13,18,1,6,10,1,0,19,10,0,10,0,20.183333333333334,241.5,4.0,10.91,45.0,0.5083333333333333,266.444,7.426822996231795,0.45,1.7415215398716772,3.388888888888889
2022-05-22 14:00:00,14,21,1,6,13,1,0,14,9,0,9,0,21.183333333333334,230.0,4.0,10.91,52.5,0.5645161290322581,265.119,6.027421326000612,0.525,1.2832263978001832,3.333333333333333
2022-05-22 15:00:00,15,29,1,5,17,5,1,22,9,1,10,1,14.683333333333334,165.0,4.0,10.91,72.5,0.725,259.8873068017366,8.224495875343722,0.725,2.016498625114574,3.0
2022-05-22 16:00:00,16,27,1,5,15,4,2,21,9,1,10,1,9.116666666666667,218.0,4.0,10.91,67.5,0.6666666666666666,224.20130680173665,7.703228434667482,0.675,1.924839596700275,2.962962962962963
2022-05-22 17:00:00,17,22,1,3,16,1,1,26,9,0,9,0,10.116666666666667,272.0,4.0,10.91,55.00000000000001,0.5483870967741935,204.848,9.066052828930925,0.55,2.383134738771769,3.090909090909091
2022-05-22 18:00:00,18,21,1,7,13,0,0,20,11,1,12,1,11.116666666666667,99.0,4.0,10.91,52.5,0.6428571428571429,249.4113068017366,8.085190519837631,0.525,1.833180568285976,3.4285714285714284
2022-05-22 19:00:00,19,19,0,6,13,0,0,13,9,1,10,1,12.116666666666667,80.5,4.0,10.91,47.5,0.525,223.9613068017366,5.525986540595302,0.475,1.1915673693858846,3.3157894736842106
2022-05-22 20:00:00,20,24,0,8,14,1,1,24,11,2,13,2,13.116666666666667,132.0,4.0,10.28,60.0,0.7129629629629629,281.39461360347326,9.415272373540857,0.6,2.334630350194552,3.208333333333333
2022-05-22 21:00:00,21,32,1,8,19,0,4,19,14,2,16,2,14.116666666666667,131.5,4.0,10.28,80.0,1.0208333333333333,344.39461360347326,8.110262645914396,0.8,1.848249027237354,3.0625
2022-05-22 22:00:00,22,29,1,5,22,0,1,14,10,1,11,1,5.233333333333333,140.0,3.0,6.58,72.5,1.057471264367816,219.9893068017366,9.049816581071168,0.725,2.127659574468085,3.1724137931034484
2022-05-22 23:00:00,23,19,0,3,15,0,1,13,8,1,9,1,6.233333333333333,178.0,3.0,6.58,47.5,0.6236559139784946,177.37930680173662,7.481035034394496,0.475,1.975683890577508,3.0526315789473686
2022-05-23 00:00:00,0,18,2,5,10,0,1,17,6,1,7,1,7.233333333333333,238.0,3.0,6.58,45.0,0.6161616161616161,154.0743068017366,10.28048801080716,0.45,2.5835866261398177,3.388888888888889
2022-05-23 01:00:00,1,16,2,4,9,0,1,5,6,1,7,1,8.233333333333333,298.0,3.0,6.58,40.0,0.5454545454545454,155.42430680173658,3.9145896656534953,0.4,0.7598784194528875,3.375
2022-05-23 02:00:00,2,19,2,3,12,1,1,12,5,1,6,1,9.233333333333333,256.5,3.0,6.58,47.5,0.5980392156862745,154.09930680173662,7.380063189889618,0.475,1.82370820668693,3.210526315789474
2022-05-23 03:00:00,3,18,2,3,11,1,1,5,5,1,6,1,10.233333333333333,316.5,3.0,6.58,45.0,0.5686274509803921,157.5943068017366,3.898497129348194,0.45,0.7598784194528875,3.2222222222222223
2022-05-23 04:00:00,4,16,2,4,10,0,0,7,7,1,8,1,11.233333333333333,219.0,3.0,6.58,40.0,0.5833333333333334,185.74430680173663,5.123404255319149,0.4,1.0638297872340423,3.5
2022-05-23 05:00:00,5,17,0,4,12,1,0,5,7,0,7,0,12.233333333333333,335.0,3.0,6.58,42.5,0.5454545454545454,179.26099999999997,3.7637314500268175,0.425,0.7598784194528875,3.176470588235294
2022-05-23 06:00:00,6,16,0,4,12,0,0,5,8,0,8,0,13.233333333333333,339.0,3.0,6.58,40.0,0.5416666666666666,196.156,3.769604863221885,0.4,0.7598784194528875,3.25
2022-05-23 07:00:00,7,17,0,5,12,0,0,5,8,1,9,1,13.283333333333331,343.0,3.0,6.58,42.5,0.6021505376344086,212.8513068017366,3.903128911138923,0.425,0.7598784194528875,3.294117647058824
2022-05-23 08:00:00,8,19,1,4,14,0,0,6,9,1,10,1,14.283333333333331,348.5,3.0,7.220000000000001,47.5,0.7,236.18130680173655,4.330503717743111,0.475,0.8310249307479224,3.3157894736842106
2022-05-23 09:00:00,9,17,2,4,11,0,0,10,9,1,10,1,15.283333333333331,283.5,3.0,7.220000000000001,42.5,0.6555555555555556,237.5313068017366,6.281908913149747,0.425,1.3850415512465373,3.4705882352941178
2022-05-23 10:00:00,10,21,2,4,14,1,0,12,9,1,10,1,16.283333333333335,173.5,4.0,10.920000000000002,52.5,0.5833333333333334,251.75130680173663,5.413003663003663,0.525,1.0989010989010988,3.333333333333333
2022-05-23 11:00:00,11,17,2,4,9,2,0,8,9,0,9,0,17.283333333333335,137.0,4.0,10.920000000000002,42.5,0.4596774193548387,234.543,3.8813671622495143,0.425,0.7326007326007324,3.3529411764705883
2022-05-23 12:00:00,12,19,3,5,9,2,0,17,11,0,11,0,18.28333333333333,150.0,4.0,10.920000000000002,47.5,0.5689655172413793,271.273,7.05775014459225,0.475,1.5567765567765566,3.473684210526316
2022-05-23 13:00:00,13,21,3,4,13,1,0,8,13,0,13,0,11.716666666666669,174.0,4.0,10.920000000000002,52.5,0.6666666666666666,265.327,4.311773940345368,0.525,0.7326007326007324,3.4285714285714284
2022-05-23 14:00:00,14,30,3,5,16,6,0,20,12,0,12,0,12.716666666666669,198.0,4.0,10.920000000000002,75.0,0.8482142857142857,276.872,8.174755799755799,0.75,1.8315018315018312,3.1666666666666665
2022-05-23 15:00:00,15,26,3,5,15,3,0,9,10,0,10,0,7.233333333333333,176.5,4.0,10.920000000000002,65.0,0.7166666666666667,210.566,4.876120033812341,0.65,0.824175824175824,3.3076923076923075
2022-05-23 16:00:00,16,27,3,5,14,5,0,13,10,0,10,0,8.233333333333333,236.5,4.0,10.920000000000002,67.5,0.725,218.351,6.010978835978835,0.675,1.1904761904761902,3.2222222222222223
2022-05-23 17:00:00,17,30,3,5,17,5,0,15,13,0,13,0,9.233333333333333,66.0,4.0,10.920000000000002,75.0,0.8888888888888888,270.626,6.7956043956043946,0.75,1.3736263736263734,3.2
2022-05-23 18:00:00,18,19,1,2,13,2,1,9,12,0,12,0,6.216666666666667,101.0,4.0,10.920000000000002,47.5,0.5089285714285714,216.617,3.897527472527472,0.475,0.824175824175824,3.0
2022-05-23 19:00:00,19,18,1,2,10,3,2,6,11,0,11,0,7.216666666666667,160.0,4.0,10.920000000000002,45.0,0.4396551724137931,206.712,2.831776556776557,0.45,0.5494505494505494,2.833333333333333
2022-05-23 20:00:00,20,17,1,2,9,3,2,12,8,0,8,0,8.216666666666667,198.5,4.0,10.2,42.5,0.375,170.007,4.521799307958478,0.425,1.1764705882352942,2.823529411764706
2022-05-23 21:00:00,21,20,2,2,12,4,0,19,11,0,11,0,9.216666666666669,240.0,4.0,10.2,50.0,0.5344827586206896,222.282,7.324509803921569,0.5,1.862745098039216,3.1
2022-05-23 22:00:00,22,18,1,1,16,0,0,13,8,0,8,0,9.516666666666667,285.5,3.0,6.5,45.0,0.59375,179.484,7.758333333333334,0.45,2.0,3.1666666666666665
2022-05-23 23:00:00,23,16,0,2,14,0,0,12,7,0,7,0,10.516666666666667,331.0,3.0,6.5,40.0,0.5050505050505051,167.434,7.019230769230769,0.4,1.8461538461538465,3.125
2022-05-24 00:00:00,0,10,0,0,10,0,0,7,8,0,8,0,11.516666666666667,389.0,3.0,6.5,25.0,0.3125,173.604,3.980769230769231,0.25,1.0769230769230769,3.0
2022-05-24 01:00:00,1,11,0,1,7,1,2,7,7,0,7,0,12.516666666666667,451.0,3.0,6.5,27.500000000000004,0.2929292929292929,167.98899999999998,3.5641608391608397,0.275,1.0769230769230769,2.636363636363636
2022-05-24 02:00:00,2,11,0,1,9,0,1,5,6,0,6,0,13.516666666666667,509.0,3.0,6.5,27.500000000000004,0.3137254901960784,160.22899999999998,3.037762237762238,0.275,0.7692307692307693,2.909090909090909
2022-05-24 03:00:00,3,11,0,1,7,3,0,6,6,0,6,0,14.516666666666667,569.0,3.0,6.5,27.500000000000004,0.3039215686274509,165.869,3.376398601398602,0.275,0.9230769230769232,2.8181818181818183
2022-05-24 04:00:00,4,12,0,1,8,3,0,3,6,0,6,0,15.516666666666667,629.0,3.0,6.5,30.0,0.3333333333333333,173.654,2.157692307692308,0.3,0.4615384615384615,2.833333333333333
2022-05-24 05:00:00,5,13,1,1,9,1,1,3,6,1,7,1,16.516666666666666,687.0,3.0,6.5,32.5,0.3939393939393939,195.7073068017366,2.3596153846153847,0.325,0.4615384615384615,3.0
2022-05-24 06:00:00,6,8,0,1,7,0,0,4,6,0,6,0,17.516666666666666,749.0,3.0,6.5,20.0,0.2450980392156862,176.35399999999998,2.548076923076923,0.2,0.6153846153846154,3.125
2022-05-24 07:00:00,7,14,0,2,11,0,1,7,9,1,10,1,18.516666666666666,417.0,3.0,6.5,35.0,0.4666666666666667,249.3323068017366,4.280769230769231,0.35,1.0769230769230769,3.0
2022-05-24 08:00:00,8,11,0,1,10,0,0,1,9,0,9,0,19.516666666666666,491.0,3.0,7.76,27.500000000000004,0.3655913978494624,234.269,1.2483130271790066,0.275,0.1288659793814433,3.090909090909091
2022-05-24 09:00:00,9,13,0,0,12,1,0,5,9,0,9,0,16.0,157.0,3.0,7.76,32.5,0.4086021505376344,218.725,2.8334258524980176,0.325,0.6443298969072165,2.923076923076923
2022-05-24 10:00:00,10,14,1,1,11,0,1,12,9,0,9,0,17.0,147.0,4.0,11.73,35.0,0.3467741935483871,226.51,4.217126415783705,0.35,1.0230179028132993,3.071428571428572
2022-05-24 11:00:00,11,18,1,2,13,1,1,8,9,0,9,0,18.0,140.0,4.0,11.73,45.0,0.4435483870967742,240.73,3.4589253575826464,0.45,0.6820119352088662,3.055555555555556
2022-05-24 12:00:00,12,22,1,2,17,0,2,10,11,1,12,1,19.0,168.0,4.0,11.73,55.00000000000001,0.5892857142857143,296.0183068017366,4.207544757033249,0.55,0.8525149190110827,3.0
2022-05-24 13:00:00,13,21,0,1,17,2,1,8,12,1,13,1,20.0,147.0,4.0,11.73,52.5,0.5555555555555556,312.9133068017366,3.448605529168189,0.525,0.6820119352088662,2.857142857142857
2022-05-24 14:00:00,14,20,1,3,15,0,1,10,10,1,11,1,20.45,158.0,4.0,11.73,50.0,0.5431034482758621,286.5063068017366,4.26042199488491,0.5,0.8525149190110827,3.15
2022-05-24 15:00:00,15,29,2,4,18,4,1,14,13,0,13,0,21.45,145.0,4.0,11.73,72.5,0.8240740740740741,337.38300000000004,5.887874445130376,0.725,1.1935208866155158,3.0689655172413794
2022-05-24 16:00:00,16,24,2,3,14,3,2,11,12,0,12,0,22.45,179.5,4.0,11.73,60.0,0.6428571428571429,318.898,4.613299232736573,0.6,0.9377664109121908,3.0
2022-05-24 17:00:00,17,18,2,4,10,1,1,13,11,1,12,1,6.45,141.0,4.0,11.73,45.0,0.5267857142857143,216.6563068017366,5.107660793786113,0.45,1.1082693947144076,3.2777777777777777
2022-05-24 18:00:00,18,21,2,4,10,3,2,9,11,1,12,1,7.45,174.5,4.0,11.73,52.5,0.5714285714285714,228.73130680173665,3.9383266350018262,0.525,0.7672634271099744,3.0476190476190474
2022-05-24 19:00:00,19,21,1,5,10,4,1,14,12,2,14,2,8.45,132.5,4.0,11.73,52.5,0.6153846153846154,262.03961360347324,5.23739698778062,0.525,1.1935208866155158,3.0476190476190474
2022-05-24 20:00:00,20,19,1,4,11,3,0,11,12,2,14,2,9.45,134.0,4.0,10.57,47.5,0.5769230769230769,263.3896136034732,4.786361599362644,0.475,1.0406811731315042,3.1578947368421053
2022-05-24 21:00:00,21,23,1,4,14,4,0,19,12,2,14,2,10.45,158.5,4.0,10.57,57.49999999999999,0.6826923076923077,277.60961360347324,7.323928468594462,0.575,1.7975402081362346,3.0869565217391304
2022-05-24 22:00:00,22,15,0,5,10,0,0,6,12,1,13,1,11.45,180.0,3.0,6.6,37.5,0.6172839506172839,251.82130680173665,4.280303030303031,0.375,0.9090909090909092,3.333333333333333
2022-05-24 23:00:00,23,17,0,3,12,2,0,13,10,0,10,0,6.25,220.0,3.0,6.6,42.5,0.5777777777777777,185.715,7.324955436720142,0.425,1.9696969696969695,3.0588235294117645
2022-05-25 00:00:00,0,16,0,3,13,0,0,5,10,0,10,0,7.25,280.0,3.0,6.6,40.0,0.5666666666666667,189.21,3.689772727272728,0.4,0.7575757575757576,3.1875
2022-05-25 01:00:00,1,18,0,3,13,2,0,5,10,0,10,0,8.25,340.0,3.0,6.6,45.0,0.6111111111111112,199.14,3.6898148148148144,0.45,0.7575757575757576,3.055555555555556
2022-05-25 02:00:00,2,19,0,4,15,0,0,5,11,0,11,0,9.25,365.0,3.0,6.6,47.5,0.7011494252873564,220.325,3.957216905901116,0.475,0.7575757575757576,3.210526315789474
2022-05-25 03:00:00,3,18,0,4,14,0,0,2,11,0,11,0,10.25,425.0,3.0,6.6,45.0,0.6666666666666666,223.82,2.4264309764309764,0.45,0.303030303030303,3.2222222222222223
2022-05-25 04:00:00,4,22,0,4,18,0,0,6,11,0,11,0,11.25,485.0,3.0,6.6,55.00000000000001,0.8045977011494253,238.04,4.642561983471075,0.55,0.9090909090909092,3.1818181818181817
2022-05-25 05:00:00,5,16,0,3,13,0,0,4,11,0,11,0,12.25,545.0,3.0,6.6,40.0,0.5862068965517241,230.81,3.206818181818182,0.4,0.6060606060606061,3.1875
2022-05-25 06:00:00,6,16,0,3,12,1,0,3,11,0,11,0,13.25,605.0,3.0,6.6,40.0,0.5747126436781609,236.45,2.670454545454546,0.4,0.4545454545454546,3.125
2022-05-25 07:00:00,7,16,0,3,13,0,0,3,11,0,11,0,14.25,665.0,3.0,6.6,40.0,0.5862068965517241,242.09,2.7238636363636366,0.4,0.4545454545454546,3.1875
2022-05-25 08:00:00,8,17,0,5,12,0,0,4,12,0,12,0,15.25,714.0,3.0,8.29,42.5,0.6666666666666666,263.275,2.9894415667352585,0.425,0.4825090470446321,3.294117647058824
2022-05-25 09:00:00,9,17,0,1,12,3,1,8,6,0,6,0,14.85,577.0,3.0,8.29,42.5,0.4607843137254901,180.619,3.842991201305613,0.425,0.9650180940892644,2.764705882352941
2022-05-25 10:00:00,10,18,1,2,13,2,0,10,11,2,13,2,12.85,30.0,4.0,11.54,45.0,0.5185185185185185,267.02061360347324,4.095936838051223,0.45,0.8665511265164645,3.111111111111111
2022-05-25 11:00:00,11,23,1,1,18,3,0,12,11,2,13,2,13.85,90.0,4.0,11.54,57.49999999999999,0.6388888888888888,283.38561360347325,4.844584055459272,0.575,1.0398613518197577,3.0
2022-05-25 12:00:00,12,24,2,1,17,4,0,11,11,2,13,2,14.85,144.0,4.0,11.54,60.0,0.6759259259259259,291.17061360347327,4.724335644136337,0.6,0.953206239168111,3.0416666666666665
2022-05-25 13:00:00,13,23,3,3,16,1,0,7,9,3,12,3,15.85,207.0,4.0,11.54,57.49999999999999,0.6875,282.13392040520984,3.955743726923367,0.575,0.6065857885615252,3.347826086956522
2022-05-25 14:00:00,14,23,4,5,12,2,0,6,7,3,10,3,16.85,210.0,4.0,11.54,57.49999999999999,0.6666666666666666,260.9739204052098,3.808454524903926,0.575,0.5199306759098787,3.4782608695652173
2022-05-25 15:00:00,15,22,4,4,12,1,1,10,8,2,10,2,17.85,194.5,4.0,11.54,55.00000000000001,0.625,263.6006136034732,4.829151567669766,0.55,0.8665511265164645,3.409090909090909
2022-05-25 16:00:00,16,20,4,5,9,1,1,11,5,2,7,2,6.5,230.0,4.0,11.54,50.0,0.5303030303030303,155.09661360347323,5.086221837088388,0.5,0.953206239168111,3.5
2022-05-25 17:00:00,17,26,4,4,10,3,5,14,7,2,9,2,7.5,285.0,4.0,11.54,65.0,0.6209677419354839,200.4066136034733,5.517854286095188,0.65,1.2131715771230505,2.9615384615384617
2022-05-25 18:00:00,18,23,1,3,11,4,4,8,9,1,10,1,8.5,245.5,4.0,11.54,57.49999999999999,0.5166666666666667,212.1433068017366,3.418736342400724,0.575,0.6932409012131716,2.6956521739130435
2022-05-25 19:00:00,19,22,1,4,7,3,7,12,7,1,8,1,9.4,138.0,4.0,11.54,55.00000000000001,0.4296875,188.27430680173663,3.9746533795493937,0.55,1.0398613518197577,2.5
2022-05-25 20:00:00,20,18,0,4,13,0,1,10,7,0,7,0,9.516666666666667,104.0,4.0,9.83,45.0,0.4242424242424242,166.084,4.564914660336838,0.45,1.017293997965412,3.111111111111111
2022-05-25 21:00:00,21,20,0,3,13,0,4,13,7,0,7,0,10.516666666666667,164.0,4.0,9.83,50.0,0.4166666666666667,176.01399999999998,5.011826042726348,0.5,1.3224821973550356,2.75
2022-05-25 22:00:00,22,24,0,3,17,1,3,11,10,0,10,0,5.716666666666667,131.5,3.0,6.58,60.0,0.7555555555555555,197.722,6.436575481256332,0.6,1.6717325227963526,2.833333333333333
2022-05-25 23:00:00,23,16,0,2,12,1,1,2,7,0,7,0,6.716666666666667,94.0,3.0,6.58,40.0,0.4747474747474747,146.002,2.067857142857143,0.4,0.303951367781155,2.9375
2022-05-26 00:00:00,0,16,0,1,13,1,1,9,2,0,2,0,7.516666666666667,140.5,3.0,6.58,40.0,0.4035087719298245,83.51400000000001,5.082370820668692,0.4,1.3677811550151977,2.875
2022-05-26 01:00:00,1,16,0,2,12,1,1,4,2,0,2,0,8.516666666666667,200.5,3.0,6.58,40.0,0.4122807017543859,89.154,2.960714285714286,0.4,0.60790273556231,2.9375
2022-05-26 02:00:00,2,13,0,3,9,0,1,3,2,0,2,0,9.516666666666667,260.5,3.0,6.58,32.5,0.3508771929824561,88.35900000000001,2.4028524666822544,0.325,0.4559270516717325,3.076923076923077
2022-05-26 03:00:00,3,12,0,3,8,0,1,2,2,0,2,0,10.516666666666667,320.5,3.0,6.58,30.0,0.3245614035087719,91.854,1.8621833839918944,0.3,0.303951367781155,3.083333333333333
2022-05-26 04:00:00,4,12,0,3,8,0,1,2,3,0,3,0,11.516666666666667,378.0,3.0,6.58,30.0,0.3333333333333333,110.894,1.8621833839918944,0.3,0.303951367781155,3.083333333333333
2022-05-26 05:00:00,5,13,0,4,8,0,1,3,4,1,5,1,12.516666666666667,103.0,3.0,6.58,32.5,0.3904761904761905,146.3473068017366,2.4629237783493103,0.325,0.4559270516717325,3.1538461538461537
2022-05-26 06:00:00,6,13,0,3,8,1,1,4,3,0,3,0,13.516666666666667,498.0,3.0,6.58,32.5,0.3513513513513513,124.31900000000002,2.79870820668693,0.325,0.60790273556231,3.0
2022-05-26 07:00:00,7,16,0,3,11,1,1,4,4,0,4,0,14.516666666666667,359.5,3.0,6.58,40.0,0.4444444444444444,149.79399999999998,3.02370820668693,0.4,0.60790273556231,3.0
2022-05-26 08:00:00,8,16,0,2,13,0,1,5,4,0,4,0,15.516666666666667,419.5,3.0,6.65,40.0,0.4444444444444444,155.434,3.455639097744361,0.4,0.7518796992481203,3.0
2022-05-26 09:00:00,9,22,3,1,14,1,3,9,5,0,5,0,16.516666666666666,131.0,3.0,6.65,55.00000000000001,0.6285714285714286,187.344,5.7101503759398495,0.55,1.3533834586466165,3.0
2022-05-26 10:00:00,10,23,2,0,10,3,8,16,5,0,5,0,17.516666666666666,73.0,4.0,10.62,57.49999999999999,0.3857142857142857,195.129,4.887214443625645,0.575,1.5065913370998116,2.347826086956522
2022-05-26 11:00:00,11,26,4,2,9,2,9,17,7,1,8,1,18.516666666666666,78.0,4.0,10.62,65.0,0.53125,248.2723068017366,5.886585542517746,0.65,1.6007532956685495,2.6153846153846154
2022-05-26 12:00:00,12,27,4,5,14,1,3,16,9,2,11,2,19.516666666666666,107.0,4.0,10.62,67.5,0.75,297.1256136034732,7.029572086210504,0.675,1.5065913370998116,3.2222222222222223
2022-05-26 13:00:00,13,27,4,4,15,2,2,3,9,1,10,1,20.516666666666666,170.5,4.0,10.62,67.5,0.725,288.4973068017366,3.0852322661644696,0.675,0.2824858757062146,3.2222222222222223
2022-05-26 14:00:00,14,25,4,4,13,2,2,9,9,2,11,2,21.516666666666666,167.0,4.0,10.62,62.5,0.6982758620689655,304.1156136034732,4.770762711864407,0.625,0.847457627118644,3.24
2022-05-26 15:00:00,15,28,4,3,16,4,1,13,8,1,9,1,22.516666666666666,199.0,4.0,10.62,70.0,0.717741935483871,288.5223068017366,6.115906645143933,0.7,1.2241054613935969,3.1785714285714284
2022-05-26 16:00:00,16,17,2,2,13,0,0,11,7,1,8,1,23.516666666666666,125.0,4.0,10.62,42.5,0.4453125,257.1673068017366,4.89791458956464,0.425,1.0357815442561205,3.3529411764705883
2022-05-26 17:00:00,17,16,1,1,10,3,1,11,8,0,8,0,6.783333333333333,157.5,4.0,10.62,40.0,0.359375,159.77800000000002,4.127871939736346,0.4,1.0357815442561205,2.875
2022-05-26 18:00:00,18,17,1,2,11,3,0,11,8,1,9,1,7.783333333333333,131.0,4.0,10.62,42.5,0.4193548387096774,181.83130680173664,4.468272958901074,0.425,1.0357815442561205,3.0588235294117645
2022-05-26 19:00:00,19,8,0,2,6,0,0,3,3,1,4,1,4.55,177.5,4.0,10.62,20.0,0.1805555555555555,77.29030680173662,1.5680790960451976,0.2,0.2824858757062146,3.25
2022-05-26 20:00:00,20,20,0,3,12,2,3,19,2,0,2,0,5.55,281.0,4.0,10.47,50.0,0.3618421052631579,81.002,6.365448901623686,0.5,1.8147086914995223,2.75
2022-05-26 21:00:00,21,15,0,4,9,2,0,7,2,0,2,0,6.55,174.0,4.0,10.47,37.5,0.3092105263157895,75.917,3.2698742438713784,0.375,0.6685768863419292,3.1333333333333333
2022-05-26 22:00:00,22,17,1,5,10,1,0,8,2,0,2,0,7.55,203.0,3.0,6.5,42.5,0.5,85.847,5.551696832579186,0.425,1.2307692307692308,3.3529411764705883
2022-05-26 23:00:00,23,18,1,6,10,1,0,10,3,2,5,2,8.55,57.0,3.0,6.5,45.0,0.580952380952381,135.56861360347324,6.738675213675214,0.45,1.5384615384615383,3.388888888888889
2022-05-27 00:00:00,0,18,1,6,8,3,0,8,4,2,6,2,9.55,106.0,3.0,6.5,45.0,0.5784313725490197,154.60861360347323,5.509188034188034,0.45,1.2307692307692308,3.2777777777777777
2022-05-27 01:00:00,1,18,1,5,9,2,1,7,4,1,5,1,9.083333333333334,177.0,3.0,6.5,45.0,0.5428571428571428,137.70830680173663,4.8352564102564095,0.45,1.0769230769230769,3.1666666666666665
2022-05-27 02:00:00,2,15,1,4,8,2,0,2,4,1,5,1,10.083333333333334,237.0,3.0,6.5,37.5,0.4666666666666667,136.9133068017366,2.230128205128205,0.375,0.3076923076923077,3.2666666666666666
2022-05-27 03:00:00,3,13,0,4,9,0,0,2,4,0,4,0,11.083333333333334,319.0,3.0,6.5,32.5,0.3981481481481481,123.995,2.0927514792899404,0.325,0.3076923076923077,3.3076923076923075
2022-05-27 04:00:00,4,12,0,4,8,0,0,0,4,0,4,0,12.083333333333334,379.0,3.0,6.5,30.0,0.3703703703703703,127.49,1.0,0.3,0.0,3.333333333333333
2022-05-27 05:00:00,5,12,0,3,9,0,0,2,4,1,5,1,13.083333333333334,417.0,3.0,6.5,30.0,0.3714285714285714,147.39830680173662,1.975,0.3,0.3076923076923077,3.25
2022-05-27 06:00:00,6,15,0,4,11,0,0,3,4,1,5,1,14.083333333333334,477.0,3.0,6.5,37.5,0.4666666666666667,159.4733068017366,2.732692307692308,0.375,0.4615384615384615,3.2666666666666666
2022-05-27 07:00:00,7,15,0,5,10,0,0,2,4,1,5,1,15.083333333333334,537.0,3.0,6.5,37.5,0.4761904761904761,165.1133068017366,2.275641025641026,0.375,0.3076923076923077,3.333333333333333
2022-05-27 08:00:00,8,16,0,5,11,0,0,3,5,1,6,1,16.083333333333332,567.0,3.0,8.03,40.0,0.5196078431372549,186.2983068017366,2.562546699875467,0.4,0.3735990037359901,3.3125
2022-05-27 09:00:00,9,22,0,5,13,2,2,13,6,1,7,1,17.083333333333332,241.0,3.0,8.03,55.00000000000001,0.6565656565656566,218.2083068017366,6.408199366013812,0.55,1.6189290161892902,2.9545454545454546
2022-05-27 10:00:00,10,23,0,3,17,2,1,9,8,1,9,1,18.08333333333333,139.0,4.0,11.73,57.49999999999999,0.5483870967741935,252.7933068017366,3.9684310018903592,0.575,0.7672634271099744,2.9565217391304346
2022-05-27 11:00:00,11,24,0,4,15,2,3,9,9,1,10,1,19.08333333333333,181.0,4.0,11.73,60.0,0.5666666666666667,273.9783068017366,3.873913043478261,0.6,0.7672634271099744,2.833333333333333
2022-05-27 12:00:00,12,26,2,5,13,2,4,7,10,1,11,1,20.08333333333333,223.0,4.0,11.73,65.0,0.6637931034482759,297.3083068017366,3.692329005180668,0.65,0.5967604433077579,2.9615384615384617
2022-05-27 13:00:00,13,32,4,3,18,2,5,13,13,1,14,1,16.2,138.0,4.0,11.73,80.0,0.9134615384615384,328.4763068017366,5.6651747655583975,0.8,1.1082693947144076,2.96875
2022-05-27 14:00:00,14,34,4,4,20,2,4,9,13,2,15,2,17.2,97.0,4.0,11.73,85.0,1.04,352.67461360347323,4.946923424101098,0.85,0.7672634271099744,3.0588235294117645
2022-05-27 15:00:00,15,32,4,8,16,1,3,9,13,2,15,2,18.2,135.0,4.0,11.73,80.0,1.05,354.0246136034732,5.142583120204604,0.8,0.7672634271099744,3.28125
2022-05-27 16:00:00,16,30,5,8,14,1,2,7,15,2,17,2,17.95,139.0,4.0,11.73,75.0,1.1195652173913044,375.1246136034732,4.623877522023301,0.75,0.5967604433077579,3.433333333333333
2022-05-27 17:00:00,17,30,3,9,15,3,0,11,13,2,15,2,18.95,97.0,4.0,11.73,75.0,1.02,353.9646136034732,5.738405797101449,0.75,0.9377664109121908,3.4
2022-05-27 18:00:00,18,31,3,7,19,2,0,16,15,1,16,1,19.95,140.5,4.0,11.73,77.5,1.0833333333333333,374.2813068017366,7.176080081401425,0.775,1.3640238704177323,3.3548387096774195
2022-05-27 19:00:00,19,31,3,7,20,1,0,6,18,1,19,1,20.95,188.0,4.0,11.73,77.5,1.25,420.12130680173664,4.357530319280587,0.775,0.5115089514066496,3.3870967741935485
2022-05-27 20:00:00,20,30,2,5,22,1,0,14,16,0,16,0,21.95,223.0,4.0,10.61,75.0,1.0208333333333333,382.548,6.760398994659126,0.75,1.3195098963242224,3.2666666666666666
2022-05-27 21:00:00,21,33,1,4,26,2,0,10,18,0,18,0,22.95,245.0,4.0,10.61,82.5,1.1704545454545454,421.423,5.516764487476079,0.825,0.942507068803016,3.121212121212121
2022-05-27 22:00:00,22,25,2,3,18,2,0,4,15,0,15,0,23.95,240.0,3.0,6.91,62.5,1.0666666666666669,369.703,3.852387843704776,0.625,0.5788712011577424,3.2
2022-05-27 23:00:00,23,24,0,2,20,2,0,11,12,0,12,0,24.95,234.5,3.0,6.91,60.0,0.8571428571428571,332.998,6.575687409551374,0.6,1.5918958031837915,3.0
2022-05-28 00:00:00,0,15,0,2,12,1,0,6,10,0,10,0,25.95,273.0,3.0,6.91,37.5,0.5111111111111111,292.533,3.8128075253256153,0.375,0.8683068017366136,3.066666666666667
2022-05-28 01:00:00,1,18,0,2,12,2,2,8,10,0,10,0,26.95,333.0,3.0,6.91,45.0,0.5555555555555556,304.608,4.465951117543013,0.45,1.1577424023154848,2.7777777777777777
2022-05-28 02:00:00,2,16,0,1,13,1,1,7,9,0,9,0,27.95,450.0,3.0,6.91,40.0,0.4946236559139785,292.558,4.062445730824891,0.4,1.0130246020260492,2.875
2022-05-28 03:00:00,3,14,0,2,11,1,0,4,9,0,9,0,28.95,510.0,3.0,6.91,35.0,0.4623655913978494,293.908,2.852961546413066,0.35,0.5788712011577424,3.071428571428572
2022-05-28 04:00:00,4,17,1,3,12,1,0,5,10,2,12,2,29.95,431.5,3.0,6.91,42.5,0.6547619047619048,347.9196136034732,3.716023239976164,0.425,0.723589001447178,3.235294117647059
2022-05-28 05:00:00,5,15,1,3,10,1,0,2,10,2,12,2,30.95,491.5,3.0,6.91,37.5,0.5833333333333334,349.2696136034732,2.170489628557646,0.375,0.2894356005788712,3.2666666666666666
2022-05-28 06:00:00,6,20,1,3,14,1,1,7,10,2,12,2,31.95,551.5,3.0,6.91,50.0,0.7380952380952381,365.6346136034732,4.690376266280753,0.5,1.0130246020260492,3.1
2022-05-28 07:00:00,7,17,1,2,13,1,0,4,9,1,10,1,32.95,693.0,3.0,6.91,42.5,0.6,337.1713068017366,3.1887673448540053,0.425,0.5788712011577424,3.176470588235294
2022-05-28 08:00:00,8,18,1,2,14,1,0,4,10,1,11,1,33.95,696.0,3.0,7.29,45.0,0.6551724137931034,358.35630680173665,3.162540009144948,0.45,0.5486968449931413,3.1666666666666665
2022-05-28 09:00:00,9,16,1,1,12,1,1,7,8,1,9,1,18.48333333333333,707.0,3.0,7.29,40.0,0.5161290322580645,240.0343068017366,4.080658436213992,0.4,0.9602194787379972,3.0
2022-05-28 10:00:00,10,13,1,1,9,1,1,10,6,1,7,1,13.6,371.0,4.0,10.99,32.5,0.2954545454545454,179.2573068017366,3.7047543221110097,0.325,0.9099181073703366,3.0
2022-05-28 11:00:00,11,24,2,2,15,1,4,22,9,2,11,2,14.6,46.0,4.0,10.99,60.0,0.5948275862068966,262.96061360347323,7.48023202911738,0.6,2.001819836214741,2.875
2022-05-28 12:00:00,12,30,2,3,19,2,4,17,13,2,15,2,15.6,81.0,4.0,10.99,75.0,0.87,335.0706136034732,6.66089626933576,0.75,1.5468607825295724,2.9
2022-05-28 13:00:00,13,39,2,8,24,2,3,15,17,2,19,2,16.6,130.0,4.0,10.99,97.5,1.4404761904761905,413.61561360347326,7.259618884300413,0.975,1.364877161055505,3.102564102564102
2022-05-28 14:00:00,14,30,1,6,19,2,2,15,13,2,15,2,17.6,179.0,4.0,10.99,75.0,0.92,346.3506136034732,6.485623293903549,0.75,1.364877161055505,3.066666666666667
2022-05-28 15:00:00,15,32,2,7,18,3,2,17,11,3,14,3,17.783333333333335,216.5,4.0,10.99,80.0,0.9615384615384616,339.14292040520985,7.3339399454049135,0.8,1.5468607825295724,3.125
2022-05-28 16:00:00,16,31,2,7,14,5,3,18,12,3,15,3,5.35,182.0,4.0,10.99,77.5,0.93,280.2739204052098,7.238557779799818,0.775,1.637852593266606,3.0
2022-05-28 17:00:00,17,34,2,6,21,4,1,14,14,3,17,3,6.35,125.0,4.0,10.99,85.0,1.1521739130434785,319.1489204052099,6.621524915698763,0.85,1.2738853503184713,3.117647058823529
2022-05-28 18:00:00,18,35,2,8,24,0,1,15,16,2,18,2,7.166666666666667,152.0,4.0,10.99,87.5,1.306818181818182,338.4316136034733,7.35959638632523,0.875,1.364877161055505,3.2857142857142856
2022-05-28 19:00:00,19,29,3,8,18,0,0,7,14,1,15,1,6.966666666666667,183.0,4.0,10.99,72.5,1.01,283.36530680173666,4.743317592795958,0.725,0.6369426751592356,3.4827586206896552
2022-05-28 20:00:00,20,32,4,9,19,0,0,15,15,2,17,2,7.966666666666667,180.0,4.0,10.91,80.0,1.2282608695652173,323.10861360347326,7.68006416131989,0.8,1.374885426214482,3.53125
2022-05-28 21:00:00,21,38,5,9,24,0,0,16,16,3,19,3,8.966666666666667,183.0,4.0,10.91,95.0,1.5833333333333333,369.2869204052098,8.457905591200733,0.95,1.466544454628781,3.5
2022-05-28 22:00:00,22,32,5,2,25,0,0,12,10,3,13,3,7.6,186.0,3.0,7.21,80.0,1.3333333333333333,268.30892040520985,8.317198335644937,0.8,1.6643550624133148,3.375
2022-05-28 23:00:00,23,32,5,2,25,0,0,12,11,3,14,3,8.6,214.5,3.0,7.21,80.0,1.3846153846153846,287.34892040520987,8.317198335644937,0.8,1.6643550624133148,3.375
2022-05-29 00:00:00,0,26,3,2,21,0,0,6,9,2,11,2,9.6,281.0,3.0,7.21,65.0,0.9885057471264368,239.0506136034732,4.902587218606636,0.65,0.8321775312066574,3.3076923076923075
2022-05-29 01:00:00,1,26,3,2,21,0,0,8,10,2,12,2,10.6,334.5,3.0,7.21,65.0,1.0238095238095235,258.09061360347323,5.820116291475514,0.65,1.1095700416088763,3.3076923076923075
2022-05-29 02:00:00,2,25,3,3,17,2,0,7,11,2,13,2,11.6,388.0,3.0,7.21,62.5,1.0123456790123455,274.9856136034732,5.234466019417475,0.625,0.970873786407767,3.28
2022-05-29 03:00:00,3,20,2,2,15,1,0,3,10,1,11,1,12.6,448.0,3.0,7.21,50.0,0.7471264367816092,242.23230680173663,2.9772884882108186,0.5,0.4160887656033287,3.25
2022-05-29 04:00:00,4,18,2,2,13,1,0,3,10,1,11,1,13.6,508.0,3.0,7.21,45.0,0.6781609195402298,243.5823068017366,2.838846509477577,0.45,0.4160887656033287,3.2777777777777777
2022-05-29 05:00:00,5,15,2,3,10,0,0,2,9,1,10,1,14.6,581.0,3.0,7.21,37.5,0.5777777777777777,229.3873068017366,2.26162736939436,0.375,0.2773925104022191,3.466666666666667
2022-05-29 06:00:00,6,15,2,3,10,0,0,2,9,1,10,1,15.6,641.0,3.0,7.21,37.5,0.5777777777777777,235.0273068017366,2.26162736939436,0.375,0.2773925104022191,3.466666666666667
2022-05-29 07:00:00,7,17,2,3,10,2,0,4,9,1,10,1,16.6,701.0,3.0,7.21,42.5,0.6222222222222222,244.95730680173665,3.2275271273557964,0.425,0.5547850208044383,3.294117647058824
2022-05-29 08:00:00,8,18,3,2,11,2,0,7,10,1,11,1,17.6,748.0,3.0,7.43,45.0,0.6896551724137931,266.1423068017366,4.640421713772993,0.45,0.9421265141318976,3.333333333333333
2022-05-29 09:00:00,9,19,3,2,13,1,0,10,7,1,8,1,18.6,790.0,3.0,7.43,47.5,0.6666666666666666,233.7273068017366,6.133541120634695,0.475,1.3458950201884254,3.3684210526315788
2022-05-29 10:00:00,10,22,3,5,13,1,0,19,8,1,9,1,19.6,794.0,4.0,10.68,55.00000000000001,0.6129032258064516,259.2023068017366,8.045726932243786,0.55,1.7790262172284643,3.4545454545454546
2022-05-29 11:00:00,11,23,3,8,11,1,0,13,9,1,10,1,20.6,43.0,4.0,10.68,57.49999999999999,0.6833333333333333,280.3873068017366,6.389684090539,0.575,1.2172284644194755,3.565217391304348
2022-05-29 12:00:00,12,29,4,9,15,1,0,13,11,1,12,1,21.08333333333333,94.0,4.0,10.68,72.5,0.9196428571428572,322.7833068017366,6.89825971845538,0.725,1.2172284644194755,3.5517241379310347
2022-05-29 13:00:00,13,25,2,7,16,0,0,14,10,0,10,0,21.166666666666668,133.5,4.0,10.68,62.5,0.7166666666666667,287.005,6.65936329588015,0.625,1.310861423220974,3.44
2022-05-29 14:00:00,14,25,3,9,13,0,0,15,12,0,12,0,19.1,143.0,4.0,10.68,62.5,0.8035714285714286,302.149,7.306179775280899,0.625,1.404494382022472,3.6
2022-05-29 15:00:00,15,28,2,12,14,0,0,13,13,0,13,0,6.866666666666666,118.0,4.0,10.68,70.0,0.925925925925926,252.988,6.847244515783842,0.7,1.2172284644194755,3.571428571428572
2022-05-29 16:00:00,16,29,1,12,15,1,0,15,13,0,13,0,7.866666666666666,112.0,4.0,10.68,72.5,0.925925925925926,260.773,7.343084075939559,0.725,1.404494382022472,3.4482758620689653
2022-05-29 17:00:00,17,29,1,12,13,3,0,17,14,0,14,0,8.866666666666667,159.5,4.0,10.68,72.5,0.9423076923076924,279.813,7.829052047010204,0.725,1.5917602996254685,3.3793103448275863
2022-05-29 18:00:00,18,31,1,13,13,4,0,18,14,0,14,0,9.866666666666667,181.0,4.0,10.68,77.5,1.0,289.743,8.254222544400145,0.775,1.6853932584269664,3.3548387096774195
2022-05-29 19:00:00,19,29,1,7,14,7,0,18,15,0,15,0,10.866666666666667,68.0,4.0,10.68,72.5,0.89,304.493,7.397413793103449,0.725,1.6853932584269664,3.0689655172413794
2022-05-29 20:00:00,20,29,0,6,17,6,0,16,14,0,14,0,11.866666666666667,108.0,4.0,9.63,72.5,0.8365384615384616,296.733,7.159423676012461,0.725,1.6614745586708206,3.0
2022-05-29 21:00:00,21,31,0,6,16,9,0,16,13,0,13,0,12.866666666666667,166.0,4.0,9.63,77.5,0.8333333333333334,293.26300000000003,7.073635815495932,0.775,1.6614745586708206,2.903225806451613
2022-05-29 22:00:00,22,22,0,7,9,6,0,12,13,0,13,0,12.233333333333333,221.0,3.0,6.38,55.00000000000001,0.8271604938271605,270.386,7.403127671701339,0.55,1.8808777429467085,3.0454545454545454
2022-05-29 23:00:00,23,22,0,4,10,7,1,12,11,0,11,0,6.233333333333333,116.0,3.0,6.38,55.00000000000001,0.7011494252873564,209.746,6.740161014534055,0.55,1.8808777429467085,2.772727272727273
2022-05-30 00:00:00,0,21,0,5,11,4,1,10,9,0,9,0,5.9,164.0,3.0,6.38,52.5,0.6666666666666666,178.92100000000002,6.177556351694284,0.525,1.567398119122257,2.952380952380953
2022-05-30 01:00:00,1,18,0,5,8,4,1,1,9,0,9,0,6.9,224.0,3.0,6.38,45.0,0.5698924731182796,178.126,1.7865116684082205,0.45,0.1567398119122257,2.9444444444444446
2022-05-30 02:00:00,2,20,0,6,10,3,1,4,11,0,11,0,7.9,274.0,3.0,6.38,50.0,0.7011494252873564,214.856,3.437225705329154,0.5,0.6269592476489029,3.05
2022-05-30 03:00:00,3,16,1,6,7,2,0,3,9,0,9,0,8.9,344.0,3.0,6.38,40.0,0.5806451612903226,185.116,2.9369905956112854,0.4,0.4702194357366771,3.375
2022-05-30 04:00:00,4,19,1,6,10,2,0,5,8,0,8,0,9.9,487.5,3.0,6.38,47.5,0.65625,183.791,4.173581092229005,0.475,0.7836990595611285,3.3157894736842106
2022-05-30 05:00:00,5,18,1,7,8,2,0,3,9,0,9,0,10.9,464.0,3.0,6.38,45.0,0.6559139784946236,200.686,3.118521421107628,0.45,0.4702194357366771,3.388888888888889
2022-05-30 06:00:00,6,20,1,5,10,4,0,6,11,0,11,0,11.9,472.0,3.0,6.38,50.0,0.7241379310344828,237.416,4.537382445141065,0.5,0.9404388714733544,3.15
2022-05-30 07:00:00,7,24,1,3,13,7,0,9,12,0,12,0,12.9,436.5,3.0,6.38,60.0,0.8333333333333334,265.036,5.864420062695925,0.6,1.4106583072100314,2.9166666666666665
2022-05-30 08:00:00,8,21,1,3,13,4,0,5,12,0,12,0,13.9,496.5,3.0,7.88,52.5,0.7619047619047619,264.24100000000004,3.533768431230361,0.525,0.6345177664974619,3.0476190476190474
2022-05-30 09:00:00,9,21,0,2,15,4,0,10,6,0,6,0,14.516666666666667,439.5,3.0,7.88,52.5,0.5980392156862745,187.319,5.211246072032874,0.525,1.269035532994924,2.9047619047619047
2022-05-30 10:00:00,10,22,0,1,18,3,0,12,6,0,6,0,12.733333333333333,166.0,4.0,11.2,55.00000000000001,0.4705882352941176,179.406,4.716883116883117,0.55,1.0714285714285714,2.909090909090909
2022-05-30 11:00:00,11,27,0,2,24,1,0,13,10,0,10,0,13.733333333333333,49.0,4.0,11.2,67.5,0.6833333333333333,249.371,5.575132275132276,0.675,1.1607142857142858,3.037037037037037
2022-05-30 12:00:00,12,30,1,3,25,1,0,11,9,1,10,1,14.733333333333333,107.0,4.0,11.2,75.0,0.7833333333333333,262.3143068017366,5.427380952380952,0.75,0.9821428571428572,3.1333333333333333
2022-05-30 13:00:00,13,23,1,4,17,1,0,8,9,1,10,1,15.733333333333333,167.0,4.0,11.2,57.49999999999999,0.6166666666666667,252.93930680173665,4.148136645962732,0.575,0.7142857142857143,3.217391304347826
2022-05-30 14:00:00,14,30,1,3,25,1,0,14,13,1,14,1,15.866666666666667,124.0,4.0,11.2,75.0,0.903846153846154,322.3063068017366,6.266666666666667,0.75,1.25,3.1333333333333333
2022-05-30 15:00:00,15,30,1,3,25,0,1,10,15,1,16,1,16.866666666666667,84.5,4.0,11.2,75.0,0.96875,354.7463068017366,5.092857142857143,0.75,0.8928571428571429,3.1
2022-05-30 16:00:00,16,28,1,3,23,0,1,8,12,2,14,2,9.65,106.0,4.0,11.2,70.0,0.8365384615384616,283.8226136034732,4.3943877551020405,0.7,0.7142857142857143,3.107142857142857
2022-05-30 17:00:00,17,31,1,4,23,3,0,17,12,2,14,2,10.65,147.5,4.0,11.2,77.5,0.9230769230769232,295.8976136034732,7.100460829493088,0.775,1.517857142857143,3.096774193548387
2022-05-30 18:00:00,18,34,0,8,25,1,0,12,18,3,21,3,11.65,122.0,4.0,11.2,85.0,1.4342105263157894,402.6409204052099,6.159873949579832,0.85,1.0714285714285714,3.2058823529411766
2022-05-30 19:00:00,19,33,0,7,21,5,0,10,17,3,20,3,12.65,138.0,4.0,11.2,82.5,1.2625,392.73592040520987,5.257683982683983,0.825,0.8928571428571429,3.060606060606061
2022-05-30 20:00:00,20,28,0,5,18,2,3,16,11,2,13,2,8.083333333333334,205.0,4.0,9.92,70.0,0.75,261.5866136034732,6.690898617511521,0.7,1.6129032258064515,2.892857142857143
2022-05-30 21:00:00,21,30,0,7,17,5,1,15,12,3,15,3,9.083333333333334,251.0,4.0,9.92,75.0,0.9,299.1849204052098,6.786290322580646,0.75,1.5120967741935485,3.0
2022-05-30 22:00:00,22,29,0,5,20,4,0,11,11,2,13,2,10.083333333333334,279.0,3.0,6.6,72.5,1.0864197530864197,275.0116136034732,7.257471264367815,0.725,1.6666666666666667,3.034482758620689
2022-05-30 23:00:00,23,20,0,4,15,1,0,9,8,1,9,1,11.083333333333334,144.0,3.0,6.6,50.0,0.6774193548387096,206.8783068017366,5.870454545454546,0.5,1.3636363636363638,3.15
2022-05-31 00:00:00,0,23,0,4,16,3,0,9,9,1,10,1,12.083333333333334,197.5,3.0,6.6,57.49999999999999,0.7777777777777778,232.3533068017366,5.900197628458499,0.575,1.3636363636363638,3.0434782608695654
2022-05-31 01:00:00,1,21,0,5,14,2,0,3,9,1,10,1,13.083333333333334,257.5,3.0,6.6,52.5,0.7333333333333333,233.70330680173663,3.0785714285714287,0.525,0.4545454545454546,3.142857142857143
2022-05-31 02:00:00,2,20,0,4,14,2,0,5,8,0,8,0,14.083333333333334,291.0,3.0,6.6,50.0,0.6458333333333334,209.53,3.898484848484848,0.5,0.7575757575757576,3.1
2022-05-31 03:00:00,3,22,0,5,14,2,1,4,8,0,8,0,15.083333333333334,351.0,3.0,6.6,55.00000000000001,0.6979166666666666,219.46,3.52073002754821,0.55,0.6060606060606061,3.0454545454545454
2022-05-31 04:00:00,4,20,0,6,13,1,0,4,9,0,9,0,16.083333333333332,391.0,3.0,6.6,50.0,0.6989247311827957,234.21,3.5946969696969693,0.5,0.6060606060606061,3.25
2022-05-31 05:00:00,5,22,1,7,13,1,0,4,9,1,10,1,17.083333333333332,429.5,3.0,6.6,55.00000000000001,0.8222222222222222,258.4083068017366,3.888567493112949,0.55,0.6060606060606061,3.363636363636364
2022-05-31 06:00:00,6,21,1,7,12,1,0,2,8,1,9,1,18.08333333333333,511.0,3.0,6.6,52.5,0.7634408602150538,248.50330680173656,2.7995310245310248,0.525,0.303030303030303,3.380952380952381
2022-05-31 07:00:00,7,24,0,8,16,0,0,8,8,1,9,1,19.08333333333333,528.0,3.0,6.6,60.0,0.8602150537634409,260.57830680173663,6.040404040404041,0.6,1.2121212121212122,3.333333333333333
2022-05-31 08:00:00,8,25,0,8,17,0,0,4,10,2,12,2,20.08333333333333,518.5,3.0,7.28,62.5,0.988095238095238,309.43161360347324,3.899175824175823,0.625,0.5494505494505494,3.32
2022-05-31 09:00:00,9,21,0,8,13,0,0,4,8,2,10,2,21.08333333333333,346.0,3.0,7.28,52.5,0.7888888888888889,279.69161360347323,3.632666143380429,0.525,0.5494505494505494,3.380952380952381
2022-05-31 10:00:00,10,24,0,7,15,1,1,10,9,2,11,2,22.08333333333333,197.0,4.0,10.53,60.0,0.6551724137931034,305.16661360347325,4.907280785058562,0.6,0.9496676163342828,3.1666666666666665
2022-05-31 11:00:00,11,27,0,8,15,2,2,14,10,1,11,1,23.08333333333333,191.0,4.0,10.53,67.5,0.7155172413793104,316.3733068017366,6.162088037705321,0.675,1.329534662867996,3.074074074074074
2022-05-31 12:00:00,12,35,0,10,17,8,0,18,14,1,15,1,24.08333333333333,172.0,4.0,10.53,87.5,1.07,392.7733068017366,7.900885225885226,0.875,1.709401709401709,3.057142857142857
2022-05-31 13:00:00,13,30,0,11,14,4,1,9,12,1,13,1,25.08333333333333,121.0,4.0,10.53,75.0,0.8796296296296297,360.8883068017366,5.081552706552706,0.75,0.8547008547008547,3.1666666666666665
2022-05-31 14:00:00,14,34,1,10,19,4,0,12,16,1,17,1,26.08333333333333,159.0,4.0,10.53,85.0,1.1956521739130437,428.7083068017366,6.436944863415452,0.85,1.1396011396011394,3.235294117647059
2022-05-31 15:00:00,15,31,2,7,18,2,2,11,14,1,15,1,16.733333333333334,131.0,4.0,10.53,77.5,0.98,342.7393068017366,5.752392549704377,0.775,1.0446343779677112,3.161290322580645
2022-05-31 16:00:00,16,30,2,4,21,2,1,9,15,0,15,0,17.733333333333334,128.0,4.0,10.53,75.0,0.94,345.36600000000004,5.028062678062678,0.75,0.8547008547008547,3.1333333333333333
2022-05-31 17:00:00,17,33,2,5,22,3,1,6,15,0,15,0,18.73333333333333,150.0,4.0,10.53,82.5,1.03,357.441,4.353468445135111,0.825,0.5698005698005697,3.121212121212121
2022-05-31 18:00:00,18,27,1,4,19,2,1,7,15,0,15,0,18.35,151.0,4.0,10.53,67.5,0.83,342.409,4.118544018852661,0.675,0.664767331433998,3.074074074074074
2022-05-31 19:00:00,19,21,1,3,16,0,1,6,12,0,12,0,19.35,126.0,4.0,10.53,52.5,0.5892857142857143,294.97900000000004,3.4408017908017903,0.525,0.5698005698005697,3.142857142857143
2022-05-31 20:00:00,20,22,1,4,12,4,1,10,14,1,15,1,20.35,122.0,4.0,10.46,55.00000000000001,0.66,343.83230680173665,4.518068833652007,0.55,0.9560229445506692,3.0
2022-05-31 21:00:00,21,26,1,2,19,3,1,8,14,0,14,0,21.35,173.5,4.0,10.46,65.0,0.7403846153846154,343.784,4.190038976320047,0.65,0.7648183556405354,2.9615384615384617
2022-05-31 22:00:00,22,25,1,3,18,2,1,11,11,1,12,1,22.35,158.5,3.0,7.21,62.5,0.9047619047619048,321.34730680173664,6.538002773925105,0.625,1.5256588072122053,3.04
2022-05-31 23:00:00,23,24,2,3,16,2,1,7,9,1,10,1,23.35,164.5,3.0,7.21,60.0,0.8333333333333334,298.0423068017366,4.908980582524272,0.6,0.970873786407767,3.125
